timeframe,source_seq,source_ts,direction,source_ohlc,proposed_zone_lo,proposed_zone_hi,overlapping_rb_id,overlapping_rb_zone_lo,overlapping_rb_zone_hi,reason
1,17,2026-07-12 18:17:00-04:00,bullish,"(29878.25, 29879.25, 29865.5, 29874.0)",29865.5,29874.0,RB2-000002,29862.25,29872.75,overlapping_active_same_direction_rb_tapped
1,18,2026-07-12 18:18:00-04:00,bullish,"(29875.0, 29878.25, 29862.5, 29868.0)",29862.5,29868.0,RB2-000002,29862.25,29872.75,overlapping_active_same_direction_rb_tapped
1,19,2026-07-12 18:19:00-04:00,bearish,"(29866.75, 29872.75, 29865.75, 29870.0)",29870.0,29872.75,RB2-000001,29872.75,29887.75,overlapping_active_same_direction_rb_tapped
1,21,2026-07-12 18:21:00-04:00,bearish,"(29887.0, 29889.75, 29882.5, 29884.25)",29887.0,29889.75,RB2-000001,29872.75,29887.75,overlapping_active_same_direction_rb_tapped
1,25,2026-07-12 18:25:00-04:00,bullish,"(29882.25, 29884.25, 29876.75, 29884.25)",29876.75,29882.25,RB2-000005,29875.0,29882.25,overlapping_active_same_direction_rb_tapped
1,27,2026-07-12 18:27:00-04:00,bearish,"(29884.75, 29886.5, 29881.0, 29881.0)",29884.75,29886.5,RB2-000006,29884.75,29890.5,overlapping_active_same_direction_rb_tapped
1,28,2026-07-12 18:28:00-04:00,bullish,"(29883.75, 29886.0, 29876.75, 29881.25)",29876.75,29881.25,RB2-000005,29875.0,29882.25,overlapping_active_same_direction_rb_tapped
1,30,2026-07-12 18:30:00-04:00,bearish,"(29887.25, 29900.0, 29887.25, 29897.5)",29897.5,29900.0,RB2-000003,29892.0,29897.5,overlapping_active_same_direction_rb_tapped
1,32,2026-07-12 18:32:00-04:00,bullish,"(29895.75, 29897.0, 29889.75, 29893.0)",29889.75,29893.0,RB2-000007,29893.0,29896.25,overlapping_active_same_direction_rb_tapped
1,35,2026-07-12 18:35:00-04:00,bearish,"(29890.25, 29898.75, 29889.25, 29894.5)",29894.5,29898.75,RB2-000008,29892.5,29895.75,overlapping_active_same_direction_rb_tapped
1,37,2026-07-12 18:37:00-04:00,bullish,"(29894.75, 29895.5, 29871.75, 29878.25)",29871.75,29878.25,RB2-000002,29862.25,29872.75,overlapping_active_same_direction_rb_tapped
1,40,2026-07-12 18:40:00-04:00,bullish,"(29891.75, 29893.5, 29875.0, 29883.0)",29875.0,29883.0,RB2-000012,29873.25,29883.25,overlapping_active_same_direction_rb_tapped
1,41,2026-07-12 18:41:00-04:00,bullish,"(29883.25, 29885.0, 29880.25, 29883.5)",29880.25,29883.25,RB2-000012,29873.25,29883.25,overlapping_active_same_direction_rb_tapped
1,44,2026-07-12 18:44:00-04:00,bearish,"(29889.0, 29900.0, 29888.75, 29893.5)",29893.5,29900.0,RB2-000010,29896.75,29904.25,overlapping_active_same_direction_rb_tapped
1,46,2026-07-12 18:46:00-04:00,bullish,"(29890.0, 29893.0, 29881.5, 29889.0)",29881.5,29889.0,RB2-000012,29873.25,29883.25,overlapping_active_same_direction_rb_tapped
1,47,2026-07-12 18:47:00-04:00,bearish,"(29888.0, 29896.75, 29888.0, 29890.25)",29890.25,29896.75,RB2-000010,29896.75,29904.25,overlapping_active_same_direction_rb_tapped
1,51,2026-07-12 18:51:00-04:00,bullish,"(29881.25, 29884.0, 29878.25, 29882.25)",29878.25,29881.25,RB2-000012,29873.25,29883.25,overlapping_active_same_direction_rb_tapped
1,54,2026-07-12 18:54:00-04:00,bearish,"(29888.5, 29892.75, 29887.0, 29888.5)",29888.5,29892.75,RB2-000017,29890.75,29892.5,overlapping_active_same_direction_rb_tapped
1,57,2026-07-12 18:57:00-04:00,bearish,"(29909.0, 29915.0, 29908.75, 29912.0)",29912.0,29915.0,RB2-000020,29911.0,29912.75,overlapping_active_same_direction_rb_tapped
1,59,2026-07-12 18:59:00-04:00,bearish,"(29913.25, 29914.25, 29909.5, 29910.25)",29913.25,29914.25,RB2-000021,29913.0,29914.75,overlapping_active_same_direction_rb_tapped
1,60,2026-07-12 19:00:00-04:00,bullish,"(29909.75, 29910.5, 29880.5, 29887.25)",29880.5,29887.25,RB2-000012,29873.25,29883.25,overlapping_active_same_direction_rb_tapped
1,63,2026-07-12 19:03:00-04:00,bearish,"(29898.0, 29901.75, 29893.5, 29893.5)",29898.0,29901.75,RB2-000022,29888.0,29898.75,overlapping_active_same_direction_rb_tapped
1,66,2026-07-12 19:06:00-04:00,bearish,"(29893.5, 29904.5, 29893.5, 29899.0)",29899.0,29904.5,RB2-000024,29896.0,29905.25,overlapping_active_same_direction_rb_tapped
1,67,2026-07-12 19:07:00-04:00,bullish,"(29898.75, 29898.75, 29890.0, 29896.0)",29890.0,29896.0,RB2-000023,29888.25,29894.25,overlapping_active_same_direction_rb_tapped
1,68,2026-07-12 19:08:00-04:00,bullish,"(29898.5, 29898.75, 29889.5, 29892.0)",29889.5,29892.0,RB2-000023,29888.25,29894.25,overlapping_active_same_direction_rb_tapped
1,71,2026-07-12 19:11:00-04:00,bearish,"(29894.0, 29896.5, 29892.0, 29892.0)",29894.0,29896.5,RB2-000024,29896.0,29905.25,overlapping_active_same_direction_rb_tapped
1,72,2026-07-12 19:12:00-04:00,bearish,"(29892.75, 29896.75, 29892.5, 29893.75)",29893.75,29896.75,RB2-000024,29896.0,29905.25,overlapping_active_same_direction_rb_tapped
1,73,2026-07-12 19:13:00-04:00,bearish,"(29893.75, 29897.5, 29893.75, 29896.5)",29896.5,29897.5,RB2-000024,29896.0,29905.25,overlapping_active_same_direction_rb_tapped
1,74,2026-07-12 19:14:00-04:00,bullish,"(29894.75, 29896.5, 29884.5, 29891.25)",29884.5,29891.25,RB2-000023,29888.25,29894.25,overlapping_active_same_direction_rb_tapped
1,77,2026-07-12 19:17:00-04:00,bearish,"(29886.0, 29894.25, 29884.75, 29889.5)",29889.5,29894.25,RB2-000026,29886.75,29891.5,overlapping_active_same_direction_rb_tapped
1,79,2026-07-12 19:19:00-04:00,bullish,"(29888.5, 29891.5, 29880.25, 29891.5)",29880.25,29888.5,RB2-000027,29885.5,29888.0,overlapping_active_same_direction_rb_tapped
1,84,2026-07-12 19:24:00-04:00,bullish,"(29882.0, 29882.0, 29880.25, 29881.5)",29880.25,29881.5,RB2-000028,29876.0,29884.75,overlapping_active_same_direction_rb_tapped
1,86,2026-07-12 19:26:00-04:00,bearish,"(29883.25, 29887.5, 29879.0, 29880.75)",29883.25,29887.5,RB2-000029,29885.25,29887.75,overlapping_active_same_direction_rb_tapped
1,88,2026-07-12 19:28:00-04:00,bullish,"(29882.5, 29890.5, 29880.0, 29889.25)",29880.0,29882.5,RB2-000028,29876.0,29884.75,overlapping_active_same_direction_rb_tapped
1,90,2026-07-12 19:30:00-04:00,bullish,"(29888.25, 29889.5, 29885.5, 29888.5)",29885.5,29888.25,RB2-000032,29886.5,29889.25,overlapping_active_same_direction_rb_tapped
1,91,2026-07-12 19:31:00-04:00,bullish,"(29890.0, 29891.5, 29884.0, 29886.5)",29884.0,29886.5,RB2-000028,29876.0,29884.75,overlapping_active_same_direction_rb_tapped
1,92,2026-07-12 19:32:00-04:00,bullish,"(29888.0, 29888.0, 29881.75, 29885.0)",29881.75,29885.0,RB2-000028,29876.0,29884.75,overlapping_active_same_direction_rb_tapped
1,93,2026-07-12 19:33:00-04:00,bullish,"(29884.25, 29884.25, 29880.75, 29882.75)",29880.75,29882.75,RB2-000028,29876.0,29884.75,overlapping_active_same_direction_rb_tapped
1,95,2026-07-12 19:35:00-04:00,bearish,"(29886.25, 29889.0, 29880.0, 29881.5)",29886.25,29889.0,RB2-000033,29886.0,29887.5,overlapping_active_same_direction_rb_tapped
1,96,2026-07-12 19:36:00-04:00,bullish,"(29882.0, 29883.25, 29875.5, 29882.0)",29875.5,29882.0,RB2-000028,29876.0,29884.75,overlapping_active_same_direction_rb_tapped
1,97,2026-07-12 19:37:00-04:00,bullish,"(29882.0, 29882.75, 29879.5, 29880.75)",29879.5,29880.75,RB2-000028,29876.0,29884.75,overlapping_active_same_direction_rb_tapped
1,98,2026-07-12 19:38:00-04:00,bullish,"(29883.5, 29884.0, 29877.75, 29882.25)",29877.75,29882.25,RB2-000028,29876.0,29884.75,overlapping_active_same_direction_rb_tapped
1,101,2026-07-12 19:41:00-04:00,bearish,"(29894.5, 29898.25, 29892.25, 29894.5)",29894.5,29898.25,RB2-000024,29896.0,29905.25,overlapping_active_same_direction_rb_tapped
1,102,2026-07-12 19:42:00-04:00,bearish,"(29894.0, 29898.0, 29894.0, 29895.25)",29895.25,29898.0,RB2-000024,29896.0,29905.25,overlapping_active_same_direction_rb_tapped
1,103,2026-07-12 19:43:00-04:00,bullish,"(29896.0, 29898.0, 29889.5, 29893.0)",29889.5,29893.0,RB2-000035,29889.5,29892.5,overlapping_active_same_direction_rb_tapped
1,105,2026-07-12 19:45:00-04:00,bullish,"(29889.25, 29890.75, 29874.0, 29880.0)",29874.0,29880.0,RB2-000028,29876.0,29884.75,overlapping_active_same_direction_rb_tapped
1,114,2026-07-12 19:54:00-04:00,bullish,"(29875.0, 29878.5, 29871.0, 29876.5)",29871.0,29875.0,RB2-000041,29872.0,29877.5,overlapping_active_same_direction_rb_tapped
1,115,2026-07-12 19:55:00-04:00,bullish,"(29876.5, 29877.0, 29865.75, 29875.0)",29865.75,29875.0,RB2-000041,29872.0,29877.5,overlapping_active_same_direction_rb_tapped
1,118,2026-07-12 19:58:00-04:00,bearish,"(29887.0, 29892.75, 29883.0, 29885.5)",29887.0,29892.75,RB2-000043,29888.25,29892.5,overlapping_active_same_direction_rb_tapped
1,120,2026-07-12 20:00:00-04:00,bearish,"(29892.0, 29902.0, 29871.5, 29877.75)",29892.0,29902.0,RB2-000024,29896.0,29905.25,overlapping_active_same_direction_rb_tapped
1,121,2026-07-12 20:01:00-04:00,bearish,"(29878.5, 29913.75, 29878.5, 29904.0)",29904.0,29913.75,RB2-000021,29913.0,29914.75,overlapping_active_same_direction_rb_tapped
1,125,2026-07-12 20:05:00-04:00,bearish,"(29967.0, 29977.75, 29957.25, 29965.5)",29967.0,29977.75,RB2-000046,29965.5,29986.25,overlapping_active_same_direction_rb_tapped
1,126,2026-07-12 20:06:00-04:00,bullish,"(29965.5, 29997.75, 29953.5, 29996.75)",29953.5,29965.5,RB2-000045,29942.25,29954.0,overlapping_active_same_direction_rb_tapped
1,129,2026-07-12 20:09:00-04:00,bearish,"(29985.0, 30002.0, 29984.0, 29995.5)",29995.5,30002.0,RB2-000047,29996.0,30007.75,overlapping_active_same_direction_rb_tapped
1,131,2026-07-12 20:11:00-04:00,bearish,"(30025.75, 30034.0, 30018.75, 30022.25)",30025.75,30034.0,RB2-000049,30024.0,30041.0,overlapping_active_same_direction_rb_tapped
1,132,2026-07-12 20:12:00-04:00,bearish,"(30022.0, 30030.25, 30015.0, 30016.25)",30022.0,30030.25,RB2-000049,30024.0,30041.0,overlapping_active_same_direction_rb_tapped
1,134,2026-07-12 20:14:00-04:00,bullish,"(30013.25, 30021.5, 30008.5, 30019.0)",30008.5,30013.25,RB2-000050,30003.5,30014.25,overlapping_active_same_direction_rb_tapped
1,135,2026-07-12 20:15:00-04:00,bearish,"(30018.0, 30032.25, 30001.0, 30010.5)",30018.0,30032.25,RB2-000049,30024.0,30041.0,overlapping_active_same_direction_rb_tapped
1,140,2026-07-12 20:20:00-04:00,bullish,"(29975.0, 29997.25, 29970.0, 29996.5)",29970.0,29975.0,RB2-000053,29958.0,29970.25,overlapping_active_same_direction_rb_tapped
1,142,2026-07-12 20:22:00-04:00,bullish,"(29991.25, 29995.0, 29980.75, 29992.75)",29980.75,29991.25,RB2-000054,29979.75,29991.25,overlapping_active_same_direction_rb_tapped
1,143,2026-07-12 20:23:00-04:00,bearish,"(29993.0, 30014.25, 29993.0, 30003.75)",30003.75,30014.25,RB2-000051,30010.75,30015.75,overlapping_active_same_direction_rb_tapped
1,144,2026-07-12 20:24:00-04:00,bullish,"(30004.0, 30006.0, 29984.0, 29994.75)",29984.0,29994.75,RB2-000054,29979.75,29991.25,overlapping_active_same_direction_rb_tapped
1,145,2026-07-12 20:25:00-04:00,bullish,"(29989.5, 30000.0, 29987.25, 29998.0)",29987.25,29989.5,RB2-000054,29979.75,29991.25,overlapping_active_same_direction_rb_tapped
1,147,2026-07-12 20:27:00-04:00,bullish,"(29997.5, 30000.75, 29983.5, 29987.0)",29983.5,29987.0,RB2-000054,29979.75,29991.25,overlapping_active_same_direction_rb_tapped
1,149,2026-07-12 20:29:00-04:00,bullish,"(29977.0, 29977.25, 29964.0, 29967.25)",29964.0,29967.25,RB2-000053,29958.0,29970.25,overlapping_active_same_direction_rb_tapped
1,151,2026-07-12 20:31:00-04:00,bullish,"(29960.75, 29960.75, 29937.25, 29943.75)",29937.25,29943.75,RB2-000045,29942.25,29954.0,overlapping_active_same_direction_rb_tapped
1,156,2026-07-12 20:36:00-04:00,bearish,"(29921.25, 29928.0, 29913.0, 29913.0)",29921.25,29928.0,RB2-000060,29920.0,29928.5,overlapping_active_same_direction_rb_tapped
1,158,2026-07-12 20:38:00-04:00,bullish,"(29902.75, 29904.5, 29890.0, 29898.75)",29890.0,29898.75,RB2-000061,29895.5,29901.25,overlapping_active_same_direction_rb_tapped
1,161,2026-07-12 20:41:00-04:00,bullish,"(29887.0, 29887.0, 29850.0, 29871.0)",29850.0,29871.0,RB2-000036,29845.0,29854.75,overlapping_active_same_direction_rb_tapped
1,163,2026-07-12 20:43:00-04:00,bearish,"(29880.75, 29891.0, 29871.0, 29876.75)",29880.75,29891.0,RB2-000064,29881.0,29885.75,overlapping_active_same_direction_rb_tapped
1,167,2026-07-12 20:47:00-04:00,bullish,"(29898.75, 29900.25, 29883.5, 29887.75)",29883.5,29887.75,RB2-000066,29878.0,29883.75,overlapping_active_same_direction_rb_tapped
1,170,2026-07-12 20:50:00-04:00,bullish,"(29862.25, 29866.75, 29848.0, 29865.25)",29848.0,29862.25,RB2-000036,29845.0,29854.75,overlapping_active_same_direction_rb_tapped
1,176,2026-07-12 20:56:00-04:00,bullish,"(29843.0, 29845.5, 29827.0, 29831.75)",29827.0,29831.75,RB2-000070,29821.5,29830.0,overlapping_active_same_direction_rb_tapped
1,177,2026-07-12 20:57:00-04:00,bullish,"(29833.0, 29835.5, 29822.25, 29829.0)",29822.25,29829.0,RB2-000070,29821.5,29830.0,overlapping_active_same_direction_rb_tapped
1,179,2026-07-12 20:59:00-04:00,bullish,"(29830.75, 29839.75, 29821.0, 29832.5)",29821.0,29830.75,RB2-000070,29821.5,29830.0,overlapping_active_same_direction_rb_tapped
1,180,2026-07-12 21:00:00-04:00,bullish,"(29836.75, 29838.0, 29809.5, 29818.75)",29809.5,29818.75,RB2-000069,29807.5,29813.0,overlapping_active_same_direction_rb_tapped
1,181,2026-07-12 21:01:00-04:00,bearish,"(29820.25, 29839.0, 29819.0, 29825.0)",29825.0,29839.0,RB2-000071,29834.25,29845.0,overlapping_active_same_direction_rb_tapped
1,183,2026-07-12 21:03:00-04:00,bearish,"(29844.0, 29851.25, 29840.0, 29841.0)",29844.0,29851.25,RB2-000071,29834.25,29845.0,overlapping_active_same_direction_rb_tapped
1,184,2026-07-12 21:04:00-04:00,bullish,"(29840.0, 29840.0, 29808.0, 29818.5)",29808.0,29818.5,RB2-000069,29807.5,29813.0,overlapping_active_same_direction_rb_tapped
1,185,2026-07-12 21:05:00-04:00,bullish,"(29819.75, 29825.5, 29805.5, 29820.0)",29805.5,29819.75,RB2-000069,29807.5,29813.0,overlapping_active_same_direction_rb_tapped
1,187,2026-07-12 21:07:00-04:00,bullish,"(29813.75, 29822.25, 29810.5, 29822.0)",29810.5,29813.75,RB2-000072,29807.0,29814.0,overlapping_active_same_direction_rb_tapped
1,188,2026-07-12 21:08:00-04:00,bullish,"(29821.25, 29823.25, 29805.5, 29811.75)",29805.5,29811.75,RB2-000072,29807.0,29814.0,overlapping_active_same_direction_rb_tapped
1,191,2026-07-12 21:11:00-04:00,bearish,"(29804.25, 29816.5, 29795.75, 29800.25)",29804.25,29816.5,RB2-000073,29815.0,29826.25,overlapping_active_same_direction_rb_tapped
1,192,2026-07-12 21:12:00-04:00,bullish,"(29796.75, 29816.25, 29790.25, 29815.5)",29790.25,29796.75,RB2-000074,29788.75,29797.0,overlapping_active_same_direction_rb_tapped
1,194,2026-07-12 21:14:00-04:00,bullish,"(29814.0, 29815.75, 29806.0, 29812.25)",29806.0,29812.25,RB2-000075,29803.75,29811.75,overlapping_active_same_direction_rb_tapped
1,198,2026-07-12 21:18:00-04:00,bullish,"(29827.25, 29833.0, 29818.5, 29825.0)",29818.5,29825.0,RB2-000077,29818.25,29825.0,overlapping_active_same_direction_rb_tapped
1,200,2026-07-12 21:20:00-04:00,bearish,"(29828.0, 29839.75, 29824.0, 29833.25)",29833.25,29839.75,RB2-000078,29827.75,29834.0,overlapping_active_same_direction_rb_tapped
1,202,2026-07-12 21:22:00-04:00,bullish,"(29825.75, 29833.5, 29821.75, 29831.5)",29821.75,29825.75,RB2-000077,29818.25,29825.0,overlapping_active_same_direction_rb_tapped
1,203,2026-07-12 21:23:00-04:00,bearish,"(29829.0, 29831.25, 29822.5, 29822.75)",29829.0,29831.25,RB2-000079,29831.25,29837.25,overlapping_active_same_direction_rb_tapped
1,204,2026-07-12 21:24:00-04:00,bullish,"(29825.25, 29825.25, 29808.5, 29813.75)",29808.5,29813.75,RB2-000075,29803.75,29811.75,overlapping_active_same_direction_rb_tapped
1,205,2026-07-12 21:25:00-04:00,bullish,"(29814.5, 29819.25, 29795.5, 29805.75)",29795.5,29805.75,RB2-000074,29788.75,29797.0,overlapping_active_same_direction_rb_tapped
1,208,2026-07-12 21:28:00-04:00,bearish,"(29796.75, 29801.75, 29789.0, 29791.75)",29796.75,29801.75,RB2-000080,29800.25,29806.75,overlapping_active_same_direction_rb_tapped
1,210,2026-07-12 21:30:00-04:00,bullish,"(29808.75, 29809.5, 29793.25, 29799.5)",29793.25,29799.5,RB2-000074,29788.75,29797.0,overlapping_active_same_direction_rb_tapped
1,212,2026-07-12 21:32:00-04:00,bullish,"(29802.0, 29813.5, 29789.5, 29810.0)",29789.5,29802.0,RB2-000074,29788.75,29797.0,overlapping_active_same_direction_rb_tapped
1,214,2026-07-12 21:34:00-04:00,bullish,"(29797.0, 29803.25, 29793.0, 29803.0)",29793.0,29797.0,RB2-000074,29788.75,29797.0,overlapping_active_same_direction_rb_tapped
1,215,2026-07-12 21:35:00-04:00,bullish,"(29800.25, 29812.25, 29794.75, 29811.0)",29794.75,29800.25,RB2-000074,29788.75,29797.0,overlapping_active_same_direction_rb_tapped
1,216,2026-07-12 21:36:00-04:00,bearish,"(29810.5, 29832.75, 29806.75, 29828.75)",29828.75,29832.75,RB2-000079,29831.25,29837.25,overlapping_active_same_direction_rb_tapped
1,217,2026-07-12 21:37:00-04:00,bearish,"(29828.5, 29835.0, 29826.5, 29830.5)",29830.5,29835.0,RB2-000079,29831.25,29837.25,overlapping_active_same_direction_rb_tapped
1,218,2026-07-12 21:38:00-04:00,bearish,"(29831.25, 29843.25, 29831.0, 29834.75)",29834.75,29843.25,RB2-000076,29842.25,29849.0,overlapping_active_same_direction_rb_tapped
1,219,2026-07-12 21:39:00-04:00,bearish,"(29833.25, 29842.25, 29831.0, 29836.75)",29836.75,29842.25,RB2-000076,29842.25,29849.0,overlapping_active_same_direction_rb_tapped
1,221,2026-07-12 21:41:00-04:00,bullish,"(29835.5, 29840.25, 29828.25, 29836.5)",29828.25,29835.5,RB2-000083,29824.75,29834.5,overlapping_active_same_direction_rb_tapped
1,225,2026-07-12 21:45:00-04:00,bullish,"(29812.25, 29812.75, 29801.75, 29805.0)",29801.75,29805.0,RB2-000085,29803.25,29812.0,overlapping_active_same_direction_rb_tapped
1,228,2026-07-12 21:48:00-04:00,bearish,"(29795.5, 29805.0, 29776.0, 29781.0)",29795.5,29805.0,RB2-000086,29795.25,29798.5,overlapping_active_same_direction_rb_tapped
1,234,2026-07-12 21:54:00-04:00,bullish,"(29749.5, 29762.5, 29744.0, 29757.25)",29744.0,29749.5,RB2-000090,29742.5,29750.75,overlapping_active_same_direction_rb_tapped
1,237,2026-07-12 21:57:00-04:00,bearish,"(29762.25, 29769.0, 29745.25, 29750.5)",29762.25,29769.0,RB2-000089,29764.0,29769.25,overlapping_active_same_direction_rb_tapped
1,239,2026-07-12 21:59:00-04:00,bearish,"(29755.0, 29770.25, 29755.0, 29761.25)",29761.25,29770.25,RB2-000089,29764.0,29769.25,overlapping_active_same_direction_rb_tapped
1,240,2026-07-12 22:00:00-04:00,bullish,"(29762.75, 29772.0, 29733.5, 29746.75)",29733.5,29746.75,RB2-000092,29743.25,29751.5,overlapping_active_same_direction_rb_tapped
1,242,2026-07-12 22:02:00-04:00,bullish,"(29744.5, 29751.5, 29727.0, 29750.25)",29727.0,29744.5,RB2-000093,29737.5,29745.5,overlapping_active_same_direction_rb_tapped
1,245,2026-07-12 22:05:00-04:00,bearish,"(29750.75, 29771.25, 29746.5, 29759.25)",29759.25,29771.25,RB2-000094,29757.0,29762.5,overlapping_active_same_direction_rb_tapped
1,247,2026-07-12 22:07:00-04:00,bullish,"(29748.75, 29753.0, 29735.5, 29743.25)",29735.5,29743.25,RB2-000095,29739.5,29748.25,overlapping_active_same_direction_rb_tapped
1,250,2026-07-12 22:10:00-04:00,bullish,"(29742.25, 29746.0, 29731.25, 29744.25)",29731.25,29742.25,RB2-000097,29728.5,29734.5,overlapping_active_same_direction_rb_tapped
1,251,2026-07-12 22:11:00-04:00,bearish,"(29743.25, 29748.0, 29735.25, 29735.25)",29743.25,29748.0,RB2-000098,29743.5,29751.75,overlapping_active_same_direction_rb_tapped
1,252,2026-07-12 22:12:00-04:00,bearish,"(29736.5, 29752.0, 29736.5, 29749.25)",29749.25,29752.0,RB2-000098,29743.5,29751.75,overlapping_active_same_direction_rb_tapped
1,258,2026-07-12 22:18:00-04:00,bullish,"(29749.25, 29754.0, 29745.0, 29753.5)",29745.0,29749.25,RB2-000100,29746.5,29752.75,overlapping_active_same_direction_rb_tapped
1,260,2026-07-12 22:20:00-04:00,bearish,"(29770.75, 29783.5, 29769.0, 29778.75)",29778.75,29783.5,RB2-000087,29782.5,29799.5,overlapping_active_same_direction_rb_tapped
1,262,2026-07-12 22:22:00-04:00,bearish,"(29792.75, 29802.0, 29786.5, 29791.25)",29792.75,29802.0,RB2-000087,29782.5,29799.5,overlapping_active_same_direction_rb_tapped
1,264,2026-07-12 22:24:00-04:00,bullish,"(29786.75, 29794.25, 29781.75, 29791.25)",29781.75,29786.75,RB2-000104,29778.75,29787.75,overlapping_active_same_direction_rb_tapped
1,265,2026-07-12 22:25:00-04:00,bearish,"(29792.75, 29807.25, 29792.75, 29798.75)",29798.75,29807.25,RB2-000087,29782.5,29799.5,overlapping_active_same_direction_rb_tapped
1,268,2026-07-12 22:28:00-04:00,bullish,"(29797.75, 29801.25, 29792.5, 29798.25)",29792.5,29797.75,RB2-000105,29788.0,29797.5,overlapping_active_same_direction_rb_tapped
1,269,2026-07-12 22:29:00-04:00,bearish,"(29798.25, 29808.75, 29796.25, 29797.25)",29798.25,29808.75,RB2-000106,29800.0,29804.25,overlapping_active_same_direction_rb_tapped
1,274,2026-07-12 22:34:00-04:00,bearish,"(29777.25, 29785.0, 29773.75, 29777.25)",29777.25,29785.0,RB2-000107,29781.75,29789.25,overlapping_active_same_direction_rb_tapped
1,275,2026-07-12 22:35:00-04:00,bearish,"(29778.25, 29787.0, 29764.5, 29765.75)",29778.25,29787.0,RB2-000107,29781.75,29789.25,overlapping_active_same_direction_rb_tapped
1,276,2026-07-12 22:36:00-04:00,bullish,"(29765.75, 29769.0, 29756.0, 29763.0)",29756.0,29763.0,RB2-000108,29759.0,29769.75,overlapping_active_same_direction_rb_tapped
1,279,2026-07-12 22:39:00-04:00,bearish,"(29759.25, 29772.0, 29756.75, 29759.75)",29759.75,29772.0,RB2-000110,29763.25,29766.75,overlapping_active_same_direction_rb_tapped
1,281,2026-07-12 22:41:00-04:00,bearish,"(29755.25, 29761.75, 29750.25, 29756.5)",29756.5,29761.75,RB2-000112,29757.5,29763.0,overlapping_active_same_direction_rb_tapped
1,282,2026-07-12 22:42:00-04:00,bearish,"(29756.75, 29761.75, 29746.5, 29751.25)",29756.75,29761.75,RB2-000112,29757.5,29763.0,overlapping_active_same_direction_rb_tapped
1,283,2026-07-12 22:43:00-04:00,bearish,"(29751.75, 29760.75, 29750.5, 29754.25)",29754.25,29760.75,RB2-000112,29757.5,29763.0,overlapping_active_same_direction_rb_tapped
1,287,2026-07-12 22:47:00-04:00,bullish,"(29751.75, 29755.75, 29744.75, 29750.25)",29744.75,29750.25,RB2-000103,29746.25,29752.25,overlapping_active_same_direction_rb_tapped
1,290,2026-07-12 22:50:00-04:00,bearish,"(29766.0, 29773.75, 29763.75, 29768.5)",29768.5,29773.75,RB2-000114,29764.75,29769.25,overlapping_active_same_direction_rb_tapped
1,292,2026-07-12 22:52:00-04:00,bullish,"(29750.5, 29752.0, 29742.0, 29750.25)",29742.0,29750.25,RB2-000115,29748.75,29752.0,overlapping_active_same_direction_rb_tapped
1,297,2026-07-12 22:57:00-04:00,bullish,"(29736.25, 29736.25, 29726.0, 29731.25)",29726.0,29731.25,RB2-000097,29728.5,29734.5,overlapping_active_same_direction_rb_tapped
1,302,2026-07-12 23:02:00-04:00,bullish,"(29718.0, 29720.25, 29707.75, 29710.25)",29707.75,29710.25,RB2-000122,29710.0,29718.25,overlapping_active_same_direction_rb_tapped
1,304,2026-07-12 23:04:00-04:00,bullish,"(29712.25, 29712.25, 29705.5, 29708.0)",29705.5,29708.0,RB2-000123,29707.0,29710.5,overlapping_active_same_direction_rb_tapped
1,307,2026-07-12 23:07:00-04:00,bullish,"(29710.0, 29710.0, 29700.5, 29709.5)",29700.5,29709.5,RB2-000124,29706.25,29710.0,overlapping_active_same_direction_rb_tapped
1,310,2026-07-12 23:10:00-04:00,bullish,"(29696.25, 29698.0, 29690.5, 29692.5)",29690.5,29692.5,RB2-000127,29690.0,29696.25,overlapping_active_same_direction_rb_tapped
1,311,2026-07-12 23:11:00-04:00,bullish,"(29692.25, 29698.75, 29688.75, 29697.0)",29688.75,29692.25,RB2-000127,29690.0,29696.25,overlapping_active_same_direction_rb_tapped
1,316,2026-07-12 23:16:00-04:00,bearish,"(29690.25, 29697.0, 29686.75, 29686.75)",29690.25,29697.0,RB2-000130,29694.0,29698.0,overlapping_active_same_direction_rb_tapped
1,318,2026-07-12 23:18:00-04:00,bullish,"(29686.75, 29693.5, 29682.0, 29689.5)",29682.0,29686.75,RB2-000128,29684.75,29689.75,overlapping_active_same_direction_rb_tapped
1,325,2026-07-12 23:25:00-04:00,bearish,"(29698.5, 29707.0, 29698.5, 29703.25)",29703.25,29707.0,RB2-000132,29701.75,29707.75,overlapping_active_same_direction_rb_tapped
1,326,2026-07-12 23:26:00-04:00,bearish,"(29703.0, 29708.5, 29702.0, 29706.25)",29706.25,29708.5,RB2-000132,29701.75,29707.75,overlapping_active_same_direction_rb_tapped
1,327,2026-07-12 23:27:00-04:00,bearish,"(29706.0, 29710.5, 29703.75, 29706.25)",29706.25,29710.5,RB2-000132,29701.75,29707.75,overlapping_active_same_direction_rb_tapped
1,329,2026-07-12 23:29:00-04:00,bearish,"(29715.25, 29717.75, 29710.0, 29710.0)",29715.25,29717.75,RB2-000125,29712.0,29717.25,overlapping_active_same_direction_rb_tapped
1,330,2026-07-12 23:30:00-04:00,bullish,"(29709.0, 29714.25, 29698.75, 29706.75)",29698.75,29706.75,RB2-000137,29706.5,29709.5,overlapping_active_same_direction_rb_tapped
1,333,2026-07-12 23:33:00-04:00,bullish,"(29695.75, 29696.5, 29687.75, 29690.0)",29687.75,29690.0,RB2-000135,29687.25,29690.75,overlapping_active_same_direction_rb_tapped
1,334,2026-07-12 23:34:00-04:00,bullish,"(29691.25, 29696.25, 29689.5, 29694.75)",29689.5,29691.25,RB2-000135,29687.25,29690.75,overlapping_active_same_direction_rb_tapped
1,336,2026-07-12 23:36:00-04:00,bullish,"(29689.75, 29691.0, 29683.75, 29687.5)",29683.75,29687.5,RB2-000135,29687.25,29690.75,overlapping_active_same_direction_rb_tapped
1,337,2026-07-12 23:37:00-04:00,bearish,"(29687.25, 29701.75, 29687.25, 29699.25)",29699.25,29701.75,RB2-000139,29699.0,29702.25,overlapping_active_same_direction_rb_tapped
1,339,2026-07-12 23:39:00-04:00,bearish,"(29709.5, 29716.25, 29702.75, 29707.75)",29709.5,29716.25,RB2-000125,29712.0,29717.25,overlapping_active_same_direction_rb_tapped
1,340,2026-07-12 23:40:00-04:00,bearish,"(29708.5, 29719.5, 29708.25, 29717.0)",29717.0,29719.5,RB2-000125,29712.0,29717.25,overlapping_active_same_direction_rb_tapped
1,342,2026-07-12 23:42:00-04:00,bearish,"(29723.0, 29727.25, 29715.75, 29715.75)",29723.0,29727.25,RB2-000142,29723.0,29725.0,overlapping_active_same_direction_rb_tapped
1,344,2026-07-12 23:44:00-04:00,bullish,"(29704.0, 29704.0, 29691.75, 29697.25)",29691.75,29697.25,RB2-000141,29697.0,29699.5,overlapping_active_same_direction_rb_tapped
1,348,2026-07-12 23:48:00-04:00,bullish,"(29703.75, 29713.75, 29699.75, 29713.0)",29699.75,29703.75,RB2-000144,29698.25,29700.75,overlapping_active_same_direction_rb_tapped
1,354,2026-07-12 23:54:00-04:00,bearish,"(29707.25, 29710.5, 29706.25, 29708.25)",29708.25,29710.5,RB2-000149,29708.0,29710.0,overlapping_active_same_direction_rb_tapped
1,356,2026-07-12 23:56:00-04:00,bullish,"(29698.5, 29699.75, 29695.25, 29697.5)",29695.25,29697.5,RB2-000143,29694.75,29697.25,overlapping_active_same_direction_rb_tapped
1,361,2026-07-13 00:01:00-04:00,bullish,"(29676.25, 29676.25, 29663.0, 29668.0)",29663.0,29668.0,RB2-000154,29667.25,29676.5,overlapping_active_same_direction_rb_tapped
1,363,2026-07-13 00:03:00-04:00,bullish,"(29668.0, 29668.0, 29654.0, 29660.75)",29654.0,29660.75,RB2-000155,29658.75,29667.25,overlapping_active_same_direction_rb_tapped
1,366,2026-07-13 00:06:00-04:00,bearish,"(29656.0, 29665.0, 29655.75, 29657.5)",29657.5,29665.0,RB2-000156,29662.75,29671.75,overlapping_active_same_direction_rb_tapped
1,367,2026-07-13 00:07:00-04:00,bullish,"(29658.5, 29663.0, 29650.75, 29662.0)",29650.75,29658.5,RB2-000157,29652.75,29656.5,overlapping_active_same_direction_rb_tapped
1,368,2026-07-13 00:08:00-04:00,bearish,"(29661.25, 29666.75, 29656.5, 29660.5)",29661.25,29666.75,RB2-000156,29662.75,29671.75,overlapping_active_same_direction_rb_tapped
1,369,2026-07-13 00:09:00-04:00,bearish,"(29662.25, 29665.0, 29658.5, 29658.5)",29662.25,29665.0,RB2-000156,29662.75,29671.75,overlapping_active_same_direction_rb_tapped
1,371,2026-07-13 00:11:00-04:00,bearish,"(29653.75, 29664.75, 29652.75, 29660.75)",29660.75,29664.75,RB2-000156,29662.75,29671.75,overlapping_active_same_direction_rb_tapped
1,372,2026-07-13 00:12:00-04:00,bearish,"(29660.0, 29664.0, 29656.25, 29658.75)",29660.0,29664.0,RB2-000156,29662.75,29671.75,overlapping_active_same_direction_rb_tapped
1,373,2026-07-13 00:13:00-04:00,bearish,"(29664.0, 29670.0, 29658.75, 29659.0)",29664.0,29670.0,RB2-000156,29662.75,29671.75,overlapping_active_same_direction_rb_tapped
1,376,2026-07-13 00:16:00-04:00,bearish,"(29668.75, 29671.0, 29662.25, 29663.5)",29668.75,29671.0,RB2-000156,29662.75,29671.75,overlapping_active_same_direction_rb_tapped
1,377,2026-07-13 00:17:00-04:00,bullish,"(29661.5, 29671.0, 29659.0, 29670.75)",29659.0,29661.5,RB2-000159,29659.25,29664.0,overlapping_active_same_direction_rb_tapped
1,378,2026-07-13 00:18:00-04:00,bearish,"(29670.25, 29674.5, 29667.75, 29671.75)",29671.75,29674.5,RB2-000156,29662.75,29671.75,overlapping_active_same_direction_rb_tapped
1,380,2026-07-13 00:20:00-04:00,bearish,"(29672.25, 29677.75, 29667.25, 29667.25)",29672.25,29677.75,RB2-000160,29673.25,29676.25,overlapping_active_same_direction_rb_tapped
1,381,2026-07-13 00:21:00-04:00,bullish,"(29667.0, 29667.25, 29652.5, 29663.0)",29652.5,29663.0,RB2-000158,29650.0,29654.75,overlapping_active_same_direction_rb_tapped
1,385,2026-07-13 00:25:00-04:00,bullish,"(29660.0, 29660.25, 29650.5, 29653.5)",29650.5,29653.5,RB2-000158,29650.0,29654.75,overlapping_active_same_direction_rb_tapped
1,390,2026-07-13 00:30:00-04:00,bullish,"(29651.5, 29655.75, 29647.75, 29655.75)",29647.75,29651.5,RB2-000165,29648.5,29651.5,overlapping_active_same_direction_rb_tapped
1,391,2026-07-13 00:31:00-04:00,bullish,"(29654.5, 29654.5, 29640.5, 29644.0)",29640.5,29644.0,RB2-000164,29638.75,29644.75,overlapping_active_same_direction_rb_tapped
1,392,2026-07-13 00:32:00-04:00,bullish,"(29643.5, 29649.75, 29641.75, 29648.5)",29641.75,29643.5,RB2-000164,29638.75,29644.75,overlapping_active_same_direction_rb_tapped
1,397,2026-07-13 00:37:00-04:00,bearish,"(29632.0, 29637.0, 29631.0, 29634.5)",29634.5,29637.0,RB2-000167,29632.25,29636.25,overlapping_active_same_direction_rb_tapped
1,399,2026-07-13 00:39:00-04:00,bullish,"(29638.75, 29640.0, 29634.0, 29636.75)",29634.0,29636.75,RB2-000168,29632.75,29635.25,overlapping_active_same_direction_rb_tapped
1,401,2026-07-13 00:41:00-04:00,bullish,"(29631.0, 29631.5, 29628.25, 29630.5)",29628.25,29630.5,RB2-000169,29628.75,29630.25,overlapping_active_same_direction_rb_tapped
1,404,2026-07-13 00:44:00-04:00,bullish,"(29625.0, 29626.5, 29622.75, 29626.5)",29622.75,29625.0,RB2-000170,29623.0,29627.25,overlapping_active_same_direction_rb_tapped
1,405,2026-07-13 00:45:00-04:00,bearish,"(29624.0, 29629.0, 29624.0, 29626.0)",29626.0,29629.0,RB2-000171,29626.0,29630.5,overlapping_active_same_direction_rb_tapped
1,406,2026-07-13 00:46:00-04:00,bearish,"(29626.5, 29630.0, 29625.25, 29626.75)",29626.75,29630.0,RB2-000171,29626.0,29630.5,overlapping_active_same_direction_rb_tapped
1,407,2026-07-13 00:47:00-04:00,bullish,"(29630.0, 29630.75, 29625.0, 29627.75)",29625.0,29627.75,RB2-000170,29623.0,29627.25,overlapping_active_same_direction_rb_tapped
1,408,2026-07-13 00:48:00-04:00,bullish,"(29626.5, 29626.75, 29621.5, 29623.75)",29621.5,29623.75,RB2-000170,29623.0,29627.25,overlapping_active_same_direction_rb_tapped
1,409,2026-07-13 00:49:00-04:00,bearish,"(29624.75, 29627.25, 29622.5, 29624.75)",29624.75,29627.25,RB2-000171,29626.0,29630.5,overlapping_active_same_direction_rb_tapped
1,412,2026-07-13 00:52:00-04:00,bearish,"(29615.0, 29619.0, 29614.25, 29617.75)",29617.75,29619.0,RB2-000173,29618.5,29621.5,overlapping_active_same_direction_rb_tapped
1,414,2026-07-13 00:54:00-04:00,bearish,"(29617.75, 29621.75, 29615.0, 29618.75)",29618.75,29621.75,RB2-000173,29618.5,29621.5,overlapping_active_same_direction_rb_tapped
1,415,2026-07-13 00:55:00-04:00,bullish,"(29618.75, 29621.0, 29615.0, 29619.75)",29615.0,29618.75,RB2-000174,29613.25,29617.75,overlapping_active_same_direction_rb_tapped
1,416,2026-07-13 00:56:00-04:00,bearish,"(29619.5, 29622.25, 29619.25, 29620.5)",29620.5,29622.25,RB2-000173,29618.5,29621.5,overlapping_active_same_direction_rb_tapped
1,418,2026-07-13 00:58:00-04:00,bearish,"(29625.75, 29627.75, 29623.25, 29624.75)",29625.75,29627.75,RB2-000171,29626.0,29630.5,overlapping_active_same_direction_rb_tapped
1,419,2026-07-13 00:59:00-04:00,bearish,"(29626.5, 29637.0, 29624.25, 29627.0)",29627.0,29637.0,RB2-000171,29626.0,29630.5,overlapping_active_same_direction_rb_tapped
1,420,2026-07-13 01:00:00-04:00,bullish,"(29627.75, 29628.25, 29606.5, 29619.5)",29606.5,29619.5,RB2-000174,29613.25,29617.75,overlapping_active_same_direction_rb_tapped
1,423,2026-07-13 01:03:00-04:00,bearish,"(29632.0, 29640.5, 29626.0, 29627.25)",29632.0,29640.5,RB2-000177,29631.25,29641.5,overlapping_active_same_direction_rb_tapped
1,425,2026-07-13 01:05:00-04:00,bearish,"(29639.75, 29651.0, 29636.5, 29644.5)",29644.5,29651.0,RB2-000166,29646.75,29650.0,overlapping_active_same_direction_rb_tapped
1,427,2026-07-13 01:07:00-04:00,bullish,"(29646.25, 29656.25, 29642.75, 29654.25)",29642.75,29646.25,RB2-000178,29634.25,29646.25,overlapping_active_same_direction_rb_tapped
1,428,2026-07-13 01:08:00-04:00,bearish,"(29653.25, 29663.5, 29652.5, 29659.5)",29659.5,29663.5,RB2-000161,29659.0,29664.5,overlapping_active_same_direction_rb_tapped
1,434,2026-07-13 01:14:00-04:00,bullish,"(29681.75, 29688.5, 29676.5, 29688.5)",29676.5,29681.75,RB2-000181,29679.0,29683.25,overlapping_active_same_direction_rb_tapped
1,444,2026-07-13 01:24:00-04:00,bullish,"(29602.25, 29606.0, 29595.25, 29599.75)",29595.25,29599.75,RB2-000187,29597.0,29602.25,overlapping_active_same_direction_rb_tapped
1,449,2026-07-13 01:29:00-04:00,bullish,"(29590.75, 29592.0, 29577.0, 29584.0)",29577.0,29584.0,RB2-000190,29581.0,29585.75,overlapping_active_same_direction_rb_tapped
1,452,2026-07-13 01:32:00-04:00,bullish,"(29566.0, 29578.75, 29561.5, 29578.75)",29561.5,29566.0,RB2-000192,29542.75,29572.25,overlapping_active_same_direction_rb_tapped
1,457,2026-07-13 01:37:00-04:00,bullish,"(29638.5, 29644.0, 29631.0, 29640.0)",29631.0,29638.5,RB2-000195,29629.5,29636.0,overlapping_active_same_direction_rb_tapped
1,460,2026-07-13 01:40:00-04:00,bearish,"(29652.0, 29667.0, 29652.0, 29664.25)",29664.25,29667.0,RB2-000182,29666.0,29668.75,overlapping_active_same_direction_rb_tapped
1,463,2026-07-13 01:43:00-04:00,bullish,"(29645.25, 29645.25, 29633.25, 29637.5)",29633.25,29637.5,RB2-000195,29629.5,29636.0,overlapping_active_same_direction_rb_tapped
1,464,2026-07-13 01:44:00-04:00,bullish,"(29635.75, 29641.5, 29630.0, 29637.0)",29630.0,29635.75,RB2-000195,29629.5,29636.0,overlapping_active_same_direction_rb_tapped
1,465,2026-07-13 01:45:00-04:00,bullish,"(29637.5, 29642.5, 29623.75, 29640.75)",29623.75,29637.5,RB2-000195,29629.5,29636.0,overlapping_active_same_direction_rb_tapped
1,472,2026-07-13 01:52:00-04:00,bearish,"(29648.5, 29655.5, 29646.5, 29649.75)",29649.75,29655.5,RB2-000201,29653.0,29666.75,overlapping_active_same_direction_rb_tapped
1,476,2026-07-13 01:56:00-04:00,bullish,"(29632.5, 29637.5, 29627.25, 29634.25)",29627.25,29632.5,RB2-000203,29622.0,29628.5,overlapping_active_same_direction_rb_tapped
1,478,2026-07-13 01:58:00-04:00,bearish,"(29629.25, 29636.5, 29626.75, 29627.5)",29629.25,29636.5,RB2-000204,29636.25,29638.5,overlapping_active_same_direction_rb_tapped
1,482,2026-07-13 02:02:00-04:00,bearish,"(29660.25, 29665.25, 29658.25, 29661.5)",29661.5,29665.25,RB2-000201,29653.0,29666.75,overlapping_active_same_direction_rb_tapped
1,484,2026-07-13 02:04:00-04:00,bullish,"(29646.0, 29656.0, 29638.5, 29654.75)",29638.5,29646.0,RB2-000206,29641.25,29645.75,overlapping_active_same_direction_rb_tapped
1,485,2026-07-13 02:05:00-04:00,bearish,"(29656.25, 29660.0, 29637.75, 29640.5)",29656.25,29660.0,RB2-000201,29653.0,29666.75,overlapping_active_same_direction_rb_tapped
1,488,2026-07-13 02:08:00-04:00,bearish,"(29629.25, 29633.0, 29622.5, 29625.5)",29629.25,29633.0,RB2-000207,29629.5,29638.25,overlapping_active_same_direction_rb_tapped
1,496,2026-07-13 02:16:00-04:00,bearish,"(29598.25, 29602.75, 29594.75, 29598.0)",29598.25,29602.75,RB2-000214,29598.75,29606.75,overlapping_active_same_direction_rb_tapped
1,497,2026-07-13 02:17:00-04:00,bearish,"(29598.0, 29604.75, 29594.75, 29597.0)",29598.0,29604.75,RB2-000214,29598.75,29606.75,overlapping_active_same_direction_rb_tapped
1,498,2026-07-13 02:18:00-04:00,bearish,"(29597.0, 29606.75, 29593.75, 29596.0)",29597.0,29606.75,RB2-000214,29598.75,29606.75,overlapping_active_same_direction_rb_tapped
1,499,2026-07-13 02:19:00-04:00,bearish,"(29597.0, 29605.75, 29594.5, 29602.75)",29602.75,29605.75,RB2-000214,29598.75,29606.75,overlapping_active_same_direction_rb_tapped
1,500,2026-07-13 02:20:00-04:00,bearish,"(29601.25, 29616.25, 29601.25, 29612.0)",29612.0,29616.25,RB2-000209,29613.0,29618.0,overlapping_active_same_direction_rb_tapped
1,502,2026-07-13 02:22:00-04:00,bullish,"(29611.25, 29613.0, 29602.5, 29605.75)",29602.5,29605.75,RB2-000215,29604.0,29610.5,overlapping_active_same_direction_rb_tapped
1,504,2026-07-13 02:24:00-04:00,bearish,"(29612.5, 29621.0, 29612.0, 29615.0)",29615.0,29621.0,RB2-000209,29613.0,29618.0,overlapping_active_same_direction_rb_tapped
1,510,2026-07-13 02:30:00-04:00,bearish,"(29630.25, 29650.5, 29630.25, 29634.5)",29634.5,29650.5,RB2-000207,29629.5,29638.25,overlapping_active_same_direction_rb_tapped
1,515,2026-07-13 02:35:00-04:00,bullish,"(29620.0, 29622.5, 29608.5, 29611.5)",29608.5,29611.5,RB2-000216,29604.25,29608.75,overlapping_active_same_direction_rb_tapped
1,517,2026-07-13 02:37:00-04:00,bearish,"(29606.0, 29611.75, 29600.0, 29600.0)",29606.0,29611.75,RB2-000223,29610.75,29614.5,overlapping_active_same_direction_rb_tapped
1,519,2026-07-13 02:39:00-04:00,bearish,"(29601.25, 29616.0, 29598.5, 29612.0)",29612.0,29616.0,RB2-000223,29610.75,29614.5,overlapping_active_same_direction_rb_tapped
1,521,2026-07-13 02:41:00-04:00,bullish,"(29620.25, 29620.5, 29610.5, 29617.75)",29610.5,29617.75,RB2-000225,29612.0,29614.75,overlapping_active_same_direction_rb_tapped
1,523,2026-07-13 02:43:00-04:00,bearish,"(29637.25, 29640.0, 29633.5, 29636.0)",29637.25,29640.0,RB2-000220,29636.25,29641.75,overlapping_active_same_direction_rb_tapped
1,530,2026-07-13 02:50:00-04:00,bullish,"(29642.75, 29642.75, 29636.0, 29642.75)",29636.0,29642.75,RB2-000227,29636.0,29647.0,overlapping_active_same_direction_rb_tapped
1,531,2026-07-13 02:51:00-04:00,bullish,"(29639.0, 29645.5, 29633.0, 29644.0)",29633.0,29639.0,RB2-000227,29636.0,29647.0,overlapping_active_same_direction_rb_tapped
1,538,2026-07-13 02:58:00-04:00,bullish,"(29617.25, 29617.75, 29613.5, 29616.5)",29613.5,29616.5,RB2-000231,29611.25,29613.75,overlapping_active_same_direction_rb_tapped
1,542,2026-07-13 03:02:00-04:00,bearish,"(29624.25, 29634.0, 29618.75, 29625.25)",29625.25,29634.0,RB2-000233,29631.5,29646.25,overlapping_active_same_direction_rb_tapped
1,544,2026-07-13 03:04:00-04:00,bearish,"(29645.75, 29651.0, 29641.0, 29641.0)",29645.75,29651.0,RB2-000233,29631.5,29646.25,overlapping_active_same_direction_rb_tapped
1,546,2026-07-13 03:06:00-04:00,bullish,"(29644.75, 29646.5, 29633.25, 29637.5)",29633.25,29637.5,RB2-000235,29633.0,29640.0,overlapping_active_same_direction_rb_tapped
1,547,2026-07-13 03:07:00-04:00,bullish,"(29638.75, 29641.75, 29636.75, 29640.25)",29636.75,29638.75,RB2-000235,29633.0,29640.0,overlapping_active_same_direction_rb_tapped
1,549,2026-07-13 03:09:00-04:00,bearish,"(29650.5, 29666.0, 29649.5, 29662.75)",29662.75,29666.0,RB2-000201,29653.0,29666.75,overlapping_active_same_direction_rb_tapped
1,551,2026-07-13 03:11:00-04:00,bullish,"(29668.5, 29671.25, 29659.25, 29666.5)",29659.25,29666.5,RB2-000236,29656.5,29661.0,overlapping_active_same_direction_rb_tapped
1,552,2026-07-13 03:12:00-04:00,bullish,"(29665.75, 29670.0, 29660.75, 29666.5)",29660.75,29665.75,RB2-000236,29656.5,29661.0,overlapping_active_same_direction_rb_tapped
1,556,2026-07-13 03:16:00-04:00,bearish,"(29668.0, 29675.0, 29655.75, 29656.5)",29668.0,29675.0,RB2-000238,29670.75,29675.5,overlapping_active_same_direction_rb_tapped
1,558,2026-07-13 03:18:00-04:00,bullish,"(29649.75, 29654.75, 29642.25, 29652.0)",29642.25,29649.75,RB2-000240,29644.5,29648.5,overlapping_active_same_direction_rb_tapped
1,564,2026-07-13 03:24:00-04:00,bearish,"(29676.75, 29690.25, 29672.25, 29685.0)",29685.0,29690.25,RB2-000180,29682.25,29692.75,overlapping_active_same_direction_rb_tapped
1,568,2026-07-13 03:28:00-04:00,bearish,"(29676.5, 29684.75, 29676.0, 29679.75)",29679.75,29684.75,RB2-000180,29682.25,29692.75,overlapping_active_same_direction_rb_tapped
1,569,2026-07-13 03:29:00-04:00,bullish,"(29675.25, 29678.0, 29669.5, 29674.5)",29669.5,29674.5,RB2-000245,29667.75,29670.5,overlapping_active_same_direction_rb_tapped
1,572,2026-07-13 03:32:00-04:00,bearish,"(29650.75, 29653.0, 29647.75, 29649.0)",29650.75,29653.0,RB2-000248,29651.0,29656.0,overlapping_active_same_direction_rb_tapped
1,573,2026-07-13 03:33:00-04:00,bearish,"(29647.75, 29653.0, 29636.5, 29636.75)",29647.75,29653.0,RB2-000248,29651.0,29656.0,overlapping_active_same_direction_rb_tapped
1,574,2026-07-13 03:34:00-04:00,bullish,"(29638.25, 29645.75, 29636.0, 29644.25)",29636.0,29638.25,RB2-000235,29633.0,29640.0,overlapping_active_same_direction_rb_tapped
1,576,2026-07-13 03:36:00-04:00,bearish,"(29643.5, 29655.75, 29643.5, 29648.5)",29648.5,29655.75,RB2-000248,29651.0,29656.0,overlapping_active_same_direction_rb_tapped
1,579,2026-07-13 03:39:00-04:00,bullish,"(29662.5, 29663.75, 29657.0, 29659.0)",29657.0,29659.0,RB2-000251,29653.75,29661.0,overlapping_active_same_direction_rb_tapped
1,582,2026-07-13 03:42:00-04:00,bullish,"(29658.0, 29658.5, 29648.25, 29650.5)",29648.25,29650.5,RB2-000250,29643.0,29648.75,overlapping_active_same_direction_rb_tapped
1,585,2026-07-13 03:45:00-04:00,bullish,"(29660.75, 29662.25, 29648.25, 29654.75)",29648.25,29654.75,RB2-000250,29643.0,29648.75,overlapping_active_same_direction_rb_tapped
1,589,2026-07-13 03:49:00-04:00,bullish,"(29645.75, 29650.0, 29643.75, 29648.75)",29643.75,29645.75,RB2-000250,29643.0,29648.75,overlapping_active_same_direction_rb_tapped
1,590,2026-07-13 03:50:00-04:00,bullish,"(29646.0, 29646.5, 29637.0, 29642.25)",29637.0,29642.25,RB2-000235,29633.0,29640.0,overlapping_active_same_direction_rb_tapped
1,591,2026-07-13 03:51:00-04:00,bullish,"(29641.0, 29647.0, 29639.5, 29646.75)",29639.5,29641.0,RB2-000235,29633.0,29640.0,overlapping_active_same_direction_rb_tapped
1,593,2026-07-13 03:53:00-04:00,bullish,"(29646.75, 29647.75, 29643.0, 29645.0)",29643.0,29645.0,RB2-000256,29644.75,29646.75,overlapping_active_same_direction_rb_tapped
1,595,2026-07-13 03:55:00-04:00,bearish,"(29652.5, 29659.25, 29646.0, 29648.75)",29652.5,29659.25,RB2-000255,29657.75,29663.0,overlapping_active_same_direction_rb_tapped
1,597,2026-07-13 03:57:00-04:00,bullish,"(29641.25, 29647.0, 29637.0, 29646.0)",29637.0,29641.25,RB2-000235,29633.0,29640.0,overlapping_active_same_direction_rb_tapped
1,599,2026-07-13 03:59:00-04:00,bullish,"(29643.75, 29652.75, 29636.75, 29652.75)",29636.75,29643.75,RB2-000235,29633.0,29640.0,overlapping_active_same_direction_rb_tapped
1,603,2026-07-13 04:03:00-04:00,bullish,"(29673.5, 29678.5, 29665.75, 29677.25)",29665.75,29673.5,RB2-000261,29665.75,29668.5,overlapping_active_same_direction_rb_tapped
1,604,2026-07-13 04:04:00-04:00,bearish,"(29676.0, 29678.5, 29670.0, 29670.0)",29676.0,29678.5,RB2-000260,29669.25,29677.25,overlapping_active_same_direction_rb_tapped
1,605,2026-07-13 04:05:00-04:00,bullish,"(29668.5, 29675.75, 29647.5, 29668.5)",29647.5,29668.5,RB2-000259,29647.5,29654.25,overlapping_active_same_direction_rb_tapped
1,607,2026-07-13 04:07:00-04:00,bearish,"(29677.25, 29686.75, 29674.0, 29678.75)",29678.75,29686.75,RB2-000180,29682.25,29692.75,overlapping_active_same_direction_rb_tapped
1,608,2026-07-13 04:08:00-04:00,bearish,"(29677.5, 29693.0, 29673.5, 29683.25)",29683.25,29693.0,RB2-000180,29682.25,29692.75,overlapping_active_same_direction_rb_tapped
1,609,2026-07-13 04:09:00-04:00,bearish,"(29683.0, 29690.5, 29674.75, 29681.75)",29683.0,29690.5,RB2-000180,29682.25,29692.75,overlapping_active_same_direction_rb_tapped
1,615,2026-07-13 04:15:00-04:00,bearish,"(29705.0, 29711.25, 29704.25, 29709.5)",29709.5,29711.25,RB2-000150,29708.75,29713.0,overlapping_active_same_direction_rb_tapped
1,618,2026-07-13 04:18:00-04:00,bearish,"(29721.25, 29728.25, 29719.25, 29725.75)",29725.75,29728.25,RB2-000265,29722.75,29727.0,overlapping_active_same_direction_rb_tapped
1,620,2026-07-13 04:20:00-04:00,bearish,"(29717.0, 29725.0, 29713.0, 29718.0)",29718.0,29725.0,RB2-000266,29724.25,29729.75,overlapping_active_same_direction_rb_tapped
1,623,2026-07-13 04:23:00-04:00,bearish,"(29722.25, 29729.75, 29722.25, 29727.75)",29727.75,29729.75,RB2-000266,29724.25,29729.75,overlapping_active_same_direction_rb_tapped
1,624,2026-07-13 04:24:00-04:00,bearish,"(29727.25, 29733.0, 29720.75, 29722.5)",29727.25,29733.0,RB2-000266,29724.25,29729.75,overlapping_active_same_direction_rb_tapped
1,629,2026-07-13 04:29:00-04:00,bearish,"(29733.25, 29739.0, 29724.75, 29725.75)",29733.25,29739.0,RB2-000269,29738.5,29741.5,overlapping_active_same_direction_rb_tapped
1,632,2026-07-13 04:32:00-04:00,bullish,"(29725.25, 29733.5, 29723.0, 29732.5)",29723.0,29725.25,RB2-000271,29723.0,29728.0,overlapping_active_same_direction_rb_tapped
1,637,2026-07-13 04:37:00-04:00,bullish,"(29709.75, 29712.25, 29703.5, 29706.25)",29703.5,29706.25,RB2-000264,29706.0,29709.75,overlapping_active_same_direction_rb_tapped
1,641,2026-07-13 04:41:00-04:00,bullish,"(29720.0, 29723.5, 29716.25, 29721.75)",29716.25,29720.0,RB2-000277,29712.75,29716.75,overlapping_active_same_direction_rb_tapped
1,642,2026-07-13 04:42:00-04:00,bullish,"(29720.25, 29721.75, 29713.75, 29720.5)",29713.75,29720.25,RB2-000277,29712.75,29716.75,overlapping_active_same_direction_rb_tapped
1,643,2026-07-13 04:43:00-04:00,bearish,"(29720.5, 29734.0, 29719.25, 29729.5)",29729.5,29734.0,RB2-000273,29733.0,29735.0,overlapping_active_same_direction_rb_tapped
1,646,2026-07-13 04:46:00-04:00,bearish,"(29730.0, 29733.0, 29726.25, 29726.5)",29730.0,29733.0,RB2-000273,29733.0,29735.0,overlapping_active_same_direction_rb_tapped
1,650,2026-07-13 04:50:00-04:00,bearish,"(29737.75, 29745.0, 29737.75, 29742.0)",29742.0,29745.0,RB2-000118,29743.0,29750.0,overlapping_active_same_direction_rb_tapped
1,651,2026-07-13 04:51:00-04:00,bullish,"(29740.0, 29745.0, 29736.0, 29743.0)",29736.0,29740.0,RB2-000281,29734.5,29736.0,overlapping_active_same_direction_rb_tapped
1,652,2026-07-13 04:52:00-04:00,bearish,"(29742.25, 29749.75, 29741.25, 29748.0)",29748.0,29749.75,RB2-000118,29743.0,29750.0,overlapping_active_same_direction_rb_tapped
1,656,2026-07-13 04:56:00-04:00,bullish,"(29738.25, 29744.75, 29737.0, 29744.25)",29737.0,29738.25,RB2-000284,29738.0,29739.5,overlapping_active_same_direction_rb_tapped
1,661,2026-07-13 05:01:00-04:00,bearish,"(29740.75, 29747.0, 29739.5, 29745.25)",29745.25,29747.0,RB2-000285,29745.25,29751.0,overlapping_active_same_direction_rb_tapped
1,662,2026-07-13 05:02:00-04:00,bearish,"(29745.5, 29750.25, 29737.75, 29740.75)",29745.5,29750.25,RB2-000285,29745.25,29751.0,overlapping_active_same_direction_rb_tapped
1,668,2026-07-13 05:08:00-04:00,bearish,"(29727.0, 29732.75, 29726.75, 29728.25)",29728.25,29732.75,RB2-000287,29726.5,29728.5,overlapping_active_same_direction_rb_tapped
1,670,2026-07-13 05:10:00-04:00,bullish,"(29725.5, 29726.5, 29718.0, 29723.5)",29718.0,29723.5,RB2-000289,29719.25,29721.5,overlapping_active_same_direction_rb_tapped
1,672,2026-07-13 05:12:00-04:00,bullish,"(29726.0, 29726.75, 29723.0, 29725.0)",29723.0,29725.0,RB2-000291,29720.5,29724.0,overlapping_active_same_direction_rb_tapped
1,673,2026-07-13 05:13:00-04:00,bullish,"(29724.25, 29725.5, 29719.0, 29722.5)",29719.0,29722.5,RB2-000291,29720.5,29724.0,overlapping_active_same_direction_rb_tapped
1,677,2026-07-13 05:17:00-04:00,bearish,"(29743.25, 29752.0, 29741.25, 29749.0)",29749.0,29752.0,RB2-000282,29751.75,29754.0,overlapping_active_same_direction_rb_tapped
1,678,2026-07-13 05:18:00-04:00,bearish,"(29749.0, 29756.5, 29747.75, 29752.75)",29752.75,29756.5,RB2-000282,29751.75,29754.0,overlapping_active_same_direction_rb_tapped
1,681,2026-07-13 05:21:00-04:00,bearish,"(29750.25, 29753.25, 29748.5, 29750.75)",29750.75,29753.25,RB2-000294,29751.75,29753.75,overlapping_active_same_direction_rb_tapped
1,682,2026-07-13 05:22:00-04:00,bullish,"(29751.0, 29753.5, 29749.25, 29752.75)",29749.25,29751.0,RB2-000293,29747.5,29750.25,overlapping_active_same_direction_rb_tapped
1,683,2026-07-13 05:23:00-04:00,bullish,"(29752.0, 29760.75, 29750.25, 29759.75)",29750.25,29752.0,RB2-000293,29747.5,29750.25,overlapping_active_same_direction_rb_tapped
1,689,2026-07-13 05:29:00-04:00,bearish,"(29759.5, 29764.5, 29759.5, 29763.25)",29763.25,29764.5,RB2-000296,29762.25,29766.25,overlapping_active_same_direction_rb_tapped
1,691,2026-07-13 05:31:00-04:00,bearish,"(29765.25, 29767.5, 29755.25, 29757.0)",29765.25,29767.5,RB2-000296,29762.25,29766.25,overlapping_active_same_direction_rb_tapped
1,692,2026-07-13 05:32:00-04:00,bullish,"(29756.0, 29761.75, 29754.5, 29761.75)",29754.5,29756.0,RB2-000297,29753.25,29755.0,overlapping_active_same_direction_rb_tapped
1,699,2026-07-13 05:39:00-04:00,bullish,"(29768.0, 29771.0, 29764.0, 29771.0)",29764.0,29768.0,RB2-000302,29762.75,29766.75,overlapping_active_same_direction_rb_tapped
1,700,2026-07-13 05:40:00-04:00,bullish,"(29769.25, 29769.75, 29766.0, 29768.0)",29766.0,29768.0,RB2-000302,29762.75,29766.75,overlapping_active_same_direction_rb_tapped
1,701,2026-07-13 05:41:00-04:00,bullish,"(29768.0, 29770.75, 29765.25, 29769.0)",29765.25,29768.0,RB2-000302,29762.75,29766.75,overlapping_active_same_direction_rb_tapped
1,704,2026-07-13 05:44:00-04:00,bearish,"(29771.0, 29776.5, 29771.0, 29773.75)",29773.75,29776.5,RB2-000303,29773.5,29774.75,overlapping_active_same_direction_rb_tapped
1,707,2026-07-13 05:47:00-04:00,bearish,"(29767.0, 29770.0, 29766.25, 29767.25)",29767.25,29770.0,RB2-000307,29769.75,29771.5,overlapping_active_same_direction_rb_tapped
1,708,2026-07-13 05:48:00-04:00,bullish,"(29767.75, 29768.0, 29760.0, 29761.75)",29760.0,29761.75,RB2-000301,29755.75,29760.25,overlapping_active_same_direction_rb_tapped
1,709,2026-07-13 05:49:00-04:00,bullish,"(29763.25, 29763.25, 29758.75, 29763.0)",29758.75,29763.0,RB2-000301,29755.75,29760.25,overlapping_active_same_direction_rb_tapped
1,710,2026-07-13 05:50:00-04:00,bullish,"(29760.5, 29760.5, 29753.0, 29755.75)",29753.0,29755.75,RB2-000297,29753.25,29755.0,overlapping_active_same_direction_rb_tapped
1,711,2026-07-13 05:51:00-04:00,bullish,"(29753.75, 29755.75, 29752.0, 29754.5)",29752.0,29753.75,RB2-000297,29753.25,29755.0,overlapping_active_same_direction_rb_tapped
1,716,2026-07-13 05:56:00-04:00,bullish,"(29769.5, 29769.5, 29763.0, 29765.25)",29763.0,29765.25,RB2-000310,29764.75,29766.25,overlapping_active_same_direction_rb_tapped
1,718,2026-07-13 05:58:00-04:00,bullish,"(29770.25, 29770.25, 29767.5, 29769.25)",29767.5,29769.25,RB2-000311,29765.0,29768.25,overlapping_active_same_direction_rb_tapped
1,719,2026-07-13 05:59:00-04:00,bullish,"(29768.5, 29772.5, 29766.5, 29770.75)",29766.5,29768.5,RB2-000311,29765.0,29768.25,overlapping_active_same_direction_rb_tapped
1,721,2026-07-13 06:01:00-04:00,bearish,"(29772.75, 29778.0, 29769.25, 29772.0)",29772.75,29778.0,RB2-000312,29772.75,29778.0,overlapping_active_same_direction_rb_tapped
1,725,2026-07-13 06:05:00-04:00,bullish,"(29761.5, 29762.25, 29750.5, 29756.5)",29750.5,29756.5,RB2-000308,29754.25,29755.75,overlapping_active_same_direction_rb_tapped
1,733,2026-07-13 06:13:00-04:00,bullish,"(29742.75, 29743.5, 29740.0, 29742.75)",29740.0,29742.75,RB2-000319,29739.0,29742.0,overlapping_active_same_direction_rb_tapped
1,736,2026-07-13 06:16:00-04:00,bearish,"(29747.0, 29752.5, 29745.5, 29749.0)",29749.0,29752.5,RB2-000317,29748.75,29753.75,overlapping_active_same_direction_rb_tapped
1,738,2026-07-13 06:18:00-04:00,bearish,"(29759.75, 29764.25, 29757.25, 29757.5)",29759.75,29764.25,RB2-000315,29762.0,29766.25,overlapping_active_same_direction_rb_tapped
1,743,2026-07-13 06:23:00-04:00,bearish,"(29758.0, 29764.0, 29758.0, 29761.75)",29761.75,29764.0,RB2-000315,29762.0,29766.25,overlapping_active_same_direction_rb_tapped
1,748,2026-07-13 06:28:00-04:00,bullish,"(29743.75, 29744.25, 29740.25, 29742.0)",29740.25,29742.0,RB2-000319,29739.0,29742.0,overlapping_active_same_direction_rb_tapped
1,749,2026-07-13 06:29:00-04:00,bullish,"(29743.0, 29743.5, 29740.25, 29741.25)",29740.25,29741.25,RB2-000319,29739.0,29742.0,overlapping_active_same_direction_rb_tapped
1,750,2026-07-13 06:30:00-04:00,bullish,"(29741.0, 29745.0, 29737.75, 29743.0)",29737.75,29741.0,RB2-000319,29739.0,29742.0,overlapping_active_same_direction_rb_tapped
1,754,2026-07-13 06:34:00-04:00,bullish,"(29745.25, 29746.0, 29738.25, 29739.5)",29738.25,29739.5,RB2-000327,29737.5,29741.75,overlapping_active_same_direction_rb_tapped
1,756,2026-07-13 06:36:00-04:00,bullish,"(29742.25, 29746.75, 29740.75, 29746.25)",29740.75,29742.25,RB2-000327,29737.5,29741.75,overlapping_active_same_direction_rb_tapped
1,757,2026-07-13 06:37:00-04:00,bearish,"(29745.75, 29749.75, 29745.5, 29746.5)",29746.5,29749.75,RB2-000329,29743.75,29746.75,overlapping_active_same_direction_rb_tapped
1,759,2026-07-13 06:39:00-04:00,bearish,"(29753.25, 29755.75, 29750.25, 29750.5)",29753.25,29755.75,RB2-000328,29750.0,29753.75,overlapping_active_same_direction_rb_tapped
1,762,2026-07-13 06:42:00-04:00,bullish,"(29742.5, 29743.0, 29736.75, 29739.5)",29736.75,29739.5,RB2-000327,29737.5,29741.75,overlapping_active_same_direction_rb_tapped
1,763,2026-07-13 06:43:00-04:00,bullish,"(29739.25, 29741.0, 29737.0, 29739.5)",29737.0,29739.25,RB2-000327,29737.5,29741.75,overlapping_active_same_direction_rb_tapped
1,764,2026-07-13 06:44:00-04:00,bullish,"(29738.75, 29740.5, 29736.5, 29739.25)",29736.5,29738.75,RB2-000327,29737.5,29741.75,overlapping_active_same_direction_rb_tapped
1,769,2026-07-13 06:49:00-04:00,bearish,"(29756.75, 29764.0, 29755.25, 29755.25)",29756.75,29764.0,RB2-000315,29762.0,29766.25,overlapping_active_same_direction_rb_tapped
1,771,2026-07-13 06:51:00-04:00,bullish,"(29758.5, 29760.25, 29753.0, 29756.75)",29753.0,29756.75,RB2-000334,29748.75,29755.0,overlapping_active_same_direction_rb_tapped
1,772,2026-07-13 06:52:00-04:00,bullish,"(29758.25, 29758.75, 29752.25, 29756.25)",29752.25,29756.25,RB2-000334,29748.75,29755.0,overlapping_active_same_direction_rb_tapped
1,774,2026-07-13 06:54:00-04:00,bearish,"(29753.75, 29758.25, 29753.75, 29755.0)",29755.0,29758.25,RB2-000335,29756.5,29757.25,overlapping_active_same_direction_rb_tapped
1,775,2026-07-13 06:55:00-04:00,bullish,"(29754.75, 29754.75, 29746.25, 29750.75)",29746.25,29750.75,RB2-000334,29748.75,29755.0,overlapping_active_same_direction_rb_tapped
1,777,2026-07-13 06:57:00-04:00,bearish,"(29751.5, 29754.75, 29750.75, 29752.75)",29752.75,29754.75,RB2-000336,29752.75,29754.25,overlapping_active_same_direction_rb_tapped
1,783,2026-07-13 07:03:00-04:00,bearish,"(29776.0, 29792.5, 29776.0, 29780.75)",29780.75,29792.5,RB2-000338,29785.0,29790.5,overlapping_active_same_direction_rb_tapped
1,785,2026-07-13 07:05:00-04:00,bullish,"(29775.75, 29794.5, 29770.0, 29794.5)",29770.0,29775.75,RB2-000339,29770.0,29775.25,overlapping_active_same_direction_rb_tapped
1,788,2026-07-13 07:08:00-04:00,bullish,"(29782.5, 29782.75, 29773.25, 29775.0)",29773.25,29775.0,RB2-000339,29770.0,29775.25,overlapping_active_same_direction_rb_tapped
1,797,2026-07-13 07:17:00-04:00,bullish,"(29775.5, 29781.25, 29772.0, 29779.5)",29772.0,29775.5,RB2-000348,29771.75,29776.5,overlapping_active_same_direction_rb_tapped
1,806,2026-07-13 07:26:00-04:00,bearish,"(29770.25, 29775.25, 29770.0, 29772.75)",29772.75,29775.25,RB2-000352,29769.75,29776.5,overlapping_active_same_direction_rb_tapped
1,809,2026-07-13 07:29:00-04:00,bullish,"(29778.75, 29780.0, 29773.0, 29774.75)",29773.0,29774.75,RB2-000353,29768.75,29773.5,overlapping_active_same_direction_rb_tapped
1,810,2026-07-13 07:30:00-04:00,bearish,"(29773.0, 29783.0, 29772.5, 29781.25)",29781.25,29783.0,RB2-000354,29779.75,29782.75,overlapping_active_same_direction_rb_tapped
1,811,2026-07-13 07:31:00-04:00,bullish,"(29782.5, 29782.5, 29768.5, 29773.75)",29768.5,29773.75,RB2-000353,29768.75,29773.5,overlapping_active_same_direction_rb_tapped
1,812,2026-07-13 07:32:00-04:00,bearish,"(29773.25, 29782.0, 29773.0, 29778.5)",29778.5,29782.0,RB2-000354,29779.75,29782.75,overlapping_active_same_direction_rb_tapped
1,813,2026-07-13 07:33:00-04:00,bearish,"(29778.5, 29784.0, 29770.0, 29772.0)",29778.5,29784.0,RB2-000354,29779.75,29782.75,overlapping_active_same_direction_rb_tapped
1,818,2026-07-13 07:38:00-04:00,bearish,"(29781.0, 29786.0, 29780.0, 29784.75)",29784.75,29786.0,RB2-000355,29784.0,29787.0,overlapping_active_same_direction_rb_tapped
1,820,2026-07-13 07:40:00-04:00,bearish,"(29784.75, 29788.75, 29773.0, 29774.5)",29784.75,29788.75,RB2-000355,29784.0,29787.0,overlapping_active_same_direction_rb_tapped
1,822,2026-07-13 07:42:00-04:00,bearish,"(29773.25, 29777.5, 29769.75, 29771.75)",29773.25,29777.5,RB2-000358,29774.25,29777.0,overlapping_active_same_direction_rb_tapped
1,823,2026-07-13 07:43:00-04:00,bullish,"(29773.25, 29775.5, 29771.75, 29774.25)",29771.75,29773.25,RB2-000353,29768.75,29773.5,overlapping_active_same_direction_rb_tapped
1,824,2026-07-13 07:44:00-04:00,bearish,"(29772.5, 29775.75, 29765.0, 29768.0)",29772.5,29775.75,RB2-000358,29774.25,29777.0,overlapping_active_same_direction_rb_tapped
1,828,2026-07-13 07:48:00-04:00,bullish,"(29758.75, 29760.25, 29750.5, 29754.25)",29750.5,29754.25,RB2-000359,29749.75,29756.25,overlapping_active_same_direction_rb_tapped
1,833,2026-07-13 07:53:00-04:00,bearish,"(29757.5, 29764.25, 29750.0, 29751.0)",29757.5,29764.25,RB2-000361,29763.5,29765.75,overlapping_active_same_direction_rb_tapped
1,835,2026-07-13 07:55:00-04:00,bullish,"(29743.25, 29746.5, 29734.75, 29745.5)",29734.75,29743.25,RB2-000331,29735.75,29738.5,overlapping_active_same_direction_rb_tapped
1,843,2026-07-13 08:03:00-04:00,bullish,"(29725.0, 29725.0, 29716.75, 29721.5)",29716.75,29721.5,RB2-000277,29712.75,29716.75,overlapping_active_same_direction_rb_tapped
1,844,2026-07-13 08:04:00-04:00,bearish,"(29724.75, 29733.0, 29724.75, 29730.0)",29730.0,29733.0,RB2-000367,29731.5,29735.0,overlapping_active_same_direction_rb_tapped
1,846,2026-07-13 08:06:00-04:00,bearish,"(29728.75, 29735.5, 29725.0, 29728.0)",29728.75,29735.5,RB2-000367,29731.5,29735.0,overlapping_active_same_direction_rb_tapped
1,851,2026-07-13 08:11:00-04:00,bearish,"(29748.75, 29757.25, 29714.5, 29716.5)",29748.75,29757.25,RB2-000365,29742.0,29752.0,overlapping_active_same_direction_rb_tapped
1,852,2026-07-13 08:12:00-04:00,bullish,"(29715.75, 29715.75, 29693.75, 29712.75)",29693.75,29712.75,RB2-000276,29700.0,29703.75,overlapping_active_same_direction_rb_tapped
1,858,2026-07-13 08:18:00-04:00,bullish,"(29711.25, 29723.25, 29706.0, 29720.0)",29706.0,29711.25,RB2-000373,29705.25,29708.75,overlapping_active_same_direction_rb_tapped
1,861,2026-07-13 08:21:00-04:00,bullish,"(29704.5, 29711.25, 29699.25, 29707.0)",29699.25,29704.5,RB2-000376,29698.25,29704.25,overlapping_active_same_direction_rb_tapped
1,863,2026-07-13 08:23:00-04:00,bullish,"(29707.5, 29707.5, 29697.25, 29699.75)",29697.25,29699.75,RB2-000376,29698.25,29704.25,overlapping_active_same_direction_rb_tapped
1,865,2026-07-13 08:25:00-04:00,bullish,"(29697.25, 29699.25, 29690.25, 29698.0)",29690.25,29697.25,RB2-000378,29694.0,29697.5,overlapping_active_same_direction_rb_tapped
1,867,2026-07-13 08:27:00-04:00,bullish,"(29693.25, 29696.25, 29684.5, 29688.5)",29684.5,29688.5,RB2-000379,29687.5,29695.0,overlapping_active_same_direction_rb_tapped
1,869,2026-07-13 08:29:00-04:00,bearish,"(29690.5, 29692.0, 29682.75, 29684.0)",29690.5,29692.0,RB2-000380,29691.0,29695.25,overlapping_active_same_direction_rb_tapped
1,870,2026-07-13 08:30:00-04:00,bullish,"(29684.5, 29684.5, 29671.25, 29675.0)",29671.25,29675.0,RB2-000262,29675.0,29677.5,overlapping_active_same_direction_rb_tapped
1,872,2026-07-13 08:32:00-04:00,bullish,"(29663.5, 29671.5, 29659.0, 29671.5)",29659.0,29663.5,RB2-000381,29660.0,29663.0,overlapping_active_same_direction_rb_tapped
1,875,2026-07-13 08:35:00-04:00,bullish,"(29672.25, 29672.25, 29662.25, 29671.5)",29662.25,29671.5,RB2-000382,29658.0,29666.5,overlapping_active_same_direction_rb_tapped
1,876,2026-07-13 08:36:00-04:00,bullish,"(29672.25, 29674.5, 29656.25, 29659.75)",29656.25,29659.75,RB2-000382,29658.0,29666.5,overlapping_active_same_direction_rb_tapped
1,881,2026-07-13 08:41:00-04:00,bullish,"(29685.25, 29689.0, 29669.5, 29677.75)",29669.5,29677.75,RB2-000384,29670.5,29672.0,overlapping_active_same_direction_rb_tapped
1,884,2026-07-13 08:44:00-04:00,bearish,"(29683.0, 29694.5, 29682.25, 29689.5)",29689.5,29694.5,RB2-000380,29691.0,29695.25,overlapping_active_same_direction_rb_tapped
1,886,2026-07-13 08:46:00-04:00,bearish,"(29691.75, 29697.5, 29690.25, 29693.0)",29693.0,29697.5,RB2-000380,29691.0,29695.25,overlapping_active_same_direction_rb_tapped
1,891,2026-07-13 08:51:00-04:00,bullish,"(29716.0, 29721.25, 29710.5, 29717.5)",29710.5,29716.0,RB2-000389,29711.25,29712.5,overlapping_active_same_direction_rb_tapped
1,895,2026-07-13 08:55:00-04:00,bearish,"(29710.75, 29716.0, 29709.75, 29712.25)",29712.25,29716.0,RB2-000391,29709.5,29715.5,overlapping_active_same_direction_rb_tapped
1,896,2026-07-13 08:56:00-04:00,bullish,"(29711.75, 29719.5, 29709.5, 29717.5)",29709.5,29711.75,RB2-000390,29702.5,29709.5,overlapping_active_same_direction_rb_tapped
1,898,2026-07-13 08:58:00-04:00,bearish,"(29717.0, 29722.5, 29716.0, 29719.75)",29719.75,29722.5,RB2-000375,29720.0,29722.0,overlapping_active_same_direction_rb_tapped
1,899,2026-07-13 08:59:00-04:00,bullish,"(29722.75, 29725.0, 29715.75, 29719.0)",29715.75,29719.0,RB2-000392,29711.5,29717.0,overlapping_active_same_direction_rb_tapped
1,903,2026-07-13 09:03:00-04:00,bearish,"(29741.75, 29747.0, 29737.0, 29738.25)",29741.75,29747.0,RB2-000394,29740.0,29748.0,overlapping_active_same_direction_rb_tapped
1,904,2026-07-13 09:04:00-04:00,bearish,"(29738.25, 29745.5, 29738.25, 29740.75)",29740.75,29745.5,RB2-000394,29740.0,29748.0,overlapping_active_same_direction_rb_tapped
1,905,2026-07-13 09:05:00-04:00,bearish,"(29741.25, 29745.25, 29737.0, 29737.0)",29741.25,29745.25,RB2-000394,29740.0,29748.0,overlapping_active_same_direction_rb_tapped
1,906,2026-07-13 09:06:00-04:00,bearish,"(29737.75, 29746.75, 29728.25, 29729.5)",29737.75,29746.75,RB2-000394,29740.0,29748.0,overlapping_active_same_direction_rb_tapped
1,908,2026-07-13 09:08:00-04:00,bullish,"(29734.0, 29734.75, 29725.0, 29732.5)",29725.0,29732.5,RB2-000395,29721.0,29729.75,overlapping_active_same_direction_rb_tapped
1,909,2026-07-13 09:09:00-04:00,bullish,"(29732.25, 29733.5, 29719.0, 29727.5)",29719.0,29727.5,RB2-000395,29721.0,29729.75,overlapping_active_same_direction_rb_tapped
1,912,2026-07-13 09:12:00-04:00,bullish,"(29722.25, 29724.0, 29716.25, 29721.5)",29716.25,29721.5,RB2-000392,29711.5,29717.0,overlapping_active_same_direction_rb_tapped
1,913,2026-07-13 09:13:00-04:00,bullish,"(29722.5, 29726.5, 29715.5, 29722.25)",29715.5,29722.25,RB2-000392,29711.5,29717.0,overlapping_active_same_direction_rb_tapped
1,915,2026-07-13 09:15:00-04:00,bullish,"(29718.5, 29718.5, 29709.5, 29713.5)",29709.5,29713.5,RB2-000390,29702.5,29709.5,overlapping_active_same_direction_rb_tapped
1,917,2026-07-13 09:17:00-04:00,bearish,"(29711.75, 29714.0, 29704.0, 29705.25)",29711.75,29714.0,RB2-000399,29713.75,29716.5,overlapping_active_same_direction_rb_tapped
1,919,2026-07-13 09:19:00-04:00,bearish,"(29709.0, 29711.75, 29697.5, 29699.0)",29709.0,29711.75,RB2-000400,29708.5,29712.25,overlapping_active_same_direction_rb_tapped
1,920,2026-07-13 09:20:00-04:00,bullish,"(29698.0, 29698.75, 29689.0, 29692.5)",29689.0,29692.5,RB2-000386,29691.0,29693.25,overlapping_active_same_direction_rb_tapped
1,922,2026-07-13 09:22:00-04:00,bearish,"(29695.75, 29702.25, 29692.75, 29696.0)",29696.0,29702.25,RB2-000401,29695.0,29698.75,overlapping_active_same_direction_rb_tapped
1,929,2026-07-13 09:29:00-04:00,bearish,"(29710.25, 29721.25, 29701.75, 29710.75)",29710.75,29721.25,RB2-000399,29713.75,29716.5,overlapping_active_same_direction_rb_tapped
1,930,2026-07-13 09:30:00-04:00,bullish,"(29710.0, 29737.0, 29651.0, 29714.0)",29651.0,29710.0,RB2-000259,29647.5,29654.25,overlapping_active_same_direction_rb_tapped
1,934,2026-07-13 09:34:00-04:00,bullish,"(29671.0, 29676.0, 29631.75, 29644.75)",29631.75,29644.75,RB2-000235,29633.0,29640.0,overlapping_active_same_direction_rb_tapped
1,936,2026-07-13 09:36:00-04:00,bullish,"(29661.75, 29661.75, 29626.25, 29644.0)",29626.25,29644.0,RB2-000235,29633.0,29640.0,overlapping_active_same_direction_rb_tapped
1,938,2026-07-13 09:38:00-04:00,bearish,"(29620.25, 29666.75, 29610.75, 29652.75)",29652.75,29666.75,RB2-000406,29664.0,29673.5,overlapping_active_same_direction_rb_tapped
1,942,2026-07-13 09:42:00-04:00,bullish,"(29573.25, 29578.75, 29552.25, 29571.25)",29552.25,29571.25,RB2-000409,29562.25,29580.25,overlapping_active_same_direction_rb_tapped
1,944,2026-07-13 09:44:00-04:00,bearish,"(29571.25, 29602.75, 29566.5, 29596.0)",29596.0,29602.75,RB2-000410,29583.75,29602.5,overlapping_active_same_direction_rb_tapped
1,946,2026-07-13 09:46:00-04:00,bearish,"(29544.5, 29598.0, 29544.5, 29578.5)",29578.5,29598.0,RB2-000410,29583.75,29602.5,overlapping_active_same_direction_rb_tapped
1,947,2026-07-13 09:47:00-04:00,bearish,"(29579.25, 29599.5, 29569.75, 29572.75)",29579.25,29599.5,RB2-000410,29583.75,29602.5,overlapping_active_same_direction_rb_tapped
1,948,2026-07-13 09:48:00-04:00,bearish,"(29572.0, 29590.5, 29568.0, 29581.5)",29581.5,29590.5,RB2-000410,29583.75,29602.5,overlapping_active_same_direction_rb_tapped
1,950,2026-07-13 09:50:00-04:00,bearish,"(29582.0, 29595.0, 29562.5, 29565.75)",29582.0,29595.0,RB2-000410,29583.75,29602.5,overlapping_active_same_direction_rb_tapped
1,953,2026-07-13 09:53:00-04:00,bearish,"(29541.75, 29561.5, 29521.75, 29537.75)",29541.75,29561.5,RB2-000413,29540.5,29551.0,overlapping_active_same_direction_rb_tapped
1,955,2026-07-13 09:55:00-04:00,bearish,"(29540.25, 29567.5, 29526.75, 29548.25)",29548.25,29567.5,RB2-000414,29540.5,29569.0,overlapping_active_same_direction_rb_tapped
1,956,2026-07-13 09:56:00-04:00,bearish,"(29550.0, 29570.0, 29543.0, 29546.0)",29550.0,29570.0,RB2-000414,29540.5,29569.0,overlapping_active_same_direction_rb_tapped
1,966,2026-07-13 10:06:00-04:00,bearish,"(29575.5, 29592.0, 29560.75, 29576.0)",29576.0,29592.0,RB2-000419,29585.75,29600.75,overlapping_active_same_direction_rb_tapped
1,967,2026-07-13 10:07:00-04:00,bearish,"(29574.5, 29595.0, 29570.5, 29581.5)",29581.5,29595.0,RB2-000419,29585.75,29600.75,overlapping_active_same_direction_rb_tapped
1,972,2026-07-13 10:12:00-04:00,bullish,"(29641.0, 29641.5, 29615.0, 29630.25)",29615.0,29630.25,RB2-000422,29607.25,29620.25,overlapping_active_same_direction_rb_tapped
1,974,2026-07-13 10:14:00-04:00,bearish,"(29638.0, 29655.5, 29634.5, 29650.75)",29650.75,29655.5,RB2-000408,29653.75,29661.5,overlapping_active_same_direction_rb_tapped
1,977,2026-07-13 10:17:00-04:00,bullish,"(29557.0, 29590.25, 29493.5, 29558.5)",29493.5,29557.0,RB2-000426,29488.5,29557.25,overlapping_active_same_direction_rb_tapped
1,978,2026-07-13 10:18:00-04:00,bullish,"(29560.5, 29582.75, 29535.5, 29560.25)",29535.5,29560.25,RB2-000426,29488.5,29557.25,overlapping_active_same_direction_rb_tapped
1,980,2026-07-13 10:20:00-04:00,bearish,"(29584.5, 29601.5, 29568.5, 29583.75)",29584.5,29601.5,RB2-000427,29585.25,29601.0,overlapping_active_same_direction_rb_tapped
1,981,2026-07-13 10:21:00-04:00,bearish,"(29583.5, 29606.75, 29573.0, 29588.5)",29588.5,29606.75,RB2-000427,29585.25,29601.0,overlapping_active_same_direction_rb_tapped
1,984,2026-07-13 10:24:00-04:00,bearish,"(29616.0, 29677.25, 29616.0, 29665.25)",29665.25,29677.25,RB2-000406,29664.0,29673.5,overlapping_active_same_direction_rb_tapped
1,986,2026-07-13 10:26:00-04:00,bearish,"(29656.75, 29681.0, 29650.75, 29673.0)",29673.0,29681.0,RB2-000430,29666.0,29674.25,overlapping_active_same_direction_rb_tapped
1,991,2026-07-13 10:31:00-04:00,bearish,"(29708.75, 29717.25, 29691.75, 29699.75)",29708.75,29717.25,RB2-000433,29709.25,29724.0,overlapping_active_same_direction_rb_tapped
1,993,2026-07-13 10:33:00-04:00,bullish,"(29699.0, 29707.5, 29683.25, 29704.0)",29683.25,29699.0,RB2-000434,29689.25,29699.25,overlapping_active_same_direction_rb_tapped
1,994,2026-07-13 10:34:00-04:00,bearish,"(29704.5, 29717.0, 29693.5, 29699.75)",29704.5,29717.0,RB2-000433,29709.25,29724.0,overlapping_active_same_direction_rb_tapped
1,997,2026-07-13 10:37:00-04:00,bullish,"(29675.0, 29679.0, 29655.0, 29665.25)",29655.0,29665.25,RB2-000432,29652.25,29662.25,overlapping_active_same_direction_rb_tapped
1,1000,2026-07-13 10:40:00-04:00,bullish,"(29687.5, 29688.75, 29645.0, 29660.5)",29645.0,29660.5,RB2-000432,29652.25,29662.25,overlapping_active_same_direction_rb_tapped
1,1008,2026-07-13 10:48:00-04:00,bearish,"(29649.5, 29676.0, 29648.25, 29669.0)",29669.0,29676.0,RB2-000438,29661.25,29677.0,overlapping_active_same_direction_rb_tapped
1,1009,2026-07-13 10:49:00-04:00,bearish,"(29669.0, 29698.25, 29665.75, 29691.5)",29691.5,29698.25,RB2-000437,29685.25,29694.0,overlapping_active_same_direction_rb_tapped
1,1010,2026-07-13 10:50:00-04:00,bearish,"(29691.25, 29700.5, 29680.5, 29688.0)",29691.25,29700.5,RB2-000435,29699.25,29707.25,overlapping_active_same_direction_rb_tapped
1,1012,2026-07-13 10:52:00-04:00,bullish,"(29679.25, 29684.0, 29640.5, 29653.75)",29640.5,29653.75,RB2-000442,29634.25,29643.0,overlapping_active_same_direction_rb_tapped
1,1013,2026-07-13 10:53:00-04:00,bullish,"(29654.25, 29657.25, 29640.0, 29648.75)",29640.0,29648.75,RB2-000442,29634.25,29643.0,overlapping_active_same_direction_rb_tapped
1,1014,2026-07-13 10:54:00-04:00,bullish,"(29647.75, 29649.5, 29628.75, 29640.0)",29628.75,29640.0,RB2-000442,29634.25,29643.0,overlapping_active_same_direction_rb_tapped
1,1018,2026-07-13 10:58:00-04:00,bearish,"(29684.25, 29699.75, 29680.0, 29691.5)",29691.5,29699.75,RB2-000435,29699.25,29707.25,overlapping_active_same_direction_rb_tapped
1,1021,2026-07-13 11:01:00-04:00,bearish,"(29745.5, 29752.5, 29733.75, 29740.0)",29745.5,29752.5,RB2-000394,29740.0,29748.0,overlapping_active_same_direction_rb_tapped
1,1023,2026-07-13 11:03:00-04:00,bullish,"(29732.0, 29735.75, 29717.75, 29730.5)",29717.75,29730.5,RB2-000447,29724.25,29732.75,overlapping_active_same_direction_rb_tapped
1,1027,2026-07-13 11:07:00-04:00,bullish,"(29716.0, 29717.0, 29700.0, 29706.75)",29700.0,29706.75,RB2-000449,29702.0,29711.75,overlapping_active_same_direction_rb_tapped
1,1029,2026-07-13 11:09:00-04:00,bullish,"(29696.0, 29704.25, 29682.5, 29693.25)",29682.5,29693.25,RB2-000451,29691.25,29696.25,overlapping_active_same_direction_rb_tapped
1,1031,2026-07-13 11:11:00-04:00,bearish,"(29710.0, 29719.0, 29696.75, 29704.75)",29710.0,29719.0,RB2-000450,29716.0,29729.5,overlapping_active_same_direction_rb_tapped
1,1032,2026-07-13 11:12:00-04:00,bullish,"(29703.5, 29703.75, 29685.25, 29690.25)",29685.25,29690.25,RB2-000452,29682.25,29692.5,overlapping_active_same_direction_rb_tapped
1,1033,2026-07-13 11:13:00-04:00,bullish,"(29691.75, 29695.75, 29678.25, 29687.25)",29678.25,29687.25,RB2-000452,29682.25,29692.5,overlapping_active_same_direction_rb_tapped
1,1034,2026-07-13 11:14:00-04:00,bullish,"(29686.25, 29688.5, 29671.0, 29682.25)",29671.0,29682.25,RB2-000446,29668.0,29674.25,overlapping_active_same_direction_rb_tapped
1,1041,2026-07-13 11:21:00-04:00,bearish,"(29700.5, 29707.25, 29696.25, 29702.5)",29702.5,29707.25,RB2-000454,29694.25,29705.75,overlapping_active_same_direction_rb_tapped
1,1042,2026-07-13 11:22:00-04:00,bullish,"(29702.0, 29712.0, 29696.75, 29708.5)",29696.75,29702.0,RB2-000456,29689.5,29700.0,overlapping_active_same_direction_rb_tapped
1,1043,2026-07-13 11:23:00-04:00,bearish,"(29707.0, 29728.25, 29706.25, 29721.5)",29721.5,29728.25,RB2-000450,29716.0,29729.5,overlapping_active_same_direction_rb_tapped
1,1044,2026-07-13 11:24:00-04:00,bearish,"(29722.0, 29729.5, 29713.75, 29720.0)",29722.0,29729.5,RB2-000450,29716.0,29729.5,overlapping_active_same_direction_rb_tapped
1,1046,2026-07-13 11:26:00-04:00,bullish,"(29691.5, 29704.5, 29683.0, 29696.5)",29683.0,29691.5,RB2-000455,29676.25,29687.0,overlapping_active_same_direction_rb_tapped
1,1049,2026-07-13 11:29:00-04:00,bearish,"(29709.0, 29718.5, 29705.0, 29707.25)",29709.0,29718.5,RB2-000450,29716.0,29729.5,overlapping_active_same_direction_rb_tapped
1,1050,2026-07-13 11:30:00-04:00,bullish,"(29709.0, 29709.5, 29681.25, 29690.25)",29681.25,29690.25,RB2-000455,29676.25,29687.0,overlapping_active_same_direction_rb_tapped
1,1052,2026-07-13 11:32:00-04:00,bearish,"(29711.75, 29724.5, 29710.25, 29714.0)",29714.0,29724.5,RB2-000450,29716.0,29729.5,overlapping_active_same_direction_rb_tapped
1,1054,2026-07-13 11:34:00-04:00,bearish,"(29704.25, 29716.5, 29688.5, 29692.25)",29704.25,29716.5,RB2-000450,29716.0,29729.5,overlapping_active_same_direction_rb_tapped
1,1059,2026-07-13 11:39:00-04:00,bullish,"(29685.25, 29689.25, 29674.0, 29682.0)",29674.0,29682.0,RB2-000462,29680.5,29686.25,overlapping_active_same_direction_rb_tapped
1,1063,2026-07-13 11:43:00-04:00,bearish,"(29666.25, 29669.25, 29654.75, 29657.0)",29666.25,29669.25,RB2-000464,29667.75,29677.5,overlapping_active_same_direction_rb_tapped
1,1064,2026-07-13 11:44:00-04:00,bullish,"(29657.0, 29661.75, 29648.25, 29654.25)",29648.25,29654.25,RB2-000445,29653.0,29659.75,overlapping_active_same_direction_rb_tapped
1,1065,2026-07-13 11:45:00-04:00,bullish,"(29654.0, 29656.5, 29636.75, 29643.25)",29636.75,29643.25,RB2-000444,29627.75,29639.0,overlapping_active_same_direction_rb_tapped
1,1066,2026-07-13 11:46:00-04:00,bullish,"(29643.0, 29648.0, 29633.0, 29642.5)",29633.0,29642.5,RB2-000444,29627.75,29639.0,overlapping_active_same_direction_rb_tapped
1,1067,2026-07-13 11:47:00-04:00,bullish,"(29643.25, 29648.25, 29630.0, 29635.75)",29630.0,29635.75,RB2-000444,29627.75,29639.0,overlapping_active_same_direction_rb_tapped
1,1070,2026-07-13 11:50:00-04:00,bearish,"(29638.0, 29641.75, 29620.0, 29621.75)",29638.0,29641.75,RB2-000465,29637.0,29641.5,overlapping_active_same_direction_rb_tapped
1,1074,2026-07-13 11:54:00-04:00,bullish,"(29632.25, 29633.75, 29617.75, 29626.75)",29617.75,29626.75,RB2-000469,29616.75,29621.75,overlapping_active_same_direction_rb_tapped
1,1075,2026-07-13 11:55:00-04:00,bullish,"(29626.75, 29631.0, 29613.75, 29620.5)",29613.75,29620.5,RB2-000469,29616.75,29621.75,overlapping_active_same_direction_rb_tapped
1,1076,2026-07-13 11:56:00-04:00,bullish,"(29621.25, 29623.5, 29602.25, 29606.0)",29602.25,29606.0,RB2-000468,29599.75,29604.25,overlapping_active_same_direction_rb_tapped
1,1077,2026-07-13 11:57:00-04:00,bullish,"(29606.0, 29616.0, 29596.75, 29616.0)",29596.75,29606.0,RB2-000468,29599.75,29604.25,overlapping_active_same_direction_rb_tapped
1,1079,2026-07-13 11:59:00-04:00,bullish,"(29609.5, 29613.25, 29600.25, 29612.25)",29600.25,29609.5,RB2-000470,29604.25,29610.25,overlapping_active_same_direction_rb_tapped
1,1082,2026-07-13 12:02:00-04:00,bullish,"(29609.0, 29612.25, 29595.0, 29609.25)",29595.0,29609.0,RB2-000471,29592.5,29596.25,overlapping_active_same_direction_rb_tapped
1,1083,2026-07-13 12:03:00-04:00,bearish,"(29609.25, 29618.75, 29602.0, 29608.5)",29609.25,29618.75,RB2-000472,29607.75,29616.5,overlapping_active_same_direction_rb_tapped
1,1092,2026-07-13 12:12:00-04:00,bullish,"(29630.0, 29635.25, 29604.0, 29610.5)",29604.0,29610.5,RB2-000476,29609.0,29616.0,overlapping_active_same_direction_rb_tapped
1,1094,2026-07-13 12:14:00-04:00,bullish,"(29610.5, 29615.0, 29597.5, 29613.5)",29597.5,29610.5,RB2-000475,29596.5,29599.25,overlapping_active_same_direction_rb_tapped
1,1095,2026-07-13 12:15:00-04:00,bullish,"(29613.25, 29616.0, 29591.75, 29598.25)",29591.75,29598.25,RB2-000475,29596.5,29599.25,overlapping_active_same_direction_rb_tapped
1,1096,2026-07-13 12:16:00-04:00,bullish,"(29598.5, 29598.5, 29574.0, 29580.25)",29574.0,29580.25,RB2-000429,29570.0,29585.0,overlapping_active_same_direction_rb_tapped
1,1097,2026-07-13 12:17:00-04:00,bullish,"(29580.5, 29585.0, 29569.0, 29584.5)",29569.0,29580.5,RB2-000429,29570.0,29585.0,overlapping_active_same_direction_rb_tapped
1,1098,2026-07-13 12:18:00-04:00,bullish,"(29583.75, 29584.0, 29566.25, 29576.0)",29566.25,29576.0,RB2-000429,29570.0,29585.0,overlapping_active_same_direction_rb_tapped
1,1103,2026-07-13 12:23:00-04:00,bullish,"(29564.75, 29568.0, 29556.25, 29564.25)",29556.25,29564.25,RB2-000426,29488.5,29557.25,overlapping_active_same_direction_rb_tapped
1,1105,2026-07-13 12:25:00-04:00,bullish,"(29565.75, 29568.0, 29553.5, 29558.5)",29553.5,29558.5,RB2-000426,29488.5,29557.25,overlapping_active_same_direction_rb_tapped
1,1106,2026-07-13 12:26:00-04:00,bullish,"(29558.75, 29561.25, 29542.25, 29555.75)",29542.25,29555.75,RB2-000426,29488.5,29557.25,overlapping_active_same_direction_rb_tapped
1,1107,2026-07-13 12:27:00-04:00,bullish,"(29556.25, 29556.75, 29542.0, 29552.25)",29542.0,29552.25,RB2-000426,29488.5,29557.25,overlapping_active_same_direction_rb_tapped
1,1109,2026-07-13 12:29:00-04:00,bullish,"(29563.25, 29564.0, 29535.0, 29558.0)",29535.0,29558.0,RB2-000426,29488.5,29557.25,overlapping_active_same_direction_rb_tapped
1,1111,2026-07-13 12:31:00-04:00,bullish,"(29530.0, 29535.0, 29513.0, 29531.0)",29513.0,29530.0,RB2-000426,29488.5,29557.25,overlapping_active_same_direction_rb_tapped
1,1113,2026-07-13 12:33:00-04:00,bullish,"(29526.0, 29535.25, 29515.0, 29527.25)",29515.0,29526.0,RB2-000426,29488.5,29557.25,overlapping_active_same_direction_rb_tapped
1,1118,2026-07-13 12:38:00-04:00,bullish,"(29475.75, 29503.75, 29469.5, 29502.75)",29469.5,29475.75,RB2-000486,29460.75,29479.25,overlapping_active_same_direction_rb_tapped
1,1119,2026-07-13 12:39:00-04:00,bearish,"(29504.0, 29531.5, 29502.5, 29519.0)",29519.0,29531.5,RB2-000485,29531.25,29537.5,overlapping_active_same_direction_rb_tapped
1,1124,2026-07-13 12:44:00-04:00,bullish,"(29546.75, 29549.5, 29525.0, 29537.25)",29525.0,29537.25,RB2-000489,29526.25,29534.25,overlapping_active_same_direction_rb_tapped
1,1126,2026-07-13 12:46:00-04:00,bullish,"(29537.5, 29553.75, 29531.5, 29553.0)",29531.5,29537.5,RB2-000489,29526.25,29534.25,overlapping_active_same_direction_rb_tapped
1,1130,2026-07-13 12:50:00-04:00,bullish,"(29512.0, 29516.5, 29463.75, 29480.25)",29463.75,29480.25,RB2-000486,29460.75,29479.25,overlapping_active_same_direction_rb_tapped
1,1139,2026-07-13 12:59:00-04:00,bullish,"(29533.75, 29533.75, 29514.75, 29525.75)",29514.75,29525.75,RB2-000498,29515.0,29522.5,overlapping_active_same_direction_rb_tapped
1,1140,2026-07-13 13:00:00-04:00,bullish,"(29526.5, 29550.0, 29516.5, 29550.0)",29516.5,29526.5,RB2-000498,29515.0,29522.5,overlapping_active_same_direction_rb_tapped
1,1141,2026-07-13 13:01:00-04:00,bearish,"(29549.75, 29554.25, 29543.25, 29544.0)",29549.75,29554.25,RB2-000491,29537.0,29553.75,overlapping_active_same_direction_rb_tapped
1,1142,2026-07-13 13:02:00-04:00,bearish,"(29543.5, 29551.75, 29532.5, 29535.75)",29543.5,29551.75,RB2-000491,29537.0,29553.75,overlapping_active_same_direction_rb_tapped
1,1143,2026-07-13 13:03:00-04:00,bearish,"(29537.0, 29552.5, 29533.5, 29545.5)",29545.5,29552.5,RB2-000491,29537.0,29553.75,overlapping_active_same_direction_rb_tapped
1,1144,2026-07-13 13:04:00-04:00,bearish,"(29546.0, 29552.75, 29529.5, 29530.5)",29546.0,29552.75,RB2-000491,29537.0,29553.75,overlapping_active_same_direction_rb_tapped
1,1145,2026-07-13 13:05:00-04:00,bearish,"(29529.0, 29546.25, 29524.0, 29534.75)",29534.75,29546.25,RB2-000491,29537.0,29553.75,overlapping_active_same_direction_rb_tapped
1,1146,2026-07-13 13:06:00-04:00,bearish,"(29533.75, 29548.75, 29533.75, 29543.5)",29543.5,29548.75,RB2-000491,29537.0,29553.75,overlapping_active_same_direction_rb_tapped
1,1149,2026-07-13 13:09:00-04:00,bearish,"(29551.0, 29572.0, 29550.75, 29566.25)",29566.25,29572.0,RB2-000484,29563.75,29568.25,overlapping_active_same_direction_rb_tapped
1,1150,2026-07-13 13:10:00-04:00,bearish,"(29566.25, 29580.75, 29560.75, 29562.25)",29566.25,29580.75,RB2-000481,29576.25,29583.5,overlapping_active_same_direction_rb_tapped
1,1152,2026-07-13 13:12:00-04:00,bullish,"(29559.25, 29565.5, 29546.75, 29554.25)",29546.75,29554.25,RB2-000501,29546.25,29551.0,overlapping_active_same_direction_rb_tapped
1,1154,2026-07-13 13:14:00-04:00,bullish,"(29546.75, 29547.75, 29532.0, 29541.0)",29532.0,29541.0,RB2-000500,29540.75,29544.25,overlapping_active_same_direction_rb_tapped
1,1156,2026-07-13 13:16:00-04:00,bullish,"(29525.5, 29531.75, 29511.5, 29528.5)",29511.5,29525.5,RB2-000498,29515.0,29522.5,overlapping_active_same_direction_rb_tapped
1,1160,2026-07-13 13:20:00-04:00,bullish,"(29541.0, 29541.0, 29526.75, 29536.75)",29526.75,29536.75,RB2-000504,29518.25,29528.75,overlapping_active_same_direction_rb_tapped
1,1161,2026-07-13 13:21:00-04:00,bullish,"(29536.5, 29537.75, 29521.0, 29533.25)",29521.0,29533.25,RB2-000504,29518.25,29528.75,overlapping_active_same_direction_rb_tapped
1,1162,2026-07-13 13:22:00-04:00,bearish,"(29534.0, 29545.0, 29528.5, 29529.75)",29534.0,29545.0,RB2-000506,29543.5,29551.5,overlapping_active_same_direction_rb_tapped
1,1168,2026-07-13 13:28:00-04:00,bearish,"(29514.75, 29524.0, 29513.25, 29521.0)",29521.0,29524.0,RB2-000510,29514.75,29521.25,overlapping_active_same_direction_rb_tapped
1,1170,2026-07-13 13:30:00-04:00,bullish,"(29518.75, 29529.0, 29512.0, 29526.0)",29512.0,29518.75,RB2-000511,29509.0,29518.25,overlapping_active_same_direction_rb_tapped
1,1171,2026-07-13 13:31:00-04:00,bullish,"(29525.25, 29526.0, 29506.25, 29516.0)",29506.25,29516.0,RB2-000511,29509.0,29518.25,overlapping_active_same_direction_rb_tapped
1,1173,2026-07-13 13:33:00-04:00,bearish,"(29521.5, 29531.5, 29518.5, 29522.75)",29522.75,29531.5,RB2-000507,29529.25,29533.5,overlapping_active_same_direction_rb_tapped
1,1174,2026-07-13 13:34:00-04:00,bearish,"(29518.75, 29533.25, 29517.5, 29525.75)",29525.75,29533.25,RB2-000507,29529.25,29533.5,overlapping_active_same_direction_rb_tapped
1,1175,2026-07-13 13:35:00-04:00,bullish,"(29525.5, 29525.5, 29507.5, 29517.25)",29507.5,29517.25,RB2-000512,29509.75,29516.0,overlapping_active_same_direction_rb_tapped
1,1179,2026-07-13 13:39:00-04:00,bullish,"(29498.75, 29501.25, 29487.5, 29499.5)",29487.5,29498.75,RB2-000497,29489.25,29504.0,overlapping_active_same_direction_rb_tapped
1,1180,2026-07-13 13:40:00-04:00,bullish,"(29499.75, 29500.5, 29485.25, 29489.5)",29485.25,29489.5,RB2-000497,29489.25,29504.0,overlapping_active_same_direction_rb_tapped
1,1181,2026-07-13 13:41:00-04:00,bearish,"(29490.0, 29512.25, 29486.75, 29504.25)",29504.25,29512.25,RB2-000514,29504.5,29508.75,overlapping_active_same_direction_rb_tapped
1,1183,2026-07-13 13:43:00-04:00,bearish,"(29506.0, 29521.75, 29505.5, 29515.5)",29515.5,29521.75,RB2-000513,29517.25,29522.75,overlapping_active_same_direction_rb_tapped
1,1185,2026-07-13 13:45:00-04:00,bearish,"(29512.75, 29526.25, 29512.5, 29520.0)",29520.0,29526.25,RB2-000513,29517.25,29522.75,overlapping_active_same_direction_rb_tapped
1,1186,2026-07-13 13:46:00-04:00,bullish,"(29520.0, 29523.75, 29508.25, 29516.5)",29508.25,29516.5,RB2-000516,29509.5,29513.25,overlapping_active_same_direction_rb_tapped
1,1190,2026-07-13 13:50:00-04:00,bullish,"(29493.0, 29497.25, 29476.25, 29483.5)",29476.25,29483.5,RB2-000486,29460.75,29479.25,overlapping_active_same_direction_rb_tapped
1,1191,2026-07-13 13:51:00-04:00,bullish,"(29484.25, 29486.0, 29471.0, 29476.75)",29471.0,29476.75,RB2-000486,29460.75,29479.25,overlapping_active_same_direction_rb_tapped
1,1192,2026-07-13 13:52:00-04:00,bullish,"(29477.5, 29489.5, 29468.0, 29487.25)",29468.0,29477.5,RB2-000486,29460.75,29479.25,overlapping_active_same_direction_rb_tapped
1,1195,2026-07-13 13:55:00-04:00,bearish,"(29488.0, 29495.5, 29485.25, 29489.75)",29489.75,29495.5,RB2-000520,29487.25,29494.25,overlapping_active_same_direction_rb_tapped
1,1196,2026-07-13 13:56:00-04:00,bullish,"(29490.5, 29491.0, 29476.25, 29480.75)",29476.25,29480.75,RB2-000486,29460.75,29479.25,overlapping_active_same_direction_rb_tapped
1,1197,2026-07-13 13:57:00-04:00,bearish,"(29481.0, 29498.25, 29477.5, 29487.75)",29487.75,29498.25,RB2-000520,29487.25,29494.25,overlapping_active_same_direction_rb_tapped
1,1200,2026-07-13 14:00:00-04:00,bearish,"(29480.0, 29508.5, 29476.0, 29501.5)",29501.5,29508.5,RB2-000518,29508.5,29511.75,overlapping_active_same_direction_rb_tapped
1,1201,2026-07-13 14:01:00-04:00,bearish,"(29501.5, 29521.0, 29498.75, 29510.25)",29510.25,29521.0,RB2-000517,29515.0,29522.5,overlapping_active_same_direction_rb_tapped
1,1202,2026-07-13 14:02:00-04:00,bearish,"(29510.25, 29520.0, 29503.25, 29504.5)",29510.25,29520.0,RB2-000517,29515.0,29522.5,overlapping_active_same_direction_rb_tapped
1,1207,2026-07-13 14:07:00-04:00,bullish,"(29528.0, 29530.0, 29517.5, 29527.0)",29517.5,29527.0,RB2-000525,29522.25,29529.25,overlapping_active_same_direction_rb_tapped
1,1211,2026-07-13 14:11:00-04:00,bullish,"(29490.25, 29490.25, 29476.75, 29489.25)",29476.75,29489.25,RB2-000486,29460.75,29479.25,overlapping_active_same_direction_rb_tapped
1,1215,2026-07-13 14:15:00-04:00,bullish,"(29515.25, 29521.75, 29504.0, 29511.75)",29504.0,29511.75,RB2-000528,29503.0,29507.75,overlapping_active_same_direction_rb_tapped
1,1219,2026-07-13 14:19:00-04:00,bullish,"(29478.0, 29482.5, 29467.5, 29482.5)",29467.5,29478.0,RB2-000486,29460.75,29479.25,overlapping_active_same_direction_rb_tapped
1,1220,2026-07-13 14:20:00-04:00,bullish,"(29482.75, 29487.0, 29473.25, 29482.0)",29473.25,29482.0,RB2-000486,29460.75,29479.25,overlapping_active_same_direction_rb_tapped
1,1222,2026-07-13 14:22:00-04:00,bearish,"(29485.0, 29488.5, 29475.75, 29478.0)",29485.0,29488.5,RB2-000531,29485.25,29489.25,overlapping_active_same_direction_rb_tapped
1,1223,2026-07-13 14:23:00-04:00,bullish,"(29478.0, 29490.75, 29473.25, 29490.75)",29473.25,29478.0,RB2-000486,29460.75,29479.25,overlapping_active_same_direction_rb_tapped
1,1225,2026-07-13 14:25:00-04:00,bullish,"(29501.75, 29504.0, 29478.0, 29493.75)",29478.0,29493.75,RB2-000486,29460.75,29479.25,overlapping_active_same_direction_rb_tapped
1,1228,2026-07-13 14:28:00-04:00,bearish,"(29483.0, 29488.5, 29475.5, 29478.5)",29483.0,29488.5,RB2-000534,29482.5,29489.75,overlapping_active_same_direction_rb_tapped
1,1229,2026-07-13 14:29:00-04:00,bearish,"(29478.25, 29484.75, 29472.25, 29474.0)",29478.25,29484.75,RB2-000534,29482.5,29489.75,overlapping_active_same_direction_rb_tapped
1,1232,2026-07-13 14:32:00-04:00,bearish,"(29487.5, 29497.75, 29484.25, 29486.25)",29487.5,29497.75,RB2-000533,29493.0,29500.25,overlapping_active_same_direction_rb_tapped
1,1233,2026-07-13 14:33:00-04:00,bearish,"(29486.25, 29497.5, 29481.75, 29491.75)",29491.75,29497.5,RB2-000533,29493.0,29500.25,overlapping_active_same_direction_rb_tapped
1,1237,2026-07-13 14:37:00-04:00,bullish,"(29491.0, 29500.75, 29486.5, 29498.25)",29486.5,29491.0,RB2-000535,29481.75,29491.25,overlapping_active_same_direction_rb_tapped
1,1238,2026-07-13 14:38:00-04:00,bearish,"(29498.0, 29509.0, 29495.75, 29499.25)",29499.25,29509.0,RB2-000530,29502.75,29510.25,overlapping_active_same_direction_rb_tapped
1,1239,2026-07-13 14:39:00-04:00,bullish,"(29498.25, 29501.25, 29486.5, 29497.5)",29486.5,29497.5,RB2-000535,29481.75,29491.25,overlapping_active_same_direction_rb_tapped
1,1241,2026-07-13 14:41:00-04:00,bullish,"(29504.0, 29507.75, 29497.25, 29504.5)",29497.25,29504.0,RB2-000536,29493.25,29497.5,overlapping_active_same_direction_rb_tapped
1,1243,2026-07-13 14:43:00-04:00,bearish,"(29507.0, 29517.25, 29498.5, 29498.75)",29507.0,29517.25,RB2-000529,29511.5,29515.75,overlapping_active_same_direction_rb_tapped
1,1244,2026-07-13 14:44:00-04:00,bullish,"(29498.75, 29502.5, 29492.25, 29500.75)",29492.25,29498.75,RB2-000536,29493.25,29497.5,overlapping_active_same_direction_rb_tapped
1,1245,2026-07-13 14:45:00-04:00,bullish,"(29501.75, 29508.0, 29488.5, 29496.5)",29488.5,29496.5,RB2-000535,29481.75,29491.25,overlapping_active_same_direction_rb_tapped
1,1247,2026-07-13 14:47:00-04:00,bearish,"(29500.5, 29505.25, 29496.75, 29500.75)",29500.75,29505.25,RB2-000538,29499.75,29505.5,overlapping_active_same_direction_rb_tapped
1,1251,2026-07-13 14:51:00-04:00,bullish,"(29505.25, 29515.25, 29501.5, 29512.0)",29501.5,29505.25,RB2-000540,29492.75,29504.0,overlapping_active_same_direction_rb_tapped
1,1253,2026-07-13 14:53:00-04:00,bullish,"(29514.5, 29515.75, 29504.0, 29510.75)",29504.0,29510.75,RB2-000540,29492.75,29504.0,overlapping_active_same_direction_rb_tapped
1,1254,2026-07-13 14:54:00-04:00,bearish,"(29510.0, 29521.25, 29503.5, 29503.5)",29510.0,29521.25,RB2-000541,29515.75,29521.5,overlapping_active_same_direction_rb_tapped
1,1256,2026-07-13 14:56:00-04:00,bearish,"(29499.0, 29510.5, 29497.5, 29507.75)",29507.75,29510.5,RB2-000542,29504.5,29512.25,overlapping_active_same_direction_rb_tapped
1,1257,2026-07-13 14:57:00-04:00,bullish,"(29508.0, 29508.5, 29497.5, 29504.75)",29497.5,29504.75,RB2-000540,29492.75,29504.0,overlapping_active_same_direction_rb_tapped
1,1259,2026-07-13 14:59:00-04:00,bullish,"(29487.0, 29494.75, 29483.5, 29493.5)",29483.5,29487.0,RB2-000535,29481.75,29491.25,overlapping_active_same_direction_rb_tapped
1,1260,2026-07-13 15:00:00-04:00,bullish,"(29493.5, 29497.25, 29475.25, 29483.0)",29475.25,29483.0,RB2-000535,29481.75,29491.25,overlapping_active_same_direction_rb_tapped
1,1262,2026-07-13 15:02:00-04:00,bearish,"(29506.75, 29516.5, 29505.0, 29514.25)",29514.25,29516.5,RB2-000541,29515.75,29521.5,overlapping_active_same_direction_rb_tapped
1,1263,2026-07-13 15:03:00-04:00,bearish,"(29513.75, 29522.0, 29510.75, 29511.5)",29513.75,29522.0,RB2-000541,29515.75,29521.5,overlapping_active_same_direction_rb_tapped
1,1264,2026-07-13 15:04:00-04:00,bearish,"(29512.0, 29519.75, 29511.0, 29517.5)",29517.5,29519.75,RB2-000541,29515.75,29521.5,overlapping_active_same_direction_rb_tapped
1,1266,2026-07-13 15:06:00-04:00,bearish,"(29517.25, 29525.75, 29494.5, 29494.75)",29517.25,29525.75,RB2-000541,29515.75,29521.5,overlapping_active_same_direction_rb_tapped
1,1269,2026-07-13 15:09:00-04:00,bearish,"(29490.75, 29493.75, 29478.25, 29479.25)",29490.75,29493.75,RB2-000545,29491.75,29495.25,overlapping_active_same_direction_rb_tapped
1,1275,2026-07-13 15:15:00-04:00,bullish,"(29463.75, 29466.0, 29452.5, 29458.25)",29452.5,29458.25,RB2-000548,29451.0,29458.5,overlapping_active_same_direction_rb_tapped
1,1276,2026-07-13 15:16:00-04:00,bearish,"(29458.5, 29466.5, 29455.75, 29458.75)",29458.75,29466.5,RB2-000549,29464.0,29474.5,overlapping_active_same_direction_rb_tapped
1,1277,2026-07-13 15:17:00-04:00,bearish,"(29459.0, 29468.5, 29456.5, 29464.25)",29464.25,29468.5,RB2-000549,29464.0,29474.5,overlapping_active_same_direction_rb_tapped
1,1278,2026-07-13 15:18:00-04:00,bullish,"(29464.75, 29466.25, 29455.0, 29458.5)",29455.0,29458.5,RB2-000548,29451.0,29458.5,overlapping_active_same_direction_rb_tapped
1,1279,2026-07-13 15:19:00-04:00,bearish,"(29458.75, 29466.5, 29455.0, 29455.75)",29458.75,29466.5,RB2-000549,29464.0,29474.5,overlapping_active_same_direction_rb_tapped
1,1281,2026-07-13 15:21:00-04:00,bullish,"(29450.5, 29453.75, 29441.5, 29446.5)",29441.5,29446.5,RB2-000550,29440.0,29449.75,overlapping_active_same_direction_rb_tapped
1,1282,2026-07-13 15:22:00-04:00,bullish,"(29447.25, 29448.5, 29432.25, 29442.25)",29432.25,29442.25,RB2-000550,29440.0,29449.75,overlapping_active_same_direction_rb_tapped
1,1284,2026-07-13 15:24:00-04:00,bullish,"(29432.25, 29437.75, 29424.5, 29434.75)",29424.5,29432.25,RB2-000551,29416.0,29432.5,overlapping_active_same_direction_rb_tapped
1,1285,2026-07-13 15:25:00-04:00,bullish,"(29434.5, 29435.5, 29422.75, 29433.5)",29422.75,29433.5,RB2-000551,29416.0,29432.5,overlapping_active_same_direction_rb_tapped
1,1286,2026-07-13 15:26:00-04:00,bullish,"(29433.0, 29436.5, 29419.0, 29425.75)",29419.0,29425.75,RB2-000551,29416.0,29432.5,overlapping_active_same_direction_rb_tapped
1,1288,2026-07-13 15:28:00-04:00,bullish,"(29413.5, 29424.25, 29405.5, 29422.75)",29405.5,29413.5,RB2-000552,29410.0,29413.25,overlapping_active_same_direction_rb_tapped
1,1291,2026-07-13 15:31:00-04:00,bearish,"(29438.25, 29446.75, 29432.0, 29437.75)",29438.25,29446.75,RB2-000554,29438.5,29445.75,overlapping_active_same_direction_rb_tapped
1,1292,2026-07-13 15:32:00-04:00,bearish,"(29438.75, 29446.5, 29436.0, 29439.75)",29439.75,29446.5,RB2-000554,29438.5,29445.75,overlapping_active_same_direction_rb_tapped
1,1293,2026-07-13 15:33:00-04:00,bearish,"(29438.25, 29449.5, 29428.5, 29438.5)",29438.5,29449.5,RB2-000554,29438.5,29445.75,overlapping_active_same_direction_rb_tapped
1,1295,2026-07-13 15:35:00-04:00,bullish,"(29437.5, 29437.5, 29408.0, 29417.0)",29408.0,29417.0,RB2-000553,29402.5,29418.5,overlapping_active_same_direction_rb_tapped
1,1296,2026-07-13 15:36:00-04:00,bullish,"(29417.25, 29417.75, 29400.25, 29412.25)",29400.25,29412.25,RB2-000553,29402.5,29418.5,overlapping_active_same_direction_rb_tapped
1,1297,2026-07-13 15:37:00-04:00,bullish,"(29411.25, 29416.0, 29403.5, 29412.0)",29403.5,29411.25,RB2-000553,29402.5,29418.5,overlapping_active_same_direction_rb_tapped
1,1299,2026-07-13 15:39:00-04:00,bullish,"(29400.25, 29407.25, 29395.75, 29406.5)",29395.75,29400.25,RB2-000556,29393.25,29400.25,overlapping_active_same_direction_rb_tapped
1,1300,2026-07-13 15:40:00-04:00,bullish,"(29406.25, 29419.75, 29397.25, 29417.0)",29397.25,29406.25,RB2-000556,29393.25,29400.25,overlapping_active_same_direction_rb_tapped
1,1309,2026-07-13 15:49:00-04:00,bearish,"(29457.25, 29465.0, 29454.75, 29459.75)",29459.75,29465.0,RB2-000549,29464.0,29474.5,overlapping_active_same_direction_rb_tapped
1,1313,2026-07-13 15:53:00-04:00,bullish,"(29496.5, 29496.5, 29466.5, 29479.0)",29466.5,29479.0,RB2-000563,29477.0,29482.75,overlapping_active_same_direction_rb_tapped
1,1320,2026-07-13 16:00:00-04:00,bullish,"(29466.75, 29473.75, 29451.0, 29465.75)",29451.0,29465.75,RB2-000562,29452.75,29459.5,overlapping_active_same_direction_rb_tapped
1,1324,2026-07-13 16:04:00-04:00,bearish,"(29463.0, 29469.0, 29460.75, 29463.25)",29463.25,29469.0,RB2-000571,29468.25,29474.0,overlapping_active_same_direction_rb_tapped
1,1325,2026-07-13 16:05:00-04:00,bearish,"(29462.75, 29470.75, 29462.5, 29466.0)",29466.0,29470.75,RB2-000571,29468.25,29474.0,overlapping_active_same_direction_rb_tapped
1,1326,2026-07-13 16:06:00-04:00,bearish,"(29466.25, 29471.0, 29459.5, 29459.5)",29466.25,29471.0,RB2-000571,29468.25,29474.0,overlapping_active_same_direction_rb_tapped
1,1330,2026-07-13 16:10:00-04:00,bullish,"(29453.5, 29455.25, 29436.25, 29452.0)",29436.25,29452.0,RB2-000560,29434.25,29437.0,overlapping_active_same_direction_rb_tapped
1,1332,2026-07-13 16:12:00-04:00,bearish,"(29458.5, 29463.5, 29455.25, 29460.0)",29460.0,29463.5,RB2-000575,29462.0,29466.5,overlapping_active_same_direction_rb_tapped
1,1333,2026-07-13 16:13:00-04:00,bullish,"(29460.0, 29460.0, 29451.0, 29453.75)",29451.0,29453.75,RB2-000576,29445.75,29452.75,overlapping_active_same_direction_rb_tapped
1,1336,2026-07-13 16:16:00-04:00,bullish,"(29419.0, 29422.0, 29410.75, 29418.5)",29410.75,29418.5,RB2-000557,29410.25,29416.5,overlapping_active_same_direction_rb_tapped
1,1337,2026-07-13 16:17:00-04:00,bullish,"(29418.0, 29418.0, 29386.5, 29417.0)",29386.5,29417.0,RB2-000556,29393.25,29400.25,overlapping_active_same_direction_rb_tapped
1,1343,2026-07-13 16:23:00-04:00,bearish,"(29428.75, 29435.0, 29427.25, 29430.25)",29430.25,29435.0,RB2-000581,29429.5,29431.5,overlapping_active_same_direction_rb_tapped
1,1346,2026-07-13 16:26:00-04:00,bullish,"(29431.25, 29434.5, 29427.0, 29433.75)",29427.0,29431.25,RB2-000582,29425.0,29431.0,overlapping_active_same_direction_rb_tapped
1,1347,2026-07-13 16:27:00-04:00,bullish,"(29434.75, 29435.25, 29430.5, 29433.25)",29430.5,29433.25,RB2-000582,29425.0,29431.0,overlapping_active_same_direction_rb_tapped
1,1352,2026-07-13 16:32:00-04:00,bullish,"(29429.5, 29429.5, 29424.5, 29428.25)",29424.5,29428.25,RB2-000582,29425.0,29431.0,overlapping_active_same_direction_rb_tapped
1,1353,2026-07-13 16:33:00-04:00,bullish,"(29428.25, 29432.75, 29426.25, 29431.5)",29426.25,29428.25,RB2-000582,29425.0,29431.0,overlapping_active_same_direction_rb_tapped
1,1355,2026-07-13 16:35:00-04:00,bullish,"(29432.75, 29433.75, 29430.75, 29433.5)",29430.75,29432.75,RB2-000582,29425.0,29431.0,overlapping_active_same_direction_rb_tapped
1,1356,2026-07-13 16:36:00-04:00,bearish,"(29434.25, 29437.5, 29433.5, 29436.25)",29436.25,29437.5,RB2-000586,29433.0,29437.25,overlapping_active_same_direction_rb_tapped
1,1358,2026-07-13 16:38:00-04:00,bullish,"(29434.25, 29436.75, 29432.5, 29436.75)",29432.5,29434.25,RB2-000587,29434.25,29435.0,overlapping_active_same_direction_rb_tapped
1,1361,2026-07-13 16:41:00-04:00,bullish,"(29432.5, 29433.25, 29428.0, 29432.0)",29428.0,29432.0,RB2-000582,29425.0,29431.0,overlapping_active_same_direction_rb_tapped
1,1362,2026-07-13 16:42:00-04:00,bullish,"(29431.5, 29433.0, 29425.25, 29432.75)",29425.25,29431.5,RB2-000582,29425.0,29431.0,overlapping_active_same_direction_rb_tapped
1,1363,2026-07-13 16:43:00-04:00,bearish,"(29433.25, 29439.75, 29433.25, 29438.25)",29438.25,29439.75,RB2-000584,29437.75,29440.5,overlapping_active_same_direction_rb_tapped
1,1364,2026-07-13 16:44:00-04:00,bullish,"(29439.0, 29440.0, 29429.0, 29435.25)",29429.0,29435.25,RB2-000582,29425.0,29431.0,overlapping_active_same_direction_rb_tapped
1,1365,2026-07-13 16:45:00-04:00,bearish,"(29434.25, 29438.25, 29430.75, 29432.0)",29434.25,29438.25,RB2-000584,29437.75,29440.5,overlapping_active_same_direction_rb_tapped
1,1368,2026-07-13 16:48:00-04:00,bearish,"(29427.5, 29431.25, 29427.25, 29427.75)",29427.75,29431.25,RB2-000591,29428.25,29431.25,overlapping_active_same_direction_rb_tapped
1,1369,2026-07-13 16:49:00-04:00,bullish,"(29429.5, 29429.5, 29427.0, 29429.25)",29427.0,29429.25,RB2-000582,29425.0,29431.0,overlapping_active_same_direction_rb_tapped
1,1370,2026-07-13 16:50:00-04:00,bearish,"(29428.25, 29430.25, 29422.5, 29422.5)",29428.25,29430.25,RB2-000591,29428.25,29431.25,overlapping_active_same_direction_rb_tapped
1,1371,2026-07-13 16:51:00-04:00,bullish,"(29422.5, 29423.0, 29420.0, 29422.0)",29420.0,29422.0,RB2-000580,29416.5,29422.5,overlapping_active_same_direction_rb_tapped
1,1373,2026-07-13 16:53:00-04:00,bearish,"(29427.75, 29434.25, 29427.75, 29428.5)",29428.5,29434.25,RB2-000590,29431.5,29434.0,overlapping_active_same_direction_rb_tapped
1,1374,2026-07-13 16:54:00-04:00,bearish,"(29428.75, 29438.0, 29427.75, 29433.75)",29433.75,29438.0,RB2-000584,29437.75,29440.5,overlapping_active_same_direction_rb_tapped
1,1377,2026-07-13 16:57:00-04:00,bearish,"(29439.75, 29444.25, 29432.0, 29434.25)",29439.75,29444.25,RB2-000584,29437.75,29440.5,overlapping_active_same_direction_rb_tapped
1,1380,2026-07-13 18:00:00-04:00,bearish,"(29446.0, 29479.5, 29437.75, 29470.0)",29470.0,29479.5,RB2-000571,29468.25,29474.0,overlapping_active_same_direction_rb_tapped
1,1382,2026-07-13 18:02:00-04:00,bearish,"(29468.25, 29472.5, 29460.5, 29464.0)",29468.25,29472.5,RB2-000594,29472.0,29479.0,overlapping_active_same_direction_rb_tapped
1,1384,2026-07-13 18:04:00-04:00,bullish,"(29459.25, 29459.25, 29443.75, 29449.25)",29443.75,29449.25,RB2-000595,29446.25,29455.0,overlapping_active_same_direction_rb_tapped
1,1386,2026-07-13 18:06:00-04:00,bearish,"(29473.5, 29475.75, 29467.25, 29469.25)",29473.5,29475.75,RB2-000594,29472.0,29479.0,overlapping_active_same_direction_rb_tapped
1,1389,2026-07-13 18:09:00-04:00,bearish,"(29465.25, 29474.0, 29463.75, 29465.5)",29465.5,29474.0,RB2-000594,29472.0,29479.0,overlapping_active_same_direction_rb_tapped
1,1391,2026-07-13 18:11:00-04:00,bullish,"(29462.25, 29462.75, 29456.5, 29457.75)",29456.5,29457.75,RB2-000597,29457.75,29465.5,overlapping_active_same_direction_rb_tapped
1,1393,2026-07-13 18:13:00-04:00,bullish,"(29461.25, 29461.75, 29457.0, 29458.25)",29457.0,29458.25,RB2-000597,29457.75,29465.5,overlapping_active_same_direction_rb_tapped
1,1394,2026-07-13 18:14:00-04:00,bearish,"(29456.75, 29460.0, 29451.75, 29452.25)",29456.75,29460.0,RB2-000598,29460.0,29468.75,overlapping_active_same_direction_rb_tapped
1,1395,2026-07-13 18:15:00-04:00,bearish,"(29452.0, 29461.0, 29451.5, 29459.5)",29459.5,29461.0,RB2-000598,29460.0,29468.75,overlapping_active_same_direction_rb_tapped
1,1397,2026-07-13 18:17:00-04:00,bearish,"(29456.75, 29461.75, 29455.0, 29458.0)",29458.0,29461.75,RB2-000598,29460.0,29468.75,overlapping_active_same_direction_rb_tapped
1,1399,2026-07-13 18:19:00-04:00,bearish,"(29462.0, 29463.25, 29457.75, 29457.75)",29462.0,29463.25,RB2-000598,29460.0,29468.75,overlapping_active_same_direction_rb_tapped
1,1400,2026-07-13 18:20:00-04:00,bearish,"(29458.0, 29467.75, 29458.0, 29465.0)",29465.0,29467.75,RB2-000598,29460.0,29468.75,overlapping_active_same_direction_rb_tapped
1,1408,2026-07-13 18:28:00-04:00,bullish,"(29448.25, 29449.5, 29436.75, 29440.5)",29436.75,29440.5,RB2-000604,29439.5,29441.0,overlapping_active_same_direction_rb_tapped
1,1412,2026-07-13 18:32:00-04:00,bullish,"(29433.5, 29433.5, 29431.5, 29432.25)",29431.5,29432.25,RB2-000608,29429.25,29433.75,overlapping_active_same_direction_rb_tapped
1,1413,2026-07-13 18:33:00-04:00,bearish,"(29433.0, 29436.25, 29427.25, 29430.25)",29433.0,29436.25,RB2-000607,29433.25,29436.75,overlapping_active_same_direction_rb_tapped
1,1414,2026-07-13 18:34:00-04:00,bearish,"(29430.0, 29434.0, 29429.75, 29431.5)",29431.5,29434.0,RB2-000607,29433.25,29436.75,overlapping_active_same_direction_rb_tapped
1,1415,2026-07-13 18:35:00-04:00,bearish,"(29431.5, 29437.25, 29430.0, 29432.5)",29432.5,29437.25,RB2-000607,29433.25,29436.75,overlapping_active_same_direction_rb_tapped
1,1416,2026-07-13 18:36:00-04:00,bearish,"(29433.5, 29435.25, 29430.75, 29431.75)",29433.5,29435.25,RB2-000607,29433.25,29436.75,overlapping_active_same_direction_rb_tapped
1,1418,2026-07-13 18:38:00-04:00,bullish,"(29429.75, 29431.0, 29426.25, 29429.75)",29426.25,29429.75,RB2-000609,29426.5,29428.0,overlapping_active_same_direction_rb_tapped
1,1419,2026-07-13 18:39:00-04:00,bullish,"(29432.0, 29434.5, 29428.0, 29432.25)",29428.0,29432.0,RB2-000609,29426.5,29428.0,overlapping_active_same_direction_rb_tapped
1,1423,2026-07-13 18:43:00-04:00,bullish,"(29435.75, 29436.75, 29433.5, 29435.5)",29433.5,29435.5,RB2-000611,29433.75,29436.5,overlapping_active_same_direction_rb_tapped
1,1424,2026-07-13 18:44:00-04:00,bearish,"(29436.75, 29443.75, 29436.75, 29441.0)",29441.0,29443.75,RB2-000610,29437.0,29441.25,overlapping_active_same_direction_rb_tapped
1,1426,2026-07-13 18:46:00-04:00,bearish,"(29449.75, 29458.75, 29449.75, 29451.5)",29451.5,29458.75,RB2-000601,29456.5,29458.75,overlapping_active_same_direction_rb_tapped
1,1428,2026-07-13 18:48:00-04:00,bullish,"(29455.25, 29456.75, 29451.0, 29453.5)",29451.0,29453.5,RB2-000612,29449.25,29451.25,overlapping_active_same_direction_rb_tapped
1,1432,2026-07-13 18:52:00-04:00,bullish,"(29432.5, 29432.5, 29416.25, 29424.0)",29416.25,29424.0,RB2-000580,29416.5,29422.5,overlapping_active_same_direction_rb_tapped
1,1436,2026-07-13 18:56:00-04:00,bullish,"(29402.25, 29402.25, 29393.75, 29396.0)",29393.75,29396.0,RB2-000615,29395.0,29401.75,overlapping_active_same_direction_rb_tapped
1,1438,2026-07-13 18:58:00-04:00,bullish,"(29401.0, 29404.25, 29396.25, 29403.5)",29396.25,29401.0,RB2-000615,29395.0,29401.75,overlapping_active_same_direction_rb_tapped
1,1441,2026-07-13 19:01:00-04:00,bullish,"(29394.25, 29397.25, 29389.75, 29395.5)",29389.75,29394.25,RB2-000617,29389.5,29394.0,overlapping_active_same_direction_rb_tapped
1,1443,2026-07-13 19:03:00-04:00,bearish,"(29397.5, 29405.0, 29392.5, 29392.5)",29397.5,29405.0,RB2-000618,29396.25,29398.75,overlapping_active_same_direction_rb_tapped
1,1447,2026-07-13 19:07:00-04:00,bearish,"(29387.25, 29390.25, 29377.0, 29379.5)",29387.25,29390.25,RB2-000619,29385.75,29388.5,overlapping_active_same_direction_rb_tapped
1,1449,2026-07-13 19:09:00-04:00,bearish,"(29382.5, 29387.5, 29380.75, 29383.25)",29383.25,29387.5,RB2-000621,29380.0,29386.0,overlapping_active_same_direction_rb_tapped
1,1452,2026-07-13 19:12:00-04:00,bullish,"(29378.0, 29379.75, 29366.75, 29374.25)",29366.75,29374.25,RB2-000622,29374.0,29378.5,overlapping_active_same_direction_rb_tapped
1,1457,2026-07-13 19:17:00-04:00,bearish,"(29385.75, 29389.75, 29385.75, 29388.25)",29388.25,29389.75,RB2-000626,29389.25,29391.25,overlapping_active_same_direction_rb_tapped
1,1459,2026-07-13 19:19:00-04:00,bullish,"(29389.25, 29390.25, 29386.5, 29390.25)",29386.5,29389.25,RB2-000627,29386.25,29387.25,overlapping_active_same_direction_rb_tapped
1,1460,2026-07-13 19:20:00-04:00,bearish,"(29390.0, 29393.5, 29385.25, 29385.25)",29390.0,29393.5,RB2-000626,29389.25,29391.25,overlapping_active_same_direction_rb_tapped
1,1462,2026-07-13 19:22:00-04:00,bearish,"(29388.5, 29392.0, 29382.0, 29384.5)",29388.5,29392.0,RB2-000628,29387.75,29394.0,overlapping_active_same_direction_rb_tapped
1,1464,2026-07-13 19:24:00-04:00,bearish,"(29396.25, 29399.25, 29393.25, 29393.25)",29396.25,29399.25,RB2-000629,29395.5,29399.25,overlapping_active_same_direction_rb_tapped
1,1468,2026-07-13 19:28:00-04:00,bullish,"(29389.25, 29390.5, 29386.75, 29388.25)",29386.75,29388.25,RB2-000630,29387.75,29390.75,overlapping_active_same_direction_rb_tapped
1,1473,2026-07-13 19:33:00-04:00,bullish,"(29354.75, 29355.0, 29348.0, 29352.25)",29348.0,29352.25,RB2-000634,29350.0,29353.75,overlapping_active_same_direction_rb_tapped
1,1478,2026-07-13 19:38:00-04:00,bullish,"(29360.75, 29361.0, 29350.25, 29354.25)",29350.25,29354.25,RB2-000635,29350.25,29352.25,overlapping_active_same_direction_rb_tapped
1,1480,2026-07-13 19:40:00-04:00,bearish,"(29353.25, 29358.25, 29349.75, 29353.75)",29353.75,29358.25,RB2-000638,29354.25,29356.5,overlapping_active_same_direction_rb_tapped
1,1483,2026-07-13 19:43:00-04:00,bullish,"(29337.75, 29338.75, 29329.25, 29338.5)",29329.25,29337.75,RB2-000640,29334.5,29338.5,overlapping_active_same_direction_rb_tapped
1,1487,2026-07-13 19:47:00-04:00,bearish,"(29339.5, 29345.0, 29335.5, 29340.5)",29340.5,29345.0,RB2-000642,29344.25,29353.75,overlapping_active_same_direction_rb_tapped
1,1488,2026-07-13 19:48:00-04:00,bearish,"(29339.25, 29346.0, 29336.75, 29342.25)",29342.25,29346.0,RB2-000642,29344.25,29353.75,overlapping_active_same_direction_rb_tapped
1,1489,2026-07-13 19:49:00-04:00,bearish,"(29345.25, 29349.25, 29340.0, 29343.75)",29345.25,29349.25,RB2-000642,29344.25,29353.75,overlapping_active_same_direction_rb_tapped
1,1490,2026-07-13 19:50:00-04:00,bullish,"(29343.25, 29348.25, 29335.25, 29344.5)",29335.25,29343.25,RB2-000643,29335.25,29341.75,overlapping_active_same_direction_rb_tapped
1,1491,2026-07-13 19:51:00-04:00,bullish,"(29347.25, 29352.0, 29335.0, 29343.75)",29335.0,29343.75,RB2-000643,29335.25,29341.75,overlapping_active_same_direction_rb_tapped
1,1496,2026-07-13 19:56:00-04:00,bearish,"(29384.0, 29395.25, 29382.75, 29383.75)",29384.0,29395.25,RB2-000631,29393.0,29394.25,overlapping_active_same_direction_rb_tapped
1,1500,2026-07-13 20:00:00-04:00,bullish,"(29422.5, 29444.5, 29398.25, 29443.25)",29398.25,29422.5,RB2-000650,29407.0,29412.5,overlapping_active_same_direction_rb_tapped
1,1506,2026-07-13 20:06:00-04:00,bullish,"(29355.75, 29373.25, 29341.0, 29370.25)",29341.0,29355.75,RB2-000643,29335.25,29341.75,overlapping_active_same_direction_rb_tapped
1,1508,2026-07-13 20:08:00-04:00,bullish,"(29337.25, 29341.5, 29325.75, 29341.5)",29325.75,29337.25,RB2-000643,29335.25,29341.75,overlapping_active_same_direction_rb_tapped
1,1513,2026-07-13 20:13:00-04:00,bullish,"(29427.75, 29450.5, 29399.75, 29446.0)",29399.75,29427.75,RB2-000656,29408.25,29426.0,overlapping_active_same_direction_rb_tapped
1,1514,2026-07-13 20:14:00-04:00,bearish,"(29443.25, 29468.75, 29438.5, 29463.25)",29463.25,29468.75,RB2-000598,29460.0,29468.75,overlapping_active_same_direction_rb_tapped
1,1515,2026-07-13 20:15:00-04:00,bearish,"(29465.5, 29475.75, 29450.0, 29450.25)",29465.5,29475.75,RB2-000594,29472.0,29479.0,overlapping_active_same_direction_rb_tapped
1,1522,2026-07-13 20:22:00-04:00,bearish,"(29436.5, 29451.0, 29430.25, 29434.5)",29436.5,29451.0,RB2-000658,29449.0,29453.75,overlapping_active_same_direction_rb_tapped
1,1527,2026-07-13 20:27:00-04:00,bullish,"(29412.0, 29416.25, 29397.0, 29406.0)",29397.0,29406.0,RB2-000662,29401.5,29412.0,overlapping_active_same_direction_rb_tapped
1,1528,2026-07-13 20:28:00-04:00,bullish,"(29405.0, 29406.75, 29379.25, 29396.25)",29379.25,29396.25,RB2-000661,29369.0,29395.25,overlapping_active_same_direction_rb_tapped
1,1531,2026-07-13 20:31:00-04:00,bullish,"(29428.0, 29436.0, 29415.5, 29426.25)",29415.5,29426.25,RB2-000664,29405.5,29420.25,overlapping_active_same_direction_rb_tapped
1,1532,2026-07-13 20:32:00-04:00,bullish,"(29424.75, 29445.0, 29414.0, 29438.75)",29414.0,29424.75,RB2-000664,29405.5,29420.25,overlapping_active_same_direction_rb_tapped
1,1534,2026-07-13 20:34:00-04:00,bearish,"(29454.0, 29471.0, 29451.0, 29458.75)",29458.75,29471.0,RB2-000665,29456.25,29465.25,overlapping_active_same_direction_rb_tapped
1,1538,2026-07-13 20:38:00-04:00,bullish,"(29469.0, 29475.0, 29460.25, 29473.0)",29460.25,29469.0,RB2-000667,29465.0,29476.5,overlapping_active_same_direction_rb_tapped
1,1539,2026-07-13 20:39:00-04:00,bullish,"(29473.5, 29473.5, 29442.75, 29454.5)",29442.75,29454.5,RB2-000666,29450.0,29457.5,overlapping_active_same_direction_rb_tapped
1,1541,2026-07-13 20:41:00-04:00,bearish,"(29464.75, 29469.25, 29445.0, 29447.25)",29464.75,29469.25,RB2-000669,29467.25,29476.25,overlapping_active_same_direction_rb_tapped
1,1544,2026-07-13 20:44:00-04:00,bullish,"(29407.75, 29420.25, 29399.5, 29417.75)",29399.5,29407.75,RB2-000664,29405.5,29420.25,overlapping_active_same_direction_rb_tapped
1,1547,2026-07-13 20:47:00-04:00,bullish,"(29442.75, 29457.75, 29433.0, 29453.75)",29433.0,29442.75,RB2-000672,29429.75,29437.75,overlapping_active_same_direction_rb_tapped
1,1549,2026-07-13 20:49:00-04:00,bullish,"(29455.0, 29460.0, 29450.0, 29457.25)",29450.0,29455.0,RB2-000673,29438.0,29452.75,overlapping_active_same_direction_rb_tapped
1,1550,2026-07-13 20:50:00-04:00,bearish,"(29455.25, 29487.75, 29455.25, 29473.5)",29473.5,29487.75,RB2-000668,29480.75,29488.0,overlapping_active_same_direction_rb_tapped
1,1553,2026-07-13 20:53:00-04:00,bearish,"(29480.25, 29501.5, 29479.5, 29493.5)",29493.5,29501.5,RB2-000675,29493.5,29500.25,overlapping_active_same_direction_rb_tapped
1,1558,2026-07-13 20:58:00-04:00,bearish,"(29521.0, 29535.0, 29521.0, 29529.0)",29529.0,29535.0,RB2-000678,29522.0,29531.0,overlapping_active_same_direction_rb_tapped
1,1559,2026-07-13 20:59:00-04:00,bullish,"(29528.5, 29530.75, 29518.25, 29521.0)",29518.25,29521.0,RB2-000677,29515.75,29519.75,overlapping_active_same_direction_rb_tapped
1,1560,2026-07-13 21:00:00-04:00,bullish,"(29521.0, 29529.5, 29509.25, 29523.25)",29509.25,29521.0,RB2-000677,29515.75,29519.75,overlapping_active_same_direction_rb_tapped
1,1562,2026-07-13 21:02:00-04:00,bearish,"(29525.0, 29538.5, 29520.5, 29533.75)",29533.75,29538.5,RB2-000679,29522.75,29534.25,overlapping_active_same_direction_rb_tapped
1,1565,2026-07-13 21:05:00-04:00,bullish,"(29533.0, 29540.0, 29517.75, 29525.0)",29517.75,29525.0,RB2-000681,29523.25,29530.0,overlapping_active_same_direction_rb_tapped
1,1568,2026-07-13 21:08:00-04:00,bearish,"(29515.75, 29535.75, 29515.75, 29526.5)",29526.5,29535.75,RB2-000680,29533.25,29541.25,overlapping_active_same_direction_rb_tapped
1,1569,2026-07-13 21:09:00-04:00,bullish,"(29527.5, 29533.5, 29511.25, 29519.5)",29511.25,29519.5,RB2-000682,29509.75,29512.5,overlapping_active_same_direction_rb_tapped
1,1571,2026-07-13 21:11:00-04:00,bearish,"(29506.75, 29520.5, 29503.0, 29515.0)",29515.0,29520.5,RB2-000684,29518.5,29523.25,overlapping_active_same_direction_rb_tapped
1,1572,2026-07-13 21:12:00-04:00,bearish,"(29516.25, 29520.0, 29497.5, 29501.0)",29516.25,29520.0,RB2-000684,29518.5,29523.25,overlapping_active_same_direction_rb_tapped
1,1574,2026-07-13 21:14:00-04:00,bullish,"(29496.25, 29499.75, 29480.0, 29492.25)",29480.0,29492.25,RB2-000685,29488.0,29501.25,overlapping_active_same_direction_rb_tapped
1,1580,2026-07-13 21:20:00-04:00,bearish,"(29514.0, 29521.0, 29502.0, 29506.0)",29514.0,29521.0,RB2-000684,29518.5,29523.25,overlapping_active_same_direction_rb_tapped
1,1583,2026-07-13 21:23:00-04:00,bearish,"(29491.5, 29514.5, 29491.25, 29498.75)",29498.75,29514.5,RB2-000690,29504.0,29514.5,overlapping_active_same_direction_rb_tapped
1,1585,2026-07-13 21:25:00-04:00,bullish,"(29495.5, 29509.75, 29491.25, 29506.75)",29491.25,29495.5,RB2-000692,29491.0,29497.5,overlapping_active_same_direction_rb_tapped
1,1586,2026-07-13 21:26:00-04:00,bearish,"(29507.75, 29520.25, 29506.25, 29517.5)",29517.5,29520.25,RB2-000684,29518.5,29523.25,overlapping_active_same_direction_rb_tapped
1,1590,2026-07-13 21:30:00-04:00,bearish,"(29507.0, 29516.5, 29487.0, 29491.25)",29507.0,29516.5,RB2-000694,29506.75,29514.75,overlapping_active_same_direction_rb_tapped
1,1593,2026-07-13 21:33:00-04:00,bearish,"(29482.75, 29495.75, 29478.0, 29490.25)",29490.25,29495.75,RB2-000696,29489.0,29498.25,overlapping_active_same_direction_rb_tapped
1,1594,2026-07-13 21:34:00-04:00,bearish,"(29489.5, 29496.5, 29480.0, 29484.25)",29489.5,29496.5,RB2-000696,29489.0,29498.25,overlapping_active_same_direction_rb_tapped
1,1595,2026-07-13 21:35:00-04:00,bullish,"(29485.5, 29490.0, 29469.75, 29479.0)",29469.75,29479.0,RB2-000674,29461.0,29470.25,overlapping_active_same_direction_rb_tapped
1,1598,2026-07-13 21:38:00-04:00,bullish,"(29466.0, 29474.0, 29452.25, 29460.5)",29452.25,29460.5,RB2-000673,29438.0,29452.75,overlapping_active_same_direction_rb_tapped
1,1600,2026-07-13 21:40:00-04:00,bearish,"(29471.25, 29483.0, 29458.0, 29458.0)",29471.25,29483.0,RB2-000697,29478.5,29488.5,overlapping_active_same_direction_rb_tapped
1,1601,2026-07-13 21:41:00-04:00,bullish,"(29455.0, 29455.5, 29441.0, 29446.75)",29441.0,29446.75,RB2-000673,29438.0,29452.75,overlapping_active_same_direction_rb_tapped
1,1604,2026-07-13 21:44:00-04:00,bearish,"(29471.0, 29482.25, 29468.5, 29472.75)",29472.75,29482.25,RB2-000697,29478.5,29488.5,overlapping_active_same_direction_rb_tapped
1,1605,2026-07-13 21:45:00-04:00,bearish,"(29475.5, 29490.75, 29474.5, 29486.25)",29486.25,29490.75,RB2-000696,29489.0,29498.25,overlapping_active_same_direction_rb_tapped
1,1607,2026-07-13 21:47:00-04:00,bullish,"(29493.5, 29498.0, 29479.0, 29488.0)",29479.0,29488.0,RB2-000700,29478.25,29486.0,overlapping_active_same_direction_rb_tapped
1,1610,2026-07-13 21:50:00-04:00,bearish,"(29495.25, 29502.0, 29473.5, 29477.0)",29495.25,29502.0,RB2-000702,29501.25,29504.75,overlapping_active_same_direction_rb_tapped
1,1614,2026-07-13 21:54:00-04:00,bullish,"(29476.75, 29476.75, 29470.25, 29473.5)",29470.25,29473.5,RB2-000703,29471.5,29476.5,overlapping_active_same_direction_rb_tapped
1,1616,2026-07-13 21:56:00-04:00,bullish,"(29454.5, 29457.5, 29440.0, 29443.75)",29440.0,29443.75,RB2-000673,29438.0,29452.75,overlapping_active_same_direction_rb_tapped
1,1618,2026-07-13 21:58:00-04:00,bearish,"(29449.25, 29452.25, 29442.25, 29443.5)",29449.25,29452.25,RB2-000705,29451.5,29454.25,overlapping_active_same_direction_rb_tapped
1,1619,2026-07-13 21:59:00-04:00,bullish,"(29442.25, 29447.5, 29437.0, 29445.0)",29437.0,29442.25,RB2-000672,29429.75,29437.75,overlapping_active_same_direction_rb_tapped
1,1620,2026-07-13 22:00:00-04:00,bearish,"(29447.25, 29456.0, 29430.5, 29434.5)",29447.25,29456.0,RB2-000705,29451.5,29454.25,overlapping_active_same_direction_rb_tapped
1,1625,2026-07-13 22:05:00-04:00,bearish,"(29464.75, 29480.0, 29461.5, 29473.0)",29473.0,29480.0,RB2-000707,29464.75,29474.0,overlapping_active_same_direction_rb_tapped
1,1628,2026-07-13 22:08:00-04:00,bearish,"(29479.75, 29489.0, 29478.25, 29479.5)",29479.75,29489.0,RB2-000710,29481.25,29486.75,overlapping_active_same_direction_rb_tapped
1,1633,2026-07-13 22:13:00-04:00,bullish,"(29436.0, 29438.5, 29426.0, 29433.75)",29426.0,29433.75,RB2-000672,29429.75,29437.75,overlapping_active_same_direction_rb_tapped
1,1636,2026-07-13 22:16:00-04:00,bullish,"(29427.5, 29432.25, 29418.0, 29429.5)",29418.0,29427.5,RB2-000715,29417.5,29425.0,overlapping_active_same_direction_rb_tapped
1,1637,2026-07-13 22:17:00-04:00,bearish,"(29429.75, 29435.25, 29416.5, 29419.25)",29429.75,29435.25,RB2-000714,29430.25,29435.5,overlapping_active_same_direction_rb_tapped
1,1641,2026-07-13 22:21:00-04:00,bullish,"(29395.5, 29406.0, 29385.25, 29399.75)",29385.25,29395.5,RB2-000661,29369.0,29395.25,overlapping_active_same_direction_rb_tapped
1,1643,2026-07-13 22:23:00-04:00,bullish,"(29390.5, 29397.0, 29382.5, 29396.5)",29382.5,29390.5,RB2-000661,29369.0,29395.25,overlapping_active_same_direction_rb_tapped
1,1644,2026-07-13 22:24:00-04:00,bullish,"(29394.75, 29395.25, 29376.0, 29383.5)",29376.0,29383.5,RB2-000661,29369.0,29395.25,overlapping_active_same_direction_rb_tapped
1,1647,2026-07-13 22:27:00-04:00,bullish,"(29382.0, 29384.5, 29373.0, 29378.75)",29373.0,29378.75,RB2-000661,29369.0,29395.25,overlapping_active_same_direction_rb_tapped
1,1648,2026-07-13 22:28:00-04:00,bullish,"(29379.75, 29389.25, 29377.75, 29389.25)",29377.75,29379.75,RB2-000661,29369.0,29395.25,overlapping_active_same_direction_rb_tapped
1,1649,2026-07-13 22:29:00-04:00,bullish,"(29388.75, 29403.5, 29382.75, 29401.0)",29382.75,29388.75,RB2-000661,29369.0,29395.25,overlapping_active_same_direction_rb_tapped
1,1650,2026-07-13 22:30:00-04:00,bullish,"(29403.25, 29406.25, 29394.5, 29403.25)",29394.5,29403.25,RB2-000661,29369.0,29395.25,overlapping_active_same_direction_rb_tapped
1,1651,2026-07-13 22:31:00-04:00,bearish,"(29406.5, 29411.25, 29392.25, 29395.75)",29406.5,29411.25,RB2-000717,29400.5,29411.5,overlapping_active_same_direction_rb_tapped
1,1652,2026-07-13 22:32:00-04:00,bearish,"(29394.0, 29401.5, 29388.75, 29391.5)",29394.0,29401.5,RB2-000717,29400.5,29411.5,overlapping_active_same_direction_rb_tapped
1,1653,2026-07-13 22:33:00-04:00,bullish,"(29390.25, 29390.25, 29381.0, 29385.75)",29381.0,29385.75,RB2-000661,29369.0,29395.25,overlapping_active_same_direction_rb_tapped
1,1655,2026-07-13 22:35:00-04:00,bullish,"(29374.5, 29388.75, 29365.25, 29386.5)",29365.25,29374.5,RB2-000661,29369.0,29395.25,overlapping_active_same_direction_rb_tapped
1,1657,2026-07-13 22:37:00-04:00,bullish,"(29385.75, 29393.5, 29382.75, 29392.0)",29382.75,29385.75,RB2-000661,29369.0,29395.25,overlapping_active_same_direction_rb_tapped
1,1665,2026-07-13 22:45:00-04:00,bearish,"(29445.5, 29450.75, 29441.0, 29442.0)",29445.5,29450.75,RB2-000724,29450.5,29456.0,overlapping_active_same_direction_rb_tapped
1,1666,2026-07-13 22:46:00-04:00,bullish,"(29442.25, 29451.0, 29437.0, 29448.5)",29437.0,29442.25,RB2-000723,29438.75,29441.0,overlapping_active_same_direction_rb_tapped
1,1667,2026-07-13 22:47:00-04:00,bearish,"(29450.75, 29453.25, 29442.75, 29445.0)",29450.75,29453.25,RB2-000724,29450.5,29456.0,overlapping_active_same_direction_rb_tapped
1,1669,2026-07-13 22:49:00-04:00,bullish,"(29432.5, 29443.25, 29428.0, 29442.75)",29428.0,29432.5,RB2-000720,29420.0,29428.25,overlapping_active_same_direction_rb_tapped
1,1673,2026-07-13 22:53:00-04:00,bullish,"(29403.75, 29403.75, 29390.5, 29396.0)",29390.5,29396.0,RB2-000661,29369.0,29395.25,overlapping_active_same_direction_rb_tapped
1,1675,2026-07-13 22:55:00-04:00,bullish,"(29391.25, 29398.75, 29389.0, 29396.75)",29389.0,29391.25,RB2-000661,29369.0,29395.25,overlapping_active_same_direction_rb_tapped
1,1677,2026-07-13 22:57:00-04:00,bullish,"(29387.75, 29392.0, 29384.5, 29389.0)",29384.5,29387.75,RB2-000661,29369.0,29395.25,overlapping_active_same_direction_rb_tapped
1,1678,2026-07-13 22:58:00-04:00,bearish,"(29388.0, 29395.0, 29387.5, 29388.0)",29388.0,29395.0,RB2-000727,29393.75,29398.0,overlapping_active_same_direction_rb_tapped
1,1679,2026-07-13 22:59:00-04:00,bearish,"(29386.0, 29395.25, 29385.0, 29389.0)",29389.0,29395.25,RB2-000727,29393.75,29398.0,overlapping_active_same_direction_rb_tapped
1,1680,2026-07-13 23:00:00-04:00,bullish,"(29390.75, 29391.5, 29373.0, 29377.5)",29373.0,29377.5,RB2-000661,29369.0,29395.25,overlapping_active_same_direction_rb_tapped
1,1682,2026-07-13 23:02:00-04:00,bearish,"(29381.25, 29384.25, 29367.5, 29369.25)",29381.25,29384.25,RB2-000728,29378.25,29383.5,overlapping_active_same_direction_rb_tapped
1,1684,2026-07-13 23:04:00-04:00,bullish,"(29366.5, 29366.5, 29354.75, 29363.25)",29354.75,29363.25,RB2-000729,29358.25,29362.75,overlapping_active_same_direction_rb_tapped
1,1686,2026-07-13 23:06:00-04:00,bullish,"(29361.25, 29369.0, 29356.0, 29364.5)",29356.0,29361.25,RB2-000730,29356.0,29362.0,overlapping_active_same_direction_rb_tapped
1,1687,2026-07-13 23:07:00-04:00,bullish,"(29366.25, 29367.75, 29356.0, 29359.25)",29356.0,29359.25,RB2-000730,29356.0,29362.0,overlapping_active_same_direction_rb_tapped
1,1688,2026-07-13 23:08:00-04:00,bullish,"(29360.0, 29361.5, 29353.5, 29356.25)",29353.5,29356.25,RB2-000730,29356.0,29362.0,overlapping_active_same_direction_rb_tapped
1,1693,2026-07-13 23:13:00-04:00,bullish,"(29341.25, 29341.75, 29331.25, 29334.75)",29331.25,29334.75,RB2-000655,29331.5,29341.5,overlapping_active_same_direction_rb_tapped
1,1694,2026-07-13 23:14:00-04:00,bullish,"(29335.0, 29338.0, 29328.5, 29335.0)",29328.5,29335.0,RB2-000655,29331.5,29341.5,overlapping_active_same_direction_rb_tapped
1,1700,2026-07-13 23:20:00-04:00,bullish,"(29322.75, 29324.75, 29310.0, 29313.75)",29310.0,29313.75,RB2-000738,29311.0,29318.5,overlapping_active_same_direction_rb_tapped
1,1704,2026-07-13 23:24:00-04:00,bearish,"(29345.0, 29350.0, 29328.0, 29332.0)",29345.0,29350.0,RB2-000734,29344.0,29347.5,overlapping_active_same_direction_rb_tapped
1,1706,2026-07-13 23:26:00-04:00,bearish,"(29341.25, 29351.25, 29341.25, 29348.0)",29348.0,29351.25,RB2-000733,29350.75,29357.0,overlapping_active_same_direction_rb_tapped
1,1707,2026-07-13 23:27:00-04:00,bearish,"(29348.0, 29357.25, 29345.5, 29354.25)",29354.25,29357.25,RB2-000733,29350.75,29357.0,overlapping_active_same_direction_rb_tapped
1,1708,2026-07-13 23:28:00-04:00,bearish,"(29353.75, 29366.5, 29353.75, 29361.75)",29361.75,29366.5,RB2-000731,29357.75,29364.25,overlapping_active_same_direction_rb_tapped
1,1710,2026-07-13 23:30:00-04:00,bearish,"(29376.5, 29397.5, 29369.0, 29386.75)",29386.75,29397.5,RB2-000727,29393.75,29398.0,overlapping_active_same_direction_rb_tapped
1,1713,2026-07-13 23:33:00-04:00,bullish,"(29372.75, 29377.25, 29355.75, 29368.0)",29355.75,29368.0,RB2-000742,29360.0,29363.25,overlapping_active_same_direction_rb_tapped
1,1718,2026-07-13 23:38:00-04:00,bearish,"(29366.0, 29380.5, 29362.25, 29366.25)",29366.25,29380.5,RB2-000746,29364.75,29374.75,overlapping_active_same_direction_rb_tapped
1,1722,2026-07-13 23:42:00-04:00,bullish,"(29363.0, 29370.75, 29335.75, 29347.25)",29335.75,29347.25,RB2-000747,29343.75,29353.0,overlapping_active_same_direction_rb_tapped
1,1724,2026-07-13 23:44:00-04:00,bearish,"(29343.25, 29377.5, 29342.5, 29359.25)",29359.25,29377.5,RB2-000750,29362.25,29370.0,overlapping_active_same_direction_rb_tapped
1,1728,2026-07-13 23:48:00-04:00,bearish,"(29380.75, 29399.0, 29377.75, 29394.75)",29394.75,29399.0,RB2-000744,29398.5,29405.0,overlapping_active_same_direction_rb_tapped
1,1729,2026-07-13 23:49:00-04:00,bearish,"(29396.75, 29405.0, 29382.75, 29384.25)",29396.75,29405.0,RB2-000744,29398.5,29405.0,overlapping_active_same_direction_rb_tapped
1,1731,2026-07-13 23:51:00-04:00,bearish,"(29390.25, 29407.25, 29389.75, 29402.75)",29402.75,29407.25,RB2-000744,29398.5,29405.0,overlapping_active_same_direction_rb_tapped
1,1733,2026-07-13 23:53:00-04:00,bearish,"(29413.75, 29426.0, 29413.5, 29419.5)",29419.5,29426.0,RB2-000725,29425.0,29428.75,overlapping_active_same_direction_rb_tapped
1,1735,2026-07-13 23:55:00-04:00,bullish,"(29416.0, 29425.75, 29407.5, 29417.5)",29407.5,29416.0,RB2-000756,29412.75,29417.25,overlapping_active_same_direction_rb_tapped
1,1736,2026-07-13 23:56:00-04:00,bearish,"(29419.75, 29425.0, 29414.75, 29416.5)",29419.75,29425.0,RB2-000725,29425.0,29428.75,overlapping_active_same_direction_rb_tapped
1,1738,2026-07-13 23:58:00-04:00,bullish,"(29412.75, 29424.75, 29407.75, 29423.5)",29407.75,29412.75,RB2-000757,29411.75,29416.25,overlapping_active_same_direction_rb_tapped
1,1739,2026-07-13 23:59:00-04:00,bearish,"(29423.5, 29428.0, 29423.0, 29423.0)",29423.5,29428.0,RB2-000725,29425.0,29428.75,overlapping_active_same_direction_rb_tapped
1,1741,2026-07-14 00:01:00-04:00,bearish,"(29430.25, 29434.5, 29417.0, 29417.5)",29430.25,29434.5,RB2-000758,29432.5,29435.0,overlapping_active_same_direction_rb_tapped
1,1745,2026-07-14 00:05:00-04:00,bearish,"(29434.0, 29444.0, 29425.0, 29425.5)",29434.0,29444.0,RB2-000760,29440.25,29445.0,overlapping_active_same_direction_rb_tapped
1,1746,2026-07-14 00:06:00-04:00,bullish,"(29425.0, 29425.0, 29415.25, 29417.5)",29415.25,29417.5,RB2-000759,29412.0,29418.25,overlapping_active_same_direction_rb_tapped
1,1747,2026-07-14 00:07:00-04:00,bullish,"(29416.5, 29420.0, 29410.0, 29417.25)",29410.0,29416.5,RB2-000759,29412.0,29418.25,overlapping_active_same_direction_rb_tapped
1,1753,2026-07-14 00:13:00-04:00,bullish,"(29381.0, 29393.25, 29374.75, 29391.75)",29374.75,29381.0,RB2-000764,29371.25,29379.0,overlapping_active_same_direction_rb_tapped
1,1756,2026-07-14 00:16:00-04:00,bearish,"(29386.75, 29397.0, 29385.25, 29389.0)",29389.0,29397.0,RB2-000765,29393.0,29400.25,overlapping_active_same_direction_rb_tapped
1,1758,2026-07-14 00:18:00-04:00,bullish,"(29392.5, 29397.25, 29382.25, 29397.25)",29382.25,29392.5,RB2-000766,29381.0,29387.75,overlapping_active_same_direction_rb_tapped
1,1759,2026-07-14 00:19:00-04:00,bearish,"(29399.0, 29403.75, 29395.5, 29395.5)",29399.0,29403.75,RB2-000765,29393.0,29400.25,overlapping_active_same_direction_rb_tapped
1,1762,2026-07-14 00:22:00-04:00,bullish,"(29423.0, 29427.75, 29416.0, 29425.75)",29416.0,29423.0,RB2-000767,29415.0,29418.75,overlapping_active_same_direction_rb_tapped
1,1764,2026-07-14 00:24:00-04:00,bullish,"(29428.0, 29428.75, 29416.25, 29427.25)",29416.25,29427.25,RB2-000767,29415.0,29418.75,overlapping_active_same_direction_rb_tapped
1,1767,2026-07-14 00:27:00-04:00,bearish,"(29432.5, 29452.75, 29431.5, 29447.75)",29447.75,29452.75,RB2-000724,29450.5,29456.0,overlapping_active_same_direction_rb_tapped
1,1768,2026-07-14 00:28:00-04:00,bearish,"(29447.5, 29451.5, 29446.75, 29449.5)",29449.5,29451.5,RB2-000724,29450.5,29456.0,overlapping_active_same_direction_rb_tapped
1,1770,2026-07-14 00:30:00-04:00,bullish,"(29450.5, 29456.0, 29442.5, 29449.0)",29442.5,29449.0,RB2-000771,29443.5,29449.25,overlapping_active_same_direction_rb_tapped
1,1771,2026-07-14 00:31:00-04:00,bullish,"(29449.5, 29452.0, 29443.0, 29449.0)",29443.0,29449.0,RB2-000771,29443.5,29449.25,overlapping_active_same_direction_rb_tapped
1,1772,2026-07-14 00:32:00-04:00,bullish,"(29449.25, 29453.75, 29444.75, 29453.75)",29444.75,29449.25,RB2-000771,29443.5,29449.25,overlapping_active_same_direction_rb_tapped
1,1773,2026-07-14 00:33:00-04:00,bearish,"(29454.0, 29460.25, 29452.0, 29454.5)",29454.5,29460.25,RB2-000713,29457.75,29461.25,overlapping_active_same_direction_rb_tapped
1,1776,2026-07-14 00:36:00-04:00,bearish,"(29465.75, 29474.0, 29464.0, 29467.25)",29467.25,29474.0,RB2-000712,29464.75,29469.0,overlapping_active_same_direction_rb_tapped
1,1777,2026-07-14 00:37:00-04:00,bearish,"(29468.75, 29479.25, 29465.75, 29475.75)",29475.75,29479.25,RB2-000711,29477.25,29481.75,overlapping_active_same_direction_rb_tapped
1,1778,2026-07-14 00:38:00-04:00,bearish,"(29474.75, 29482.25, 29473.0, 29479.75)",29479.75,29482.25,RB2-000711,29477.25,29481.75,overlapping_active_same_direction_rb_tapped
1,1782,2026-07-14 00:42:00-04:00,bearish,"(29474.5, 29484.5, 29474.5, 29482.0)",29482.0,29484.5,RB2-000773,29484.5,29488.0,overlapping_active_same_direction_rb_tapped
1,1783,2026-07-14 00:43:00-04:00,bearish,"(29480.75, 29487.25, 29475.5, 29480.75)",29480.75,29487.25,RB2-000773,29484.5,29488.0,overlapping_active_same_direction_rb_tapped
1,1790,2026-07-14 00:50:00-04:00,bearish,"(29494.25, 29503.25, 29489.5, 29490.5)",29494.25,29503.25,RB2-000702,29501.25,29504.75,overlapping_active_same_direction_rb_tapped
1,1792,2026-07-14 00:52:00-04:00,bullish,"(29491.5, 29491.5, 29485.0, 29489.25)",29485.0,29489.25,RB2-000776,29481.0,29485.5,overlapping_active_same_direction_rb_tapped
1,1793,2026-07-14 00:53:00-04:00,bearish,"(29490.5, 29493.0, 29480.75, 29482.25)",29490.5,29493.0,RB2-000779,29492.25,29496.75,overlapping_active_same_direction_rb_tapped
1,1794,2026-07-14 00:54:00-04:00,bullish,"(29483.0, 29498.25, 29478.0, 29497.75)",29478.0,29483.0,RB2-000776,29481.0,29485.5,overlapping_active_same_direction_rb_tapped
1,1795,2026-07-14 00:55:00-04:00,bearish,"(29498.0, 29511.0, 29494.25, 29502.5)",29502.5,29511.0,RB2-000702,29501.25,29504.75,overlapping_active_same_direction_rb_tapped
1,1797,2026-07-14 00:57:00-04:00,bullish,"(29507.0, 29510.0, 29502.5, 29506.25)",29502.5,29506.25,RB2-000780,29498.75,29502.5,overlapping_active_same_direction_rb_tapped
1,1800,2026-07-14 01:00:00-04:00,bullish,"(29509.75, 29511.0, 29500.75, 29507.75)",29500.75,29507.75,RB2-000780,29498.75,29502.5,overlapping_active_same_direction_rb_tapped
1,1805,2026-07-14 01:05:00-04:00,bullish,"(29510.25, 29517.75, 29507.0, 29515.25)",29507.0,29510.25,RB2-000784,29507.5,29511.75,overlapping_active_same_direction_rb_tapped
1,1806,2026-07-14 01:06:00-04:00,bullish,"(29513.5, 29515.25, 29509.5, 29515.25)",29509.5,29513.5,RB2-000784,29507.5,29511.75,overlapping_active_same_direction_rb_tapped
1,1808,2026-07-14 01:08:00-04:00,bullish,"(29518.25, 29519.5, 29510.0, 29517.5)",29510.0,29517.5,RB2-000784,29507.5,29511.75,overlapping_active_same_direction_rb_tapped
1,1809,2026-07-14 01:09:00-04:00,bearish,"(29517.0, 29533.5, 29515.75, 29523.5)",29523.5,29533.5,RB2-000680,29533.25,29541.25,overlapping_active_same_direction_rb_tapped
1,1811,2026-07-14 01:11:00-04:00,bearish,"(29526.5, 29533.25, 29524.25, 29527.0)",29527.0,29533.25,RB2-000680,29533.25,29541.25,overlapping_active_same_direction_rb_tapped
1,1813,2026-07-14 01:13:00-04:00,bullish,"(29524.5, 29533.5, 29522.25, 29532.75)",29522.25,29524.5,RB2-000786,29520.5,29524.0,overlapping_active_same_direction_rb_tapped
1,1816,2026-07-14 01:16:00-04:00,bearish,"(29542.75, 29549.75, 29539.0, 29545.25)",29545.25,29549.75,RB2-000788,29546.25,29550.0,overlapping_active_same_direction_rb_tapped
1,1818,2026-07-14 01:18:00-04:00,bearish,"(29543.5, 29551.75, 29536.5, 29538.5)",29543.5,29551.75,RB2-000788,29546.25,29550.0,overlapping_active_same_direction_rb_tapped
1,1824,2026-07-14 01:24:00-04:00,bearish,"(29587.75, 29594.25, 29586.0, 29587.25)",29587.75,29594.25,RB2-000793,29588.5,29591.0,overlapping_active_same_direction_rb_tapped
1,1829,2026-07-14 01:29:00-04:00,bullish,"(29600.5, 29604.5, 29595.5, 29604.5)",29595.5,29600.5,RB2-000795,29590.0,29595.5,overlapping_active_same_direction_rb_tapped
1,1834,2026-07-14 01:34:00-04:00,bullish,"(29622.5, 29622.75, 29598.0, 29602.5)",29598.0,29602.5,RB2-000796,29595.75,29606.5,overlapping_active_same_direction_rb_tapped
1,1836,2026-07-14 01:36:00-04:00,bullish,"(29604.0, 29605.25, 29595.25, 29600.0)",29595.25,29600.0,RB2-000795,29590.0,29595.5,overlapping_active_same_direction_rb_tapped
1,1837,2026-07-14 01:37:00-04:00,bearish,"(29599.75, 29605.25, 29595.25, 29595.25)",29599.75,29605.25,RB2-000800,29603.25,29610.0,overlapping_active_same_direction_rb_tapped
1,1839,2026-07-14 01:39:00-04:00,bullish,"(29589.25, 29594.25, 29585.0, 29594.25)",29585.0,29589.25,RB2-000794,29580.75,29586.25,overlapping_active_same_direction_rb_tapped
1,1840,2026-07-14 01:40:00-04:00,bullish,"(29595.0, 29598.0, 29580.5, 29584.75)",29580.5,29584.75,RB2-000794,29580.75,29586.25,overlapping_active_same_direction_rb_tapped
1,1843,2026-07-14 01:43:00-04:00,bearish,"(29588.75, 29597.0, 29585.75, 29591.25)",29591.25,29597.0,RB2-000801,29595.0,29597.75,overlapping_active_same_direction_rb_tapped
1,1844,2026-07-14 01:44:00-04:00,bearish,"(29593.0, 29599.0, 29591.0, 29594.0)",29594.0,29599.0,RB2-000801,29595.0,29597.75,overlapping_active_same_direction_rb_tapped
1,1845,2026-07-14 01:45:00-04:00,bearish,"(29596.5, 29606.0, 29589.5, 29589.5)",29596.5,29606.0,RB2-000800,29603.25,29610.0,overlapping_active_same_direction_rb_tapped
1,1847,2026-07-14 01:47:00-04:00,bearish,"(29590.0, 29596.0, 29583.0, 29587.75)",29590.0,29596.0,RB2-000803,29588.75,29596.25,overlapping_active_same_direction_rb_tapped
1,1851,2026-07-14 01:51:00-04:00,bearish,"(29591.5, 29597.75, 29589.5, 29592.5)",29592.5,29597.75,RB2-000805,29596.25,29600.5,overlapping_active_same_direction_rb_tapped
1,1852,2026-07-14 01:52:00-04:00,bearish,"(29591.75, 29598.5, 29587.25, 29589.75)",29591.75,29598.5,RB2-000805,29596.25,29600.5,overlapping_active_same_direction_rb_tapped
1,1853,2026-07-14 01:53:00-04:00,bearish,"(29589.5, 29600.75, 29588.0, 29597.5)",29597.5,29600.75,RB2-000805,29596.25,29600.5,overlapping_active_same_direction_rb_tapped
1,1854,2026-07-14 01:54:00-04:00,bullish,"(29594.75, 29601.0, 29591.25, 29599.0)",29591.25,29594.75,RB2-000806,29587.5,29591.5,overlapping_active_same_direction_rb_tapped
1,1855,2026-07-14 01:55:00-04:00,bearish,"(29599.0, 29602.25, 29592.0, 29595.0)",29599.0,29602.25,RB2-000805,29596.25,29600.5,overlapping_active_same_direction_rb_tapped
1,1858,2026-07-14 01:58:00-04:00,bearish,"(29602.75, 29604.25, 29598.5, 29598.5)",29602.75,29604.25,RB2-000800,29603.25,29610.0,overlapping_active_same_direction_rb_tapped
1,1859,2026-07-14 01:59:00-04:00,bullish,"(29599.25, 29599.75, 29590.5, 29593.0)",29590.5,29593.0,RB2-000806,29587.5,29591.5,overlapping_active_same_direction_rb_tapped
1,1860,2026-07-14 02:00:00-04:00,bullish,"(29592.0, 29603.25, 29586.25, 29601.5)",29586.25,29592.0,RB2-000804,29582.75,29587.25,overlapping_active_same_direction_rb_tapped
1,1868,2026-07-14 02:08:00-04:00,bearish,"(29619.5, 29624.0, 29612.25, 29615.25)",29619.5,29624.0,RB2-000799,29623.5,29626.25,overlapping_active_same_direction_rb_tapped
1,1869,2026-07-14 02:09:00-04:00,bullish,"(29616.0, 29620.0, 29610.5, 29618.25)",29610.5,29616.0,RB2-000812,29609.25,29612.0,overlapping_active_same_direction_rb_tapped
1,1870,2026-07-14 02:10:00-04:00,bearish,"(29619.5, 29628.5, 29619.5, 29626.5)",29626.5,29628.5,RB2-000797,29626.5,29631.25,overlapping_active_same_direction_rb_tapped
1,1872,2026-07-14 02:12:00-04:00,bullish,"(29621.5, 29624.0, 29609.75, 29614.75)",29609.75,29614.75,RB2-000812,29609.25,29612.0,overlapping_active_same_direction_rb_tapped
1,1873,2026-07-14 02:13:00-04:00,bearish,"(29615.5, 29634.75, 29614.5, 29630.25)",29630.25,29634.75,RB2-000797,29626.5,29631.25,overlapping_active_same_direction_rb_tapped
1,1875,2026-07-14 02:15:00-04:00,bearish,"(29629.0, 29636.25, 29628.5, 29632.75)",29632.75,29636.25,RB2-000814,29629.75,29634.75,overlapping_active_same_direction_rb_tapped
1,1877,2026-07-14 02:17:00-04:00,bullish,"(29628.0, 29634.5, 29621.0, 29632.75)",29621.0,29628.0,RB2-000815,29625.0,29627.5,overlapping_active_same_direction_rb_tapped
1,1880,2026-07-14 02:20:00-04:00,bearish,"(29639.5, 29649.0, 29639.5, 29646.5)",29646.5,29649.0,RB2-000817,29641.5,29649.75,overlapping_active_same_direction_rb_tapped
1,1883,2026-07-14 02:23:00-04:00,bullish,"(29633.75, 29633.75, 29623.0, 29625.0)",29623.0,29625.0,RB2-000819,29624.5,29632.5,overlapping_active_same_direction_rb_tapped
1,1886,2026-07-14 02:26:00-04:00,bearish,"(29618.75, 29622.5, 29609.75, 29609.75)",29618.75,29622.5,RB2-000821,29620.0,29622.75,overlapping_active_same_direction_rb_tapped
1,1887,2026-07-14 02:27:00-04:00,bullish,"(29610.5, 29613.75, 29606.75, 29610.5)",29606.75,29610.5,RB2-000812,29609.25,29612.0,overlapping_active_same_direction_rb_tapped
1,1888,2026-07-14 02:28:00-04:00,bullish,"(29610.0, 29610.0, 29595.0, 29605.75)",29595.0,29605.75,RB2-000810,29597.75,29601.5,overlapping_active_same_direction_rb_tapped
1,1891,2026-07-14 02:31:00-04:00,bearish,"(29621.75, 29628.5, 29618.75, 29625.25)",29625.25,29628.5,RB2-000820,29626.75,29630.5,overlapping_active_same_direction_rb_tapped
1,1894,2026-07-14 02:34:00-04:00,bearish,"(29632.0, 29633.75, 29628.0, 29629.5)",29632.0,29633.75,RB2-000824,29631.5,29634.25,overlapping_active_same_direction_rb_tapped
1,1898,2026-07-14 02:38:00-04:00,bearish,"(29613.5, 29622.0, 29613.0, 29613.75)",29613.75,29622.0,RB2-000827,29619.0,29623.5,overlapping_active_same_direction_rb_tapped
1,1899,2026-07-14 02:39:00-04:00,bullish,"(29615.0, 29617.0, 29612.5, 29614.75)",29612.5,29614.75,RB2-000828,29609.5,29613.75,overlapping_active_same_direction_rb_tapped
1,1900,2026-07-14 02:40:00-04:00,bullish,"(29611.75, 29611.75, 29604.5, 29608.75)",29604.5,29608.75,RB2-000823,29601.75,29606.25,overlapping_active_same_direction_rb_tapped
1,1901,2026-07-14 02:41:00-04:00,bullish,"(29609.0, 29610.75, 29604.5, 29608.0)",29604.5,29608.0,RB2-000823,29601.75,29606.25,overlapping_active_same_direction_rb_tapped
1,1904,2026-07-14 02:44:00-04:00,bullish,"(29598.5, 29599.0, 29593.25, 29598.0)",29593.25,29598.0,RB2-000829,29593.0,29595.25,overlapping_active_same_direction_rb_tapped
1,1907,2026-07-14 02:47:00-04:00,bullish,"(29583.25, 29586.75, 29579.75, 29585.75)",29579.75,29583.25,RB2-000804,29582.75,29587.25,overlapping_active_same_direction_rb_tapped
1,1911,2026-07-14 02:51:00-04:00,bearish,"(29585.25, 29588.5, 29583.25, 29584.0)",29585.25,29588.5,RB2-000830,29586.25,29589.25,overlapping_active_same_direction_rb_tapped
1,1913,2026-07-14 02:53:00-04:00,bullish,"(29581.75, 29582.25, 29577.0, 29581.0)",29577.0,29581.0,RB2-000832,29578.25,29579.5,overlapping_active_same_direction_rb_tapped
1,1923,2026-07-14 03:03:00-04:00,bullish,"(29551.75, 29561.0, 29548.5, 29559.5)",29548.5,29551.75,RB2-000834,29545.5,29555.0,overlapping_active_same_direction_rb_tapped
1,1926,2026-07-14 03:06:00-04:00,bearish,"(29588.75, 29595.75, 29588.0, 29589.25)",29589.25,29595.75,RB2-000837,29589.5,29596.0,overlapping_active_same_direction_rb_tapped
1,1928,2026-07-14 03:08:00-04:00,bearish,"(29592.25, 29601.75, 29591.75, 29596.0)",29596.0,29601.75,RB2-000838,29596.5,29602.25,overlapping_active_same_direction_rb_tapped
1,1929,2026-07-14 03:09:00-04:00,bearish,"(29597.5, 29601.0, 29590.5, 29592.5)",29597.5,29601.0,RB2-000838,29596.5,29602.25,overlapping_active_same_direction_rb_tapped
1,1935,2026-07-14 03:15:00-04:00,bearish,"(29599.25, 29604.5, 29592.0, 29592.0)",29599.25,29604.5,RB2-000838,29596.5,29602.25,overlapping_active_same_direction_rb_tapped
1,1937,2026-07-14 03:17:00-04:00,bullish,"(29598.5, 29598.5, 29583.25, 29593.25)",29583.25,29593.25,RB2-000841,29581.5,29586.0,overlapping_active_same_direction_rb_tapped
1,1938,2026-07-14 03:18:00-04:00,bearish,"(29593.5, 29598.0, 29588.5, 29588.5)",29593.5,29598.0,RB2-000843,29595.0,29599.5,overlapping_active_same_direction_rb_tapped
1,1939,2026-07-14 03:19:00-04:00,bearish,"(29591.75, 29597.5, 29589.0, 29591.0)",29591.75,29597.5,RB2-000843,29595.0,29599.5,overlapping_active_same_direction_rb_tapped
1,1940,2026-07-14 03:20:00-04:00,bullish,"(29590.25, 29602.0, 29584.0, 29601.5)",29584.0,29590.25,RB2-000841,29581.5,29586.0,overlapping_active_same_direction_rb_tapped
1,1942,2026-07-14 03:22:00-04:00,bullish,"(29587.5, 29589.5, 29576.75, 29587.0)",29576.75,29587.0,RB2-000841,29581.5,29586.0,overlapping_active_same_direction_rb_tapped
1,1947,2026-07-14 03:27:00-04:00,bearish,"(29616.5, 29621.25, 29603.75, 29607.5)",29616.5,29621.25,RB2-000827,29619.0,29623.5,overlapping_active_same_direction_rb_tapped
1,1950,2026-07-14 03:30:00-04:00,bullish,"(29606.0, 29607.0, 29588.75, 29594.25)",29588.75,29594.25,RB2-000844,29587.0,29592.5,overlapping_active_same_direction_rb_tapped
1,1952,2026-07-14 03:32:00-04:00,bearish,"(29590.0, 29599.25, 29586.5, 29591.5)",29591.5,29599.25,RB2-000848,29594.5,29605.25,overlapping_active_same_direction_rb_tapped
1,1953,2026-07-14 03:33:00-04:00,bullish,"(29590.0, 29594.0, 29577.75, 29594.0)",29577.75,29590.0,RB2-000844,29587.0,29592.5,overlapping_active_same_direction_rb_tapped
1,1954,2026-07-14 03:34:00-04:00,bearish,"(29593.0, 29608.25, 29593.0, 29602.0)",29602.0,29608.25,RB2-000848,29594.5,29605.25,overlapping_active_same_direction_rb_tapped
1,1956,2026-07-14 03:36:00-04:00,bullish,"(29593.0, 29596.75, 29588.0, 29596.75)",29588.0,29593.0,RB2-000849,29589.5,29591.5,overlapping_active_same_direction_rb_tapped
1,1964,2026-07-14 03:44:00-04:00,bearish,"(29576.5, 29580.75, 29571.25, 29572.25)",29576.5,29580.75,RB2-000855,29576.75,29581.0,overlapping_active_same_direction_rb_tapped
1,1969,2026-07-14 03:49:00-04:00,bullish,"(29584.0, 29596.0, 29578.25, 29596.0)",29578.25,29584.0,RB2-000859,29575.0,29583.75,overlapping_active_same_direction_rb_tapped
1,1970,2026-07-14 03:50:00-04:00,bearish,"(29595.25, 29602.25, 29591.5, 29597.0)",29597.0,29602.25,RB2-000851,29602.25,29605.0,overlapping_active_same_direction_rb_tapped
1,1971,2026-07-14 03:51:00-04:00,bearish,"(29596.75, 29607.5, 29595.75, 29604.75)",29604.75,29607.5,RB2-000851,29602.25,29605.0,overlapping_active_same_direction_rb_tapped
1,1974,2026-07-14 03:54:00-04:00,bearish,"(29601.5, 29607.5, 29598.0, 29598.5)",29601.5,29607.5,RB2-000861,29607.0,29609.75,overlapping_active_same_direction_rb_tapped
1,1976,2026-07-14 03:56:00-04:00,bullish,"(29593.5, 29595.5, 29582.0, 29585.5)",29582.0,29585.5,RB2-000859,29575.0,29583.75,overlapping_active_same_direction_rb_tapped
1,1977,2026-07-14 03:57:00-04:00,bullish,"(29583.5, 29587.5, 29572.5, 29577.75)",29572.5,29577.75,RB2-000859,29575.0,29583.75,overlapping_active_same_direction_rb_tapped
1,1979,2026-07-14 03:59:00-04:00,bullish,"(29575.5, 29575.5, 29568.25, 29574.5)",29568.25,29574.5,RB2-000858,29569.0,29571.5,overlapping_active_same_direction_rb_tapped
1,1980,2026-07-14 04:00:00-04:00,bullish,"(29575.0, 29582.75, 29563.75, 29574.5)",29563.75,29574.5,RB2-000857,29557.25,29565.25,overlapping_active_same_direction_rb_tapped
1,1982,2026-07-14 04:02:00-04:00,bearish,"(29577.75, 29602.0, 29577.75, 29596.75)",29596.75,29602.0,RB2-000862,29597.75,29602.75,overlapping_active_same_direction_rb_tapped
1,1983,2026-07-14 04:03:00-04:00,bullish,"(29593.5, 29601.0, 29561.25, 29569.0)",29561.25,29569.0,RB2-000857,29557.25,29565.25,overlapping_active_same_direction_rb_tapped
1,1986,2026-07-14 04:06:00-04:00,bullish,"(29571.25, 29574.5, 29563.75, 29567.5)",29563.75,29567.5,RB2-000857,29557.25,29565.25,overlapping_active_same_direction_rb_tapped
1,1989,2026-07-14 04:09:00-04:00,bearish,"(29564.25, 29570.5, 29558.75, 29558.75)",29564.25,29570.5,RB2-000866,29568.75,29574.0,overlapping_active_same_direction_rb_tapped
1,1992,2026-07-14 04:12:00-04:00,bullish,"(29564.0, 29576.0, 29561.5, 29576.0)",29561.5,29564.0,RB2-000867,29559.0,29563.75,overlapping_active_same_direction_rb_tapped
1,1994,2026-07-14 04:14:00-04:00,bullish,"(29582.0, 29582.25, 29574.25, 29580.5)",29574.25,29580.5,RB2-000868,29567.5,29576.0,overlapping_active_same_direction_rb_tapped
1,1995,2026-07-14 04:15:00-04:00,bearish,"(29582.0, 29599.75, 29582.0, 29590.0)",29590.0,29599.75,RB2-000862,29597.75,29602.75,overlapping_active_same_direction_rb_tapped
1,1998,2026-07-14 04:18:00-04:00,bearish,"(29607.25, 29614.25, 29602.75, 29607.75)",29607.75,29614.25,RB2-000847,29610.5,29616.0,overlapping_active_same_direction_rb_tapped
1,2001,2026-07-14 04:21:00-04:00,bearish,"(29600.75, 29608.0, 29600.75, 29602.5)",29602.5,29608.0,RB2-000870,29605.75,29610.25,overlapping_active_same_direction_rb_tapped
1,2002,2026-07-14 04:22:00-04:00,bearish,"(29602.25, 29612.0, 29600.5, 29601.25)",29602.25,29612.0,RB2-000847,29610.5,29616.0,overlapping_active_same_direction_rb_tapped
1,2003,2026-07-14 04:23:00-04:00,bullish,"(29600.25, 29602.5, 29592.5, 29601.25)",29592.5,29600.25,RB2-000871,29598.0,29602.75,overlapping_active_same_direction_rb_tapped
1,2005,2026-07-14 04:25:00-04:00,bearish,"(29598.25, 29611.0, 29598.25, 29608.0)",29608.0,29611.0,RB2-000847,29610.5,29616.0,overlapping_active_same_direction_rb_tapped
1,2006,2026-07-14 04:26:00-04:00,bearish,"(29609.0, 29618.0, 29609.0, 29614.25)",29614.25,29618.0,RB2-000847,29610.5,29616.0,overlapping_active_same_direction_rb_tapped
1,2007,2026-07-14 04:27:00-04:00,bearish,"(29614.25, 29632.0, 29614.0, 29623.5)",29623.5,29632.0,RB2-000824,29631.5,29634.25,overlapping_active_same_direction_rb_tapped
1,2011,2026-07-14 04:31:00-04:00,bearish,"(29626.0, 29629.25, 29622.25, 29622.5)",29626.0,29629.25,RB2-000873,29623.25,29627.25,overlapping_active_same_direction_rb_tapped
1,2014,2026-07-14 04:34:00-04:00,bearish,"(29620.75, 29625.75, 29619.75, 29619.75)",29620.75,29625.75,RB2-000876,29619.75,29622.25,overlapping_active_same_direction_rb_tapped
1,2017,2026-07-14 04:37:00-04:00,bearish,"(29630.0, 29636.25, 29624.0, 29624.0)",29630.0,29636.25,RB2-000824,29631.5,29634.25,overlapping_active_same_direction_rb_tapped
1,2018,2026-07-14 04:38:00-04:00,bullish,"(29623.5, 29625.25, 29616.0, 29622.75)",29616.0,29622.75,RB2-000875,29606.5,29617.75,overlapping_active_same_direction_rb_tapped
1,2021,2026-07-14 04:41:00-04:00,bearish,"(29614.75, 29626.0, 29612.5, 29619.25)",29619.25,29626.0,RB2-000878,29619.75,29624.25,overlapping_active_same_direction_rb_tapped
1,2022,2026-07-14 04:42:00-04:00,bullish,"(29618.0, 29618.0, 29609.5, 29617.75)",29609.5,29617.75,RB2-000875,29606.5,29617.75,overlapping_active_same_direction_rb_tapped
1,2023,2026-07-14 04:43:00-04:00,bullish,"(29618.5, 29621.25, 29615.0, 29618.25)",29615.0,29618.25,RB2-000875,29606.5,29617.75,overlapping_active_same_direction_rb_tapped
1,2024,2026-07-14 04:44:00-04:00,bullish,"(29617.75, 29619.75, 29611.25, 29613.5)",29611.25,29613.5,RB2-000875,29606.5,29617.75,overlapping_active_same_direction_rb_tapped
1,2027,2026-07-14 04:47:00-04:00,bullish,"(29602.0, 29607.0, 29598.75, 29607.0)",29598.75,29602.0,RB2-000879,29600.0,29603.5,overlapping_active_same_direction_rb_tapped
1,2030,2026-07-14 04:50:00-04:00,bullish,"(29583.25, 29584.75, 29575.75, 29578.75)",29575.75,29578.75,RB2-000868,29567.5,29576.0,overlapping_active_same_direction_rb_tapped
1,2031,2026-07-14 04:51:00-04:00,bullish,"(29577.75, 29585.25, 29572.25, 29585.25)",29572.25,29577.75,RB2-000868,29567.5,29576.0,overlapping_active_same_direction_rb_tapped
1,2033,2026-07-14 04:53:00-04:00,bullish,"(29584.25, 29584.25, 29575.25, 29577.25)",29575.25,29577.25,RB2-000868,29567.5,29576.0,overlapping_active_same_direction_rb_tapped
1,2035,2026-07-14 04:55:00-04:00,bearish,"(29593.25, 29595.0, 29586.0, 29587.0)",29593.25,29595.0,RB2-000883,29590.0,29593.5,overlapping_active_same_direction_rb_tapped
1,2038,2026-07-14 04:58:00-04:00,bullish,"(29573.5, 29581.75, 29570.75, 29581.25)",29570.75,29573.5,RB2-000868,29567.5,29576.0,overlapping_active_same_direction_rb_tapped
1,2039,2026-07-14 04:59:00-04:00,bullish,"(29580.25, 29580.25, 29571.5, 29573.0)",29571.5,29573.0,RB2-000868,29567.5,29576.0,overlapping_active_same_direction_rb_tapped
1,2040,2026-07-14 05:00:00-04:00,bullish,"(29573.0, 29574.25, 29557.75, 29572.5)",29557.75,29572.5,RB2-000867,29559.0,29563.75,overlapping_active_same_direction_rb_tapped
1,2046,2026-07-14 05:06:00-04:00,bullish,"(29598.0, 29598.75, 29584.5, 29590.5)",29584.5,29590.5,RB2-000888,29585.0,29588.25,overlapping_active_same_direction_rb_tapped
1,2048,2026-07-14 05:08:00-04:00,bearish,"(29593.0, 29608.75, 29593.0, 29606.0)",29606.0,29608.75,RB2-000880,29604.5,29609.5,overlapping_active_same_direction_rb_tapped
1,2049,2026-07-14 05:09:00-04:00,bearish,"(29606.0, 29611.0, 29605.5, 29609.25)",29609.25,29611.0,RB2-000880,29604.5,29609.5,overlapping_active_same_direction_rb_tapped
1,2052,2026-07-14 05:12:00-04:00,bearish,"(29615.0, 29622.0, 29615.0, 29619.75)",29619.75,29622.0,RB2-000892,29614.25,29625.5,overlapping_active_same_direction_rb_tapped
1,2053,2026-07-14 05:13:00-04:00,bearish,"(29621.0, 29625.75, 29615.0, 29616.75)",29621.0,29625.75,RB2-000892,29614.25,29625.5,overlapping_active_same_direction_rb_tapped
1,2054,2026-07-14 05:14:00-04:00,bearish,"(29616.25, 29626.5, 29615.75, 29624.5)",29624.5,29626.5,RB2-000892,29614.25,29625.5,overlapping_active_same_direction_rb_tapped
1,2056,2026-07-14 05:16:00-04:00,bullish,"(29628.0, 29629.5, 29617.0, 29622.5)",29617.0,29622.5,RB2-000893,29616.5,29623.5,overlapping_active_same_direction_rb_tapped
1,2057,2026-07-14 05:17:00-04:00,bullish,"(29620.25, 29621.25, 29602.0, 29605.5)",29602.0,29605.5,RB2-000891,29600.0,29608.0,overlapping_active_same_direction_rb_tapped
1,2064,2026-07-14 05:24:00-04:00,bullish,"(29596.25, 29598.0, 29585.5, 29591.0)",29585.5,29591.0,RB2-000888,29585.0,29588.25,overlapping_active_same_direction_rb_tapped
1,2067,2026-07-14 05:27:00-04:00,bullish,"(29593.5, 29593.5, 29584.0, 29586.5)",29584.0,29586.5,RB2-000888,29585.0,29588.25,overlapping_active_same_direction_rb_tapped
1,2069,2026-07-14 05:29:00-04:00,bullish,"(29585.0, 29585.5, 29572.25, 29574.75)",29572.25,29574.75,RB2-000887,29572.5,29581.0,overlapping_active_same_direction_rb_tapped
1,2072,2026-07-14 05:32:00-04:00,bearish,"(29577.0, 29587.0, 29576.0, 29584.5)",29584.5,29587.0,RB2-000899,29586.0,29590.0,overlapping_active_same_direction_rb_tapped
1,2073,2026-07-14 05:33:00-04:00,bullish,"(29584.25, 29588.25, 29578.75, 29588.25)",29578.75,29584.25,RB2-000887,29572.5,29581.0,overlapping_active_same_direction_rb_tapped
1,2074,2026-07-14 05:34:00-04:00,bearish,"(29587.0, 29591.0, 29583.0, 29585.0)",29587.0,29591.0,RB2-000899,29586.0,29590.0,overlapping_active_same_direction_rb_tapped
1,2078,2026-07-14 05:38:00-04:00,bearish,"(29590.75, 29594.0, 29590.75, 29591.75)",29591.75,29594.0,RB2-000901,29590.75,29593.0,overlapping_active_same_direction_rb_tapped
1,2081,2026-07-14 05:41:00-04:00,bearish,"(29596.75, 29600.0, 29593.0, 29595.25)",29596.75,29600.0,RB2-000903,29597.25,29598.5,overlapping_active_same_direction_rb_tapped
1,2082,2026-07-14 05:42:00-04:00,bullish,"(29595.75, 29607.0, 29592.0, 29603.75)",29592.0,29595.75,RB2-000902,29590.25,29592.75,overlapping_active_same_direction_rb_tapped
1,2083,2026-07-14 05:43:00-04:00,bearish,"(29605.0, 29609.75, 29603.25, 29605.5)",29605.5,29609.75,RB2-000895,29603.25,29607.0,overlapping_active_same_direction_rb_tapped
1,2085,2026-07-14 05:45:00-04:00,bearish,"(29598.5, 29606.0, 29598.0, 29603.5)",29603.5,29606.0,RB2-000904,29605.75,29608.0,overlapping_active_same_direction_rb_tapped
1,2093,2026-07-14 05:53:00-04:00,bearish,"(29601.5, 29609.25, 29601.5, 29605.75)",29605.75,29609.25,RB2-000908,29604.0,29608.25,overlapping_active_same_direction_rb_tapped
1,2094,2026-07-14 05:54:00-04:00,bullish,"(29604.75, 29608.25, 29603.0, 29608.0)",29603.0,29604.75,RB2-000905,29600.0,29605.0,overlapping_active_same_direction_rb_tapped
1,2095,2026-07-14 05:55:00-04:00,bullish,"(29609.0, 29609.75, 29600.75, 29605.0)",29600.75,29605.0,RB2-000905,29600.0,29605.0,overlapping_active_same_direction_rb_tapped
1,2096,2026-07-14 05:56:00-04:00,bullish,"(29605.5, 29605.75, 29596.75, 29600.75)",29596.75,29600.75,RB2-000905,29600.0,29605.0,overlapping_active_same_direction_rb_tapped
1,2099,2026-07-14 05:59:00-04:00,bullish,"(29600.25, 29602.25, 29599.25, 29602.25)",29599.25,29600.25,RB2-000909,29597.0,29601.0,overlapping_active_same_direction_rb_tapped
1,2100,2026-07-14 06:00:00-04:00,bullish,"(29603.25, 29604.5, 29594.75, 29600.25)",29594.75,29600.25,RB2-000909,29597.0,29601.0,overlapping_active_same_direction_rb_tapped
1,2104,2026-07-14 06:04:00-04:00,bullish,"(29601.5, 29609.5, 29600.0, 29608.75)",29600.0,29601.5,RB2-000911,29598.0,29601.5,overlapping_active_same_direction_rb_tapped
1,2106,2026-07-14 06:06:00-04:00,bullish,"(29600.75, 29607.75, 29599.0, 29607.75)",29599.0,29600.75,RB2-000911,29598.0,29601.5,overlapping_active_same_direction_rb_tapped
1,2111,2026-07-14 06:11:00-04:00,bearish,"(29617.0, 29620.25, 29614.0, 29615.0)",29617.0,29620.25,RB2-000906,29618.25,29623.25,overlapping_active_same_direction_rb_tapped
1,2114,2026-07-14 06:14:00-04:00,bullish,"(29603.25, 29606.5, 29597.25, 29605.0)",29597.25,29603.25,RB2-000911,29598.0,29601.5,overlapping_active_same_direction_rb_tapped
1,2117,2026-07-14 06:17:00-04:00,bullish,"(29601.0, 29602.25, 29592.25, 29600.5)",29592.25,29600.5,RB2-000902,29590.25,29592.75,overlapping_active_same_direction_rb_tapped
1,2121,2026-07-14 06:21:00-04:00,bullish,"(29594.25, 29596.0, 29591.0, 29593.5)",29591.0,29593.5,RB2-000902,29590.25,29592.75,overlapping_active_same_direction_rb_tapped
1,2123,2026-07-14 06:23:00-04:00,bearish,"(29591.5, 29594.5, 29590.0, 29592.0)",29592.0,29594.5,RB2-000919,29592.0,29595.75,overlapping_active_same_direction_rb_tapped
1,2124,2026-07-14 06:24:00-04:00,bearish,"(29596.75, 29600.0, 29596.75, 29597.5)",29597.5,29600.0,RB2-000918,29598.5,29599.25,overlapping_active_same_direction_rb_tapped
1,2128,2026-07-14 06:28:00-04:00,bearish,"(29591.75, 29597.25, 29591.5, 29593.5)",29593.5,29597.25,RB2-000920,29597.25,29599.25,overlapping_active_same_direction_rb_tapped
1,2130,2026-07-14 06:30:00-04:00,bearish,"(29595.75, 29600.25, 29593.0, 29593.5)",29595.75,29600.25,RB2-000920,29597.25,29599.25,overlapping_active_same_direction_rb_tapped
1,2131,2026-07-14 06:31:00-04:00,bearish,"(29594.75, 29609.0, 29578.75, 29581.75)",29594.75,29609.0,RB2-000916,29605.0,29608.5,overlapping_active_same_direction_rb_tapped
1,2133,2026-07-14 06:33:00-04:00,bearish,"(29588.25, 29593.75, 29585.5, 29585.5)",29588.25,29593.75,RB2-000924,29587.5,29591.5,overlapping_active_same_direction_rb_tapped
1,2143,2026-07-14 06:43:00-04:00,bearish,"(29597.5, 29601.25, 29596.25, 29597.0)",29597.5,29601.25,RB2-000930,29598.5,29600.75,overlapping_active_same_direction_rb_tapped
1,2149,2026-07-14 06:49:00-04:00,bearish,"(29610.0, 29616.0, 29610.0, 29614.25)",29614.25,29616.0,RB2-000929,29612.25,29615.0,overlapping_active_same_direction_rb_tapped
1,2153,2026-07-14 06:53:00-04:00,bearish,"(29607.25, 29611.25, 29603.25, 29605.0)",29607.25,29611.25,RB2-000934,29610.25,29612.0,overlapping_active_same_direction_rb_tapped
1,2154,2026-07-14 06:54:00-04:00,bullish,"(29604.75, 29604.75, 29600.0, 29602.75)",29600.0,29602.75,RB2-000933,29601.25,29605.0,overlapping_active_same_direction_rb_tapped
1,2157,2026-07-14 06:57:00-04:00,bearish,"(29590.0, 29597.0, 29590.0, 29594.75)",29594.75,29597.0,RB2-000936,29593.5,29600.0,overlapping_active_same_direction_rb_tapped
1,2160,2026-07-14 07:00:00-04:00,bearish,"(29606.75, 29621.25, 29598.0, 29604.0)",29606.75,29621.25,RB2-000928,29620.5,29623.75,overlapping_active_same_direction_rb_tapped
1,2161,2026-07-14 07:01:00-04:00,bullish,"(29603.0, 29603.75, 29579.5, 29588.25)",29579.5,29588.25,RB2-000887,29572.5,29581.0,overlapping_active_same_direction_rb_tapped
1,2162,2026-07-14 07:02:00-04:00,bullish,"(29587.5, 29588.0, 29562.0, 29574.25)",29562.0,29574.25,RB2-000885,29569.5,29571.75,overlapping_active_same_direction_rb_tapped
1,2165,2026-07-14 07:05:00-04:00,bullish,"(29571.75, 29586.0, 29565.5, 29582.75)",29565.5,29571.75,RB2-000939,29561.0,29570.75,overlapping_active_same_direction_rb_tapped
1,2167,2026-07-14 07:07:00-04:00,bullish,"(29589.75, 29596.75, 29579.25, 29586.5)",29579.25,29586.5,RB2-000941,29573.75,29580.5,overlapping_active_same_direction_rb_tapped
1,2169,2026-07-14 07:09:00-04:00,bullish,"(29570.5, 29575.25, 29563.75, 29573.75)",29563.75,29570.5,RB2-000939,29561.0,29570.75,overlapping_active_same_direction_rb_tapped
1,2172,2026-07-14 07:12:00-04:00,bullish,"(29568.75, 29576.25, 29555.0, 29567.5)",29555.0,29567.5,RB2-000834,29545.5,29555.0,overlapping_active_same_direction_rb_tapped
1,2175,2026-07-14 07:15:00-04:00,bearish,"(29607.25, 29632.0, 29605.5, 29620.75)",29620.75,29632.0,RB2-000927,29628.75,29633.0,overlapping_active_same_direction_rb_tapped
1,2177,2026-07-14 07:17:00-04:00,bearish,"(29623.0, 29629.5, 29614.75, 29619.0)",29623.0,29629.5,RB2-000927,29628.75,29633.0,overlapping_active_same_direction_rb_tapped
1,2180,2026-07-14 07:20:00-04:00,bearish,"(29633.75, 29645.5, 29633.0, 29643.25)",29643.25,29645.5,RB2-000817,29641.5,29649.75,overlapping_active_same_direction_rb_tapped
1,2182,2026-07-14 07:22:00-04:00,bullish,"(29635.25, 29638.0, 29628.25, 29633.25)",29628.25,29633.25,RB2-000947,29627.0,29634.5,overlapping_active_same_direction_rb_tapped
1,2187,2026-07-14 07:27:00-04:00,bullish,"(29658.5, 29661.75, 29652.0, 29655.75)",29652.0,29655.75,RB2-000950,29648.5,29655.5,overlapping_active_same_direction_rb_tapped
1,2194,2026-07-14 07:34:00-04:00,bullish,"(29643.5, 29644.0, 29631.75, 29633.75)",29631.75,29633.75,RB2-000947,29627.0,29634.5,overlapping_active_same_direction_rb_tapped
1,2195,2026-07-14 07:35:00-04:00,bullish,"(29635.25, 29641.0, 29630.25, 29639.5)",29630.25,29635.25,RB2-000947,29627.0,29634.5,overlapping_active_same_direction_rb_tapped
1,2198,2026-07-14 07:38:00-04:00,bullish,"(29623.25, 29629.0, 29618.0, 29624.75)",29618.0,29623.25,RB2-000955,29616.75,29622.0,overlapping_active_same_direction_rb_tapped
1,2199,2026-07-14 07:39:00-04:00,bullish,"(29625.75, 29628.5, 29621.75, 29626.75)",29621.75,29625.75,RB2-000955,29616.75,29622.0,overlapping_active_same_direction_rb_tapped
1,2201,2026-07-14 07:41:00-04:00,bullish,"(29624.75, 29624.75, 29614.5, 29619.0)",29614.5,29619.0,RB2-000955,29616.75,29622.0,overlapping_active_same_direction_rb_tapped
1,2203,2026-07-14 07:43:00-04:00,bearish,"(29619.0, 29628.25, 29619.0, 29621.0)",29621.0,29628.25,RB2-000956,29627.5,29633.5,overlapping_active_same_direction_rb_tapped
1,2204,2026-07-14 07:44:00-04:00,bullish,"(29620.75, 29622.25, 29614.25, 29620.5)",29614.25,29620.5,RB2-000957,29613.75,29617.0,overlapping_active_same_direction_rb_tapped
1,2205,2026-07-14 07:45:00-04:00,bearish,"(29619.0, 29628.5, 29617.75, 29621.25)",29621.25,29628.5,RB2-000956,29627.5,29633.5,overlapping_active_same_direction_rb_tapped
1,2213,2026-07-14 07:53:00-04:00,bearish,"(29653.75, 29658.5, 29652.5, 29653.5)",29653.75,29658.5,RB2-000952,29655.0,29670.5,overlapping_active_same_direction_rb_tapped
1,2214,2026-07-14 07:54:00-04:00,bearish,"(29652.5, 29655.25, 29644.5, 29645.5)",29652.5,29655.25,RB2-000952,29655.0,29670.5,overlapping_active_same_direction_rb_tapped
1,2220,2026-07-14 08:00:00-04:00,bearish,"(29635.0, 29637.75, 29625.5, 29627.0)",29635.0,29637.75,RB2-000963,29632.0,29637.75,overlapping_active_same_direction_rb_tapped
1,2226,2026-07-14 08:06:00-04:00,bullish,"(29593.0, 29594.5, 29587.0, 29591.75)",29587.0,29591.75,RB2-000966,29587.75,29592.5,overlapping_active_same_direction_rb_tapped
1,2230,2026-07-14 08:10:00-04:00,bullish,"(29590.0, 29594.5, 29583.75, 29590.0)",29583.75,29590.0,RB2-000967,29582.5,29586.25,overlapping_active_same_direction_rb_tapped
1,2235,2026-07-14 08:15:00-04:00,bullish,"(29591.75, 29592.5, 29577.5, 29585.0)",29577.5,29585.0,RB2-000968,29579.5,29583.5,overlapping_active_same_direction_rb_tapped
1,2239,2026-07-14 08:19:00-04:00,bearish,"(29604.5, 29618.0, 29603.0, 29608.75)",29608.75,29618.0,RB2-000965,29615.5,29627.0,overlapping_active_same_direction_rb_tapped
1,2241,2026-07-14 08:21:00-04:00,bullish,"(29603.75, 29611.0, 29599.5, 29611.0)",29599.5,29603.75,RB2-000973,29596.75,29601.75,overlapping_active_same_direction_rb_tapped
1,2245,2026-07-14 08:25:00-04:00,bearish,"(29650.5, 29665.5, 29650.0, 29661.75)",29661.75,29665.5,RB2-000952,29655.0,29670.5,overlapping_active_same_direction_rb_tapped
1,2246,2026-07-14 08:26:00-04:00,bearish,"(29662.5, 29669.75, 29660.25, 29665.0)",29665.0,29669.75,RB2-000952,29655.0,29670.5,overlapping_active_same_direction_rb_tapped
1,2248,2026-07-14 08:28:00-04:00,bearish,"(29667.0, 29674.25, 29653.5, 29654.0)",29667.0,29674.25,RB2-000952,29655.0,29670.5,overlapping_active_same_direction_rb_tapped
1,2253,2026-07-14 08:33:00-04:00,bearish,"(29885.75, 29908.0, 29874.0, 29894.25)",29894.25,29908.0,RB2-000977,29902.25,29917.75,overlapping_active_same_direction_rb_tapped
1,2254,2026-07-14 08:34:00-04:00,bullish,"(29891.5, 29904.25, 29881.75, 29897.25)",29881.75,29891.5,RB2-000976,29858.75,29903.5,overlapping_active_same_direction_rb_tapped
1,2255,2026-07-14 08:35:00-04:00,bullish,"(29896.25, 29896.25, 29850.25, 29863.25)",29850.25,29863.25,RB2-000976,29858.75,29903.5,overlapping_active_same_direction_rb_tapped
1,2260,2026-07-14 08:40:00-04:00,bullish,"(29830.0, 29834.0, 29816.25, 29826.0)",29816.25,29826.0,RB2-000981,29805.0,29831.5,overlapping_active_same_direction_rb_tapped
1,2261,2026-07-14 08:41:00-04:00,bullish,"(29824.5, 29829.25, 29805.0, 29825.25)",29805.0,29824.5,RB2-000981,29805.0,29831.5,overlapping_active_same_direction_rb_tapped
1,2262,2026-07-14 08:42:00-04:00,bearish,"(29824.0, 29847.75, 29822.0, 29842.75)",29842.75,29847.75,RB2-000980,29837.25,29848.5,overlapping_active_same_direction_rb_tapped
1,2263,2026-07-14 08:43:00-04:00,bearish,"(29841.0, 29849.5, 29825.5, 29832.0)",29841.0,29849.5,RB2-000979,29848.75,29857.75,overlapping_active_same_direction_rb_tapped
1,2264,2026-07-14 08:44:00-04:00,bullish,"(29832.5, 29834.5, 29807.75, 29821.5)",29807.75,29821.5,RB2-000981,29805.0,29831.5,overlapping_active_same_direction_rb_tapped
1,2265,2026-07-14 08:45:00-04:00,bullish,"(29822.75, 29830.75, 29806.5, 29830.0)",29806.5,29822.75,RB2-000981,29805.0,29831.5,overlapping_active_same_direction_rb_tapped
1,2266,2026-07-14 08:46:00-04:00,bearish,"(29829.5, 29838.75, 29822.5, 29826.5)",29829.5,29838.75,RB2-000980,29837.25,29848.5,overlapping_active_same_direction_rb_tapped
1,2269,2026-07-14 08:49:00-04:00,bearish,"(29794.0, 29810.75, 29791.25, 29804.5)",29804.5,29810.75,RB2-000982,29795.0,29808.25,overlapping_active_same_direction_rb_tapped
1,2272,2026-07-14 08:52:00-04:00,bearish,"(29786.25, 29795.0, 29772.75, 29777.0)",29786.25,29795.0,RB2-000982,29795.0,29808.25,overlapping_active_same_direction_rb_tapped
1,2275,2026-07-14 08:55:00-04:00,bearish,"(29775.0, 29788.25, 29763.25, 29766.25)",29775.0,29788.25,RB2-000986,29773.5,29782.5,overlapping_active_same_direction_rb_tapped
1,2276,2026-07-14 08:56:00-04:00,bullish,"(29765.0, 29767.25, 29754.0, 29764.5)",29754.0,29764.5,RB2-000985,29762.0,29771.25,overlapping_active_same_direction_rb_tapped
1,2284,2026-07-14 09:04:00-04:00,bullish,"(29772.75, 29777.25, 29767.25, 29775.25)",29767.25,29772.75,RB2-000993,29764.5,29770.25,overlapping_active_same_direction_rb_tapped
1,2287,2026-07-14 09:07:00-04:00,bullish,"(29800.0, 29806.75, 29791.0, 29802.75)",29791.0,29800.0,RB2-000995,29790.75,29796.25,overlapping_active_same_direction_rb_tapped
1,2288,2026-07-14 09:08:00-04:00,bullish,"(29803.5, 29809.0, 29793.0, 29802.5)",29793.0,29802.5,RB2-000995,29790.75,29796.25,overlapping_active_same_direction_rb_tapped
1,2289,2026-07-14 09:09:00-04:00,bullish,"(29802.25, 29803.0, 29787.75, 29790.75)",29787.75,29790.75,RB2-000995,29790.75,29796.25,overlapping_active_same_direction_rb_tapped
1,2292,2026-07-14 09:12:00-04:00,bearish,"(29795.0, 29798.0, 29782.75, 29783.75)",29795.0,29798.0,RB2-000982,29795.0,29808.25,overlapping_active_same_direction_rb_tapped
1,2293,2026-07-14 09:13:00-04:00,bullish,"(29784.25, 29786.5, 29776.75, 29779.25)",29776.75,29779.25,RB2-000994,29771.5,29777.25,overlapping_active_same_direction_rb_tapped
1,2294,2026-07-14 09:14:00-04:00,bullish,"(29777.0, 29783.5, 29771.75, 29782.25)",29771.75,29777.0,RB2-000994,29771.5,29777.25,overlapping_active_same_direction_rb_tapped
1,2295,2026-07-14 09:15:00-04:00,bullish,"(29782.75, 29786.0, 29768.5, 29773.25)",29768.5,29773.25,RB2-000993,29764.5,29770.25,overlapping_active_same_direction_rb_tapped
1,2297,2026-07-14 09:17:00-04:00,bearish,"(29778.75, 29786.25, 29769.25, 29772.75)",29778.75,29786.25,RB2-000998,29778.25,29785.75,overlapping_active_same_direction_rb_tapped
1,2299,2026-07-14 09:19:00-04:00,bearish,"(29766.75, 29773.0, 29755.5, 29756.5)",29766.75,29773.0,RB2-000999,29772.75,29775.75,overlapping_active_same_direction_rb_tapped
1,2304,2026-07-14 09:24:00-04:00,bullish,"(29793.5, 29798.5, 29790.25, 29795.5)",29790.25,29793.5,RB2-001002,29787.5,29790.5,overlapping_active_same_direction_rb_tapped
1,2305,2026-07-14 09:25:00-04:00,bearish,"(29796.25, 29811.75, 29796.25, 29806.75)",29806.75,29811.75,RB2-000982,29795.0,29808.25,overlapping_active_same_direction_rb_tapped
1,2309,2026-07-14 09:29:00-04:00,bullish,"(29806.25, 29818.75, 29794.5, 29811.75)",29794.5,29806.25,RB2-001003,29801.75,29806.75,overlapping_active_same_direction_rb_tapped
1,2310,2026-07-14 09:30:00-04:00,bullish,"(29811.0, 29815.75, 29749.5, 29769.0)",29749.5,29769.0,RB2-001000,29742.5,29756.5,overlapping_active_same_direction_rb_tapped
1,2312,2026-07-14 09:32:00-04:00,bearish,"(29745.5, 29771.5, 29734.5, 29735.75)",29745.5,29771.5,RB2-001005,29769.5,29794.25,overlapping_active_same_direction_rb_tapped
1,2315,2026-07-14 09:35:00-04:00,bearish,"(29693.0, 29736.75, 29685.0, 29708.25)",29708.25,29736.75,RB2-001006,29734.75,29758.25,overlapping_active_same_direction_rb_tapped
1,2317,2026-07-14 09:37:00-04:00,bearish,"(29723.0, 29778.0, 29708.25, 29760.5)",29760.5,29778.0,RB2-001005,29769.5,29794.25,overlapping_active_same_direction_rb_tapped
1,2319,2026-07-14 09:39:00-04:00,bearish,"(29790.0, 29796.5, 29768.0, 29770.0)",29790.0,29796.5,RB2-001005,29769.5,29794.25,overlapping_active_same_direction_rb_tapped
1,2320,2026-07-14 09:40:00-04:00,bullish,"(29769.75, 29776.5, 29744.5, 29762.25)",29744.5,29762.25,RB2-001008,29749.25,29761.5,overlapping_active_same_direction_rb_tapped
1,2322,2026-07-14 09:42:00-04:00,bearish,"(29764.5, 29781.0, 29716.75, 29728.5)",29764.5,29781.0,RB2-001005,29769.5,29794.25,overlapping_active_same_direction_rb_tapped
1,2323,2026-07-14 09:43:00-04:00,bullish,"(29730.0, 29739.0, 29701.0, 29713.0)",29701.0,29713.0,RB2-001007,29694.75,29707.5,overlapping_active_same_direction_rb_tapped
1,2330,2026-07-14 09:50:00-04:00,bearish,"(29765.25, 29790.5, 29742.75, 29752.0)",29765.25,29790.5,RB2-001012,29767.75,29780.5,overlapping_active_same_direction_rb_tapped
1,2333,2026-07-14 09:53:00-04:00,bullish,"(29732.75, 29783.5, 29714.0, 29779.75)",29714.0,29732.75,RB2-001011,29725.0,29753.0,overlapping_active_same_direction_rb_tapped
1,2334,2026-07-14 09:54:00-04:00,bearish,"(29779.5, 29799.5, 29753.5, 29757.75)",29779.5,29799.5,RB2-001010,29797.5,29808.5,overlapping_active_same_direction_rb_tapped
1,2336,2026-07-14 09:56:00-04:00,bearish,"(29744.0, 29769.75, 29744.0, 29759.25)",29759.25,29769.75,RB2-001014,29757.25,29765.5,overlapping_active_same_direction_rb_tapped
1,2339,2026-07-14 09:59:00-04:00,bearish,"(29783.5, 29795.75, 29772.75, 29781.25)",29783.5,29795.75,RB2-001016,29783.0,29793.25,overlapping_active_same_direction_rb_tapped
1,2340,2026-07-14 10:00:00-04:00,bearish,"(29780.25, 29804.75, 29762.75, 29778.75)",29780.25,29804.75,RB2-001010,29797.5,29808.5,overlapping_active_same_direction_rb_tapped
1,2343,2026-07-14 10:03:00-04:00,bullish,"(29712.5, 29733.5, 29688.75, 29720.75)",29688.75,29712.5,RB2-001007,29694.75,29707.5,overlapping_active_same_direction_rb_tapped
1,2346,2026-07-14 10:06:00-04:00,bullish,"(29669.75, 29685.75, 29662.75, 29681.75)",29662.75,29669.75,RB2-001018,29651.0,29670.0,overlapping_active_same_direction_rb_tapped
1,2347,2026-07-14 10:07:00-04:00,bullish,"(29681.75, 29704.25, 29664.5, 29687.25)",29664.5,29681.75,RB2-001018,29651.0,29670.0,overlapping_active_same_direction_rb_tapped
1,2348,2026-07-14 10:08:00-04:00,bullish,"(29686.0, 29696.0, 29656.75, 29670.25)",29656.75,29670.25,RB2-001018,29651.0,29670.0,overlapping_active_same_direction_rb_tapped
1,2349,2026-07-14 10:09:00-04:00,bullish,"(29672.75, 29673.0, 29637.0, 29665.25)",29637.0,29665.25,RB2-000974,29637.25,29641.0,overlapping_active_same_direction_rb_tapped
1,2352,2026-07-14 10:12:00-04:00,bearish,"(29660.75, 29690.5, 29656.25, 29680.0)",29680.0,29690.5,RB2-001019,29667.25,29688.75,overlapping_active_same_direction_rb_tapped
1,2353,2026-07-14 10:13:00-04:00,bullish,"(29681.75, 29689.25, 29647.25, 29662.75)",29647.25,29662.75,RB2-001020,29642.25,29649.0,overlapping_active_same_direction_rb_tapped
1,2354,2026-07-14 10:14:00-04:00,bullish,"(29662.5, 29673.25, 29642.75, 29665.25)",29642.75,29662.5,RB2-001020,29642.25,29649.0,overlapping_active_same_direction_rb_tapped
1,2356,2026-07-14 10:16:00-04:00,bullish,"(29614.75, 29621.25, 29567.5, 29605.5)",29567.5,29605.5,RB2-000970,29585.5,29589.25,overlapping_active_same_direction_rb_tapped
1,2365,2026-07-14 10:25:00-04:00,bullish,"(29659.0, 29680.5, 29646.5, 29673.5)",29646.5,29659.0,RB2-001025,29641.5,29653.75,overlapping_active_same_direction_rb_tapped
1,2366,2026-07-14 10:26:00-04:00,bearish,"(29675.0, 29733.0, 29657.75, 29697.75)",29697.75,29733.0,RB2-001017,29722.0,29733.0,overlapping_active_same_direction_rb_tapped
1,2368,2026-07-14 10:28:00-04:00,bullish,"(29667.0, 29671.75, 29646.75, 29652.75)",29646.75,29652.75,RB2-001025,29641.5,29653.75,overlapping_active_same_direction_rb_tapped
1,2369,2026-07-14 10:29:00-04:00,bullish,"(29654.25, 29690.75, 29638.25, 29684.5)",29638.25,29654.25,RB2-001025,29641.5,29653.75,overlapping_active_same_direction_rb_tapped
1,2374,2026-07-14 10:34:00-04:00,bearish,"(29736.75, 29839.75, 29727.25, 29770.0)",29770.0,29839.75,RB2-000980,29837.25,29848.5,overlapping_active_same_direction_rb_tapped
1,2378,2026-07-14 10:38:00-04:00,bearish,"(29761.75, 29792.75, 29755.0, 29785.75)",29785.75,29792.75,RB2-001033,29778.75,29800.0,overlapping_active_same_direction_rb_tapped
1,2379,2026-07-14 10:39:00-04:00,bullish,"(29786.0, 29791.25, 29767.0, 29784.75)",29767.0,29784.75,RB2-001032,29751.0,29769.0,overlapping_active_same_direction_rb_tapped
1,2380,2026-07-14 10:40:00-04:00,bearish,"(29786.0, 29801.5, 29780.5, 29789.75)",29789.75,29801.5,RB2-001033,29778.75,29800.0,overlapping_active_same_direction_rb_tapped
1,2381,2026-07-14 10:41:00-04:00,bullish,"(29789.5, 29789.5, 29763.5, 29770.0)",29763.5,29770.0,RB2-001032,29751.0,29769.0,overlapping_active_same_direction_rb_tapped
1,2382,2026-07-14 10:42:00-04:00,bearish,"(29770.0, 29788.0, 29752.75, 29752.75)",29770.0,29788.0,RB2-001033,29778.75,29800.0,overlapping_active_same_direction_rb_tapped
1,2385,2026-07-14 10:45:00-04:00,bullish,"(29727.25, 29745.5, 29717.75, 29738.0)",29717.75,29727.25,RB2-001035,29715.75,29726.75,overlapping_active_same_direction_rb_tapped
1,2387,2026-07-14 10:47:00-04:00,bullish,"(29703.5, 29706.5, 29684.5, 29697.5)",29684.5,29697.5,RB2-001036,29692.5,29701.75,overlapping_active_same_direction_rb_tapped
1,2388,2026-07-14 10:48:00-04:00,bullish,"(29698.5, 29713.25, 29680.5, 29713.25)",29680.5,29698.5,RB2-001030,29658.25,29682.25,overlapping_active_same_direction_rb_tapped
1,2389,2026-07-14 10:49:00-04:00,bullish,"(29712.5, 29712.5, 29676.75, 29686.5)",29676.75,29686.5,RB2-001030,29658.25,29682.25,overlapping_active_same_direction_rb_tapped
1,2390,2026-07-14 10:50:00-04:00,bullish,"(29686.5, 29690.25, 29659.5, 29686.75)",29659.5,29686.5,RB2-001030,29658.25,29682.25,overlapping_active_same_direction_rb_tapped
1,2391,2026-07-14 10:51:00-04:00,bullish,"(29686.5, 29730.25, 29676.0, 29730.25)",29676.0,29686.5,RB2-001030,29658.25,29682.25,overlapping_active_same_direction_rb_tapped
1,2393,2026-07-14 10:53:00-04:00,bullish,"(29740.5, 29740.5, 29724.5, 29734.5)",29724.5,29734.5,RB2-001037,29722.5,29730.75,overlapping_active_same_direction_rb_tapped
1,2394,2026-07-14 10:54:00-04:00,bullish,"(29733.75, 29758.75, 29728.0, 29758.75)",29728.0,29733.75,RB2-001037,29722.5,29730.75,overlapping_active_same_direction_rb_tapped
1,2396,2026-07-14 10:56:00-04:00,bearish,"(29762.5, 29775.75, 29752.0, 29758.25)",29762.5,29775.75,RB2-001038,29761.75,29771.5,overlapping_active_same_direction_rb_tapped
1,2399,2026-07-14 10:59:00-04:00,bearish,"(29779.25, 29784.5, 29772.5, 29772.5)",29779.25,29784.5,RB2-001033,29778.75,29800.0,overlapping_active_same_direction_rb_tapped
1,2400,2026-07-14 11:00:00-04:00,bearish,"(29773.5, 29794.5, 29773.5, 29785.75)",29785.75,29794.5,RB2-001033,29778.75,29800.0,overlapping_active_same_direction_rb_tapped
1,2402,2026-07-14 11:02:00-04:00,bearish,"(29777.5, 29786.25, 29763.75, 29767.0)",29777.5,29786.25,RB2-001033,29778.75,29800.0,overlapping_active_same_direction_rb_tapped
1,2403,2026-07-14 11:03:00-04:00,bullish,"(29766.5, 29771.75, 29757.0, 29763.0)",29757.0,29763.0,RB2-001040,29763.0,29769.0,overlapping_active_same_direction_rb_tapped
1,2404,2026-07-14 11:04:00-04:00,bearish,"(29762.5, 29844.0, 29753.75, 29805.5)",29805.5,29844.0,RB2-000980,29837.25,29848.5,overlapping_active_same_direction_rb_tapped
1,2411,2026-07-14 11:11:00-04:00,bearish,"(29852.0, 29864.75, 29839.0, 29846.25)",29852.0,29864.75,RB2-001046,29857.5,29865.5,overlapping_active_same_direction_rb_tapped
1,2412,2026-07-14 11:12:00-04:00,bearish,"(29844.75, 29859.0, 29839.75, 29853.5)",29853.5,29859.0,RB2-001046,29857.5,29865.5,overlapping_active_same_direction_rb_tapped
1,2414,2026-07-14 11:14:00-04:00,bullish,"(29857.25, 29859.5, 29843.75, 29848.75)",29843.75,29848.75,RB2-001047,29848.0,29853.75,overlapping_active_same_direction_rb_tapped
1,2415,2026-07-14 11:15:00-04:00,bearish,"(29847.5, 29867.25, 29847.5, 29859.0)",29859.0,29867.25,RB2-001046,29857.5,29865.5,overlapping_active_same_direction_rb_tapped
1,2418,2026-07-14 11:18:00-04:00,bearish,"(29857.0, 29863.0, 29843.25, 29843.25)",29857.0,29863.0,RB2-001049,29857.25,29862.0,overlapping_active_same_direction_rb_tapped
1,2420,2026-07-14 11:20:00-04:00,bullish,"(29847.0, 29857.75, 29832.5, 29857.0)",29832.5,29847.0,RB2-001050,29825.25,29843.0,overlapping_active_same_direction_rb_tapped
1,2422,2026-07-14 11:22:00-04:00,bearish,"(29865.5, 29873.75, 29856.5, 29864.25)",29865.5,29873.75,RB2-001051,29865.75,29871.75,overlapping_active_same_direction_rb_tapped
1,2427,2026-07-14 11:27:00-04:00,bullish,"(29879.0, 29879.5, 29863.25, 29875.25)",29863.25,29875.25,RB2-001052,29858.25,29864.25,overlapping_active_same_direction_rb_tapped
1,2429,2026-07-14 11:29:00-04:00,bearish,"(29880.5, 29889.0, 29880.5, 29884.5)",29884.5,29889.0,RB2-001054,29880.5,29884.5,overlapping_active_same_direction_rb_tapped
1,2431,2026-07-14 11:31:00-04:00,bullish,"(29880.25, 29882.0, 29863.25, 29880.0)",29863.25,29880.0,RB2-001052,29858.25,29864.25,overlapping_active_same_direction_rb_tapped
1,2435,2026-07-14 11:35:00-04:00,bullish,"(29845.0, 29849.75, 29825.75, 29842.75)",29825.75,29842.75,RB2-001050,29825.25,29843.0,overlapping_active_same_direction_rb_tapped
1,2436,2026-07-14 11:36:00-04:00,bearish,"(29843.25, 29855.75, 29834.0, 29846.25)",29846.25,29855.75,RB2-001056,29845.0,29856.25,overlapping_active_same_direction_rb_tapped
1,2437,2026-07-14 11:37:00-04:00,bearish,"(29846.25, 29861.75, 29842.0, 29856.25)",29856.25,29861.75,RB2-001056,29845.0,29856.25,overlapping_active_same_direction_rb_tapped
1,2440,2026-07-14 11:40:00-04:00,bullish,"(29859.25, 29859.25, 29834.25, 29843.0)",29834.25,29843.0,RB2-001050,29825.25,29843.0,overlapping_active_same_direction_rb_tapped
1,2441,2026-07-14 11:41:00-04:00,bullish,"(29843.25, 29846.0, 29814.75, 29831.5)",29814.75,29831.5,RB2-001044,29816.25,29824.75,overlapping_active_same_direction_rb_tapped
1,2442,2026-07-14 11:42:00-04:00,bullish,"(29830.25, 29830.25, 29799.0, 29813.25)",29799.0,29813.25,RB2-001042,29794.5,29806.5,overlapping_active_same_direction_rb_tapped
1,2443,2026-07-14 11:43:00-04:00,bullish,"(29813.0, 29818.75, 29801.0, 29812.5)",29801.0,29812.5,RB2-001042,29794.5,29806.5,overlapping_active_same_direction_rb_tapped
1,2445,2026-07-14 11:45:00-04:00,bearish,"(29834.0, 29845.5, 29833.75, 29838.75)",29838.75,29845.5,RB2-001059,29835.75,29844.0,overlapping_active_same_direction_rb_tapped
1,2449,2026-07-14 11:49:00-04:00,bearish,"(29847.75, 29852.0, 29827.0, 29827.75)",29847.75,29852.0,RB2-001060,29845.5,29850.0,overlapping_active_same_direction_rb_tapped
1,2451,2026-07-14 11:51:00-04:00,bullish,"(29815.75, 29818.5, 29791.25, 29796.0)",29791.25,29796.0,RB2-001042,29794.5,29806.5,overlapping_active_same_direction_rb_tapped
1,2453,2026-07-14 11:53:00-04:00,bullish,"(29786.5, 29798.25, 29780.75, 29797.5)",29780.75,29786.5,RB2-001063,29775.25,29783.25,overlapping_active_same_direction_rb_tapped
1,2454,2026-07-14 11:54:00-04:00,bullish,"(29797.25, 29799.0, 29768.75, 29775.5)",29768.75,29775.5,RB2-001063,29775.25,29783.25,overlapping_active_same_direction_rb_tapped
1,2457,2026-07-14 11:57:00-04:00,bullish,"(29790.75, 29794.75, 29760.0, 29770.5)",29760.0,29770.5,RB2-001064,29768.0,29775.5,overlapping_active_same_direction_rb_tapped
1,2462,2026-07-14 12:02:00-04:00,bullish,"(29745.0, 29747.75, 29730.75, 29736.75)",29730.75,29736.75,RB2-001037,29722.5,29730.75,overlapping_active_same_direction_rb_tapped
1,2465,2026-07-14 12:05:00-04:00,bearish,"(29736.25, 29745.0, 29731.25, 29737.25)",29737.25,29745.0,RB2-001068,29737.75,29746.0,overlapping_active_same_direction_rb_tapped
1,2467,2026-07-14 12:07:00-04:00,bullish,"(29745.75, 29745.75, 29711.0, 29724.0)",29711.0,29724.0,RB2-001069,29717.0,29723.0,overlapping_active_same_direction_rb_tapped
1,2469,2026-07-14 12:09:00-04:00,bearish,"(29745.75, 29762.25, 29743.75, 29746.5)",29746.5,29762.25,RB2-001067,29754.25,29765.0,overlapping_active_same_direction_rb_tapped
1,2470,2026-07-14 12:10:00-04:00,bearish,"(29748.25, 29756.0, 29728.5, 29731.0)",29748.25,29756.0,RB2-001067,29754.25,29765.0,overlapping_active_same_direction_rb_tapped
1,2473,2026-07-14 12:13:00-04:00,bullish,"(29734.75, 29748.5, 29729.0, 29743.0)",29729.0,29734.75,RB2-001071,29721.75,29732.5,overlapping_active_same_direction_rb_tapped
1,2476,2026-07-14 12:16:00-04:00,bullish,"(29719.25, 29730.25, 29713.0, 29727.0)",29713.0,29719.25,RB2-001074,29704.5,29718.25,overlapping_active_same_direction_rb_tapped
1,2480,2026-07-14 12:20:00-04:00,bearish,"(29748.75, 29760.5, 29744.75, 29744.75)",29748.75,29760.5,RB2-001067,29754.25,29765.0,overlapping_active_same_direction_rb_tapped
1,2481,2026-07-14 12:21:00-04:00,bullish,"(29744.5, 29748.25, 29732.0, 29747.25)",29732.0,29744.5,RB2-001076,29726.75,29738.5,overlapping_active_same_direction_rb_tapped
1,2482,2026-07-14 12:22:00-04:00,bearish,"(29747.0, 29755.25, 29737.25, 29745.0)",29747.0,29755.25,RB2-001067,29754.25,29765.0,overlapping_active_same_direction_rb_tapped
1,2483,2026-07-14 12:23:00-04:00,bullish,"(29743.5, 29754.5, 29725.0, 29738.0)",29725.0,29738.0,RB2-001076,29726.75,29738.5,overlapping_active_same_direction_rb_tapped
1,2484,2026-07-14 12:24:00-04:00,bullish,"(29737.75, 29759.5, 29733.5, 29755.75)",29733.5,29737.75,RB2-001076,29726.75,29738.5,overlapping_active_same_direction_rb_tapped
1,2490,2026-07-14 12:30:00-04:00,bullish,"(29778.5, 29786.0, 29770.0, 29782.5)",29770.0,29778.5,RB2-001080,29769.25,29775.25,overlapping_active_same_direction_rb_tapped
1,2491,2026-07-14 12:31:00-04:00,bearish,"(29783.25, 29790.75, 29778.5, 29782.5)",29783.25,29790.75,RB2-001065,29790.25,29798.25,overlapping_active_same_direction_rb_tapped
1,2493,2026-07-14 12:33:00-04:00,bullish,"(29761.5, 29769.0, 29750.25, 29768.25)",29750.25,29761.5,RB2-001078,29759.5,29764.0,overlapping_active_same_direction_rb_tapped
1,2495,2026-07-14 12:35:00-04:00,bearish,"(29785.5, 29793.0, 29780.5, 29786.0)",29786.0,29793.0,RB2-001065,29790.25,29798.25,overlapping_active_same_direction_rb_tapped
1,2496,2026-07-14 12:36:00-04:00,bearish,"(29786.0, 29796.25, 29777.75, 29785.75)",29786.0,29796.25,RB2-001065,29790.25,29798.25,overlapping_active_same_direction_rb_tapped
1,2500,2026-07-14 12:40:00-04:00,bullish,"(29787.0, 29799.0, 29780.75, 29794.25)",29780.75,29787.0,RB2-001083,29785.5,29787.5,overlapping_active_same_direction_rb_tapped
1,2504,2026-07-14 12:44:00-04:00,bearish,"(29819.25, 29821.75, 29808.0, 29809.5)",29819.25,29821.75,RB2-001085,29819.25,29824.25,overlapping_active_same_direction_rb_tapped
1,2505,2026-07-14 12:45:00-04:00,bearish,"(29809.75, 29830.0, 29808.5, 29809.5)",29809.75,29830.0,RB2-001062,29828.75,29835.75,overlapping_active_same_direction_rb_tapped
1,2508,2026-07-14 12:48:00-04:00,bullish,"(29798.5, 29801.0, 29783.5, 29794.0)",29783.5,29794.0,RB2-001086,29791.75,29802.0,overlapping_active_same_direction_rb_tapped
1,2512,2026-07-14 12:52:00-04:00,bullish,"(29815.75, 29816.75, 29807.75, 29811.75)",29807.75,29811.75,RB2-001089,29803.0,29810.25,overlapping_active_same_direction_rb_tapped
1,2514,2026-07-14 12:54:00-04:00,bearish,"(29811.25, 29816.25, 29805.25, 29807.5)",29811.25,29816.25,RB2-001090,29812.5,29821.0,overlapping_active_same_direction_rb_tapped
1,2516,2026-07-14 12:56:00-04:00,bearish,"(29819.5, 29822.0, 29815.75, 29817.5)",29819.5,29822.0,RB2-001090,29812.5,29821.0,overlapping_active_same_direction_rb_tapped
1,2517,2026-07-14 12:57:00-04:00,bullish,"(29817.25, 29820.75, 29809.25, 29819.0)",29809.25,29817.25,RB2-001089,29803.0,29810.25,overlapping_active_same_direction_rb_tapped
1,2520,2026-07-14 13:00:00-04:00,bullish,"(29826.75, 29836.5, 29818.25, 29834.25)",29818.25,29826.75,RB2-001091,29810.75,29818.5,overlapping_active_same_direction_rb_tapped
1,2522,2026-07-14 13:02:00-04:00,bullish,"(29836.0, 29838.0, 29831.25, 29834.75)",29831.25,29834.75,RB2-001093,29830.25,29834.0,overlapping_active_same_direction_rb_tapped
1,2525,2026-07-14 13:05:00-04:00,bullish,"(29821.5, 29827.25, 29814.5, 29826.5)",29814.5,29821.5,RB2-001091,29810.75,29818.5,overlapping_active_same_direction_rb_tapped
1,2526,2026-07-14 13:06:00-04:00,bullish,"(29826.75, 29834.0, 29817.5, 29831.75)",29817.5,29826.75,RB2-001091,29810.75,29818.5,overlapping_active_same_direction_rb_tapped
1,2531,2026-07-14 13:11:00-04:00,bullish,"(29847.25, 29851.0, 29838.0, 29842.75)",29838.0,29842.75,RB2-001098,29838.0,29844.0,overlapping_active_same_direction_rb_tapped
1,2532,2026-07-14 13:12:00-04:00,bullish,"(29843.25, 29846.75, 29834.75, 29842.75)",29834.75,29842.75,RB2-001098,29838.0,29844.0,overlapping_active_same_direction_rb_tapped
1,2535,2026-07-14 13:15:00-04:00,bullish,"(29822.25, 29829.5, 29807.0, 29820.0)",29807.0,29820.0,RB2-001089,29803.0,29810.25,overlapping_active_same_direction_rb_tapped
1,2537,2026-07-14 13:17:00-04:00,bullish,"(29823.75, 29825.0, 29812.0, 29816.0)",29812.0,29816.0,RB2-001099,29816.0,29820.5,overlapping_active_same_direction_rb_tapped
1,2543,2026-07-14 13:23:00-04:00,bearish,"(29853.0, 29862.0, 29850.0, 29858.5)",29858.5,29862.0,RB2-001057,29860.25,29866.0,overlapping_active_same_direction_rb_tapped
1,2544,2026-07-14 13:24:00-04:00,bearish,"(29858.75, 29864.0, 29855.25, 29858.0)",29858.75,29864.0,RB2-001057,29860.25,29866.0,overlapping_active_same_direction_rb_tapped
1,2545,2026-07-14 13:25:00-04:00,bearish,"(29857.75, 29864.0, 29854.25, 29855.75)",29857.75,29864.0,RB2-001057,29860.25,29866.0,overlapping_active_same_direction_rb_tapped
1,2547,2026-07-14 13:27:00-04:00,bullish,"(29863.25, 29867.0, 29851.0, 29858.5)",29851.0,29858.5,RB2-001103,29847.75,29852.25,overlapping_active_same_direction_rb_tapped
1,2548,2026-07-14 13:28:00-04:00,bullish,"(29858.5, 29859.5, 29848.5, 29857.25)",29848.5,29857.25,RB2-001103,29847.75,29852.25,overlapping_active_same_direction_rb_tapped
1,2549,2026-07-14 13:29:00-04:00,bullish,"(29857.5, 29858.25, 29845.0, 29850.0)",29845.0,29850.0,RB2-001103,29847.75,29852.25,overlapping_active_same_direction_rb_tapped
1,2554,2026-07-14 13:34:00-04:00,bearish,"(29835.0, 29838.75, 29830.25, 29831.5)",29835.0,29838.75,RB2-001105,29838.25,29845.0,overlapping_active_same_direction_rb_tapped
1,2555,2026-07-14 13:35:00-04:00,bullish,"(29831.0, 29831.75, 29818.75, 29830.0)",29818.75,29830.0,RB2-001101,29823.75,29827.0,overlapping_active_same_direction_rb_tapped
1,2563,2026-07-14 13:43:00-04:00,bearish,"(29839.75, 29854.5, 29837.25, 29850.75)",29850.75,29854.5,RB2-001110,29854.5,29858.5,overlapping_active_same_direction_rb_tapped
1,2564,2026-07-14 13:44:00-04:00,bearish,"(29850.5, 29855.5, 29842.75, 29846.0)",29850.5,29855.5,RB2-001110,29854.5,29858.5,overlapping_active_same_direction_rb_tapped
1,2567,2026-07-14 13:47:00-04:00,bullish,"(29838.75, 29844.0, 29829.0, 29840.0)",29829.0,29838.75,RB2-001113,29833.25,29838.5,overlapping_active_same_direction_rb_tapped
1,2570,2026-07-14 13:50:00-04:00,bearish,"(29849.25, 29859.0, 29848.5, 29856.25)",29856.25,29859.0,RB2-001110,29854.5,29858.5,overlapping_active_same_direction_rb_tapped
1,2572,2026-07-14 13:52:00-04:00,bearish,"(29860.5, 29864.25, 29858.0, 29858.0)",29860.5,29864.25,RB2-001057,29860.25,29866.0,overlapping_active_same_direction_rb_tapped
1,2573,2026-07-14 13:53:00-04:00,bearish,"(29858.0, 29862.5, 29856.5, 29857.5)",29858.0,29862.5,RB2-001057,29860.25,29866.0,overlapping_active_same_direction_rb_tapped
1,2574,2026-07-14 13:54:00-04:00,bearish,"(29857.0, 29862.25, 29857.0, 29860.5)",29860.5,29862.25,RB2-001057,29860.25,29866.0,overlapping_active_same_direction_rb_tapped
1,2575,2026-07-14 13:55:00-04:00,bullish,"(29860.5, 29861.25, 29853.5, 29859.0)",29853.5,29859.0,RB2-001115,29850.5,29856.0,overlapping_active_same_direction_rb_tapped
1,2576,2026-07-14 13:56:00-04:00,bullish,"(29859.0, 29861.25, 29855.5, 29859.75)",29855.5,29859.0,RB2-001115,29850.5,29856.0,overlapping_active_same_direction_rb_tapped
1,2577,2026-07-14 13:57:00-04:00,bullish,"(29859.75, 29861.0, 29855.0, 29860.0)",29855.0,29859.75,RB2-001115,29850.5,29856.0,overlapping_active_same_direction_rb_tapped
1,2578,2026-07-14 13:58:00-04:00,bearish,"(29859.75, 29863.75, 29858.75, 29862.0)",29862.0,29863.75,RB2-001057,29860.25,29866.0,overlapping_active_same_direction_rb_tapped
1,2586,2026-07-14 14:06:00-04:00,bullish,"(29861.0, 29861.75, 29848.25, 29851.5)",29848.25,29851.5,RB2-001117,29847.75,29852.0,overlapping_active_same_direction_rb_tapped
1,2587,2026-07-14 14:07:00-04:00,bullish,"(29850.25, 29855.5, 29844.5, 29855.0)",29844.5,29850.25,RB2-001117,29847.75,29852.0,overlapping_active_same_direction_rb_tapped
1,2590,2026-07-14 14:10:00-04:00,bearish,"(29864.0, 29868.25, 29863.5, 29866.5)",29866.5,29868.25,RB2-001120,29865.75,29868.0,overlapping_active_same_direction_rb_tapped
1,2591,2026-07-14 14:11:00-04:00,bullish,"(29866.5, 29867.0, 29859.0, 29865.0)",29859.0,29865.0,RB2-001122,29860.75,29862.25,overlapping_active_same_direction_rb_tapped
1,2592,2026-07-14 14:12:00-04:00,bearish,"(29864.75, 29866.5, 29862.75, 29864.0)",29864.75,29866.5,RB2-001120,29865.75,29868.0,overlapping_active_same_direction_rb_tapped
1,2595,2026-07-14 14:15:00-04:00,bearish,"(29868.75, 29878.25, 29866.0, 29866.0)",29868.75,29878.25,RB2-001123,29868.5,29871.75,overlapping_active_same_direction_rb_tapped
1,2598,2026-07-14 14:18:00-04:00,bullish,"(29865.25, 29867.5, 29860.75, 29865.75)",29860.75,29865.25,RB2-001126,29861.5,29865.0,overlapping_active_same_direction_rb_tapped
1,2600,2026-07-14 14:20:00-04:00,bullish,"(29866.25, 29867.5, 29858.0, 29866.25)",29858.0,29866.25,RB2-001127,29862.5,29865.5,overlapping_active_same_direction_rb_tapped
1,2601,2026-07-14 14:21:00-04:00,bearish,"(29865.75, 29870.5, 29862.75, 29865.0)",29865.75,29870.5,RB2-001125,29869.0,29873.25,overlapping_active_same_direction_rb_tapped
1,2605,2026-07-14 14:25:00-04:00,bullish,"(29854.75, 29865.5, 29847.5, 29863.25)",29847.5,29854.75,RB2-001130,29851.25,29855.5,overlapping_active_same_direction_rb_tapped
1,2607,2026-07-14 14:27:00-04:00,bullish,"(29864.5, 29866.0, 29856.25, 29858.75)",29856.25,29858.75,RB2-001131,29858.0,29863.0,overlapping_active_same_direction_rb_tapped
1,2612,2026-07-14 14:32:00-04:00,bullish,"(29858.0, 29858.75, 29844.5, 29856.5)",29844.5,29856.5,RB2-001135,29847.75,29849.5,overlapping_active_same_direction_rb_tapped
1,2615,2026-07-14 14:35:00-04:00,bearish,"(29862.75, 29869.5, 29862.25, 29866.0)",29866.0,29869.5,RB2-001125,29869.0,29873.25,overlapping_active_same_direction_rb_tapped
1,2617,2026-07-14 14:37:00-04:00,bullish,"(29862.5, 29866.25, 29836.0, 29854.25)",29836.0,29854.25,RB2-001136,29852.0,29856.25,overlapping_active_same_direction_rb_tapped
1,2622,2026-07-14 14:42:00-04:00,bullish,"(29827.75, 29832.75, 29814.0, 29826.0)",29814.0,29826.0,RB2-001142,29810.5,29826.5,overlapping_active_same_direction_rb_tapped
1,2623,2026-07-14 14:43:00-04:00,bullish,"(29826.75, 29828.75, 29814.75, 29817.0)",29814.75,29817.0,RB2-001142,29810.5,29826.5,overlapping_active_same_direction_rb_tapped
1,2625,2026-07-14 14:45:00-04:00,bullish,"(29825.75, 29826.0, 29814.75, 29819.5)",29814.75,29819.5,RB2-001142,29810.5,29826.5,overlapping_active_same_direction_rb_tapped
1,2626,2026-07-14 14:46:00-04:00,bullish,"(29819.75, 29831.0, 29817.5, 29829.5)",29817.5,29819.75,RB2-001142,29810.5,29826.5,overlapping_active_same_direction_rb_tapped
1,2635,2026-07-14 14:55:00-04:00,bullish,"(29836.0, 29836.25, 29824.5, 29829.75)",29824.5,29829.75,RB2-001142,29810.5,29826.5,overlapping_active_same_direction_rb_tapped
1,2637,2026-07-14 14:57:00-04:00,bearish,"(29828.5, 29830.75, 29820.25, 29821.75)",29828.5,29830.75,RB2-001149,29830.5,29832.0,overlapping_active_same_direction_rb_tapped
1,2638,2026-07-14 14:58:00-04:00,bullish,"(29822.0, 29829.75, 29819.25, 29829.5)",29819.25,29822.0,RB2-001142,29810.5,29826.5,overlapping_active_same_direction_rb_tapped
1,2639,2026-07-14 14:59:00-04:00,bullish,"(29829.5, 29830.5, 29821.25, 29824.0)",29821.25,29824.0,RB2-001142,29810.5,29826.5,overlapping_active_same_direction_rb_tapped
1,2640,2026-07-14 15:00:00-04:00,bearish,"(29824.5, 29832.5, 29819.25, 29825.75)",29825.75,29832.5,RB2-001149,29830.5,29832.0,overlapping_active_same_direction_rb_tapped
1,2644,2026-07-14 15:04:00-04:00,bearish,"(29796.0, 29801.75, 29793.0, 29798.25)",29798.25,29801.75,RB2-001151,29801.75,29807.75,overlapping_active_same_direction_rb_tapped
1,2645,2026-07-14 15:05:00-04:00,bearish,"(29798.0, 29802.75, 29793.25, 29796.5)",29798.0,29802.75,RB2-001151,29801.75,29807.75,overlapping_active_same_direction_rb_tapped
1,2646,2026-07-14 15:06:00-04:00,bearish,"(29795.5, 29803.5, 29795.25, 29800.25)",29800.25,29803.5,RB2-001151,29801.75,29807.75,overlapping_active_same_direction_rb_tapped
1,2648,2026-07-14 15:08:00-04:00,bullish,"(29791.5, 29801.0, 29787.75, 29798.5)",29787.75,29791.5,RB2-001152,29780.0,29791.0,overlapping_active_same_direction_rb_tapped
1,2649,2026-07-14 15:09:00-04:00,bearish,"(29799.5, 29803.75, 29788.75, 29788.75)",29799.5,29803.75,RB2-001151,29801.75,29807.75,overlapping_active_same_direction_rb_tapped
1,2650,2026-07-14 15:10:00-04:00,bullish,"(29789.25, 29799.75, 29784.5, 29799.75)",29784.5,29789.25,RB2-001152,29780.0,29791.0,overlapping_active_same_direction_rb_tapped
1,2651,2026-07-14 15:11:00-04:00,bearish,"(29799.0, 29806.75, 29794.0, 29800.0)",29800.0,29806.75,RB2-001151,29801.75,29807.75,overlapping_active_same_direction_rb_tapped
1,2656,2026-07-14 15:16:00-04:00,bearish,"(29822.0, 29827.75, 29815.0, 29816.0)",29822.0,29827.75,RB2-001155,29820.25,29824.25,overlapping_active_same_direction_rb_tapped
1,2658,2026-07-14 15:18:00-04:00,bullish,"(29823.75, 29826.0, 29808.75, 29819.25)",29808.75,29819.25,RB2-001154,29808.0,29811.0,overlapping_active_same_direction_rb_tapped
1,2660,2026-07-14 15:20:00-04:00,bullish,"(29820.5, 29821.5, 29811.25, 29819.0)",29811.25,29819.0,RB2-001157,29815.75,29818.25,overlapping_active_same_direction_rb_tapped
1,2663,2026-07-14 15:23:00-04:00,bearish,"(29835.0, 29836.75, 29830.25, 29830.25)",29835.0,29836.75,RB2-001158,29834.75,29837.75,overlapping_active_same_direction_rb_tapped
1,2667,2026-07-14 15:27:00-04:00,bearish,"(29826.25, 29828.5, 29820.5, 29822.5)",29826.25,29828.5,RB2-001160,29825.75,29832.0,overlapping_active_same_direction_rb_tapped
1,2670,2026-07-14 15:30:00-04:00,bullish,"(29797.25, 29801.25, 29775.25, 29783.25)",29775.25,29783.25,RB2-001152,29780.0,29791.0,overlapping_active_same_direction_rb_tapped
1,2676,2026-07-14 15:36:00-04:00,bullish,"(29794.5, 29809.75, 29790.25, 29809.0)",29790.25,29794.5,RB2-001164,29791.5,29799.25,overlapping_active_same_direction_rb_tapped
1,2677,2026-07-14 15:37:00-04:00,bullish,"(29809.5, 29810.0, 29798.25, 29802.5)",29798.25,29802.5,RB2-001164,29791.5,29799.25,overlapping_active_same_direction_rb_tapped
1,2680,2026-07-14 15:40:00-04:00,bearish,"(29791.25, 29798.5, 29788.5, 29790.75)",29791.25,29798.5,RB2-001167,29791.5,29796.5,overlapping_active_same_direction_rb_tapped
1,2682,2026-07-14 15:42:00-04:00,bearish,"(29799.25, 29809.0, 29796.5, 29803.5)",29803.5,29809.0,RB2-001166,29802.5,29806.25,overlapping_active_same_direction_rb_tapped
1,2690,2026-07-14 15:50:00-04:00,bullish,"(29821.5, 29825.75, 29798.25, 29809.75)",29798.25,29809.75,RB2-001169,29800.25,29803.25,overlapping_active_same_direction_rb_tapped
1,2692,2026-07-14 15:52:00-04:00,bearish,"(29821.5, 29835.0, 29821.5, 29830.25)",29830.25,29835.0,RB2-001158,29834.75,29837.75,overlapping_active_same_direction_rb_tapped
1,2693,2026-07-14 15:53:00-04:00,bearish,"(29830.0, 29836.0, 29818.75, 29820.75)",29830.0,29836.0,RB2-001158,29834.75,29837.75,overlapping_active_same_direction_rb_tapped
1,2696,2026-07-14 15:56:00-04:00,bullish,"(29807.0, 29812.0, 29803.25, 29809.25)",29803.25,29807.0,RB2-001176,29790.0,29804.75,overlapping_active_same_direction_rb_tapped
1,2697,2026-07-14 15:57:00-04:00,bullish,"(29809.75, 29817.25, 29804.25, 29815.0)",29804.25,29809.75,RB2-001176,29790.0,29804.75,overlapping_active_same_direction_rb_tapped
1,2699,2026-07-14 15:59:00-04:00,bullish,"(29808.25, 29811.25, 29779.0, 29786.0)",29779.0,29786.0,RB2-001161,29771.0,29782.75,overlapping_active_same_direction_rb_tapped
1,2701,2026-07-14 16:01:00-04:00,bearish,"(29785.25, 29795.25, 29777.25, 29781.5)",29785.25,29795.25,RB2-001178,29785.75,29799.5,overlapping_active_same_direction_rb_tapped
1,2704,2026-07-14 16:04:00-04:00,bearish,"(29775.0, 29779.75, 29772.5, 29776.75)",29776.75,29779.75,RB2-001180,29776.5,29780.75,overlapping_active_same_direction_rb_tapped
1,2705,2026-07-14 16:05:00-04:00,bearish,"(29776.0, 29810.0, 29773.75, 29793.25)",29793.25,29810.0,RB2-001178,29785.75,29799.5,overlapping_active_same_direction_rb_tapped
1,2708,2026-07-14 16:08:00-04:00,bullish,"(29793.5, 29794.5, 29786.0, 29792.0)",29786.0,29792.0,RB2-001182,29788.75,29792.5,overlapping_active_same_direction_rb_tapped
1,2709,2026-07-14 16:09:00-04:00,bearish,"(29792.25, 29804.0, 29789.75, 29789.75)",29792.25,29804.0,RB2-001181,29795.25,29799.25,overlapping_active_same_direction_rb_tapped
1,2710,2026-07-14 16:10:00-04:00,bullish,"(29789.25, 29791.75, 29777.75, 29784.0)",29777.75,29784.0,RB2-001161,29771.0,29782.75,overlapping_active_same_direction_rb_tapped
1,2711,2026-07-14 16:11:00-04:00,bullish,"(29784.0, 29785.75, 29778.0, 29781.25)",29778.0,29781.25,RB2-001161,29771.0,29782.75,overlapping_active_same_direction_rb_tapped
1,2712,2026-07-14 16:12:00-04:00,bullish,"(29780.75, 29782.25, 29777.5, 29780.75)",29777.5,29780.75,RB2-001161,29771.0,29782.75,overlapping_active_same_direction_rb_tapped
1,2717,2026-07-14 16:17:00-04:00,bullish,"(29789.5, 29790.5, 29785.0, 29786.25)",29785.0,29786.25,RB2-001184,29786.25,29787.5,overlapping_active_same_direction_rb_tapped
1,2718,2026-07-14 16:18:00-04:00,bearish,"(29786.75, 29791.0, 29786.75, 29787.0)",29787.0,29791.0,RB2-001183,29789.75,29792.5,overlapping_active_same_direction_rb_tapped
1,2719,2026-07-14 16:19:00-04:00,bearish,"(29787.0, 29790.75, 29784.75, 29787.75)",29787.75,29790.75,RB2-001183,29789.75,29792.5,overlapping_active_same_direction_rb_tapped
1,2721,2026-07-14 16:21:00-04:00,bullish,"(29776.5, 29776.5, 29771.5, 29775.0)",29771.5,29775.0,RB2-001161,29771.0,29782.75,overlapping_active_same_direction_rb_tapped
1,2723,2026-07-14 16:23:00-04:00,bullish,"(29772.0, 29774.75, 29768.25, 29773.5)",29768.25,29772.0,RB2-001161,29771.0,29782.75,overlapping_active_same_direction_rb_tapped
1,2725,2026-07-14 16:25:00-04:00,bearish,"(29776.0, 29781.25, 29776.0, 29777.0)",29777.0,29781.25,RB2-001186,29774.5,29778.0,overlapping_active_same_direction_rb_tapped
1,2727,2026-07-14 16:27:00-04:00,bullish,"(29775.5, 29776.75, 29767.75, 29773.0)",29767.75,29773.0,RB2-001187,29772.5,29775.0,overlapping_active_same_direction_rb_tapped
1,2730,2026-07-14 16:30:00-04:00,bullish,"(29774.5, 29776.75, 29772.75, 29775.25)",29772.75,29774.5,RB2-001189,29773.75,29775.0,overlapping_active_same_direction_rb_tapped
1,2733,2026-07-14 16:33:00-04:00,bullish,"(29782.0, 29782.0, 29779.5, 29782.0)",29779.5,29782.0,RB2-001191,29777.0,29780.25,overlapping_active_same_direction_rb_tapped
1,2736,2026-07-14 16:36:00-04:00,bearish,"(29789.25, 29794.0, 29789.25, 29792.5)",29792.5,29794.0,RB2-001183,29789.75,29792.5,overlapping_active_same_direction_rb_tapped
1,2738,2026-07-14 16:38:00-04:00,bearish,"(29795.25, 29797.5, 29794.25, 29794.75)",29795.25,29797.5,RB2-001193,29794.75,29796.5,overlapping_active_same_direction_rb_tapped
1,2741,2026-07-14 16:41:00-04:00,bullish,"(29795.25, 29796.5, 29793.25, 29795.5)",29793.25,29795.25,RB2-001194,29793.0,29795.25,overlapping_active_same_direction_rb_tapped
1,2742,2026-07-14 16:42:00-04:00,bearish,"(29795.5, 29798.5, 29794.5, 29796.25)",29796.25,29798.5,RB2-001195,29797.25,29797.75,overlapping_active_same_direction_rb_tapped
1,2744,2026-07-14 16:44:00-04:00,bearish,"(29797.25, 29799.0, 29795.25, 29796.0)",29797.25,29799.0,RB2-001196,29798.0,29798.75,overlapping_active_same_direction_rb_tapped
1,2746,2026-07-14 16:46:00-04:00,bearish,"(29799.0, 29801.5, 29798.0, 29798.0)",29799.0,29801.5,RB2-001197,29797.0,29799.0,overlapping_active_same_direction_rb_tapped
1,2747,2026-07-14 16:47:00-04:00,bullish,"(29798.0, 29798.0, 29794.25, 29795.5)",29794.25,29795.5,RB2-001194,29793.0,29795.25,overlapping_active_same_direction_rb_tapped
1,2748,2026-07-14 16:48:00-04:00,bullish,"(29795.75, 29796.0, 29793.25, 29794.75)",29793.25,29794.75,RB2-001194,29793.0,29795.25,overlapping_active_same_direction_rb_tapped
1,2755,2026-07-14 16:55:00-04:00,bullish,"(29796.0, 29798.5, 29791.75, 29796.25)",29791.75,29796.0,RB2-001199,29791.25,29793.0,overlapping_active_same_direction_rb_tapped
1,2758,2026-07-14 16:58:00-04:00,bullish,"(29799.5, 29800.25, 29796.5, 29799.5)",29796.5,29799.5,RB2-001202,29796.75,29798.75,overlapping_active_same_direction_rb_tapped
1,2761,2026-07-14 18:01:00-04:00,bullish,"(29787.5, 29790.5, 29781.75, 29786.75)",29781.75,29786.75,RB2-001204,29786.5,29790.75,overlapping_active_same_direction_rb_tapped
1,2765,2026-07-14 18:05:00-04:00,bearish,"(29785.5, 29792.5, 29782.0, 29782.0)",29785.5,29792.5,RB2-001205,29785.5,29788.25,overlapping_active_same_direction_rb_tapped
1,2767,2026-07-14 18:07:00-04:00,bearish,"(29787.5, 29790.75, 29781.0, 29781.0)",29787.5,29790.75,RB2-001208,29787.5,29789.0,overlapping_active_same_direction_rb_tapped
1,2773,2026-07-14 18:13:00-04:00,bullish,"(29749.0, 29761.0, 29746.5, 29759.0)",29746.5,29749.0,RB2-001211,29745.5,29748.5,overlapping_active_same_direction_rb_tapped
1,2776,2026-07-14 18:16:00-04:00,bullish,"(29756.5, 29768.0, 29753.0, 29765.25)",29753.0,29756.5,RB2-001213,29749.5,29753.0,overlapping_active_same_direction_rb_tapped
1,2778,2026-07-14 18:18:00-04:00,bearish,"(29763.5, 29769.75, 29763.5, 29766.0)",29766.0,29769.75,RB2-001215,29765.0,29768.5,overlapping_active_same_direction_rb_tapped
1,2782,2026-07-14 18:22:00-04:00,bearish,"(29784.0, 29786.75, 29782.0, 29783.5)",29784.0,29786.75,RB2-001217,29781.5,29785.75,overlapping_active_same_direction_rb_tapped
1,2784,2026-07-14 18:24:00-04:00,bearish,"(29786.5, 29797.25, 29785.75, 29790.0)",29790.0,29797.25,RB2-001218,29786.5,29791.5,overlapping_active_same_direction_rb_tapped
1,2788,2026-07-14 18:28:00-04:00,bearish,"(29787.5, 29793.0, 29787.5, 29790.25)",29790.25,29793.0,RB2-001219,29792.0,29794.5,overlapping_active_same_direction_rb_tapped
1,2789,2026-07-14 18:29:00-04:00,bearish,"(29790.75, 29792.0, 29786.25, 29786.25)",29790.75,29792.0,RB2-001219,29792.0,29794.5,overlapping_active_same_direction_rb_tapped
1,2790,2026-07-14 18:30:00-04:00,bullish,"(29788.5, 29791.25, 29786.5, 29791.25)",29786.5,29788.5,RB2-001221,29786.0,29787.25,overlapping_active_same_direction_rb_tapped
1,2791,2026-07-14 18:31:00-04:00,bullish,"(29792.0, 29792.5, 29785.0, 29791.5)",29785.0,29791.5,RB2-001221,29786.0,29787.25,overlapping_active_same_direction_rb_tapped
1,2792,2026-07-14 18:32:00-04:00,bearish,"(29791.75, 29796.0, 29789.0, 29789.0)",29791.75,29796.0,RB2-001219,29792.0,29794.5,overlapping_active_same_direction_rb_tapped
1,2794,2026-07-14 18:34:00-04:00,bullish,"(29785.75, 29786.5, 29783.25, 29784.75)",29783.25,29784.75,RB2-001222,29783.25,29785.0,overlapping_active_same_direction_rb_tapped
1,2796,2026-07-14 18:36:00-04:00,bearish,"(29786.25, 29789.25, 29786.25, 29787.75)",29787.75,29789.25,RB2-001223,29786.5,29788.0,overlapping_active_same_direction_rb_tapped
1,2797,2026-07-14 18:37:00-04:00,bullish,"(29784.0, 29787.0, 29783.25, 29787.0)",29783.25,29784.0,RB2-001222,29783.25,29785.0,overlapping_active_same_direction_rb_tapped
1,2798,2026-07-14 18:38:00-04:00,bullish,"(29786.0, 29786.5, 29782.5, 29784.25)",29782.5,29784.25,RB2-001222,29783.25,29785.0,overlapping_active_same_direction_rb_tapped
1,2800,2026-07-14 18:40:00-04:00,bullish,"(29785.0, 29785.75, 29783.0, 29785.0)",29783.0,29785.0,RB2-001224,29783.5,29784.5,overlapping_active_same_direction_rb_tapped
1,2803,2026-07-14 18:43:00-04:00,bullish,"(29780.75, 29782.75, 29774.75, 29777.75)",29774.75,29777.75,RB2-001216,29771.25,29774.75,overlapping_active_same_direction_rb_tapped
1,2806,2026-07-14 18:46:00-04:00,bearish,"(29777.75, 29781.5, 29777.25, 29779.5)",29779.5,29781.5,RB2-001226,29780.0,29783.25,overlapping_active_same_direction_rb_tapped
1,2808,2026-07-14 18:48:00-04:00,bullish,"(29778.75, 29778.75, 29775.75, 29776.25)",29775.75,29776.25,RB2-001227,29776.25,29779.0,overlapping_active_same_direction_rb_tapped
1,2811,2026-07-14 18:51:00-04:00,bullish,"(29779.25, 29780.5, 29773.25, 29775.0)",29773.25,29775.0,RB2-001216,29771.25,29774.75,overlapping_active_same_direction_rb_tapped
1,2814,2026-07-14 18:54:00-04:00,bearish,"(29770.5, 29773.0, 29766.25, 29768.0)",29770.5,29773.0,RB2-001230,29770.5,29772.25,overlapping_active_same_direction_rb_tapped
1,2816,2026-07-14 18:56:00-04:00,bullish,"(29768.25, 29768.75, 29764.25, 29768.75)",29764.25,29768.25,RB2-001231,29766.0,29767.75,overlapping_active_same_direction_rb_tapped
1,2818,2026-07-14 18:58:00-04:00,bullish,"(29770.5, 29773.0, 29768.0, 29771.0)",29768.0,29770.5,RB2-001232,29766.0,29768.75,overlapping_active_same_direction_rb_tapped
1,2820,2026-07-14 19:00:00-04:00,bearish,"(29772.75, 29774.0, 29767.25, 29767.25)",29772.75,29774.0,RB2-001233,29773.25,29778.5,overlapping_active_same_direction_rb_tapped
1,2823,2026-07-14 19:03:00-04:00,bullish,"(29762.25, 29771.0, 29758.25, 29770.0)",29758.25,29762.25,RB2-001235,29758.0,29762.0,overlapping_active_same_direction_rb_tapped
1,2824,2026-07-14 19:04:00-04:00,bearish,"(29771.0, 29778.0, 29771.0, 29775.75)",29775.75,29778.0,RB2-001233,29773.25,29778.5,overlapping_active_same_direction_rb_tapped
1,2825,2026-07-14 19:05:00-04:00,bearish,"(29778.5, 29785.25, 29777.75, 29783.25)",29783.25,29785.25,RB2-001225,29784.0,29787.0,overlapping_active_same_direction_rb_tapped
1,2827,2026-07-14 19:07:00-04:00,bearish,"(29785.25, 29791.75, 29781.0, 29782.5)",29785.25,29791.75,RB2-001225,29784.0,29787.0,overlapping_active_same_direction_rb_tapped
1,2828,2026-07-14 19:08:00-04:00,bullish,"(29781.75, 29789.0, 29779.25, 29787.25)",29779.25,29781.75,RB2-001236,29780.0,29782.25,overlapping_active_same_direction_rb_tapped
1,2834,2026-07-14 19:14:00-04:00,bearish,"(29794.25, 29799.75, 29794.0, 29794.75)",29794.75,29799.75,RB2-001241,29794.5,29796.5,overlapping_active_same_direction_rb_tapped
1,2840,2026-07-14 19:20:00-04:00,bearish,"(29790.75, 29793.75, 29787.5, 29788.0)",29790.75,29793.75,RB2-001244,29791.5,29794.25,overlapping_active_same_direction_rb_tapped
1,2843,2026-07-14 19:23:00-04:00,bullish,"(29798.5, 29800.5, 29796.5, 29799.75)",29796.5,29798.5,RB2-001248,29797.0,29799.5,overlapping_active_same_direction_rb_tapped
1,2847,2026-07-14 19:27:00-04:00,bearish,"(29835.75, 29850.75, 29835.75, 29846.5)",29846.5,29850.75,RB2-001140,29848.75,29855.0,overlapping_active_same_direction_rb_tapped
1,2848,2026-07-14 19:28:00-04:00,bearish,"(29846.0, 29854.5, 29842.0, 29850.25)",29850.25,29854.5,RB2-001140,29848.75,29855.0,overlapping_active_same_direction_rb_tapped
1,2849,2026-07-14 19:29:00-04:00,bearish,"(29850.0, 29873.0, 29849.75, 29866.75)",29866.75,29873.0,RB2-001125,29869.0,29873.25,overlapping_active_same_direction_rb_tapped
1,2850,2026-07-14 19:30:00-04:00,bearish,"(29866.25, 29874.25, 29864.25, 29871.75)",29871.75,29874.25,RB2-001125,29869.0,29873.25,overlapping_active_same_direction_rb_tapped
1,2852,2026-07-14 19:32:00-04:00,bearish,"(29874.25, 29878.5, 29866.0, 29867.75)",29874.25,29878.5,RB2-001250,29873.5,29881.5,overlapping_active_same_direction_rb_tapped
1,2854,2026-07-14 19:34:00-04:00,bullish,"(29867.75, 29869.75, 29862.0, 29866.75)",29862.0,29866.75,RB2-001251,29864.75,29868.0,overlapping_active_same_direction_rb_tapped
1,2856,2026-07-14 19:36:00-04:00,bullish,"(29868.5, 29868.5, 29862.75, 29865.25)",29862.75,29865.25,RB2-001252,29862.0,29866.25,overlapping_active_same_direction_rb_tapped
1,2858,2026-07-14 19:38:00-04:00,bullish,"(29869.75, 29870.0, 29863.75, 29865.5)",29863.75,29865.5,RB2-001252,29862.0,29866.25,overlapping_active_same_direction_rb_tapped
1,2860,2026-07-14 19:40:00-04:00,bearish,"(29865.75, 29871.0, 29863.25, 29868.0)",29868.0,29871.0,RB2-001253,29870.0,29872.0,overlapping_active_same_direction_rb_tapped
1,2861,2026-07-14 19:41:00-04:00,bullish,"(29866.5, 29868.75, 29862.5, 29865.0)",29862.5,29865.0,RB2-001252,29862.0,29866.25,overlapping_active_same_direction_rb_tapped
1,2862,2026-07-14 19:42:00-04:00,bearish,"(29864.5, 29875.75, 29864.0, 29865.0)",29865.0,29875.75,RB2-001250,29873.5,29881.5,overlapping_active_same_direction_rb_tapped
1,2866,2026-07-14 19:46:00-04:00,bearish,"(29847.75, 29857.5, 29847.75, 29855.25)",29855.25,29857.5,RB2-001254,29852.25,29859.25,overlapping_active_same_direction_rb_tapped
1,2871,2026-07-14 19:51:00-04:00,bullish,"(29873.0, 29877.5, 29864.0, 29870.0)",29864.0,29870.0,RB2-001256,29862.75,29865.75,overlapping_active_same_direction_rb_tapped
1,2872,2026-07-14 19:52:00-04:00,bearish,"(29872.0, 29884.0, 29870.75, 29879.0)",29879.0,29884.0,RB2-001250,29873.5,29881.5,overlapping_active_same_direction_rb_tapped
1,2875,2026-07-14 19:55:00-04:00,bearish,"(29890.25, 29893.0, 29886.0, 29886.5)",29890.25,29893.0,RB2-001259,29890.75,29894.0,overlapping_active_same_direction_rb_tapped
1,2877,2026-07-14 19:57:00-04:00,bearish,"(29889.25, 29900.0, 29879.0, 29882.5)",29889.25,29900.0,RB2-001259,29890.75,29894.0,overlapping_active_same_direction_rb_tapped
1,2882,2026-07-14 20:02:00-04:00,bearish,"(29866.0, 29884.75, 29862.5, 29866.25)",29866.25,29884.75,RB2-001263,29867.0,29872.5,overlapping_active_same_direction_rb_tapped
1,2890,2026-07-14 20:10:00-04:00,bearish,"(29867.25, 29893.25, 29863.75, 29881.5)",29881.5,29893.25,RB2-001262,29889.0,29897.0,overlapping_active_same_direction_rb_tapped
1,2892,2026-07-14 20:12:00-04:00,bearish,"(29894.0, 29897.0, 29888.0, 29890.25)",29894.0,29897.0,RB2-001262,29889.0,29897.0,overlapping_active_same_direction_rb_tapped
1,2893,2026-07-14 20:13:00-04:00,bearish,"(29890.25, 29902.75, 29885.75, 29896.0)",29896.0,29902.75,RB2-001262,29889.0,29897.0,overlapping_active_same_direction_rb_tapped
1,2895,2026-07-14 20:15:00-04:00,bearish,"(29888.75, 29895.5, 29882.0, 29888.25)",29888.75,29895.5,RB2-001271,29895.5,29900.25,overlapping_active_same_direction_rb_tapped
1,2897,2026-07-14 20:17:00-04:00,bearish,"(29890.5, 29896.0, 29887.5, 29890.5)",29890.5,29896.0,RB2-001271,29895.5,29900.25,overlapping_active_same_direction_rb_tapped
1,2899,2026-07-14 20:19:00-04:00,bearish,"(29902.5, 29907.5, 29894.5, 29898.5)",29902.5,29907.5,RB2-001273,29901.25,29909.25,overlapping_active_same_direction_rb_tapped
1,2904,2026-07-14 20:24:00-04:00,bearish,"(29919.25, 29926.75, 29908.5, 29911.5)",29919.25,29926.75,RB2-001274,29923.5,29938.0,overlapping_active_same_direction_rb_tapped
1,2907,2026-07-14 20:27:00-04:00,bullish,"(29911.25, 29917.0, 29906.5, 29916.25)",29906.5,29911.25,RB2-001278,29905.25,29907.75,overlapping_active_same_direction_rb_tapped
1,2911,2026-07-14 20:31:00-04:00,bearish,"(29923.75, 29928.5, 29918.25, 29922.5)",29923.75,29928.5,RB2-001274,29923.5,29938.0,overlapping_active_same_direction_rb_tapped
1,2912,2026-07-14 20:32:00-04:00,bullish,"(29922.75, 29924.25, 29912.5, 29916.5)",29912.5,29916.5,RB2-001279,29909.25,29913.0,overlapping_active_same_direction_rb_tapped
1,2916,2026-07-14 20:36:00-04:00,bullish,"(29889.5, 29889.5, 29878.0, 29883.0)",29878.0,29883.0,RB2-001270,29873.25,29879.5,overlapping_active_same_direction_rb_tapped
1,2920,2026-07-14 20:40:00-04:00,bullish,"(29889.0, 29897.75, 29886.75, 29897.5)",29886.75,29889.0,RB2-001284,29880.0,29888.25,overlapping_active_same_direction_rb_tapped
1,2923,2026-07-14 20:43:00-04:00,bullish,"(29861.0, 29863.0, 29841.0, 29847.75)",29841.0,29847.75,RB2-001267,29842.5,29852.0,overlapping_active_same_direction_rb_tapped
1,2925,2026-07-14 20:45:00-04:00,bullish,"(29858.25, 29879.0, 29849.0, 29875.0)",29849.0,29858.25,RB2-001267,29842.5,29852.0,overlapping_active_same_direction_rb_tapped
1,2927,2026-07-14 20:47:00-04:00,bullish,"(29881.25, 29890.0, 29871.5, 29886.0)",29871.5,29881.25,RB2-001285,29873.0,29876.75,overlapping_active_same_direction_rb_tapped
1,2934,2026-07-14 20:54:00-04:00,bearish,"(29903.5, 29911.5, 29901.25, 29903.5)",29903.5,29911.5,RB2-001291,29907.0,29909.0,overlapping_active_same_direction_rb_tapped
1,2938,2026-07-14 20:58:00-04:00,bearish,"(29918.5, 29929.5, 29917.25, 29927.0)",29927.0,29929.5,RB2-001274,29923.5,29938.0,overlapping_active_same_direction_rb_tapped
1,2939,2026-07-14 20:59:00-04:00,bearish,"(29926.75, 29929.5, 29917.0, 29918.0)",29926.75,29929.5,RB2-001274,29923.5,29938.0,overlapping_active_same_direction_rb_tapped
1,2940,2026-07-14 21:00:00-04:00,bearish,"(29920.0, 29927.0, 29894.5, 29898.0)",29920.0,29927.0,RB2-001274,29923.5,29938.0,overlapping_active_same_direction_rb_tapped
1,2947,2026-07-14 21:07:00-04:00,bullish,"(29890.25, 29893.25, 29867.75, 29872.25)",29867.75,29872.25,RB2-001296,29864.25,29870.75,overlapping_active_same_direction_rb_tapped
1,2948,2026-07-14 21:08:00-04:00,bullish,"(29869.0, 29876.5, 29862.75, 29875.0)",29862.75,29869.0,RB2-001296,29864.25,29870.75,overlapping_active_same_direction_rb_tapped
1,2954,2026-07-14 21:14:00-04:00,bullish,"(29885.75, 29889.25, 29881.0, 29886.25)",29881.0,29885.75,RB2-001303,29874.75,29883.0,overlapping_active_same_direction_rb_tapped
1,2958,2026-07-14 21:18:00-04:00,bullish,"(29906.25, 29907.75, 29899.75, 29902.0)",29899.75,29902.0,RB2-001305,29901.25,29908.25,overlapping_active_same_direction_rb_tapped
1,2961,2026-07-14 21:21:00-04:00,bullish,"(29901.0, 29906.0, 29898.5, 29906.0)",29898.5,29901.0,RB2-001307,29896.25,29899.75,overlapping_active_same_direction_rb_tapped
1,2962,2026-07-14 21:22:00-04:00,bearish,"(29906.5, 29918.5, 29906.0, 29915.25)",29915.25,29918.5,RB2-001304,29910.5,29918.25,overlapping_active_same_direction_rb_tapped
1,2963,2026-07-14 21:23:00-04:00,bearish,"(29917.25, 29921.25, 29915.75, 29917.5)",29917.5,29921.25,RB2-001304,29910.5,29918.25,overlapping_active_same_direction_rb_tapped
1,2968,2026-07-14 21:28:00-04:00,bearish,"(29934.0, 29942.75, 29932.0, 29932.0)",29934.0,29942.75,RB2-001274,29923.5,29938.0,overlapping_active_same_direction_rb_tapped
1,2971,2026-07-14 21:31:00-04:00,bullish,"(29921.75, 29931.25, 29914.75, 29930.0)",29914.75,29921.75,RB2-001310,29918.0,29922.75,overlapping_active_same_direction_rb_tapped
1,2974,2026-07-14 21:34:00-04:00,bullish,"(29919.75, 29923.25, 29914.0, 29920.0)",29914.0,29919.75,RB2-001313,29916.75,29922.0,overlapping_active_same_direction_rb_tapped
1,2976,2026-07-14 21:36:00-04:00,bullish,"(29918.75, 29931.0, 29915.75, 29929.25)",29915.75,29918.75,RB2-001314,29911.0,29918.0,overlapping_active_same_direction_rb_tapped
1,2981,2026-07-14 21:41:00-04:00,bullish,"(29921.25, 29923.25, 29904.75, 29916.75)",29904.75,29916.75,RB2-001314,29911.0,29918.0,overlapping_active_same_direction_rb_tapped
1,2983,2026-07-14 21:43:00-04:00,bullish,"(29901.0, 29907.75, 29897.0, 29904.25)",29897.0,29901.0,RB2-001307,29896.25,29899.75,overlapping_active_same_direction_rb_tapped
1,2989,2026-07-14 21:49:00-04:00,bearish,"(29911.75, 29923.25, 29911.75, 29918.5)",29918.5,29923.25,RB2-001318,29919.0,29924.25,overlapping_active_same_direction_rb_tapped
1,2990,2026-07-14 21:50:00-04:00,bearish,"(29920.5, 29923.75, 29918.0, 29920.25)",29920.5,29923.75,RB2-001318,29919.0,29924.25,overlapping_active_same_direction_rb_tapped
1,2993,2026-07-14 21:53:00-04:00,bullish,"(29917.0, 29932.75, 29911.75, 29931.75)",29911.75,29917.0,RB2-001321,29906.75,29912.0,overlapping_active_same_direction_rb_tapped
1,2997,2026-07-14 21:57:00-04:00,bullish,"(29941.5, 29942.5, 29935.25, 29941.5)",29935.25,29941.5,RB2-001326,29935.25,29939.5,overlapping_active_same_direction_rb_tapped
1,3000,2026-07-14 22:00:00-04:00,bullish,"(29958.75, 29961.0, 29950.5, 29955.5)",29950.5,29955.5,RB2-001327,29949.0,29953.25,overlapping_active_same_direction_rb_tapped
1,3001,2026-07-14 22:01:00-04:00,bullish,"(29954.75, 29955.5, 29949.25, 29952.0)",29949.25,29952.0,RB2-001327,29949.0,29953.25,overlapping_active_same_direction_rb_tapped
1,3005,2026-07-14 22:05:00-04:00,bullish,"(29960.0, 29967.25, 29953.0, 29966.25)",29953.0,29960.0,RB2-001327,29949.0,29953.25,overlapping_active_same_direction_rb_tapped
1,3007,2026-07-14 22:07:00-04:00,bearish,"(29964.25, 29967.5, 29963.25, 29966.25)",29966.25,29967.5,RB2-001329,29965.25,29974.0,overlapping_active_same_direction_rb_tapped
1,3009,2026-07-14 22:09:00-04:00,bullish,"(29969.25, 29970.75, 29962.75, 29966.0)",29962.75,29966.0,RB2-001330,29962.25,29965.25,overlapping_active_same_direction_rb_tapped
1,3010,2026-07-14 22:10:00-04:00,bearish,"(29965.75, 29972.0, 29964.0, 29967.5)",29967.5,29972.0,RB2-001329,29965.25,29974.0,overlapping_active_same_direction_rb_tapped
1,3011,2026-07-14 22:11:00-04:00,bullish,"(29969.5, 29970.75, 29963.25, 29965.0)",29963.25,29965.0,RB2-001330,29962.25,29965.25,overlapping_active_same_direction_rb_tapped
1,3014,2026-07-14 22:14:00-04:00,bullish,"(29967.0, 29968.0, 29958.5, 29963.5)",29958.5,29963.5,RB2-001330,29962.25,29965.25,overlapping_active_same_direction_rb_tapped
1,3016,2026-07-14 22:16:00-04:00,bullish,"(29964.75, 29967.25, 29959.5, 29964.75)",29959.5,29964.75,RB2-001332,29960.75,29965.75,overlapping_active_same_direction_rb_tapped
1,3019,2026-07-14 22:19:00-04:00,bearish,"(29978.75, 29981.75, 29971.75, 29972.5)",29978.75,29981.75,RB2-001331,29978.0,29980.75,overlapping_active_same_direction_rb_tapped
1,3025,2026-07-14 22:25:00-04:00,bearish,"(29960.75, 29966.0, 29960.75, 29962.75)",29962.75,29966.0,RB2-001335,29965.5,29968.25,overlapping_active_same_direction_rb_tapped
1,3026,2026-07-14 22:26:00-04:00,bearish,"(29962.0, 29966.75, 29960.0, 29962.25)",29962.25,29966.75,RB2-001335,29965.5,29968.25,overlapping_active_same_direction_rb_tapped
1,3030,2026-07-14 22:30:00-04:00,bearish,"(29970.0, 29974.5, 29966.5, 29968.5)",29970.0,29974.5,RB2-001336,29969.75,29973.5,overlapping_active_same_direction_rb_tapped
1,3035,2026-07-14 22:35:00-04:00,bullish,"(29973.75, 29977.25, 29970.0, 29977.25)",29970.0,29973.75,RB2-001338,29967.75,29971.0,overlapping_active_same_direction_rb_tapped
1,3037,2026-07-14 22:37:00-04:00,bullish,"(29979.75, 29982.0, 29977.75, 29980.25)",29977.75,29979.75,RB2-001340,29976.25,29978.25,overlapping_active_same_direction_rb_tapped
1,3038,2026-07-14 22:38:00-04:00,bearish,"(29979.5, 29985.5, 29977.0, 29978.5)",29979.5,29985.5,RB2-001339,29978.75,29981.5,overlapping_active_same_direction_rb_tapped
1,3045,2026-07-14 22:45:00-04:00,bullish,"(29984.0, 29984.5, 29981.0, 29981.75)",29981.0,29981.75,RB2-001343,29980.5,29983.0,overlapping_active_same_direction_rb_tapped
1,3046,2026-07-14 22:46:00-04:00,bearish,"(29982.25, 29987.25, 29982.25, 29983.75)",29983.75,29987.25,RB2-001344,29983.0,29984.25,overlapping_active_same_direction_rb_tapped
1,3049,2026-07-14 22:49:00-04:00,bearish,"(29981.75, 29983.75, 29977.5, 29978.0)",29981.75,29983.75,RB2-001345,29983.0,29986.0,overlapping_active_same_direction_rb_tapped
1,3050,2026-07-14 22:50:00-04:00,bullish,"(29978.5, 29979.5, 29966.75, 29971.0)",29966.75,29971.0,RB2-001337,29961.75,29966.75,overlapping_active_same_direction_rb_tapped
1,3053,2026-07-14 22:53:00-04:00,bullish,"(29968.5, 29969.5, 29966.5, 29968.0)",29966.5,29968.0,RB2-001337,29961.75,29966.75,overlapping_active_same_direction_rb_tapped
1,3057,2026-07-14 22:57:00-04:00,bullish,"(29973.25, 29973.25, 29965.5, 29967.5)",29965.5,29967.5,RB2-001337,29961.75,29966.75,overlapping_active_same_direction_rb_tapped
1,3065,2026-07-14 23:05:00-04:00,bullish,"(29961.5, 29961.5, 29955.25, 29957.0)",29955.25,29957.0,RB2-001350,29956.0,29957.5,overlapping_active_same_direction_rb_tapped
1,3068,2026-07-14 23:08:00-04:00,bullish,"(29956.0, 29957.5, 29953.5, 29956.5)",29953.5,29956.0,RB2-001352,29955.25,29957.75,overlapping_active_same_direction_rb_tapped
1,3070,2026-07-14 23:10:00-04:00,bullish,"(29958.75, 29959.0, 29951.5, 29953.0)",29951.5,29953.0,RB2-001327,29949.0,29953.25,overlapping_active_same_direction_rb_tapped
1,3073,2026-07-14 23:13:00-04:00,bearish,"(29951.25, 29959.25, 29950.0, 29956.0)",29956.0,29959.25,RB2-001354,29957.5,29958.75,overlapping_active_same_direction_rb_tapped
1,3075,2026-07-14 23:15:00-04:00,bullish,"(29959.5, 29960.75, 29955.0, 29958.75)",29955.0,29958.75,RB2-001356,29953.75,29955.5,overlapping_active_same_direction_rb_tapped
1,3077,2026-07-14 23:17:00-04:00,bearish,"(29973.25, 29981.0, 29970.5, 29976.0)",29976.0,29981.0,RB2-001348,29974.75,29978.25,overlapping_active_same_direction_rb_tapped
1,3082,2026-07-14 23:22:00-04:00,bullish,"(29971.25, 29974.5, 29968.0, 29972.25)",29968.0,29971.25,RB2-001358,29970.5,29974.25,overlapping_active_same_direction_rb_tapped
1,3085,2026-07-14 23:25:00-04:00,bearish,"(29969.5, 29976.0, 29969.25, 29972.75)",29972.75,29976.0,RB2-001361,29972.75,29975.75,overlapping_active_same_direction_rb_tapped
1,3089,2026-07-14 23:29:00-04:00,bearish,"(29981.25, 29985.0, 29978.25, 29978.5)",29981.25,29985.0,RB2-001345,29983.0,29986.0,overlapping_active_same_direction_rb_tapped
1,3095,2026-07-14 23:35:00-04:00,bearish,"(29995.0, 29998.0, 29991.75, 29994.25)",29995.0,29998.0,RB2-001367,29996.25,29997.25,overlapping_active_same_direction_rb_tapped
1,3108,2026-07-14 23:48:00-04:00,bullish,"(29995.5, 30001.25, 29990.0, 30001.25)",29990.0,29995.5,RB2-001372,29990.0,29992.25,overlapping_active_same_direction_rb_tapped
1,3112,2026-07-14 23:52:00-04:00,bullish,"(30013.75, 30017.5, 30012.5, 30016.5)",30012.5,30013.75,RB2-001376,30012.25,30014.25,overlapping_active_same_direction_rb_tapped
1,3113,2026-07-14 23:53:00-04:00,bullish,"(30017.0, 30018.0, 30014.0, 30015.75)",30014.0,30015.75,RB2-001376,30012.25,30014.25,overlapping_active_same_direction_rb_tapped
1,3115,2026-07-14 23:55:00-04:00,bullish,"(30015.5, 30016.75, 30012.0, 30015.0)",30012.0,30015.0,RB2-001376,30012.25,30014.25,overlapping_active_same_direction_rb_tapped
1,3116,2026-07-14 23:56:00-04:00,bullish,"(30015.5, 30017.0, 30012.0, 30017.0)",30012.0,30015.5,RB2-001376,30012.25,30014.25,overlapping_active_same_direction_rb_tapped
1,3117,2026-07-14 23:57:00-04:00,bearish,"(30017.25, 30019.25, 30010.25, 30011.0)",30017.25,30019.25,RB2-001375,30016.25,30018.0,overlapping_active_same_direction_rb_tapped
1,3128,2026-07-15 00:08:00-04:00,bullish,"(30001.5, 30002.25, 29997.5, 30001.0)",29997.5,30001.0,RB2-001374,29997.25,30000.5,overlapping_active_same_direction_rb_tapped
1,3129,2026-07-15 00:09:00-04:00,bullish,"(30000.25, 30002.0, 29995.75, 29997.75)",29995.75,29997.75,RB2-001374,29997.25,30000.5,overlapping_active_same_direction_rb_tapped
1,3131,2026-07-15 00:11:00-04:00,bearish,"(30002.75, 30006.25, 30001.75, 30003.75)",30003.75,30006.25,RB2-001384,30005.0,30007.5,overlapping_active_same_direction_rb_tapped
1,3133,2026-07-15 00:13:00-04:00,bullish,"(30004.75, 30005.75, 30001.75, 30004.0)",30001.75,30004.0,RB2-001386,30000.5,30005.75,overlapping_active_same_direction_rb_tapped
1,3135,2026-07-15 00:15:00-04:00,bullish,"(30000.25, 30001.25, 29997.25, 30000.0)",29997.25,30000.0,RB2-001387,29998.0,30000.25,overlapping_active_same_direction_rb_tapped
1,3136,2026-07-15 00:16:00-04:00,bearish,"(30001.25, 30006.0, 30000.25, 30003.75)",30003.75,30006.0,RB2-001384,30005.0,30007.5,overlapping_active_same_direction_rb_tapped
1,3140,2026-07-15 00:20:00-04:00,bullish,"(30008.0, 30012.25, 30006.75, 30011.5)",30006.75,30008.0,RB2-001390,30006.5,30008.5,overlapping_active_same_direction_rb_tapped
1,3141,2026-07-15 00:21:00-04:00,bullish,"(30011.5, 30012.0, 30007.25, 30009.0)",30007.25,30009.0,RB2-001390,30006.5,30008.5,overlapping_active_same_direction_rb_tapped
1,3142,2026-07-15 00:22:00-04:00,bullish,"(30009.0, 30009.25, 30002.75, 30009.25)",30002.75,30009.0,RB2-001388,30000.5,30005.25,overlapping_active_same_direction_rb_tapped
1,3143,2026-07-15 00:23:00-04:00,bearish,"(30010.25, 30013.0, 30010.0, 30011.25)",30011.25,30013.0,RB2-001383,30011.25,30013.25,overlapping_active_same_direction_rb_tapped
1,3144,2026-07-15 00:24:00-04:00,bearish,"(30011.25, 30012.5, 30009.5, 30009.5)",30011.25,30012.5,RB2-001383,30011.25,30013.25,overlapping_active_same_direction_rb_tapped
1,3147,2026-07-15 00:27:00-04:00,bullish,"(30008.5, 30008.75, 30002.25, 30004.0)",30002.25,30004.0,RB2-001388,30000.5,30005.25,overlapping_active_same_direction_rb_tapped
1,3150,2026-07-15 00:30:00-04:00,bullish,"(29990.75, 29991.25, 29983.25, 29988.75)",29983.25,29988.75,RB2-001366,29982.75,29985.5,overlapping_active_same_direction_rb_tapped
1,3154,2026-07-15 00:34:00-04:00,bearish,"(29995.75, 29998.25, 29986.75, 29988.5)",29995.75,29998.25,RB2-001396,29995.75,29997.75,overlapping_active_same_direction_rb_tapped
1,3156,2026-07-15 00:36:00-04:00,bearish,"(29997.25, 30005.75, 29997.0, 30003.75)",30003.75,30005.75,RB2-001393,30003.5,30005.0,overlapping_active_same_direction_rb_tapped
1,3159,2026-07-15 00:39:00-04:00,bullish,"(30004.75, 30007.0, 30001.75, 30006.0)",30001.75,30004.75,RB2-001397,30000.25,30002.5,overlapping_active_same_direction_rb_tapped
1,3160,2026-07-15 00:40:00-04:00,bearish,"(30005.0, 30008.75, 30005.0, 30006.0)",30006.0,30008.75,RB2-001398,30004.25,30007.75,overlapping_active_same_direction_rb_tapped
1,3161,2026-07-15 00:41:00-04:00,bullish,"(30005.5, 30007.0, 30002.0, 30007.0)",30002.0,30005.5,RB2-001397,30000.25,30002.5,overlapping_active_same_direction_rb_tapped
1,3162,2026-07-15 00:42:00-04:00,bearish,"(30006.5, 30011.5, 30006.25, 30008.75)",30008.75,30011.5,RB2-001383,30011.25,30013.25,overlapping_active_same_direction_rb_tapped
1,3163,2026-07-15 00:43:00-04:00,bullish,"(30008.0, 30008.0, 30002.0, 30003.5)",30002.0,30003.5,RB2-001397,30000.25,30002.5,overlapping_active_same_direction_rb_tapped
1,3167,2026-07-15 00:47:00-04:00,bearish,"(30009.0, 30013.5, 30007.75, 30009.25)",30009.25,30013.5,RB2-001383,30011.25,30013.25,overlapping_active_same_direction_rb_tapped
1,3168,2026-07-15 00:48:00-04:00,bearish,"(30009.5, 30012.5, 30008.75, 30011.0)",30011.0,30012.5,RB2-001383,30011.25,30013.25,overlapping_active_same_direction_rb_tapped
1,3173,2026-07-15 00:53:00-04:00,bearish,"(30014.5, 30018.0, 30014.0, 30016.0)",30016.0,30018.0,RB2-001379,30015.5,30016.5,overlapping_active_same_direction_rb_tapped
1,3176,2026-07-15 00:56:00-04:00,bullish,"(30013.25, 30016.75, 30007.0, 30011.0)",30007.0,30011.0,RB2-001402,30006.5,30008.0,overlapping_active_same_direction_rb_tapped
1,3181,2026-07-15 01:01:00-04:00,bullish,"(30048.75, 30055.5, 30014.0, 30027.75)",30014.0,30027.75,RB2-001406,30011.75,30015.25,overlapping_active_same_direction_rb_tapped
1,3182,2026-07-15 01:02:00-04:00,bullish,"(30028.0, 30031.25, 30001.25, 30030.0)",30001.25,30028.0,RB2-001397,30000.25,30002.5,overlapping_active_same_direction_rb_tapped
1,3192,2026-07-15 01:12:00-04:00,bullish,"(29998.5, 29999.75, 29995.0, 29999.25)",29995.0,29998.5,RB2-001412,29996.25,29999.75,overlapping_active_same_direction_rb_tapped
1,3194,2026-07-15 01:14:00-04:00,bearish,"(30005.75, 30010.25, 29995.0, 29999.25)",30005.75,30010.25,RB2-001413,30008.0,30015.25,overlapping_active_same_direction_rb_tapped
1,3199,2026-07-15 01:19:00-04:00,bullish,"(30019.25, 30023.25, 30014.5, 30019.0)",30014.5,30019.0,RB2-001416,30012.0,30015.75,overlapping_active_same_direction_rb_tapped
1,3200,2026-07-15 01:20:00-04:00,bullish,"(30018.5, 30025.0, 30014.25, 30022.75)",30014.25,30018.5,RB2-001416,30012.0,30015.75,overlapping_active_same_direction_rb_tapped
1,3202,2026-07-15 01:22:00-04:00,bullish,"(30004.25, 30004.75, 29997.5, 30002.5)",29997.5,30002.5,RB2-001414,29995.5,30000.0,overlapping_active_same_direction_rb_tapped
1,3205,2026-07-15 01:25:00-04:00,bullish,"(29998.0, 29998.0, 29984.75, 29987.5)",29984.75,29987.5,RB2-001366,29982.75,29985.5,overlapping_active_same_direction_rb_tapped
1,3206,2026-07-15 01:26:00-04:00,bullish,"(29989.25, 29989.75, 29981.5, 29983.25)",29981.5,29983.25,RB2-001366,29982.75,29985.5,overlapping_active_same_direction_rb_tapped
1,3209,2026-07-15 01:29:00-04:00,bearish,"(29978.0, 29986.0, 29977.5, 29981.75)",29981.75,29986.0,RB2-001419,29981.0,29987.0,overlapping_active_same_direction_rb_tapped
1,3210,2026-07-15 01:30:00-04:00,bearish,"(29980.75, 29987.75, 29978.75, 29978.75)",29980.75,29987.75,RB2-001419,29981.0,29987.0,overlapping_active_same_direction_rb_tapped
1,3211,2026-07-15 01:31:00-04:00,bearish,"(29979.0, 29984.0, 29967.75, 29967.75)",29979.0,29984.0,RB2-001419,29981.0,29987.0,overlapping_active_same_direction_rb_tapped
1,3212,2026-07-15 01:32:00-04:00,bearish,"(29970.0, 29993.5, 29970.0, 29985.75)",29985.75,29993.5,RB2-001419,29981.0,29987.0,overlapping_active_same_direction_rb_tapped
1,3216,2026-07-15 01:36:00-04:00,bullish,"(29997.25, 30000.0, 29991.5, 29998.0)",29991.5,29997.25,RB2-001422,29988.75,29991.75,overlapping_active_same_direction_rb_tapped
1,3218,2026-07-15 01:38:00-04:00,bearish,"(30003.25, 30005.25, 29999.75, 29999.75)",30003.25,30005.25,RB2-001423,30003.5,30006.0,overlapping_active_same_direction_rb_tapped
1,3222,2026-07-15 01:42:00-04:00,bearish,"(29999.5, 30006.75, 29995.5, 29997.75)",29999.5,30006.75,RB2-001425,30003.75,30005.5,overlapping_active_same_direction_rb_tapped
1,3223,2026-07-15 01:43:00-04:00,bullish,"(30000.0, 30002.0, 29988.0, 29993.5)",29988.0,29993.5,RB2-001422,29988.75,29991.75,overlapping_active_same_direction_rb_tapped
1,3231,2026-07-15 01:51:00-04:00,bullish,"(29996.5, 29997.75, 29990.75, 29995.0)",29990.75,29995.0,RB2-001428,29990.25,29993.75,overlapping_active_same_direction_rb_tapped
1,3232,2026-07-15 01:52:00-04:00,bullish,"(29997.0, 30003.5, 29993.75, 30003.5)",29993.75,29997.0,RB2-001428,29990.25,29993.75,overlapping_active_same_direction_rb_tapped
1,3234,2026-07-15 01:54:00-04:00,bullish,"(30008.0, 30012.0, 30003.25, 30010.25)",30003.25,30008.0,RB2-001430,29999.5,30003.75,overlapping_active_same_direction_rb_tapped
1,3240,2026-07-15 02:00:00-04:00,bearish,"(30031.75, 30039.5, 30031.25, 30035.0)",30035.0,30039.5,RB2-001408,30028.25,30035.5,overlapping_active_same_direction_rb_tapped
1,3243,2026-07-15 02:03:00-04:00,bullish,"(30042.5, 30045.0, 30033.5, 30038.5)",30033.5,30038.5,RB2-001432,30033.25,30035.5,overlapping_active_same_direction_rb_tapped
1,3247,2026-07-15 02:07:00-04:00,bullish,"(30035.75, 30046.75, 30033.0, 30046.75)",30033.0,30035.75,RB2-001432,30033.25,30035.5,overlapping_active_same_direction_rb_tapped
1,3250,2026-07-15 02:10:00-04:00,bullish,"(30040.5, 30040.5, 30033.0, 30036.5)",30033.0,30036.5,RB2-001432,30033.25,30035.5,overlapping_active_same_direction_rb_tapped
1,3252,2026-07-15 02:12:00-04:00,bullish,"(30030.5, 30033.0, 30027.75, 30033.0)",30027.75,30030.5,RB2-001437,30029.0,30031.75,overlapping_active_same_direction_rb_tapped
1,3254,2026-07-15 02:14:00-04:00,bearish,"(30040.0, 30044.75, 30039.5, 30042.5)",30042.5,30044.75,RB2-001436,30044.0,30047.0,overlapping_active_same_direction_rb_tapped
1,3258,2026-07-15 02:18:00-04:00,bearish,"(30028.25, 30033.5, 30026.5, 30029.5)",30029.5,30033.5,RB2-001440,30033.5,30034.75,overlapping_active_same_direction_rb_tapped
1,3262,2026-07-15 02:22:00-04:00,bullish,"(30029.25, 30030.75, 30023.0, 30028.75)",30023.0,30028.75,RB2-001442,30026.25,30028.25,overlapping_active_same_direction_rb_tapped
1,3266,2026-07-15 02:26:00-04:00,bearish,"(30034.5, 30045.25, 30031.75, 30040.25)",30040.25,30045.25,RB2-001436,30044.0,30047.0,overlapping_active_same_direction_rb_tapped
1,3269,2026-07-15 02:29:00-04:00,bearish,"(30035.5, 30041.25, 30034.25, 30039.25)",30039.25,30041.25,RB2-001446,30040.5,30041.5,overlapping_active_same_direction_rb_tapped
1,3270,2026-07-15 02:30:00-04:00,bearish,"(30041.75, 30045.25, 30026.0, 30027.5)",30041.75,30045.25,RB2-001436,30044.0,30047.0,overlapping_active_same_direction_rb_tapped
1,3277,2026-07-15 02:37:00-04:00,bearish,"(30026.25, 30030.0, 30024.75, 30027.75)",30027.75,30030.0,RB2-001451,30029.0,30030.0,overlapping_active_same_direction_rb_tapped
1,3279,2026-07-15 02:39:00-04:00,bearish,"(30027.0, 30030.0, 30018.25, 30019.25)",30027.0,30030.0,RB2-001451,30029.0,30030.0,overlapping_active_same_direction_rb_tapped
1,3281,2026-07-15 02:41:00-04:00,bullish,"(30018.5, 30021.25, 30014.75, 30021.25)",30014.75,30018.5,RB2-001450,30017.25,30023.5,overlapping_active_same_direction_rb_tapped
1,3282,2026-07-15 02:42:00-04:00,bearish,"(30021.5, 30025.75, 30019.25, 30022.0)",30022.0,30025.75,RB2-001453,30019.75,30022.25,overlapping_active_same_direction_rb_tapped
1,3289,2026-07-15 02:49:00-04:00,bullish,"(30019.5, 30023.25, 30017.5, 30022.25)",30017.5,30019.5,RB2-001454,30015.0,30018.25,overlapping_active_same_direction_rb_tapped
1,3290,2026-07-15 02:50:00-04:00,bullish,"(30024.5, 30025.0, 30018.25, 30024.75)",30018.25,30024.5,RB2-001454,30015.0,30018.25,overlapping_active_same_direction_rb_tapped
1,3293,2026-07-15 02:53:00-04:00,bearish,"(30024.5, 30032.0, 30024.25, 30027.0)",30027.0,30032.0,RB2-001451,30029.0,30030.0,overlapping_active_same_direction_rb_tapped
1,3296,2026-07-15 02:56:00-04:00,bearish,"(30032.75, 30036.0, 30030.75, 30032.5)",30032.75,30036.0,RB2-001459,30034.25,30038.0,overlapping_active_same_direction_rb_tapped
1,3298,2026-07-15 02:58:00-04:00,bullish,"(30025.25, 30029.5, 30012.25, 30029.0)",30012.25,30025.25,RB2-001448,30009.75,30014.0,overlapping_active_same_direction_rb_tapped
1,3300,2026-07-15 03:00:00-04:00,bullish,"(30030.5, 30031.25, 30010.0, 30015.5)",30010.0,30015.5,RB2-001448,30009.75,30014.0,overlapping_active_same_direction_rb_tapped
1,3301,2026-07-15 03:01:00-04:00,bullish,"(30017.0, 30017.0, 30007.5, 30011.75)",30007.5,30011.75,RB2-001448,30009.75,30014.0,overlapping_active_same_direction_rb_tapped
1,3304,2026-07-15 03:04:00-04:00,bearish,"(30027.5, 30052.25, 30027.5, 30046.5)",30046.5,30052.25,RB2-001407,30050.75,30058.25,overlapping_active_same_direction_rb_tapped
1,3305,2026-07-15 03:05:00-04:00,bearish,"(30046.5, 30062.5, 30045.75, 30054.0)",30054.0,30062.5,RB2-001407,30050.75,30058.25,overlapping_active_same_direction_rb_tapped
1,3309,2026-07-15 03:09:00-04:00,bearish,"(30040.75, 30045.75, 30038.5, 30042.25)",30042.25,30045.75,RB2-001465,30040.0,30042.5,overlapping_active_same_direction_rb_tapped
1,3312,2026-07-15 03:12:00-04:00,bullish,"(30040.0, 30041.0, 30033.75, 30038.5)",30033.75,30038.5,RB2-001467,30035.0,30036.5,overlapping_active_same_direction_rb_tapped
1,3313,2026-07-15 03:13:00-04:00,bearish,"(30037.75, 30049.25, 30037.5, 30040.75)",30040.75,30049.25,RB2-001464,30047.5,30050.25,overlapping_active_same_direction_rb_tapped
1,3321,2026-07-15 03:21:00-04:00,bullish,"(30011.0, 30015.0, 29996.0, 30001.5)",29996.0,30001.5,RB2-001430,29999.5,30003.75,overlapping_active_same_direction_rb_tapped
1,3322,2026-07-15 03:22:00-04:00,bullish,"(30000.0, 30000.0, 29992.0, 29996.75)",29992.0,29996.75,RB2-001428,29990.25,29993.75,overlapping_active_same_direction_rb_tapped
1,3324,2026-07-15 03:24:00-04:00,bearish,"(29993.0, 29998.25, 29987.5, 29989.5)",29993.0,29998.25,RB2-001473,29995.75,29998.0,overlapping_active_same_direction_rb_tapped
1,3327,2026-07-15 03:27:00-04:00,bullish,"(29945.75, 29950.5, 29928.0, 29950.25)",29928.0,29945.75,RB2-001324,29922.25,29931.75,overlapping_active_same_direction_rb_tapped
1,3330,2026-07-15 03:30:00-04:00,bullish,"(29968.0, 29968.0, 29945.25, 29957.75)",29945.25,29957.75,RB2-001475,29954.0,29960.25,overlapping_active_same_direction_rb_tapped
1,3334,2026-07-15 03:34:00-04:00,bearish,"(29962.75, 29968.75, 29954.5, 29960.25)",29962.75,29968.75,RB2-001477,29964.0,29970.25,overlapping_active_same_direction_rb_tapped
1,3339,2026-07-15 03:39:00-04:00,bullish,"(29979.5, 29980.25, 29972.0, 29977.5)",29972.0,29977.5,RB2-001478,29967.25,29972.5,overlapping_active_same_direction_rb_tapped
1,3343,2026-07-15 03:43:00-04:00,bearish,"(29984.0, 29989.75, 29979.25, 29980.25)",29984.0,29989.75,RB2-001482,29983.5,29987.0,overlapping_active_same_direction_rb_tapped
1,3344,2026-07-15 03:44:00-04:00,bullish,"(29979.5, 29980.5, 29973.0, 29979.0)",29973.0,29979.0,RB2-001481,29976.75,29981.0,overlapping_active_same_direction_rb_tapped
1,3345,2026-07-15 03:45:00-04:00,bullish,"(29979.0, 29982.0, 29971.75, 29976.75)",29971.75,29976.75,RB2-001478,29967.25,29972.5,overlapping_active_same_direction_rb_tapped
1,3346,2026-07-15 03:46:00-04:00,bullish,"(29973.25, 29980.5, 29971.0, 29979.0)",29971.0,29973.25,RB2-001478,29967.25,29972.5,overlapping_active_same_direction_rb_tapped
1,3354,2026-07-15 03:54:00-04:00,bullish,"(29996.75, 29996.75, 29989.25, 29991.25)",29989.25,29991.25,RB2-001484,29990.25,29992.0,overlapping_active_same_direction_rb_tapped
1,3358,2026-07-15 03:58:00-04:00,bearish,"(29986.0, 29993.25, 29984.75, 29990.0)",29990.0,29993.25,RB2-001488,29992.75,29994.5,overlapping_active_same_direction_rb_tapped
1,3364,2026-07-15 04:04:00-04:00,bullish,"(29945.75, 29947.0, 29917.0, 29931.5)",29917.0,29931.5,RB2-001324,29922.25,29931.75,overlapping_active_same_direction_rb_tapped
1,3366,2026-07-15 04:06:00-04:00,bullish,"(29931.0, 29932.25, 29919.75, 29929.5)",29919.75,29929.5,RB2-001493,29925.75,29932.5,overlapping_active_same_direction_rb_tapped
1,3368,2026-07-15 04:08:00-04:00,bullish,"(29928.5, 29940.0, 29922.5, 29938.25)",29922.5,29928.5,RB2-001494,29922.5,29928.0,overlapping_active_same_direction_rb_tapped
1,3372,2026-07-15 04:12:00-04:00,bearish,"(29914.5, 29932.75, 29913.0, 29923.5)",29923.5,29932.75,RB2-001496,29919.75,29924.5,overlapping_active_same_direction_rb_tapped
1,3375,2026-07-15 04:15:00-04:00,bearish,"(29918.25, 29924.75, 29904.25, 29909.75)",29918.25,29924.75,RB2-001497,29924.75,29931.0,overlapping_active_same_direction_rb_tapped
1,3378,2026-07-15 04:18:00-04:00,bullish,"(29904.25, 29921.75, 29897.0, 29918.75)",29897.0,29904.25,RB2-001498,29902.75,29907.0,overlapping_active_same_direction_rb_tapped
1,3381,2026-07-15 04:21:00-04:00,bearish,"(29910.75, 29914.75, 29892.0, 29892.0)",29910.75,29914.75,RB2-001501,29908.5,29914.25,overlapping_active_same_direction_rb_tapped
1,3382,2026-07-15 04:22:00-04:00,bullish,"(29893.0, 29896.5, 29887.25, 29891.75)",29887.25,29891.75,RB2-001319,29891.75,29894.25,overlapping_active_same_direction_rb_tapped
1,3384,2026-07-15 04:24:00-04:00,bullish,"(29879.25, 29887.0, 29872.0, 29885.75)",29872.0,29879.25,RB2-001302,29866.75,29873.75,overlapping_active_same_direction_rb_tapped
1,3386,2026-07-15 04:26:00-04:00,bearish,"(29884.0, 29893.25, 29884.0, 29891.0)",29891.0,29893.25,RB2-001502,29886.0,29891.5,overlapping_active_same_direction_rb_tapped
1,3395,2026-07-15 04:35:00-04:00,bullish,"(29909.25, 29915.25, 29907.5, 29915.25)",29907.5,29909.25,RB2-001505,29906.5,29912.25,overlapping_active_same_direction_rb_tapped
1,3396,2026-07-15 04:36:00-04:00,bullish,"(29913.25, 29915.25, 29897.75, 29910.0)",29897.75,29910.0,RB2-001504,29901.0,29904.75,overlapping_active_same_direction_rb_tapped
1,3398,2026-07-15 04:38:00-04:00,bearish,"(29905.0, 29912.25, 29905.0, 29911.0)",29911.0,29912.25,RB2-001506,29912.25,29915.5,overlapping_active_same_direction_rb_tapped
1,3400,2026-07-15 04:40:00-04:00,bearish,"(29915.75, 29926.25, 29915.0, 29915.75)",29915.75,29926.25,RB2-001497,29924.75,29931.0,overlapping_active_same_direction_rb_tapped
1,3407,2026-07-15 04:47:00-04:00,bearish,"(29940.5, 29942.25, 29933.5, 29934.75)",29940.5,29942.25,RB2-001510,29941.75,29943.5,overlapping_active_same_direction_rb_tapped
1,3412,2026-07-15 04:52:00-04:00,bullish,"(29928.5, 29928.5, 29917.75, 29920.75)",29917.75,29920.75,RB2-001514,29920.5,29923.25,overlapping_active_same_direction_rb_tapped
1,3415,2026-07-15 04:55:00-04:00,bullish,"(29916.75, 29921.75, 29914.5, 29920.25)",29914.5,29916.75,RB2-001515,29911.75,29916.25,overlapping_active_same_direction_rb_tapped
1,3416,2026-07-15 04:56:00-04:00,bullish,"(29918.75, 29928.75, 29913.75, 29928.75)",29913.75,29918.75,RB2-001515,29911.75,29916.25,overlapping_active_same_direction_rb_tapped
1,3417,2026-07-15 04:57:00-04:00,bearish,"(29927.75, 29937.75, 29927.75, 29934.75)",29934.75,29937.75,RB2-001511,29933.25,29936.25,overlapping_active_same_direction_rb_tapped
1,3420,2026-07-15 05:00:00-04:00,bearish,"(29937.75, 29946.75, 29937.75, 29942.5)",29942.5,29946.75,RB2-001510,29941.75,29943.5,overlapping_active_same_direction_rb_tapped
1,3423,2026-07-15 05:03:00-04:00,bullish,"(29943.0, 29948.75, 29940.75, 29948.5)",29940.75,29943.0,RB2-001518,29939.0,29944.0,overlapping_active_same_direction_rb_tapped
1,3425,2026-07-15 05:05:00-04:00,bullish,"(29951.0, 29952.25, 29946.25, 29950.75)",29946.25,29950.75,RB2-001520,29946.0,29948.0,overlapping_active_same_direction_rb_tapped
1,3427,2026-07-15 05:07:00-04:00,bullish,"(29950.0, 29951.5, 29947.5, 29949.5)",29947.5,29949.5,RB2-001520,29946.0,29948.0,overlapping_active_same_direction_rb_tapped
1,3428,2026-07-15 05:08:00-04:00,bearish,"(29949.0, 29951.75, 29946.25, 29948.25)",29949.0,29951.75,RB2-001521,29950.75,29954.75,overlapping_active_same_direction_rb_tapped
1,3429,2026-07-15 05:09:00-04:00,bullish,"(29946.75, 29953.75, 29943.5, 29953.75)",29943.5,29946.75,RB2-001518,29939.0,29944.0,overlapping_active_same_direction_rb_tapped
1,3432,2026-07-15 05:12:00-04:00,bullish,"(29949.5, 29950.0, 29943.25, 29948.75)",29943.25,29948.75,RB2-001518,29939.0,29944.0,overlapping_active_same_direction_rb_tapped
1,3435,2026-07-15 05:15:00-04:00,bearish,"(29953.25, 29955.0, 29947.0, 29947.0)",29953.25,29955.0,RB2-001524,29950.0,29955.25,overlapping_active_same_direction_rb_tapped
1,3436,2026-07-15 05:16:00-04:00,bearish,"(29949.5, 29958.25, 29949.5, 29951.5)",29951.5,29958.25,RB2-001524,29950.0,29955.25,overlapping_active_same_direction_rb_tapped
1,3437,2026-07-15 05:17:00-04:00,bullish,"(29951.25, 29951.25, 29943.25, 29947.5)",29943.25,29947.5,RB2-001518,29939.0,29944.0,overlapping_active_same_direction_rb_tapped
1,3446,2026-07-15 05:26:00-04:00,bullish,"(29956.5, 29959.25, 29951.5, 29958.0)",29951.5,29956.5,RB2-001526,29949.75,29952.0,overlapping_active_same_direction_rb_tapped
1,3447,2026-07-15 05:27:00-04:00,bullish,"(29953.75, 29954.25, 29950.25, 29951.5)",29950.25,29951.5,RB2-001526,29949.75,29952.0,overlapping_active_same_direction_rb_tapped
1,3448,2026-07-15 05:28:00-04:00,bullish,"(29950.0, 29950.25, 29946.25, 29950.0)",29946.25,29950.0,RB2-001526,29949.75,29952.0,overlapping_active_same_direction_rb_tapped
1,3451,2026-07-15 05:31:00-04:00,bullish,"(29941.5, 29942.5, 29936.0, 29940.0)",29936.0,29940.0,RB2-001517,29934.75,29936.0,overlapping_active_same_direction_rb_tapped
1,3453,2026-07-15 05:33:00-04:00,bullish,"(29942.0, 29944.0, 29940.5, 29943.0)",29940.5,29942.0,RB2-001534,29939.75,29941.0,overlapping_active_same_direction_rb_tapped
1,3454,2026-07-15 05:34:00-04:00,bullish,"(29942.25, 29943.25, 29934.0, 29935.75)",29934.0,29935.75,RB2-001517,29934.75,29936.0,overlapping_active_same_direction_rb_tapped
1,3458,2026-07-15 05:38:00-04:00,bearish,"(29941.25, 29949.25, 29941.0, 29946.0)",29946.0,29949.25,RB2-001533,29947.75,29950.5,overlapping_active_same_direction_rb_tapped
1,3463,2026-07-15 05:43:00-04:00,bearish,"(29955.75, 29957.25, 29954.0, 29954.25)",29955.75,29957.25,RB2-001539,29956.5,29959.75,overlapping_active_same_direction_rb_tapped
1,3468,2026-07-15 05:48:00-04:00,bullish,"(29938.0, 29939.0, 29935.5, 29939.0)",29935.5,29938.0,RB2-001538,29937.0,29939.0,overlapping_active_same_direction_rb_tapped
1,3478,2026-07-15 05:58:00-04:00,bearish,"(29920.25, 29923.25, 29918.5, 29920.25)",29920.25,29923.25,RB2-001549,29920.0,29922.25,overlapping_active_same_direction_rb_tapped
1,3479,2026-07-15 05:59:00-04:00,bullish,"(29918.0, 29927.75, 29914.25, 29924.75)",29914.25,29918.0,RB2-001515,29911.75,29916.25,overlapping_active_same_direction_rb_tapped
1,3480,2026-07-15 06:00:00-04:00,bullish,"(29926.0, 29926.25, 29916.25, 29920.0)",29916.25,29920.0,RB2-001515,29911.75,29916.25,overlapping_active_same_direction_rb_tapped
1,3485,2026-07-15 06:05:00-04:00,bearish,"(29926.5, 29932.75, 29926.5, 29928.5)",29928.5,29932.75,RB2-001550,29927.75,29932.0,overlapping_active_same_direction_rb_tapped
1,3486,2026-07-15 06:06:00-04:00,bearish,"(29930.5, 29933.75, 29927.0, 29929.25)",29930.5,29933.75,RB2-001550,29927.75,29932.0,overlapping_active_same_direction_rb_tapped
1,3487,2026-07-15 06:07:00-04:00,bullish,"(29927.0, 29929.75, 29926.0, 29929.75)",29926.0,29927.0,RB2-001551,29926.5,29928.0,overlapping_active_same_direction_rb_tapped
1,3499,2026-07-15 06:19:00-04:00,bullish,"(29933.75, 29934.75, 29930.25, 29932.25)",29930.25,29932.25,RB2-001554,29928.5,29930.75,overlapping_active_same_direction_rb_tapped
1,3500,2026-07-15 06:20:00-04:00,bearish,"(29931.5, 29940.75, 29929.75, 29936.25)",29936.25,29940.75,RB2-001558,29939.75,29941.5,overlapping_active_same_direction_rb_tapped
1,3505,2026-07-15 06:25:00-04:00,bearish,"(29904.25, 29909.25, 29900.5, 29902.25)",29904.25,29909.25,RB2-001562,29909.0,29918.5,overlapping_active_same_direction_rb_tapped
1,3507,2026-07-15 06:27:00-04:00,bullish,"(29897.75, 29901.75, 29888.0, 29893.25)",29888.0,29893.25,RB2-001503,29885.25,29893.0,overlapping_active_same_direction_rb_tapped
1,3508,2026-07-15 06:28:00-04:00,bullish,"(29892.25, 29895.0, 29886.0, 29892.25)",29886.0,29892.25,RB2-001503,29885.25,29893.0,overlapping_active_same_direction_rb_tapped
1,3512,2026-07-15 06:32:00-04:00,bullish,"(29893.25, 29902.25, 29890.0, 29900.25)",29890.0,29893.25,RB2-001503,29885.25,29893.0,overlapping_active_same_direction_rb_tapped
1,3514,2026-07-15 06:34:00-04:00,bullish,"(29900.0, 29902.5, 29895.5, 29899.25)",29895.5,29899.25,RB2-001567,29894.75,29898.5,overlapping_active_same_direction_rb_tapped
1,3515,2026-07-15 06:35:00-04:00,bullish,"(29901.0, 29906.25, 29898.0, 29906.25)",29898.0,29901.0,RB2-001567,29894.75,29898.5,overlapping_active_same_direction_rb_tapped
1,3516,2026-07-15 06:36:00-04:00,bearish,"(29906.25, 29910.75, 29904.5, 29908.5)",29908.5,29910.75,RB2-001562,29909.0,29918.5,overlapping_active_same_direction_rb_tapped
1,3519,2026-07-15 06:39:00-04:00,bullish,"(29920.0, 29920.25, 29913.5, 29916.5)",29913.5,29916.5,RB2-001568,29915.0,29918.75,overlapping_active_same_direction_rb_tapped
1,3525,2026-07-15 06:45:00-04:00,bullish,"(29902.0, 29910.0, 29899.75, 29909.5)",29899.75,29902.0,RB2-001571,29900.0,29902.25,overlapping_active_same_direction_rb_tapped
1,3527,2026-07-15 06:47:00-04:00,bearish,"(29908.5, 29914.5, 29908.5, 29910.25)",29910.25,29914.5,RB2-001573,29910.75,29912.5,overlapping_active_same_direction_rb_tapped
1,3531,2026-07-15 06:51:00-04:00,bearish,"(29913.5, 29920.5, 29912.75, 29914.25)",29914.25,29920.5,RB2-001575,29916.5,29918.75,overlapping_active_same_direction_rb_tapped
1,3534,2026-07-15 06:54:00-04:00,bullish,"(29917.25, 29923.75, 29914.5, 29923.75)",29914.5,29917.25,RB2-001576,29912.75,29914.75,overlapping_active_same_direction_rb_tapped
1,3536,2026-07-15 06:56:00-04:00,bearish,"(29925.5, 29934.25, 29925.0, 29931.25)",29931.25,29934.25,RB2-001560,29932.5,29937.0,overlapping_active_same_direction_rb_tapped
1,3539,2026-07-15 06:59:00-04:00,bearish,"(29923.75, 29933.75, 29923.5, 29927.25)",29927.25,29933.75,RB2-001560,29932.5,29937.0,overlapping_active_same_direction_rb_tapped
1,3542,2026-07-15 07:02:00-04:00,bullish,"(29945.25, 29946.25, 29939.5, 29942.25)",29939.5,29942.25,RB2-001580,29941.75,29945.5,overlapping_active_same_direction_rb_tapped
1,3544,2026-07-15 07:04:00-04:00,bearish,"(29937.75, 29943.5, 29937.75, 29939.5)",29939.5,29943.5,RB2-001581,29941.25,29944.0,overlapping_active_same_direction_rb_tapped
1,3546,2026-07-15 07:06:00-04:00,bearish,"(29939.75, 29942.0, 29929.5, 29930.75)",29939.75,29942.0,RB2-001581,29941.25,29944.0,overlapping_active_same_direction_rb_tapped
1,3547,2026-07-15 07:07:00-04:00,bullish,"(29930.5, 29932.25, 29919.5, 29924.5)",29919.5,29924.5,RB2-001578,29921.0,29923.75,overlapping_active_same_direction_rb_tapped
1,3552,2026-07-15 07:12:00-04:00,bearish,"(29931.0, 29936.0, 29930.0, 29930.0)",29931.0,29936.0,RB2-001585,29935.75,29938.25,overlapping_active_same_direction_rb_tapped
1,3555,2026-07-15 07:15:00-04:00,bullish,"(29925.25, 29928.75, 29921.0, 29927.0)",29921.0,29925.25,RB2-001586,29923.75,29927.75,overlapping_active_same_direction_rb_tapped
1,3557,2026-07-15 07:17:00-04:00,bullish,"(29927.25, 29928.0, 29920.75, 29922.75)",29920.75,29922.75,RB2-001588,29921.75,29924.25,overlapping_active_same_direction_rb_tapped
1,3558,2026-07-15 07:18:00-04:00,bearish,"(29923.5, 29942.5, 29923.5, 29938.5)",29938.5,29942.5,RB2-001581,29941.25,29944.0,overlapping_active_same_direction_rb_tapped
1,3563,2026-07-15 07:23:00-04:00,bullish,"(29933.5, 29934.0, 29931.0, 29931.75)",29931.0,29931.75,RB2-001590,29928.5,29931.0,overlapping_active_same_direction_rb_tapped
1,3564,2026-07-15 07:24:00-04:00,bearish,"(29933.5, 29936.75, 29924.5, 29926.5)",29933.5,29936.75,RB2-001591,29932.75,29934.25,overlapping_active_same_direction_rb_tapped
1,3566,2026-07-15 07:26:00-04:00,bearish,"(29927.75, 29932.0, 29924.0, 29924.0)",29927.75,29932.0,RB2-001592,29928.5,29931.75,overlapping_active_same_direction_rb_tapped
1,3569,2026-07-15 07:29:00-04:00,bullish,"(29920.5, 29921.5, 29917.5, 29921.5)",29917.5,29920.5,RB2-001593,29915.25,29917.75,overlapping_active_same_direction_rb_tapped
1,3570,2026-07-15 07:30:00-04:00,bullish,"(29922.75, 29924.25, 29917.5, 29920.0)",29917.5,29920.0,RB2-001593,29915.25,29917.75,overlapping_active_same_direction_rb_tapped
1,3571,2026-07-15 07:31:00-04:00,bullish,"(29919.5, 29919.75, 29911.5, 29917.75)",29911.5,29917.75,RB2-001576,29912.75,29914.75,overlapping_active_same_direction_rb_tapped
1,3574,2026-07-15 07:34:00-04:00,bearish,"(29922.5, 29932.0, 29922.0, 29930.25)",29930.25,29932.0,RB2-001592,29928.5,29931.75,overlapping_active_same_direction_rb_tapped
1,3575,2026-07-15 07:35:00-04:00,bearish,"(29930.25, 29932.25, 29923.5, 29923.5)",29930.25,29932.25,RB2-001592,29928.5,29931.75,overlapping_active_same_direction_rb_tapped
1,3576,2026-07-15 07:36:00-04:00,bearish,"(29923.5, 29929.75, 29923.25, 29926.0)",29926.0,29929.75,RB2-001592,29928.5,29931.75,overlapping_active_same_direction_rb_tapped
1,3577,2026-07-15 07:37:00-04:00,bearish,"(29927.0, 29932.5, 29924.25, 29929.5)",29929.5,29932.5,RB2-001592,29928.5,29931.75,overlapping_active_same_direction_rb_tapped
1,3579,2026-07-15 07:39:00-04:00,bearish,"(29933.25, 29937.75, 29931.75, 29932.0)",29933.25,29937.75,RB2-001595,29933.5,29938.5,overlapping_active_same_direction_rb_tapped
1,3580,2026-07-15 07:40:00-04:00,bearish,"(29934.0, 29937.25, 29932.5, 29933.75)",29934.0,29937.25,RB2-001595,29933.5,29938.5,overlapping_active_same_direction_rb_tapped
1,3582,2026-07-15 07:42:00-04:00,bullish,"(29935.25, 29938.5, 29933.25, 29937.75)",29933.25,29935.25,RB2-001596,29930.25,29933.5,overlapping_active_same_direction_rb_tapped
1,3583,2026-07-15 07:43:00-04:00,bearish,"(29937.0, 29942.0, 29933.25, 29936.5)",29937.0,29942.0,RB2-001581,29941.25,29944.0,overlapping_active_same_direction_rb_tapped
1,3587,2026-07-15 07:47:00-04:00,bullish,"(29916.5, 29919.25, 29911.25, 29918.75)",29911.25,29916.5,RB2-001598,29913.75,29916.25,overlapping_active_same_direction_rb_tapped
1,3591,2026-07-15 07:51:00-04:00,bullish,"(29919.25, 29925.5, 29904.5, 29917.0)",29904.5,29917.0,RB2-001600,29906.75,29910.75,overlapping_active_same_direction_rb_tapped
1,3592,2026-07-15 07:52:00-04:00,bearish,"(29916.5, 29921.25, 29916.5, 29919.0)",29919.0,29921.25,RB2-001601,29921.0,29924.75,overlapping_active_same_direction_rb_tapped
1,3596,2026-07-15 07:56:00-04:00,bearish,"(29920.75, 29924.75, 29919.5, 29921.25)",29921.25,29924.75,RB2-001601,29921.0,29924.75,overlapping_active_same_direction_rb_tapped
1,3598,2026-07-15 07:58:00-04:00,bullish,"(29923.5, 29926.0, 29921.5, 29924.5)",29921.5,29923.5,RB2-001603,29919.5,29921.5,overlapping_active_same_direction_rb_tapped
1,3608,2026-07-15 08:08:00-04:00,bearish,"(29886.25, 29891.25, 29884.5, 29888.0)",29888.0,29891.25,RB2-001610,29888.75,29892.5,overlapping_active_same_direction_rb_tapped
1,3609,2026-07-15 08:09:00-04:00,bearish,"(29888.5, 29898.0, 29888.5, 29891.0)",29891.0,29898.0,RB2-001610,29888.75,29892.5,overlapping_active_same_direction_rb_tapped
1,3611,2026-07-15 08:11:00-04:00,bullish,"(29881.0, 29888.0, 29878.0, 29885.5)",29878.0,29881.0,RB2-001611,29878.25,29881.75,overlapping_active_same_direction_rb_tapped
1,3613,2026-07-15 08:13:00-04:00,bullish,"(29885.0, 29885.0, 29873.75, 29881.0)",29873.75,29881.0,RB2-001611,29878.25,29881.75,overlapping_active_same_direction_rb_tapped
1,3617,2026-07-15 08:17:00-04:00,bullish,"(29891.75, 29892.75, 29886.25, 29891.25)",29886.25,29891.25,RB2-001614,29886.0,29889.5,overlapping_active_same_direction_rb_tapped
1,3618,2026-07-15 08:18:00-04:00,bullish,"(29890.25, 29890.75, 29880.5, 29886.25)",29880.5,29886.25,RB2-001613,29879.0,29881.0,overlapping_active_same_direction_rb_tapped
1,3620,2026-07-15 08:20:00-04:00,bullish,"(29882.0, 29882.5, 29876.25, 29880.0)",29876.25,29880.0,RB2-001613,29879.0,29881.0,overlapping_active_same_direction_rb_tapped
1,3624,2026-07-15 08:24:00-04:00,bearish,"(29863.5, 29869.5, 29861.0, 29866.5)",29866.5,29869.5,RB2-001616,29864.75,29867.0,overlapping_active_same_direction_rb_tapped
1,3625,2026-07-15 08:25:00-04:00,bullish,"(29866.5, 29869.5, 29856.25, 29863.75)",29856.25,29863.75,RB2-001615,29856.5,29859.25,overlapping_active_same_direction_rb_tapped
1,3629,2026-07-15 08:29:00-04:00,bearish,"(29875.0, 29884.5, 29874.0, 29875.5)",29875.5,29884.5,RB2-001619,29874.75,29879.5,overlapping_active_same_direction_rb_tapped
1,3630,2026-07-15 08:30:00-04:00,bearish,"(29875.25, 29947.0, 29856.5, 29923.0)",29923.0,29947.0,RB2-001581,29941.25,29944.0,overlapping_active_same_direction_rb_tapped
1,3634,2026-07-15 08:34:00-04:00,bearish,"(29930.75, 29950.5, 29930.75, 29943.25)",29943.25,29950.5,RB2-001621,29946.0,29951.0,overlapping_active_same_direction_rb_tapped
1,3635,2026-07-15 08:35:00-04:00,bearish,"(29941.75, 29960.5, 29938.5, 29954.25)",29954.25,29960.5,RB2-001528,29960.5,29962.75,overlapping_active_same_direction_rb_tapped
1,3637,2026-07-15 08:37:00-04:00,bullish,"(29946.25, 29956.0, 29938.0, 29951.75)",29938.0,29946.25,RB2-001623,29943.25,29945.75,overlapping_active_same_direction_rb_tapped
1,3640,2026-07-15 08:40:00-04:00,bullish,"(29937.0, 29940.0, 29924.5, 29933.75)",29924.5,29933.75,RB2-001622,29928.25,29931.75,overlapping_active_same_direction_rb_tapped
1,3647,2026-07-15 08:47:00-04:00,bearish,"(29945.0, 29953.75, 29941.75, 29950.0)",29950.0,29953.75,RB2-001629,29952.0,29953.5,overlapping_active_same_direction_rb_tapped
1,3650,2026-07-15 08:50:00-04:00,bearish,"(29974.0, 29981.5, 29972.0, 29978.5)",29978.5,29981.5,RB2-001492,29977.75,29984.25,overlapping_active_same_direction_rb_tapped
1,3651,2026-07-15 08:51:00-04:00,bearish,"(29977.0, 29982.0, 29971.5, 29973.0)",29977.0,29982.0,RB2-001492,29977.75,29984.25,overlapping_active_same_direction_rb_tapped
1,3652,2026-07-15 08:52:00-04:00,bearish,"(29973.5, 29989.75, 29972.75, 29983.75)",29983.75,29989.75,RB2-001492,29977.75,29984.25,overlapping_active_same_direction_rb_tapped
1,3656,2026-07-15 08:56:00-04:00,bullish,"(29987.0, 29992.0, 29983.75, 29989.75)",29983.75,29987.0,RB2-001634,29981.75,29984.75,overlapping_active_same_direction_rb_tapped
1,3658,2026-07-15 08:58:00-04:00,bearish,"(29987.25, 29993.75, 29986.0, 29989.5)",29989.5,29993.75,RB2-001635,29991.0,29995.25,overlapping_active_same_direction_rb_tapped
1,3660,2026-07-15 09:00:00-04:00,bearish,"(29980.0, 29991.25, 29979.5, 29979.75)",29980.0,29991.25,RB2-001635,29991.0,29995.25,overlapping_active_same_direction_rb_tapped
1,3662,2026-07-15 09:02:00-04:00,bearish,"(29979.25, 29981.75, 29976.25, 29978.5)",29979.25,29981.75,RB2-001636,29980.75,29984.0,overlapping_active_same_direction_rb_tapped
1,3663,2026-07-15 09:03:00-04:00,bearish,"(29977.5, 29984.25, 29977.25, 29981.5)",29981.5,29984.25,RB2-001636,29980.75,29984.0,overlapping_active_same_direction_rb_tapped
1,3664,2026-07-15 09:04:00-04:00,bearish,"(29980.5, 29991.0, 29978.0, 29987.25)",29987.25,29991.0,RB2-001635,29991.0,29995.25,overlapping_active_same_direction_rb_tapped
1,3665,2026-07-15 09:05:00-04:00,bearish,"(29988.25, 29994.0, 29988.25, 29991.5)",29991.5,29994.0,RB2-001635,29991.0,29995.25,overlapping_active_same_direction_rb_tapped
1,3667,2026-07-15 09:07:00-04:00,bearish,"(29991.75, 29999.75, 29977.75, 29978.25)",29991.75,29999.75,RB2-001635,29991.0,29995.25,overlapping_active_same_direction_rb_tapped
1,3669,2026-07-15 09:09:00-04:00,bullish,"(29970.75, 29972.75, 29966.25, 29971.25)",29966.25,29970.75,RB2-001631,29964.0,29969.25,overlapping_active_same_direction_rb_tapped
1,3674,2026-07-15 09:14:00-04:00,bullish,"(29944.0, 29950.5, 29939.25, 29946.5)",29939.25,29944.0,RB2-001641,29940.75,29944.0,overlapping_active_same_direction_rb_tapped
1,3679,2026-07-15 09:19:00-04:00,bullish,"(29953.0, 29958.0, 29950.5, 29956.0)",29950.5,29953.0,RB2-001645,29947.75,29951.5,overlapping_active_same_direction_rb_tapped
1,3683,2026-07-15 09:23:00-04:00,bullish,"(29948.25, 29949.5, 29941.0, 29943.5)",29941.0,29943.5,RB2-001646,29939.75,29942.75,overlapping_active_same_direction_rb_tapped
1,3684,2026-07-15 09:24:00-04:00,bullish,"(29944.5, 29949.25, 29942.0, 29949.25)",29942.0,29944.5,RB2-001646,29939.75,29942.75,overlapping_active_same_direction_rb_tapped
1,3685,2026-07-15 09:25:00-04:00,bullish,"(29949.75, 29953.5, 29939.75, 29946.25)",29939.75,29946.25,RB2-001646,29939.75,29942.75,overlapping_active_same_direction_rb_tapped
1,3686,2026-07-15 09:26:00-04:00,bullish,"(29946.25, 29948.25, 29938.25, 29942.75)",29938.25,29942.75,RB2-001646,29939.75,29942.75,overlapping_active_same_direction_rb_tapped
1,3688,2026-07-15 09:28:00-04:00,bearish,"(29944.0, 29953.25, 29939.0, 29946.25)",29946.25,29953.25,RB2-001649,29944.0,29953.25,overlapping_active_same_direction_rb_tapped
1,3689,2026-07-15 09:29:00-04:00,bearish,"(29946.5, 29966.75, 29945.0, 29955.25)",29955.25,29966.75,RB2-001639,29962.25,29965.0,overlapping_active_same_direction_rb_tapped
1,3690,2026-07-15 09:30:00-04:00,bearish,"(29955.5, 29977.5, 29937.0, 29953.5)",29955.5,29977.5,RB2-001638,29970.75,29973.0,overlapping_active_same_direction_rb_tapped
1,3691,2026-07-15 09:31:00-04:00,bullish,"(29954.75, 29961.25, 29918.5, 29942.75)",29918.5,29942.75,RB2-001626,29927.25,29932.75,overlapping_active_same_direction_rb_tapped
1,3693,2026-07-15 09:33:00-04:00,bullish,"(29933.25, 29936.0, 29912.5, 29931.25)",29912.5,29931.25,RB2-001650,29918.0,29933.75,overlapping_active_same_direction_rb_tapped
1,3697,2026-07-15 09:37:00-04:00,bearish,"(29929.75, 29943.0, 29878.0, 29878.75)",29929.75,29943.0,RB2-001653,29931.75,29939.25,overlapping_active_same_direction_rb_tapped
1,3698,2026-07-15 09:38:00-04:00,bullish,"(29879.0, 29884.5, 29852.0, 29873.0)",29852.0,29873.0,RB2-001615,29856.5,29859.25,overlapping_active_same_direction_rb_tapped
1,3702,2026-07-15 09:42:00-04:00,bearish,"(29847.0, 29872.0, 29844.0, 29854.0)",29854.0,29872.0,RB2-001656,29848.25,29867.75,overlapping_active_same_direction_rb_tapped
1,3707,2026-07-15 09:47:00-04:00,bullish,"(29811.5, 29819.75, 29784.25, 29798.5)",29784.25,29798.5,RB2-001659,29797.0,29811.25,overlapping_active_same_direction_rb_tapped
1,3713,2026-07-15 09:53:00-04:00,bullish,"(29791.5, 29792.25, 29761.0, 29770.25)",29761.0,29770.25,RB2-001662,29757.0,29771.5,overlapping_active_same_direction_rb_tapped
1,3716,2026-07-15 09:56:00-04:00,bearish,"(29798.0, 29814.75, 29783.25, 29785.75)",29798.0,29814.75,RB2-001660,29798.25,29812.75,overlapping_active_same_direction_rb_tapped
1,3717,2026-07-15 09:57:00-04:00,bearish,"(29785.25, 29812.0, 29785.25, 29805.5)",29805.5,29812.0,RB2-001660,29798.25,29812.75,overlapping_active_same_direction_rb_tapped
1,3718,2026-07-15 09:58:00-04:00,bullish,"(29805.75, 29820.0, 29791.0, 29807.25)",29791.0,29805.75,RB2-001664,29779.5,29798.0,overlapping_active_same_direction_rb_tapped
1,3719,2026-07-15 09:59:00-04:00,bullish,"(29807.5, 29824.25, 29796.0, 29823.5)",29796.0,29807.5,RB2-001664,29779.5,29798.0,overlapping_active_same_direction_rb_tapped
1,3723,2026-07-15 10:03:00-04:00,bearish,"(29844.5, 29871.75, 29840.25, 29860.0)",29860.0,29871.75,RB2-001667,29853.5,29867.0,overlapping_active_same_direction_rb_tapped
1,3724,2026-07-15 10:04:00-04:00,bullish,"(29860.0, 29863.25, 29836.0, 29844.25)",29836.0,29844.25,RB2-001666,29833.0,29836.75,overlapping_active_same_direction_rb_tapped
1,3730,2026-07-15 10:10:00-04:00,bullish,"(29860.75, 29873.75, 29847.75, 29863.0)",29847.75,29860.75,RB2-001671,29854.0,29861.0,overlapping_active_same_direction_rb_tapped
1,3732,2026-07-15 10:12:00-04:00,bullish,"(29846.0, 29859.25, 29836.5, 29856.0)",29836.5,29846.0,RB2-001672,29837.0,29848.25,overlapping_active_same_direction_rb_tapped
1,3733,2026-07-15 10:13:00-04:00,bullish,"(29857.0, 29857.0, 29830.25, 29839.5)",29830.25,29839.5,RB2-001672,29837.0,29848.25,overlapping_active_same_direction_rb_tapped
1,3736,2026-07-15 10:16:00-04:00,bullish,"(29798.5, 29820.0, 29788.0, 29811.25)",29788.0,29798.5,RB2-001664,29779.5,29798.0,overlapping_active_same_direction_rb_tapped
1,3737,2026-07-15 10:17:00-04:00,bearish,"(29811.0, 29830.75, 29811.0, 29815.75)",29815.75,29830.75,RB2-001674,29806.75,29824.5,overlapping_active_same_direction_rb_tapped
1,3738,2026-07-15 10:18:00-04:00,bullish,"(29816.0, 29818.75, 29796.5, 29799.75)",29796.5,29799.75,RB2-001664,29779.5,29798.0,overlapping_active_same_direction_rb_tapped
1,3740,2026-07-15 10:20:00-04:00,bullish,"(29800.0, 29803.25, 29749.75, 29759.25)",29749.75,29759.25,RB2-001662,29757.0,29771.5,overlapping_active_same_direction_rb_tapped
1,3742,2026-07-15 10:22:00-04:00,bullish,"(29765.75, 29774.75, 29738.0, 29752.5)",29738.0,29752.5,RB2-001676,29743.5,29759.25,overlapping_active_same_direction_rb_tapped
1,3745,2026-07-15 10:25:00-04:00,bullish,"(29672.25, 29680.0, 29646.5, 29669.5)",29646.5,29669.5,RB2-001677,29655.25,29672.75,overlapping_active_same_direction_rb_tapped
1,3747,2026-07-15 10:27:00-04:00,bullish,"(29668.0, 29693.5, 29656.25, 29690.75)",29656.25,29668.0,RB2-001678,29639.25,29666.25,overlapping_active_same_direction_rb_tapped
1,3752,2026-07-15 10:32:00-04:00,bullish,"(29672.75, 29685.5, 29646.0, 29673.5)",29646.0,29672.75,RB2-001678,29639.25,29666.25,overlapping_active_same_direction_rb_tapped
1,3755,2026-07-15 10:35:00-04:00,bullish,"(29691.0, 29701.75, 29665.0, 29678.25)",29665.0,29678.25,RB2-001678,29639.25,29666.25,overlapping_active_same_direction_rb_tapped
1,3759,2026-07-15 10:39:00-04:00,bullish,"(29608.5, 29612.75, 29587.0, 29602.75)",29587.0,29602.75,RB2-001683,29597.5,29607.25,overlapping_active_same_direction_rb_tapped
1,3761,2026-07-15 10:41:00-04:00,bearish,"(29605.5, 29624.25, 29589.5, 29603.5)",29605.5,29624.25,RB2-001682,29621.0,29634.75,overlapping_active_same_direction_rb_tapped
1,3766,2026-07-15 10:46:00-04:00,bullish,"(29571.5, 29603.25, 29562.5, 29597.75)",29562.5,29571.5,RB2-001686,29563.25,29572.25,overlapping_active_same_direction_rb_tapped
1,3771,2026-07-15 10:51:00-04:00,bullish,"(29618.0, 29622.5, 29594.5, 29602.75)",29594.5,29602.75,RB2-001688,29588.0,29611.0,overlapping_active_same_direction_rb_tapped
1,3773,2026-07-15 10:53:00-04:00,bearish,"(29598.5, 29622.75, 29596.25, 29612.25)",29612.25,29622.75,RB2-001690,29603.0,29632.5,overlapping_active_same_direction_rb_tapped
1,3774,2026-07-15 10:54:00-04:00,bullish,"(29610.75, 29611.0, 29578.0, 29601.25)",29578.0,29601.25,RB2-001688,29588.0,29611.0,overlapping_active_same_direction_rb_tapped
1,3775,2026-07-15 10:55:00-04:00,bearish,"(29602.25, 29620.75, 29585.25, 29600.25)",29602.25,29620.75,RB2-001690,29603.0,29632.5,overlapping_active_same_direction_rb_tapped
1,3777,2026-07-15 10:57:00-04:00,bearish,"(29621.0, 29631.25, 29608.5, 29612.25)",29621.0,29631.25,RB2-001690,29603.0,29632.5,overlapping_active_same_direction_rb_tapped
1,3778,2026-07-15 10:58:00-04:00,bearish,"(29611.5, 29622.0, 29596.5, 29606.25)",29611.5,29622.0,RB2-001690,29603.0,29632.5,overlapping_active_same_direction_rb_tapped
1,3780,2026-07-15 11:00:00-04:00,bearish,"(29632.0, 29642.75, 29611.25, 29616.5)",29632.0,29642.75,RB2-001690,29603.0,29632.5,overlapping_active_same_direction_rb_tapped
1,3781,2026-07-15 11:01:00-04:00,bullish,"(29617.25, 29618.5, 29590.0, 29595.5)",29590.0,29595.5,RB2-001691,29591.75,29599.25,overlapping_active_same_direction_rb_tapped
1,3785,2026-07-15 11:05:00-04:00,bullish,"(29589.5, 29614.0, 29579.5, 29613.75)",29579.5,29589.5,RB2-001694,29583.0,29590.25,overlapping_active_same_direction_rb_tapped
1,3787,2026-07-15 11:07:00-04:00,bullish,"(29618.75, 29632.75, 29608.5, 29632.0)",29608.5,29618.75,RB2-001695,29600.0,29614.0,overlapping_active_same_direction_rb_tapped
1,3791,2026-07-15 11:11:00-04:00,bullish,"(29641.0, 29641.0, 29623.0, 29633.5)",29623.0,29633.5,RB2-001698,29628.75,29641.0,overlapping_active_same_direction_rb_tapped
1,3793,2026-07-15 11:13:00-04:00,bearish,"(29613.5, 29632.75, 29608.0, 29615.0)",29615.0,29632.75,RB2-001699,29629.5,29637.25,overlapping_active_same_direction_rb_tapped
1,3795,2026-07-15 11:15:00-04:00,bullish,"(29591.0, 29596.0, 29563.5, 29576.75)",29563.5,29576.75,RB2-001686,29563.25,29572.25,overlapping_active_same_direction_rb_tapped
1,3800,2026-07-15 11:20:00-04:00,bullish,"(29608.5, 29608.75, 29578.0, 29597.25)",29578.0,29597.25,RB2-001703,29575.5,29580.5,overlapping_active_same_direction_rb_tapped
1,3801,2026-07-15 11:21:00-04:00,bullish,"(29597.25, 29598.5, 29573.25, 29577.5)",29573.25,29577.5,RB2-001703,29575.5,29580.5,overlapping_active_same_direction_rb_tapped
1,3803,2026-07-15 11:23:00-04:00,bullish,"(29558.75, 29567.75, 29540.0, 29553.0)",29540.0,29553.0,RB2-001702,29526.5,29554.0,overlapping_active_same_direction_rb_tapped
1,3804,2026-07-15 11:24:00-04:00,bullish,"(29551.25, 29582.0, 29545.0, 29582.0)",29545.0,29551.25,RB2-001702,29526.5,29554.0,overlapping_active_same_direction_rb_tapped
1,3806,2026-07-15 11:26:00-04:00,bearish,"(29589.25, 29607.0, 29588.0, 29593.25)",29593.25,29607.0,RB2-001706,29590.25,29602.0,overlapping_active_same_direction_rb_tapped
1,3808,2026-07-15 11:28:00-04:00,bearish,"(29599.5, 29632.25, 29598.75, 29624.5)",29624.5,29632.25,RB2-001699,29629.5,29637.25,overlapping_active_same_direction_rb_tapped
1,3813,2026-07-15 11:33:00-04:00,bearish,"(29646.0, 29656.0, 29640.5, 29641.0)",29646.0,29656.0,RB2-001708,29640.75,29646.25,overlapping_active_same_direction_rb_tapped
1,3817,2026-07-15 11:37:00-04:00,bearish,"(29639.75, 29652.75, 29626.25, 29639.0)",29639.75,29652.75,RB2-001710,29640.75,29647.5,overlapping_active_same_direction_rb_tapped
1,3821,2026-07-15 11:41:00-04:00,bullish,"(29635.25, 29646.25, 29630.75, 29643.0)",29630.75,29635.25,RB2-001713,29632.75,29641.5,overlapping_active_same_direction_rb_tapped
1,3824,2026-07-15 11:44:00-04:00,bullish,"(29622.25, 29624.0, 29605.0, 29615.75)",29605.0,29615.75,RB2-001711,29586.25,29610.0,overlapping_active_same_direction_rb_tapped
1,3825,2026-07-15 11:45:00-04:00,bullish,"(29616.5, 29618.0, 29595.0, 29600.0)",29595.0,29600.0,RB2-001711,29586.25,29610.0,overlapping_active_same_direction_rb_tapped
1,3826,2026-07-15 11:46:00-04:00,bullish,"(29601.5, 29605.0, 29587.75, 29604.25)",29587.75,29601.5,RB2-001711,29586.25,29610.0,overlapping_active_same_direction_rb_tapped
1,3829,2026-07-15 11:49:00-04:00,bearish,"(29592.75, 29609.0, 29587.75, 29596.75)",29596.75,29609.0,RB2-001716,29604.0,29611.25,overlapping_active_same_direction_rb_tapped
1,3832,2026-07-15 11:52:00-04:00,bearish,"(29576.75, 29583.5, 29569.5, 29574.5)",29576.75,29583.5,RB2-001719,29574.0,29584.25,overlapping_active_same_direction_rb_tapped
1,3834,2026-07-15 11:54:00-04:00,bullish,"(29588.0, 29592.0, 29568.0, 29583.0)",29568.0,29583.0,RB2-001720,29560.0,29574.25,overlapping_active_same_direction_rb_tapped
1,3836,2026-07-15 11:56:00-04:00,bullish,"(29581.75, 29585.0, 29565.75, 29578.25)",29565.75,29578.25,RB2-001720,29560.0,29574.25,overlapping_active_same_direction_rb_tapped
1,3837,2026-07-15 11:57:00-04:00,bullish,"(29578.75, 29580.5, 29566.75, 29569.5)",29566.75,29569.5,RB2-001720,29560.0,29574.25,overlapping_active_same_direction_rb_tapped
1,3841,2026-07-15 12:01:00-04:00,bullish,"(29581.5, 29581.5, 29542.5, 29549.75)",29542.5,29549.75,RB2-001702,29526.5,29554.0,overlapping_active_same_direction_rb_tapped
1,3844,2026-07-15 12:04:00-04:00,bullish,"(29521.5, 29533.5, 29517.0, 29532.75)",29517.0,29521.5,RB2-001723,29516.0,29521.0,overlapping_active_same_direction_rb_tapped
1,3852,2026-07-15 12:12:00-04:00,bullish,"(29496.5, 29509.5, 29485.0, 29509.5)",29485.0,29496.5,RB2-001726,29479.0,29486.0,overlapping_active_same_direction_rb_tapped
1,3856,2026-07-15 12:16:00-04:00,bearish,"(29479.75, 29485.25, 29467.25, 29469.25)",29479.75,29485.25,RB2-001730,29480.0,29488.25,overlapping_active_same_direction_rb_tapped
1,3862,2026-07-15 12:22:00-04:00,bearish,"(29461.5, 29475.0, 29454.75, 29465.75)",29465.75,29475.0,RB2-001734,29474.75,29483.0,overlapping_active_same_direction_rb_tapped
1,3863,2026-07-15 12:23:00-04:00,bearish,"(29466.0, 29478.5, 29457.25, 29465.25)",29466.0,29478.5,RB2-001734,29474.75,29483.0,overlapping_active_same_direction_rb_tapped
1,3867,2026-07-15 12:27:00-04:00,bullish,"(29452.25, 29457.5, 29432.25, 29440.0)",29432.25,29440.0,RB2-001736,29431.25,29441.75,overlapping_active_same_direction_rb_tapped
1,3868,2026-07-15 12:28:00-04:00,bearish,"(29440.5, 29453.0, 29435.0, 29445.75)",29445.75,29453.0,RB2-001737,29452.5,29465.25,overlapping_active_same_direction_rb_tapped
1,3869,2026-07-15 12:29:00-04:00,bearish,"(29446.75, 29467.75, 29446.75, 29462.0)",29462.0,29467.75,RB2-001737,29452.5,29465.25,overlapping_active_same_direction_rb_tapped
1,3870,2026-07-15 12:30:00-04:00,bearish,"(29462.0, 29483.25, 29460.0, 29477.5)",29477.5,29483.25,RB2-001734,29474.75,29483.0,overlapping_active_same_direction_rb_tapped
1,3872,2026-07-15 12:32:00-04:00,bullish,"(29459.25, 29462.5, 29451.0, 29457.25)",29451.0,29457.25,RB2-001738,29453.0,29459.25,overlapping_active_same_direction_rb_tapped
1,3873,2026-07-15 12:33:00-04:00,bullish,"(29457.0, 29458.75, 29440.75, 29450.0)",29440.75,29450.0,RB2-001736,29431.25,29441.75,overlapping_active_same_direction_rb_tapped
1,3874,2026-07-15 12:34:00-04:00,bullish,"(29449.5, 29455.5, 29426.0, 29434.0)",29426.0,29434.0,RB2-001736,29431.25,29441.75,overlapping_active_same_direction_rb_tapped
1,3878,2026-07-15 12:38:00-04:00,bearish,"(29413.0, 29428.75, 29409.75, 29422.25)",29422.25,29428.75,RB2-001740,29423.25,29427.0,overlapping_active_same_direction_rb_tapped
1,3881,2026-07-15 12:41:00-04:00,bearish,"(29407.0, 29436.25, 29397.0, 29422.0)",29422.0,29436.25,RB2-001742,29421.25,29431.0,overlapping_active_same_direction_rb_tapped
1,3885,2026-07-15 12:45:00-04:00,bearish,"(29445.75, 29450.25, 29435.0, 29438.75)",29445.75,29450.25,RB2-001746,29445.0,29448.75,overlapping_active_same_direction_rb_tapped
1,3886,2026-07-15 12:46:00-04:00,bearish,"(29438.75, 29540.25, 29433.75, 29495.0)",29495.0,29540.25,RB2-001733,29489.0,29496.75,overlapping_active_same_direction_rb_tapped
1,3889,2026-07-15 12:49:00-04:00,bearish,"(29466.75, 29485.75, 29466.5, 29477.75)",29477.75,29485.75,RB2-001747,29465.75,29479.5,overlapping_active_same_direction_rb_tapped
1,3891,2026-07-15 12:51:00-04:00,bearish,"(29500.0, 29511.25, 29490.5, 29492.5)",29500.0,29511.25,RB2-001748,29500.25,29505.25,overlapping_active_same_direction_rb_tapped
1,3894,2026-07-15 12:54:00-04:00,bullish,"(29512.25, 29514.0, 29488.25, 29495.75)",29488.25,29495.75,RB2-001749,29485.25,29493.75,overlapping_active_same_direction_rb_tapped
1,3897,2026-07-15 12:57:00-04:00,bullish,"(29470.75, 29493.75, 29460.75, 29493.0)",29460.75,29470.75,RB2-001752,29465.0,29471.5,overlapping_active_same_direction_rb_tapped
1,3898,2026-07-15 12:58:00-04:00,bearish,"(29492.5, 29507.75, 29490.25, 29501.75)",29501.75,29507.75,RB2-001751,29495.75,29504.0,overlapping_active_same_direction_rb_tapped
1,3902,2026-07-15 13:02:00-04:00,bearish,"(29527.75, 29538.0, 29526.25, 29528.0)",29528.0,29538.0,RB2-001754,29528.0,29537.25,overlapping_active_same_direction_rb_tapped
1,3908,2026-07-15 13:08:00-04:00,bearish,"(29551.5, 29561.75, 29548.75, 29550.0)",29551.5,29561.75,RB2-001758,29551.0,29553.25,overlapping_active_same_direction_rb_tapped
1,3910,2026-07-15 13:10:00-04:00,bullish,"(29551.25, 29556.75, 29541.0, 29556.75)",29541.0,29551.25,RB2-001759,29545.75,29549.75,overlapping_active_same_direction_rb_tapped
1,3919,2026-07-15 13:19:00-04:00,bearish,"(29576.0, 29586.0, 29576.0, 29580.75)",29580.75,29586.0,RB2-001722,29580.5,29599.5,overlapping_active_same_direction_rb_tapped
1,3920,2026-07-15 13:20:00-04:00,bearish,"(29580.5, 29594.0, 29579.5, 29580.25)",29580.5,29594.0,RB2-001722,29580.5,29599.5,overlapping_active_same_direction_rb_tapped
1,3921,2026-07-15 13:21:00-04:00,bearish,"(29578.5, 29584.75, 29567.25, 29573.25)",29578.5,29584.75,RB2-001722,29580.5,29599.5,overlapping_active_same_direction_rb_tapped
1,3923,2026-07-15 13:23:00-04:00,bearish,"(29587.25, 29596.75, 29582.25, 29582.5)",29587.25,29596.75,RB2-001722,29580.5,29599.5,overlapping_active_same_direction_rb_tapped
1,3924,2026-07-15 13:24:00-04:00,bearish,"(29583.0, 29592.75, 29581.25, 29587.5)",29587.5,29592.75,RB2-001722,29580.5,29599.5,overlapping_active_same_direction_rb_tapped
1,3925,2026-07-15 13:25:00-04:00,bearish,"(29588.25, 29593.75, 29587.0, 29589.75)",29589.75,29593.75,RB2-001722,29580.5,29599.5,overlapping_active_same_direction_rb_tapped
1,3926,2026-07-15 13:26:00-04:00,bearish,"(29590.75, 29595.25, 29588.0, 29589.0)",29590.75,29595.25,RB2-001722,29580.5,29599.5,overlapping_active_same_direction_rb_tapped
1,3932,2026-07-15 13:32:00-04:00,bearish,"(29609.5, 29617.75, 29608.75, 29615.5)",29615.5,29617.75,RB2-001765,29614.75,29623.25,overlapping_active_same_direction_rb_tapped
1,3934,2026-07-15 13:34:00-04:00,bullish,"(29621.0, 29626.75, 29612.25, 29620.0)",29612.25,29620.0,RB2-001767,29611.5,29616.75,overlapping_active_same_direction_rb_tapped
1,3935,2026-07-15 13:35:00-04:00,bullish,"(29620.0, 29621.0, 29608.0, 29614.75)",29608.0,29614.75,RB2-001766,29604.5,29611.0,overlapping_active_same_direction_rb_tapped
1,3937,2026-07-15 13:37:00-04:00,bearish,"(29620.75, 29633.25, 29619.0, 29626.25)",29626.25,29633.25,RB2-001768,29622.5,29627.0,overlapping_active_same_direction_rb_tapped
1,3940,2026-07-15 13:40:00-04:00,bearish,"(29631.25, 29636.0, 29623.5, 29626.5)",29631.25,29636.0,RB2-001770,29630.5,29632.5,overlapping_active_same_direction_rb_tapped
1,3943,2026-07-15 13:43:00-04:00,bearish,"(29622.0, 29637.5, 29620.0, 29633.25)",29633.25,29637.5,RB2-001771,29629.5,29636.25,overlapping_active_same_direction_rb_tapped
1,3945,2026-07-15 13:45:00-04:00,bullish,"(29633.25, 29636.0, 29625.25, 29635.0)",29625.25,29633.25,RB2-001772,29629.75,29633.0,overlapping_active_same_direction_rb_tapped
1,3949,2026-07-15 13:49:00-04:00,bullish,"(29668.75, 29681.0, 29663.0, 29676.5)",29663.0,29668.75,RB2-001775,29661.0,29666.5,overlapping_active_same_direction_rb_tapped
1,3956,2026-07-15 13:56:00-04:00,bullish,"(29695.75, 29696.5, 29684.25, 29690.0)",29684.25,29690.0,RB2-001779,29684.75,29691.0,overlapping_active_same_direction_rb_tapped
1,3957,2026-07-15 13:57:00-04:00,bullish,"(29689.5, 29703.75, 29685.0, 29699.5)",29685.0,29689.5,RB2-001779,29684.75,29691.0,overlapping_active_same_direction_rb_tapped
1,3959,2026-07-15 13:59:00-04:00,bullish,"(29698.75, 29700.25, 29679.0, 29686.5)",29679.0,29686.5,RB2-001779,29684.75,29691.0,overlapping_active_same_direction_rb_tapped
1,3963,2026-07-15 14:03:00-04:00,bullish,"(29709.25, 29711.5, 29703.75, 29708.75)",29703.75,29708.75,RB2-001783,29697.25,29709.0,overlapping_active_same_direction_rb_tapped
1,3964,2026-07-15 14:04:00-04:00,bearish,"(29709.75, 29715.0, 29696.5, 29701.5)",29709.75,29715.0,RB2-001681,29707.25,29714.0,overlapping_active_same_direction_rb_tapped
1,3965,2026-07-15 14:05:00-04:00,bearish,"(29700.5, 29717.0, 29697.5, 29712.5)",29712.5,29717.0,RB2-001681,29707.25,29714.0,overlapping_active_same_direction_rb_tapped
1,3966,2026-07-15 14:06:00-04:00,bearish,"(29712.75, 29725.0, 29712.5, 29722.75)",29722.75,29725.0,RB2-001680,29723.75,29736.75,overlapping_active_same_direction_rb_tapped
1,3968,2026-07-15 14:08:00-04:00,bullish,"(29717.5, 29719.25, 29712.75, 29717.0)",29712.75,29717.0,RB2-001784,29712.5,29717.0,overlapping_active_same_direction_rb_tapped
1,3969,2026-07-15 14:09:00-04:00,bullish,"(29716.75, 29721.25, 29712.75, 29718.5)",29712.75,29716.75,RB2-001784,29712.5,29717.0,overlapping_active_same_direction_rb_tapped
1,3970,2026-07-15 14:10:00-04:00,bullish,"(29719.0, 29726.25, 29716.75, 29724.5)",29716.75,29719.0,RB2-001784,29712.5,29717.0,overlapping_active_same_direction_rb_tapped
1,3972,2026-07-15 14:12:00-04:00,bullish,"(29727.5, 29728.5, 29717.0, 29722.75)",29717.0,29722.75,RB2-001784,29712.5,29717.0,overlapping_active_same_direction_rb_tapped
1,3973,2026-07-15 14:13:00-04:00,bearish,"(29722.0, 29730.0, 29718.0, 29725.25)",29725.25,29730.0,RB2-001680,29723.75,29736.75,overlapping_active_same_direction_rb_tapped
1,3974,2026-07-15 14:14:00-04:00,bearish,"(29725.0, 29727.0, 29714.75, 29716.25)",29725.0,29727.0,RB2-001680,29723.75,29736.75,overlapping_active_same_direction_rb_tapped
1,3975,2026-07-15 14:15:00-04:00,bullish,"(29716.25, 29717.0, 29701.75, 29704.25)",29701.75,29704.25,RB2-001783,29697.25,29709.0,overlapping_active_same_direction_rb_tapped
1,3978,2026-07-15 14:18:00-04:00,bullish,"(29700.5, 29701.25, 29684.75, 29696.75)",29684.75,29696.75,RB2-001782,29681.75,29686.75,overlapping_active_same_direction_rb_tapped
1,3981,2026-07-15 14:21:00-04:00,bearish,"(29715.0, 29735.75, 29712.5, 29730.5)",29730.5,29735.75,RB2-001680,29723.75,29736.75,overlapping_active_same_direction_rb_tapped
1,3984,2026-07-15 14:24:00-04:00,bearish,"(29738.5, 29742.0, 29734.75, 29736.0)",29738.5,29742.0,RB2-001790,29738.25,29742.75,overlapping_active_same_direction_rb_tapped
1,3985,2026-07-15 14:25:00-04:00,bullish,"(29736.0, 29737.75, 29727.0, 29732.0)",29727.0,29732.0,RB2-001789,29725.5,29728.75,overlapping_active_same_direction_rb_tapped
1,3986,2026-07-15 14:26:00-04:00,bullish,"(29732.5, 29735.0, 29728.0, 29733.75)",29728.0,29732.5,RB2-001789,29725.5,29728.75,overlapping_active_same_direction_rb_tapped
1,3988,2026-07-15 14:28:00-04:00,bullish,"(29735.5, 29737.5, 29730.0, 29732.75)",29730.0,29732.75,RB2-001791,29730.25,29733.25,overlapping_active_same_direction_rb_tapped
1,3991,2026-07-15 14:31:00-04:00,bearish,"(29720.25, 29728.25, 29719.0, 29726.5)",29726.5,29728.25,RB2-001793,29724.5,29730.5,overlapping_active_same_direction_rb_tapped
1,3997,2026-07-15 14:37:00-04:00,bullish,"(29703.0, 29707.5, 29695.75, 29706.5)",29695.75,29703.0,RB2-001798,29690.25,29702.75,overlapping_active_same_direction_rb_tapped
1,4000,2026-07-15 14:40:00-04:00,bullish,"(29688.75, 29695.25, 29683.5, 29693.25)",29683.5,29688.75,RB2-001782,29681.75,29686.75,overlapping_active_same_direction_rb_tapped
1,4001,2026-07-15 14:41:00-04:00,bearish,"(29693.25, 29700.0, 29692.0, 29695.0)",29695.0,29700.0,RB2-001799,29694.5,29699.75,overlapping_active_same_direction_rb_tapped
1,4002,2026-07-15 14:42:00-04:00,bearish,"(29695.0, 29703.25, 29675.5, 29676.75)",29695.0,29703.25,RB2-001799,29694.5,29699.75,overlapping_active_same_direction_rb_tapped
1,4003,2026-07-15 14:43:00-04:00,bullish,"(29677.75, 29682.5, 29669.25, 29675.5)",29669.25,29675.5,RB2-001777,29668.5,29674.25,overlapping_active_same_direction_rb_tapped
1,4004,2026-07-15 14:44:00-04:00,bullish,"(29675.25, 29678.75, 29658.0, 29662.75)",29658.0,29662.75,RB2-001775,29661.0,29666.5,overlapping_active_same_direction_rb_tapped
1,4007,2026-07-15 14:47:00-04:00,bearish,"(29641.5, 29659.0, 29641.5, 29651.25)",29651.25,29659.0,RB2-001801,29657.75,29665.75,overlapping_active_same_direction_rb_tapped
1,4009,2026-07-15 14:49:00-04:00,bearish,"(29652.75, 29659.75, 29641.5, 29641.75)",29652.75,29659.75,RB2-001801,29657.75,29665.75,overlapping_active_same_direction_rb_tapped
1,4011,2026-07-15 14:51:00-04:00,bullish,"(29646.0, 29648.25, 29604.0, 29617.25)",29604.0,29617.25,RB2-001766,29604.5,29611.0,overlapping_active_same_direction_rb_tapped
1,4013,2026-07-15 14:53:00-04:00,bullish,"(29617.75, 29620.75, 29604.25, 29613.0)",29604.25,29613.0,RB2-001766,29604.5,29611.0,overlapping_active_same_direction_rb_tapped
1,4015,2026-07-15 14:55:00-04:00,bearish,"(29625.25, 29636.0, 29620.75, 29627.5)",29627.5,29636.0,RB2-001805,29624.5,29629.5,overlapping_active_same_direction_rb_tapped
1,4016,2026-07-15 14:56:00-04:00,bullish,"(29627.5, 29628.25, 29608.25, 29614.5)",29608.25,29614.5,RB2-001766,29604.5,29611.0,overlapping_active_same_direction_rb_tapped
1,4018,2026-07-15 14:58:00-04:00,bearish,"(29624.5, 29636.0, 29595.0, 29602.75)",29624.5,29636.0,RB2-001806,29623.5,29625.5,overlapping_active_same_direction_rb_tapped
1,4021,2026-07-15 15:01:00-04:00,bullish,"(29610.25, 29624.5, 29605.25, 29624.25)",29605.25,29610.25,RB2-001808,29604.75,29610.75,overlapping_active_same_direction_rb_tapped
1,4024,2026-07-15 15:04:00-04:00,bearish,"(29646.0, 29661.75, 29643.25, 29656.25)",29656.25,29661.75,RB2-001801,29657.75,29665.75,overlapping_active_same_direction_rb_tapped
1,4026,2026-07-15 15:06:00-04:00,bearish,"(29654.5, 29668.75, 29650.25, 29661.5)",29661.5,29668.75,RB2-001801,29657.75,29665.75,overlapping_active_same_direction_rb_tapped
1,4027,2026-07-15 15:07:00-04:00,bullish,"(29662.5, 29667.5, 29644.0, 29650.75)",29644.0,29650.75,RB2-001810,29641.5,29654.25,overlapping_active_same_direction_rb_tapped
1,4028,2026-07-15 15:08:00-04:00,bullish,"(29651.25, 29654.0, 29632.0, 29642.0)",29632.0,29642.0,RB2-001810,29641.5,29654.25,overlapping_active_same_direction_rb_tapped
1,4030,2026-07-15 15:10:00-04:00,bullish,"(29637.25, 29652.25, 29630.75, 29650.0)",29630.75,29637.25,RB2-001811,29631.75,29637.5,overlapping_active_same_direction_rb_tapped
1,4033,2026-07-15 15:13:00-04:00,bullish,"(29647.5, 29653.25, 29635.5, 29643.75)",29635.5,29643.75,RB2-001811,29631.75,29637.5,overlapping_active_same_direction_rb_tapped
1,4034,2026-07-15 15:14:00-04:00,bearish,"(29644.0, 29650.0, 29639.25, 29643.0)",29644.0,29650.0,RB2-001812,29647.0,29655.25,overlapping_active_same_direction_rb_tapped
1,4035,2026-07-15 15:15:00-04:00,bullish,"(29644.0, 29649.0, 29630.5, 29640.5)",29630.5,29640.5,RB2-001811,29631.75,29637.5,overlapping_active_same_direction_rb_tapped
1,4037,2026-07-15 15:17:00-04:00,bullish,"(29636.75, 29640.5, 29627.25, 29633.5)",29627.25,29633.5,RB2-001813,29631.5,29637.25,overlapping_active_same_direction_rb_tapped
1,4040,2026-07-15 15:20:00-04:00,bullish,"(29616.75, 29618.25, 29591.75, 29605.25)",29591.75,29605.25,RB2-001807,29599.25,29602.5,overlapping_active_same_direction_rb_tapped
1,4042,2026-07-15 15:22:00-04:00,bullish,"(29604.0, 29605.0, 29591.25, 29598.75)",29591.25,29598.75,RB2-001816,29598.75,29604.5,overlapping_active_same_direction_rb_tapped
1,4045,2026-07-15 15:25:00-04:00,bullish,"(29602.75, 29604.25, 29589.0, 29598.75)",29589.0,29598.75,RB2-001817,29595.0,29598.75,overlapping_active_same_direction_rb_tapped
1,4047,2026-07-15 15:27:00-04:00,bearish,"(29614.5, 29636.75, 29614.5, 29626.75)",29626.75,29636.75,RB2-001815,29629.0,29634.5,overlapping_active_same_direction_rb_tapped
1,4055,2026-07-15 15:35:00-04:00,bullish,"(29623.25, 29637.5, 29608.5, 29633.0)",29608.5,29623.25,RB2-001825,29614.0,29622.25,overlapping_active_same_direction_rb_tapped
1,4063,2026-07-15 15:43:00-04:00,bearish,"(29682.5, 29695.5, 29682.5, 29685.5)",29685.5,29695.5,RB2-001831,29681.0,29687.25,overlapping_active_same_direction_rb_tapped
1,4065,2026-07-15 15:45:00-04:00,bearish,"(29684.25, 29687.75, 29673.75, 29673.75)",29684.25,29687.75,RB2-001833,29685.25,29690.25,overlapping_active_same_direction_rb_tapped
1,4067,2026-07-15 15:47:00-04:00,bullish,"(29666.0, 29668.75, 29655.75, 29659.75)",29655.75,29659.75,RB2-001834,29658.25,29665.5,overlapping_active_same_direction_rb_tapped
1,4070,2026-07-15 15:50:00-04:00,bearish,"(29653.75, 29691.25, 29653.75, 29667.75)",29667.75,29691.25,RB2-001833,29685.25,29690.25,overlapping_active_same_direction_rb_tapped
1,4074,2026-07-15 15:54:00-04:00,bullish,"(29677.75, 29682.5, 29657.75, 29680.75)",29657.75,29677.75,RB2-001837,29660.5,29668.0,overlapping_active_same_direction_rb_tapped
1,4077,2026-07-15 15:57:00-04:00,bullish,"(29702.0, 29703.5, 29694.0, 29700.75)",29694.0,29700.75,RB2-001840,29696.0,29702.25,overlapping_active_same_direction_rb_tapped
1,4079,2026-07-15 15:59:00-04:00,bullish,"(29696.5, 29706.75, 29686.0, 29701.0)",29686.0,29696.5,RB2-001841,29695.0,29696.75,overlapping_active_same_direction_rb_tapped
1,4082,2026-07-15 16:02:00-04:00,bearish,"(29721.75, 29734.5, 29718.25, 29728.25)",29728.25,29734.5,RB2-001795,29733.25,29735.0,overlapping_active_same_direction_rb_tapped
1,4084,2026-07-15 16:04:00-04:00,bullish,"(29736.0, 29736.5, 29720.5, 29724.75)",29720.5,29724.75,RB2-001844,29720.25,29727.75,overlapping_active_same_direction_rb_tapped
1,4085,2026-07-15 16:05:00-04:00,bullish,"(29724.5, 29729.75, 29718.5, 29729.0)",29718.5,29724.5,RB2-001844,29720.25,29727.75,overlapping_active_same_direction_rb_tapped
1,4091,2026-07-15 16:11:00-04:00,bearish,"(29699.0, 29702.25, 29696.75, 29698.0)",29699.0,29702.25,RB2-001849,29697.75,29703.75,overlapping_active_same_direction_rb_tapped
1,4092,2026-07-15 16:12:00-04:00,bearish,"(29698.0, 29703.0, 29697.25, 29698.0)",29698.0,29703.0,RB2-001849,29697.75,29703.75,overlapping_active_same_direction_rb_tapped
1,4093,2026-07-15 16:13:00-04:00,bearish,"(29698.5, 29701.75, 29691.0, 29694.0)",29698.5,29701.75,RB2-001849,29697.75,29703.75,overlapping_active_same_direction_rb_tapped
1,4095,2026-07-15 16:15:00-04:00,bearish,"(29702.5, 29704.25, 29696.0, 29697.25)",29702.5,29704.25,RB2-001849,29697.75,29703.75,overlapping_active_same_direction_rb_tapped
1,4096,2026-07-15 16:16:00-04:00,bearish,"(29697.5, 29706.0, 29697.0, 29702.0)",29702.0,29706.0,RB2-001849,29697.75,29703.75,overlapping_active_same_direction_rb_tapped
1,4105,2026-07-15 16:25:00-04:00,bearish,"(29718.5, 29720.5, 29715.75, 29716.75)",29718.5,29720.5,RB2-001846,29720.25,29724.0,overlapping_active_same_direction_rb_tapped
1,4107,2026-07-15 16:27:00-04:00,bullish,"(29717.75, 29718.5, 29714.75, 29715.75)",29714.75,29715.75,RB2-001857,29710.5,29716.5,overlapping_active_same_direction_rb_tapped
1,4109,2026-07-15 16:29:00-04:00,bearish,"(29713.75, 29720.25, 29713.0, 29718.75)",29718.75,29720.25,RB2-001846,29720.25,29724.0,overlapping_active_same_direction_rb_tapped
1,4110,2026-07-15 16:30:00-04:00,bullish,"(29718.5, 29719.25, 29715.5, 29716.5)",29715.5,29716.5,RB2-001857,29710.5,29716.5,overlapping_active_same_direction_rb_tapped
1,4113,2026-07-15 16:33:00-04:00,bearish,"(29712.0, 29713.25, 29708.25, 29709.25)",29712.0,29713.25,RB2-001861,29713.0,29714.75,overlapping_active_same_direction_rb_tapped
1,4114,2026-07-15 16:34:00-04:00,bullish,"(29709.75, 29713.0, 29700.0, 29706.75)",29700.0,29706.75,RB2-001853,29704.75,29706.0,overlapping_active_same_direction_rb_tapped
1,4116,2026-07-15 16:36:00-04:00,bearish,"(29711.0, 29713.5, 29710.0, 29710.25)",29711.0,29713.5,RB2-001861,29713.0,29714.75,overlapping_active_same_direction_rb_tapped
1,4119,2026-07-15 16:39:00-04:00,bearish,"(29715.5, 29716.5, 29713.0, 29713.5)",29715.5,29716.5,RB2-001860,29715.75,29716.75,overlapping_active_same_direction_rb_tapped
1,4120,2026-07-15 16:40:00-04:00,bullish,"(29714.5, 29715.25, 29711.5, 29714.0)",29711.5,29714.0,RB2-001863,29711.25,29712.75,overlapping_active_same_direction_rb_tapped
1,4123,2026-07-15 16:43:00-04:00,bearish,"(29715.0, 29716.5, 29714.5, 29715.25)",29715.25,29716.5,RB2-001860,29715.75,29716.75,overlapping_active_same_direction_rb_tapped
1,4124,2026-07-15 16:44:00-04:00,bearish,"(29715.25, 29717.0, 29715.0, 29716.25)",29716.25,29717.0,RB2-001860,29715.75,29716.75,overlapping_active_same_direction_rb_tapped
1,4127,2026-07-15 16:47:00-04:00,bullish,"(29720.0, 29720.0, 29717.0, 29719.0)",29717.0,29719.0,RB2-001867,29716.25,29717.75,overlapping_active_same_direction_rb_tapped
1,4128,2026-07-15 16:48:00-04:00,bearish,"(29719.25, 29720.5, 29716.75, 29717.0)",29719.25,29720.5,RB2-001846,29720.25,29724.0,overlapping_active_same_direction_rb_tapped
1,4130,2026-07-15 16:50:00-04:00,bullish,"(29719.25, 29720.5, 29715.75, 29717.5)",29715.75,29717.5,RB2-001867,29716.25,29717.75,overlapping_active_same_direction_rb_tapped
1,4135,2026-07-15 16:55:00-04:00,bullish,"(29713.25, 29714.25, 29708.5, 29713.0)",29708.5,29713.0,RB2-001862,29709.25,29710.5,overlapping_active_same_direction_rb_tapped
1,4138,2026-07-15 16:58:00-04:00,bullish,"(29714.5, 29715.75, 29712.0, 29714.75)",29712.0,29714.5,RB2-001869,29712.5,29713.75,overlapping_active_same_direction_rb_tapped
1,4142,2026-07-15 18:02:00-04:00,bearish,"(29730.75, 29740.25, 29729.25, 29732.0)",29732.0,29740.25,RB2-001790,29738.25,29742.75,overlapping_active_same_direction_rb_tapped
1,4143,2026-07-15 18:03:00-04:00,bearish,"(29734.0, 29741.75, 29734.0, 29736.25)",29736.25,29741.75,RB2-001790,29738.25,29742.75,overlapping_active_same_direction_rb_tapped
1,4144,2026-07-15 18:04:00-04:00,bearish,"(29735.25, 29738.25, 29731.75, 29734.25)",29735.25,29738.25,RB2-001790,29738.25,29742.75,overlapping_active_same_direction_rb_tapped
1,4145,2026-07-15 18:05:00-04:00,bearish,"(29735.5, 29744.5, 29735.25, 29740.5)",29740.5,29744.5,RB2-001790,29738.25,29742.75,overlapping_active_same_direction_rb_tapped
1,4149,2026-07-15 18:09:00-04:00,bearish,"(29736.25, 29741.25, 29735.0, 29737.25)",29737.25,29741.25,RB2-001875,29740.75,29742.0,overlapping_active_same_direction_rb_tapped
1,4150,2026-07-15 18:10:00-04:00,bullish,"(29738.0, 29739.75, 29732.0, 29738.25)",29732.0,29738.0,RB2-001874,29735.0,29738.75,overlapping_active_same_direction_rb_tapped
1,4153,2026-07-15 18:13:00-04:00,bullish,"(29733.5, 29738.5, 29730.0, 29735.75)",29730.0,29733.5,RB2-001877,29732.25,29733.5,overlapping_active_same_direction_rb_tapped
1,4157,2026-07-15 18:17:00-04:00,bullish,"(29726.0, 29730.0, 29720.25, 29727.0)",29720.25,29726.0,RB2-001880,29721.75,29723.75,overlapping_active_same_direction_rb_tapped
1,4160,2026-07-15 18:20:00-04:00,bearish,"(29720.5, 29725.0, 29719.5, 29723.0)",29723.0,29725.0,RB2-001882,29724.25,29726.0,overlapping_active_same_direction_rb_tapped
1,4163,2026-07-15 18:23:00-04:00,bullish,"(29720.0, 29721.75, 29709.75, 29719.0)",29709.75,29719.0,RB2-001872,29709.5,29715.75,overlapping_active_same_direction_rb_tapped
1,4164,2026-07-15 18:24:00-04:00,bullish,"(29718.0, 29718.0, 29712.75, 29715.25)",29712.75,29715.25,RB2-001872,29709.5,29715.75,overlapping_active_same_direction_rb_tapped
1,4165,2026-07-15 18:25:00-04:00,bullish,"(29716.25, 29716.25, 29712.5, 29715.25)",29712.5,29715.25,RB2-001872,29709.5,29715.75,overlapping_active_same_direction_rb_tapped
1,4166,2026-07-15 18:26:00-04:00,bullish,"(29717.0, 29719.5, 29714.5, 29718.75)",29714.5,29717.0,RB2-001872,29709.5,29715.75,overlapping_active_same_direction_rb_tapped
1,4169,2026-07-15 18:29:00-04:00,bullish,"(29717.0, 29717.25, 29713.5, 29716.25)",29713.5,29716.25,RB2-001872,29709.5,29715.75,overlapping_active_same_direction_rb_tapped
1,4170,2026-07-15 18:30:00-04:00,bearish,"(29716.5, 29724.0, 29714.0, 29715.25)",29716.5,29724.0,RB2-001885,29718.5,29721.0,overlapping_active_same_direction_rb_tapped
1,4171,2026-07-15 18:31:00-04:00,bullish,"(29717.0, 29717.0, 29708.5, 29711.75)",29708.5,29711.75,RB2-001871,29700.0,29709.0,overlapping_active_same_direction_rb_tapped
1,4172,2026-07-15 18:32:00-04:00,bullish,"(29710.75, 29716.0, 29709.0, 29715.5)",29709.0,29710.75,RB2-001871,29700.0,29709.0,overlapping_active_same_direction_rb_tapped
1,4176,2026-07-15 18:36:00-04:00,bullish,"(29704.5, 29704.5, 29688.0, 29694.0)",29688.0,29694.0,RB2-001848,29664.0,29689.75,overlapping_active_same_direction_rb_tapped
1,4178,2026-07-15 18:38:00-04:00,bullish,"(29693.75, 29694.75, 29688.5, 29691.0)",29688.5,29691.0,RB2-001848,29664.0,29689.75,overlapping_active_same_direction_rb_tapped
1,4179,2026-07-15 18:39:00-04:00,bullish,"(29692.25, 29692.25, 29689.5, 29691.0)",29689.5,29691.0,RB2-001848,29664.0,29689.75,overlapping_active_same_direction_rb_tapped
1,4180,2026-07-15 18:40:00-04:00,bullish,"(29691.5, 29691.75, 29688.75, 29691.5)",29688.75,29691.5,RB2-001848,29664.0,29689.75,overlapping_active_same_direction_rb_tapped
1,4181,2026-07-15 18:41:00-04:00,bullish,"(29691.75, 29693.0, 29689.5, 29691.25)",29689.5,29691.25,RB2-001848,29664.0,29689.75,overlapping_active_same_direction_rb_tapped
1,4182,2026-07-15 18:42:00-04:00,bullish,"(29690.25, 29690.75, 29686.0, 29689.0)",29686.0,29689.0,RB2-001848,29664.0,29689.75,overlapping_active_same_direction_rb_tapped
1,4191,2026-07-15 18:51:00-04:00,bullish,"(29687.5, 29688.5, 29684.0, 29686.5)",29684.0,29686.5,RB2-001848,29664.0,29689.75,overlapping_active_same_direction_rb_tapped
1,4192,2026-07-15 18:52:00-04:00,bullish,"(29685.0, 29686.0, 29679.25, 29684.0)",29679.25,29684.0,RB2-001848,29664.0,29689.75,overlapping_active_same_direction_rb_tapped
1,4193,2026-07-15 18:53:00-04:00,bullish,"(29686.25, 29687.25, 29681.0, 29685.0)",29681.0,29685.0,RB2-001848,29664.0,29689.75,overlapping_active_same_direction_rb_tapped
1,4194,2026-07-15 18:54:00-04:00,bearish,"(29685.0, 29716.75, 29682.5, 29689.25)",29689.25,29716.75,RB2-001887,29715.5,29717.0,overlapping_active_same_direction_rb_tapped
1,4195,2026-07-15 18:55:00-04:00,bullish,"(29692.5, 29693.25, 29677.0, 29686.5)",29677.0,29686.5,RB2-001848,29664.0,29689.75,overlapping_active_same_direction_rb_tapped
1,4200,2026-07-15 19:00:00-04:00,bearish,"(29716.0, 29730.0, 29711.25, 29719.25)",29719.25,29730.0,RB2-001879,29727.75,29729.75,overlapping_active_same_direction_rb_tapped
1,4201,2026-07-15 19:01:00-04:00,bullish,"(29718.25, 29725.0, 29716.5, 29725.0)",29716.5,29718.25,RB2-001893,29709.75,29718.75,overlapping_active_same_direction_rb_tapped
1,4204,2026-07-15 19:04:00-04:00,bullish,"(29727.25, 29728.75, 29722.75, 29724.75)",29722.75,29724.75,RB2-001895,29724.0,29727.5,overlapping_active_same_direction_rb_tapped
1,4206,2026-07-15 19:06:00-04:00,bullish,"(29713.75, 29716.25, 29710.75, 29716.25)",29710.75,29713.75,RB2-001893,29709.75,29718.75,overlapping_active_same_direction_rb_tapped
1,4207,2026-07-15 19:07:00-04:00,bullish,"(29715.25, 29715.75, 29710.75, 29715.0)",29710.75,29715.0,RB2-001893,29709.75,29718.75,overlapping_active_same_direction_rb_tapped
1,4208,2026-07-15 19:08:00-04:00,bullish,"(29715.25, 29716.25, 29711.25, 29714.0)",29711.25,29714.0,RB2-001893,29709.75,29718.75,overlapping_active_same_direction_rb_tapped
1,4209,2026-07-15 19:09:00-04:00,bullish,"(29715.75, 29721.25, 29714.0, 29721.25)",29714.0,29715.75,RB2-001893,29709.75,29718.75,overlapping_active_same_direction_rb_tapped
1,4215,2026-07-15 19:15:00-04:00,bullish,"(29719.25, 29719.25, 29710.0, 29713.25)",29710.0,29713.25,RB2-001893,29709.75,29718.75,overlapping_active_same_direction_rb_tapped
1,4220,2026-07-15 19:20:00-04:00,bullish,"(29704.0, 29705.0, 29700.5, 29705.0)",29700.5,29704.0,RB2-001899,29697.5,29704.75,overlapping_active_same_direction_rb_tapped
1,4221,2026-07-15 19:21:00-04:00,bearish,"(29705.0, 29717.75, 29705.0, 29712.75)",29712.75,29717.75,RB2-001898,29713.25,29715.75,overlapping_active_same_direction_rb_tapped
1,4223,2026-07-15 19:23:00-04:00,bullish,"(29711.5, 29711.5, 29706.75, 29707.75)",29706.75,29707.75,RB2-001901,29707.0,29711.5,overlapping_active_same_direction_rb_tapped
1,4224,2026-07-15 19:24:00-04:00,bullish,"(29709.0, 29709.0, 29698.0, 29706.25)",29698.0,29706.25,RB2-001899,29697.5,29704.75,overlapping_active_same_direction_rb_tapped
1,4226,2026-07-15 19:26:00-04:00,bullish,"(29702.0, 29719.0, 29695.5, 29717.25)",29695.5,29702.0,RB2-001899,29697.5,29704.75,overlapping_active_same_direction_rb_tapped
1,4230,2026-07-15 19:30:00-04:00,bearish,"(29717.25, 29723.0, 29717.25, 29719.0)",29719.0,29723.0,RB2-001902,29722.75,29725.0,overlapping_active_same_direction_rb_tapped
1,4235,2026-07-15 19:35:00-04:00,bullish,"(29729.25, 29730.0, 29728.5, 29729.75)",29728.5,29729.25,RB2-001907,29726.75,29730.5,overlapping_active_same_direction_rb_tapped
1,4242,2026-07-15 19:42:00-04:00,bullish,"(29703.5, 29704.75, 29701.25, 29704.75)",29701.25,29703.5,RB2-001909,29700.25,29701.75,overlapping_active_same_direction_rb_tapped
1,4245,2026-07-15 19:45:00-04:00,bearish,"(29720.5, 29727.25, 29715.75, 29721.0)",29721.0,29727.25,RB2-001908,29726.0,29728.5,overlapping_active_same_direction_rb_tapped
1,4249,2026-07-15 19:49:00-04:00,bullish,"(29705.0, 29705.0, 29688.5, 29694.25)",29688.5,29694.25,RB2-001848,29664.0,29689.75,overlapping_active_same_direction_rb_tapped
1,4250,2026-07-15 19:50:00-04:00,bullish,"(29694.0, 29698.25, 29686.25, 29696.0)",29686.25,29694.0,RB2-001848,29664.0,29689.75,overlapping_active_same_direction_rb_tapped
1,4252,2026-07-15 19:52:00-04:00,bearish,"(29693.25, 29698.25, 29688.75, 29690.75)",29693.25,29698.25,RB2-001914,29697.25,29705.75,overlapping_active_same_direction_rb_tapped
1,4254,2026-07-15 19:54:00-04:00,bullish,"(29690.25, 29693.5, 29688.75, 29693.5)",29688.75,29690.25,RB2-001848,29664.0,29689.75,overlapping_active_same_direction_rb_tapped
1,4255,2026-07-15 19:55:00-04:00,bearish,"(29691.75, 29705.25, 29688.5, 29699.25)",29699.25,29705.25,RB2-001914,29697.25,29705.75,overlapping_active_same_direction_rb_tapped
1,4259,2026-07-15 19:59:00-04:00,bearish,"(29685.5, 29695.0, 29682.0, 29690.0)",29690.0,29695.0,RB2-001916,29690.75,29694.75,overlapping_active_same_direction_rb_tapped
1,4260,2026-07-15 20:00:00-04:00,bullish,"(29690.0, 29702.0, 29682.25, 29697.25)",29682.25,29690.0,RB2-001848,29664.0,29689.75,overlapping_active_same_direction_rb_tapped
1,4262,2026-07-15 20:02:00-04:00,bearish,"(29718.0, 29746.0, 29716.25, 29737.5)",29737.5,29746.0,RB2-001875,29740.75,29742.0,overlapping_active_same_direction_rb_tapped
1,4266,2026-07-15 20:06:00-04:00,bullish,"(29732.25, 29734.0, 29720.25, 29728.75)",29720.25,29728.75,RB2-001918,29723.0,29729.75,overlapping_active_same_direction_rb_tapped
1,4268,2026-07-15 20:08:00-04:00,bearish,"(29722.5, 29737.5, 29722.0, 29728.5)",29728.5,29737.5,RB2-001917,29737.5,29746.5,overlapping_active_same_direction_rb_tapped
1,4269,2026-07-15 20:09:00-04:00,bearish,"(29725.5, 29743.5, 29725.25, 29731.5)",29731.5,29743.5,RB2-001917,29737.5,29746.5,overlapping_active_same_direction_rb_tapped
1,4270,2026-07-15 20:10:00-04:00,bearish,"(29732.5, 29740.25, 29727.5, 29728.75)",29732.5,29740.25,RB2-001917,29737.5,29746.5,overlapping_active_same_direction_rb_tapped
1,4273,2026-07-15 20:13:00-04:00,bearish,"(29732.25, 29752.25, 29730.75, 29744.5)",29744.5,29752.25,RB2-001873,29747.0,29749.0,overlapping_active_same_direction_rb_tapped
1,4275,2026-07-15 20:15:00-04:00,bearish,"(29753.0, 29763.25, 29736.0, 29736.0)",29753.0,29763.25,RB2-001923,29755.25,29758.0,overlapping_active_same_direction_rb_tapped
1,4280,2026-07-15 20:20:00-04:00,bullish,"(29696.75, 29702.0, 29683.75, 29701.0)",29683.75,29696.75,RB2-001848,29664.0,29689.75,overlapping_active_same_direction_rb_tapped
1,4282,2026-07-15 20:22:00-04:00,bullish,"(29702.0, 29704.0, 29690.5, 29702.5)",29690.5,29702.0,RB2-001928,29693.5,29700.25,overlapping_active_same_direction_rb_tapped
1,4284,2026-07-15 20:24:00-04:00,bullish,"(29693.5, 29699.25, 29685.5, 29693.0)",29685.5,29693.0,RB2-001848,29664.0,29689.75,overlapping_active_same_direction_rb_tapped
1,4286,2026-07-15 20:26:00-04:00,bullish,"(29697.0, 29697.0, 29669.0, 29677.5)",29669.0,29677.5,RB2-001848,29664.0,29689.75,overlapping_active_same_direction_rb_tapped
1,4287,2026-07-15 20:27:00-04:00,bullish,"(29676.75, 29678.75, 29662.5, 29666.0)",29662.5,29666.0,RB2-001848,29664.0,29689.75,overlapping_active_same_direction_rb_tapped
1,4289,2026-07-15 20:29:00-04:00,bullish,"(29680.0, 29680.25, 29666.25, 29669.5)",29666.25,29669.5,RB2-001848,29664.0,29689.75,overlapping_active_same_direction_rb_tapped
1,4290,2026-07-15 20:30:00-04:00,bullish,"(29670.0, 29677.5, 29657.0, 29675.75)",29657.0,29670.0,RB2-001848,29664.0,29689.75,overlapping_active_same_direction_rb_tapped
1,4301,2026-07-15 20:41:00-04:00,bullish,"(29645.25, 29650.0, 29639.25, 29645.25)",29639.25,29645.25,RB2-001827,29635.25,29640.5,overlapping_active_same_direction_rb_tapped
1,4303,2026-07-15 20:43:00-04:00,bullish,"(29633.0, 29641.0, 29627.5, 29637.25)",29627.5,29633.0,RB2-001826,29626.75,29632.25,overlapping_active_same_direction_rb_tapped
1,4306,2026-07-15 20:46:00-04:00,bearish,"(29624.75, 29633.0, 29624.25, 29630.25)",29630.25,29633.0,RB2-001940,29626.0,29633.25,overlapping_active_same_direction_rb_tapped
1,4307,2026-07-15 20:47:00-04:00,bearish,"(29629.5, 29648.25, 29629.5, 29633.5)",29633.5,29648.25,RB2-001939,29636.25,29638.5,overlapping_active_same_direction_rb_tapped
1,4312,2026-07-15 20:52:00-04:00,bearish,"(29646.75, 29679.25, 29646.75, 29668.5)",29668.5,29679.25,RB2-001935,29665.5,29670.25,overlapping_active_same_direction_rb_tapped
1,4316,2026-07-15 20:56:00-04:00,bullish,"(29648.5, 29654.75, 29636.0, 29654.75)",29636.0,29648.5,RB2-001945,29642.25,29649.25,overlapping_active_same_direction_rb_tapped
1,4318,2026-07-15 20:58:00-04:00,bullish,"(29652.75, 29658.25, 29644.0, 29649.75)",29644.0,29649.75,RB2-001946,29645.75,29654.5,overlapping_active_same_direction_rb_tapped
1,4319,2026-07-15 20:59:00-04:00,bullish,"(29649.25, 29651.25, 29642.25, 29651.25)",29642.25,29649.25,RB2-001946,29645.75,29654.5,overlapping_active_same_direction_rb_tapped
1,4320,2026-07-15 21:00:00-04:00,bearish,"(29653.75, 29665.75, 29647.25, 29655.25)",29655.25,29665.75,RB2-001944,29664.0,29668.5,overlapping_active_same_direction_rb_tapped
1,4321,2026-07-15 21:01:00-04:00,bullish,"(29653.0, 29657.0, 29632.25, 29639.5)",29632.25,29639.5,RB2-001941,29626.75,29635.25,overlapping_active_same_direction_rb_tapped
1,4325,2026-07-15 21:05:00-04:00,bearish,"(29659.0, 29668.0, 29651.0, 29651.0)",29659.0,29668.0,RB2-001944,29664.0,29668.5,overlapping_active_same_direction_rb_tapped
1,4328,2026-07-15 21:08:00-04:00,bearish,"(29647.75, 29665.25, 29647.0, 29659.25)",29659.25,29665.25,RB2-001944,29664.0,29668.5,overlapping_active_same_direction_rb_tapped
1,4332,2026-07-15 21:12:00-04:00,bullish,"(29635.0, 29635.0, 29624.25, 29627.5)",29624.25,29627.5,RB2-001941,29626.75,29635.25,overlapping_active_same_direction_rb_tapped
1,4335,2026-07-15 21:15:00-04:00,bullish,"(29625.5, 29629.0, 29617.25, 29623.0)",29617.25,29623.0,RB2-001951,29615.5,29623.75,overlapping_active_same_direction_rb_tapped
1,4336,2026-07-15 21:16:00-04:00,bullish,"(29622.25, 29623.25, 29611.0, 29617.5)",29611.0,29617.5,RB2-001951,29615.5,29623.75,overlapping_active_same_direction_rb_tapped
1,4340,2026-07-15 21:20:00-04:00,bearish,"(29603.0, 29613.75, 29601.5, 29610.25)",29610.25,29613.75,RB2-001954,29609.75,29611.5,overlapping_active_same_direction_rb_tapped
1,4341,2026-07-15 21:21:00-04:00,bearish,"(29613.0, 29629.0, 29603.25, 29610.75)",29613.0,29629.0,RB2-001952,29626.0,29631.5,overlapping_active_same_direction_rb_tapped
1,4343,2026-07-15 21:23:00-04:00,bearish,"(29608.0, 29612.25, 29607.75, 29610.5)",29610.5,29612.25,RB2-001955,29608.5,29613.5,overlapping_active_same_direction_rb_tapped
1,4346,2026-07-15 21:26:00-04:00,bearish,"(29610.25, 29622.75, 29606.0, 29616.25)",29616.25,29622.75,RB2-001957,29611.5,29618.75,overlapping_active_same_direction_rb_tapped
1,4348,2026-07-15 21:28:00-04:00,bearish,"(29606.75, 29621.0, 29605.0, 29616.0)",29616.0,29621.0,RB2-001958,29614.0,29616.75,overlapping_active_same_direction_rb_tapped
1,4350,2026-07-15 21:30:00-04:00,bullish,"(29604.5, 29611.75, 29598.5, 29608.0)",29598.5,29604.5,RB2-001959,29603.0,29605.25,overlapping_active_same_direction_rb_tapped
1,4352,2026-07-15 21:32:00-04:00,bearish,"(29609.75, 29616.0, 29605.25, 29606.75)",29609.75,29616.0,RB2-001960,29609.0,29618.0,overlapping_active_same_direction_rb_tapped
1,4353,2026-07-15 21:33:00-04:00,bullish,"(29605.0, 29606.25, 29595.75, 29598.0)",29595.75,29598.0,RB2-001819,29592.75,29597.5,overlapping_active_same_direction_rb_tapped
1,4354,2026-07-15 21:34:00-04:00,bullish,"(29596.75, 29609.0, 29593.5, 29609.0)",29593.5,29596.75,RB2-001819,29592.75,29597.5,overlapping_active_same_direction_rb_tapped
1,4356,2026-07-15 21:36:00-04:00,bearish,"(29619.25, 29634.0, 29617.0, 29628.75)",29628.75,29634.0,RB2-001952,29626.0,29631.5,overlapping_active_same_direction_rb_tapped
1,4360,2026-07-15 21:40:00-04:00,bearish,"(29635.25, 29645.25, 29635.0, 29639.25)",29639.25,29645.25,RB2-001964,29635.25,29641.75,overlapping_active_same_direction_rb_tapped
1,4363,2026-07-15 21:43:00-04:00,bullish,"(29621.0, 29623.5, 29617.0, 29620.25)",29617.0,29620.25,RB2-001962,29616.75,29627.25,overlapping_active_same_direction_rb_tapped
1,4370,2026-07-15 21:50:00-04:00,bearish,"(29676.25, 29683.0, 29670.5, 29676.75)",29676.75,29683.0,RB2-001970,29675.0,29680.0,overlapping_active_same_direction_rb_tapped
1,4374,2026-07-15 21:54:00-04:00,bearish,"(29658.5, 29680.0, 29657.25, 29671.25)",29671.25,29680.0,RB2-001971,29677.75,29681.5,overlapping_active_same_direction_rb_tapped
1,4379,2026-07-15 21:59:00-04:00,bullish,"(29646.0, 29653.75, 29641.75, 29651.0)",29641.75,29646.0,RB2-001973,29645.0,29647.0,overlapping_active_same_direction_rb_tapped
1,4384,2026-07-15 22:04:00-04:00,bearish,"(29624.5, 29630.75, 29622.0, 29625.5)",29625.5,29630.75,RB2-001977,29629.0,29633.25,overlapping_active_same_direction_rb_tapped
1,4385,2026-07-15 22:05:00-04:00,bullish,"(29625.5, 29631.25, 29622.0, 29628.0)",29622.0,29625.5,RB2-001967,29619.75,29624.75,overlapping_active_same_direction_rb_tapped
1,4386,2026-07-15 22:06:00-04:00,bullish,"(29626.5, 29632.5, 29622.75, 29629.0)",29622.75,29626.5,RB2-001967,29619.75,29624.75,overlapping_active_same_direction_rb_tapped
1,4387,2026-07-15 22:07:00-04:00,bearish,"(29629.25, 29634.0, 29627.5, 29629.0)",29629.25,29634.0,RB2-001977,29629.0,29633.25,overlapping_active_same_direction_rb_tapped
1,4391,2026-07-15 22:11:00-04:00,bearish,"(29628.0, 29639.0, 29627.0, 29636.0)",29636.0,29639.0,RB2-001978,29634.5,29639.0,overlapping_active_same_direction_rb_tapped
1,4392,2026-07-15 22:12:00-04:00,bearish,"(29634.25, 29642.75, 29631.0, 29631.0)",29634.25,29642.75,RB2-001978,29634.5,29639.0,overlapping_active_same_direction_rb_tapped
1,4395,2026-07-15 22:15:00-04:00,bearish,"(29640.25, 29650.0, 29638.25, 29647.0)",29647.0,29650.0,RB2-001975,29643.0,29647.5,overlapping_active_same_direction_rb_tapped
1,4397,2026-07-15 22:17:00-04:00,bullish,"(29637.75, 29653.25, 29634.0, 29653.25)",29634.0,29637.75,RB2-001981,29635.25,29639.75,overlapping_active_same_direction_rb_tapped
1,4401,2026-07-15 22:21:00-04:00,bullish,"(29665.5, 29671.0, 29661.75, 29669.0)",29661.75,29665.5,RB2-001983,29659.0,29667.25,overlapping_active_same_direction_rb_tapped
1,4402,2026-07-15 22:22:00-04:00,bullish,"(29670.5, 29678.25, 29667.25, 29677.75)",29667.25,29670.5,RB2-001983,29659.0,29667.25,overlapping_active_same_direction_rb_tapped
1,4405,2026-07-15 22:25:00-04:00,bullish,"(29693.25, 29698.75, 29688.0, 29694.25)",29688.0,29693.25,RB2-001984,29685.5,29688.75,overlapping_active_same_direction_rb_tapped
1,4407,2026-07-15 22:27:00-04:00,bearish,"(29698.75, 29706.0, 29685.5, 29689.25)",29698.75,29706.0,RB2-001927,29705.75,29708.0,overlapping_active_same_direction_rb_tapped
1,4408,2026-07-15 22:28:00-04:00,bullish,"(29690.75, 29692.0, 29683.25, 29687.25)",29683.25,29687.25,RB2-001984,29685.5,29688.75,overlapping_active_same_direction_rb_tapped
1,4415,2026-07-15 22:35:00-04:00,bearish,"(29699.0, 29707.0, 29698.5, 29700.75)",29700.75,29707.0,RB2-001927,29705.75,29708.0,overlapping_active_same_direction_rb_tapped
1,4416,2026-07-15 22:36:00-04:00,bearish,"(29700.75, 29707.0, 29699.75, 29703.75)",29703.75,29707.0,RB2-001927,29705.75,29708.0,overlapping_active_same_direction_rb_tapped
1,4417,2026-07-15 22:37:00-04:00,bearish,"(29703.0, 29707.0, 29695.25, 29695.5)",29703.0,29707.0,RB2-001927,29705.75,29708.0,overlapping_active_same_direction_rb_tapped
1,4420,2026-07-15 22:40:00-04:00,bullish,"(29698.0, 29699.75, 29693.5, 29699.75)",29693.5,29698.0,RB2-001991,29687.25,29694.0,overlapping_active_same_direction_rb_tapped
1,4421,2026-07-15 22:41:00-04:00,bullish,"(29699.0, 29700.0, 29687.25, 29689.25)",29687.25,29689.25,RB2-001991,29687.25,29694.0,overlapping_active_same_direction_rb_tapped
1,4426,2026-07-15 22:46:00-04:00,bearish,"(29686.5, 29692.5, 29685.75, 29690.75)",29690.75,29692.5,RB2-001993,29685.0,29694.25,overlapping_active_same_direction_rb_tapped
1,4429,2026-07-15 22:49:00-04:00,bearish,"(29696.25, 29717.75, 29695.75, 29701.75)",29701.75,29717.75,RB2-001925,29715.5,29722.25,overlapping_active_same_direction_rb_tapped
1,4432,2026-07-15 22:52:00-04:00,bullish,"(29705.0, 29708.0, 29701.5, 29708.0)",29701.5,29705.0,RB2-001998,29700.0,29703.0,overlapping_active_same_direction_rb_tapped
1,4433,2026-07-15 22:53:00-04:00,bearish,"(29707.75, 29720.0, 29707.0, 29717.75)",29717.75,29720.0,RB2-001925,29715.5,29722.25,overlapping_active_same_direction_rb_tapped
1,4434,2026-07-15 22:54:00-04:00,bearish,"(29719.5, 29723.0, 29718.5, 29720.0)",29720.0,29723.0,RB2-001925,29715.5,29722.25,overlapping_active_same_direction_rb_tapped
1,4442,2026-07-15 23:02:00-04:00,bearish,"(29726.5, 29731.0, 29725.0, 29729.25)",29729.25,29731.0,RB2-002003,29726.0,29730.0,overlapping_active_same_direction_rb_tapped
1,4447,2026-07-15 23:07:00-04:00,bullish,"(29740.25, 29741.25, 29737.25, 29739.5)",29737.25,29739.5,RB2-002006,29736.5,29741.25,overlapping_active_same_direction_rb_tapped
1,4450,2026-07-15 23:10:00-04:00,bullish,"(29749.5, 29750.0, 29742.75, 29746.25)",29742.75,29746.25,RB2-002007,29745.5,29747.5,overlapping_active_same_direction_rb_tapped
1,4451,2026-07-15 23:11:00-04:00,bullish,"(29745.25, 29751.75, 29741.25, 29749.0)",29741.25,29745.25,RB2-002006,29736.5,29741.25,overlapping_active_same_direction_rb_tapped
1,4454,2026-07-15 23:14:00-04:00,bullish,"(29748.25, 29751.75, 29743.25, 29748.75)",29743.25,29748.25,RB2-002008,29744.5,29745.5,overlapping_active_same_direction_rb_tapped
1,4458,2026-07-15 23:18:00-04:00,bullish,"(29730.5, 29731.25, 29724.5, 29731.25)",29724.5,29730.5,RB2-002002,29721.25,29726.25,overlapping_active_same_direction_rb_tapped
1,4459,2026-07-15 23:19:00-04:00,bullish,"(29729.0, 29729.75, 29718.5, 29721.25)",29718.5,29721.25,RB2-001999,29718.0,29720.25,overlapping_active_same_direction_rb_tapped
1,4461,2026-07-15 23:21:00-04:00,bullish,"(29720.25, 29725.0, 29716.75, 29723.5)",29716.75,29720.25,RB2-001999,29718.0,29720.25,overlapping_active_same_direction_rb_tapped
1,4463,2026-07-15 23:23:00-04:00,bullish,"(29728.0, 29729.5, 29721.5, 29724.25)",29721.5,29724.25,RB2-002012,29721.25,29723.25,overlapping_active_same_direction_rb_tapped
1,4465,2026-07-15 23:25:00-04:00,bullish,"(29717.5, 29718.75, 29715.25, 29716.75)",29715.25,29716.75,RB2-002013,29711.75,29715.5,overlapping_active_same_direction_rb_tapped
1,4468,2026-07-15 23:28:00-04:00,bullish,"(29714.0, 29719.5, 29710.5, 29719.5)",29710.5,29714.0,RB2-002013,29711.75,29715.5,overlapping_active_same_direction_rb_tapped
1,4472,2026-07-15 23:32:00-04:00,bearish,"(29739.25, 29742.5, 29731.0, 29733.5)",29739.25,29742.5,RB2-002016,29739.25,29745.25,overlapping_active_same_direction_rb_tapped
1,4475,2026-07-15 23:35:00-04:00,bullish,"(29740.0, 29747.0, 29736.25, 29743.75)",29736.25,29740.0,RB2-002018,29738.0,29740.25,overlapping_active_same_direction_rb_tapped
1,4478,2026-07-15 23:38:00-04:00,bearish,"(29730.25, 29731.0, 29728.0, 29728.0)",29730.25,29731.0,RB2-002020,29729.75,29734.0,overlapping_active_same_direction_rb_tapped
1,4479,2026-07-15 23:39:00-04:00,bearish,"(29726.5, 29729.75, 29720.0, 29721.0)",29726.5,29729.75,RB2-002020,29729.75,29734.0,overlapping_active_same_direction_rb_tapped
1,4480,2026-07-15 23:40:00-04:00,bearish,"(29720.5, 29734.75, 29720.5, 29728.25)",29728.25,29734.75,RB2-002020,29729.75,29734.0,overlapping_active_same_direction_rb_tapped
1,4482,2026-07-15 23:42:00-04:00,bullish,"(29726.75, 29726.75, 29721.25, 29724.75)",29721.25,29724.75,RB2-002021,29722.0,29728.75,overlapping_active_same_direction_rb_tapped
1,4483,2026-07-15 23:43:00-04:00,bullish,"(29723.0, 29725.25, 29716.75, 29723.5)",29716.75,29723.0,RB2-002021,29722.0,29728.75,overlapping_active_same_direction_rb_tapped
1,4485,2026-07-15 23:45:00-04:00,bullish,"(29720.75, 29723.25, 29701.75, 29711.0)",29701.75,29711.0,RB2-001998,29700.0,29703.0,overlapping_active_same_direction_rb_tapped
1,4488,2026-07-15 23:48:00-04:00,bullish,"(29717.5, 29718.5, 29709.5, 29716.25)",29709.5,29716.25,RB2-002024,29709.75,29713.75,overlapping_active_same_direction_rb_tapped
1,4493,2026-07-15 23:53:00-04:00,bearish,"(29721.75, 29722.75, 29720.0, 29720.0)",29721.75,29722.75,RB2-002026,29722.75,29727.25,overlapping_active_same_direction_rb_tapped
1,4494,2026-07-15 23:54:00-04:00,bearish,"(29722.75, 29732.0, 29722.75, 29727.75)",29727.75,29732.0,RB2-002020,29729.75,29734.0,overlapping_active_same_direction_rb_tapped
1,4495,2026-07-15 23:55:00-04:00,bearish,"(29725.75, 29731.75, 29725.0, 29729.5)",29729.5,29731.75,RB2-002020,29729.75,29734.0,overlapping_active_same_direction_rb_tapped
1,4500,2026-07-16 00:00:00-04:00,bearish,"(29744.25, 29750.0, 29742.0, 29746.25)",29746.25,29750.0,RB2-002010,29745.75,29751.75,overlapping_active_same_direction_rb_tapped
1,4501,2026-07-16 00:01:00-04:00,bullish,"(29745.0, 29748.25, 29739.0, 29744.0)",29739.0,29744.0,RB2-002028,29737.75,29739.0,overlapping_active_same_direction_rb_tapped
1,4503,2026-07-16 00:03:00-04:00,bearish,"(29743.0, 29748.5, 29742.25, 29746.0)",29746.0,29748.5,RB2-002010,29745.75,29751.75,overlapping_active_same_direction_rb_tapped
1,4506,2026-07-16 00:06:00-04:00,bullish,"(29741.5, 29742.0, 29737.5, 29742.0)",29737.5,29741.5,RB2-002029,29733.75,29737.5,overlapping_active_same_direction_rb_tapped
1,4508,2026-07-16 00:08:00-04:00,bearish,"(29743.5, 29746.75, 29724.75, 29727.75)",29743.5,29746.75,RB2-002010,29745.75,29751.75,overlapping_active_same_direction_rb_tapped
1,4512,2026-07-16 00:12:00-04:00,bearish,"(29739.75, 29747.5, 29739.75, 29745.5)",29745.5,29747.5,RB2-002010,29745.75,29751.75,overlapping_active_same_direction_rb_tapped
1,4515,2026-07-16 00:15:00-04:00,bullish,"(29754.5, 29756.25, 29744.0, 29746.25)",29744.0,29746.25,RB2-002033,29742.5,29745.75,overlapping_active_same_direction_rb_tapped
1,4519,2026-07-16 00:19:00-04:00,bearish,"(29725.0, 29728.5, 29724.0, 29726.0)",29726.0,29728.5,RB2-002036,29727.0,29732.75,overlapping_active_same_direction_rb_tapped
1,4528,2026-07-16 00:28:00-04:00,bullish,"(29719.0, 29719.25, 29710.5, 29712.75)",29710.5,29712.75,RB2-002037,29710.0,29714.0,overlapping_active_same_direction_rb_tapped
1,4530,2026-07-16 00:30:00-04:00,bearish,"(29715.0, 29717.75, 29714.25, 29716.25)",29716.25,29717.75,RB2-002043,29716.0,29719.0,overlapping_active_same_direction_rb_tapped
1,4531,2026-07-16 00:31:00-04:00,bullish,"(29714.25, 29721.25, 29712.0, 29720.25)",29712.0,29714.25,RB2-002037,29710.0,29714.0,overlapping_active_same_direction_rb_tapped
1,4532,2026-07-16 00:32:00-04:00,bearish,"(29720.0, 29720.75, 29716.75, 29716.75)",29720.0,29720.75,RB2-002042,29720.0,29722.0,overlapping_active_same_direction_rb_tapped
1,4533,2026-07-16 00:33:00-04:00,bullish,"(29712.0, 29713.75, 29710.75, 29713.75)",29710.75,29712.0,RB2-002037,29710.0,29714.0,overlapping_active_same_direction_rb_tapped
1,4534,2026-07-16 00:34:00-04:00,bullish,"(29715.75, 29717.0, 29711.25, 29714.25)",29711.25,29714.25,RB2-002037,29710.0,29714.0,overlapping_active_same_direction_rb_tapped
1,4535,2026-07-16 00:35:00-04:00,bullish,"(29712.5, 29713.25, 29708.0, 29712.25)",29708.0,29712.25,RB2-002037,29710.0,29714.0,overlapping_active_same_direction_rb_tapped
1,4537,2026-07-16 00:37:00-04:00,bearish,"(29708.75, 29711.75, 29707.75, 29710.0)",29710.0,29711.75,RB2-002044,29710.5,29711.75,overlapping_active_same_direction_rb_tapped
1,4538,2026-07-16 00:38:00-04:00,bullish,"(29706.25, 29707.0, 29702.0, 29705.5)",29702.0,29705.5,RB2-001998,29700.0,29703.0,overlapping_active_same_direction_rb_tapped
1,4540,2026-07-16 00:40:00-04:00,bullish,"(29704.0, 29704.25, 29691.25, 29701.0)",29691.25,29701.0,RB2-001998,29700.0,29703.0,overlapping_active_same_direction_rb_tapped
1,4543,2026-07-16 00:43:00-04:00,bearish,"(29704.5, 29713.0, 29702.0, 29709.5)",29709.5,29713.0,RB2-002044,29710.5,29711.75,overlapping_active_same_direction_rb_tapped
1,4545,2026-07-16 00:45:00-04:00,bullish,"(29703.25, 29706.0, 29699.25, 29705.75)",29699.25,29703.25,RB2-002046,29699.0,29703.0,overlapping_active_same_direction_rb_tapped
1,4550,2026-07-16 00:50:00-04:00,bearish,"(29706.5, 29711.0, 29706.25, 29708.25)",29708.25,29711.0,RB2-002050,29707.75,29709.25,overlapping_active_same_direction_rb_tapped
1,4551,2026-07-16 00:51:00-04:00,bullish,"(29706.5, 29706.5, 29702.0, 29703.25)",29702.0,29703.25,RB2-002046,29699.0,29703.0,overlapping_active_same_direction_rb_tapped
1,4554,2026-07-16 00:54:00-04:00,bullish,"(29710.25, 29712.5, 29705.5, 29711.75)",29705.5,29710.25,RB2-002052,29707.0,29710.5,overlapping_active_same_direction_rb_tapped
1,4557,2026-07-16 00:57:00-04:00,bullish,"(29709.25, 29709.5, 29703.0, 29708.0)",29703.0,29708.0,RB2-002046,29699.0,29703.0,overlapping_active_same_direction_rb_tapped
1,4558,2026-07-16 00:58:00-04:00,bearish,"(29708.25, 29715.0, 29707.0, 29712.0)",29712.0,29715.0,RB2-002053,29713.25,29717.0,overlapping_active_same_direction_rb_tapped
1,4560,2026-07-16 01:00:00-04:00,bearish,"(29709.0, 29722.5, 29708.5, 29717.25)",29717.25,29722.5,RB2-002039,29722.5,29724.5,overlapping_active_same_direction_rb_tapped
1,4563,2026-07-16 01:03:00-04:00,bearish,"(29718.0, 29724.5, 29717.5, 29723.0)",29723.0,29724.5,RB2-002039,29722.5,29724.5,overlapping_active_same_direction_rb_tapped
1,4564,2026-07-16 01:04:00-04:00,bearish,"(29723.75, 29725.75, 29719.25, 29719.75)",29723.75,29725.75,RB2-002039,29722.5,29724.5,overlapping_active_same_direction_rb_tapped
1,4566,2026-07-16 01:06:00-04:00,bearish,"(29717.25, 29724.25, 29717.25, 29722.0)",29722.0,29724.25,RB2-002057,29721.5,29724.0,overlapping_active_same_direction_rb_tapped
1,4567,2026-07-16 01:07:00-04:00,bullish,"(29721.25, 29721.75, 29714.25, 29716.0)",29714.25,29716.0,RB2-002056,29712.0,29715.75,overlapping_active_same_direction_rb_tapped
1,4568,2026-07-16 01:08:00-04:00,bullish,"(29715.75, 29717.0, 29711.0, 29713.5)",29711.0,29713.5,RB2-002056,29712.0,29715.75,overlapping_active_same_direction_rb_tapped
1,4569,2026-07-16 01:09:00-04:00,bullish,"(29714.5, 29715.0, 29706.25, 29709.0)",29706.25,29709.0,RB2-002055,29705.25,29708.0,overlapping_active_same_direction_rb_tapped
1,4570,2026-07-16 01:10:00-04:00,bullish,"(29706.75, 29715.75, 29697.0, 29711.75)",29697.0,29706.75,RB2-002046,29699.0,29703.0,overlapping_active_same_direction_rb_tapped
1,4578,2026-07-16 01:18:00-04:00,bearish,"(29744.75, 29750.75, 29739.25, 29739.25)",29744.75,29750.75,RB2-002062,29746.5,29752.75,overlapping_active_same_direction_rb_tapped
1,4580,2026-07-16 01:20:00-04:00,bearish,"(29749.75, 29756.75, 29748.25, 29750.75)",29750.75,29756.75,RB2-002062,29746.5,29752.75,overlapping_active_same_direction_rb_tapped
1,4584,2026-07-16 01:24:00-04:00,bullish,"(29769.25, 29769.5, 29761.5, 29765.25)",29761.5,29765.25,RB2-002065,29759.75,29762.25,overlapping_active_same_direction_rb_tapped
1,4586,2026-07-16 01:26:00-04:00,bearish,"(29771.5, 29775.0, 29768.75, 29770.25)",29771.5,29775.0,RB2-002066,29771.0,29775.5,overlapping_active_same_direction_rb_tapped
1,4592,2026-07-16 01:32:00-04:00,bullish,"(29754.5, 29757.0, 29745.5, 29749.25)",29745.5,29749.25,RB2-002063,29748.0,29749.5,overlapping_active_same_direction_rb_tapped
1,4596,2026-07-16 01:36:00-04:00,bullish,"(29675.0, 29692.25, 29670.0, 29691.5)",29670.0,29675.0,RB2-001994,29670.0,29680.0,overlapping_active_same_direction_rb_tapped
1,4599,2026-07-16 01:39:00-04:00,bullish,"(29695.75, 29696.25, 29672.0, 29679.5)",29672.0,29679.5,RB2-001994,29670.0,29680.0,overlapping_active_same_direction_rb_tapped
1,4600,2026-07-16 01:40:00-04:00,bullish,"(29682.5, 29682.5, 29666.5, 29680.25)",29666.5,29680.25,RB2-001983,29659.0,29667.25,overlapping_active_same_direction_rb_tapped
1,4602,2026-07-16 01:42:00-04:00,bearish,"(29699.75, 29709.0, 29699.0, 29699.0)",29699.75,29709.0,RB2-002071,29698.25,29703.25,overlapping_active_same_direction_rb_tapped
1,4605,2026-07-16 01:45:00-04:00,bearish,"(29704.5, 29711.0, 29694.25, 29696.75)",29704.5,29711.0,RB2-002072,29709.0,29715.25,overlapping_active_same_direction_rb_tapped
1,4608,2026-07-16 01:48:00-04:00,bearish,"(29692.25, 29699.75, 29689.75, 29693.5)",29693.5,29699.75,RB2-002075,29693.25,29695.75,overlapping_active_same_direction_rb_tapped
1,4609,2026-07-16 01:49:00-04:00,bullish,"(29691.0, 29695.75, 29686.75, 29691.75)",29686.75,29691.0,RB2-002074,29687.0,29690.0,overlapping_active_same_direction_rb_tapped
1,4610,2026-07-16 01:50:00-04:00,bullish,"(29691.75, 29694.0, 29683.75, 29690.0)",29683.75,29690.0,RB2-002074,29687.0,29690.0,overlapping_active_same_direction_rb_tapped
1,4614,2026-07-16 01:54:00-04:00,bullish,"(29684.25, 29687.25, 29678.5, 29687.25)",29678.5,29684.25,RB2-002076,29683.5,29687.0,overlapping_active_same_direction_rb_tapped
1,4623,2026-07-16 02:03:00-04:00,bullish,"(29708.0, 29713.25, 29702.0, 29709.0)",29702.0,29708.0,RB2-002082,29706.25,29710.25,overlapping_active_same_direction_rb_tapped
1,4626,2026-07-16 02:06:00-04:00,bullish,"(29674.0, 29677.75, 29654.5, 29666.75)",29654.5,29666.75,RB2-001983,29659.0,29667.25,overlapping_active_same_direction_rb_tapped
1,4628,2026-07-16 02:08:00-04:00,bearish,"(29651.5, 29733.0, 29646.5, 29708.25)",29708.25,29733.0,RB2-002081,29725.0,29729.75,overlapping_active_same_direction_rb_tapped
1,4630,2026-07-16 02:10:00-04:00,bearish,"(29714.75, 29721.25, 29703.5, 29704.75)",29714.75,29721.25,RB2-002086,29718.5,29739.25,overlapping_active_same_direction_rb_tapped
1,4632,2026-07-16 02:12:00-04:00,bearish,"(29706.0, 29718.25, 29702.5, 29708.0)",29708.0,29718.25,RB2-002087,29707.0,29712.0,overlapping_active_same_direction_rb_tapped
1,4636,2026-07-16 02:16:00-04:00,bullish,"(29734.25, 29740.0, 29729.0, 29735.25)",29729.0,29734.25,RB2-002090,29723.25,29729.25,overlapping_active_same_direction_rb_tapped
1,4637,2026-07-16 02:17:00-04:00,bearish,"(29738.75, 29749.75, 29736.0, 29737.25)",29738.75,29749.75,RB2-002086,29718.5,29739.25,overlapping_active_same_direction_rb_tapped
1,4638,2026-07-16 02:18:00-04:00,bullish,"(29736.25, 29740.75, 29729.25, 29740.0)",29729.25,29736.25,RB2-002090,29723.25,29729.25,overlapping_active_same_direction_rb_tapped
1,4641,2026-07-16 02:21:00-04:00,bullish,"(29736.0, 29736.75, 29716.75, 29721.0)",29716.75,29721.0,RB2-002089,29714.0,29717.0,overlapping_active_same_direction_rb_tapped
1,4643,2026-07-16 02:23:00-04:00,bullish,"(29704.5, 29707.5, 29701.0, 29705.0)",29701.0,29704.5,RB2-002093,29702.75,29706.25,overlapping_active_same_direction_rb_tapped
1,4646,2026-07-16 02:26:00-04:00,bearish,"(29694.5, 29697.75, 29692.25, 29695.0)",29695.0,29697.75,RB2-002095,29695.75,29702.5,overlapping_active_same_direction_rb_tapped
1,4649,2026-07-16 02:29:00-04:00,bearish,"(29690.0, 29695.0, 29685.75, 29686.0)",29690.0,29695.0,RB2-002096,29687.75,29692.25,overlapping_active_same_direction_rb_tapped
1,4650,2026-07-16 02:30:00-04:00,bearish,"(29682.0, 29697.25, 29682.0, 29691.5)",29691.5,29697.25,RB2-002095,29695.75,29702.5,overlapping_active_same_direction_rb_tapped
1,4656,2026-07-16 02:36:00-04:00,bullish,"(29659.5, 29659.5, 29642.75, 29647.0)",29642.75,29647.0,RB2-002085,29647.0,29652.25,overlapping_active_same_direction_rb_tapped
1,4666,2026-07-16 02:46:00-04:00,bullish,"(29666.25, 29667.75, 29657.0, 29666.25)",29657.0,29666.25,RB2-002102,29659.75,29666.5,overlapping_active_same_direction_rb_tapped
1,4676,2026-07-16 02:56:00-04:00,bearish,"(29686.25, 29694.0, 29686.25, 29689.25)",29689.25,29694.0,RB2-002098,29686.25,29692.25,overlapping_active_same_direction_rb_tapped
1,4678,2026-07-16 02:58:00-04:00,bullish,"(29691.5, 29691.5, 29681.25, 29687.25)",29681.25,29687.25,RB2-002114,29683.0,29688.5,overlapping_active_same_direction_rb_tapped
1,4681,2026-07-16 03:01:00-04:00,bullish,"(29649.75, 29649.75, 29637.5, 29643.0)",29637.5,29643.0,RB2-002101,29641.25,29646.75,overlapping_active_same_direction_rb_tapped
1,4687,2026-07-16 03:07:00-04:00,bearish,"(29649.0, 29652.25, 29646.0, 29648.0)",29649.0,29652.25,RB2-002120,29651.0,29658.25,overlapping_active_same_direction_rb_tapped
1,4688,2026-07-16 03:08:00-04:00,bearish,"(29648.25, 29654.5, 29647.75, 29647.75)",29648.25,29654.5,RB2-002120,29651.0,29658.25,overlapping_active_same_direction_rb_tapped
1,4689,2026-07-16 03:09:00-04:00,bearish,"(29647.5, 29654.25, 29643.25, 29648.5)",29648.5,29654.25,RB2-002120,29651.0,29658.25,overlapping_active_same_direction_rb_tapped
1,4695,2026-07-16 03:15:00-04:00,bullish,"(29622.25, 29624.5, 29615.0, 29621.5)",29615.0,29621.5,RB2-001966,29608.25,29615.25,overlapping_active_same_direction_rb_tapped
1,4696,2026-07-16 03:16:00-04:00,bullish,"(29620.5, 29620.5, 29611.75, 29616.75)",29611.75,29616.75,RB2-001966,29608.25,29615.25,overlapping_active_same_direction_rb_tapped
1,4697,2026-07-16 03:17:00-04:00,bearish,"(29617.5, 29633.75, 29616.25, 29627.5)",29627.5,29633.75,RB2-002123,29624.5,29633.0,overlapping_active_same_direction_rb_tapped
1,4698,2026-07-16 03:18:00-04:00,bearish,"(29625.75, 29631.5, 29619.25, 29621.5)",29625.75,29631.5,RB2-002123,29624.5,29633.0,overlapping_active_same_direction_rb_tapped
1,4699,2026-07-16 03:19:00-04:00,bearish,"(29623.25, 29628.25, 29620.0, 29624.0)",29624.0,29628.25,RB2-002123,29624.5,29633.0,overlapping_active_same_direction_rb_tapped
1,4702,2026-07-16 03:22:00-04:00,bearish,"(29646.0, 29649.5, 29639.25, 29640.25)",29646.0,29649.5,RB2-002121,29642.0,29647.75,overlapping_active_same_direction_rb_tapped
1,4703,2026-07-16 03:23:00-04:00,bullish,"(29640.75, 29642.0, 29634.0, 29638.5)",29634.0,29638.5,RB2-002124,29636.25,29640.0,overlapping_active_same_direction_rb_tapped
1,4708,2026-07-16 03:28:00-04:00,bullish,"(29620.0, 29623.0, 29615.0, 29621.5)",29615.0,29620.0,RB2-001966,29608.25,29615.25,overlapping_active_same_direction_rb_tapped
1,4710,2026-07-16 03:30:00-04:00,bearish,"(29623.5, 29629.25, 29619.75, 29624.0)",29624.0,29629.25,RB2-002126,29624.5,29629.5,overlapping_active_same_direction_rb_tapped
1,4711,2026-07-16 03:31:00-04:00,bullish,"(29624.25, 29624.25, 29620.0, 29621.0)",29620.0,29621.0,RB2-002127,29617.5,29620.75,overlapping_active_same_direction_rb_tapped
1,4714,2026-07-16 03:34:00-04:00,bullish,"(29608.5, 29616.0, 29605.75, 29614.75)",29605.75,29608.5,RB2-002128,29590.25,29607.25,overlapping_active_same_direction_rb_tapped
1,4716,2026-07-16 03:36:00-04:00,bullish,"(29604.25, 29604.25, 29596.0, 29601.0)",29596.0,29601.0,RB2-002128,29590.25,29607.25,overlapping_active_same_direction_rb_tapped
1,4718,2026-07-16 03:38:00-04:00,bullish,"(29598.25, 29599.5, 29592.0, 29593.75)",29592.0,29593.75,RB2-002128,29590.25,29607.25,overlapping_active_same_direction_rb_tapped
1,4720,2026-07-16 03:40:00-04:00,bullish,"(29583.75, 29585.5, 29568.5, 29580.0)",29568.5,29580.0,RB2-002130,29577.75,29584.75,overlapping_active_same_direction_rb_tapped
1,4723,2026-07-16 03:43:00-04:00,bullish,"(29584.0, 29585.25, 29574.5, 29583.5)",29574.5,29583.5,RB2-002132,29575.0,29580.75,overlapping_active_same_direction_rb_tapped
1,4726,2026-07-16 03:46:00-04:00,bullish,"(29566.75, 29568.0, 29556.0, 29563.5)",29556.0,29563.5,RB2-002133,29562.75,29568.0,overlapping_active_same_direction_rb_tapped
1,4728,2026-07-16 03:48:00-04:00,bearish,"(29564.75, 29572.0, 29564.0, 29567.5)",29567.5,29572.0,RB2-002134,29565.5,29570.0,overlapping_active_same_direction_rb_tapped
1,4732,2026-07-16 03:52:00-04:00,bullish,"(29573.0, 29573.0, 29555.0, 29566.0)",29555.0,29566.0,RB2-002135,29561.25,29567.5,overlapping_active_same_direction_rb_tapped
1,4734,2026-07-16 03:54:00-04:00,bearish,"(29569.5, 29572.0, 29563.25, 29565.5)",29569.5,29572.0,RB2-002138,29570.0,29571.0,overlapping_active_same_direction_rb_tapped
1,4736,2026-07-16 03:56:00-04:00,bullish,"(29555.75, 29555.75, 29548.5, 29555.5)",29548.5,29555.5,RB2-002139,29552.25,29556.75,overlapping_active_same_direction_rb_tapped
1,4741,2026-07-16 04:01:00-04:00,bearish,"(29559.0, 29563.5, 29545.0, 29548.5)",29559.0,29563.5,RB2-002141,29563.5,29572.75,overlapping_active_same_direction_rb_tapped
1,4744,2026-07-16 04:04:00-04:00,bullish,"(29526.0, 29537.25, 29521.75, 29535.0)",29521.75,29526.0,RB2-002143,29521.0,29527.25,overlapping_active_same_direction_rb_tapped
1,4746,2026-07-16 04:06:00-04:00,bullish,"(29544.0, 29546.25, 29537.75, 29541.75)",29537.75,29541.75,RB2-002144,29527.75,29538.25,overlapping_active_same_direction_rb_tapped
1,4749,2026-07-16 04:09:00-04:00,bearish,"(29530.5, 29535.5, 29523.5, 29528.0)",29530.5,29535.5,RB2-002146,29535.25,29536.75,overlapping_active_same_direction_rb_tapped
1,4753,2026-07-16 04:13:00-04:00,bullish,"(29497.0, 29510.25, 29491.75, 29509.0)",29491.75,29497.0,RB2-002149,29491.75,29497.75,overlapping_active_same_direction_rb_tapped
1,4756,2026-07-16 04:16:00-04:00,bullish,"(29487.75, 29491.25, 29478.75, 29486.75)",29478.75,29486.75,RB2-002150,29484.25,29488.75,overlapping_active_same_direction_rb_tapped
1,4759,2026-07-16 04:19:00-04:00,bullish,"(29519.5, 29520.0, 29506.75, 29517.25)",29506.75,29517.25,RB2-002151,29512.75,29517.25,overlapping_active_same_direction_rb_tapped
1,4762,2026-07-16 04:22:00-04:00,bearish,"(29540.75, 29550.5, 29540.0, 29548.5)",29548.5,29550.5,RB2-002145,29542.0,29549.75,overlapping_active_same_direction_rb_tapped
1,4763,2026-07-16 04:23:00-04:00,bearish,"(29550.75, 29561.75, 29536.0, 29539.5)",29550.75,29561.75,RB2-002142,29555.75,29560.75,overlapping_active_same_direction_rb_tapped
1,4767,2026-07-16 04:27:00-04:00,bullish,"(29534.75, 29534.75, 29520.25, 29523.75)",29520.25,29523.75,RB2-002153,29521.75,29524.75,overlapping_active_same_direction_rb_tapped
1,4772,2026-07-16 04:32:00-04:00,bearish,"(29546.25, 29555.5, 29538.5, 29540.0)",29546.25,29555.5,RB2-002158,29544.75,29547.75,overlapping_active_same_direction_rb_tapped
1,4774,2026-07-16 04:34:00-04:00,bearish,"(29550.0, 29552.5, 29542.5, 29543.25)",29550.0,29552.5,RB2-002159,29549.0,29553.75,overlapping_active_same_direction_rb_tapped
1,4777,2026-07-16 04:37:00-04:00,bearish,"(29569.25, 29574.75, 29562.75, 29563.25)",29569.25,29574.75,RB2-002141,29563.5,29572.75,overlapping_active_same_direction_rb_tapped
1,4778,2026-07-16 04:38:00-04:00,bearish,"(29562.25, 29576.75, 29558.75, 29570.75)",29570.75,29576.75,RB2-002137,29575.0,29576.75,overlapping_active_same_direction_rb_tapped
1,4779,2026-07-16 04:39:00-04:00,bearish,"(29570.75, 29575.75, 29568.75, 29568.75)",29570.75,29575.75,RB2-002137,29575.0,29576.75,overlapping_active_same_direction_rb_tapped
1,4789,2026-07-16 04:49:00-04:00,bearish,"(29584.25, 29594.0, 29583.0, 29586.75)",29586.75,29594.0,RB2-002131,29582.25,29587.25,overlapping_active_same_direction_rb_tapped
1,4790,2026-07-16 04:50:00-04:00,bullish,"(29586.0, 29586.25, 29581.0, 29582.5)",29581.0,29582.5,RB2-002164,29580.0,29582.75,overlapping_active_same_direction_rb_tapped
1,4793,2026-07-16 04:53:00-04:00,bearish,"(29582.0, 29589.75, 29580.5, 29581.75)",29582.0,29589.75,RB2-002165,29583.75,29587.5,overlapping_active_same_direction_rb_tapped
1,4796,2026-07-16 04:56:00-04:00,bearish,"(29588.5, 29590.5, 29583.0, 29584.75)",29588.5,29590.5,RB2-002168,29588.0,29589.75,overlapping_active_same_direction_rb_tapped
1,4798,2026-07-16 04:58:00-04:00,bullish,"(29586.0, 29593.0, 29583.25, 29590.75)",29583.25,29586.0,RB2-002169,29580.25,29584.25,overlapping_active_same_direction_rb_tapped
1,4805,2026-07-16 05:05:00-04:00,bearish,"(29615.75, 29624.0, 29609.25, 29611.25)",29615.75,29624.0,RB2-002172,29616.5,29622.25,overlapping_active_same_direction_rb_tapped
1,4810,2026-07-16 05:10:00-04:00,bearish,"(29608.5, 29615.0, 29605.0, 29611.0)",29611.0,29615.0,RB2-002173,29612.0,29620.75,overlapping_active_same_direction_rb_tapped
1,4814,2026-07-16 05:14:00-04:00,bearish,"(29630.75, 29633.25, 29624.25, 29625.25)",29630.75,29633.25,RB2-002177,29632.0,29635.0,overlapping_active_same_direction_rb_tapped
1,4818,2026-07-16 05:18:00-04:00,bullish,"(29633.0, 29635.0, 29622.75, 29626.5)",29622.75,29626.5,RB2-002176,29624.0,29628.25,overlapping_active_same_direction_rb_tapped
1,4821,2026-07-16 05:21:00-04:00,bearish,"(29620.75, 29638.75, 29620.75, 29628.25)",29628.25,29638.75,RB2-002179,29636.5,29638.75,overlapping_active_same_direction_rb_tapped
1,4826,2026-07-16 05:26:00-04:00,bearish,"(29635.5, 29640.25, 29633.25, 29634.75)",29635.5,29640.25,RB2-002179,29636.5,29638.75,overlapping_active_same_direction_rb_tapped
1,4830,2026-07-16 05:30:00-04:00,bullish,"(29614.75, 29622.5, 29610.0, 29621.75)",29610.0,29614.75,RB2-002185,29611.0,29613.25,overlapping_active_same_direction_rb_tapped
1,4832,2026-07-16 05:32:00-04:00,bearish,"(29625.0, 29631.0, 29620.25, 29621.0)",29625.0,29631.0,RB2-002184,29624.75,29627.25,overlapping_active_same_direction_rb_tapped
1,4838,2026-07-16 05:38:00-04:00,bearish,"(29603.0, 29605.5, 29597.5, 29599.0)",29603.0,29605.5,RB2-002190,29603.0,29607.25,overlapping_active_same_direction_rb_tapped
1,4840,2026-07-16 05:40:00-04:00,bullish,"(29597.25, 29601.75, 29590.25, 29598.75)",29590.25,29597.25,RB2-002191,29596.0,29597.5,overlapping_active_same_direction_rb_tapped
1,4841,2026-07-16 05:41:00-04:00,bearish,"(29599.25, 29603.5, 29597.75, 29600.0)",29600.0,29603.5,RB2-002190,29603.0,29607.25,overlapping_active_same_direction_rb_tapped
1,4843,2026-07-16 05:43:00-04:00,bearish,"(29604.0, 29605.75, 29596.5, 29596.5)",29604.0,29605.75,RB2-002190,29603.0,29607.25,overlapping_active_same_direction_rb_tapped
1,4848,2026-07-16 05:48:00-04:00,bearish,"(29564.5, 29574.0, 29564.25, 29568.0)",29568.0,29574.0,RB2-002193,29570.75,29575.5,overlapping_active_same_direction_rb_tapped
1,4849,2026-07-16 05:49:00-04:00,bearish,"(29567.5, 29571.25, 29565.75, 29566.25)",29567.5,29571.25,RB2-002193,29570.75,29575.5,overlapping_active_same_direction_rb_tapped
1,4850,2026-07-16 05:50:00-04:00,bearish,"(29565.5, 29570.75, 29561.25, 29565.25)",29565.5,29570.75,RB2-002193,29570.75,29575.5,overlapping_active_same_direction_rb_tapped
1,4852,2026-07-16 05:52:00-04:00,bullish,"(29562.0, 29567.75, 29557.75, 29567.5)",29557.75,29562.0,RB2-002194,29559.5,29565.0,overlapping_active_same_direction_rb_tapped
1,4853,2026-07-16 05:53:00-04:00,bearish,"(29568.75, 29571.5, 29560.75, 29560.75)",29568.75,29571.5,RB2-002193,29570.75,29575.5,overlapping_active_same_direction_rb_tapped
1,4855,2026-07-16 05:55:00-04:00,bearish,"(29570.25, 29582.25, 29555.75, 29556.0)",29570.25,29582.25,RB2-002192,29576.0,29583.0,overlapping_active_same_direction_rb_tapped
1,4857,2026-07-16 05:57:00-04:00,bullish,"(29551.0, 29553.25, 29546.5, 29550.75)",29546.5,29550.75,RB2-002163,29543.25,29551.0,overlapping_active_same_direction_rb_tapped
1,4859,2026-07-16 05:59:00-04:00,bullish,"(29535.25, 29536.5, 29528.0, 29531.25)",29528.0,29531.25,RB2-002157,29528.25,29538.75,overlapping_active_same_direction_rb_tapped
1,4863,2026-07-16 06:03:00-04:00,bearish,"(29522.0, 29538.25, 29522.0, 29531.5)",29531.5,29538.25,RB2-002198,29530.25,29538.25,overlapping_active_same_direction_rb_tapped
1,4865,2026-07-16 06:05:00-04:00,bearish,"(29540.75, 29546.25, 29534.0, 29538.75)",29540.75,29546.25,RB2-002200,29540.75,29545.0,overlapping_active_same_direction_rb_tapped
1,4867,2026-07-16 06:07:00-04:00,bearish,"(29547.0, 29552.25, 29543.0, 29547.75)",29547.75,29552.25,RB2-002197,29552.0,29556.0,overlapping_active_same_direction_rb_tapped
1,4870,2026-07-16 06:10:00-04:00,bullish,"(29557.75, 29558.75, 29552.0, 29557.25)",29552.0,29557.25,RB2-002201,29554.5,29558.0,overlapping_active_same_direction_rb_tapped
1,4879,2026-07-16 06:19:00-04:00,bearish,"(29543.0, 29544.75, 29537.25, 29537.25)",29543.0,29544.75,RB2-002208,29542.25,29544.0,overlapping_active_same_direction_rb_tapped
1,4883,2026-07-16 06:23:00-04:00,bearish,"(29517.25, 29523.25, 29515.0, 29519.25)",29519.25,29523.25,RB2-002210,29520.0,29523.25,overlapping_active_same_direction_rb_tapped
1,4884,2026-07-16 06:24:00-04:00,bullish,"(29519.25, 29522.5, 29512.25, 29522.5)",29512.25,29519.25,RB2-002199,29514.5,29521.0,overlapping_active_same_direction_rb_tapped
1,4885,2026-07-16 06:25:00-04:00,bearish,"(29521.5, 29525.75, 29516.0, 29517.75)",29521.5,29525.75,RB2-002210,29520.0,29523.25,overlapping_active_same_direction_rb_tapped
1,4889,2026-07-16 06:29:00-04:00,bearish,"(29526.25, 29539.75, 29524.5, 29537.5)",29537.5,29539.75,RB2-002209,29537.0,29543.75,overlapping_active_same_direction_rb_tapped
1,4890,2026-07-16 06:30:00-04:00,bearish,"(29537.25, 29551.25, 29537.0, 29543.25)",29543.25,29551.25,RB2-002204,29550.75,29553.5,overlapping_active_same_direction_rb_tapped
1,4892,2026-07-16 06:32:00-04:00,bullish,"(29540.5, 29548.75, 29536.0, 29548.75)",29536.0,29540.5,RB2-002213,29535.0,29542.25,overlapping_active_same_direction_rb_tapped
1,4894,2026-07-16 06:34:00-04:00,bearish,"(29552.75, 29555.75, 29549.5, 29550.5)",29552.75,29555.75,RB2-002204,29550.75,29553.5,overlapping_active_same_direction_rb_tapped
1,4903,2026-07-16 06:43:00-04:00,bearish,"(29519.75, 29529.75, 29519.0, 29519.75)",29519.75,29529.75,RB2-002220,29521.75,29524.75,overlapping_active_same_direction_rb_tapped
1,4904,2026-07-16 06:44:00-04:00,bullish,"(29519.5, 29522.5, 29516.5, 29521.25)",29516.5,29519.5,RB2-002221,29515.75,29520.75,overlapping_active_same_direction_rb_tapped
1,4907,2026-07-16 06:47:00-04:00,bullish,"(29514.0, 29517.25, 29505.75, 29509.25)",29505.75,29509.25,RB2-002218,29507.75,29513.5,overlapping_active_same_direction_rb_tapped
1,4909,2026-07-16 06:49:00-04:00,bullish,"(29510.75, 29515.5, 29505.0, 29510.25)",29505.0,29510.25,RB2-002223,29507.75,29510.0,overlapping_active_same_direction_rb_tapped
1,4916,2026-07-16 06:56:00-04:00,bearish,"(29518.0, 29522.0, 29517.25, 29519.25)",29519.25,29522.0,RB2-002228,29519.75,29524.5,overlapping_active_same_direction_rb_tapped
1,4917,2026-07-16 06:57:00-04:00,bearish,"(29520.5, 29534.0, 29520.5, 29528.75)",29528.75,29534.0,RB2-002216,29534.0,29535.75,overlapping_active_same_direction_rb_tapped
1,4919,2026-07-16 06:59:00-04:00,bullish,"(29533.5, 29537.75, 29526.25, 29531.0)",29526.25,29531.0,RB2-002229,29525.25,29527.75,overlapping_active_same_direction_rb_tapped
1,4922,2026-07-16 07:02:00-04:00,bullish,"(29484.75, 29491.25, 29482.25, 29491.25)",29482.25,29484.75,RB2-002230,29470.5,29486.5,overlapping_active_same_direction_rb_tapped
1,4925,2026-07-16 07:05:00-04:00,bullish,"(29485.5, 29487.0, 29474.5, 29482.5)",29474.5,29482.5,RB2-002230,29470.5,29486.5,overlapping_active_same_direction_rb_tapped
1,4926,2026-07-16 07:06:00-04:00,bullish,"(29482.75, 29490.0, 29477.5, 29486.25)",29477.5,29482.75,RB2-002230,29470.5,29486.5,overlapping_active_same_direction_rb_tapped
1,4927,2026-07-16 07:07:00-04:00,bullish,"(29483.75, 29483.75, 29474.0, 29482.25)",29474.0,29482.25,RB2-002230,29470.5,29486.5,overlapping_active_same_direction_rb_tapped
1,4929,2026-07-16 07:09:00-04:00,bullish,"(29477.5, 29477.5, 29464.25, 29472.75)",29464.25,29472.75,RB2-002230,29470.5,29486.5,overlapping_active_same_direction_rb_tapped
1,4931,2026-07-16 07:11:00-04:00,bearish,"(29468.25, 29485.0, 29467.75, 29479.5)",29479.5,29485.0,RB2-002233,29481.25,29484.25,overlapping_active_same_direction_rb_tapped
1,4934,2026-07-16 07:14:00-04:00,bullish,"(29482.75, 29488.0, 29476.75, 29488.0)",29476.75,29482.75,RB2-002236,29478.25,29483.0,overlapping_active_same_direction_rb_tapped
1,4940,2026-07-16 07:20:00-04:00,bearish,"(29455.0, 29463.5, 29454.25, 29459.25)",29459.25,29463.5,RB2-002238,29455.25,29459.5,overlapping_active_same_direction_rb_tapped
1,4946,2026-07-16 07:26:00-04:00,bullish,"(29491.0, 29495.5, 29484.0, 29490.25)",29484.0,29490.25,RB2-002242,29489.75,29492.0,overlapping_active_same_direction_rb_tapped
1,4947,2026-07-16 07:27:00-04:00,bearish,"(29491.5, 29499.0, 29490.5, 29496.75)",29496.75,29499.0,RB2-002243,29496.5,29499.0,overlapping_active_same_direction_rb_tapped
1,4948,2026-07-16 07:28:00-04:00,bearish,"(29497.25, 29502.0, 29493.5, 29493.75)",29497.25,29502.0,RB2-002243,29496.5,29499.0,overlapping_active_same_direction_rb_tapped
1,4949,2026-07-16 07:29:00-04:00,bullish,"(29492.0, 29494.25, 29466.0, 29472.0)",29466.0,29472.0,RB2-002241,29468.75,29474.75,overlapping_active_same_direction_rb_tapped
1,4957,2026-07-16 07:37:00-04:00,bearish,"(29466.75, 29469.0, 29462.75, 29464.5)",29466.75,29469.0,RB2-002248,29465.5,29471.0,overlapping_active_same_direction_rb_tapped
1,4963,2026-07-16 07:43:00-04:00,bullish,"(29457.25, 29457.25, 29444.0, 29448.5)",29444.0,29448.5,RB2-002251,29445.75,29449.5,overlapping_active_same_direction_rb_tapped
1,4964,2026-07-16 07:44:00-04:00,bullish,"(29449.75, 29449.75, 29428.0, 29439.5)",29428.0,29439.5,RB2-002249,29436.5,29439.75,overlapping_active_same_direction_rb_tapped
1,4967,2026-07-16 07:47:00-04:00,bullish,"(29453.75, 29456.0, 29436.5, 29442.0)",29436.5,29442.0,RB2-002254,29439.75,29449.0,overlapping_active_same_direction_rb_tapped
1,4972,2026-07-16 07:52:00-04:00,bullish,"(29424.0, 29428.5, 29416.0, 29424.25)",29416.0,29424.0,RB2-002257,29415.25,29419.25,overlapping_active_same_direction_rb_tapped
1,4975,2026-07-16 07:55:00-04:00,bearish,"(29422.75, 29429.0, 29420.75, 29424.75)",29424.75,29429.0,RB2-002258,29426.0,29432.5,overlapping_active_same_direction_rb_tapped
1,4976,2026-07-16 07:56:00-04:00,bullish,"(29426.0, 29430.25, 29410.5, 29425.5)",29410.5,29425.5,RB2-002257,29415.25,29419.25,overlapping_active_same_direction_rb_tapped
1,4978,2026-07-16 07:58:00-04:00,bearish,"(29438.5, 29449.75, 29437.0, 29447.25)",29447.25,29449.75,RB2-002255,29444.0,29452.25,overlapping_active_same_direction_rb_tapped
1,4979,2026-07-16 07:59:00-04:00,bearish,"(29447.25, 29453.25, 29443.0, 29446.75)",29447.25,29453.25,RB2-002255,29444.0,29452.25,overlapping_active_same_direction_rb_tapped
1,4988,2026-07-16 08:08:00-04:00,bearish,"(29405.5, 29414.0, 29404.25, 29411.5)",29411.5,29414.0,RB2-002263,29412.0,29423.75,overlapping_active_same_direction_rb_tapped
1,4990,2026-07-16 08:10:00-04:00,bullish,"(29412.5, 29414.25, 29397.25, 29402.25)",29397.25,29402.25,RB2-002265,29394.75,29400.75,overlapping_active_same_direction_rb_tapped
1,4991,2026-07-16 08:11:00-04:00,bearish,"(29399.5, 29412.75, 29399.5, 29406.75)",29406.75,29412.75,RB2-002263,29412.0,29423.75,overlapping_active_same_direction_rb_tapped
1,4993,2026-07-16 08:13:00-04:00,bullish,"(29405.75, 29407.25, 29400.75, 29407.0)",29400.75,29405.75,RB2-002265,29394.75,29400.75,overlapping_active_same_direction_rb_tapped
1,5000,2026-07-16 08:20:00-04:00,bullish,"(29435.25, 29437.0, 29430.0, 29432.5)",29430.0,29432.5,RB2-002271,29428.25,29434.5,overlapping_active_same_direction_rb_tapped
1,5001,2026-07-16 08:21:00-04:00,bullish,"(29432.5, 29440.25, 29391.0, 29416.75)",29391.0,29416.75,RB2-002265,29394.75,29400.75,overlapping_active_same_direction_rb_tapped
1,5003,2026-07-16 08:23:00-04:00,bearish,"(29407.0, 29416.0, 29402.0, 29405.0)",29407.0,29416.0,RB2-002272,29412.75,29420.25,overlapping_active_same_direction_rb_tapped
1,5004,2026-07-16 08:24:00-04:00,bullish,"(29403.25, 29403.75, 29380.0, 29386.0)",29380.0,29386.0,RB2-002256,29361.0,29384.25,overlapping_active_same_direction_rb_tapped
1,5005,2026-07-16 08:25:00-04:00,bullish,"(29384.5, 29391.0, 29378.0, 29384.75)",29378.0,29384.5,RB2-002256,29361.0,29384.25,overlapping_active_same_direction_rb_tapped
1,5010,2026-07-16 08:30:00-04:00,bearish,"(29407.75, 29427.75, 29392.5, 29410.75)",29410.75,29427.75,RB2-002272,29412.75,29420.25,overlapping_active_same_direction_rb_tapped
1,5012,2026-07-16 08:32:00-04:00,bullish,"(29395.25, 29397.75, 29386.5, 29394.5)",29386.5,29394.5,RB2-002274,29389.0,29392.0,overlapping_active_same_direction_rb_tapped
1,5017,2026-07-16 08:37:00-04:00,bullish,"(29400.0, 29402.0, 29365.5, 29371.5)",29365.5,29371.5,RB2-002256,29361.0,29384.25,overlapping_active_same_direction_rb_tapped
1,5019,2026-07-16 08:39:00-04:00,bearish,"(29382.0, 29388.0, 29377.5, 29381.0)",29382.0,29388.0,RB2-002278,29382.0,29385.25,overlapping_active_same_direction_rb_tapped
1,5021,2026-07-16 08:41:00-04:00,bearish,"(29377.0, 29385.0, 29373.0, 29374.75)",29377.0,29385.0,RB2-002279,29381.75,29390.25,overlapping_active_same_direction_rb_tapped
1,5022,2026-07-16 08:42:00-04:00,bearish,"(29373.5, 29385.0, 29372.25, 29375.0)",29375.0,29385.0,RB2-002279,29381.75,29390.25,overlapping_active_same_direction_rb_tapped
1,5023,2026-07-16 08:43:00-04:00,bearish,"(29375.75, 29383.75, 29372.0, 29376.75)",29376.75,29383.75,RB2-002279,29381.75,29390.25,overlapping_active_same_direction_rb_tapped
1,5024,2026-07-16 08:44:00-04:00,bullish,"(29375.75, 29378.0, 29368.75, 29375.0)",29368.75,29375.0,RB2-002256,29361.0,29384.25,overlapping_active_same_direction_rb_tapped
1,5025,2026-07-16 08:45:00-04:00,bullish,"(29374.75, 29380.5, 29363.5, 29376.25)",29363.5,29374.75,RB2-002256,29361.0,29384.25,overlapping_active_same_direction_rb_tapped
1,5026,2026-07-16 08:46:00-04:00,bullish,"(29375.0, 29392.75, 29370.5, 29392.0)",29370.5,29375.0,RB2-002256,29361.0,29384.25,overlapping_active_same_direction_rb_tapped
1,5029,2026-07-16 08:49:00-04:00,bullish,"(29396.5, 29397.25, 29382.75, 29390.0)",29382.75,29390.0,RB2-002256,29361.0,29384.25,overlapping_active_same_direction_rb_tapped
1,5031,2026-07-16 08:51:00-04:00,bullish,"(29393.75, 29400.75, 29383.25, 29390.5)",29383.25,29390.5,RB2-002256,29361.0,29384.25,overlapping_active_same_direction_rb_tapped
1,5034,2026-07-16 08:54:00-04:00,bearish,"(29411.5, 29415.0, 29408.75, 29410.75)",29411.5,29415.0,RB2-002282,29410.25,29412.5,overlapping_active_same_direction_rb_tapped
1,5038,2026-07-16 08:58:00-04:00,bullish,"(29400.25, 29402.25, 29393.0, 29395.75)",29393.0,29395.75,RB2-002283,29391.5,29396.5,overlapping_active_same_direction_rb_tapped
1,5041,2026-07-16 09:01:00-04:00,bearish,"(29426.75, 29437.0, 29422.75, 29424.5)",29426.75,29437.0,RB2-002270,29434.5,29439.75,overlapping_active_same_direction_rb_tapped
1,5046,2026-07-16 09:06:00-04:00,bullish,"(29430.0, 29431.0, 29423.75, 29430.25)",29423.75,29430.0,RB2-002288,29420.75,29425.5,overlapping_active_same_direction_rb_tapped
1,5049,2026-07-16 09:09:00-04:00,bearish,"(29439.25, 29443.5, 29437.0, 29441.0)",29441.0,29443.5,RB2-002289,29439.75,29445.5,overlapping_active_same_direction_rb_tapped
1,5050,2026-07-16 09:10:00-04:00,bearish,"(29441.75, 29445.0, 29439.0, 29441.0)",29441.75,29445.0,RB2-002289,29439.75,29445.5,overlapping_active_same_direction_rb_tapped
1,5057,2026-07-16 09:17:00-04:00,bearish,"(29451.0, 29459.75, 29449.0, 29451.75)",29451.75,29459.75,RB2-002252,29456.0,29462.0,overlapping_active_same_direction_rb_tapped
1,5058,2026-07-16 09:18:00-04:00,bearish,"(29451.0, 29460.0, 29450.5, 29452.75)",29452.75,29460.0,RB2-002252,29456.0,29462.0,overlapping_active_same_direction_rb_tapped
1,5060,2026-07-16 09:20:00-04:00,bearish,"(29457.25, 29465.25, 29456.25, 29459.25)",29459.25,29465.25,RB2-002252,29456.0,29462.0,overlapping_active_same_direction_rb_tapped
1,5063,2026-07-16 09:23:00-04:00,bullish,"(29470.75, 29481.5, 29468.5, 29479.75)",29468.5,29470.75,RB2-002297,29461.0,29471.25,overlapping_active_same_direction_rb_tapped
1,5067,2026-07-16 09:27:00-04:00,bullish,"(29463.0, 29470.0, 29448.0, 29462.25)",29448.0,29462.25,RB2-002295,29449.25,29452.0,overlapping_active_same_direction_rb_tapped
1,5072,2026-07-16 09:32:00-04:00,bullish,"(29522.5, 29529.0, 29475.0, 29485.5)",29475.0,29485.5,RB2-002303,29478.25,29505.0,overlapping_active_same_direction_rb_tapped
1,5075,2026-07-16 09:35:00-04:00,bullish,"(29435.5, 29448.25, 29399.75, 29417.25)",29399.75,29417.25,RB2-002286,29404.5,29409.75,overlapping_active_same_direction_rb_tapped
1,5078,2026-07-16 09:38:00-04:00,bullish,"(29439.75, 29440.0, 29395.75, 29407.25)",29395.75,29407.25,RB2-002305,29402.0,29418.75,overlapping_active_same_direction_rb_tapped
1,5080,2026-07-16 09:40:00-04:00,bearish,"(29387.25, 29434.5, 29373.5, 29399.75)",29399.75,29434.5,RB2-002307,29407.25,29420.75,overlapping_active_same_direction_rb_tapped
1,5083,2026-07-16 09:43:00-04:00,bullish,"(29349.0, 29358.0, 29328.75, 29348.25)",29328.75,29348.25,RB2-002308,29333.25,29347.25,overlapping_active_same_direction_rb_tapped
1,5086,2026-07-16 09:46:00-04:00,bearish,"(29310.0, 29328.5, 29301.75, 29316.0)",29316.0,29328.5,RB2-002310,29316.5,29342.75,overlapping_active_same_direction_rb_tapped
1,5087,2026-07-16 09:47:00-04:00,bearish,"(29317.25, 29333.25, 29303.0, 29303.0)",29317.25,29333.25,RB2-002310,29316.5,29342.75,overlapping_active_same_direction_rb_tapped
1,5089,2026-07-16 09:49:00-04:00,bullish,"(29285.75, 29292.5, 29264.25, 29273.0)",29264.25,29273.0,RB2-002311,29269.25,29284.0,overlapping_active_same_direction_rb_tapped
1,5090,2026-07-16 09:50:00-04:00,bearish,"(29272.0, 29318.0, 29265.25, 29294.25)",29294.25,29318.0,RB2-002310,29316.5,29342.75,overlapping_active_same_direction_rb_tapped
1,5091,2026-07-16 09:51:00-04:00,bearish,"(29296.25, 29325.75, 29285.0, 29310.75)",29310.75,29325.75,RB2-002310,29316.5,29342.75,overlapping_active_same_direction_rb_tapped
1,5092,2026-07-16 09:52:00-04:00,bearish,"(29310.25, 29353.75, 29309.5, 29338.0)",29338.0,29353.75,RB2-002309,29347.75,29375.0,overlapping_active_same_direction_rb_tapped
1,5097,2026-07-16 09:57:00-04:00,bearish,"(29337.0, 29363.75, 29296.5, 29303.75)",29337.0,29363.75,RB2-002309,29347.75,29375.0,overlapping_active_same_direction_rb_tapped
1,5099,2026-07-16 09:59:00-04:00,bearish,"(29337.5, 29352.25, 29333.0, 29347.5)",29347.5,29352.25,RB2-002309,29347.75,29375.0,overlapping_active_same_direction_rb_tapped
1,5104,2026-07-16 10:04:00-04:00,bullish,"(29399.5, 29408.75, 29380.0, 29397.5)",29380.0,29397.5,RB2-002319,29380.0,29394.5,overlapping_active_same_direction_rb_tapped
1,5105,2026-07-16 10:05:00-04:00,bullish,"(29398.0, 29430.0, 29384.5, 29424.5)",29384.5,29398.0,RB2-002319,29380.0,29394.5,overlapping_active_same_direction_rb_tapped
1,5106,2026-07-16 10:06:00-04:00,bearish,"(29425.25, 29448.5, 29422.25, 29440.75)",29440.75,29448.5,RB2-002306,29439.25,29471.0,overlapping_active_same_direction_rb_tapped
1,5110,2026-07-16 10:10:00-04:00,bullish,"(29479.0, 29491.5, 29470.0, 29483.0)",29470.0,29479.0,RB2-002322,29450.75,29473.0,overlapping_active_same_direction_rb_tapped
1,5112,2026-07-16 10:12:00-04:00,bullish,"(29458.75, 29476.5, 29447.5, 29474.0)",29447.5,29458.75,RB2-002322,29450.75,29473.0,overlapping_active_same_direction_rb_tapped
1,5114,2026-07-16 10:14:00-04:00,bullish,"(29480.0, 29486.5, 29458.75, 29468.5)",29458.75,29468.5,RB2-002322,29450.75,29473.0,overlapping_active_same_direction_rb_tapped
1,5115,2026-07-16 10:15:00-04:00,bearish,"(29467.5, 29487.75, 29461.75, 29479.25)",29479.25,29487.75,RB2-002323,29478.75,29489.5,overlapping_active_same_direction_rb_tapped
1,5116,2026-07-16 10:16:00-04:00,bullish,"(29480.75, 29501.0, 29468.0, 29490.25)",29468.0,29480.75,RB2-002322,29450.75,29473.0,overlapping_active_same_direction_rb_tapped
1,5117,2026-07-16 10:17:00-04:00,bullish,"(29490.0, 29493.5, 29463.25, 29470.0)",29463.25,29470.0,RB2-002322,29450.75,29473.0,overlapping_active_same_direction_rb_tapped
1,5119,2026-07-16 10:19:00-04:00,bullish,"(29455.0, 29489.75, 29441.25, 29482.0)",29441.25,29455.0,RB2-002320,29429.0,29441.25,overlapping_active_same_direction_rb_tapped
1,5123,2026-07-16 10:23:00-04:00,bearish,"(29430.75, 29447.0, 29411.25, 29426.75)",29430.75,29447.0,RB2-002325,29446.0,29451.5,overlapping_active_same_direction_rb_tapped
1,5124,2026-07-16 10:24:00-04:00,bearish,"(29427.5, 29458.0, 29426.25, 29439.0)",29439.0,29458.0,RB2-002325,29446.0,29451.5,overlapping_active_same_direction_rb_tapped
1,5125,2026-07-16 10:25:00-04:00,bullish,"(29438.25, 29438.75, 29406.0, 29431.25)",29406.0,29431.25,RB2-002326,29397.75,29426.0,overlapping_active_same_direction_rb_tapped
1,5126,2026-07-16 10:26:00-04:00,bullish,"(29431.75, 29447.75, 29414.5, 29443.25)",29414.5,29431.75,RB2-002326,29397.75,29426.0,overlapping_active_same_direction_rb_tapped
1,5130,2026-07-16 10:30:00-04:00,bullish,"(29483.25, 29485.5, 29459.75, 29469.5)",29459.75,29469.5,RB2-002328,29459.75,29468.25,overlapping_active_same_direction_rb_tapped
1,5131,2026-07-16 10:31:00-04:00,bullish,"(29469.0, 29471.25, 29440.0, 29446.0)",29440.0,29446.0,RB2-002327,29432.75,29444.0,overlapping_active_same_direction_rb_tapped
1,5135,2026-07-16 10:35:00-04:00,bullish,"(29463.0, 29480.5, 29457.5, 29480.25)",29457.5,29463.0,RB2-002331,29457.75,29462.75,overlapping_active_same_direction_rb_tapped
1,5137,2026-07-16 10:37:00-04:00,bearish,"(29477.25, 29513.5, 29472.75, 29491.25)",29491.25,29513.5,RB2-002302,29504.75,29532.0,overlapping_active_same_direction_rb_tapped
1,5139,2026-07-16 10:39:00-04:00,bullish,"(29473.0, 29473.25, 29444.0, 29457.0)",29444.0,29457.0,RB2-002327,29432.75,29444.0,overlapping_active_same_direction_rb_tapped
1,5140,2026-07-16 10:40:00-04:00,bullish,"(29457.75, 29462.0, 29428.5, 29437.5)",29428.5,29437.5,RB2-002327,29432.75,29444.0,overlapping_active_same_direction_rb_tapped
1,5142,2026-07-16 10:42:00-04:00,bearish,"(29441.5, 29461.75, 29439.5, 29456.25)",29456.25,29461.75,RB2-002334,29442.0,29461.75,overlapping_active_same_direction_rb_tapped
1,5143,2026-07-16 10:43:00-04:00,bearish,"(29457.0, 29470.5, 29456.25, 29459.0)",29459.0,29470.5,RB2-002334,29442.0,29461.75,overlapping_active_same_direction_rb_tapped
1,5145,2026-07-16 10:45:00-04:00,bullish,"(29464.5, 29471.0, 29447.0, 29454.25)",29447.0,29454.25,RB2-002335,29450.5,29460.75,overlapping_active_same_direction_rb_tapped
1,5147,2026-07-16 10:47:00-04:00,bearish,"(29458.25, 29479.0, 29448.75, 29451.25)",29458.25,29479.0,RB2-002336,29457.0,29470.0,overlapping_active_same_direction_rb_tapped
1,5151,2026-07-16 10:51:00-04:00,bullish,"(29398.5, 29412.0, 29388.5, 29405.5)",29388.5,29398.5,RB2-002319,29380.0,29394.5,overlapping_active_same_direction_rb_tapped
1,5152,2026-07-16 10:52:00-04:00,bullish,"(29405.5, 29414.0, 29386.0, 29396.25)",29386.0,29396.25,RB2-002319,29380.0,29394.5,overlapping_active_same_direction_rb_tapped
1,5153,2026-07-16 10:53:00-04:00,bullish,"(29395.75, 29401.5, 29383.0, 29389.25)",29383.0,29389.25,RB2-002319,29380.0,29394.5,overlapping_active_same_direction_rb_tapped
1,5154,2026-07-16 10:54:00-04:00,bullish,"(29388.5, 29395.0, 29375.5, 29390.5)",29375.5,29388.5,RB2-002317,29361.5,29379.0,overlapping_active_same_direction_rb_tapped
1,5155,2026-07-16 10:55:00-04:00,bullish,"(29390.5, 29390.75, 29362.0, 29375.25)",29362.0,29375.25,RB2-002317,29361.5,29379.0,overlapping_active_same_direction_rb_tapped
1,5156,2026-07-16 10:56:00-04:00,bullish,"(29375.5, 29398.0, 29367.25, 29393.25)",29367.25,29375.5,RB2-002317,29361.5,29379.0,overlapping_active_same_direction_rb_tapped
1,5160,2026-07-16 11:00:00-04:00,bearish,"(29435.5, 29458.75, 29425.75, 29442.25)",29442.25,29458.75,RB2-002338,29455.0,29459.5,overlapping_active_same_direction_rb_tapped
1,5162,2026-07-16 11:02:00-04:00,bearish,"(29426.0, 29456.0, 29419.5, 29447.25)",29447.25,29456.0,RB2-002338,29455.0,29459.5,overlapping_active_same_direction_rb_tapped
1,5169,2026-07-16 11:09:00-04:00,bullish,"(29371.5, 29393.75, 29367.0, 29392.75)",29367.0,29371.5,RB2-002317,29361.5,29379.0,overlapping_active_same_direction_rb_tapped
1,5170,2026-07-16 11:10:00-04:00,bullish,"(29393.0, 29401.75, 29377.0, 29386.75)",29377.0,29386.75,RB2-002317,29361.5,29379.0,overlapping_active_same_direction_rb_tapped
1,5172,2026-07-16 11:12:00-04:00,bullish,"(29377.0, 29379.5, 29356.0, 29361.5)",29356.0,29361.5,RB2-002317,29361.5,29379.0,overlapping_active_same_direction_rb_tapped
1,5174,2026-07-16 11:14:00-04:00,bullish,"(29346.5, 29359.5, 29336.0, 29358.5)",29336.0,29346.5,RB2-002316,29315.25,29346.5,overlapping_active_same_direction_rb_tapped
1,5175,2026-07-16 11:15:00-04:00,bearish,"(29359.0, 29372.0, 29348.0, 29351.25)",29359.0,29372.0,RB2-002348,29361.25,29365.25,overlapping_active_same_direction_rb_tapped
1,5176,2026-07-16 11:16:00-04:00,bullish,"(29351.0, 29353.75, 29336.75, 29346.5)",29336.75,29346.5,RB2-002316,29315.25,29346.5,overlapping_active_same_direction_rb_tapped
1,5178,2026-07-16 11:18:00-04:00,bearish,"(29364.0, 29387.5, 29362.75, 29378.75)",29378.75,29387.5,RB2-002347,29386.25,29395.0,overlapping_active_same_direction_rb_tapped
1,5180,2026-07-16 11:20:00-04:00,bullish,"(29392.25, 29392.25, 29363.5, 29371.0)",29363.5,29371.0,RB2-002350,29367.25,29378.25,overlapping_active_same_direction_rb_tapped
1,5182,2026-07-16 11:22:00-04:00,bullish,"(29368.75, 29372.25, 29348.5, 29369.0)",29348.5,29368.75,RB2-002351,29358.0,29368.5,overlapping_active_same_direction_rb_tapped
1,5187,2026-07-16 11:27:00-04:00,bearish,"(29445.25, 29451.5, 29421.25, 29423.75)",29445.25,29451.5,RB2-002354,29444.75,29450.75,overlapping_active_same_direction_rb_tapped
1,5194,2026-07-16 11:34:00-04:00,bullish,"(29423.75, 29441.75, 29420.0, 29438.5)",29420.0,29423.75,RB2-002357,29408.75,29423.75,overlapping_active_same_direction_rb_tapped
1,5196,2026-07-16 11:36:00-04:00,bullish,"(29430.5, 29435.5, 29412.75, 29435.25)",29412.75,29430.5,RB2-002357,29408.75,29423.75,overlapping_active_same_direction_rb_tapped
1,5198,2026-07-16 11:38:00-04:00,bearish,"(29422.5, 29447.5, 29421.75, 29441.5)",29441.5,29447.5,RB2-002354,29444.75,29450.75,overlapping_active_same_direction_rb_tapped
1,5199,2026-07-16 11:39:00-04:00,bearish,"(29441.0, 29468.0, 29440.5, 29455.5)",29455.5,29468.0,RB2-002338,29455.0,29459.5,overlapping_active_same_direction_rb_tapped
1,5202,2026-07-16 11:42:00-04:00,bullish,"(29393.75, 29405.5, 29381.75, 29405.5)",29381.75,29393.75,RB2-002355,29370.0,29390.0,overlapping_active_same_direction_rb_tapped
1,5204,2026-07-16 11:44:00-04:00,bullish,"(29389.0, 29400.5, 29380.25, 29397.75)",29380.25,29389.0,RB2-002355,29370.0,29390.0,overlapping_active_same_direction_rb_tapped
1,5207,2026-07-16 11:47:00-04:00,bearish,"(29362.5, 29378.0, 29360.5, 29366.25)",29366.25,29378.0,RB2-002362,29372.5,29381.75,overlapping_active_same_direction_rb_tapped
1,5209,2026-07-16 11:49:00-04:00,bullish,"(29375.5, 29394.25, 29354.5, 29391.0)",29354.5,29375.5,RB2-002363,29363.0,29366.5,overlapping_active_same_direction_rb_tapped
1,5212,2026-07-16 11:52:00-04:00,bearish,"(29421.5, 29435.0, 29411.0, 29420.5)",29421.5,29435.0,RB2-002364,29422.0,29429.5,overlapping_active_same_direction_rb_tapped
1,5218,2026-07-16 11:58:00-04:00,bearish,"(29401.0, 29410.5, 29393.25, 29393.75)",29401.0,29410.5,RB2-002368,29400.0,29412.5,overlapping_active_same_direction_rb_tapped
1,5219,2026-07-16 11:59:00-04:00,bullish,"(29392.25, 29398.5, 29385.5, 29392.5)",29385.5,29392.25,RB2-002367,29373.5,29388.75,overlapping_active_same_direction_rb_tapped
1,5220,2026-07-16 12:00:00-04:00,bullish,"(29392.5, 29395.25, 29366.0, 29377.0)",29366.0,29377.0,RB2-002367,29373.5,29388.75,overlapping_active_same_direction_rb_tapped
1,5223,2026-07-16 12:03:00-04:00,bullish,"(29355.25, 29367.0, 29350.75, 29366.5)",29350.75,29355.25,RB2-002370,29350.25,29356.5,overlapping_active_same_direction_rb_tapped
1,5225,2026-07-16 12:05:00-04:00,bullish,"(29338.75, 29340.5, 29312.75, 29320.0)",29312.75,29320.0,RB2-002316,29315.25,29346.5,overlapping_active_same_direction_rb_tapped
1,5227,2026-07-16 12:07:00-04:00,bearish,"(29334.5, 29350.0, 29329.75, 29337.5)",29337.5,29350.0,RB2-002372,29333.0,29340.0,overlapping_active_same_direction_rb_tapped
1,5229,2026-07-16 12:09:00-04:00,bearish,"(29340.25, 29352.25, 29338.25, 29338.75)",29340.25,29352.25,RB2-002373,29340.5,29355.5,overlapping_active_same_direction_rb_tapped
1,5233,2026-07-16 12:13:00-04:00,bullish,"(29303.0, 29316.0, 29289.25, 29310.5)",29289.25,29303.0,RB2-002314,29255.5,29290.75,overlapping_active_same_direction_rb_tapped
1,5235,2026-07-16 12:15:00-04:00,bullish,"(29293.5, 29300.0, 29279.0, 29299.75)",29279.0,29293.5,RB2-002314,29255.5,29290.75,overlapping_active_same_direction_rb_tapped
1,5236,2026-07-16 12:16:00-04:00,bullish,"(29298.5, 29303.5, 29285.75, 29302.0)",29285.75,29298.5,RB2-002314,29255.5,29290.75,overlapping_active_same_direction_rb_tapped
1,5237,2026-07-16 12:17:00-04:00,bullish,"(29302.0, 29303.0, 29283.5, 29287.5)",29283.5,29287.5,RB2-002314,29255.5,29290.75,overlapping_active_same_direction_rb_tapped
1,5239,2026-07-16 12:19:00-04:00,bullish,"(29312.0, 29313.25, 29290.0, 29299.0)",29290.0,29299.0,RB2-002314,29255.5,29290.75,overlapping_active_same_direction_rb_tapped
1,5242,2026-07-16 12:22:00-04:00,bullish,"(29281.25, 29288.0, 29260.75, 29271.5)",29260.75,29271.5,RB2-002314,29255.5,29290.75,overlapping_active_same_direction_rb_tapped
1,5243,2026-07-16 12:23:00-04:00,bullish,"(29272.0, 29281.5, 29262.75, 29273.75)",29262.75,29272.0,RB2-002314,29255.5,29290.75,overlapping_active_same_direction_rb_tapped
1,5244,2026-07-16 12:24:00-04:00,bearish,"(29273.0, 29287.0, 29266.25, 29279.75)",29279.75,29287.0,RB2-002376,29282.0,29292.75,overlapping_active_same_direction_rb_tapped
1,5245,2026-07-16 12:25:00-04:00,bullish,"(29279.75, 29286.75, 29268.5, 29286.25)",29268.5,29279.75,RB2-002314,29255.5,29290.75,overlapping_active_same_direction_rb_tapped
1,5246,2026-07-16 12:26:00-04:00,bearish,"(29286.25, 29303.0, 29285.0, 29285.75)",29286.25,29303.0,RB2-002376,29282.0,29292.75,overlapping_active_same_direction_rb_tapped
1,5249,2026-07-16 12:29:00-04:00,bullish,"(29308.5, 29309.0, 29284.5, 29299.25)",29284.5,29299.25,RB2-002314,29255.5,29290.75,overlapping_active_same_direction_rb_tapped
1,5251,2026-07-16 12:31:00-04:00,bullish,"(29307.0, 29327.75, 29298.75, 29323.75)",29298.75,29307.0,RB2-002378,29294.25,29300.5,overlapping_active_same_direction_rb_tapped
1,5253,2026-07-16 12:33:00-04:00,bullish,"(29336.25, 29337.25, 29315.25, 29319.75)",29315.25,29319.75,RB2-002379,29317.75,29322.5,overlapping_active_same_direction_rb_tapped
1,5255,2026-07-16 12:35:00-04:00,bullish,"(29313.5, 29318.75, 29290.75, 29299.75)",29290.75,29299.75,RB2-002314,29255.5,29290.75,overlapping_active_same_direction_rb_tapped
1,5256,2026-07-16 12:36:00-04:00,bullish,"(29298.75, 29305.5, 29288.75, 29300.75)",29288.75,29298.75,RB2-002314,29255.5,29290.75,overlapping_active_same_direction_rb_tapped
1,5258,2026-07-16 12:38:00-04:00,bullish,"(29314.5, 29321.5, 29289.75, 29306.75)",29289.75,29306.75,RB2-002314,29255.5,29290.75,overlapping_active_same_direction_rb_tapped
1,5259,2026-07-16 12:39:00-04:00,bullish,"(29305.0, 29307.75, 29289.5, 29292.75)",29289.5,29292.75,RB2-002314,29255.5,29290.75,overlapping_active_same_direction_rb_tapped
1,5260,2026-07-16 12:40:00-04:00,bullish,"(29294.0, 29306.5, 29286.25, 29302.75)",29286.25,29294.0,RB2-002314,29255.5,29290.75,overlapping_active_same_direction_rb_tapped
1,5261,2026-07-16 12:41:00-04:00,bearish,"(29302.75, 29323.75, 29300.0, 29304.75)",29304.75,29323.75,RB2-002380,29319.75,29321.5,overlapping_active_same_direction_rb_tapped
1,5262,2026-07-16 12:42:00-04:00,bullish,"(29303.75, 29303.75, 29286.0, 29291.5)",29286.0,29291.5,RB2-002314,29255.5,29290.75,overlapping_active_same_direction_rb_tapped
1,5264,2026-07-16 12:44:00-04:00,bearish,"(29294.75, 29300.0, 29290.75, 29292.75)",29294.75,29300.0,RB2-002382,29295.0,29300.0,overlapping_active_same_direction_rb_tapped
1,5265,2026-07-16 12:45:00-04:00,bearish,"(29294.75, 29307.0, 29281.25, 29285.5)",29294.75,29307.0,RB2-002382,29295.0,29300.0,overlapping_active_same_direction_rb_tapped
1,5266,2026-07-16 12:46:00-04:00,bullish,"(29285.75, 29288.5, 29270.75, 29285.0)",29270.75,29285.0,RB2-002314,29255.5,29290.75,overlapping_active_same_direction_rb_tapped
1,5267,2026-07-16 12:47:00-04:00,bullish,"(29285.25, 29287.25, 29273.5, 29277.5)",29273.5,29277.5,RB2-002314,29255.5,29290.75,overlapping_active_same_direction_rb_tapped
1,5268,2026-07-16 12:48:00-04:00,bullish,"(29277.25, 29287.5, 29273.75, 29284.75)",29273.75,29277.25,RB2-002314,29255.5,29290.75,overlapping_active_same_direction_rb_tapped
1,5269,2026-07-16 12:49:00-04:00,bullish,"(29284.25, 29291.25, 29276.0, 29284.5)",29276.0,29284.25,RB2-002314,29255.5,29290.75,overlapping_active_same_direction_rb_tapped
1,5270,2026-07-16 12:50:00-04:00,bullish,"(29284.5, 29306.0, 29273.25, 29301.0)",29273.25,29284.5,RB2-002314,29255.5,29290.75,overlapping_active_same_direction_rb_tapped
1,5272,2026-07-16 12:52:00-04:00,bearish,"(29309.75, 29319.0, 29302.75, 29306.5)",29309.75,29319.0,RB2-002383,29308.75,29321.5,overlapping_active_same_direction_rb_tapped
1,5275,2026-07-16 12:55:00-04:00,bearish,"(29321.25, 29351.0, 29320.5, 29343.5)",29343.5,29351.0,RB2-002373,29340.5,29355.5,overlapping_active_same_direction_rb_tapped
1,5277,2026-07-16 12:57:00-04:00,bearish,"(29340.0, 29343.75, 29329.0, 29331.5)",29340.0,29343.75,RB2-002373,29340.5,29355.5,overlapping_active_same_direction_rb_tapped
1,5278,2026-07-16 12:58:00-04:00,bearish,"(29330.5, 29350.0, 29323.0, 29337.5)",29337.5,29350.0,RB2-002373,29340.5,29355.5,overlapping_active_same_direction_rb_tapped
1,5282,2026-07-16 13:02:00-04:00,bullish,"(29305.0, 29307.25, 29285.0, 29292.25)",29285.0,29292.25,RB2-002314,29255.5,29290.75,overlapping_active_same_direction_rb_tapped
1,5283,2026-07-16 13:03:00-04:00,bearish,"(29291.25, 29314.25, 29290.0, 29302.25)",29302.25,29314.25,RB2-002386,29305.0,29317.0,overlapping_active_same_direction_rb_tapped
1,5284,2026-07-16 13:04:00-04:00,bearish,"(29301.75, 29322.5, 29300.25, 29316.5)",29316.5,29322.5,RB2-002386,29305.0,29317.0,overlapping_active_same_direction_rb_tapped
1,5286,2026-07-16 13:06:00-04:00,bullish,"(29302.75, 29304.0, 29286.25, 29302.5)",29286.25,29302.5,RB2-002314,29255.5,29290.75,overlapping_active_same_direction_rb_tapped
1,5289,2026-07-16 13:09:00-04:00,bearish,"(29327.75, 29333.25, 29319.25, 29324.25)",29327.75,29333.25,RB2-002389,29327.75,29333.25,overlapping_active_same_direction_rb_tapped
1,5290,2026-07-16 13:10:00-04:00,bearish,"(29324.5, 29334.25, 29322.75, 29324.5)",29324.5,29334.25,RB2-002389,29327.75,29333.25,overlapping_active_same_direction_rb_tapped
1,5291,2026-07-16 13:11:00-04:00,bearish,"(29324.25, 29330.0, 29306.75, 29311.5)",29324.25,29330.0,RB2-002389,29327.75,29333.25,overlapping_active_same_direction_rb_tapped
1,5294,2026-07-16 13:14:00-04:00,bullish,"(29298.25, 29298.25, 29284.5, 29288.0)",29284.5,29288.0,RB2-002314,29255.5,29290.75,overlapping_active_same_direction_rb_tapped
1,5295,2026-07-16 13:15:00-04:00,bearish,"(29288.5, 29310.5, 29283.0, 29304.75)",29304.75,29310.5,RB2-002391,29306.75,29315.75,overlapping_active_same_direction_rb_tapped
1,5296,2026-07-16 13:16:00-04:00,bullish,"(29303.25, 29303.5, 29280.5, 29293.25)",29280.5,29293.25,RB2-002314,29255.5,29290.75,overlapping_active_same_direction_rb_tapped
1,5297,2026-07-16 13:17:00-04:00,bullish,"(29294.0, 29294.25, 29277.5, 29281.75)",29277.5,29281.75,RB2-002314,29255.5,29290.75,overlapping_active_same_direction_rb_tapped
1,5300,2026-07-16 13:20:00-04:00,bearish,"(29298.25, 29306.25, 29286.5, 29289.75)",29298.25,29306.25,RB2-002392,29298.25,29302.75,overlapping_active_same_direction_rb_tapped
1,5301,2026-07-16 13:21:00-04:00,bullish,"(29289.25, 29292.5, 29282.25, 29286.5)",29282.25,29286.5,RB2-002314,29255.5,29290.75,overlapping_active_same_direction_rb_tapped
1,5302,2026-07-16 13:22:00-04:00,bullish,"(29286.0, 29288.25, 29278.5, 29281.5)",29278.5,29281.5,RB2-002314,29255.5,29290.75,overlapping_active_same_direction_rb_tapped
1,5304,2026-07-16 13:24:00-04:00,bearish,"(29284.0, 29294.0, 29278.75, 29278.75)",29284.0,29294.0,RB2-002393,29284.25,29290.0,overlapping_active_same_direction_rb_tapped
1,5305,2026-07-16 13:25:00-04:00,bullish,"(29279.5, 29286.75, 29275.0, 29286.0)",29275.0,29279.5,RB2-002314,29255.5,29290.75,overlapping_active_same_direction_rb_tapped
1,5306,2026-07-16 13:26:00-04:00,bearish,"(29286.5, 29310.0, 29280.5, 29301.5)",29301.5,29310.0,RB2-002391,29306.75,29315.75,overlapping_active_same_direction_rb_tapped
1,5308,2026-07-16 13:28:00-04:00,bearish,"(29316.0, 29343.0, 29316.0, 29335.5)",29335.5,29343.0,RB2-002373,29340.5,29355.5,overlapping_active_same_direction_rb_tapped
1,5310,2026-07-16 13:30:00-04:00,bearish,"(29334.0, 29345.0, 29328.5, 29329.75)",29334.0,29345.0,RB2-002373,29340.5,29355.5,overlapping_active_same_direction_rb_tapped
1,5314,2026-07-16 13:34:00-04:00,bullish,"(29295.5, 29297.25, 29280.5, 29287.5)",29280.5,29287.5,RB2-002314,29255.5,29290.75,overlapping_active_same_direction_rb_tapped
1,5316,2026-07-16 13:36:00-04:00,bearish,"(29284.25, 29297.25, 29282.5, 29288.0)",29288.0,29297.25,RB2-002398,29288.25,29292.0,overlapping_active_same_direction_rb_tapped
1,5319,2026-07-16 13:39:00-04:00,bullish,"(29280.0, 29280.0, 29266.5, 29270.0)",29266.5,29270.0,RB2-002314,29255.5,29290.75,overlapping_active_same_direction_rb_tapped
1,5322,2026-07-16 13:42:00-04:00,bearish,"(29243.5, 29253.0, 29237.25, 29242.75)",29243.5,29253.0,RB2-002401,29251.75,29257.25,overlapping_active_same_direction_rb_tapped
1,5324,2026-07-16 13:44:00-04:00,bullish,"(29235.75, 29244.25, 29232.75, 29243.75)",29232.75,29235.75,RB2-002402,29230.0,29236.75,overlapping_active_same_direction_rb_tapped
1,5326,2026-07-16 13:46:00-04:00,bullish,"(29226.25, 29240.25, 29219.0, 29238.5)",29219.0,29226.25,RB2-002403,29219.25,29226.5,overlapping_active_same_direction_rb_tapped
1,5327,2026-07-16 13:47:00-04:00,bearish,"(29239.5, 29255.75, 29238.75, 29247.75)",29247.75,29255.75,RB2-002401,29251.75,29257.25,overlapping_active_same_direction_rb_tapped
1,5330,2026-07-16 13:50:00-04:00,bearish,"(29257.5, 29264.25, 29250.5, 29257.0)",29257.5,29264.25,RB2-002405,29259.25,29268.0,overlapping_active_same_direction_rb_tapped
1,5332,2026-07-16 13:52:00-04:00,bullish,"(29245.25, 29246.0, 29235.0, 29244.25)",29235.0,29244.25,RB2-002404,29238.0,29247.0,overlapping_active_same_direction_rb_tapped
1,5333,2026-07-16 13:53:00-04:00,bearish,"(29244.25, 29269.0, 29242.0, 29262.0)",29262.0,29269.0,RB2-002405,29259.25,29268.0,overlapping_active_same_direction_rb_tapped
1,5334,2026-07-16 13:54:00-04:00,bearish,"(29262.75, 29268.0, 29250.0, 29250.75)",29262.75,29268.0,RB2-002405,29259.25,29268.0,overlapping_active_same_direction_rb_tapped
1,5336,2026-07-16 13:56:00-04:00,bullish,"(29238.0, 29239.5, 29224.0, 29236.75)",29224.0,29236.75,RB2-002403,29219.25,29226.5,overlapping_active_same_direction_rb_tapped
1,5337,2026-07-16 13:57:00-04:00,bullish,"(29236.5, 29238.0, 29225.75, 29228.75)",29225.75,29228.75,RB2-002403,29219.25,29226.5,overlapping_active_same_direction_rb_tapped
1,5341,2026-07-16 14:01:00-04:00,bearish,"(29255.75, 29260.5, 29249.25, 29253.25)",29255.75,29260.5,RB2-002405,29259.25,29268.0,overlapping_active_same_direction_rb_tapped
1,5342,2026-07-16 14:02:00-04:00,bullish,"(29252.5, 29254.25, 29236.0, 29243.25)",29236.0,29243.25,RB2-002408,29233.0,29244.25,overlapping_active_same_direction_rb_tapped
1,5343,2026-07-16 14:03:00-04:00,bullish,"(29242.25, 29245.25, 29234.25, 29240.25)",29234.25,29240.25,RB2-002408,29233.0,29244.25,overlapping_active_same_direction_rb_tapped
1,5345,2026-07-16 14:05:00-04:00,bullish,"(29235.25, 29240.5, 29230.25, 29236.0)",29230.25,29235.25,RB2-002408,29233.0,29244.25,overlapping_active_same_direction_rb_tapped
1,5346,2026-07-16 14:06:00-04:00,bearish,"(29235.0, 29243.0, 29231.25, 29239.0)",29239.0,29243.0,RB2-002409,29240.5,29251.25,overlapping_active_same_direction_rb_tapped
1,5348,2026-07-16 14:08:00-04:00,bullish,"(29235.75, 29240.5, 29223.5, 29236.0)",29223.5,29235.75,RB2-002403,29219.25,29226.5,overlapping_active_same_direction_rb_tapped
1,5349,2026-07-16 14:09:00-04:00,bearish,"(29235.25, 29248.5, 29224.75, 29236.5)",29236.5,29248.5,RB2-002409,29240.5,29251.25,overlapping_active_same_direction_rb_tapped
1,5350,2026-07-16 14:10:00-04:00,bearish,"(29235.75, 29263.75, 29235.75, 29250.0)",29250.0,29263.75,RB2-002405,29259.25,29268.0,overlapping_active_same_direction_rb_tapped
1,5351,2026-07-16 14:11:00-04:00,bearish,"(29251.25, 29279.5, 29249.25, 29264.75)",29264.75,29279.5,RB2-002399,29279.0,29288.5,overlapping_active_same_direction_rb_tapped
1,5354,2026-07-16 14:14:00-04:00,bearish,"(29260.25, 29266.0, 29233.0, 29233.0)",29260.25,29266.0,RB2-002410,29264.75,29278.0,overlapping_active_same_direction_rb_tapped
1,5355,2026-07-16 14:15:00-04:00,bullish,"(29232.75, 29234.75, 29217.25, 29228.5)",29217.25,29228.5,RB2-002403,29219.25,29226.5,overlapping_active_same_direction_rb_tapped
1,5357,2026-07-16 14:17:00-04:00,bearish,"(29270.0, 29277.0, 29266.25, 29270.0)",29270.0,29277.0,RB2-002410,29264.75,29278.0,overlapping_active_same_direction_rb_tapped
1,5358,2026-07-16 14:18:00-04:00,bearish,"(29269.5, 29272.75, 29260.0, 29261.75)",29269.5,29272.75,RB2-002410,29264.75,29278.0,overlapping_active_same_direction_rb_tapped
1,5359,2026-07-16 14:19:00-04:00,bearish,"(29261.75, 29275.75, 29258.0, 29268.0)",29268.0,29275.75,RB2-002410,29264.75,29278.0,overlapping_active_same_direction_rb_tapped
1,5360,2026-07-16 14:20:00-04:00,bearish,"(29268.5, 29290.75, 29264.25, 29281.25)",29281.25,29290.75,RB2-002399,29279.0,29288.5,overlapping_active_same_direction_rb_tapped
1,5362,2026-07-16 14:22:00-04:00,bearish,"(29295.25, 29304.0, 29289.5, 29293.5)",29295.25,29304.0,RB2-002412,29295.0,29299.25,overlapping_active_same_direction_rb_tapped
1,5365,2026-07-16 14:25:00-04:00,bearish,"(29290.5, 29299.75, 29273.0, 29273.5)",29290.5,29299.75,RB2-002414,29289.5,29295.75,overlapping_active_same_direction_rb_tapped
1,5366,2026-07-16 14:26:00-04:00,bullish,"(29274.5, 29298.5, 29266.5, 29293.5)",29266.5,29274.5,RB2-002413,29273.0,29287.0,overlapping_active_same_direction_rb_tapped
1,5368,2026-07-16 14:28:00-04:00,bearish,"(29281.75, 29295.25, 29274.5, 29276.5)",29281.75,29295.25,RB2-002415,29295.0,29303.25,overlapping_active_same_direction_rb_tapped
1,5371,2026-07-16 14:31:00-04:00,bullish,"(29251.75, 29255.5, 29244.25, 29248.25)",29244.25,29248.25,RB2-002417,29243.25,29250.75,overlapping_active_same_direction_rb_tapped
1,5373,2026-07-16 14:33:00-04:00,bearish,"(29248.0, 29257.75, 29243.25, 29249.5)",29249.5,29257.75,RB2-002418,29249.0,29261.0,overlapping_active_same_direction_rb_tapped
1,5374,2026-07-16 14:34:00-04:00,bullish,"(29249.5, 29254.5, 29238.0, 29245.5)",29238.0,29245.5,RB2-002417,29243.25,29250.75,overlapping_active_same_direction_rb_tapped
1,5383,2026-07-16 14:43:00-04:00,bearish,"(29226.75, 29244.75, 29226.0, 29238.75)",29238.75,29244.75,RB2-002421,29233.75,29241.75,overlapping_active_same_direction_rb_tapped
1,5384,2026-07-16 14:44:00-04:00,bearish,"(29238.5, 29249.5, 29232.0, 29237.75)",29238.5,29249.5,RB2-002418,29249.0,29261.0,overlapping_active_same_direction_rb_tapped
1,5385,2026-07-16 14:45:00-04:00,bearish,"(29237.5, 29250.0, 29222.5, 29234.75)",29237.5,29250.0,RB2-002418,29249.0,29261.0,overlapping_active_same_direction_rb_tapped
1,5387,2026-07-16 14:47:00-04:00,bearish,"(29236.5, 29245.5, 29228.75, 29236.0)",29236.5,29245.5,RB2-002426,29236.0,29242.5,overlapping_active_same_direction_rb_tapped
1,5389,2026-07-16 14:49:00-04:00,bearish,"(29250.25, 29253.25, 29241.5, 29244.25)",29250.25,29253.25,RB2-002418,29249.0,29261.0,overlapping_active_same_direction_rb_tapped
1,5393,2026-07-16 14:53:00-04:00,bullish,"(29225.0, 29227.0, 29213.75, 29217.75)",29213.75,29217.75,RB2-002425,29206.5,29215.25,overlapping_active_same_direction_rb_tapped
1,5394,2026-07-16 14:54:00-04:00,bullish,"(29218.75, 29220.75, 29210.0, 29212.25)",29210.0,29212.25,RB2-002425,29206.5,29215.25,overlapping_active_same_direction_rb_tapped
1,5395,2026-07-16 14:55:00-04:00,bullish,"(29213.0, 29213.75, 29202.0, 29204.5)",29202.0,29204.5,RB2-002423,29198.5,29205.25,overlapping_active_same_direction_rb_tapped
1,5397,2026-07-16 14:57:00-04:00,bearish,"(29214.5, 29223.5, 29202.0, 29204.0)",29214.5,29223.5,RB2-002428,29214.0,29216.25,overlapping_active_same_direction_rb_tapped
1,5398,2026-07-16 14:58:00-04:00,bullish,"(29203.0, 29217.5, 29200.25, 29216.75)",29200.25,29203.0,RB2-002423,29198.5,29205.25,overlapping_active_same_direction_rb_tapped
1,5400,2026-07-16 15:00:00-04:00,bullish,"(29210.0, 29228.75, 29202.75, 29228.25)",29202.75,29210.0,RB2-002423,29198.5,29205.25,overlapping_active_same_direction_rb_tapped
1,5404,2026-07-16 15:04:00-04:00,bearish,"(29233.5, 29240.75, 29221.75, 29228.25)",29233.5,29240.75,RB2-002431,29235.0,29242.0,overlapping_active_same_direction_rb_tapped
1,5405,2026-07-16 15:05:00-04:00,bullish,"(29227.0, 29240.75, 29217.0, 29238.25)",29217.0,29227.0,RB2-002432,29220.0,29233.0,overlapping_active_same_direction_rb_tapped
1,5408,2026-07-16 15:08:00-04:00,bullish,"(29192.25, 29196.0, 29176.25, 29189.5)",29176.25,29189.5,RB2-002433,29185.0,29192.5,overlapping_active_same_direction_rb_tapped
1,5411,2026-07-16 15:11:00-04:00,bearish,"(29188.5, 29197.25, 29183.5, 29188.25)",29188.5,29197.25,RB2-002435,29188.5,29195.25,overlapping_active_same_direction_rb_tapped
1,5414,2026-07-16 15:14:00-04:00,bullish,"(29178.5, 29185.0, 29177.0, 29183.75)",29177.0,29178.5,RB2-002436,29176.0,29183.5,overlapping_active_same_direction_rb_tapped
1,5416,2026-07-16 15:16:00-04:00,bearish,"(29174.0, 29186.25, 29172.75, 29173.75)",29174.0,29186.25,RB2-002437,29183.0,29188.5,overlapping_active_same_direction_rb_tapped
1,5421,2026-07-16 15:21:00-04:00,bullish,"(29161.25, 29182.25, 29157.5, 29180.0)",29157.5,29161.25,RB2-002440,29157.25,29162.5,overlapping_active_same_direction_rb_tapped
1,5425,2026-07-16 15:25:00-04:00,bearish,"(29149.75, 29157.75, 29141.25, 29141.75)",29149.75,29157.75,RB2-002443,29150.0,29156.5,overlapping_active_same_direction_rb_tapped
1,5429,2026-07-16 15:29:00-04:00,bearish,"(29143.0, 29160.25, 29142.75, 29148.5)",29148.5,29160.25,RB2-002443,29150.0,29156.5,overlapping_active_same_direction_rb_tapped
1,5430,2026-07-16 15:30:00-04:00,bearish,"(29147.5, 29170.25, 29127.25, 29148.25)",29148.25,29170.25,RB2-002442,29160.5,29163.25,overlapping_active_same_direction_rb_tapped
1,5435,2026-07-16 15:35:00-04:00,bearish,"(29149.0, 29154.25, 29132.5, 29134.25)",29149.0,29154.25,RB2-002447,29149.5,29154.25,overlapping_active_same_direction_rb_tapped
1,5437,2026-07-16 15:37:00-04:00,bullish,"(29122.5, 29137.25, 29117.25, 29136.5)",29117.25,29122.5,RB2-002445,29118.25,29126.25,overlapping_active_same_direction_rb_tapped
1,5441,2026-07-16 15:41:00-04:00,bearish,"(29143.0, 29160.75, 29143.0, 29156.75)",29156.75,29160.75,RB2-002449,29155.5,29162.75,overlapping_active_same_direction_rb_tapped
1,5442,2026-07-16 15:42:00-04:00,bullish,"(29156.75, 29160.25, 29144.0, 29156.0)",29144.0,29156.0,RB2-002450,29132.5,29144.0,overlapping_active_same_direction_rb_tapped
1,5443,2026-07-16 15:43:00-04:00,bearish,"(29156.0, 29160.5, 29134.25, 29136.0)",29156.0,29160.5,RB2-002449,29155.5,29162.75,overlapping_active_same_direction_rb_tapped
1,5444,2026-07-16 15:44:00-04:00,bullish,"(29136.0, 29138.5, 29118.5, 29121.5)",29118.5,29121.5,RB2-002445,29118.25,29126.25,overlapping_active_same_direction_rb_tapped
1,5445,2026-07-16 15:45:00-04:00,bullish,"(29121.25, 29124.75, 29102.75, 29120.75)",29102.75,29120.75,RB2-002445,29118.25,29126.25,overlapping_active_same_direction_rb_tapped
1,5449,2026-07-16 15:49:00-04:00,bullish,"(29086.0, 29095.75, 29079.5, 29094.25)",29079.5,29086.0,RB2-002453,29078.5,29085.5,overlapping_active_same_direction_rb_tapped
1,5453,2026-07-16 15:53:00-04:00,bullish,"(29161.5, 29172.5, 29151.5, 29168.25)",29151.5,29161.5,RB2-002456,29147.75,29154.75,overlapping_active_same_direction_rb_tapped
1,5454,2026-07-16 15:54:00-04:00,bullish,"(29167.5, 29175.5, 29154.25, 29174.0)",29154.25,29167.5,RB2-002456,29147.75,29154.75,overlapping_active_same_direction_rb_tapped
1,5457,2026-07-16 15:57:00-04:00,bullish,"(29202.5, 29205.25, 29192.0, 29199.75)",29192.0,29199.75,RB2-002458,29185.75,29202.5,overlapping_active_same_direction_rb_tapped
1,5458,2026-07-16 15:58:00-04:00,bullish,"(29200.0, 29204.25, 29193.5, 29200.75)",29193.5,29200.0,RB2-002458,29185.75,29202.5,overlapping_active_same_direction_rb_tapped
1,5459,2026-07-16 15:59:00-04:00,bearish,"(29201.0, 29238.25, 29200.25, 29217.0)",29217.0,29238.25,RB2-002431,29235.0,29242.0,overlapping_active_same_direction_rb_tapped
1,5460,2026-07-16 16:00:00-04:00,bullish,"(29216.75, 29226.0, 29201.75, 29220.5)",29201.75,29216.75,RB2-002458,29185.75,29202.5,overlapping_active_same_direction_rb_tapped
1,5462,2026-07-16 16:02:00-04:00,bearish,"(29201.5, 29226.0, 29197.5, 29209.25)",29209.25,29226.0,RB2-002459,29220.5,29231.25,overlapping_active_same_direction_rb_tapped
1,5463,2026-07-16 16:03:00-04:00,bearish,"(29207.75, 29224.5, 29205.75, 29206.0)",29207.75,29224.5,RB2-002459,29220.5,29231.25,overlapping_active_same_direction_rb_tapped
1,5464,2026-07-16 16:04:00-04:00,bullish,"(29206.0, 29206.5, 29191.0, 29199.0)",29191.0,29199.0,RB2-002458,29185.75,29202.5,overlapping_active_same_direction_rb_tapped
1,5465,2026-07-16 16:05:00-04:00,bullish,"(29198.75, 29199.25, 29180.0, 29189.0)",29180.0,29189.0,RB2-002458,29185.75,29202.5,overlapping_active_same_direction_rb_tapped
1,5468,2026-07-16 16:08:00-04:00,bearish,"(29190.25, 29195.0, 29188.75, 29191.5)",29191.5,29195.0,RB2-002461,29190.75,29202.0,overlapping_active_same_direction_rb_tapped
1,5470,2026-07-16 16:10:00-04:00,bullish,"(29182.0, 29186.0, 29177.25, 29182.0)",29177.25,29182.0,RB2-002462,29175.75,29183.0,overlapping_active_same_direction_rb_tapped
1,5471,2026-07-16 16:11:00-04:00,bullish,"(29181.5, 29185.0, 29175.75, 29181.25)",29175.75,29181.25,RB2-002462,29175.75,29183.0,overlapping_active_same_direction_rb_tapped
1,5472,2026-07-16 16:12:00-04:00,bullish,"(29181.75, 29185.0, 29177.5, 29181.25)",29177.5,29181.25,RB2-002462,29175.75,29183.0,overlapping_active_same_direction_rb_tapped
1,5475,2026-07-16 16:15:00-04:00,bearish,"(29167.5, 29173.75, 29162.75, 29167.25)",29167.5,29173.75,RB2-002464,29171.75,29174.5,overlapping_active_same_direction_rb_tapped
1,5477,2026-07-16 16:17:00-04:00,bearish,"(29175.5, 29181.75, 29174.0, 29174.75)",29175.5,29181.75,RB2-002463,29181.25,29185.25,overlapping_active_same_direction_rb_tapped
1,5478,2026-07-16 16:18:00-04:00,bearish,"(29175.5, 29191.75, 29175.5, 29188.25)",29188.25,29191.75,RB2-002461,29190.75,29202.0,overlapping_active_same_direction_rb_tapped
1,5480,2026-07-16 16:20:00-04:00,bearish,"(29187.5, 29200.0, 29186.5, 29191.0)",29191.0,29200.0,RB2-002461,29190.75,29202.0,overlapping_active_same_direction_rb_tapped
1,5481,2026-07-16 16:21:00-04:00,bearish,"(29191.0, 29196.75, 29186.25, 29187.0)",29191.0,29196.75,RB2-002461,29190.75,29202.0,overlapping_active_same_direction_rb_tapped
1,5482,2026-07-16 16:22:00-04:00,bullish,"(29186.75, 29189.5, 29180.5, 29189.5)",29180.5,29186.75,RB2-002466,29183.25,29186.75,overlapping_active_same_direction_rb_tapped
1,5483,2026-07-16 16:23:00-04:00,bearish,"(29190.5, 29195.0, 29188.25, 29192.5)",29192.5,29195.0,RB2-002461,29190.75,29202.0,overlapping_active_same_direction_rb_tapped
1,5485,2026-07-16 16:25:00-04:00,bullish,"(29191.0, 29192.0, 29187.0, 29189.5)",29187.0,29189.5,RB2-002467,29184.75,29191.5,overlapping_active_same_direction_rb_tapped
1,5486,2026-07-16 16:26:00-04:00,bullish,"(29189.75, 29190.5, 29186.0, 29188.75)",29186.0,29188.75,RB2-002467,29184.75,29191.5,overlapping_active_same_direction_rb_tapped
1,5487,2026-07-16 16:27:00-04:00,bearish,"(29188.0, 29191.25, 29185.25, 29186.0)",29188.0,29191.25,RB2-002461,29190.75,29202.0,overlapping_active_same_direction_rb_tapped
1,5492,2026-07-16 16:32:00-04:00,bullish,"(29167.5, 29172.0, 29164.0, 29171.75)",29164.0,29167.5,RB2-002470,29164.5,29167.75,overlapping_active_same_direction_rb_tapped
1,5493,2026-07-16 16:33:00-04:00,bullish,"(29172.5, 29173.75, 29166.5, 29168.25)",29166.5,29168.25,RB2-002470,29164.5,29167.75,overlapping_active_same_direction_rb_tapped
1,5499,2026-07-16 16:39:00-04:00,bearish,"(29184.75, 29185.75, 29182.0, 29182.25)",29184.75,29185.75,RB2-002474,29185.25,29187.5,overlapping_active_same_direction_rb_tapped
1,5500,2026-07-16 16:40:00-04:00,bearish,"(29182.5, 29189.75, 29182.5, 29184.75)",29184.75,29189.75,RB2-002474,29185.25,29187.5,overlapping_active_same_direction_rb_tapped
1,5504,2026-07-16 16:44:00-04:00,bullish,"(29174.75, 29175.25, 29170.0, 29174.5)",29170.0,29174.5,RB2-002476,29171.0,29173.5,overlapping_active_same_direction_rb_tapped
1,5505,2026-07-16 16:45:00-04:00,bearish,"(29172.75, 29178.25, 29171.5, 29176.75)",29176.75,29178.25,RB2-002477,29175.0,29178.0,overlapping_active_same_direction_rb_tapped
1,5506,2026-07-16 16:46:00-04:00,bearish,"(29177.25, 29180.0, 29175.5, 29177.5)",29177.5,29180.0,RB2-002477,29175.0,29178.0,overlapping_active_same_direction_rb_tapped
1,5508,2026-07-16 16:48:00-04:00,bullish,"(29173.5, 29174.25, 29167.5, 29172.0)",29167.5,29172.0,RB2-002470,29164.5,29167.75,overlapping_active_same_direction_rb_tapped
1,5510,2026-07-16 16:50:00-04:00,bearish,"(29171.5, 29173.75, 29170.5, 29172.5)",29172.5,29173.75,RB2-002479,29171.75,29175.5,overlapping_active_same_direction_rb_tapped
1,5512,2026-07-16 16:52:00-04:00,bullish,"(29172.75, 29174.0, 29170.0, 29172.75)",29170.0,29172.75,RB2-002480,29169.0,29172.5,overlapping_active_same_direction_rb_tapped
1,5513,2026-07-16 16:53:00-04:00,bearish,"(29172.5, 29177.0, 29172.5, 29175.5)",29175.5,29177.0,RB2-002479,29171.75,29175.5,overlapping_active_same_direction_rb_tapped
1,5515,2026-07-16 16:55:00-04:00,bullish,"(29175.0, 29177.75, 29169.0, 29174.25)",29169.0,29174.25,RB2-002480,29169.0,29172.5,overlapping_active_same_direction_rb_tapped
1,5517,2026-07-16 16:57:00-04:00,bullish,"(29173.75, 29175.75, 29171.25, 29174.5)",29171.25,29173.75,RB2-002480,29169.0,29172.5,overlapping_active_same_direction_rb_tapped
1,5518,2026-07-16 16:58:00-04:00,bearish,"(29176.0, 29178.75, 29174.25, 29175.75)",29176.0,29178.75,RB2-002481,29175.25,29178.0,overlapping_active_same_direction_rb_tapped
1,5521,2026-07-16 18:01:00-04:00,bearish,"(29211.25, 29214.25, 29195.25, 29196.5)",29211.25,29214.25,RB2-002483,29210.0,29215.0,overlapping_active_same_direction_rb_tapped
1,5527,2026-07-16 18:07:00-04:00,bullish,"(29211.25, 29211.25, 29203.0, 29204.75)",29203.0,29204.75,RB2-002487,29200.75,29205.75,overlapping_active_same_direction_rb_tapped
1,5528,2026-07-16 18:08:00-04:00,bullish,"(29206.75, 29207.0, 29200.0, 29202.5)",29200.0,29202.5,RB2-002487,29200.75,29205.75,overlapping_active_same_direction_rb_tapped
1,5529,2026-07-16 18:09:00-04:00,bullish,"(29203.25, 29203.75, 29199.75, 29202.25)",29199.75,29202.25,RB2-002487,29200.75,29205.75,overlapping_active_same_direction_rb_tapped
1,5530,2026-07-16 18:10:00-04:00,bullish,"(29204.25, 29205.25, 29193.25, 29199.75)",29193.25,29199.75,RB2-002484,29189.0,29197.75,overlapping_active_same_direction_rb_tapped
1,5531,2026-07-16 18:11:00-04:00,bullish,"(29199.0, 29202.0, 29195.0, 29202.0)",29195.0,29199.0,RB2-002484,29189.0,29197.75,overlapping_active_same_direction_rb_tapped
1,5532,2026-07-16 18:12:00-04:00,bullish,"(29203.25, 29203.25, 29197.5, 29198.75)",29197.5,29198.75,RB2-002484,29189.0,29197.75,overlapping_active_same_direction_rb_tapped
1,5533,2026-07-16 18:13:00-04:00,bullish,"(29200.25, 29201.75, 29166.25, 29190.25)",29166.25,29190.25,RB2-002470,29164.5,29167.75,overlapping_active_same_direction_rb_tapped
1,5537,2026-07-16 18:17:00-04:00,bullish,"(29172.5, 29175.25, 29167.75, 29172.75)",29167.75,29172.5,RB2-002470,29164.5,29167.75,overlapping_active_same_direction_rb_tapped
1,5538,2026-07-16 18:18:00-04:00,bullish,"(29173.5, 29175.75, 29166.25, 29170.75)",29166.25,29170.75,RB2-002470,29164.5,29167.75,overlapping_active_same_direction_rb_tapped
1,5542,2026-07-16 18:22:00-04:00,bullish,"(29159.25, 29160.5, 29153.75, 29160.5)",29153.75,29159.25,RB2-002456,29147.75,29154.75,overlapping_active_same_direction_rb_tapped
1,5544,2026-07-16 18:24:00-04:00,bullish,"(29166.5, 29167.5, 29159.0, 29160.5)",29159.0,29160.5,RB2-002492,29159.5,29162.0,overlapping_active_same_direction_rb_tapped
1,5545,2026-07-16 18:25:00-04:00,bullish,"(29160.0, 29162.25, 29143.75, 29150.5)",29143.75,29150.5,RB2-002456,29147.75,29154.75,overlapping_active_same_direction_rb_tapped
1,5548,2026-07-16 18:28:00-04:00,bullish,"(29148.0, 29149.5, 29144.5, 29146.25)",29144.5,29146.25,RB2-002493,29144.25,29150.0,overlapping_active_same_direction_rb_tapped
1,5550,2026-07-16 18:30:00-04:00,bullish,"(29139.0, 29142.75, 29135.0, 29139.0)",29135.0,29139.0,RB2-002455,29126.75,29135.5,overlapping_active_same_direction_rb_tapped
1,5557,2026-07-16 18:37:00-04:00,bearish,"(29148.5, 29156.75, 29148.25, 29151.25)",29151.25,29156.75,RB2-002497,29156.75,29159.25,overlapping_active_same_direction_rb_tapped
1,5560,2026-07-16 18:40:00-04:00,bearish,"(29153.5, 29154.75, 29147.0, 29147.5)",29153.5,29154.75,RB2-002500,29153.25,29154.0,overlapping_active_same_direction_rb_tapped
1,5562,2026-07-16 18:42:00-04:00,bullish,"(29140.25, 29142.25, 29132.5, 29135.0)",29132.5,29135.0,RB2-002455,29126.75,29135.5,overlapping_active_same_direction_rb_tapped
1,5563,2026-07-16 18:43:00-04:00,bullish,"(29136.0, 29139.0, 29130.75, 29137.5)",29130.75,29136.0,RB2-002455,29126.75,29135.5,overlapping_active_same_direction_rb_tapped
1,5567,2026-07-16 18:47:00-04:00,bearish,"(29145.5, 29146.75, 29143.75, 29144.0)",29145.5,29146.75,RB2-002504,29146.5,29149.75,overlapping_active_same_direction_rb_tapped
1,5568,2026-07-16 18:48:00-04:00,bullish,"(29145.0, 29145.0, 29132.0, 29135.0)",29132.0,29135.0,RB2-002455,29126.75,29135.5,overlapping_active_same_direction_rb_tapped
1,5569,2026-07-16 18:49:00-04:00,bullish,"(29135.25, 29135.5, 29125.0, 29128.0)",29125.0,29128.0,RB2-002455,29126.75,29135.5,overlapping_active_same_direction_rb_tapped
1,5573,2026-07-16 18:53:00-04:00,bearish,"(29127.0, 29132.0, 29125.0, 29125.0)",29127.0,29132.0,RB2-002505,29131.25,29132.5,overlapping_active_same_direction_rb_tapped
1,5577,2026-07-16 18:57:00-04:00,bearish,"(29125.25, 29131.5, 29125.25, 29128.0)",29128.0,29131.5,RB2-002505,29131.25,29132.5,overlapping_active_same_direction_rb_tapped
1,5578,2026-07-16 18:58:00-04:00,bearish,"(29129.25, 29148.75, 29129.0, 29130.75)",29130.75,29148.75,RB2-002504,29146.5,29149.75,overlapping_active_same_direction_rb_tapped
1,5580,2026-07-16 19:00:00-04:00,bullish,"(29134.75, 29141.0, 29106.25, 29135.0)",29106.25,29134.75,RB2-002507,29115.25,29123.25,overlapping_active_same_direction_rb_tapped
1,5585,2026-07-16 19:05:00-04:00,bullish,"(29135.25, 29136.0, 29120.0, 29128.75)",29120.0,29128.75,RB2-002509,29126.75,29129.5,overlapping_active_same_direction_rb_tapped
1,5587,2026-07-16 19:07:00-04:00,bearish,"(29128.0, 29131.25, 29127.0, 29129.5)",29129.5,29131.25,RB2-002510,29126.75,29130.25,overlapping_active_same_direction_rb_tapped
1,5591,2026-07-16 19:11:00-04:00,bullish,"(29110.25, 29112.0, 29108.25, 29112.0)",29108.25,29110.25,RB2-002513,29110.25,29111.5,overlapping_active_same_direction_rb_tapped
1,5596,2026-07-16 19:16:00-04:00,bullish,"(29128.0, 29130.0, 29123.0, 29125.75)",29123.0,29125.75,RB2-002516,29122.5,29125.75,overlapping_active_same_direction_rb_tapped
1,5600,2026-07-16 19:20:00-04:00,bullish,"(29110.0, 29112.0, 29105.25, 29108.25)",29105.25,29108.25,RB2-002518,29106.75,29111.75,overlapping_active_same_direction_rb_tapped
1,5606,2026-07-16 19:26:00-04:00,bullish,"(29086.5, 29091.0, 29075.75, 29088.25)",29075.75,29086.5,RB2-002453,29078.5,29085.5,overlapping_active_same_direction_rb_tapped
1,5607,2026-07-16 19:27:00-04:00,bearish,"(29087.75, 29101.25, 29087.75, 29097.75)",29097.75,29101.25,RB2-002522,29097.5,29099.25,overlapping_active_same_direction_rb_tapped
1,5614,2026-07-16 19:34:00-04:00,bearish,"(29069.25, 29089.25, 29068.25, 29080.0)",29080.0,29089.25,RB2-002527,29089.0,29096.5,overlapping_active_same_direction_rb_tapped
1,5616,2026-07-16 19:36:00-04:00,bullish,"(29067.0, 29067.0, 29061.75, 29066.25)",29061.75,29066.25,RB2-002530,29061.75,29065.75,overlapping_active_same_direction_rb_tapped
1,5617,2026-07-16 19:37:00-04:00,bullish,"(29066.0, 29068.25, 29060.0, 29065.75)",29060.0,29065.75,RB2-002530,29061.75,29065.75,overlapping_active_same_direction_rb_tapped
1,5620,2026-07-16 19:40:00-04:00,bearish,"(29104.5, 29129.75, 29103.25, 29124.75)",29124.75,29129.75,RB2-002517,29124.75,29126.25,overlapping_active_same_direction_rb_tapped
1,5626,2026-07-16 19:46:00-04:00,bullish,"(29097.0, 29101.0, 29089.25, 29099.25)",29089.25,29097.0,RB2-002535,29089.5,29097.25,overlapping_active_same_direction_rb_tapped
1,5628,2026-07-16 19:48:00-04:00,bullish,"(29110.75, 29112.0, 29090.75, 29094.5)",29090.75,29094.5,RB2-002535,29089.5,29097.25,overlapping_active_same_direction_rb_tapped
1,5629,2026-07-16 19:49:00-04:00,bullish,"(29095.75, 29100.5, 29091.75, 29098.75)",29091.75,29095.75,RB2-002535,29089.5,29097.25,overlapping_active_same_direction_rb_tapped
1,5632,2026-07-16 19:52:00-04:00,bearish,"(29108.75, 29118.0, 29105.25, 29105.25)",29108.75,29118.0,RB2-002533,29115.75,29118.0,overlapping_active_same_direction_rb_tapped
1,5634,2026-07-16 19:54:00-04:00,bullish,"(29104.5, 29111.25, 29093.5, 29108.75)",29093.5,29104.5,RB2-002535,29089.5,29097.25,overlapping_active_same_direction_rb_tapped
1,5637,2026-07-16 19:57:00-04:00,bullish,"(29093.75, 29097.0, 29082.75, 29092.75)",29082.75,29092.75,RB2-002535,29089.5,29097.25,overlapping_active_same_direction_rb_tapped
1,5639,2026-07-16 19:59:00-04:00,bullish,"(29094.0, 29097.5, 29085.5, 29096.5)",29085.5,29094.0,RB2-002538,29090.0,29094.25,overlapping_active_same_direction_rb_tapped
1,5648,2026-07-16 20:08:00-04:00,bullish,"(29059.5, 29072.75, 29055.0, 29072.25)",29055.0,29059.5,RB2-002542,29052.5,29062.5,overlapping_active_same_direction_rb_tapped
1,5652,2026-07-16 20:12:00-04:00,bullish,"(29047.0, 29060.25, 29037.0, 29054.25)",29037.0,29047.0,RB2-002543,29034.0,29042.5,overlapping_active_same_direction_rb_tapped
1,5654,2026-07-16 20:14:00-04:00,bullish,"(29038.0, 29044.25, 29031.5, 29043.5)",29031.5,29038.0,RB2-002543,29034.0,29042.5,overlapping_active_same_direction_rb_tapped
1,5657,2026-07-16 20:17:00-04:00,bullish,"(29067.75, 29076.0, 29058.0, 29070.0)",29058.0,29067.75,RB2-002546,29043.75,29063.5,overlapping_active_same_direction_rb_tapped
1,5658,2026-07-16 20:18:00-04:00,bullish,"(29072.75, 29075.75, 29043.0, 29049.0)",29043.0,29049.0,RB2-002546,29043.75,29063.5,overlapping_active_same_direction_rb_tapped
1,5659,2026-07-16 20:19:00-04:00,bullish,"(29048.5, 29050.0, 29039.75, 29048.5)",29039.75,29048.5,RB2-002545,29034.5,29041.25,overlapping_active_same_direction_rb_tapped
1,5661,2026-07-16 20:21:00-04:00,bullish,"(29055.75, 29059.25, 29031.5, 29040.5)",29031.5,29040.5,RB2-002545,29034.5,29041.25,overlapping_active_same_direction_rb_tapped
1,5665,2026-07-16 20:25:00-04:00,bullish,"(29036.0, 29041.75, 29031.25, 29038.25)",29031.25,29036.0,RB2-002548,29030.5,29037.0,overlapping_active_same_direction_rb_tapped
1,5666,2026-07-16 20:26:00-04:00,bullish,"(29037.5, 29039.75, 29021.5, 29031.5)",29021.5,29031.5,RB2-002548,29030.5,29037.0,overlapping_active_same_direction_rb_tapped
1,5669,2026-07-16 20:29:00-04:00,bullish,"(29023.25, 29026.75, 29011.0, 29018.5)",29011.0,29018.5,RB2-002551,29017.75,29022.75,overlapping_active_same_direction_rb_tapped
1,5671,2026-07-16 20:31:00-04:00,bullish,"(29012.5, 29022.5, 29006.25, 29018.5)",29006.25,29012.5,RB2-002552,29006.75,29012.0,overlapping_active_same_direction_rb_tapped
1,5672,2026-07-16 20:32:00-04:00,bullish,"(29018.75, 29023.0, 29011.25, 29016.5)",29011.25,29016.5,RB2-002552,29006.75,29012.0,overlapping_active_same_direction_rb_tapped
1,5674,2026-07-16 20:34:00-04:00,bearish,"(29023.25, 29028.75, 29017.0, 29017.0)",29023.25,29028.75,RB2-002553,29024.5,29030.5,overlapping_active_same_direction_rb_tapped
1,5677,2026-07-16 20:37:00-04:00,bearish,"(29000.0, 29007.75, 28997.25, 29004.75)",29004.75,29007.75,RB2-002555,29002.25,29007.25,overlapping_active_same_direction_rb_tapped
1,5681,2026-07-16 20:41:00-04:00,bullish,"(29003.25, 29007.0, 29000.0, 29006.25)",29000.0,29003.25,RB2-002554,28993.5,29002.25,overlapping_active_same_direction_rb_tapped
1,5682,2026-07-16 20:42:00-04:00,bullish,"(29004.0, 29011.0, 28995.0, 29010.75)",28995.0,29004.0,RB2-002554,28993.5,29002.25,overlapping_active_same_direction_rb_tapped
1,5683,2026-07-16 20:43:00-04:00,bearish,"(29011.75, 29016.75, 29006.75, 29010.25)",29011.75,29016.75,RB2-002556,29009.0,29012.75,overlapping_active_same_direction_rb_tapped
1,5684,2026-07-16 20:44:00-04:00,bearish,"(29011.0, 29030.5, 29008.75, 29024.75)",29024.75,29030.5,RB2-002553,29024.5,29030.5,overlapping_active_same_direction_rb_tapped
1,5685,2026-07-16 20:45:00-04:00,bearish,"(29024.5, 29030.0, 29017.75, 29021.75)",29024.5,29030.0,RB2-002553,29024.5,29030.5,overlapping_active_same_direction_rb_tapped
1,5688,2026-07-16 20:48:00-04:00,bullish,"(29028.0, 29029.75, 29023.25, 29028.75)",29023.25,29028.0,RB2-002557,29020.5,29026.25,overlapping_active_same_direction_rb_tapped
1,5693,2026-07-16 20:53:00-04:00,bullish,"(29064.5, 29068.0, 29055.0, 29066.75)",29055.0,29064.5,RB2-002559,29058.75,29062.0,overlapping_active_same_direction_rb_tapped
1,5696,2026-07-16 20:56:00-04:00,bearish,"(29071.5, 29080.5, 29061.75, 29063.25)",29071.5,29080.5,RB2-002561,29073.25,29082.0,overlapping_active_same_direction_rb_tapped
1,5697,2026-07-16 20:57:00-04:00,bullish,"(29064.25, 29075.75, 29060.25, 29074.25)",29060.25,29064.25,RB2-002560,29059.25,29066.0,overlapping_active_same_direction_rb_tapped
1,5698,2026-07-16 20:58:00-04:00,bullish,"(29073.75, 29075.5, 29062.0, 29064.5)",29062.0,29064.5,RB2-002560,29059.25,29066.0,overlapping_active_same_direction_rb_tapped
1,5707,2026-07-16 21:07:00-04:00,bullish,"(29057.75, 29057.75, 29042.25, 29053.75)",29042.25,29053.75,RB2-002563,29053.25,29059.75,overlapping_active_same_direction_rb_tapped
1,5709,2026-07-16 21:09:00-04:00,bullish,"(29066.0, 29066.0, 29044.5, 29055.75)",29044.5,29055.75,RB2-002567,29049.25,29053.0,overlapping_active_same_direction_rb_tapped
1,5711,2026-07-16 21:11:00-04:00,bearish,"(29042.5, 29054.75, 29042.25, 29051.25)",29051.25,29054.75,RB2-002568,29054.75,29061.0,overlapping_active_same_direction_rb_tapped
1,5712,2026-07-16 21:12:00-04:00,bearish,"(29049.5, 29059.0, 29044.5, 29046.25)",29049.5,29059.0,RB2-002568,29054.75,29061.0,overlapping_active_same_direction_rb_tapped
1,5715,2026-07-16 21:15:00-04:00,bearish,"(29031.75, 29046.0, 29029.5, 29042.25)",29042.25,29046.0,RB2-002570,29035.0,29045.25,overlapping_active_same_direction_rb_tapped
1,5716,2026-07-16 21:16:00-04:00,bearish,"(29042.75, 29044.75, 29035.25, 29035.25)",29042.75,29044.75,RB2-002570,29035.0,29045.25,overlapping_active_same_direction_rb_tapped
1,5717,2026-07-16 21:17:00-04:00,bearish,"(29037.5, 29039.75, 29031.0, 29032.75)",29037.5,29039.75,RB2-002570,29035.0,29045.25,overlapping_active_same_direction_rb_tapped
1,5718,2026-07-16 21:18:00-04:00,bullish,"(29033.25, 29037.0, 29022.25, 29027.25)",29022.25,29027.25,RB2-002557,29020.5,29026.25,overlapping_active_same_direction_rb_tapped
1,5719,2026-07-16 21:19:00-04:00,bullish,"(29027.0, 29030.0, 29014.0, 29022.25)",29014.0,29022.25,RB2-002557,29020.5,29026.25,overlapping_active_same_direction_rb_tapped
1,5721,2026-07-16 21:21:00-04:00,bullish,"(29025.25, 29033.75, 29021.25, 29031.0)",29021.25,29025.25,RB2-002571,29014.0,29022.25,overlapping_active_same_direction_rb_tapped
1,5722,2026-07-16 21:22:00-04:00,bullish,"(29031.75, 29033.75, 29012.25, 29017.25)",29012.25,29017.25,RB2-002571,29014.0,29022.25,overlapping_active_same_direction_rb_tapped
1,5725,2026-07-16 21:25:00-04:00,bearish,"(29021.0, 29026.25, 29015.5, 29018.0)",29021.0,29026.25,RB2-002573,29020.75,29025.0,overlapping_active_same_direction_rb_tapped
1,5731,2026-07-16 21:31:00-04:00,bullish,"(29018.5, 29018.5, 29006.5, 29013.75)",29006.5,29013.75,RB2-002575,29010.5,29014.5,overlapping_active_same_direction_rb_tapped
1,5733,2026-07-16 21:33:00-04:00,bullish,"(29007.75, 29009.0, 28984.25, 28996.75)",28984.25,28996.75,RB2-002554,28993.5,29002.25,overlapping_active_same_direction_rb_tapped
1,5737,2026-07-16 21:37:00-04:00,bearish,"(29000.25, 29011.25, 29000.25, 29005.0)",29005.0,29011.25,RB2-002578,28999.75,29005.0,overlapping_active_same_direction_rb_tapped
1,5738,2026-07-16 21:38:00-04:00,bullish,"(29005.75, 29008.0, 28999.25, 29001.75)",28999.25,29001.75,RB2-002580,28994.25,29000.5,overlapping_active_same_direction_rb_tapped
1,5740,2026-07-16 21:40:00-04:00,bearish,"(28994.25, 29003.0, 28993.0, 28995.25)",28995.25,29003.0,RB2-002581,29000.0,29001.75,overlapping_active_same_direction_rb_tapped
1,5741,2026-07-16 21:41:00-04:00,bullish,"(28995.0, 28996.0, 28980.0, 28983.25)",28980.0,28983.25,RB2-002579,28982.0,28987.5,overlapping_active_same_direction_rb_tapped
1,5747,2026-07-16 21:47:00-04:00,bullish,"(28962.5, 28978.75, 28951.75, 28976.0)",28951.75,28962.5,RB2-002586,28959.5,28963.25,overlapping_active_same_direction_rb_tapped
1,5753,2026-07-16 21:53:00-04:00,bearish,"(28957.75, 28965.0, 28953.75, 28957.25)",28957.75,28965.0,RB2-002587,28963.75,28969.75,overlapping_active_same_direction_rb_tapped
1,5754,2026-07-16 21:54:00-04:00,bearish,"(28957.5, 28964.75, 28954.75, 28956.0)",28957.5,28964.75,RB2-002587,28963.75,28969.75,overlapping_active_same_direction_rb_tapped
1,5756,2026-07-16 21:56:00-04:00,bearish,"(28957.25, 28967.5, 28954.75, 28961.5)",28961.5,28967.5,RB2-002587,28963.75,28969.75,overlapping_active_same_direction_rb_tapped
1,5758,2026-07-16 21:58:00-04:00,bearish,"(28974.75, 28977.75, 28969.5, 28969.5)",28974.75,28977.75,RB2-002588,28975.5,28979.75,overlapping_active_same_direction_rb_tapped
1,5760,2026-07-16 22:00:00-04:00,bearish,"(28970.75, 28985.75, 28969.5, 28977.75)",28977.75,28985.75,RB2-002588,28975.5,28979.75,overlapping_active_same_direction_rb_tapped
1,5764,2026-07-16 22:04:00-04:00,bullish,"(28979.75, 28982.5, 28974.75, 28979.0)",28974.75,28979.0,RB2-002592,28966.75,28975.25,overlapping_active_same_direction_rb_tapped
1,5765,2026-07-16 22:05:00-04:00,bullish,"(28980.0, 28980.0, 28972.5, 28975.75)",28972.5,28975.75,RB2-002592,28966.75,28975.25,overlapping_active_same_direction_rb_tapped
1,5766,2026-07-16 22:06:00-04:00,bearish,"(28977.75, 28982.5, 28965.0, 28967.5)",28977.75,28982.5,RB2-002590,28977.0,28981.75,overlapping_active_same_direction_rb_tapped
1,5767,2026-07-16 22:07:00-04:00,bullish,"(28965.75, 28967.5, 28959.75, 28963.5)",28959.75,28963.5,RB2-002591,28963.25,28966.0,overlapping_active_same_direction_rb_tapped
1,5770,2026-07-16 22:10:00-04:00,bearish,"(28951.5, 28959.5, 28950.0, 28957.0)",28957.0,28959.5,RB2-002594,28957.25,28962.25,overlapping_active_same_direction_rb_tapped
1,5773,2026-07-16 22:13:00-04:00,bullish,"(28966.5, 28968.0, 28957.75, 28960.0)",28957.75,28960.0,RB2-002595,28955.0,28957.75,overlapping_active_same_direction_rb_tapped
1,5774,2026-07-16 22:14:00-04:00,bullish,"(28961.25, 28961.25, 28955.0, 28956.75)",28955.0,28956.75,RB2-002595,28955.0,28957.75,overlapping_active_same_direction_rb_tapped
1,5775,2026-07-16 22:15:00-04:00,bullish,"(28957.5, 28958.25, 28950.0, 28956.0)",28950.0,28956.0,RB2-002595,28955.0,28957.75,overlapping_active_same_direction_rb_tapped
1,5779,2026-07-16 22:19:00-04:00,bullish,"(28947.25, 28948.5, 28941.75, 28948.0)",28941.75,28947.25,RB2-002599,28935.0,28946.5,overlapping_active_same_direction_rb_tapped
1,5782,2026-07-16 22:22:00-04:00,bullish,"(28931.0, 28933.25, 28928.5, 28932.5)",28928.5,28931.0,RB2-002600,28927.25,28929.25,overlapping_active_same_direction_rb_tapped
1,5783,2026-07-16 22:23:00-04:00,bullish,"(28932.75, 28934.0, 28926.5, 28929.5)",28926.5,28929.5,RB2-002600,28927.25,28929.25,overlapping_active_same_direction_rb_tapped
1,5785,2026-07-16 22:25:00-04:00,bearish,"(28928.0, 28933.0, 28926.75, 28931.5)",28931.5,28933.0,RB2-002601,28931.0,28938.5,overlapping_active_same_direction_rb_tapped
1,5787,2026-07-16 22:27:00-04:00,bullish,"(28922.75, 28926.0, 28917.25, 28922.75)",28917.25,28922.75,RB2-002602,28920.25,28923.0,overlapping_active_same_direction_rb_tapped
1,5792,2026-07-16 22:32:00-04:00,bullish,"(28919.5, 28926.25, 28915.25, 28922.25)",28915.25,28919.5,RB2-002603,28916.0,28918.5,overlapping_active_same_direction_rb_tapped
1,5796,2026-07-16 22:36:00-04:00,bearish,"(28914.0, 28922.25, 28911.75, 28915.25)",28915.25,28922.25,RB2-002604,28918.75,28929.25,overlapping_active_same_direction_rb_tapped
1,5802,2026-07-16 22:42:00-04:00,bearish,"(28916.0, 28919.5, 28908.5, 28909.25)",28916.0,28919.5,RB2-002604,28918.75,28929.25,overlapping_active_same_direction_rb_tapped
1,5807,2026-07-16 22:47:00-04:00,bearish,"(28926.0, 28936.75, 28921.5, 28925.75)",28926.0,28936.75,RB2-002610,28934.0,28940.0,overlapping_active_same_direction_rb_tapped
1,5810,2026-07-16 22:50:00-04:00,bearish,"(28914.5, 28916.0, 28908.0, 28908.5)",28914.5,28916.0,RB2-002612,28913.75,28915.75,overlapping_active_same_direction_rb_tapped
1,5815,2026-07-16 22:55:00-04:00,bullish,"(28907.0, 28910.75, 28902.25, 28907.5)",28902.25,28907.0,RB2-002606,28903.25,28907.0,overlapping_active_same_direction_rb_tapped
1,5820,2026-07-16 23:00:00-04:00,bearish,"(28926.25, 28935.5, 28925.5, 28927.25)",28927.25,28935.5,RB2-002610,28934.0,28940.0,overlapping_active_same_direction_rb_tapped
1,5828,2026-07-16 23:08:00-04:00,bullish,"(28952.25, 28954.0, 28946.5, 28952.0)",28946.5,28952.0,RB2-002621,28949.0,28952.25,overlapping_active_same_direction_rb_tapped
1,5831,2026-07-16 23:11:00-04:00,bullish,"(28952.0, 28953.25, 28947.25, 28952.0)",28947.25,28952.0,RB2-002623,28947.25,28950.75,overlapping_active_same_direction_rb_tapped
1,5832,2026-07-16 23:12:00-04:00,bullish,"(28950.75, 28955.0, 28948.25, 28952.75)",28948.25,28950.75,RB2-002623,28947.25,28950.75,overlapping_active_same_direction_rb_tapped
1,5833,2026-07-16 23:13:00-04:00,bearish,"(28954.0, 28960.75, 28950.75, 28955.5)",28955.5,28960.75,RB2-002597,28960.0,28961.25,overlapping_active_same_direction_rb_tapped
1,5836,2026-07-16 23:16:00-04:00,bearish,"(28964.0, 28968.75, 28961.75, 28965.25)",28965.25,28968.75,RB2-002596,28966.75,28970.0,overlapping_active_same_direction_rb_tapped
1,5838,2026-07-16 23:18:00-04:00,bearish,"(28971.5, 28978.75, 28969.75, 28976.75)",28976.75,28978.75,RB2-002590,28977.0,28981.75,overlapping_active_same_direction_rb_tapped
1,5852,2026-07-16 23:32:00-04:00,bullish,"(28990.5, 28991.75, 28985.25, 28990.0)",28985.25,28990.0,RB2-002625,28985.25,28988.0,overlapping_active_same_direction_rb_tapped
1,5855,2026-07-16 23:35:00-04:00,bullish,"(28977.5, 28991.0, 28972.25, 28991.0)",28972.25,28977.5,RB2-002632,28970.0,28977.0,overlapping_active_same_direction_rb_tapped
1,5858,2026-07-16 23:38:00-04:00,bullish,"(28978.25, 28980.0, 28975.0, 28978.5)",28975.0,28978.25,RB2-002632,28970.0,28977.0,overlapping_active_same_direction_rb_tapped
1,5860,2026-07-16 23:40:00-04:00,bullish,"(28969.75, 28970.5, 28946.25, 28955.5)",28946.25,28955.5,RB2-002623,28947.25,28950.75,overlapping_active_same_direction_rb_tapped
1,5862,2026-07-16 23:42:00-04:00,bullish,"(28956.5, 28961.5, 28952.75, 28958.25)",28952.75,28956.5,RB2-002635,28943.5,28953.5,overlapping_active_same_direction_rb_tapped
1,5863,2026-07-16 23:43:00-04:00,bullish,"(28957.75, 28958.5, 28944.5, 28949.0)",28944.5,28949.0,RB2-002635,28943.5,28953.5,overlapping_active_same_direction_rb_tapped
1,5865,2026-07-16 23:45:00-04:00,bullish,"(28957.0, 28960.0, 28947.0, 28951.5)",28947.0,28951.5,RB2-002635,28943.5,28953.5,overlapping_active_same_direction_rb_tapped
1,5868,2026-07-16 23:48:00-04:00,bullish,"(28940.5, 28941.25, 28935.0, 28937.5)",28935.0,28937.5,RB2-002638,28937.5,28940.75,overlapping_active_same_direction_rb_tapped
1,5872,2026-07-16 23:52:00-04:00,bearish,"(28933.25, 28941.0, 28926.75, 28929.75)",28933.25,28941.0,RB2-002640,28932.25,28935.5,overlapping_active_same_direction_rb_tapped
1,5874,2026-07-16 23:54:00-04:00,bearish,"(28923.75, 28932.5, 28919.5, 28921.25)",28923.75,28932.5,RB2-002641,28930.25,28932.0,overlapping_active_same_direction_rb_tapped
1,5877,2026-07-16 23:57:00-04:00,bullish,"(28922.0, 28923.5, 28916.25, 28923.0)",28916.25,28922.0,RB2-002643,28913.75,28921.0,overlapping_active_same_direction_rb_tapped
1,5878,2026-07-16 23:58:00-04:00,bullish,"(28922.0, 28924.0, 28919.5, 28922.25)",28919.5,28922.0,RB2-002643,28913.75,28921.0,overlapping_active_same_direction_rb_tapped
1,5883,2026-07-17 00:03:00-04:00,bullish,"(28877.5, 28883.25, 28871.0, 28878.75)",28871.0,28877.5,RB2-002646,28873.25,28877.75,overlapping_active_same_direction_rb_tapped
1,5886,2026-07-17 00:06:00-04:00,bearish,"(28873.25, 28879.5, 28866.5, 28867.25)",28873.25,28879.5,RB2-002648,28872.0,28874.25,overlapping_active_same_direction_rb_tapped
1,5889,2026-07-17 00:09:00-04:00,bearish,"(28873.5, 28879.25, 28863.25, 28863.25)",28873.5,28879.25,RB2-002650,28873.25,28878.0,overlapping_active_same_direction_rb_tapped
1,5893,2026-07-17 00:13:00-04:00,bullish,"(28866.25, 28866.75, 28840.0, 28848.5)",28840.0,28848.5,RB2-002651,28847.25,28851.75,overlapping_active_same_direction_rb_tapped
1,5896,2026-07-17 00:16:00-04:00,bullish,"(28850.0, 28855.5, 28845.25, 28854.0)",28845.25,28850.0,RB2-002655,28842.25,28848.5,overlapping_active_same_direction_rb_tapped
1,5897,2026-07-17 00:17:00-04:00,bullish,"(28855.0, 28858.0, 28842.75, 28847.5)",28842.75,28847.5,RB2-002655,28842.25,28848.5,overlapping_active_same_direction_rb_tapped
1,5898,2026-07-17 00:18:00-04:00,bullish,"(28845.5, 28850.0, 28842.0, 28850.0)",28842.0,28845.5,RB2-002655,28842.25,28848.5,overlapping_active_same_direction_rb_tapped
1,5903,2026-07-17 00:23:00-04:00,bearish,"(28836.5, 28842.0, 28833.75, 28835.0)",28836.5,28842.0,RB2-002657,28837.0,28841.25,overlapping_active_same_direction_rb_tapped
1,5905,2026-07-17 00:25:00-04:00,bullish,"(28829.0, 28829.0, 28820.0, 28825.75)",28820.0,28825.75,RB2-002658,28825.75,28828.75,overlapping_active_same_direction_rb_tapped
1,5909,2026-07-17 00:29:00-04:00,bullish,"(28812.25, 28812.75, 28803.0, 28809.5)",28803.0,28809.5,RB2-002660,28806.0,28810.0,overlapping_active_same_direction_rb_tapped
1,5910,2026-07-17 00:30:00-04:00,bearish,"(28808.0, 28826.0, 28796.5, 28803.25)",28808.0,28826.0,RB2-002661,28813.0,28818.75,overlapping_active_same_direction_rb_tapped
1,5912,2026-07-17 00:32:00-04:00,bullish,"(28808.25, 28810.0, 28799.0, 28802.5)",28799.0,28802.5,RB2-002662,28799.75,28803.75,overlapping_active_same_direction_rb_tapped
1,5915,2026-07-17 00:35:00-04:00,bullish,"(28791.0, 28797.75, 28783.5, 28795.75)",28783.5,28791.0,RB2-002664,28781.5,28791.0,overlapping_active_same_direction_rb_tapped
1,5916,2026-07-17 00:36:00-04:00,bearish,"(28795.25, 28802.75, 28788.25, 28788.25)",28795.25,28802.75,RB2-002663,28802.0,28804.25,overlapping_active_same_direction_rb_tapped
1,5918,2026-07-17 00:38:00-04:00,bullish,"(28789.0, 28790.25, 28774.5, 28783.25)",28774.5,28783.25,RB2-002664,28781.5,28791.0,overlapping_active_same_direction_rb_tapped
1,5921,2026-07-17 00:41:00-04:00,bearish,"(28790.5, 28805.5, 28782.0, 28792.25)",28792.25,28805.5,RB2-002663,28802.0,28804.25,overlapping_active_same_direction_rb_tapped
1,5925,2026-07-17 00:45:00-04:00,bearish,"(28809.5, 28819.5, 28809.25, 28817.0)",28817.0,28819.5,RB2-002667,28815.25,28819.0,overlapping_active_same_direction_rb_tapped
1,5928,2026-07-17 00:48:00-04:00,bullish,"(28824.75, 28837.0, 28819.75, 28835.75)",28819.75,28824.75,RB2-002669,28818.25,28824.75,overlapping_active_same_direction_rb_tapped
1,5934,2026-07-17 00:54:00-04:00,bearish,"(28831.25, 28840.25, 28831.25, 28838.75)",28838.75,28840.25,RB2-002657,28837.0,28841.25,overlapping_active_same_direction_rb_tapped
1,5938,2026-07-17 00:58:00-04:00,bullish,"(28814.25, 28818.5, 28805.5, 28818.5)",28805.5,28814.25,RB2-002668,28805.0,28809.5,overlapping_active_same_direction_rb_tapped
1,5941,2026-07-17 01:01:00-04:00,bearish,"(28798.5, 28808.75, 28791.5, 28792.5)",28798.5,28808.75,RB2-002674,28806.0,28809.5,overlapping_active_same_direction_rb_tapped
1,5946,2026-07-17 01:06:00-04:00,bullish,"(28795.25, 28798.5, 28789.25, 28797.5)",28789.25,28795.25,RB2-002675,28787.75,28792.25,overlapping_active_same_direction_rb_tapped
1,5947,2026-07-17 01:07:00-04:00,bullish,"(28793.5, 28797.25, 28789.0, 28796.0)",28789.0,28793.5,RB2-002675,28787.75,28792.25,overlapping_active_same_direction_rb_tapped
1,5953,2026-07-17 01:13:00-04:00,bullish,"(28793.5, 28809.5, 28789.5, 28808.25)",28789.5,28793.5,RB2-002675,28787.75,28792.25,overlapping_active_same_direction_rb_tapped
1,5954,2026-07-17 01:14:00-04:00,bearish,"(28808.5, 28813.75, 28800.5, 28804.75)",28808.5,28813.75,RB2-002679,28807.75,28814.75,overlapping_active_same_direction_rb_tapped
1,5956,2026-07-17 01:16:00-04:00,bullish,"(28793.5, 28812.0, 28787.5, 28812.0)",28787.5,28793.5,RB2-002675,28787.75,28792.25,overlapping_active_same_direction_rb_tapped
1,5957,2026-07-17 01:17:00-04:00,bearish,"(28812.25, 28821.0, 28810.75, 28819.25)",28819.25,28821.0,RB2-002676,28817.0,28820.25,overlapping_active_same_direction_rb_tapped
1,5962,2026-07-17 01:22:00-04:00,bullish,"(28796.0, 28801.25, 28789.25, 28798.5)",28789.25,28796.0,RB2-002675,28787.75,28792.25,overlapping_active_same_direction_rb_tapped
1,5963,2026-07-17 01:23:00-04:00,bullish,"(28798.75, 28805.0, 28790.5, 28801.5)",28790.5,28798.75,RB2-002675,28787.75,28792.25,overlapping_active_same_direction_rb_tapped
1,5965,2026-07-17 01:25:00-04:00,bullish,"(28790.25, 28795.0, 28783.5, 28793.25)",28783.5,28790.25,RB2-002675,28787.75,28792.25,overlapping_active_same_direction_rb_tapped
1,5969,2026-07-17 01:29:00-04:00,bearish,"(28791.75, 28799.25, 28788.0, 28791.0)",28791.75,28799.25,RB2-002687,28793.0,28802.0,overlapping_active_same_direction_rb_tapped
1,5970,2026-07-17 01:30:00-04:00,bearish,"(28792.5, 28811.75, 28792.5, 28798.25)",28798.25,28811.75,RB2-002683,28810.5,28816.75,overlapping_active_same_direction_rb_tapped
1,5972,2026-07-17 01:32:00-04:00,bullish,"(28798.0, 28798.5, 28787.5, 28790.5)",28787.5,28790.5,RB2-002686,28786.0,28787.5,overlapping_active_same_direction_rb_tapped
1,5980,2026-07-17 01:40:00-04:00,bearish,"(28743.5, 28750.0, 28735.0, 28740.75)",28743.5,28750.0,RB2-002694,28745.5,28752.0,overlapping_active_same_direction_rb_tapped
1,5982,2026-07-17 01:42:00-04:00,bullish,"(28742.0, 28750.5, 28736.75, 28750.25)",28736.75,28742.0,RB2-002696,28734.75,28741.75,overlapping_active_same_direction_rb_tapped
1,5985,2026-07-17 01:45:00-04:00,bearish,"(28758.5, 28762.25, 28741.25, 28741.25)",28758.5,28762.25,RB2-002693,28761.75,28769.25,overlapping_active_same_direction_rb_tapped
1,5989,2026-07-17 01:49:00-04:00,bearish,"(28761.0, 28774.0, 28760.25, 28763.25)",28763.25,28774.0,RB2-002693,28761.75,28769.25,overlapping_active_same_direction_rb_tapped
1,5991,2026-07-17 01:51:00-04:00,bearish,"(28762.5, 28767.75, 28748.25, 28749.5)",28762.5,28767.75,RB2-002700,28765.0,28768.0,overlapping_active_same_direction_rb_tapped
1,5994,2026-07-17 01:54:00-04:00,bullish,"(28751.25, 28760.0, 28746.0, 28758.25)",28746.0,28751.25,RB2-002701,28741.25,28747.0,overlapping_active_same_direction_rb_tapped
1,5995,2026-07-17 01:55:00-04:00,bullish,"(28760.0, 28764.75, 28742.25, 28752.5)",28742.25,28752.5,RB2-002701,28741.25,28747.0,overlapping_active_same_direction_rb_tapped
1,5998,2026-07-17 01:58:00-04:00,bullish,"(28742.5, 28748.0, 28737.0, 28748.0)",28737.0,28742.5,RB2-002703,28733.25,28741.0,overlapping_active_same_direction_rb_tapped
1,6000,2026-07-17 02:00:00-04:00,bearish,"(28755.0, 28770.0, 28752.75, 28762.75)",28762.75,28770.0,RB2-002700,28765.0,28768.0,overlapping_active_same_direction_rb_tapped
1,6004,2026-07-17 02:04:00-04:00,bearish,"(28770.75, 28774.0, 28760.5, 28763.0)",28770.75,28774.0,RB2-002706,28770.25,28773.25,overlapping_active_same_direction_rb_tapped
1,6008,2026-07-17 02:08:00-04:00,bullish,"(28734.5, 28740.5, 28722.5, 28732.75)",28722.5,28732.75,RB2-002697,28725.0,28731.5,overlapping_active_same_direction_rb_tapped
1,6013,2026-07-17 02:13:00-04:00,bearish,"(28760.25, 28765.0, 28758.5, 28762.25)",28762.25,28765.0,RB2-002711,28761.75,28764.25,overlapping_active_same_direction_rb_tapped
1,6017,2026-07-17 02:17:00-04:00,bullish,"(28773.75, 28774.0, 28765.0, 28774.0)",28765.0,28773.75,RB2-002714,28761.25,28765.75,overlapping_active_same_direction_rb_tapped
1,6023,2026-07-17 02:23:00-04:00,bearish,"(28796.75, 28809.0, 28794.75, 28798.25)",28798.25,28809.0,RB2-002715,28795.75,28799.0,overlapping_active_same_direction_rb_tapped
1,6025,2026-07-17 02:25:00-04:00,bearish,"(28810.0, 28824.0, 28810.0, 28813.25)",28813.25,28824.0,RB2-002682,28819.25,28823.0,overlapping_active_same_direction_rb_tapped
1,6029,2026-07-17 02:29:00-04:00,bullish,"(28819.75, 28822.0, 28812.0, 28815.25)",28812.0,28815.25,RB2-002720,28812.25,28819.5,overlapping_active_same_direction_rb_tapped
1,6030,2026-07-17 02:30:00-04:00,bullish,"(28814.25, 28825.0, 28806.25, 28819.75)",28806.25,28814.25,RB2-002718,28806.25,28811.0,overlapping_active_same_direction_rb_tapped
1,6032,2026-07-17 02:32:00-04:00,bullish,"(28822.75, 28824.0, 28810.0, 28815.25)",28810.0,28815.25,RB2-002718,28806.25,28811.0,overlapping_active_same_direction_rb_tapped
1,6041,2026-07-17 02:41:00-04:00,bullish,"(28779.0, 28779.0, 28765.25, 28773.5)",28765.25,28773.5,RB2-002714,28761.25,28765.75,overlapping_active_same_direction_rb_tapped
1,6043,2026-07-17 02:43:00-04:00,bearish,"(28771.25, 28773.25, 28762.0, 28763.75)",28771.25,28773.25,RB2-002729,28771.75,28775.75,overlapping_active_same_direction_rb_tapped
1,6045,2026-07-17 02:45:00-04:00,bullish,"(28774.25, 28774.5, 28762.5, 28766.75)",28762.5,28766.75,RB2-002714,28761.25,28765.75,overlapping_active_same_direction_rb_tapped
1,6046,2026-07-17 02:46:00-04:00,bullish,"(28767.5, 28768.0, 28739.0, 28746.25)",28739.0,28746.25,RB2-002713,28745.5,28757.5,overlapping_active_same_direction_rb_tapped
1,6050,2026-07-17 02:50:00-04:00,bullish,"(28751.0, 28751.0, 28740.0, 28751.0)",28740.0,28751.0,RB2-002731,28749.0,28752.25,overlapping_active_same_direction_rb_tapped
1,6052,2026-07-17 02:52:00-04:00,bullish,"(28744.75, 28754.25, 28742.5, 28753.0)",28742.5,28744.75,RB2-002732,28737.75,28745.25,overlapping_active_same_direction_rb_tapped
1,6057,2026-07-17 02:57:00-04:00,bullish,"(28738.75, 28741.5, 28730.5, 28736.75)",28730.5,28736.75,RB2-002709,28726.75,28733.5,overlapping_active_same_direction_rb_tapped
1,6059,2026-07-17 02:59:00-04:00,bullish,"(28743.25, 28746.0, 28737.5, 28743.0)",28737.5,28743.0,RB2-002736,28734.75,28738.25,overlapping_active_same_direction_rb_tapped
1,6060,2026-07-17 03:00:00-04:00,bullish,"(28744.25, 28745.5, 28729.0, 28738.25)",28729.0,28738.25,RB2-002709,28726.75,28733.5,overlapping_active_same_direction_rb_tapped
1,6061,2026-07-17 03:01:00-04:00,bullish,"(28738.75, 28747.0, 28728.5, 28746.0)",28728.5,28738.75,RB2-002709,28726.75,28733.5,overlapping_active_same_direction_rb_tapped
1,6066,2026-07-17 03:06:00-04:00,bullish,"(28764.0, 28765.0, 28743.25, 28750.75)",28743.25,28750.75,RB2-002738,28746.25,28752.5,overlapping_active_same_direction_rb_tapped
1,6069,2026-07-17 03:09:00-04:00,bullish,"(28737.75, 28740.0, 28724.75, 28736.0)",28724.75,28736.0,RB2-002709,28726.75,28733.5,overlapping_active_same_direction_rb_tapped
1,6071,2026-07-17 03:11:00-04:00,bullish,"(28727.0, 28735.75, 28720.5, 28734.0)",28720.5,28727.0,RB2-002742,28723.0,28728.75,overlapping_active_same_direction_rb_tapped
1,6073,2026-07-17 03:13:00-04:00,bullish,"(28743.5, 28746.75, 28724.5, 28731.5)",28724.5,28731.5,RB2-002743,28729.5,28733.75,overlapping_active_same_direction_rb_tapped
1,6075,2026-07-17 03:15:00-04:00,bearish,"(28752.25, 28765.75, 28752.25, 28754.0)",28754.0,28765.75,RB2-002740,28750.25,28758.75,overlapping_active_same_direction_rb_tapped
1,6078,2026-07-17 03:18:00-04:00,bullish,"(28752.75, 28756.5, 28745.25, 28752.75)",28745.25,28752.75,RB2-002744,28743.5,28752.25,overlapping_active_same_direction_rb_tapped
1,6079,2026-07-17 03:19:00-04:00,bullish,"(28755.0, 28759.0, 28749.5, 28757.0)",28749.5,28755.0,RB2-002744,28743.5,28752.25,overlapping_active_same_direction_rb_tapped
1,6084,2026-07-17 03:24:00-04:00,bullish,"(28725.75, 28725.75, 28717.5, 28723.5)",28717.5,28723.5,RB2-002746,28721.0,28728.5,overlapping_active_same_direction_rb_tapped
1,6085,2026-07-17 03:25:00-04:00,bearish,"(28719.75, 28729.0, 28713.5, 28722.0)",28722.0,28729.0,RB2-002747,28727.75,28736.0,overlapping_active_same_direction_rb_tapped
1,6087,2026-07-17 03:27:00-04:00,bearish,"(28745.25, 28755.5, 28744.25, 28748.75)",28748.75,28755.5,RB2-002745,28754.25,28759.75,overlapping_active_same_direction_rb_tapped
1,6090,2026-07-17 03:30:00-04:00,bullish,"(28750.0, 28756.25, 28743.0, 28752.5)",28743.0,28750.0,RB2-002748,28743.0,28745.0,overlapping_active_same_direction_rb_tapped
1,6091,2026-07-17 03:31:00-04:00,bearish,"(28753.5, 28758.0, 28749.75, 28754.0)",28754.0,28758.0,RB2-002745,28754.25,28759.75,overlapping_active_same_direction_rb_tapped
1,6092,2026-07-17 03:32:00-04:00,bearish,"(28753.0, 28759.5, 28749.25, 28749.25)",28753.0,28759.5,RB2-002745,28754.25,28759.75,overlapping_active_same_direction_rb_tapped
1,6097,2026-07-17 03:37:00-04:00,bullish,"(28720.75, 28725.0, 28708.0, 28716.5)",28708.0,28716.5,RB2-002752,28710.0,28716.5,overlapping_active_same_direction_rb_tapped
1,6100,2026-07-17 03:40:00-04:00,bearish,"(28721.0, 28730.25, 28711.25, 28712.25)",28721.0,28730.25,RB2-002751,28724.0,28725.5,overlapping_active_same_direction_rb_tapped
1,6102,2026-07-17 03:42:00-04:00,bullish,"(28708.75, 28709.25, 28703.0, 28704.25)",28703.0,28704.25,RB2-002755,28703.0,28707.25,overlapping_active_same_direction_rb_tapped
1,6104,2026-07-17 03:44:00-04:00,bearish,"(28717.5, 28726.25, 28711.5, 28715.75)",28717.5,28726.25,RB2-002756,28716.0,28719.75,overlapping_active_same_direction_rb_tapped
1,6106,2026-07-17 03:46:00-04:00,bullish,"(28696.75, 28702.0, 28688.75, 28697.0)",28688.75,28696.75,RB2-002757,28690.0,28697.0,overlapping_active_same_direction_rb_tapped
1,6107,2026-07-17 03:47:00-04:00,bullish,"(28698.0, 28705.0, 28692.0, 28704.25)",28692.0,28698.0,RB2-002757,28690.0,28697.0,overlapping_active_same_direction_rb_tapped
1,6109,2026-07-17 03:49:00-04:00,bullish,"(28699.75, 28712.25, 28695.25, 28708.0)",28695.25,28699.75,RB2-002757,28690.0,28697.0,overlapping_active_same_direction_rb_tapped
1,6111,2026-07-17 03:51:00-04:00,bearish,"(28705.0, 28713.75, 28699.5, 28700.75)",28705.0,28713.75,RB2-002758,28705.0,28712.0,overlapping_active_same_direction_rb_tapped
1,6114,2026-07-17 03:54:00-04:00,bearish,"(28702.5, 28711.5, 28700.75, 28703.0)",28703.0,28711.5,RB2-002761,28704.5,28712.75,overlapping_active_same_direction_rb_tapped
1,6115,2026-07-17 03:55:00-04:00,bullish,"(28700.75, 28712.5, 28698.0, 28712.5)",28698.0,28700.75,RB2-002760,28697.5,28700.0,overlapping_active_same_direction_rb_tapped
1,6120,2026-07-17 04:00:00-04:00,bullish,"(28687.5, 28703.5, 28680.0, 28700.25)",28680.0,28687.5,RB2-002765,28682.5,28688.0,overlapping_active_same_direction_rb_tapped
1,6124,2026-07-17 04:04:00-04:00,bullish,"(28705.0, 28723.75, 28694.0, 28720.5)",28694.0,28705.0,RB2-002766,28697.0,28701.5,overlapping_active_same_direction_rb_tapped
1,6126,2026-07-17 04:06:00-04:00,bearish,"(28725.0, 28735.0, 28718.5, 28721.5)",28725.0,28735.0,RB2-002767,28726.5,28734.75,overlapping_active_same_direction_rb_tapped
1,6133,2026-07-17 04:13:00-04:00,bullish,"(28676.25, 28681.75, 28669.75, 28678.25)",28669.75,28676.25,RB2-002773,28669.25,28672.25,overlapping_active_same_direction_rb_tapped
1,6139,2026-07-17 04:19:00-04:00,bullish,"(28602.75, 28605.0, 28580.75, 28591.25)",28580.75,28591.25,RB2-002775,28585.0,28590.75,overlapping_active_same_direction_rb_tapped
1,6146,2026-07-17 04:26:00-04:00,bullish,"(28590.0, 28605.5, 28577.25, 28605.5)",28577.25,28590.0,RB2-002777,28579.0,28587.0,overlapping_active_same_direction_rb_tapped
1,6151,2026-07-17 04:31:00-04:00,bearish,"(28607.0, 28612.0, 28583.25, 28583.25)",28607.0,28612.0,RB2-002783,28609.5,28617.75,overlapping_active_same_direction_rb_tapped
1,6153,2026-07-17 04:33:00-04:00,bearish,"(28583.25, 28588.0, 28577.25, 28581.5)",28583.25,28588.0,RB2-002784,28585.0,28589.5,overlapping_active_same_direction_rb_tapped
1,6154,2026-07-17 04:34:00-04:00,bearish,"(28580.75, 28589.5, 28577.25, 28581.0)",28581.0,28589.5,RB2-002784,28585.0,28589.5,overlapping_active_same_direction_rb_tapped
1,6155,2026-07-17 04:35:00-04:00,bearish,"(28583.75, 28591.0, 28578.75, 28584.25)",28584.25,28591.0,RB2-002784,28585.0,28589.5,overlapping_active_same_direction_rb_tapped
1,6159,2026-07-17 04:39:00-04:00,bullish,"(28567.0, 28572.5, 28565.0, 28571.25)",28565.0,28567.0,RB2-002787,28562.75,28569.25,overlapping_active_same_direction_rb_tapped
1,6160,2026-07-17 04:40:00-04:00,bullish,"(28573.0, 28576.25, 28566.0, 28572.0)",28566.0,28572.0,RB2-002787,28562.75,28569.25,overlapping_active_same_direction_rb_tapped
1,6161,2026-07-17 04:41:00-04:00,bullish,"(28575.0, 28580.75, 28567.5, 28574.75)",28567.5,28574.75,RB2-002787,28562.75,28569.25,overlapping_active_same_direction_rb_tapped
1,6162,2026-07-17 04:42:00-04:00,bullish,"(28573.0, 28573.0, 28550.0, 28571.5)",28550.0,28571.5,RB2-002787,28562.75,28569.25,overlapping_active_same_direction_rb_tapped
1,6166,2026-07-17 04:46:00-04:00,bearish,"(28601.0, 28606.0, 28599.25, 28603.75)",28603.75,28606.0,RB2-002790,28600.5,28603.75,overlapping_active_same_direction_rb_tapped
1,6168,2026-07-17 04:48:00-04:00,bearish,"(28609.5, 28615.5, 28605.0, 28610.5)",28610.5,28615.5,RB2-002783,28609.5,28617.75,overlapping_active_same_direction_rb_tapped
1,6171,2026-07-17 04:51:00-04:00,bullish,"(28599.0, 28608.5, 28593.25, 28603.0)",28593.25,28599.0,RB2-002792,28590.75,28594.0,overlapping_active_same_direction_rb_tapped
1,6172,2026-07-17 04:52:00-04:00,bearish,"(28602.75, 28607.25, 28592.25, 28592.25)",28602.75,28607.25,RB2-002793,28599.25,28607.0,overlapping_active_same_direction_rb_tapped
1,6174,2026-07-17 04:54:00-04:00,bearish,"(28616.0, 28634.5, 28615.5, 28625.25)",28625.25,28634.5,RB2-002782,28627.25,28634.25,overlapping_active_same_direction_rb_tapped
1,6177,2026-07-17 04:57:00-04:00,bullish,"(28641.75, 28647.75, 28635.0, 28647.0)",28635.0,28641.75,RB2-002795,28635.75,28639.25,overlapping_active_same_direction_rb_tapped
1,6180,2026-07-17 05:00:00-04:00,bullish,"(28628.75, 28633.0, 28618.75, 28632.75)",28618.75,28628.75,RB2-002797,28623.75,28630.0,overlapping_active_same_direction_rb_tapped
1,6184,2026-07-17 05:04:00-04:00,bullish,"(28637.75, 28639.5, 28629.5, 28637.75)",28629.5,28637.75,RB2-002798,28620.25,28629.75,overlapping_active_same_direction_rb_tapped
1,6187,2026-07-17 05:07:00-04:00,bearish,"(28628.25, 28644.5, 28624.25, 28635.0)",28635.0,28644.5,RB2-002800,28630.0,28635.75,overlapping_active_same_direction_rb_tapped
1,6190,2026-07-17 05:10:00-04:00,bullish,"(28648.5, 28650.0, 28642.25, 28647.0)",28642.25,28647.0,RB2-002802,28641.25,28645.0,overlapping_active_same_direction_rb_tapped
1,6191,2026-07-17 05:11:00-04:00,bearish,"(28647.25, 28651.5, 28638.75, 28641.0)",28647.25,28651.5,RB2-002796,28646.5,28662.0,overlapping_active_same_direction_rb_tapped
1,6193,2026-07-17 05:13:00-04:00,bearish,"(28647.5, 28665.5, 28647.0, 28658.25)",28658.25,28665.5,RB2-002796,28646.5,28662.0,overlapping_active_same_direction_rb_tapped
1,6196,2026-07-17 05:16:00-04:00,bullish,"(28655.0, 28658.0, 28651.25, 28655.5)",28651.25,28655.0,RB2-002804,28649.75,28654.75,overlapping_active_same_direction_rb_tapped
1,6198,2026-07-17 05:18:00-04:00,bullish,"(28642.0, 28644.0, 28632.0, 28635.75)",28632.0,28635.75,RB2-002801,28630.0,28634.5,overlapping_active_same_direction_rb_tapped
1,6199,2026-07-17 05:19:00-04:00,bullish,"(28634.0, 28642.25, 28630.0, 28638.75)",28630.0,28634.0,RB2-002801,28630.0,28634.5,overlapping_active_same_direction_rb_tapped
1,6202,2026-07-17 05:22:00-04:00,bullish,"(28648.5, 28649.5, 28634.0, 28638.5)",28634.0,28638.5,RB2-002801,28630.0,28634.5,overlapping_active_same_direction_rb_tapped
1,6203,2026-07-17 05:23:00-04:00,bullish,"(28638.75, 28659.75, 28632.75, 28658.5)",28632.75,28638.75,RB2-002801,28630.0,28634.5,overlapping_active_same_direction_rb_tapped
1,6208,2026-07-17 05:28:00-04:00,bullish,"(28685.5, 28690.0, 28681.5, 28690.0)",28681.5,28685.5,RB2-002807,28680.0,28683.25,overlapping_active_same_direction_rb_tapped
1,6209,2026-07-17 05:29:00-04:00,bullish,"(28688.5, 28690.5, 28681.75, 28690.0)",28681.75,28688.5,RB2-002807,28680.0,28683.25,overlapping_active_same_direction_rb_tapped
1,6210,2026-07-17 05:30:00-04:00,bullish,"(28691.0, 28692.5, 28676.75, 28681.75)",28676.75,28681.75,RB2-002807,28680.0,28683.25,overlapping_active_same_direction_rb_tapped
1,6215,2026-07-17 05:35:00-04:00,bearish,"(28665.25, 28686.75, 28664.25, 28682.25)",28682.25,28686.75,RB2-002808,28681.25,28694.5,overlapping_active_same_direction_rb_tapped
1,6216,2026-07-17 05:36:00-04:00,bearish,"(28683.25, 28686.0, 28676.25, 28677.0)",28683.25,28686.0,RB2-002808,28681.25,28694.5,overlapping_active_same_direction_rb_tapped
1,6223,2026-07-17 05:43:00-04:00,bearish,"(28687.0, 28695.75, 28685.25, 28689.25)",28689.25,28695.75,RB2-002813,28686.5,28693.75,overlapping_active_same_direction_rb_tapped
1,6226,2026-07-17 05:46:00-04:00,bearish,"(28686.5, 28698.5, 28685.5, 28693.25)",28693.25,28698.5,RB2-002815,28685.75,28700.0,overlapping_active_same_direction_rb_tapped
1,6227,2026-07-17 05:47:00-04:00,bearish,"(28695.75, 28708.25, 28695.5, 28703.75)",28703.75,28708.25,RB2-002811,28707.0,28716.0,overlapping_active_same_direction_rb_tapped
1,6228,2026-07-17 05:48:00-04:00,bearish,"(28704.25, 28711.75, 28700.0, 28704.0)",28704.25,28711.75,RB2-002811,28707.0,28716.0,overlapping_active_same_direction_rb_tapped
1,6230,2026-07-17 05:50:00-04:00,bearish,"(28691.75, 28720.0, 28690.5, 28709.0)",28709.0,28720.0,RB2-002811,28707.0,28716.0,overlapping_active_same_direction_rb_tapped
1,6232,2026-07-17 05:52:00-04:00,bullish,"(28708.75, 28715.0, 28706.0, 28714.25)",28706.0,28708.75,RB2-002817,28703.75,28710.5,overlapping_active_same_direction_rb_tapped
1,6233,2026-07-17 05:53:00-04:00,bearish,"(28713.5, 28728.0, 28713.5, 28715.5)",28715.5,28728.0,RB2-002767,28726.5,28734.75,overlapping_active_same_direction_rb_tapped
1,6240,2026-07-17 06:00:00-04:00,bullish,"(28711.75, 28720.25, 28703.25, 28718.5)",28703.25,28711.75,RB2-002822,28704.25,28710.0,overlapping_active_same_direction_rb_tapped
1,6241,2026-07-17 06:01:00-04:00,bearish,"(28720.25, 28730.0, 28719.5, 28725.0)",28725.0,28730.0,RB2-002767,28726.5,28734.75,overlapping_active_same_direction_rb_tapped
1,6242,2026-07-17 06:02:00-04:00,bearish,"(28724.5, 28730.0, 28707.25, 28707.25)",28724.5,28730.0,RB2-002767,28726.5,28734.75,overlapping_active_same_direction_rb_tapped
1,6243,2026-07-17 06:03:00-04:00,bullish,"(28706.75, 28708.0, 28691.5, 28704.75)",28691.5,28704.75,RB2-002820,28698.0,28700.0,overlapping_active_same_direction_rb_tapped
1,6245,2026-07-17 06:05:00-04:00,bearish,"(28712.25, 28731.5, 28712.25, 28728.0)",28728.0,28731.5,RB2-002767,28726.5,28734.75,overlapping_active_same_direction_rb_tapped
1,6246,2026-07-17 06:06:00-04:00,bearish,"(28728.0, 28739.0, 28726.75, 28729.25)",28729.25,28739.0,RB2-002767,28726.5,28734.75,overlapping_active_same_direction_rb_tapped
1,6248,2026-07-17 06:08:00-04:00,bearish,"(28730.5, 28739.75, 28730.25, 28732.0)",28732.0,28739.75,RB2-002824,28729.75,28739.25,overlapping_active_same_direction_rb_tapped
1,6250,2026-07-17 06:10:00-04:00,bullish,"(28740.0, 28746.75, 28726.0, 28745.5)",28726.0,28740.0,RB2-002825,28727.75,28733.0,overlapping_active_same_direction_rb_tapped
1,6251,2026-07-17 06:11:00-04:00,bearish,"(28743.75, 28758.0, 28739.5, 28746.0)",28746.0,28758.0,RB2-002745,28754.25,28759.75,overlapping_active_same_direction_rb_tapped
1,6253,2026-07-17 06:13:00-04:00,bullish,"(28737.75, 28749.25, 28733.75, 28746.75)",28733.75,28737.75,RB2-002826,28727.0,28737.25,overlapping_active_same_direction_rb_tapped
1,6255,2026-07-17 06:15:00-04:00,bearish,"(28767.0, 28784.5, 28766.5, 28775.25)",28775.25,28784.5,RB2-002728,28778.5,28783.25,overlapping_active_same_direction_rb_tapped
1,6256,2026-07-17 06:16:00-04:00,bearish,"(28775.0, 28787.25, 28774.75, 28783.25)",28783.25,28787.25,RB2-002727,28787.0,28790.5,overlapping_active_same_direction_rb_tapped
1,6261,2026-07-17 06:21:00-04:00,bullish,"(28756.25, 28759.0, 28729.75, 28739.0)",28729.75,28739.0,RB2-002826,28727.0,28737.25,overlapping_active_same_direction_rb_tapped
1,6262,2026-07-17 06:22:00-04:00,bullish,"(28739.75, 28748.5, 28722.0, 28747.25)",28722.0,28739.75,RB2-002826,28727.0,28737.25,overlapping_active_same_direction_rb_tapped
1,6264,2026-07-17 06:24:00-04:00,bearish,"(28749.75, 28764.0, 28744.5, 28744.5)",28749.75,28764.0,RB2-002831,28758.25,28765.0,overlapping_active_same_direction_rb_tapped
1,6266,2026-07-17 06:26:00-04:00,bullish,"(28740.75, 28753.5, 28724.25, 28749.25)",28724.25,28740.75,RB2-002832,28740.0,28745.25,overlapping_active_same_direction_rb_tapped
1,6267,2026-07-17 06:27:00-04:00,bearish,"(28751.5, 28765.0, 28746.25, 28759.0)",28759.0,28765.0,RB2-002831,28758.25,28765.0,overlapping_active_same_direction_rb_tapped
1,6271,2026-07-17 06:31:00-04:00,bearish,"(28776.5, 28779.0, 28771.5, 28771.5)",28776.5,28779.0,RB2-002835,28773.5,28782.0,overlapping_active_same_direction_rb_tapped
1,6272,2026-07-17 06:32:00-04:00,bullish,"(28770.75, 28775.0, 28763.0, 28770.75)",28763.0,28770.75,RB2-002836,28768.75,28772.25,overlapping_active_same_direction_rb_tapped
1,6277,2026-07-17 06:37:00-04:00,bullish,"(28802.5, 28803.25, 28793.0, 28798.0)",28793.0,28798.0,RB2-002840,28792.25,28796.5,overlapping_active_same_direction_rb_tapped
1,6278,2026-07-17 06:38:00-04:00,bullish,"(28797.25, 28808.25, 28792.0, 28807.5)",28792.0,28797.25,RB2-002840,28792.25,28796.5,overlapping_active_same_direction_rb_tapped
1,6279,2026-07-17 06:39:00-04:00,bearish,"(28807.5, 28822.0, 28804.75, 28818.5)",28818.5,28822.0,RB2-002723,28818.25,28822.0,overlapping_active_same_direction_rb_tapped
1,6281,2026-07-17 06:41:00-04:00,bearish,"(28814.75, 28825.5, 28811.0, 28815.5)",28815.5,28825.5,RB2-002723,28818.25,28822.0,overlapping_active_same_direction_rb_tapped
1,6284,2026-07-17 06:44:00-04:00,bullish,"(28807.0, 28814.25, 28793.75, 28801.25)",28793.75,28801.25,RB2-002840,28792.25,28796.5,overlapping_active_same_direction_rb_tapped
1,6285,2026-07-17 06:45:00-04:00,bullish,"(28799.25, 28806.75, 28790.0, 28801.25)",28790.0,28799.25,RB2-002840,28792.25,28796.5,overlapping_active_same_direction_rb_tapped
1,6287,2026-07-17 06:47:00-04:00,bullish,"(28803.0, 28810.75, 28798.0, 28809.0)",28798.0,28803.0,RB2-002844,28798.75,28801.75,overlapping_active_same_direction_rb_tapped
1,6290,2026-07-17 06:50:00-04:00,bullish,"(28798.75, 28800.0, 28790.25, 28796.75)",28790.25,28796.75,RB2-002846,28796.0,28799.0,overlapping_active_same_direction_rb_tapped
1,6293,2026-07-17 06:53:00-04:00,bearish,"(28794.0, 28800.75, 28794.0, 28796.0)",28796.0,28800.75,RB2-002847,28796.25,28799.0,overlapping_active_same_direction_rb_tapped
1,6295,2026-07-17 06:55:00-04:00,bearish,"(28793.75, 28800.0, 28784.25, 28789.0)",28793.75,28800.0,RB2-002848,28796.0,28804.0,overlapping_active_same_direction_rb_tapped
1,6296,2026-07-17 06:56:00-04:00,bearish,"(28788.5, 28802.5, 28788.5, 28796.75)",28796.75,28802.5,RB2-002848,28796.0,28804.0,overlapping_active_same_direction_rb_tapped
1,6297,2026-07-17 06:57:00-04:00,bearish,"(28798.75, 28803.75, 28781.5, 28782.5)",28798.75,28803.75,RB2-002848,28796.0,28804.0,overlapping_active_same_direction_rb_tapped
1,6298,2026-07-17 06:58:00-04:00,bullish,"(28782.0, 28785.25, 28777.25, 28782.75)",28777.25,28782.0,RB2-002838,28779.0,28784.25,overlapping_active_same_direction_rb_tapped
1,6302,2026-07-17 07:02:00-04:00,bearish,"(28802.5, 28805.5, 28793.25, 28794.75)",28802.5,28805.5,RB2-002851,28805.25,28808.25,overlapping_active_same_direction_rb_tapped
1,6304,2026-07-17 07:04:00-04:00,bullish,"(28773.5, 28773.75, 28752.0, 28762.75)",28752.0,28762.75,RB2-002834,28754.0,28757.5,overlapping_active_same_direction_rb_tapped
1,6310,2026-07-17 07:10:00-04:00,bullish,"(28753.75, 28762.5, 28750.75, 28761.0)",28750.75,28753.75,RB2-002853,28750.0,28752.75,overlapping_active_same_direction_rb_tapped
1,6314,2026-07-17 07:14:00-04:00,bullish,"(28764.25, 28765.5, 28752.25, 28757.25)",28752.25,28757.25,RB2-002853,28750.0,28752.75,overlapping_active_same_direction_rb_tapped
1,6322,2026-07-17 07:22:00-04:00,bearish,"(28735.75, 28751.0, 28732.25, 28747.25)",28747.25,28751.0,RB2-002858,28751.0,28754.0,overlapping_active_same_direction_rb_tapped
1,6323,2026-07-17 07:23:00-04:00,bearish,"(28749.0, 28751.25, 28739.75, 28741.25)",28749.0,28751.25,RB2-002858,28751.0,28754.0,overlapping_active_same_direction_rb_tapped
1,6325,2026-07-17 07:25:00-04:00,bearish,"(28745.25, 28752.0, 28745.0, 28750.0)",28750.0,28752.0,RB2-002858,28751.0,28754.0,overlapping_active_same_direction_rb_tapped
1,6327,2026-07-17 07:27:00-04:00,bearish,"(28763.5, 28769.0, 28750.5, 28754.0)",28763.5,28769.0,RB2-002861,28763.75,28775.0,overlapping_active_same_direction_rb_tapped
1,6329,2026-07-17 07:29:00-04:00,bullish,"(28749.5, 28763.25, 28745.0, 28763.25)",28745.0,28749.5,RB2-002862,28747.0,28751.5,overlapping_active_same_direction_rb_tapped
1,6332,2026-07-17 07:32:00-04:00,bearish,"(28744.75, 28755.75, 28744.75, 28747.25)",28747.25,28755.75,RB2-002863,28745.5,28753.0,overlapping_active_same_direction_rb_tapped
1,6333,2026-07-17 07:33:00-04:00,bullish,"(28745.0, 28752.0, 28738.5, 28751.25)",28738.5,28745.0,RB2-002860,28733.75,28740.0,overlapping_active_same_direction_rb_tapped
1,6335,2026-07-17 07:35:00-04:00,bearish,"(28749.0, 28760.0, 28749.0, 28755.75)",28755.75,28760.0,RB2-002864,28750.5,28755.75,overlapping_active_same_direction_rb_tapped
1,6338,2026-07-17 07:38:00-04:00,bearish,"(28756.25, 28759.75, 28753.5, 28753.5)",28756.25,28759.75,RB2-002865,28758.75,28762.25,overlapping_active_same_direction_rb_tapped
1,6340,2026-07-17 07:40:00-04:00,bearish,"(28750.25, 28755.75, 28748.5, 28750.75)",28750.75,28755.75,RB2-002867,28753.25,28756.0,overlapping_active_same_direction_rb_tapped
1,6345,2026-07-17 07:45:00-04:00,bearish,"(28727.5, 28734.5, 28727.5, 28728.5)",28728.5,28734.5,RB2-002871,28729.75,28733.75,overlapping_active_same_direction_rb_tapped
1,6346,2026-07-17 07:46:00-04:00,bullish,"(28728.0, 28728.25, 28718.0, 28727.25)",28718.0,28727.25,RB2-002870,28713.5,28729.0,overlapping_active_same_direction_rb_tapped
1,6347,2026-07-17 07:47:00-04:00,bullish,"(28726.75, 28733.0, 28723.5, 28731.25)",28723.5,28726.75,RB2-002870,28713.5,28729.0,overlapping_active_same_direction_rb_tapped
1,6350,2026-07-17 07:50:00-04:00,bullish,"(28744.25, 28744.75, 28737.25, 28743.0)",28737.25,28743.0,RB2-002872,28741.25,28744.75,overlapping_active_same_direction_rb_tapped
1,6351,2026-07-17 07:51:00-04:00,bullish,"(28741.0, 28741.0, 28725.5, 28735.75)",28725.5,28735.75,RB2-002870,28713.5,28729.0,overlapping_active_same_direction_rb_tapped
1,6354,2026-07-17 07:54:00-04:00,bearish,"(28744.75, 28764.25, 28743.75, 28757.5)",28757.5,28764.25,RB2-002861,28763.75,28775.0,overlapping_active_same_direction_rb_tapped
1,6357,2026-07-17 07:57:00-04:00,bullish,"(28739.25, 28742.5, 28736.0, 28739.5)",28736.0,28739.25,RB2-002873,28736.75,28738.0,overlapping_active_same_direction_rb_tapped
1,6359,2026-07-17 07:59:00-04:00,bullish,"(28745.5, 28748.0, 28738.5, 28741.5)",28738.5,28741.5,RB2-002877,28737.75,28740.5,overlapping_active_same_direction_rb_tapped
1,6362,2026-07-17 08:02:00-04:00,bullish,"(28724.25, 28726.0, 28717.0, 28720.0)",28717.0,28720.0,RB2-002870,28713.5,28729.0,overlapping_active_same_direction_rb_tapped
1,6363,2026-07-17 08:03:00-04:00,bullish,"(28720.0, 28720.25, 28700.25, 28704.0)",28700.25,28704.0,RB2-002823,28696.75,28704.5,overlapping_active_same_direction_rb_tapped
1,6364,2026-07-17 08:04:00-04:00,bullish,"(28704.75, 28706.25, 28694.0, 28699.75)",28694.0,28699.75,RB2-002823,28696.75,28704.5,overlapping_active_same_direction_rb_tapped
1,6366,2026-07-17 08:06:00-04:00,bullish,"(28692.0, 28696.25, 28684.25, 28690.0)",28684.25,28690.0,RB2-002814,28678.0,28686.0,overlapping_active_same_direction_rb_tapped
1,6368,2026-07-17 08:08:00-04:00,bullish,"(28687.0, 28697.0, 28682.25, 28696.25)",28682.25,28687.0,RB2-002814,28678.0,28686.0,overlapping_active_same_direction_rb_tapped
1,6371,2026-07-17 08:11:00-04:00,bullish,"(28687.5, 28689.25, 28676.75, 28679.25)",28676.75,28679.25,RB2-002814,28678.0,28686.0,overlapping_active_same_direction_rb_tapped
1,6372,2026-07-17 08:12:00-04:00,bullish,"(28680.75, 28689.5, 28675.0, 28688.75)",28675.0,28680.75,RB2-002814,28678.0,28686.0,overlapping_active_same_direction_rb_tapped
1,6375,2026-07-17 08:15:00-04:00,bearish,"(28683.25, 28689.5, 28679.25, 28679.25)",28683.25,28689.5,RB2-002881,28686.0,28695.75,overlapping_active_same_direction_rb_tapped
1,6376,2026-07-17 08:16:00-04:00,bullish,"(28680.0, 28682.0, 28673.25, 28679.5)",28673.25,28679.5,RB2-002810,28669.25,28674.0,overlapping_active_same_direction_rb_tapped
1,6377,2026-07-17 08:17:00-04:00,bearish,"(28681.5, 28688.75, 28679.75, 28682.5)",28682.5,28688.75,RB2-002881,28686.0,28695.75,overlapping_active_same_direction_rb_tapped
1,6378,2026-07-17 08:18:00-04:00,bearish,"(28682.0, 28689.5, 28676.0, 28676.5)",28682.0,28689.5,RB2-002881,28686.0,28695.75,overlapping_active_same_direction_rb_tapped
1,6380,2026-07-17 08:20:00-04:00,bullish,"(28676.0, 28679.5, 28671.0, 28679.5)",28671.0,28676.0,RB2-002810,28669.25,28674.0,overlapping_active_same_direction_rb_tapped
1,6381,2026-07-17 08:21:00-04:00,bearish,"(28677.0, 28689.25, 28674.75, 28685.5)",28685.5,28689.25,RB2-002881,28686.0,28695.75,overlapping_active_same_direction_rb_tapped
1,6385,2026-07-17 08:25:00-04:00,bearish,"(28688.75, 28693.25, 28684.0, 28684.75)",28688.75,28693.25,RB2-002881,28686.0,28695.75,overlapping_active_same_direction_rb_tapped
1,6390,2026-07-17 08:30:00-04:00,bullish,"(28674.25, 28674.5, 28661.0, 28674.0)",28661.0,28674.0,RB2-002886,28669.0,28670.75,overlapping_active_same_direction_rb_tapped
1,6392,2026-07-17 08:32:00-04:00,bearish,"(28669.0, 28678.25, 28661.75, 28669.0)",28669.0,28678.25,RB2-002885,28672.75,28678.25,overlapping_active_same_direction_rb_tapped
1,6393,2026-07-17 08:33:00-04:00,bullish,"(28669.75, 28679.75, 28665.0, 28678.75)",28665.0,28669.75,RB2-002887,28662.5,28666.75,overlapping_active_same_direction_rb_tapped
1,6394,2026-07-17 08:34:00-04:00,bullish,"(28679.0, 28679.0, 28666.5, 28669.0)",28666.5,28669.0,RB2-002887,28662.5,28666.75,overlapping_active_same_direction_rb_tapped
1,6395,2026-07-17 08:35:00-04:00,bullish,"(28669.0, 28670.75, 28662.5, 28669.75)",28662.5,28669.0,RB2-002887,28662.5,28666.75,overlapping_active_same_direction_rb_tapped
1,6397,2026-07-17 08:37:00-04:00,bullish,"(28681.25, 28682.0, 28665.0, 28668.25)",28665.0,28668.25,RB2-002887,28662.5,28666.75,overlapping_active_same_direction_rb_tapped
1,6399,2026-07-17 08:39:00-04:00,bearish,"(28668.5, 28678.25, 28666.0, 28673.0)",28673.0,28678.25,RB2-002889,28668.75,28675.5,overlapping_active_same_direction_rb_tapped
1,6403,2026-07-17 08:43:00-04:00,bullish,"(28660.5, 28666.0, 28654.25, 28664.0)",28654.25,28660.5,RB2-002892,28650.75,28657.5,overlapping_active_same_direction_rb_tapped
1,6404,2026-07-17 08:44:00-04:00,bearish,"(28663.5, 28683.75, 28661.0, 28674.5)",28674.5,28683.75,RB2-002890,28672.5,28677.75,overlapping_active_same_direction_rb_tapped
1,6406,2026-07-17 08:46:00-04:00,bullish,"(28678.5, 28690.75, 28671.0, 28684.25)",28671.0,28678.5,RB2-002893,28667.75,28675.25,overlapping_active_same_direction_rb_tapped
1,6407,2026-07-17 08:47:00-04:00,bearish,"(28684.25, 28689.25, 28676.75, 28679.25)",28684.25,28689.25,RB2-002881,28686.0,28695.75,overlapping_active_same_direction_rb_tapped
1,6410,2026-07-17 08:50:00-04:00,bullish,"(28651.5, 28655.25, 28645.5, 28653.75)",28645.5,28651.5,RB2-002892,28650.75,28657.5,overlapping_active_same_direction_rb_tapped
1,6415,2026-07-17 08:55:00-04:00,bullish,"(28670.5, 28674.25, 28660.0, 28670.0)",28660.0,28670.0,RB2-002897,28665.75,28671.0,overlapping_active_same_direction_rb_tapped
1,6416,2026-07-17 08:56:00-04:00,bearish,"(28670.75, 28686.5, 28668.0, 28683.25)",28683.25,28686.5,RB2-002881,28686.0,28695.75,overlapping_active_same_direction_rb_tapped
1,6420,2026-07-17 09:00:00-04:00,bullish,"(28664.75, 28665.75, 28644.75, 28655.75)",28644.75,28655.75,RB2-002896,28652.0,28658.25,overlapping_active_same_direction_rb_tapped
1,6422,2026-07-17 09:02:00-04:00,bullish,"(28645.0, 28647.5, 28635.0, 28641.0)",28635.0,28641.0,RB2-002901,28636.5,28645.0,overlapping_active_same_direction_rb_tapped
1,6424,2026-07-17 09:04:00-04:00,bullish,"(28642.75, 28647.0, 28638.25, 28644.75)",28638.25,28642.75,RB2-002901,28636.5,28645.0,overlapping_active_same_direction_rb_tapped
1,6426,2026-07-17 09:06:00-04:00,bearish,"(28640.25, 28651.25, 28633.25, 28634.75)",28640.25,28651.25,RB2-002903,28644.5,28650.5,overlapping_active_same_direction_rb_tapped
1,6427,2026-07-17 09:07:00-04:00,bullish,"(28634.5, 28637.75, 28628.5, 28632.0)",28628.5,28632.0,RB2-002798,28620.25,28629.75,overlapping_active_same_direction_rb_tapped
1,6429,2026-07-17 09:09:00-04:00,bullish,"(28630.0, 28630.5, 28625.0, 28628.25)",28625.0,28628.25,RB2-002798,28620.25,28629.75,overlapping_active_same_direction_rb_tapped
1,6430,2026-07-17 09:10:00-04:00,bearish,"(28627.25, 28635.25, 28623.5, 28628.25)",28628.25,28635.25,RB2-002904,28631.25,28641.25,overlapping_active_same_direction_rb_tapped
1,6431,2026-07-17 09:11:00-04:00,bullish,"(28628.75, 28632.25, 28622.25, 28626.0)",28622.25,28626.0,RB2-002798,28620.25,28629.75,overlapping_active_same_direction_rb_tapped
1,6433,2026-07-17 09:13:00-04:00,bullish,"(28624.0, 28627.25, 28620.0, 28625.0)",28620.0,28624.0,RB2-002798,28620.25,28629.75,overlapping_active_same_direction_rb_tapped
1,6434,2026-07-17 09:14:00-04:00,bullish,"(28625.25, 28625.25, 28619.75, 28621.5)",28619.75,28621.5,RB2-002798,28620.25,28629.75,overlapping_active_same_direction_rb_tapped
1,6435,2026-07-17 09:15:00-04:00,bearish,"(28621.0, 28629.0, 28616.0, 28620.75)",28621.0,28629.0,RB2-002905,28626.0,28629.5,overlapping_active_same_direction_rb_tapped
1,6436,2026-07-17 09:16:00-04:00,bearish,"(28622.25, 28631.5, 28618.5, 28620.75)",28622.25,28631.5,RB2-002904,28631.25,28641.25,overlapping_active_same_direction_rb_tapped
1,6438,2026-07-17 09:18:00-04:00,bearish,"(28630.25, 28635.75, 28624.25, 28627.75)",28630.25,28635.75,RB2-002904,28631.25,28641.25,overlapping_active_same_direction_rb_tapped
1,6440,2026-07-17 09:20:00-04:00,bullish,"(28614.25, 28625.0, 28611.75, 28624.0)",28611.75,28614.25,RB2-002907,28611.5,28615.0,overlapping_active_same_direction_rb_tapped
1,6442,2026-07-17 09:22:00-04:00,bullish,"(28615.75, 28619.75, 28607.5, 28611.75)",28607.5,28611.75,RB2-002907,28611.5,28615.0,overlapping_active_same_direction_rb_tapped
1,6447,2026-07-17 09:27:00-04:00,bearish,"(28635.5, 28648.25, 28588.0, 28599.25)",28635.5,28648.25,RB2-002903,28644.5,28650.5,overlapping_active_same_direction_rb_tapped
1,6449,2026-07-17 09:29:00-04:00,bullish,"(28608.75, 28610.5, 28581.0, 28606.0)",28581.0,28606.0,RB2-002912,28585.75,28598.5,overlapping_active_same_direction_rb_tapped
1,6450,2026-07-17 09:30:00-04:00,bearish,"(28607.75, 28659.0, 28599.5, 28644.25)",28644.25,28659.0,RB2-002903,28644.5,28650.5,overlapping_active_same_direction_rb_tapped
1,6456,2026-07-17 09:36:00-04:00,bearish,"(28540.75, 28570.5, 28514.5, 28523.25)",28540.75,28570.5,RB2-002914,28554.75,28571.25,overlapping_active_same_direction_rb_tapped
1,6460,2026-07-17 09:40:00-04:00,bearish,"(28463.0, 28506.25, 28456.0, 28476.5)",28476.5,28506.25,RB2-002916,28480.5,28489.25,overlapping_active_same_direction_rb_tapped
1,6464,2026-07-17 09:44:00-04:00,bearish,"(28422.25, 28450.0, 28408.25, 28420.0)",28422.25,28450.0,RB2-002918,28435.25,28444.25,overlapping_active_same_direction_rb_tapped
1,6466,2026-07-17 09:46:00-04:00,bearish,"(28448.0, 28480.0, 28436.0, 28438.75)",28448.0,28480.0,RB2-002917,28478.25,28512.0,overlapping_active_same_direction_rb_tapped
1,6468,2026-07-17 09:48:00-04:00,bearish,"(28485.25, 28517.5, 28481.0, 28505.0)",28505.0,28517.5,RB2-002917,28478.25,28512.0,overlapping_active_same_direction_rb_tapped
1,6470,2026-07-17 09:50:00-04:00,bearish,"(28498.5, 28538.0, 28486.25, 28520.75)",28520.75,28538.0,RB2-002915,28523.75,28535.0,overlapping_active_same_direction_rb_tapped
1,6472,2026-07-17 09:52:00-04:00,bearish,"(28523.5, 28569.5, 28517.5, 28550.75)",28550.75,28569.5,RB2-002914,28554.75,28571.25,overlapping_active_same_direction_rb_tapped
1,6481,2026-07-17 10:01:00-04:00,bearish,"(28737.0, 28748.0, 28719.0, 28723.0)",28737.0,28748.0,RB2-002878,28740.75,28744.75,overlapping_active_same_direction_rb_tapped
1,6483,2026-07-17 10:03:00-04:00,bearish,"(28762.5, 28783.75, 28744.75, 28748.25)",28762.5,28783.75,RB2-002861,28763.75,28775.0,overlapping_active_same_direction_rb_tapped
1,6486,2026-07-17 10:06:00-04:00,bearish,"(28766.5, 28813.0, 28762.5, 28799.5)",28799.5,28813.0,RB2-002845,28808.75,28815.0,overlapping_active_same_direction_rb_tapped
1,6488,2026-07-17 10:08:00-04:00,bearish,"(28794.5, 28814.0, 28782.0, 28799.5)",28799.5,28814.0,RB2-002845,28808.75,28815.0,overlapping_active_same_direction_rb_tapped
1,6489,2026-07-17 10:09:00-04:00,bullish,"(28799.25, 28817.0, 28785.0, 28810.0)",28785.0,28799.25,RB2-002930,28783.5,28794.25,overlapping_active_same_direction_rb_tapped
1,6494,2026-07-17 10:14:00-04:00,bullish,"(28812.0, 28813.25, 28783.0, 28803.5)",28783.0,28803.5,RB2-002930,28783.5,28794.25,overlapping_active_same_direction_rb_tapped
1,6495,2026-07-17 10:15:00-04:00,bullish,"(28804.0, 28851.25, 28779.75, 28844.0)",28779.75,28804.0,RB2-002930,28783.5,28794.25,overlapping_active_same_direction_rb_tapped
1,6498,2026-07-17 10:18:00-04:00,bullish,"(28854.75, 28864.0, 28839.0, 28855.5)",28839.0,28854.75,RB2-002934,28819.0,28843.75,overlapping_active_same_direction_rb_tapped
1,6499,2026-07-17 10:19:00-04:00,bearish,"(28855.5, 28870.75, 28842.0, 28848.75)",28855.5,28870.75,RB2-002935,28853.5,28885.5,overlapping_active_same_direction_rb_tapped
1,6500,2026-07-17 10:20:00-04:00,bearish,"(28850.0, 28864.75, 28830.0, 28830.25)",28850.0,28864.75,RB2-002935,28853.5,28885.5,overlapping_active_same_direction_rb_tapped
1,6501,2026-07-17 10:21:00-04:00,bullish,"(28830.75, 28858.0, 28815.5, 28851.75)",28815.5,28830.75,RB2-002934,28819.0,28843.75,overlapping_active_same_direction_rb_tapped
1,6502,2026-07-17 10:22:00-04:00,bullish,"(28854.0, 28870.0, 28820.75, 28842.0)",28820.75,28842.0,RB2-002934,28819.0,28843.75,overlapping_active_same_direction_rb_tapped
1,6503,2026-07-17 10:23:00-04:00,bullish,"(28842.75, 28857.0, 28821.75, 28837.5)",28821.75,28837.5,RB2-002934,28819.0,28843.75,overlapping_active_same_direction_rb_tapped
1,6504,2026-07-17 10:24:00-04:00,bearish,"(28839.75, 28879.0, 28839.75, 28866.0)",28866.0,28879.0,RB2-002935,28853.5,28885.5,overlapping_active_same_direction_rb_tapped
1,6505,2026-07-17 10:25:00-04:00,bearish,"(28865.5, 28887.5, 28855.5, 28859.75)",28865.5,28887.5,RB2-002935,28853.5,28885.5,overlapping_active_same_direction_rb_tapped
1,6507,2026-07-17 10:27:00-04:00,bearish,"(28848.25, 28882.0, 28836.5, 28853.75)",28853.75,28882.0,RB2-002935,28853.5,28885.5,overlapping_active_same_direction_rb_tapped
1,6508,2026-07-17 10:28:00-04:00,bullish,"(28855.75, 28858.75, 28830.0, 28837.25)",28830.0,28837.25,RB2-002934,28819.0,28843.75,overlapping_active_same_direction_rb_tapped
1,6509,2026-07-17 10:29:00-04:00,bullish,"(28837.75, 28840.25, 28816.5, 28832.0)",28816.5,28832.0,RB2-002934,28819.0,28843.75,overlapping_active_same_direction_rb_tapped
1,6510,2026-07-17 10:30:00-04:00,bullish,"(28832.0, 28843.75, 28807.5, 28834.5)",28807.5,28832.0,RB2-002934,28819.0,28843.75,overlapping_active_same_direction_rb_tapped
1,6514,2026-07-17 10:34:00-04:00,bearish,"(28778.75, 28815.0, 28778.75, 28790.5)",28790.5,28815.0,RB2-002937,28801.5,28815.25,overlapping_active_same_direction_rb_tapped
1,6516,2026-07-17 10:36:00-04:00,bearish,"(28840.5, 28867.75, 28838.5, 28849.0)",28849.0,28867.75,RB2-002935,28853.5,28885.5,overlapping_active_same_direction_rb_tapped
1,6517,2026-07-17 10:37:00-04:00,bearish,"(28848.25, 28873.0, 28829.0, 28851.5)",28851.5,28873.0,RB2-002935,28853.5,28885.5,overlapping_active_same_direction_rb_tapped
1,6518,2026-07-17 10:38:00-04:00,bearish,"(28852.0, 28886.25, 28846.25, 28860.0)",28860.0,28886.25,RB2-002935,28853.5,28885.5,overlapping_active_same_direction_rb_tapped
1,6525,2026-07-17 10:45:00-04:00,bullish,"(28824.5, 28826.75, 28800.5, 28811.0)",28800.5,28811.0,RB2-002942,28806.0,28813.25,overlapping_active_same_direction_rb_tapped
1,6526,2026-07-17 10:46:00-04:00,bullish,"(28811.5, 28811.75, 28768.25, 28798.25)",28768.25,28798.25,RB2-002938,28760.25,28774.75,overlapping_active_same_direction_rb_tapped
1,6532,2026-07-17 10:52:00-04:00,bearish,"(28762.25, 28814.0, 28760.5, 28783.0)",28783.0,28814.0,RB2-002946,28811.5,28819.75,overlapping_active_same_direction_rb_tapped
1,6534,2026-07-17 10:54:00-04:00,bullish,"(28762.5, 28771.25, 28748.25, 28762.5)",28748.25,28762.5,RB2-002938,28760.25,28774.75,overlapping_active_same_direction_rb_tapped
1,6536,2026-07-17 10:56:00-04:00,bullish,"(28801.75, 28803.0, 28751.0, 28761.0)",28751.0,28761.0,RB2-002948,28754.5,28762.5,overlapping_active_same_direction_rb_tapped
1,6540,2026-07-17 11:00:00-04:00,bearish,"(28727.0, 28742.25, 28706.0, 28709.25)",28727.0,28742.25,RB2-002950,28729.25,28741.0,overlapping_active_same_direction_rb_tapped
1,6543,2026-07-17 11:03:00-04:00,bearish,"(28716.5, 28722.0, 28695.25, 28699.25)",28716.5,28722.0,RB2-002952,28717.0,28726.5,overlapping_active_same_direction_rb_tapped
1,6545,2026-07-17 11:05:00-04:00,bearish,"(28689.75, 28709.25, 28682.5, 28697.0)",28697.0,28709.25,RB2-002953,28699.25,28710.0,overlapping_active_same_direction_rb_tapped
1,6546,2026-07-17 11:06:00-04:00,bullish,"(28696.75, 28707.25, 28681.0, 28698.5)",28681.0,28696.75,RB2-002951,28685.75,28708.5,overlapping_active_same_direction_rb_tapped
1,6547,2026-07-17 11:07:00-04:00,bearish,"(28697.5, 28715.0, 28676.75, 28688.0)",28697.5,28715.0,RB2-002953,28699.25,28710.0,overlapping_active_same_direction_rb_tapped
1,6550,2026-07-17 11:10:00-04:00,bearish,"(28729.75, 28755.75, 28700.0, 28712.0)",28729.75,28755.75,RB2-002950,28729.25,28741.0,overlapping_active_same_direction_rb_tapped
1,6554,2026-07-17 11:14:00-04:00,bullish,"(28696.5, 28710.25, 28692.25, 28706.5)",28692.25,28696.5,RB2-002955,28688.0,28700.0,overlapping_active_same_direction_rb_tapped
1,6555,2026-07-17 11:15:00-04:00,bullish,"(28707.25, 28710.0, 28686.0, 28690.75)",28686.0,28690.75,RB2-002955,28688.0,28700.0,overlapping_active_same_direction_rb_tapped
1,6556,2026-07-17 11:16:00-04:00,bearish,"(28692.25, 28711.0, 28689.5, 28696.25)",28696.25,28711.0,RB2-002956,28710.5,28729.0,overlapping_active_same_direction_rb_tapped
1,6558,2026-07-17 11:18:00-04:00,bullish,"(28698.0, 28725.0, 28689.75, 28719.75)",28689.75,28698.0,RB2-002955,28688.0,28700.0,overlapping_active_same_direction_rb_tapped
1,6559,2026-07-17 11:19:00-04:00,bearish,"(28721.0, 28747.25, 28715.5, 28725.25)",28725.25,28747.25,RB2-002956,28710.5,28729.0,overlapping_active_same_direction_rb_tapped
1,6560,2026-07-17 11:20:00-04:00,bullish,"(28726.0, 28728.75, 28688.0, 28723.0)",28688.0,28723.0,RB2-002955,28688.0,28700.0,overlapping_active_same_direction_rb_tapped
1,6562,2026-07-17 11:22:00-04:00,bullish,"(28722.0, 28742.75, 28705.0, 28730.25)",28705.0,28722.0,RB2-002958,28710.0,28722.5,overlapping_active_same_direction_rb_tapped
1,6564,2026-07-17 11:24:00-04:00,bullish,"(28695.5, 28695.5, 28672.25, 28691.5)",28672.25,28691.5,RB2-002927,28660.0,28672.25,overlapping_active_same_direction_rb_tapped
1,6567,2026-07-17 11:27:00-04:00,bearish,"(28725.5, 28738.0, 28712.25, 28717.75)",28725.5,28738.0,RB2-002959,28729.75,28742.75,overlapping_active_same_direction_rb_tapped
1,6568,2026-07-17 11:28:00-04:00,bearish,"(28718.75, 28744.75, 28714.25, 28735.0)",28735.0,28744.75,RB2-002959,28729.75,28742.75,overlapping_active_same_direction_rb_tapped
1,6571,2026-07-17 11:31:00-04:00,bullish,"(28771.0, 28774.25, 28749.0, 28755.0)",28749.0,28755.0,RB2-002963,28740.5,28753.25,overlapping_active_same_direction_rb_tapped
1,6572,2026-07-17 11:32:00-04:00,bullish,"(28755.75, 28773.5, 28718.0, 28772.75)",28718.0,28755.75,RB2-002963,28740.5,28753.25,overlapping_active_same_direction_rb_tapped
1,6573,2026-07-17 11:33:00-04:00,bearish,"(28771.25, 28790.75, 28770.75, 28776.25)",28776.25,28790.75,RB2-002949,28764.25,28784.0,overlapping_active_same_direction_rb_tapped
1,6575,2026-07-17 11:35:00-04:00,bullish,"(28753.75, 28756.25, 28725.0, 28751.75)",28725.0,28751.75,RB2-002964,28745.75,28753.5,overlapping_active_same_direction_rb_tapped
1,6580,2026-07-17 11:40:00-04:00,bearish,"(28823.0, 28843.5, 28821.5, 28824.25)",28824.25,28843.5,RB2-002944,28840.5,28857.75,overlapping_active_same_direction_rb_tapped
1,6581,2026-07-17 11:41:00-04:00,bullish,"(28823.75, 28825.0, 28785.5, 28796.25)",28785.5,28796.25,RB2-002966,28778.75,28799.25,overlapping_active_same_direction_rb_tapped
1,6582,2026-07-17 11:42:00-04:00,bullish,"(28795.25, 28804.0, 28772.25, 28786.25)",28772.25,28786.25,RB2-002966,28778.75,28799.25,overlapping_active_same_direction_rb_tapped
1,6584,2026-07-17 11:44:00-04:00,bearish,"(28779.75, 28807.0, 28773.75, 28799.0)",28799.0,28807.0,RB2-002968,28786.5,28800.0,overlapping_active_same_direction_rb_tapped
1,6590,2026-07-17 11:50:00-04:00,bearish,"(28824.5, 28832.5, 28800.75, 28803.5)",28824.5,28832.5,RB2-002971,28820.25,28828.0,overlapping_active_same_direction_rb_tapped
1,6597,2026-07-17 11:57:00-04:00,bearish,"(28920.25, 28925.75, 28907.75, 28912.25)",28920.25,28925.75,RB2-002975,28920.75,28924.5,overlapping_active_same_direction_rb_tapped
1,6600,2026-07-17 12:00:00-04:00,bearish,"(28934.0, 28955.75, 28928.25, 28947.5)",28947.5,28955.75,RB2-002977,28933.5,28948.5,overlapping_active_same_direction_rb_tapped
1,6604,2026-07-17 12:04:00-04:00,bullish,"(28874.0, 28885.75, 28860.75, 28885.75)",28860.75,28874.0,RB2-002979,28856.75,28873.5,overlapping_active_same_direction_rb_tapped
1,6605,2026-07-17 12:05:00-04:00,bullish,"(28885.25, 28886.0, 28860.0, 28868.25)",28860.0,28868.25,RB2-002979,28856.75,28873.5,overlapping_active_same_direction_rb_tapped
1,6606,2026-07-17 12:06:00-04:00,bullish,"(28868.25, 28874.75, 28851.0, 28864.0)",28851.0,28864.0,RB2-002979,28856.75,28873.5,overlapping_active_same_direction_rb_tapped
1,6614,2026-07-17 12:14:00-04:00,bearish,"(28927.5, 28942.75, 28926.0, 28939.0)",28939.0,28942.75,RB2-002982,28938.0,28944.5,overlapping_active_same_direction_rb_tapped
1,6617,2026-07-17 12:17:00-04:00,bearish,"(28928.5, 28956.0, 28925.25, 28939.25)",28939.25,28956.0,RB2-002986,28947.0,28952.25,overlapping_active_same_direction_rb_tapped
1,6619,2026-07-17 12:19:00-04:00,bearish,"(28940.75, 28953.75, 28936.5, 28941.25)",28941.25,28953.75,RB2-002987,28939.25,28956.0,overlapping_active_same_direction_rb_tapped
1,6620,2026-07-17 12:20:00-04:00,bearish,"(28941.25, 28949.5, 28929.5, 28931.0)",28941.25,28949.5,RB2-002987,28939.25,28956.0,overlapping_active_same_direction_rb_tapped
1,6625,2026-07-17 12:25:00-04:00,bullish,"(28867.75, 28892.0, 28858.0, 28887.25)",28858.0,28867.75,RB2-002981,28853.75,28859.75,overlapping_active_same_direction_rb_tapped
1,6627,2026-07-17 12:27:00-04:00,bearish,"(28895.25, 28942.75, 28894.25, 28931.75)",28931.75,28942.75,RB2-002987,28939.25,28956.0,overlapping_active_same_direction_rb_tapped
1,6629,2026-07-17 12:29:00-04:00,bearish,"(28924.5, 28931.5, 28913.0, 28913.5)",28924.5,28931.5,RB2-002992,28931.5,28938.75,overlapping_active_same_direction_rb_tapped
1,6632,2026-07-17 12:32:00-04:00,bullish,"(28896.25, 28911.0, 28886.5, 28907.75)",28886.5,28896.25,RB2-002991,28870.75,28888.25,overlapping_active_same_direction_rb_tapped
1,6634,2026-07-17 12:34:00-04:00,bearish,"(28912.75, 28917.75, 28900.75, 28903.75)",28912.75,28917.75,RB2-002993,28914.25,28930.25,overlapping_active_same_direction_rb_tapped
1,6635,2026-07-17 12:35:00-04:00,bearish,"(28904.75, 28926.25, 28903.25, 28917.0)",28917.0,28926.25,RB2-002993,28914.25,28930.25,overlapping_active_same_direction_rb_tapped
1,6636,2026-07-17 12:36:00-04:00,bullish,"(28916.75, 28935.0, 28907.5, 28929.5)",28907.5,28916.75,RB2-002995,28897.25,28909.75,overlapping_active_same_direction_rb_tapped
1,6637,2026-07-17 12:37:00-04:00,bearish,"(28930.5, 28933.75, 28912.75, 28914.5)",28930.5,28933.75,RB2-002992,28931.5,28938.75,overlapping_active_same_direction_rb_tapped
1,6639,2026-07-17 12:39:00-04:00,bearish,"(28927.0, 28941.0, 28921.75, 28927.0)",28927.0,28941.0,RB2-002987,28939.25,28956.0,overlapping_active_same_direction_rb_tapped
1,6640,2026-07-17 12:40:00-04:00,bullish,"(28926.75, 28932.75, 28902.0, 28912.25)",28902.0,28912.25,RB2-002995,28897.25,28909.75,overlapping_active_same_direction_rb_tapped
1,6643,2026-07-17 12:43:00-04:00,bearish,"(28936.0, 28969.75, 28934.75, 28953.5)",28953.5,28969.75,RB2-002987,28939.25,28956.0,overlapping_active_same_direction_rb_tapped
1,6655,2026-07-17 12:55:00-04:00,bearish,"(29010.75, 29019.5, 28988.25, 28989.75)",29010.75,29019.5,RB2-003006,29012.75,29018.25,overlapping_active_same_direction_rb_tapped
1,6657,2026-07-17 12:57:00-04:00,bullish,"(28985.0, 28985.5, 28965.25, 28970.75)",28965.25,28970.75,RB2-003000,28962.5,28967.75,overlapping_active_same_direction_rb_tapped
1,6658,2026-07-17 12:58:00-04:00,bullish,"(28971.0, 28982.0, 28960.5, 28976.5)",28960.5,28971.0,RB2-003000,28962.5,28967.75,overlapping_active_same_direction_rb_tapped
1,6663,2026-07-17 13:03:00-04:00,bullish,"(29005.25, 29014.75, 28998.5, 29011.25)",28998.5,29005.25,RB2-003012,28993.5,29004.25,overlapping_active_same_direction_rb_tapped
1,6665,2026-07-17 13:05:00-04:00,bullish,"(29010.25, 29015.0, 29001.0, 29009.5)",29001.0,29009.5,RB2-003012,28993.5,29004.25,overlapping_active_same_direction_rb_tapped
1,6666,2026-07-17 13:06:00-04:00,bullish,"(29009.0, 29027.75, 29004.0, 29023.0)",29004.0,29009.0,RB2-003012,28993.5,29004.25,overlapping_active_same_direction_rb_tapped
1,6667,2026-07-17 13:07:00-04:00,bearish,"(29024.0, 29035.5, 29023.5, 29028.0)",29028.0,29035.5,RB2-003011,29019.0,29033.5,overlapping_active_same_direction_rb_tapped
1,6668,2026-07-17 13:08:00-04:00,bearish,"(29028.0, 29039.5, 29025.0, 29026.5)",29028.0,29039.5,RB2-003011,29019.0,29033.5,overlapping_active_same_direction_rb_tapped
1,6675,2026-07-17 13:15:00-04:00,bullish,"(28995.5, 29017.75, 28987.0, 29016.75)",28987.0,28995.5,RB2-003012,28993.5,29004.25,overlapping_active_same_direction_rb_tapped
1,6677,2026-07-17 13:17:00-04:00,bearish,"(29033.5, 29042.75, 29028.5, 29032.75)",29033.5,29042.75,RB2-003015,29038.25,29050.25,overlapping_active_same_direction_rb_tapped
1,6681,2026-07-17 13:21:00-04:00,bullish,"(28993.25, 28998.0, 28979.25, 28984.75)",28979.25,28984.75,RB2-003019,28979.25,28992.25,overlapping_active_same_direction_rb_tapped
1,6682,2026-07-17 13:22:00-04:00,bullish,"(28985.25, 29001.25, 28981.25, 29000.5)",28981.25,28985.25,RB2-003019,28979.25,28992.25,overlapping_active_same_direction_rb_tapped
1,6683,2026-07-17 13:23:00-04:00,bullish,"(29001.0, 29005.0, 28984.25, 28995.25)",28984.25,28995.25,RB2-003019,28979.25,28992.25,overlapping_active_same_direction_rb_tapped
1,6684,2026-07-17 13:24:00-04:00,bullish,"(28995.75, 28997.5, 28982.25, 28989.5)",28982.25,28989.5,RB2-003019,28979.25,28992.25,overlapping_active_same_direction_rb_tapped
1,6688,2026-07-17 13:28:00-04:00,bearish,"(29031.5, 29041.0, 29025.75, 29027.5)",29031.5,29041.0,RB2-003015,29038.25,29050.25,overlapping_active_same_direction_rb_tapped
1,6689,2026-07-17 13:29:00-04:00,bearish,"(29027.25, 29040.5, 29027.0, 29035.5)",29035.5,29040.5,RB2-003015,29038.25,29050.25,overlapping_active_same_direction_rb_tapped
1,6690,2026-07-17 13:30:00-04:00,bullish,"(29035.75, 29042.25, 29028.0, 29038.75)",29028.0,29035.75,RB2-003020,29024.0,29031.0,overlapping_active_same_direction_rb_tapped
1,6691,2026-07-17 13:31:00-04:00,bullish,"(29039.25, 29041.0, 29021.25, 29026.0)",29021.25,29026.0,RB2-003020,29024.0,29031.0,overlapping_active_same_direction_rb_tapped
1,6694,2026-07-17 13:34:00-04:00,bearish,"(29028.0, 29032.0, 29014.0, 29017.5)",29028.0,29032.0,RB2-003022,29027.75,29037.0,overlapping_active_same_direction_rb_tapped
1,6696,2026-07-17 13:36:00-04:00,bullish,"(28984.5, 28989.0, 28976.25, 28982.0)",28976.25,28982.0,RB2-003019,28979.25,28992.25,overlapping_active_same_direction_rb_tapped
1,6698,2026-07-17 13:38:00-04:00,bullish,"(28988.75, 28988.75, 28972.0, 28975.25)",28972.0,28975.25,RB2-003010,28966.25,28974.75,overlapping_active_same_direction_rb_tapped
1,6701,2026-07-17 13:41:00-04:00,bullish,"(28962.5, 28963.75, 28948.25, 28963.5)",28948.25,28962.5,RB2-002998,28939.0,28953.0,overlapping_active_same_direction_rb_tapped
1,6703,2026-07-17 13:43:00-04:00,bullish,"(28950.5, 28958.0, 28943.0, 28954.25)",28943.0,28950.5,RB2-002998,28939.0,28953.0,overlapping_active_same_direction_rb_tapped
1,6704,2026-07-17 13:44:00-04:00,bullish,"(28954.25, 28955.25, 28944.0, 28950.25)",28944.0,28950.25,RB2-002998,28939.0,28953.0,overlapping_active_same_direction_rb_tapped
1,6705,2026-07-17 13:45:00-04:00,bullish,"(28949.75, 28969.75, 28940.0, 28964.25)",28940.0,28949.75,RB2-002998,28939.0,28953.0,overlapping_active_same_direction_rb_tapped
1,6708,2026-07-17 13:48:00-04:00,bearish,"(28954.5, 28966.25, 28952.5, 28957.0)",28957.0,28966.25,RB2-003026,28963.0,28970.5,overlapping_active_same_direction_rb_tapped
1,6709,2026-07-17 13:49:00-04:00,bullish,"(28957.5, 28961.75, 28951.0, 28961.25)",28951.0,28957.5,RB2-002998,28939.0,28953.0,overlapping_active_same_direction_rb_tapped
1,6710,2026-07-17 13:50:00-04:00,bearish,"(28961.5, 28967.25, 28932.5, 28938.0)",28961.5,28967.25,RB2-003026,28963.0,28970.5,overlapping_active_same_direction_rb_tapped
1,6714,2026-07-17 13:54:00-04:00,bearish,"(28923.0, 28940.25, 28919.75, 28919.75)",28923.0,28940.25,RB2-003029,28934.25,28945.25,overlapping_active_same_direction_rb_tapped
1,6717,2026-07-17 13:57:00-04:00,bullish,"(28899.5, 28907.25, 28890.5, 28900.0)",28890.5,28899.5,RB2-002995,28897.25,28909.75,overlapping_active_same_direction_rb_tapped
1,6718,2026-07-17 13:58:00-04:00,bullish,"(28898.0, 28903.0, 28883.75, 28895.75)",28883.75,28895.75,RB2-002991,28870.75,28888.25,overlapping_active_same_direction_rb_tapped
1,6720,2026-07-17 14:00:00-04:00,bearish,"(28896.25, 28912.25, 28882.0, 28887.75)",28896.25,28912.25,RB2-003032,28896.25,28905.25,overlapping_active_same_direction_rb_tapped
1,6725,2026-07-17 14:05:00-04:00,bullish,"(28906.25, 28906.25, 28886.5, 28898.25)",28886.5,28898.25,RB2-002991,28870.75,28888.25,overlapping_active_same_direction_rb_tapped
1,6726,2026-07-17 14:06:00-04:00,bullish,"(28896.0, 28900.5, 28872.25, 28882.75)",28872.25,28882.75,RB2-002991,28870.75,28888.25,overlapping_active_same_direction_rb_tapped
1,6727,2026-07-17 14:07:00-04:00,bullish,"(28883.0, 28889.25, 28872.0, 28887.0)",28872.0,28883.0,RB2-002991,28870.75,28888.25,overlapping_active_same_direction_rb_tapped
1,6729,2026-07-17 14:09:00-04:00,bearish,"(28880.25, 28887.5, 28870.25, 28873.5)",28880.25,28887.5,RB2-003034,28887.0,28896.5,overlapping_active_same_direction_rb_tapped
1,6731,2026-07-17 14:11:00-04:00,bullish,"(28869.25, 28870.0, 28858.25, 28865.25)",28858.25,28865.25,RB2-002981,28853.75,28859.75,overlapping_active_same_direction_rb_tapped
1,6733,2026-07-17 14:13:00-04:00,bullish,"(28864.5, 28873.75, 28856.25, 28870.0)",28856.25,28864.5,RB2-002981,28853.75,28859.75,overlapping_active_same_direction_rb_tapped
1,6734,2026-07-17 14:14:00-04:00,bearish,"(28870.5, 28875.5, 28858.5, 28862.25)",28870.5,28875.5,RB2-003035,28873.75,28881.75,overlapping_active_same_direction_rb_tapped
1,6737,2026-07-17 14:17:00-04:00,bearish,"(28844.25, 28852.5, 28833.5, 28839.75)",28844.25,28852.5,RB2-003038,28846.0,28850.25,overlapping_active_same_direction_rb_tapped
1,6739,2026-07-17 14:19:00-04:00,bullish,"(28835.0, 28848.75, 28831.25, 28848.0)",28831.25,28835.0,RB2-002974,28830.25,28836.25,overlapping_active_same_direction_rb_tapped
1,6740,2026-07-17 14:20:00-04:00,bullish,"(28847.75, 28850.0, 28826.0, 28831.0)",28826.0,28831.0,RB2-002974,28830.25,28836.25,overlapping_active_same_direction_rb_tapped
1,6748,2026-07-17 14:28:00-04:00,bearish,"(28827.25, 28843.5, 28823.0, 28837.25)",28837.25,28843.5,RB2-003044,28829.25,28839.5,overlapping_active_same_direction_rb_tapped
1,6750,2026-07-17 14:30:00-04:00,bearish,"(28852.0, 28891.75, 28845.75, 28879.25)",28879.25,28891.75,RB2-003034,28887.0,28896.5,overlapping_active_same_direction_rb_tapped
1,6755,2026-07-17 14:35:00-04:00,bearish,"(28842.0, 28850.75, 28833.75, 28838.75)",28842.0,28850.75,RB2-003048,28848.5,28858.0,overlapping_active_same_direction_rb_tapped
1,6756,2026-07-17 14:36:00-04:00,bearish,"(28839.5, 28855.0, 28836.0, 28846.75)",28846.75,28855.0,RB2-003048,28848.5,28858.0,overlapping_active_same_direction_rb_tapped
1,6757,2026-07-17 14:37:00-04:00,bearish,"(28845.5, 28851.25, 28832.5, 28837.75)",28845.5,28851.25,RB2-003048,28848.5,28858.0,overlapping_active_same_direction_rb_tapped
1,6758,2026-07-17 14:38:00-04:00,bullish,"(28837.5, 28846.75, 28832.0, 28842.5)",28832.0,28837.5,RB2-003049,28825.0,28832.5,overlapping_active_same_direction_rb_tapped
1,6759,2026-07-17 14:39:00-04:00,bullish,"(28842.25, 28844.0, 28830.75, 28837.75)",28830.75,28837.75,RB2-003049,28825.0,28832.5,overlapping_active_same_direction_rb_tapped
1,6764,2026-07-17 14:44:00-04:00,bearish,"(28798.75, 28813.0, 28797.0, 28808.75)",28808.75,28813.0,RB2-003053,28807.75,28813.0,overlapping_active_same_direction_rb_tapped
1,6766,2026-07-17 14:46:00-04:00,bullish,"(28813.0, 28829.75, 28804.25, 28827.5)",28804.25,28813.0,RB2-003054,28797.0,28808.25,overlapping_active_same_direction_rb_tapped
1,6769,2026-07-17 14:49:00-04:00,bearish,"(28859.25, 28869.75, 28842.25, 28847.75)",28859.25,28869.75,RB2-003047,28863.25,28870.0,overlapping_active_same_direction_rb_tapped
1,6772,2026-07-17 14:52:00-04:00,bearish,"(28850.75, 28858.25, 28844.5, 28849.75)",28850.75,28858.25,RB2-003058,28850.0,28857.75,overlapping_active_same_direction_rb_tapped
1,6773,2026-07-17 14:53:00-04:00,bearish,"(28851.25, 28872.0, 28850.75, 28866.25)",28866.25,28872.0,RB2-003047,28863.25,28870.0,overlapping_active_same_direction_rb_tapped
1,6775,2026-07-17 14:55:00-04:00,bearish,"(28880.75, 28886.0, 28872.0, 28873.0)",28880.75,28886.0,RB2-003046,28876.5,28886.0,overlapping_active_same_direction_rb_tapped
1,6776,2026-07-17 14:56:00-04:00,bullish,"(28873.75, 28875.0, 28863.75, 28866.75)",28863.75,28866.75,RB2-003059,28857.0,28867.25,overlapping_active_same_direction_rb_tapped
1,6777,2026-07-17 14:57:00-04:00,bullish,"(28867.0, 28876.5, 28852.25, 28873.75)",28852.25,28867.0,RB2-003059,28857.0,28867.25,overlapping_active_same_direction_rb_tapped
1,6779,2026-07-17 14:59:00-04:00,bearish,"(28872.5, 28879.5, 28861.0, 28861.25)",28872.5,28879.5,RB2-003046,28876.5,28886.0,overlapping_active_same_direction_rb_tapped
1,6781,2026-07-17 15:01:00-04:00,bullish,"(28853.0, 28856.0, 28838.5, 28845.0)",28838.5,28845.0,RB2-003057,28832.0,28840.0,overlapping_active_same_direction_rb_tapped
1,6783,2026-07-17 15:03:00-04:00,bullish,"(28835.25, 28848.75, 28830.5, 28847.75)",28830.5,28835.25,RB2-003057,28832.0,28840.0,overlapping_active_same_direction_rb_tapped
1,6784,2026-07-17 15:04:00-04:00,bearish,"(28848.25, 28861.5, 28842.0, 28850.5)",28850.5,28861.5,RB2-003060,28861.0,28869.25,overlapping_active_same_direction_rb_tapped
1,6789,2026-07-17 15:09:00-04:00,bearish,"(28813.25, 28820.75, 28809.75, 28816.25)",28816.25,28820.75,RB2-003065,28816.5,28825.0,overlapping_active_same_direction_rb_tapped
1,6790,2026-07-17 15:10:00-04:00,bearish,"(28815.0, 28820.5, 28801.75, 28805.0)",28815.0,28820.5,RB2-003065,28816.5,28825.0,overlapping_active_same_direction_rb_tapped
1,6796,2026-07-17 15:16:00-04:00,bearish,"(28752.0, 28762.5, 28737.25, 28739.5)",28752.0,28762.5,RB2-003069,28759.25,28768.0,overlapping_active_same_direction_rb_tapped
1,6798,2026-07-17 15:18:00-04:00,bearish,"(28748.0, 28769.75, 28747.25, 28750.25)",28750.25,28769.75,RB2-003069,28759.25,28768.0,overlapping_active_same_direction_rb_tapped
1,6799,2026-07-17 15:19:00-04:00,bearish,"(28750.0, 28775.25, 28747.75, 28767.25)",28767.25,28775.25,RB2-003069,28759.25,28768.0,overlapping_active_same_direction_rb_tapped
1,6801,2026-07-17 15:21:00-04:00,bullish,"(28761.75, 28763.25, 28752.0, 28753.75)",28752.0,28753.75,RB2-003071,28750.25,28762.0,overlapping_active_same_direction_rb_tapped
1,6804,2026-07-17 15:24:00-04:00,bearish,"(28747.0, 28753.75, 28734.0, 28734.75)",28747.0,28753.75,RB2-003073,28748.5,28753.25,overlapping_active_same_direction_rb_tapped
1,6808,2026-07-17 15:28:00-04:00,bearish,"(28767.25, 28797.25, 28767.0, 28791.0)",28791.0,28797.25,RB2-003067,28794.25,28798.75,overlapping_active_same_direction_rb_tapped
1,6809,2026-07-17 15:29:00-04:00,bearish,"(28791.25, 28807.0, 28785.75, 28795.5)",28795.5,28807.0,RB2-003067,28794.25,28798.75,overlapping_active_same_direction_rb_tapped
1,6810,2026-07-17 15:30:00-04:00,bearish,"(28795.75, 28846.5, 28794.75, 28809.0)",28809.0,28846.5,RB2-003065,28816.5,28825.0,overlapping_active_same_direction_rb_tapped
1,6812,2026-07-17 15:32:00-04:00,bullish,"(28820.75, 28820.75, 28794.5, 28806.0)",28794.5,28806.0,RB2-003075,28791.75,28807.0,overlapping_active_same_direction_rb_tapped
1,6813,2026-07-17 15:33:00-04:00,bullish,"(28805.25, 28816.75, 28799.5, 28813.5)",28799.5,28805.25,RB2-003075,28791.75,28807.0,overlapping_active_same_direction_rb_tapped
1,6817,2026-07-17 15:37:00-04:00,bearish,"(28800.5, 28825.25, 28794.75, 28815.0)",28815.0,28825.25,RB2-003076,28814.5,28826.0,overlapping_active_same_direction_rb_tapped
1,6825,2026-07-17 15:45:00-04:00,bearish,"(28795.5, 28819.25, 28788.5, 28805.0)",28805.0,28819.25,RB2-003076,28814.5,28826.0,overlapping_active_same_direction_rb_tapped
1,6826,2026-07-17 15:46:00-04:00,bullish,"(28805.25, 28807.75, 28788.0, 28799.25)",28788.0,28799.25,RB2-003080,28769.5,28791.0,overlapping_active_same_direction_rb_tapped
1,6828,2026-07-17 15:48:00-04:00,bearish,"(28819.0, 28827.25, 28816.0, 28822.0)",28822.0,28827.25,RB2-003076,28814.5,28826.0,overlapping_active_same_direction_rb_tapped
1,6831,2026-07-17 15:51:00-04:00,bearish,"(28820.0, 28853.5, 28816.75, 28846.5)",28846.5,28853.5,RB2-003063,28851.25,28858.25,overlapping_active_same_direction_rb_tapped
1,6832,2026-07-17 15:52:00-04:00,bullish,"(28845.25, 28848.5, 28818.0, 28828.0)",28818.0,28828.0,RB2-003082,28805.75,28824.0,overlapping_active_same_direction_rb_tapped
1,6833,2026-07-17 15:53:00-04:00,bullish,"(28826.75, 28834.75, 28818.5, 28827.25)",28818.5,28826.75,RB2-003082,28805.75,28824.0,overlapping_active_same_direction_rb_tapped
1,6834,2026-07-17 15:54:00-04:00,bullish,"(28827.25, 28844.5, 28806.75, 28838.0)",28806.75,28827.25,RB2-003082,28805.75,28824.0,overlapping_active_same_direction_rb_tapped
1,6835,2026-07-17 15:55:00-04:00,bullish,"(28836.75, 28846.25, 28817.5, 28831.75)",28817.5,28831.75,RB2-003082,28805.75,28824.0,overlapping_active_same_direction_rb_tapped
1,6838,2026-07-17 15:58:00-04:00,bullish,"(28816.25, 28820.5, 28809.75, 28817.75)",28809.75,28816.25,RB2-003082,28805.75,28824.0,overlapping_active_same_direction_rb_tapped
1,6842,2026-07-17 16:02:00-04:00,bullish,"(28746.25, 28754.0, 28725.75, 28740.5)",28725.75,28740.5,RB2-003085,28738.75,28744.5,overlapping_active_same_direction_rb_tapped
1,6846,2026-07-17 16:06:00-04:00,bearish,"(28733.5, 28739.75, 28723.5, 28729.25)",28733.5,28739.75,RB2-003088,28733.5,28741.75,overlapping_active_same_direction_rb_tapped
1,6850,2026-07-17 16:10:00-04:00,bullish,"(28736.25, 28737.5, 28716.5, 28723.0)",28716.5,28723.0,RB2-003089,28717.0,28724.5,overlapping_active_same_direction_rb_tapped
1,6851,2026-07-17 16:11:00-04:00,bearish,"(28722.75, 28735.75, 28721.0, 28732.25)",28732.25,28735.75,RB2-003088,28733.5,28741.75,overlapping_active_same_direction_rb_tapped
1,6852,2026-07-17 16:12:00-04:00,bullish,"(28732.25, 28737.25, 28723.5, 28732.75)",28723.5,28732.25,RB2-003089,28717.0,28724.5,overlapping_active_same_direction_rb_tapped
1,6853,2026-07-17 16:13:00-04:00,bearish,"(28732.75, 28748.5, 28732.25, 28743.5)",28743.5,28748.5,RB2-003086,28745.75,28762.25,overlapping_active_same_direction_rb_tapped
1,6856,2026-07-17 16:16:00-04:00,bearish,"(28742.0, 28746.5, 28741.75, 28743.5)",28743.5,28746.5,RB2-003086,28745.75,28762.25,overlapping_active_same_direction_rb_tapped
1,6857,2026-07-17 16:17:00-04:00,bullish,"(28743.25, 28746.0, 28738.25, 28744.0)",28738.25,28743.25,RB2-003093,28733.5,28738.75,overlapping_active_same_direction_rb_tapped
1,6858,2026-07-17 16:18:00-04:00,bearish,"(28744.0, 28747.25, 28741.0, 28742.5)",28744.0,28747.25,RB2-003086,28745.75,28762.25,overlapping_active_same_direction_rb_tapped
1,6859,2026-07-17 16:19:00-04:00,bullish,"(28742.5, 28745.75, 28738.75, 28744.5)",28738.75,28742.5,RB2-003093,28733.5,28738.75,overlapping_active_same_direction_rb_tapped
1,6861,2026-07-17 16:21:00-04:00,bullish,"(28749.75, 28753.0, 28744.0, 28748.25)",28744.0,28748.25,RB2-003094,28743.0,28744.75,overlapping_active_same_direction_rb_tapped
1,6862,2026-07-17 16:22:00-04:00,bearish,"(28748.0, 28752.25, 28746.75, 28747.0)",28748.0,28752.25,RB2-003086,28745.75,28762.25,overlapping_active_same_direction_rb_tapped
1,6863,2026-07-17 16:23:00-04:00,bullish,"(28747.0, 28750.5, 28741.5, 28748.25)",28741.5,28747.0,RB2-003094,28743.0,28744.75,overlapping_active_same_direction_rb_tapped
1,6865,2026-07-17 16:25:00-04:00,bullish,"(28749.5, 28751.75, 28748.5, 28751.75)",28748.5,28749.5,RB2-003095,28745.25,28748.5,overlapping_active_same_direction_rb_tapped
1,6866,2026-07-17 16:26:00-04:00,bullish,"(28751.5, 28754.5, 28748.25, 28751.5)",28748.25,28751.5,RB2-003095,28745.25,28748.5,overlapping_active_same_direction_rb_tapped
1,6868,2026-07-17 16:28:00-04:00,bullish,"(28748.5, 28751.0, 28746.75, 28750.25)",28746.75,28748.5,RB2-003095,28745.25,28748.5,overlapping_active_same_direction_rb_tapped
1,6869,2026-07-17 16:29:00-04:00,bullish,"(28751.0, 28752.5, 28747.5, 28749.75)",28747.5,28749.75,RB2-003095,28745.25,28748.5,overlapping_active_same_direction_rb_tapped
1,6871,2026-07-17 16:31:00-04:00,bearish,"(28757.5, 28763.0, 28757.0, 28759.25)",28759.25,28763.0,RB2-003086,28745.75,28762.25,overlapping_active_same_direction_rb_tapped
1,6874,2026-07-17 16:34:00-04:00,bearish,"(28764.25, 28766.25, 28762.0, 28762.25)",28764.25,28766.25,RB2-003096,28764.75,28768.75,overlapping_active_same_direction_rb_tapped
1,6876,2026-07-17 16:36:00-04:00,bullish,"(28754.5, 28755.5, 28752.25, 28754.75)",28752.25,28754.5,RB2-003097,28750.5,28753.25,overlapping_active_same_direction_rb_tapped
1,6882,2026-07-17 16:42:00-04:00,bullish,"(28759.25, 28760.75, 28755.5, 28759.5)",28755.5,28759.25,RB2-003099,28754.0,28756.25,overlapping_active_same_direction_rb_tapped
1,6885,2026-07-17 16:45:00-04:00,bearish,"(28767.5, 28771.25, 28764.25, 28765.5)",28767.5,28771.25,RB2-003096,28764.75,28768.75,overlapping_active_same_direction_rb_tapped
1,6890,2026-07-17 16:50:00-04:00,bullish,"(28758.25, 28758.5, 28754.5, 28758.5)",28754.5,28758.25,RB2-003099,28754.0,28756.25,overlapping_active_same_direction_rb_tapped
1,6891,2026-07-17 16:51:00-04:00,bearish,"(28759.0, 28762.0, 28758.5, 28761.0)",28761.0,28762.0,RB2-003103,28761.5,28763.5,overlapping_active_same_direction_rb_tapped
1,6892,2026-07-17 16:52:00-04:00,bearish,"(28761.5, 28765.75, 28760.5, 28760.75)",28761.5,28765.75,RB2-003102,28765.0,28766.0,overlapping_active_same_direction_rb_tapped
1,6894,2026-07-17 16:54:00-04:00,bearish,"(28760.25, 28767.75, 28760.25, 28765.25)",28765.25,28767.75,RB2-003102,28765.0,28766.0,overlapping_active_same_direction_rb_tapped
1,6896,2026-07-17 16:56:00-04:00,bullish,"(28763.75, 28770.5, 28761.0, 28770.0)",28761.0,28763.75,RB2-003106,28762.75,28764.75,overlapping_active_same_direction_rb_tapped
1,6899,2026-07-17 16:59:00-04:00,bearish,"(28768.5, 28779.0, 28768.25, 28768.25)",28768.5,28779.0,RB2-003107,28772.5,28779.75,overlapping_active_same_direction_rb_tapped
3,20,2026-07-12 19:03:00-04:00,bullish,"(29909.75, 29910.5, 29880.5, 29898.5)",29880.5,29898.5,RB2-000003,29871.75,29881.0,overlapping_active_same_direction_rb_tapped
3,23,2026-07-12 19:12:00-04:00,bearish,"(29889.75, 29896.5, 29889.5, 29892.0)",29892.0,29896.5,RB2-000006,29893.5,29904.5,overlapping_active_same_direction_rb_tapped
3,25,2026-07-12 19:18:00-04:00,bullish,"(29890.25, 29894.25, 29869.5, 29889.5)",29869.5,29889.5,RB2-000003,29871.75,29881.0,overlapping_active_same_direction_rb_tapped
3,27,2026-07-12 19:24:00-04:00,bullish,"(29884.75, 29888.25, 29876.0, 29881.75)",29876.0,29881.75,RB2-000008,29880.25,29887.0,overlapping_active_same_direction_rb_tapped
3,33,2026-07-12 19:42:00-04:00,bearish,"(29883.25, 29898.25, 29882.5, 29894.5)",29894.5,29898.25,RB2-000006,29893.5,29904.5,overlapping_active_same_direction_rb_tapped
3,34,2026-07-12 19:45:00-04:00,bearish,"(29894.0, 29898.0, 29888.75, 29888.75)",29894.0,29898.0,RB2-000006,29893.5,29904.5,overlapping_active_same_direction_rb_tapped
3,36,2026-07-12 19:51:00-04:00,bullish,"(29864.0, 29884.5, 29857.5, 29879.25)",29857.5,29864.0,RB2-000012,29845.0,29866.25,overlapping_active_same_direction_rb_tapped
3,37,2026-07-12 19:54:00-04:00,bearish,"(29880.5, 29895.5, 29872.0, 29877.5)",29880.5,29895.5,RB2-000006,29893.5,29904.5,overlapping_active_same_direction_rb_tapped
3,38,2026-07-12 19:57:00-04:00,bullish,"(29875.0, 29882.75, 29865.75, 29881.0)",29865.75,29875.0,RB2-000012,29845.0,29866.25,overlapping_active_same_direction_rb_tapped
3,40,2026-07-12 20:03:00-04:00,bullish,"(29892.0, 29956.5, 29871.5, 29952.75)",29871.5,29892.0,RB2-000013,29878.5,29883.0,overlapping_active_same_direction_rb_tapped
3,42,2026-07-12 20:09:00-04:00,bearish,"(29965.5, 30007.75, 29953.5, 29980.5)",29980.5,30007.75,RB2-000014,29965.5,29986.25,overlapping_active_same_direction_rb_tapped
3,45,2026-07-12 20:18:00-04:00,bearish,"(30018.0, 30032.25, 29981.25, 29981.25)",30018.0,30032.25,RB2-000015,30022.25,30041.0,overlapping_active_same_direction_rb_tapped
3,47,2026-07-12 20:24:00-04:00,bullish,"(29997.5, 30014.25, 29979.75, 30003.75)",29979.75,29997.5,RB2-000017,29958.0,29981.25,overlapping_active_same_direction_rb_tapped
3,53,2026-07-12 20:42:00-04:00,bullish,"(29898.75, 29903.5, 29850.0, 29871.0)",29850.0,29871.0,RB2-000012,29845.0,29866.25,overlapping_active_same_direction_rb_tapped
3,55,2026-07-12 20:48:00-04:00,bearish,"(29883.75, 29905.25, 29878.0, 29887.75)",29887.75,29905.25,RB2-000022,29881.75,29891.0,overlapping_active_same_direction_rb_tapped
3,59,2026-07-12 21:00:00-04:00,bearish,"(29833.0, 29845.0, 29821.0, 29832.5)",29833.0,29845.0,RB2-000025,29831.75,29845.5,overlapping_active_same_direction_rb_tapped
3,60,2026-07-12 21:03:00-04:00,bullish,"(29836.75, 29844.5, 29809.5, 29843.75)",29809.5,29836.75,RB2-000024,29807.5,29830.5,overlapping_active_same_direction_rb_tapped
3,61,2026-07-12 21:06:00-04:00,bullish,"(29844.0, 29851.25, 29805.5, 29820.0)",29805.5,29820.0,RB2-000024,29807.5,29830.5,overlapping_active_same_direction_rb_tapped
3,62,2026-07-12 21:09:00-04:00,bullish,"(29819.5, 29823.25, 29805.5, 29811.75)",29805.5,29811.75,RB2-000024,29807.5,29830.5,overlapping_active_same_direction_rb_tapped
3,67,2026-07-12 21:24:00-04:00,bearish,"(29831.25, 29837.25, 29821.75, 29822.75)",29831.25,29837.25,RB2-000028,29825.0,29849.0,overlapping_active_same_direction_rb_tapped
3,69,2026-07-12 21:30:00-04:00,bullish,"(29796.75, 29811.25, 29789.0, 29809.0)",29789.0,29796.75,RB2-000026,29788.75,29800.25,overlapping_active_same_direction_rb_tapped
3,70,2026-07-12 21:33:00-04:00,bullish,"(29808.75, 29813.5, 29789.5, 29810.0)",29789.5,29808.75,RB2-000026,29788.75,29800.25,overlapping_active_same_direction_rb_tapped
3,71,2026-07-12 21:36:00-04:00,bullish,"(29811.75, 29817.5, 29793.0, 29811.0)",29793.0,29811.0,RB2-000026,29788.75,29800.25,overlapping_active_same_direction_rb_tapped
3,72,2026-07-12 21:39:00-04:00,bearish,"(29810.5, 29843.25, 29806.75, 29834.75)",29834.75,29843.25,RB2-000028,29825.0,29849.0,overlapping_active_same_direction_rb_tapped
3,75,2026-07-12 21:48:00-04:00,bullish,"(29812.25, 29812.75, 29790.25, 29795.25)",29790.25,29795.25,RB2-000026,29788.75,29800.25,overlapping_active_same_direction_rb_tapped
3,78,2026-07-12 21:57:00-04:00,bullish,"(29749.5, 29762.5, 29737.25, 29761.0)",29737.25,29749.5,RB2-000033,29742.5,29750.75,overlapping_active_same_direction_rb_tapped
3,80,2026-07-12 22:03:00-04:00,bullish,"(29762.75, 29772.0, 29727.0, 29750.25)",29727.0,29750.25,RB2-000034,29743.25,29761.25,overlapping_active_same_direction_rb_tapped
3,85,2026-07-12 22:18:00-04:00,bearish,"(29753.0, 29771.75, 29749.5, 29749.5)",29753.0,29771.75,RB2-000037,29752.75,29766.0,overlapping_active_same_direction_rb_tapped
3,88,2026-07-12 22:27:00-04:00,bearish,"(29786.75, 29807.25, 29781.75, 29797.5)",29797.5,29807.25,RB2-000038,29787.75,29802.0,overlapping_active_same_direction_rb_tapped
3,92,2026-07-12 22:39:00-04:00,bullish,"(29765.75, 29769.0, 29754.0, 29760.75)",29754.0,29760.75,RB2-000040,29759.0,29772.5,overlapping_active_same_direction_rb_tapped
3,93,2026-07-12 22:42:00-04:00,bearish,"(29759.25, 29772.0, 29750.25, 29756.5)",29759.25,29772.0,RB2-000041,29770.0,29787.0,overlapping_active_same_direction_rb_tapped
3,95,2026-07-12 22:48:00-04:00,bullish,"(29766.25, 29769.25, 29744.75, 29750.25)",29744.75,29750.25,RB2-000042,29746.5,29756.75,overlapping_active_same_direction_rb_tapped
3,96,2026-07-12 22:51:00-04:00,bearish,"(29752.0, 29773.75, 29748.75, 29768.5)",29768.5,29773.75,RB2-000041,29770.0,29787.0,overlapping_active_same_direction_rb_tapped
3,97,2026-07-12 22:54:00-04:00,bullish,"(29768.25, 29768.75, 29742.0, 29747.75)",29742.0,29747.75,RB2-000042,29746.5,29756.75,overlapping_active_same_direction_rb_tapped
3,104,2026-07-12 23:15:00-04:00,bullish,"(29697.75, 29698.75, 29684.75, 29694.0)",29684.75,29694.0,RB2-000046,29688.75,29697.0,overlapping_active_same_direction_rb_tapped
3,106,2026-07-12 23:21:00-04:00,bearish,"(29686.75, 29707.75, 29682.0, 29695.25)",29695.25,29707.75,RB2-000047,29694.0,29698.0,overlapping_active_same_direction_rb_tapped
3,108,2026-07-12 23:27:00-04:00,bullish,"(29695.75, 29708.5, 29692.25, 29706.25)",29692.25,29695.75,RB2-000048,29687.25,29695.0,overlapping_active_same_direction_rb_tapped
3,109,2026-07-12 23:30:00-04:00,bearish,"(29706.0, 29717.75, 29703.75, 29710.0)",29710.0,29717.75,RB2-000043,29717.5,29721.25,overlapping_active_same_direction_rb_tapped
3,110,2026-07-12 23:33:00-04:00,bearish,"(29709.0, 29714.25, 29696.5, 29699.0)",29709.0,29714.25,RB2-000045,29712.0,29717.25,overlapping_active_same_direction_rb_tapped
3,111,2026-07-12 23:36:00-04:00,bullish,"(29695.75, 29697.25, 29687.75, 29690.25)",29687.75,29690.25,RB2-000048,29687.25,29695.0,overlapping_active_same_direction_rb_tapped
3,112,2026-07-12 23:39:00-04:00,bullish,"(29689.75, 29710.75, 29683.75, 29710.25)",29683.75,29689.75,RB2-000048,29687.25,29695.0,overlapping_active_same_direction_rb_tapped
3,124,2026-07-13 00:15:00-04:00,bullish,"(29660.0, 29670.0, 29656.25, 29666.75)",29656.25,29660.0,RB2-000058,29650.0,29660.75,overlapping_active_same_direction_rb_tapped
3,125,2026-07-13 00:18:00-04:00,bullish,"(29666.5, 29671.0, 29659.0, 29670.75)",29659.0,29666.5,RB2-000058,29650.0,29660.75,overlapping_active_same_direction_rb_tapped
3,127,2026-07-13 00:24:00-04:00,bearish,"(29667.0, 29673.0, 29652.5, 29658.0)",29667.0,29673.0,RB2-000059,29670.25,29677.75,overlapping_active_same_direction_rb_tapped
3,130,2026-07-13 00:33:00-04:00,bullish,"(29651.5, 29655.75, 29640.5, 29648.5)",29640.5,29648.5,RB2-000061,29638.75,29647.25,overlapping_active_same_direction_rb_tapped
3,133,2026-07-13 00:42:00-04:00,bullish,"(29638.75, 29640.0, 29628.25, 29630.5)",29628.25,29630.5,RB2-000062,29629.0,29632.25,overlapping_active_same_direction_rb_tapped
3,138,2026-07-13 00:57:00-04:00,bullish,"(29617.75, 29622.25, 29615.0, 29620.5)",29615.0,29617.75,RB2-000065,29612.75,29618.5,overlapping_active_same_direction_rb_tapped
3,139,2026-07-13 01:00:00-04:00,bearish,"(29621.5, 29637.0, 29620.5, 29627.0)",29627.0,29637.0,RB2-000064,29627.75,29630.75,overlapping_active_same_direction_rb_tapped
3,140,2026-07-13 01:03:00-04:00,bullish,"(29627.75, 29641.5, 29606.5, 29631.25)",29606.5,29627.75,RB2-000065,29612.75,29618.5,overlapping_active_same_direction_rb_tapped
3,150,2026-07-13 01:33:00-04:00,bullish,"(29585.0, 29585.0, 29542.75, 29578.75)",29542.75,29578.75,RB2-000072,29577.0,29584.0,overlapping_active_same_direction_rb_tapped
3,159,2026-07-13 02:00:00-04:00,bullish,"(29636.25, 29649.5, 29624.5, 29649.0)",29624.5,29636.25,RB2-000077,29622.0,29634.25,overlapping_active_same_direction_rb_tapped
3,160,2026-07-13 02:03:00-04:00,bearish,"(29650.5, 29666.0, 29650.5, 29661.5)",29661.5,29666.0,RB2-000076,29653.0,29666.75,overlapping_active_same_direction_rb_tapped
3,162,2026-07-13 02:09:00-04:00,bullish,"(29639.25, 29640.75, 29622.5, 29625.5)",29622.5,29625.5,RB2-000077,29622.0,29634.25,overlapping_active_same_direction_rb_tapped
3,169,2026-07-13 02:30:00-04:00,bullish,"(29629.0, 29630.25, 29609.25, 29630.0)",29609.25,29629.0,RB2-000082,29602.5,29611.0,overlapping_active_same_direction_rb_tapped
3,170,2026-07-13 02:33:00-04:00,bearish,"(29630.25, 29650.5, 29615.75, 29618.25)",29630.25,29650.5,RB2-000083,29628.25,29635.25,overlapping_active_same_direction_rb_tapped
3,176,2026-07-13 02:51:00-04:00,bullish,"(29647.5, 29652.0, 29636.0, 29642.75)",29636.0,29642.75,RB2-000086,29623.75,29641.75,overlapping_active_same_direction_rb_tapped
3,183,2026-07-13 03:12:00-04:00,bearish,"(29650.5, 29671.25, 29649.5, 29666.5)",29666.5,29671.25,RB2-000076,29653.0,29666.75,overlapping_active_same_direction_rb_tapped
3,186,2026-07-13 03:21:00-04:00,bullish,"(29649.75, 29655.75, 29642.25, 29651.5)",29642.25,29649.75,RB2-000091,29633.25,29644.75,overlapping_active_same_direction_rb_tapped
3,188,2026-07-13 03:27:00-04:00,bearish,"(29676.75, 29690.25, 29672.25, 29672.25)",29676.75,29690.25,RB2-000068,29682.25,29692.75,overlapping_active_same_direction_rb_tapped
3,189,2026-07-13 03:30:00-04:00,bearish,"(29672.25, 29684.75, 29669.5, 29674.5)",29674.5,29684.75,RB2-000068,29682.25,29692.75,overlapping_active_same_direction_rb_tapped
3,190,2026-07-13 03:33:00-04:00,bullish,"(29670.75, 29671.25, 29643.75, 29649.0)",29643.75,29649.0,RB2-000091,29633.25,29644.75,overlapping_active_same_direction_rb_tapped
3,191,2026-07-13 03:36:00-04:00,bullish,"(29647.75, 29653.0, 29636.0, 29643.5)",29636.0,29643.5,RB2-000091,29633.25,29644.75,overlapping_active_same_direction_rb_tapped
3,195,2026-07-13 03:48:00-04:00,bullish,"(29660.75, 29663.0, 29648.25, 29657.75)",29648.25,29657.75,RB2-000094,29648.25,29658.0,overlapping_active_same_direction_rb_tapped
3,196,2026-07-13 03:51:00-04:00,bullish,"(29656.25, 29656.25, 29637.0, 29642.25)",29637.0,29642.25,RB2-000091,29633.25,29644.75,overlapping_active_same_direction_rb_tapped
3,198,2026-07-13 03:57:00-04:00,bearish,"(29645.75, 29659.25, 29638.0, 29639.75)",29645.75,29659.25,RB2-000095,29645.0,29651.25,overlapping_active_same_direction_rb_tapped
3,199,2026-07-13 04:00:00-04:00,bullish,"(29641.25, 29652.75, 29636.75, 29652.75)",29636.75,29641.25,RB2-000091,29633.25,29644.75,overlapping_active_same_direction_rb_tapped
3,201,2026-07-13 04:06:00-04:00,bullish,"(29673.5, 29678.5, 29647.5, 29668.5)",29647.5,29668.5,RB2-000096,29647.5,29654.25,overlapping_active_same_direction_rb_tapped
3,202,2026-07-13 04:09:00-04:00,bearish,"(29666.75, 29693.0, 29662.25, 29683.25)",29683.25,29693.0,RB2-000068,29682.25,29692.75,overlapping_active_same_direction_rb_tapped
3,204,2026-07-13 04:15:00-04:00,bullish,"(29692.25, 29707.0, 29681.0, 29703.75)",29681.0,29692.25,RB2-000097,29674.75,29683.0,overlapping_active_same_direction_rb_tapped
3,205,2026-07-13 04:18:00-04:00,bearish,"(29705.0, 29727.0, 29704.25, 29722.75)",29722.75,29727.0,RB2-000052,29718.0,29725.25,overlapping_active_same_direction_rb_tapped
3,210,2026-07-13 04:33:00-04:00,bullish,"(29728.0, 29733.5, 29723.0, 29732.5)",29723.0,29728.0,RB2-000099,29719.25,29727.25,overlapping_active_same_direction_rb_tapped
3,214,2026-07-13 04:45:00-04:00,bearish,"(29720.25, 29734.0, 29713.75, 29726.5)",29726.5,29734.0,RB2-000100,29733.75,29741.5,overlapping_active_same_direction_rb_tapped
3,218,2026-07-13 04:57:00-04:00,bullish,"(29751.0, 29752.0, 29737.0, 29744.25)",29737.0,29744.25,RB2-000103,29736.0,29740.0,overlapping_active_same_direction_rb_tapped
3,219,2026-07-13 05:00:00-04:00,bullish,"(29745.25, 29751.0, 29734.0, 29747.5)",29734.0,29745.25,RB2-000103,29736.0,29740.0,overlapping_active_same_direction_rb_tapped
3,224,2026-07-13 05:15:00-04:00,bullish,"(29726.0, 29734.75, 29719.0, 29732.75)",29719.0,29726.0,RB2-000107,29718.0,29725.75,overlapping_active_same_direction_rb_tapped
3,230,2026-07-13 05:33:00-04:00,bullish,"(29763.0, 29767.5, 29754.5, 29761.75)",29754.5,29761.75,RB2-000111,29753.25,29755.0,overlapping_active_same_direction_rb_tapped
3,232,2026-07-13 05:39:00-04:00,bearish,"(29766.75, 29774.75, 29762.75, 29769.75)",29769.75,29774.75,RB2-000041,29770.0,29787.0,overlapping_active_same_direction_rb_tapped
3,234,2026-07-13 05:45:00-04:00,bullish,"(29768.0, 29776.5, 29761.75, 29773.75)",29761.75,29768.0,RB2-000113,29764.0,29768.0,overlapping_active_same_direction_rb_tapped
3,236,2026-07-13 05:51:00-04:00,bullish,"(29767.75, 29768.0, 29753.0, 29755.75)",29753.0,29755.75,RB2-000111,29753.25,29755.0,overlapping_active_same_direction_rb_tapped
3,240,2026-07-13 06:03:00-04:00,bearish,"(29772.0, 29778.0, 29762.0, 29764.0)",29772.0,29778.0,RB2-000041,29770.0,29787.0,overlapping_active_same_direction_rb_tapped
3,245,2026-07-13 06:18:00-04:00,bullish,"(29747.0, 29759.5, 29742.25, 29759.5)",29742.25,29747.0,RB2-000118,29740.0,29743.0,overlapping_active_same_direction_rb_tapped
3,247,2026-07-13 06:24:00-04:00,bullish,"(29763.0, 29764.0, 29756.5, 29761.75)",29756.5,29761.75,RB2-000119,29757.25,29759.75,overlapping_active_same_direction_rb_tapped
3,251,2026-07-13 06:36:00-04:00,bullish,"(29750.0, 29753.75, 29738.25, 29743.75)",29738.25,29743.75,RB2-000121,29737.5,29741.0,overlapping_active_same_direction_rb_tapped
3,254,2026-07-13 06:45:00-04:00,bullish,"(29742.5, 29743.0, 29736.5, 29739.25)",29736.5,29739.25,RB2-000121,29737.5,29741.0,overlapping_active_same_direction_rb_tapped
3,256,2026-07-13 06:51:00-04:00,bearish,"(29744.0, 29764.0, 29742.25, 29757.25)",29757.25,29764.0,RB2-000122,29753.25,29757.25,overlapping_active_same_direction_rb_tapped
3,259,2026-07-13 07:00:00-04:00,bullish,"(29751.5, 29757.5, 29748.0, 29756.75)",29748.0,29751.5,RB2-000125,29746.25,29752.75,overlapping_active_same_direction_rb_tapped
3,263,2026-07-13 07:12:00-04:00,bullish,"(29773.75, 29774.75, 29751.25, 29759.75)",29751.25,29759.75,RB2-000125,29746.25,29752.75,overlapping_active_same_direction_rb_tapped
3,269,2026-07-13 07:30:00-04:00,bearish,"(29773.5, 29782.75, 29768.75, 29774.75)",29774.75,29782.75,RB2-000131,29772.75,29776.5,overlapping_active_same_direction_rb_tapped
3,271,2026-07-13 07:36:00-04:00,bearish,"(29778.5, 29793.5, 29770.0, 29783.75)",29783.75,29793.5,RB2-000128,29793.0,29799.75,overlapping_active_same_direction_rb_tapped
3,276,2026-07-13 07:51:00-04:00,bullish,"(29758.75, 29766.0, 29750.5, 29765.0)",29750.5,29758.75,RB2-000135,29749.75,29758.0,overlapping_active_same_direction_rb_tapped
3,278,2026-07-13 07:57:00-04:00,bullish,"(29750.25, 29750.25, 29734.75, 29739.75)",29734.75,29739.75,RB2-000123,29735.75,29738.5,overlapping_active_same_direction_rb_tapped
3,279,2026-07-13 08:00:00-04:00,bullish,"(29740.5, 29741.5, 29728.75, 29741.0)",29728.75,29740.5,RB2-000108,29729.75,29733.75,overlapping_active_same_direction_rb_tapped
3,281,2026-07-13 08:06:00-04:00,bullish,"(29725.0, 29733.0, 29716.75, 29731.25)",29716.75,29725.0,RB2-000107,29718.0,29725.75,overlapping_active_same_direction_rb_tapped
3,282,2026-07-13 08:09:00-04:00,bullish,"(29728.75, 29735.5, 29710.25, 29724.5)",29710.25,29724.5,RB2-000107,29718.0,29725.75,overlapping_active_same_direction_rb_tapped
3,283,2026-07-13 08:12:00-04:00,bearish,"(29725.5, 29757.25, 29714.5, 29716.5)",29725.5,29757.25,RB2-000136,29742.0,29752.0,overlapping_active_same_direction_rb_tapped
3,284,2026-07-13 08:15:00-04:00,bullish,"(29715.75, 29734.75, 29693.75, 29728.75)",29693.75,29715.75,RB2-000101,29700.0,29703.75,overlapping_active_same_direction_rb_tapped
3,287,2026-07-13 08:24:00-04:00,bearish,"(29704.5, 29711.5, 29697.25, 29699.75)",29704.5,29711.5,RB2-000138,29711.25,29723.25,overlapping_active_same_direction_rb_tapped
3,291,2026-07-13 08:36:00-04:00,bullish,"(29673.0, 29673.75, 29658.0, 29671.5)",29658.0,29671.5,RB2-000141,29659.0,29671.5,overlapping_active_same_direction_rb_tapped
3,292,2026-07-13 08:39:00-04:00,bullish,"(29672.25, 29674.5, 29655.5, 29672.25)",29655.5,29672.25,RB2-000141,29659.0,29671.5,overlapping_active_same_direction_rb_tapped
3,297,2026-07-13 08:54:00-04:00,bearish,"(29716.0, 29721.25, 29702.5, 29706.25)",29716.0,29721.25,RB2-000138,29711.25,29723.25,overlapping_active_same_direction_rb_tapped
3,299,2026-07-13 09:00:00-04:00,bearish,"(29717.0, 29725.0, 29711.5, 29719.0)",29719.0,29725.0,RB2-000138,29711.25,29723.25,overlapping_active_same_direction_rb_tapped
3,303,2026-07-13 09:12:00-04:00,bullish,"(29732.25, 29733.5, 29717.5, 29722.75)",29717.5,29722.75,RB2-000144,29711.0,29719.25,overlapping_active_same_direction_rb_tapped
3,308,2026-07-13 09:27:00-04:00,bearish,"(29691.0, 29716.75, 29687.5, 29705.75)",29705.75,29716.75,RB2-000148,29704.5,29712.25,overlapping_active_same_direction_rb_tapped
3,310,2026-07-13 09:33:00-04:00,bullish,"(29710.0, 29737.25, 29651.0, 29712.5)",29651.0,29710.0,RB2-000096,29647.5,29654.25,overlapping_active_same_direction_rb_tapped
3,311,2026-07-13 09:36:00-04:00,bullish,"(29711.0, 29713.0, 29631.75, 29664.0)",29631.75,29664.0,RB2-000091,29633.25,29644.75,overlapping_active_same_direction_rb_tapped
3,312,2026-07-13 09:39:00-04:00,bullish,"(29661.75, 29666.75, 29610.75, 29652.75)",29610.75,29652.75,RB2-000089,29607.0,29625.25,overlapping_active_same_direction_rb_tapped
3,315,2026-07-13 09:48:00-04:00,bullish,"(29596.25, 29600.75, 29535.75, 29572.75)",29535.75,29572.75,RB2-000151,29552.25,29573.25,overlapping_active_same_direction_rb_tapped
3,323,2026-07-13 10:12:00-04:00,bearish,"(29603.75, 29655.75, 29597.75, 29641.0)",29641.0,29655.75,RB2-000155,29631.0,29662.5,overlapping_active_same_direction_rb_tapped
3,325,2026-07-13 10:18:00-04:00,bullish,"(29651.75, 29659.75, 29488.5, 29558.5)",29488.5,29558.5,RB2-000153,29518.0,29537.75,overlapping_active_same_direction_rb_tapped
3,331,2026-07-13 10:36:00-04:00,bearish,"(29699.0, 29717.0, 29683.25, 29691.25)",29699.0,29717.0,RB2-000162,29701.25,29724.0,overlapping_active_same_direction_rb_tapped
3,332,2026-07-13 10:39:00-04:00,bullish,"(29692.25, 29692.25, 29655.0, 29676.75)",29655.0,29676.75,RB2-000161,29652.25,29672.25,overlapping_active_same_direction_rb_tapped
3,335,2026-07-13 10:48:00-04:00,bullish,"(29638.25, 29657.75, 29603.5, 29650.0)",29603.5,29638.25,RB2-000164,29624.25,29637.75,overlapping_active_same_direction_rb_tapped
3,336,2026-07-13 10:51:00-04:00,bearish,"(29649.5, 29700.5, 29648.25, 29688.0)",29688.0,29700.5,RB2-000163,29677.5,29694.0,overlapping_active_same_direction_rb_tapped
3,340,2026-07-13 11:03:00-04:00,bearish,"(29718.0, 29752.5, 29718.0, 29732.75)",29732.75,29752.5,RB2-000145,29741.75,29747.0,overlapping_active_same_direction_rb_tapped
3,343,2026-07-13 11:12:00-04:00,bearish,"(29696.0, 29719.0, 29682.25, 29704.75)",29704.75,29719.0,RB2-000168,29715.25,29729.5,overlapping_active_same_direction_rb_tapped
3,345,2026-07-13 11:18:00-04:00,bullish,"(29681.75, 29695.25, 29662.0, 29694.5)",29662.0,29681.75,RB2-000169,29671.0,29682.25,overlapping_active_same_direction_rb_tapped
3,347,2026-07-13 11:24:00-04:00,bearish,"(29700.5, 29728.25, 29696.25, 29721.5)",29721.5,29728.25,RB2-000168,29715.25,29729.5,overlapping_active_same_direction_rb_tapped
3,348,2026-07-13 11:27:00-04:00,bullish,"(29722.0, 29729.5, 29683.0, 29696.5)",29683.0,29696.5,RB2-000170,29676.25,29694.25,overlapping_active_same_direction_rb_tapped
3,349,2026-07-13 11:30:00-04:00,bearish,"(29696.25, 29718.5, 29693.75, 29707.25)",29707.25,29718.5,RB2-000168,29715.25,29729.5,overlapping_active_same_direction_rb_tapped
3,350,2026-07-13 11:33:00-04:00,bullish,"(29709.0, 29724.5, 29681.25, 29714.0)",29681.25,29709.0,RB2-000170,29676.25,29694.25,overlapping_active_same_direction_rb_tapped
3,355,2026-07-13 11:48:00-04:00,bullish,"(29654.0, 29656.5, 29630.0, 29635.75)",29630.0,29635.75,RB2-000166,29627.75,29647.75,overlapping_active_same_direction_rb_tapped
3,359,2026-07-13 12:00:00-04:00,bullish,"(29606.0, 29619.0, 29596.75, 29612.25)",29596.75,29606.0,RB2-000175,29599.75,29621.25,overlapping_active_same_direction_rb_tapped
3,360,2026-07-13 12:03:00-04:00,bullish,"(29611.25, 29616.5, 29592.5, 29609.25)",29592.5,29609.25,RB2-000175,29599.75,29621.25,overlapping_active_same_direction_rb_tapped
3,363,2026-07-13 12:12:00-04:00,bearish,"(29616.0, 29638.5, 29609.0, 29630.25)",29630.25,29638.5,RB2-000174,29637.0,29641.75,overlapping_active_same_direction_rb_tapped
3,365,2026-07-13 12:18:00-04:00,bullish,"(29613.25, 29616.0, 29569.0, 29584.5)",29569.0,29584.5,RB2-000160,29570.0,29583.5,overlapping_active_same_direction_rb_tapped
3,366,2026-07-13 12:21:00-04:00,bullish,"(29583.75, 29591.5, 29566.25, 29576.25)",29566.25,29576.25,RB2-000160,29570.0,29583.5,overlapping_active_same_direction_rb_tapped
3,367,2026-07-13 12:24:00-04:00,bullish,"(29576.25, 29583.5, 29556.25, 29564.25)",29556.25,29564.25,RB2-000159,29535.5,29560.5,overlapping_active_same_direction_rb_tapped
3,368,2026-07-13 12:27:00-04:00,bullish,"(29565.75, 29569.0, 29542.25, 29555.75)",29542.25,29555.75,RB2-000159,29535.5,29560.5,overlapping_active_same_direction_rb_tapped
3,369,2026-07-13 12:30:00-04:00,bullish,"(29556.25, 29568.25, 29535.0, 29558.0)",29535.0,29556.25,RB2-000159,29535.5,29560.5,overlapping_active_same_direction_rb_tapped
3,375,2026-07-13 12:48:00-04:00,bearish,"(29537.0, 29556.25, 29531.5, 29536.5)",29537.0,29556.25,RB2-000182,29537.25,29550.5,overlapping_active_same_direction_rb_tapped
3,376,2026-07-13 12:51:00-04:00,bullish,"(29536.25, 29536.5, 29463.75, 29480.25)",29463.75,29480.25,RB2-000180,29460.75,29483.25,overlapping_active_same_direction_rb_tapped
3,380,2026-07-13 13:03:00-04:00,bearish,"(29526.5, 29554.25, 29516.5, 29535.75)",29535.75,29554.25,RB2-000185,29525.75,29546.25,overlapping_active_same_direction_rb_tapped
3,382,2026-07-13 13:09:00-04:00,bearish,"(29533.75, 29559.5, 29533.75, 29551.0)",29551.0,29559.5,RB2-000186,29537.0,29552.75,overlapping_active_same_direction_rb_tapped
3,385,2026-07-13 13:18:00-04:00,bullish,"(29541.5, 29544.25, 29511.5, 29533.5)",29511.5,29533.5,RB2-000184,29489.25,29512.0,overlapping_active_same_direction_rb_tapped
3,387,2026-07-13 13:24:00-04:00,bearish,"(29536.5, 29545.0, 29521.0, 29524.25)",29536.5,29545.0,RB2-000189,29536.75,29551.5,overlapping_active_same_direction_rb_tapped
3,388,2026-07-13 13:27:00-04:00,bullish,"(29525.0, 29527.25, 29498.25, 29505.75)",29498.25,29505.75,RB2-000184,29489.25,29512.0,overlapping_active_same_direction_rb_tapped
3,390,2026-07-13 13:33:00-04:00,bullish,"(29518.75, 29529.0, 29506.25, 29521.5)",29506.25,29518.75,RB2-000184,29489.25,29512.0,overlapping_active_same_direction_rb_tapped
3,392,2026-07-13 13:39:00-04:00,bearish,"(29517.25, 29522.75, 29497.0, 29499.75)",29517.25,29522.75,RB2-000191,29521.5,29533.25,overlapping_active_same_direction_rb_tapped
3,393,2026-07-13 13:42:00-04:00,bullish,"(29498.75, 29512.25, 29485.25, 29504.25)",29485.25,29498.75,RB2-000184,29489.25,29512.0,overlapping_active_same_direction_rb_tapped
3,394,2026-07-13 13:45:00-04:00,bearish,"(29504.5, 29521.75, 29499.5, 29513.25)",29513.25,29521.75,RB2-000191,29521.5,29533.25,overlapping_active_same_direction_rb_tapped
3,395,2026-07-13 13:48:00-04:00,bearish,"(29512.75, 29526.25, 29506.75, 29508.0)",29512.75,29526.25,RB2-000191,29521.5,29533.25,overlapping_active_same_direction_rb_tapped
3,396,2026-07-13 13:51:00-04:00,bullish,"(29508.5, 29511.75, 29476.25, 29483.5)",29476.25,29483.5,RB2-000180,29460.75,29483.25,overlapping_active_same_direction_rb_tapped
3,398,2026-07-13 13:57:00-04:00,bearish,"(29474.75, 29495.5, 29472.0, 29480.75)",29480.75,29495.5,RB2-000192,29484.25,29494.25,overlapping_active_same_direction_rb_tapped
3,399,2026-07-13 14:00:00-04:00,bearish,"(29481.0, 29498.25, 29477.5, 29479.5)",29481.0,29498.25,RB2-000192,29484.25,29494.25,overlapping_active_same_direction_rb_tapped
3,402,2026-07-13 14:09:00-04:00,bearish,"(29534.0, 29539.5, 29517.5, 29521.25)",29534.0,29539.5,RB2-000189,29536.75,29551.5,overlapping_active_same_direction_rb_tapped
3,403,2026-07-13 14:12:00-04:00,bullish,"(29520.5, 29521.25, 29476.75, 29489.25)",29476.75,29489.25,RB2-000180,29460.75,29483.25,overlapping_active_same_direction_rb_tapped
3,406,2026-07-13 14:21:00-04:00,bullish,"(29499.75, 29500.25, 29467.5, 29482.0)",29467.5,29482.0,RB2-000180,29460.75,29483.25,overlapping_active_same_direction_rb_tapped
3,407,2026-07-13 14:24:00-04:00,bullish,"(29482.25, 29490.75, 29473.25, 29490.75)",29473.25,29482.25,RB2-000180,29460.75,29483.25,overlapping_active_same_direction_rb_tapped
3,410,2026-07-13 14:33:00-04:00,bullish,"(29475.0, 29497.75, 29454.5, 29486.25)",29454.5,29475.0,RB2-000180,29460.75,29483.25,overlapping_active_same_direction_rb_tapped
3,412,2026-07-13 14:39:00-04:00,bearish,"(29491.25, 29509.0, 29481.75, 29499.25)",29499.25,29509.0,RB2-000197,29491.0,29504.75,overlapping_active_same_direction_rb_tapped
3,414,2026-07-13 14:45:00-04:00,bearish,"(29505.25, 29517.25, 29492.25, 29500.75)",29505.25,29517.25,RB2-000196,29515.25,29521.75,overlapping_active_same_direction_rb_tapped
3,415,2026-07-13 14:48:00-04:00,bullish,"(29501.75, 29508.0, 29488.5, 29500.75)",29488.5,29500.75,RB2-000200,29486.5,29498.25,overlapping_active_same_direction_rb_tapped
3,416,2026-07-13 14:51:00-04:00,bullish,"(29501.75, 29513.0, 29489.75, 29504.0)",29489.75,29501.75,RB2-000200,29486.5,29498.25,overlapping_active_same_direction_rb_tapped
3,417,2026-07-13 14:54:00-04:00,bearish,"(29505.25, 29521.5, 29501.5, 29510.75)",29510.75,29521.5,RB2-000196,29515.25,29521.75,overlapping_active_same_direction_rb_tapped
3,418,2026-07-13 14:57:00-04:00,bearish,"(29510.0, 29521.25, 29497.0, 29507.75)",29510.0,29521.25,RB2-000196,29515.25,29521.75,overlapping_active_same_direction_rb_tapped
3,419,2026-07-13 15:00:00-04:00,bullish,"(29508.0, 29508.5, 29483.5, 29493.5)",29483.5,29493.5,RB2-000199,29471.25,29486.25,overlapping_active_same_direction_rb_tapped
3,420,2026-07-13 15:03:00-04:00,bullish,"(29493.5, 29516.5, 29475.25, 29514.25)",29475.25,29493.5,RB2-000199,29471.25,29486.25,overlapping_active_same_direction_rb_tapped
3,422,2026-07-13 15:09:00-04:00,bearish,"(29517.25, 29525.75, 29483.75, 29491.75)",29517.25,29525.75,RB2-000196,29515.25,29521.75,overlapping_active_same_direction_rb_tapped
3,428,2026-07-13 15:27:00-04:00,bullish,"(29432.25, 29437.75, 29419.0, 29425.75)",29419.0,29425.75,RB2-000205,29416.0,29432.5,overlapping_active_same_direction_rb_tapped
3,429,2026-07-13 15:30:00-04:00,bullish,"(29424.5, 29425.75, 29402.5, 29418.5)",29402.5,29418.5,RB2-000205,29416.0,29432.5,overlapping_active_same_direction_rb_tapped
3,439,2026-07-13 16:00:00-04:00,bearish,"(29483.75, 29504.25, 29464.0, 29467.0)",29483.75,29504.25,RB2-000209,29482.75,29500.25,overlapping_active_same_direction_rb_tapped
3,440,2026-07-13 16:03:00-04:00,bullish,"(29466.75, 29474.0, 29451.0, 29463.25)",29451.0,29463.25,RB2-000210,29457.0,29478.5,overlapping_active_same_direction_rb_tapped
3,442,2026-07-13 16:09:00-04:00,bullish,"(29466.25, 29471.0, 29453.5, 29462.75)",29453.5,29462.75,RB2-000211,29458.75,29464.25,overlapping_active_same_direction_rb_tapped
3,445,2026-07-13 16:18:00-04:00,bullish,"(29454.5, 29454.75, 29386.5, 29417.0)",29386.5,29417.0,RB2-000207,29393.25,29400.25,overlapping_active_same_direction_rb_tapped
3,447,2026-07-13 16:24:00-04:00,bullish,"(29423.0, 29435.0, 29416.5, 29430.25)",29416.5,29423.0,RB2-000214,29410.5,29417.5,overlapping_active_same_direction_rb_tapped
3,449,2026-07-13 16:30:00-04:00,bullish,"(29434.75, 29440.5, 29430.5, 29437.75)",29430.5,29434.75,RB2-000215,29425.0,29431.0,overlapping_active_same_direction_rb_tapped
3,450,2026-07-13 16:33:00-04:00,bullish,"(29437.0, 29437.0, 29424.5, 29428.25)",29424.5,29428.25,RB2-000215,29425.0,29431.0,overlapping_active_same_direction_rb_tapped
3,453,2026-07-13 16:42:00-04:00,bullish,"(29437.0, 29438.0, 29428.0, 29432.0)",29428.0,29432.0,RB2-000215,29425.0,29431.0,overlapping_active_same_direction_rb_tapped
3,454,2026-07-13 16:45:00-04:00,bullish,"(29431.5, 29440.0, 29425.25, 29435.25)",29425.25,29431.5,RB2-000215,29425.0,29431.0,overlapping_active_same_direction_rb_tapped
3,457,2026-07-13 16:54:00-04:00,bearish,"(29422.5, 29434.25, 29420.0, 29428.5)",29428.5,29434.25,RB2-000218,29434.25,29438.25,overlapping_active_same_direction_rb_tapped
3,462,2026-07-13 18:09:00-04:00,bearish,"(29473.5, 29475.75, 29463.75, 29465.5)",29473.5,29475.75,RB2-000221,29464.0,29479.5,overlapping_active_same_direction_rb_tapped
3,463,2026-07-13 18:12:00-04:00,bearish,"(29465.25, 29474.0, 29456.5, 29457.75)",29465.25,29474.0,RB2-000221,29464.0,29479.5,overlapping_active_same_direction_rb_tapped
3,464,2026-07-13 18:15:00-04:00,bearish,"(29457.75, 29468.75, 29451.75, 29452.25)",29457.75,29468.75,RB2-000221,29464.0,29479.5,overlapping_active_same_direction_rb_tapped
3,467,2026-07-13 18:24:00-04:00,bullish,"(29466.0, 29466.0, 29450.5, 29454.5)",29450.5,29454.5,RB2-000222,29443.75,29464.0,overlapping_active_same_direction_rb_tapped
3,468,2026-07-13 18:27:00-04:00,bullish,"(29452.25, 29452.5, 29437.0, 29447.25)",29437.0,29447.25,RB2-000222,29443.75,29464.0,overlapping_active_same_direction_rb_tapped
3,472,2026-07-13 18:39:00-04:00,bullish,"(29433.5, 29435.25, 29426.25, 29429.75)",29426.25,29429.75,RB2-000226,29427.25,29432.5,overlapping_active_same_direction_rb_tapped
3,473,2026-07-13 18:42:00-04:00,bullish,"(29432.0, 29441.25, 29428.0, 29439.25)",29428.0,29432.0,RB2-000226,29427.25,29432.5,overlapping_active_same_direction_rb_tapped
3,475,2026-07-13 18:48:00-04:00,bullish,"(29442.25, 29458.75, 29438.0, 29455.5)",29438.0,29442.25,RB2-000227,29433.5,29438.0,overlapping_active_same_direction_rb_tapped
3,482,2026-07-13 19:09:00-04:00,bullish,"(29386.75, 29390.25, 29376.0, 29380.0)",29376.0,29380.0,RB2-000231,29372.25,29385.75,overlapping_active_same_direction_rb_tapped
3,484,2026-07-13 19:15:00-04:00,bullish,"(29378.0, 29384.0, 29366.75, 29381.0)",29366.75,29378.0,RB2-000231,29372.25,29385.75,overlapping_active_same_direction_rb_tapped
3,487,2026-07-13 19:24:00-04:00,bullish,"(29387.75, 29399.25, 29382.0, 29395.5)",29382.0,29387.75,RB2-000233,29375.0,29382.0,overlapping_active_same_direction_rb_tapped
3,491,2026-07-13 19:36:00-04:00,bullish,"(29354.75, 29366.5, 29348.0, 29366.25)",29348.0,29354.75,RB2-000236,29350.0,29353.75,overlapping_active_same_direction_rb_tapped
3,495,2026-07-13 19:48:00-04:00,bearish,"(29332.5, 29353.75, 29327.25, 29340.5)",29340.5,29353.75,RB2-000238,29353.25,29358.25,overlapping_active_same_direction_rb_tapped
3,500,2026-07-13 20:03:00-04:00,bearish,"(29422.5, 29452.25, 29398.25, 29405.75)",29422.5,29452.25,RB2-000228,29432.75,29437.0,overlapping_active_same_direction_rb_tapped
3,501,2026-07-13 20:06:00-04:00,bullish,"(29405.0, 29416.25, 29346.5, 29359.0)",29346.5,29359.0,RB2-000241,29335.0,29347.25,overlapping_active_same_direction_rb_tapped
3,505,2026-07-13 20:18:00-04:00,bullish,"(29465.5, 29475.75, 29413.25, 29429.25)",29413.25,29429.25,RB2-000244,29399.75,29423.75,overlapping_active_same_direction_rb_tapped
3,506,2026-07-13 20:21:00-04:00,bullish,"(29428.75, 29441.25, 29369.0, 29400.0)",29369.0,29400.0,RB2-000244,29399.75,29423.75,overlapping_active_same_direction_rb_tapped
3,508,2026-07-13 20:27:00-04:00,bearish,"(29416.0, 29444.5, 29401.5, 29415.25)",29416.0,29444.5,RB2-000245,29412.75,29451.0,overlapping_active_same_direction_rb_tapped
3,510,2026-07-13 20:33:00-04:00,bullish,"(29420.25, 29445.0, 29405.5, 29438.75)",29405.5,29420.25,RB2-000246,29379.25,29412.0,overlapping_active_same_direction_rb_tapped
3,514,2026-07-13 20:45:00-04:00,bullish,"(29449.25, 29451.75, 29399.5, 29417.75)",29399.5,29417.75,RB2-000246,29379.25,29412.0,overlapping_active_same_direction_rb_tapped
3,519,2026-07-13 21:00:00-04:00,bearish,"(29521.5, 29535.0, 29518.25, 29521.0)",29521.5,29535.0,RB2-000250,29519.75,29533.75,overlapping_active_same_direction_rb_tapped
3,521,2026-07-13 21:06:00-04:00,bearish,"(29533.25, 29541.25, 29517.75, 29525.0)",29533.25,29541.25,RB2-000189,29536.75,29551.5,overlapping_active_same_direction_rb_tapped
3,522,2026-07-13 21:09:00-04:00,bullish,"(29523.5, 29535.75, 29509.75, 29526.5)",29509.75,29523.5,RB2-000251,29509.25,29521.0,overlapping_active_same_direction_rb_tapped
3,523,2026-07-13 21:12:00-04:00,bullish,"(29527.5, 29533.5, 29503.0, 29515.0)",29503.0,29515.0,RB2-000251,29509.25,29521.0,overlapping_active_same_direction_rb_tapped
3,525,2026-07-13 21:18:00-04:00,bullish,"(29489.5, 29518.25, 29481.0, 29517.0)",29481.0,29489.5,RB2-000252,29480.0,29492.25,overlapping_active_same_direction_rb_tapped
3,527,2026-07-13 21:24:00-04:00,bullish,"(29504.0, 29514.5, 29485.0, 29498.75)",29485.0,29498.75,RB2-000252,29480.0,29492.25,overlapping_active_same_direction_rb_tapped
3,528,2026-07-13 21:27:00-04:00,bullish,"(29497.75, 29520.25, 29491.0, 29517.5)",29491.0,29497.75,RB2-000252,29480.0,29492.25,overlapping_active_same_direction_rb_tapped
3,530,2026-07-13 21:33:00-04:00,bullish,"(29507.0, 29516.5, 29470.75, 29480.5)",29470.75,29480.5,RB2-000252,29480.0,29492.25,overlapping_active_same_direction_rb_tapped
3,532,2026-07-13 21:39:00-04:00,bearish,"(29478.5, 29488.5, 29452.25, 29460.5)",29478.5,29488.5,RB2-000255,29482.75,29496.5,overlapping_active_same_direction_rb_tapped
3,533,2026-07-13 21:42:00-04:00,bearish,"(29460.5, 29483.0, 29441.0, 29446.75)",29460.5,29483.0,RB2-000255,29482.75,29496.5,overlapping_active_same_direction_rb_tapped
3,535,2026-07-13 21:48:00-04:00,bearish,"(29475.5, 29498.0, 29474.5, 29488.0)",29488.0,29498.0,RB2-000255,29482.75,29496.5,overlapping_active_same_direction_rb_tapped
3,536,2026-07-13 21:51:00-04:00,bearish,"(29490.0, 29504.75, 29473.5, 29477.0)",29490.0,29504.75,RB2-000255,29482.75,29496.5,overlapping_active_same_direction_rb_tapped
3,540,2026-07-13 22:03:00-04:00,bullish,"(29447.25, 29465.0, 29430.5, 29463.75)",29430.5,29447.25,RB2-000248,29438.0,29452.75,overlapping_active_same_direction_rb_tapped
3,542,2026-07-13 22:09:00-04:00,bearish,"(29471.25, 29489.0, 29467.75, 29479.5)",29479.5,29489.0,RB2-000257,29477.25,29497.5,overlapping_active_same_direction_rb_tapped
3,543,2026-07-13 22:12:00-04:00,bearish,"(29477.25, 29481.75, 29453.0, 29454.75)",29477.25,29481.75,RB2-000257,29477.25,29497.5,overlapping_active_same_direction_rb_tapped
3,546,2026-07-13 22:21:00-04:00,bearish,"(29416.75, 29425.25, 29390.0, 29395.5)",29416.75,29425.25,RB2-000260,29425.0,29435.25,overlapping_active_same_direction_rb_tapped
3,549,2026-07-13 22:30:00-04:00,bullish,"(29382.0, 29403.5, 29373.0, 29401.0)",29373.0,29382.0,RB2-000262,29373.75,29378.75,overlapping_active_same_direction_rb_tapped
3,550,2026-07-13 22:33:00-04:00,bearish,"(29403.25, 29411.25, 29388.75, 29391.5)",29403.25,29411.25,RB2-000261,29396.5,29411.5,overlapping_active_same_direction_rb_tapped
3,551,2026-07-13 22:36:00-04:00,bullish,"(29390.25, 29390.25, 29365.25, 29386.5)",29365.25,29386.5,RB2-000262,29373.75,29378.75,overlapping_active_same_direction_rb_tapped
3,559,2026-07-13 23:00:00-04:00,bearish,"(29387.75, 29395.25, 29384.5, 29389.0)",29389.0,29395.25,RB2-000265,29394.0,29398.75,overlapping_active_same_direction_rb_tapped
3,563,2026-07-13 23:12:00-04:00,bearish,"(29357.25, 29364.25, 29343.0, 29345.0)",29357.25,29364.25,RB2-000267,29361.25,29369.0,overlapping_active_same_direction_rb_tapped
3,570,2026-07-13 23:33:00-04:00,bearish,"(29376.5, 29405.0, 29369.0, 29374.5)",29376.5,29405.0,RB2-000265,29394.0,29398.75,overlapping_active_same_direction_rb_tapped
3,572,2026-07-13 23:39:00-04:00,bullish,"(29362.25, 29380.5, 29343.75, 29366.25)",29343.75,29362.25,RB2-000271,29328.0,29345.0,overlapping_active_same_direction_rb_tapped
3,574,2026-07-13 23:45:00-04:00,bullish,"(29363.0, 29377.5, 29334.25, 29359.25)",29334.25,29359.25,RB2-000271,29328.0,29345.0,overlapping_active_same_direction_rb_tapped
3,579,2026-07-14 00:00:00-04:00,bullish,"(29416.25, 29428.0, 29407.75, 29423.0)",29407.75,29416.25,RB2-000277,29407.5,29416.5,overlapping_active_same_direction_rb_tapped
3,580,2026-07-14 00:03:00-04:00,bullish,"(29425.25, 29435.0, 29412.0, 29426.25)",29412.0,29425.25,RB2-000277,29407.5,29416.5,overlapping_active_same_direction_rb_tapped
3,581,2026-07-14 00:06:00-04:00,bearish,"(29426.25, 29445.0, 29422.5, 29425.5)",29426.25,29445.0,RB2-000263,29444.5,29456.0,overlapping_active_same_direction_rb_tapped
3,586,2026-07-14 00:21:00-04:00,bullish,"(29392.5, 29420.5, 29382.25, 29418.5)",29382.25,29392.5,RB2-000280,29381.0,29391.0,overlapping_active_same_direction_rb_tapped
3,593,2026-07-14 00:42:00-04:00,bearish,"(29481.0, 29488.0, 29468.0, 29473.5)",29481.0,29488.0,RB2-000257,29477.25,29497.5,overlapping_active_same_direction_rb_tapped
3,594,2026-07-14 00:45:00-04:00,bearish,"(29474.5, 29487.25, 29474.25, 29474.25)",29474.5,29487.25,RB2-000257,29477.25,29497.5,overlapping_active_same_direction_rb_tapped
3,596,2026-07-14 00:51:00-04:00,bearish,"(29488.5, 29503.25, 29488.0, 29490.5)",29490.5,29503.25,RB2-000257,29477.25,29497.5,overlapping_active_same_direction_rb_tapped
3,599,2026-07-14 01:00:00-04:00,bearish,"(29507.0, 29516.5, 29502.5, 29508.5)",29508.5,29516.5,RB2-000286,29505.75,29511.0,overlapping_active_same_direction_rb_tapped
3,602,2026-07-14 01:09:00-04:00,bearish,"(29513.5, 29522.75, 29509.5, 29517.5)",29517.5,29522.75,RB2-000254,29518.0,29528.5,overlapping_active_same_direction_rb_tapped
3,603,2026-07-14 01:12:00-04:00,bearish,"(29517.0, 29533.5, 29515.75, 29527.0)",29527.0,29533.5,RB2-000254,29518.0,29528.5,overlapping_active_same_direction_rb_tapped
3,611,2026-07-14 01:36:00-04:00,bullish,"(29623.5, 29626.25, 29598.0, 29603.25)",29598.0,29603.25,RB2-000292,29595.5,29604.5,overlapping_active_same_direction_rb_tapped
3,614,2026-07-14 01:45:00-04:00,bearish,"(29580.0, 29599.0, 29577.75, 29594.0)",29594.0,29599.0,RB2-000294,29589.25,29598.0,overlapping_active_same_direction_rb_tapped
3,615,2026-07-14 01:48:00-04:00,bearish,"(29596.5, 29606.0, 29583.0, 29587.75)",29596.5,29606.0,RB2-000294,29589.25,29598.0,overlapping_active_same_direction_rb_tapped
3,618,2026-07-14 01:57:00-04:00,bearish,"(29594.75, 29602.25, 29589.0, 29591.0)",29594.75,29602.25,RB2-000295,29591.5,29600.5,overlapping_active_same_direction_rb_tapped
3,619,2026-07-14 02:00:00-04:00,bearish,"(29591.5, 29604.25, 29590.5, 29593.0)",29593.0,29604.25,RB2-000295,29591.5,29600.5,overlapping_active_same_direction_rb_tapped
3,623,2026-07-14 02:12:00-04:00,bearish,"(29616.0, 29628.5, 29610.5, 29622.5)",29622.5,29628.5,RB2-000293,29624.75,29631.25,overlapping_active_same_direction_rb_tapped
3,625,2026-07-14 02:18:00-04:00,bullish,"(29629.0, 29636.25, 29621.0, 29632.75)",29621.0,29629.0,RB2-000300,29609.75,29621.5,overlapping_active_same_direction_rb_tapped
3,629,2026-07-14 02:30:00-04:00,bullish,"(29610.5, 29613.75, 29595.0, 29606.25)",29595.0,29606.25,RB2-000298,29596.5,29601.5,overlapping_active_same_direction_rb_tapped
3,636,2026-07-14 02:51:00-04:00,bullish,"(29584.0, 29585.5, 29575.0, 29585.5)",29575.0,29584.0,RB2-000307,29579.75,29585.75,overlapping_active_same_direction_rb_tapped
3,646,2026-07-14 03:21:00-04:00,bullish,"(29593.5, 29602.0, 29584.0, 29601.5)",29584.0,29593.5,RB2-000312,29583.25,29593.25,overlapping_active_same_direction_rb_tapped
3,647,2026-07-14 03:24:00-04:00,bullish,"(29599.0, 29600.0, 29576.75, 29597.5)",29576.75,29597.5,RB2-000312,29583.25,29593.25,overlapping_active_same_direction_rb_tapped
3,649,2026-07-14 03:30:00-04:00,bearish,"(29616.5, 29621.25, 29600.25, 29604.5)",29616.5,29621.25,RB2-000304,29619.0,29623.5,overlapping_active_same_direction_rb_tapped
3,650,2026-07-14 03:33:00-04:00,bullish,"(29606.0, 29607.0, 29586.5, 29591.5)",29586.5,29591.5,RB2-000313,29587.0,29597.5,overlapping_active_same_direction_rb_tapped
3,656,2026-07-14 03:51:00-04:00,bullish,"(29583.75, 29602.25, 29575.0, 29597.0)",29575.0,29583.75,RB2-000317,29557.25,29576.0,overlapping_active_same_direction_rb_tapped
3,657,2026-07-14 03:54:00-04:00,bearish,"(29596.75, 29609.75, 29593.5, 29601.5)",29601.5,29609.75,RB2-000314,29591.5,29608.25,overlapping_active_same_direction_rb_tapped
3,658,2026-07-14 03:57:00-04:00,bearish,"(29601.5, 29607.5, 29582.0, 29585.5)",29601.5,29607.5,RB2-000314,29591.5,29608.25,overlapping_active_same_direction_rb_tapped
3,659,2026-07-14 04:00:00-04:00,bullish,"(29583.5, 29587.5, 29568.25, 29574.5)",29568.25,29574.5,RB2-000317,29557.25,29576.0,overlapping_active_same_direction_rb_tapped
3,660,2026-07-14 04:03:00-04:00,bullish,"(29575.0, 29602.0, 29563.75, 29596.75)",29563.75,29575.0,RB2-000317,29557.25,29576.0,overlapping_active_same_direction_rb_tapped
3,661,2026-07-14 04:06:00-04:00,bullish,"(29593.5, 29601.0, 29561.25, 29571.75)",29561.25,29571.75,RB2-000317,29557.25,29576.0,overlapping_active_same_direction_rb_tapped
3,662,2026-07-14 04:09:00-04:00,bullish,"(29571.25, 29574.5, 29547.75, 29564.0)",29547.75,29564.0,RB2-000310,29545.5,29549.25,overlapping_active_same_direction_rb_tapped
3,667,2026-07-14 04:24:00-04:00,bearish,"(29600.75, 29612.0, 29592.5, 29601.25)",29601.25,29612.0,RB2-000319,29607.25,29614.25,overlapping_active_same_direction_rb_tapped
3,669,2026-07-14 04:30:00-04:00,bearish,"(29614.25, 29632.0, 29614.0, 29618.25)",29618.25,29632.0,RB2-000304,29619.0,29623.5,overlapping_active_same_direction_rb_tapped
3,671,2026-07-14 04:36:00-04:00,bearish,"(29614.5, 29625.75, 29614.5, 29617.5)",29617.5,29625.75,RB2-000321,29617.75,29629.25,overlapping_active_same_direction_rb_tapped
3,672,2026-07-14 04:39:00-04:00,bearish,"(29621.0, 29636.25, 29616.0, 29622.75)",29622.75,29636.25,RB2-000321,29617.75,29629.25,overlapping_active_same_direction_rb_tapped
3,674,2026-07-14 04:45:00-04:00,bullish,"(29618.0, 29621.25, 29609.5, 29613.5)",29609.5,29613.5,RB2-000322,29612.5,29619.25,overlapping_active_same_direction_rb_tapped
3,681,2026-07-14 05:06:00-04:00,bullish,"(29581.0, 29604.25, 29572.5, 29597.75)",29572.5,29581.0,RB2-000326,29557.75,29573.0,overlapping_active_same_direction_rb_tapped
3,684,2026-07-14 05:15:00-04:00,bearish,"(29615.0, 29626.5, 29615.0, 29624.5)",29624.5,29626.5,RB2-000328,29614.25,29625.5,overlapping_active_same_direction_rb_tapped
3,685,2026-07-14 05:18:00-04:00,bearish,"(29623.5, 29629.5, 29602.0, 29605.5)",29623.5,29629.5,RB2-000328,29614.25,29625.5,overlapping_active_same_direction_rb_tapped
3,686,2026-07-14 05:21:00-04:00,bullish,"(29604.5, 29607.0, 29592.0, 29599.0)",29592.0,29599.0,RB2-000327,29584.5,29598.0,overlapping_active_same_direction_rb_tapped
3,688,2026-07-14 05:27:00-04:00,bullish,"(29596.25, 29598.0, 29585.0, 29595.75)",29585.0,29595.75,RB2-000327,29584.5,29598.0,overlapping_active_same_direction_rb_tapped
3,692,2026-07-14 05:39:00-04:00,bullish,"(29595.0, 29595.5, 29584.0, 29591.75)",29584.0,29591.75,RB2-000331,29578.75,29584.25,overlapping_active_same_direction_rb_tapped
3,693,2026-07-14 05:42:00-04:00,bearish,"(29592.75, 29600.0, 29590.25, 29595.25)",29595.25,29600.0,RB2-000329,29598.25,29607.5,overlapping_active_same_direction_rb_tapped
3,694,2026-07-14 05:45:00-04:00,bearish,"(29595.75, 29609.75, 29592.0, 29599.5)",29599.5,29609.75,RB2-000329,29598.25,29607.5,overlapping_active_same_direction_rb_tapped
3,700,2026-07-14 06:03:00-04:00,bullish,"(29603.25, 29610.5, 29594.75, 29607.0)",29594.75,29603.25,RB2-000335,29597.0,29601.0,overlapping_active_same_direction_rb_tapped
3,701,2026-07-14 06:06:00-04:00,bearish,"(29606.0, 29611.75, 29598.0, 29601.25)",29606.0,29611.75,RB2-000334,29604.75,29609.75,overlapping_active_same_direction_rb_tapped
3,703,2026-07-14 06:12:00-04:00,bearish,"(29615.5, 29620.25, 29610.75, 29615.0)",29615.5,29620.25,RB2-000332,29618.25,29623.75,overlapping_active_same_direction_rb_tapped
3,705,2026-07-14 06:18:00-04:00,bullish,"(29607.25, 29608.5, 29592.25, 29600.5)",29592.25,29600.5,RB2-000336,29597.25,29605.0,overlapping_active_same_direction_rb_tapped
3,710,2026-07-14 06:33:00-04:00,bearish,"(29595.75, 29609.0, 29578.75, 29587.5)",29595.75,29609.0,RB2-000337,29600.25,29605.5,overlapping_active_same_direction_rb_tapped
3,712,2026-07-14 06:39:00-04:00,bearish,"(29598.5, 29633.0, 29595.5, 29618.75)",29618.75,29633.0,RB2-000332,29618.25,29623.75,overlapping_active_same_direction_rb_tapped
3,716,2026-07-14 06:51:00-04:00,bullish,"(29609.25, 29620.5, 29601.25, 29619.5)",29601.25,29609.25,RB2-000342,29601.0,29603.25,overlapping_active_same_direction_rb_tapped
3,721,2026-07-14 07:06:00-04:00,bullish,"(29570.75, 29586.0, 29561.0, 29582.75)",29561.0,29570.75,RB2-000326,29557.75,29573.0,overlapping_active_same_direction_rb_tapped
3,723,2026-07-14 07:12:00-04:00,bullish,"(29570.5, 29577.75, 29556.25, 29569.5)",29556.25,29569.5,RB2-000326,29557.75,29573.0,overlapping_active_same_direction_rb_tapped
3,724,2026-07-14 07:15:00-04:00,bullish,"(29568.75, 29608.5, 29555.0, 29608.0)",29555.0,29568.75,RB2-000326,29557.75,29573.0,overlapping_active_same_direction_rb_tapped
3,725,2026-07-14 07:18:00-04:00,bearish,"(29607.25, 29632.0, 29605.5, 29619.0)",29619.0,29632.0,RB2-000343,29606.75,29621.25,overlapping_active_same_direction_rb_tapped
3,729,2026-07-14 07:30:00-04:00,bearish,"(29658.5, 29670.5, 29640.5, 29640.5)",29658.5,29670.5,RB2-000347,29659.5,29669.25,overlapping_active_same_direction_rb_tapped
3,731,2026-07-14 07:36:00-04:00,bullish,"(29665.5, 29668.25, 29630.25, 29639.5)",29630.25,29639.5,RB2-000346,29627.0,29635.0,overlapping_active_same_direction_rb_tapped
3,732,2026-07-14 07:39:00-04:00,bullish,"(29640.0, 29640.5, 29616.75, 29624.75)",29616.75,29624.75,RB2-000345,29610.25,29619.75,overlapping_active_same_direction_rb_tapped
3,734,2026-07-14 07:45:00-04:00,bearish,"(29617.0, 29628.25, 29613.75, 29620.5)",29620.5,29628.25,RB2-000348,29625.75,29633.5,overlapping_active_same_direction_rb_tapped
3,737,2026-07-14 07:54:00-04:00,bearish,"(29643.0, 29658.5, 29638.25, 29653.5)",29653.5,29658.5,RB2-000349,29643.75,29656.5,overlapping_active_same_direction_rb_tapped
3,738,2026-07-14 07:57:00-04:00,bearish,"(29652.5, 29655.25, 29639.0, 29639.5)",29652.5,29655.25,RB2-000349,29643.75,29656.5,overlapping_active_same_direction_rb_tapped
3,746,2026-07-14 08:21:00-04:00,bearish,"(29594.75, 29618.0, 29592.75, 29601.75)",29601.75,29618.0,RB2-000351,29607.75,29627.0,overlapping_active_same_direction_rb_tapped
3,753,2026-07-14 08:42:00-04:00,bullish,"(29836.0, 29840.5, 29805.0, 29825.25)",29805.0,29825.25,RB2-000356,29818.0,29837.25,overlapping_active_same_direction_rb_tapped
3,755,2026-07-14 08:48:00-04:00,bearish,"(29822.75, 29838.75, 29786.25, 29789.0)",29822.75,29838.75,RB2-000357,29824.0,29849.5,overlapping_active_same_direction_rb_tapped
3,759,2026-07-14 09:00:00-04:00,bearish,"(29764.0, 29787.0, 29758.75, 29772.5)",29772.5,29787.0,RB2-000360,29773.5,29788.25,overlapping_active_same_direction_rb_tapped
3,760,2026-07-14 09:03:00-04:00,bearish,"(29773.75, 29795.75, 29771.0, 29782.5)",29782.5,29795.75,RB2-000360,29773.5,29788.25,overlapping_active_same_direction_rb_tapped
3,762,2026-07-14 09:09:00-04:00,bearish,"(29796.25, 29809.0, 29790.75, 29802.5)",29802.5,29809.0,RB2-000358,29797.25,29810.75,overlapping_active_same_direction_rb_tapped
3,764,2026-07-14 09:15:00-04:00,bullish,"(29795.0, 29798.0, 29771.75, 29782.25)",29771.75,29782.25,RB2-000361,29764.5,29781.25,overlapping_active_same_direction_rb_tapped
3,765,2026-07-14 09:18:00-04:00,bullish,"(29782.75, 29786.25, 29768.5, 29772.75)",29768.5,29772.75,RB2-000361,29764.5,29781.25,overlapping_active_same_direction_rb_tapped
3,766,2026-07-14 09:21:00-04:00,bullish,"(29772.75, 29775.75, 29742.5, 29774.5)",29742.5,29772.75,RB2-000361,29764.5,29781.25,overlapping_active_same_direction_rb_tapped
3,769,2026-07-14 09:30:00-04:00,bearish,"(29810.25, 29832.0, 29794.5, 29811.75)",29811.75,29832.0,RB2-000357,29824.0,29849.5,overlapping_active_same_direction_rb_tapped
3,774,2026-07-14 09:45:00-04:00,bullish,"(29764.5, 29781.0, 29701.0, 29754.25)",29701.0,29754.25,RB2-000364,29734.75,29763.75,overlapping_active_same_direction_rb_tapped
3,776,2026-07-14 09:51:00-04:00,bearish,"(29754.75, 29790.5, 29742.75, 29752.0)",29754.75,29790.5,RB2-000365,29753.0,29808.5,overlapping_active_same_direction_rb_tapped
3,778,2026-07-14 09:57:00-04:00,bullish,"(29779.5, 29799.5, 29738.5, 29759.25)",29738.5,29759.25,RB2-000366,29714.0,29750.0,overlapping_active_same_direction_rb_tapped
3,779,2026-07-14 10:00:00-04:00,bearish,"(29758.5, 29795.75, 29754.0, 29781.25)",29781.25,29795.75,RB2-000365,29753.0,29808.5,overlapping_active_same_direction_rb_tapped
3,780,2026-07-14 10:03:00-04:00,bearish,"(29780.25, 29804.75, 29708.75, 29713.0)",29780.25,29804.75,RB2-000365,29753.0,29808.5,overlapping_active_same_direction_rb_tapped
3,783,2026-07-14 10:12:00-04:00,bullish,"(29672.75, 29688.75, 29637.0, 29660.5)",29637.0,29660.5,RB2-000354,29652.5,29665.0,overlapping_active_same_direction_rb_tapped
3,784,2026-07-14 10:15:00-04:00,bearish,"(29660.75, 29690.5, 29642.75, 29665.25)",29665.25,29690.5,RB2-000368,29670.25,29704.25,overlapping_active_same_direction_rb_tapped
3,785,2026-07-14 10:18:00-04:00,bullish,"(29662.75, 29663.75, 29567.5, 29599.25)",29567.5,29599.25,RB2-000326,29557.75,29573.0,overlapping_active_same_direction_rb_tapped
3,787,2026-07-14 10:24:00-04:00,bearish,"(29653.75, 29715.0, 29641.5, 29684.5)",29684.5,29715.0,RB2-000367,29712.5,29733.5,overlapping_active_same_direction_rb_tapped
3,789,2026-07-14 10:30:00-04:00,bullish,"(29696.5, 29699.5, 29638.25, 29684.5)",29638.25,29684.5,RB2-000370,29646.5,29685.0,overlapping_active_same_direction_rb_tapped
3,791,2026-07-14 10:36:00-04:00,bearish,"(29732.75, 29839.75, 29724.0, 29779.75)",29779.75,29839.75,RB2-000357,29824.0,29849.5,overlapping_active_same_direction_rb_tapped
3,794,2026-07-14 10:45:00-04:00,bearish,"(29770.0, 29788.0, 29715.75, 29729.0)",29770.0,29788.0,RB2-000373,29786.0,29801.5,overlapping_active_same_direction_rb_tapped
3,796,2026-07-14 10:51:00-04:00,bullish,"(29698.5, 29713.25, 29659.5, 29686.75)",29659.5,29686.75,RB2-000371,29658.25,29683.75,overlapping_active_same_direction_rb_tapped
3,797,2026-07-14 10:54:00-04:00,bullish,"(29686.5, 29742.0, 29676.0, 29734.5)",29676.0,29686.5,RB2-000371,29658.25,29683.75,overlapping_active_same_direction_rb_tapped
3,799,2026-07-14 11:00:00-04:00,bearish,"(29758.5, 29784.5, 29753.5, 29772.5)",29772.5,29784.5,RB2-000375,29758.25,29775.75,overlapping_active_same_direction_rb_tapped
3,800,2026-07-14 11:03:00-04:00,bearish,"(29773.5, 29794.5, 29763.75, 29767.0)",29773.5,29794.5,RB2-000373,29786.0,29801.5,overlapping_active_same_direction_rb_tapped
3,801,2026-07-14 11:06:00-04:00,bearish,"(29766.5, 29844.0, 29753.75, 29811.0)",29811.0,29844.0,RB2-000357,29824.0,29849.5,overlapping_active_same_direction_rb_tapped
3,804,2026-07-14 11:15:00-04:00,bearish,"(29844.75, 29860.5, 29839.75, 29848.75)",29848.75,29860.5,RB2-000376,29858.0,29865.5,overlapping_active_same_direction_rb_tapped
3,805,2026-07-14 11:18:00-04:00,bearish,"(29847.5, 29867.25, 29844.75, 29857.25)",29857.25,29867.25,RB2-000376,29858.0,29865.5,overlapping_active_same_direction_rb_tapped
3,809,2026-07-14 11:30:00-04:00,bullish,"(29879.0, 29889.0, 29863.25, 29884.5)",29863.25,29879.0,RB2-000379,29859.25,29870.5,overlapping_active_same_direction_rb_tapped
3,810,2026-07-14 11:33:00-04:00,bearish,"(29885.0, 29895.75, 29860.5, 29862.0)",29885.0,29895.75,RB2-000355,29885.75,29908.0,overlapping_active_same_direction_rb_tapped
3,811,2026-07-14 11:36:00-04:00,bullish,"(29860.5, 29860.5, 29825.75, 29842.75)",29825.75,29842.75,RB2-000377,29825.25,29857.0,overlapping_active_same_direction_rb_tapped
3,812,2026-07-14 11:39:00-04:00,bullish,"(29843.25, 29866.0, 29834.0, 29860.25)",29834.0,29843.25,RB2-000377,29825.25,29857.0,overlapping_active_same_direction_rb_tapped
3,813,2026-07-14 11:42:00-04:00,bullish,"(29859.0, 29862.5, 29814.75, 29831.5)",29814.75,29831.5,RB2-000377,29825.25,29857.0,overlapping_active_same_direction_rb_tapped
3,816,2026-07-14 11:51:00-04:00,bearish,"(29845.5, 29852.0, 29813.0, 29816.75)",29845.5,29852.0,RB2-000381,29845.5,29850.0,overlapping_active_same_direction_rb_tapped
3,818,2026-07-14 11:57:00-04:00,bullish,"(29797.25, 29799.0, 29768.0, 29790.25)",29768.0,29790.25,RB2-000382,29775.25,29797.5,overlapping_active_same_direction_rb_tapped
3,822,2026-07-14 12:09:00-04:00,bullish,"(29737.75, 29750.25, 29711.0, 29745.75)",29711.0,29737.75,RB2-000384,29716.25,29737.25,overlapping_active_same_direction_rb_tapped
3,825,2026-07-14 12:18:00-04:00,bullish,"(29739.75, 29744.0, 29704.5, 29727.25)",29704.5,29727.25,RB2-000385,29721.75,29741.5,overlapping_active_same_direction_rb_tapped
3,830,2026-07-14 12:33:00-04:00,bearish,"(29778.5, 29790.75, 29761.0, 29762.5)",29778.5,29790.75,RB2-000388,29779.25,29784.0,overlapping_active_same_direction_rb_tapped
3,833,2026-07-14 12:42:00-04:00,bullish,"(29790.5, 29811.25, 29780.75, 29810.25)",29780.75,29790.5,RB2-000390,29768.0,29786.0,overlapping_active_same_direction_rb_tapped
3,835,2026-07-14 12:48:00-04:00,bearish,"(29809.75, 29830.0, 29791.75, 29799.5)",29809.75,29830.0,RB2-000391,29810.25,29824.25,overlapping_active_same_direction_rb_tapped
3,836,2026-07-14 12:51:00-04:00,bullish,"(29798.5, 29813.75, 29783.5, 29809.25)",29783.5,29798.5,RB2-000390,29768.0,29786.0,overlapping_active_same_direction_rb_tapped
3,839,2026-07-14 13:00:00-04:00,bullish,"(29817.25, 29826.75, 29809.25, 29826.75)",29809.25,29817.25,RB2-000393,29805.25,29811.25,overlapping_active_same_direction_rb_tapped
3,841,2026-07-14 13:06:00-04:00,bullish,"(29835.5, 29837.0, 29814.5, 29826.5)",29814.5,29826.5,RB2-000394,29818.25,29826.75,overlapping_active_same_direction_rb_tapped
3,845,2026-07-14 13:18:00-04:00,bullish,"(29822.25, 29829.5, 29807.0, 29816.0)",29807.0,29816.0,RB2-000393,29805.25,29811.25,overlapping_active_same_direction_rb_tapped
3,853,2026-07-14 13:42:00-04:00,bearish,"(29844.5, 29858.5, 29843.75, 29846.75)",29846.75,29858.5,RB2-000400,29849.5,29861.5,overlapping_active_same_direction_rb_tapped
3,854,2026-07-14 13:45:00-04:00,bearish,"(29846.5, 29855.5, 29837.25, 29846.0)",29846.5,29855.5,RB2-000400,29849.5,29861.5,overlapping_active_same_direction_rb_tapped
3,855,2026-07-14 13:48:00-04:00,bullish,"(29846.0, 29851.25, 29829.0, 29840.0)",29829.0,29840.0,RB2-000401,29818.75,29830.0,overlapping_active_same_direction_rb_tapped
3,857,2026-07-14 13:54:00-04:00,bearish,"(29856.0, 29864.25, 29850.5, 29857.5)",29857.5,29864.25,RB2-000400,29849.5,29861.5,overlapping_active_same_direction_rb_tapped
3,859,2026-07-14 14:00:00-04:00,bullish,"(29859.75, 29865.5, 29855.0, 29863.25)",29855.0,29859.75,RB2-000403,29853.5,29857.0,overlapping_active_same_direction_rb_tapped
3,860,2026-07-14 14:03:00-04:00,bullish,"(29863.0, 29864.0, 29842.5, 29857.0)",29842.5,29857.0,RB2-000403,29853.5,29857.0,overlapping_active_same_direction_rb_tapped
3,865,2026-07-14 14:18:00-04:00,bearish,"(29868.75, 29878.25, 29861.5, 29865.0)",29868.75,29878.25,RB2-000404,29860.5,29870.0,overlapping_active_same_direction_rb_tapped
3,866,2026-07-14 14:21:00-04:00,bullish,"(29865.25, 29869.0, 29858.0, 29866.25)",29858.0,29865.25,RB2-000405,29844.5,29861.0,overlapping_active_same_direction_rb_tapped
3,867,2026-07-14 14:24:00-04:00,bullish,"(29865.75, 29870.5, 29860.0, 29865.5)",29860.0,29865.5,RB2-000405,29844.5,29861.0,overlapping_active_same_direction_rb_tapped
3,868,2026-07-14 14:27:00-04:00,bullish,"(29866.25, 29867.0, 29847.5, 29864.75)",29847.5,29864.75,RB2-000405,29844.5,29861.0,overlapping_active_same_direction_rb_tapped
3,870,2026-07-14 14:33:00-04:00,bullish,"(29854.0, 29859.5, 29844.5, 29856.5)",29844.5,29854.0,RB2-000405,29844.5,29861.0,overlapping_active_same_direction_rb_tapped
3,871,2026-07-14 14:36:00-04:00,bullish,"(29856.25, 29869.5, 29852.0, 29866.0)",29852.0,29856.25,RB2-000405,29844.5,29861.0,overlapping_active_same_direction_rb_tapped
3,872,2026-07-14 14:39:00-04:00,bullish,"(29866.0, 29867.5, 29836.0, 29846.5)",29836.0,29846.5,RB2-000405,29844.5,29861.0,overlapping_active_same_direction_rb_tapped
3,873,2026-07-14 14:42:00-04:00,bullish,"(29847.0, 29855.0, 29810.5, 29826.5)",29810.5,29826.5,RB2-000393,29805.25,29811.25,overlapping_active_same_direction_rb_tapped
3,875,2026-07-14 14:48:00-04:00,bullish,"(29825.75, 29837.75, 29814.75, 29836.0)",29814.75,29825.75,RB2-000407,29814.0,29824.75,overlapping_active_same_direction_rb_tapped
3,876,2026-07-14 14:51:00-04:00,bullish,"(29837.0, 29837.75, 29813.0, 29817.0)",29813.0,29817.0,RB2-000407,29814.0,29824.75,overlapping_active_same_direction_rb_tapped
3,878,2026-07-14 14:57:00-04:00,bullish,"(29841.5, 29841.75, 29824.5, 29827.75)",29824.5,29827.75,RB2-000407,29814.0,29824.75,overlapping_active_same_direction_rb_tapped
3,879,2026-07-14 15:00:00-04:00,bullish,"(29828.5, 29830.75, 29819.25, 29824.0)",29819.25,29824.0,RB2-000407,29814.0,29824.75,overlapping_active_same_direction_rb_tapped
3,882,2026-07-14 15:09:00-04:00,bullish,"(29795.5, 29803.5, 29780.0, 29798.5)",29780.0,29795.5,RB2-000390,29768.0,29786.0,overlapping_active_same_direction_rb_tapped
3,883,2026-07-14 15:12:00-04:00,bullish,"(29799.5, 29806.75, 29784.5, 29800.0)",29784.5,29799.5,RB2-000390,29768.0,29786.0,overlapping_active_same_direction_rb_tapped
3,885,2026-07-14 15:18:00-04:00,bearish,"(29816.0, 29827.75, 29815.0, 29823.5)",29823.5,29827.75,RB2-000408,29824.5,29832.5,overlapping_active_same_direction_rb_tapped
3,887,2026-07-14 15:24:00-04:00,bearish,"(29820.25, 29837.75, 29819.5, 29830.25)",29830.25,29837.75,RB2-000408,29824.5,29832.5,overlapping_active_same_direction_rb_tapped
3,890,2026-07-14 15:33:00-04:00,bullish,"(29797.25, 29801.25, 29771.0, 29787.5)",29771.0,29787.5,RB2-000390,29768.0,29786.0,overlapping_active_same_direction_rb_tapped
3,892,2026-07-14 15:39:00-04:00,bearish,"(29794.5, 29810.0, 29788.0, 29789.25)",29794.5,29810.0,RB2-000413,29794.25,29803.75,overlapping_active_same_direction_rb_tapped
3,895,2026-07-14 15:48:00-04:00,bearish,"(29811.25, 29818.5, 29808.5, 29808.5)",29811.25,29818.5,RB2-000415,29811.5,29817.25,overlapping_active_same_direction_rb_tapped
3,897,2026-07-14 15:54:00-04:00,bearish,"(29810.75, 29836.0, 29805.25, 29820.75)",29820.75,29836.0,RB2-000412,29831.0,29836.75,overlapping_active_same_direction_rb_tapped
3,901,2026-07-14 16:06:00-04:00,bearish,"(29776.5, 29810.0, 29772.5, 29793.25)",29793.25,29810.0,RB2-000418,29809.75,29818.25,overlapping_active_same_direction_rb_tapped
3,902,2026-07-14 16:09:00-04:00,bullish,"(29793.5, 29799.25, 29786.0, 29792.0)",29786.0,29792.0,RB2-000390,29768.0,29786.0,overlapping_active_same_direction_rb_tapped
3,904,2026-07-14 16:15:00-04:00,bearish,"(29780.75, 29792.5, 29777.5, 29788.25)",29788.25,29792.5,RB2-000420,29792.25,29804.0,overlapping_active_same_direction_rb_tapped
3,905,2026-07-14 16:18:00-04:00,bearish,"(29787.5, 29792.25, 29785.0, 29786.25)",29787.5,29792.25,RB2-000420,29792.25,29804.0,overlapping_active_same_direction_rb_tapped
3,907,2026-07-14 16:24:00-04:00,bullish,"(29776.5, 29778.0, 29768.25, 29773.5)",29768.25,29773.5,RB2-000390,29768.0,29786.0,overlapping_active_same_direction_rb_tapped
3,909,2026-07-14 16:30:00-04:00,bullish,"(29775.5, 29777.5, 29767.75, 29775.0)",29767.75,29775.0,RB2-000390,29768.0,29786.0,overlapping_active_same_direction_rb_tapped
3,911,2026-07-14 16:36:00-04:00,bullish,"(29782.0, 29789.25, 29779.5, 29788.75)",29779.5,29782.0,RB2-000390,29768.0,29786.0,overlapping_active_same_direction_rb_tapped
3,912,2026-07-14 16:39:00-04:00,bearish,"(29789.25, 29797.5, 29789.25, 29794.75)",29794.75,29797.5,RB2-000420,29792.25,29804.0,overlapping_active_same_direction_rb_tapped
3,913,2026-07-14 16:42:00-04:00,bearish,"(29795.25, 29799.25, 29793.0, 29795.5)",29795.5,29799.25,RB2-000420,29792.25,29804.0,overlapping_active_same_direction_rb_tapped
3,914,2026-07-14 16:45:00-04:00,bearish,"(29795.5, 29799.0, 29794.5, 29796.0)",29796.0,29799.0,RB2-000420,29792.25,29804.0,overlapping_active_same_direction_rb_tapped
3,915,2026-07-14 16:48:00-04:00,bearish,"(29796.25, 29801.5, 29794.25, 29795.5)",29796.25,29801.5,RB2-000420,29792.25,29804.0,overlapping_active_same_direction_rb_tapped
3,921,2026-07-14 18:06:00-04:00,bearish,"(29782.0, 29792.5, 29780.0, 29782.0)",29782.0,29792.5,RB2-000420,29792.25,29804.0,overlapping_active_same_direction_rb_tapped
3,926,2026-07-14 18:21:00-04:00,bearish,"(29763.5, 29782.75, 29763.5, 29779.5)",29779.5,29782.75,RB2-000426,29771.5,29780.0,overlapping_active_same_direction_rb_tapped
3,927,2026-07-14 18:24:00-04:00,bearish,"(29780.0, 29791.5, 29780.0, 29786.5)",29786.5,29791.5,RB2-000425,29784.25,29790.75,overlapping_active_same_direction_rb_tapped
3,928,2026-07-14 18:27:00-04:00,bearish,"(29786.5, 29797.25, 29785.0, 29787.0)",29787.0,29797.25,RB2-000420,29792.25,29804.0,overlapping_active_same_direction_rb_tapped
3,929,2026-07-14 18:30:00-04:00,bearish,"(29787.25, 29793.0, 29786.0, 29786.25)",29787.25,29793.0,RB2-000420,29792.25,29804.0,overlapping_active_same_direction_rb_tapped
3,930,2026-07-14 18:33:00-04:00,bearish,"(29788.5, 29796.0, 29785.0, 29789.0)",29789.0,29796.0,RB2-000420,29792.25,29804.0,overlapping_active_same_direction_rb_tapped
3,933,2026-07-14 18:42:00-04:00,bearish,"(29784.5, 29787.0, 29781.5, 29781.5)",29784.5,29787.0,RB2-000430,29786.25,29789.25,overlapping_active_same_direction_rb_tapped
3,936,2026-07-14 18:51:00-04:00,bullish,"(29778.75, 29780.5, 29775.25, 29779.0)",29775.25,29778.75,RB2-000431,29774.75,29779.75,overlapping_active_same_direction_rb_tapped
3,938,2026-07-14 18:57:00-04:00,bullish,"(29770.5, 29773.0, 29764.25, 29768.75)",29764.25,29768.75,RB2-000433,29765.0,29770.5,overlapping_active_same_direction_rb_tapped
3,942,2026-07-14 19:09:00-04:00,bearish,"(29782.25, 29791.75, 29779.25, 29787.25)",29787.25,29791.75,RB2-000430,29786.25,29789.25,overlapping_active_same_direction_rb_tapped
3,944,2026-07-14 19:15:00-04:00,bearish,"(29789.25, 29799.75, 29786.25, 29794.75)",29794.75,29799.75,RB2-000420,29792.25,29804.0,overlapping_active_same_direction_rb_tapped
3,945,2026-07-14 19:18:00-04:00,bearish,"(29793.75, 29798.75, 29785.0, 29787.5)",29793.75,29798.75,RB2-000420,29792.25,29804.0,overlapping_active_same_direction_rb_tapped
3,946,2026-07-14 19:21:00-04:00,bearish,"(29788.5, 29793.75, 29786.25, 29788.0)",29788.5,29793.75,RB2-000420,29792.25,29804.0,overlapping_active_same_direction_rb_tapped
3,947,2026-07-14 19:24:00-04:00,bearish,"(29792.75, 29803.25, 29792.75, 29799.75)",29799.75,29803.25,RB2-000420,29792.25,29804.0,overlapping_active_same_direction_rb_tapped
3,950,2026-07-14 19:33:00-04:00,bearish,"(29866.25, 29881.5, 29863.5, 29867.75)",29867.75,29881.5,RB2-000438,29866.75,29873.0,overlapping_active_same_direction_rb_tapped
3,953,2026-07-14 19:42:00-04:00,bearish,"(29867.25, 29871.0, 29862.5, 29865.0)",29867.25,29871.0,RB2-000440,29868.5,29872.0,overlapping_active_same_direction_rb_tapped
3,954,2026-07-14 19:45:00-04:00,bearish,"(29864.5, 29875.75, 29847.5, 29849.25)",29864.5,29875.75,RB2-000440,29868.5,29872.0,overlapping_active_same_direction_rb_tapped
3,957,2026-07-14 19:54:00-04:00,bullish,"(29873.0, 29884.0, 29864.0, 29882.0)",29864.0,29873.0,RB2-000442,29862.75,29865.75,overlapping_active_same_direction_rb_tapped
3,960,2026-07-14 20:03:00-04:00,bullish,"(29889.0, 29897.0, 29855.0, 29866.25)",29855.0,29866.25,RB2-000442,29862.75,29865.75,overlapping_active_same_direction_rb_tapped
3,968,2026-07-14 20:27:00-04:00,bearish,"(29919.25, 29926.75, 29905.25, 29909.25)",29919.25,29926.75,RB2-000449,29923.5,29938.0,overlapping_active_same_direction_rb_tapped
3,970,2026-07-14 20:33:00-04:00,bearish,"(29920.25, 29928.5, 29912.5, 29916.5)",29920.25,29928.5,RB2-000449,29923.5,29938.0,overlapping_active_same_direction_rb_tapped
3,972,2026-07-14 20:39:00-04:00,bullish,"(29889.5, 29889.5, 29868.0, 29888.75)",29868.0,29888.75,RB2-000448,29882.0,29888.75,overlapping_active_same_direction_rb_tapped
3,974,2026-07-14 20:45:00-04:00,bullish,"(29879.5, 29881.0, 29841.0, 29858.25)",29841.0,29858.25,RB2-000446,29837.5,29844.0,overlapping_active_same_direction_rb_tapped
3,979,2026-07-14 21:00:00-04:00,bearish,"(29912.25, 29929.5, 29909.75, 29918.0)",29918.0,29929.5,RB2-000449,29923.5,29938.0,overlapping_active_same_direction_rb_tapped
3,981,2026-07-14 21:06:00-04:00,bullish,"(29880.0, 29893.25, 29864.25, 29880.25)",29864.25,29880.0,RB2-000454,29877.0,29886.75,overlapping_active_same_direction_rb_tapped
3,984,2026-07-14 21:15:00-04:00,bullish,"(29873.75, 29889.25, 29866.75, 29886.25)",29866.75,29873.75,RB2-000458,29860.0,29872.0,overlapping_active_same_direction_rb_tapped
3,986,2026-07-14 21:21:00-04:00,bearish,"(29906.25, 29911.5, 29896.25, 29899.75)",29906.25,29911.5,RB2-000459,29908.25,29918.25,overlapping_active_same_direction_rb_tapped
3,987,2026-07-14 21:24:00-04:00,bearish,"(29901.0, 29921.25, 29898.5, 29917.5)",29917.5,29921.25,RB2-000459,29908.25,29918.25,overlapping_active_same_direction_rb_tapped
3,989,2026-07-14 21:30:00-04:00,bearish,"(29933.5, 29942.75, 29918.0, 29922.75)",29933.5,29942.75,RB2-000449,29923.5,29938.0,overlapping_active_same_direction_rb_tapped
3,990,2026-07-14 21:33:00-04:00,bullish,"(29924.25, 29933.75, 29914.75, 29929.5)",29914.75,29924.25,RB2-000460,29907.5,29921.0,overlapping_active_same_direction_rb_tapped
3,991,2026-07-14 21:36:00-04:00,bullish,"(29929.25, 29931.5, 29911.0, 29918.0)",29911.0,29918.0,RB2-000460,29907.5,29921.0,overlapping_active_same_direction_rb_tapped
3,993,2026-07-14 21:42:00-04:00,bullish,"(29934.75, 29944.0, 29904.75, 29916.75)",29904.75,29916.75,RB2-000460,29907.5,29921.0,overlapping_active_same_direction_rb_tapped
3,996,2026-07-14 21:51:00-04:00,bearish,"(29908.0, 29923.75, 29906.0, 29920.25)",29920.25,29923.75,RB2-000462,29919.0,29924.25,overlapping_active_same_direction_rb_tapped
3,1001,2026-07-14 22:06:00-04:00,bullish,"(29956.75, 29967.25, 29950.0, 29966.25)",29950.0,29956.75,RB2-000467,29949.25,29957.5,overlapping_active_same_direction_rb_tapped
3,1003,2026-07-14 22:12:00-04:00,bearish,"(29969.25, 29972.0, 29962.75, 29965.0)",29969.25,29972.0,RB2-000468,29968.0,29974.0,overlapping_active_same_direction_rb_tapped
3,1004,2026-07-14 22:15:00-04:00,bearish,"(29964.5, 29981.0, 29958.5, 29963.5)",29964.5,29981.0,RB2-000468,29968.0,29974.0,overlapping_active_same_direction_rb_tapped
3,1007,2026-07-14 22:24:00-04:00,bearish,"(29960.5, 29979.5, 29959.75, 29965.0)",29965.0,29979.5,RB2-000470,29971.0,29981.75,overlapping_active_same_direction_rb_tapped
3,1009,2026-07-14 22:30:00-04:00,bearish,"(29960.0, 29973.5, 29958.5, 29966.75)",29966.75,29973.5,RB2-000470,29971.0,29981.75,overlapping_active_same_direction_rb_tapped
3,1010,2026-07-14 22:33:00-04:00,bullish,"(29970.0, 29977.75, 29966.5, 29975.5)",29966.5,29970.0,RB2-000469,29959.5,29966.5,overlapping_active_same_direction_rb_tapped
3,1012,2026-07-14 22:39:00-04:00,bearish,"(29978.25, 29985.5, 29976.25, 29978.5)",29978.5,29985.5,RB2-000470,29971.0,29981.75,overlapping_active_same_direction_rb_tapped
3,1014,2026-07-14 22:45:00-04:00,bearish,"(29978.25, 29984.25, 29978.25, 29983.0)",29983.0,29984.25,RB2-000473,29978.25,29985.75,overlapping_active_same_direction_rb_tapped
3,1015,2026-07-14 22:48:00-04:00,bearish,"(29984.0, 29987.25, 29976.75, 29978.0)",29984.0,29987.25,RB2-000473,29978.25,29985.75,overlapping_active_same_direction_rb_tapped
3,1016,2026-07-14 22:51:00-04:00,bearish,"(29979.0, 29983.75, 29966.75, 29971.0)",29979.0,29983.75,RB2-000473,29978.25,29985.75,overlapping_active_same_direction_rb_tapped
3,1017,2026-07-14 22:54:00-04:00,bullish,"(29970.75, 29971.25, 29964.0, 29968.0)",29964.0,29968.0,RB2-000469,29959.5,29966.5,overlapping_active_same_direction_rb_tapped
3,1018,2026-07-14 22:57:00-04:00,bearish,"(29968.75, 29978.25, 29968.0, 29972.25)",29972.25,29978.25,RB2-000473,29978.25,29985.75,overlapping_active_same_direction_rb_tapped
3,1020,2026-07-14 23:03:00-04:00,bullish,"(29961.0, 29967.75, 29956.0, 29967.0)",29956.0,29961.0,RB2-000467,29949.25,29957.5,overlapping_active_same_direction_rb_tapped
3,1023,2026-07-14 23:12:00-04:00,bearish,"(29955.75, 29959.0, 29947.5, 29948.25)",29955.75,29959.0,RB2-000474,29957.75,29964.0,overlapping_active_same_direction_rb_tapped
3,1025,2026-07-14 23:18:00-04:00,bearish,"(29959.5, 29981.0, 29955.0, 29976.0)",29976.0,29981.0,RB2-000473,29978.25,29985.75,overlapping_active_same_direction_rb_tapped
3,1028,2026-07-14 23:27:00-04:00,bullish,"(29970.25, 29976.0, 29968.25, 29974.5)",29968.25,29970.25,RB2-000475,29968.0,29971.25,overlapping_active_same_direction_rb_tapped
3,1029,2026-07-14 23:30:00-04:00,bearish,"(29972.5, 29985.0, 29972.25, 29978.5)",29978.5,29985.0,RB2-000473,29978.25,29985.75,overlapping_active_same_direction_rb_tapped
3,1033,2026-07-14 23:42:00-04:00,bullish,"(29997.25, 30001.0, 29990.5, 30000.0)",29990.5,29997.25,RB2-000478,29991.25,29995.25,overlapping_active_same_direction_rb_tapped
3,1038,2026-07-14 23:57:00-04:00,bullish,"(30015.0, 30017.0, 30012.0, 30017.0)",30012.0,30015.0,RB2-000481,30012.25,30015.75,overlapping_active_same_direction_rb_tapped
3,1039,2026-07-15 00:00:00-04:00,bullish,"(30017.25, 30019.25, 30010.25, 30012.5)",30010.25,30012.5,RB2-000481,30012.25,30015.75,overlapping_active_same_direction_rb_tapped
3,1041,2026-07-15 00:06:00-04:00,bearish,"(30009.0, 30013.25, 30003.5, 30003.75)",30009.0,30013.25,RB2-000482,30012.75,30016.5,overlapping_active_same_direction_rb_tapped
3,1044,2026-07-15 00:15:00-04:00,bullish,"(30005.75, 30006.75, 29998.0, 30000.25)",29998.0,30000.25,RB2-000483,29995.75,30000.25,overlapping_active_same_direction_rb_tapped
3,1045,2026-07-15 00:18:00-04:00,bullish,"(30000.25, 30008.5, 29997.25, 30008.5)",29997.25,30000.25,RB2-000483,29995.75,30000.25,overlapping_active_same_direction_rb_tapped
3,1047,2026-07-15 00:24:00-04:00,bullish,"(30011.5, 30013.0, 30002.75, 30011.25)",30002.75,30011.25,RB2-000484,30006.0,30007.5,overlapping_active_same_direction_rb_tapped
3,1050,2026-07-15 00:33:00-04:00,bullish,"(29990.75, 29994.5, 29983.25, 29993.75)",29983.25,29990.75,RB2-000479,29986.0,29987.75,overlapping_active_same_direction_rb_tapped
3,1055,2026-07-15 00:48:00-04:00,bearish,"(30006.0, 30013.5, 30003.75, 30009.25)",30009.25,30013.5,RB2-000482,30012.75,30016.5,overlapping_active_same_direction_rb_tapped
3,1056,2026-07-15 00:51:00-04:00,bullish,"(30009.5, 30012.5, 30004.5, 30008.75)",30004.5,30008.75,RB2-000488,30001.75,30004.75,overlapping_active_same_direction_rb_tapped
3,1057,2026-07-15 00:54:00-04:00,bearish,"(30008.0, 30018.0, 30006.5, 30016.0)",30016.0,30018.0,RB2-000482,30012.75,30016.5,overlapping_active_same_direction_rb_tapped
3,1061,2026-07-15 01:06:00-04:00,bearish,"(30028.25, 30035.5, 30005.5, 30006.75)",30028.25,30035.5,RB2-000492,30030.0,30058.25,overlapping_active_same_direction_rb_tapped
3,1062,2026-07-15 01:09:00-04:00,bullish,"(30005.0, 30014.75, 29992.5, 30010.25)",29992.5,30005.0,RB2-000486,29986.75,29994.75,overlapping_active_same_direction_rb_tapped
3,1064,2026-07-15 01:15:00-04:00,bearish,"(29998.5, 30015.25, 29995.0, 29999.25)",29999.25,30015.25,RB2-000493,30010.5,30025.75,overlapping_active_same_direction_rb_tapped
3,1067,2026-07-15 01:24:00-04:00,bullish,"(30023.0, 30025.0, 29997.5, 30007.25)",29997.5,30007.25,RB2-000494,29995.5,30000.0,overlapping_active_same_direction_rb_tapped
3,1070,2026-07-15 01:33:00-04:00,bullish,"(29980.75, 29993.5, 29967.75, 29985.75)",29967.75,29980.75,RB2-000475,29968.0,29971.25,overlapping_active_same_direction_rb_tapped
3,1073,2026-07-15 01:42:00-04:00,bearish,"(30000.25, 30009.5, 29997.5, 29998.5)",30000.25,30009.5,RB2-000498,29999.75,30006.0,overlapping_active_same_direction_rb_tapped
3,1075,2026-07-15 01:48:00-04:00,bullish,"(29990.5, 29998.25, 29984.25, 29995.75)",29984.25,29990.5,RB2-000497,29980.0,29986.0,overlapping_active_same_direction_rb_tapped
3,1076,2026-07-15 01:51:00-04:00,bearish,"(29996.25, 30007.0, 29995.5, 29998.5)",29998.5,30007.0,RB2-000499,29999.5,30006.75,overlapping_active_same_direction_rb_tapped
3,1081,2026-07-15 02:06:00-04:00,bearish,"(30042.5, 30049.5, 30033.5, 30040.25)",30042.5,30049.5,RB2-000492,30030.0,30058.25,overlapping_active_same_direction_rb_tapped
3,1083,2026-07-15 02:12:00-04:00,bearish,"(30044.0, 30047.0, 30029.0, 30031.75)",30044.0,30047.0,RB2-000492,30030.0,30058.25,overlapping_active_same_direction_rb_tapped
3,1086,2026-07-15 02:21:00-04:00,bearish,"(30028.25, 30038.75, 30026.5, 30033.25)",30033.25,30038.75,RB2-000492,30030.0,30058.25,overlapping_active_same_direction_rb_tapped
3,1087,2026-07-15 02:24:00-04:00,bullish,"(30030.75, 30033.25, 30023.0, 30032.5)",30023.0,30030.75,RB2-000502,30019.25,30023.5,overlapping_active_same_direction_rb_tapped
3,1088,2026-07-15 02:27:00-04:00,bearish,"(30031.75, 30045.25, 30031.5, 30040.25)",30040.25,30045.25,RB2-000492,30030.0,30058.25,overlapping_active_same_direction_rb_tapped
3,1093,2026-07-15 02:42:00-04:00,bullish,"(30027.0, 30030.0, 30014.75, 30021.25)",30014.75,30021.25,RB2-000506,30009.75,30015.25,overlapping_active_same_direction_rb_tapped
3,1095,2026-07-15 02:48:00-04:00,bearish,"(30018.5, 30026.5, 30018.5, 30021.5)",30021.5,30026.5,RB2-000508,30021.5,30025.75,overlapping_active_same_direction_rb_tapped
3,1097,2026-07-15 02:54:00-04:00,bullish,"(30023.5, 30032.0, 30015.25, 30027.0)",30015.25,30023.5,RB2-000506,30009.75,30015.25,overlapping_active_same_direction_rb_tapped
3,1098,2026-07-15 02:57:00-04:00,bearish,"(30027.0, 30038.0, 30026.0, 30032.5)",30032.5,30038.0,RB2-000492,30030.0,30058.25,overlapping_active_same_direction_rb_tapped
3,1099,2026-07-15 03:00:00-04:00,bullish,"(30032.0, 30036.5, 30012.25, 30030.0)",30012.25,30030.0,RB2-000506,30009.75,30015.25,overlapping_active_same_direction_rb_tapped
3,1100,2026-07-15 03:03:00-04:00,bullish,"(30030.5, 30031.25, 30007.5, 30014.5)",30007.5,30014.5,RB2-000501,30003.25,30008.0,overlapping_active_same_direction_rb_tapped
3,1101,2026-07-15 03:06:00-04:00,bearish,"(30013.0, 30062.5, 30011.0, 30054.0)",30054.0,30062.5,RB2-000492,30030.0,30058.25,overlapping_active_same_direction_rb_tapped
3,1102,2026-07-15 03:09:00-04:00,bearish,"(30054.0, 30058.25, 30036.25, 30040.0)",30054.0,30058.25,RB2-000492,30030.0,30058.25,overlapping_active_same_direction_rb_tapped
3,1104,2026-07-15 03:15:00-04:00,bearish,"(30040.0, 30049.25, 30033.75, 30036.25)",30040.0,30049.25,RB2-000492,30030.0,30058.25,overlapping_active_same_direction_rb_tapped
3,1109,2026-07-15 03:30:00-04:00,bullish,"(29945.75, 29969.25, 29928.0, 29969.0)",29928.0,29945.75,RB2-000465,29922.25,29931.75,overlapping_active_same_direction_rb_tapped
3,1111,2026-07-15 03:36:00-04:00,bullish,"(29962.75, 29975.75, 29954.5, 29975.5)",29954.5,29962.75,RB2-000513,29945.25,29960.0,overlapping_active_same_direction_rb_tapped
3,1113,2026-07-15 03:42:00-04:00,bullish,"(29979.5, 29985.0, 29972.0, 29983.0)",29972.0,29979.5,RB2-000514,29967.25,29975.0,overlapping_active_same_direction_rb_tapped
3,1115,2026-07-15 03:48:00-04:00,bullish,"(29979.0, 29985.0, 29971.0, 29983.5)",29971.0,29979.0,RB2-000514,29967.25,29975.0,overlapping_active_same_direction_rb_tapped
3,1121,2026-07-15 04:06:00-04:00,bullish,"(29963.5, 29965.5, 29917.0, 29932.5)",29917.0,29932.5,RB2-000464,29911.75,29917.0,overlapping_active_same_direction_rb_tapped
3,1125,2026-07-15 04:18:00-04:00,bearish,"(29918.25, 29924.75, 29902.75, 29905.25)",29918.25,29924.75,RB2-000518,29918.25,29932.75,overlapping_active_same_direction_rb_tapped
3,1126,2026-07-15 04:21:00-04:00,bearish,"(29904.25, 29921.75, 29897.0, 29907.5)",29907.5,29921.75,RB2-000518,29918.25,29932.75,overlapping_active_same_direction_rb_tapped
3,1128,2026-07-15 04:27:00-04:00,bullish,"(29879.25, 29893.25, 29872.0, 29891.0)",29872.0,29879.25,RB2-000458,29860.0,29872.0,overlapping_active_same_direction_rb_tapped
3,1131,2026-07-15 04:36:00-04:00,bullish,"(29914.0, 29915.5, 29906.5, 29915.25)",29906.5,29914.0,RB2-000520,29901.0,29912.75,overlapping_active_same_direction_rb_tapped
3,1132,2026-07-15 04:39:00-04:00,bullish,"(29913.25, 29915.25, 29897.75, 29911.0)",29897.75,29911.0,RB2-000520,29901.0,29912.75,overlapping_active_same_direction_rb_tapped
3,1133,2026-07-15 04:42:00-04:00,bearish,"(29909.0, 29926.25, 29909.0, 29911.25)",29911.25,29926.25,RB2-000518,29918.25,29932.75,overlapping_active_same_direction_rb_tapped
3,1136,2026-07-15 04:51:00-04:00,bearish,"(29933.25, 29936.25, 29922.0, 29922.0)",29933.25,29936.25,RB2-000522,29934.75,29943.5,overlapping_active_same_direction_rb_tapped
3,1138,2026-07-15 04:57:00-04:00,bullish,"(29916.75, 29928.75, 29911.75, 29928.75)",29911.75,29916.75,RB2-000521,29902.25,29912.25,overlapping_active_same_direction_rb_tapped
3,1139,2026-07-15 05:00:00-04:00,bearish,"(29927.75, 29940.25, 29927.75, 29936.5)",29936.5,29940.25,RB2-000522,29934.75,29943.5,overlapping_active_same_direction_rb_tapped
3,1140,2026-07-15 05:03:00-04:00,bearish,"(29937.75, 29948.5, 29937.75, 29941.5)",29941.5,29948.5,RB2-000522,29934.75,29943.5,overlapping_active_same_direction_rb_tapped
3,1143,2026-07-15 05:12:00-04:00,bearish,"(29946.75, 29958.0, 29943.5, 29949.25)",29949.25,29958.0,RB2-000525,29950.75,29954.75,overlapping_active_same_direction_rb_tapped
3,1149,2026-07-15 05:30:00-04:00,bullish,"(29953.75, 29954.25, 29946.25, 29950.25)",29946.25,29950.25,RB2-000526,29943.25,29949.5,overlapping_active_same_direction_rb_tapped
3,1150,2026-07-15 05:33:00-04:00,bullish,"(29947.75, 29950.5, 29936.0, 29942.0)",29936.0,29942.0,RB2-000524,29940.75,29943.0,overlapping_active_same_direction_rb_tapped
3,1154,2026-07-15 05:45:00-04:00,bearish,"(29956.0, 29957.25, 29950.0, 29951.0)",29956.0,29957.25,RB2-000528,29956.75,29963.5,overlapping_active_same_direction_rb_tapped
3,1156,2026-07-15 05:51:00-04:00,bullish,"(29938.0, 29946.0, 29929.0, 29942.5)",29929.0,29938.0,RB2-000530,29928.25,29934.75,overlapping_active_same_direction_rb_tapped
3,1160,2026-07-15 06:03:00-04:00,bullish,"(29926.0, 29932.0, 29916.25, 29927.75)",29916.25,29926.0,RB2-000534,29914.25,29919.75,overlapping_active_same_direction_rb_tapped
3,1163,2026-07-15 06:12:00-04:00,bullish,"(29929.25, 29938.75, 29925.0, 29936.75)",29925.0,29929.25,RB2-000535,29922.25,29928.5,overlapping_active_same_direction_rb_tapped
3,1167,2026-07-15 06:24:00-04:00,bullish,"(29937.0, 29937.0, 29901.0, 29909.25)",29901.0,29909.25,RB2-000521,29902.25,29912.25,overlapping_active_same_direction_rb_tapped
3,1169,2026-07-15 06:30:00-04:00,bullish,"(29897.75, 29902.25, 29886.0, 29896.0)",29886.0,29896.0,RB2-000519,29885.25,29893.0,overlapping_active_same_direction_rb_tapped
3,1170,2026-07-15 06:33:00-04:00,bullish,"(29897.75, 29907.0, 29890.0, 29900.25)",29890.0,29897.75,RB2-000519,29885.25,29893.0,overlapping_active_same_direction_rb_tapped
3,1176,2026-07-15 06:51:00-04:00,bearish,"(29908.0, 29918.75, 29907.75, 29913.5)",29913.5,29918.75,RB2-000541,29918.75,29921.25,overlapping_active_same_direction_rb_tapped
3,1177,2026-07-15 06:54:00-04:00,bearish,"(29913.5, 29920.5, 29912.75, 29917.25)",29917.25,29920.5,RB2-000541,29918.75,29921.25,overlapping_active_same_direction_rb_tapped
3,1180,2026-07-15 07:03:00-04:00,bearish,"(29926.0, 29953.0, 29924.5, 29942.25)",29942.25,29953.0,RB2-000537,29942.25,29947.25,overlapping_active_same_direction_rb_tapped
3,1182,2026-07-15 07:09:00-04:00,bullish,"(29939.75, 29942.0, 29919.5, 29938.0)",29919.5,29938.0,RB2-000546,29921.0,29927.25,overlapping_active_same_direction_rb_tapped
3,1184,2026-07-15 07:15:00-04:00,bearish,"(29931.0, 29936.0, 29923.75, 29925.0)",29931.0,29936.0,RB2-000548,29934.75,29940.75,overlapping_active_same_direction_rb_tapped
3,1186,2026-07-15 07:21:00-04:00,bearish,"(29923.5, 29942.5, 29923.5, 29927.5)",29927.5,29942.5,RB2-000548,29934.75,29940.75,overlapping_active_same_direction_rb_tapped
3,1190,2026-07-15 07:33:00-04:00,bullish,"(29922.75, 29926.25, 29911.5, 29917.5)",29911.5,29917.5,RB2-000551,29915.25,29921.5,overlapping_active_same_direction_rb_tapped
3,1192,2026-07-15 07:39:00-04:00,bearish,"(29923.5, 29938.5, 29923.25, 29933.5)",29933.5,29938.5,RB2-000550,29933.5,29936.75,overlapping_active_same_direction_rb_tapped
3,1194,2026-07-15 07:45:00-04:00,bearish,"(29935.25, 29942.0, 29924.0, 29928.25)",29935.25,29942.0,RB2-000553,29934.5,29937.75,overlapping_active_same_direction_rb_tapped
3,1196,2026-07-15 07:51:00-04:00,bullish,"(29918.0, 29924.75, 29906.75, 29921.0)",29906.75,29918.0,RB2-000554,29911.25,29918.75,overlapping_active_same_direction_rb_tapped
3,1198,2026-07-15 07:57:00-04:00,bullish,"(29914.0, 29924.75, 29909.25, 29921.25)",29909.25,29914.0,RB2-000555,29904.5,29912.75,overlapping_active_same_direction_rb_tapped
3,1204,2026-07-15 08:15:00-04:00,bullish,"(29887.25, 29892.75, 29873.75, 29881.0)",29873.75,29881.0,RB2-000559,29876.5,29881.75,overlapping_active_same_direction_rb_tapped
3,1208,2026-07-15 08:27:00-04:00,bullish,"(29863.5, 29869.5, 29856.25, 29867.75)",29856.25,29863.5,RB2-000562,29856.5,29861.5,overlapping_active_same_direction_rb_tapped
3,1210,2026-07-15 08:33:00-04:00,bullish,"(29875.25, 29951.0, 29856.5, 29946.0)",29856.5,29875.25,RB2-000562,29856.5,29861.5,overlapping_active_same_direction_rb_tapped
3,1212,2026-07-15 08:39:00-04:00,bullish,"(29954.25, 29956.0, 29938.0, 29943.5)",29938.0,29943.5,RB2-000564,29928.25,29945.0,overlapping_active_same_direction_rb_tapped
3,1213,2026-07-15 08:42:00-04:00,bullish,"(29945.25, 29948.0, 29924.5, 29940.25)",29924.5,29940.25,RB2-000564,29928.25,29945.0,overlapping_active_same_direction_rb_tapped
3,1214,2026-07-15 08:45:00-04:00,bearish,"(29939.25, 29973.75, 29937.0, 29951.5)",29951.5,29973.75,RB2-000528,29956.75,29963.5,overlapping_active_same_direction_rb_tapped
3,1220,2026-07-15 09:03:00-04:00,bearish,"(29980.0, 29991.25, 29976.25, 29978.5)",29980.0,29991.25,RB2-000568,29991.0,29995.25,overlapping_active_same_direction_rb_tapped
3,1222,2026-07-15 09:09:00-04:00,bearish,"(29991.5, 29999.75, 29969.75, 29970.25)",29991.5,29999.75,RB2-000568,29991.0,29995.25,overlapping_active_same_direction_rb_tapped
3,1224,2026-07-15 09:15:00-04:00,bullish,"(29958.25, 29961.5, 29939.25, 29946.5)",29939.25,29946.5,RB2-000565,29941.75,29950.0,overlapping_active_same_direction_rb_tapped
3,1227,2026-07-15 09:24:00-04:00,bearish,"(29942.75, 29951.5, 29941.0, 29943.5)",29943.5,29951.5,RB2-000571,29951.5,29958.0,overlapping_active_same_direction_rb_tapped
3,1228,2026-07-15 09:27:00-04:00,bearish,"(29944.5, 29953.5, 29938.25, 29942.75)",29944.5,29953.5,RB2-000571,29951.5,29958.0,overlapping_active_same_direction_rb_tapped
3,1229,2026-07-15 09:30:00-04:00,bearish,"(29943.0, 29966.75, 29936.25, 29955.25)",29955.25,29966.75,RB2-000571,29951.5,29958.0,overlapping_active_same_direction_rb_tapped
3,1230,2026-07-15 09:33:00-04:00,bearish,"(29955.5, 29977.5, 29918.0, 29933.75)",29955.5,29977.5,RB2-000569,29970.75,29973.0,overlapping_active_same_direction_rb_tapped
3,1232,2026-07-15 09:39:00-04:00,bearish,"(29917.0, 29943.0, 29852.0, 29873.0)",29917.0,29943.0,RB2-000572,29933.25,29966.5,overlapping_active_same_direction_rb_tapped
3,1234,2026-07-15 09:45:00-04:00,bearish,"(29847.0, 29884.5, 29831.0, 29833.25)",29847.0,29884.5,RB2-000573,29874.0,29894.0,overlapping_active_same_direction_rb_tapped
3,1238,2026-07-15 09:57:00-04:00,bearish,"(29769.75, 29814.75, 29766.0, 29785.75)",29785.75,29814.75,RB2-000575,29772.0,29796.0,overlapping_active_same_direction_rb_tapped
3,1241,2026-07-15 10:06:00-04:00,bearish,"(29844.5, 29871.75, 29826.25, 29836.25)",29844.5,29871.75,RB2-000576,29845.0,29867.0,overlapping_active_same_direction_rb_tapped
3,1242,2026-07-15 10:09:00-04:00,bearish,"(29838.75, 29892.5, 29837.0, 29878.25)",29878.25,29892.5,RB2-000573,29874.0,29894.0,overlapping_active_same_direction_rb_tapped
3,1249,2026-07-15 10:30:00-04:00,bullish,"(29668.0, 29728.5, 29656.25, 29724.0)",29656.25,29668.0,RB2-000581,29639.25,29666.25,overlapping_active_same_direction_rb_tapped
3,1250,2026-07-15 10:33:00-04:00,bullish,"(29723.75, 29736.75, 29646.0, 29673.5)",29646.0,29673.5,RB2-000581,29639.25,29666.25,overlapping_active_same_direction_rb_tapped
3,1254,2026-07-15 10:45:00-04:00,bullish,"(29603.5, 29606.0, 29536.75, 29600.5)",29536.75,29600.5,RB2-000583,29584.0,29603.5,overlapping_active_same_direction_rb_tapped
3,1257,2026-07-15 10:54:00-04:00,bullish,"(29618.0, 29632.5, 29594.5, 29612.25)",29594.5,29612.25,RB2-000584,29562.5,29600.5,overlapping_active_same_direction_rb_tapped
3,1258,2026-07-15 10:57:00-04:00,bullish,"(29610.75, 29623.75, 29578.0, 29621.25)",29578.0,29610.75,RB2-000584,29562.5,29600.5,overlapping_active_same_direction_rb_tapped
3,1259,2026-07-15 11:00:00-04:00,bullish,"(29621.0, 29633.5, 29596.5, 29630.75)",29596.5,29621.0,RB2-000584,29562.5,29600.5,overlapping_active_same_direction_rb_tapped
3,1260,2026-07-15 11:03:00-04:00,bullish,"(29632.0, 29642.75, 29587.0, 29606.0)",29587.0,29606.0,RB2-000584,29562.5,29600.5,overlapping_active_same_direction_rb_tapped
3,1261,2026-07-15 11:06:00-04:00,bullish,"(29608.5, 29614.0, 29579.5, 29613.75)",29579.5,29608.5,RB2-000584,29562.5,29600.5,overlapping_active_same_direction_rb_tapped
3,1262,2026-07-15 11:09:00-04:00,bullish,"(29614.0, 29648.0, 29600.0, 29642.75)",29600.0,29614.0,RB2-000584,29562.5,29600.5,overlapping_active_same_direction_rb_tapped
3,1263,2026-07-15 11:12:00-04:00,bearish,"(29643.25, 29661.75, 29623.0, 29633.5)",29643.25,29661.75,RB2-000585,29617.5,29644.0,overlapping_active_same_direction_rb_tapped
3,1265,2026-07-15 11:18:00-04:00,bullish,"(29591.0, 29596.0, 29526.5, 29580.0)",29526.5,29580.0,RB2-000584,29562.5,29600.5,overlapping_active_same_direction_rb_tapped
3,1268,2026-07-15 11:27:00-04:00,bearish,"(29551.25, 29607.0, 29545.0, 29593.25)",29593.25,29607.0,RB2-000587,29597.25,29611.0,overlapping_active_same_direction_rb_tapped
3,1273,2026-07-15 11:42:00-04:00,bearish,"(29641.5, 29656.25, 29630.75, 29643.0)",29643.0,29656.25,RB2-000591,29640.75,29652.75,overlapping_active_same_direction_rb_tapped
3,1274,2026-07-15 11:45:00-04:00,bullish,"(29643.5, 29648.5, 29605.0, 29615.75)",29605.0,29615.75,RB2-000590,29586.25,29610.0,overlapping_active_same_direction_rb_tapped
3,1278,2026-07-15 11:57:00-04:00,bullish,"(29588.0, 29592.0, 29565.75, 29578.25)",29565.75,29578.25,RB2-000593,29560.0,29573.5,overlapping_active_same_direction_rb_tapped
3,1279,2026-07-15 12:00:00-04:00,bullish,"(29578.75, 29590.0, 29566.75, 29582.0)",29566.75,29578.75,RB2-000593,29560.0,29573.5,overlapping_active_same_direction_rb_tapped
3,1280,2026-07-15 12:03:00-04:00,bearish,"(29580.25, 29599.5, 29537.5, 29541.5)",29580.25,29599.5,RB2-000592,29585.5,29609.0,overlapping_active_same_direction_rb_tapped
3,1284,2026-07-15 12:15:00-04:00,bearish,"(29496.5, 29511.5, 29471.25, 29476.25)",29496.5,29511.5,RB2-000595,29497.0,29523.0,overlapping_active_same_direction_rb_tapped
3,1289,2026-07-15 12:30:00-04:00,bullish,"(29452.25, 29467.75, 29432.25, 29462.0)",29432.25,29452.25,RB2-000599,29431.25,29451.0,overlapping_active_same_direction_rb_tapped
3,1290,2026-07-15 12:33:00-04:00,bearish,"(29462.0, 29483.25, 29451.0, 29457.25)",29462.0,29483.25,RB2-000597,29482.0,29496.75,overlapping_active_same_direction_rb_tapped
3,1292,2026-07-15 12:39:00-04:00,bullish,"(29423.25, 29428.75, 29408.0, 29422.25)",29408.0,29422.25,RB2-000600,29413.0,29423.75,overlapping_active_same_direction_rb_tapped
3,1295,2026-07-15 12:48:00-04:00,bearish,"(29445.75, 29540.25, 29433.75, 29465.0)",29465.0,29540.25,RB2-000595,29497.0,29523.0,overlapping_active_same_direction_rb_tapped
3,1301,2026-07-15 13:06:00-04:00,bearish,"(29527.75, 29540.0, 29518.75, 29525.75)",29527.75,29540.0,RB2-000604,29528.0,29538.0,overlapping_active_same_direction_rb_tapped
3,1303,2026-07-15 13:12:00-04:00,bearish,"(29549.75, 29557.25, 29540.5, 29541.5)",29549.75,29557.25,RB2-000605,29550.0,29561.75,overlapping_active_same_direction_rb_tapped
3,1304,2026-07-15 13:15:00-04:00,bearish,"(29542.75, 29560.25, 29530.0, 29532.25)",29542.75,29560.25,RB2-000605,29550.0,29561.75,overlapping_active_same_direction_rb_tapped
3,1306,2026-07-15 13:21:00-04:00,bearish,"(29564.75, 29594.0, 29562.25, 29580.25)",29580.25,29594.0,RB2-000592,29585.5,29609.0,overlapping_active_same_direction_rb_tapped
3,1307,2026-07-15 13:24:00-04:00,bearish,"(29578.5, 29596.75, 29567.25, 29582.5)",29582.5,29596.75,RB2-000592,29585.5,29609.0,overlapping_active_same_direction_rb_tapped
3,1308,2026-07-15 13:27:00-04:00,bearish,"(29583.0, 29595.25, 29581.25, 29589.0)",29589.0,29595.25,RB2-000592,29585.5,29609.0,overlapping_active_same_direction_rb_tapped
3,1311,2026-07-15 13:36:00-04:00,bearish,"(29616.75, 29626.75, 29608.0, 29614.75)",29616.75,29626.75,RB2-000607,29615.5,29623.25,overlapping_active_same_direction_rb_tapped
3,1313,2026-07-15 13:42:00-04:00,bearish,"(29625.25, 29636.25, 29623.5, 29629.5)",29629.5,29636.25,RB2-000608,29625.0,29633.25,overlapping_active_same_direction_rb_tapped
3,1315,2026-07-15 13:48:00-04:00,bullish,"(29633.25, 29669.75, 29625.25, 29666.25)",29625.25,29633.25,RB2-000609,29620.0,29629.5,overlapping_active_same_direction_rb_tapped
3,1316,2026-07-15 13:51:00-04:00,bearish,"(29666.5, 29681.0, 29661.0, 29674.0)",29674.0,29681.0,RB2-000582,29678.25,29714.0,overlapping_active_same_direction_rb_tapped
3,1317,2026-07-15 13:54:00-04:00,bearish,"(29674.25, 29701.75, 29668.5, 29691.75)",29691.75,29701.75,RB2-000582,29678.25,29714.0,overlapping_active_same_direction_rb_tapped
3,1318,2026-07-15 13:57:00-04:00,bearish,"(29691.0, 29705.75, 29684.25, 29690.0)",29691.0,29705.75,RB2-000582,29678.25,29714.0,overlapping_active_same_direction_rb_tapped
3,1319,2026-07-15 14:00:00-04:00,bearish,"(29689.5, 29704.0, 29679.0, 29686.5)",29689.5,29704.0,RB2-000582,29678.25,29714.0,overlapping_active_same_direction_rb_tapped
3,1325,2026-07-15 14:18:00-04:00,bullish,"(29716.25, 29717.0, 29692.0, 29699.75)",29692.0,29699.75,RB2-000611,29696.5,29709.25,overlapping_active_same_direction_rb_tapped
3,1326,2026-07-15 14:21:00-04:00,bullish,"(29700.5, 29719.5, 29684.75, 29715.25)",29684.75,29700.5,RB2-000610,29681.75,29686.75,overlapping_active_same_direction_rb_tapped
3,1330,2026-07-15 14:33:00-04:00,bullish,"(29724.5, 29734.25, 29717.25, 29733.5)",29717.25,29724.5,RB2-000616,29718.75,29724.5,overlapping_active_same_direction_rb_tapped
3,1333,2026-07-15 14:42:00-04:00,bullish,"(29694.5, 29700.0, 29683.5, 29695.0)",29683.5,29694.5,RB2-000610,29681.75,29686.75,overlapping_active_same_direction_rb_tapped
3,1336,2026-07-15 14:51:00-04:00,bullish,"(29650.5, 29659.75, 29631.5, 29645.75)",29631.5,29645.75,RB2-000618,29634.5,29651.25,overlapping_active_same_direction_rb_tapped
3,1339,2026-07-15 15:00:00-04:00,bearish,"(29614.5, 29636.0, 29595.0, 29613.25)",29614.5,29636.0,RB2-000620,29614.5,29636.0,overlapping_active_same_direction_rb_tapped
3,1342,2026-07-15 15:09:00-04:00,bearish,"(29654.5, 29668.75, 29632.0, 29642.0)",29654.5,29668.75,RB2-000622,29654.25,29661.75,overlapping_active_same_direction_rb_tapped
3,1344,2026-07-15 15:15:00-04:00,bearish,"(29634.25, 29655.25, 29631.5, 29643.0)",29643.0,29655.25,RB2-000623,29642.0,29652.25,overlapping_active_same_direction_rb_tapped
3,1346,2026-07-15 15:21:00-04:00,bullish,"(29632.75, 29635.5, 29591.75, 29605.25)",29591.75,29605.25,RB2-000621,29604.75,29613.0,overlapping_active_same_direction_rb_tapped
3,1348,2026-07-15 15:27:00-04:00,bullish,"(29605.0, 29616.5, 29589.0, 29614.5)",29589.0,29605.0,RB2-000625,29591.25,29604.5,overlapping_active_same_direction_rb_tapped
3,1354,2026-07-15 15:45:00-04:00,bearish,"(29680.5, 29695.5, 29671.25, 29683.75)",29683.75,29695.5,RB2-000617,29695.0,29703.25,overlapping_active_same_direction_rb_tapped
3,1358,2026-07-15 15:57:00-04:00,bullish,"(29677.75, 29707.0, 29657.75, 29702.5)",29657.75,29677.75,RB2-000630,29660.5,29668.0,overlapping_active_same_direction_rb_tapped
3,1363,2026-07-15 16:12:00-04:00,bullish,"(29714.0, 29717.0, 29664.0, 29698.0)",29664.0,29698.0,RB2-000631,29686.0,29701.0,overlapping_active_same_direction_rb_tapped
3,1365,2026-07-15 16:18:00-04:00,bullish,"(29702.5, 29706.0, 29696.0, 29699.75)",29696.0,29699.75,RB2-000634,29691.0,29698.0,overlapping_active_same_direction_rb_tapped
3,1367,2026-07-15 16:24:00-04:00,bearish,"(29715.25, 29720.0, 29714.5, 29715.5)",29715.5,29720.0,RB2-000635,29715.5,29719.25,overlapping_active_same_direction_rb_tapped
3,1369,2026-07-15 16:30:00-04:00,bullish,"(29717.75, 29720.25, 29713.0, 29718.75)",29713.0,29717.75,RB2-000636,29710.5,29716.0,overlapping_active_same_direction_rb_tapped
3,1372,2026-07-15 16:39:00-04:00,bullish,"(29711.0, 29715.25, 29709.25, 29715.25)",29709.25,29711.0,RB2-000637,29700.0,29710.75,overlapping_active_same_direction_rb_tapped
3,1374,2026-07-15 16:45:00-04:00,bullish,"(29714.5, 29717.0, 29713.25, 29716.25)",29713.25,29714.5,RB2-000638,29711.5,29715.0,overlapping_active_same_direction_rb_tapped
3,1378,2026-07-15 16:57:00-04:00,bullish,"(29712.75, 29716.25, 29708.5, 29716.25)",29708.5,29712.75,RB2-000637,29700.0,29710.75,overlapping_active_same_direction_rb_tapped
3,1380,2026-07-15 18:03:00-04:00,bullish,"(29709.0, 29740.25, 29700.0, 29732.0)",29700.0,29709.0,RB2-000637,29700.0,29710.75,overlapping_active_same_direction_rb_tapped
3,1382,2026-07-15 18:09:00-04:00,bearish,"(29740.75, 29749.0, 29735.0, 29736.5)",29740.75,29749.0,RB2-000642,29740.5,29744.5,overlapping_active_same_direction_rb_tapped
3,1385,2026-07-15 18:18:00-04:00,bullish,"(29727.25, 29730.0, 29720.25, 29727.0)",29720.25,29727.0,RB2-000644,29724.75,29727.25,overlapping_active_same_direction_rb_tapped
3,1387,2026-07-15 18:24:00-04:00,bullish,"(29724.75, 29725.5, 29709.75, 29719.0)",29709.75,29719.0,RB2-000637,29700.0,29710.75,overlapping_active_same_direction_rb_tapped
3,1389,2026-07-15 18:30:00-04:00,bullish,"(29718.5, 29721.0, 29713.5, 29716.25)",29713.5,29716.25,RB2-000646,29712.5,29718.0,overlapping_active_same_direction_rb_tapped
3,1392,2026-07-15 18:39:00-04:00,bullish,"(29704.5, 29704.5, 29688.0, 29691.0)",29688.0,29691.0,RB2-000634,29691.0,29698.0,overlapping_active_same_direction_rb_tapped
3,1395,2026-07-15 18:48:00-04:00,bearish,"(29684.25, 29700.0, 29684.25, 29693.5)",29693.5,29700.0,RB2-000649,29690.25,29697.0,overlapping_active_same_direction_rb_tapped
3,1397,2026-07-15 18:54:00-04:00,bullish,"(29687.5, 29688.5, 29679.25, 29685.0)",29679.25,29685.0,RB2-000650,29680.75,29688.0,overlapping_active_same_direction_rb_tapped
3,1400,2026-07-15 19:03:00-04:00,bullish,"(29716.0, 29730.0, 29711.25, 29729.0)",29711.25,29716.0,RB2-000652,29709.75,29716.25,overlapping_active_same_direction_rb_tapped
3,1402,2026-07-15 19:09:00-04:00,bullish,"(29713.75, 29716.25, 29710.75, 29714.0)",29710.75,29713.75,RB2-000652,29709.75,29716.25,overlapping_active_same_direction_rb_tapped
3,1408,2026-07-15 19:27:00-04:00,bullish,"(29709.0, 29719.0, 29695.5, 29717.25)",29695.5,29709.0,RB2-000654,29697.5,29704.75,overlapping_active_same_direction_rb_tapped
3,1411,2026-07-15 19:36:00-04:00,bearish,"(29719.75, 29734.0, 29719.75, 29729.75)",29729.75,29734.0,RB2-000653,29728.25,29736.25,overlapping_active_same_direction_rb_tapped
3,1418,2026-07-15 19:57:00-04:00,bearish,"(29690.25, 29705.25, 29688.5, 29700.75)",29700.75,29705.25,RB2-000660,29697.25,29705.75,overlapping_active_same_direction_rb_tapped
3,1419,2026-07-15 20:00:00-04:00,bullish,"(29696.25, 29698.5, 29682.0, 29690.0)",29682.0,29690.0,RB2-000651,29677.0,29685.0,overlapping_active_same_direction_rb_tapped
3,1422,2026-07-15 20:09:00-04:00,bullish,"(29732.25, 29737.5, 29720.25, 29728.5)",29720.25,29728.5,RB2-000661,29722.0,29732.75,overlapping_active_same_direction_rb_tapped
3,1424,2026-07-15 20:15:00-04:00,bullish,"(29727.75, 29758.0, 29721.0, 29755.25)",29721.0,29727.75,RB2-000661,29722.0,29732.75,overlapping_active_same_direction_rb_tapped
3,1426,2026-07-15 20:21:00-04:00,bullish,"(29714.75, 29714.75, 29683.75, 29701.0)",29683.75,29701.0,RB2-000651,29677.0,29685.0,overlapping_active_same_direction_rb_tapped
3,1428,2026-07-15 20:27:00-04:00,bearish,"(29693.5, 29702.5, 29669.0, 29677.5)",29693.5,29702.5,RB2-000664,29700.25,29705.75,overlapping_active_same_direction_rb_tapped
3,1430,2026-07-15 20:33:00-04:00,bearish,"(29670.0, 29679.5, 29653.25, 29654.75)",29670.0,29679.5,RB2-000665,29676.75,29686.25,overlapping_active_same_direction_rb_tapped
3,1431,2026-07-15 20:36:00-04:00,bearish,"(29655.25, 29695.75, 29655.25, 29686.25)",29686.25,29695.75,RB2-000665,29676.75,29686.25,overlapping_active_same_direction_rb_tapped
3,1436,2026-07-15 20:51:00-04:00,bearish,"(29635.25, 29652.25, 29626.75, 29628.75)",29635.25,29652.25,RB2-000667,29633.5,29648.25,overlapping_active_same_direction_rb_tapped
3,1439,2026-07-15 21:00:00-04:00,bullish,"(29655.75, 29658.25, 29642.25, 29651.25)",29642.25,29651.25,RB2-000669,29636.0,29654.75,overlapping_active_same_direction_rb_tapped
3,1440,2026-07-15 21:03:00-04:00,bearish,"(29653.75, 29665.75, 29632.25, 29638.0)",29653.75,29665.75,RB2-000668,29665.0,29679.25,overlapping_active_same_direction_rb_tapped
3,1441,2026-07-15 21:06:00-04:00,bearish,"(29640.5, 29668.0, 29637.0, 29651.0)",29651.0,29668.0,RB2-000668,29665.0,29679.25,overlapping_active_same_direction_rb_tapped
3,1442,2026-07-15 21:09:00-04:00,bullish,"(29652.0, 29665.25, 29643.0, 29659.25)",29643.0,29652.0,RB2-000669,29636.0,29654.75,overlapping_active_same_direction_rb_tapped
3,1443,2026-07-15 21:12:00-04:00,bearish,"(29658.75, 29665.0, 29635.75, 29635.75)",29658.75,29665.0,RB2-000668,29665.0,29679.25,overlapping_active_same_direction_rb_tapped
3,1446,2026-07-15 21:21:00-04:00,bullish,"(29611.25, 29613.75, 29601.5, 29610.25)",29601.5,29610.25,RB2-000625,29591.25,29604.5,overlapping_active_same_direction_rb_tapped
3,1447,2026-07-15 21:24:00-04:00,bearish,"(29613.0, 29629.0, 29603.25, 29610.5)",29613.0,29629.0,RB2-000671,29625.5,29629.0,overlapping_active_same_direction_rb_tapped
3,1450,2026-07-15 21:33:00-04:00,bearish,"(29604.5, 29618.0, 29598.5, 29606.75)",29606.75,29618.0,RB2-000673,29614.0,29621.0,overlapping_active_same_direction_rb_tapped
3,1451,2026-07-15 21:36:00-04:00,bullish,"(29605.0, 29620.75, 29593.5, 29618.5)",29593.5,29605.0,RB2-000625,29591.25,29604.5,overlapping_active_same_direction_rb_tapped
3,1452,2026-07-15 21:39:00-04:00,bearish,"(29619.25, 29634.0, 29616.75, 29624.75)",29624.75,29634.0,RB2-000671,29625.5,29629.0,overlapping_active_same_direction_rb_tapped
3,1456,2026-07-15 21:51:00-04:00,bearish,"(29646.0, 29683.0, 29646.0, 29676.75)",29676.75,29683.0,RB2-000668,29665.0,29679.25,overlapping_active_same_direction_rb_tapped
3,1463,2026-07-15 22:12:00-04:00,bullish,"(29635.5, 29639.0, 29620.25, 29636.0)",29620.25,29635.5,RB2-000678,29620.0,29628.0,overlapping_active_same_direction_rb_tapped
3,1465,2026-07-15 22:18:00-04:00,bullish,"(29640.25, 29653.25, 29634.0, 29653.25)",29634.0,29640.25,RB2-000680,29629.5,29634.25,overlapping_active_same_direction_rb_tapped
3,1469,2026-07-15 22:30:00-04:00,bullish,"(29698.75, 29706.0, 29683.25, 29696.75)",29683.25,29696.75,RB2-000682,29685.5,29688.75,overlapping_active_same_direction_rb_tapped
3,1471,2026-07-15 22:36:00-04:00,bearish,"(29692.5, 29707.0, 29692.5, 29700.75)",29700.75,29707.0,RB2-000664,29700.25,29705.75,overlapping_active_same_direction_rb_tapped
3,1473,2026-07-15 22:42:00-04:00,bearish,"(29694.0, 29700.75, 29687.25, 29689.25)",29694.0,29700.75,RB2-000684,29700.75,29707.0,overlapping_active_same_direction_rb_tapped
3,1475,2026-07-15 22:48:00-04:00,bullish,"(29680.0, 29692.5, 29676.5, 29691.0)",29676.5,29680.0,RB2-000685,29670.0,29680.0,overlapping_active_same_direction_rb_tapped
3,1476,2026-07-15 22:51:00-04:00,bearish,"(29690.75, 29717.75, 29689.5, 29703.0)",29703.0,29717.75,RB2-000684,29700.75,29707.0,overlapping_active_same_direction_rb_tapped
3,1479,2026-07-15 23:00:00-04:00,bearish,"(29723.75, 29736.0, 29723.0, 29727.0)",29727.0,29736.0,RB2-000687,29722.75,29727.25,overlapping_active_same_direction_rb_tapped
3,1481,2026-07-15 23:06:00-04:00,bullish,"(29731.25, 29743.75, 29726.5, 29743.75)",29726.5,29731.25,RB2-000688,29721.25,29728.0,overlapping_active_same_direction_rb_tapped
3,1483,2026-07-15 23:12:00-04:00,bullish,"(29747.5, 29751.75, 29741.25, 29749.0)",29741.25,29747.5,RB2-000689,29736.5,29743.75,overlapping_active_same_direction_rb_tapped
3,1484,2026-07-15 23:15:00-04:00,bullish,"(29748.75, 29751.75, 29743.25, 29748.75)",29743.25,29748.75,RB2-000689,29736.5,29743.75,overlapping_active_same_direction_rb_tapped
3,1489,2026-07-15 23:30:00-04:00,bullish,"(29715.75, 29720.0, 29710.5, 29716.5)",29710.5,29715.75,RB2-000691,29711.75,29719.25,overlapping_active_same_direction_rb_tapped
3,1493,2026-07-15 23:42:00-04:00,bullish,"(29726.5, 29734.75, 29720.0, 29728.75)",29720.0,29726.5,RB2-000694,29723.75,29728.0,overlapping_active_same_direction_rb_tapped
3,1494,2026-07-15 23:45:00-04:00,bullish,"(29726.75, 29726.75, 29716.75, 29719.5)",29716.75,29719.5,RB2-000691,29711.75,29719.25,overlapping_active_same_direction_rb_tapped
3,1495,2026-07-15 23:48:00-04:00,bullish,"(29720.75, 29723.25, 29701.75, 29717.25)",29701.75,29717.25,RB2-000686,29700.0,29703.0,overlapping_active_same_direction_rb_tapped
3,1497,2026-07-15 23:54:00-04:00,bullish,"(29724.75, 29727.25, 29716.25, 29720.0)",29716.25,29720.0,RB2-000695,29707.0,29717.5,overlapping_active_same_direction_rb_tapped
3,1500,2026-07-16 00:03:00-04:00,bearish,"(29744.25, 29750.0, 29739.0, 29743.0)",29744.25,29750.0,RB2-000692,29733.5,29745.25,overlapping_active_same_direction_rb_tapped
3,1503,2026-07-16 00:12:00-04:00,bullish,"(29726.75, 29744.0, 29722.25, 29741.0)",29722.25,29726.75,RB2-000696,29725.5,29730.0,overlapping_active_same_direction_rb_tapped
3,1507,2026-07-16 00:24:00-04:00,bullish,"(29728.5, 29729.75, 29710.0, 29715.25)",29710.0,29715.25,RB2-000695,29707.0,29717.5,overlapping_active_same_direction_rb_tapped
3,1509,2026-07-16 00:30:00-04:00,bearish,"(29716.25, 29722.0, 29710.5, 29716.0)",29716.25,29722.0,RB2-000700,29718.5,29724.5,overlapping_active_same_direction_rb_tapped
3,1510,2026-07-16 00:33:00-04:00,bearish,"(29715.0, 29721.25, 29712.0, 29716.75)",29716.75,29721.25,RB2-000700,29718.5,29724.5,overlapping_active_same_direction_rb_tapped
3,1512,2026-07-16 00:39:00-04:00,bullish,"(29710.5, 29711.75, 29702.0, 29705.5)",29702.0,29705.5,RB2-000686,29700.0,29703.0,overlapping_active_same_direction_rb_tapped
3,1513,2026-07-16 00:42:00-04:00,bullish,"(29705.5, 29710.75, 29691.25, 29708.0)",29691.25,29705.5,RB2-000686,29700.0,29703.0,overlapping_active_same_direction_rb_tapped
3,1514,2026-07-16 00:45:00-04:00,bearish,"(29708.0, 29713.0, 29702.0, 29706.5)",29708.0,29713.0,RB2-000701,29712.25,29717.0,overlapping_active_same_direction_rb_tapped
3,1518,2026-07-16 00:57:00-04:00,bearish,"(29710.25, 29717.0, 29705.5, 29710.0)",29710.25,29717.0,RB2-000701,29712.25,29717.0,overlapping_active_same_direction_rb_tapped
3,1519,2026-07-16 01:00:00-04:00,bearish,"(29709.25, 29715.0, 29703.0, 29708.0)",29709.25,29715.0,RB2-000701,29712.25,29717.0,overlapping_active_same_direction_rb_tapped
3,1520,2026-07-16 01:03:00-04:00,bearish,"(29709.0, 29722.5, 29708.5, 29719.0)",29719.0,29722.5,RB2-000700,29718.5,29724.5,overlapping_active_same_direction_rb_tapped
3,1521,2026-07-16 01:06:00-04:00,bearish,"(29718.0, 29725.75, 29716.25, 29717.75)",29718.0,29725.75,RB2-000700,29718.5,29724.5,overlapping_active_same_direction_rb_tapped
3,1523,2026-07-16 01:12:00-04:00,bullish,"(29714.5, 29730.75, 29697.0, 29730.25)",29697.0,29714.5,RB2-000704,29702.0,29706.5,overlapping_active_same_direction_rb_tapped
3,1525,2026-07-16 01:18:00-04:00,bearish,"(29747.75, 29767.0, 29742.0, 29743.75)",29747.75,29767.0,RB2-000663,29753.0,29763.25,overlapping_active_same_direction_rb_tapped
3,1529,2026-07-16 01:30:00-04:00,bullish,"(29770.75, 29771.0, 29758.0, 29765.75)",29758.0,29765.75,RB2-000707,29761.5,29769.25,overlapping_active_same_direction_rb_tapped
3,1533,2026-07-16 01:42:00-04:00,bullish,"(29695.75, 29699.25, 29666.5, 29697.75)",29666.5,29695.75,RB2-000685,29670.0,29680.0,overlapping_active_same_direction_rb_tapped
3,1534,2026-07-16 01:45:00-04:00,bearish,"(29699.75, 29715.25, 29693.0, 29702.5)",29702.5,29715.25,RB2-000709,29693.5,29703.25,overlapping_active_same_direction_rb_tapped
3,1538,2026-07-16 01:57:00-04:00,bearish,"(29684.25, 29706.5, 29678.5, 29697.5)",29697.5,29706.5,RB2-000710,29704.5,29711.0,overlapping_active_same_direction_rb_tapped
3,1540,2026-07-16 02:03:00-04:00,bearish,"(29687.75, 29729.75, 29685.0, 29710.25)",29710.25,29729.75,RB2-000710,29704.5,29711.0,overlapping_active_same_direction_rb_tapped
3,1545,2026-07-16 02:18:00-04:00,bearish,"(29729.25, 29749.75, 29723.25, 29737.25)",29737.25,29749.75,RB2-000716,29708.5,29739.25,overlapping_active_same_direction_rb_tapped
3,1551,2026-07-16 02:36:00-04:00,bullish,"(29686.75, 29687.5, 29657.0, 29662.0)",29657.0,29662.0,RB2-000715,29646.5,29674.0,overlapping_active_same_direction_rb_tapped
3,1552,2026-07-16 02:39:00-04:00,bullish,"(29659.5, 29666.75, 29641.25, 29666.75)",29641.25,29659.5,RB2-000715,29646.5,29674.0,overlapping_active_same_direction_rb_tapped
3,1554,2026-07-16 02:45:00-04:00,bearish,"(29672.75, 29680.0, 29671.5, 29673.5)",29673.5,29680.0,RB2-000721,29671.25,29684.5,overlapping_active_same_direction_rb_tapped
3,1555,2026-07-16 02:48:00-04:00,bullish,"(29672.25, 29672.25, 29657.0, 29668.75)",29657.0,29668.75,RB2-000715,29646.5,29674.0,overlapping_active_same_direction_rb_tapped
3,1556,2026-07-16 02:51:00-04:00,bullish,"(29670.75, 29684.0, 29666.0, 29682.75)",29666.0,29670.75,RB2-000715,29646.5,29674.0,overlapping_active_same_direction_rb_tapped
3,1558,2026-07-16 02:57:00-04:00,bearish,"(29670.75, 29694.0, 29666.25, 29689.25)",29689.25,29694.0,RB2-000720,29686.25,29697.25,overlapping_active_same_direction_rb_tapped
3,1559,2026-07-16 03:00:00-04:00,bearish,"(29688.5, 29692.25, 29681.25, 29683.75)",29688.5,29692.25,RB2-000720,29686.25,29697.25,overlapping_active_same_direction_rb_tapped
3,1562,2026-07-16 03:09:00-04:00,bearish,"(29649.75, 29658.25, 29643.5, 29647.75)",29649.75,29658.25,RB2-000722,29649.25,29664.25,overlapping_active_same_direction_rb_tapped
3,1563,2026-07-16 03:12:00-04:00,bearish,"(29647.5, 29654.25, 29639.25, 29642.0)",29647.5,29654.25,RB2-000722,29649.25,29664.25,overlapping_active_same_direction_rb_tapped
3,1565,2026-07-16 03:18:00-04:00,bullish,"(29622.25, 29633.75, 29611.75, 29627.5)",29611.75,29622.25,RB2-000675,29608.25,29615.25,overlapping_active_same_direction_rb_tapped
3,1567,2026-07-16 03:24:00-04:00,bearish,"(29640.0, 29649.5, 29634.0, 29638.5)",29640.0,29649.5,RB2-000722,29649.25,29664.25,overlapping_active_same_direction_rb_tapped
3,1569,2026-07-16 03:30:00-04:00,bullish,"(29628.25, 29628.25, 29615.0, 29622.5)",29615.0,29622.5,RB2-000675,29608.25,29615.25,overlapping_active_same_direction_rb_tapped
3,1576,2026-07-16 03:51:00-04:00,bearish,"(29564.75, 29583.75, 29561.25, 29572.0)",29572.0,29583.75,RB2-000727,29580.75,29586.75,overlapping_active_same_direction_rb_tapped
3,1577,2026-07-16 03:54:00-04:00,bullish,"(29570.75, 29576.75, 29555.0, 29570.0)",29555.0,29570.0,RB2-000728,29556.0,29560.0,overlapping_active_same_direction_rb_tapped
3,1580,2026-07-16 04:03:00-04:00,bullish,"(29563.5, 29572.75, 29542.5, 29555.75)",29542.5,29555.75,RB2-000729,29548.5,29555.5,overlapping_active_same_direction_rb_tapped
3,1587,2026-07-16 04:24:00-04:00,bearish,"(29521.0, 29561.75, 29520.0, 29539.5)",29539.5,29561.75,RB2-000732,29544.0,29549.75,overlapping_active_same_direction_rb_tapped
3,1589,2026-07-16 04:30:00-04:00,bullish,"(29534.75, 29538.5, 29520.25, 29538.5)",29520.25,29534.75,RB2-000735,29506.75,29521.25,overlapping_active_same_direction_rb_tapped
3,1596,2026-07-16 04:51:00-04:00,bearish,"(29585.25, 29594.0, 29580.0, 29582.5)",29585.25,29594.0,RB2-000727,29580.75,29586.75,overlapping_active_same_direction_rb_tapped
3,1598,2026-07-16 04:57:00-04:00,bearish,"(29583.0, 29590.5, 29582.25, 29584.75)",29584.75,29590.5,RB2-000741,29583.75,29589.75,overlapping_active_same_direction_rb_tapped
3,1601,2026-07-16 05:06:00-04:00,bearish,"(29616.0, 29624.0, 29609.25, 29611.25)",29616.0,29624.0,RB2-000724,29623.5,29629.25,overlapping_active_same_direction_rb_tapped
3,1605,2026-07-16 05:18:00-04:00,bearish,"(29626.25, 29645.25, 29626.25, 29634.5)",29634.5,29645.25,RB2-000745,29629.5,29635.0,overlapping_active_same_direction_rb_tapped
3,1610,2026-07-16 05:33:00-04:00,bearish,"(29614.75, 29631.0, 29610.0, 29621.0)",29621.0,29631.0,RB2-000746,29630.0,29638.75,overlapping_active_same_direction_rb_tapped
3,1617,2026-07-16 05:54:00-04:00,bearish,"(29565.0, 29571.5, 29557.75, 29560.75)",29565.0,29571.5,RB2-000751,29565.25,29574.0,overlapping_active_same_direction_rb_tapped
3,1618,2026-07-16 05:57:00-04:00,bearish,"(29560.25, 29582.25, 29550.0, 29550.0)",29560.25,29582.25,RB2-000751,29565.25,29574.0,overlapping_active_same_direction_rb_tapped
3,1627,2026-07-16 06:24:00-04:00,bullish,"(29534.25, 29534.25, 29515.0, 29519.25)",29515.0,29519.25,RB2-000735,29506.75,29521.25,overlapping_active_same_direction_rb_tapped
3,1628,2026-07-16 06:27:00-04:00,bullish,"(29519.25, 29525.75, 29512.25, 29522.0)",29512.25,29519.25,RB2-000735,29506.75,29521.25,overlapping_active_same_direction_rb_tapped
3,1629,2026-07-16 06:30:00-04:00,bullish,"(29524.5, 29539.75, 29518.5, 29537.5)",29518.5,29524.5,RB2-000735,29506.75,29521.25,overlapping_active_same_direction_rb_tapped
3,1631,2026-07-16 06:36:00-04:00,bearish,"(29547.5, 29555.75, 29538.0, 29538.0)",29547.5,29555.75,RB2-000757,29548.75,29551.25,overlapping_active_same_direction_rb_tapped
3,1633,2026-07-16 06:42:00-04:00,bullish,"(29528.25, 29530.75, 29507.75, 29521.75)",29507.75,29521.75,RB2-000735,29506.75,29521.25,overlapping_active_same_direction_rb_tapped
3,1635,2026-07-16 06:48:00-04:00,bearish,"(29521.25, 29531.75, 29505.75, 29509.25)",29521.25,29531.75,RB2-000759,29522.5,29529.75,overlapping_active_same_direction_rb_tapped
3,1636,2026-07-16 06:51:00-04:00,bullish,"(29511.75, 29515.5, 29502.5, 29506.75)",29502.5,29506.75,RB2-000735,29506.75,29521.25,overlapping_active_same_direction_rb_tapped
3,1638,2026-07-16 06:57:00-04:00,bearish,"(29518.0, 29524.5, 29515.25, 29519.25)",29519.25,29524.5,RB2-000760,29519.0,29522.5,overlapping_active_same_direction_rb_tapped
3,1640,2026-07-16 07:03:00-04:00,bullish,"(29528.75, 29532.0, 29470.5, 29491.25)",29470.5,29491.25,RB2-000734,29478.75,29493.75,overlapping_active_same_direction_rb_tapped
3,1643,2026-07-16 07:12:00-04:00,bullish,"(29477.5, 29485.0, 29459.75, 29479.5)",29459.75,29477.5,RB2-000762,29474.5,29482.5,overlapping_active_same_direction_rb_tapped
3,1646,2026-07-16 07:21:00-04:00,bullish,"(29467.25, 29468.25, 29449.25, 29459.25)",29449.25,29459.25,RB2-000765,29446.25,29468.25,overlapping_active_same_direction_rb_tapped
3,1649,2026-07-16 07:30:00-04:00,bearish,"(29491.5, 29502.0, 29466.0, 29472.0)",29491.5,29502.0,RB2-000766,29492.0,29499.0,overlapping_active_same_direction_rb_tapped
3,1650,2026-07-16 07:33:00-04:00,bullish,"(29472.75, 29472.75, 29436.5, 29447.0)",29436.5,29447.0,RB2-000765,29446.25,29468.25,overlapping_active_same_direction_rb_tapped
3,1652,2026-07-16 07:39:00-04:00,bearish,"(29460.0, 29471.0, 29436.5, 29440.5)",29460.0,29471.0,RB2-000767,29458.25,29463.5,overlapping_active_same_direction_rb_tapped
3,1654,2026-07-16 07:45:00-04:00,bearish,"(29449.25, 29462.0, 29428.0, 29439.5)",29449.25,29462.0,RB2-000768,29449.5,29454.25,overlapping_active_same_direction_rb_tapped
3,1658,2026-07-16 07:57:00-04:00,bullish,"(29425.0, 29430.25, 29410.5, 29425.5)",29410.5,29425.0,RB2-000770,29361.0,29418.75,overlapping_active_same_direction_rb_tapped
3,1659,2026-07-16 08:00:00-04:00,bearish,"(29427.5, 29453.25, 29427.0, 29446.75)",29446.75,29453.25,RB2-000769,29442.0,29456.0,overlapping_active_same_direction_rb_tapped
3,1660,2026-07-16 08:03:00-04:00,bearish,"(29445.75, 29457.25, 29441.75, 29447.75)",29447.75,29457.25,RB2-000769,29442.0,29456.0,overlapping_active_same_direction_rb_tapped
3,1663,2026-07-16 08:12:00-04:00,bullish,"(29410.25, 29414.25, 29397.25, 29406.75)",29397.25,29406.75,RB2-000770,29361.0,29418.75,overlapping_active_same_direction_rb_tapped
3,1664,2026-07-16 08:15:00-04:00,bullish,"(29407.5, 29424.0, 29400.75, 29423.5)",29400.75,29407.5,RB2-000770,29361.0,29418.75,overlapping_active_same_direction_rb_tapped
3,1665,2026-07-16 08:18:00-04:00,bullish,"(29422.25, 29431.5, 29412.75, 29430.75)",29412.75,29422.25,RB2-000770,29361.0,29418.75,overlapping_active_same_direction_rb_tapped
3,1667,2026-07-16 08:24:00-04:00,bullish,"(29432.5, 29440.25, 29391.0, 29405.0)",29391.0,29405.0,RB2-000770,29361.0,29418.75,overlapping_active_same_direction_rb_tapped
3,1668,2026-07-16 08:27:00-04:00,bullish,"(29403.25, 29403.75, 29378.0, 29392.75)",29378.0,29392.75,RB2-000770,29361.0,29418.75,overlapping_active_same_direction_rb_tapped
3,1670,2026-07-16 08:33:00-04:00,bearish,"(29407.75, 29427.75, 29386.5, 29394.5)",29407.75,29427.75,RB2-000773,29408.0,29411.75,overlapping_active_same_direction_rb_tapped
3,1672,2026-07-16 08:39:00-04:00,bullish,"(29412.25, 29413.5, 29365.5, 29382.0)",29365.5,29382.0,RB2-000770,29361.0,29418.75,overlapping_active_same_direction_rb_tapped
3,1674,2026-07-16 08:45:00-04:00,bearish,"(29373.5, 29385.0, 29368.75, 29375.0)",29375.0,29385.0,RB2-000775,29382.0,29390.25,overlapping_active_same_direction_rb_tapped
3,1675,2026-07-16 08:48:00-04:00,bullish,"(29374.75, 29401.0, 29363.5, 29396.0)",29363.5,29374.75,RB2-000770,29361.0,29418.75,overlapping_active_same_direction_rb_tapped
3,1676,2026-07-16 08:51:00-04:00,bullish,"(29395.0, 29398.0, 29382.75, 29395.0)",29382.75,29395.0,RB2-000770,29361.0,29418.75,overlapping_active_same_direction_rb_tapped
3,1677,2026-07-16 08:54:00-04:00,bullish,"(29393.75, 29412.5, 29383.25, 29410.25)",29383.25,29393.75,RB2-000770,29361.0,29418.75,overlapping_active_same_direction_rb_tapped
3,1678,2026-07-16 08:57:00-04:00,bullish,"(29411.5, 29415.0, 29391.5, 29399.25)",29391.5,29399.25,RB2-000770,29361.0,29418.75,overlapping_active_same_direction_rb_tapped
3,1680,2026-07-16 09:03:00-04:00,bearish,"(29393.25, 29437.0, 29387.75, 29409.5)",29409.5,29437.0,RB2-000772,29432.5,29439.75,overlapping_active_same_direction_rb_tapped
3,1681,2026-07-16 09:06:00-04:00,bullish,"(29409.75, 29431.0, 29404.5, 29429.75)",29404.5,29409.75,RB2-000770,29361.0,29418.75,overlapping_active_same_direction_rb_tapped
3,1684,2026-07-16 09:15:00-04:00,bearish,"(29445.25, 29457.25, 29443.5, 29452.0)",29452.0,29457.25,RB2-000769,29442.0,29456.0,overlapping_active_same_direction_rb_tapped
3,1689,2026-07-16 09:30:00-04:00,bullish,"(29463.0, 29472.0, 29447.5, 29465.75)",29447.5,29463.0,RB2-000779,29441.75,29451.5,overlapping_active_same_direction_rb_tapped
3,1690,2026-07-16 09:33:00-04:00,bearish,"(29466.0, 29532.0, 29460.25, 29485.5)",29485.5,29532.0,RB2-000761,29531.0,29537.75,overlapping_active_same_direction_rb_tapped
3,1691,2026-07-16 09:36:00-04:00,bullish,"(29485.0, 29501.25, 29399.75, 29417.25)",29399.75,29417.25,RB2-000770,29361.0,29418.75,overlapping_active_same_direction_rb_tapped
3,1693,2026-07-16 09:42:00-04:00,bearish,"(29407.25, 29434.5, 29346.75, 29350.5)",29407.25,29434.5,RB2-000782,29418.75,29471.0,overlapping_active_same_direction_rb_tapped
3,1697,2026-07-16 09:54:00-04:00,bearish,"(29296.25, 29353.75, 29285.0, 29311.25)",29311.25,29353.75,RB2-000783,29351.0,29375.0,overlapping_active_same_direction_rb_tapped
3,1698,2026-07-16 09:57:00-04:00,bullish,"(29313.25, 29347.25, 29255.5, 29337.5)",29255.5,29313.25,RB2-000785,29264.25,29294.25,overlapping_active_same_direction_rb_tapped
3,1700,2026-07-16 10:03:00-04:00,bullish,"(29346.5, 29417.75, 29315.25, 29393.5)",29315.25,29346.5,RB2-000786,29296.5,29337.0,overlapping_active_same_direction_rb_tapped
3,1703,2026-07-16 10:12:00-04:00,bearish,"(29473.0, 29495.75, 29450.75, 29459.0)",29473.0,29495.75,RB2-000788,29471.75,29482.0,overlapping_active_same_direction_rb_tapped
3,1705,2026-07-16 10:18:00-04:00,bearish,"(29467.5, 29501.0, 29461.75, 29470.0)",29470.0,29501.0,RB2-000789,29468.5,29489.5,overlapping_active_same_direction_rb_tapped
3,1708,2026-07-16 10:27:00-04:00,bullish,"(29427.5, 29458.0, 29406.0, 29443.25)",29406.0,29427.5,RB2-000791,29397.75,29426.75,overlapping_active_same_direction_rb_tapped
3,1710,2026-07-16 10:33:00-04:00,bullish,"(29483.25, 29485.5, 29440.0, 29477.25)",29440.0,29477.25,RB2-000792,29432.75,29444.0,overlapping_active_same_direction_rb_tapped
3,1712,2026-07-16 10:39:00-04:00,bearish,"(29480.25, 29513.5, 29465.75, 29473.0)",29480.25,29513.5,RB2-000790,29469.5,29489.75,overlapping_active_same_direction_rb_tapped
3,1713,2026-07-16 10:42:00-04:00,bullish,"(29473.0, 29473.25, 29426.5, 29442.0)",29426.5,29442.0,RB2-000791,29397.75,29426.75,overlapping_active_same_direction_rb_tapped
3,1715,2026-07-16 10:48:00-04:00,bearish,"(29464.5, 29479.0, 29447.0, 29451.25)",29464.5,29479.0,RB2-000794,29464.5,29470.5,overlapping_active_same_direction_rb_tapped
3,1718,2026-07-16 10:57:00-04:00,bullish,"(29388.5, 29398.0, 29362.0, 29393.25)",29362.0,29388.5,RB2-000787,29380.0,29394.5,overlapping_active_same_direction_rb_tapped
3,1724,2026-07-16 11:15:00-04:00,bullish,"(29377.0, 29379.5, 29336.0, 29358.5)",29336.0,29358.5,RB2-000786,29296.5,29337.0,overlapping_active_same_direction_rb_tapped
3,1725,2026-07-16 11:18:00-04:00,bullish,"(29359.0, 29375.5, 29336.75, 29363.75)",29336.75,29359.0,RB2-000786,29296.5,29337.0,overlapping_active_same_direction_rb_tapped
3,1726,2026-07-16 11:21:00-04:00,bearish,"(29364.0, 29392.25, 29362.75, 29371.0)",29371.0,29392.25,RB2-000799,29376.5,29401.75,overlapping_active_same_direction_rb_tapped
3,1730,2026-07-16 11:33:00-04:00,bullish,"(29406.5, 29438.25, 29370.0, 29424.0)",29370.0,29406.5,RB2-000800,29348.5,29370.25,overlapping_active_same_direction_rb_tapped
3,1732,2026-07-16 11:39:00-04:00,bullish,"(29430.5, 29447.5, 29412.75, 29441.5)",29412.75,29430.5,RB2-000802,29408.75,29424.5,overlapping_active_same_direction_rb_tapped
3,1733,2026-07-16 11:42:00-04:00,bearish,"(29441.0, 29468.0, 29390.0, 29390.75)",29441.0,29468.0,RB2-000795,29451.5,29464.5,overlapping_active_same_direction_rb_tapped
3,1735,2026-07-16 11:48:00-04:00,bullish,"(29397.5, 29397.5, 29356.0, 29366.25)",29356.0,29366.25,RB2-000800,29348.5,29370.25,overlapping_active_same_direction_rb_tapped
3,1736,2026-07-16 11:51:00-04:00,bullish,"(29366.5, 29416.75, 29354.5, 29414.5)",29354.5,29366.5,RB2-000800,29348.5,29370.25,overlapping_active_same_direction_rb_tapped
3,1742,2026-07-16 12:09:00-04:00,bearish,"(29320.0, 29355.5, 29316.25, 29340.5)",29340.5,29355.5,RB2-000807,29355.25,29374.0,overlapping_active_same_direction_rb_tapped
3,1746,2026-07-16 12:21:00-04:00,bearish,"(29287.5, 29313.75, 29268.0, 29273.0)",29287.5,29313.75,RB2-000809,29293.5,29303.5,overlapping_active_same_direction_rb_tapped
3,1748,2026-07-16 12:27:00-04:00,bearish,"(29273.0, 29303.0, 29266.25, 29285.75)",29285.75,29303.0,RB2-000810,29273.75,29292.75,overlapping_active_same_direction_rb_tapped
3,1753,2026-07-16 12:42:00-04:00,bearish,"(29305.0, 29323.75, 29286.25, 29304.75)",29305.0,29323.75,RB2-000813,29306.75,29321.5,overlapping_active_same_direction_rb_tapped
3,1755,2026-07-16 12:48:00-04:00,bearish,"(29294.75, 29307.0, 29270.75, 29277.5)",29294.75,29307.0,RB2-000813,29306.75,29321.5,overlapping_active_same_direction_rb_tapped
3,1757,2026-07-16 12:54:00-04:00,bearish,"(29300.25, 29321.5, 29300.0, 29317.5)",29317.5,29321.5,RB2-000813,29306.75,29321.5,overlapping_active_same_direction_rb_tapped
3,1758,2026-07-16 12:57:00-04:00,bearish,"(29317.75, 29352.5, 29312.5, 29341.0)",29341.0,29352.5,RB2-000808,29340.25,29352.25,overlapping_active_same_direction_rb_tapped
3,1766,2026-07-16 13:21:00-04:00,bearish,"(29281.0, 29306.25, 29280.5, 29289.75)",29289.75,29306.25,RB2-000820,29288.5,29310.5,overlapping_active_same_direction_rb_tapped
3,1768,2026-07-16 13:27:00-04:00,bullish,"(29284.0, 29310.0, 29275.0, 29301.5)",29275.0,29284.0,RB2-000821,29278.5,29284.25,overlapping_active_same_direction_rb_tapped
3,1769,2026-07-16 13:30:00-04:00,bearish,"(29301.25, 29343.0, 29296.25, 29333.0)",29333.0,29343.0,RB2-000808,29340.25,29352.25,overlapping_active_same_direction_rb_tapped
3,1770,2026-07-16 13:33:00-04:00,bearish,"(29334.0, 29345.0, 29315.75, 29320.0)",29334.0,29345.0,RB2-000808,29340.25,29352.25,overlapping_active_same_direction_rb_tapped
3,1775,2026-07-16 13:48:00-04:00,bullish,"(29244.25, 29255.75, 29219.0, 29247.75)",29219.0,29244.25,RB2-000823,29230.0,29243.5,overlapping_active_same_direction_rb_tapped
3,1778,2026-07-16 13:57:00-04:00,bullish,"(29262.75, 29268.0, 29224.0, 29236.75)",29224.0,29236.75,RB2-000825,29235.0,29257.5,overlapping_active_same_direction_rb_tapped
3,1780,2026-07-16 14:03:00-04:00,bearish,"(29244.25, 29260.5, 29233.0, 29243.25)",29244.25,29260.5,RB2-000824,29257.0,29268.0,overlapping_active_same_direction_rb_tapped
3,1782,2026-07-16 14:09:00-04:00,bearish,"(29235.0, 29250.0, 29223.5, 29236.0)",29236.0,29250.0,RB2-000827,29242.25,29251.25,overlapping_active_same_direction_rb_tapped
3,1783,2026-07-16 14:12:00-04:00,bearish,"(29235.25, 29279.5, 29224.75, 29264.75)",29264.75,29279.5,RB2-000824,29257.0,29268.0,overlapping_active_same_direction_rb_tapped
3,1787,2026-07-16 14:24:00-04:00,bearish,"(29281.0, 29304.0, 29273.0, 29287.0)",29287.0,29304.0,RB2-000822,29284.25,29297.25,overlapping_active_same_direction_rb_tapped
3,1788,2026-07-16 14:27:00-04:00,bullish,"(29285.5, 29299.75, 29266.5, 29293.5)",29266.5,29285.5,RB2-000830,29258.0,29269.5,overlapping_active_same_direction_rb_tapped
3,1789,2026-07-16 14:30:00-04:00,bullish,"(29295.0, 29303.25, 29257.0, 29269.75)",29257.0,29269.75,RB2-000830,29258.0,29269.5,overlapping_active_same_direction_rb_tapped
3,1792,2026-07-16 14:39:00-04:00,bullish,"(29237.75, 29241.75, 29221.75, 29239.25)",29221.75,29237.75,RB2-000829,29217.25,29232.75,overlapping_active_same_direction_rb_tapped
3,1794,2026-07-16 14:45:00-04:00,bearish,"(29215.25, 29249.5, 29206.5, 29237.75)",29237.75,29249.5,RB2-000832,29248.0,29257.75,overlapping_active_same_direction_rb_tapped
3,1796,2026-07-16 14:51:00-04:00,bearish,"(29236.25, 29253.25, 29234.75, 29249.25)",29249.25,29253.25,RB2-000832,29248.0,29257.75,overlapping_active_same_direction_rb_tapped
3,1798,2026-07-16 14:57:00-04:00,bullish,"(29218.75, 29220.75, 29202.0, 29214.0)",29202.0,29214.0,RB2-000833,29198.5,29214.75,overlapping_active_same_direction_rb_tapped
3,1799,2026-07-16 15:00:00-04:00,bullish,"(29214.5, 29223.5, 29200.25, 29210.5)",29200.25,29210.5,RB2-000833,29198.5,29214.75,overlapping_active_same_direction_rb_tapped
3,1800,2026-07-16 15:03:00-04:00,bullish,"(29210.0, 29242.0, 29202.75, 29235.0)",29202.75,29210.0,RB2-000833,29198.5,29214.75,overlapping_active_same_direction_rb_tapped
3,1803,2026-07-16 15:12:00-04:00,bullish,"(29189.75, 29197.25, 29178.0, 29188.25)",29178.0,29188.25,RB2-000836,29176.25,29189.5,overlapping_active_same_direction_rb_tapped
3,1804,2026-07-16 15:15:00-04:00,bullish,"(29188.75, 29189.25, 29176.0, 29183.75)",29176.0,29183.75,RB2-000836,29176.25,29189.5,overlapping_active_same_direction_rb_tapped
3,1807,2026-07-16 15:24:00-04:00,bearish,"(29161.25, 29182.25, 29149.0, 29149.75)",29161.25,29182.25,RB2-000837,29161.0,29170.0,overlapping_active_same_direction_rb_tapped
3,1809,2026-07-16 15:30:00-04:00,bearish,"(29121.75, 29160.25, 29119.0, 29148.5)",29148.5,29160.25,RB2-000838,29150.0,29157.75,overlapping_active_same_direction_rb_tapped
3,1811,2026-07-16 15:36:00-04:00,bearish,"(29139.0, 29154.25, 29131.0, 29134.25)",29139.0,29154.25,RB2-000839,29147.5,29170.25,overlapping_active_same_direction_rb_tapped
3,1813,2026-07-16 15:42:00-04:00,bullish,"(29155.5, 29162.75, 29132.5, 29156.75)",29132.5,29155.5,RB2-000840,29117.25,29134.0,overlapping_active_same_direction_rb_tapped
3,1820,2026-07-16 16:03:00-04:00,bearish,"(29216.75, 29231.25, 29197.25, 29209.25)",29216.75,29231.25,RB2-000844,29217.0,29238.25,overlapping_active_same_direction_rb_tapped
3,1821,2026-07-16 16:06:00-04:00,bearish,"(29207.75, 29224.5, 29180.0, 29189.0)",29207.75,29224.5,RB2-000844,29217.0,29238.25,overlapping_active_same_direction_rb_tapped
3,1825,2026-07-16 16:18:00-04:00,bearish,"(29167.5, 29181.75, 29162.75, 29174.75)",29174.75,29181.75,RB2-000847,29181.75,29185.25,overlapping_active_same_direction_rb_tapped
3,1826,2026-07-16 16:21:00-04:00,bearish,"(29175.5, 29200.0, 29175.5, 29191.0)",29191.0,29200.0,RB2-000845,29191.5,29202.0,overlapping_active_same_direction_rb_tapped
3,1828,2026-07-16 16:27:00-04:00,bullish,"(29193.25, 29193.25, 29184.75, 29188.75)",29184.75,29188.75,RB2-000848,29180.5,29191.0,overlapping_active_same_direction_rb_tapped
3,1830,2026-07-16 16:33:00-04:00,bullish,"(29180.25, 29181.25, 29164.0, 29171.75)",29164.0,29171.75,RB2-000843,29154.25,29167.5,overlapping_active_same_direction_rb_tapped
3,1831,2026-07-16 16:36:00-04:00,bullish,"(29172.5, 29180.0, 29166.5, 29178.0)",29166.5,29172.5,RB2-000843,29154.25,29167.5,overlapping_active_same_direction_rb_tapped
3,1833,2026-07-16 16:42:00-04:00,bearish,"(29184.75, 29189.75, 29181.75, 29183.25)",29184.75,29189.75,RB2-000849,29188.0,29191.25,overlapping_active_same_direction_rb_tapped
3,1834,2026-07-16 16:45:00-04:00,bullish,"(29182.75, 29182.75, 29170.0, 29174.5)",29170.0,29174.5,RB2-000850,29174.5,29177.75,overlapping_active_same_direction_rb_tapped
3,1836,2026-07-16 16:51:00-04:00,bullish,"(29173.5, 29175.5, 29167.5, 29172.5)",29167.5,29172.5,RB2-000843,29154.25,29167.5,overlapping_active_same_direction_rb_tapped
3,1838,2026-07-16 16:57:00-04:00,bullish,"(29175.25, 29178.0, 29169.0, 29173.25)",29169.0,29173.25,RB2-000852,29169.0,29172.5,overlapping_active_same_direction_rb_tapped
3,1839,2026-07-16 17:00:00-04:00,bearish,"(29173.75, 29183.25, 29171.25, 29179.0)",29179.0,29183.25,RB2-000851,29173.25,29180.0,overlapping_active_same_direction_rb_tapped
3,1840,2026-07-16 18:03:00-04:00,bearish,"(29191.0, 29215.0, 29189.0, 29200.75)",29200.75,29215.0,RB2-000845,29191.5,29202.0,overlapping_active_same_direction_rb_tapped
3,1841,2026-07-16 18:06:00-04:00,bearish,"(29200.75, 29220.0, 29198.5, 29206.25)",29206.25,29220.0,RB2-000844,29217.0,29238.25,overlapping_active_same_direction_rb_tapped
3,1844,2026-07-16 18:15:00-04:00,bullish,"(29203.25, 29203.25, 29166.25, 29186.5)",29166.25,29186.5,RB2-000843,29154.25,29167.5,overlapping_active_same_direction_rb_tapped
3,1847,2026-07-16 18:24:00-04:00,bullish,"(29167.75, 29168.25, 29153.75, 29166.5)",29153.75,29166.5,RB2-000843,29154.25,29167.5,overlapping_active_same_direction_rb_tapped
3,1850,2026-07-16 18:33:00-04:00,bullish,"(29139.0, 29159.25, 29134.25, 29156.5)",29134.25,29139.0,RB2-000842,29126.75,29135.5,overlapping_active_same_direction_rb_tapped
3,1854,2026-07-16 18:45:00-04:00,bullish,"(29140.25, 29150.5, 29130.75, 29149.5)",29130.75,29140.25,RB2-000842,29126.75,29135.5,overlapping_active_same_direction_rb_tapped
3,1856,2026-07-16 18:51:00-04:00,bullish,"(29145.0, 29145.0, 29125.0, 29140.25)",29125.0,29140.25,RB2-000842,29126.75,29135.5,overlapping_active_same_direction_rb_tapped
3,1860,2026-07-16 19:03:00-04:00,bullish,"(29134.75, 29144.75, 29106.25, 29142.5)",29106.25,29134.75,RB2-000861,29115.25,29124.25,overlapping_active_same_direction_rb_tapped
3,1864,2026-07-16 19:15:00-04:00,bearish,"(29112.0, 29140.0, 29111.75, 29130.75)",29130.75,29140.0,RB2-000862,29136.5,29148.75,overlapping_active_same_direction_rb_tapped
3,1867,2026-07-16 19:24:00-04:00,bullish,"(29106.25, 29108.0, 29094.75, 29097.75)",29094.75,29097.75,RB2-000841,29078.5,29095.0,overlapping_active_same_direction_rb_tapped
3,1868,2026-07-16 19:27:00-04:00,bullish,"(29097.5, 29099.25, 29075.75, 29088.25)",29075.75,29088.25,RB2-000841,29078.5,29095.0,overlapping_active_same_direction_rb_tapped
3,1874,2026-07-16 19:45:00-04:00,bearish,"(29118.25, 29121.25, 29107.25, 29109.25)",29118.25,29121.25,RB2-000871,29119.5,29129.75,overlapping_active_same_direction_rb_tapped
3,1876,2026-07-16 19:51:00-04:00,bullish,"(29110.75, 29118.0, 29090.75, 29115.75)",29090.75,29110.75,RB2-000872,29089.25,29110.25,overlapping_active_same_direction_rb_tapped
3,1877,2026-07-16 19:54:00-04:00,bullish,"(29113.0, 29118.0, 29096.0, 29102.5)",29096.0,29102.5,RB2-000872,29089.25,29110.25,overlapping_active_same_direction_rb_tapped
3,1879,2026-07-16 20:00:00-04:00,bullish,"(29093.75, 29097.5, 29082.75, 29096.5)",29082.75,29093.75,RB2-000872,29089.25,29110.25,overlapping_active_same_direction_rb_tapped
3,1880,2026-07-16 20:03:00-04:00,bearish,"(29095.5, 29124.25, 29092.75, 29109.75)",29109.75,29124.25,RB2-000871,29119.5,29129.75,overlapping_active_same_direction_rb_tapped
3,1882,2026-07-16 20:09:00-04:00,bullish,"(29084.25, 29085.75, 29052.5, 29072.25)",29052.5,29072.25,RB2-000870,29060.0,29067.0,overlapping_active_same_direction_rb_tapped
3,1886,2026-07-16 20:21:00-04:00,bullish,"(29072.75, 29075.75, 29039.75, 29056.0)",29039.75,29056.0,RB2-000877,29034.5,29041.25,overlapping_active_same_direction_rb_tapped
3,1887,2026-07-16 20:24:00-04:00,bullish,"(29055.75, 29062.25, 29030.5, 29052.5)",29030.5,29052.5,RB2-000877,29034.5,29041.25,overlapping_active_same_direction_rb_tapped
3,1890,2026-07-16 20:33:00-04:00,bullish,"(29017.75, 29023.0, 29006.25, 29016.5)",29006.25,29016.5,RB2-000879,29011.0,29018.5,overlapping_active_same_direction_rb_tapped
3,1893,2026-07-16 20:42:00-04:00,bullish,"(29020.75, 29020.75, 29000.0, 29006.25)",29000.0,29006.25,RB2-000881,28997.25,29002.25,overlapping_active_same_direction_rb_tapped
3,1894,2026-07-16 20:45:00-04:00,bullish,"(29004.0, 29030.5, 28995.0, 29024.75)",28995.0,29004.0,RB2-000881,28997.25,29002.25,overlapping_active_same_direction_rb_tapped
3,1895,2026-07-16 20:48:00-04:00,bearish,"(29024.5, 29035.0, 29017.75, 29026.25)",29026.25,29035.0,RB2-000880,29017.5,29030.5,overlapping_active_same_direction_rb_tapped
3,1899,2026-07-16 21:00:00-04:00,bearish,"(29064.25, 29075.75, 29056.0, 29057.0)",29064.25,29075.75,RB2-000882,29066.0,29082.0,overlapping_active_same_direction_rb_tapped
3,1901,2026-07-16 21:06:00-04:00,bearish,"(29084.75, 29105.5, 29078.25, 29088.75)",29088.75,29105.5,RB2-000883,29085.5,29103.75,overlapping_active_same_direction_rb_tapped
3,1903,2026-07-16 21:12:00-04:00,bullish,"(29066.0, 29066.0, 29040.0, 29051.25)",29040.0,29051.25,RB2-000884,29042.25,29066.25,overlapping_active_same_direction_rb_tapped
3,1907,2026-07-16 21:24:00-04:00,bearish,"(29025.25, 29033.75, 29012.25, 29018.75)",29025.25,29033.75,RB2-000886,29032.75,29046.0,overlapping_active_same_direction_rb_tapped
3,1915,2026-07-16 21:48:00-04:00,bullish,"(28972.25, 28978.75, 28951.75, 28976.0)",28951.75,28972.25,RB2-000891,28964.5,28975.0,overlapping_active_same_direction_rb_tapped
3,1918,2026-07-16 21:57:00-04:00,bullish,"(28957.5, 28967.5, 28950.0, 28961.5)",28950.0,28957.5,RB2-000893,28945.75,28957.25,overlapping_active_same_direction_rb_tapped
3,1919,2026-07-16 22:00:00-04:00,bearish,"(28961.75, 28979.75, 28958.5, 28972.0)",28972.0,28979.75,RB2-000892,28974.5,28990.75,overlapping_active_same_direction_rb_tapped
3,1920,2026-07-16 22:03:00-04:00,bearish,"(28970.75, 28985.75, 28963.25, 28975.25)",28975.25,28985.75,RB2-000892,28974.5,28990.75,overlapping_active_same_direction_rb_tapped
3,1922,2026-07-16 22:09:00-04:00,bearish,"(28977.75, 28982.5, 28955.75, 28959.25)",28977.75,28982.5,RB2-000892,28974.5,28990.75,overlapping_active_same_direction_rb_tapped
3,1923,2026-07-16 22:12:00-04:00,bullish,"(28957.25, 28965.75, 28950.0, 28963.5)",28950.0,28957.25,RB2-000893,28945.75,28957.25,overlapping_active_same_direction_rb_tapped
3,1925,2026-07-16 22:18:00-04:00,bullish,"(28957.5, 28961.25, 28950.0, 28957.5)",28950.0,28957.5,RB2-000893,28945.75,28957.25,overlapping_active_same_direction_rb_tapped
3,1928,2026-07-16 22:27:00-04:00,bearish,"(28930.0, 28938.5, 28920.25, 28923.0)",28930.0,28938.5,RB2-000896,28929.5,28934.0,overlapping_active_same_direction_rb_tapped
3,1931,2026-07-16 22:36:00-04:00,bullish,"(28923.5, 28923.75, 28908.5, 28915.5)",28908.5,28915.5,RB2-000898,28915.25,28922.25,overlapping_active_same_direction_rb_tapped
3,1933,2026-07-16 22:42:00-04:00,bearish,"(28908.0, 28926.0, 28907.0, 28916.0)",28916.0,28926.0,RB2-000899,28914.0,28922.25,overlapping_active_same_direction_rb_tapped
3,1934,2026-07-16 22:45:00-04:00,bearish,"(28916.0, 28940.75, 28908.5, 28932.5)",28932.5,28940.75,RB2-000897,28928.75,28938.75,overlapping_active_same_direction_rb_tapped
3,1939,2026-07-16 23:00:00-04:00,bearish,"(28912.75, 28934.25, 28912.5, 28925.0)",28925.0,28934.25,RB2-000897,28928.75,28938.75,overlapping_active_same_direction_rb_tapped
3,1947,2026-07-16 23:24:00-04:00,bearish,"(28988.0, 29022.5, 28985.25, 29005.0)",29005.0,29022.5,RB2-000890,29003.0,29011.25,overlapping_active_same_direction_rb_tapped
3,1951,2026-07-16 23:36:00-04:00,bullish,"(28989.25, 28994.5, 28970.0, 28991.0)",28970.0,28989.25,RB2-000909,28985.25,28990.0,overlapping_active_same_direction_rb_tapped
3,1953,2026-07-16 23:42:00-04:00,bullish,"(28978.75, 28979.5, 28943.5, 28953.5)",28943.5,28953.5,RB2-000905,28947.25,28952.0,overlapping_active_same_direction_rb_tapped
3,1958,2026-07-16 23:57:00-04:00,bearish,"(28923.75, 28932.5, 28913.75, 28921.0)",28923.75,28932.5,RB2-000913,28928.5,28941.0,overlapping_active_same_direction_rb_tapped
3,1962,2026-07-17 00:09:00-04:00,bullish,"(28873.25, 28879.5, 28852.25, 28873.25)",28852.25,28873.25,RB2-000914,28860.25,28872.0,overlapping_active_same_direction_rb_tapped
3,1964,2026-07-17 00:15:00-04:00,bullish,"(28864.0, 28869.5, 28840.0, 28850.0)",28840.0,28850.0,RB2-000915,28847.25,28862.75,overlapping_active_same_direction_rb_tapped
3,1972,2026-07-17 00:39:00-04:00,bullish,"(28795.25, 28802.75, 28774.5, 28783.25)",28774.5,28783.25,RB2-000922,28781.5,28795.75,overlapping_active_same_direction_rb_tapped
3,1974,2026-07-17 00:45:00-04:00,bearish,"(28793.0, 28819.0, 28791.25, 28809.5)",28809.5,28819.0,RB2-000921,28808.0,28826.0,overlapping_active_same_direction_rb_tapped
3,1975,2026-07-17 00:48:00-04:00,bearish,"(28809.5, 28828.75, 28809.25, 28824.75)",28824.75,28828.75,RB2-000921,28808.0,28826.0,overlapping_active_same_direction_rb_tapped
3,1976,2026-07-17 00:51:00-04:00,bearish,"(28824.75, 28837.0, 28819.75, 28825.5)",28825.5,28837.0,RB2-000921,28808.0,28826.0,overlapping_active_same_direction_rb_tapped
3,1978,2026-07-17 00:57:00-04:00,bearish,"(28831.25, 28841.25, 28831.25, 28833.0)",28833.0,28841.25,RB2-000924,28829.0,28838.5,overlapping_active_same_direction_rb_tapped
3,1982,2026-07-17 01:09:00-04:00,bullish,"(28795.25, 28800.75, 28789.0, 28799.0)",28789.0,28795.25,RB2-000925,28787.75,28792.25,overlapping_active_same_direction_rb_tapped
3,1983,2026-07-17 01:12:00-04:00,bearish,"(28800.25, 28814.75, 28795.25, 28797.0)",28800.25,28814.75,RB2-000926,28795.25,28820.25,overlapping_active_same_direction_rb_tapped
3,1984,2026-07-17 01:15:00-04:00,bearish,"(28795.5, 28813.75, 28789.5, 28804.75)",28804.75,28813.75,RB2-000926,28795.25,28820.25,overlapping_active_same_direction_rb_tapped
3,1985,2026-07-17 01:18:00-04:00,bullish,"(28803.5, 28821.0, 28787.5, 28819.25)",28787.5,28803.5,RB2-000925,28787.75,28792.25,overlapping_active_same_direction_rb_tapped
3,1987,2026-07-17 01:24:00-04:00,bullish,"(28793.25, 28805.0, 28789.25, 28801.5)",28789.25,28793.25,RB2-000925,28787.75,28792.25,overlapping_active_same_direction_rb_tapped
3,1988,2026-07-17 01:27:00-04:00,bullish,"(28800.75, 28800.75, 28783.5, 28792.5)",28783.5,28792.5,RB2-000925,28787.75,28792.25,overlapping_active_same_direction_rb_tapped
3,1989,2026-07-17 01:30:00-04:00,bearish,"(28793.0, 28802.0, 28786.0, 28791.0)",28793.0,28802.0,RB2-000926,28795.25,28820.25,overlapping_active_same_direction_rb_tapped
3,1990,2026-07-17 01:33:00-04:00,bearish,"(28792.5, 28811.75, 28787.5, 28790.5)",28792.5,28811.75,RB2-000926,28795.25,28820.25,overlapping_active_same_direction_rb_tapped
3,1994,2026-07-17 01:45:00-04:00,bullish,"(28742.0, 28759.75, 28725.0, 28759.75)",28725.0,28742.0,RB2-000928,28734.75,28741.75,overlapping_active_same_direction_rb_tapped
3,1995,2026-07-17 01:48:00-04:00,bearish,"(28758.5, 28762.25, 28739.0, 28742.0)",28758.5,28762.25,RB2-000927,28761.0,28769.25,overlapping_active_same_direction_rb_tapped
3,1996,2026-07-17 01:51:00-04:00,bearish,"(28742.25, 28774.0, 28741.5, 28763.25)",28763.25,28774.0,RB2-000927,28761.0,28769.25,overlapping_active_same_direction_rb_tapped
3,2004,2026-07-17 02:15:00-04:00,bearish,"(28755.75, 28768.25, 28754.5, 28756.75)",28756.75,28768.25,RB2-000935,28753.75,28759.5,overlapping_active_same_direction_rb_tapped
3,2007,2026-07-17 02:24:00-04:00,bearish,"(28788.5, 28809.0, 28787.5, 28798.25)",28798.25,28809.0,RB2-000926,28795.25,28820.25,overlapping_active_same_direction_rb_tapped
3,2008,2026-07-17 02:27:00-04:00,bearish,"(28799.0, 28824.0, 28797.5, 28819.25)",28819.25,28824.0,RB2-000926,28795.25,28820.25,overlapping_active_same_direction_rb_tapped
3,2009,2026-07-17 02:30:00-04:00,bearish,"(28819.25, 28824.5, 28812.0, 28815.25)",28819.25,28824.5,RB2-000926,28795.25,28820.25,overlapping_active_same_direction_rb_tapped
3,2010,2026-07-17 02:33:00-04:00,bearish,"(28814.25, 28825.0, 28806.25, 28815.25)",28815.25,28825.0,RB2-000926,28795.25,28820.25,overlapping_active_same_direction_rb_tapped
3,2011,2026-07-17 02:36:00-04:00,bearish,"(28816.75, 28822.0, 28803.25, 28805.5)",28816.75,28822.0,RB2-000926,28795.25,28820.25,overlapping_active_same_direction_rb_tapped
3,2012,2026-07-17 02:39:00-04:00,bearish,"(28806.0, 28813.5, 28779.0, 28784.5)",28806.0,28813.5,RB2-000926,28795.25,28820.25,overlapping_active_same_direction_rb_tapped
3,2013,2026-07-17 02:42:00-04:00,bullish,"(28787.0, 28790.5, 28765.25, 28773.5)",28765.25,28773.5,RB2-000937,28765.75,28774.0,overlapping_active_same_direction_rb_tapped
3,2014,2026-07-17 02:45:00-04:00,bullish,"(28771.75, 28776.5, 28762.0, 28776.5)",28762.0,28771.75,RB2-000937,28765.75,28774.0,overlapping_active_same_direction_rb_tapped
3,2015,2026-07-17 02:48:00-04:00,bullish,"(28774.25, 28774.5, 28739.0, 28746.75)",28739.0,28746.75,RB2-000936,28745.5,28757.5,overlapping_active_same_direction_rb_tapped
3,2017,2026-07-17 02:54:00-04:00,bearish,"(28751.5, 28755.25, 28735.0, 28737.5)",28751.5,28755.25,RB2-000938,28751.0,28763.25,overlapping_active_same_direction_rb_tapped
3,2018,2026-07-17 02:57:00-04:00,bearish,"(28737.75, 28752.25, 28737.0, 28740.0)",28740.0,28752.25,RB2-000938,28751.0,28763.25,overlapping_active_same_direction_rb_tapped
3,2019,2026-07-17 03:00:00-04:00,bullish,"(28738.75, 28746.0, 28730.5, 28743.0)",28730.5,28738.75,RB2-000934,28722.5,28732.75,overlapping_active_same_direction_rb_tapped
3,2020,2026-07-17 03:03:00-04:00,bullish,"(28744.25, 28765.0, 28728.5, 28760.25)",28728.5,28744.25,RB2-000934,28722.5,28732.75,overlapping_active_same_direction_rb_tapped
3,2023,2026-07-17 03:12:00-04:00,bullish,"(28737.75, 28740.0, 28720.5, 28734.0)",28720.5,28734.0,RB2-000934,28722.5,28732.75,overlapping_active_same_direction_rb_tapped
3,2024,2026-07-17 03:15:00-04:00,bullish,"(28733.75, 28752.5, 28724.5, 28751.5)",28724.5,28733.75,RB2-000934,28722.5,28732.75,overlapping_active_same_direction_rb_tapped
3,2026,2026-07-17 03:21:00-04:00,bearish,"(28752.75, 28759.0, 28744.75, 28744.75)",28752.75,28759.0,RB2-000940,28753.75,28765.75,overlapping_active_same_direction_rb_tapped
3,2028,2026-07-17 03:27:00-04:00,bullish,"(28725.75, 28746.0, 28713.5, 28746.0)",28713.5,28725.75,RB2-000934,28722.5,28732.75,overlapping_active_same_direction_rb_tapped
3,2029,2026-07-17 03:30:00-04:00,bearish,"(28745.25, 28755.5, 28743.0, 28748.0)",28748.0,28755.5,RB2-000940,28753.75,28765.75,overlapping_active_same_direction_rb_tapped
3,2030,2026-07-17 03:33:00-04:00,bearish,"(28750.0, 28759.5, 28743.0, 28749.25)",28750.0,28759.5,RB2-000940,28753.75,28765.75,overlapping_active_same_direction_rb_tapped
3,2034,2026-07-17 03:45:00-04:00,bearish,"(28708.75, 28726.25, 28702.5, 28715.75)",28715.75,28726.25,RB2-000942,28718.0,28730.25,overlapping_active_same_direction_rb_tapped
3,2036,2026-07-17 03:51:00-04:00,bullish,"(28705.0, 28712.25, 28693.75, 28708.0)",28693.75,28705.0,RB2-000943,28688.75,28704.25,overlapping_active_same_direction_rb_tapped
3,2038,2026-07-17 03:57:00-04:00,bearish,"(28702.5, 28722.25, 28698.0, 28702.0)",28702.5,28722.25,RB2-000942,28718.0,28730.25,overlapping_active_same_direction_rb_tapped
3,2050,2026-07-17 04:33:00-04:00,bearish,"(28609.5, 28617.75, 28581.0, 28583.25)",28609.5,28617.75,RB2-000952,28609.75,28634.25,overlapping_active_same_direction_rb_tapped
3,2054,2026-07-17 04:45:00-04:00,bullish,"(28573.0, 28592.0, 28550.0, 28585.75)",28550.0,28573.0,RB2-000954,28562.75,28569.25,overlapping_active_same_direction_rb_tapped
3,2057,2026-07-17 04:54:00-04:00,bullish,"(28599.0, 28616.0, 28592.0, 28615.75)",28592.0,28599.0,RB2-000956,28590.75,28599.25,overlapping_active_same_direction_rb_tapped
3,2061,2026-07-17 05:06:00-04:00,bearish,"(28624.5, 28640.25, 28624.25, 28629.0)",28629.0,28640.25,RB2-000958,28628.75,28641.0,overlapping_active_same_direction_rb_tapped
3,2063,2026-07-17 05:12:00-04:00,bearish,"(28645.0, 28651.5, 28638.75, 28641.0)",28645.0,28651.5,RB2-000957,28641.75,28662.0,overlapping_active_same_direction_rb_tapped
3,2066,2026-07-17 05:21:00-04:00,bullish,"(28642.0, 28652.0, 28630.0, 28652.0)",28630.0,28642.0,RB2-000959,28624.25,28630.0,overlapping_active_same_direction_rb_tapped
3,2072,2026-07-17 05:39:00-04:00,bullish,"(28683.25, 28686.0, 28669.25, 28685.25)",28669.25,28683.25,RB2-000962,28661.75,28673.0,overlapping_active_same_direction_rb_tapped
3,2073,2026-07-17 05:42:00-04:00,bearish,"(28684.5, 28716.0, 28683.0, 28686.0)",28686.0,28716.0,RB2-000948,28702.0,28715.25,overlapping_active_same_direction_rb_tapped
3,2075,2026-07-17 05:48:00-04:00,bearish,"(28685.0, 28708.25, 28683.75, 28703.75)",28703.75,28708.25,RB2-000948,28702.0,28715.25,overlapping_active_same_direction_rb_tapped
3,2077,2026-07-17 05:54:00-04:00,bearish,"(28710.5, 28728.0, 28703.75, 28715.5)",28715.5,28728.0,RB2-000947,28725.0,28735.0,overlapping_active_same_direction_rb_tapped
3,2080,2026-07-17 06:03:00-04:00,bearish,"(28711.75, 28730.0, 28703.25, 28707.25)",28711.75,28730.0,RB2-000947,28725.0,28735.0,overlapping_active_same_direction_rb_tapped
3,2081,2026-07-17 06:06:00-04:00,bullish,"(28706.75, 28731.5, 28691.5, 28728.0)",28691.5,28706.75,RB2-000964,28690.0,28704.25,overlapping_active_same_direction_rb_tapped
3,2082,2026-07-17 06:09:00-04:00,bearish,"(28728.0, 28739.75, 28726.0, 28732.0)",28732.0,28739.75,RB2-000947,28725.0,28735.0,overlapping_active_same_direction_rb_tapped
3,2083,2026-07-17 06:12:00-04:00,bearish,"(28733.0, 28758.0, 28726.0, 28746.0)",28746.0,28758.0,RB2-000940,28753.75,28765.75,overlapping_active_same_direction_rb_tapped
3,2087,2026-07-17 06:24:00-04:00,bullish,"(28756.25, 28759.0, 28722.0, 28752.75)",28722.0,28752.75,RB2-000966,28727.0,28744.75,overlapping_active_same_direction_rb_tapped
3,2089,2026-07-17 06:30:00-04:00,bearish,"(28751.5, 28782.0, 28746.25, 28773.5)",28773.5,28782.0,RB2-000967,28780.25,28787.25,overlapping_active_same_direction_rb_tapped
3,2093,2026-07-17 06:42:00-04:00,bearish,"(28807.5, 28825.5, 28804.75, 28815.5)",28815.5,28825.5,RB2-000926,28795.25,28820.25,overlapping_active_same_direction_rb_tapped
3,2094,2026-07-17 06:45:00-04:00,bullish,"(28816.25, 28816.25, 28793.75, 28801.25)",28793.75,28801.25,RB2-000970,28792.0,28796.5,overlapping_active_same_direction_rb_tapped
3,2095,2026-07-17 06:48:00-04:00,bullish,"(28799.25, 28810.75, 28790.0, 28809.0)",28790.0,28799.25,RB2-000970,28792.0,28796.5,overlapping_active_same_direction_rb_tapped
3,2097,2026-07-17 06:54:00-04:00,bullish,"(28796.25, 28800.75, 28788.0, 28796.0)",28788.0,28796.0,RB2-000971,28790.25,28796.75,overlapping_active_same_direction_rb_tapped
3,2099,2026-07-17 07:00:00-04:00,bullish,"(28798.75, 28803.75, 28777.0, 28785.0)",28777.0,28785.0,RB2-000972,28784.25,28796.0,overlapping_active_same_direction_rb_tapped
3,2101,2026-07-17 07:06:00-04:00,bullish,"(28795.25, 28797.0, 28752.0, 28780.75)",28752.0,28780.75,RB2-000973,28772.75,28786.75,overlapping_active_same_direction_rb_tapped
3,2105,2026-07-17 07:18:00-04:00,bullish,"(28759.25, 28760.75, 28743.25, 28746.25)",28743.25,28746.25,RB2-000969,28724.25,28749.25,overlapping_active_same_direction_rb_tapped
3,2107,2026-07-17 07:24:00-04:00,bearish,"(28729.5, 28751.25, 28728.25, 28741.25)",28741.25,28751.25,RB2-000975,28747.5,28756.5,overlapping_active_same_direction_rb_tapped
3,2109,2026-07-17 07:30:00-04:00,bullish,"(28763.5, 28769.0, 28745.0, 28763.25)",28745.0,28763.25,RB2-000969,28724.25,28749.25,overlapping_active_same_direction_rb_tapped
3,2110,2026-07-17 07:33:00-04:00,bullish,"(28764.0, 28765.0, 28742.75, 28747.25)",28742.75,28747.25,RB2-000969,28724.25,28749.25,overlapping_active_same_direction_rb_tapped
3,2111,2026-07-17 07:36:00-04:00,bullish,"(28745.0, 28760.0, 28738.5, 28755.75)",28738.5,28745.0,RB2-000969,28724.25,28749.25,overlapping_active_same_direction_rb_tapped
3,2113,2026-07-17 07:42:00-04:00,bullish,"(28753.25, 28756.0, 28741.0, 28744.25)",28741.0,28744.25,RB2-000969,28724.25,28749.25,overlapping_active_same_direction_rb_tapped
3,2114,2026-07-17 07:45:00-04:00,bullish,"(28745.0, 28752.0, 28713.5, 28729.75)",28713.5,28729.75,RB2-000969,28724.25,28749.25,overlapping_active_same_direction_rb_tapped
3,2117,2026-07-17 07:54:00-04:00,bullish,"(28741.0, 28746.25, 28725.5, 28745.75)",28725.5,28741.0,RB2-000978,28718.0,28727.5,overlapping_active_same_direction_rb_tapped
3,2118,2026-07-17 07:57:00-04:00,bearish,"(28744.75, 28764.25, 28738.25, 28738.75)",28744.75,28764.25,RB2-000976,28763.75,28775.0,overlapping_active_same_direction_rb_tapped
3,2120,2026-07-17 08:03:00-04:00,bearish,"(28740.0, 28744.75, 28717.0, 28720.0)",28740.0,28744.75,RB2-000980,28741.5,28748.25,overlapping_active_same_direction_rb_tapped
3,2122,2026-07-17 08:09:00-04:00,bullish,"(28692.0, 28697.0, 28682.25, 28696.25)",28682.25,28692.0,RB2-000964,28690.0,28704.25,overlapping_active_same_direction_rb_tapped
3,2126,2026-07-17 08:21:00-04:00,bullish,"(28682.0, 28689.5, 28670.75, 28679.5)",28670.75,28679.5,RB2-000962,28661.75,28673.0,overlapping_active_same_direction_rb_tapped
3,2129,2026-07-17 08:30:00-04:00,bullish,"(28669.5, 28678.25, 28662.0, 28674.75)",28662.0,28669.5,RB2-000962,28661.75,28673.0,overlapping_active_same_direction_rb_tapped
3,2130,2026-07-17 08:33:00-04:00,bullish,"(28674.25, 28678.25, 28661.0, 28669.0)",28661.0,28669.0,RB2-000962,28661.75,28673.0,overlapping_active_same_direction_rb_tapped
3,2132,2026-07-17 08:39:00-04:00,bearish,"(28670.25, 28682.75, 28665.0, 28668.75)",28670.25,28682.75,RB2-000983,28669.75,28679.75,overlapping_active_same_direction_rb_tapped
3,2134,2026-07-17 08:45:00-04:00,bearish,"(28657.5, 28683.75, 28650.75, 28674.5)",28674.5,28683.75,RB2-000984,28668.5,28678.25,overlapping_active_same_direction_rb_tapped
3,2136,2026-07-17 08:51:00-04:00,bullish,"(28677.75, 28679.25, 28645.5, 28653.75)",28645.5,28653.75,RB2-000960,28632.75,28652.5,overlapping_active_same_direction_rb_tapped
3,2140,2026-07-17 09:03:00-04:00,bullish,"(28664.75, 28665.75, 28635.0, 28641.0)",28635.0,28641.0,RB2-000960,28632.75,28652.5,overlapping_active_same_direction_rb_tapped
3,2142,2026-07-17 09:09:00-04:00,bearish,"(28640.25, 28651.25, 28627.0, 28629.5)",28640.25,28651.25,RB2-000987,28641.25,28650.5,overlapping_active_same_direction_rb_tapped
3,2146,2026-07-17 09:21:00-04:00,bullish,"(28630.25, 28635.75, 28611.5, 28624.0)",28611.5,28624.0,RB2-000990,28616.0,28621.0,overlapping_active_same_direction_rb_tapped
3,2147,2026-07-17 09:24:00-04:00,bearish,"(28624.0, 28630.25, 28603.5, 28606.75)",28624.0,28630.25,RB2-000988,28630.0,28635.25,overlapping_active_same_direction_rb_tapped
3,2148,2026-07-17 09:27:00-04:00,bullish,"(28607.75, 28645.75, 28596.75, 28637.25)",28596.75,28607.75,RB2-000956,28590.75,28599.25,overlapping_active_same_direction_rb_tapped
3,2149,2026-07-17 09:30:00-04:00,bullish,"(28635.5, 28648.25, 28581.0, 28606.0)",28581.0,28606.0,RB2-000956,28590.75,28599.25,overlapping_active_same_direction_rb_tapped
3,2150,2026-07-17 09:33:00-04:00,bearish,"(28607.75, 28686.0, 28599.5, 28628.25)",28628.25,28686.0,RB2-000985,28679.25,28690.75,overlapping_active_same_direction_rb_tapped
3,2165,2026-07-17 10:18:00-04:00,bearish,"(28804.0, 28885.5, 28779.75, 28853.5)",28853.5,28885.5,RB2-000999,28844.25,28862.25,overlapping_active_same_direction_rb_tapped
3,2167,2026-07-17 10:24:00-04:00,bearish,"(28830.75, 28870.0, 28815.5, 28837.5)",28837.5,28870.0,RB2-001001,28854.75,28870.75,overlapping_active_same_direction_rb_tapped
3,2168,2026-07-17 10:27:00-04:00,bearish,"(28839.75, 28887.5, 28839.75, 28845.75)",28845.75,28887.5,RB2-001001,28854.75,28870.75,overlapping_active_same_direction_rb_tapped
3,2170,2026-07-17 10:33:00-04:00,bearish,"(28832.0, 28850.25, 28773.25, 28774.75)",28832.0,28850.25,RB2-001002,28848.25,28882.0,overlapping_active_same_direction_rb_tapped
3,2171,2026-07-17 10:36:00-04:00,bullish,"(28774.75, 28845.0, 28760.25, 28841.0)",28760.25,28774.75,RB2-000997,28710.5,28762.5,overlapping_active_same_direction_rb_tapped
3,2172,2026-07-17 10:39:00-04:00,bearish,"(28840.5, 28886.25, 28829.0, 28860.0)",28860.0,28886.25,RB2-001002,28848.25,28882.0,overlapping_active_same_direction_rb_tapped
3,2173,2026-07-17 10:42:00-04:00,bearish,"(28860.25, 28896.0, 28853.5, 28859.75)",28860.25,28896.0,RB2-001002,28848.25,28882.0,overlapping_active_same_direction_rb_tapped
3,2175,2026-07-17 10:48:00-04:00,bullish,"(28824.5, 28857.75, 28768.25, 28840.5)",28768.25,28824.5,RB2-001003,28806.0,28825.5,overlapping_active_same_direction_rb_tapped
3,2178,2026-07-17 10:57:00-04:00,bearish,"(28762.5, 28808.75, 28748.25, 28761.0)",28762.5,28808.75,RB2-001005,28799.5,28814.0,overlapping_active_same_direction_rb_tapped
3,2180,2026-07-17 11:03:00-04:00,bullish,"(28727.0, 28742.25, 28685.75, 28717.0)",28685.75,28717.0,RB2-000997,28710.5,28762.5,overlapping_active_same_direction_rb_tapped
3,2182,2026-07-17 11:09:00-04:00,bullish,"(28696.75, 28725.5, 28676.75, 28723.25)",28676.75,28696.75,RB2-001007,28682.5,28697.0,overlapping_active_same_direction_rb_tapped
3,2184,2026-07-17 11:15:00-04:00,bearish,"(28701.25, 28729.0, 28690.0, 28706.5)",28706.5,28729.0,RB2-001008,28722.5,28755.75,overlapping_active_same_direction_rb_tapped
3,2186,2026-07-17 11:21:00-04:00,bearish,"(28698.0, 28747.25, 28688.0, 28723.0)",28723.0,28747.25,RB2-001008,28722.5,28755.75,overlapping_active_same_direction_rb_tapped
3,2187,2026-07-17 11:24:00-04:00,bearish,"(28722.5, 28742.75, 28692.5, 28695.25)",28722.5,28742.75,RB2-001008,28722.5,28755.75,overlapping_active_same_direction_rb_tapped
3,2188,2026-07-17 11:27:00-04:00,bullish,"(28695.5, 28729.5, 28672.25, 28725.5)",28672.25,28695.5,RB2-001009,28686.0,28699.25,overlapping_active_same_direction_rb_tapped
3,2190,2026-07-17 11:33:00-04:00,bullish,"(28753.25, 28778.75, 28718.0, 28772.75)",28718.0,28753.25,RB2-001010,28712.25,28725.5,overlapping_active_same_direction_rb_tapped
3,2191,2026-07-17 11:36:00-04:00,bullish,"(28771.25, 28790.75, 28725.0, 28751.75)",28725.0,28751.75,RB2-001010,28712.25,28725.5,overlapping_active_same_direction_rb_tapped
3,2195,2026-07-17 11:48:00-04:00,bullish,"(28797.0, 28820.75, 28781.5, 28819.25)",28781.5,28797.0,RB2-001012,28766.25,28795.25,overlapping_active_same_direction_rb_tapped
3,2196,2026-07-17 11:51:00-04:00,bearish,"(28820.25, 28832.5, 28800.75, 28803.5)",28820.25,28832.5,RB2-001011,28825.75,28843.5,overlapping_active_same_direction_rb_tapped
3,2200,2026-07-17 12:03:00-04:00,bearish,"(28934.0, 28955.75, 28877.0, 28883.75)",28934.0,28955.75,RB2-001013,28933.5,28948.5,overlapping_active_same_direction_rb_tapped
3,2202,2026-07-17 12:09:00-04:00,bullish,"(28868.25, 28882.75, 28846.0, 28873.75)",28846.0,28868.25,RB2-001014,28856.75,28868.25,overlapping_active_same_direction_rb_tapped
3,2205,2026-07-17 12:18:00-04:00,bearish,"(28939.75, 28956.0, 28925.25, 28939.25)",28939.75,28956.0,RB2-001015,28903.25,28944.5,overlapping_active_same_direction_rb_tapped
3,2209,2026-07-17 12:30:00-04:00,bearish,"(28895.25, 28942.75, 28894.25, 28913.5)",28913.5,28942.75,RB2-001016,28939.25,28956.0,overlapping_active_same_direction_rb_tapped
3,2211,2026-07-17 12:36:00-04:00,bullish,"(28909.75, 28926.25, 28897.25, 28917.0)",28897.25,28909.75,RB2-001018,28885.75,28907.75,overlapping_active_same_direction_rb_tapped
3,2213,2026-07-17 12:42:00-04:00,bullish,"(28927.0, 28941.0, 28902.0, 28923.25)",28902.0,28923.25,RB2-001018,28885.75,28907.75,overlapping_active_same_direction_rb_tapped
3,2217,2026-07-17 12:54:00-04:00,bearish,"(28989.5, 29028.0, 28989.25, 29002.5)",29002.5,29028.0,RB2-001020,28989.25,29007.75,overlapping_active_same_direction_rb_tapped
3,2219,2026-07-17 13:00:00-04:00,bullish,"(28985.0, 28985.5, 28960.5, 28974.25)",28960.5,28974.25,RB2-001019,28962.5,28971.0,overlapping_active_same_direction_rb_tapped
3,2220,2026-07-17 13:03:00-04:00,bearish,"(28974.75, 29033.5, 28966.25, 29004.25)",29004.25,29033.5,RB2-001021,29002.25,29019.5,overlapping_active_same_direction_rb_tapped
3,2223,2026-07-17 13:12:00-04:00,bearish,"(29026.25, 29050.25, 29017.5, 29024.25)",29026.25,29050.25,RB2-001023,29026.5,29039.5,overlapping_active_same_direction_rb_tapped
3,2225,2026-07-17 13:18:00-04:00,bearish,"(28995.5, 29042.75, 28987.0, 29032.75)",29032.75,29042.75,RB2-001024,29024.0,29034.75,overlapping_active_same_direction_rb_tapped
3,2227,2026-07-17 13:24:00-04:00,bullish,"(28993.25, 29005.0, 28979.25, 28995.25)",28979.25,28993.25,RB2-001025,28979.25,28992.25,overlapping_active_same_direction_rb_tapped
3,2228,2026-07-17 13:27:00-04:00,bullish,"(28995.75, 29035.0, 28982.25, 29032.5)",28982.25,28995.75,RB2-001025,28979.25,28992.25,overlapping_active_same_direction_rb_tapped
3,2231,2026-07-17 13:36:00-04:00,bearish,"(29023.0, 29037.0, 28980.75, 28984.0)",29023.0,29037.0,RB2-001027,29035.75,29042.25,overlapping_active_same_direction_rb_tapped
3,2235,2026-07-17 13:48:00-04:00,bearish,"(28949.75, 28969.75, 28940.0, 28953.75)",28953.75,28969.75,RB2-001030,28963.0,28970.5,overlapping_active_same_direction_rb_tapped
3,2236,2026-07-17 13:51:00-04:00,bearish,"(28954.5, 28967.25, 28932.5, 28938.0)",28954.5,28967.25,RB2-001030,28963.0,28970.5,overlapping_active_same_direction_rb_tapped
3,2239,2026-07-17 14:00:00-04:00,bullish,"(28899.5, 28907.25, 28883.75, 28895.75)",28883.75,28895.75,RB2-001018,28885.75,28907.75,overlapping_active_same_direction_rb_tapped
3,2240,2026-07-17 14:03:00-04:00,bullish,"(28896.25, 28914.0, 28882.0, 28913.75)",28882.0,28896.25,RB2-001018,28885.75,28907.75,overlapping_active_same_direction_rb_tapped
3,2241,2026-07-17 14:06:00-04:00,bearish,"(28912.75, 28937.0, 28886.5, 28898.25)",28912.75,28937.0,RB2-001032,28923.0,28940.25,overlapping_active_same_direction_rb_tapped
3,2242,2026-07-17 14:09:00-04:00,bullish,"(28896.0, 28900.5, 28872.0, 28879.25)",28872.0,28879.25,RB2-001017,28858.0,28873.0,overlapping_active_same_direction_rb_tapped
3,2245,2026-07-17 14:18:00-04:00,bearish,"(28863.25, 28870.75, 28833.5, 28839.75)",28863.25,28870.75,RB2-001034,28866.25,28875.5,overlapping_active_same_direction_rb_tapped
3,2250,2026-07-17 14:33:00-04:00,bearish,"(28852.0, 28891.75, 28844.0, 28848.0)",28852.0,28891.75,RB2-001033,28880.25,28887.5,overlapping_active_same_direction_rb_tapped
3,2251,2026-07-17 14:36:00-04:00,bullish,"(28848.5, 28858.0, 28825.0, 28838.75)",28825.0,28838.75,RB2-001037,28822.5,28829.25,overlapping_active_same_direction_rb_tapped
3,2256,2026-07-17 14:51:00-04:00,bearish,"(28846.5, 28869.75, 28832.0, 28840.0)",28846.5,28869.75,RB2-001038,28842.5,28855.0,overlapping_active_same_direction_rb_tapped
3,2258,2026-07-17 14:57:00-04:00,bearish,"(28867.25, 28886.0, 28857.0, 28866.75)",28867.25,28886.0,RB2-001042,28866.25,28872.0,overlapping_active_same_direction_rb_tapped
3,2260,2026-07-17 15:03:00-04:00,bearish,"(28861.0, 28869.25, 28835.25, 28836.0)",28861.0,28869.25,RB2-001043,28867.0,28879.5,overlapping_active_same_direction_rb_tapped
3,2263,2026-07-17 15:12:00-04:00,bullish,"(28813.25, 28820.75, 28786.25, 28794.75)",28786.25,28794.75,RB2-001012,28766.25,28795.25,overlapping_active_same_direction_rb_tapped
3,2267,2026-07-17 15:24:00-04:00,bullish,"(28761.75, 28763.25, 28742.5, 28746.5)",28742.5,28746.5,RB2-001045,28734.5,28748.0,overlapping_active_same_direction_rb_tapped
3,2268,2026-07-17 15:27:00-04:00,bullish,"(28747.0, 28753.75, 28718.5, 28742.5)",28718.5,28742.5,RB2-001010,28712.25,28725.5,overlapping_active_same_direction_rb_tapped
3,2270,2026-07-17 15:33:00-04:00,bearish,"(28795.75, 28846.5, 28791.75, 28806.0)",28806.0,28846.5,RB2-001047,28795.5,28807.0,overlapping_active_same_direction_rb_tapped
3,2272,2026-07-17 15:39:00-04:00,bearish,"(28794.5, 28825.25, 28784.5, 28793.25)",28794.5,28825.25,RB2-001048,28805.25,28826.0,overlapping_active_same_direction_rb_tapped
3,2274,2026-07-17 15:45:00-04:00,bullish,"(28791.0, 28809.0, 28769.5, 28795.5)",28769.5,28791.0,RB2-001049,28753.75,28791.5,overlapping_active_same_direction_rb_tapped
3,2275,2026-07-17 15:48:00-04:00,bullish,"(28795.5, 28820.5, 28788.0, 28817.75)",28788.0,28795.5,RB2-001049,28753.75,28791.5,overlapping_active_same_direction_rb_tapped
3,2276,2026-07-17 15:51:00-04:00,bearish,"(28819.0, 28848.25, 28805.75, 28821.0)",28821.0,28848.25,RB2-001048,28805.25,28826.0,overlapping_active_same_direction_rb_tapped
3,2277,2026-07-17 15:54:00-04:00,bearish,"(28820.0, 28853.5, 28816.75, 28827.25)",28827.25,28853.5,RB2-001044,28852.5,28861.5,overlapping_active_same_direction_rb_tapped
3,2281,2026-07-17 16:06:00-04:00,bullish,"(28740.5, 28741.75, 28712.5, 28733.5)",28712.5,28733.5,RB2-001010,28712.25,28725.5,overlapping_active_same_direction_rb_tapped
3,2282,2026-07-17 16:09:00-04:00,bullish,"(28733.5, 28739.75, 28717.0, 28729.0)",28717.0,28729.0,RB2-001010,28712.25,28725.5,overlapping_active_same_direction_rb_tapped
3,2283,2026-07-17 16:12:00-04:00,bullish,"(28729.5, 28737.5, 28716.5, 28732.25)",28716.5,28729.5,RB2-001010,28712.25,28725.5,overlapping_active_same_direction_rb_tapped
3,2286,2026-07-17 16:21:00-04:00,bullish,"(28744.0, 28749.75, 28738.75, 28749.75)",28738.75,28744.0,RB2-001053,28733.5,28738.75,overlapping_active_same_direction_rb_tapped
3,2288,2026-07-17 16:27:00-04:00,bullish,"(28748.5, 28754.5, 28745.25, 28751.5)",28745.25,28748.5,RB2-001054,28741.5,28748.25,overlapping_active_same_direction_rb_tapped
3,2289,2026-07-17 16:30:00-04:00,bullish,"(28751.25, 28752.5, 28746.75, 28749.75)",28746.75,28749.75,RB2-001054,28741.5,28748.25,overlapping_active_same_direction_rb_tapped
3,2291,2026-07-17 16:36:00-04:00,bearish,"(28753.5, 28768.75, 28750.5, 28753.25)",28753.5,28768.75,RB2-001055,28752.0,28763.0,overlapping_active_same_direction_rb_tapped
3,2293,2026-07-17 16:42:00-04:00,bullish,"(28760.5, 28762.25, 28754.0, 28759.5)",28754.0,28759.5,RB2-001056,28752.25,28754.5,overlapping_active_same_direction_rb_tapped
3,2296,2026-07-17 16:51:00-04:00,bullish,"(28760.0, 28760.5, 28754.5, 28758.5)",28754.5,28758.5,RB2-001056,28752.25,28754.5,overlapping_active_same_direction_rb_tapped
3,2299,2026-07-17 17:00:00-04:00,bearish,"(28771.0, 28779.75, 28763.25, 28768.25)",28771.0,28779.75,RB2-001058,28767.5,28771.25,overlapping_active_same_direction_rb_tapped
5,15,2026-07-12 19:20:00-04:00,bullish,"(29890.25, 29894.25, 29869.5, 29891.5)",29869.5,29890.25,RB2-000001,29884.5,29891.25,overlapping_active_same_direction_rb_tapped
5,17,2026-07-12 19:30:00-04:00,bullish,"(29881.0, 29891.5, 29879.0, 29890.25)",29879.0,29881.0,RB2-000002,29876.0,29881.5,overlapping_active_same_direction_rb_tapped
5,18,2026-07-12 19:35:00-04:00,bullish,"(29888.25, 29891.5, 29880.75, 29886.0)",29880.75,29886.0,RB2-000002,29876.0,29881.5,overlapping_active_same_direction_rb_tapped
5,19,2026-07-12 19:40:00-04:00,bullish,"(29886.25, 29893.5, 29875.5, 29890.75)",29875.5,29886.25,RB2-000002,29876.0,29881.5,overlapping_active_same_direction_rb_tapped
5,22,2026-07-12 19:55:00-04:00,bearish,"(29864.0, 29895.5, 29864.0, 29876.5)",29876.5,29895.5,RB2-000003,29892.5,29898.25,overlapping_active_same_direction_rb_tapped
5,27,2026-07-12 20:20:00-04:00,bearish,"(30018.0, 30032.25, 29958.0, 29972.0)",30018.0,30032.25,RB2-000008,30019.0,30041.0,overlapping_active_same_direction_rb_tapped
5,29,2026-07-12 20:30:00-04:00,bearish,"(29989.5, 30004.5, 29964.0, 29967.25)",29989.5,30004.5,RB2-000009,29994.75,30014.25,overlapping_active_same_direction_rb_tapped
5,32,2026-07-12 20:45:00-04:00,bullish,"(29893.75, 29903.5, 29850.0, 29881.75)",29850.0,29881.75,RB2-000004,29845.0,29863.5,overlapping_active_same_direction_rb_tapped
5,36,2026-07-12 21:05:00-04:00,bearish,"(29836.75, 29851.25, 29808.0, 29818.5)",29836.75,29851.25,RB2-000013,29832.5,29845.5,overlapping_active_same_direction_rb_tapped
5,40,2026-07-12 21:25:00-04:00,bearish,"(29828.0, 29839.75, 29808.5, 29813.75)",29828.0,29839.75,RB2-000016,29827.75,29849.0,overlapping_active_same_direction_rb_tapped
5,41,2026-07-12 21:30:00-04:00,bullish,"(29814.5, 29819.25, 29789.0, 29809.0)",29789.0,29809.0,RB2-000015,29788.75,29797.0,overlapping_active_same_direction_rb_tapped
5,42,2026-07-12 21:35:00-04:00,bullish,"(29808.75, 29817.5, 29789.5, 29803.0)",29789.5,29803.0,RB2-000015,29788.75,29797.0,overlapping_active_same_direction_rb_tapped
5,47,2026-07-12 22:00:00-04:00,bullish,"(29757.0, 29770.25, 29737.25, 29761.25)",29737.25,29757.0,RB2-000018,29742.5,29757.25,overlapping_active_same_direction_rb_tapped
5,50,2026-07-12 22:15:00-04:00,bearish,"(29742.25, 29766.0, 29731.25, 29752.75)",29752.75,29766.0,RB2-000020,29750.75,29771.25,overlapping_active_same_direction_rb_tapped
5,51,2026-07-12 22:20:00-04:00,bullish,"(29753.0, 29775.5, 29745.0, 29771.25)",29745.0,29753.0,RB2-000019,29727.0,29748.25,overlapping_active_same_direction_rb_tapped
5,53,2026-07-12 22:30:00-04:00,bearish,"(29792.75, 29808.75, 29788.0, 29797.25)",29797.25,29808.75,RB2-000021,29791.25,29802.0,overlapping_active_same_direction_rb_tapped
5,56,2026-07-12 22:45:00-04:00,bullish,"(29757.5, 29766.75, 29746.5, 29766.0)",29746.5,29757.5,RB2-000019,29727.0,29748.25,overlapping_active_same_direction_rb_tapped
5,57,2026-07-12 22:50:00-04:00,bullish,"(29766.25, 29769.25, 29744.75, 29764.25)",29744.75,29764.25,RB2-000019,29727.0,29748.25,overlapping_active_same_direction_rb_tapped
5,63,2026-07-12 23:20:00-04:00,bullish,"(29694.0, 29702.5, 29682.0, 29702.0)",29682.0,29694.0,RB2-000028,29684.75,29694.0,overlapping_active_same_direction_rb_tapped
5,65,2026-07-12 23:30:00-04:00,bearish,"(29698.5, 29717.75, 29698.5, 29710.0)",29710.0,29717.75,RB2-000026,29717.5,29721.25,overlapping_active_same_direction_rb_tapped
5,66,2026-07-12 23:35:00-04:00,bullish,"(29709.0, 29714.25, 29687.75, 29694.75)",29687.75,29694.75,RB2-000029,29687.25,29697.75,overlapping_active_same_direction_rb_tapped
5,67,2026-07-12 23:40:00-04:00,bullish,"(29693.5, 29716.25, 29683.75, 29707.75)",29683.75,29693.5,RB2-000029,29687.25,29697.75,overlapping_active_same_direction_rb_tapped
5,68,2026-07-12 23:45:00-04:00,bearish,"(29708.5, 29727.25, 29691.75, 29697.25)",29708.5,29727.25,RB2-000026,29717.5,29721.25,overlapping_active_same_direction_rb_tapped
5,73,2026-07-13 00:10:00-04:00,bullish,"(29662.75, 29666.75, 29650.75, 29658.5)",29650.75,29658.5,RB2-000032,29654.0,29662.75,overlapping_active_same_direction_rb_tapped
5,75,2026-07-13 00:20:00-04:00,bullish,"(29666.5, 29676.25, 29659.0, 29673.25)",29659.0,29666.5,RB2-000033,29650.0,29659.5,overlapping_active_same_direction_rb_tapped
5,76,2026-07-13 00:25:00-04:00,bullish,"(29672.25, 29677.75, 29652.5, 29659.0)",29652.5,29659.0,RB2-000033,29650.0,29659.5,overlapping_active_same_direction_rb_tapped
5,77,2026-07-13 00:30:00-04:00,bullish,"(29660.0, 29660.25, 29638.75, 29651.5)",29638.75,29651.5,RB2-000033,29650.0,29659.5,overlapping_active_same_direction_rb_tapped
5,83,2026-07-13 01:00:00-04:00,bearish,"(29618.75, 29637.0, 29615.0, 29627.0)",29627.0,29637.0,RB2-000037,29624.75,29630.75,overlapping_active_same_direction_rb_tapped
5,84,2026-07-13 01:05:00-04:00,bullish,"(29627.75, 29641.5, 29606.5, 29641.0)",29606.5,29627.75,RB2-000038,29612.75,29618.75,overlapping_active_same_direction_rb_tapped
5,90,2026-07-13 01:35:00-04:00,bullish,"(29585.0, 29623.0, 29542.75, 29622.0)",29542.75,29585.0,RB2-000040,29577.0,29584.0,overlapping_active_same_direction_rb_tapped
5,94,2026-07-13 01:55:00-04:00,bearish,"(29632.75, 29666.75, 29627.5, 29627.5)",29632.75,29666.75,RB2-000041,29652.0,29670.75,overlapping_active_same_direction_rb_tapped
5,95,2026-07-13 02:00:00-04:00,bullish,"(29628.5, 29649.5, 29622.0, 29649.0)",29622.0,29628.5,RB2-000042,29614.75,29633.0,overlapping_active_same_direction_rb_tapped
5,103,2026-07-13 02:40:00-04:00,bullish,"(29620.0, 29622.5, 29598.5, 29612.0)",29598.5,29612.0,RB2-000047,29609.25,29617.25,overlapping_active_same_direction_rb_tapped
5,107,2026-07-13 03:00:00-04:00,bullish,"(29622.75, 29634.25, 29611.25, 29632.5)",29611.25,29622.75,RB2-000050,29614.0,29622.75,overlapping_active_same_direction_rb_tapped
5,110,2026-07-13 03:15:00-04:00,bearish,"(29661.0, 29675.5, 29656.5, 29670.75)",29670.75,29675.5,RB2-000041,29652.0,29670.75,overlapping_active_same_direction_rb_tapped
5,114,2026-07-13 03:35:00-04:00,bullish,"(29670.75, 29671.25, 29636.0, 29644.25)",29636.0,29644.25,RB2-000052,29633.0,29640.0,overlapping_active_same_direction_rb_tapped
5,117,2026-07-13 03:50:00-04:00,bullish,"(29660.75, 29663.0, 29643.75, 29648.75)",29643.75,29648.75,RB2-000056,29648.25,29660.5,overlapping_active_same_direction_rb_tapped
5,118,2026-07-13 03:55:00-04:00,bullish,"(29646.0, 29653.25, 29637.0, 29651.25)",29637.0,29646.0,RB2-000052,29633.0,29640.0,overlapping_active_same_direction_rb_tapped
5,119,2026-07-13 04:00:00-04:00,bullish,"(29652.5, 29659.25, 29636.75, 29652.75)",29636.75,29652.5,RB2-000052,29633.0,29640.0,overlapping_active_same_direction_rb_tapped
5,124,2026-07-13 04:25:00-04:00,bearish,"(29717.0, 29733.0, 29713.0, 29722.5)",29722.5,29733.0,RB2-000060,29717.75,29729.75,overlapping_active_same_direction_rb_tapped
5,125,2026-07-13 04:30:00-04:00,bearish,"(29721.25, 29741.5, 29719.25, 29725.75)",29725.75,29741.5,RB2-000025,29738.0,29750.0,overlapping_active_same_direction_rb_tapped
5,128,2026-07-13 04:45:00-04:00,bearish,"(29716.75, 29734.0, 29712.75, 29726.5)",29726.5,29734.0,RB2-000061,29728.0,29735.0,overlapping_active_same_direction_rb_tapped
5,130,2026-07-13 04:55:00-04:00,bearish,"(29737.75, 29754.0, 29736.0, 29743.75)",29743.75,29754.0,RB2-000025,29738.0,29750.0,overlapping_active_same_direction_rb_tapped
5,132,2026-07-13 05:05:00-04:00,bullish,"(29747.5, 29751.25, 29720.25, 29726.5)",29720.25,29726.5,RB2-000063,29721.75,29727.25,overlapping_active_same_direction_rb_tapped
5,134,2026-07-13 05:15:00-04:00,bullish,"(29725.5, 29734.75, 29718.0, 29732.75)",29718.0,29725.5,RB2-000065,29719.25,29726.25,overlapping_active_same_direction_rb_tapped
5,136,2026-07-13 05:25:00-04:00,bearish,"(29751.5, 29760.75, 29748.5, 29754.75)",29754.75,29760.75,RB2-000066,29750.25,29756.5,overlapping_active_same_direction_rb_tapped
5,138,2026-07-13 05:35:00-04:00,bullish,"(29763.0, 29767.5, 29754.5, 29760.25)",29754.5,29760.25,RB2-000067,29753.0,29756.25,overlapping_active_same_direction_rb_tapped
5,139,2026-07-13 05:40:00-04:00,bearish,"(29760.0, 29774.75, 29759.0, 29771.0)",29771.0,29774.75,RB2-000024,29766.0,29773.75,overlapping_active_same_direction_rb_tapped
5,141,2026-07-13 05:50:00-04:00,bullish,"(29773.25, 29773.75, 29758.75, 29763.0)",29758.75,29763.0,RB2-000068,29761.75,29769.25,overlapping_active_same_direction_rb_tapped
5,142,2026-07-13 05:55:00-04:00,bullish,"(29760.5, 29769.0, 29752.0, 29766.0)",29752.0,29760.5,RB2-000067,29753.0,29756.25,overlapping_active_same_direction_rb_tapped
5,146,2026-07-13 06:15:00-04:00,bullish,"(29746.5, 29748.0, 29739.0, 29747.0)",29739.0,29746.5,RB2-000071,29741.0,29747.25,overlapping_active_same_direction_rb_tapped
5,151,2026-07-13 06:40:00-04:00,bearish,"(29739.5, 29755.75, 29739.5, 29750.5)",29750.5,29755.75,RB2-000074,29741.0,29753.75,overlapping_active_same_direction_rb_tapped
5,152,2026-07-13 06:45:00-04:00,bearish,"(29752.0, 29757.25, 29736.5, 29739.25)",29752.0,29757.25,RB2-000074,29741.0,29753.75,overlapping_active_same_direction_rb_tapped
5,155,2026-07-13 07:00:00-04:00,bullish,"(29754.75, 29757.5, 29746.25, 29756.75)",29746.25,29754.75,RB2-000076,29748.75,29755.0,overlapping_active_same_direction_rb_tapped
5,156,2026-07-13 07:05:00-04:00,bearish,"(29755.75, 29792.5, 29755.5, 29775.0)",29775.0,29792.5,RB2-000070,29772.0,29778.0,overlapping_active_same_direction_rb_tapped
5,159,2026-07-13 07:20:00-04:00,bearish,"(29767.75, 29781.25, 29754.0, 29755.0)",29767.75,29781.25,RB2-000077,29775.75,29799.75,overlapping_active_same_direction_rb_tapped
5,160,2026-07-13 07:25:00-04:00,bullish,"(29753.25, 29770.0, 29741.5, 29763.25)",29741.5,29753.25,RB2-000078,29751.25,29768.0,overlapping_active_same_direction_rb_tapped
5,161,2026-07-13 07:30:00-04:00,bearish,"(29763.25, 29782.75, 29761.5, 29774.75)",29774.75,29782.75,RB2-000077,29775.75,29799.75,overlapping_active_same_direction_rb_tapped
5,164,2026-07-13 07:45:00-04:00,bearish,"(29784.75, 29788.75, 29765.0, 29768.0)",29784.75,29788.75,RB2-000077,29775.75,29799.75,overlapping_active_same_direction_rb_tapped
5,168,2026-07-13 08:05:00-04:00,bullish,"(29742.0, 29752.0, 29716.75, 29730.0)",29716.75,29730.0,RB2-000065,29719.25,29726.25,overlapping_active_same_direction_rb_tapped
5,169,2026-07-13 08:10:00-04:00,bullish,"(29728.75, 29735.5, 29710.25, 29728.75)",29710.25,29728.75,RB2-000062,29700.0,29716.0,overlapping_active_same_direction_rb_tapped
5,170,2026-07-13 08:15:00-04:00,bullish,"(29730.0, 29757.25, 29693.75, 29728.75)",29693.75,29728.75,RB2-000062,29700.0,29716.0,overlapping_active_same_direction_rb_tapped
5,174,2026-07-13 08:35:00-04:00,bullish,"(29684.5, 29684.5, 29658.0, 29672.75)",29658.0,29672.75,RB2-000058,29647.5,29668.5,overlapping_active_same_direction_rb_tapped
5,175,2026-07-13 08:40:00-04:00,bullish,"(29672.25, 29675.75, 29655.5, 29674.75)",29655.5,29672.25,RB2-000058,29647.5,29668.5,overlapping_active_same_direction_rb_tapped
5,176,2026-07-13 08:45:00-04:00,bullish,"(29675.25, 29694.5, 29666.25, 29689.5)",29666.25,29675.25,RB2-000058,29647.5,29668.5,overlapping_active_same_direction_rb_tapped
5,180,2026-07-13 09:05:00-04:00,bullish,"(29719.25, 29748.0, 29711.0, 29740.75)",29711.0,29719.25,RB2-000085,29702.5,29712.0,overlapping_active_same_direction_rb_tapped
5,182,2026-07-13 09:15:00-04:00,bullish,"(29727.25, 29729.5, 29715.5, 29719.25)",29715.5,29719.25,RB2-000087,29719.0,29727.5,overlapping_active_same_direction_rb_tapped
5,186,2026-07-13 09:35:00-04:00,bearish,"(29710.0, 29737.25, 29631.75, 29644.75)",29710.0,29737.25,RB2-000089,29710.75,29721.25,overlapping_active_same_direction_rb_tapped
5,188,2026-07-13 09:45:00-04:00,bullish,"(29622.5, 29623.25, 29552.25, 29596.0)",29552.25,29596.0,RB2-000044,29585.5,29593.0,overlapping_active_same_direction_rb_tapped
5,190,2026-07-13 09:55:00-04:00,bullish,"(29582.0, 29595.0, 29518.0, 29540.5)",29518.0,29540.5,RB2-000091,29535.75,29582.0,overlapping_active_same_direction_rb_tapped
5,192,2026-07-13 10:05:00-04:00,bearish,"(29631.0, 29662.5, 29580.0, 29585.5)",29631.0,29662.5,RB2-000090,29646.25,29673.5,overlapping_active_same_direction_rb_tapped
5,195,2026-07-13 10:20:00-04:00,bullish,"(29651.75, 29659.75, 29488.5, 29585.25)",29488.5,29585.25,RB2-000092,29560.75,29585.75,overlapping_active_same_direction_rb_tapped
5,199,2026-07-13 10:40:00-04:00,bullish,"(29699.25, 29707.25, 29655.0, 29685.25)",29655.0,29685.25,RB2-000094,29650.0,29666.0,overlapping_active_same_direction_rb_tapped
5,201,2026-07-13 10:50:00-04:00,bullish,"(29638.25, 29698.25, 29603.5, 29691.5)",29603.5,29638.25,RB2-000096,29624.25,29637.75,overlapping_active_same_direction_rb_tapped
5,204,2026-07-13 11:05:00-04:00,bearish,"(29718.0, 29752.5, 29706.5, 29711.0)",29718.0,29752.5,RB2-000095,29701.25,29724.0,overlapping_active_same_direction_rb_tapped
5,206,2026-07-13 11:15:00-04:00,bearish,"(29692.5, 29719.0, 29671.0, 29682.25)",29692.5,29719.0,RB2-000098,29711.75,29729.5,overlapping_active_same_direction_rb_tapped
5,209,2026-07-13 11:30:00-04:00,bullish,"(29721.0, 29722.0, 29683.0, 29707.25)",29683.0,29707.25,RB2-000100,29689.5,29700.0,overlapping_active_same_direction_rb_tapped
5,210,2026-07-13 11:35:00-04:00,bearish,"(29709.0, 29724.5, 29681.25, 29692.25)",29709.0,29724.5,RB2-000098,29711.75,29729.5,overlapping_active_same_direction_rb_tapped
5,211,2026-07-13 11:40:00-04:00,bullish,"(29693.25, 29702.0, 29665.5, 29682.0)",29665.5,29682.0,RB2-000099,29662.0,29681.75,overlapping_active_same_direction_rb_tapped
5,213,2026-07-13 11:50:00-04:00,bullish,"(29654.0, 29656.5, 29617.5, 29638.0)",29617.5,29638.0,RB2-000097,29628.75,29640.0,overlapping_active_same_direction_rb_tapped
5,215,2026-07-13 12:00:00-04:00,bullish,"(29626.75, 29631.0, 29596.75, 29612.25)",29596.75,29612.25,RB2-000102,29599.75,29626.75,overlapping_active_same_direction_rb_tapped
5,219,2026-07-13 12:20:00-04:00,bullish,"(29613.25, 29616.0, 29566.25, 29585.5)",29566.25,29585.5,RB2-000104,29584.25,29594.25,overlapping_active_same_direction_rb_tapped
5,221,2026-07-13 12:30:00-04:00,bullish,"(29565.75, 29568.25, 29535.0, 29558.0)",29535.0,29558.0,RB2-000106,29556.25,29565.5,overlapping_active_same_direction_rb_tapped
5,224,2026-07-13 12:45:00-04:00,bullish,"(29517.5, 29550.5, 29497.0, 29537.25)",29497.0,29517.5,RB2-000107,29460.75,29511.5,overlapping_active_same_direction_rb_tapped
5,226,2026-07-13 12:55:00-04:00,bullish,"(29512.0, 29524.25, 29463.75, 29505.0)",29463.75,29505.0,RB2-000107,29460.75,29511.5,overlapping_active_same_direction_rb_tapped
5,227,2026-07-13 13:00:00-04:00,bearish,"(29504.0, 29546.25, 29489.25, 29525.75)",29525.75,29546.25,RB2-000108,29537.0,29556.25,overlapping_active_same_direction_rb_tapped
5,228,2026-07-13 13:05:00-04:00,bearish,"(29526.5, 29554.25, 29516.5, 29530.5)",29530.5,29554.25,RB2-000108,29537.0,29556.25,overlapping_active_same_direction_rb_tapped
5,231,2026-07-13 13:20:00-04:00,bullish,"(29541.5, 29551.5, 29511.5, 29539.75)",29511.5,29539.75,RB2-000107,29460.75,29511.5,overlapping_active_same_direction_rb_tapped
5,233,2026-07-13 13:30:00-04:00,bullish,"(29514.0, 29524.0, 29498.25, 29518.25)",29498.25,29514.0,RB2-000107,29460.75,29511.5,overlapping_active_same_direction_rb_tapped
5,234,2026-07-13 13:35:00-04:00,bullish,"(29518.75, 29533.25, 29506.25, 29525.75)",29506.25,29518.75,RB2-000107,29460.75,29511.5,overlapping_active_same_direction_rb_tapped
5,235,2026-07-13 13:40:00-04:00,bullish,"(29525.5, 29525.5, 29487.5, 29499.5)",29487.5,29499.5,RB2-000107,29460.75,29511.5,overlapping_active_same_direction_rb_tapped
5,236,2026-07-13 13:45:00-04:00,bullish,"(29499.75, 29521.75, 29485.25, 29513.25)",29485.25,29499.75,RB2-000107,29460.75,29511.5,overlapping_active_same_direction_rb_tapped
5,238,2026-07-13 13:55:00-04:00,bullish,"(29493.0, 29497.25, 29468.0, 29488.25)",29468.0,29488.25,RB2-000107,29460.75,29511.5,overlapping_active_same_direction_rb_tapped
5,240,2026-07-13 14:05:00-04:00,bearish,"(29480.0, 29521.0, 29476.0, 29501.25)",29501.25,29521.0,RB2-000110,29512.75,29526.25,overlapping_active_same_direction_rb_tapped
5,241,2026-07-13 14:10:00-04:00,bearish,"(29500.25, 29539.5, 29500.0, 29507.75)",29507.75,29539.5,RB2-000110,29512.75,29526.25,overlapping_active_same_direction_rb_tapped
5,242,2026-07-13 14:15:00-04:00,bullish,"(29508.0, 29518.0, 29476.75, 29515.25)",29476.75,29508.0,RB2-000107,29460.75,29511.5,overlapping_active_same_direction_rb_tapped
5,243,2026-07-13 14:20:00-04:00,bullish,"(29515.25, 29521.75, 29467.5, 29482.5)",29467.5,29482.5,RB2-000107,29460.75,29511.5,overlapping_active_same_direction_rb_tapped
5,244,2026-07-13 14:25:00-04:00,bullish,"(29482.75, 29504.75, 29473.25, 29502.0)",29473.25,29482.75,RB2-000107,29460.75,29511.5,overlapping_active_same_direction_rb_tapped
5,247,2026-07-13 14:40:00-04:00,bearish,"(29474.5, 29509.0, 29471.25, 29497.5)",29497.5,29509.0,RB2-000112,29475.25,29497.75,overlapping_active_same_direction_rb_tapped
5,249,2026-07-13 14:50:00-04:00,bullish,"(29501.75, 29513.0, 29488.5, 29509.25)",29488.5,29501.75,RB2-000107,29460.75,29511.5,overlapping_active_same_direction_rb_tapped
5,250,2026-07-13 14:55:00-04:00,bearish,"(29509.75, 29521.5, 29492.75, 29503.5)",29509.75,29521.5,RB2-000113,29500.75,29517.25,overlapping_active_same_direction_rb_tapped
5,251,2026-07-13 15:00:00-04:00,bullish,"(29504.5, 29512.25, 29483.5, 29493.5)",29483.5,29493.5,RB2-000107,29460.75,29511.5,overlapping_active_same_direction_rb_tapped
5,252,2026-07-13 15:05:00-04:00,bullish,"(29493.5, 29522.0, 29475.25, 29517.5)",29475.25,29493.5,RB2-000107,29460.75,29511.5,overlapping_active_same_direction_rb_tapped
5,254,2026-07-13 15:15:00-04:00,bullish,"(29478.25, 29481.5, 29451.0, 29464.0)",29451.0,29464.0,RB2-000107,29460.75,29511.5,overlapping_active_same_direction_rb_tapped
5,257,2026-07-13 15:30:00-04:00,bullish,"(29434.5, 29436.5, 29402.5, 29418.5)",29402.5,29418.5,RB2-000116,29416.0,29434.75,overlapping_active_same_direction_rb_tapped
5,260,2026-07-13 15:45:00-04:00,bullish,"(29406.25, 29455.75, 29397.25, 29451.0)",29397.25,29406.25,RB2-000118,29393.25,29406.5,overlapping_active_same_direction_rb_tapped
5,262,2026-07-13 15:55:00-04:00,bearish,"(29459.5, 29500.25, 29452.75, 29467.25)",29467.25,29500.25,RB2-000115,29463.75,29468.5,overlapping_active_same_direction_rb_tapped
5,265,2026-07-13 16:10:00-04:00,bearish,"(29462.75, 29471.0, 29449.25, 29452.75)",29462.75,29471.0,RB2-000120,29467.25,29504.25,overlapping_active_same_direction_rb_tapped
5,266,2026-07-13 16:15:00-04:00,bullish,"(29453.5, 29463.5, 29436.25, 29454.5)",29436.25,29453.5,RB2-000119,29434.25,29450.75,overlapping_active_same_direction_rb_tapped
5,267,2026-07-13 16:20:00-04:00,bullish,"(29454.5, 29454.75, 29386.5, 29420.0)",29386.5,29420.0,RB2-000118,29393.25,29406.5,overlapping_active_same_direction_rb_tapped
5,270,2026-07-13 16:35:00-04:00,bullish,"(29437.0, 29437.25, 29424.5, 29433.0)",29424.5,29433.0,RB2-000123,29427.0,29433.0,overlapping_active_same_direction_rb_tapped
5,272,2026-07-13 16:45:00-04:00,bullish,"(29437.0, 29440.0, 29425.25, 29435.25)",29425.25,29435.25,RB2-000124,29430.75,29432.75,overlapping_active_same_direction_rb_tapped
5,274,2026-07-13 16:55:00-04:00,bullish,"(29428.25, 29438.0, 29420.0, 29433.75)",29420.0,29428.25,RB2-000122,29416.5,29420.0,overlapping_active_same_direction_rb_tapped
5,275,2026-07-13 17:00:00-04:00,bearish,"(29433.0, 29444.25, 29426.0, 29428.75)",29433.0,29444.25,RB2-000125,29434.25,29438.25,overlapping_active_same_direction_rb_tapped
5,276,2026-07-13 18:05:00-04:00,bearish,"(29446.0, 29479.5, 29437.75, 29449.25)",29449.25,29479.5,RB2-000120,29467.25,29504.25,overlapping_active_same_direction_rb_tapped
5,277,2026-07-13 18:10:00-04:00,bearish,"(29449.5, 29475.75, 29449.5, 29465.5)",29465.5,29475.75,RB2-000120,29467.25,29504.25,overlapping_active_same_direction_rb_tapped
5,280,2026-07-13 18:25:00-04:00,bearish,"(29458.0, 29467.75, 29438.5, 29440.25)",29458.0,29467.75,RB2-000120,29467.25,29504.25,overlapping_active_same_direction_rb_tapped
5,283,2026-07-13 18:40:00-04:00,bullish,"(29431.5, 29437.25, 29426.25, 29432.25)",29426.25,29431.5,RB2-000128,29427.25,29431.5,overlapping_active_same_direction_rb_tapped
5,284,2026-07-13 18:45:00-04:00,bearish,"(29434.75, 29443.75, 29433.5, 29441.0)",29441.0,29443.75,RB2-000127,29440.25,29449.5,overlapping_active_same_direction_rb_tapped
5,285,2026-07-13 18:50:00-04:00,bearish,"(29442.25, 29458.75, 29438.0, 29446.0)",29446.0,29458.75,RB2-000127,29440.25,29449.5,overlapping_active_same_direction_rb_tapped
5,291,2026-07-13 19:20:00-04:00,bullish,"(29382.0, 29391.25, 29375.0, 29390.25)",29375.0,29382.0,RB2-000132,29366.75,29381.0,overlapping_active_same_direction_rb_tapped
5,296,2026-07-13 19:45:00-04:00,bearish,"(29353.25, 29358.25, 29329.0, 29333.75)",29353.25,29358.25,RB2-000135,29354.25,29379.5,overlapping_active_same_direction_rb_tapped
5,305,2026-07-13 20:30:00-04:00,bullish,"(29443.0, 29444.5, 29379.25, 29420.75)",29379.25,29420.75,RB2-000141,29369.0,29395.25,overlapping_active_same_direction_rb_tapped
5,307,2026-07-13 20:40:00-04:00,bearish,"(29457.5, 29488.0, 29442.75, 29454.5)",29457.5,29488.0,RB2-000120,29467.25,29504.25,overlapping_active_same_direction_rb_tapped
5,308,2026-07-13 20:45:00-04:00,bearish,"(29451.0, 29476.25, 29399.5, 29417.75)",29451.0,29476.25,RB2-000120,29467.25,29504.25,overlapping_active_same_direction_rb_tapped
5,311,2026-07-13 21:00:00-04:00,bearish,"(29505.5, 29535.0, 29505.0, 29521.0)",29521.0,29535.0,RB2-000114,29518.0,29525.75,overlapping_active_same_direction_rb_tapped
5,313,2026-07-13 21:10:00-04:00,bullish,"(29533.0, 29540.0, 29509.75, 29519.5)",29509.75,29519.5,RB2-000143,29509.25,29521.0,overlapping_active_same_direction_rb_tapped
5,315,2026-07-13 21:20:00-04:00,bullish,"(29489.5, 29523.0, 29481.0, 29515.25)",29481.0,29489.5,RB2-000144,29480.0,29492.25,overlapping_active_same_direction_rb_tapped
5,316,2026-07-13 21:25:00-04:00,bullish,"(29514.0, 29521.0, 29485.0, 29497.5)",29485.0,29497.5,RB2-000144,29480.0,29492.25,overlapping_active_same_direction_rb_tapped
5,318,2026-07-13 21:35:00-04:00,bullish,"(29507.0, 29516.5, 29470.75, 29484.25)",29470.75,29484.25,RB2-000144,29480.0,29492.25,overlapping_active_same_direction_rb_tapped
5,320,2026-07-13 21:45:00-04:00,bullish,"(29471.25, 29483.0, 29441.0, 29472.75)",29441.0,29471.25,RB2-000146,29452.25,29469.75,overlapping_active_same_direction_rb_tapped
5,321,2026-07-13 21:50:00-04:00,bearish,"(29475.5, 29504.75, 29474.5, 29498.75)",29498.75,29504.75,RB2-000145,29504.75,29528.5,overlapping_active_same_direction_rb_tapped
5,324,2026-07-13 22:05:00-04:00,bullish,"(29447.25, 29474.0, 29430.5, 29463.75)",29430.5,29447.25,RB2-000148,29437.0,29445.0,overlapping_active_same_direction_rb_tapped
5,329,2026-07-13 22:30:00-04:00,bullish,"(29383.0, 29403.5, 29373.0, 29401.0)",29373.0,29383.0,RB2-000141,29369.0,29395.25,overlapping_active_same_direction_rb_tapped
5,330,2026-07-13 22:35:00-04:00,bearish,"(29403.25, 29411.25, 29370.25, 29372.5)",29403.25,29411.25,RB2-000151,29401.0,29411.5,overlapping_active_same_direction_rb_tapped
5,336,2026-07-13 23:05:00-04:00,bullish,"(29390.75, 29391.5, 29354.75, 29363.25)",29354.75,29363.25,RB2-000140,29325.75,29360.5,overlapping_active_same_direction_rb_tapped
5,337,2026-07-13 23:10:00-04:00,bullish,"(29362.75, 29369.0, 29351.25, 29357.75)",29351.25,29357.75,RB2-000140,29325.75,29360.5,overlapping_active_same_direction_rb_tapped
5,338,2026-07-13 23:15:00-04:00,bullish,"(29358.25, 29359.5, 29328.5, 29335.0)",29328.5,29335.0,RB2-000140,29325.75,29360.5,overlapping_active_same_direction_rb_tapped
5,340,2026-07-13 23:25:00-04:00,bullish,"(29322.75, 29350.0, 29303.5, 29332.0)",29303.5,29322.75,RB2-000155,29307.75,29323.5,overlapping_active_same_direction_rb_tapped
5,342,2026-07-13 23:35:00-04:00,bearish,"(29376.5, 29405.0, 29355.75, 29362.25)",29376.5,29405.0,RB2-000154,29391.25,29398.75,overlapping_active_same_direction_rb_tapped
5,344,2026-07-13 23:45:00-04:00,bullish,"(29372.75, 29377.5, 29334.25, 29359.25)",29334.25,29359.25,RB2-000156,29343.75,29362.75,overlapping_active_same_direction_rb_tapped
5,348,2026-07-14 00:05:00-04:00,bullish,"(29425.25, 29445.0, 29412.0, 29432.0)",29412.0,29425.25,RB2-000159,29407.5,29416.0,overlapping_active_same_direction_rb_tapped
5,351,2026-07-14 00:20:00-04:00,bullish,"(29391.0, 29403.75, 29381.0, 29395.5)",29381.0,29391.0,RB2-000161,29371.25,29391.0,overlapping_active_same_direction_rb_tapped
5,357,2026-07-14 00:50:00-04:00,bearish,"(29473.75, 29500.0, 29472.5, 29495.0)",29495.0,29500.0,RB2-000147,29495.25,29502.0,overlapping_active_same_direction_rb_tapped
5,359,2026-07-14 01:00:00-04:00,bearish,"(29498.0, 29516.5, 29494.25, 29508.5)",29508.5,29516.5,RB2-000145,29504.75,29528.5,overlapping_active_same_direction_rb_tapped
5,360,2026-07-14 01:05:00-04:00,bullish,"(29509.75, 29514.25, 29490.0, 29511.75)",29490.0,29509.75,RB2-000164,29478.0,29494.25,overlapping_active_same_direction_rb_tapped
5,361,2026-07-14 01:10:00-04:00,bearish,"(29510.25, 29533.5, 29507.0, 29523.5)",29523.5,29533.5,RB2-000145,29504.75,29528.5,overlapping_active_same_direction_rb_tapped
5,368,2026-07-14 01:45:00-04:00,bullish,"(29595.0, 29599.0, 29577.75, 29594.0)",29577.75,29594.0,RB2-000167,29585.0,29594.25,overlapping_active_same_direction_rb_tapped
5,370,2026-07-14 01:55:00-04:00,bullish,"(29595.25, 29601.0, 29587.25, 29599.0)",29587.25,29595.25,RB2-000168,29582.75,29594.75,overlapping_active_same_direction_rb_tapped
5,373,2026-07-14 02:10:00-04:00,bearish,"(29606.5, 29624.0, 29605.5, 29618.25)",29618.25,29624.0,RB2-000166,29605.0,29631.25,overlapping_active_same_direction_rb_tapped
5,376,2026-07-14 02:25:00-04:00,bearish,"(29639.5, 29649.0, 29615.75, 29616.75)",29639.5,29649.0,RB2-000171,29641.5,29649.75,overlapping_active_same_direction_rb_tapped
5,380,2026-07-14 02:45:00-04:00,bullish,"(29611.75, 29611.75, 29593.0, 29598.0)",29593.0,29598.0,RB2-000168,29582.75,29594.75,overlapping_active_same_direction_rb_tapped
5,383,2026-07-14 03:00:00-04:00,bearish,"(29573.25, 29580.25, 29562.75, 29564.25)",29573.25,29580.25,RB2-000176,29580.0,29588.5,overlapping_active_same_direction_rb_tapped
5,384,2026-07-14 03:05:00-04:00,bullish,"(29564.0, 29586.75, 29545.5, 29585.75)",29545.5,29564.0,RB2-000165,29534.75,29545.75,overlapping_active_same_direction_rb_tapped
5,387,2026-07-14 03:20:00-04:00,bullish,"(29599.25, 29604.5, 29583.25, 29591.0)",29583.25,29591.0,RB2-000178,29578.0,29592.5,overlapping_active_same_direction_rb_tapped
5,388,2026-07-14 03:25:00-04:00,bullish,"(29590.25, 29602.0, 29576.75, 29592.5)",29576.75,29590.25,RB2-000178,29578.0,29592.5,overlapping_active_same_direction_rb_tapped
5,390,2026-07-14 03:35:00-04:00,bullish,"(29606.0, 29608.25, 29577.75, 29602.0)",29577.75,29602.0,RB2-000178,29578.0,29592.5,overlapping_active_same_direction_rb_tapped
5,391,2026-07-14 03:40:00-04:00,bullish,"(29600.25, 29605.0, 29585.25, 29600.5)",29585.25,29600.25,RB2-000178,29578.0,29592.5,overlapping_active_same_direction_rb_tapped
5,394,2026-07-14 03:55:00-04:00,bearish,"(29595.25, 29609.75, 29591.5, 29598.5)",29598.5,29609.75,RB2-000179,29604.5,29621.25,overlapping_active_same_direction_rb_tapped
5,395,2026-07-14 04:00:00-04:00,bullish,"(29597.75, 29602.75, 29568.25, 29574.5)",29568.25,29574.5,RB2-000180,29557.25,29576.0,overlapping_active_same_direction_rb_tapped
5,397,2026-07-14 04:10:00-04:00,bullish,"(29586.0, 29589.5, 29547.75, 29558.75)",29547.75,29558.75,RB2-000180,29557.25,29576.0,overlapping_active_same_direction_rb_tapped
5,399,2026-07-14 04:20:00-04:00,bearish,"(29582.0, 29614.25, 29582.0, 29605.75)",29605.75,29614.25,RB2-000179,29604.5,29621.25,overlapping_active_same_direction_rb_tapped
5,400,2026-07-14 04:25:00-04:00,bearish,"(29606.25, 29612.0, 29591.25, 29594.25)",29606.25,29612.0,RB2-000179,29604.5,29621.25,overlapping_active_same_direction_rb_tapped
5,401,2026-07-14 04:30:00-04:00,bearish,"(29598.25, 29632.0, 29598.25, 29618.25)",29618.25,29632.0,RB2-000173,29629.5,29634.25,overlapping_active_same_direction_rb_tapped
5,403,2026-07-14 04:40:00-04:00,bearish,"(29620.75, 29636.25, 29614.5, 29622.0)",29622.0,29636.25,RB2-000173,29629.5,29634.25,overlapping_active_same_direction_rb_tapped
5,408,2026-07-14 05:05:00-04:00,bullish,"(29573.0, 29600.5, 29557.75, 29599.0)",29557.75,29573.0,RB2-000184,29572.25,29583.25,overlapping_active_same_direction_rb_tapped
5,411,2026-07-14 05:20:00-04:00,bullish,"(29623.5, 29629.5, 29592.0, 29603.25)",29592.0,29603.25,RB2-000185,29584.5,29599.75,overlapping_active_same_direction_rb_tapped
5,412,2026-07-14 05:25:00-04:00,bullish,"(29605.25, 29607.5, 29585.5, 29591.0)",29585.5,29591.0,RB2-000185,29584.5,29599.75,overlapping_active_same_direction_rb_tapped
5,419,2026-07-14 06:00:00-04:00,bullish,"(29609.0, 29609.75, 29596.75, 29602.25)",29596.75,29602.25,RB2-000190,29601.0,29608.0,overlapping_active_same_direction_rb_tapped
5,421,2026-07-14 06:10:00-04:00,bullish,"(29610.5, 29615.5, 29599.0, 29613.25)",29599.0,29610.5,RB2-000191,29594.75,29603.25,overlapping_active_same_direction_rb_tapped
5,423,2026-07-14 06:20:00-04:00,bullish,"(29607.25, 29608.5, 29592.25, 29599.0)",29592.25,29599.0,RB2-000191,29594.75,29603.25,overlapping_active_same_direction_rb_tapped
5,425,2026-07-14 06:30:00-04:00,bullish,"(29597.25, 29599.25, 29585.5, 29598.75)",29585.5,29597.25,RB2-000192,29590.0,29597.5,overlapping_active_same_direction_rb_tapped
5,429,2026-07-14 06:50:00-04:00,bullish,"(29603.25, 29616.0, 29601.0, 29614.25)",29601.0,29603.25,RB2-000195,29595.0,29607.25,overlapping_active_same_direction_rb_tapped
5,430,2026-07-14 06:55:00-04:00,bearish,"(29611.0, 29620.5, 29600.0, 29602.75)",29611.0,29620.5,RB2-000194,29615.0,29633.0,overlapping_active_same_direction_rb_tapped
5,431,2026-07-14 07:00:00-04:00,bullish,"(29600.5, 29608.5, 29589.25, 29607.25)",29589.25,29600.5,RB2-000195,29595.0,29607.25,overlapping_active_same_direction_rb_tapped
5,432,2026-07-14 07:05:00-04:00,bearish,"(29606.75, 29621.25, 29561.0, 29572.75)",29606.75,29621.25,RB2-000194,29615.0,29633.0,overlapping_active_same_direction_rb_tapped
5,437,2026-07-14 07:30:00-04:00,bearish,"(29655.5, 29670.5, 29640.5, 29640.5)",29655.5,29670.5,RB2-000198,29655.25,29665.0,overlapping_active_same_direction_rb_tapped
5,440,2026-07-14 07:45:00-04:00,bullish,"(29627.5, 29633.5, 29613.75, 29620.5)",29613.75,29620.5,RB2-000200,29616.75,29626.75,overlapping_active_same_direction_rb_tapped
5,441,2026-07-14 07:50:00-04:00,bearish,"(29619.0, 29656.5, 29617.75, 29642.25)",29642.25,29656.5,RB2-000199,29640.75,29668.25,overlapping_active_same_direction_rb_tapped
5,442,2026-07-14 07:55:00-04:00,bearish,"(29642.25, 29658.5, 29638.25, 29645.5)",29645.5,29658.5,RB2-000199,29640.75,29668.25,overlapping_active_same_direction_rb_tapped
5,443,2026-07-14 08:00:00-04:00,bearish,"(29644.75, 29654.0, 29627.0, 29632.0)",29644.75,29654.0,RB2-000199,29640.75,29668.25,overlapping_active_same_direction_rb_tapped
5,446,2026-07-14 08:15:00-04:00,bullish,"(29590.0, 29594.5, 29570.0, 29590.25)",29570.0,29590.0,RB2-000197,29555.0,29573.5,overlapping_active_same_direction_rb_tapped
5,455,2026-07-14 09:00:00-04:00,bullish,"(29775.0, 29788.25, 29754.0, 29772.5)",29754.0,29772.5,RB2-000207,29762.0,29773.25,overlapping_active_same_direction_rb_tapped
5,457,2026-07-14 09:10:00-04:00,bearish,"(29777.25, 29809.0, 29771.5, 29790.75)",29790.75,29809.0,RB2-000208,29775.25,29795.75,overlapping_active_same_direction_rb_tapped
5,461,2026-07-14 09:30:00-04:00,bearish,"(29796.25, 29832.0, 29794.5, 29811.75)",29811.75,29832.0,RB2-000205,29830.0,29849.5,overlapping_active_same_direction_rb_tapped
5,465,2026-07-14 09:50:00-04:00,bearish,"(29752.75, 29808.5, 29725.0, 29765.0)",29765.0,29808.5,RB2-000211,29770.0,29798.0,overlapping_active_same_direction_rb_tapped
5,466,2026-07-14 09:55:00-04:00,bullish,"(29765.25, 29799.5, 29714.0, 29757.75)",29714.0,29757.75,RB2-000212,29701.0,29754.25,overlapping_active_same_direction_rb_tapped
5,467,2026-07-14 10:00:00-04:00,bullish,"(29757.25, 29795.75, 29738.5, 29781.25)",29738.5,29757.25,RB2-000212,29701.0,29754.25,overlapping_active_same_direction_rb_tapped
5,470,2026-07-14 10:15:00-04:00,bullish,"(29667.25, 29690.5, 29639.25, 29665.25)",29639.25,29665.25,RB2-000214,29637.0,29665.25,overlapping_active_same_direction_rb_tapped
5,471,2026-07-14 10:20:00-04:00,bullish,"(29662.75, 29663.75, 29567.5, 29630.0)",29567.5,29630.0,RB2-000197,29555.0,29573.5,overlapping_active_same_direction_rb_tapped
5,473,2026-07-14 10:30:00-04:00,bearish,"(29659.0, 29733.0, 29638.25, 29684.5)",29684.5,29733.0,RB2-000215,29659.75,29715.0,overlapping_active_same_direction_rb_tapped
5,474,2026-07-14 10:35:00-04:00,bearish,"(29683.75, 29839.75, 29658.25, 29770.0)",29770.0,29839.75,RB2-000205,29830.0,29849.5,overlapping_active_same_direction_rb_tapped
5,480,2026-07-14 11:05:00-04:00,bearish,"(29773.5, 29844.0, 29753.75, 29805.5)",29805.5,29844.0,RB2-000205,29830.0,29849.5,overlapping_active_same_direction_rb_tapped
5,483,2026-07-14 11:20:00-04:00,bullish,"(29847.5, 29867.25, 29825.25, 29848.0)",29825.25,29847.5,RB2-000222,29839.0,29848.75,overlapping_active_same_direction_rb_tapped
5,487,2026-07-14 11:40:00-04:00,bullish,"(29845.0, 29866.0, 29825.75, 29859.75)",29825.75,29845.0,RB2-000223,29832.5,29847.0,overlapping_active_same_direction_rb_tapped
5,488,2026-07-14 11:45:00-04:00,bullish,"(29859.25, 29859.25, 29799.0, 29835.75)",29799.0,29835.75,RB2-000221,29794.5,29806.5,overlapping_active_same_direction_rb_tapped
5,493,2026-07-14 12:10:00-04:00,bullish,"(29736.25, 29762.25, 29711.0, 29746.5)",29711.0,29736.25,RB2-000228,29716.25,29735.0,overlapping_active_same_direction_rb_tapped
5,495,2026-07-14 12:20:00-04:00,bullish,"(29739.75, 29749.5, 29704.5, 29748.75)",29704.5,29739.75,RB2-000229,29721.75,29738.0,overlapping_active_same_direction_rb_tapped
5,499,2026-07-14 12:40:00-04:00,bullish,"(29785.5, 29796.25, 29768.0, 29787.5)",29768.0,29785.5,RB2-000232,29750.25,29778.5,overlapping_active_same_direction_rb_tapped
5,504,2026-07-14 13:05:00-04:00,bearish,"(29826.75, 29838.0, 29818.0, 29821.0)",29826.75,29838.0,RB2-000226,29834.0,29852.0,overlapping_active_same_direction_rb_tapped
5,506,2026-07-14 13:15:00-04:00,bearish,"(29844.0, 29851.0, 29821.25, 29822.5)",29844.0,29851.0,RB2-000226,29834.0,29852.0,overlapping_active_same_direction_rb_tapped
5,507,2026-07-14 13:20:00-04:00,bullish,"(29822.25, 29836.25, 29807.0, 29835.0)",29807.0,29822.25,RB2-000234,29783.5,29809.75,overlapping_active_same_direction_rb_tapped
5,509,2026-07-14 13:30:00-04:00,bearish,"(29857.75, 29867.0, 29845.0, 29850.0)",29857.75,29867.0,RB2-000237,29858.0,29864.0,overlapping_active_same_direction_rb_tapped
5,513,2026-07-14 13:50:00-04:00,bullish,"(29846.0, 29858.5, 29829.0, 29850.0)",29829.0,29846.0,RB2-000239,29818.75,29831.0,overlapping_active_same_direction_rb_tapped
5,514,2026-07-14 13:55:00-04:00,bearish,"(29849.25, 29864.25, 29848.5, 29860.5)",29860.5,29864.25,RB2-000238,29849.5,29861.5,overlapping_active_same_direction_rb_tapped
5,516,2026-07-14 14:05:00-04:00,bullish,"(29863.0, 29870.0, 29842.5, 29866.75)",29842.5,29863.0,RB2-000241,29853.5,29860.5,overlapping_active_same_direction_rb_tapped
5,518,2026-07-14 14:15:00-04:00,bullish,"(29864.0, 29871.75, 29859.0, 29869.25)",29859.0,29864.0,RB2-000242,29844.5,29863.75,overlapping_active_same_direction_rb_tapped
5,522,2026-07-14 14:35:00-04:00,bullish,"(29854.0, 29864.25, 29844.5, 29862.5)",29844.5,29854.0,RB2-000242,29844.5,29863.75,overlapping_active_same_direction_rb_tapped
5,523,2026-07-14 14:40:00-04:00,bullish,"(29862.75, 29869.5, 29836.0, 29848.75)",29836.0,29848.75,RB2-000242,29844.5,29863.75,overlapping_active_same_direction_rb_tapped
5,524,2026-07-14 14:45:00-04:00,bullish,"(29849.0, 29849.0, 29810.5, 29824.75)",29810.5,29824.75,RB2-000239,29818.75,29831.0,overlapping_active_same_direction_rb_tapped
5,526,2026-07-14 14:55:00-04:00,bearish,"(29817.0, 29843.5, 29813.0, 29836.25)",29836.25,29843.5,RB2-000245,29825.75,29837.75,overlapping_active_same_direction_rb_tapped
5,529,2026-07-14 15:10:00-04:00,bullish,"(29798.0, 29803.75, 29780.0, 29788.75)",29780.0,29788.75,RB2-000234,29783.5,29809.75,overlapping_active_same_direction_rb_tapped
5,531,2026-07-14 15:20:00-04:00,bearish,"(29816.0, 29827.75, 29808.75, 29819.75)",29819.75,29827.75,RB2-000247,29824.5,29832.5,overlapping_active_same_direction_rb_tapped
5,534,2026-07-14 15:35:00-04:00,bullish,"(29797.25, 29803.75, 29771.0, 29800.75)",29771.0,29797.25,RB2-000232,29750.25,29778.5,overlapping_active_same_direction_rb_tapped
5,541,2026-07-14 16:10:00-04:00,bearish,"(29776.0, 29810.0, 29773.75, 29789.75)",29789.75,29810.0,RB2-000253,29804.75,29818.25,overlapping_active_same_direction_rb_tapped
5,542,2026-07-14 16:15:00-04:00,bullish,"(29789.25, 29792.5, 29777.5, 29788.25)",29777.5,29788.25,RB2-000232,29750.25,29778.5,overlapping_active_same_direction_rb_tapped
5,544,2026-07-14 16:25:00-04:00,bullish,"(29788.0, 29788.0, 29768.25, 29775.75)",29768.25,29775.75,RB2-000232,29750.25,29778.5,overlapping_active_same_direction_rb_tapped
5,545,2026-07-14 16:30:00-04:00,bullish,"(29776.0, 29781.25, 29767.75, 29775.0)",29767.75,29775.0,RB2-000232,29750.25,29778.5,overlapping_active_same_direction_rb_tapped
5,551,2026-07-14 17:00:00-04:00,bearish,"(29796.0, 29801.25, 29791.75, 29793.5)",29796.0,29801.25,RB2-000257,29796.25,29801.5,overlapping_active_same_direction_rb_tapped
5,552,2026-07-14 18:05:00-04:00,bullish,"(29805.0, 29806.25, 29779.25, 29787.5)",29779.25,29787.5,RB2-000258,29785.75,29789.5,overlapping_active_same_direction_rb_tapped
5,556,2026-07-14 18:25:00-04:00,bearish,"(29774.75, 29797.25, 29771.25, 29790.0)",29790.0,29797.25,RB2-000259,29785.5,29792.5,overlapping_active_same_direction_rb_tapped
5,558,2026-07-14 18:35:00-04:00,bearish,"(29788.5, 29796.0, 29783.25, 29784.75)",29788.5,29796.0,RB2-000261,29792.0,29794.5,overlapping_active_same_direction_rb_tapped
5,560,2026-07-14 18:45:00-04:00,bullish,"(29785.0, 29787.0, 29774.75, 29779.75)",29774.75,29779.75,RB2-000232,29750.25,29778.5,overlapping_active_same_direction_rb_tapped
5,562,2026-07-14 18:55:00-04:00,bearish,"(29777.0, 29780.5, 29765.0, 29768.0)",29777.0,29780.5,RB2-000263,29779.75,29783.25,overlapping_active_same_direction_rb_tapped
5,564,2026-07-14 19:05:00-04:00,bullish,"(29772.75, 29778.0, 29758.0, 29775.75)",29758.0,29772.75,RB2-000232,29750.25,29778.5,overlapping_active_same_direction_rb_tapped
5,565,2026-07-14 19:10:00-04:00,bearish,"(29778.5, 29791.75, 29777.75, 29784.5)",29784.5,29791.75,RB2-000262,29785.25,29789.25,overlapping_active_same_direction_rb_tapped
5,568,2026-07-14 19:25:00-04:00,bullish,"(29790.75, 29806.0, 29787.5, 29803.5)",29787.5,29790.75,RB2-000266,29785.0,29792.5,overlapping_active_same_direction_rb_tapped
5,570,2026-07-14 19:35:00-04:00,bearish,"(29866.25, 29881.5, 29862.0, 29866.75)",29866.75,29881.5,RB2-000243,29868.75,29878.25,overlapping_active_same_direction_rb_tapped
5,572,2026-07-14 19:45:00-04:00,bearish,"(29865.75, 29875.75, 29847.5, 29849.25)",29865.75,29875.75,RB2-000267,29866.25,29872.5,overlapping_active_same_direction_rb_tapped
5,577,2026-07-14 20:10:00-04:00,bullish,"(29863.5, 29870.75, 29837.5, 29868.0)",29837.5,29863.5,RB2-000270,29855.0,29863.5,overlapping_active_same_direction_rb_tapped
5,579,2026-07-14 20:20:00-04:00,bearish,"(29888.75, 29909.25, 29882.0, 29898.5)",29898.5,29909.25,RB2-000271,29893.0,29902.75,overlapping_active_same_direction_rb_tapped
5,582,2026-07-14 20:35:00-04:00,bearish,"(29920.25, 29928.5, 29897.0, 29898.25)",29920.25,29928.5,RB2-000272,29911.5,29938.0,overlapping_active_same_direction_rb_tapped
5,585,2026-07-14 20:50:00-04:00,bullish,"(29858.25, 29891.0, 29849.0, 29883.0)",29849.0,29858.25,RB2-000275,29841.0,29858.25,overlapping_active_same_direction_rb_tapped
5,586,2026-07-14 20:55:00-04:00,bearish,"(29880.75, 29911.5, 29880.25, 29903.5)",29903.5,29911.5,RB2-000272,29911.5,29938.0,overlapping_active_same_direction_rb_tapped
5,587,2026-07-14 21:00:00-04:00,bearish,"(29907.0, 29929.5, 29902.25, 29918.0)",29918.0,29929.5,RB2-000272,29911.5,29938.0,overlapping_active_same_direction_rb_tapped
5,589,2026-07-14 21:10:00-04:00,bullish,"(29887.75, 29893.25, 29862.75, 29877.0)",29862.75,29877.0,RB2-000276,29864.25,29886.0,overlapping_active_same_direction_rb_tapped
5,590,2026-07-14 21:15:00-04:00,bullish,"(29878.75, 29889.25, 29860.0, 29886.25)",29860.0,29878.75,RB2-000276,29864.25,29886.0,overlapping_active_same_direction_rb_tapped
5,591,2026-07-14 21:20:00-04:00,bearish,"(29885.0, 29918.25, 29885.0, 29907.0)",29907.0,29918.25,RB2-000272,29911.5,29938.0,overlapping_active_same_direction_rb_tapped
5,593,2026-07-14 21:30:00-04:00,bearish,"(29909.75, 29942.75, 29907.5, 29922.75)",29922.75,29942.75,RB2-000272,29911.5,29938.0,overlapping_active_same_direction_rb_tapped
5,594,2026-07-14 21:35:00-04:00,bearish,"(29924.25, 29933.75, 29914.0, 29920.0)",29924.25,29933.75,RB2-000272,29911.5,29938.0,overlapping_active_same_direction_rb_tapped
5,602,2026-07-14 22:15:00-04:00,bearish,"(29965.75, 29981.0, 29958.5, 29963.5)",29965.75,29981.0,RB2-000281,29966.0,29974.0,overlapping_active_same_direction_rb_tapped
5,604,2026-07-14 22:25:00-04:00,bearish,"(29972.25, 29979.5, 29959.75, 29961.5)",29972.25,29979.5,RB2-000282,29972.5,29981.75,overlapping_active_same_direction_rb_tapped
5,605,2026-07-14 22:30:00-04:00,bearish,"(29960.75, 29973.5, 29958.5, 29966.75)",29966.75,29973.5,RB2-000282,29972.5,29981.75,overlapping_active_same_direction_rb_tapped
5,606,2026-07-14 22:35:00-04:00,bearish,"(29970.0, 29981.5, 29966.5, 29973.5)",29973.5,29981.5,RB2-000282,29972.5,29981.75,overlapping_active_same_direction_rb_tapped
5,607,2026-07-14 22:40:00-04:00,bearish,"(29973.75, 29985.5, 29970.0, 29981.5)",29981.5,29985.5,RB2-000282,29972.5,29981.75,overlapping_active_same_direction_rb_tapped
5,612,2026-07-14 23:05:00-04:00,bullish,"(29961.0, 29967.75, 29956.0, 29964.0)",29956.0,29961.0,RB2-000280,29949.25,29958.75,overlapping_active_same_direction_rb_tapped
5,613,2026-07-14 23:10:00-04:00,bullish,"(29961.5, 29964.0, 29953.5, 29957.5)",29953.5,29957.5,RB2-000280,29949.25,29958.75,overlapping_active_same_direction_rb_tapped
5,614,2026-07-14 23:15:00-04:00,bullish,"(29958.75, 29960.25, 29947.25, 29960.0)",29947.25,29958.75,RB2-000280,29949.25,29958.75,overlapping_active_same_direction_rb_tapped
5,617,2026-07-14 23:30:00-04:00,bearish,"(29969.5, 29985.0, 29969.25, 29978.5)",29978.5,29985.0,RB2-000284,29984.0,29987.25,overlapping_active_same_direction_rb_tapped
5,620,2026-07-14 23:45:00-04:00,bearish,"(29990.75, 30002.0, 29987.0, 29987.25)",29990.75,30002.0,RB2-000288,29995.0,29998.5,overlapping_active_same_direction_rb_tapped
5,623,2026-07-15 00:00:00-04:00,bearish,"(30015.5, 30019.25, 30010.25, 30012.5)",30015.5,30019.25,RB2-000289,30014.25,30018.0,overlapping_active_same_direction_rb_tapped
5,633,2026-07-15 00:50:00-04:00,bearish,"(30006.0, 30013.5, 30003.75, 30005.5)",30006.0,30013.5,RB2-000295,30005.0,30011.5,overlapping_active_same_direction_rb_tapped
5,639,2026-07-15 01:20:00-04:00,bullish,"(30000.0, 30023.25, 29995.5, 30019.0)",29995.5,30000.0,RB2-000299,29992.5,30015.5,overlapping_active_same_direction_rb_tapped
5,640,2026-07-15 01:25:00-04:00,bearish,"(30018.5, 30025.0, 29997.5, 29998.5)",30018.5,30025.0,RB2-000298,30022.5,30058.25,overlapping_active_same_direction_rb_tapped
5,642,2026-07-15 01:35:00-04:00,bullish,"(29980.75, 29994.25, 29967.75, 29992.25)",29967.75,29980.75,RB2-000300,29976.75,29981.75,overlapping_active_same_direction_rb_tapped
5,650,2026-07-15 02:15:00-04:00,bullish,"(30040.5, 30044.75, 30027.75, 30042.5)",30027.75,30040.5,RB2-000303,30033.0,30038.0,overlapping_active_same_direction_rb_tapped
5,652,2026-07-15 02:25:00-04:00,bullish,"(30038.75, 30038.75, 30023.0, 30034.0)",30023.0,30034.0,RB2-000304,30026.5,30036.5,overlapping_active_same_direction_rb_tapped
5,653,2026-07-15 02:30:00-04:00,bearish,"(30036.25, 30045.25, 30031.75, 30039.25)",30039.25,30045.25,RB2-000298,30022.5,30058.25,overlapping_active_same_direction_rb_tapped
5,655,2026-07-15 02:40:00-04:00,bearish,"(30024.5, 30031.0, 30018.25, 30019.25)",30024.5,30031.0,RB2-000298,30022.5,30058.25,overlapping_active_same_direction_rb_tapped
5,656,2026-07-15 02:45:00-04:00,bearish,"(30019.75, 30025.75, 30014.75, 30018.75)",30019.75,30025.75,RB2-000298,30022.5,30058.25,overlapping_active_same_direction_rb_tapped
5,657,2026-07-15 02:50:00-04:00,bearish,"(30018.5, 30026.5, 30017.5, 30022.25)",30022.25,30026.5,RB2-000298,30022.5,30058.25,overlapping_active_same_direction_rb_tapped
5,658,2026-07-15 02:55:00-04:00,bullish,"(30024.5, 30032.0, 30015.25, 30029.0)",30015.25,30024.5,RB2-000305,30009.75,30024.25,overlapping_active_same_direction_rb_tapped
5,659,2026-07-15 03:00:00-04:00,bullish,"(30028.75, 30038.0, 30012.25, 30030.0)",30012.25,30028.75,RB2-000305,30009.75,30024.25,overlapping_active_same_direction_rb_tapped
5,660,2026-07-15 03:05:00-04:00,bullish,"(30030.5, 30052.25, 30007.5, 30046.5)",30007.5,30030.5,RB2-000305,30009.75,30024.25,overlapping_active_same_direction_rb_tapped
5,661,2026-07-15 03:10:00-04:00,bearish,"(30046.5, 30062.5, 30036.25, 30042.25)",30046.5,30062.5,RB2-000298,30022.5,30058.25,overlapping_active_same_direction_rb_tapped
5,662,2026-07-15 03:15:00-04:00,bearish,"(30043.0, 30049.25, 30033.75, 30036.25)",30043.0,30049.25,RB2-000298,30022.5,30058.25,overlapping_active_same_direction_rb_tapped
5,663,2026-07-15 03:20:00-04:00,bullish,"(30035.75, 30035.75, 30015.0, 30019.25)",30015.0,30019.25,RB2-000305,30009.75,30024.25,overlapping_active_same_direction_rb_tapped
5,665,2026-07-15 03:30:00-04:00,bullish,"(29989.5, 29989.5, 29928.0, 29969.0)",29928.0,29969.0,RB2-000287,29955.0,29959.5,overlapping_active_same_direction_rb_tapped
5,672,2026-07-15 04:05:00-04:00,bullish,"(29997.25, 29998.75, 29917.0, 29931.5)",29917.0,29931.5,RB2-000279,29911.75,29920.5,overlapping_active_same_direction_rb_tapped
5,673,2026-07-15 04:10:00-04:00,bullish,"(29933.0, 29940.0, 29919.75, 29927.25)",29919.75,29927.25,RB2-000279,29911.75,29920.5,overlapping_active_same_direction_rb_tapped
5,674,2026-07-15 04:15:00-04:00,bullish,"(29927.25, 29932.75, 29909.0, 29918.25)",29909.0,29918.25,RB2-000279,29911.75,29920.5,overlapping_active_same_direction_rb_tapped
5,676,2026-07-15 04:25:00-04:00,bullish,"(29908.5, 29914.75, 29872.0, 29885.75)",29872.0,29885.75,RB2-000276,29864.25,29886.0,overlapping_active_same_direction_rb_tapped
5,679,2026-07-15 04:40:00-04:00,bullish,"(29909.25, 29918.0, 29897.75, 29916.75)",29897.75,29909.25,RB2-000312,29901.0,29909.75,overlapping_active_same_direction_rb_tapped
5,682,2026-07-15 04:55:00-04:00,bullish,"(29928.0, 29930.0, 29911.75, 29916.25)",29911.75,29916.25,RB2-000313,29902.25,29915.75,overlapping_active_same_direction_rb_tapped
5,686,2026-07-15 05:15:00-04:00,bullish,"(29955.25, 29958.0, 29943.25, 29954.0)",29943.25,29954.0,RB2-000315,29943.5,29951.0,overlapping_active_same_direction_rb_tapped
5,687,2026-07-15 05:20:00-04:00,bullish,"(29953.25, 29958.25, 29943.25, 29953.75)",29943.25,29953.25,RB2-000315,29943.5,29951.0,overlapping_active_same_direction_rb_tapped
5,689,2026-07-15 05:30:00-04:00,bullish,"(29956.75, 29959.25, 29946.25, 29950.25)",29946.25,29950.25,RB2-000315,29943.5,29951.0,overlapping_active_same_direction_rb_tapped
5,691,2026-07-15 05:40:00-04:00,bearish,"(29935.75, 29949.25, 29928.25, 29939.0)",29939.0,29949.25,RB2-000317,29947.75,29950.5,overlapping_active_same_direction_rb_tapped
5,692,2026-07-15 05:45:00-04:00,bearish,"(29939.0, 29959.75, 29937.0, 29951.0)",29951.0,29959.75,RB2-000316,29959.0,29963.5,overlapping_active_same_direction_rb_tapped
5,695,2026-07-15 06:00:00-04:00,bullish,"(29930.5, 29931.0, 29914.25, 29924.75)",29914.25,29924.75,RB2-000313,29902.25,29915.75,overlapping_active_same_direction_rb_tapped
5,697,2026-07-15 06:10:00-04:00,bearish,"(29926.5, 29933.75, 29924.5, 29927.0)",29927.0,29933.75,RB2-000319,29933.0,29946.0,overlapping_active_same_direction_rb_tapped
5,699,2026-07-15 06:20:00-04:00,bearish,"(29942.25, 29947.25, 29930.25, 29932.25)",29942.25,29947.25,RB2-000319,29933.0,29946.0,overlapping_active_same_direction_rb_tapped
5,700,2026-07-15 06:25:00-04:00,bearish,"(29931.5, 29940.75, 29901.0, 29904.75)",29931.5,29940.75,RB2-000319,29933.0,29946.0,overlapping_active_same_direction_rb_tapped
5,707,2026-07-15 07:00:00-04:00,bearish,"(29921.75, 29934.25, 29921.0, 29927.25)",29927.25,29934.25,RB2-000319,29933.0,29946.0,overlapping_active_same_direction_rb_tapped
5,708,2026-07-15 07:05:00-04:00,bearish,"(29926.0, 29953.0, 29924.5, 29939.5)",29939.5,29953.0,RB2-000319,29933.0,29946.0,overlapping_active_same_direction_rb_tapped
5,711,2026-07-15 07:20:00-04:00,bearish,"(29925.25, 29942.5, 29920.75, 29926.0)",29926.0,29942.5,RB2-000325,29936.0,29940.75,overlapping_active_same_direction_rb_tapped
5,713,2026-07-15 07:30:00-04:00,bearish,"(29925.5, 29932.0, 29915.25, 29921.5)",29925.5,29932.0,RB2-000326,29926.5,29936.75,overlapping_active_same_direction_rb_tapped
5,714,2026-07-15 07:35:00-04:00,bullish,"(29922.75, 29932.0, 29911.5, 29930.25)",29911.5,29922.75,RB2-000323,29912.75,29916.5,overlapping_active_same_direction_rb_tapped
5,716,2026-07-15 07:45:00-04:00,bearish,"(29934.0, 29942.0, 29924.0, 29928.25)",29934.0,29942.0,RB2-000326,29926.5,29936.75,overlapping_active_same_direction_rb_tapped
5,719,2026-07-15 08:00:00-04:00,bearish,"(29910.5, 29926.0, 29909.25, 29912.5)",29912.5,29926.0,RB2-000329,29910.75,29925.5,overlapping_active_same_direction_rb_tapped
5,720,2026-07-15 08:05:00-04:00,bearish,"(29914.5, 29919.5, 29901.0, 29902.75)",29914.5,29919.5,RB2-000329,29910.75,29925.5,overlapping_active_same_direction_rb_tapped
5,721,2026-07-15 08:10:00-04:00,bullish,"(29901.5, 29901.75, 29876.5, 29891.0)",29876.5,29891.0,RB2-000321,29886.0,29896.0,overlapping_active_same_direction_rb_tapped
5,725,2026-07-15 08:30:00-04:00,bullish,"(29866.5, 29884.5, 29856.25, 29875.5)",29856.25,29866.5,RB2-000332,29856.5,29866.5,overlapping_active_same_direction_rb_tapped
5,726,2026-07-15 08:35:00-04:00,bullish,"(29875.25, 29951.0, 29856.5, 29943.25)",29856.5,29875.25,RB2-000332,29856.5,29866.5,overlapping_active_same_direction_rb_tapped
5,727,2026-07-15 08:40:00-04:00,bearish,"(29941.75, 29960.5, 29932.5, 29935.75)",29941.75,29960.5,RB2-000316,29959.0,29963.5,overlapping_active_same_direction_rb_tapped
5,728,2026-07-15 08:45:00-04:00,bearish,"(29937.0, 29973.75, 29924.5, 29951.5)",29951.5,29973.75,RB2-000316,29959.0,29963.5,overlapping_active_same_direction_rb_tapped
5,731,2026-07-15 09:00:00-04:00,bearish,"(29984.75, 29995.25, 29978.25, 29980.0)",29984.75,29995.25,RB2-000309,29991.75,30005.25,overlapping_active_same_direction_rb_tapped
5,733,2026-07-15 09:10:00-04:00,bearish,"(29988.25, 29999.75, 29966.25, 29971.25)",29988.25,29999.75,RB2-000309,29991.75,30005.25,overlapping_active_same_direction_rb_tapped
5,734,2026-07-15 09:15:00-04:00,bullish,"(29970.75, 29973.0, 29939.25, 29946.5)",29939.25,29946.5,RB2-000333,29941.75,29952.0,overlapping_active_same_direction_rb_tapped
5,736,2026-07-15 09:25:00-04:00,bullish,"(29955.0, 29955.25, 29939.75, 29949.25)",29939.75,29949.25,RB2-000336,29942.75,29948.0,overlapping_active_same_direction_rb_tapped
5,738,2026-07-15 09:35:00-04:00,bullish,"(29955.5, 29977.5, 29912.5, 29953.0)",29912.5,29953.0,RB2-000337,29936.25,29949.75,overlapping_active_same_direction_rb_tapped
5,739,2026-07-15 09:40:00-04:00,bullish,"(29953.25, 29966.5, 29852.0, 29882.25)",29852.0,29882.25,RB2-000332,29856.5,29866.5,overlapping_active_same_direction_rb_tapped
5,743,2026-07-15 10:00:00-04:00,bullish,"(29798.0, 29824.25, 29779.5, 29823.5)",29779.5,29798.0,RB2-000339,29754.5,29785.0,overlapping_active_same_direction_rb_tapped
5,744,2026-07-15 10:05:00-04:00,bearish,"(29822.75, 29871.75, 29822.25, 29844.25)",29844.25,29871.75,RB2-000338,29834.25,29847.25,overlapping_active_same_direction_rb_tapped
5,746,2026-07-15 10:15:00-04:00,bearish,"(29860.75, 29873.75, 29806.0, 29806.5)",29860.75,29873.75,RB2-000340,29861.0,29892.5,overlapping_active_same_direction_rb_tapped
5,750,2026-07-15 10:35:00-04:00,bullish,"(29723.75, 29736.75, 29646.0, 29689.5)",29646.0,29689.5,RB2-000342,29639.25,29672.25,overlapping_active_same_direction_rb_tapped
5,753,2026-07-15 10:50:00-04:00,bullish,"(29600.5, 29644.0, 29562.5, 29639.25)",29562.5,29600.5,RB2-000343,29536.75,29600.5,overlapping_active_same_direction_rb_tapped
5,754,2026-07-15 10:55:00-04:00,bullish,"(29639.0, 29641.75, 29578.0, 29601.25)",29578.0,29601.25,RB2-000343,29536.75,29600.5,overlapping_active_same_direction_rb_tapped
5,755,2026-07-15 11:00:00-04:00,bullish,"(29602.25, 29633.5, 29585.25, 29630.75)",29585.25,29602.25,RB2-000343,29536.75,29600.5,overlapping_active_same_direction_rb_tapped
5,759,2026-07-15 11:20:00-04:00,bullish,"(29591.0, 29611.0, 29526.5, 29608.5)",29526.5,29591.0,RB2-000343,29536.75,29600.5,overlapping_active_same_direction_rb_tapped
5,760,2026-07-15 11:25:00-04:00,bullish,"(29608.5, 29608.75, 29540.0, 29582.0)",29540.0,29582.0,RB2-000343,29536.75,29600.5,overlapping_active_same_direction_rb_tapped
5,763,2026-07-15 11:40:00-04:00,bullish,"(29635.25, 29652.75, 29586.25, 29647.75)",29586.25,29635.25,RB2-000343,29536.75,29600.5,overlapping_active_same_direction_rb_tapped
5,765,2026-07-15 11:50:00-04:00,bullish,"(29616.5, 29618.0, 29578.25, 29596.75)",29578.25,29596.75,RB2-000343,29536.75,29600.5,overlapping_active_same_direction_rb_tapped
5,766,2026-07-15 11:55:00-04:00,bullish,"(29596.5, 29597.75, 29560.0, 29583.0)",29560.0,29583.0,RB2-000343,29536.75,29600.5,overlapping_active_same_direction_rb_tapped
5,767,2026-07-15 12:00:00-04:00,bullish,"(29584.25, 29590.0, 29565.75, 29582.0)",29565.75,29582.0,RB2-000343,29536.75,29600.5,overlapping_active_same_direction_rb_tapped
5,773,2026-07-15 12:30:00-04:00,bullish,"(29440.5, 29467.75, 29432.25, 29462.0)",29432.25,29440.5,RB2-000351,29431.25,29441.75,overlapping_active_same_direction_rb_tapped
5,774,2026-07-15 12:35:00-04:00,bearish,"(29462.0, 29483.25, 29426.0, 29434.0)",29462.0,29483.25,RB2-000350,29475.5,29496.75,overlapping_active_same_direction_rb_tapped
5,776,2026-07-15 12:45:00-04:00,bullish,"(29416.75, 29448.75, 29397.0, 29445.0)",29397.0,29416.75,RB2-000352,29408.0,29417.0,overlapping_active_same_direction_rb_tapped
5,777,2026-07-15 12:50:00-04:00,bearish,"(29445.75, 29540.25, 29433.75, 29477.75)",29477.75,29540.25,RB2-000349,29513.75,29523.0,overlapping_active_same_direction_rb_tapped
5,782,2026-07-15 13:15:00-04:00,bearish,"(29551.25, 29560.25, 29530.0, 29532.25)",29551.25,29560.25,RB2-000356,29551.5,29561.75,overlapping_active_same_direction_rb_tapped
5,785,2026-07-15 13:30:00-04:00,bullish,"(29588.25, 29608.25, 29571.75, 29604.0)",29571.75,29588.25,RB2-000357,29567.25,29580.5,overlapping_active_same_direction_rb_tapped
5,788,2026-07-15 13:45:00-04:00,bullish,"(29631.25, 29637.5, 29620.0, 29634.0)",29620.0,29631.25,RB2-000359,29608.0,29620.0,overlapping_active_same_direction_rb_tapped
5,794,2026-07-15 14:15:00-04:00,bearish,"(29719.0, 29730.0, 29714.75, 29716.25)",29719.0,29730.0,RB2-000363,29718.5,29725.0,overlapping_active_same_direction_rb_tapped
5,795,2026-07-15 14:20:00-04:00,bullish,"(29716.25, 29717.0, 29684.75, 29705.25)",29684.75,29705.25,RB2-000361,29679.0,29686.5,overlapping_active_same_direction_rb_tapped
5,802,2026-07-15 14:55:00-04:00,bullish,"(29642.25, 29648.75, 29604.0, 29624.5)",29604.0,29624.5,RB2-000359,29608.0,29620.0,overlapping_active_same_direction_rb_tapped
5,808,2026-07-15 15:25:00-04:00,bullish,"(29616.75, 29618.25, 29591.25, 29603.0)",29591.25,29603.0,RB2-000369,29595.0,29613.25,overlapping_active_same_direction_rb_tapped
5,810,2026-07-15 15:35:00-04:00,bearish,"(29643.25, 29668.0, 29612.25, 29622.25)",29643.25,29668.0,RB2-000370,29656.5,29668.75,overlapping_active_same_direction_rb_tapped
5,812,2026-07-15 15:45:00-04:00,bearish,"(29656.5, 29695.5, 29653.5, 29683.75)",29683.75,29695.5,RB2-000367,29688.75,29703.25,overlapping_active_same_direction_rb_tapped
5,814,2026-07-15 15:55:00-04:00,bearish,"(29653.75, 29691.25, 29653.75, 29680.75)",29680.75,29691.25,RB2-000367,29688.75,29703.25,overlapping_active_same_direction_rb_tapped
5,815,2026-07-15 16:00:00-04:00,bearish,"(29679.75, 29707.0, 29679.75, 29701.0)",29701.0,29707.0,RB2-000367,29688.75,29703.25,overlapping_active_same_direction_rb_tapped
5,816,2026-07-15 16:05:00-04:00,bearish,"(29701.25, 29737.0, 29695.0, 29724.75)",29724.75,29737.0,RB2-000364,29736.0,29742.75,overlapping_active_same_direction_rb_tapped
5,818,2026-07-15 16:15:00-04:00,bullish,"(29689.5, 29704.0, 29686.25, 29702.0)",29686.25,29689.5,RB2-000375,29664.0,29689.75,overlapping_active_same_direction_rb_tapped
5,822,2026-07-15 16:35:00-04:00,bullish,"(29718.5, 29719.25, 29700.0, 29706.75)",29700.0,29706.75,RB2-000376,29696.0,29702.5,overlapping_active_same_direction_rb_tapped
5,828,2026-07-15 18:05:00-04:00,bullish,"(29709.0, 29741.75, 29700.0, 29734.25)",29700.0,29709.0,RB2-000376,29696.0,29702.5,overlapping_active_same_direction_rb_tapped
5,829,2026-07-15 18:10:00-04:00,bearish,"(29735.5, 29749.0, 29735.0, 29737.25)",29737.25,29749.0,RB2-000364,29736.0,29742.75,overlapping_active_same_direction_rb_tapped
5,834,2026-07-15 18:35:00-04:00,bearish,"(29716.5, 29724.0, 29705.75, 29707.5)",29716.5,29724.0,RB2-000386,29716.25,29721.0,overlapping_active_same_direction_rb_tapped
5,837,2026-07-15 18:50:00-04:00,bearish,"(29684.25, 29700.0, 29680.75, 29682.25)",29684.25,29700.0,RB2-000388,29691.5,29697.0,overlapping_active_same_direction_rb_tapped
5,838,2026-07-15 18:55:00-04:00,bearish,"(29682.0, 29716.75, 29679.25, 29689.25)",29689.25,29716.75,RB2-000387,29706.25,29709.75,overlapping_active_same_direction_rb_tapped
5,839,2026-07-15 19:00:00-04:00,bullish,"(29692.5, 29722.25, 29677.0, 29716.25)",29677.0,29692.5,RB2-000375,29664.0,29689.75,overlapping_active_same_direction_rb_tapped
5,840,2026-07-15 19:05:00-04:00,bearish,"(29716.0, 29730.0, 29711.25, 29724.75)",29724.75,29730.0,RB2-000384,29727.25,29730.0,overlapping_active_same_direction_rb_tapped
5,842,2026-07-15 19:15:00-04:00,bearish,"(29721.25, 29736.25, 29719.25, 29720.0)",29721.25,29736.25,RB2-000384,29727.25,29730.0,overlapping_active_same_direction_rb_tapped
5,845,2026-07-15 19:30:00-04:00,bullish,"(29707.5, 29725.0, 29695.5, 29718.5)",29695.5,29707.5,RB2-000390,29697.5,29705.0,overlapping_active_same_direction_rb_tapped
5,851,2026-07-15 20:00:00-04:00,bearish,"(29691.75, 29705.25, 29682.0, 29690.0)",29691.75,29705.25,RB2-000395,29694.0,29705.75,overlapping_active_same_direction_rb_tapped
5,854,2026-07-15 20:15:00-04:00,bullish,"(29732.5, 29758.0, 29721.0, 29755.25)",29721.0,29732.5,RB2-000396,29720.25,29731.5,overlapping_active_same_direction_rb_tapped
5,856,2026-07-15 20:25:00-04:00,bullish,"(29696.75, 29705.75, 29683.75, 29693.0)",29683.75,29693.0,RB2-000375,29664.0,29689.75,overlapping_active_same_direction_rb_tapped
5,858,2026-07-15 20:35:00-04:00,bullish,"(29670.0, 29695.75, 29653.25, 29694.75)",29653.25,29670.0,RB2-000374,29648.5,29655.25,overlapping_active_same_direction_rb_tapped
5,864,2026-07-15 21:05:00-04:00,bullish,"(29653.75, 29665.75, 29632.25, 29662.5)",29632.25,29653.75,RB2-000399,29636.0,29651.25,overlapping_active_same_direction_rb_tapped
5,866,2026-07-15 21:15:00-04:00,bullish,"(29657.5, 29659.25, 29615.5, 29626.0)",29615.5,29626.0,RB2-000373,29608.5,29623.25,overlapping_active_same_direction_rb_tapped
5,869,2026-07-15 21:30:00-04:00,bearish,"(29611.5, 29622.75, 29603.0, 29605.25)",29611.5,29622.75,RB2-000401,29613.25,29629.0,overlapping_active_same_direction_rb_tapped
5,870,2026-07-15 21:35:00-04:00,bullish,"(29604.5, 29618.0, 29593.5, 29609.0)",29593.5,29604.5,RB2-000372,29589.0,29602.75,overlapping_active_same_direction_rb_tapped
5,872,2026-07-15 21:45:00-04:00,bearish,"(29635.25, 29646.0, 29608.25, 29615.25)",29635.25,29646.0,RB2-000402,29635.25,29641.75,overlapping_active_same_direction_rb_tapped
5,875,2026-07-15 22:00:00-04:00,bearish,"(29671.25, 29685.75, 29641.75, 29651.0)",29671.25,29685.75,RB2-000398,29654.25,29679.25,overlapping_active_same_direction_rb_tapped
5,882,2026-07-15 22:35:00-04:00,bullish,"(29695.5, 29703.25, 29687.0, 29698.25)",29687.0,29695.5,RB2-000408,29683.25,29693.25,overlapping_active_same_direction_rb_tapped
5,883,2026-07-15 22:40:00-04:00,bullish,"(29699.0, 29707.0, 29687.25, 29697.5)",29687.25,29697.5,RB2-000408,29683.25,29693.25,overlapping_active_same_direction_rb_tapped
5,895,2026-07-15 23:40:00-04:00,bearish,"(29740.0, 29747.0, 29720.0, 29721.0)",29740.0,29747.0,RB2-000416,29740.25,29745.25,overlapping_active_same_direction_rb_tapped
5,898,2026-07-15 23:55:00-04:00,bearish,"(29707.0, 29732.0, 29707.0, 29727.75)",29727.75,29732.0,RB2-000417,29720.5,29734.75,overlapping_active_same_direction_rb_tapped
5,901,2026-07-16 00:10:00-04:00,bearish,"(29737.5, 29748.5, 29723.25, 29723.75)",29737.5,29748.5,RB2-000419,29744.25,29750.0,overlapping_active_same_direction_rb_tapped
5,905,2026-07-16 00:30:00-04:00,bullish,"(29724.0, 29724.25, 29710.5, 29716.0)",29710.5,29716.0,RB2-000420,29710.0,29722.5,overlapping_active_same_direction_rb_tapped
5,907,2026-07-16 00:40:00-04:00,bullish,"(29712.5, 29713.25, 29702.0, 29704.75)",29702.0,29704.75,RB2-000418,29701.75,29709.5,overlapping_active_same_direction_rb_tapped
5,908,2026-07-16 00:45:00-04:00,bullish,"(29704.0, 29713.0, 29691.25, 29706.5)",29691.25,29704.0,RB2-000418,29701.75,29709.5,overlapping_active_same_direction_rb_tapped
5,910,2026-07-16 00:55:00-04:00,bullish,"(29706.5, 29712.75, 29702.0, 29711.75)",29702.0,29706.5,RB2-000422,29699.25,29703.25,overlapping_active_same_direction_rb_tapped
5,911,2026-07-16 01:00:00-04:00,bearish,"(29711.0, 29717.0, 29703.0, 29708.0)",29711.0,29717.0,RB2-000421,29715.0,29721.25,overlapping_active_same_direction_rb_tapped
5,912,2026-07-16 01:05:00-04:00,bearish,"(29709.0, 29725.75, 29708.5, 29719.75)",29719.75,29725.75,RB2-000421,29715.0,29721.25,overlapping_active_same_direction_rb_tapped
5,914,2026-07-16 01:15:00-04:00,bullish,"(29706.75, 29748.0, 29697.0, 29748.0)",29697.0,29706.75,RB2-000422,29699.25,29703.25,overlapping_active_same_direction_rb_tapped
5,916,2026-07-16 01:25:00-04:00,bearish,"(29749.75, 29769.75, 29748.0, 29765.25)",29765.25,29769.75,RB2-000423,29749.25,29767.0,overlapping_active_same_direction_rb_tapped
5,917,2026-07-16 01:30:00-04:00,bearish,"(29763.5, 29775.5, 29758.0, 29765.75)",29765.75,29775.5,RB2-000423,29749.25,29767.0,overlapping_active_same_direction_rb_tapped
5,919,2026-07-16 01:40:00-04:00,bullish,"(29710.25, 29710.25, 29670.0, 29679.5)",29670.0,29679.5,RB2-000409,29670.0,29680.0,overlapping_active_same_direction_rb_tapped
5,920,2026-07-16 01:45:00-04:00,bullish,"(29682.5, 29715.25, 29666.5, 29702.5)",29666.5,29682.5,RB2-000407,29659.0,29667.5,overlapping_active_same_direction_rb_tapped
5,923,2026-07-16 02:00:00-04:00,bearish,"(29683.75, 29706.5, 29683.25, 29686.5)",29686.5,29706.5,RB2-000425,29704.5,29711.0,overlapping_active_same_direction_rb_tapped
5,924,2026-07-16 02:05:00-04:00,bearish,"(29687.75, 29729.75, 29685.0, 29708.5)",29708.5,29729.75,RB2-000425,29704.5,29711.0,overlapping_active_same_direction_rb_tapped
5,925,2026-07-16 02:10:00-04:00,bullish,"(29707.5, 29739.25, 29646.5, 29718.5)",29646.5,29707.5,RB2-000407,29659.0,29667.5,overlapping_active_same_direction_rb_tapped
5,930,2026-07-16 02:35:00-04:00,bearish,"(29682.0, 29697.25, 29663.5, 29668.25)",29682.0,29697.25,RB2-000429,29694.75,29702.5,overlapping_active_same_direction_rb_tapped
5,933,2026-07-16 02:50:00-04:00,bullish,"(29672.25, 29684.0, 29657.0, 29681.0)",29657.0,29672.25,RB2-000430,29641.25,29667.0,overlapping_active_same_direction_rb_tapped
5,934,2026-07-16 02:55:00-04:00,bullish,"(29681.5, 29684.25, 29666.25, 29675.25)",29666.25,29675.25,RB2-000430,29641.25,29667.0,overlapping_active_same_direction_rb_tapped
5,935,2026-07-16 03:00:00-04:00,bearish,"(29674.5, 29694.0, 29672.25, 29683.75)",29683.75,29694.0,RB2-000431,29673.75,29684.5,overlapping_active_same_direction_rb_tapped
5,936,2026-07-16 03:05:00-04:00,bullish,"(29684.75, 29686.5, 29637.5, 29664.0)",29637.5,29664.0,RB2-000406,29634.0,29640.25,overlapping_active_same_direction_rb_tapped
5,937,2026-07-16 03:10:00-04:00,bullish,"(29661.5, 29664.25, 29643.25, 29648.5)",29643.25,29648.5,RB2-000430,29641.25,29667.0,overlapping_active_same_direction_rb_tapped
5,939,2026-07-16 03:20:00-04:00,bullish,"(29622.25, 29633.75, 29611.75, 29624.0)",29611.75,29622.25,RB2-000404,29620.0,29625.5,overlapping_active_same_direction_rb_tapped
5,946,2026-07-16 03:55:00-04:00,bullish,"(29582.25, 29583.25, 29555.0, 29565.5)",29555.0,29565.5,RB2-000437,29556.0,29571.25,overlapping_active_same_direction_rb_tapped
5,947,2026-07-16 04:00:00-04:00,bullish,"(29566.0, 29570.25, 29548.5, 29562.25)",29548.5,29562.25,RB2-000437,29556.0,29571.25,overlapping_active_same_direction_rb_tapped
5,952,2026-07-16 04:25:00-04:00,bearish,"(29518.0, 29561.75, 29512.75, 29524.75)",29524.75,29561.75,RB2-000439,29538.25,29549.75,overlapping_active_same_direction_rb_tapped
5,957,2026-07-16 04:50:00-04:00,bearish,"(29550.5, 29594.0, 29550.5, 29586.75)",29586.75,29594.0,RB2-000436,29583.75,29587.25,overlapping_active_same_direction_rb_tapped
5,961,2026-07-16 05:10:00-04:00,bearish,"(29615.75, 29624.0, 29602.0, 29606.75)",29615.75,29624.0,RB2-000447,29616.25,29622.25,overlapping_active_same_direction_rb_tapped
5,962,2026-07-16 05:15:00-04:00,bearish,"(29608.5, 29635.0, 29605.0, 29625.25)",29625.25,29635.0,RB2-000432,29632.75,29649.5,overlapping_active_same_direction_rb_tapped
5,963,2026-07-16 05:20:00-04:00,bearish,"(29626.25, 29645.25, 29622.75, 29627.5)",29627.5,29645.25,RB2-000432,29632.75,29649.5,overlapping_active_same_direction_rb_tapped
5,964,2026-07-16 05:25:00-04:00,bearish,"(29628.75, 29638.75, 29620.5, 29623.25)",29628.75,29638.75,RB2-000432,29632.75,29649.5,overlapping_active_same_direction_rb_tapped
5,965,2026-07-16 05:30:00-04:00,bearish,"(29624.75, 29640.25, 29611.0, 29613.25)",29624.75,29640.25,RB2-000432,29632.75,29649.5,overlapping_active_same_direction_rb_tapped
5,967,2026-07-16 05:40:00-04:00,bearish,"(29613.75, 29618.0, 29596.0, 29597.5)",29613.75,29618.0,RB2-000448,29614.75,29631.0,overlapping_active_same_direction_rb_tapped
5,972,2026-07-16 06:05:00-04:00,bullish,"(29530.25, 29545.0, 29514.5, 29540.75)",29514.5,29530.25,RB2-000441,29520.25,29523.75,overlapping_active_same_direction_rb_tapped
5,974,2026-07-16 06:15:00-04:00,bullish,"(29557.75, 29558.75, 29537.5, 29550.75)",29537.5,29550.75,RB2-000452,29534.0,29540.75,overlapping_active_same_direction_rb_tapped
5,975,2026-07-16 06:20:00-04:00,bullish,"(29550.75, 29550.75, 29533.0, 29537.25)",29533.0,29537.25,RB2-000452,29534.0,29540.75,overlapping_active_same_direction_rb_tapped
5,977,2026-07-16 06:30:00-04:00,bullish,"(29521.5, 29539.75, 29514.75, 29537.5)",29514.75,29521.5,RB2-000453,29512.25,29522.5,overlapping_active_same_direction_rb_tapped
5,981,2026-07-16 06:50:00-04:00,bearish,"(29521.25, 29531.75, 29505.0, 29510.25)",29521.25,29531.75,RB2-000455,29521.25,29529.75,overlapping_active_same_direction_rb_tapped
5,984,2026-07-16 07:05:00-04:00,bullish,"(29528.75, 29532.0, 29470.5, 29484.25)",29470.5,29484.25,RB2-000440,29478.75,29493.75,overlapping_active_same_direction_rb_tapped
5,986,2026-07-16 07:15:00-04:00,bullish,"(29474.25, 29488.0, 29459.75, 29488.0)",29459.75,29474.25,RB2-000458,29464.25,29472.75,overlapping_active_same_direction_rb_tapped
5,990,2026-07-16 07:35:00-04:00,bullish,"(29472.75, 29472.75, 29436.5, 29457.75)",29436.5,29457.75,RB2-000459,29446.25,29455.25,overlapping_active_same_direction_rb_tapped
5,992,2026-07-16 07:45:00-04:00,bullish,"(29452.0, 29462.0, 29428.0, 29439.5)",29428.0,29439.5,RB2-000461,29436.5,29451.75,overlapping_active_same_direction_rb_tapped
5,997,2026-07-16 08:10:00-04:00,bullish,"(29412.0, 29423.75, 29392.75, 29411.25)",29392.75,29411.25,RB2-000464,29410.5,29422.75,overlapping_active_same_direction_rb_tapped
5,1001,2026-07-16 08:30:00-04:00,bullish,"(29384.5, 29411.75, 29378.0, 29408.0)",29378.0,29384.5,RB2-000462,29361.0,29384.25,overlapping_active_same_direction_rb_tapped
5,1003,2026-07-16 08:40:00-04:00,bullish,"(29418.5, 29419.0, 29365.5, 29381.0)",29365.5,29381.0,RB2-000462,29361.0,29384.25,overlapping_active_same_direction_rb_tapped
5,1005,2026-07-16 08:50:00-04:00,bullish,"(29374.75, 29401.0, 29363.5, 29390.0)",29363.5,29374.75,RB2-000462,29361.0,29384.25,overlapping_active_same_direction_rb_tapped
5,1006,2026-07-16 08:55:00-04:00,bullish,"(29390.0, 29415.0, 29383.25, 29410.75)",29383.25,29390.0,RB2-000462,29361.0,29384.25,overlapping_active_same_direction_rb_tapped
5,1011,2026-07-16 09:20:00-04:00,bullish,"(29451.5, 29460.0, 29441.75, 29457.75)",29441.75,29451.5,RB2-000472,29431.75,29441.75,overlapping_active_same_direction_rb_tapped
5,1014,2026-07-16 09:35:00-04:00,bearish,"(29466.0, 29532.0, 29429.75, 29433.5)",29466.0,29532.0,RB2-000457,29531.0,29537.75,overlapping_active_same_direction_rb_tapped
5,1018,2026-07-16 09:55:00-04:00,bearish,"(29272.0, 29353.75, 29265.25, 29289.75)",29289.75,29353.75,RB2-000476,29316.5,29342.75,overlapping_active_same_direction_rb_tapped
5,1023,2026-07-16 10:20:00-04:00,bullish,"(29467.5, 29501.0, 29441.25, 29482.0)",29441.25,29467.5,RB2-000479,29447.5,29468.5,overlapping_active_same_direction_rb_tapped
5,1025,2026-07-16 10:30:00-04:00,bullish,"(29438.25, 29488.0, 29406.0, 29482.5)",29406.0,29438.25,RB2-000480,29397.75,29439.0,overlapping_active_same_direction_rb_tapped
5,1028,2026-07-16 10:45:00-04:00,bullish,"(29457.75, 29470.5, 29426.5, 29464.5)",29426.5,29457.75,RB2-000480,29397.75,29439.0,overlapping_active_same_direction_rb_tapped
5,1029,2026-07-16 10:50:00-04:00,bearish,"(29464.5, 29479.0, 29438.0, 29438.5)",29464.5,29479.0,RB2-000482,29463.0,29513.5,overlapping_active_same_direction_rb_tapped
5,1031,2026-07-16 11:00:00-04:00,bullish,"(29390.5, 29437.5, 29362.0, 29433.75)",29362.0,29390.5,RB2-000483,29375.5,29390.5,overlapping_active_same_direction_rb_tapped
5,1034,2026-07-16 11:15:00-04:00,bullish,"(29393.0, 29401.75, 29336.0, 29358.5)",29336.0,29358.5,RB2-000478,29315.25,29346.5,overlapping_active_same_direction_rb_tapped
5,1035,2026-07-16 11:20:00-04:00,bullish,"(29359.0, 29392.0, 29336.75, 29391.5)",29336.75,29359.0,RB2-000478,29315.25,29346.5,overlapping_active_same_direction_rb_tapped
5,1037,2026-07-16 11:30:00-04:00,bearish,"(29387.5, 29451.5, 29384.0, 29406.75)",29406.75,29451.5,RB2-000484,29435.5,29458.75,overlapping_active_same_direction_rb_tapped
5,1038,2026-07-16 11:35:00-04:00,bullish,"(29406.5, 29441.75, 29370.0, 29438.5)",29370.0,29406.5,RB2-000486,29348.5,29387.5,overlapping_active_same_direction_rb_tapped
5,1040,2026-07-16 11:45:00-04:00,bullish,"(29454.5, 29461.0, 29380.25, 29397.75)",29380.25,29397.75,RB2-000486,29348.5,29387.5,overlapping_active_same_direction_rb_tapped
5,1041,2026-07-16 11:50:00-04:00,bullish,"(29397.5, 29397.5, 29354.5, 29391.0)",29354.5,29391.0,RB2-000486,29348.5,29387.5,overlapping_active_same_direction_rb_tapped
5,1043,2026-07-16 12:00:00-04:00,bullish,"(29418.75, 29419.75, 29373.5, 29392.5)",29373.5,29392.5,RB2-000486,29348.5,29387.5,overlapping_active_same_direction_rb_tapped
5,1045,2026-07-16 12:10:00-04:00,bullish,"(29338.75, 29355.5, 29312.75, 29338.75)",29312.75,29338.75,RB2-000478,29315.25,29346.5,overlapping_active_same_direction_rb_tapped
5,1048,2026-07-16 12:25:00-04:00,bullish,"(29298.75, 29299.5, 29260.75, 29279.75)",29260.75,29279.75,RB2-000477,29255.5,29290.75,overlapping_active_same_direction_rb_tapped
5,1049,2026-07-16 12:30:00-04:00,bearish,"(29279.75, 29315.0, 29268.5, 29299.25)",29299.25,29315.0,RB2-000489,29299.0,29313.75,overlapping_active_same_direction_rb_tapped
5,1050,2026-07-16 12:35:00-04:00,bearish,"(29300.5, 29339.5, 29294.25, 29313.75)",29313.75,29339.5,RB2-000489,29299.0,29313.75,overlapping_active_same_direction_rb_tapped
5,1052,2026-07-16 12:45:00-04:00,bearish,"(29294.0, 29323.75, 29286.0, 29292.75)",29294.0,29323.75,RB2-000490,29313.5,29321.5,overlapping_active_same_direction_rb_tapped
5,1053,2026-07-16 12:50:00-04:00,bullish,"(29294.75, 29307.0, 29270.75, 29284.5)",29270.75,29284.5,RB2-000477,29255.5,29290.75,overlapping_active_same_direction_rb_tapped
5,1054,2026-07-16 12:55:00-04:00,bullish,"(29284.5, 29327.25, 29273.25, 29322.0)",29273.25,29284.5,RB2-000477,29255.5,29290.75,overlapping_active_same_direction_rb_tapped
5,1056,2026-07-16 13:05:00-04:00,bullish,"(29339.0, 29342.0, 29285.0, 29316.5)",29285.0,29316.5,RB2-000477,29255.5,29290.75,overlapping_active_same_direction_rb_tapped
5,1057,2026-07-16 13:10:00-04:00,bullish,"(29315.75, 29333.25, 29286.25, 29324.25)",29286.25,29315.75,RB2-000477,29255.5,29290.75,overlapping_active_same_direction_rb_tapped
5,1060,2026-07-16 13:25:00-04:00,bearish,"(29298.25, 29306.25, 29278.5, 29278.75)",29298.25,29306.25,RB2-000493,29298.25,29310.5,overlapping_active_same_direction_rb_tapped
5,1062,2026-07-16 13:35:00-04:00,bearish,"(29334.0, 29345.0, 29280.5, 29287.5)",29334.0,29345.0,RB2-000491,29338.25,29352.5,overlapping_active_same_direction_rb_tapped
5,1065,2026-07-16 13:50:00-04:00,bullish,"(29244.25, 29268.0, 29219.0, 29257.25)",29219.0,29244.25,RB2-000495,29230.0,29243.75,overlapping_active_same_direction_rb_tapped
5,1067,2026-07-16 14:00:00-04:00,bullish,"(29251.75, 29253.25, 29224.0, 29244.5)",29224.0,29244.5,RB2-000496,29235.0,29250.75,overlapping_active_same_direction_rb_tapped
5,1069,2026-07-16 14:10:00-04:00,bearish,"(29235.25, 29250.0, 29223.5, 29236.5)",29236.5,29250.0,RB2-000497,29244.25,29260.5,overlapping_active_same_direction_rb_tapped
5,1070,2026-07-16 14:15:00-04:00,bearish,"(29235.75, 29279.5, 29233.0, 29233.0)",29235.75,29279.5,RB2-000497,29244.25,29260.5,overlapping_active_same_direction_rb_tapped
5,1072,2026-07-16 14:25:00-04:00,bearish,"(29268.5, 29304.0, 29264.25, 29289.5)",29289.5,29304.0,RB2-000494,29288.25,29297.25,overlapping_active_same_direction_rb_tapped
5,1075,2026-07-16 14:40:00-04:00,bullish,"(29245.5, 29245.5, 29221.75, 29226.0)",29221.75,29226.0,RB2-000498,29217.25,29232.75,overlapping_active_same_direction_rb_tapped
5,1076,2026-07-16 14:45:00-04:00,bullish,"(29225.75, 29249.5, 29198.5, 29237.75)",29198.5,29225.75,RB2-000498,29217.25,29232.75,overlapping_active_same_direction_rb_tapped
5,1081,2026-07-16 15:10:00-04:00,bearish,"(29227.0, 29240.75, 29176.25, 29184.75)",29227.0,29240.75,RB2-000502,29228.25,29242.0,overlapping_active_same_direction_rb_tapped
5,1085,2026-07-16 15:30:00-04:00,bullish,"(29149.75, 29160.25, 29119.0, 29148.5)",29119.0,29148.5,RB2-000504,29145.5,29162.5,overlapping_active_same_direction_rb_tapped
5,1087,2026-07-16 15:40:00-04:00,bullish,"(29149.0, 29162.75, 29117.25, 29151.5)",29117.25,29149.0,RB2-000506,29118.25,29147.5,overlapping_active_same_direction_rb_tapped
5,1091,2026-07-16 16:00:00-04:00,bearish,"(29174.25, 29238.25, 29174.25, 29217.0)",29217.0,29238.25,RB2-000502,29228.25,29242.0,overlapping_active_same_direction_rb_tapped
5,1092,2026-07-16 16:05:00-04:00,bearish,"(29216.75, 29231.25, 29191.0, 29199.0)",29216.75,29231.25,RB2-000502,29228.25,29242.0,overlapping_active_same_direction_rb_tapped
5,1096,2026-07-16 16:25:00-04:00,bearish,"(29187.5, 29200.0, 29180.5, 29191.5)",29191.5,29200.0,RB2-000511,29186.75,29191.75,overlapping_active_same_direction_rb_tapped
5,1100,2026-07-16 16:45:00-04:00,bearish,"(29182.5, 29189.75, 29170.0, 29174.5)",29182.5,29189.75,RB2-000514,29182.25,29187.5,overlapping_active_same_direction_rb_tapped
5,1102,2026-07-16 16:55:00-04:00,bearish,"(29171.5, 29178.0, 29169.0, 29175.0)",29175.0,29178.0,RB2-000515,29172.75,29180.0,overlapping_active_same_direction_rb_tapped
5,1103,2026-07-16 17:00:00-04:00,bullish,"(29175.0, 29183.25, 29169.0, 29179.0)",29169.0,29175.0,RB2-000513,29164.0,29173.0,overlapping_active_same_direction_rb_tapped
5,1105,2026-07-16 18:10:00-04:00,bearish,"(29213.0, 29216.75, 29199.75, 29202.25)",29213.0,29216.75,RB2-000516,29214.75,29220.0,overlapping_active_same_direction_rb_tapped
5,1106,2026-07-16 18:15:00-04:00,bullish,"(29204.25, 29205.25, 29166.25, 29186.5)",29166.25,29186.5,RB2-000513,29164.0,29173.0,overlapping_active_same_direction_rb_tapped
5,1112,2026-07-16 18:45:00-04:00,bullish,"(29153.5, 29154.75, 29130.75, 29149.5)",29130.75,29149.5,RB2-000519,29137.75,29143.75,overlapping_active_same_direction_rb_tapped
5,1115,2026-07-16 19:00:00-04:00,bearish,"(29124.0, 29148.75, 29115.25, 29136.5)",29136.5,29148.75,RB2-000518,29142.25,29159.25,overlapping_active_same_direction_rb_tapped
5,1121,2026-07-16 19:30:00-04:00,bullish,"(29092.5, 29105.25, 29075.75, 29093.0)",29075.75,29092.5,RB2-000508,29078.5,29094.25,overlapping_active_same_direction_rb_tapped
5,1122,2026-07-16 19:35:00-04:00,bullish,"(29092.5, 29096.5, 29067.0, 29080.0)",29067.0,29080.0,RB2-000508,29078.5,29094.25,overlapping_active_same_direction_rb_tapped
5,1126,2026-07-16 19:55:00-04:00,bearish,"(29097.0, 29118.0, 29093.5, 29108.75)",29108.75,29118.0,RB2-000524,29109.25,29129.75,overlapping_active_same_direction_rb_tapped
5,1127,2026-07-16 20:00:00-04:00,bullish,"(29109.5, 29110.75, 29082.75, 29096.5)",29082.75,29096.5,RB2-000525,29089.25,29098.75,overlapping_active_same_direction_rb_tapped
5,1128,2026-07-16 20:05:00-04:00,bearish,"(29095.5, 29124.25, 29092.75, 29096.0)",29096.0,29124.25,RB2-000524,29109.25,29129.75,overlapping_active_same_direction_rb_tapped
5,1129,2026-07-16 20:10:00-04:00,bullish,"(29093.75, 29097.5, 29052.5, 29060.25)",29052.5,29060.25,RB2-000523,29060.0,29080.25,overlapping_active_same_direction_rb_tapped
5,1132,2026-07-16 20:25:00-04:00,bearish,"(29049.5, 29062.25, 29030.5, 29036.25)",29049.5,29062.25,RB2-000527,29048.5,29076.0,overlapping_active_same_direction_rb_tapped
5,1136,2026-07-16 20:45:00-04:00,bullish,"(29009.0, 29030.5, 28995.0, 29024.75)",28995.0,29009.0,RB2-000530,28993.5,29006.5,overlapping_active_same_direction_rb_tapped
5,1139,2026-07-16 21:00:00-04:00,bearish,"(29068.0, 29082.0, 29056.0, 29057.0)",29068.0,29082.0,RB2-000527,29048.5,29076.0,overlapping_active_same_direction_rb_tapped
5,1144,2026-07-16 21:25:00-04:00,bearish,"(29022.25, 29033.75, 29012.25, 29020.75)",29022.25,29033.75,RB2-000535,29031.75,29046.0,overlapping_active_same_direction_rb_tapped
5,1151,2026-07-16 22:00:00-04:00,bearish,"(28953.5, 28979.75, 28950.0, 28972.0)",28972.0,28979.75,RB2-000539,28972.25,28990.75,overlapping_active_same_direction_rb_tapped
5,1155,2026-07-16 22:20:00-04:00,bullish,"(28957.5, 28961.25, 28935.0, 28948.0)",28935.0,28948.0,RB2-000540,28945.75,28956.0,overlapping_active_same_direction_rb_tapped
5,1157,2026-07-16 22:30:00-04:00,bullish,"(28928.0, 28938.75, 28917.25, 28928.75)",28917.25,28928.0,RB2-000543,28926.0,28931.0,overlapping_active_same_direction_rb_tapped
5,1159,2026-07-16 22:40:00-04:00,bullish,"(28912.5, 28922.25, 28903.25, 28913.5)",28903.25,28912.5,RB2-000544,28908.5,28912.0,overlapping_active_same_direction_rb_tapped
5,1161,2026-07-16 22:50:00-04:00,bearish,"(28934.0, 28940.0, 28909.5, 28913.75)",28934.0,28940.0,RB2-000545,28932.5,28940.75,overlapping_active_same_direction_rb_tapped
5,1163,2026-07-16 23:00:00-04:00,bearish,"(28907.0, 28934.25, 28902.25, 28925.0)",28925.0,28934.25,RB2-000545,28932.5,28940.75,overlapping_active_same_direction_rb_tapped
5,1165,2026-07-16 23:10:00-04:00,bearish,"(28942.0, 28957.0, 28941.0, 28951.75)",28951.75,28957.0,RB2-000542,28956.75,28970.0,overlapping_active_same_direction_rb_tapped
5,1166,2026-07-16 23:15:00-04:00,bearish,"(28950.75, 28960.75, 28947.25, 28953.75)",28953.75,28960.75,RB2-000542,28956.75,28970.0,overlapping_active_same_direction_rb_tapped
5,1168,2026-07-16 23:25:00-04:00,bearish,"(28980.75, 29022.5, 28979.5, 28999.25)",28999.25,29022.5,RB2-000537,28996.25,29011.25,overlapping_active_same_direction_rb_tapped
5,1180,2026-07-17 00:25:00-04:00,bearish,"(28842.0, 28859.5, 28825.75, 28828.75)",28842.0,28859.5,RB2-000555,28851.25,28858.0,overlapping_active_same_direction_rb_tapped
5,1184,2026-07-17 00:45:00-04:00,bullish,"(28798.0, 28819.0, 28782.0, 28809.5)",28782.0,28798.0,RB2-000558,28774.5,28791.0,overlapping_active_same_direction_rb_tapped
5,1185,2026-07-17 00:50:00-04:00,bearish,"(28809.5, 28837.0, 28809.25, 28824.75)",28824.75,28837.0,RB2-000557,28808.0,28826.0,overlapping_active_same_direction_rb_tapped
5,1188,2026-07-17 01:05:00-04:00,bullish,"(28806.0, 28820.25, 28787.75, 28817.0)",28787.75,28806.0,RB2-000558,28774.5,28791.0,overlapping_active_same_direction_rb_tapped
5,1189,2026-07-17 01:10:00-04:00,bullish,"(28816.25, 28818.75, 28789.0, 28806.0)",28789.0,28806.0,RB2-000558,28774.5,28791.0,overlapping_active_same_direction_rb_tapped
5,1190,2026-07-17 01:15:00-04:00,bullish,"(28804.75, 28814.75, 28789.5, 28804.75)",28789.5,28804.75,RB2-000558,28774.5,28791.0,overlapping_active_same_direction_rb_tapped
5,1191,2026-07-17 01:20:00-04:00,bullish,"(28803.5, 28823.0, 28787.5, 28810.5)",28787.5,28803.5,RB2-000558,28774.5,28791.0,overlapping_active_same_direction_rb_tapped
5,1194,2026-07-17 01:35:00-04:00,bearish,"(28792.5, 28811.75, 28762.0, 28773.5)",28792.5,28811.75,RB2-000560,28791.0,28802.0,overlapping_active_same_direction_rb_tapped
5,1197,2026-07-17 01:50:00-04:00,bullish,"(28758.5, 28774.0, 28739.0, 28763.25)",28739.0,28758.5,RB2-000562,28725.0,28743.5,overlapping_active_same_direction_rb_tapped
5,1198,2026-07-17 01:55:00-04:00,bullish,"(28765.0, 28768.0, 28741.25, 28758.25)",28741.25,28758.25,RB2-000562,28725.0,28743.5,overlapping_active_same_direction_rb_tapped
5,1199,2026-07-17 02:00:00-04:00,bullish,"(28760.0, 28764.75, 28733.25, 28756.25)",28733.25,28756.25,RB2-000562,28725.0,28743.5,overlapping_active_same_direction_rb_tapped
5,1201,2026-07-17 02:10:00-04:00,bullish,"(28765.0, 28773.0, 28722.5, 28732.0)",28722.5,28732.0,RB2-000562,28725.0,28743.5,overlapping_active_same_direction_rb_tapped
5,1206,2026-07-17 02:35:00-04:00,bearish,"(28814.25, 28825.0, 28806.25, 28816.75)",28816.75,28825.0,RB2-000566,28815.25,28824.5,overlapping_active_same_direction_rb_tapped
5,1209,2026-07-17 02:50:00-04:00,bullish,"(28774.25, 28774.5, 28739.0, 28752.25)",28739.0,28752.25,RB2-000562,28725.0,28743.5,overlapping_active_same_direction_rb_tapped
5,1210,2026-07-17 02:55:00-04:00,bullish,"(28751.0, 28755.25, 28735.0, 28745.0)",28735.0,28745.0,RB2-000562,28725.0,28743.5,overlapping_active_same_direction_rb_tapped
5,1211,2026-07-17 03:00:00-04:00,bullish,"(28746.25, 28752.25, 28730.5, 28743.0)",28730.5,28743.0,RB2-000562,28725.0,28743.5,overlapping_active_same_direction_rb_tapped
5,1212,2026-07-17 03:05:00-04:00,bullish,"(28744.25, 28767.5, 28728.5, 28765.5)",28728.5,28744.25,RB2-000562,28725.0,28743.5,overlapping_active_same_direction_rb_tapped
5,1213,2026-07-17 03:10:00-04:00,bullish,"(28765.75, 28766.25, 28724.75, 28736.0)",28724.75,28736.0,RB2-000562,28725.0,28743.5,overlapping_active_same_direction_rb_tapped
5,1214,2026-07-17 03:15:00-04:00,bullish,"(28733.25, 28752.5, 28720.5, 28751.5)",28720.5,28733.25,RB2-000562,28725.0,28743.5,overlapping_active_same_direction_rb_tapped
5,1218,2026-07-17 03:35:00-04:00,bearish,"(28750.0, 28759.5, 28727.0, 28727.0)",28750.0,28759.5,RB2-000568,28748.0,28755.5,overlapping_active_same_direction_rb_tapped
5,1220,2026-07-17 03:45:00-04:00,bullish,"(28721.0, 28730.25, 28702.5, 28715.75)",28702.5,28715.75,RB2-000569,28708.0,28720.75,overlapping_active_same_direction_rb_tapped
5,1222,2026-07-17 03:55:00-04:00,bullish,"(28709.25, 28713.75, 28697.25, 28703.0)",28697.25,28703.0,RB2-000570,28688.75,28708.0,overlapping_active_same_direction_rb_tapped
5,1224,2026-07-17 04:05:00-04:00,bearish,"(28687.5, 28731.0, 28680.0, 28720.5)",28720.5,28731.0,RB2-000571,28700.75,28722.25,overlapping_active_same_direction_rb_tapped
5,1229,2026-07-17 04:30:00-04:00,bearish,"(28599.0, 28634.25, 28577.25, 28609.75)",28609.75,28634.25,RB2-000574,28600.5,28614.75,overlapping_active_same_direction_rb_tapped
5,1232,2026-07-17 04:45:00-04:00,bullish,"(28573.0, 28592.0, 28550.0, 28585.75)",28550.0,28573.0,RB2-000576,28562.75,28571.25,overlapping_active_same_direction_rb_tapped
5,1233,2026-07-17 04:50:00-04:00,bearish,"(28584.25, 28615.5, 28581.25, 28594.0)",28594.0,28615.5,RB2-000575,28609.5,28617.75,overlapping_active_same_direction_rb_tapped
5,1235,2026-07-17 05:00:00-04:00,bearish,"(28625.0, 28662.0, 28623.75, 28630.0)",28630.0,28662.0,RB2-000577,28625.25,28634.5,overlapping_active_same_direction_rb_tapped
5,1237,2026-07-17 05:10:00-04:00,bullish,"(28639.75, 28651.5, 28624.25, 28648.75)",28624.25,28639.75,RB2-000578,28618.75,28628.75,overlapping_active_same_direction_rb_tapped
5,1239,2026-07-17 05:20:00-04:00,bullish,"(28671.5, 28673.5, 28630.0, 28638.75)",28630.0,28638.75,RB2-000579,28638.75,28648.5,overlapping_active_same_direction_rb_tapped
5,1245,2026-07-17 05:50:00-04:00,bearish,"(28685.0, 28711.75, 28683.75, 28690.75)",28690.75,28711.75,RB2-000581,28707.0,28716.0,overlapping_active_same_direction_rb_tapped
5,1246,2026-07-17 05:55:00-04:00,bearish,"(28691.75, 28728.0, 28690.5, 28714.75)",28714.75,28728.0,RB2-000581,28707.0,28716.0,overlapping_active_same_direction_rb_tapped
5,1248,2026-07-17 06:05:00-04:00,bullish,"(28711.75, 28730.0, 28691.5, 28712.25)",28691.5,28711.75,RB2-000583,28695.75,28711.5,overlapping_active_same_direction_rb_tapped
5,1252,2026-07-17 06:25:00-04:00,bullish,"(28758.25, 28765.0, 28722.0, 28744.5)",28722.0,28744.5,RB2-000584,28726.0,28740.0,overlapping_active_same_direction_rb_tapped
5,1256,2026-07-17 06:45:00-04:00,bearish,"(28817.75, 28825.5, 28793.75, 28801.25)",28817.75,28825.5,RB2-000566,28815.25,28824.5,overlapping_active_same_direction_rb_tapped
5,1259,2026-07-17 07:00:00-04:00,bearish,"(28793.75, 28803.75, 28777.0, 28785.0)",28793.75,28803.75,RB2-000588,28799.25,28815.0,overlapping_active_same_direction_rb_tapped
5,1260,2026-07-17 07:05:00-04:00,bearish,"(28786.75, 28808.25, 28752.0, 28762.75)",28786.75,28808.25,RB2-000588,28799.25,28815.0,overlapping_active_same_direction_rb_tapped
5,1262,2026-07-17 07:15:00-04:00,bearish,"(28753.75, 28780.25, 28750.75, 28757.25)",28757.25,28780.25,RB2-000590,28761.5,28781.75,overlapping_active_same_direction_rb_tapped
5,1264,2026-07-17 07:25:00-04:00,bullish,"(28742.5, 28751.25, 28728.25, 28743.5)",28728.25,28742.5,RB2-000586,28724.25,28744.5,overlapping_active_same_direction_rb_tapped
5,1265,2026-07-17 07:30:00-04:00,bearish,"(28745.25, 28775.0, 28745.0, 28763.25)",28763.25,28775.0,RB2-000590,28761.5,28781.75,overlapping_active_same_direction_rb_tapped
5,1266,2026-07-17 07:35:00-04:00,bullish,"(28764.0, 28765.0, 28738.5, 28749.0)",28738.5,28749.0,RB2-000586,28724.25,28744.5,overlapping_active_same_direction_rb_tapped
5,1267,2026-07-17 07:40:00-04:00,bearish,"(28749.0, 28762.25, 28748.5, 28748.5)",28749.0,28762.25,RB2-000590,28761.5,28781.75,overlapping_active_same_direction_rb_tapped
5,1268,2026-07-17 07:45:00-04:00,bullish,"(28750.25, 28755.75, 28713.5, 28729.75)",28713.5,28729.75,RB2-000586,28724.25,28744.5,overlapping_active_same_direction_rb_tapped
5,1270,2026-07-17 07:55:00-04:00,bullish,"(28744.25, 28764.25, 28725.5, 28757.5)",28725.5,28744.25,RB2-000591,28718.0,28727.5,overlapping_active_same_direction_rb_tapped
5,1275,2026-07-17 08:20:00-04:00,bearish,"(28683.25, 28689.5, 28670.75, 28675.25)",28683.25,28689.5,RB2-000593,28686.0,28695.75,overlapping_active_same_direction_rb_tapped
5,1276,2026-07-17 08:25:00-04:00,bearish,"(28676.0, 28696.75, 28671.0, 28688.0)",28688.0,28696.75,RB2-000593,28686.0,28695.75,overlapping_active_same_direction_rb_tapped
5,1278,2026-07-17 08:35:00-04:00,bullish,"(28674.25, 28679.75, 28661.0, 28669.0)",28661.0,28669.0,RB2-000594,28662.0,28674.75,overlapping_active_same_direction_rb_tapped
5,1280,2026-07-17 08:45:00-04:00,bullish,"(28672.5, 28683.75, 28650.75, 28674.5)",28650.75,28672.5,RB2-000594,28662.0,28674.75,overlapping_active_same_direction_rb_tapped
5,1281,2026-07-17 08:50:00-04:00,bearish,"(28675.25, 28690.75, 28651.5, 28652.25)",28675.25,28690.75,RB2-000593,28686.0,28695.75,overlapping_active_same_direction_rb_tapped
5,1283,2026-07-17 09:00:00-04:00,bearish,"(28670.5, 28686.5, 28660.0, 28664.5)",28670.5,28686.5,RB2-000593,28686.0,28695.75,overlapping_active_same_direction_rb_tapped
5,1284,2026-07-17 09:05:00-04:00,bullish,"(28664.75, 28665.75, 28635.0, 28644.75)",28635.0,28644.75,RB2-000580,28632.75,28639.75,overlapping_active_same_direction_rb_tapped
5,1287,2026-07-17 09:20:00-04:00,bearish,"(28621.0, 28635.75, 28611.5, 28615.0)",28621.0,28635.75,RB2-000598,28627.25,28635.25,overlapping_active_same_direction_rb_tapped
5,1288,2026-07-17 09:25:00-04:00,bearish,"(28614.25, 28630.25, 28596.75, 28599.0)",28614.25,28630.25,RB2-000598,28627.25,28635.25,overlapping_active_same_direction_rb_tapped
5,1289,2026-07-17 09:30:00-04:00,bearish,"(28599.5, 28648.25, 28581.0, 28606.0)",28606.0,28648.25,RB2-000597,28644.5,28651.25,overlapping_active_same_direction_rb_tapped
5,1290,2026-07-17 09:35:00-04:00,bearish,"(28607.75, 28686.0, 28539.75, 28553.25)",28607.75,28686.0,RB2-000593,28686.0,28695.75,overlapping_active_same_direction_rb_tapped
5,1293,2026-07-17 09:50:00-04:00,bearish,"(28419.5, 28519.0, 28412.0, 28499.25)",28499.25,28519.0,RB2-000599,28463.0,28512.0,overlapping_active_same_direction_rb_tapped
5,1296,2026-07-17 10:05:00-04:00,bearish,"(28676.0, 28783.75, 28665.25, 28718.25)",28718.25,28783.75,RB2-000590,28761.5,28781.75,overlapping_active_same_direction_rb_tapped
5,1298,2026-07-17 10:15:00-04:00,bearish,"(28810.0, 28862.25, 28783.0, 28803.5)",28810.0,28862.25,RB2-000566,28815.25,28824.5,overlapping_active_same_direction_rb_tapped
5,1301,2026-07-17 10:30:00-04:00,bearish,"(28865.5, 28887.5, 28816.5, 28832.0)",28865.5,28887.5,RB2-000601,28848.75,28885.5,overlapping_active_same_direction_rb_tapped
5,1307,2026-07-17 11:00:00-04:00,bearish,"(28762.5, 28808.75, 28721.0, 28727.0)",28762.5,28808.75,RB2-000606,28789.5,28814.0,overlapping_active_same_direction_rb_tapped
5,1310,2026-07-17 11:15:00-04:00,bearish,"(28729.75, 28755.75, 28688.0, 28706.5)",28729.75,28755.75,RB2-000607,28727.0,28742.25,overlapping_active_same_direction_rb_tapped
5,1312,2026-07-17 11:25:00-04:00,bullish,"(28726.0, 28742.75, 28672.25, 28691.5)",28672.25,28691.5,RB2-000608,28676.75,28689.75,overlapping_active_same_direction_rb_tapped
5,1314,2026-07-17 11:35:00-04:00,bearish,"(28753.25, 28790.75, 28718.0, 28753.5)",28753.5,28790.75,RB2-000606,28789.5,28814.0,overlapping_active_same_direction_rb_tapped
5,1317,2026-07-17 11:50:00-04:00,bullish,"(28797.0, 28828.0, 28781.5, 28826.0)",28781.5,28797.0,RB2-000611,28766.25,28799.0,overlapping_active_same_direction_rb_tapped
5,1321,2026-07-17 12:10:00-04:00,bullish,"(28885.25, 28918.0, 28846.0, 28918.0)",28846.0,28885.25,RB2-000614,28856.75,28885.75,overlapping_active_same_direction_rb_tapped
5,1325,2026-07-17 12:30:00-04:00,bearish,"(28867.75, 28942.75, 28858.0, 28913.5)",28913.5,28942.75,RB2-000616,28941.25,28956.0,overlapping_active_same_direction_rb_tapped
5,1328,2026-07-17 12:45:00-04:00,bullish,"(28926.75, 28972.25, 28902.0, 28971.0)",28902.0,28926.75,RB2-000617,28885.75,28903.75,overlapping_active_same_direction_rb_tapped
5,1331,2026-07-17 13:00:00-04:00,bullish,"(29010.75, 29019.5, 28960.5, 28974.25)",28960.5,28974.25,RB2-000619,28962.5,28971.0,overlapping_active_same_direction_rb_tapped
5,1332,2026-07-17 13:05:00-04:00,bearish,"(28974.75, 29033.5, 28966.25, 29010.75)",29010.75,29033.5,RB2-000620,29010.25,29028.0,overlapping_active_same_direction_rb_tapped
5,1335,2026-07-17 13:20:00-04:00,bearish,"(28995.5, 29042.75, 28987.0, 29003.25)",29003.25,29042.75,RB2-000622,29034.0,29050.25,overlapping_active_same_direction_rb_tapped
5,1338,2026-07-17 13:35:00-04:00,bearish,"(29035.75, 29042.25, 29014.0, 29017.5)",29035.75,29042.25,RB2-000622,29034.0,29050.25,overlapping_active_same_direction_rb_tapped
5,1339,2026-07-17 13:40:00-04:00,bullish,"(29019.0, 29023.75, 28972.0, 28980.5)",28972.0,28980.5,RB2-000623,28979.25,28989.5,overlapping_active_same_direction_rb_tapped
5,1341,2026-07-17 13:50:00-04:00,bullish,"(28949.75, 28969.75, 28940.0, 28961.25)",28940.0,28949.75,RB2-000624,28943.0,28950.25,overlapping_active_same_direction_rb_tapped
5,1343,2026-07-17 14:00:00-04:00,bullish,"(28920.0, 28925.5, 28883.75, 28895.75)",28883.75,28895.75,RB2-000617,28885.75,28903.75,overlapping_active_same_direction_rb_tapped
5,1349,2026-07-17 14:30:00-04:00,bullish,"(28837.5, 28856.25, 28822.5, 28851.75)",28822.5,28837.5,RB2-000612,28800.75,28824.5,overlapping_active_same_direction_rb_tapped
5,1350,2026-07-17 14:35:00-04:00,bearish,"(28852.0, 28891.75, 28825.0, 28841.5)",28852.0,28891.75,RB2-000626,28873.75,28881.75,overlapping_active_same_direction_rb_tapped
5,1352,2026-07-17 14:45:00-04:00,bullish,"(28839.0, 28843.25, 28797.0, 28808.75)",28797.0,28808.75,RB2-000611,28766.25,28799.0,overlapping_active_same_direction_rb_tapped
5,1353,2026-07-17 14:50:00-04:00,bearish,"(28808.25, 28869.75, 28797.0, 28847.75)",28847.75,28869.75,RB2-000629,28842.0,28855.0,overlapping_active_same_direction_rb_tapped
5,1356,2026-07-17 15:05:00-04:00,bullish,"(28861.0, 28869.25, 28830.5, 28850.5)",28830.5,28850.5,RB2-000630,28832.0,28846.75,overlapping_active_same_direction_rb_tapped
5,1359,2026-07-17 15:20:00-04:00,bullish,"(28759.25, 28775.25, 28734.5, 28767.25)",28734.5,28759.25,RB2-000610,28725.0,28753.75,overlapping_active_same_direction_rb_tapped
5,1361,2026-07-17 15:30:00-04:00,bullish,"(28735.25, 28807.0, 28718.5, 28795.5)",28718.5,28735.25,RB2-000610,28725.0,28753.75,overlapping_active_same_direction_rb_tapped
5,1363,2026-07-17 15:40:00-04:00,bearish,"(28802.25, 28825.25, 28766.5, 28767.25)",28802.25,28825.25,RB2-000633,28801.75,28846.5,overlapping_active_same_direction_rb_tapped
5,1369,2026-07-17 16:10:00-04:00,bullish,"(28727.0, 28741.75, 28717.0, 28736.0)",28717.0,28727.0,RB2-000637,28712.5,28728.5,overlapping_active_same_direction_rb_tapped
5,1370,2026-07-17 16:15:00-04:00,bullish,"(28736.25, 28748.5, 28716.5, 28738.5)",28716.5,28736.25,RB2-000637,28712.5,28728.5,overlapping_active_same_direction_rb_tapped
5,1373,2026-07-17 16:30:00-04:00,bearish,"(28749.5, 28754.5, 28746.75, 28749.75)",28749.75,28754.5,RB2-000639,28748.75,28753.0,overlapping_active_same_direction_rb_tapped
5,1377,2026-07-17 16:50:00-04:00,bearish,"(28767.5, 28771.25, 28757.5, 28758.5)",28767.5,28771.25,RB2-000640,28762.25,28768.75,overlapping_active_same_direction_rb_tapped
5,1378,2026-07-17 16:55:00-04:00,bullish,"(28758.25, 28767.75, 28754.5, 28765.25)",28754.5,28758.25,RB2-000641,28750.5,28756.25,overlapping_active_same_direction_rb_tapped
15,16,2026-07-12 22:15:00-04:00,bullish,"(29762.75, 29772.0, 29727.0, 29752.75)",29727.0,29752.75,RB2-000002,29737.25,29761.25,overlapping_active_same_direction_rb_tapped
15,21,2026-07-12 23:30:00-04:00,bullish,"(29694.0, 29717.75, 29682.0, 29710.0)",29682.0,29694.0,RB2-000005,29684.75,29694.0,overlapping_active_same_direction_rb_tapped
15,23,2026-07-13 00:00:00-04:00,bearish,"(29697.25, 29725.25, 29683.0, 29688.0)",29697.25,29725.25,RB2-000006,29709.0,29727.25,overlapping_active_same_direction_rb_tapped
15,25,2026-07-13 00:30:00-04:00,bullish,"(29666.5, 29677.75, 29638.75, 29651.5)",29638.75,29651.5,RB2-000007,29650.0,29666.75,overlapping_active_same_direction_rb_tapped
15,28,2026-07-13 01:15:00-04:00,bullish,"(29627.75, 29693.75, 29606.5, 29688.5)",29606.5,29627.75,RB2-000008,29612.75,29624.0,overlapping_active_same_direction_rb_tapped
15,35,2026-07-13 03:00:00-04:00,bullish,"(29641.75, 29652.0, 29611.25, 29632.5)",29611.25,29632.5,RB2-000012,29598.5,29630.25,overlapping_active_same_direction_rb_tapped
15,36,2026-07-13 03:15:00-04:00,bullish,"(29631.5, 29675.5, 29607.0, 29670.75)",29607.0,29631.5,RB2-000012,29598.5,29630.25,overlapping_active_same_direction_rb_tapped
15,38,2026-07-13 03:45:00-04:00,bullish,"(29670.75, 29671.25, 29636.0, 29660.5)",29636.0,29660.5,RB2-000013,29642.25,29671.5,overlapping_active_same_direction_rb_tapped
15,41,2026-07-13 04:30:00-04:00,bearish,"(29705.0, 29741.5, 29704.25, 29725.75)",29725.75,29741.5,RB2-000006,29709.0,29727.25,overlapping_active_same_direction_rb_tapped
15,44,2026-07-13 05:15:00-04:00,bullish,"(29747.5, 29751.25, 29718.0, 29732.75)",29718.0,29732.75,RB2-000015,29700.0,29726.5,overlapping_active_same_direction_rb_tapped
15,47,2026-07-13 06:00:00-04:00,bullish,"(29773.25, 29773.75, 29752.0, 29770.75)",29752.0,29770.75,RB2-000017,29754.5,29763.0,overlapping_active_same_direction_rb_tapped
15,50,2026-07-13 06:45:00-04:00,bearish,"(29741.0, 29757.25, 29736.5, 29739.25)",29741.0,29757.25,RB2-000019,29747.0,29765.5,overlapping_active_same_direction_rb_tapped
15,51,2026-07-13 07:00:00-04:00,bearish,"(29738.5, 29764.0, 29735.75, 29756.75)",29756.75,29764.0,RB2-000019,29747.0,29765.5,overlapping_active_same_direction_rb_tapped
15,54,2026-07-13 07:45:00-04:00,bearish,"(29773.0, 29793.5, 29765.0, 29768.0)",29773.0,29793.5,RB2-000020,29768.25,29799.75,overlapping_active_same_direction_rb_tapped
15,56,2026-07-13 08:15:00-04:00,bullish,"(29742.0, 29757.25, 29693.75, 29728.75)",29693.75,29728.75,RB2-000015,29700.0,29726.5,overlapping_active_same_direction_rb_tapped
15,61,2026-07-13 09:30:00-04:00,bullish,"(29718.5, 29721.25, 29683.25, 29710.75)",29683.25,29710.75,RB2-000023,29655.5,29684.5,overlapping_active_same_direction_rb_tapped
15,62,2026-07-13 09:45:00-04:00,bullish,"(29710.0, 29737.25, 29552.25, 29596.0)",29552.25,29596.0,RB2-000009,29542.75,29585.0,overlapping_active_same_direction_rb_tapped
15,64,2026-07-13 10:15:00-04:00,bullish,"(29631.0, 29662.5, 29560.75, 29650.75)",29560.75,29631.0,RB2-000025,29518.0,29596.25,overlapping_active_same_direction_rb_tapped
15,65,2026-07-13 10:30:00-04:00,bullish,"(29651.75, 29703.0, 29488.5, 29701.5)",29488.5,29651.75,RB2-000025,29518.0,29596.25,overlapping_active_same_direction_rb_tapped
15,66,2026-07-13 10:45:00-04:00,bearish,"(29701.25, 29724.0, 29624.25, 29637.75)",29701.25,29724.0,RB2-000024,29719.25,29748.0,overlapping_active_same_direction_rb_tapped
15,68,2026-07-13 11:15:00-04:00,bearish,"(29718.0, 29752.5, 29671.0, 29682.25)",29718.0,29752.5,RB2-000024,29719.25,29748.0,overlapping_active_same_direction_rb_tapped
15,69,2026-07-13 11:30:00-04:00,bearish,"(29681.75, 29729.5, 29662.0, 29707.25)",29707.25,29729.5,RB2-000024,29719.25,29748.0,overlapping_active_same_direction_rb_tapped
15,70,2026-07-13 11:45:00-04:00,bearish,"(29709.0, 29724.5, 29648.25, 29654.25)",29709.0,29724.5,RB2-000024,29719.25,29748.0,overlapping_active_same_direction_rb_tapped
15,71,2026-07-13 12:00:00-04:00,bullish,"(29654.0, 29656.5, 29596.75, 29612.25)",29596.75,29612.25,RB2-000026,29603.5,29638.25,overlapping_active_same_direction_rb_tapped
15,72,2026-07-13 12:15:00-04:00,bullish,"(29611.25, 29638.5, 29584.25, 29613.5)",29584.25,29611.25,RB2-000026,29603.5,29638.25,overlapping_active_same_direction_rb_tapped
15,74,2026-07-13 12:45:00-04:00,bullish,"(29557.75, 29557.75, 29460.75, 29537.25)",29460.75,29537.25,RB2-000027,29535.0,29558.0,overlapping_active_same_direction_rb_tapped
15,77,2026-07-13 13:30:00-04:00,bullish,"(29541.5, 29551.5, 29498.25, 29518.25)",29498.25,29518.25,RB2-000028,29463.75,29525.75,overlapping_active_same_direction_rb_tapped
15,78,2026-07-13 13:45:00-04:00,bullish,"(29518.75, 29533.25, 29485.25, 29513.25)",29485.25,29513.25,RB2-000028,29463.75,29525.75,overlapping_active_same_direction_rb_tapped
15,80,2026-07-13 14:15:00-04:00,bearish,"(29480.0, 29539.5, 29476.0, 29515.25)",29515.25,29539.5,RB2-000030,29512.75,29526.25,overlapping_active_same_direction_rb_tapped
15,82,2026-07-13 14:45:00-04:00,bullish,"(29475.0, 29517.25, 29454.5, 29500.75)",29454.5,29475.0,RB2-000028,29463.75,29525.75,overlapping_active_same_direction_rb_tapped
15,84,2026-07-13 15:15:00-04:00,bearish,"(29493.5, 29525.75, 29451.0, 29464.0)",29493.5,29525.75,RB2-000031,29501.75,29521.5,overlapping_active_same_direction_rb_tapped
15,86,2026-07-13 15:45:00-04:00,bullish,"(29419.75, 29455.75, 29393.25, 29451.0)",29393.25,29419.75,RB2-000032,29402.5,29418.5,overlapping_active_same_direction_rb_tapped
15,89,2026-07-13 16:30:00-04:00,bullish,"(29454.5, 29454.75, 29386.5, 29437.75)",29386.5,29437.75,RB2-000034,29436.25,29454.5,overlapping_active_same_direction_rb_tapped
15,92,2026-07-13 18:15:00-04:00,bearish,"(29446.0, 29479.5, 29437.75, 29452.25)",29452.25,29479.5,RB2-000033,29467.0,29504.25,overlapping_active_same_direction_rb_tapped
15,93,2026-07-13 18:30:00-04:00,bearish,"(29452.0, 29467.75, 29432.0, 29434.25)",29452.0,29467.75,RB2-000033,29467.0,29504.25,overlapping_active_same_direction_rb_tapped
15,101,2026-07-13 20:30:00-04:00,bullish,"(29465.5, 29475.75, 29369.0, 29420.75)",29369.0,29420.75,RB2-000042,29325.75,29422.5,overlapping_active_same_direction_rb_tapped
15,102,2026-07-13 20:45:00-04:00,bearish,"(29420.25, 29488.0, 29399.5, 29417.75)",29420.25,29488.0,RB2-000033,29467.0,29504.25,overlapping_active_same_direction_rb_tapped
15,104,2026-07-13 21:15:00-04:00,bearish,"(29521.0, 29541.25, 29480.0, 29492.25)",29521.0,29541.25,RB2-000029,29541.0,29580.75,overlapping_active_same_direction_rb_tapped
15,107,2026-07-13 22:00:00-04:00,bearish,"(29475.5, 29504.75, 29437.0, 29445.0)",29475.5,29504.75,RB2-000043,29504.75,29528.5,overlapping_active_same_direction_rb_tapped
15,109,2026-07-13 22:30:00-04:00,bullish,"(29425.0, 29435.25, 29373.0, 29401.0)",29373.0,29401.0,RB2-000042,29325.75,29422.5,overlapping_active_same_direction_rb_tapped
15,110,2026-07-13 22:45:00-04:00,bullish,"(29403.25, 29456.0, 29365.25, 29444.5)",29365.25,29403.25,RB2-000042,29325.75,29422.5,overlapping_active_same_direction_rb_tapped
15,113,2026-07-13 23:30:00-04:00,bullish,"(29334.0, 29377.75, 29303.5, 29376.75)",29303.5,29334.0,RB2-000042,29325.75,29422.5,overlapping_active_same_direction_rb_tapped
15,118,2026-07-14 00:45:00-04:00,bearish,"(29450.5, 29488.0, 29442.5, 29474.25)",29474.25,29488.0,RB2-000045,29447.25,29489.0,overlapping_active_same_direction_rb_tapped
15,119,2026-07-14 01:00:00-04:00,bearish,"(29473.75, 29516.5, 29472.5, 29508.5)",29508.5,29516.5,RB2-000043,29504.75,29528.5,overlapping_active_same_direction_rb_tapped
15,125,2026-07-14 02:30:00-04:00,bearish,"(29629.0, 29649.75, 29595.0, 29606.25)",29629.0,29649.75,RB2-000048,29605.0,29631.25,overlapping_active_same_direction_rb_tapped
15,131,2026-07-14 04:00:00-04:00,bearish,"(29576.0, 29609.75, 29557.25, 29574.5)",29576.0,29609.75,RB2-000050,29606.25,29634.25,overlapping_active_same_direction_rb_tapped
15,132,2026-07-14 04:15:00-04:00,bullish,"(29575.0, 29602.0, 29547.75, 29580.5)",29547.75,29575.0,RB2-000051,29545.5,29564.0,overlapping_active_same_direction_rb_tapped
15,133,2026-07-14 04:30:00-04:00,bearish,"(29582.0, 29632.0, 29582.0, 29618.25)",29618.25,29632.0,RB2-000050,29606.25,29634.25,overlapping_active_same_direction_rb_tapped
15,134,2026-07-14 04:45:00-04:00,bearish,"(29617.75, 29636.25, 29606.5, 29613.5)",29617.75,29636.25,RB2-000050,29606.25,29634.25,overlapping_active_same_direction_rb_tapped
15,136,2026-07-14 05:15:00-04:00,bullish,"(29573.0, 29626.5, 29557.75, 29624.5)",29557.75,29573.0,RB2-000051,29545.5,29564.0,overlapping_active_same_direction_rb_tapped
15,138,2026-07-14 05:45:00-04:00,bearish,"(29573.5, 29609.75, 29573.25, 29599.5)",29599.5,29609.75,RB2-000050,29606.25,29634.25,overlapping_active_same_direction_rb_tapped
15,139,2026-07-14 06:00:00-04:00,bearish,"(29598.5, 29623.75, 29596.75, 29602.25)",29602.25,29623.75,RB2-000050,29606.25,29634.25,overlapping_active_same_direction_rb_tapped
15,140,2026-07-14 06:15:00-04:00,bearish,"(29603.25, 29620.25, 29594.75, 29605.0)",29605.0,29620.25,RB2-000050,29606.25,29634.25,overlapping_active_same_direction_rb_tapped
15,142,2026-07-14 06:45:00-04:00,bearish,"(29595.75, 29633.0, 29578.75, 29607.25)",29607.25,29633.0,RB2-000050,29606.25,29634.25,overlapping_active_same_direction_rb_tapped
15,144,2026-07-14 07:15:00-04:00,bullish,"(29606.75, 29621.25, 29555.0, 29608.0)",29555.0,29606.75,RB2-000051,29545.5,29564.0,overlapping_active_same_direction_rb_tapped
15,146,2026-07-14 07:45:00-04:00,bearish,"(29640.75, 29668.25, 29613.75, 29620.5)",29640.75,29668.25,RB2-000055,29640.5,29670.5,overlapping_active_same_direction_rb_tapped
15,147,2026-07-14 08:00:00-04:00,bearish,"(29619.0, 29658.5, 29617.75, 29632.0)",29632.0,29658.5,RB2-000055,29640.5,29670.5,overlapping_active_same_direction_rb_tapped
15,153,2026-07-14 09:30:00-04:00,bullish,"(29782.75, 29832.0, 29742.5, 29811.75)",29742.5,29782.75,RB2-000058,29754.0,29772.5,overlapping_active_same_direction_rb_tapped
15,155,2026-07-14 10:00:00-04:00,bullish,"(29752.75, 29808.5, 29714.0, 29781.25)",29714.0,29752.75,RB2-000060,29685.0,29754.25,overlapping_active_same_direction_rb_tapped
15,157,2026-07-14 10:30:00-04:00,bullish,"(29662.75, 29733.0, 29567.5, 29684.5)",29567.5,29662.75,RB2-000056,29570.0,29590.25,overlapping_active_same_direction_rb_tapped
15,158,2026-07-14 10:45:00-04:00,bearish,"(29683.75, 29839.75, 29658.25, 29729.0)",29729.0,29839.75,RB2-000057,29821.5,29921.75,overlapping_active_same_direction_rb_tapped
15,162,2026-07-14 11:45:00-04:00,bullish,"(29885.0, 29895.75, 29799.0, 29835.75)",29799.0,29835.75,RB2-000064,29825.25,29847.5,overlapping_active_same_direction_rb_tapped
15,163,2026-07-14 12:00:00-04:00,bullish,"(29834.0, 29852.0, 29760.0, 29785.5)",29760.0,29785.5,RB2-000063,29753.75,29773.5,overlapping_active_same_direction_rb_tapped
15,164,2026-07-14 12:15:00-04:00,bullish,"(29786.0, 29791.25, 29711.0, 29738.0)",29711.0,29738.0,RB2-000062,29659.5,29727.25,overlapping_active_same_direction_rb_tapped
15,165,2026-07-14 12:30:00-04:00,bullish,"(29739.75, 29784.0, 29704.5, 29779.25)",29704.5,29739.75,RB2-000062,29659.5,29727.25,overlapping_active_same_direction_rb_tapped
15,168,2026-07-14 13:15:00-04:00,bearish,"(29826.75, 29851.0, 29814.5, 29822.5)",29826.75,29851.0,RB2-000057,29821.5,29921.75,overlapping_active_same_direction_rb_tapped
15,169,2026-07-14 13:30:00-04:00,bearish,"(29822.25, 29867.0, 29807.0, 29850.0)",29850.0,29867.0,RB2-000057,29821.5,29921.75,overlapping_active_same_direction_rb_tapped
15,171,2026-07-14 14:00:00-04:00,bullish,"(29846.0, 29865.5, 29829.0, 29863.25)",29829.0,29846.0,RB2-000067,29818.75,29846.0,overlapping_active_same_direction_rb_tapped
15,172,2026-07-14 14:15:00-04:00,bullish,"(29863.0, 29871.75, 29842.5, 29869.25)",29842.5,29863.0,RB2-000067,29818.75,29846.0,overlapping_active_same_direction_rb_tapped
15,173,2026-07-14 14:30:00-04:00,bearish,"(29868.75, 29878.25, 29847.5, 29853.75)",29868.75,29878.25,RB2-000057,29821.5,29921.75,overlapping_active_same_direction_rb_tapped
15,174,2026-07-14 14:45:00-04:00,bearish,"(29854.0, 29869.5, 29810.5, 29824.75)",29854.0,29869.5,RB2-000057,29821.5,29921.75,overlapping_active_same_direction_rb_tapped
15,175,2026-07-14 15:00:00-04:00,bearish,"(29825.75, 29843.5, 29813.0, 29824.0)",29825.75,29843.5,RB2-000057,29821.5,29921.75,overlapping_active_same_direction_rb_tapped
15,176,2026-07-14 15:15:00-04:00,bullish,"(29824.5, 29832.5, 29780.0, 29816.0)",29780.0,29816.0,RB2-000066,29783.5,29809.75,overlapping_active_same_direction_rb_tapped
15,177,2026-07-14 15:30:00-04:00,bearish,"(29816.0, 29837.75, 29796.5, 29796.75)",29816.0,29837.75,RB2-000057,29821.5,29921.75,overlapping_active_same_direction_rb_tapped
15,178,2026-07-14 15:45:00-04:00,bullish,"(29797.25, 29817.25, 29771.0, 29811.5)",29771.0,29797.25,RB2-000065,29750.25,29778.5,overlapping_active_same_direction_rb_tapped
15,179,2026-07-14 16:00:00-04:00,bearish,"(29811.25, 29836.0, 29779.0, 29786.0)",29811.25,29836.0,RB2-000057,29821.5,29921.75,overlapping_active_same_direction_rb_tapped
15,181,2026-07-14 16:30:00-04:00,bullish,"(29787.5, 29792.25, 29767.75, 29775.0)",29767.75,29775.0,RB2-000065,29750.25,29778.5,overlapping_active_same_direction_rb_tapped
15,185,2026-07-14 18:30:00-04:00,bearish,"(29755.75, 29797.25, 29752.0, 29786.25)",29786.25,29797.25,RB2-000068,29788.25,29810.0,overlapping_active_same_direction_rb_tapped
15,186,2026-07-14 18:45:00-04:00,bearish,"(29788.5, 29796.0, 29774.75, 29779.75)",29788.5,29796.0,RB2-000068,29788.25,29810.0,overlapping_active_same_direction_rb_tapped
15,187,2026-07-14 19:00:00-04:00,bullish,"(29779.75, 29783.25, 29764.25, 29773.25)",29764.25,29773.25,RB2-000065,29750.25,29778.5,overlapping_active_same_direction_rb_tapped
15,188,2026-07-14 19:15:00-04:00,bullish,"(29772.75, 29799.75, 29758.0, 29794.75)",29758.0,29772.75,RB2-000065,29750.25,29778.5,overlapping_active_same_direction_rb_tapped
15,194,2026-07-14 20:45:00-04:00,bullish,"(29920.25, 29928.5, 29841.0, 29858.25)",29841.0,29858.25,RB2-000072,29837.5,29889.0,overlapping_active_same_direction_rb_tapped
15,196,2026-07-14 21:15:00-04:00,bullish,"(29920.0, 29927.0, 29860.0, 29886.25)",29860.0,29886.25,RB2-000072,29837.5,29889.0,overlapping_active_same_direction_rb_tapped
15,197,2026-07-14 21:30:00-04:00,bearish,"(29885.0, 29942.75, 29885.0, 29922.75)",29922.75,29942.75,RB2-000073,29918.0,29938.0,overlapping_active_same_direction_rb_tapped
15,201,2026-07-14 22:30:00-04:00,bearish,"(29966.5, 29981.75, 29958.5, 29966.75)",29966.75,29981.75,RB2-000075,29963.5,29981.0,overlapping_active_same_direction_rb_tapped
15,209,2026-07-15 00:30:00-04:00,bearish,"(30000.25, 30013.0, 29989.25, 29990.25)",30000.25,30013.0,RB2-000080,30012.5,30019.25,overlapping_active_same_direction_rb_tapped
15,212,2026-07-15 01:15:00-04:00,bearish,"(30022.5, 30058.25, 29992.5, 29999.25)",30022.5,30058.25,RB2-000083,30021.75,30025.0,overlapping_active_same_direction_rb_tapped
15,214,2026-07-15 01:45:00-04:00,bearish,"(29980.75, 30009.5, 29967.75, 29992.25)",29992.25,30009.5,RB2-000084,30000.0,30025.0,overlapping_active_same_direction_rb_tapped
15,220,2026-07-15 03:15:00-04:00,bearish,"(30030.5, 30062.5, 30007.5, 30036.25)",30036.25,30062.5,RB2-000085,30042.5,30050.0,overlapping_active_same_direction_rb_tapped
15,221,2026-07-15 03:30:00-04:00,bullish,"(30035.75, 30035.75, 29928.0, 29969.0)",29928.0,29969.0,RB2-000077,29947.25,29960.0,overlapping_active_same_direction_rb_tapped
15,226,2026-07-15 04:45:00-04:00,bullish,"(29912.75, 29926.25, 29897.75, 29925.5)",29897.75,29912.75,RB2-000091,29872.0,29913.25,overlapping_active_same_direction_rb_tapped
15,227,2026-07-15 05:00:00-04:00,bullish,"(29925.0, 29943.5, 29911.75, 29936.5)",29911.75,29925.0,RB2-000091,29872.0,29913.25,overlapping_active_same_direction_rb_tapped
15,229,2026-07-15 05:30:00-04:00,bearish,"(29953.25, 29963.5, 29943.25, 29950.25)",29953.25,29963.5,RB2-000092,29954.0,29958.0,overlapping_active_same_direction_rb_tapped
15,232,2026-07-15 06:15:00-04:00,bullish,"(29926.0, 29944.0, 29916.25, 29942.25)",29916.25,29926.0,RB2-000094,29914.25,29924.75,overlapping_active_same_direction_rb_tapped
15,233,2026-07-15 06:30:00-04:00,bullish,"(29942.25, 29947.25, 29886.0, 29896.0)",29886.0,29896.0,RB2-000091,29872.0,29913.25,overlapping_active_same_direction_rb_tapped
15,236,2026-07-15 07:15:00-04:00,bearish,"(29926.0, 29953.0, 29919.5, 29925.0)",29926.0,29953.0,RB2-000096,29927.25,29934.25,overlapping_active_same_direction_rb_tapped
15,238,2026-07-15 07:45:00-04:00,bearish,"(29922.75, 29942.0, 29911.5, 29928.25)",29928.25,29942.0,RB2-000097,29925.25,29942.5,overlapping_active_same_direction_rb_tapped
15,239,2026-07-15 08:00:00-04:00,bullish,"(29928.0, 29928.0, 29904.5, 29912.5)",29904.5,29912.5,RB2-000091,29872.0,29913.25,overlapping_active_same_direction_rb_tapped
15,240,2026-07-15 08:15:00-04:00,bullish,"(29914.5, 29919.5, 29873.75, 29881.0)",29873.75,29881.0,RB2-000091,29872.0,29913.25,overlapping_active_same_direction_rb_tapped
15,241,2026-07-15 08:30:00-04:00,bullish,"(29882.25, 29892.75, 29856.25, 29875.5)",29856.25,29875.5,RB2-000091,29872.0,29913.25,overlapping_active_same_direction_rb_tapped
15,244,2026-07-15 09:15:00-04:00,bearish,"(29980.0, 29999.75, 29939.25, 29946.5)",29980.0,29999.75,RB2-000090,29996.25,30005.25,overlapping_active_same_direction_rb_tapped
15,251,2026-07-15 11:00:00-04:00,bullish,"(29600.5, 29644.0, 29562.5, 29630.75)",29562.5,29600.5,RB2-000104,29536.75,29600.5,overlapping_active_same_direction_rb_tapped
15,253,2026-07-15 11:30:00-04:00,bullish,"(29591.0, 29642.0, 29526.5, 29641.0)",29526.5,29591.0,RB2-000104,29536.75,29600.5,overlapping_active_same_direction_rb_tapped
15,254,2026-07-15 11:45:00-04:00,bullish,"(29640.75, 29656.25, 29586.25, 29615.75)",29586.25,29615.75,RB2-000104,29536.75,29600.5,overlapping_active_same_direction_rb_tapped
15,255,2026-07-15 12:00:00-04:00,bullish,"(29616.5, 29618.0, 29560.0, 29582.0)",29560.0,29582.0,RB2-000104,29536.75,29600.5,overlapping_active_same_direction_rb_tapped
15,258,2026-07-15 12:45:00-04:00,bullish,"(29462.0, 29483.25, 29397.0, 29445.0)",29397.0,29445.0,RB2-000106,29431.25,29462.0,overlapping_active_same_direction_rb_tapped
15,260,2026-07-15 13:15:00-04:00,bearish,"(29512.75, 29561.75, 29504.75, 29532.25)",29532.25,29561.75,RB2-000107,29512.75,29540.25,overlapping_active_same_direction_rb_tapped
15,269,2026-07-15 15:30:00-04:00,bullish,"(29644.0, 29649.0, 29589.0, 29643.25)",29589.0,29643.25,RB2-000111,29595.0,29613.25,overlapping_active_same_direction_rb_tapped
15,272,2026-07-15 16:15:00-04:00,bullish,"(29701.25, 29737.0, 29664.0, 29702.0)",29664.0,29701.25,RB2-000114,29648.5,29684.25,overlapping_active_same_direction_rb_tapped
15,274,2026-07-15 16:45:00-04:00,bullish,"(29718.5, 29719.25, 29700.0, 29716.25)",29700.0,29716.25,RB2-000115,29696.0,29702.5,overlapping_active_same_direction_rb_tapped
15,279,2026-07-15 19:00:00-04:00,bullish,"(29684.25, 29722.25, 29677.0, 29716.25)",29677.0,29684.25,RB2-000114,29648.5,29684.25,overlapping_active_same_direction_rb_tapped
15,280,2026-07-15 19:15:00-04:00,bearish,"(29716.0, 29736.25, 29710.75, 29720.0)",29720.0,29736.25,RB2-000117,29727.25,29749.0,overlapping_active_same_direction_rb_tapped
15,282,2026-07-15 19:45:00-04:00,bullish,"(29717.25, 29734.0, 29700.25, 29722.0)",29700.25,29717.25,RB2-000120,29695.5,29718.5,overlapping_active_same_direction_rb_tapped
15,283,2026-07-15 20:00:00-04:00,bullish,"(29720.5, 29727.25, 29682.0, 29690.0)",29682.0,29690.0,RB2-000114,29648.5,29684.25,overlapping_active_same_direction_rb_tapped
15,287,2026-07-15 21:00:00-04:00,bearish,"(29626.0, 29679.25, 29622.25, 29651.25)",29651.25,29679.25,RB2-000121,29670.0,29695.75,overlapping_active_same_direction_rb_tapped
15,291,2026-07-15 22:00:00-04:00,bearish,"(29614.0, 29685.75, 29612.5, 29651.0)",29651.0,29685.75,RB2-000121,29670.0,29695.75,overlapping_active_same_direction_rb_tapped
15,302,2026-07-16 00:45:00-04:00,bullish,"(29715.0, 29721.25, 29691.25, 29706.5)",29691.25,29706.5,RB2-000128,29701.75,29720.75,overlapping_active_same_direction_rb_tapped
15,306,2026-07-16 01:45:00-04:00,bullish,"(29765.75, 29797.0, 29666.5, 29702.5)",29666.5,29702.5,RB2-000131,29697.0,29709.0,overlapping_active_same_direction_rb_tapped
15,308,2026-07-16 02:15:00-04:00,bullish,"(29687.75, 29739.25, 29646.5, 29731.75)",29646.5,29687.75,RB2-000133,29678.5,29686.5,overlapping_active_same_direction_rb_tapped
15,311,2026-07-16 03:00:00-04:00,bullish,"(29672.25, 29694.0, 29657.0, 29683.75)",29657.0,29672.25,RB2-000135,29641.25,29673.5,overlapping_active_same_direction_rb_tapped
15,318,2026-07-16 04:45:00-04:00,bearish,"(29539.5, 29576.75, 29528.25, 29551.0)",29551.0,29576.75,RB2-000138,29538.5,29561.75,overlapping_active_same_direction_rb_tapped
15,320,2026-07-16 05:15:00-04:00,bearish,"(29593.25, 29635.0, 29592.0, 29625.25)",29625.25,29635.0,RB2-000136,29622.5,29649.5,overlapping_active_same_direction_rb_tapped
15,321,2026-07-16 05:30:00-04:00,bearish,"(29626.25, 29645.25, 29611.0, 29613.25)",29626.25,29645.25,RB2-000136,29622.5,29649.5,overlapping_active_same_direction_rb_tapped
15,322,2026-07-16 05:45:00-04:00,bearish,"(29614.75, 29631.0, 29583.75, 29585.25)",29614.75,29631.0,RB2-000136,29622.5,29649.5,overlapping_active_same_direction_rb_tapped
15,325,2026-07-16 06:30:00-04:00,bullish,"(29550.75, 29550.75, 29512.25, 29537.5)",29512.25,29537.5,RB2-000139,29514.5,29530.25,overlapping_active_same_direction_rb_tapped
15,329,2026-07-16 07:30:00-04:00,bullish,"(29488.25, 29502.0, 29446.25, 29472.0)",29446.25,29472.0,RB2-000142,29459.75,29488.0,overlapping_active_same_direction_rb_tapped
15,331,2026-07-16 08:00:00-04:00,bullish,"(29438.75, 29456.0, 29361.0, 29446.75)",29361.0,29438.75,RB2-000143,29428.0,29439.5,overlapping_active_same_direction_rb_tapped
15,333,2026-07-16 08:30:00-04:00,bullish,"(29422.25, 29440.25, 29378.0, 29408.0)",29378.0,29408.0,RB2-000144,29392.75,29423.5,overlapping_active_same_direction_rb_tapped
15,335,2026-07-16 09:00:00-04:00,bearish,"(29374.75, 29415.0, 29363.5, 29392.25)",29392.25,29415.0,RB2-000145,29407.75,29427.75,overlapping_active_same_direction_rb_tapped
15,338,2026-07-16 09:45:00-04:00,bearish,"(29466.0, 29532.0, 29308.5, 29317.75)",29466.0,29532.0,RB2-000146,29465.75,29488.5,overlapping_active_same_direction_rb_tapped
15,340,2026-07-16 10:15:00-04:00,bullish,"(29346.5, 29495.75, 29315.25, 29468.5)",29315.25,29346.5,RB2-000147,29255.5,29316.5,overlapping_active_same_direction_rb_tapped
15,342,2026-07-16 10:45:00-04:00,bullish,"(29483.25, 29513.5, 29426.5, 29464.5)",29426.5,29464.5,RB2-000148,29397.75,29467.5,overlapping_active_same_direction_rb_tapped
15,343,2026-07-16 11:00:00-04:00,bullish,"(29464.5, 29479.0, 29362.0, 29433.75)",29362.0,29433.75,RB2-000148,29397.75,29467.5,overlapping_active_same_direction_rb_tapped
15,345,2026-07-16 11:30:00-04:00,bearish,"(29359.0, 29451.5, 29336.75, 29406.75)",29406.75,29451.5,RB2-000149,29435.5,29458.75,overlapping_active_same_direction_rb_tapped
15,346,2026-07-16 11:45:00-04:00,bearish,"(29406.5, 29468.0, 29370.0, 29397.75)",29406.5,29468.0,RB2-000149,29435.5,29458.75,overlapping_active_same_direction_rb_tapped
15,349,2026-07-16 12:30:00-04:00,bullish,"(29293.5, 29315.0, 29260.75, 29299.25)",29260.75,29293.5,RB2-000147,29255.5,29316.5,overlapping_active_same_direction_rb_tapped
15,351,2026-07-16 13:00:00-04:00,bullish,"(29294.75, 29352.5, 29270.75, 29338.25)",29270.75,29294.75,RB2-000147,29255.5,29316.5,overlapping_active_same_direction_rb_tapped
15,353,2026-07-16 13:30:00-04:00,bullish,"(29288.5, 29343.0, 29275.0, 29333.0)",29275.0,29288.5,RB2-000147,29255.5,29316.5,overlapping_active_same_direction_rb_tapped
15,357,2026-07-16 14:30:00-04:00,bearish,"(29232.75, 29304.0, 29217.25, 29269.75)",29269.75,29304.0,RB2-000153,29244.25,29279.5,overlapping_active_same_direction_rb_tapped
15,358,2026-07-16 14:45:00-04:00,bullish,"(29269.0, 29269.25, 29198.5, 29237.75)",29198.5,29237.75,RB2-000152,29219.0,29244.25,overlapping_active_same_direction_rb_tapped
15,360,2026-07-16 15:15:00-04:00,bearish,"(29210.0, 29242.0, 29176.0, 29183.75)",29210.0,29242.0,RB2-000154,29237.5,29253.25,overlapping_active_same_direction_rb_tapped
15,363,2026-07-16 16:00:00-04:00,bullish,"(29121.25, 29238.25, 29078.5, 29217.0)",29078.5,29121.25,RB2-000155,29119.0,29148.5,overlapping_active_same_direction_rb_tapped
15,367,2026-07-16 17:00:00-04:00,bullish,"(29172.75, 29183.25, 29167.5, 29179.0)",29167.5,29172.75,RB2-000159,29164.0,29174.5,overlapping_active_same_direction_rb_tapped
15,368,2026-07-16 18:15:00-04:00,bearish,"(29191.0, 29220.0, 29166.25, 29186.5)",29191.0,29220.0,RB2-000157,29216.75,29231.25,overlapping_active_same_direction_rb_tapped
15,372,2026-07-16 19:15:00-04:00,bullish,"(29134.75, 29144.75, 29106.25, 29130.75)",29106.25,29130.75,RB2-000161,29115.25,29136.5,overlapping_active_same_direction_rb_tapped
15,374,2026-07-16 19:45:00-04:00,bullish,"(29092.5, 29129.75, 29060.0, 29109.25)",29060.0,29092.5,RB2-000162,29075.75,29093.0,overlapping_active_same_direction_rb_tapped
15,379,2026-07-16 21:00:00-04:00,bearish,"(29024.5, 29082.0, 29017.75, 29057.0)",29057.0,29082.0,RB2-000165,29041.25,29076.0,overlapping_active_same_direction_rb_tapped
15,380,2026-07-16 21:15:00-04:00,bearish,"(29059.75, 29105.5, 29024.25, 29029.25)",29059.75,29105.5,RB2-000164,29095.5,29124.25,overlapping_active_same_direction_rb_tapped
15,381,2026-07-16 21:30:00-04:00,bullish,"(29031.75, 29046.0, 29010.5, 29039.5)",29010.5,29031.75,RB2-000166,28993.5,29017.75,overlapping_active_same_direction_rb_tapped
15,386,2026-07-16 22:45:00-04:00,bullish,"(28927.25, 28940.75, 28903.25, 28932.5)",28903.25,28927.25,RB2-000169,28917.25,28928.75,overlapping_active_same_direction_rb_tapped
15,388,2026-07-16 23:15:00-04:00,bullish,"(28926.25, 28960.75, 28915.0, 28953.75)",28915.0,28926.25,RB2-000170,28902.25,28925.0,overlapping_active_same_direction_rb_tapped
15,396,2026-07-17 01:15:00-04:00,bullish,"(28806.0, 28820.25, 28787.75, 28804.75)",28787.75,28804.75,RB2-000171,28774.5,28808.0,overlapping_active_same_direction_rb_tapped
15,397,2026-07-17 01:30:00-04:00,bearish,"(28803.5, 28823.0, 28783.5, 28791.0)",28803.5,28823.0,RB2-000172,28809.5,28841.25,overlapping_active_same_direction_rb_tapped
15,399,2026-07-17 02:00:00-04:00,bullish,"(28758.5, 28774.0, 28733.25, 28756.25)",28733.25,28756.25,RB2-000173,28725.0,28759.75,overlapping_active_same_direction_rb_tapped
15,400,2026-07-17 02:15:00-04:00,bullish,"(28755.0, 28774.0, 28722.5, 28756.75)",28722.5,28755.0,RB2-000173,28725.0,28759.75,overlapping_active_same_direction_rb_tapped
15,401,2026-07-17 02:30:00-04:00,bullish,"(28757.5, 28824.5, 28745.5, 28815.25)",28745.5,28757.5,RB2-000173,28725.0,28759.75,overlapping_active_same_direction_rb_tapped
15,403,2026-07-17 03:00:00-04:00,bullish,"(28774.25, 28774.5, 28730.5, 28743.0)",28730.5,28743.0,RB2-000173,28725.0,28759.75,overlapping_active_same_direction_rb_tapped
15,404,2026-07-17 03:15:00-04:00,bullish,"(28744.25, 28767.5, 28720.5, 28751.5)",28720.5,28744.25,RB2-000173,28725.0,28759.75,overlapping_active_same_direction_rb_tapped
15,405,2026-07-17 03:30:00-04:00,bullish,"(28752.25, 28765.75, 28713.5, 28748.0)",28713.5,28748.0,RB2-000173,28725.0,28759.75,overlapping_active_same_direction_rb_tapped
15,408,2026-07-17 04:15:00-04:00,bearish,"(28687.5, 28735.0, 28667.5, 28678.0)",28687.5,28735.0,RB2-000176,28715.25,28722.25,overlapping_active_same_direction_rb_tapped
15,410,2026-07-17 04:45:00-04:00,bullish,"(28609.5, 28617.75, 28550.0, 28585.75)",28550.0,28585.75,RB2-000177,28577.25,28609.75,overlapping_active_same_direction_rb_tapped
15,415,2026-07-17 06:00:00-04:00,bearish,"(28685.0, 28728.0, 28683.75, 28711.5)",28711.5,28728.0,RB2-000181,28691.0,28716.0,overlapping_active_same_direction_rb_tapped
15,418,2026-07-17 06:45:00-04:00,bearish,"(28772.25, 28825.5, 28763.0, 28801.25)",28801.25,28825.5,RB2-000172,28809.5,28841.25,overlapping_active_same_direction_rb_tapped
15,419,2026-07-17 07:00:00-04:00,bearish,"(28799.25, 28815.0, 28777.0, 28785.0)",28799.25,28815.0,RB2-000172,28809.5,28841.25,overlapping_active_same_direction_rb_tapped
15,421,2026-07-17 07:30:00-04:00,bullish,"(28759.25, 28775.0, 28728.25, 28763.25)",28728.25,28759.25,RB2-000183,28722.0,28767.0,overlapping_active_same_direction_rb_tapped
15,422,2026-07-17 07:45:00-04:00,bullish,"(28764.0, 28765.0, 28713.5, 28729.75)",28713.5,28729.75,RB2-000183,28722.0,28767.0,overlapping_active_same_direction_rb_tapped
15,426,2026-07-17 08:45:00-04:00,bullish,"(28674.25, 28683.75, 28650.75, 28674.5)",28650.75,28674.25,RB2-000180,28630.0,28671.5,overlapping_active_same_direction_rb_tapped
15,427,2026-07-17 09:00:00-04:00,bullish,"(28675.25, 28690.75, 28645.5, 28664.5)",28645.5,28664.5,RB2-000180,28630.0,28671.5,overlapping_active_same_direction_rb_tapped
15,430,2026-07-17 09:45:00-04:00,bearish,"(28607.75, 28686.0, 28408.25, 28420.0)",28607.75,28686.0,RB2-000186,28683.25,28696.75,overlapping_active_same_direction_rb_tapped
15,432,2026-07-17 10:15:00-04:00,bearish,"(28676.0, 28862.25, 28665.25, 28803.5)",28803.5,28862.25,RB2-000184,28786.75,28808.25,overlapping_active_same_direction_rb_tapped
15,435,2026-07-17 11:00:00-04:00,bearish,"(28824.5, 28857.75, 28721.0, 28727.0)",28824.5,28857.75,RB2-000188,28832.0,28887.5,overlapping_active_same_direction_rb_tapped
15,437,2026-07-17 11:30:00-04:00,bullish,"(28707.25, 28760.0, 28672.25, 28753.5)",28672.25,28707.25,RB2-000190,28676.75,28706.5,overlapping_active_same_direction_rb_tapped
15,438,2026-07-17 11:45:00-04:00,bearish,"(28753.25, 28843.5, 28718.0, 28799.0)",28799.0,28843.5,RB2-000188,28832.0,28887.5,overlapping_active_same_direction_rb_tapped
15,441,2026-07-17 12:30:00-04:00,bullish,"(28939.75, 28956.0, 28858.0, 28913.5)",28858.0,28913.5,RB2-000191,28846.0,28934.0,overlapping_active_same_direction_rb_tapped
15,442,2026-07-17 12:45:00-04:00,bullish,"(28914.25, 28972.25, 28885.75, 28971.0)",28885.75,28914.25,RB2-000191,28846.0,28934.0,overlapping_active_same_direction_rb_tapped
15,444,2026-07-17 13:15:00-04:00,bearish,"(28974.75, 29050.25, 28966.25, 28995.75)",28995.75,29050.25,RB2-000192,28974.25,29028.0,overlapping_active_same_direction_rb_tapped
15,449,2026-07-17 14:30:00-04:00,bullish,"(28863.25, 28870.75, 28822.5, 28851.75)",28822.5,28851.75,RB2-000191,28846.0,28934.0,overlapping_active_same_direction_rb_tapped
15,451,2026-07-17 15:00:00-04:00,bearish,"(28808.25, 28886.0, 28797.0, 28861.25)",28861.25,28886.0,RB2-000196,28852.0,28891.75,overlapping_active_same_direction_rb_tapped
15,455,2026-07-17 16:00:00-04:00,bearish,"(28795.5, 28853.5, 28756.0, 28764.25)",28795.5,28853.5,RB2-000196,28852.0,28891.75,overlapping_active_same_direction_rb_tapped
15,456,2026-07-17 16:15:00-04:00,bullish,"(28764.5, 28768.0, 28712.5, 28738.5)",28712.5,28738.5,RB2-000197,28718.5,28759.25,overlapping_active_same_direction_rb_tapped
15,457,2026-07-17 16:30:00-04:00,bullish,"(28738.75, 28754.5, 28733.5, 28749.75)",28733.5,28738.75,RB2-000197,28718.5,28759.25,overlapping_active_same_direction_rb_tapped
15,459,2026-07-17 17:00:00-04:00,bullish,"(28767.5, 28779.75, 28754.5, 28768.25)",28754.5,28767.5,RB2-000197,28718.5,28759.25,overlapping_active_same_direction_rb_tapped
30,17,2026-07-13 03:00:00-04:00,bullish,"(29630.25, 29652.0, 29598.5, 29632.5)",29598.5,29630.25,RB2-000003,29585.5,29630.0,overlapping_active_same_direction_rb_tapped
30,18,2026-07-13 03:30:00-04:00,bullish,"(29631.5, 29690.25, 29607.0, 29674.5)",29607.0,29631.5,RB2-000003,29585.5,29630.0,overlapping_active_same_direction_rb_tapped
30,22,2026-07-13 05:30:00-04:00,bullish,"(29747.5, 29766.25, 29718.0, 29763.25)",29718.0,29747.5,RB2-000006,29700.0,29728.0,overlapping_active_same_direction_rb_tapped
30,27,2026-07-13 08:00:00-04:00,bearish,"(29773.0, 29793.5, 29728.75, 29741.0)",29773.0,29793.5,RB2-000009,29774.75,29799.75,overlapping_active_same_direction_rb_tapped
30,30,2026-07-13 09:30:00-04:00,bearish,"(29719.25, 29748.0, 29683.25, 29710.75)",29719.25,29748.0,RB2-000010,29742.0,29757.25,overlapping_active_same_direction_rb_tapped
30,31,2026-07-13 10:00:00-04:00,bullish,"(29710.0, 29737.25, 29518.0, 29630.0)",29518.0,29630.0,RB2-000002,29542.75,29585.0,overlapping_active_same_direction_rb_tapped
30,33,2026-07-13 11:00:00-04:00,bullish,"(29701.25, 29724.0, 29603.5, 29717.75)",29603.5,29701.25,RB2-000012,29488.5,29631.0,overlapping_active_same_direction_rb_tapped
30,37,2026-07-13 13:00:00-04:00,bullish,"(29557.75, 29557.75, 29460.75, 29525.75)",29460.75,29525.75,RB2-000012,29488.5,29631.0,overlapping_active_same_direction_rb_tapped
30,39,2026-07-13 14:00:00-04:00,bearish,"(29518.75, 29533.25, 29468.0, 29479.5)",29518.75,29533.25,RB2-000015,29526.5,29580.75,overlapping_active_same_direction_rb_tapped
30,40,2026-07-13 14:30:00-04:00,bearish,"(29480.0, 29539.5, 29467.5, 29474.0)",29480.0,29539.5,RB2-000015,29526.5,29580.75,overlapping_active_same_direction_rb_tapped
30,42,2026-07-13 15:30:00-04:00,bearish,"(29493.5, 29525.75, 29402.5, 29418.5)",29493.5,29525.75,RB2-000016,29493.5,29521.5,overlapping_active_same_direction_rb_tapped
30,43,2026-07-13 16:00:00-04:00,bearish,"(29419.75, 29504.25, 29393.25, 29467.0)",29467.0,29504.25,RB2-000016,29493.5,29521.5,overlapping_active_same_direction_rb_tapped
30,45,2026-07-13 17:00:00-04:00,bullish,"(29437.0, 29444.25, 29420.0, 29428.75)",29420.0,29428.75,RB2-000017,29386.5,29437.75,overlapping_active_same_direction_rb_tapped
30,47,2026-07-13 19:00:00-04:00,bearish,"(29433.25, 29458.75, 29393.75, 29399.5)",29433.25,29458.75,RB2-000018,29446.0,29479.5,overlapping_active_same_direction_rb_tapped
30,50,2026-07-13 20:30:00-04:00,bullish,"(29422.5, 29475.75, 29325.75, 29420.75)",29325.75,29420.75,RB2-000019,29327.25,29368.0,overlapping_active_same_direction_rb_tapped
30,55,2026-07-13 23:00:00-04:00,bearish,"(29403.25, 29456.0, 29365.25, 29389.0)",29403.25,29456.0,RB2-000022,29447.25,29489.0,overlapping_active_same_direction_rb_tapped
30,56,2026-07-13 23:30:00-04:00,bullish,"(29390.75, 29391.5, 29303.5, 29376.75)",29303.5,29376.75,RB2-000019,29327.25,29368.0,overlapping_active_same_direction_rb_tapped
30,58,2026-07-14 00:30:00-04:00,bullish,"(29425.25, 29452.75, 29371.25, 29450.0)",29371.25,29425.25,RB2-000023,29334.25,29376.5,overlapping_active_same_direction_rb_tapped
30,62,2026-07-14 02:30:00-04:00,bearish,"(29592.0, 29649.75, 29586.25, 29606.25)",29606.25,29649.75,RB2-000025,29605.0,29631.25,overlapping_active_same_direction_rb_tapped
30,65,2026-07-14 04:00:00-04:00,bullish,"(29606.0, 29609.75, 29557.25, 29574.5)",29557.25,29574.5,RB2-000027,29545.5,29564.0,overlapping_active_same_direction_rb_tapped
30,66,2026-07-14 04:30:00-04:00,bullish,"(29575.0, 29632.0, 29547.75, 29618.25)",29547.75,29575.0,RB2-000027,29545.5,29564.0,overlapping_active_same_direction_rb_tapped
30,67,2026-07-14 05:00:00-04:00,bearish,"(29617.75, 29636.25, 29570.75, 29573.0)",29617.75,29636.25,RB2-000026,29606.25,29634.25,overlapping_active_same_direction_rb_tapped
30,68,2026-07-14 05:30:00-04:00,bearish,"(29573.0, 29629.5, 29557.75, 29574.75)",29574.75,29629.5,RB2-000026,29606.25,29634.25,overlapping_active_same_direction_rb_tapped
30,69,2026-07-14 06:00:00-04:00,bearish,"(29573.5, 29623.75, 29573.25, 29602.25)",29602.25,29623.75,RB2-000026,29606.25,29634.25,overlapping_active_same_direction_rb_tapped
30,70,2026-07-14 06:30:00-04:00,bearish,"(29603.25, 29620.25, 29585.5, 29598.75)",29603.25,29620.25,RB2-000026,29606.25,29634.25,overlapping_active_same_direction_rb_tapped
30,71,2026-07-14 07:00:00-04:00,bearish,"(29595.75, 29633.0, 29578.75, 29607.25)",29607.25,29633.0,RB2-000026,29606.25,29634.25,overlapping_active_same_direction_rb_tapped
30,72,2026-07-14 07:30:00-04:00,bullish,"(29606.75, 29670.5, 29555.0, 29640.5)",29555.0,29606.75,RB2-000027,29545.5,29564.0,overlapping_active_same_direction_rb_tapped
30,77,2026-07-14 10:00:00-04:00,bullish,"(29811.0, 29815.75, 29685.0, 29781.25)",29685.0,29781.25,RB2-000031,29742.5,29773.75,overlapping_active_same_direction_rb_tapped
30,78,2026-07-14 10:30:00-04:00,bullish,"(29780.25, 29804.75, 29567.5, 29684.5)",29567.5,29684.5,RB2-000029,29570.0,29635.0,overlapping_active_same_direction_rb_tapped
30,79,2026-07-14 11:00:00-04:00,bearish,"(29683.75, 29839.75, 29658.25, 29772.5)",29772.5,29839.75,RB2-000030,29772.5,29921.75,overlapping_active_same_direction_rb_tapped
30,82,2026-07-14 12:30:00-04:00,bullish,"(29786.0, 29791.25, 29704.5, 29779.25)",29704.5,29779.25,RB2-000032,29760.0,29785.5,overlapping_active_same_direction_rb_tapped
30,85,2026-07-14 14:00:00-04:00,bullish,"(29849.5, 29865.5, 29818.75, 29863.25)",29818.75,29849.5,RB2-000034,29807.0,29826.75,overlapping_active_same_direction_rb_tapped
30,86,2026-07-14 14:30:00-04:00,bearish,"(29863.0, 29878.25, 29842.5, 29853.75)",29863.0,29878.25,RB2-000030,29772.5,29921.75,overlapping_active_same_direction_rb_tapped
30,87,2026-07-14 15:00:00-04:00,bearish,"(29854.0, 29869.5, 29810.5, 29824.0)",29854.0,29869.5,RB2-000030,29772.5,29921.75,overlapping_active_same_direction_rb_tapped
30,89,2026-07-14 16:00:00-04:00,bearish,"(29797.25, 29836.0, 29771.0, 29786.0)",29797.25,29836.0,RB2-000030,29772.5,29921.75,overlapping_active_same_direction_rb_tapped
30,90,2026-07-14 16:30:00-04:00,bearish,"(29785.75, 29810.0, 29767.75, 29775.0)",29785.75,29810.0,RB2-000030,29772.5,29921.75,overlapping_active_same_direction_rb_tapped
30,91,2026-07-14 17:00:00-04:00,bearish,"(29774.5, 29801.5, 29772.75, 29793.5)",29793.5,29801.5,RB2-000030,29772.5,29921.75,overlapping_active_same_direction_rb_tapped
30,92,2026-07-14 18:30:00-04:00,bullish,"(29805.0, 29806.25, 29745.5, 29786.25)",29745.5,29786.25,RB2-000033,29750.25,29778.5,overlapping_active_same_direction_rb_tapped
30,93,2026-07-14 19:00:00-04:00,bullish,"(29788.5, 29796.0, 29764.25, 29773.25)",29764.25,29773.25,RB2-000033,29750.25,29778.5,overlapping_active_same_direction_rb_tapped
30,96,2026-07-14 20:30:00-04:00,bullish,"(29889.0, 29938.0, 29837.5, 29918.0)",29837.5,29889.0,RB2-000036,29844.5,29866.25,overlapping_active_same_direction_rb_tapped
30,98,2026-07-14 21:30:00-04:00,bullish,"(29920.0, 29942.75, 29860.0, 29922.75)",29860.0,29920.0,RB2-000037,29841.0,29918.0,overlapping_active_same_direction_rb_tapped
30,99,2026-07-14 22:00:00-04:00,bullish,"(29924.25, 29959.25, 29891.5, 29957.25)",29891.5,29924.25,RB2-000037,29841.0,29918.0,overlapping_active_same_direction_rb_tapped
30,101,2026-07-14 23:00:00-04:00,bearish,"(29970.0, 29987.25, 29959.0, 29960.75)",29970.0,29987.25,RB2-000038,29966.75,29981.75,overlapping_active_same_direction_rb_tapped
30,108,2026-07-15 02:30:00-04:00,bearish,"(30031.75, 30050.0, 30023.0, 30039.25)",30039.25,30050.0,RB2-000042,30022.5,30058.25,overlapping_active_same_direction_rb_tapped
30,110,2026-07-15 03:30:00-04:00,bullish,"(30030.5, 30062.5, 29928.0, 29969.0)",29928.0,29969.0,RB2-000039,29947.25,29961.0,overlapping_active_same_direction_rb_tapped
30,112,2026-07-15 04:30:00-04:00,bullish,"(29997.25, 29998.75, 29872.0, 29913.25)",29872.0,29913.25,RB2-000037,29841.0,29918.0,overlapping_active_same_direction_rb_tapped
30,113,2026-07-15 05:00:00-04:00,bullish,"(29912.75, 29943.5, 29897.75, 29936.5)",29897.75,29912.75,RB2-000037,29841.0,29918.0,overlapping_active_same_direction_rb_tapped
30,115,2026-07-15 06:00:00-04:00,bearish,"(29947.75, 29959.75, 29914.25, 29924.75)",29947.75,29959.75,RB2-000046,29950.25,29963.5,overlapping_active_same_direction_rb_tapped
30,118,2026-07-15 07:30:00-04:00,bearish,"(29926.0, 29953.0, 29915.25, 29921.5)",29926.0,29953.0,RB2-000046,29950.25,29963.5,overlapping_active_same_direction_rb_tapped
30,126,2026-07-15 11:30:00-04:00,bullish,"(29632.0, 29661.75, 29526.5, 29641.0)",29526.5,29632.0,RB2-000054,29536.75,29630.75,overlapping_active_same_direction_rb_tapped
30,127,2026-07-15 12:00:00-04:00,bullish,"(29640.75, 29656.25, 29560.0, 29582.0)",29560.0,29582.0,RB2-000054,29536.75,29630.75,overlapping_active_same_direction_rb_tapped
30,129,2026-07-15 13:00:00-04:00,bullish,"(29462.0, 29540.25, 29397.0, 29512.75)",29397.0,29462.0,RB2-000055,29431.25,29462.0,overlapping_active_same_direction_rb_tapped
30,137,2026-07-15 17:00:00-04:00,bullish,"(29718.5, 29720.5, 29700.0, 29707.5)",29700.0,29707.5,RB2-000060,29664.0,29701.25,overlapping_active_same_direction_rb_tapped
30,138,2026-07-15 18:30:00-04:00,bearish,"(29709.0, 29749.0, 29700.0, 29716.25)",29716.25,29749.0,RB2-000057,29724.5,29742.75,overlapping_active_same_direction_rb_tapped
30,139,2026-07-15 19:00:00-04:00,bullish,"(29716.5, 29724.0, 29677.0, 29716.25)",29677.0,29716.25,RB2-000060,29664.0,29701.25,overlapping_active_same_direction_rb_tapped
30,140,2026-07-15 19:30:00-04:00,bullish,"(29716.0, 29736.25, 29695.5, 29718.5)",29695.5,29716.0,RB2-000060,29664.0,29701.25,overlapping_active_same_direction_rb_tapped
30,142,2026-07-15 20:30:00-04:00,bearish,"(29690.0, 29763.25, 29662.5, 29669.5)",29690.0,29763.25,RB2-000061,29717.25,29734.0,overlapping_active_same_direction_rb_tapped
30,143,2026-07-15 21:00:00-04:00,bullish,"(29670.0, 29695.75, 29622.25, 29651.25)",29622.25,29651.25,RB2-000059,29608.5,29643.25,overlapping_active_same_direction_rb_tapped
30,145,2026-07-15 22:00:00-04:00,bearish,"(29604.5, 29685.75, 29593.5, 29651.0)",29651.0,29685.75,RB2-000062,29653.75,29668.0,overlapping_active_same_direction_rb_tapped
30,150,2026-07-16 00:30:00-04:00,bearish,"(29744.25, 29756.25, 29710.0, 29716.0)",29744.25,29756.25,RB2-000065,29728.0,29751.75,overlapping_active_same_direction_rb_tapped
30,151,2026-07-16 01:00:00-04:00,bullish,"(29715.0, 29721.25, 29691.25, 29708.0)",29691.25,29708.0,RB2-000064,29670.0,29695.5,overlapping_active_same_direction_rb_tapped
30,155,2026-07-16 03:00:00-04:00,bullish,"(29682.0, 29697.25, 29641.25, 29683.75)",29641.25,29682.0,RB2-000063,29620.0,29651.25,overlapping_active_same_direction_rb_tapped
30,159,2026-07-16 05:00:00-04:00,bullish,"(29539.5, 29595.5, 29528.25, 29591.5)",29528.25,29539.5,RB2-000071,29478.75,29538.5,overlapping_active_same_direction_rb_tapped
30,163,2026-07-16 07:00:00-04:00,bullish,"(29537.25, 29555.75, 29502.5, 29531.0)",29502.5,29531.0,RB2-000071,29478.75,29538.5,overlapping_active_same_direction_rb_tapped
30,165,2026-07-16 08:00:00-04:00,bullish,"(29472.75, 29472.75, 29361.0, 29446.75)",29361.0,29446.75,RB2-000074,29446.25,29472.0,overlapping_active_same_direction_rb_tapped
30,167,2026-07-16 09:00:00-04:00,bullish,"(29407.75, 29427.75, 29363.5, 29392.25)",29363.5,29392.25,RB2-000075,29378.0,29408.0,overlapping_active_same_direction_rb_tapped
30,170,2026-07-16 10:30:00-04:00,bullish,"(29346.5, 29501.0, 29315.25, 29482.5)",29315.25,29346.5,RB2-000077,29255.5,29347.5,overlapping_active_same_direction_rb_tapped
30,172,2026-07-16 11:30:00-04:00,bullish,"(29435.5, 29458.75, 29336.0, 29406.75)",29336.0,29406.75,RB2-000077,29255.5,29347.5,overlapping_active_same_direction_rb_tapped
30,174,2026-07-16 12:30:00-04:00,bullish,"(29392.5, 29395.25, 29260.75, 29299.25)",29260.75,29299.25,RB2-000077,29255.5,29347.5,overlapping_active_same_direction_rb_tapped
30,175,2026-07-16 13:00:00-04:00,bullish,"(29300.5, 29352.5, 29270.75, 29338.25)",29270.75,29300.5,RB2-000077,29255.5,29347.5,overlapping_active_same_direction_rb_tapped
30,176,2026-07-16 13:30:00-04:00,bullish,"(29339.0, 29343.0, 29275.0, 29333.0)",29275.0,29333.0,RB2-000077,29255.5,29347.5,overlapping_active_same_direction_rb_tapped
30,183,2026-07-16 17:00:00-04:00,bullish,"(29180.25, 29189.75, 29164.0, 29179.0)",29164.0,29179.0,RB2-000085,29162.75,29181.0,overlapping_active_same_direction_rb_tapped
30,184,2026-07-16 18:30:00-04:00,bearish,"(29191.0, 29220.0, 29136.5, 29139.75)",29191.0,29220.0,RB2-000083,29210.0,29242.0,overlapping_active_same_direction_rb_tapped
30,185,2026-07-16 19:00:00-04:00,bullish,"(29139.0, 29159.25, 29115.25, 29136.5)",29115.25,29136.5,RB2-000084,29078.5,29147.5,overlapping_active_same_direction_rb_tapped
30,186,2026-07-16 19:30:00-04:00,bullish,"(29134.75, 29144.75, 29075.75, 29093.0)",29075.75,29093.0,RB2-000084,29078.5,29147.5,overlapping_active_same_direction_rb_tapped
30,188,2026-07-16 20:30:00-04:00,bearish,"(29095.5, 29124.25, 29011.0, 29018.5)",29095.5,29124.25,RB2-000086,29096.5,29129.75,overlapping_active_same_direction_rb_tapped
30,190,2026-07-16 21:30:00-04:00,bearish,"(29059.75, 29105.5, 29010.5, 29039.5)",29059.75,29105.5,RB2-000086,29096.5,29129.75,overlapping_active_same_direction_rb_tapped
30,198,2026-07-17 01:30:00-04:00,bearish,"(28806.0, 28823.0, 28783.5, 28791.0)",28806.0,28823.0,RB2-000091,28808.0,28841.25,overlapping_active_same_direction_rb_tapped
30,200,2026-07-17 02:30:00-04:00,bullish,"(28755.0, 28824.5, 28722.5, 28815.25)",28722.5,28755.0,RB2-000092,28725.0,28756.25,overlapping_active_same_direction_rb_tapped
30,202,2026-07-17 03:30:00-04:00,bullish,"(28744.25, 28767.5, 28713.5, 28748.0)",28713.5,28744.25,RB2-000092,28725.0,28756.25,overlapping_active_same_direction_rb_tapped
30,209,2026-07-17 07:00:00-04:00,bearish,"(28772.25, 28825.5, 28763.0, 28785.0)",28785.0,28825.5,RB2-000091,28808.0,28841.25,overlapping_active_same_direction_rb_tapped
30,211,2026-07-17 08:00:00-04:00,bullish,"(28764.0, 28765.0, 28713.5, 28741.5)",28713.5,28741.5,RB2-000097,28728.25,28763.25,overlapping_active_same_direction_rb_tapped
30,213,2026-07-17 09:00:00-04:00,bullish,"(28674.25, 28690.75, 28645.5, 28664.5)",28645.5,28664.5,RB2-000095,28661.75,28691.0,overlapping_active_same_direction_rb_tapped
30,214,2026-07-17 09:30:00-04:00,bullish,"(28664.75, 28665.75, 28581.0, 28606.0)",28581.0,28606.0,RB2-000094,28550.0,28609.5,overlapping_active_same_direction_rb_tapped
30,215,2026-07-17 10:00:00-04:00,bullish,"(28607.75, 28686.0, 28408.25, 28676.0)",28408.25,28607.75,RB2-000094,28550.0,28609.5,overlapping_active_same_direction_rb_tapped
30,217,2026-07-17 11:00:00-04:00,bearish,"(28832.0, 28896.0, 28721.0, 28727.0)",28832.0,28896.0,RB2-000098,28832.0,28887.5,overlapping_active_same_direction_rb_tapped
30,226,2026-07-17 15:30:00-04:00,bullish,"(28861.0, 28869.25, 28718.5, 28795.5)",28718.5,28795.5,RB2-000099,28672.25,28727.0,overlapping_active_same_direction_rb_tapped
30,228,2026-07-17 16:30:00-04:00,bullish,"(28764.5, 28768.0, 28712.5, 28749.75)",28712.5,28749.75,RB2-000099,28672.25,28727.0,overlapping_active_same_direction_rb_tapped
60,16,2026-07-13 11:00:00-04:00,bullish,"(29631.0, 29724.0, 29488.5, 29717.75)",29488.5,29631.0,RB2-000002,29518.0,29630.0,overlapping_active_same_direction_rb_tapped
60,20,2026-07-13 15:00:00-04:00,bearish,"(29480.0, 29539.5, 29454.5, 29493.5)",29493.5,29539.5,RB2-000005,29526.5,29580.75,overlapping_active_same_direction_rb_tapped
60,21,2026-07-13 16:00:00-04:00,bullish,"(29493.5, 29525.75, 29393.25, 29467.0)",29393.25,29467.0,RB2-000004,29460.75,29525.75,overlapping_active_same_direction_rb_tapped
60,24,2026-07-13 20:00:00-04:00,bullish,"(29399.5, 29423.75, 29327.25, 29420.75)",29327.25,29399.5,RB2-000006,29386.5,29428.75,overlapping_active_same_direction_rb_tapped
60,26,2026-07-13 22:00:00-04:00,bearish,"(29521.0, 29541.25, 29437.0, 29445.0)",29521.0,29541.25,RB2-000005,29526.5,29580.75,overlapping_active_same_direction_rb_tapped
60,28,2026-07-14 00:00:00-04:00,bullish,"(29390.75, 29428.0, 29303.5, 29423.0)",29303.5,29390.75,RB2-000008,29325.75,29422.5,overlapping_active_same_direction_rb_tapped
60,31,2026-07-14 03:00:00-04:00,bearish,"(29592.0, 29649.75, 29562.75, 29564.25)",29592.0,29649.75,RB2-000011,29593.0,29631.25,overlapping_active_same_direction_rb_tapped
60,33,2026-07-14 05:00:00-04:00,bearish,"(29575.0, 29636.25, 29547.75, 29573.0)",29575.0,29636.25,RB2-000012,29574.5,29621.25,overlapping_active_same_direction_rb_tapped
60,35,2026-07-14 07:00:00-04:00,bearish,"(29603.25, 29633.0, 29578.75, 29607.25)",29607.25,29633.0,RB2-000013,29602.25,29629.5,overlapping_active_same_direction_rb_tapped
60,39,2026-07-14 11:00:00-04:00,bullish,"(29780.25, 29839.75, 29567.5, 29772.5)",29567.5,29772.5,RB2-000014,29555.0,29606.75,overlapping_active_same_direction_rb_tapped
60,40,2026-07-14 12:00:00-04:00,bearish,"(29773.5, 29895.75, 29753.75, 29785.5)",29785.5,29895.75,RB2-000015,29772.5,29921.75,overlapping_active_same_direction_rb_tapped
60,43,2026-07-14 15:00:00-04:00,bearish,"(29863.0, 29878.25, 29810.5, 29824.0)",29863.0,29878.25,RB2-000015,29772.5,29921.75,overlapping_active_same_direction_rb_tapped
60,44,2026-07-14 16:00:00-04:00,bullish,"(29824.5, 29837.75, 29771.0, 29786.0)",29771.0,29786.0,RB2-000017,29704.5,29786.0,overlapping_active_same_direction_rb_tapped
60,45,2026-07-14 17:00:00-04:00,bullish,"(29785.75, 29810.0, 29767.75, 29793.5)",29767.75,29785.75,RB2-000017,29704.5,29786.0,overlapping_active_same_direction_rb_tapped
60,46,2026-07-14 19:00:00-04:00,bullish,"(29805.0, 29806.25, 29745.5, 29773.25)",29745.5,29773.25,RB2-000017,29704.5,29786.0,overlapping_active_same_direction_rb_tapped
60,49,2026-07-14 22:00:00-04:00,bullish,"(29920.0, 29959.25, 29860.0, 29957.25)",29860.0,29920.0,RB2-000019,29837.5,29889.0,overlapping_active_same_direction_rb_tapped
60,53,2026-07-15 02:00:00-04:00,bullish,"(30022.5, 30058.25, 29967.75, 30032.0)",29967.75,30022.5,RB2-000022,29983.25,30012.75,overlapping_active_same_direction_rb_tapped
60,55,2026-07-15 04:00:00-04:00,bullish,"(30030.5, 30062.5, 29928.0, 29996.25)",29928.0,29996.25,RB2-000021,29947.25,29961.0,overlapping_active_same_direction_rb_tapped
60,56,2026-07-15 05:00:00-04:00,bullish,"(29997.25, 29998.75, 29872.0, 29936.5)",29872.0,29936.5,RB2-000019,29837.5,29889.0,overlapping_active_same_direction_rb_tapped
60,58,2026-07-15 07:00:00-04:00,bullish,"(29926.0, 29947.25, 29886.0, 29927.25)",29886.0,29926.0,RB2-000019,29837.5,29889.0,overlapping_active_same_direction_rb_tapped
60,59,2026-07-15 08:00:00-04:00,bearish,"(29926.0, 29953.0, 29904.5, 29912.5)",29926.0,29953.0,RB2-000024,29937.75,29963.5,overlapping_active_same_direction_rb_tapped
60,60,2026-07-15 09:00:00-04:00,bullish,"(29914.5, 29995.25, 29856.25, 29980.0)",29856.25,29914.5,RB2-000019,29837.5,29889.0,overlapping_active_same_direction_rb_tapped
60,61,2026-07-15 10:00:00-04:00,bullish,"(29980.0, 29999.75, 29754.5, 29823.5)",29754.5,29823.5,RB2-000017,29704.5,29786.0,overlapping_active_same_direction_rb_tapped
60,62,2026-07-15 11:00:00-04:00,bullish,"(29822.75, 29892.5, 29536.75, 29630.75)",29536.75,29630.75,RB2-000014,29555.0,29606.75,overlapping_active_same_direction_rb_tapped
60,64,2026-07-15 13:00:00-04:00,bullish,"(29580.25, 29599.5, 29397.0, 29512.75)",29397.0,29512.75,RB2-000010,29371.25,29425.25,overlapping_active_same_direction_rb_tapped
60,69,2026-07-15 19:00:00-04:00,bearish,"(29709.0, 29749.0, 29677.0, 29716.25)",29716.25,29749.0,RB2-000026,29686.75,29742.75,overlapping_active_same_direction_rb_tapped
60,70,2026-07-15 20:00:00-04:00,bearish,"(29716.0, 29736.25, 29682.0, 29690.0)",29716.0,29736.25,RB2-000026,29686.75,29742.75,overlapping_active_same_direction_rb_tapped
60,71,2026-07-15 21:00:00-04:00,bearish,"(29690.0, 29763.25, 29622.25, 29651.25)",29690.0,29763.25,RB2-000026,29686.75,29742.75,overlapping_active_same_direction_rb_tapped
60,72,2026-07-15 22:00:00-04:00,bullish,"(29653.75, 29685.75, 29593.5, 29651.0)",29593.5,29651.0,RB2-000027,29589.0,29613.0,overlapping_active_same_direction_rb_tapped
60,75,2026-07-16 01:00:00-04:00,bullish,"(29744.25, 29756.25, 29691.25, 29708.0)",29691.25,29708.0,RB2-000030,29701.75,29728.0,overlapping_active_same_direction_rb_tapped
60,77,2026-07-16 03:00:00-04:00,bearish,"(29687.75, 29749.75, 29641.25, 29683.75)",29687.75,29749.75,RB2-000031,29709.0,29797.0,overlapping_active_same_direction_rb_tapped
60,82,2026-07-16 08:00:00-04:00,bullish,"(29528.75, 29532.0, 29361.0, 29446.75)",29361.0,29446.75,RB2-000010,29371.25,29425.25,overlapping_active_same_direction_rb_tapped
60,83,2026-07-16 09:00:00-04:00,bullish,"(29445.75, 29457.25, 29363.5, 29392.25)",29363.5,29392.25,RB2-000010,29371.25,29425.25,overlapping_active_same_direction_rb_tapped
60,84,2026-07-16 10:00:00-04:00,bearish,"(29393.25, 29532.0, 29255.5, 29347.5)",29393.25,29532.0,RB2-000034,29531.0,29561.25,overlapping_active_same_direction_rb_tapped
60,87,2026-07-16 13:00:00-04:00,bullish,"(29392.5, 29395.25, 29260.75, 29338.25)",29260.75,29338.25,RB2-000036,29336.0,29392.5,overlapping_active_same_direction_rb_tapped
60,91,2026-07-16 17:00:00-04:00,bullish,"(29216.75, 29231.25, 29162.75, 29179.0)",29162.75,29179.0,RB2-000039,29078.5,29210.0,overlapping_active_same_direction_rb_tapped
60,93,2026-07-16 20:00:00-04:00,bullish,"(29134.75, 29144.75, 29060.0, 29096.5)",29060.0,29096.5,RB2-000039,29078.5,29210.0,overlapping_active_same_direction_rb_tapped
60,101,2026-07-17 04:00:00-04:00,bearish,"(28744.25, 28767.5, 28682.5, 28688.0)",28744.25,28767.5,RB2-000047,28755.0,28825.0,overlapping_active_same_direction_rb_tapped
60,104,2026-07-17 07:00:00-04:00,bearish,"(28711.75, 28825.5, 28691.5, 28785.0)",28785.0,28825.5,RB2-000047,28755.0,28825.0,overlapping_active_same_direction_rb_tapped
60,107,2026-07-17 10:00:00-04:00,bullish,"(28664.75, 28686.0, 28408.25, 28676.0)",28408.25,28664.75,RB2-000048,28550.0,28630.0,overlapping_active_same_direction_rb_tapped
60,108,2026-07-17 11:00:00-04:00,bearish,"(28676.0, 28896.0, 28665.25, 28727.0)",28727.0,28896.0,RB2-000047,28755.0,28825.0,overlapping_active_same_direction_rb_tapped
60,111,2026-07-17 14:00:00-04:00,bearish,"(28974.75, 29050.25, 28883.75, 28895.75)",28974.75,29050.25,RB2-000044,28926.25,29026.0,overlapping_active_same_direction_rb_tapped
60,112,2026-07-17 15:00:00-04:00,bullish,"(28896.25, 28937.0, 28797.0, 28861.25)",28797.0,28861.25,RB2-000052,28846.0,28934.0,overlapping_active_same_direction_rb_tapped
60,113,2026-07-17 16:00:00-04:00,bullish,"(28861.0, 28869.25, 28718.5, 28764.25)",28718.5,28764.25,RB2-000051,28672.25,28727.0,overlapping_active_same_direction_rb_tapped
60,114,2026-07-17 17:00:00-04:00,bullish,"(28764.5, 28779.75, 28712.5, 28768.25)",28712.5,28764.5,RB2-000051,28672.25,28727.0,overlapping_active_same_direction_rb_tapped
