context_conditions,n_context_conditions,occurrence_id,setup_def_version,tf,session_globex_day,segment_id,direction,origin_family,origin_object_id,origin_extreme,trigger_object_id,trigger_index,C_index,trigger_ts_et,availability_et,entry,structural_stop,structural_target,target_kind,risk_points,risk_atr,target_R,expiry_E_bars,resolve_H_1m,exact_graph,reduced_graph,broad_family,structural_score,sc_context_coherence,sc_trigger_clarity,sc_displacement_quality,sc_freshness,sc_invalidation_clarity,sc_target_room,sc_contradiction,primitive_ids,outcome,entry_fill_et,resolution_et,realized_R,favorable,mfe_R,mae_R,time_to_target_min,time_to_invalidation_min,target_still_valid,feat_direction,feat_session,feat_origin_family,feat_time_anchor,feat_displacement_atr,feat_path_efficiency,feat_fvg_tf,feat_fvg_width_atr,feat_vwap_side,feat_nearest_vwap_band,feat_nearest_band_dist_atr,feat_level_family,feat_target_distance_R,feat_opposing_distance_atr,feat_volatility_bucket,feat_risk_atr,prior_global_p,prior_global_R,exact_n,exact_wins,exact_losses,exact_fav_rate,exact_mean_R,reduced_n,reduced_fav_rate,reduced_mean_R,broad_n,broad_fav_rate,broad_mean_R,global_n,w_exact,w_reduced,w_broad,shrunk_favorable_probability,shrunk_expected_R,evidence_count,effective_sample_size,uncertainty_halfwidth,final_predicted_class
origin=VWAP_BAND | anchor=off_anchor | vwap_below,3,OC-5m-20260706T0010-L-VWA,cg-recognizer-v1.0.0,5m,2026-07-06,6,long,VWAP_BAND,VWAP-1.618-2026-07-06,29735.61541082722,FVG-5m-bull-20260706T0015,35897,35898,2026-07-06 00:10:00-04:00,2026-07-06 00:20:00-04:00,29769.0,29745.25,29782.0,level,23.75,0.699,0.547,20,120,VWAP_BAND(06)|long|5m->DISP->FVG_bull->FILL,ORIGIN_VWAP_BAND|long|5m->DISPLACEMENT->FVG_RETEST,VWAP_BAND|long,70.462,1.0,0.8138,0.7646,1.0,0.949,0.1825,0.6172,ORIGIN:VWAP-1.618-2026-07-06 ; TRIGGER_FVG:FVG-5m-bull-20260706T0015,WIN,2026-07-06 01:29:00-04:00,2026-07-06 01:29:00-04:00,0.5473684210526316,True,0.547,0.053,0.0,,True,long,2026-07-06,VWAP_BAND,off_anchor,1.737,0.529,5m,0.699,below,-1.0,0.536,,0.547,0.383,normal,0.699,0.7818,0.3014,0,0,0,,,66,0.9242,0.3541,111,0.8919,0.2172,660,0.0,0.767,0.735,0.9099,0.3275,0.0,66.0,0.0691,FAVORABLE
origin=VWAP_BAND | anchor=off_anchor | vwap_below,3,OC-15m-20260706T0015-L-VWA,cg-recognizer-v1.0.0,15m,2026-07-06,6,long,VWAP_BAND,VWAP-1.0-2026-07-06,29786.362100167695,FVG-15m-bull-20260706T0030,11966,11967,2026-07-06 00:15:00-04:00,2026-07-06 00:45:00-04:00,29788.5,29778.0,29790.75,level,10.5,0.17,0.214,20,120,VWAP_BAND(06)|long|15m->DISP->FVG_bull->FILL,ORIGIN_VWAP_BAND|long|15m->DISPLACEMENT->FVG_RETEST,VWAP_BAND|long,63.208,1.0,0.7143,0.818,1.0,0.5791,0.0714,0.9636,ORIGIN:VWAP-1.0-2026-07-06 ; TRIGGER_FVG:FVG-15m-bull-20260706T0030,WIN,2026-07-06 01:21:00-04:00,2026-07-06 01:21:00-04:00,0.21428571428571427,True,1.452,0.119,0.0,,True,long,2026-07-06,VWAP_BAND,off_anchor,1.588,0.636,15m,0.17,below,-1.0,0.044,,0.214,0.036,normal,0.17,0.7818,0.3014,0,0,0,,,45,0.8444,0.0164,111,0.8919,0.2172,660,0.0,0.692,0.735,0.8501,0.085,0.0,45.0,0.1043,NEUTRAL
origin=VWAP_BAND | anchor=off_anchor | vwap_below,3,OC-5m-20260706T0120-L-VWA,cg-recognizer-v1.0.0,5m,2026-07-06,6,long,VWAP_BAND,VWAP-1.0-2026-07-06,29784.667731359004,FVG-5m-bull-20260706T0140,35911,35915,2026-07-06 01:20:00-04:00,2026-07-06 01:45:00-04:00,29773.0,29770.0,29782.0,level,3.0,0.12,3.0,20,120,VWAP_BAND(06)|long|5m->DISP->FVG_bull->FILL,ORIGIN_VWAP_BAND|long|5m->DISPLACEMENT->FVG_RETEST,VWAP_BAND|long,64.77,1.0,0.5999,0.3727,1.0,0.4647,1.0,0.6387,ORIGIN:VWAP-1.0-2026-07-06 ; TRIGGER_FVG:FVG-5m-bull-20260706T0140,LOSS,2026-07-06 01:47:00-04:00,2026-07-06 01:47:00-04:00,-1.0,False,2.583,2.0,,0.0,True,long,2026-07-06,VWAP_BAND,off_anchor,0.733,0.257,5m,0.12,below,-1.0,0.398,,3.0,0.361,low,0.12,0.7818,0.3014,0,0,0,,,66,0.9242,0.3541,111,0.8919,0.2172,660,0.0,0.767,0.735,0.9099,0.3275,0.0,66.0,0.0691,FAVORABLE
origin=VWAP_BAND | anchor=off_anchor | vwap_below,3,OC-15m-20260706T0130-L-VWA,cg-recognizer-v1.0.0,15m,2026-07-06,6,long,VWAP_BAND,VWAP-1.0-2026-07-06,29782.905865934445,FVG-15m-bull-20260706T0245,11971,11976,2026-07-06 01:30:00-04:00,2026-07-06 03:00:00-04:00,29832.5,29797.0,29848.25,level,35.5,0.724,0.444,20,120,VWAP_BAND(06)|long|15m->DISP->FVG_bull->FILL,ORIGIN_VWAP_BAND|long|15m->DISPLACEMENT->FVG_RETEST,VWAP_BAND|long,70.541,1.0,0.8024,0.8123,1.0,0.9375,0.1479,0.6789,ORIGIN:VWAP-1.0-2026-07-06 ; TRIGGER_FVG:FVG-15m-bull-20260706T0245,WIN,2026-07-06 03:01:00-04:00,2026-07-06 03:04:00-04:00,0.44366197183098594,True,0.458,0.077,3.0,,True,long,2026-07-06,VWAP_BAND,off_anchor,1.763,0.625,15m,0.724,below,-1.0,1.06,,0.444,0.321,low,0.724,0.7818,0.3014,0,0,0,,,45,0.8444,0.0164,111,0.8919,0.2172,660,0.0,0.692,0.735,0.8501,0.085,0.0,45.0,0.1043,NEUTRAL
origin=FVG_FAILURE | anchor=off_anchor | vwap_below,3,OC-5m-20260706T0205-S-FVG,cg-recognizer-v1.0.0,5m,2026-07-06,6,short,FVG_FAILURE,FVG-5m-bull-20260706T0140,29773.0,FVG-5m-bear-20260706T0210,35920,35921,2026-07-06 02:05:00-04:00,2026-07-06 02:15:00-04:00,29771.0,29786.5,29768.25,level,15.5,0.618,0.177,20,120,FVG_FAILURE(20260706T0140)|short|5m->DISP->FVG_bear->FILL,ORIGIN_FVG_FAILURE|short|5m->DISPLACEMENT->FVG_RETEST,FVG_FAILURE|short,65.746,1.0,0.8551,0.6633,1.0,0.9903,0.0591,0.8904,ORIGIN:FVG-5m-bull-20260706T0140 ; TRIGGER_FVG:FVG-5m-bear-20260706T0210,WIN,2026-07-06 02:22:00-04:00,2026-07-06 02:22:00-04:00,0.1774193548387097,True,0.548,0.161,0.0,,True,short,2026-07-06,FVG_FAILURE,off_anchor,1.265,0.483,5m,0.618,below,-1.0,0.406,,0.177,0.11,normal,0.618,0.7818,0.3014,0,0,0,,,163,0.7239,0.2257,213,0.7324,0.2431,660,0.0,0.891,0.842,0.7257,0.2286,0.0,163.0,0.0685,FAVORABLE
origin=FVG_FAILURE | anchor=off_anchor | vwap_below,3,OC-5m-20260706T0225-L-FVG,cg-recognizer-v1.0.0,5m,2026-07-06,6,long,FVG_FAILURE,FVG-5m-bear-20260706T0210,29786.5,FVG-5m-bull-20260706T0230,35924,35925,2026-07-06 02:25:00-04:00,2026-07-06 02:35:00-04:00,29784.5,29778.5,29790.75,level,6.0,0.259,1.042,20,120,FVG_FAILURE(20260706T0210)|long|5m->DISP->FVG_bull->FILL,ORIGIN_FVG_FAILURE|long|5m->DISPLACEMENT->FVG_RETEST,FVG_FAILURE|long,73.097,1.0,0.8552,0.8604,1.0,0.72,0.3472,0.7301,ORIGIN:FVG-5m-bear-20260706T0210 ; TRIGGER_FVG:FVG-5m-bull-20260706T0230,EXPIRED,,,,False,,,,,True,long,2026-07-06,FVG_FAILURE,off_anchor,2.537,0.721,5m,0.259,below,-1.0,0.195,,1.042,0.27,normal,0.259,0.7818,0.3014,0,0,0,,,173,0.7457,0.3527,230,0.7696,0.3516,660,0.0,0.896,0.852,0.7483,0.3519,0.0,173.0,0.0647,FAVORABLE
origin=VWAP_BAND | anchor=off_anchor | vwap_below,3,OC-5m-20260706T0225-L-VWA,cg-recognizer-v1.0.0,5m,2026-07-06,6,long,VWAP_BAND,VWAP-1.0-2026-07-06,29780.25746470918,FVG-5m-bull-20260706T0230,35924,35925,2026-07-06 02:25:00-04:00,2026-07-06 02:35:00-04:00,29784.5,29778.5,29790.75,level,6.0,0.259,1.042,20,120,VWAP_BAND(06)|long|5m->DISP->FVG_bull->FILL,ORIGIN_VWAP_BAND|long|5m->DISPLACEMENT->FVG_RETEST,VWAP_BAND|long,73.097,1.0,0.8552,0.8604,1.0,0.72,0.3472,0.7301,ORIGIN:VWAP-1.0-2026-07-06 ; TRIGGER_FVG:FVG-5m-bull-20260706T0230,EXPIRED,,,,False,,,,,True,long,2026-07-06,VWAP_BAND,off_anchor,2.537,0.721,5m,0.259,below,-1.0,0.195,,1.042,0.27,normal,0.259,0.7818,0.3014,0,0,0,,,66,0.9242,0.3541,111,0.8919,0.2172,660,0.0,0.767,0.735,0.9099,0.3275,0.0,66.0,0.0691,FAVORABLE
origin=FVG_FAILURE | anchor=off_anchor | vwap_below,3,OC-5m-20260706T0230-L-FVG,cg-recognizer-v1.0.0,5m,2026-07-06,6,long,FVG_FAILURE,FVG-5m-bear-20260706T0125,29802.5,FVG-5m-bull-20260706T0235,35925,35926,2026-07-06 02:30:00-04:00,2026-07-06 02:40:00-04:00,29817.0,29797.0,29848.25,level,20.0,0.857,1.562,20,120,FVG_FAILURE(20260706T0125)|long|5m->DISP->FVG_bull->FILL,ORIGIN_FVG_FAILURE|long|5m->DISPLACEMENT->FVG_RETEST,FVG_FAILURE|long,79.735,1.0,0.746,0.8768,1.0,0.8812,0.5208,0.0,ORIGIN:FVG-5m-bear-20260706T0125 ; TRIGGER_FVG:FVG-5m-bull-20260706T0235,WIN,2026-07-06 03:30:00-04:00,2026-07-06 03:34:00-04:00,1.5625,True,1.575,0.038,4.0,,True,long,2026-07-06,FVG_FAILURE,off_anchor,2.785,0.754,5m,0.857,below,-1.0,1.583,,1.562,1.339,normal,0.857,0.7818,0.3014,0,0,0,,,173,0.7457,0.3527,230,0.7696,0.3516,660,0.0,0.896,0.852,0.7483,0.3519,0.0,173.0,0.0647,FAVORABLE
origin=FVG_FAILURE | anchor=off_anchor | vwap_below,3,OC-15m-20260706T0330-L-FVG,cg-recognizer-v1.0.0,15m,2026-07-06,6,long,FVG_FAILURE,FVG-15m-bear-20260705T2130,29867.25,FVG-15m-bull-20260706T0445,11979,11984,2026-07-06 03:30:00-04:00,2026-07-06 05:00:00-04:00,29838.5,29833.25,29848.25,level,5.25,0.11,1.857,20,120,FVG_FAILURE(20260705T2130)|long|15m->DISP->FVG_bull->FILL,ORIGIN_FVG_FAILURE|long|15m->DISPLACEMENT->FVG_RETEST,FVG_FAILURE|long,59.81,1.0,0.5709,0.4631,1.0,0.4357,0.619,0.795,ORIGIN:FVG-15m-bear-20260705T2130 ; TRIGGER_FVG:FVG-15m-bull-20260706T0445,LOSS,2026-07-06 05:48:00-04:00,2026-07-06 05:48:00-04:00,-1.0,False,0.81,2.095,,0.0,True,long,2026-07-06,FVG_FAILURE,off_anchor,0.899,0.327,15m,0.11,below,-1.0,1.192,,1.857,0.205,normal,0.11,0.7818,0.3014,0,0,0,,,57,0.8421,0.3483,230,0.7696,0.3516,660,0.0,0.74,0.852,0.8237,0.3472,0.0,57.0,0.0989,FAVORABLE
origin=FVG_FAILURE | anchor=off_anchor | vwap_above,3,OC-5m-20260706T0340-L-FVG,cg-recognizer-v1.0.0,5m,2026-07-06,6,long,FVG_FAILURE,FVG-5m-bear-20260706T0325,29848.0,FVG-5m-bull-20260706T0345,35939,35940,2026-07-06 03:40:00-04:00,2026-07-06 03:50:00-04:00,29866.25,29850.75,29877.0,level,15.5,0.687,0.694,20,120,FVG_FAILURE(20260706T0325)|long|5m->DISP->FVG_bull->FILL,ORIGIN_FVG_FAILURE|long|5m->DISPLACEMENT->FVG_RETEST,FVG_FAILURE|long,65.597,1.0,0.8196,0.5162,1.0,0.9547,0.2312,0.5234,ORIGIN:FVG-5m-bear-20260706T0325 ; TRIGGER_FVG:FVG-5m-bull-20260706T0345,LOSS,2026-07-06 03:50:00-04:00,2026-07-06 04:00:00-04:00,-1.0,False,0.613,1.323,,10.0,True,long,2026-07-06,FVG_FAILURE,off_anchor,1.02,0.352,5m,0.687,above,+1.0,3.44,,0.694,0.477,normal,0.687,0.7818,0.3014,0,0,0,,,173,0.7457,0.3527,230,0.7696,0.3516,660,0.0,0.896,0.852,0.7483,0.3519,0.0,173.0,0.0647,FAVORABLE
origin=FVG_FAILURE | anchor=off_anchor | vwap_below,3,OC-5m-20260706T0410-S-FVG,cg-recognizer-v1.0.0,5m,2026-07-06,6,short,FVG_FAILURE,FVG-5m-bull-20260706T0345,29866.25,FVG-5m-bear-20260706T0415,35945,35946,2026-07-06 04:10:00-04:00,2026-07-06 04:20:00-04:00,29825.0,29861.75,29781.651154648647,vwap_band,36.75,1.443,1.18,20,120,FVG_FAILURE(20260706T0345)|short|5m->DISP->FVG_bear->FILL,ORIGIN_FVG_FAILURE|short|5m->DISPLACEMENT->FVG_RETEST,FVG_FAILURE|short,68.49,1.0,0.5723,0.6773,1.0,0.7074,0.3932,0.0,ORIGIN:FVG-5m-bull-20260706T0345 ; TRIGGER_FVG:FVG-5m-bear-20260706T0415,LOSS,2026-07-06 04:22:00-04:00,2026-07-06 04:56:00-04:00,-1.0,False,0.503,1.116,,34.0,True,short,2026-07-06,FVG_FAILURE,off_anchor,1.905,0.355,5m,1.443,below,-1.0,1.702,,1.18,1.702,normal,1.443,0.7818,0.3014,0,0,0,,,163,0.7239,0.2257,213,0.7324,0.2431,660,0.0,0.891,0.842,0.7257,0.2286,0.0,163.0,0.0685,FAVORABLE
origin=VWAP_BAND | anchor=off_anchor | vwap_below,3,OC-15m-20260706T0415-L-VWA,cg-recognizer-v1.0.0,15m,2026-07-06,6,long,VWAP_BAND,VWAP-1.0-2026-07-06,29781.587564639805,FVG-15m-bull-20260706T0445,11982,11984,2026-07-06 04:15:00-04:00,2026-07-06 05:00:00-04:00,29838.5,29833.25,29848.25,level,5.25,0.11,1.857,20,120,VWAP_BAND(06)|long|15m->DISP->FVG_bull->FILL,ORIGIN_VWAP_BAND|long|15m->DISPLACEMENT->FVG_RETEST,VWAP_BAND|long,59.81,1.0,0.5709,0.4631,1.0,0.4357,0.619,0.795,ORIGIN:VWAP-1.0-2026-07-06 ; TRIGGER_FVG:FVG-15m-bull-20260706T0445,LOSS,2026-07-06 05:48:00-04:00,2026-07-06 05:48:00-04:00,-1.0,False,0.81,2.095,,0.0,True,long,2026-07-06,VWAP_BAND,off_anchor,0.899,0.327,15m,0.11,below,-1.0,1.192,,1.857,0.205,normal,0.11,0.7818,0.3014,0,0,0,,,45,0.8444,0.0164,111,0.8919,0.2172,660,0.0,0.692,0.735,0.8501,0.085,0.0,45.0,0.1043,NEUTRAL
origin=FVG_FAILURE | anchor=off_anchor | vwap_above,3,OC-5m-20260706T0655-L-FVG,cg-recognizer-v1.0.0,5m,2026-07-06,6,long,FVG_FAILURE,FVG-5m-bear-20260706T0645,29869.0,FVG-5m-bull-20260706T0720,35978,35983,2026-07-06 06:55:00-04:00,2026-07-06 07:25:00-04:00,29867.75,29859.75,29877.0,level,8.0,0.397,1.156,20,120,FVG_FAILURE(20260706T0645)|long|5m->DISP->FVG_bull->FILL,ORIGIN_FVG_FAILURE|long|5m->DISPLACEMENT->FVG_RETEST,FVG_FAILURE|long,68.431,1.0,0.9973,0.471,1.0,0.8622,0.3854,0.5412,ORIGIN:FVG-5m-bear-20260706T0645 ; TRIGGER_FVG:FVG-5m-bull-20260706T0720,WIN,2026-07-06 08:02:00-04:00,2026-07-06 08:02:00-04:00,1.15625,True,4.562,0.281,0.0,,True,long,2026-07-06,FVG_FAILURE,off_anchor,0.93,0.322,5m,0.397,above,+1.0,3.495,,1.156,0.459,normal,0.397,0.7818,0.3014,0,0,0,,,173,0.7457,0.3527,230,0.7696,0.3516,660,0.0,0.896,0.852,0.7483,0.3519,0.0,173.0,0.0647,FAVORABLE
origin=FVG_FAILURE | anchor=off_anchor | vwap_above,3,OC-5m-20260706T0700-S-FVG,cg-recognizer-v1.0.0,5m,2026-07-06,6,short,FVG_FAILURE,FVG-5m-bull-20260706T0555,29874.5,FVG-5m-bear-20260706T0705,35979,35980,2026-07-06 07:00:00-04:00,2026-07-06 07:10:00-04:00,29862.0,29864.75,29861.6162867533,vwap,2.75,0.133,0.14,20,120,FVG_FAILURE(20260706T0555)|short|5m->DISP->FVG_bear->FILL,ORIGIN_FVG_FAILURE|short|5m->DISPLACEMENT->FVG_RETEST,FVG_FAILURE|short,49.075,1.0,0.6335,0.3519,1.0,0.4984,0.0465,0.9814,ORIGIN:FVG-5m-bull-20260706T0555 ; TRIGGER_FVG:FVG-5m-bear-20260706T0705,WIN,2026-07-06 07:15:00-04:00,2026-07-06 07:15:00-04:00,0.13953208970964293,True,2.636,0.0,0.0,,True,short,2026-07-06,FVG_FAILURE,off_anchor,0.775,0.187,5m,0.133,above,+1.0,3.708,,0.14,0.019,normal,0.133,0.7818,0.3014,0,0,0,,,163,0.7239,0.2257,213,0.7324,0.2431,660,0.0,0.891,0.842,0.7257,0.2286,0.0,163.0,0.0685,FAVORABLE
origin=FVG_FAILURE | anchor=off_anchor | vwap_above,3,OC-5m-20260706T0700-S-FVG,cg-recognizer-v1.0.0,5m,2026-07-06,6,short,FVG_FAILURE,FVG-5m-bull-20260706T0655,29864.75,FVG-5m-bear-20260706T0705,35979,35980,2026-07-06 07:00:00-04:00,2026-07-06 07:10:00-04:00,29862.0,29864.75,29861.6162867533,vwap,2.75,0.133,0.14,20,120,FVG_FAILURE(20260706T0655)|short|5m->DISP->FVG_bear->FILL,ORIGIN_FVG_FAILURE|short|5m->DISPLACEMENT->FVG_RETEST,FVG_FAILURE|short,49.075,1.0,0.6335,0.3519,1.0,0.4984,0.0465,0.9814,ORIGIN:FVG-5m-bull-20260706T0655 ; TRIGGER_FVG:FVG-5m-bear-20260706T0705,WIN,2026-07-06 07:15:00-04:00,2026-07-06 07:15:00-04:00,0.13953208970964293,True,2.636,0.0,0.0,,True,short,2026-07-06,FVG_FAILURE,off_anchor,0.775,0.187,5m,0.133,above,+1.0,3.708,,0.14,0.019,normal,0.133,0.7818,0.3014,0,0,0,,,163,0.7239,0.2257,213,0.7324,0.2431,660,0.0,0.891,0.842,0.7257,0.2286,0.0,163.0,0.0685,FAVORABLE
origin=FVG_FAILURE | anchor=off_anchor | vwap_above,3,OC-5m-20260706T0715-L-FVG,cg-recognizer-v1.0.0,5m,2026-07-06,6,long,FVG_FAILURE,FVG-5m-bear-20260706T0705,29864.75,FVG-5m-bull-20260706T0720,35982,35983,2026-07-06 07:15:00-04:00,2026-07-06 07:25:00-04:00,29867.75,29859.75,29877.0,level,8.0,0.397,1.156,20,120,FVG_FAILURE(20260706T0705)|long|5m->DISP->FVG_bull->FILL,ORIGIN_FVG_FAILURE|long|5m->DISPLACEMENT->FVG_RETEST,FVG_FAILURE|long,68.431,1.0,0.9973,0.471,1.0,0.8622,0.3854,0.5412,ORIGIN:FVG-5m-bear-20260706T0705 ; TRIGGER_FVG:FVG-5m-bull-20260706T0720,WIN,2026-07-06 08:02:00-04:00,2026-07-06 08:02:00-04:00,1.15625,True,4.562,0.281,0.0,,True,long,2026-07-06,FVG_FAILURE,off_anchor,0.93,0.322,5m,0.397,above,+1.0,3.495,,1.156,0.459,normal,0.397,0.7818,0.3014,0,0,0,,,173,0.7457,0.3527,230,0.7696,0.3516,660,0.0,0.896,0.852,0.7483,0.3519,0.0,173.0,0.0647,FAVORABLE
origin=FVG_FAILURE | anchor=off_anchor | vwap_above,3,OC-5m-20260706T0805-L-FVG,cg-recognizer-v1.0.0,5m,2026-07-06,6,long,FVG_FAILURE,FVG-5m-bear-20260705T2105,29914.5,FVG-5m-bull-20260706T0810,35992,35993,2026-07-06 08:05:00-04:00,2026-07-06 08:15:00-04:00,29922.25,29916.0,29924.25,level,6.25,0.251,0.32,20,120,FVG_FAILURE(20260705T2105)|long|5m->DISP->FVG_bull->FILL,ORIGIN_FVG_FAILURE|long|5m->DISPLACEMENT->FVG_RETEST,FVG_FAILURE|long,65.994,1.0,0.8445,0.7692,1.0,0.7094,0.1067,0.9197,ORIGIN:FVG-5m-bear-20260705T2105 ; TRIGGER_FVG:FVG-5m-bull-20260706T0810,WIN,2026-07-06 08:17:00-04:00,2026-07-06 08:17:00-04:00,0.32,True,1.28,0.12,0.0,,True,long,2026-07-06,FVG_FAILURE,off_anchor,2.108,0.538,5m,0.251,above,+1.0,0.659,,0.32,0.08,normal,0.251,0.7818,0.3014,0,0,0,,,173,0.7457,0.3527,230,0.7696,0.3516,660,0.0,0.896,0.852,0.7483,0.3519,0.0,173.0,0.0647,FAVORABLE
origin=FVG_FAILURE | anchor=off_anchor | vwap_above,3,OC-5m-20260706T0820-S-FVG,cg-recognizer-v1.0.0,5m,2026-07-06,6,short,FVG_FAILURE,FVG-5m-bull-20260706T0810,29922.25,FVG-5m-bear-20260706T0825,35995,35996,2026-07-06 08:20:00-04:00,2026-07-06 08:30:00-04:00,29896.0,29914.5,29884.5,level,18.5,0.729,0.622,20,120,FVG_FAILURE(20260706T0810)|short|5m->DISP->FVG_bear->FILL,ORIGIN_FVG_FAILURE|short|5m->DISPLACEMENT->FVG_RETEST,FVG_FAILURE|short,69.508,1.0,0.7999,0.7114,1.0,0.9351,0.2072,0.5468,ORIGIN:FVG-5m-bull-20260706T0810 ; TRIGGER_FVG:FVG-5m-bear-20260706T0825,LOSS,2026-07-06 08:30:00-04:00,2026-07-06 08:37:00-04:00,-1.0,False,0.5,1.432,,7.0,True,short,2026-07-06,FVG_FAILURE,off_anchor,1.537,0.423,5m,0.729,above,+1.0,1.694,,0.622,0.453,normal,0.729,0.7818,0.3014,0,0,0,,,163,0.7239,0.2257,213,0.7324,0.2431,660,0.0,0.891,0.842,0.7257,0.2286,0.0,163.0,0.0685,FAVORABLE
origin=FVG_FAILURE | anchor=off_anchor | vwap_above,3,OC-5m-20260706T0835-L-FVG,cg-recognizer-v1.0.0,5m,2026-07-06,6,long,FVG_FAILURE,FVG-5m-bear-20260706T0825,29914.5,FVG-5m-bull-20260706T0855,35998,36002,2026-07-06 08:35:00-04:00,2026-07-06 09:00:00-04:00,29922.75,29910.75,29924.25,level,12.0,0.447,0.125,20,120,FVG_FAILURE(20260706T0825)|long|5m->DISP->FVG_bull->FILL,ORIGIN_FVG_FAILURE|long|5m->DISPLACEMENT->FVG_RETEST,FVG_FAILURE|long,67.452,1.0,0.9629,0.7234,1.0,0.902,0.0417,0.9441,ORIGIN:FVG-5m-bear-20260706T0825 ; TRIGGER_FVG:FVG-5m-bull-20260706T0855,WIN,2026-07-06 09:00:00-04:00,2026-07-06 09:00:00-04:00,0.125,True,1.271,0.062,0.0,,True,long,2026-07-06,FVG_FAILURE,off_anchor,1.248,0.615,5m,0.447,above,+1.0,0.634,,0.125,0.056,normal,0.447,0.7818,0.3014,0,0,0,,,173,0.7457,0.3527,230,0.7696,0.3516,660,0.0,0.896,0.852,0.7483,0.3519,0.0,173.0,0.0647,FAVORABLE
origin=FVG_FAILURE | anchor=0900 | vwap_above,3,OC-5m-20260706T0900-S-FVG,cg-recognizer-v1.0.0,5m,2026-07-06,6,short,FVG_FAILURE,FVG-5m-bull-20260706T0855,29922.75,FVG-5m-bear-20260706T0905,36003,36004,2026-07-06 09:00:00-04:00,2026-07-06 09:10:00-04:00,29903.75,29922.75,29903.25,level,19.0,0.652,0.026,20,120,FVG_FAILURE(20260706T0855)|short|5m->DISP->FVG_bear->FILL,ORIGIN_FVG_FAILURE|short|5m->DISPLACEMENT->FVG_RETEST,FVG_FAILURE|short,67.006,1.0,0.8374,0.7801,1.0,0.9725,0.0088,0.9829,ORIGIN:FVG-5m-bull-20260706T0855 ; TRIGGER_FVG:FVG-5m-bear-20260706T0905,WIN,2026-07-06 09:32:00-04:00,2026-07-06 09:32:00-04:00,0.02631578947368421,True,2.829,0.553,0.0,,True,short,2026-07-06,FVG_FAILURE,0900,1.475,0.577,5m,0.652,above,+1.0,1.243,,0.026,0.017,normal,0.652,0.7818,0.3014,0,0,0,,,163,0.7239,0.2257,213,0.7324,0.2431,660,0.0,0.891,0.842,0.7257,0.2286,0.0,163.0,0.0685,FAVORABLE
origin=FVG_FAILURE | anchor=off_anchor | vwap_below,3,OC-5m-20260706T0910-S-FVG,cg-recognizer-v1.0.0,5m,2026-07-06,6,short,FVG_FAILURE,FVG-5m-bull-20260706T0720,29867.75,FVG-5m-bear-20260706T0915,36005,36006,2026-07-06 09:10:00-04:00,2026-07-06 09:20:00-04:00,29865.0,29889.0,29826.75,level,24.0,0.904,1.594,20,120,FVG_FAILURE(20260706T0720)|short|5m->DISP->FVG_bear->FILL,ORIGIN_FVG_FAILURE|short|5m->DISPLACEMENT->FVG_RETEST,FVG_FAILURE|short,78.36,1.0,0.7283,0.8333,1.0,0.8634,0.5312,0.0,ORIGIN:FVG-5m-bull-20260706T0720 ; TRIGGER_FVG:FVG-5m-bear-20260706T0915,WIN,2026-07-06 09:30:00-04:00,2026-07-06 09:30:00-04:00,1.59375,True,3.698,0.5,0.0,,True,short,2026-07-06,FVG_FAILURE,off_anchor,2.241,0.667,5m,0.904,below,-1.0,2.67,,1.594,1.44,normal,0.904,0.7818,0.3014,0,0,0,,,163,0.7239,0.2257,213,0.7324,0.2431,660,0.0,0.891,0.842,0.7257,0.2286,0.0,163.0,0.0685,FAVORABLE
origin=FVG_FAILURE | anchor=0930 | vwap_below,3,OC-15m-20260706T0930-L-FVG,cg-recognizer-v1.0.0,15m,2026-07-06,6,long,FVG_FAILURE,FVG-15m-bear-20260706T0915,29898.75,FVG-15m-bull-20260706T0945,12003,12004,2026-07-06 09:30:00-04:00,2026-07-06 10:00:00-04:00,29896.0,29865.0,29906.82340750252,vwap,31.0,0.584,0.349,20,120,FVG_FAILURE(20260706T0915)|long|15m->DISP->FVG_bull->FILL,ORIGIN_FVG_FAILURE|long|15m->DISPLACEMENT->FVG_RETEST,FVG_FAILURE|long,65.136,1.0,0.8739,0.5741,1.0,0.9909,0.1164,0.7961,ORIGIN:FVG-15m-bear-20260706T0915 ; TRIGGER_FVG:FVG-15m-bull-20260706T0945,WIN,2026-07-06 13:42:00-04:00,2026-07-06 13:42:00-04:00,0.34914217750068227,True,0.371,0.444,0.0,,True,long,2026-07-06,FVG_FAILURE,0930,1.38,0.228,15m,0.584,below,-1.0,0.741,,0.349,0.204,high,0.584,0.7818,0.3014,0,0,0,,,57,0.8421,0.3483,230,0.7696,0.3516,660,0.0,0.74,0.852,0.8237,0.3472,0.0,57.0,0.0989,FAVORABLE
origin=VWAP_BAND | anchor=0930 | vwap_below,3,OC-15m-20260706T0930-L-VWA,cg-recognizer-v1.0.0,15m,2026-07-06,6,long,VWAP_BAND,VWAP-2.618-2026-07-06,29783.741423194522,FVG-15m-bull-20260706T0945,12003,12004,2026-07-06 09:30:00-04:00,2026-07-06 10:00:00-04:00,29896.0,29865.0,29906.82340750252,vwap,31.0,0.584,0.349,20,120,VWAP_BAND(06)|long|15m->DISP->FVG_bull->FILL,ORIGIN_VWAP_BAND|long|15m->DISPLACEMENT->FVG_RETEST,VWAP_BAND|long,65.136,1.0,0.8739,0.5741,1.0,0.9909,0.1164,0.7961,ORIGIN:VWAP-2.618-2026-07-06 ; TRIGGER_FVG:FVG-15m-bull-20260706T0945,WIN,2026-07-06 13:42:00-04:00,2026-07-06 13:42:00-04:00,0.34914217750068227,True,0.371,0.444,0.0,,True,long,2026-07-06,VWAP_BAND,0930,1.38,0.228,15m,0.584,below,-1.0,0.741,,0.349,0.204,high,0.584,0.7818,0.3014,0,0,0,,,45,0.8444,0.0164,111,0.8919,0.2172,660,0.0,0.692,0.735,0.8501,0.085,0.0,45.0,0.1043,NEUTRAL
origin=VWAP_BAND | anchor=rth | vwap_above,3,OC-5m-20260706T1050-S-VWA,cg-recognizer-v1.0.0,5m,2026-07-06,6,short,VWAP_BAND,VWAP+1.618-2026-07-06,30064.556054586497,FVG-5m-bear-20260706T1115,36025,36030,2026-07-06 10:50:00-04:00,2026-07-06 11:20:00-04:00,29985.0,29987.0,29976.25,level,2.0,0.039,4.375,20,120,VWAP_BAND(06)|short|5m->DISP->FVG_bear->FILL,ORIGIN_VWAP_BAND|short|5m->DISPLACEMENT->FVG_RETEST,VWAP_BAND|short,57.042,1.0,0.2208,0.4812,1.0,0.0856,1.0,0.831,ORIGIN:VWAP+1.618-2026-07-06 ; TRIGGER_FVG:FVG-5m-bear-20260706T1115,WIN,2026-07-06 11:20:00-04:00,2026-07-06 11:20:00-04:00,4.375,True,10.625,0.625,0.0,,True,short,2026-07-06,VWAP_BAND,rth,0.956,0.325,5m,0.039,above,+1.0,0.812,,4.375,0.169,normal,0.039,0.7818,0.3014,0,0,0,,,40,0.825,0.3478,61,0.7705,0.2609,660,0.0,0.667,0.604,0.8083,0.3242,0.0,40.0,0.122,FAVORABLE
origin=VWAP_BAND | anchor=rth | vwap_above,3,OC-5m-20260706T1100-S-VWA,cg-recognizer-v1.0.0,5m,2026-07-06,6,short,VWAP_BAND,VWAP+1.0-2026-07-06,30027.196360750433,FVG-5m-bear-20260706T1115,36027,36030,2026-07-06 11:00:00-04:00,2026-07-06 11:20:00-04:00,29985.0,29987.0,29976.25,level,2.0,0.039,4.375,20,120,VWAP_BAND(06)|short|5m->DISP->FVG_bear->FILL,ORIGIN_VWAP_BAND|short|5m->DISPLACEMENT->FVG_RETEST,VWAP_BAND|short,57.042,1.0,0.2208,0.4812,1.0,0.0856,1.0,0.831,ORIGIN:VWAP+1.0-2026-07-06 ; TRIGGER_FVG:FVG-5m-bear-20260706T1115,WIN,2026-07-06 11:20:00-04:00,2026-07-06 11:20:00-04:00,4.375,True,10.625,0.625,0.0,,True,short,2026-07-06,VWAP_BAND,rth,0.956,0.325,5m,0.039,above,+1.0,0.812,,4.375,0.169,normal,0.039,0.7818,0.3014,0,0,0,,,40,0.825,0.3478,61,0.7705,0.2609,660,0.0,0.667,0.604,0.8083,0.3242,0.0,40.0,0.122,FAVORABLE
origin=FVG_FAILURE | anchor=rth | vwap_above,3,OC-5m-20260706T1120-L-FVG,cg-recognizer-v1.0.0,5m,2026-07-06,6,long,FVG_FAILURE,FVG-5m-bear-20260706T1115,29987.0,FVG-5m-bull-20260706T1125,36031,36032,2026-07-06 11:20:00-04:00,2026-07-06 11:30:00-04:00,30001.5,29985.0,30011.25,level,16.5,0.346,0.591,20,120,FVG_FAILURE(20260706T1115)|long|5m->DISP->FVG_bull->FILL,ORIGIN_FVG_FAILURE|long|5m->DISPLACEMENT->FVG_RETEST,FVG_FAILURE|long,70.374,1.0,0.952,0.7579,1.0,0.8168,0.197,0.7954,ORIGIN:FVG-5m-bear-20260706T1115 ; TRIGGER_FVG:FVG-5m-bull-20260706T1125,LOSS,2026-07-06 12:54:00-04:00,2026-07-06 12:56:00-04:00,-1.0,False,0.439,1.182,,2.0,True,long,2026-07-06,FVG_FAILURE,rth,1.621,0.516,5m,0.346,above,+1.0,0.585,,0.591,0.205,low,0.346,0.7818,0.3014,0,0,0,,,173,0.7457,0.3527,230,0.7696,0.3516,660,0.0,0.896,0.852,0.7483,0.3519,0.0,173.0,0.0647,FAVORABLE
origin=VWAP_BAND | anchor=rth | vwap_above,3,OC-15m-20260706T1130-S-VWA,cg-recognizer-v1.0.0,15m,2026-07-06,6,short,VWAP_BAND,VWAP+1.618-2026-07-06,30078.449050654708,FVG-15m-bear-20260706T1230,12011,12015,2026-07-06 11:30:00-04:00,2026-07-06 12:45:00-04:00,30044.25,30053.5,30042.0,level,9.25,0.116,0.243,20,120,VWAP_BAND(06)|short|15m->DISP->FVG_bear->FILL,ORIGIN_VWAP_BAND|short|15m->DISPLACEMENT->FVG_RETEST,VWAP_BAND|short,51.005,1.0,0.5874,0.4526,1.0,0.4523,0.0811,0.9718,ORIGIN:VWAP+1.618-2026-07-06 ; TRIGGER_FVG:FVG-15m-bear-20260706T1230,WIN,2026-07-06 15:21:00-04:00,2026-07-06 15:21:00-04:00,0.24324324324324326,True,0.946,0.514,0.0,,True,short,2026-07-06,VWAP_BAND,rth,0.721,0.424,15m,0.116,above,+1.0,0.116,,0.243,0.028,high,0.116,0.7818,0.3014,0,0,0,,,21,0.6667,0.0952,61,0.7705,0.2609,660,0.0,0.512,0.604,0.7195,0.1838,0.0,21.0,0.1921,FAVORABLE
origin=VWAP_BAND | anchor=rth | vwap_above,3,OC-5m-20260706T1205-S-VWA,cg-recognizer-v1.0.0,5m,2026-07-06,6,short,VWAP_BAND,VWAP+1.618-2026-07-06,30089.10994154404,FVG-5m-bear-20260706T1225,36040,36044,2026-07-06 12:05:00-04:00,2026-07-06 12:30:00-04:00,30048.0,30052.25,30046.25,level,4.25,0.125,0.412,20,120,VWAP_BAND(06)|short|5m->DISP->FVG_bear->FILL,ORIGIN_VWAP_BAND|short|5m->DISPLACEMENT->FVG_RETEST,VWAP_BAND|short,56.426,1.0,0.6112,0.6072,1.0,0.4761,0.1373,0.9487,ORIGIN:VWAP+1.618-2026-07-06 ; TRIGGER_FVG:FVG-5m-bear-20260706T1225,EXPIRED,,,,False,,,,,True,short,2026-07-06,VWAP_BAND,rth,1.143,0.452,5m,0.125,above,+1.0,0.138,,0.412,0.051,low,0.125,0.7818,0.3014,0,0,0,,,40,0.825,0.3478,61,0.7705,0.2609,660,0.0,0.667,0.604,0.8083,0.3242,0.0,40.0,0.122,FAVORABLE
origin=VWAP_BAND | anchor=rth | vwap_above,3,OC-15m-20260706T1215-S-VWA,cg-recognizer-v1.0.0,15m,2026-07-06,6,short,VWAP_BAND,VWAP+1.0-2026-07-06,30052.720019074204,FVG-15m-bear-20260706T1230,12014,12015,2026-07-06 12:15:00-04:00,2026-07-06 12:45:00-04:00,30044.25,30053.5,30042.0,level,9.25,0.116,0.243,20,120,VWAP_BAND(06)|short|15m->DISP->FVG_bear->FILL,ORIGIN_VWAP_BAND|short|15m->DISPLACEMENT->FVG_RETEST,VWAP_BAND|short,51.005,1.0,0.5874,0.4526,1.0,0.4523,0.0811,0.9718,ORIGIN:VWAP+1.0-2026-07-06 ; TRIGGER_FVG:FVG-15m-bear-20260706T1230,WIN,2026-07-06 15:21:00-04:00,2026-07-06 15:21:00-04:00,0.24324324324324326,True,0.946,0.514,0.0,,True,short,2026-07-06,VWAP_BAND,rth,0.721,0.424,15m,0.116,above,+1.0,0.116,,0.243,0.028,high,0.116,0.7818,0.3014,0,0,0,,,21,0.6667,0.0952,61,0.7705,0.2609,660,0.0,0.512,0.604,0.7195,0.1838,0.0,21.0,0.1921,FAVORABLE
origin=FVG_FAILURE | anchor=rth | vwap_above,3,OC-5m-20260706T1315-S-FVG,cg-recognizer-v1.0.0,5m,2026-07-06,6,short,FVG_FAILURE,FVG-5m-bull-20260706T1310,30009.75,FVG-5m-bear-20260706T1320,36054,36055,2026-07-06 13:15:00-04:00,2026-07-06 13:25:00-04:00,30002.25,30009.75,29998.75,level,7.5,0.247,0.467,20,120,FVG_FAILURE(20260706T1310)|short|5m->DISP->FVG_bear->FILL,ORIGIN_FVG_FAILURE|short|5m->DISPLACEMENT->FVG_RETEST,FVG_FAILURE|short,65.885,1.0,0.8392,0.7339,1.0,0.704,0.1556,0.8848,ORIGIN:FVG-5m-bull-20260706T1310 ; TRIGGER_FVG:FVG-5m-bear-20260706T1320,WIN,2026-07-06 14:47:00-04:00,2026-07-06 14:47:00-04:00,0.4666666666666667,True,1.133,0.1,0.0,,True,short,2026-07-06,FVG_FAILURE,rth,1.613,0.468,5m,0.247,above,+1.0,1.652,,0.467,0.115,normal,0.247,0.7818,0.3014,0,0,0,,,163,0.7239,0.2257,213,0.7324,0.2431,660,0.0,0.891,0.842,0.7257,0.2286,0.0,163.0,0.0685,FAVORABLE
origin=FVG_FAILURE | anchor=rth | vwap_below,3,OC-5m-20260706T1320-S-FVG,cg-recognizer-v1.0.0,5m,2026-07-06,6,short,FVG_FAILURE,FVG-5m-bull-20260706T1125,30001.5,FVG-5m-bear-20260706T1330,36055,36057,2026-07-06 13:20:00-04:00,2026-07-06 13:35:00-04:00,29960.5,29963.5,29939.75,level,3.0,0.091,6.917,20,120,FVG_FAILURE(20260706T1125)|short|5m->DISP->FVG_bear->FILL,ORIGIN_FVG_FAILURE|short|5m->DISPLACEMENT->FVG_RETEST,FVG_FAILURE|short,73.47,1.0,0.506,0.7612,1.0,0.3708,1.0,0.3716,ORIGIN:FVG-5m-bull-20260706T1125 ; TRIGGER_FVG:FVG-5m-bear-20260706T1330,LOSS,2026-07-06 14:08:00-04:00,2026-07-06 14:08:00-04:00,-1.0,False,2.5,2.333,,0.0,True,short,2026-07-06,FVG_FAILURE,rth,2.029,0.522,5m,0.091,below,-1.0,1.131,,6.917,0.628,normal,0.091,0.7818,0.3014,0,0,0,,,163,0.7239,0.2257,213,0.7324,0.2431,660,0.0,0.891,0.842,0.7257,0.2286,0.0,163.0,0.0685,FAVORABLE
origin=FVG_FAILURE | anchor=rth | vwap_above,3,OC-15m-20260706T1400-L-FVG,cg-recognizer-v1.0.0,15m,2026-07-06,6,long,FVG_FAILURE,FVG-15m-bear-20260706T1345,29948.0,FVG-15m-bull-20260706T1515,12021,12026,2026-07-06 14:00:00-04:00,2026-07-06 15:30:00-04:00,30004.5,30004.0,30011.25,level,0.5,0.009,13.5,20,120,FVG_FAILURE(20260706T1345)|long|15m->DISP->FVG_bull->FILL,ORIGIN_FVG_FAILURE|long|15m->DISPLACEMENT->FVG_RETEST,FVG_FAILURE|long,55.628,1.0,0.0,0.5995,1.0,0.0,1.0,0.8719,ORIGIN:FVG-15m-bear-20260706T1345 ; TRIGGER_FVG:FVG-15m-bull-20260706T1515,AMBIGUOUS,2026-07-06 15:31:00-04:00,2026-07-06 15:31:00-04:00,,False,31.0,4.5,,,True,long,2026-07-06,FVG_FAILURE,rth,1.092,0.471,15m,0.009,above,+1.0,0.708,,13.5,0.128,low,0.009,0.7818,0.3014,0,0,0,,,57,0.8421,0.3483,230,0.7696,0.3516,660,0.0,0.74,0.852,0.8237,0.3472,0.0,57.0,0.0989,FAVORABLE
origin=VWAP_BAND | anchor=rth | vwap_above,3,OC-15m-20260706T1400-L-VWA,cg-recognizer-v1.0.0,15m,2026-07-06,6,long,VWAP_BAND,VWAP-1.0-2026-07-06,29915.55325801882,FVG-15m-bull-20260706T1515,12021,12026,2026-07-06 14:00:00-04:00,2026-07-06 15:30:00-04:00,30004.5,30004.0,30011.25,level,0.5,0.009,13.5,20,120,VWAP_BAND(06)|long|15m->DISP->FVG_bull->FILL,ORIGIN_VWAP_BAND|long|15m->DISPLACEMENT->FVG_RETEST,VWAP_BAND|long,55.628,1.0,0.0,0.5995,1.0,0.0,1.0,0.8719,ORIGIN:VWAP-1.0-2026-07-06 ; TRIGGER_FVG:FVG-15m-bull-20260706T1515,AMBIGUOUS,2026-07-06 15:31:00-04:00,2026-07-06 15:31:00-04:00,,False,31.0,4.5,,,True,long,2026-07-06,VWAP_BAND,rth,1.092,0.471,15m,0.009,above,+1.0,0.708,,13.5,0.128,low,0.009,0.7818,0.3014,0,0,0,,,45,0.8444,0.0164,111,0.8919,0.2172,660,0.0,0.692,0.735,0.8501,0.085,0.0,45.0,0.1043,NEUTRAL
origin=VWAP_BAND | anchor=rth | vwap_below,3,OC-5m-20260706T1400-L-VWA,cg-recognizer-v1.0.0,5m,2026-07-06,6,long,VWAP_BAND,VWAP-1.0-2026-07-06,29915.57288932321,FVG-5m-bull-20260706T1405,36063,36064,2026-07-06 14:00:00-04:00,2026-07-06 14:10:00-04:00,29923.75,29909.5,29924.25,level,14.25,0.397,0.035,20,120,VWAP_BAND(06)|long|5m->DISP->FVG_bull->FILL,ORIGIN_VWAP_BAND|long|5m->DISPLACEMENT->FVG_RETEST,VWAP_BAND|long,68.147,1.0,0.9975,0.7726,1.0,0.8623,0.0117,0.9861,ORIGIN:VWAP-1.0-2026-07-06 ; TRIGGER_FVG:FVG-5m-bull-20260706T1405,EXPIRED,,,,False,,,,,True,long,2026-07-06,VWAP_BAND,rth,1.595,0.545,5m,0.397,below,-1.0,0.23,,0.035,0.014,normal,0.397,0.7818,0.3014,0,0,0,,,66,0.9242,0.3541,111,0.8919,0.2172,660,0.0,0.767,0.735,0.9099,0.3275,0.0,66.0,0.0691,FAVORABLE
origin=FVG_FAILURE | anchor=rth | vwap_below,3,OC-5m-20260706T1405-L-FVG,cg-recognizer-v1.0.0,5m,2026-07-06,6,long,FVG_FAILURE,FVG-5m-bear-20260706T1335,29948.0,FVG-5m-bull-20260706T1410,36064,36065,2026-07-06 14:05:00-04:00,2026-07-06 14:15:00-04:00,29945.5,29933.75,29947.0,level,11.75,0.316,0.128,20,120,FVG_FAILURE(20260706T1335)|long|5m->DISP->FVG_bull->FILL,ORIGIN_FVG_FAILURE|long|5m->DISPLACEMENT->FVG_RETEST,FVG_FAILURE|long,65.795,1.0,0.9218,0.7304,1.0,0.7866,0.0426,0.9596,ORIGIN:FVG-5m-bear-20260706T1335 ; TRIGGER_FVG:FVG-5m-bull-20260706T1410,WIN,2026-07-06 15:55:00-04:00,2026-07-06 15:55:00-04:00,0.1276595744680851,True,2.043,0.426,0.0,,True,long,2026-07-06,FVG_FAILURE,rth,1.427,0.51,5m,0.316,below,-1.0,0.806,,0.128,0.04,normal,0.316,0.7818,0.3014,0,0,0,,,173,0.7457,0.3527,230,0.7696,0.3516,660,0.0,0.896,0.852,0.7483,0.3519,0.0,173.0,0.0647,FAVORABLE
origin=FVG_FAILURE | anchor=rth | vwap_below,3,OC-5m-20260706T1415-L-FVG,cg-recognizer-v1.0.0,5m,2026-07-06,6,long,FVG_FAILURE,FVG-5m-bear-20260706T1330,29963.5,FVG-5m-bull-20260706T1420,36066,36067,2026-07-06 14:15:00-04:00,2026-07-06 14:25:00-04:00,29971.25,29967.5,29977.0,level,3.75,0.101,1.533,20,120,FVG_FAILURE(20260706T1330)|long|5m->DISP->FVG_bull->FILL,ORIGIN_FVG_FAILURE|long|5m->DISPLACEMENT->FVG_RETEST,FVG_FAILURE|long,55.789,1.0,0.5422,0.4057,1.0,0.4071,0.5111,0.8447,ORIGIN:FVG-5m-bear-20260706T1330 ; TRIGGER_FVG:FVG-5m-bull-20260706T1420,AMBIGUOUS,2026-07-06 14:28:00-04:00,2026-07-06 14:28:00-04:00,,False,2.8,1.133,,,True,long,2026-07-06,FVG_FAILURE,rth,0.743,0.316,5m,0.101,below,-1.0,1.484,,1.533,0.155,normal,0.101,0.7818,0.3014,0,0,0,,,173,0.7457,0.3527,230,0.7696,0.3516,660,0.0,0.896,0.852,0.7483,0.3519,0.0,173.0,0.0647,FAVORABLE
origin=FVG_FAILURE | anchor=rth | vwap_above,3,OC-15m-20260706T1430-L-FVG,cg-recognizer-v1.0.0,15m,2026-07-06,6,long,FVG_FAILURE,FVG-15m-bear-20260706T1330,29975.25,FVG-15m-bull-20260706T1515,12023,12026,2026-07-06 14:30:00-04:00,2026-07-06 15:30:00-04:00,30004.5,30004.0,30011.25,level,0.5,0.009,13.5,20,120,FVG_FAILURE(20260706T1330)|long|15m->DISP->FVG_bull->FILL,ORIGIN_FVG_FAILURE|long|15m->DISPLACEMENT->FVG_RETEST,FVG_FAILURE|long,55.628,1.0,0.0,0.5995,1.0,0.0,1.0,0.8719,ORIGIN:FVG-15m-bear-20260706T1330 ; TRIGGER_FVG:FVG-15m-bull-20260706T1515,AMBIGUOUS,2026-07-06 15:31:00-04:00,2026-07-06 15:31:00-04:00,,False,31.0,4.5,,,True,long,2026-07-06,FVG_FAILURE,rth,1.092,0.471,15m,0.009,above,+1.0,0.708,,13.5,0.128,low,0.009,0.7818,0.3014,0,0,0,,,57,0.8421,0.3483,230,0.7696,0.3516,660,0.0,0.74,0.852,0.8237,0.3472,0.0,57.0,0.0989,FAVORABLE
origin=FVG_FAILURE | anchor=rth | vwap_above,3,OC-5m-20260706T1510-L-FVG,cg-recognizer-v1.0.0,5m,2026-07-06,6,long,FVG_FAILURE,FVG-5m-bear-20260706T1320,30009.75,FVG-5m-bull-20260706T1520,36077,36079,2026-07-06 15:10:00-04:00,2026-07-06 15:25:00-04:00,30027.0,30025.0,30041.2958157712,vwap_band,2.0,0.074,7.148,20,120,FVG_FAILURE(20260706T1320)|long|5m->DISP->FVG_bull->FILL,ORIGIN_FVG_FAILURE|long|5m->DISPLACEMENT->FVG_RETEST,FVG_FAILURE|long,71.248,1.0,0.4359,0.7628,1.0,0.3007,1.0,0.4737,ORIGIN:FVG-5m-bear-20260706T1320 ; TRIGGER_FVG:FVG-5m-bull-20260706T1520,LOSS,2026-07-06 15:30:00-04:00,2026-07-06 15:30:00-04:00,-1.0,False,5.5,6.125,,0.0,True,long,2026-07-06,FVG_FAILURE,rth,1.51,0.526,5m,0.074,above,+1.0,0.526,,7.148,0.526,low,0.074,0.7818,0.3014,0,0,0,,,173,0.7457,0.3527,230,0.7696,0.3516,660,0.0,0.896,0.852,0.7483,0.3519,0.0,173.0,0.0647,FAVORABLE
origin=VWAP_BAND | anchor=rth | vwap_below,3,OC-15m-20260706T1515-S-VWA,cg-recognizer-v1.0.0,15m,2026-07-06,6,short,VWAP_BAND,VWAP+1.0-2026-07-06,30041.784320885057,FVG-15m-bear-20260706T1600,12026,12029,2026-07-06 15:15:00-04:00,2026-07-06 16:15:00-04:00,29972.75,29996.25,29939.75,level,23.5,0.41,1.404,20,120,VWAP_BAND(06)|short|15m->DISP->FVG_bear->FILL,ORIGIN_VWAP_BAND|short|15m->DISPLACEMENT->FVG_RETEST,VWAP_BAND|short,73.746,1.0,0.992,0.6096,1.0,0.8728,0.4681,0.4247,ORIGIN:VWAP+1.0-2026-07-06 ; TRIGGER_FVG:FVG-15m-bear-20260706T1600,WIN,2026-07-06 18:21:00-04:00,2026-07-06 18:45:00-04:00,1.4042553191489362,True,1.702,0.043,24.0,,True,short,2026-07-06,VWAP_BAND,rth,1.251,0.385,15m,0.41,below,-1.0,0.858,,1.404,0.575,normal,0.41,0.7818,0.3014,0,0,0,,,21,0.6667,0.0952,61,0.7705,0.2609,660,0.0,0.512,0.604,0.7195,0.1838,0.0,21.0,0.1921,FAVORABLE
origin=FVG_FAILURE | anchor=rth | vwap_below,3,OC-5m-20260706T1535-S-FVG,cg-recognizer-v1.0.0,5m,2026-07-06,6,short,FVG_FAILURE,FVG-5m-bull-20260706T1520,30027.0,FVG-5m-bear-20260706T1555,36082,36086,2026-07-06 15:35:00-04:00,2026-07-06 16:00:00-04:00,29980.75,30018.75,29976.25,level,38.0,1.32,0.118,20,120,FVG_FAILURE(20260706T1520)|short|5m->DISP->FVG_bear->FILL,ORIGIN_FVG_FAILURE|short|5m->DISPLACEMENT->FVG_RETEST,FVG_FAILURE|short,62.172,1.0,0.602,0.7759,1.0,0.7372,0.0395,0.8437,ORIGIN:FVG-5m-bull-20260706T1520 ; TRIGGER_FVG:FVG-5m-bear-20260706T1555,EXPIRED,,,,False,,,,,True,short,2026-07-06,FVG_FAILURE,rth,2.501,0.552,5m,1.32,below,-1.0,1.982,,0.118,0.156,normal,1.32,0.7818,0.3014,0,0,0,,,163,0.7239,0.2257,213,0.7324,0.2431,660,0.0,0.891,0.842,0.7257,0.2286,0.0,163.0,0.0685,FAVORABLE
origin=FVG_FAILURE | anchor=rth | vwap_below,3,OC-15m-20260706T1545-S-FVG,cg-recognizer-v1.0.0,15m,2026-07-06,6,short,FVG_FAILURE,FVG-15m-bull-20260706T1515,30004.5,FVG-15m-bear-20260706T1600,12028,12029,2026-07-06 15:45:00-04:00,2026-07-06 16:15:00-04:00,29972.75,29996.25,29939.75,level,23.5,0.41,1.404,20,120,FVG_FAILURE(20260706T1515)|short|15m->DISP->FVG_bear->FILL,ORIGIN_FVG_FAILURE|short|15m->DISPLACEMENT->FVG_RETEST,FVG_FAILURE|short,73.746,1.0,0.992,0.6096,1.0,0.8728,0.4681,0.4247,ORIGIN:FVG-15m-bull-20260706T1515 ; TRIGGER_FVG:FVG-15m-bear-20260706T1600,WIN,2026-07-06 18:21:00-04:00,2026-07-06 18:45:00-04:00,1.4042553191489362,True,1.702,0.043,24.0,,True,short,2026-07-06,FVG_FAILURE,rth,1.251,0.385,15m,0.41,below,-1.0,0.858,,1.404,0.575,normal,0.41,0.7818,0.3014,0,0,0,,,50,0.76,0.2999,213,0.7324,0.2431,660,0.0,0.714,0.842,0.7543,0.2863,0.0,50.0,0.1193,FAVORABLE
origin=LIQ_SWEEP | anchor=asia_open | vwap_below,3,OC-15m-20260706T1800-S-LIQ,cg-recognizer-v1.0.0,15m,2026-07-07,6,short,LIQ_SWEEP,LVL-6-2026-07-07-candle_0930_high,29685.75,FVG-15m-bear-20260706T1845,12033,12036,2026-07-06 18:00:00-04:00,2026-07-06 19:00:00-04:00,29950.25,29950.75,29939.75,level,0.5,0.013,21.0,20,120,LIQ_SWEEP(candle_0930_high)|short|15m->DISP->FVG_bear->FILL,ORIGIN_LIQ_SWEEP|short|15m->DISPLACEMENT->FVG_RETEST,LIQ_SWEEP|short,61.917,1.0,0.0,0.8217,1.0,0.0,1.0,0.7254,ORIGIN:LVL-6-2026-07-07-candle_0930_high ; TRIGGER_FVG:FVG-15m-bear-20260706T1845,EXPIRED,,,,False,,,,,True,short,2026-07-07,LIQ_SWEEP,asia_open,1.877,0.643,15m,0.013,below,-1.0,0.712,LIQ_SWEEP,21.0,0.275,low,0.013,0.7872,0.3073,1,1,0,1.0,1.102,7,0.7143,0.6999,20,0.75,1.1619,719,0.091,0.259,0.333,0.781,0.6639,1.0,7.0,0.3064,INSUFFICIENT_EVIDENCE
origin=FVG_FAILURE | anchor=off_anchor | vwap_below,3,OC-5m-20260706T1845-S-FVG,cg-recognizer-v1.0.0,5m,2026-07-07,6,short,FVG_FAILURE,FVG-5m-bull-20260706T1410,29945.5,FVG-5m-bear-20260706T1850,36108,36109,2026-07-06 18:45:00-04:00,2026-07-06 18:55:00-04:00,29925.0,29946.25,29924.5,level,21.25,1.174,0.024,20,120,FVG_FAILURE(20260706T1410)|short|5m->DISP->FVG_bear->FILL,ORIGIN_FVG_FAILURE|short|5m->DISPLACEMENT->FVG_RETEST,FVG_FAILURE|short,62.874,1.0,0.6412,0.8095,1.0,0.7764,0.0078,0.9724,ORIGIN:FVG-5m-bull-20260706T1410 ; TRIGGER_FVG:FVG-5m-bear-20260706T1850,WIN,2026-07-06 19:03:00-04:00,2026-07-06 19:03:00-04:00,0.023529411764705882,True,0.247,0.176,0.0,,True,short,2026-07-07,FVG_FAILURE,off_anchor,2.803,0.619,5m,1.174,below,-1.0,0.098,,0.024,0.028,normal,1.174,0.7872,0.3073,0,0,0,,,182,0.7363,0.2233,235,0.7447,0.2459,719,0.0,0.901,0.855,0.7377,0.2264,0.0,182.0,0.0639,FAVORABLE
origin=FVG_FAILURE | anchor=off_anchor | vwap_below,3,OC-5m-20260706T1845-S-FVG,cg-recognizer-v1.0.0,5m,2026-07-07,6,short,FVG_FAILURE,FVG-5m-bull-20260706T1800,29944.75,FVG-5m-bear-20260706T1850,36108,36109,2026-07-06 18:45:00-04:00,2026-07-06 18:55:00-04:00,29925.0,29946.25,29924.5,level,21.25,1.174,0.024,20,120,FVG_FAILURE(20260706T1800)|short|5m->DISP->FVG_bear->FILL,ORIGIN_FVG_FAILURE|short|5m->DISPLACEMENT->FVG_RETEST,FVG_FAILURE|short,62.874,1.0,0.6412,0.8095,1.0,0.7764,0.0078,0.9724,ORIGIN:FVG-5m-bull-20260706T1800 ; TRIGGER_FVG:FVG-5m-bear-20260706T1850,WIN,2026-07-06 19:03:00-04:00,2026-07-06 19:03:00-04:00,0.023529411764705882,True,0.247,0.176,0.0,,True,short,2026-07-07,FVG_FAILURE,off_anchor,2.803,0.619,5m,1.174,below,-1.0,0.098,,0.024,0.028,normal,1.174,0.7872,0.3073,0,0,0,,,182,0.7363,0.2233,235,0.7447,0.2459,719,0.0,0.901,0.855,0.7377,0.2264,0.0,182.0,0.0639,FAVORABLE
origin=FVG_FAILURE | anchor=off_anchor | vwap_below,3,OC-5m-20260706T1850-S-FVG,cg-recognizer-v1.0.0,5m,2026-07-07,6,short,FVG_FAILURE,FVG-5m-bull-20260706T1405,29923.75,FVG-5m-bear-20260706T1855,36109,36110,2026-07-06 18:50:00-04:00,2026-07-06 19:00:00-04:00,29910.0,29912.25,29907.0,level,2.25,0.117,1.333,20,120,FVG_FAILURE(20260706T1405)|short|5m->DISP->FVG_bear->FILL,ORIGIN_FVG_FAILURE|short|5m->DISPLACEMENT->FVG_RETEST,FVG_FAILURE|short,67.026,1.0,0.5902,0.847,1.0,0.4551,0.4444,0.844,ORIGIN:FVG-5m-bull-20260706T1405 ; TRIGGER_FVG:FVG-5m-bear-20260706T1855,AMBIGUOUS,2026-07-06 19:00:00-04:00,2026-07-06 19:00:00-04:00,,False,8.111,1.222,,,True,short,2026-07-07,FVG_FAILURE,off_anchor,2.86,0.694,5m,0.117,below,-1.0,0.677,,1.333,0.156,normal,0.117,0.7872,0.3073,0,0,0,,,182,0.7363,0.2233,235,0.7447,0.2459,719,0.0,0.901,0.855,0.7377,0.2264,0.0,182.0,0.0639,FAVORABLE
origin=VWAP_BAND | anchor=off_anchor | vwap_below,3,OC-5m-20260706T2005-L-VWA,cg-recognizer-v1.0.0,5m,2026-07-07,6,long,VWAP_BAND,VWAP-2.0-2026-07-07,29860.84503612196,FVG-5m-bull-20260706T2025,36124,36128,2026-07-06 20:05:00-04:00,2026-07-06 20:30:00-04:00,29865.75,29862.0,29877.0,level,3.75,0.134,3.0,20,120,VWAP_BAND(07)|long|5m->DISP->FVG_bull->FILL,ORIGIN_VWAP_BAND|long|5m->DISPLACEMENT->FVG_RETEST,VWAP_BAND|long,73.331,1.0,0.6366,0.6701,1.0,0.5014,1.0,0.5967,ORIGIN:VWAP-2.0-2026-07-07 ; TRIGGER_FVG:FVG-5m-bull-20260706T2025,LOSS,2026-07-06 20:33:00-04:00,2026-07-06 20:33:00-04:00,-1.0,False,2.067,2.067,,0.0,True,long,2026-07-07,VWAP_BAND,off_anchor,1.784,0.34,5m,0.134,below,-2.0,0.291,,3.0,0.403,high,0.134,0.7872,0.3073,0,0,0,,,72,0.9167,0.3596,125,0.888,0.2242,719,0.0,0.783,0.758,0.9051,0.3346,0.0,72.0,0.0677,FAVORABLE
origin=FVG_FAILURE | anchor=off_anchor | vwap_below,3,OC-5m-20260706T2010-S-FVG,cg-recognizer-v1.0.0,5m,2026-07-07,6,short,FVG_FAILURE,FVG-5m-bull-20260706T0445,29838.5,FVG-5m-bear-20260706T2035,36125,36130,2026-07-06 20:10:00-04:00,2026-07-06 20:40:00-04:00,29849.0,29865.75,29826.75,level,16.75,0.554,1.328,20,120,FVG_FAILURE(20260706T0445)|short|5m->DISP->FVG_bear->FILL,ORIGIN_FVG_FAILURE|short|5m->DISPLACEMENT->FVG_RETEST,FVG_FAILURE|short,77.745,1.0,0.8914,0.7727,1.0,0.9734,0.4428,0.264,ORIGIN:FVG-5m-bull-20260706T0445 ; TRIGGER_FVG:FVG-5m-bear-20260706T2035,WIN,2026-07-06 20:52:00-04:00,2026-07-06 20:57:00-04:00,1.328358208955224,True,1.91,0.463,5.0,,True,short,2026-07-07,FVG_FAILURE,off_anchor,2.282,0.545,5m,0.554,below,-2.0,0.23,,1.328,0.736,high,0.554,0.7872,0.3073,0,0,0,,,182,0.7363,0.2233,235,0.7447,0.2459,719,0.0,0.901,0.855,0.7377,0.2264,0.0,182.0,0.0639,FAVORABLE
origin=VWAP_BAND | anchor=off_anchor | vwap_below,3,OC-5m-20260706T2015-L-VWA,cg-recognizer-v1.0.0,5m,2026-07-07,6,long,VWAP_BAND,VWAP-2.618-2026-07-07,29822.15884166515,FVG-5m-bull-20260706T2025,36126,36128,2026-07-06 20:15:00-04:00,2026-07-06 20:30:00-04:00,29865.75,29862.0,29877.0,level,3.75,0.134,3.0,20,120,VWAP_BAND(07)|long|5m->DISP->FVG_bull->FILL,ORIGIN_VWAP_BAND|long|5m->DISPLACEMENT->FVG_RETEST,VWAP_BAND|long,73.331,1.0,0.6366,0.6701,1.0,0.5014,1.0,0.5967,ORIGIN:VWAP-2.618-2026-07-07 ; TRIGGER_FVG:FVG-5m-bull-20260706T2025,LOSS,2026-07-06 20:33:00-04:00,2026-07-06 20:33:00-04:00,-1.0,False,2.067,2.067,,0.0,True,long,2026-07-07,VWAP_BAND,off_anchor,1.784,0.34,5m,0.134,below,-2.0,0.291,,3.0,0.403,high,0.134,0.7872,0.3073,0,0,0,,,72,0.9167,0.3596,125,0.888,0.2242,719,0.0,0.783,0.758,0.9051,0.3346,0.0,72.0,0.0677,FAVORABLE
origin=FVG_FAILURE | anchor=off_anchor | vwap_below,3,OC-5m-20260706T2020-L-FVG,cg-recognizer-v1.0.0,5m,2026-07-07,6,long,FVG_FAILURE,FVG-5m-bear-20260706T1945,29879.0,FVG-5m-bull-20260706T2025,36127,36128,2026-07-06 20:20:00-04:00,2026-07-06 20:30:00-04:00,29865.75,29862.0,29877.0,level,3.75,0.134,3.0,20,120,FVG_FAILURE(20260706T1945)|long|5m->DISP->FVG_bull->FILL,ORIGIN_FVG_FAILURE|long|5m->DISPLACEMENT->FVG_RETEST,FVG_FAILURE|long,73.331,1.0,0.6366,0.6701,1.0,0.5014,1.0,0.5967,ORIGIN:FVG-5m-bear-20260706T1945 ; TRIGGER_FVG:FVG-5m-bull-20260706T2025,LOSS,2026-07-06 20:33:00-04:00,2026-07-06 20:33:00-04:00,-1.0,False,2.067,2.067,,0.0,True,long,2026-07-07,FVG_FAILURE,off_anchor,1.784,0.34,5m,0.134,below,-2.0,0.291,,3.0,0.403,high,0.134,0.7872,0.3073,0,0,0,,,183,0.7432,0.3417,244,0.7664,0.3355,719,0.0,0.901,0.859,0.7457,0.3407,0.0,183.0,0.0631,FAVORABLE
origin=FVG_FAILURE | anchor=off_anchor | vwap_below,3,OC-5m-20260706T2020-L-FVG,cg-recognizer-v1.0.0,5m,2026-07-07,6,long,FVG_FAILURE,FVG-5m-bear-20260706T1950,29864.75,FVG-5m-bull-20260706T2025,36127,36128,2026-07-06 20:20:00-04:00,2026-07-06 20:30:00-04:00,29865.75,29862.0,29877.0,level,3.75,0.134,3.0,20,120,FVG_FAILURE(20260706T1950)|long|5m->DISP->FVG_bull->FILL,ORIGIN_FVG_FAILURE|long|5m->DISPLACEMENT->FVG_RETEST,FVG_FAILURE|long,73.331,1.0,0.6366,0.6701,1.0,0.5014,1.0,0.5967,ORIGIN:FVG-5m-bear-20260706T1950 ; TRIGGER_FVG:FVG-5m-bull-20260706T2025,LOSS,2026-07-06 20:33:00-04:00,2026-07-06 20:33:00-04:00,-1.0,False,2.067,2.067,,0.0,True,long,2026-07-07,FVG_FAILURE,off_anchor,1.784,0.34,5m,0.134,below,-2.0,0.291,,3.0,0.403,high,0.134,0.7872,0.3073,0,0,0,,,183,0.7432,0.3417,244,0.7664,0.3355,719,0.0,0.901,0.859,0.7457,0.3407,0.0,183.0,0.0631,FAVORABLE
origin=FVG_FAILURE | anchor=off_anchor | vwap_below,3,OC-5m-20260706T2030-S-FVG,cg-recognizer-v1.0.0,5m,2026-07-07,6,short,FVG_FAILURE,FVG-5m-bull-20260706T2025,29865.75,FVG-5m-bear-20260706T2035,36129,36130,2026-07-06 20:30:00-04:00,2026-07-06 20:40:00-04:00,29849.0,29865.75,29826.75,level,16.75,0.554,1.328,20,120,FVG_FAILURE(20260706T2025)|short|5m->DISP->FVG_bear->FILL,ORIGIN_FVG_FAILURE|short|5m->DISPLACEMENT->FVG_RETEST,FVG_FAILURE|short,77.745,1.0,0.8914,0.7727,1.0,0.9734,0.4428,0.264,ORIGIN:FVG-5m-bull-20260706T2025 ; TRIGGER_FVG:FVG-5m-bear-20260706T2035,WIN,2026-07-06 20:52:00-04:00,2026-07-06 20:57:00-04:00,1.328358208955224,True,1.91,0.463,5.0,,True,short,2026-07-07,FVG_FAILURE,off_anchor,2.282,0.545,5m,0.554,below,-2.0,0.23,,1.328,0.736,high,0.554,0.7872,0.3073,0,0,0,,,182,0.7363,0.2233,235,0.7447,0.2459,719,0.0,0.901,0.855,0.7377,0.2264,0.0,182.0,0.0639,FAVORABLE
origin=FVG_FAILURE | anchor=off_anchor | vwap_below,3,OC-15m-20260706T2115-S-FVG,cg-recognizer-v1.0.0,15m,2026-07-07,6,short,FVG_FAILURE,FVG-15m-bull-20260706T0015,29769.0,FVG-15m-bear-20260706T2130,12046,12047,2026-07-06 21:15:00-04:00,2026-07-06 21:45:00-04:00,29789.75,29800.0,29776.25,level,10.25,0.207,1.317,20,120,FVG_FAILURE(20260706T0015)|short|15m->DISP->FVG_bear->FILL,ORIGIN_FVG_FAILURE|short|15m->DISPLACEMENT->FVG_RETEST,FVG_FAILURE|short,58.341,1.0,0.7802,0.2896,1.0,0.645,0.439,0.7276,ORIGIN:FVG-15m-bull-20260706T0015 ; TRIGGER_FVG:FVG-15m-bear-20260706T2130,LOSS,2026-07-06 21:45:00-04:00,2026-07-06 21:45:00-04:00,-1.0,False,0.244,1.39,,0.0,True,short,2026-07-07,FVG_FAILURE,off_anchor,0.631,0.159,15m,0.207,below,-2.618,0.088,,1.317,0.272,normal,0.207,0.7872,0.3073,0,0,0,,,53,0.7736,0.3238,235,0.7447,0.2459,719,0.0,0.726,0.855,0.7674,0.3049,0.0,53.0,0.1138,FAVORABLE
origin=FVG_FAILURE | anchor=off_anchor | vwap_below,3,OC-15m-20260706T2115-S-FVG,cg-recognizer-v1.0.0,15m,2026-07-07,6,short,FVG_FAILURE,FVG-15m-bull-20260706T0245,29832.5,FVG-15m-bear-20260706T2130,12046,12047,2026-07-06 21:15:00-04:00,2026-07-06 21:45:00-04:00,29789.75,29800.0,29776.25,level,10.25,0.207,1.317,20,120,FVG_FAILURE(20260706T0245)|short|15m->DISP->FVG_bear->FILL,ORIGIN_FVG_FAILURE|short|15m->DISPLACEMENT->FVG_RETEST,FVG_FAILURE|short,58.341,1.0,0.7802,0.2896,1.0,0.645,0.439,0.7276,ORIGIN:FVG-15m-bull-20260706T0245 ; TRIGGER_FVG:FVG-15m-bear-20260706T2130,LOSS,2026-07-06 21:45:00-04:00,2026-07-06 21:45:00-04:00,-1.0,False,0.244,1.39,,0.0,True,short,2026-07-07,FVG_FAILURE,off_anchor,0.631,0.159,15m,0.207,below,-2.618,0.088,,1.317,0.272,normal,0.207,0.7872,0.3073,0,0,0,,,53,0.7736,0.3238,235,0.7447,0.2459,719,0.0,0.726,0.855,0.7674,0.3049,0.0,53.0,0.1138,FAVORABLE
origin=LIQ_SWEEP | anchor=off_anchor | vwap_below,3,OC-5m-20260706T2120-L-LIQ,cg-recognizer-v1.0.0,5m,2026-07-07,6,long,LIQ_SWEEP,LVL-6-2026-07-07-prev_rth_low,29776.25,FVG-5m-bull-20260706T2145,36139,36144,2026-07-06 21:20:00-04:00,2026-07-06 21:50:00-04:00,29787.25,29774.75,29790.75,level,12.5,0.376,0.28,20,120,LIQ_SWEEP(prev_rth_low)|long|5m->DISP->FVG_bull->FILL,ORIGIN_LIQ_SWEEP|long|5m->DISPLACEMENT->FVG_RETEST,LIQ_SWEEP|long,69.786,1.0,0.9797,0.7887,1.0,0.8445,0.0933,0.8946,ORIGIN:LVL-6-2026-07-07-prev_rth_low ; TRIGGER_FVG:FVG-5m-bull-20260706T2145,WIN,2026-07-06 21:58:00-04:00,2026-07-06 21:58:00-04:00,0.28,True,0.66,0.94,0.0,,True,long,2026-07-07,LIQ_SWEEP,off_anchor,1.543,0.577,5m,0.376,below,-2.618,0.166,LIQ_SWEEP,0.28,0.105,normal,0.376,0.7872,0.3073,1,1,0,1.0,0.6264,8,0.875,0.202,18,0.8889,0.0814,719,0.091,0.286,0.31,0.8498,0.2634,1.0,8.0,0.2475,FAVORABLE
origin=VWAP_BAND | anchor=off_anchor | vwap_below,3,OC-5m-20260706T2125-L-VWA,cg-recognizer-v1.0.0,5m,2026-07-07,6,long,VWAP_BAND,VWAP-3.618-2026-07-07,29737.36754296956,FVG-5m-bull-20260706T2145,36140,36144,2026-07-06 21:25:00-04:00,2026-07-06 21:50:00-04:00,29787.25,29774.75,29790.75,level,12.5,0.376,0.28,20,120,VWAP_BAND(07)|long|5m->DISP->FVG_bull->FILL,ORIGIN_VWAP_BAND|long|5m->DISPLACEMENT->FVG_RETEST,VWAP_BAND|long,69.786,1.0,0.9797,0.7887,1.0,0.8445,0.0933,0.8946,ORIGIN:VWAP-3.618-2026-07-07 ; TRIGGER_FVG:FVG-5m-bull-20260706T2145,WIN,2026-07-06 21:58:00-04:00,2026-07-06 21:58:00-04:00,0.28,True,0.66,0.94,0.0,,True,long,2026-07-07,VWAP_BAND,off_anchor,1.543,0.577,5m,0.376,below,-2.618,0.166,,0.28,0.105,normal,0.376,0.7872,0.3073,0,0,0,,,72,0.9167,0.3596,125,0.888,0.2242,719,0.0,0.783,0.758,0.9051,0.3346,0.0,72.0,0.0677,FAVORABLE
origin=VWAP_BAND | anchor=off_anchor | vwap_below,3,OC-5m-20260706T2140-L-VWA,cg-recognizer-v1.0.0,5m,2026-07-07,6,long,VWAP_BAND,VWAP-3.0-2026-07-07,29768.461967044655,FVG-5m-bull-20260706T2145,36143,36144,2026-07-06 21:40:00-04:00,2026-07-06 21:50:00-04:00,29787.25,29774.75,29790.75,level,12.5,0.376,0.28,20,120,VWAP_BAND(07)|long|5m->DISP->FVG_bull->FILL,ORIGIN_VWAP_BAND|long|5m->DISPLACEMENT->FVG_RETEST,VWAP_BAND|long,69.786,1.0,0.9797,0.7887,1.0,0.8445,0.0933,0.8946,ORIGIN:VWAP-3.0-2026-07-07 ; TRIGGER_FVG:FVG-5m-bull-20260706T2145,WIN,2026-07-06 21:58:00-04:00,2026-07-06 21:58:00-04:00,0.28,True,0.66,0.94,0.0,,True,long,2026-07-07,VWAP_BAND,off_anchor,1.543,0.577,5m,0.376,below,-2.618,0.166,,0.28,0.105,normal,0.376,0.7872,0.3073,0,0,0,,,72,0.9167,0.3596,125,0.888,0.2242,719,0.0,0.783,0.758,0.9051,0.3346,0.0,72.0,0.0677,FAVORABLE
origin=VWAP_BAND | anchor=off_anchor | vwap_below,3,OC-5m-20260706T2145-L-VWA,cg-recognizer-v1.0.0,5m,2026-07-07,6,long,VWAP_BAND,VWAP-2.618-2026-07-07,29792.769286428964,FVG-5m-bull-20260706T2150,36144,36145,2026-07-06 21:45:00-04:00,2026-07-06 21:55:00-04:00,29792.0,29789.75,29801.25,level,2.25,0.07,4.111,20,120,VWAP_BAND(07)|long|5m->DISP->FVG_bull->FILL,ORIGIN_VWAP_BAND|long|5m->DISPLACEMENT->FVG_RETEST,VWAP_BAND|long,70.003,1.0,0.4177,0.7791,1.0,0.2826,1.0,0.7133,ORIGIN:VWAP-2.618-2026-07-07 ; TRIGGER_FVG:FVG-5m-bull-20260706T2150,WIN,2026-07-06 21:57:00-04:00,2026-07-06 21:57:00-04:00,4.111111111111111,True,4.111,0.889,0.0,,True,long,2026-07-07,VWAP_BAND,off_anchor,1.596,0.558,5m,0.07,below,-2.618,0.004,,4.111,0.287,normal,0.07,0.7872,0.3073,0,0,0,,,72,0.9167,0.3596,125,0.888,0.2242,719,0.0,0.783,0.758,0.9051,0.3346,0.0,72.0,0.0677,FAVORABLE
origin=VWAP_BAND | anchor=off_anchor | vwap_below,3,OC-5m-20260706T2205-L-VWA,cg-recognizer-v1.0.0,5m,2026-07-07,6,long,VWAP_BAND,VWAP-2.618-2026-07-07,29787.90262703945,FVG-5m-bull-20260706T2210,36148,36149,2026-07-06 22:05:00-04:00,2026-07-06 22:15:00-04:00,29800.5,29796.5,29801.25,level,4.0,0.126,0.188,20,120,VWAP_BAND(07)|long|5m->DISP->FVG_bull->FILL,ORIGIN_VWAP_BAND|long|5m->DISPLACEMENT->FVG_RETEST,VWAP_BAND|long,53.86,1.0,0.6162,0.55,1.0,0.4811,0.0625,0.9763,ORIGIN:VWAP-2.618-2026-07-07 ; TRIGGER_FVG:FVG-5m-bull-20260706T2210,WIN,2026-07-06 22:15:00-04:00,2026-07-06 22:15:00-04:00,0.1875,True,2.625,0.312,0.0,,True,long,2026-07-07,VWAP_BAND,off_anchor,1.02,0.42,5m,0.126,below,-2.618,0.41,,0.188,0.024,normal,0.126,0.7872,0.3073,0,0,0,,,72,0.9167,0.3596,125,0.888,0.2242,719,0.0,0.783,0.758,0.9051,0.3346,0.0,72.0,0.0677,FAVORABLE
origin=FVG_FAILURE | anchor=off_anchor | vwap_below,3,OC-5m-20260706T2220-S-FVG,cg-recognizer-v1.0.0,5m,2026-07-07,6,short,FVG_FAILURE,FVG-5m-bull-20260706T2210,29800.5,FVG-5m-bear-20260706T2225,36151,36152,2026-07-06 22:20:00-04:00,2026-07-06 22:30:00-04:00,29780.5,29799.25,29776.25,level,18.75,0.614,0.227,20,120,FVG_FAILURE(20260706T2210)|short|5m->DISP->FVG_bear->FILL,ORIGIN_FVG_FAILURE|short|5m->DISPLACEMENT->FVG_RETEST,FVG_FAILURE|short,65.701,1.0,0.8573,0.6435,1.0,0.9925,0.0756,0.8609,ORIGIN:FVG-5m-bull-20260706T2210 ; TRIGGER_FVG:FVG-5m-bear-20260706T2225,WIN,2026-07-06 23:08:00-04:00,2026-07-06 23:10:00-04:00,0.22666666666666666,True,0.427,0.227,2.0,,True,short,2026-07-07,FVG_FAILURE,off_anchor,1.096,0.556,5m,0.614,below,-2.618,0.159,,0.227,0.139,normal,0.614,0.7872,0.3073,0,0,0,,,182,0.7363,0.2233,235,0.7447,0.2459,719,0.0,0.901,0.855,0.7377,0.2264,0.0,182.0,0.0639,FAVORABLE
origin=FVG_FAILURE | anchor=off_anchor | vwap_below,3,OC-5m-20260707T0025-L-FVG,cg-recognizer-v1.0.0,5m,2026-07-07,6,long,FVG_FAILURE,FVG-5m-bear-20260707T0020,29638.0,FVG-5m-bull-20260707T0030,36176,36177,2026-07-07 00:25:00-04:00,2026-07-07 00:35:00-04:00,29634.5,29634.25,29642.0,level,0.25,0.008,30.0,20,120,FVG_FAILURE(20260707T0020)|long|5m->DISP->FVG_bull->FILL,ORIGIN_FVG_FAILURE|long|5m->DISPLACEMENT->FVG_RETEST,FVG_FAILURE|long,47.176,1.0,0.0,0.2362,1.0,0.0,1.0,0.7459,ORIGIN:FVG-5m-bear-20260707T0020 ; TRIGGER_FVG:FVG-5m-bull-20260707T0030,LOSS,2026-07-07 00:36:00-04:00,2026-07-07 00:36:00-04:00,-1.0,False,23.0,10.0,,0.0,True,long,2026-07-07,FVG_FAILURE,off_anchor,0.423,0.19,5m,0.008,below,-3.618,0.029,,30.0,0.254,normal,0.008,0.7872,0.3073,0,0,0,,,183,0.7432,0.3417,244,0.7664,0.3355,719,0.0,0.901,0.859,0.7457,0.3407,0.0,183.0,0.0631,FAVORABLE
origin=VWAP_BAND | anchor=off_anchor | vwap_below,3,OC-15m-20260707T0030-L-VWA,cg-recognizer-v1.0.0,15m,2026-07-07,6,long,VWAP_BAND,VWAP-3.618-2026-07-07,29629.08803027586,FVG-15m-bull-20260707T0145,12059,12064,2026-07-07 00:30:00-04:00,2026-07-07 02:00:00-04:00,29646.0,29607.5,29665.25,level,38.5,0.829,0.5,20,120,VWAP_BAND(07)|long|15m->DISP->FVG_bull->FILL,ORIGIN_VWAP_BAND|long|15m->DISPLACEMENT->FVG_RETEST,VWAP_BAND|long,69.564,1.0,0.7572,0.7884,1.0,0.8924,0.1667,0.5857,ORIGIN:VWAP-3.618-2026-07-07 ; TRIGGER_FVG:FVG-15m-bull-20260707T0145,WIN,2026-07-07 02:11:00-04:00,2026-07-07 02:21:00-04:00,0.5,True,0.636,0.383,10.0,,True,long,2026-07-07,VWAP_BAND,off_anchor,2.244,0.577,15m,0.829,below,-3.0,0.171,,0.5,0.414,normal,0.829,0.7872,0.3073,0,0,0,,,53,0.8491,0.0403,125,0.888,0.2242,719,0.0,0.726,0.758,0.853,0.0962,0.0,53.0,0.0953,NEUTRAL
origin=FVG_FAILURE | anchor=off_anchor | vwap_below,3,OC-5m-20260707T0040-S-FVG,cg-recognizer-v1.0.0,5m,2026-07-07,6,short,FVG_FAILURE,FVG-5m-bull-20260707T0030,29634.5,FVG-5m-bear-20260707T0050,36179,36181,2026-07-07 00:40:00-04:00,2026-07-07 00:55:00-04:00,29626.0,29632.0,29623.643911269945,vwap_band,6.0,0.225,0.393,20,120,FVG_FAILURE(20260707T0030)|short|5m->DISP->FVG_bear->FILL,ORIGIN_FVG_FAILURE|short|5m->DISPLACEMENT->FVG_RETEST,FVG_FAILURE|short,62.234,1.0,0.8078,0.6394,1.0,0.6727,0.1309,0.9117,ORIGIN:FVG-5m-bull-20260707T0030 ; TRIGGER_FVG:FVG-5m-bear-20260707T0050,WIN,2026-07-07 01:00:00-04:00,2026-07-07 01:00:00-04:00,0.3926814550092483,True,1.583,0.167,0.0,,True,short,2026-07-07,FVG_FAILURE,off_anchor,1.18,0.492,5m,0.225,below,-3.618,0.088,,0.393,0.088,normal,0.225,0.7872,0.3073,0,0,0,,,182,0.7363,0.2233,235,0.7447,0.2459,719,0.0,0.901,0.855,0.7377,0.2264,0.0,182.0,0.0639,FAVORABLE
origin=LIQ_SWEEP | anchor=off_anchor | vwap_below,3,OC-15m-20260707T0115-L-LIQ,cg-recognizer-v1.0.0,15m,2026-07-07,6,long,LIQ_SWEEP,LVL-6-2026-07-07-candle_0930_low,29569.25,FVG-15m-bull-20260707T0145,12062,12064,2026-07-07 01:15:00-04:00,2026-07-07 02:00:00-04:00,29646.0,29607.5,29665.25,level,38.5,0.829,0.5,20,120,LIQ_SWEEP(candle_0930_low)|long|15m->DISP->FVG_bull->FILL,ORIGIN_LIQ_SWEEP|long|15m->DISPLACEMENT->FVG_RETEST,LIQ_SWEEP|long,69.564,1.0,0.7572,0.7884,1.0,0.8924,0.1667,0.5857,ORIGIN:LVL-6-2026-07-07-candle_0930_low ; TRIGGER_FVG:FVG-15m-bull-20260707T0145,WIN,2026-07-07 02:11:00-04:00,2026-07-07 02:21:00-04:00,0.5,True,0.636,0.383,10.0,,True,long,2026-07-07,LIQ_SWEEP,off_anchor,2.244,0.577,15m,0.829,below,-3.0,0.171,LIQ_SWEEP,0.5,0.414,normal,0.829,0.7872,0.3073,3,3,0,1.0,0.0633,10,0.9,-0.0151,18,0.8889,0.0814,719,0.231,0.333,0.31,0.8814,0.1324,3.0,10.0,0.2004,FAVORABLE
origin=LIQ_SWEEP | anchor=off_anchor | vwap_below,3,OC-5m-20260707T0125-L-LIQ,cg-recognizer-v1.0.0,5m,2026-07-07,6,long,LIQ_SWEEP,LVL-6-2026-07-07-candle_0930_low,29569.25,FVG-5m-bull-20260707T0135,36188,36190,2026-07-07 01:25:00-04:00,2026-07-07 01:40:00-04:00,29626.25,29593.0,29631.5,level,33.25,1.339,0.158,20,120,LIQ_SWEEP(candle_0930_low)|long|5m->DISP->FVG_bull->FILL,ORIGIN_LIQ_SWEEP|long|5m->DISPLACEMENT->FVG_RETEST,LIQ_SWEEP|long,62.749,1.0,0.5974,0.7847,1.0,0.7325,0.0526,0.7886,ORIGIN:LVL-6-2026-07-07-candle_0930_low ; TRIGGER_FVG:FVG-5m-bull-20260707T0135,EXPIRED,,,,False,,,,,True,long,2026-07-07,LIQ_SWEEP,off_anchor,2.395,0.569,5m,1.339,below,-3.0,0.842,LIQ_SWEEP,0.158,0.211,normal,1.339,0.7872,0.3073,1,1,0,1.0,0.6072,8,0.875,0.202,18,0.8889,0.0814,719,0.091,0.286,0.31,0.8498,0.2617,1.0,8.0,0.2475,FAVORABLE
origin=FVG_FAILURE | anchor=off_anchor | vwap_below,3,OC-5m-20260707T0130-L-FVG,cg-recognizer-v1.0.0,5m,2026-07-07,6,long,FVG_FAILURE,FVG-5m-bear-20260707T0105,29607.75,FVG-5m-bull-20260707T0135,36189,36190,2026-07-07 01:30:00-04:00,2026-07-07 01:40:00-04:00,29626.25,29593.0,29631.5,level,33.25,1.339,0.158,20,120,FVG_FAILURE(20260707T0105)|long|5m->DISP->FVG_bull->FILL,ORIGIN_FVG_FAILURE|long|5m->DISPLACEMENT->FVG_RETEST,FVG_FAILURE|long,62.749,1.0,0.5974,0.7847,1.0,0.7325,0.0526,0.7886,ORIGIN:FVG-5m-bear-20260707T0105 ; TRIGGER_FVG:FVG-5m-bull-20260707T0135,EXPIRED,,,,False,,,,,True,long,2026-07-07,FVG_FAILURE,off_anchor,2.395,0.569,5m,1.339,below,-3.0,0.842,,0.158,0.211,normal,1.339,0.7872,0.3073,0,0,0,,,183,0.7432,0.3417,244,0.7664,0.3355,719,0.0,0.901,0.859,0.7457,0.3407,0.0,183.0,0.0631,FAVORABLE
origin=FVG_FAILURE | anchor=off_anchor | vwap_below,3,OC-5m-20260707T0135-L-FVG,cg-recognizer-v1.0.0,5m,2026-07-07,6,long,FVG_FAILURE,FVG-5m-bear-20260707T0050,29632.0,FVG-5m-bull-20260707T0140,36190,36191,2026-07-07 01:35:00-04:00,2026-07-07 01:45:00-04:00,29649.0,29633.75,29665.25,level,15.25,0.611,1.066,20,120,FVG_FAILURE(20260707T0050)|long|5m->DISP->FVG_bull->FILL,ORIGIN_FVG_FAILURE|long|5m->DISPLACEMENT->FVG_RETEST,FVG_FAILURE|long,78.935,1.0,0.8589,0.9012,1.0,0.994,0.3552,0.3491,ORIGIN:FVG-5m-bear-20260707T0050 ; TRIGGER_FVG:FVG-5m-bull-20260707T0140,WIN,2026-07-07 01:48:00-04:00,2026-07-07 01:50:00-04:00,1.0655737704918034,True,1.393,0.197,2.0,,True,long,2026-07-07,FVG_FAILURE,off_anchor,2.764,0.802,5m,0.611,below,-3.0,0.166,,1.066,0.651,normal,0.611,0.7872,0.3073,0,0,0,,,183,0.7432,0.3417,244,0.7664,0.3355,719,0.0,0.901,0.859,0.7457,0.3407,0.0,183.0,0.0631,FAVORABLE
origin=FVG_FAILURE | anchor=off_anchor | vwap_below,3,OC-5m-20260707T0140-L-FVG,cg-recognizer-v1.0.0,5m,2026-07-07,6,long,FVG_FAILURE,FVG-5m-bear-20260707T0015,29658.0,FVG-5m-bull-20260707T0155,36191,36194,2026-07-07 01:40:00-04:00,2026-07-07 02:00:00-04:00,29685.0,29670.0,29685.75,level,15.0,0.587,0.05,20,120,FVG_FAILURE(20260707T0015)|long|5m->DISP->FVG_bull->FILL,ORIGIN_FVG_FAILURE|long|5m->DISPLACEMENT->FVG_RETEST,FVG_FAILURE|long,63.134,1.0,0.8721,0.5891,1.0,0.9927,0.0167,0.9706,ORIGIN:FVG-5m-bear-20260707T0015 ; TRIGGER_FVG:FVG-5m-bull-20260707T0155,WIN,2026-07-07 02:00:00-04:00,2026-07-07 02:00:00-04:00,0.05,True,0.65,0.133,0.0,,True,long,2026-07-07,FVG_FAILURE,off_anchor,1.184,0.389,5m,0.587,below,-2.618,0.302,,0.05,0.029,normal,0.587,0.7872,0.3073,0,0,0,,,183,0.7432,0.3417,244,0.7664,0.3355,719,0.0,0.901,0.859,0.7457,0.3407,0.0,183.0,0.0631,FAVORABLE
origin=VWAP_BAND | anchor=off_anchor | vwap_below,3,OC-15m-20260707T0200-L-VWA,cg-recognizer-v1.0.0,15m,2026-07-07,6,long,VWAP_BAND,VWAP-3.0-2026-07-07,29631.536271822686,FVG-15m-bull-20260707T0315,12065,12070,2026-07-07 02:00:00-04:00,2026-07-07 03:30:00-04:00,29711.75,29693.25,29712.25,level,18.5,0.407,0.027,20,120,VWAP_BAND(07)|long|15m->DISP->FVG_bull->FILL,ORIGIN_VWAP_BAND|long|15m->DISPLACEMENT->FVG_RETEST,VWAP_BAND|long,58.482,1.0,0.9944,0.3869,1.0,0.8704,0.009,0.989,ORIGIN:VWAP-3.0-2026-07-07 ; TRIGGER_FVG:FVG-15m-bull-20260707T0315,WIN,2026-07-07 03:31:00-04:00,2026-07-07 03:31:00-04:00,0.02702702702702703,True,0.311,0.392,0.0,,True,long,2026-07-07,VWAP_BAND,off_anchor,0.737,0.283,15m,0.407,below,-2.0,0.179,,0.027,0.011,normal,0.407,0.7872,0.3073,0,0,0,,,53,0.8491,0.0403,125,0.888,0.2242,719,0.0,0.726,0.758,0.853,0.0962,0.0,53.0,0.0953,NEUTRAL
origin=FVG_FAILURE | anchor=off_anchor | vwap_below,3,OC-5m-20260707T0205-S-FVG,cg-recognizer-v1.0.0,5m,2026-07-07,6,short,FVG_FAILURE,FVG-5m-bull-20260707T0155,29685.0,FVG-5m-bear-20260707T0210,36196,36197,2026-07-07 02:05:00-04:00,2026-07-07 02:15:00-04:00,29661.75,29678.0,29638.75,level,16.25,0.619,1.415,20,120,FVG_FAILURE(20260707T0155)|short|5m->DISP->FVG_bear->FILL,ORIGIN_FVG_FAILURE|short|5m->DISPLACEMENT->FVG_RETEST,FVG_FAILURE|short,78.558,1.0,0.8544,0.7755,1.0,0.9896,0.4718,0.1238,ORIGIN:FVG-5m-bull-20260707T0155 ; TRIGGER_FVG:FVG-5m-bear-20260707T0210,LOSS,2026-07-07 02:15:00-04:00,2026-07-07 02:36:00-04:00,-1.0,False,1.246,1.123,,21.0,True,short,2026-07-07,FVG_FAILURE,off_anchor,1.8,0.551,5m,0.619,below,-2.618,0.368,,1.415,0.876,normal,0.619,0.7872,0.3073,0,0,0,,,182,0.7363,0.2233,235,0.7447,0.2459,719,0.0,0.901,0.855,0.7377,0.2264,0.0,182.0,0.0639,FAVORABLE
origin=VWAP_BAND | anchor=off_anchor | vwap_below,3,OC-15m-20260707T0230-L-VWA,cg-recognizer-v1.0.0,15m,2026-07-07,6,long,VWAP_BAND,VWAP-2.618-2026-07-07,29663.288539322984,FVG-15m-bull-20260707T0315,12067,12070,2026-07-07 02:30:00-04:00,2026-07-07 03:30:00-04:00,29711.75,29693.25,29712.25,level,18.5,0.407,0.027,20,120,VWAP_BAND(07)|long|15m->DISP->FVG_bull->FILL,ORIGIN_VWAP_BAND|long|15m->DISPLACEMENT->FVG_RETEST,VWAP_BAND|long,58.482,1.0,0.9944,0.3869,1.0,0.8704,0.009,0.989,ORIGIN:VWAP-2.618-2026-07-07 ; TRIGGER_FVG:FVG-15m-bull-20260707T0315,WIN,2026-07-07 03:31:00-04:00,2026-07-07 03:31:00-04:00,0.02702702702702703,True,0.311,0.392,0.0,,True,long,2026-07-07,VWAP_BAND,off_anchor,0.737,0.283,15m,0.407,below,-2.0,0.179,,0.027,0.011,normal,0.407,0.7872,0.3073,0,0,0,,,53,0.8491,0.0403,125,0.888,0.2242,719,0.0,0.726,0.758,0.853,0.0962,0.0,53.0,0.0953,NEUTRAL
origin=FVG_FAILURE | anchor=off_anchor | vwap_below,3,OC-5m-20260707T0240-L-FVG,cg-recognizer-v1.0.0,5m,2026-07-07,6,long,FVG_FAILURE,FVG-5m-bear-20260707T0210,29678.0,FVG-5m-bull-20260707T0305,36203,36208,2026-07-07 02:40:00-04:00,2026-07-07 03:10:00-04:00,29694.75,29693.25,29712.25,level,1.5,0.066,11.667,20,120,FVG_FAILURE(20260707T0210)|long|5m->DISP->FVG_bull->FILL,ORIGIN_FVG_FAILURE|long|5m->DISPLACEMENT->FVG_RETEST,FVG_FAILURE|long,59.632,1.0,0.397,0.2895,1.0,0.2618,1.0,0.2356,ORIGIN:FVG-5m-bear-20260707T0210 ; TRIGGER_FVG:FVG-5m-bull-20260707T0305,LOSS,2026-07-07 03:10:00-04:00,2026-07-07 03:10:00-04:00,-1.0,False,4.0,5.333,,0.0,True,long,2026-07-07,FVG_FAILURE,off_anchor,0.612,0.171,5m,0.066,below,-2.0,1.256,,11.667,0.764,normal,0.066,0.7872,0.3073,0,0,0,,,183,0.7432,0.3417,244,0.7664,0.3355,719,0.0,0.901,0.859,0.7457,0.3407,0.0,183.0,0.0631,FAVORABLE
origin=FVG_FAILURE | anchor=off_anchor | vwap_below,3,OC-5m-20260707T0345-S-FVG,cg-recognizer-v1.0.0,5m,2026-07-07,6,short,FVG_FAILURE,FVG-5m-bull-20260707T0305,29694.75,FVG-5m-bear-20260707T0350,36216,36217,2026-07-07 03:45:00-04:00,2026-07-07 03:55:00-04:00,29691.0,29693.0,29683.0,level,2.0,0.092,4.0,20,120,FVG_FAILURE(20260707T0305)|short|5m->DISP->FVG_bear->FILL,ORIGIN_FVG_FAILURE|short|5m->DISPLACEMENT->FVG_RETEST,FVG_FAILURE|short,70.754,1.0,0.5097,0.7011,1.0,0.3745,1.0,0.6325,ORIGIN:FVG-5m-bull-20260707T0305 ; TRIGGER_FVG:FVG-5m-bear-20260707T0350,LOSS,2026-07-07 04:13:00-04:00,2026-07-07 04:13:00-04:00,-1.0,False,3.75,1.875,,0.0,True,short,2026-07-07,FVG_FAILURE,off_anchor,1.275,0.552,5m,0.092,below,-2.0,1.127,,4.0,0.368,normal,0.092,0.7872,0.3073,0,0,0,,,182,0.7363,0.2233,235,0.7447,0.2459,719,0.0,0.901,0.855,0.7377,0.2264,0.0,182.0,0.0639,FAVORABLE
origin=VWAP_BAND | anchor=off_anchor | vwap_below,3,OC-5m-20260707T0355-L-VWA,cg-recognizer-v1.0.0,5m,2026-07-07,6,long,VWAP_BAND,VWAP-2.618-2026-07-07,29644.731518092583,FVG-5m-bull-20260707T0415,36218,36222,2026-07-07 03:55:00-04:00,2026-07-07 04:20:00-04:00,29683.75,29663.5,29685.75,level,20.25,0.866,0.099,20,120,VWAP_BAND(07)|long|5m->DISP->FVG_bull->FILL,ORIGIN_VWAP_BAND|long|5m->DISPLACEMENT->FVG_RETEST,VWAP_BAND|long,64.78,1.0,0.7427,0.7576,1.0,0.8778,0.0329,0.9145,ORIGIN:VWAP-2.618-2026-07-07 ; TRIGGER_FVG:FVG-5m-bull-20260707T0415,WIN,2026-07-07 04:27:00-04:00,2026-07-07 04:27:00-04:00,0.09876543209876543,True,0.185,0.012,0.0,,True,long,2026-07-07,VWAP_BAND,off_anchor,1.624,0.515,5m,0.866,below,-2.0,1.057,,0.099,0.085,normal,0.866,0.7872,0.3073,0,0,0,,,72,0.9167,0.3596,125,0.888,0.2242,719,0.0,0.783,0.758,0.9051,0.3346,0.0,72.0,0.0677,FAVORABLE
origin=FVG_FAILURE | anchor=off_anchor | vwap_below,3,OC-5m-20260707T0410-L-FVG,cg-recognizer-v1.0.0,5m,2026-07-07,6,long,FVG_FAILURE,FVG-5m-bear-20260707T0355,29683.0,FVG-5m-bull-20260707T0415,36221,36222,2026-07-07 04:10:00-04:00,2026-07-07 04:20:00-04:00,29683.75,29663.5,29685.75,level,20.25,0.866,0.099,20,120,FVG_FAILURE(20260707T0355)|long|5m->DISP->FVG_bull->FILL,ORIGIN_FVG_FAILURE|long|5m->DISPLACEMENT->FVG_RETEST,FVG_FAILURE|long,64.78,1.0,0.7427,0.7576,1.0,0.8778,0.0329,0.9145,ORIGIN:FVG-5m-bear-20260707T0355 ; TRIGGER_FVG:FVG-5m-bull-20260707T0415,WIN,2026-07-07 04:27:00-04:00,2026-07-07 04:27:00-04:00,0.09876543209876543,True,0.185,0.012,0.0,,True,long,2026-07-07,FVG_FAILURE,off_anchor,1.624,0.515,5m,0.866,below,-2.0,1.057,,0.099,0.085,normal,0.866,0.7872,0.3073,0,0,0,,,183,0.7432,0.3417,244,0.7664,0.3355,719,0.0,0.901,0.859,0.7457,0.3407,0.0,183.0,0.0631,FAVORABLE
origin=FVG_FAILURE | anchor=off_anchor | vwap_below,3,OC-5m-20260707T0410-L-FVG,cg-recognizer-v1.0.0,5m,2026-07-07,6,long,FVG_FAILURE,FVG-5m-bear-20260707T0400,29669.75,FVG-5m-bull-20260707T0415,36221,36222,2026-07-07 04:10:00-04:00,2026-07-07 04:20:00-04:00,29683.75,29663.5,29685.75,level,20.25,0.866,0.099,20,120,FVG_FAILURE(20260707T0400)|long|5m->DISP->FVG_bull->FILL,ORIGIN_FVG_FAILURE|long|5m->DISPLACEMENT->FVG_RETEST,FVG_FAILURE|long,64.78,1.0,0.7427,0.7576,1.0,0.8778,0.0329,0.9145,ORIGIN:FVG-5m-bear-20260707T0400 ; TRIGGER_FVG:FVG-5m-bull-20260707T0415,WIN,2026-07-07 04:27:00-04:00,2026-07-07 04:27:00-04:00,0.09876543209876543,True,0.185,0.012,0.0,,True,long,2026-07-07,FVG_FAILURE,off_anchor,1.624,0.515,5m,0.866,below,-2.0,1.057,,0.099,0.085,normal,0.866,0.7872,0.3073,0,0,0,,,183,0.7432,0.3417,244,0.7664,0.3355,719,0.0,0.901,0.859,0.7457,0.3407,0.0,183.0,0.0631,FAVORABLE
origin=FVG_FAILURE | anchor=off_anchor | vwap_below,3,OC-5m-20260707T0550-L-FVG,cg-recognizer-v1.0.0,5m,2026-07-07,6,long,FVG_FAILURE,FVG-5m-bear-20260707T0535,29655.25,FVG-5m-bull-20260707T0600,36241,36243,2026-07-07 05:50:00-04:00,2026-07-07 06:05:00-04:00,29661.25,29658.5,29665.25,level,2.75,0.128,1.455,20,120,FVG_FAILURE(20260707T0535)|long|5m->DISP->FVG_bull->FILL,ORIGIN_FVG_FAILURE|long|5m->DISPLACEMENT->FVG_RETEST,FVG_FAILURE|long,64.791,1.0,0.6194,0.6983,1.0,0.4842,0.4848,0.8143,ORIGIN:FVG-5m-bear-20260707T0535 ; TRIGGER_FVG:FVG-5m-bull-20260707T0600,LOSS,2026-07-07 06:09:00-04:00,2026-07-07 06:09:00-04:00,-1.0,False,0.545,4.0,,0.0,True,long,2026-07-07,FVG_FAILURE,off_anchor,1.463,0.421,5m,0.128,below,-2.0,1.362,,1.455,0.186,normal,0.128,0.7872,0.3073,0,0,0,,,183,0.7432,0.3417,244,0.7664,0.3355,719,0.0,0.901,0.859,0.7457,0.3407,0.0,183.0,0.0631,FAVORABLE
origin=FVG_FAILURE | anchor=off_anchor | vwap_below,3,OC-5m-20260707T0600-L-FVG,cg-recognizer-v1.0.0,5m,2026-07-07,6,long,FVG_FAILURE,FVG-5m-bear-20260707T0530,29665.0,FVG-5m-bull-20260707T0620,36243,36247,2026-07-07 06:00:00-04:00,2026-07-07 06:25:00-04:00,29665.75,29664.75,29673.0,level,1.0,0.042,7.25,20,120,FVG_FAILURE(20260707T0530)|long|5m->DISP->FVG_bull->FILL,ORIGIN_FVG_FAILURE|long|5m->DISPLACEMENT->FVG_RETEST,FVG_FAILURE|long,58.461,1.0,0.2496,0.4819,1.0,0.1144,1.0,0.6947,ORIGIN:FVG-5m-bear-20260707T0530 ; TRIGGER_FVG:FVG-5m-bull-20260707T0620,AMBIGUOUS,2026-07-07 06:30:00-04:00,2026-07-07 06:30:00-04:00,,False,7.75,1.75,,,True,long,2026-07-07,FVG_FAILURE,off_anchor,1.032,0.276,5m,0.042,below,-2.0,0.756,,7.25,0.305,normal,0.042,0.7872,0.3073,0,0,0,,,183,0.7432,0.3417,244,0.7664,0.3355,719,0.0,0.901,0.859,0.7457,0.3407,0.0,183.0,0.0631,FAVORABLE
origin=FVG_FAILURE | anchor=off_anchor | vwap_below,3,OC-5m-20260707T0615-L-FVG,cg-recognizer-v1.0.0,5m,2026-07-07,6,long,FVG_FAILURE,FVG-5m-bear-20260707T0525,29678.25,FVG-5m-bull-20260707T0620,36246,36247,2026-07-07 06:15:00-04:00,2026-07-07 06:25:00-04:00,29665.75,29664.75,29673.0,level,1.0,0.042,7.25,20,120,FVG_FAILURE(20260707T0525)|long|5m->DISP->FVG_bull->FILL,ORIGIN_FVG_FAILURE|long|5m->DISPLACEMENT->FVG_RETEST,FVG_FAILURE|long,58.461,1.0,0.2496,0.4819,1.0,0.1144,1.0,0.6947,ORIGIN:FVG-5m-bear-20260707T0525 ; TRIGGER_FVG:FVG-5m-bull-20260707T0620,AMBIGUOUS,2026-07-07 06:30:00-04:00,2026-07-07 06:30:00-04:00,,False,7.75,1.75,,,True,long,2026-07-07,FVG_FAILURE,off_anchor,1.032,0.276,5m,0.042,below,-2.0,0.756,,7.25,0.305,normal,0.042,0.7872,0.3073,0,0,0,,,183,0.7432,0.3417,244,0.7664,0.3355,719,0.0,0.901,0.859,0.7457,0.3407,0.0,183.0,0.0631,FAVORABLE
origin=FVG_FAILURE | anchor=off_anchor | vwap_below,3,OC-5m-20260707T0630-S-FVG,cg-recognizer-v1.0.0,5m,2026-07-07,6,short,FVG_FAILURE,FVG-5m-bull-20260707T0620,29665.75,FVG-5m-bear-20260707T0635,36249,36250,2026-07-07 06:30:00-04:00,2026-07-07 06:40:00-04:00,29657.5,29670.75,29638.75,level,13.25,0.548,1.415,20,120,FVG_FAILURE(20260707T0620)|short|5m->DISP->FVG_bear->FILL,ORIGIN_FVG_FAILURE|short|5m->DISPLACEMENT->FVG_RETEST,FVG_FAILURE|short,72.99,1.0,0.8948,0.5565,1.0,0.97,0.4717,0.2239,ORIGIN:FVG-5m-bull-20260707T0620 ; TRIGGER_FVG:FVG-5m-bear-20260707T0635,WIN,2026-07-07 06:40:00-04:00,2026-07-07 06:49:00-04:00,1.4150943396226414,True,1.887,0.453,9.0,,True,short,2026-07-07,FVG_FAILURE,off_anchor,0.993,0.451,5m,0.548,below,-2.0,0.989,,1.415,0.776,normal,0.548,0.7872,0.3073,0,0,0,,,182,0.7363,0.2233,235,0.7447,0.2459,719,0.0,0.901,0.855,0.7377,0.2264,0.0,182.0,0.0639,FAVORABLE
origin=FVG_FAILURE | anchor=off_anchor | vwap_below,3,OC-5m-20260707T0700-S-FVG,cg-recognizer-v1.0.0,5m,2026-07-07,6,short,FVG_FAILURE,FVG-5m-bull-20260707T0140,29649.0,FVG-5m-bear-20260707T0705,36255,36256,2026-07-07 07:00:00-04:00,2026-07-07 07:10:00-04:00,29629.25,29640.75,29626.25,level,11.5,0.458,0.261,20,120,FVG_FAILURE(20260707T0140)|short|5m->DISP->FVG_bear->FILL,ORIGIN_FVG_FAILURE|short|5m->DISPLACEMENT->FVG_RETEST,FVG_FAILURE|short,64.431,1.0,0.9548,0.5643,1.0,0.91,0.087,0.8805,ORIGIN:FVG-5m-bull-20260707T0140 ; TRIGGER_FVG:FVG-5m-bear-20260707T0705,WIN,2026-07-07 07:16:00-04:00,2026-07-07 07:16:00-04:00,0.2608695652173913,True,0.565,0.348,0.0,,True,short,2026-07-07,FVG_FAILURE,off_anchor,1.235,0.305,5m,0.458,below,-2.618,1.278,,0.261,0.119,normal,0.458,0.7872,0.3073,0,0,0,,,182,0.7363,0.2233,235,0.7447,0.2459,719,0.0,0.901,0.855,0.7377,0.2264,0.0,182.0,0.0639,FAVORABLE
origin=FVG_FAILURE | anchor=off_anchor | vwap_below,3,OC-5m-20260707T0720-L-FVG,cg-recognizer-v1.0.0,5m,2026-07-07,6,long,FVG_FAILURE,FVG-5m-bear-20260707T0705,29640.75,FVG-5m-bull-20260707T0745,36259,36264,2026-07-07 07:20:00-04:00,2026-07-07 07:50:00-04:00,29616.0,29613.0,29619.5,level,3.0,0.12,1.167,20,120,FVG_FAILURE(20260707T0705)|long|5m->DISP->FVG_bull->FILL,ORIGIN_FVG_FAILURE|long|5m->DISPLACEMENT->FVG_RETEST,FVG_FAILURE|long,61.613,1.0,0.5996,0.6575,1.0,0.4645,0.3889,0.8596,ORIGIN:FVG-5m-bear-20260707T0705 ; TRIGGER_FVG:FVG-5m-bull-20260707T0745,WIN,2026-07-07 07:52:00-04:00,2026-07-07 07:52:00-04:00,1.1666666666666667,True,3.417,0.75,0.0,,True,long,2026-07-07,FVG_FAILURE,off_anchor,1.294,0.453,5m,0.12,below,-2.618,1.151,,1.167,0.14,normal,0.12,0.7872,0.3073,0,0,0,,,183,0.7432,0.3417,244,0.7664,0.3355,719,0.0,0.901,0.859,0.7457,0.3407,0.0,183.0,0.0631,FAVORABLE
origin=FVG_FAILURE | anchor=off_anchor | vwap_below,3,OC-5m-20260707T0730-S-FVG,cg-recognizer-v1.0.0,5m,2026-07-07,6,short,FVG_FAILURE,FVG-5m-bull-20260707T0720,29625.25,FVG-5m-bear-20260707T0735,36261,36262,2026-07-07 07:30:00-04:00,2026-07-07 07:40:00-04:00,29613.0,29632.0,29590.384351241693,vwap_band,19.0,0.788,1.19,20,120,FVG_FAILURE(20260707T0720)|short|5m->DISP->FVG_bear->FILL,ORIGIN_FVG_FAILURE|short|5m->DISPLACEMENT->FVG_RETEST,FVG_FAILURE|short,75.715,1.0,0.7739,0.7749,1.0,0.9091,0.3968,0.0619,ORIGIN:FVG-5m-bull-20260707T0720 ; TRIGGER_FVG:FVG-5m-bear-20260707T0735,LOSS,2026-07-07 07:44:00-04:00,2026-07-07 07:48:00-04:00,-1.0,False,0.487,1.013,,4.0,True,short,2026-07-07,FVG_FAILURE,off_anchor,1.659,0.55,5m,0.788,below,-2.618,0.938,,1.19,0.938,normal,0.788,0.7872,0.3073,0,0,0,,,182,0.7363,0.2233,235,0.7447,0.2459,719,0.0,0.901,0.855,0.7377,0.2264,0.0,182.0,0.0639,FAVORABLE
origin=FVG_FAILURE | anchor=off_anchor | vwap_below,3,OC-5m-20260707T0745-L-FVG,cg-recognizer-v1.0.0,5m,2026-07-07,6,long,FVG_FAILURE,FVG-5m-bear-20260707T0735,29632.0,FVG-5m-bull-20260707T0800,36264,36267,2026-07-07 07:45:00-04:00,2026-07-07 08:05:00-04:00,29639.25,29638.0,29642.0,level,1.25,0.046,2.2,20,120,FVG_FAILURE(20260707T0735)|long|5m->DISP->FVG_bull->FILL,ORIGIN_FVG_FAILURE|long|5m->DISPLACEMENT->FVG_RETEST,FVG_FAILURE|long,49.656,1.0,0.2784,0.3018,1.0,0.1432,0.7333,0.899,ORIGIN:FVG-5m-bear-20260707T0735 ; TRIGGER_FVG:FVG-5m-bull-20260707T0800,AMBIGUOUS,2026-07-07 08:48:00-04:00,2026-07-07 08:48:00-04:00,,False,27.0,3.6,,,True,long,2026-07-07,FVG_FAILURE,off_anchor,0.624,0.187,5m,0.046,below,-2.0,0.851,,2.2,0.101,normal,0.046,0.7872,0.3073,0,0,0,,,183,0.7432,0.3417,244,0.7664,0.3355,719,0.0,0.901,0.859,0.7457,0.3407,0.0,183.0,0.0631,FAVORABLE
origin=VWAP_BAND | anchor=off_anchor | vwap_below,3,OC-15m-20260707T0800-L-VWA,cg-recognizer-v1.0.0,15m,2026-07-07,6,long,VWAP_BAND,VWAP-2.0-2026-07-07,29658.349928719505,FVG-15m-bull-20260707T0815,12089,12090,2026-07-07 08:00:00-04:00,2026-07-07 08:30:00-04:00,29658.5,29645.75,29665.25,level,12.75,0.289,0.529,20,120,VWAP_BAND(07)|long|15m->DISP->FVG_bull->FILL,ORIGIN_VWAP_BAND|long|15m->DISPLACEMENT->FVG_RETEST,VWAP_BAND|long,66.802,1.0,0.8919,0.6978,1.0,0.7567,0.1765,0.8469,ORIGIN:VWAP-2.0-2026-07-07 ; TRIGGER_FVG:FVG-15m-bull-20260707T0815,AMBIGUOUS,2026-07-07 08:48:00-04:00,2026-07-07 08:48:00-04:00,,False,1.137,1.863,,,True,long,2026-07-07,VWAP_BAND,off_anchor,1.514,0.396,15m,0.289,below,-2.0,0.064,,0.529,0.153,normal,0.289,0.7872,0.3073,0,0,0,,,53,0.8491,0.0403,125,0.888,0.2242,719,0.0,0.726,0.758,0.853,0.0962,0.0,53.0,0.0953,NEUTRAL
origin=FVG_FAILURE | anchor=off_anchor | vwap_below,3,OC-5m-20260707T0805-L-FVG,cg-recognizer-v1.0.0,5m,2026-07-07,6,long,FVG_FAILURE,FVG-5m-bear-20260707T0635,29670.75,FVG-5m-bull-20260707T0810,36268,36269,2026-07-07 08:05:00-04:00,2026-07-07 08:15:00-04:00,29691.75,29663.75,29693.0,level,28.0,0.931,0.045,20,120,FVG_FAILURE(20260707T0635)|long|5m->DISP->FVG_bull->FILL,ORIGIN_FVG_FAILURE|long|5m->DISPLACEMENT->FVG_RETEST,FVG_FAILURE|long,64.96,1.0,0.7186,0.8085,1.0,0.8537,0.0149,0.9585,ORIGIN:FVG-5m-bear-20260707T0635 ; TRIGGER_FVG:FVG-5m-bull-20260707T0810,WIN,2026-07-07 08:15:00-04:00,2026-07-07 08:15:00-04:00,0.044642857142857144,True,0.5,0.045,0.0,,True,long,2026-07-07,FVG_FAILURE,off_anchor,2.102,0.617,5m,0.931,below,-1.618,0.534,,0.045,0.042,normal,0.931,0.7872,0.3073,0,0,0,,,183,0.7432,0.3417,244,0.7664,0.3355,719,0.0,0.901,0.859,0.7457,0.3407,0.0,183.0,0.0631,FAVORABLE
origin=VWAP_BAND | anchor=off_anchor | vwap_below,3,OC-5m-20260707T0805-L-VWA,cg-recognizer-v1.0.0,5m,2026-07-07,6,long,VWAP_BAND,VWAP-2.0-2026-07-07,29659.969759175132,FVG-5m-bull-20260707T0810,36268,36269,2026-07-07 08:05:00-04:00,2026-07-07 08:15:00-04:00,29691.75,29663.75,29693.0,level,28.0,0.931,0.045,20,120,VWAP_BAND(07)|long|5m->DISP->FVG_bull->FILL,ORIGIN_VWAP_BAND|long|5m->DISPLACEMENT->FVG_RETEST,VWAP_BAND|long,64.96,1.0,0.7186,0.8085,1.0,0.8537,0.0149,0.9585,ORIGIN:VWAP-2.0-2026-07-07 ; TRIGGER_FVG:FVG-5m-bull-20260707T0810,WIN,2026-07-07 08:15:00-04:00,2026-07-07 08:15:00-04:00,0.044642857142857144,True,0.5,0.045,0.0,,True,long,2026-07-07,VWAP_BAND,off_anchor,2.102,0.617,5m,0.931,below,-1.618,0.534,,0.045,0.042,normal,0.931,0.7872,0.3073,0,0,0,,,72,0.9167,0.3596,125,0.888,0.2242,719,0.0,0.783,0.758,0.9051,0.3346,0.0,72.0,0.0677,FAVORABLE
origin=FVG_FAILURE | anchor=off_anchor | vwap_below,3,OC-15m-20260707T0845-S-FVG,cg-recognizer-v1.0.0,15m,2026-07-07,6,short,FVG_FAILURE,FVG-15m-bull-20260707T0815,29658.5,FVG-15m-bear-20260707T0900,12092,12093,2026-07-07 08:45:00-04:00,2026-07-07 09:15:00-04:00,29655.75,29664.0,29640.842791878247,vwap_band,8.25,0.178,1.807,20,120,FVG_FAILURE(20260707T0815)|short|15m->DISP->FVG_bear->FILL,ORIGIN_FVG_FAILURE|short|15m->DISPLACEMENT->FVG_RETEST,FVG_FAILURE|short,64.239,1.0,0.7295,0.4685,1.0,0.5944,0.6023,0.6789,ORIGIN:FVG-15m-bull-20260707T0815 ; TRIGGER_FVG:FVG-15m-bear-20260707T0900,AMBIGUOUS,2026-07-07 09:30:00-04:00,2026-07-07 09:30:00-04:00,,False,10.485,3.636,,,True,short,2026-07-07,FVG_FAILURE,off_anchor,0.969,0.291,15m,0.178,below,-2.0,0.321,,1.807,0.321,normal,0.178,0.7872,0.3073,0,0,0,,,53,0.7736,0.3238,235,0.7447,0.2459,719,0.0,0.726,0.855,0.7674,0.3049,0.0,53.0,0.1138,FAVORABLE
origin=FVG_FAILURE | anchor=off_anchor | vwap_below,3,OC-5m-20260707T0845-S-FVG,cg-recognizer-v1.0.0,5m,2026-07-07,6,short,FVG_FAILURE,FVG-5m-bull-20260707T0810,29691.75,FVG-5m-bear-20260707T0850,36276,36277,2026-07-07 08:45:00-04:00,2026-07-07 08:55:00-04:00,29651.0,29683.0,29649.55411645697,vwap_band,32.0,1.025,0.045,20,120,FVG_FAILURE(20260707T0810)|short|5m->DISP->FVG_bear->FILL,ORIGIN_FVG_FAILURE|short|5m->DISPLACEMENT->FVG_RETEST,FVG_FAILURE|short,64.546,1.0,0.6863,0.8232,1.0,0.8214,0.0151,0.9537,ORIGIN:FVG-5m-bull-20260707T0810 ; TRIGGER_FVG:FVG-5m-bear-20260707T0850,WIN,2026-07-07 09:08:00-04:00,2026-07-07 09:08:00-04:00,0.04518386071970326,True,0.344,0.148,0.0,,True,short,2026-07-07,FVG_FAILURE,off_anchor,2.211,0.646,5m,1.025,below,-2.0,0.046,,0.045,0.046,normal,1.025,0.7872,0.3073,0,0,0,,,182,0.7363,0.2233,235,0.7447,0.2459,719,0.0,0.901,0.855,0.7377,0.2264,0.0,182.0,0.0639,FAVORABLE
origin=FVG_FAILURE | anchor=off_anchor | vwap_below,3,OC-15m-20260707T0915-S-FVG,cg-recognizer-v1.0.0,15m,2026-07-07,6,short,FVG_FAILURE,FVG-15m-bull-20260707T0145,29646.0,FVG-15m-bear-20260707T1015,12094,12098,2026-07-07 09:15:00-04:00,2026-07-07 10:30:00-04:00,29378.25,29420.25,29375.0,level,42.0,0.527,0.077,20,120,FVG_FAILURE(20260707T0145)|short|15m->DISP->FVG_bear->FILL,ORIGIN_FVG_FAILURE|short|15m->DISPLACEMENT->FVG_RETEST,FVG_FAILURE|short,69.032,1.0,0.9078,0.8101,1.0,0.9571,0.0258,0.9592,ORIGIN:FVG-15m-bull-20260707T0145 ; TRIGGER_FVG:FVG-15m-bear-20260707T1015,WIN,2026-07-07 11:52:00-04:00,2026-07-07 11:52:00-04:00,0.07738095238095238,True,0.685,0.042,0.0,,True,short,2026-07-07,FVG_FAILURE,off_anchor,3.651,0.62,15m,0.527,below,-1.0,0.156,,0.077,0.041,high,0.527,0.7872,0.3073,0,0,0,,,53,0.7736,0.3238,235,0.7447,0.2459,719,0.0,0.726,0.855,0.7674,0.3049,0.0,53.0,0.1138,FAVORABLE
origin=FVG_FAILURE | anchor=off_anchor | vwap_below,3,OC-15m-20260707T0915-S-FVG,cg-recognizer-v1.0.0,15m,2026-07-07,6,short,FVG_FAILURE,FVG-15m-bull-20260707T0800,29639.25,FVG-15m-bear-20260707T1015,12094,12098,2026-07-07 09:15:00-04:00,2026-07-07 10:30:00-04:00,29378.25,29420.25,29375.0,level,42.0,0.527,0.077,20,120,FVG_FAILURE(20260707T0800)|short|15m->DISP->FVG_bear->FILL,ORIGIN_FVG_FAILURE|short|15m->DISPLACEMENT->FVG_RETEST,FVG_FAILURE|short,69.032,1.0,0.9078,0.8101,1.0,0.9571,0.0258,0.9592,ORIGIN:FVG-15m-bull-20260707T0800 ; TRIGGER_FVG:FVG-15m-bear-20260707T1015,WIN,2026-07-07 11:52:00-04:00,2026-07-07 11:52:00-04:00,0.07738095238095238,True,0.685,0.042,0.0,,True,short,2026-07-07,FVG_FAILURE,off_anchor,3.651,0.62,15m,0.527,below,-1.0,0.156,,0.077,0.041,high,0.527,0.7872,0.3073,0,0,0,,,53,0.7736,0.3238,235,0.7447,0.2459,719,0.0,0.726,0.855,0.7674,0.3049,0.0,53.0,0.1138,FAVORABLE
origin=FVG_FAILURE | anchor=off_anchor | vwap_above,3,OC-5m-20260707T0920-S-FVG,cg-recognizer-v1.0.0,5m,2026-07-07,6,short,FVG_FAILURE,FVG-5m-bull-20260707T0745,29616.0,FVG-5m-bear-20260707T0935,36283,36286,2026-07-07 09:20:00-04:00,2026-07-07 09:40:00-04:00,29577.5,29580.0,29577.25,level,2.5,0.061,0.1,20,120,FVG_FAILURE(20260707T0745)|short|5m->DISP->FVG_bear->FILL,ORIGIN_FVG_FAILURE|short|5m->DISPLACEMENT->FVG_RETEST,FVG_FAILURE|short,48.767,1.0,0.3717,0.6118,1.0,0.2365,0.0333,0.9939,ORIGIN:FVG-5m-bull-20260707T0745 ; TRIGGER_FVG:FVG-5m-bear-20260707T0935,AMBIGUOUS,2026-07-07 09:40:00-04:00,2026-07-07 09:40:00-04:00,,False,21.1,3.9,,,True,short,2026-07-07,FVG_FAILURE,off_anchor,1.549,0.224,5m,0.061,above,+1.0,1.039,,0.1,0.006,high,0.061,0.7872,0.3073,0,0,0,,,182,0.7363,0.2233,235,0.7447,0.2459,719,0.0,0.901,0.855,0.7377,0.2264,0.0,182.0,0.0639,FAVORABLE
origin=FVG_FAILURE | anchor=off_anchor | vwap_above,3,OC-5m-20260707T0925-S-FVG,cg-recognizer-v1.0.0,5m,2026-07-07,6,short,FVG_FAILURE,FVG-5m-bull-20260707T0135,29626.25,FVG-5m-bear-20260707T0935,36284,36286,2026-07-07 09:25:00-04:00,2026-07-07 09:40:00-04:00,29577.5,29580.0,29577.25,level,2.5,0.061,0.1,20,120,FVG_FAILURE(20260707T0135)|short|5m->DISP->FVG_bear->FILL,ORIGIN_FVG_FAILURE|short|5m->DISPLACEMENT->FVG_RETEST,FVG_FAILURE|short,48.767,1.0,0.3717,0.6118,1.0,0.2365,0.0333,0.9939,ORIGIN:FVG-5m-bull-20260707T0135 ; TRIGGER_FVG:FVG-5m-bear-20260707T0935,AMBIGUOUS,2026-07-07 09:40:00-04:00,2026-07-07 09:40:00-04:00,,False,21.1,3.9,,,True,short,2026-07-07,FVG_FAILURE,off_anchor,1.549,0.224,5m,0.061,above,+1.0,1.039,,0.1,0.006,high,0.061,0.7872,0.3073,0,0,0,,,182,0.7363,0.2233,235,0.7447,0.2459,719,0.0,0.901,0.855,0.7377,0.2264,0.0,182.0,0.0639,FAVORABLE
origin=VWAP_BAND | anchor=0930 | vwap_below,3,OC-15m-20260707T0930-S-VWA,cg-recognizer-v1.0.0,15m,2026-07-07,6,short,VWAP_BAND,VWAP+2.618-2026-07-07,29676.819392925187,FVG-15m-bear-20260707T1015,12095,12098,2026-07-07 09:30:00-04:00,2026-07-07 10:30:00-04:00,29378.25,29420.25,29375.0,level,42.0,0.527,0.077,20,120,VWAP_BAND(07)|short|15m->DISP->FVG_bear->FILL,ORIGIN_VWAP_BAND|short|15m->DISPLACEMENT->FVG_RETEST,VWAP_BAND|short,69.032,1.0,0.9078,0.8101,1.0,0.9571,0.0258,0.9592,ORIGIN:VWAP+2.618-2026-07-07 ; TRIGGER_FVG:FVG-15m-bear-20260707T1015,WIN,2026-07-07 11:52:00-04:00,2026-07-07 11:52:00-04:00,0.07738095238095238,True,0.685,0.042,0.0,,True,short,2026-07-07,VWAP_BAND,0930,3.651,0.62,15m,0.527,below,-1.0,0.156,,0.077,0.041,high,0.527,0.7872,0.3073,0,0,0,,,24,0.7083,0.1621,70,0.8,0.3862,719,0.0,0.545,0.636,0.7479,0.2509,0.0,24.0,0.1737,FAVORABLE
origin=FVG_FAILURE | anchor=0930 | vwap_above,3,OC-5m-20260707T0930-S-FVG,cg-recognizer-v1.0.0,5m,2026-07-07,6,short,FVG_FAILURE,FVG-5m-bull-20260702T2105,29617.0,FVG-5m-bear-20260707T0935,36285,36286,2026-07-07 09:30:00-04:00,2026-07-07 09:40:00-04:00,29577.5,29580.0,29577.25,level,2.5,0.061,0.1,20,120,FVG_FAILURE(20260702T2105)|short|5m->DISP->FVG_bear->FILL,ORIGIN_FVG_FAILURE|short|5m->DISPLACEMENT->FVG_RETEST,FVG_FAILURE|short,48.767,1.0,0.3717,0.6118,1.0,0.2365,0.0333,0.9939,ORIGIN:FVG-5m-bull-20260702T2105 ; TRIGGER_FVG:FVG-5m-bear-20260707T0935,AMBIGUOUS,2026-07-07 09:40:00-04:00,2026-07-07 09:40:00-04:00,,False,21.1,3.9,,,True,short,2026-07-07,FVG_FAILURE,0930,1.549,0.224,5m,0.061,above,+1.0,1.039,,0.1,0.006,high,0.061,0.7872,0.3073,0,0,0,,,182,0.7363,0.2233,235,0.7447,0.2459,719,0.0,0.901,0.855,0.7377,0.2264,0.0,182.0,0.0639,FAVORABLE
origin=VWAP_BAND | anchor=0930 | vwap_above,3,OC-5m-20260707T0930-S-VWA,cg-recognizer-v1.0.0,5m,2026-07-07,6,short,VWAP_BAND,VWAP+2.0-2026-07-07,29675.974868852616,FVG-5m-bear-20260707T0935,36285,36286,2026-07-07 09:30:00-04:00,2026-07-07 09:40:00-04:00,29577.5,29580.0,29577.25,level,2.5,0.061,0.1,20,120,VWAP_BAND(07)|short|5m->DISP->FVG_bear->FILL,ORIGIN_VWAP_BAND|short|5m->DISPLACEMENT->FVG_RETEST,VWAP_BAND|short,48.767,1.0,0.3717,0.6118,1.0,0.2365,0.0333,0.9939,ORIGIN:VWAP+2.0-2026-07-07 ; TRIGGER_FVG:FVG-5m-bear-20260707T0935,AMBIGUOUS,2026-07-07 09:40:00-04:00,2026-07-07 09:40:00-04:00,,False,21.1,3.9,,,True,short,2026-07-07,VWAP_BAND,0930,1.549,0.224,5m,0.061,above,+1.0,1.039,,0.1,0.006,high,0.061,0.7872,0.3073,0,0,0,,,46,0.8478,0.5031,70,0.8,0.3862,719,0.0,0.697,0.636,0.8319,0.459,0.0,46.0,0.1081,FAVORABLE
origin=FVG_FAILURE | anchor=rth | vwap_below,3,OC-15m-20260707T0945-S-FVG,cg-recognizer-v1.0.0,15m,2026-07-07,6,short,FVG_FAILURE,FVG-15m-bull-20260702T1600,29514.0,FVG-15m-bear-20260707T1015,12096,12098,2026-07-07 09:45:00-04:00,2026-07-07 10:30:00-04:00,29378.25,29420.25,29375.0,level,42.0,0.527,0.077,20,120,FVG_FAILURE(20260702T1600)|short|15m->DISP->FVG_bear->FILL,ORIGIN_FVG_FAILURE|short|15m->DISPLACEMENT->FVG_RETEST,FVG_FAILURE|short,69.032,1.0,0.9078,0.8101,1.0,0.9571,0.0258,0.9592,ORIGIN:FVG-15m-bull-20260702T1600 ; TRIGGER_FVG:FVG-15m-bear-20260707T1015,WIN,2026-07-07 11:52:00-04:00,2026-07-07 11:52:00-04:00,0.07738095238095238,True,0.685,0.042,0.0,,True,short,2026-07-07,FVG_FAILURE,rth,3.651,0.62,15m,0.527,below,-1.0,0.156,,0.077,0.041,high,0.527,0.7872,0.3073,0,0,0,,,53,0.7736,0.3238,235,0.7447,0.2459,719,0.0,0.726,0.855,0.7674,0.3049,0.0,53.0,0.1138,FAVORABLE
origin=FVG_FAILURE | anchor=rth | vwap_below,3,OC-15m-20260707T0945-S-FVG,cg-recognizer-v1.0.0,15m,2026-07-07,6,short,FVG_FAILURE,FVG-15m-bull-20260702T2115,29646.5,FVG-15m-bear-20260707T1015,12096,12098,2026-07-07 09:45:00-04:00,2026-07-07 10:30:00-04:00,29378.25,29420.25,29375.0,level,42.0,0.527,0.077,20,120,FVG_FAILURE(20260702T2115)|short|15m->DISP->FVG_bear->FILL,ORIGIN_FVG_FAILURE|short|15m->DISPLACEMENT->FVG_RETEST,FVG_FAILURE|short,69.032,1.0,0.9078,0.8101,1.0,0.9571,0.0258,0.9592,ORIGIN:FVG-15m-bull-20260702T2115 ; TRIGGER_FVG:FVG-15m-bear-20260707T1015,WIN,2026-07-07 11:52:00-04:00,2026-07-07 11:52:00-04:00,0.07738095238095238,True,0.685,0.042,0.0,,True,short,2026-07-07,FVG_FAILURE,rth,3.651,0.62,15m,0.527,below,-1.0,0.156,,0.077,0.041,high,0.527,0.7872,0.3073,0,0,0,,,53,0.7736,0.3238,235,0.7447,0.2459,719,0.0,0.726,0.855,0.7674,0.3049,0.0,53.0,0.1138,FAVORABLE
origin=FVG_FAILURE | anchor=rth | vwap_below,3,OC-5m-20260707T0950-S-FVG,cg-recognizer-v1.0.0,5m,2026-07-07,6,short,FVG_FAILURE,FVG-5m-bull-20260702T1555,29508.5,FVG-5m-bear-20260707T0955,36289,36290,2026-07-07 09:50:00-04:00,2026-07-07 10:00:00-04:00,29484.25,29503.0,29484.0,level,18.75,0.317,0.013,20,120,FVG_FAILURE(20260702T1555)|short|5m->DISP->FVG_bear->FILL,ORIGIN_FVG_FAILURE|short|5m->DISPLACEMENT->FVG_RETEST,FVG_FAILURE|short,65.504,1.0,0.9222,0.7485,1.0,0.7871,0.0044,0.9958,ORIGIN:FVG-5m-bull-20260702T1555 ; TRIGGER_FVG:FVG-5m-bear-20260707T0955,WIN,2026-07-07 10:00:00-04:00,2026-07-07 10:00:00-04:00,0.013333333333333334,True,2.053,0.813,0.0,,True,short,2026-07-07,FVG_FAILURE,rth,2.112,0.497,5m,0.317,below,-1.0,0.021,,0.013,0.004,high,0.317,0.7872,0.3073,0,0,0,,,182,0.7363,0.2233,235,0.7447,0.2459,719,0.0,0.901,0.855,0.7377,0.2264,0.0,182.0,0.0639,FAVORABLE
origin=FVG_FAILURE | anchor=1000 | vwap_below,3,OC-15m-20260707T1000-S-FVG,cg-recognizer-v1.0.0,15m,2026-07-07,6,short,FVG_FAILURE,FVG-15m-bull-20260702T1415,29409.75,FVG-15m-bear-20260707T1015,12097,12098,2026-07-07 10:00:00-04:00,2026-07-07 10:30:00-04:00,29378.25,29420.25,29375.0,level,42.0,0.527,0.077,20,120,FVG_FAILURE(20260702T1415)|short|15m->DISP->FVG_bear->FILL,ORIGIN_FVG_FAILURE|short|15m->DISPLACEMENT->FVG_RETEST,FVG_FAILURE|short,69.032,1.0,0.9078,0.8101,1.0,0.9571,0.0258,0.9592,ORIGIN:FVG-15m-bull-20260702T1415 ; TRIGGER_FVG:FVG-15m-bear-20260707T1015,WIN,2026-07-07 11:52:00-04:00,2026-07-07 11:52:00-04:00,0.07738095238095238,True,0.685,0.042,0.0,,True,short,2026-07-07,FVG_FAILURE,1000,3.651,0.62,15m,0.527,below,-1.0,0.156,,0.077,0.041,high,0.527,0.7872,0.3073,0,0,0,,,53,0.7736,0.3238,235,0.7447,0.2459,719,0.0,0.726,0.855,0.7674,0.3049,0.0,53.0,0.1138,FAVORABLE
origin=FVG_FAILURE | anchor=rth | vwap_below,3,OC-5m-20260707T1010-S-FVG,cg-recognizer-v1.0.0,5m,2026-07-07,6,short,FVG_FAILURE,FVG-5m-bull-20260702T1530,29412.0,FVG-5m-bear-20260707T1015,36293,36294,2026-07-07 10:10:00-04:00,2026-07-07 10:20:00-04:00,29369.0,29414.0,29353.001426421182,vwap_band,45.0,0.619,0.356,20,120,FVG_FAILURE(20260702T1530)|short|5m->DISP->FVG_bear->FILL,ORIGIN_FVG_FAILURE|short|5m->DISPLACEMENT->FVG_RETEST,FVG_FAILURE|short,64.007,1.0,0.8543,0.5368,1.0,0.9894,0.1185,0.7798,ORIGIN:FVG-5m-bull-20260702T1530 ; TRIGGER_FVG:FVG-5m-bear-20260707T1015,WIN,2026-07-07 10:20:00-04:00,2026-07-07 10:20:00-04:00,0.35552385730706093,True,0.961,0.206,0.0,,True,short,2026-07-07,FVG_FAILURE,rth,1.098,0.342,5m,0.619,below,-1.618,0.22,,0.356,0.22,high,0.619,0.7872,0.3073,0,0,0,,,182,0.7363,0.2233,235,0.7447,0.2459,719,0.0,0.901,0.855,0.7377,0.2264,0.0,182.0,0.0639,FAVORABLE
origin=FVG_FAILURE | anchor=rth | vwap_below,3,OC-15m-20260707T1015-S-FVG,cg-recognizer-v1.0.0,15m,2026-07-07,6,short,FVG_FAILURE,FVG-15m-bull-20260628T1815,29498.0,FVG-15m-bear-20260707T1030,12098,12099,2026-07-07 10:15:00-04:00,2026-07-07 10:45:00-04:00,29327.75,29332.0,29321.836742002197,vwap_band,4.25,0.05,1.391,20,120,FVG_FAILURE(20260628T1815)|short|15m->DISP->FVG_bear->FILL,ORIGIN_FVG_FAILURE|short|15m->DISPLACEMENT->FVG_RETEST,FVG_FAILURE|short,58.047,1.0,0.3043,0.7796,1.0,0.1691,0.4638,0.931,ORIGIN:FVG-15m-bull-20260628T1815 ; TRIGGER_FVG:FVG-15m-bear-20260707T1030,WIN,2026-07-07 11:05:00-04:00,2026-07-07 11:05:00-04:00,1.3913548230125077,True,6.176,0.471,0.0,,True,short,2026-07-07,FVG_FAILURE,rth,2.676,0.559,15m,0.05,below,-1.0,0.069,,1.391,0.069,high,0.05,0.7872,0.3073,0,0,0,,,53,0.7736,0.3238,235,0.7447,0.2459,719,0.0,0.726,0.855,0.7674,0.3049,0.0,53.0,0.1138,FAVORABLE
origin=VWAP_BAND | anchor=rth | vwap_below,3,OC-15m-20260707T1100-L-VWA,cg-recognizer-v1.0.0,15m,2026-07-07,6,long,VWAP_BAND,VWAP-1.0-2026-07-07,29292.84810848379,FVG-15m-bull-20260707T1145,12101,12104,2026-07-07 11:00:00-04:00,2026-07-07 12:00:00-04:00,29325.25,29322.5,29342.0,level,2.75,0.028,6.091,20,120,VWAP_BAND(07)|long|15m->DISP->FVG_bull->FILL,ORIGIN_VWAP_BAND|long|15m->DISPLACEMENT->FVG_RETEST,VWAP_BAND|long,52.97,1.0,0.1152,0.4154,1.0,0.0,1.0,0.8286,ORIGIN:VWAP-1.0-2026-07-07 ; TRIGGER_FVG:FVG-15m-bull-20260707T1145,LOSS,2026-07-07 15:11:00-04:00,2026-07-07 15:11:00-04:00,-1.0,False,2.455,2.455,,0.0,True,long,2026-07-07,VWAP_BAND,rth,0.714,0.355,15m,0.028,below,-1.0,0.458,,6.091,0.171,high,0.028,0.7872,0.3073,0,0,0,,,53,0.8491,0.0403,125,0.888,0.2242,719,0.0,0.726,0.758,0.853,0.0962,0.0,53.0,0.0953,NEUTRAL
origin=VWAP_BAND | anchor=rth | vwap_below,3,OC-5m-20260707T1125-L-VWA,cg-recognizer-v1.0.0,5m,2026-07-07,6,long,VWAP_BAND,VWAP-1.0-2026-07-07,29285.96057868167,FVG-5m-bull-20260707T1145,36308,36312,2026-07-07 11:25:00-04:00,2026-07-07 11:50:00-04:00,29325.25,29314.25,29342.0,level,11.0,0.215,1.523,20,120,VWAP_BAND(07)|long|5m->DISP->FVG_bull->FILL,ORIGIN_VWAP_BAND|long|5m->DISPLACEMENT->FVG_RETEST,VWAP_BAND|long,62.083,1.0,0.7938,0.3734,1.0,0.6586,0.5076,0.6719,ORIGIN:VWAP-1.0-2026-07-07 ; TRIGGER_FVG:FVG-5m-bull-20260707T1145,EXPIRED,,,,False,,,,,True,long,2026-07-07,VWAP_BAND,rth,0.798,0.215,5m,0.215,below,-1.0,0.89,,1.523,0.328,low,0.215,0.7872,0.3073,0,0,0,,,72,0.9167,0.3596,125,0.888,0.2242,719,0.0,0.783,0.758,0.9051,0.3346,0.0,72.0,0.0677,FAVORABLE
origin=FVG_FAILURE | anchor=rth | vwap_below,3,OC-15m-20260707T1145-L-FVG,cg-recognizer-v1.0.0,15m,2026-07-07,6,long,FVG_FAILURE,FVG-15m-bear-20260707T1030,29332.0,FVG-15m-bull-20260707T1200,12104,12105,2026-07-07 11:45:00-04:00,2026-07-07 12:15:00-04:00,29377.0,29330.0,29386.75,level,47.0,0.475,0.207,20,120,FVG_FAILURE(20260707T1030)|long|15m->DISP->FVG_bull->FILL,ORIGIN_FVG_FAILURE|long|15m->DISPLACEMENT->FVG_RETEST,FVG_FAILURE|long,70.188,1.0,0.9427,0.8119,1.0,0.9222,0.0691,0.9014,ORIGIN:FVG-15m-bear-20260707T1030 ; TRIGGER_FVG:FVG-15m-bull-20260707T1200,WIN,2026-07-07 15:00:00-04:00,2026-07-07 15:00:00-04:00,0.2074468085106383,True,0.548,0.266,0.0,,True,long,2026-07-07,FVG_FAILURE,rth,1.529,0.624,15m,0.475,below,-1.0,0.921,,0.207,0.099,high,0.475,0.7872,0.3073,0,0,0,,,61,0.8361,0.3168,244,0.7664,0.3355,719,0.0,0.753,0.859,0.8196,0.3205,0.0,61.0,0.0965,FAVORABLE
origin=FVG_FAILURE | anchor=rth | vwap_above,3,OC-15m-20260707T1200-L-FVG,cg-recognizer-v1.0.0,15m,2026-07-07,6,long,FVG_FAILURE,FVG-15m-bear-20260707T1015,29420.25,FVG-15m-bull-20260707T1215,12105,12106,2026-07-07 12:00:00-04:00,2026-07-07 12:30:00-04:00,29450.5,29389.25,29455.75,level,61.25,0.596,0.086,20,120,FVG_FAILURE(20260707T1015)|long|15m->DISP->FVG_bull->FILL,ORIGIN_FVG_FAILURE|long|15m->DISPLACEMENT->FVG_RETEST,FVG_FAILURE|long,70.98,1.0,0.8668,0.8925,1.0,0.998,0.0286,0.9489,ORIGIN:FVG-15m-bear-20260707T1015 ; TRIGGER_FVG:FVG-15m-bull-20260707T1215,WIN,2026-07-07 14:49:00-04:00,2026-07-07 14:49:00-04:00,0.08571428571428572,True,0.241,0.518,0.0,,True,long,2026-07-07,FVG_FAILURE,rth,1.974,0.785,15m,0.596,above,+1.0,0.68,,0.086,0.051,high,0.596,0.7872,0.3073,0,0,0,,,61,0.8361,0.3168,244,0.7664,0.3355,719,0.0,0.753,0.859,0.8196,0.3205,0.0,61.0,0.0965,FAVORABLE
origin=FVG_FAILURE | anchor=rth | vwap_below,3,OC-5m-20260707T1200-L-FVG,cg-recognizer-v1.0.0,5m,2026-07-07,6,long,FVG_FAILURE,FVG-5m-bear-20260707T1015,29414.0,FVG-5m-bull-20260707T1205,36315,36316,2026-07-07 12:00:00-04:00,2026-07-07 12:10:00-04:00,29398.0,29389.25,29398.759614745588,vwap,8.75,0.18,0.087,20,120,FVG_FAILURE(20260707T1015)|long|5m->DISP->FVG_bull->FILL,ORIGIN_FVG_FAILURE|long|5m->DISPLACEMENT->FVG_RETEST,FVG_FAILURE|long,53.329,1.0,0.7344,0.4324,1.0,0.5992,0.0289,0.9843,ORIGIN:FVG-5m-bear-20260707T1015 ; TRIGGER_FVG:FVG-5m-bull-20260707T1205,EXPIRED,,,,False,,,,,True,long,2026-07-07,FVG_FAILURE,rth,0.876,0.281,5m,0.18,below,-1.0,2.353,,0.087,0.016,low,0.18,0.7872,0.3073,0,0,0,,,183,0.7432,0.3417,244,0.7664,0.3355,719,0.0,0.901,0.859,0.7457,0.3407,0.0,183.0,0.0631,FAVORABLE
origin=FVG_FAILURE | anchor=rth | vwap_above,3,OC-5m-20260707T1220-L-FVG,cg-recognizer-v1.0.0,5m,2026-07-07,6,long,FVG_FAILURE,FVG-5m-bear-20260707T0955,29503.0,FVG-5m-bull-20260707T1225,36319,36320,2026-07-07 12:20:00-04:00,2026-07-07 12:30:00-04:00,29501.5,29474.75,29518.5,level,26.75,0.515,0.636,20,120,FVG_FAILURE(20260707T0955)|long|5m->DISP->FVG_bull->FILL,ORIGIN_FVG_FAILURE|long|5m->DISPLACEMENT->FVG_RETEST,FVG_FAILURE|long,68.803,1.0,0.9159,0.6305,1.0,0.9489,0.2118,0.6729,ORIGIN:FVG-5m-bear-20260707T0955 ; TRIGGER_FVG:FVG-5m-bull-20260707T1225,WIN,2026-07-07 12:36:00-04:00,2026-07-07 12:37:00-04:00,0.6355140186915887,True,0.972,0.57,1.0,,True,long,2026-07-07,FVG_FAILURE,rth,1.246,0.43,5m,0.515,above,+1.0,0.363,,0.636,0.327,normal,0.515,0.7872,0.3073,0,0,0,,,183,0.7432,0.3417,244,0.7664,0.3355,719,0.0,0.901,0.859,0.7457,0.3407,0.0,183.0,0.0631,FAVORABLE
origin=VWAP_BAND | anchor=rth | vwap_above,3,OC-15m-20260707T1400-S-VWA,cg-recognizer-v1.0.0,15m,2026-07-07,6,short,VWAP_BAND,VWAP+1.0-2026-07-07,29548.62557535283,FVG-15m-bear-20260707T1445,12113,12116,2026-07-07 14:00:00-04:00,2026-07-07 15:00:00-04:00,29485.0,29509.75,29484.0,level,24.75,0.393,0.04,20,120,VWAP_BAND(07)|short|15m->DISP->FVG_bear->FILL,ORIGIN_VWAP_BAND|short|15m->DISPLACEMENT->FVG_RETEST,VWAP_BAND|short,69.79,1.0,0.9938,0.8406,1.0,0.8587,0.0135,0.9841,ORIGIN:VWAP+1.0-2026-07-07 ; TRIGGER_FVG:FVG-15m-bear-20260707T1445,EXPIRED,,,,False,,,,,True,short,2026-07-07,VWAP_BAND,rth,2.483,0.681,15m,0.393,above,+1.0,1.011,,0.04,0.016,low,0.393,0.7872,0.3073,0,0,0,,,24,0.7083,0.1621,70,0.8,0.3862,719,0.0,0.545,0.636,0.7479,0.2509,0.0,24.0,0.1737,FAVORABLE
origin=VWAP_BAND | anchor=rth | vwap_above,3,OC-5m-20260707T1405-S-VWA,cg-recognizer-v1.0.0,5m,2026-07-07,6,short,VWAP_BAND,VWAP+1.0-2026-07-07,29547.81236951374,FVG-5m-bear-20260707T1430,36340,36345,2026-07-07 14:05:00-04:00,2026-07-07 14:35:00-04:00,29531.5,29532.5,29522.0,level,1.0,0.03,9.5,20,120,VWAP_BAND(07)|short|5m->DISP->FVG_bear->FILL,ORIGIN_VWAP_BAND|short|5m->DISPLACEMENT->FVG_RETEST,VWAP_BAND|short,57.283,1.0,0.1374,0.5508,1.0,0.0023,1.0,0.7143,ORIGIN:VWAP+1.0-2026-07-07 ; TRIGGER_FVG:FVG-5m-bear-20260707T1430,EXPIRED,,,,False,,,,,True,short,2026-07-07,VWAP_BAND,rth,1.135,0.345,5m,0.03,above,+1.0,0.594,,9.5,0.286,normal,0.03,0.7872,0.3073,0,0,0,,,46,0.8478,0.5031,70,0.8,0.3862,719,0.0,0.697,0.636,0.8319,0.459,0.0,46.0,0.1081,FAVORABLE
origin=FVG_FAILURE | anchor=rth | vwap_above,3,OC-15m-20260707T1430-S-FVG,cg-recognizer-v1.0.0,15m,2026-07-07,6,short,FVG_FAILURE,FVG-15m-bull-20260707T1230,29486.25,FVG-15m-bear-20260707T1445,12115,12116,2026-07-07 14:30:00-04:00,2026-07-07 15:00:00-04:00,29485.0,29509.75,29484.0,level,24.75,0.393,0.04,20,120,FVG_FAILURE(20260707T1230)|short|15m->DISP->FVG_bear->FILL,ORIGIN_FVG_FAILURE|short|15m->DISPLACEMENT->FVG_RETEST,FVG_FAILURE|short,69.79,1.0,0.9938,0.8406,1.0,0.8587,0.0135,0.9841,ORIGIN:FVG-15m-bull-20260707T1230 ; TRIGGER_FVG:FVG-15m-bear-20260707T1445,EXPIRED,,,,False,,,,,True,short,2026-07-07,FVG_FAILURE,rth,2.483,0.681,15m,0.393,above,+1.0,1.011,,0.04,0.016,low,0.393,0.7872,0.3073,0,0,0,,,53,0.7736,0.3238,235,0.7447,0.2459,719,0.0,0.726,0.855,0.7674,0.3049,0.0,53.0,0.1138,FAVORABLE
origin=FVG_FAILURE | anchor=rth | vwap_above,3,OC-5m-20260707T1440-S-FVG,cg-recognizer-v1.0.0,5m,2026-07-07,6,short,FVG_FAILURE,FVG-5m-bull-20260707T1225,29501.5,FVG-5m-bear-20260707T1445,36347,36348,2026-07-07 14:40:00-04:00,2026-07-07 14:50:00-04:00,29485.0,29489.0,29484.0,level,4.0,0.118,0.25,20,120,FVG_FAILURE(20260707T1225)|short|5m->DISP->FVG_bear->FILL,ORIGIN_FVG_FAILURE|short|5m->DISPLACEMENT->FVG_RETEST,FVG_FAILURE|short,56.78,1.0,0.594,0.6753,1.0,0.4589,0.0833,0.9704,ORIGIN:FVG-5m-bull-20260707T1225 ; TRIGGER_FVG:FVG-5m-bear-20260707T1445,EXPIRED,,,,False,,,,,True,short,2026-07-07,FVG_FAILURE,rth,1.546,0.351,5m,0.118,above,+1.0,1.947,,0.25,0.03,normal,0.118,0.7872,0.3073,0,0,0,,,182,0.7363,0.2233,235,0.7447,0.2459,719,0.0,0.901,0.855,0.7377,0.2264,0.0,182.0,0.0639,FAVORABLE
origin=VWAP_BAND | anchor=rth | vwap_below,3,OC-15m-20260707T1500-L-VWA,cg-recognizer-v1.0.0,15m,2026-07-07,6,long,VWAP_BAND,VWAP-1.0-2026-07-07,29324.21659500832,FVG-15m-bull-20260707T1600,12117,12121,2026-07-07 15:00:00-04:00,2026-07-07 16:15:00-04:00,29387.75,29371.75,29397.5,level,16.0,0.246,0.609,20,120,VWAP_BAND(07)|long|15m->DISP->FVG_bull->FILL,ORIGIN_VWAP_BAND|long|15m->DISPLACEMENT->FVG_RETEST,VWAP_BAND|long,66.506,1.0,0.8384,0.724,1.0,0.7033,0.2031,0.8499,ORIGIN:VWAP-1.0-2026-07-07 ; TRIGGER_FVG:FVG-15m-bull-20260707T1600,LOSS,2026-07-07 18:00:00-04:00,2026-07-07 18:00:00-04:00,-1.0,False,0.0,4.266,,0.0,True,long,2026-07-07,VWAP_BAND,rth,1.486,0.457,15m,0.246,below,-1.0,1.095,,0.609,0.15,low,0.246,0.7872,0.3073,0,0,0,,,53,0.8491,0.0403,125,0.888,0.2242,719,0.0,0.726,0.758,0.853,0.0962,0.0,53.0,0.0953,NEUTRAL
origin=FVG_FAILURE | anchor=rth | vwap_below,3,OC-15m-20260707T1500-S-FVG,cg-recognizer-v1.0.0,15m,2026-07-07,6,short,FVG_FAILURE,FVG-15m-bull-20260707T1215,29450.5,FVG-15m-bear-20260707T1515,12117,12118,2026-07-07 15:00:00-04:00,2026-07-07 15:30:00-04:00,29335.75,29385.25,29331.5,level,49.5,0.736,0.086,20,120,FVG_FAILURE(20260707T1215)|short|15m->DISP->FVG_bear->FILL,ORIGIN_FVG_FAILURE|short|15m->DISPLACEMENT->FVG_RETEST,FVG_FAILURE|short,66.886,1.0,0.7966,0.7949,1.0,0.9318,0.0286,0.9368,ORIGIN:FVG-15m-bull-20260707T1215 ; TRIGGER_FVG:FVG-15m-bear-20260707T1515,WIN,2026-07-07 15:30:00-04:00,2026-07-07 15:30:00-04:00,0.08585858585858586,True,0.404,0.601,0.0,,True,short,2026-07-07,FVG_FAILURE,rth,2.246,0.59,15m,0.736,below,-1.0,0.25,,0.086,0.063,low,0.736,0.7872,0.3073,0,0,0,,,53,0.7736,0.3238,235,0.7447,0.2459,719,0.0,0.726,0.855,0.7674,0.3049,0.0,53.0,0.1138,FAVORABLE
origin=FVG_FAILURE | anchor=rth | vwap_below,3,OC-5m-20260707T1500-S-FVG,cg-recognizer-v1.0.0,5m,2026-07-07,6,short,FVG_FAILURE,FVG-5m-bull-20260707T1205,29398.0,FVG-5m-bear-20260707T1510,36351,36353,2026-07-07 15:00:00-04:00,2026-07-07 15:15:00-04:00,29349.0,29353.25,29339.0,level,4.25,0.099,2.353,20,120,FVG_FAILURE(20260707T1205)|short|5m->DISP->FVG_bear->FILL,ORIGIN_FVG_FAILURE|short|5m->DISPLACEMENT->FVG_RETEST,FVG_FAILURE|short,65.458,1.0,0.5353,0.6199,1.0,0.4001,0.7843,0.7666,ORIGIN:FVG-5m-bull-20260707T1205 ; TRIGGER_FVG:FVG-5m-bear-20260707T1510,AMBIGUOUS,2026-07-07 15:30:00-04:00,2026-07-07 15:30:00-04:00,,False,7.824,3.882,,,True,short,2026-07-07,FVG_FAILURE,rth,1.319,0.36,5m,0.099,below,-1.0,0.579,,2.353,0.233,high,0.099,0.7872,0.3073,0,0,0,,,182,0.7363,0.2233,235,0.7447,0.2459,719,0.0,0.901,0.855,0.7377,0.2264,0.0,182.0,0.0639,FAVORABLE
origin=FVG_FAILURE | anchor=rth | vwap_below,3,OC-5m-20260707T1530-L-FVG,cg-recognizer-v1.0.0,5m,2026-07-07,6,long,FVG_FAILURE,FVG-5m-bear-20260707T1510,29353.25,FVG-5m-bull-20260707T1555,36357,36362,2026-07-07 15:30:00-04:00,2026-07-07 16:00:00-04:00,29361.75,29341.75,29362.5,level,20.0,0.41,0.037,20,120,FVG_FAILURE(20260707T1510)|long|5m->DISP->FVG_bull->FILL,ORIGIN_FVG_FAILURE|long|5m->DISPLACEMENT->FVG_RETEST,FVG_FAILURE|long,69.832,1.0,0.9922,0.8383,1.0,0.8727,0.0125,0.9846,ORIGIN:FVG-5m-bear-20260707T1510 ; TRIGGER_FVG:FVG-5m-bull-20260707T1555,EXPIRED,,,,False,,,,,True,long,2026-07-07,FVG_FAILURE,rth,1.735,0.677,5m,0.41,below,-1.0,0.947,,0.037,0.015,normal,0.41,0.7872,0.3073,0,0,0,,,183,0.7432,0.3417,244,0.7664,0.3355,719,0.0,0.901,0.859,0.7457,0.3407,0.0,183.0,0.0631,FAVORABLE
origin=VWAP_BAND | anchor=rth | vwap_below,3,OC-5m-20260707T1530-L-VWA,cg-recognizer-v1.0.0,5m,2026-07-07,6,long,VWAP_BAND,VWAP-1.0-2026-07-07,29318.270724408576,FVG-5m-bull-20260707T1555,36357,36362,2026-07-07 15:30:00-04:00,2026-07-07 16:00:00-04:00,29361.75,29341.75,29362.5,level,20.0,0.41,0.037,20,120,VWAP_BAND(07)|long|5m->DISP->FVG_bull->FILL,ORIGIN_VWAP_BAND|long|5m->DISPLACEMENT->FVG_RETEST,VWAP_BAND|long,69.832,1.0,0.9922,0.8383,1.0,0.8727,0.0125,0.9846,ORIGIN:VWAP-1.0-2026-07-07 ; TRIGGER_FVG:FVG-5m-bull-20260707T1555,EXPIRED,,,,False,,,,,True,long,2026-07-07,VWAP_BAND,rth,1.735,0.677,5m,0.41,below,-1.0,0.947,,0.037,0.015,normal,0.41,0.7872,0.3073,0,0,0,,,72,0.9167,0.3596,125,0.888,0.2242,719,0.0,0.783,0.758,0.9051,0.3346,0.0,72.0,0.0677,FAVORABLE
origin=FVG_FAILURE | anchor=rth | vwap_below,3,OC-15m-20260707T1545-L-FVG,cg-recognizer-v1.0.0,15m,2026-07-07,6,long,FVG_FAILURE,FVG-15m-bear-20260707T1515,29385.25,FVG-15m-bull-20260707T1600,12120,12121,2026-07-07 15:45:00-04:00,2026-07-07 16:15:00-04:00,29387.75,29371.75,29397.5,level,16.0,0.246,0.609,20,120,FVG_FAILURE(20260707T1515)|long|15m->DISP->FVG_bull->FILL,ORIGIN_FVG_FAILURE|long|15m->DISPLACEMENT->FVG_RETEST,FVG_FAILURE|long,66.506,1.0,0.8384,0.724,1.0,0.7033,0.2031,0.8499,ORIGIN:FVG-15m-bear-20260707T1515 ; TRIGGER_FVG:FVG-15m-bull-20260707T1600,LOSS,2026-07-07 18:00:00-04:00,2026-07-07 18:00:00-04:00,-1.0,False,0.0,4.266,,0.0,True,long,2026-07-07,FVG_FAILURE,rth,1.486,0.457,15m,0.246,below,-1.0,1.095,,0.609,0.15,low,0.246,0.7872,0.3073,0,0,0,,,61,0.8361,0.3168,244,0.7664,0.3355,719,0.0,0.753,0.859,0.8196,0.3205,0.0,61.0,0.0965,FAVORABLE
origin=LIQ_SWEEP | anchor=off_anchor | vwap_below,3,OC-15m-20260707T1830-S-LIQ,cg-recognizer-v1.0.0,15m,2026-07-08,6,short,LIQ_SWEEP,LVL-6-2026-07-08-candle_1000_high,29389.25,FVG-15m-bear-20260707T1945,12127,12132,2026-07-07 18:30:00-04:00,2026-07-07 20:00:00-04:00,29359.75,29373.75,29339.0,level,14.0,0.301,1.482,20,120,LIQ_SWEEP(candle_1000_high)|short|15m->DISP->FVG_bear->FILL,ORIGIN_LIQ_SWEEP|short|15m->DISPLACEMENT->FVG_RETEST,LIQ_SWEEP|short,74.125,1.0,0.9057,0.7276,1.0,0.7705,0.494,0.5532,ORIGIN:LVL-6-2026-07-08-candle_1000_high ; TRIGGER_FVG:FVG-15m-bear-20260707T1945,WIN,2026-07-07 20:05:00-04:00,2026-07-07 20:05:00-04:00,1.4821428571428572,True,1.946,0.321,0.0,,True,short,2026-07-08,LIQ_SWEEP,off_anchor,1.642,0.455,15m,0.301,below,-1.0,0.931,LIQ_SWEEP,1.482,0.447,low,0.301,0.7827,0.2886,2,1,1,0.5,-0.0155,7,0.7143,0.6999,20,0.75,1.1619,773,0.167,0.259,0.333,0.7141,0.5065,2.0,7.0,0.3347,INSUFFICIENT_EVIDENCE
origin=FVG_FAILURE | anchor=off_anchor | vwap_below,3,OC-15m-20260707T1930-S-FVG,cg-recognizer-v1.0.0,15m,2026-07-08,6,short,FVG_FAILURE,FVG-15m-bull-20260707T1600,29387.75,FVG-15m-bear-20260707T1945,12131,12132,2026-07-07 19:30:00-04:00,2026-07-07 20:00:00-04:00,29359.75,29373.75,29339.0,level,14.0,0.301,1.482,20,120,FVG_FAILURE(20260707T1600)|short|15m->DISP->FVG_bear->FILL,ORIGIN_FVG_FAILURE|short|15m->DISPLACEMENT->FVG_RETEST,FVG_FAILURE|short,74.125,1.0,0.9057,0.7276,1.0,0.7705,0.494,0.5532,ORIGIN:FVG-15m-bull-20260707T1600 ; TRIGGER_FVG:FVG-15m-bear-20260707T1945,WIN,2026-07-07 20:05:00-04:00,2026-07-07 20:05:00-04:00,1.4821428571428572,True,1.946,0.321,0.0,,True,short,2026-07-08,FVG_FAILURE,off_anchor,1.642,0.455,15m,0.301,below,-1.0,0.931,,1.482,0.447,low,0.301,0.7827,0.2886,0,0,0,,,62,0.7742,0.2746,258,0.7481,0.2328,773,0.0,0.756,0.866,0.769,0.2662,0.0,62.0,0.1049,FAVORABLE
origin=FVG_FAILURE | anchor=off_anchor | vwap_below,3,OC-5m-20260707T1935-S-FVG,cg-recognizer-v1.0.0,5m,2026-07-08,6,short,FVG_FAILURE,FVG-5m-bull-20260707T1920,29389.5,FVG-5m-bear-20260707T1940,36394,36395,2026-07-07 19:35:00-04:00,2026-07-07 19:45:00-04:00,29357.5,29381.0,29339.0,level,23.5,1.049,0.787,20,120,FVG_FAILURE(20260707T1920)|short|5m->DISP->FVG_bear->FILL,ORIGIN_FVG_FAILURE|short|5m->DISPLACEMENT->FVG_RETEST,FVG_FAILURE|short,71.908,1.0,0.6785,0.8211,1.0,0.8136,0.2624,0.1738,ORIGIN:FVG-5m-bull-20260707T1920 ; TRIGGER_FVG:FVG-5m-bear-20260707T1940,WIN,2026-07-07 19:45:00-04:00,2026-07-07 19:46:00-04:00,0.7872340425531915,True,0.989,0.096,1.0,,True,short,2026-07-08,FVG_FAILURE,off_anchor,2.344,0.642,5m,1.049,below,-1.0,1.812,,0.787,0.826,normal,1.049,0.7827,0.2886,0,0,0,,,196,0.7398,0.2196,258,0.7481,0.2328,773,0.0,0.907,0.866,0.741,0.2215,0.0,196.0,0.0613,FAVORABLE
origin=FVG_FAILURE | anchor=off_anchor | vwap_below,3,OC-5m-20260707T1945-S-FVG,cg-recognizer-v1.0.0,5m,2026-07-08,6,short,FVG_FAILURE,FVG-5m-bull-20260707T1555,29361.75,FVG-5m-bear-20260707T1955,36396,36398,2026-07-07 19:45:00-04:00,2026-07-07 20:00:00-04:00,29322.75,29325.25,29316.507175765884,vwap_band,2.5,0.103,2.497,20,120,FVG_FAILURE(20260707T1555)|short|5m->DISP->FVG_bear->FILL,ORIGIN_FVG_FAILURE|short|5m->DISPLACEMENT->FVG_RETEST,FVG_FAILURE|short,69.37,1.0,0.5483,0.7296,1.0,0.4131,0.8324,0.7424,ORIGIN:FVG-5m-bull-20260707T1555 ; TRIGGER_FVG:FVG-5m-bear-20260707T1955,AMBIGUOUS,2026-07-07 20:04:00-04:00,2026-07-07 20:04:00-04:00,,False,8.6,5.7,,,True,short,2026-07-08,FVG_FAILURE,off_anchor,1.857,0.459,5m,0.103,below,-1.0,0.258,,2.497,0.258,normal,0.103,0.7827,0.2886,0,0,0,,,196,0.7398,0.2196,258,0.7481,0.2328,773,0.0,0.907,0.866,0.741,0.2215,0.0,196.0,0.0613,FAVORABLE
origin=VWAP_BAND | anchor=off_anchor | vwap_below,3,OC-5m-20260707T1950-L-VWA,cg-recognizer-v1.0.0,5m,2026-07-08,6,long,VWAP_BAND,VWAP-1.0-2026-07-08,29316.72886675216,FVG-5m-bull-20260707T2005,36397,36400,2026-07-07 19:50:00-04:00,2026-07-07 20:10:00-04:00,29332.5,29322.75,29342.0,level,9.75,0.338,0.974,20,120,VWAP_BAND(08)|long|5m->DISP->FVG_bull->FILL,ORIGIN_VWAP_BAND|long|5m->DISPLACEMENT->FVG_RETEST,VWAP_BAND|long,71.728,1.0,0.9435,0.719,1.0,0.8084,0.3248,0.671,ORIGIN:VWAP-1.0-2026-07-08 ; TRIGGER_FVG:FVG-5m-bull-20260707T2005,EXPIRED,,,,False,,,,,True,long,2026-07-08,VWAP_BAND,off_anchor,2.719,0.438,5m,0.338,below,-1.0,0.579,,0.974,0.329,high,0.338,0.7827,0.2886,0,0,0,,,80,0.9,0.3612,138,0.8696,0.2144,773,0.0,0.8,0.775,0.89,0.3352,0.0,80.0,0.0686,FAVORABLE
origin=FVG_FAILURE | anchor=off_anchor | vwap_below,3,OC-15m-20260707T2000-L-FVG,cg-recognizer-v1.0.0,15m,2026-07-08,6,long,FVG_FAILURE,FVG-15m-bear-20260707T1945,29373.75,FVG-15m-bull-20260707T2015,12133,12134,2026-07-07 20:00:00-04:00,2026-07-07 20:30:00-04:00,29391.25,29359.75,29397.5,level,31.5,0.592,0.198,20,120,FVG_FAILURE(20260707T1945)|long|15m->DISP->FVG_bull->FILL,ORIGIN_FVG_FAILURE|long|15m->DISPLACEMENT->FVG_RETEST,FVG_FAILURE|long,66.414,1.0,0.8695,0.6736,1.0,0.9954,0.0661,0.8826,ORIGIN:FVG-15m-bear-20260707T1945 ; TRIGGER_FVG:FVG-15m-bull-20260707T2015,WIN,2026-07-07 22:09:00-04:00,2026-07-07 22:09:00-04:00,0.1984126984126984,True,0.516,0.063,0.0,,True,long,2026-07-08,FVG_FAILURE,off_anchor,2.048,0.347,15m,0.592,below,-1.0,1.404,,0.198,0.117,normal,0.592,0.7827,0.2886,0,0,0,,,64,0.8281,0.2909,259,0.7568,0.3062,773,0.0,0.762,0.866,0.812,0.294,0.0,64.0,0.0957,FAVORABLE
origin=FVG_FAILURE | anchor=off_anchor | vwap_below,3,OC-5m-20260707T2000-L-FVG,cg-recognizer-v1.0.0,5m,2026-07-08,6,long,FVG_FAILURE,FVG-5m-bear-20260707T1955,29325.25,FVG-5m-bull-20260707T2005,36399,36400,2026-07-07 20:00:00-04:00,2026-07-07 20:10:00-04:00,29332.5,29322.75,29342.0,level,9.75,0.338,0.974,20,120,FVG_FAILURE(20260707T1955)|long|5m->DISP->FVG_bull->FILL,ORIGIN_FVG_FAILURE|long|5m->DISPLACEMENT->FVG_RETEST,FVG_FAILURE|long,71.728,1.0,0.9435,0.719,1.0,0.8084,0.3248,0.671,ORIGIN:FVG-5m-bear-20260707T1955 ; TRIGGER_FVG:FVG-5m-bull-20260707T2005,EXPIRED,,,,False,,,,,True,long,2026-07-08,FVG_FAILURE,off_anchor,2.719,0.438,5m,0.338,below,-1.0,0.579,,0.974,0.329,high,0.338,0.7827,0.2886,0,0,0,,,195,0.7333,0.3112,259,0.7568,0.3062,773,0.0,0.907,0.866,0.7358,0.3105,0.0,195.0,0.0619,FAVORABLE
origin=FVG_FAILURE | anchor=off_anchor | vwap_below,3,OC-5m-20260707T2005-L-FVG,cg-recognizer-v1.0.0,5m,2026-07-08,6,long,FVG_FAILURE,FVG-5m-bear-20260707T1940,29381.0,FVG-5m-bull-20260707T2010,36400,36401,2026-07-07 20:05:00-04:00,2026-07-07 20:15:00-04:00,29375.25,29337.0,29386.75,level,38.25,1.152,0.301,20,120,FVG_FAILURE(20260707T1940)|long|5m->DISP->FVG_bull->FILL,ORIGIN_FVG_FAILURE|long|5m->DISPLACEMENT->FVG_RETEST,FVG_FAILURE|long,65.418,1.0,0.6473,0.7859,1.0,0.7825,0.1002,0.6536,ORIGIN:FVG-5m-bear-20260707T1940 ; TRIGGER_FVG:FVG-5m-bull-20260707T2010,EXPIRED,,,,False,,,,,True,long,2026-07-08,FVG_FAILURE,off_anchor,3.449,0.572,5m,1.152,below,-1.0,1.788,,0.301,0.346,high,1.152,0.7827,0.2886,0,0,0,,,195,0.7333,0.3112,259,0.7568,0.3062,773,0.0,0.907,0.866,0.7358,0.3105,0.0,195.0,0.0619,FAVORABLE
origin=FVG_FAILURE | anchor=off_anchor | vwap_above,3,OC-15m-20260707T2015-L-FVG,cg-recognizer-v1.0.0,15m,2026-07-08,6,long,FVG_FAILURE,FVG-15m-bear-20260707T1500,29452.75,FVG-15m-bull-20260707T2045,12134,12136,2026-07-07 20:15:00-04:00,2026-07-07 21:00:00-04:00,29512.0,29477.5,29518.5,level,34.5,0.606,0.188,20,120,FVG_FAILURE(20260707T1500)|long|15m->DISP->FVG_bull->FILL,ORIGIN_FVG_FAILURE|long|15m->DISPLACEMENT->FVG_RETEST,FVG_FAILURE|long,68.744,1.0,0.8615,0.7737,1.0,0.9967,0.0628,0.8858,ORIGIN:FVG-15m-bear-20260707T1500 ; TRIGGER_FVG:FVG-15m-bull-20260707T2045,WIN,2026-07-07 21:05:00-04:00,2026-07-07 21:05:00-04:00,0.18840579710144928,True,0.413,0.167,0.0,,True,long,2026-07-08,FVG_FAILURE,off_anchor,2.209,0.547,15m,0.606,above,+1.0,0.251,,0.188,0.114,normal,0.606,0.7827,0.2886,0,0,0,,,64,0.8281,0.2909,259,0.7568,0.3062,773,0.0,0.762,0.866,0.812,0.294,0.0,64.0,0.0957,FAVORABLE
origin=FVG_FAILURE | anchor=off_anchor | vwap_above,3,OC-15m-20260707T2030-L-FVG,cg-recognizer-v1.0.0,15m,2026-07-08,6,long,FVG_FAILURE,FVG-15m-bear-20260707T1445,29509.75,FVG-15m-bull-20260707T2045,12135,12136,2026-07-07 20:30:00-04:00,2026-07-07 21:00:00-04:00,29512.0,29477.5,29518.5,level,34.5,0.606,0.188,20,120,FVG_FAILURE(20260707T1445)|long|15m->DISP->FVG_bull->FILL,ORIGIN_FVG_FAILURE|long|15m->DISPLACEMENT->FVG_RETEST,FVG_FAILURE|long,68.744,1.0,0.8615,0.7737,1.0,0.9967,0.0628,0.8858,ORIGIN:FVG-15m-bear-20260707T1445 ; TRIGGER_FVG:FVG-15m-bull-20260707T2045,WIN,2026-07-07 21:05:00-04:00,2026-07-07 21:05:00-04:00,0.18840579710144928,True,0.413,0.167,0.0,,True,long,2026-07-08,FVG_FAILURE,off_anchor,2.209,0.547,15m,0.606,above,+1.0,0.251,,0.188,0.114,normal,0.606,0.7827,0.2886,0,0,0,,,64,0.8281,0.2909,259,0.7568,0.3062,773,0.0,0.762,0.866,0.812,0.294,0.0,64.0,0.0957,FAVORABLE
origin=FVG_FAILURE | anchor=off_anchor | vwap_above,3,OC-5m-20260707T2040-L-FVG,cg-recognizer-v1.0.0,5m,2026-07-08,6,long,FVG_FAILURE,FVG-5m-bear-20260707T1445,29489.0,FVG-5m-bull-20260707T2045,36407,36408,2026-07-07 20:40:00-04:00,2026-07-07 20:50:00-04:00,29512.0,29480.0,29518.5,level,32.0,0.676,0.203,20,120,FVG_FAILURE(20260707T1445)|long|5m->DISP->FVG_bull->FILL,ORIGIN_FVG_FAILURE|long|5m->DISPLACEMENT->FVG_RETEST,FVG_FAILURE|long,70.071,1.0,0.8252,0.8555,1.0,0.9604,0.0677,0.8627,ORIGIN:FVG-5m-bear-20260707T1445 ; TRIGGER_FVG:FVG-5m-bull-20260707T2045,WIN,2026-07-07 21:05:00-04:00,2026-07-07 21:05:00-04:00,0.203125,True,0.445,0.18,0.0,,True,long,2026-07-08,FVG_FAILURE,off_anchor,2.09,0.711,5m,0.676,above,+1.0,0.294,,0.203,0.137,high,0.676,0.7827,0.2886,0,0,0,,,195,0.7333,0.3112,259,0.7568,0.3062,773,0.0,0.907,0.866,0.7358,0.3105,0.0,195.0,0.0619,FAVORABLE
origin=VWAP_BAND | anchor=off_anchor | vwap_above,3,OC-5m-20260707T2100-S-VWA,cg-recognizer-v1.0.0,5m,2026-07-08,6,short,VWAP_BAND,VWAP+1.0-2026-07-08,29526.491724373907,FVG-5m-bear-20260707T2125,36411,36416,2026-07-07 21:00:00-04:00,2026-07-07 21:30:00-04:00,29513.0,29519.75,29501.0,level,6.75,0.172,1.778,20,120,VWAP_BAND(08)|short|5m->DISP->FVG_bear->FILL,ORIGIN_VWAP_BAND|short|5m->DISPLACEMENT->FVG_RETEST,VWAP_BAND|short,73.111,1.0,0.7179,0.8441,1.0,0.5827,0.5926,0.695,ORIGIN:VWAP+1.0-2026-07-08 ; TRIGGER_FVG:FVG-5m-bear-20260707T2125,EXPIRED,,,,False,,,,,True,short,2026-07-08,VWAP_BAND,off_anchor,1.767,0.688,5m,0.172,above,+1.0,0.366,,1.778,0.305,normal,0.172,0.7827,0.2886,0,0,0,,,46,0.8478,0.5031,71,0.8028,0.3818,773,0.0,0.697,0.64,0.832,0.4562,0.0,46.0,0.108,FAVORABLE
origin=FVG_FAILURE | anchor=off_anchor | vwap_above,3,OC-5m-20260707T2130-S-FVG,cg-recognizer-v1.0.0,5m,2026-07-08,6,short,FVG_FAILURE,FVG-5m-bull-20260707T2045,29512.0,FVG-5m-bear-20260707T2135,36417,36418,2026-07-07 21:30:00-04:00,2026-07-07 21:40:00-04:00,29471.0,29481.5,29460.0,level,10.5,0.288,1.048,20,120,FVG_FAILURE(20260707T2045)|short|5m->DISP->FVG_bear->FILL,ORIGIN_FVG_FAILURE|short|5m->DISPLACEMENT->FVG_RETEST,FVG_FAILURE|short,69.451,1.0,0.8906,0.6716,1.0,0.7555,0.3492,0.6982,ORIGIN:FVG-5m-bull-20260707T2045 ; TRIGGER_FVG:FVG-5m-bear-20260707T2135,WIN,2026-07-07 21:40:00-04:00,2026-07-07 21:40:00-04:00,1.0476190476190477,True,1.571,0.095,0.0,,True,short,2026-07-08,FVG_FAILURE,off_anchor,1.379,0.424,5m,0.288,above,+1.0,1.547,,1.048,0.302,normal,0.288,0.7827,0.2886,0,0,0,,,196,0.7398,0.2196,258,0.7481,0.2328,773,0.0,0.907,0.866,0.741,0.2215,0.0,196.0,0.0613,FAVORABLE
origin=FVG_FAILURE | anchor=off_anchor | vwap_above,3,OC-5m-20260707T2135-S-FVG,cg-recognizer-v1.0.0,5m,2026-07-08,6,short,FVG_FAILURE,FVG-5m-bull-20260707T2040,29475.75,FVG-5m-bear-20260707T2155,36418,36422,2026-07-07 21:35:00-04:00,2026-07-07 22:00:00-04:00,29449.0,29458.0,29448.25,level,9.0,0.27,0.083,20,120,FVG_FAILURE(20260707T2040)|short|5m->DISP->FVG_bear->FILL,ORIGIN_FVG_FAILURE|short|5m->DISPLACEMENT->FVG_RETEST,FVG_FAILURE|short,54.284,1.0,0.8691,0.3351,1.0,0.734,0.0278,0.9775,ORIGIN:FVG-5m-bull-20260707T2040 ; TRIGGER_FVG:FVG-5m-bear-20260707T2155,WIN,2026-07-07 22:25:00-04:00,2026-07-07 22:25:00-04:00,0.08333333333333333,True,1.333,0.139,0.0,,True,short,2026-07-08,FVG_FAILURE,off_anchor,0.653,0.235,5m,0.27,above,+1.0,2.35,,0.083,0.023,normal,0.27,0.7827,0.2886,0,0,0,,,196,0.7398,0.2196,258,0.7481,0.2328,773,0.0,0.907,0.866,0.741,0.2215,0.0,196.0,0.0613,FAVORABLE
origin=FVG_FAILURE | anchor=off_anchor | vwap_above,3,OC-5m-20260707T2220-L-FVG,cg-recognizer-v1.0.0,5m,2026-07-08,6,long,FVG_FAILURE,FVG-5m-bear-20260707T2205,29427.5,FVG-5m-bull-20260707T2245,36427,36432,2026-07-07 22:20:00-04:00,2026-07-07 22:50:00-04:00,29454.0,29420.0,29455.75,level,34.0,1.012,0.051,20,120,FVG_FAILURE(20260707T2205)|long|5m->DISP->FVG_bull->FILL,ORIGIN_FVG_FAILURE|long|5m->DISPLACEMENT->FVG_RETEST,FVG_FAILURE|long,64.693,1.0,0.6905,0.8224,1.0,0.8257,0.0172,0.9479,ORIGIN:FVG-5m-bear-20260707T2205 ; TRIGGER_FVG:FVG-5m-bull-20260707T2245,WIN,2026-07-07 22:50:00-04:00,2026-07-07 22:50:00-04:00,0.051470588235294115,True,0.382,0.022,0.0,,True,long,2026-07-08,FVG_FAILURE,off_anchor,1.541,0.645,5m,1.012,above,+1.0,2.161,,0.051,0.052,normal,1.012,0.7827,0.2886,0,0,0,,,195,0.7333,0.3112,259,0.7568,0.3062,773,0.0,0.907,0.866,0.7358,0.3105,0.0,195.0,0.0619,FAVORABLE
origin=FVG_FAILURE | anchor=off_anchor | vwap_above,3,OC-5m-20260707T2300-L-FVG,cg-recognizer-v1.0.0,5m,2026-07-08,6,long,FVG_FAILURE,FVG-5m-bear-20260707T2135,29481.5,FVG-5m-bull-20260707T2325,36435,36440,2026-07-07 23:00:00-04:00,2026-07-07 23:30:00-04:00,29500.5,29497.5,29501.0,level,3.0,0.115,0.167,20,120,FVG_FAILURE(20260707T2135)|long|5m->DISP->FVG_bull->FILL,ORIGIN_FVG_FAILURE|long|5m->DISPLACEMENT->FVG_RETEST,FVG_FAILURE|long,53.606,1.0,0.5847,0.5765,1.0,0.4495,0.0556,0.9808,ORIGIN:FVG-5m-bear-20260707T2135 ; TRIGGER_FVG:FVG-5m-bull-20260707T2325,WIN,2026-07-07 23:39:00-04:00,2026-07-07 23:39:00-04:00,0.16666666666666666,True,1.833,0.917,0.0,,True,long,2026-07-08,FVG_FAILURE,off_anchor,1.112,0.411,5m,0.115,above,+1.0,1.008,,0.167,0.019,low,0.115,0.7827,0.2886,0,0,0,,,195,0.7333,0.3112,259,0.7568,0.3062,773,0.0,0.907,0.866,0.7358,0.3105,0.0,195.0,0.0619,FAVORABLE
origin=FVG_FAILURE | anchor=off_anchor | vwap_above,3,OC-5m-20260707T2320-L-FVG,cg-recognizer-v1.0.0,5m,2026-07-08,6,long,FVG_FAILURE,FVG-5m-bear-20260707T2130,29498.5,FVG-5m-bull-20260707T2325,36439,36440,2026-07-07 23:20:00-04:00,2026-07-07 23:30:00-04:00,29500.5,29497.5,29501.0,level,3.0,0.115,0.167,20,120,FVG_FAILURE(20260707T2130)|long|5m->DISP->FVG_bull->FILL,ORIGIN_FVG_FAILURE|long|5m->DISPLACEMENT->FVG_RETEST,FVG_FAILURE|long,53.606,1.0,0.5847,0.5765,1.0,0.4495,0.0556,0.9808,ORIGIN:FVG-5m-bear-20260707T2130 ; TRIGGER_FVG:FVG-5m-bull-20260707T2325,WIN,2026-07-07 23:39:00-04:00,2026-07-07 23:39:00-04:00,0.16666666666666666,True,1.833,0.917,0.0,,True,long,2026-07-08,FVG_FAILURE,off_anchor,1.112,0.411,5m,0.115,above,+1.0,1.008,,0.167,0.019,low,0.115,0.7827,0.2886,0,0,0,,,195,0.7333,0.3112,259,0.7568,0.3062,773,0.0,0.907,0.866,0.7358,0.3105,0.0,195.0,0.0619,FAVORABLE
origin=VWAP_BAND | anchor=off_anchor | vwap_above,3,OC-15m-20260707T2330-S-VWA,cg-recognizer-v1.0.0,15m,2026-07-08,6,short,VWAP_BAND,VWAP+1.0-2026-07-08,29526.99969578993,FVG-15m-bear-20260708T0000,12147,12149,2026-07-07 23:30:00-04:00,2026-07-08 00:15:00-04:00,29473.5,29481.25,29460.0,level,7.75,0.14,1.742,20,120,VWAP_BAND(08)|short|15m->DISP->FVG_bear->FILL,ORIGIN_VWAP_BAND|short|15m->DISPLACEMENT->FVG_RETEST,VWAP_BAND|short,68.864,1.0,0.6505,0.7609,1.0,0.5153,0.5806,0.7558,ORIGIN:VWAP+1.0-2026-07-08 ; TRIGGER_FVG:FVG-15m-bear-20260708T0000,EXPIRED,,,,False,,,,,True,short,2026-07-08,VWAP_BAND,off_anchor,1.348,0.623,15m,0.14,above,+1.0,0.967,,1.742,0.244,normal,0.14,0.7827,0.2886,0,0,0,,,25,0.72,0.1587,71,0.8028,0.3818,773,0.0,0.556,0.64,0.7536,0.2429,0.0,25.0,0.1689,FAVORABLE
origin=VWAP_BAND | anchor=off_anchor | vwap_above,3,OC-5m-20260707T2330-S-VWA,cg-recognizer-v1.0.0,5m,2026-07-08,6,short,VWAP_BAND,VWAP+1.0-2026-07-08,29526.910153271572,FVG-5m-bear-20260707T2345,36441,36444,2026-07-07 23:30:00-04:00,2026-07-07 23:50:00-04:00,29493.25,29497.75,29490.25,level,4.5,0.197,0.667,20,120,VWAP_BAND(08)|short|5m->DISP->FVG_bear->FILL,ORIGIN_VWAP_BAND|short|5m->DISPLACEMENT->FVG_RETEST,VWAP_BAND|short,61.925,1.0,0.764,0.6075,1.0,0.6288,0.2222,0.8686,ORIGIN:VWAP+1.0-2026-07-08 ; TRIGGER_FVG:FVG-5m-bear-20260707T2345,EXPIRED,,,,False,,,,,True,short,2026-07-08,VWAP_BAND,off_anchor,1.182,0.427,5m,0.197,above,+1.0,1.479,,0.667,0.131,low,0.197,0.7827,0.2886,0,0,0,,,46,0.8478,0.5031,71,0.8028,0.3818,773,0.0,0.697,0.64,0.832,0.4562,0.0,46.0,0.108,FAVORABLE
origin=FVG_FAILURE | anchor=off_anchor | vwap_above,3,OC-5m-20260707T2340-S-FVG,cg-recognizer-v1.0.0,5m,2026-07-08,6,short,FVG_FAILURE,FVG-5m-bull-20260707T2325,29500.5,FVG-5m-bear-20260707T2345,36443,36444,2026-07-07 23:40:00-04:00,2026-07-07 23:50:00-04:00,29493.25,29497.75,29490.25,level,4.5,0.197,0.667,20,120,FVG_FAILURE(20260707T2325)|short|5m->DISP->FVG_bear->FILL,ORIGIN_FVG_FAILURE|short|5m->DISPLACEMENT->FVG_RETEST,FVG_FAILURE|short,61.925,1.0,0.764,0.6075,1.0,0.6288,0.2222,0.8686,ORIGIN:FVG-5m-bull-20260707T2325 ; TRIGGER_FVG:FVG-5m-bear-20260707T2345,EXPIRED,,,,False,,,,,True,short,2026-07-08,FVG_FAILURE,off_anchor,1.182,0.427,5m,0.197,above,+1.0,1.479,,0.667,0.131,low,0.197,0.7827,0.2886,0,0,0,,,196,0.7398,0.2196,258,0.7481,0.2328,773,0.0,0.907,0.866,0.741,0.2215,0.0,196.0,0.0613,FAVORABLE
origin=FVG_FAILURE | anchor=off_anchor | vwap_above,3,OC-15m-20260707T2345-S-FVG,cg-recognizer-v1.0.0,15m,2026-07-08,6,short,FVG_FAILURE,FVG-15m-bull-20260707T2315,29475.5,FVG-15m-bear-20260708T0000,12148,12149,2026-07-07 23:45:00-04:00,2026-07-08 00:15:00-04:00,29473.5,29481.25,29460.0,level,7.75,0.14,1.742,20,120,FVG_FAILURE(20260707T2315)|short|15m->DISP->FVG_bear->FILL,ORIGIN_FVG_FAILURE|short|15m->DISPLACEMENT->FVG_RETEST,FVG_FAILURE|short,68.864,1.0,0.6505,0.7609,1.0,0.5153,0.5806,0.7558,ORIGIN:FVG-15m-bull-20260707T2315 ; TRIGGER_FVG:FVG-15m-bear-20260708T0000,EXPIRED,,,,False,,,,,True,short,2026-07-08,FVG_FAILURE,off_anchor,1.348,0.623,15m,0.14,above,+1.0,0.967,,1.742,0.244,normal,0.14,0.7827,0.2886,0,0,0,,,62,0.7742,0.2746,258,0.7481,0.2328,773,0.0,0.756,0.866,0.769,0.2662,0.0,62.0,0.1049,FAVORABLE
origin=FVG_FAILURE | anchor=off_anchor | vwap_below,3,OC-5m-20260708T0030-S-FVG,cg-recognizer-v1.0.0,5m,2026-07-08,6,short,FVG_FAILURE,FVG-5m-bull-20260707T2245,29454.0,FVG-5m-bear-20260708T0035,36453,36454,2026-07-08 00:30:00-04:00,2026-07-08 00:40:00-04:00,29419.75,29438.75,29414.0,level,19.0,0.798,0.303,20,120,FVG_FAILURE(20260707T2245)|short|5m->DISP->FVG_bear->FILL,ORIGIN_FVG_FAILURE|short|5m->DISPLACEMENT->FVG_RETEST,FVG_FAILURE|short,68.115,1.0,0.7697,0.792,1.0,0.9049,0.1009,0.7584,ORIGIN:FVG-5m-bull-20260707T2245 ; TRIGGER_FVG:FVG-5m-bear-20260708T0035,WIN,2026-07-08 00:40:00-04:00,2026-07-08 00:40:00-04:00,0.3026315789473684,True,0.829,0.0,0.0,,True,short,2026-07-08,FVG_FAILURE,off_anchor,2.3,0.584,5m,0.798,below,-1.0,4.095,,0.303,0.242,normal,0.798,0.7827,0.2886,0,0,0,,,196,0.7398,0.2196,258,0.7481,0.2328,773,0.0,0.907,0.866,0.741,0.2215,0.0,196.0,0.0613,FAVORABLE
origin=FVG_FAILURE | anchor=off_anchor | vwap_below,3,OC-15m-20260708T0130-S-FVG,cg-recognizer-v1.0.0,15m,2026-07-08,6,short,FVG_FAILURE,FVG-15m-bull-20260707T2015,29391.25,FVG-15m-bear-20260708T0145,12155,12156,2026-07-08 01:30:00-04:00,2026-07-08 02:00:00-04:00,29363.0,29378.75,29339.0,level,15.75,0.35,1.524,20,120,FVG_FAILURE(20260707T2015)|short|15m->DISP->FVG_bear->FILL,ORIGIN_FVG_FAILURE|short|15m->DISPLACEMENT->FVG_RETEST,FVG_FAILURE|short,74.522,1.0,0.9554,0.6682,1.0,0.8202,0.5079,0.4669,ORIGIN:FVG-15m-bull-20260707T2015 ; TRIGGER_FVG:FVG-15m-bear-20260708T0145,WIN,2026-07-08 02:05:00-04:00,2026-07-08 02:07:00-04:00,1.5238095238095237,True,1.556,0.032,2.0,,True,short,2026-07-08,FVG_FAILURE,off_anchor,1.366,0.426,15m,0.35,below,-1.0,0.908,,1.524,0.533,low,0.35,0.7827,0.2886,0,0,0,,,62,0.7742,0.2746,258,0.7481,0.2328,773,0.0,0.756,0.866,0.769,0.2662,0.0,62.0,0.1049,FAVORABLE
origin=FVG_FAILURE | anchor=off_anchor | vwap_below,3,OC-5m-20260708T0145-S-FVG,cg-recognizer-v1.0.0,5m,2026-07-08,6,short,FVG_FAILURE,FVG-5m-bull-20260707T2005,29332.5,FVG-5m-bear-20260708T0150,36468,36469,2026-07-08 01:45:00-04:00,2026-07-08 01:55:00-04:00,29339.0,29345.75,29335.75,level,6.75,0.216,0.481,20,120,FVG_FAILURE(20260707T2005)|short|5m->DISP->FVG_bear->FILL,ORIGIN_FVG_FAILURE|short|5m->DISPLACEMENT->FVG_RETEST,FVG_FAILURE|short,53.438,1.0,0.7946,0.2799,1.0,0.6595,0.1605,0.896,ORIGIN:FVG-5m-bull-20260707T2005 ; TRIGGER_FVG:FVG-5m-bear-20260708T0150,LOSS,2026-07-08 01:55:00-04:00,2026-07-08 01:55:00-04:00,-1.0,False,0.259,1.815,,0.0,True,short,2026-07-08,FVG_FAILURE,off_anchor,0.568,0.181,5m,0.216,below,-1.0,0.538,,0.481,0.104,normal,0.216,0.7827,0.2886,0,0,0,,,196,0.7398,0.2196,258,0.7481,0.2328,773,0.0,0.907,0.866,0.741,0.2215,0.0,196.0,0.0613,FAVORABLE
origin=FVG_FAILURE | anchor=off_anchor | vwap_below,3,OC-5m-20260708T0145-S-FVG,cg-recognizer-v1.0.0,5m,2026-07-08,6,short,FVG_FAILURE,FVG-5m-bull-20260707T2010,29375.25,FVG-5m-bear-20260708T0150,36468,36469,2026-07-08 01:45:00-04:00,2026-07-08 01:55:00-04:00,29339.0,29345.75,29335.75,level,6.75,0.216,0.481,20,120,FVG_FAILURE(20260707T2010)|short|5m->DISP->FVG_bear->FILL,ORIGIN_FVG_FAILURE|short|5m->DISPLACEMENT->FVG_RETEST,FVG_FAILURE|short,53.438,1.0,0.7946,0.2799,1.0,0.6595,0.1605,0.896,ORIGIN:FVG-5m-bull-20260707T2010 ; TRIGGER_FVG:FVG-5m-bear-20260708T0150,LOSS,2026-07-08 01:55:00-04:00,2026-07-08 01:55:00-04:00,-1.0,False,0.259,1.815,,0.0,True,short,2026-07-08,FVG_FAILURE,off_anchor,0.568,0.181,5m,0.216,below,-1.0,0.538,,0.481,0.104,normal,0.216,0.7827,0.2886,0,0,0,,,196,0.7398,0.2196,258,0.7481,0.2328,773,0.0,0.907,0.866,0.741,0.2215,0.0,196.0,0.0613,FAVORABLE
origin=VWAP_BAND | anchor=off_anchor | vwap_below,3,OC-15m-20260708T0215-L-VWA,cg-recognizer-v1.0.0,15m,2026-07-08,6,long,VWAP_BAND,VWAP-1.0-2026-07-08,29321.60207708255,FVG-15m-bull-20260708T0330,12158,12163,2026-07-08 02:15:00-04:00,2026-07-08 03:45:00-04:00,29346.25,29335.25,29352.5,level,11.0,0.224,0.568,20,120,VWAP_BAND(08)|long|15m->DISP->FVG_bull->FILL,ORIGIN_VWAP_BAND|long|15m->DISPLACEMENT->FVG_RETEST,VWAP_BAND|long,62.944,1.0,0.8068,0.6259,1.0,0.6717,0.1894,0.8727,ORIGIN:VWAP-1.0-2026-07-08 ; TRIGGER_FVG:FVG-15m-bull-20260708T0330,WIN,2026-07-08 04:06:00-04:00,2026-07-08 04:06:00-04:00,0.5681818181818182,True,1.568,0.023,0.0,,True,long,2026-07-08,VWAP_BAND,off_anchor,1.355,0.349,15m,0.224,below,-1.0,0.539,,0.568,0.127,normal,0.224,0.7827,0.2886,0,0,0,,,58,0.8276,0.0119,138,0.8696,0.2144,773,0.0,0.744,0.775,0.8333,0.0681,0.0,58.0,0.0959,NEUTRAL
origin=FVG_FAILURE | anchor=off_anchor | vwap_below,3,OC-5m-20260708T0320-L-FVG,cg-recognizer-v1.0.0,5m,2026-07-08,6,long,FVG_FAILURE,FVG-5m-bear-20260708T0305,29320.25,FVG-5m-bull-20260708T0325,36487,36488,2026-07-08 03:20:00-04:00,2026-07-08 03:30:00-04:00,29334.5,29315.0,29342.0,level,19.5,0.619,0.385,20,120,FVG_FAILURE(20260708T0305)|long|5m->DISP->FVG_bull->FILL,ORIGIN_FVG_FAILURE|long|5m->DISPLACEMENT->FVG_RETEST,FVG_FAILURE|long,69.499,1.0,0.8544,0.7469,1.0,0.9896,0.1282,0.7619,ORIGIN:FVG-5m-bear-20260708T0305 ; TRIGGER_FVG:FVG-5m-bull-20260708T0325,AMBIGUOUS,2026-07-08 04:16:00-04:00,2026-07-08 04:16:00-04:00,,False,3.41,1.269,,,True,long,2026-07-08,FVG_FAILURE,off_anchor,1.587,0.494,5m,0.619,below,-1.0,0.468,,0.385,0.238,normal,0.619,0.7827,0.2886,0,0,0,,,195,0.7333,0.3112,259,0.7568,0.3062,773,0.0,0.907,0.866,0.7358,0.3105,0.0,195.0,0.0619,FAVORABLE
origin=FVG_FAILURE | anchor=off_anchor | vwap_below,3,OC-15m-20260708T0330-L-FVG,cg-recognizer-v1.0.0,15m,2026-07-08,6,long,FVG_FAILURE,FVG-15m-bear-20260708T0145,29378.75,FVG-15m-bull-20260708T0345,12163,12164,2026-07-08 03:30:00-04:00,2026-07-08 04:00:00-04:00,29369.0,29355.0,29386.75,level,14.0,0.276,1.268,20,120,FVG_FAILURE(20260708T0145)|long|15m->DISP->FVG_bull->FILL,ORIGIN_FVG_FAILURE|long|15m->DISPLACEMENT->FVG_RETEST,FVG_FAILURE|long,71.796,1.0,0.8763,0.7261,1.0,0.7411,0.4226,0.6501,ORIGIN:FVG-15m-bear-20260708T0145 ; TRIGGER_FVG:FVG-15m-bull-20260708T0345,LOSS,2026-07-08 04:01:00-04:00,2026-07-08 04:04:00-04:00,-1.0,False,0.339,1.482,,3.0,True,long,2026-07-08,FVG_FAILURE,off_anchor,1.537,0.452,15m,0.276,below,-1.0,0.969,,1.268,0.35,normal,0.276,0.7827,0.2886,0,0,0,,,64,0.8281,0.2909,259,0.7568,0.3062,773,0.0,0.762,0.866,0.812,0.294,0.0,64.0,0.0957,FAVORABLE
origin=FVG_FAILURE | anchor=off_anchor | vwap_below,3,OC-5m-20260708T0330-L-FVG,cg-recognizer-v1.0.0,5m,2026-07-08,6,long,FVG_FAILURE,FVG-5m-bear-20260708T0130,29388.0,FVG-5m-bull-20260708T0335,36489,36490,2026-07-08 03:30:00-04:00,2026-07-08 03:40:00-04:00,29358.75,29355.0,29362.5,level,3.75,0.114,1.0,20,120,FVG_FAILURE(20260708T0130)|long|5m->DISP->FVG_bull->FILL,ORIGIN_FVG_FAILURE|long|5m->DISPLACEMENT->FVG_RETEST,FVG_FAILURE|long,50.707,1.0,0.5809,0.2787,1.0,0.4457,0.3333,0.8862,ORIGIN:FVG-5m-bear-20260708T0130 ; TRIGGER_FVG:FVG-5m-bull-20260708T0335,WIN,2026-07-08 04:03:00-04:00,2026-07-08 04:03:00-04:00,1.0,True,3.133,0.333,0.0,,True,long,2026-07-08,FVG_FAILURE,off_anchor,0.599,0.158,5m,0.114,below,-1.0,1.182,,1.0,0.114,normal,0.114,0.7827,0.2886,0,0,0,,,195,0.7333,0.3112,259,0.7568,0.3062,773,0.0,0.907,0.866,0.7358,0.3105,0.0,195.0,0.0619,FAVORABLE
origin=FVG_FAILURE | anchor=off_anchor | vwap_below,3,OC-5m-20260708T0400-S-FVG,cg-recognizer-v1.0.0,5m,2026-07-08,6,short,FVG_FAILURE,FVG-5m-bull-20260708T0335,29358.75,FVG-5m-bear-20260708T0420,36495,36499,2026-07-08 04:00:00-04:00,2026-07-08 04:25:00-04:00,29290.0,29368.0,29289.0,level,78.0,1.8,0.013,20,120,FVG_FAILURE(20260708T0335)|short|5m->DISP->FVG_bear->FILL,ORIGIN_FVG_FAILURE|short|5m->DISPLACEMENT->FVG_RETEST,FVG_FAILURE|short,59.5,1.0,0.4985,0.8202,1.0,0.6337,0.0043,0.9769,ORIGIN:FVG-5m-bull-20260708T0335 ; TRIGGER_FVG:FVG-5m-bear-20260708T0420,EXPIRED,,,,False,,,,,True,short,2026-07-08,FVG_FAILURE,off_anchor,5.58,0.64,5m,1.8,below,-1.0,0.602,,0.013,0.023,high,1.8,0.7827,0.2886,0,0,0,,,196,0.7398,0.2196,258,0.7481,0.2328,773,0.0,0.907,0.866,0.741,0.2215,0.0,196.0,0.0613,FAVORABLE
origin=FVG_FAILURE | anchor=off_anchor | vwap_below,3,OC-15m-20260708T0415-S-FVG,cg-recognizer-v1.0.0,15m,2026-07-08,6,short,FVG_FAILURE,FVG-15m-bull-20260708T0330,29346.25,FVG-15m-bear-20260708T0430,12166,12167,2026-07-08 04:15:00-04:00,2026-07-08 04:45:00-04:00,29103.5,29341.25,29097.75,level,237.75,3.225,0.024,20,120,FVG_FAILURE(20260708T0330)|short|15m->DISP->FVG_bear->FILL,ORIGIN_FVG_FAILURE|short|15m->DISPLACEMENT->FVG_RETEST,FVG_FAILURE|short,54.95,1.0,0.3042,0.8193,1.0,0.4394,0.0081,0.922,ORIGIN:FVG-15m-bull-20260708T0330 ; TRIGGER_FVG:FVG-15m-bear-20260708T0430,WIN,2026-07-08 07:43:00-04:00,2026-07-08 07:43:00-04:00,0.024185068349106203,True,0.426,0.046,0.0,,True,short,2026-07-08,FVG_FAILURE,off_anchor,4.931,0.639,15m,3.225,below,-2.618,0.059,,0.024,0.078,high,3.225,0.7827,0.2886,0,0,0,,,62,0.7742,0.2746,258,0.7481,0.2328,773,0.0,0.756,0.866,0.769,0.2662,0.0,62.0,0.1049,FAVORABLE
origin=FVG_FAILURE | anchor=off_anchor | vwap_below,3,OC-15m-20260708T0415-S-FVG,cg-recognizer-v1.0.0,15m,2026-07-08,6,short,FVG_FAILURE,FVG-15m-bull-20260708T0345,29369.0,FVG-15m-bear-20260708T0430,12166,12167,2026-07-08 04:15:00-04:00,2026-07-08 04:45:00-04:00,29103.5,29341.25,29097.75,level,237.75,3.225,0.024,20,120,FVG_FAILURE(20260708T0345)|short|15m->DISP->FVG_bear->FILL,ORIGIN_FVG_FAILURE|short|15m->DISPLACEMENT->FVG_RETEST,FVG_FAILURE|short,54.95,1.0,0.3042,0.8193,1.0,0.4394,0.0081,0.922,ORIGIN:FVG-15m-bull-20260708T0345 ; TRIGGER_FVG:FVG-15m-bear-20260708T0430,WIN,2026-07-08 07:43:00-04:00,2026-07-08 07:43:00-04:00,0.024185068349106203,True,0.426,0.046,0.0,,True,short,2026-07-08,FVG_FAILURE,off_anchor,4.931,0.639,15m,3.225,below,-2.618,0.059,,0.024,0.078,high,3.225,0.7827,0.2886,0,0,0,,,62,0.7742,0.2746,258,0.7481,0.2328,773,0.0,0.756,0.866,0.769,0.2662,0.0,62.0,0.1049,FAVORABLE
origin=FVG_FAILURE | anchor=off_anchor | vwap_below,3,OC-5m-20260708T0415-S-FVG,cg-recognizer-v1.0.0,5m,2026-07-08,6,short,FVG_FAILURE,FVG-5m-bull-20260708T0325,29334.5,FVG-5m-bear-20260708T0420,36498,36499,2026-07-08 04:15:00-04:00,2026-07-08 04:25:00-04:00,29290.0,29368.0,29289.0,level,78.0,1.8,0.013,20,120,FVG_FAILURE(20260708T0325)|short|5m->DISP->FVG_bear->FILL,ORIGIN_FVG_FAILURE|short|5m->DISPLACEMENT->FVG_RETEST,FVG_FAILURE|short,59.5,1.0,0.4985,0.8202,1.0,0.6337,0.0043,0.9769,ORIGIN:FVG-5m-bull-20260708T0325 ; TRIGGER_FVG:FVG-5m-bear-20260708T0420,EXPIRED,,,,False,,,,,True,short,2026-07-08,FVG_FAILURE,off_anchor,5.58,0.64,5m,1.8,below,-1.0,0.602,,0.013,0.023,high,1.8,0.7827,0.2886,0,0,0,,,196,0.7398,0.2196,258,0.7481,0.2328,773,0.0,0.907,0.866,0.741,0.2215,0.0,196.0,0.0613,FAVORABLE
origin=FVG_FAILURE | anchor=off_anchor | vwap_below,3,OC-5m-20260708T0415-S-FVG,cg-recognizer-v1.0.0,5m,2026-07-08,6,short,FVG_FAILURE,FVG-5m-bull-20260708T0330,29346.25,FVG-5m-bear-20260708T0420,36498,36499,2026-07-08 04:15:00-04:00,2026-07-08 04:25:00-04:00,29290.0,29368.0,29289.0,level,78.0,1.8,0.013,20,120,FVG_FAILURE(20260708T0330)|short|5m->DISP->FVG_bear->FILL,ORIGIN_FVG_FAILURE|short|5m->DISPLACEMENT->FVG_RETEST,FVG_FAILURE|short,59.5,1.0,0.4985,0.8202,1.0,0.6337,0.0043,0.9769,ORIGIN:FVG-5m-bull-20260708T0330 ; TRIGGER_FVG:FVG-5m-bear-20260708T0420,EXPIRED,,,,False,,,,,True,short,2026-07-08,FVG_FAILURE,off_anchor,5.58,0.64,5m,1.8,below,-1.0,0.602,,0.013,0.023,high,1.8,0.7827,0.2886,0,0,0,,,196,0.7398,0.2196,258,0.7481,0.2328,773,0.0,0.907,0.866,0.741,0.2215,0.0,196.0,0.0613,FAVORABLE
origin=FVG_FAILURE | anchor=off_anchor | vwap_below,3,OC-5m-20260708T0420-S-FVG,cg-recognizer-v1.0.0,5m,2026-07-08,6,short,FVG_FAILURE,FVG-5m-bull-20260625T2345,29239.75,FVG-5m-bear-20260708T0425,36499,36500,2026-07-08 04:20:00-04:00,2026-07-08 04:30:00-04:00,29136.0,29252.5,29132.0,level,116.5,2.184,0.034,20,120,FVG_FAILURE(20260625T2345)|short|5m->DISP->FVG_bear->FILL,ORIGIN_FVG_FAILURE|short|5m->DISPLACEMENT->FVG_RETEST,FVG_FAILURE|short,60.422,1.0,0.4342,0.9068,1.0,0.5693,0.0114,0.925,ORIGIN:FVG-5m-bull-20260625T2345 ; TRIGGER_FVG:FVG-5m-bear-20260708T0425,EXPIRED,,,,False,,,,,True,short,2026-07-08,FVG_FAILURE,off_anchor,6.177,0.814,5m,2.184,below,-2.618,0.093,,0.034,0.075,high,2.184,0.7827,0.2886,0,0,0,,,196,0.7398,0.2196,258,0.7481,0.2328,773,0.0,0.907,0.866,0.741,0.2215,0.0,196.0,0.0613,FAVORABLE
origin=VWAP_BAND | anchor=off_anchor | vwap_below,3,OC-15m-20260708T0515-L-VWA,cg-recognizer-v1.0.0,15m,2026-07-08,6,long,VWAP_BAND,VWAP-3.618-2026-07-08,28921.639505219337,FVG-15m-bull-20260708T0630,12170,12175,2026-07-08 05:15:00-04:00,2026-07-08 06:45:00-04:00,28996.0,28986.5,29011.852332693063,vwap_band,9.5,0.1,1.669,20,120,VWAP_BAND(08)|long|15m->DISP->FVG_bull->FILL,ORIGIN_VWAP_BAND|long|15m->DISPLACEMENT->FVG_RETEST,VWAP_BAND|long,59.752,1.0,0.5388,0.5381,1.0,0.4037,0.5562,0.8327,ORIGIN:VWAP-3.618-2026-07-08 ; TRIGGER_FVG:FVG-15m-bull-20260708T0630,WIN,2026-07-08 07:00:00-04:00,2026-07-08 07:00:00-04:00,1.6686665992697511,True,2.895,0.158,0.0,,True,long,2026-07-08,VWAP_BAND,off_anchor,0.937,0.452,15m,0.1,below,-2.618,0.167,,1.669,0.167,high,0.1,0.7827,0.2886,0,0,0,,,58,0.8276,0.0119,138,0.8696,0.2144,773,0.0,0.744,0.775,0.8333,0.0681,0.0,58.0,0.0959,NEUTRAL
origin=FVG_FAILURE | anchor=off_anchor | vwap_below,3,OC-15m-20260708T0615-L-FVG,cg-recognizer-v1.0.0,15m,2026-07-08,6,long,FVG_FAILURE,FVG-15m-bear-20260708T0515,29002.0,FVG-15m-bull-20260708T0630,12174,12175,2026-07-08 06:15:00-04:00,2026-07-08 06:45:00-04:00,28996.0,28986.5,29011.852332693063,vwap_band,9.5,0.1,1.669,20,120,FVG_FAILURE(20260708T0515)|long|15m->DISP->FVG_bull->FILL,ORIGIN_FVG_FAILURE|long|15m->DISPLACEMENT->FVG_RETEST,FVG_FAILURE|long,59.752,1.0,0.5388,0.5381,1.0,0.4037,0.5562,0.8327,ORIGIN:FVG-15m-bear-20260708T0515 ; TRIGGER_FVG:FVG-15m-bull-20260708T0630,WIN,2026-07-08 07:00:00-04:00,2026-07-08 07:00:00-04:00,1.6686665992697511,True,2.895,0.158,0.0,,True,long,2026-07-08,FVG_FAILURE,off_anchor,0.937,0.452,15m,0.1,below,-2.618,0.167,,1.669,0.167,high,0.1,0.7827,0.2886,0,0,0,,,64,0.8281,0.2909,259,0.7568,0.3062,773,0.0,0.762,0.866,0.812,0.294,0.0,64.0,0.0957,FAVORABLE
origin=VWAP_BAND | anchor=off_anchor | vwap_below,3,OC-15m-20260708T0615-L-VWA,cg-recognizer-v1.0.0,15m,2026-07-08,6,long,VWAP_BAND,VWAP-3.0-2026-07-08,28964.307469491378,FVG-15m-bull-20260708T0630,12174,12175,2026-07-08 06:15:00-04:00,2026-07-08 06:45:00-04:00,28996.0,28986.5,29011.852332693063,vwap_band,9.5,0.1,1.669,20,120,VWAP_BAND(08)|long|15m->DISP->FVG_bull->FILL,ORIGIN_VWAP_BAND|long|15m->DISPLACEMENT->FVG_RETEST,VWAP_BAND|long,59.752,1.0,0.5388,0.5381,1.0,0.4037,0.5562,0.8327,ORIGIN:VWAP-3.0-2026-07-08 ; TRIGGER_FVG:FVG-15m-bull-20260708T0630,WIN,2026-07-08 07:00:00-04:00,2026-07-08 07:00:00-04:00,1.6686665992697511,True,2.895,0.158,0.0,,True,long,2026-07-08,VWAP_BAND,off_anchor,0.937,0.452,15m,0.1,below,-2.618,0.167,,1.669,0.167,high,0.1,0.7827,0.2886,0,0,0,,,58,0.8276,0.0119,138,0.8696,0.2144,773,0.0,0.744,0.775,0.8333,0.0681,0.0,58.0,0.0959,NEUTRAL
origin=VWAP_BAND | anchor=off_anchor | vwap_below,3,OC-5m-20260708T0615-L-VWA,cg-recognizer-v1.0.0,5m,2026-07-08,6,long,VWAP_BAND,VWAP-3.0-2026-07-08,28969.15954536847,FVG-5m-bull-20260708T0635,36522,36526,2026-07-08 06:15:00-04:00,2026-07-08 06:40:00-04:00,29028.0,29021.75,29046.0,level,6.25,0.159,2.88,20,120,VWAP_BAND(08)|long|5m->DISP->FVG_bull->FILL,ORIGIN_VWAP_BAND|long|5m->DISPLACEMENT->FVG_RETEST,VWAP_BAND|long,76.21,1.0,0.6919,0.7431,1.0,0.5568,0.96,0.5429,ORIGIN:VWAP-3.0-2026-07-08 ; TRIGGER_FVG:FVG-5m-bull-20260708T0635,LOSS,2026-07-08 06:58:00-04:00,2026-07-08 06:59:00-04:00,-1.0,False,1.48,2.8,,1.0,True,long,2026-07-08,VWAP_BAND,off_anchor,1.479,0.5,5m,0.159,below,-2.618,0.383,,2.88,0.457,low,0.159,0.7827,0.2886,0,0,0,,,80,0.9,0.3612,138,0.8696,0.2144,773,0.0,0.8,0.775,0.89,0.3352,0.0,80.0,0.0686,FAVORABLE
origin=FVG_FAILURE | anchor=off_anchor | vwap_below,3,OC-5m-20260708T0625-L-FVG,cg-recognizer-v1.0.0,5m,2026-07-08,6,long,FVG_FAILURE,FVG-5m-bear-20260708T0505,29002.0,FVG-5m-bull-20260708T0635,36524,36526,2026-07-08 06:25:00-04:00,2026-07-08 06:40:00-04:00,29028.0,29021.75,29046.0,level,6.25,0.159,2.88,20,120,FVG_FAILURE(20260708T0505)|long|5m->DISP->FVG_bull->FILL,ORIGIN_FVG_FAILURE|long|5m->DISPLACEMENT->FVG_RETEST,FVG_FAILURE|long,76.21,1.0,0.6919,0.7431,1.0,0.5568,0.96,0.5429,ORIGIN:FVG-5m-bear-20260708T0505 ; TRIGGER_FVG:FVG-5m-bull-20260708T0635,LOSS,2026-07-08 06:58:00-04:00,2026-07-08 06:59:00-04:00,-1.0,False,1.48,2.8,,1.0,True,long,2026-07-08,FVG_FAILURE,off_anchor,1.479,0.5,5m,0.159,below,-2.618,0.383,,2.88,0.457,low,0.159,0.7827,0.2886,0,0,0,,,195,0.7333,0.3112,259,0.7568,0.3062,773,0.0,0.907,0.866,0.7358,0.3105,0.0,195.0,0.0619,FAVORABLE
origin=VWAP_BAND | anchor=off_anchor | vwap_below,3,OC-15m-20260708T0630-L-VWA,cg-recognizer-v1.0.0,15m,2026-07-08,6,long,VWAP_BAND,VWAP-2.618-2026-07-08,29011.852332693063,FVG-15m-bull-20260708T0745,12175,12180,2026-07-08 06:30:00-04:00,2026-07-08 08:00:00-04:00,29053.0,29012.75,29076.662736366892,vwap_band,40.25,0.408,0.588,20,120,VWAP_BAND(08)|long|15m->DISP->FVG_bull->FILL,ORIGIN_VWAP_BAND|long|15m->DISPLACEMENT->FVG_RETEST,VWAP_BAND|long,64.309,1.0,0.9932,0.4622,1.0,0.8716,0.196,0.76,ORIGIN:VWAP-2.618-2026-07-08 ; TRIGGER_FVG:FVG-15m-bull-20260708T0745,WIN,2026-07-08 11:25:00-04:00,2026-07-08 11:32:00-04:00,0.5878940712271356,True,0.814,0.472,7.0,,True,long,2026-07-08,VWAP_BAND,off_anchor,0.872,0.343,15m,0.408,below,-2.0,0.24,,0.588,0.24,normal,0.408,0.7827,0.2886,0,0,0,,,58,0.8276,0.0119,138,0.8696,0.2144,773,0.0,0.744,0.775,0.8333,0.0681,0.0,58.0,0.0959,NEUTRAL
origin=VWAP_BAND | anchor=off_anchor | vwap_below,3,OC-5m-20260708T0630-L-VWA,cg-recognizer-v1.0.0,5m,2026-07-08,6,long,VWAP_BAND,VWAP-2.618-2026-07-08,29015.106176244855,FVG-5m-bull-20260708T0635,36525,36526,2026-07-08 06:30:00-04:00,2026-07-08 06:40:00-04:00,29028.0,29021.75,29046.0,level,6.25,0.159,2.88,20,120,VWAP_BAND(08)|long|5m->DISP->FVG_bull->FILL,ORIGIN_VWAP_BAND|long|5m->DISPLACEMENT->FVG_RETEST,VWAP_BAND|long,76.21,1.0,0.6919,0.7431,1.0,0.5568,0.96,0.5429,ORIGIN:VWAP-2.618-2026-07-08 ; TRIGGER_FVG:FVG-5m-bull-20260708T0635,LOSS,2026-07-08 06:58:00-04:00,2026-07-08 06:59:00-04:00,-1.0,False,1.48,2.8,,1.0,True,long,2026-07-08,VWAP_BAND,off_anchor,1.479,0.5,5m,0.159,below,-2.618,0.383,,2.88,0.457,low,0.159,0.7827,0.2886,0,0,0,,,80,0.9,0.3612,138,0.8696,0.2144,773,0.0,0.8,0.775,0.89,0.3352,0.0,80.0,0.0686,FAVORABLE
origin=FVG_FAILURE | anchor=off_anchor | vwap_below,3,OC-5m-20260708T0655-S-FVG,cg-recognizer-v1.0.0,5m,2026-07-08,6,short,FVG_FAILURE,FVG-5m-bull-20260708T0635,29028.0,FVG-5m-bear-20260708T0700,36530,36531,2026-07-08 06:55:00-04:00,2026-07-08 07:05:00-04:00,29028.5,29036.5,29008.5,level,8.0,0.235,2.5,20,120,FVG_FAILURE(20260708T0635)|short|5m->DISP->FVG_bear->FILL,ORIGIN_FVG_FAILURE|short|5m->DISPLACEMENT->FVG_RETEST,FVG_FAILURE|short,76.561,1.0,0.8233,0.6755,1.0,0.6881,0.8333,0.4115,ORIGIN:FVG-5m-bull-20260708T0635 ; TRIGGER_FVG:FVG-5m-bear-20260708T0700,WIN,2026-07-08 07:35:00-04:00,2026-07-08 07:38:00-04:00,2.5,True,2.969,0.562,3.0,,True,short,2026-07-08,FVG_FAILURE,off_anchor,1.361,0.444,5m,0.235,below,-2.618,0.735,,2.5,0.589,low,0.235,0.7827,0.2886,0,0,0,,,196,0.7398,0.2196,258,0.7481,0.2328,773,0.0,0.907,0.866,0.741,0.2215,0.0,196.0,0.0613,FAVORABLE
origin=VWAP_BAND | anchor=off_anchor | vwap_below,3,OC-5m-20260708T0715-L-VWA,cg-recognizer-v1.0.0,5m,2026-07-08,6,long,VWAP_BAND,VWAP-2.618-2026-07-08,28998.329739986875,FVG-5m-bull-20260708T0735,36534,36538,2026-07-08 07:15:00-04:00,2026-07-08 07:40:00-04:00,29001.5,29000.0,29046.0,level,1.5,0.046,29.667,20,120,VWAP_BAND(08)|long|5m->DISP->FVG_bull->FILL,ORIGIN_VWAP_BAND|long|5m->DISPLACEMENT->FVG_RETEST,VWAP_BAND|long,58.485,1.0,0.2767,0.3168,1.0,0.1416,1.0,0.0,ORIGIN:VWAP-2.618-2026-07-08 ; TRIGGER_FVG:FVG-5m-bull-20260708T0735,LOSS,2026-07-08 07:41:00-04:00,2026-07-08 07:41:00-04:00,-1.0,False,3.5,5.5,,0.0,True,long,2026-07-08,VWAP_BAND,off_anchor,0.632,0.212,5m,0.046,below,-2.618,0.257,,29.667,1.355,normal,0.046,0.7827,0.2886,0,0,0,,,80,0.9,0.3612,138,0.8696,0.2144,773,0.0,0.8,0.775,0.89,0.3352,0.0,80.0,0.0686,FAVORABLE
origin=FVG_FAILURE | anchor=off_anchor | vwap_below,3,OC-5m-20260708T0740-L-FVG,cg-recognizer-v1.0.0,5m,2026-07-08,6,long,FVG_FAILURE,FVG-5m-bear-20260708T0700,29036.5,FVG-5m-bull-20260708T0745,36539,36540,2026-07-08 07:40:00-04:00,2026-07-08 07:50:00-04:00,29063.5,29033.0,29079.6940622005,vwap_band,30.5,0.801,0.531,20,120,FVG_FAILURE(20260708T0700)|long|5m->DISP->FVG_bull->FILL,ORIGIN_FVG_FAILURE|long|5m->DISPLACEMENT->FVG_RETEST,FVG_FAILURE|long,66.65,1.0,0.7686,0.6521,1.0,0.9038,0.177,0.5748,ORIGIN:FVG-5m-bear-20260708T0700 ; TRIGGER_FVG:FVG-5m-bull-20260708T0745,WIN,2026-07-08 07:50:00-04:00,2026-07-08 07:50:00-04:00,0.5309528590327407,True,0.582,0.344,0.0,,True,long,2026-07-08,FVG_FAILURE,off_anchor,1.641,0.304,5m,0.801,below,-2.0,0.425,,0.531,0.425,normal,0.801,0.7827,0.2886,0,0,0,,,195,0.7333,0.3112,259,0.7568,0.3062,773,0.0,0.907,0.866,0.7358,0.3105,0.0,195.0,0.0619,FAVORABLE
origin=VWAP_BAND | anchor=off_anchor | vwap_below,3,OC-15m-20260708T0745-L-VWA,cg-recognizer-v1.0.0,15m,2026-07-08,6,long,VWAP_BAND,VWAP-2.0-2026-07-08,29076.662736366892,FVG-15m-bull-20260708T0815,12180,12182,2026-07-08 07:45:00-04:00,2026-07-08 08:30:00-04:00,29124.75,29114.75,29126.5,level,10.0,0.13,0.175,20,120,VWAP_BAND(08)|long|15m->DISP->FVG_bull->FILL,ORIGIN_VWAP_BAND|long|15m->DISPLACEMENT->FVG_RETEST,VWAP_BAND|long,55.09,1.0,0.626,0.5921,1.0,0.4909,0.0583,0.9772,ORIGIN:VWAP-2.0-2026-07-08 ; TRIGGER_FVG:FVG-15m-bull-20260708T0815,AMBIGUOUS,2026-07-08 11:16:00-04:00,2026-07-08 11:16:00-04:00,,False,1.625,1.675,,,True,long,2026-07-08,VWAP_BAND,off_anchor,1.211,0.377,15m,0.13,below,-1.618,0.054,,0.175,0.023,normal,0.13,0.7827,0.2886,0,0,0,,,58,0.8276,0.0119,138,0.8696,0.2144,773,0.0,0.744,0.775,0.8333,0.0681,0.0,58.0,0.0959,NEUTRAL
origin=VWAP_BAND | anchor=off_anchor | vwap_below,3,OC-5m-20260708T0755-L-VWA,cg-recognizer-v1.0.0,5m,2026-07-08,6,long,VWAP_BAND,VWAP-2.0-2026-07-08,29076.662736366892,FVG-5m-bull-20260708T0810,36542,36545,2026-07-08 07:55:00-04:00,2026-07-08 08:15:00-04:00,29146.0,29111.25,29162.5,level,34.75,0.748,0.475,20,120,VWAP_BAND(08)|long|5m->DISP->FVG_bull->FILL,ORIGIN_VWAP_BAND|long|5m->DISPLACEMENT->FVG_RETEST,VWAP_BAND|long,65.939,1.0,0.7915,0.626,1.0,0.9267,0.1583,0.645,ORIGIN:VWAP-2.0-2026-07-08 ; TRIGGER_FVG:FVG-5m-bull-20260708T0810,WIN,2026-07-08 08:15:00-04:00,2026-07-08 08:29:00-04:00,0.4748201438848921,True,0.978,0.612,14.0,,True,long,2026-07-08,VWAP_BAND,off_anchor,1.323,0.37,5m,0.748,below,-1.618,0.33,,0.475,0.355,high,0.748,0.7827,0.2886,0,0,0,,,80,0.9,0.3612,138,0.8696,0.2144,773,0.0,0.8,0.775,0.89,0.3352,0.0,80.0,0.0686,FAVORABLE
origin=FVG_FAILURE | anchor=off_anchor | vwap_below,3,OC-5m-20260708T0805-L-FVG,cg-recognizer-v1.0.0,5m,2026-07-08,6,long,FVG_FAILURE,FVG-5m-bear-20260708T0430,29119.75,FVG-5m-bull-20260708T0810,36544,36545,2026-07-08 08:05:00-04:00,2026-07-08 08:15:00-04:00,29146.0,29111.25,29162.5,level,34.75,0.748,0.475,20,120,FVG_FAILURE(20260708T0430)|long|5m->DISP->FVG_bull->FILL,ORIGIN_FVG_FAILURE|long|5m->DISPLACEMENT->FVG_RETEST,FVG_FAILURE|long,65.939,1.0,0.7915,0.626,1.0,0.9267,0.1583,0.645,ORIGIN:FVG-5m-bear-20260708T0430 ; TRIGGER_FVG:FVG-5m-bull-20260708T0810,WIN,2026-07-08 08:15:00-04:00,2026-07-08 08:29:00-04:00,0.4748201438848921,True,0.978,0.612,14.0,,True,long,2026-07-08,FVG_FAILURE,off_anchor,1.323,0.37,5m,0.748,below,-1.618,0.33,,0.475,0.355,high,0.748,0.7827,0.2886,0,0,0,,,195,0.7333,0.3112,259,0.7568,0.3062,773,0.0,0.907,0.866,0.7358,0.3105,0.0,195.0,0.0619,FAVORABLE
origin=VWAP_BAND | anchor=off_anchor | vwap_below,3,OC-5m-20260708T0805-L-VWA,cg-recognizer-v1.0.0,5m,2026-07-08,6,long,VWAP_BAND,VWAP-1.618-2026-07-08,29131.39299395253,FVG-5m-bull-20260708T0810,36544,36545,2026-07-08 08:05:00-04:00,2026-07-08 08:15:00-04:00,29146.0,29111.25,29162.5,level,34.75,0.748,0.475,20,120,VWAP_BAND(08)|long|5m->DISP->FVG_bull->FILL,ORIGIN_VWAP_BAND|long|5m->DISPLACEMENT->FVG_RETEST,VWAP_BAND|long,65.939,1.0,0.7915,0.626,1.0,0.9267,0.1583,0.645,ORIGIN:VWAP-1.618-2026-07-08 ; TRIGGER_FVG:FVG-5m-bull-20260708T0810,WIN,2026-07-08 08:15:00-04:00,2026-07-08 08:29:00-04:00,0.4748201438848921,True,0.978,0.612,14.0,,True,long,2026-07-08,VWAP_BAND,off_anchor,1.323,0.37,5m,0.748,below,-1.618,0.33,,0.475,0.355,high,0.748,0.7827,0.2886,0,0,0,,,80,0.9,0.3612,138,0.8696,0.2144,773,0.0,0.8,0.775,0.89,0.3352,0.0,80.0,0.0686,FAVORABLE
origin=FVG_FAILURE | anchor=0930 | vwap_below,3,OC-15m-20260708T0930-L-FVG,cg-recognizer-v1.0.0,15m,2026-07-08,6,long,FVG_FAILURE,FVG-15m-bear-20260708T0430,29341.25,FVG-15m-bull-20260708T0945,12187,12188,2026-07-08 09:30:00-04:00,2026-07-08 10:00:00-04:00,29287.75,29230.0,29288.5,level,57.75,0.709,0.013,20,120,FVG_FAILURE(20260708T0430)|long|15m->DISP->FVG_bull->FILL,ORIGIN_FVG_FAILURE|long|15m->DISPLACEMENT->FVG_RETEST,FVG_FAILURE|long,64.431,1.0,0.8093,0.7094,1.0,0.9445,0.0043,0.9908,ORIGIN:FVG-15m-bear-20260708T0430 ; TRIGGER_FVG:FVG-15m-bull-20260708T0945,WIN,2026-07-08 10:10:00-04:00,2026-07-08 10:10:00-04:00,0.012987012987012988,True,0.827,0.078,0.0,,True,long,2026-07-08,FVG_FAILURE,0930,1.908,0.419,15m,0.709,below,-1.0,0.077,,0.013,0.009,normal,0.709,0.7827,0.2886,0,0,0,,,64,0.8281,0.2909,259,0.7568,0.3062,773,0.0,0.762,0.866,0.812,0.294,0.0,64.0,0.0957,FAVORABLE
origin=VWAP_BAND | anchor=0930 | vwap_below,3,OC-15m-20260708T0930-L-VWA,cg-recognizer-v1.0.0,15m,2026-07-08,6,long,VWAP_BAND,VWAP-1.618-2026-07-08,29243.918146591634,FVG-15m-bull-20260708T0945,12187,12188,2026-07-08 09:30:00-04:00,2026-07-08 10:00:00-04:00,29287.75,29230.0,29288.5,level,57.75,0.709,0.013,20,120,VWAP_BAND(08)|long|15m->DISP->FVG_bull->FILL,ORIGIN_VWAP_BAND|long|15m->DISPLACEMENT->FVG_RETEST,VWAP_BAND|long,64.431,1.0,0.8093,0.7094,1.0,0.9445,0.0043,0.9908,ORIGIN:VWAP-1.618-2026-07-08 ; TRIGGER_FVG:FVG-15m-bull-20260708T0945,WIN,2026-07-08 10:10:00-04:00,2026-07-08 10:10:00-04:00,0.012987012987012988,True,0.827,0.078,0.0,,True,long,2026-07-08,VWAP_BAND,0930,1.908,0.419,15m,0.709,below,-1.0,0.077,,0.013,0.009,normal,0.709,0.7827,0.2886,0,0,0,,,58,0.8276,0.0119,138,0.8696,0.2144,773,0.0,0.744,0.775,0.8333,0.0681,0.0,58.0,0.0959,NEUTRAL
origin=VWAP_BAND | anchor=0930 | vwap_below,3,OC-15m-20260708T0930-L-VWA,cg-recognizer-v1.0.0,15m,2026-07-08,6,long,VWAP_BAND,VWAP-2.0-2026-07-08,29229.5287673345,FVG-15m-bull-20260708T0945,12187,12188,2026-07-08 09:30:00-04:00,2026-07-08 10:00:00-04:00,29287.75,29230.0,29288.5,level,57.75,0.709,0.013,20,120,VWAP_BAND(08)|long|15m->DISP->FVG_bull->FILL,ORIGIN_VWAP_BAND|long|15m->DISPLACEMENT->FVG_RETEST,VWAP_BAND|long,64.431,1.0,0.8093,0.7094,1.0,0.9445,0.0043,0.9908,ORIGIN:VWAP-2.0-2026-07-08 ; TRIGGER_FVG:FVG-15m-bull-20260708T0945,WIN,2026-07-08 10:10:00-04:00,2026-07-08 10:10:00-04:00,0.012987012987012988,True,0.827,0.078,0.0,,True,long,2026-07-08,VWAP_BAND,0930,1.908,0.419,15m,0.709,below,-1.0,0.077,,0.013,0.009,normal,0.709,0.7827,0.2886,0,0,0,,,58,0.8276,0.0119,138,0.8696,0.2144,773,0.0,0.744,0.775,0.8333,0.0681,0.0,58.0,0.0959,NEUTRAL
origin=VWAP_BAND | anchor=0930 | vwap_below,3,OC-15m-20260708T0930-L-VWA,cg-recognizer-v1.0.0,15m,2026-07-08,6,long,VWAP_BAND,VWAP-2.618-2026-07-08,29206.249614504897,FVG-15m-bull-20260708T0945,12187,12188,2026-07-08 09:30:00-04:00,2026-07-08 10:00:00-04:00,29287.75,29230.0,29288.5,level,57.75,0.709,0.013,20,120,VWAP_BAND(08)|long|15m->DISP->FVG_bull->FILL,ORIGIN_VWAP_BAND|long|15m->DISPLACEMENT->FVG_RETEST,VWAP_BAND|long,64.431,1.0,0.8093,0.7094,1.0,0.9445,0.0043,0.9908,ORIGIN:VWAP-2.618-2026-07-08 ; TRIGGER_FVG:FVG-15m-bull-20260708T0945,WIN,2026-07-08 10:10:00-04:00,2026-07-08 10:10:00-04:00,0.012987012987012988,True,0.827,0.078,0.0,,True,long,2026-07-08,VWAP_BAND,0930,1.908,0.419,15m,0.709,below,-1.0,0.077,,0.013,0.009,normal,0.709,0.7827,0.2886,0,0,0,,,58,0.8276,0.0119,138,0.8696,0.2144,773,0.0,0.744,0.775,0.8333,0.0681,0.0,58.0,0.0959,NEUTRAL
origin=FVG_FAILURE | anchor=0930 | vwap_below,3,OC-5m-20260708T0930-L-FVG,cg-recognizer-v1.0.0,5m,2026-07-08,6,long,FVG_FAILURE,FVG-5m-bear-20260708T0425,29252.5,FVG-5m-bull-20260708T0935,36561,36562,2026-07-08 09:30:00-04:00,2026-07-08 09:40:00-04:00,29254.5,29230.0,29260.75,level,24.5,0.471,0.255,20,120,FVG_FAILURE(20260708T0425)|long|5m->DISP->FVG_bull->FILL,ORIGIN_FVG_FAILURE|long|5m->DISPLACEMENT->FVG_RETEST,FVG_FAILURE|long,68.816,1.0,0.9453,0.7426,1.0,0.9195,0.085,0.8798,ORIGIN:FVG-5m-bear-20260708T0425 ; TRIGGER_FVG:FVG-5m-bull-20260708T0935,WIN,2026-07-08 10:12:00-04:00,2026-07-08 10:12:00-04:00,0.25510204081632654,True,0.959,0.357,0.0,,True,long,2026-07-08,FVG_FAILURE,0930,2.669,0.485,5m,0.471,below,-1.0,0.124,,0.255,0.12,normal,0.471,0.7827,0.2886,0,0,0,,,195,0.7333,0.3112,259,0.7568,0.3062,773,0.0,0.907,0.866,0.7358,0.3105,0.0,195.0,0.0619,FAVORABLE
origin=VWAP_BAND | anchor=0930 | vwap_below,3,OC-5m-20260708T0930-L-VWA,cg-recognizer-v1.0.0,5m,2026-07-08,6,long,VWAP_BAND,VWAP-2.0-2026-07-08,29222.757419623533,FVG-5m-bull-20260708T0935,36561,36562,2026-07-08 09:30:00-04:00,2026-07-08 09:40:00-04:00,29254.5,29230.0,29260.75,level,24.5,0.471,0.255,20,120,VWAP_BAND(08)|long|5m->DISP->FVG_bull->FILL,ORIGIN_VWAP_BAND|long|5m->DISPLACEMENT->FVG_RETEST,VWAP_BAND|long,68.816,1.0,0.9453,0.7426,1.0,0.9195,0.085,0.8798,ORIGIN:VWAP-2.0-2026-07-08 ; TRIGGER_FVG:FVG-5m-bull-20260708T0935,WIN,2026-07-08 10:12:00-04:00,2026-07-08 10:12:00-04:00,0.25510204081632654,True,0.959,0.357,0.0,,True,long,2026-07-08,VWAP_BAND,0930,2.669,0.485,5m,0.471,below,-1.0,0.124,,0.255,0.12,normal,0.471,0.7827,0.2886,0,0,0,,,80,0.9,0.3612,138,0.8696,0.2144,773,0.0,0.8,0.775,0.89,0.3352,0.0,80.0,0.0686,FAVORABLE
origin=VWAP_BAND | anchor=0930 | vwap_below,3,OC-5m-20260708T0930-L-VWA,cg-recognizer-v1.0.0,5m,2026-07-08,6,long,VWAP_BAND,VWAP-2.618-2026-07-08,29205.951933166292,FVG-5m-bull-20260708T0935,36561,36562,2026-07-08 09:30:00-04:00,2026-07-08 09:40:00-04:00,29254.5,29230.0,29260.75,level,24.5,0.471,0.255,20,120,VWAP_BAND(08)|long|5m->DISP->FVG_bull->FILL,ORIGIN_VWAP_BAND|long|5m->DISPLACEMENT->FVG_RETEST,VWAP_BAND|long,68.816,1.0,0.9453,0.7426,1.0,0.9195,0.085,0.8798,ORIGIN:VWAP-2.618-2026-07-08 ; TRIGGER_FVG:FVG-5m-bull-20260708T0935,WIN,2026-07-08 10:12:00-04:00,2026-07-08 10:12:00-04:00,0.25510204081632654,True,0.959,0.357,0.0,,True,long,2026-07-08,VWAP_BAND,0930,2.669,0.485,5m,0.471,below,-1.0,0.124,,0.255,0.12,normal,0.471,0.7827,0.2886,0,0,0,,,80,0.9,0.3612,138,0.8696,0.2144,773,0.0,0.8,0.775,0.89,0.3352,0.0,80.0,0.0686,FAVORABLE
origin=VWAP_BAND | anchor=rth | vwap_below,3,OC-5m-20260708T1115-L-VWA,cg-recognizer-v1.0.0,5m,2026-07-08,6,long,VWAP_BAND,VWAP-2.618-2026-07-08,29116.183514149598,FVG-5m-bull-20260708T1135,36582,36586,2026-07-08 11:15:00-04:00,2026-07-08 11:40:00-04:00,29084.0,29074.5,29110.75,level,9.5,0.122,2.816,20,120,VWAP_BAND(08)|long|5m->DISP->FVG_bull->FILL,ORIGIN_VWAP_BAND|long|5m->DISPLACEMENT->FVG_RETEST,VWAP_BAND|long,62.561,1.0,0.6045,0.3201,1.0,0.4693,0.9386,0.6562,ORIGIN:VWAP-2.618-2026-07-08 ; TRIGGER_FVG:FVG-5m-bull-20260708T1135,WIN,2026-07-08 11:45:00-04:00,2026-07-08 11:45:00-04:00,2.8157894736842106,True,3.211,0.395,0.0,,True,long,2026-07-08,VWAP_BAND,rth,0.585,0.25,5m,0.122,below,-2.0,0.044,,2.816,0.344,normal,0.122,0.7827,0.2886,0,0,0,,,80,0.9,0.3612,138,0.8696,0.2144,773,0.0,0.8,0.775,0.89,0.3352,0.0,80.0,0.0686,FAVORABLE
origin=FVG_FAILURE | anchor=rth | vwap_below,3,OC-5m-20260708T1120-S-FVG,cg-recognizer-v1.0.0,5m,2026-07-08,6,short,FVG_FAILURE,FVG-5m-bull-20260708T0810,29146.0,FVG-5m-bear-20260708T1125,36583,36584,2026-07-08 11:20:00-04:00,2026-07-08 11:30:00-04:00,29074.5,29093.0,29069.5,level,18.5,0.223,0.27,20,120,FVG_FAILURE(20260708T0810)|short|5m->DISP->FVG_bear->FILL,ORIGIN_FVG_FAILURE|short|5m->DISPLACEMENT->FVG_RETEST,FVG_FAILURE|short,58.437,1.0,0.8051,0.5204,1.0,0.6699,0.0901,0.9398,ORIGIN:FVG-5m-bull-20260708T0810 ; TRIGGER_FVG:FVG-5m-bear-20260708T1125,WIN,2026-07-08 11:30:00-04:00,2026-07-08 11:30:00-04:00,0.2702702702702703,True,2.189,0.027,0.0,,True,short,2026-07-08,FVG_FAILURE,rth,0.97,0.394,5m,0.223,below,-2.618,0.201,,0.27,0.06,normal,0.223,0.7827,0.2886,0,0,0,,,196,0.7398,0.2196,258,0.7481,0.2328,773,0.0,0.907,0.866,0.741,0.2215,0.0,196.0,0.0613,FAVORABLE
origin=VWAP_BAND | anchor=rth | vwap_below,3,OC-15m-20260708T1130-L-VWA,cg-recognizer-v1.0.0,15m,2026-07-08,6,long,VWAP_BAND,VWAP-2.0-2026-07-08,29075.503035207068,FVG-15m-bull-20260708T1215,12195,12198,2026-07-08 11:30:00-04:00,2026-07-08 12:30:00-04:00,29194.5,29131.0,29227.25,level,63.5,0.544,0.516,20,120,VWAP_BAND(08)|long|15m->DISP->FVG_bull->FILL,ORIGIN_VWAP_BAND|long|15m->DISPLACEMENT->FVG_RETEST,VWAP_BAND|long,70.182,1.0,0.8977,0.7226,1.0,0.9671,0.1719,0.7196,ORIGIN:VWAP-2.0-2026-07-08 ; TRIGGER_FVG:FVG-15m-bull-20260708T1215,EXPIRED,,,,False,,,,,True,long,2026-07-08,VWAP_BAND,rth,1.398,0.513,15m,0.544,below,-1.0,0.393,,0.516,0.28,high,0.544,0.7827,0.2886,0,0,0,,,58,0.8276,0.0119,138,0.8696,0.2144,773,0.0,0.744,0.775,0.8333,0.0681,0.0,58.0,0.0959,NEUTRAL
origin=FVG_FAILURE | anchor=rth | vwap_below,3,OC-5m-20260708T1130-L-FVG,cg-recognizer-v1.0.0,5m,2026-07-08,6,long,FVG_FAILURE,FVG-5m-bear-20260708T1125,29093.0,FVG-5m-bull-20260708T1135,36585,36586,2026-07-08 11:30:00-04:00,2026-07-08 11:40:00-04:00,29084.0,29074.5,29110.75,level,9.5,0.122,2.816,20,120,FVG_FAILURE(20260708T1125)|long|5m->DISP->FVG_bull->FILL,ORIGIN_FVG_FAILURE|long|5m->DISPLACEMENT->FVG_RETEST,FVG_FAILURE|long,62.561,1.0,0.6045,0.3201,1.0,0.4693,0.9386,0.6562,ORIGIN:FVG-5m-bear-20260708T1125 ; TRIGGER_FVG:FVG-5m-bull-20260708T1135,WIN,2026-07-08 11:45:00-04:00,2026-07-08 11:45:00-04:00,2.8157894736842106,True,3.211,0.395,0.0,,True,long,2026-07-08,FVG_FAILURE,rth,0.585,0.25,5m,0.122,below,-2.0,0.044,,2.816,0.344,normal,0.122,0.7827,0.2886,0,0,0,,,195,0.7333,0.3112,259,0.7568,0.3062,773,0.0,0.907,0.866,0.7358,0.3105,0.0,195.0,0.0619,FAVORABLE
origin=VWAP_BAND | anchor=rth | vwap_below,3,OC-5m-20260708T1140-L-VWA,cg-recognizer-v1.0.0,5m,2026-07-08,6,long,VWAP_BAND,VWAP-1.618-2026-07-08,29109.539283801165,FVG-5m-bull-20260708T1205,36587,36592,2026-07-08 11:40:00-04:00,2026-07-08 12:10:00-04:00,29125.75,29108.75,29126.5,level,17.0,0.28,0.044,20,120,VWAP_BAND(08)|long|5m->DISP->FVG_bull->FILL,ORIGIN_VWAP_BAND|long|5m->DISPLACEMENT->FVG_RETEST,VWAP_BAND|long,66.145,1.0,0.881,0.8076,1.0,0.7459,0.0147,0.9877,ORIGIN:VWAP-1.618-2026-07-08 ; TRIGGER_FVG:FVG-5m-bull-20260708T1205,EXPIRED,,,,False,,,,,True,long,2026-07-08,VWAP_BAND,rth,1.507,0.615,5m,0.28,below,-1.0,0.312,,0.044,0.012,low,0.28,0.7827,0.2886,0,0,0,,,80,0.9,0.3612,138,0.8696,0.2144,773,0.0,0.8,0.775,0.89,0.3352,0.0,80.0,0.0686,FAVORABLE
origin=VWAP_BAND | anchor=rth | vwap_below,3,OC-15m-20260708T1145-L-VWA,cg-recognizer-v1.0.0,15m,2026-07-08,6,long,VWAP_BAND,VWAP-1.618-2026-07-08,29090.980457528454,FVG-15m-bull-20260708T1215,12196,12198,2026-07-08 11:45:00-04:00,2026-07-08 12:30:00-04:00,29194.5,29131.0,29227.25,level,63.5,0.544,0.516,20,120,VWAP_BAND(08)|long|15m->DISP->FVG_bull->FILL,ORIGIN_VWAP_BAND|long|15m->DISPLACEMENT->FVG_RETEST,VWAP_BAND|long,70.182,1.0,0.8977,0.7226,1.0,0.9671,0.1719,0.7196,ORIGIN:VWAP-1.618-2026-07-08 ; TRIGGER_FVG:FVG-15m-bull-20260708T1215,EXPIRED,,,,False,,,,,True,long,2026-07-08,VWAP_BAND,rth,1.398,0.513,15m,0.544,below,-1.0,0.393,,0.516,0.28,high,0.544,0.7827,0.2886,0,0,0,,,58,0.8276,0.0119,138,0.8696,0.2144,773,0.0,0.744,0.775,0.8333,0.0681,0.0,58.0,0.0959,NEUTRAL
origin=VWAP_BAND | anchor=rth | vwap_below,3,OC-5m-20260708T1150-L-VWA,cg-recognizer-v1.0.0,5m,2026-07-08,6,long,VWAP_BAND,VWAP-2.0-2026-07-08,29061.421129979546,FVG-5m-bull-20260708T1205,36589,36592,2026-07-08 11:50:00-04:00,2026-07-08 12:10:00-04:00,29125.75,29108.75,29126.5,level,17.0,0.28,0.044,20,120,VWAP_BAND(08)|long|5m->DISP->FVG_bull->FILL,ORIGIN_VWAP_BAND|long|5m->DISPLACEMENT->FVG_RETEST,VWAP_BAND|long,66.145,1.0,0.881,0.8076,1.0,0.7459,0.0147,0.9877,ORIGIN:VWAP-2.0-2026-07-08 ; TRIGGER_FVG:FVG-5m-bull-20260708T1205,EXPIRED,,,,False,,,,,True,long,2026-07-08,VWAP_BAND,rth,1.507,0.615,5m,0.28,below,-1.0,0.312,,0.044,0.012,low,0.28,0.7827,0.2886,0,0,0,,,80,0.9,0.3612,138,0.8696,0.2144,773,0.0,0.8,0.775,0.89,0.3352,0.0,80.0,0.0686,FAVORABLE
origin=VWAP_BAND | anchor=rth | vwap_below,3,OC-15m-20260708T1200-L-VWA,cg-recognizer-v1.0.0,15m,2026-07-08,6,long,VWAP_BAND,VWAP-1.0-2026-07-08,29144.670672580094,FVG-15m-bull-20260708T1215,12197,12198,2026-07-08 12:00:00-04:00,2026-07-08 12:30:00-04:00,29194.5,29131.0,29227.25,level,63.5,0.544,0.516,20,120,VWAP_BAND(08)|long|15m->DISP->FVG_bull->FILL,ORIGIN_VWAP_BAND|long|15m->DISPLACEMENT->FVG_RETEST,VWAP_BAND|long,70.182,1.0,0.8977,0.7226,1.0,0.9671,0.1719,0.7196,ORIGIN:VWAP-1.0-2026-07-08 ; TRIGGER_FVG:FVG-15m-bull-20260708T1215,EXPIRED,,,,False,,,,,True,long,2026-07-08,VWAP_BAND,rth,1.398,0.513,15m,0.544,below,-1.0,0.393,,0.516,0.28,high,0.544,0.7827,0.2886,0,0,0,,,58,0.8276,0.0119,138,0.8696,0.2144,773,0.0,0.744,0.775,0.8333,0.0681,0.0,58.0,0.0959,NEUTRAL
origin=FVG_FAILURE | anchor=rth | vwap_below,3,OC-5m-20260708T1200-L-FVG,cg-recognizer-v1.0.0,5m,2026-07-08,6,long,FVG_FAILURE,FVG-5m-bear-20260708T1150,29102.25,FVG-5m-bull-20260708T1205,36591,36592,2026-07-08 12:00:00-04:00,2026-07-08 12:10:00-04:00,29125.75,29108.75,29126.5,level,17.0,0.28,0.044,20,120,FVG_FAILURE(20260708T1150)|long|5m->DISP->FVG_bull->FILL,ORIGIN_FVG_FAILURE|long|5m->DISPLACEMENT->FVG_RETEST,FVG_FAILURE|long,66.145,1.0,0.881,0.8076,1.0,0.7459,0.0147,0.9877,ORIGIN:FVG-5m-bear-20260708T1150 ; TRIGGER_FVG:FVG-5m-bull-20260708T1205,EXPIRED,,,,False,,,,,True,long,2026-07-08,FVG_FAILURE,rth,1.507,0.615,5m,0.28,below,-1.0,0.312,,0.044,0.012,low,0.28,0.7827,0.2886,0,0,0,,,195,0.7333,0.3112,259,0.7568,0.3062,773,0.0,0.907,0.866,0.7358,0.3105,0.0,195.0,0.0619,FAVORABLE
origin=VWAP_BAND | anchor=rth | vwap_below,3,OC-5m-20260708T1205-L-VWA,cg-recognizer-v1.0.0,5m,2026-07-08,6,long,VWAP_BAND,VWAP-1.0-2026-07-08,29144.698844404247,FVG-5m-bull-20260708T1210,36592,36593,2026-07-08 12:05:00-04:00,2026-07-08 12:15:00-04:00,29168.75,29143.25,29169.0,level,25.5,0.444,0.01,20,120,VWAP_BAND(08)|long|5m->DISP->FVG_bull->FILL,ORIGIN_VWAP_BAND|long|5m->DISPLACEMENT->FVG_RETEST,VWAP_BAND|long,70.532,1.0,0.9654,0.8794,1.0,0.8994,0.0033,0.9956,ORIGIN:VWAP-1.0-2026-07-08 ; TRIGGER_FVG:FVG-5m-bull-20260708T1210,EXPIRED,,,,False,,,,,True,long,2026-07-08,VWAP_BAND,rth,2.04,0.759,5m,0.444,below,-1.0,0.419,,0.01,0.004,low,0.444,0.7827,0.2886,0,0,0,,,80,0.9,0.3612,138,0.8696,0.2144,773,0.0,0.8,0.775,0.89,0.3352,0.0,80.0,0.0686,FAVORABLE
origin=FVG_FAILURE | anchor=rth | vwap_below,3,OC-5m-20260708T1210-L-FVG,cg-recognizer-v1.0.0,5m,2026-07-08,6,long,FVG_FAILURE,FVG-5m-bear-20260708T1115,29178.75,FVG-5m-bull-20260708T1215,36593,36594,2026-07-08 12:10:00-04:00,2026-07-08 12:20:00-04:00,29194.5,29176.25,29227.25,level,18.25,0.314,1.795,20,120,FVG_FAILURE(20260708T1115)|long|5m->DISP->FVG_bull->FILL,ORIGIN_FVG_FAILURE|long|5m->DISPLACEMENT->FVG_RETEST,FVG_FAILURE|long,79.346,1.0,0.919,0.8374,1.0,0.7838,0.5982,0.4371,ORIGIN:FVG-5m-bear-20260708T1115 ; TRIGGER_FVG:FVG-5m-bull-20260708T1215,EXPIRED,,,,False,,,,,True,long,2026-07-08,FVG_FAILURE,rth,1.766,0.675,5m,0.314,below,-1.0,0.848,,1.795,0.563,low,0.314,0.7827,0.2886,0,0,0,,,195,0.7333,0.3112,259,0.7568,0.3062,773,0.0,0.907,0.866,0.7358,0.3105,0.0,195.0,0.0619,FAVORABLE
origin=FVG_FAILURE | anchor=rth | vwap_above,3,OC-5m-20260708T1255-L-FVG,cg-recognizer-v1.0.0,5m,2026-07-08,6,long,FVG_FAILURE,FVG-5m-bear-20260708T0420,29368.0,FVG-5m-bull-20260708T1320,36602,36607,2026-07-08 12:55:00-04:00,2026-07-08 13:25:00-04:00,29368.25,29365.0,29386.75,level,3.25,0.067,5.692,20,120,FVG_FAILURE(20260708T0420)|long|5m->DISP->FVG_bull->FILL,ORIGIN_FVG_FAILURE|long|5m->DISPLACEMENT->FVG_RETEST,FVG_FAILURE|long,66.063,1.0,0.4024,0.6184,1.0,0.2672,1.0,0.6209,ORIGIN:FVG-5m-bear-20260708T0420 ; TRIGGER_FVG:FVG-5m-bull-20260708T1320,AMBIGUOUS,2026-07-08 13:45:00-04:00,2026-07-08 13:45:00-04:00,,False,6.308,4.231,,,True,long,2026-07-08,FVG_FAILURE,rth,1.188,0.444,5m,0.067,above,+1.0,0.398,,5.692,0.379,normal,0.067,0.7827,0.2886,0,0,0,,,195,0.7333,0.3112,259,0.7568,0.3062,773,0.0,0.907,0.866,0.7358,0.3105,0.0,195.0,0.0619,FAVORABLE
origin=FVG_FAILURE | anchor=rth | vwap_above,3,OC-5m-20260708T1325-L-FVG,cg-recognizer-v1.0.0,5m,2026-07-08,6,long,FVG_FAILURE,FVG-5m-bear-20260708T0035,29438.75,FVG-5m-bull-20260708T1330,36608,36609,2026-07-08 13:25:00-04:00,2026-07-08 13:35:00-04:00,29433.5,29421.25,29438.75,level,12.25,0.257,0.429,20,120,FVG_FAILURE(20260708T0035)|long|5m->DISP->FVG_bull->FILL,ORIGIN_FVG_FAILURE|long|5m->DISPLACEMENT->FVG_RETEST,FVG_FAILURE|long,64.84,1.0,0.8531,0.6868,1.0,0.7179,0.1429,0.8897,ORIGIN:FVG-5m-bear-20260708T0035 ; TRIGGER_FVG:FVG-5m-bull-20260708T1330,WIN,2026-07-08 13:35:00-04:00,2026-07-08 13:35:00-04:00,0.42857142857142855,True,1.041,0.51,0.0,,True,long,2026-07-08,FVG_FAILURE,rth,1.245,0.544,5m,0.257,above,+1.618,0.37,,0.429,0.11,normal,0.257,0.7827,0.2886,0,0,0,,,195,0.7333,0.3112,259,0.7568,0.3062,773,0.0,0.907,0.866,0.7358,0.3105,0.0,195.0,0.0619,FAVORABLE
origin=VWAP_BAND | anchor=rth | vwap_above,3,OC-5m-20260708T1330-S-VWA,cg-recognizer-v1.0.0,5m,2026-07-08,6,short,VWAP_BAND,VWAP+2.0-2026-07-08,29452.46684200319,FVG-5m-bear-20260708T1340,36609,36611,2026-07-08 13:30:00-04:00,2026-07-08 13:45:00-04:00,29427.25,29433.5,29421.31296914504,vwap_band,6.25,0.143,0.95,20,120,VWAP_BAND(08)|short|5m->DISP->FVG_bear->FILL,ORIGIN_VWAP_BAND|short|5m->DISPLACEMENT->FVG_RETEST,VWAP_BAND|short,62.478,1.0,0.6575,0.6785,1.0,0.5223,0.3166,0.864,ORIGIN:VWAP+2.0-2026-07-08 ; TRIGGER_FVG:FVG-5m-bear-20260708T1340,WIN,2026-07-08 14:14:00-04:00,2026-07-08 14:14:00-04:00,0.9499249367933953,True,3.84,0.32,0.0,,True,short,2026-07-08,VWAP_BAND,rth,1.214,0.548,5m,0.143,above,+1.618,0.136,,0.95,0.136,normal,0.143,0.7827,0.2886,0,0,0,,,46,0.8478,0.5031,71,0.8028,0.3818,773,0.0,0.697,0.64,0.832,0.4562,0.0,46.0,0.108,FAVORABLE
origin=FVG_FAILURE | anchor=rth | vwap_above,3,OC-5m-20260708T1340-S-FVG,cg-recognizer-v1.0.0,5m,2026-07-08,6,short,FVG_FAILURE,FVG-5m-bull-20260708T1330,29433.5,FVG-5m-bear-20260708T1345,36611,36612,2026-07-08 13:40:00-04:00,2026-07-08 13:50:00-04:00,29388.75,29421.25,29375.0,level,32.5,0.766,0.423,20,120,FVG_FAILURE(20260708T1330)|short|5m->DISP->FVG_bear->FILL,ORIGIN_FVG_FAILURE|short|5m->DISPLACEMENT->FVG_RETEST,FVG_FAILURE|short,71.177,1.0,0.7833,0.8603,1.0,0.9184,0.141,0.6758,ORIGIN:FVG-5m-bull-20260708T1330 ; TRIGGER_FVG:FVG-5m-bear-20260708T1345,WIN,2026-07-08 13:52:00-04:00,2026-07-08 13:52:00-04:00,0.4230769230769231,True,0.554,0.038,0.0,,True,short,2026-07-08,FVG_FAILURE,rth,1.945,0.721,5m,0.766,above,+1.0,0.614,,0.423,0.324,low,0.766,0.7827,0.2886,0,0,0,,,196,0.7398,0.2196,258,0.7481,0.2328,773,0.0,0.907,0.866,0.741,0.2215,0.0,196.0,0.0613,FAVORABLE
origin=VWAP_BAND | anchor=rth | vwap_above,3,OC-5m-20260708T1340-S-VWA,cg-recognizer-v1.0.0,5m,2026-07-08,6,short,VWAP_BAND,VWAP+1.618-2026-07-08,29421.31296914504,FVG-5m-bear-20260708T1345,36611,36612,2026-07-08 13:40:00-04:00,2026-07-08 13:50:00-04:00,29388.75,29421.25,29375.0,level,32.5,0.766,0.423,20,120,VWAP_BAND(08)|short|5m->DISP->FVG_bear->FILL,ORIGIN_VWAP_BAND|short|5m->DISPLACEMENT->FVG_RETEST,VWAP_BAND|short,71.177,1.0,0.7833,0.8603,1.0,0.9184,0.141,0.6758,ORIGIN:VWAP+1.618-2026-07-08 ; TRIGGER_FVG:FVG-5m-bear-20260708T1345,WIN,2026-07-08 13:52:00-04:00,2026-07-08 13:52:00-04:00,0.4230769230769231,True,0.554,0.038,0.0,,True,short,2026-07-08,VWAP_BAND,rth,1.945,0.721,5m,0.766,above,+1.0,0.614,,0.423,0.324,low,0.766,0.7827,0.2886,0,0,0,,,46,0.8478,0.5031,71,0.8028,0.3818,773,0.0,0.697,0.64,0.832,0.4562,0.0,46.0,0.108,FAVORABLE
origin=VWAP_BAND | anchor=rth | vwap_above,3,OC-15m-20260708T1545-S-VWA,cg-recognizer-v1.0.0,15m,2026-07-08,6,short,VWAP_BAND,VWAP+1.618-2026-07-08,29469.275115756704,FVG-15m-bear-20260708T1630,12212,12215,2026-07-08 15:45:00-04:00,2026-07-08 16:45:00-04:00,29398.25,29403.75,29392.75,level,5.5,0.081,1.0,20,120,VWAP_BAND(08)|short|15m->DISP->FVG_bear->FILL,ORIGIN_VWAP_BAND|short|15m->DISPLACEMENT->FVG_RETEST,VWAP_BAND|short,55.304,1.0,0.466,0.5842,1.0,0.3308,0.3333,0.9194,ORIGIN:VWAP+1.618-2026-07-08 ; TRIGGER_FVG:FVG-15m-bear-20260708T1630,WIN,2026-07-08 16:51:00-04:00,2026-07-08 16:51:00-04:00,1.0,True,1.364,0.818,0.0,,True,short,2026-07-08,VWAP_BAND,rth,1.037,0.477,15m,0.081,above,+1.0,0.155,,1.0,0.081,low,0.081,0.7827,0.2886,0,0,0,,,25,0.72,0.1587,71,0.8028,0.3818,773,0.0,0.556,0.64,0.7536,0.2429,0.0,25.0,0.1689,FAVORABLE
origin=FVG_FAILURE | anchor=rth | vwap_above,3,OC-5m-20260708T1550-L-FVG,cg-recognizer-v1.0.0,5m,2026-07-08,6,long,FVG_FAILURE,FVG-5m-bear-20260708T1340,29433.5,FVG-5m-bull-20260708T1555,36637,36638,2026-07-08 15:50:00-04:00,2026-07-08 16:00:00-04:00,29450.5,29424.0,29455.75,level,26.5,0.732,0.198,20,120,FVG_FAILURE(20260708T1340)|long|5m->DISP->FVG_bull->FILL,ORIGIN_FVG_FAILURE|long|5m->DISPLACEMENT->FVG_RETEST,FVG_FAILURE|long,60.358,1.0,0.7987,0.493,1.0,0.9338,0.066,0.855,ORIGIN:FVG-5m-bear-20260708T1340 ; TRIGGER_FVG:FVG-5m-bull-20260708T1555,WIN,2026-07-08 16:00:00-04:00,2026-07-08 16:00:00-04:00,0.19811320754716982,True,0.679,0.321,0.0,,True,long,2026-07-08,FVG_FAILURE,rth,1.118,0.24,5m,0.732,above,+1.618,0.518,,0.198,0.145,normal,0.732,0.7827,0.2886,0,0,0,,,195,0.7333,0.3112,259,0.7568,0.3062,773,0.0,0.907,0.866,0.7358,0.3105,0.0,195.0,0.0619,FAVORABLE
origin=VWAP_BAND | anchor=off_anchor | vwap_above,3,OC-15m-20260708T1615-S-VWA,cg-recognizer-v1.0.0,15m,2026-07-08,6,short,VWAP_BAND,VWAP+1.0-2026-07-08,29408.358269586697,FVG-15m-bear-20260708T1630,12214,12215,2026-07-08 16:15:00-04:00,2026-07-08 16:45:00-04:00,29398.25,29403.75,29392.75,level,5.5,0.081,1.0,20,120,VWAP_BAND(08)|short|15m->DISP->FVG_bear->FILL,ORIGIN_VWAP_BAND|short|15m->DISPLACEMENT->FVG_RETEST,VWAP_BAND|short,55.304,1.0,0.466,0.5842,1.0,0.3308,0.3333,0.9194,ORIGIN:VWAP+1.0-2026-07-08 ; TRIGGER_FVG:FVG-15m-bear-20260708T1630,WIN,2026-07-08 16:51:00-04:00,2026-07-08 16:51:00-04:00,1.0,True,1.364,0.818,0.0,,True,short,2026-07-08,VWAP_BAND,off_anchor,1.037,0.477,15m,0.081,above,+1.0,0.155,,1.0,0.081,low,0.081,0.7827,0.2886,0,0,0,,,25,0.72,0.1587,71,0.8028,0.3818,773,0.0,0.556,0.64,0.7536,0.2429,0.0,25.0,0.1689,FAVORABLE
origin=FVG_FAILURE | anchor=off_anchor | vwap_above,3,OC-5m-20260708T1615-S-FVG,cg-recognizer-v1.0.0,5m,2026-07-08,6,short,FVG_FAILURE,FVG-5m-bull-20260708T1555,29450.5,FVG-5m-bear-20260708T1620,36642,36643,2026-07-08 16:15:00-04:00,2026-07-08 16:25:00-04:00,29401.75,29403.75,29392.75,level,2.0,0.053,4.5,20,120,FVG_FAILURE(20260708T1555)|short|5m->DISP->FVG_bear->FILL,ORIGIN_FVG_FAILURE|short|5m->DISPLACEMENT->FVG_RETEST,FVG_FAILURE|short,62.871,1.0,0.3266,0.5945,1.0,0.1915,1.0,0.7613,ORIGIN:FVG-5m-bull-20260708T1555 ; TRIGGER_FVG:FVG-5m-bear-20260708T1620,WIN,2026-07-08 16:51:00-04:00,2026-07-08 16:51:00-04:00,4.5,True,5.5,0.5,0.0,,True,short,2026-07-08,FVG_FAILURE,off_anchor,1.081,0.468,5m,0.053,above,+1.0,0.172,,4.5,0.239,normal,0.053,0.7827,0.2886,0,0,0,,,196,0.7398,0.2196,258,0.7481,0.2328,773,0.0,0.907,0.866,0.741,0.2215,0.0,196.0,0.0613,FAVORABLE
origin=VWAP_BAND | anchor=off_anchor | vwap_above,3,OC-5m-20260708T1615-S-VWA,cg-recognizer-v1.0.0,5m,2026-07-08,6,short,VWAP_BAND,VWAP+1.0-2026-07-08,29408.056029264328,FVG-5m-bear-20260708T1620,36642,36643,2026-07-08 16:15:00-04:00,2026-07-08 16:25:00-04:00,29401.75,29403.75,29392.75,level,2.0,0.053,4.5,20,120,VWAP_BAND(08)|short|5m->DISP->FVG_bear->FILL,ORIGIN_VWAP_BAND|short|5m->DISPLACEMENT->FVG_RETEST,VWAP_BAND|short,62.871,1.0,0.3266,0.5945,1.0,0.1915,1.0,0.7613,ORIGIN:VWAP+1.0-2026-07-08 ; TRIGGER_FVG:FVG-5m-bear-20260708T1620,WIN,2026-07-08 16:51:00-04:00,2026-07-08 16:51:00-04:00,4.5,True,5.5,0.5,0.0,,True,short,2026-07-08,VWAP_BAND,off_anchor,1.081,0.468,5m,0.053,above,+1.0,0.172,,4.5,0.239,normal,0.053,0.7827,0.2886,0,0,0,,,46,0.8478,0.5031,71,0.8028,0.3818,773,0.0,0.697,0.64,0.832,0.4562,0.0,46.0,0.108,FAVORABLE
origin=FVG_FAILURE | anchor=off_anchor | vwap_above,3,OC-5m-20260708T1915-S-FVG,cg-recognizer-v1.0.0,5m,2026-07-09,6,short,FVG_FAILURE,FVG-5m-bull-20260708T1910,29440.75,FVG-5m-bear-20260708T1920,36666,36667,2026-07-08 19:15:00-04:00,2026-07-08 19:25:00-04:00,29419.5,29440.75,29414.0,level,21.25,0.986,0.259,20,120,FVG_FAILURE(20260708T1910)|short|5m->DISP->FVG_bear->FILL,ORIGIN_FVG_FAILURE|short|5m->DISPLACEMENT->FVG_RETEST,FVG_FAILURE|short,64.796,1.0,0.6993,0.7357,1.0,0.8345,0.0863,0.7448,ORIGIN:FVG-5m-bull-20260708T1910 ; TRIGGER_FVG:FVG-5m-bear-20260708T1920,WIN,2026-07-08 19:28:00-04:00,2026-07-08 19:28:00-04:00,0.25882352941176473,True,0.671,0.024,0.0,,True,short,2026-07-09,FVG_FAILURE,off_anchor,1.624,0.471,5m,0.986,above,+1.0,0.379,,0.259,0.255,normal,0.986,0.7881,0.3096,0,0,0,,,206,0.7427,0.2474,272,0.7537,0.2612,826,0.0,0.912,0.872,0.7441,0.2492,0.0,206.0,0.0596,FAVORABLE
origin=FVG_FAILURE | anchor=off_anchor | vwap_above,3,OC-15m-20260708T1930-L-FVG,cg-recognizer-v1.0.0,15m,2026-07-09,6,long,FVG_FAILURE,FVG-15m-bear-20260708T0015,29465.0,FVG-15m-bull-20260708T1945,12223,12224,2026-07-08 19:30:00-04:00,2026-07-08 20:00:00-04:00,29468.25,29444.25,29480.0,level,24.0,0.46,0.49,20,120,FVG_FAILURE(20260708T0015)|long|15m->DISP->FVG_bull->FILL,ORIGIN_FVG_FAILURE|long|15m->DISPLACEMENT->FVG_RETEST,FVG_FAILURE|long,62.944,1.0,0.9533,0.4382,1.0,0.9115,0.1632,0.7747,ORIGIN:FVG-15m-bear-20260708T0015 ; TRIGGER_FVG:FVG-15m-bull-20260708T1945,WIN,2026-07-08 21:04:00-04:00,2026-07-08 21:05:00-04:00,0.4895833333333333,True,0.781,0.229,1.0,,True,long,2026-07-09,FVG_FAILURE,off_anchor,0.901,0.276,15m,0.46,above,+1.618,0.231,,0.49,0.225,low,0.46,0.7881,0.3096,0,0,0,,,70,0.8286,0.284,277,0.7653,0.3099,826,0.0,0.778,0.874,0.8152,0.2897,0.0,70.0,0.0909,FAVORABLE
origin=FVG_FAILURE | anchor=off_anchor | vwap_above,3,OC-5m-20260708T1940-L-FVG,cg-recognizer-v1.0.0,5m,2026-07-09,6,long,FVG_FAILURE,FVG-5m-bear-20260707T2355,29474.5,FVG-5m-bull-20260708T2005,36671,36676,2026-07-08 19:40:00-04:00,2026-07-08 20:10:00-04:00,29516.25,29503.25,29518.5,level,13.0,0.418,0.173,20,120,FVG_FAILURE(20260707T2355)|long|5m->DISP->FVG_bull->FILL,ORIGIN_FVG_FAILURE|long|5m->DISPLACEMENT->FVG_RETEST,FVG_FAILURE|long,69.005,1.0,0.9852,0.7681,1.0,0.8796,0.0577,0.9276,ORIGIN:FVG-5m-bear-20260707T2355 ; TRIGGER_FVG:FVG-5m-bull-20260708T2005,WIN,2026-07-08 20:40:00-04:00,2026-07-08 20:40:00-04:00,0.17307692307692307,True,1.558,0.288,0.0,,True,long,2026-07-09,FVG_FAILURE,off_anchor,1.841,0.536,5m,0.418,above,+2.0,0.292,,0.173,0.072,normal,0.418,0.7881,0.3096,0,0,0,,,207,0.744,0.3187,277,0.7653,0.3099,826,0.0,0.912,0.874,0.7461,0.3179,0.0,207.0,0.0593,FAVORABLE
origin=FVG_FAILURE | anchor=off_anchor | vwap_above,3,OC-5m-20260708T1940-L-FVG,cg-recognizer-v1.0.0,5m,2026-07-09,6,long,FVG_FAILURE,FVG-5m-bear-20260708T1605,29450.5,FVG-5m-bull-20260708T2005,36671,36676,2026-07-08 19:40:00-04:00,2026-07-08 20:10:00-04:00,29516.25,29503.25,29518.5,level,13.0,0.418,0.173,20,120,FVG_FAILURE(20260708T1605)|long|5m->DISP->FVG_bull->FILL,ORIGIN_FVG_FAILURE|long|5m->DISPLACEMENT->FVG_RETEST,FVG_FAILURE|long,69.005,1.0,0.9852,0.7681,1.0,0.8796,0.0577,0.9276,ORIGIN:FVG-5m-bear-20260708T1605 ; TRIGGER_FVG:FVG-5m-bull-20260708T2005,WIN,2026-07-08 20:40:00-04:00,2026-07-08 20:40:00-04:00,0.17307692307692307,True,1.558,0.288,0.0,,True,long,2026-07-09,FVG_FAILURE,off_anchor,1.841,0.536,5m,0.418,above,+2.0,0.292,,0.173,0.072,normal,0.418,0.7881,0.3096,0,0,0,,,207,0.744,0.3187,277,0.7653,0.3099,826,0.0,0.912,0.874,0.7461,0.3179,0.0,207.0,0.0593,FAVORABLE
origin=FVG_FAILURE | anchor=off_anchor | vwap_above,3,OC-15m-20260708T1945-L-FVG,cg-recognizer-v1.0.0,15m,2026-07-09,6,long,FVG_FAILURE,FVG-15m-bear-20260708T0000,29481.25,FVG-15m-bull-20260708T2000,12224,12225,2026-07-08 19:45:00-04:00,2026-07-08 20:15:00-04:00,29491.0,29487.0,29492.5,level,4.0,0.079,0.375,20,120,FVG_FAILURE(20260708T0000)|long|15m->DISP->FVG_bull->FILL,ORIGIN_FVG_FAILURE|long|15m->DISPLACEMENT->FVG_RETEST,FVG_FAILURE|long,58.781,1.0,0.4604,0.8639,1.0,0.3253,0.125,0.9703,ORIGIN:FVG-15m-bear-20260708T0000 ; TRIGGER_FVG:FVG-15m-bull-20260708T2000,AMBIGUOUS,2026-07-08 20:57:00-04:00,2026-07-08 20:57:00-04:00,,False,5.5,1.188,,,True,long,2026-07-09,FVG_FAILURE,off_anchor,2.809,0.728,15m,0.079,above,+1.618,0.11,,0.375,0.03,low,0.079,0.7881,0.3096,0,0,0,,,70,0.8286,0.284,277,0.7653,0.3099,826,0.0,0.778,0.874,0.8152,0.2897,0.0,70.0,0.0909,FAVORABLE
origin=FVG_FAILURE | anchor=off_anchor | vwap_above,3,OC-5m-20260708T2000-L-FVG,cg-recognizer-v1.0.0,5m,2026-07-09,6,long,FVG_FAILURE,FVG-5m-bear-20260707T2125,29519.75,FVG-5m-bull-20260708T2005,36675,36676,2026-07-08 20:00:00-04:00,2026-07-08 20:10:00-04:00,29516.25,29503.25,29518.5,level,13.0,0.418,0.173,20,120,FVG_FAILURE(20260707T2125)|long|5m->DISP->FVG_bull->FILL,ORIGIN_FVG_FAILURE|long|5m->DISPLACEMENT->FVG_RETEST,FVG_FAILURE|long,69.005,1.0,0.9852,0.7681,1.0,0.8796,0.0577,0.9276,ORIGIN:FVG-5m-bear-20260707T2125 ; TRIGGER_FVG:FVG-5m-bull-20260708T2005,WIN,2026-07-08 20:40:00-04:00,2026-07-08 20:40:00-04:00,0.17307692307692307,True,1.558,0.288,0.0,,True,long,2026-07-09,FVG_FAILURE,off_anchor,1.841,0.536,5m,0.418,above,+2.0,0.292,,0.173,0.072,normal,0.418,0.7881,0.3096,0,0,0,,,207,0.744,0.3187,277,0.7653,0.3099,826,0.0,0.912,0.874,0.7461,0.3179,0.0,207.0,0.0593,FAVORABLE
origin=FVG_FAILURE | anchor=off_anchor | vwap_above,3,OC-5m-20260708T2000-L-FVG,cg-recognizer-v1.0.0,5m,2026-07-09,6,long,FVG_FAILURE,FVG-5m-bear-20260707T2345,29497.75,FVG-5m-bull-20260708T2005,36675,36676,2026-07-08 20:00:00-04:00,2026-07-08 20:10:00-04:00,29516.25,29503.25,29518.5,level,13.0,0.418,0.173,20,120,FVG_FAILURE(20260707T2345)|long|5m->DISP->FVG_bull->FILL,ORIGIN_FVG_FAILURE|long|5m->DISPLACEMENT->FVG_RETEST,FVG_FAILURE|long,69.005,1.0,0.9852,0.7681,1.0,0.8796,0.0577,0.9276,ORIGIN:FVG-5m-bear-20260707T2345 ; TRIGGER_FVG:FVG-5m-bull-20260708T2005,WIN,2026-07-08 20:40:00-04:00,2026-07-08 20:40:00-04:00,0.17307692307692307,True,1.558,0.288,0.0,,True,long,2026-07-09,FVG_FAILURE,off_anchor,1.841,0.536,5m,0.418,above,+2.0,0.292,,0.173,0.072,normal,0.418,0.7881,0.3096,0,0,0,,,207,0.744,0.3187,277,0.7653,0.3099,826,0.0,0.912,0.874,0.7461,0.3179,0.0,207.0,0.0593,FAVORABLE
origin=FVG_FAILURE | anchor=off_anchor | vwap_above,3,OC-15m-20260708T2145-S-FVG,cg-recognizer-v1.0.0,15m,2026-07-09,6,short,FVG_FAILURE,FVG-15m-bull-20260708T2000,29491.0,FVG-15m-bear-20260708T2245,12232,12236,2026-07-08 21:45:00-04:00,2026-07-08 23:00:00-04:00,29467.75,29517.25,29460.0,level,49.5,0.731,0.157,20,120,FVG_FAILURE(20260708T2000)|short|15m->DISP->FVG_bear->FILL,ORIGIN_FVG_FAILURE|short|15m->DISPLACEMENT->FVG_RETEST,FVG_FAILURE|short,65.704,1.0,0.7991,0.7208,1.0,0.9343,0.0522,0.8856,ORIGIN:FVG-15m-bull-20260708T2000 ; TRIGGER_FVG:FVG-15m-bear-20260708T2245,WIN,2026-07-08 23:26:00-04:00,2026-07-08 23:26:00-04:00,0.15656565656565657,True,0.278,0.035,0.0,,True,short,2026-07-09,FVG_FAILURE,off_anchor,1.421,0.494,15m,0.731,above,+1.0,0.441,,0.157,0.114,high,0.731,0.7881,0.3096,0,0,0,,,66,0.7879,0.3042,272,0.7537,0.2612,826,0.0,0.767,0.872,0.781,0.2956,0.0,66.0,0.0998,FAVORABLE
origin=FVG_FAILURE | anchor=off_anchor | vwap_above,3,OC-15m-20260708T2145-S-FVG,cg-recognizer-v1.0.0,15m,2026-07-09,6,short,FVG_FAILURE,FVG-15m-bull-20260708T2015,29518.25,FVG-15m-bear-20260708T2245,12232,12236,2026-07-08 21:45:00-04:00,2026-07-08 23:00:00-04:00,29467.75,29517.25,29460.0,level,49.5,0.731,0.157,20,120,FVG_FAILURE(20260708T2015)|short|15m->DISP->FVG_bear->FILL,ORIGIN_FVG_FAILURE|short|15m->DISPLACEMENT->FVG_RETEST,FVG_FAILURE|short,65.704,1.0,0.7991,0.7208,1.0,0.9343,0.0522,0.8856,ORIGIN:FVG-15m-bull-20260708T2015 ; TRIGGER_FVG:FVG-15m-bear-20260708T2245,WIN,2026-07-08 23:26:00-04:00,2026-07-08 23:26:00-04:00,0.15656565656565657,True,0.278,0.035,0.0,,True,short,2026-07-09,FVG_FAILURE,off_anchor,1.421,0.494,15m,0.731,above,+1.0,0.441,,0.157,0.114,high,0.731,0.7881,0.3096,0,0,0,,,66,0.7879,0.3042,272,0.7537,0.2612,826,0.0,0.767,0.872,0.781,0.2956,0.0,66.0,0.0998,FAVORABLE
origin=FVG_FAILURE | anchor=off_anchor | vwap_above,3,OC-5m-20260708T2205-L-FVG,cg-recognizer-v1.0.0,5m,2026-07-09,6,long,FVG_FAILURE,FVG-5m-bear-20260708T2200,29475.5,FVG-5m-bull-20260708T2210,36700,36701,2026-07-08 22:05:00-04:00,2026-07-08 22:15:00-04:00,29501.75,29466.0,29504.542202695284,vwap_band,35.75,0.907,0.078,20,120,FVG_FAILURE(20260708T2200)|long|5m->DISP->FVG_bull->FILL,ORIGIN_FVG_FAILURE|long|5m->DISPLACEMENT->FVG_RETEST,FVG_FAILURE|long,65.477,1.0,0.7272,0.808,1.0,0.8624,0.026,0.9292,ORIGIN:FVG-5m-bear-20260708T2200 ; TRIGGER_FVG:FVG-5m-bull-20260708T2210,WIN,2026-07-08 22:35:00-04:00,2026-07-08 22:35:00-04:00,0.0781035718960497,True,0.266,0.51,0.0,,True,long,2026-07-09,FVG_FAILURE,off_anchor,1.953,0.616,5m,0.907,above,+1.618,0.071,,0.078,0.071,normal,0.907,0.7881,0.3096,0,0,0,,,207,0.744,0.3187,277,0.7653,0.3099,826,0.0,0.912,0.874,0.7461,0.3179,0.0,207.0,0.0593,FAVORABLE
origin=VWAP_BAND | anchor=off_anchor | vwap_above,3,OC-15m-20260708T2215-S-VWA,cg-recognizer-v1.0.0,15m,2026-07-09,6,short,VWAP_BAND,VWAP+2.0-2026-07-09,29552.29840013012,FVG-15m-bear-20260708T2245,12234,12236,2026-07-08 22:15:00-04:00,2026-07-08 23:00:00-04:00,29467.75,29517.25,29460.0,level,49.5,0.731,0.157,20,120,VWAP_BAND(09)|short|15m->DISP->FVG_bear->FILL,ORIGIN_VWAP_BAND|short|15m->DISPLACEMENT->FVG_RETEST,VWAP_BAND|short,65.704,1.0,0.7991,0.7208,1.0,0.9343,0.0522,0.8856,ORIGIN:VWAP+2.0-2026-07-09 ; TRIGGER_FVG:FVG-15m-bear-20260708T2245,WIN,2026-07-08 23:26:00-04:00,2026-07-08 23:26:00-04:00,0.15656565656565657,True,0.278,0.035,0.0,,True,short,2026-07-09,VWAP_BAND,off_anchor,1.421,0.494,15m,0.731,above,+1.0,0.441,,0.157,0.114,high,0.731,0.7881,0.3096,0,0,0,,,27,0.7407,0.221,76,0.8158,0.4603,826,0.0,0.574,0.655,0.7686,0.3007,0.0,27.0,0.1591,FAVORABLE
origin=VWAP_BAND | anchor=off_anchor | vwap_above,3,OC-15m-20260708T2230-S-VWA,cg-recognizer-v1.0.0,15m,2026-07-09,6,short,VWAP_BAND,VWAP+1.618-2026-07-09,29509.310296314754,FVG-15m-bear-20260708T2245,12235,12236,2026-07-08 22:30:00-04:00,2026-07-08 23:00:00-04:00,29467.75,29517.25,29460.0,level,49.5,0.731,0.157,20,120,VWAP_BAND(09)|short|15m->DISP->FVG_bear->FILL,ORIGIN_VWAP_BAND|short|15m->DISPLACEMENT->FVG_RETEST,VWAP_BAND|short,65.704,1.0,0.7991,0.7208,1.0,0.9343,0.0522,0.8856,ORIGIN:VWAP+1.618-2026-07-09 ; TRIGGER_FVG:FVG-15m-bear-20260708T2245,WIN,2026-07-08 23:26:00-04:00,2026-07-08 23:26:00-04:00,0.15656565656565657,True,0.278,0.035,0.0,,True,short,2026-07-09,VWAP_BAND,off_anchor,1.421,0.494,15m,0.731,above,+1.0,0.441,,0.157,0.114,high,0.731,0.7881,0.3096,0,0,0,,,27,0.7407,0.221,76,0.8158,0.4603,826,0.0,0.574,0.655,0.7686,0.3007,0.0,27.0,0.1591,FAVORABLE
origin=FVG_FAILURE | anchor=off_anchor | vwap_above,3,OC-5m-20260708T2230-S-FVG,cg-recognizer-v1.0.0,5m,2026-07-09,6,short,FVG_FAILURE,FVG-5m-bull-20260708T2215,29517.25,FVG-5m-bear-20260708T2235,36705,36706,2026-07-08 22:30:00-04:00,2026-07-08 22:40:00-04:00,29515.5,29520.5,29508.90506925031,vwap_band,5.0,0.141,1.319,20,120,FVG_FAILURE(20260708T2215)|short|5m->DISP->FVG_bear->FILL,ORIGIN_FVG_FAILURE|short|5m->DISPLACEMENT->FVG_RETEST,FVG_FAILURE|short,58.38,1.0,0.6522,0.4361,1.0,0.5171,0.4397,0.8141,ORIGIN:FVG-5m-bull-20260708T2215 ; TRIGGER_FVG:FVG-5m-bear-20260708T2235,WIN,2026-07-08 23:46:00-04:00,2026-07-08 23:46:00-04:00,1.3189861499377002,True,1.6,0.25,0.0,,True,short,2026-07-09,FVG_FAILURE,off_anchor,0.845,0.308,5m,0.141,above,+1.618,0.186,,1.319,0.186,normal,0.141,0.7881,0.3096,0,0,0,,,206,0.7427,0.2474,272,0.7537,0.2612,826,0.0,0.912,0.872,0.7441,0.2492,0.0,206.0,0.0596,FAVORABLE
origin=FVG_FAILURE | anchor=off_anchor | vwap_above,3,OC-5m-20260708T2230-S-FVG,cg-recognizer-v1.0.0,5m,2026-07-09,6,short,FVG_FAILURE,FVG-5m-bull-20260708T2220,29530.0,FVG-5m-bear-20260708T2235,36705,36706,2026-07-08 22:30:00-04:00,2026-07-08 22:40:00-04:00,29515.5,29520.5,29508.90506925031,vwap_band,5.0,0.141,1.319,20,120,FVG_FAILURE(20260708T2220)|short|5m->DISP->FVG_bear->FILL,ORIGIN_FVG_FAILURE|short|5m->DISPLACEMENT->FVG_RETEST,FVG_FAILURE|short,58.38,1.0,0.6522,0.4361,1.0,0.5171,0.4397,0.8141,ORIGIN:FVG-5m-bull-20260708T2220 ; TRIGGER_FVG:FVG-5m-bear-20260708T2235,WIN,2026-07-08 23:46:00-04:00,2026-07-08 23:46:00-04:00,1.3189861499377002,True,1.6,0.25,0.0,,True,short,2026-07-09,FVG_FAILURE,off_anchor,0.845,0.308,5m,0.141,above,+1.618,0.186,,1.319,0.186,normal,0.141,0.7881,0.3096,0,0,0,,,206,0.7427,0.2474,272,0.7537,0.2612,826,0.0,0.912,0.872,0.7441,0.2492,0.0,206.0,0.0596,FAVORABLE
origin=VWAP_BAND | anchor=off_anchor | vwap_above,3,OC-5m-20260708T2235-S-VWA,cg-recognizer-v1.0.0,5m,2026-07-09,6,short,VWAP_BAND,VWAP+1.618-2026-07-09,29508.90506925031,FVG-5m-bear-20260708T2240,36706,36707,2026-07-08 22:35:00-04:00,2026-07-08 22:45:00-04:00,29504.75,29510.0,29501.0,level,5.25,0.146,0.714,20,120,VWAP_BAND(09)|short|5m->DISP->FVG_bear->FILL,ORIGIN_VWAP_BAND|short|5m->DISPLACEMENT->FVG_RETEST,VWAP_BAND|short,64.66,1.0,0.6645,0.8122,1.0,0.5293,0.2381,0.8956,ORIGIN:VWAP+1.618-2026-07-09 ; TRIGGER_FVG:FVG-5m-bear-20260708T2240,AMBIGUOUS,2026-07-08 23:44:00-04:00,2026-07-08 23:44:00-04:00,,False,2.619,1.857,,,True,short,2026-07-09,VWAP_BAND,off_anchor,1.991,0.624,5m,0.146,above,+1.618,0.127,,0.714,0.104,normal,0.146,0.7881,0.3096,0,0,0,,,49,0.8571,0.5922,76,0.8158,0.4603,826,0.0,0.71,0.655,0.8424,0.5389,0.0,49.0,0.102,FAVORABLE
origin=FVG_FAILURE | anchor=off_anchor | vwap_above,3,OC-5m-20260708T2240-S-FVG,cg-recognizer-v1.0.0,5m,2026-07-09,6,short,FVG_FAILURE,FVG-5m-bull-20260708T2210,29501.75,FVG-5m-bear-20260708T2245,36707,36708,2026-07-08 22:40:00-04:00,2026-07-08 22:50:00-04:00,29467.75,29480.0,29460.0,level,12.25,0.333,0.633,20,120,FVG_FAILURE(20260708T2210)|short|5m->DISP->FVG_bear->FILL,ORIGIN_FVG_FAILURE|short|5m->DISPLACEMENT->FVG_RETEST,FVG_FAILURE|short,70.612,1.0,0.9387,0.7712,1.0,0.8036,0.2109,0.7894,ORIGIN:FVG-5m-bull-20260708T2210 ; TRIGGER_FVG:FVG-5m-bear-20260708T2245,WIN,2026-07-08 23:26:00-04:00,2026-07-08 23:26:00-04:00,0.6326530612244898,True,1.122,0.143,0.0,,True,short,2026-07-09,FVG_FAILURE,off_anchor,1.61,0.542,5m,0.333,above,+1.0,0.826,,0.633,0.211,normal,0.333,0.7881,0.3096,0,0,0,,,206,0.7427,0.2474,272,0.7537,0.2612,826,0.0,0.912,0.872,0.7441,0.2492,0.0,206.0,0.0596,FAVORABLE
origin=FVG_FAILURE | anchor=off_anchor | vwap_above,3,OC-15m-20260708T2245-S-FVG,cg-recognizer-v1.0.0,15m,2026-07-09,6,short,FVG_FAILURE,FVG-15m-bull-20260708T1945,29468.25,FVG-15m-bear-20260708T2300,12236,12237,2026-07-08 22:45:00-04:00,2026-07-08 23:15:00-04:00,29449.75,29460.0,29448.25,level,10.25,0.151,0.146,20,120,FVG_FAILURE(20260708T1945)|short|15m->DISP->FVG_bear->FILL,ORIGIN_FVG_FAILURE|short|15m->DISPLACEMENT->FVG_RETEST,FVG_FAILURE|short,61.688,1.0,0.6764,0.8115,1.0,0.5412,0.0488,0.9778,ORIGIN:FVG-15m-bull-20260708T1945 ; TRIGGER_FVG:FVG-15m-bear-20260708T2300,WIN,2026-07-08 23:25:00-04:00,2026-07-08 23:25:00-04:00,0.14634146341463414,True,0.829,0.805,0.0,,True,short,2026-07-09,FVG_FAILURE,off_anchor,1.637,0.623,15m,0.151,above,+1.0,0.17,,0.146,0.022,high,0.151,0.7881,0.3096,0,0,0,,,66,0.7879,0.3042,272,0.7537,0.2612,826,0.0,0.767,0.872,0.781,0.2956,0.0,66.0,0.0998,FAVORABLE
origin=VWAP_BAND | anchor=off_anchor | vwap_above,3,OC-15m-20260708T2245-S-VWA,cg-recognizer-v1.0.0,15m,2026-07-09,6,short,VWAP_BAND,VWAP+1.0-2026-07-09,29437.85234390348,FVG-15m-bear-20260708T2300,12236,12237,2026-07-08 22:45:00-04:00,2026-07-08 23:15:00-04:00,29449.75,29460.0,29448.25,level,10.25,0.151,0.146,20,120,VWAP_BAND(09)|short|15m->DISP->FVG_bear->FILL,ORIGIN_VWAP_BAND|short|15m->DISPLACEMENT->FVG_RETEST,VWAP_BAND|short,61.688,1.0,0.6764,0.8115,1.0,0.5412,0.0488,0.9778,ORIGIN:VWAP+1.0-2026-07-09 ; TRIGGER_FVG:FVG-15m-bear-20260708T2300,WIN,2026-07-08 23:25:00-04:00,2026-07-08 23:25:00-04:00,0.14634146341463414,True,0.829,0.805,0.0,,True,short,2026-07-09,VWAP_BAND,off_anchor,1.637,0.623,15m,0.151,above,+1.0,0.17,,0.146,0.022,high,0.151,0.7881,0.3096,0,0,0,,,27,0.7407,0.221,76,0.8158,0.4603,826,0.0,0.574,0.655,0.7686,0.3007,0.0,27.0,0.1591,FAVORABLE
origin=FVG_FAILURE | anchor=off_anchor | vwap_above,3,OC-15m-20260708T2315-L-FVG,cg-recognizer-v1.0.0,15m,2026-07-09,6,long,FVG_FAILURE,FVG-15m-bear-20260708T2300,29460.0,FVG-15m-bull-20260708T2330,12238,12239,2026-07-08 23:15:00-04:00,2026-07-08 23:45:00-04:00,29474.25,29449.75,29480.0,level,24.5,0.359,0.235,20,120,FVG_FAILURE(20260708T2300)|long|15m->DISP->FVG_bull->FILL,ORIGIN_FVG_FAILURE|long|15m->DISPLACEMENT->FVG_RETEST,FVG_FAILURE|long,65.28,1.0,0.9638,0.6376,1.0,0.8287,0.0782,0.9158,ORIGIN:FVG-15m-bear-20260708T2300 ; TRIGGER_FVG:FVG-15m-bull-20260708T2330,WIN,2026-07-09 00:25:00-04:00,2026-07-09 00:28:00-04:00,0.23469387755102042,True,0.327,0.48,3.0,,True,long,2026-07-09,FVG_FAILURE,off_anchor,1.194,0.479,15m,0.359,above,+1.0,0.509,,0.235,0.084,high,0.359,0.7881,0.3096,0,0,0,,,70,0.8286,0.284,277,0.7653,0.3099,826,0.0,0.778,0.874,0.8152,0.2897,0.0,70.0,0.0909,FAVORABLE
origin=FVG_FAILURE | anchor=off_anchor | vwap_above,3,OC-5m-20260708T2325-L-FVG,cg-recognizer-v1.0.0,5m,2026-07-09,6,long,FVG_FAILURE,FVG-5m-bear-20260708T2250,29460.0,FVG-5m-bull-20260708T2330,36716,36717,2026-07-08 23:25:00-04:00,2026-07-08 23:35:00-04:00,29474.25,29442.25,29480.0,level,32.0,0.92,0.18,20,120,FVG_FAILURE(20260708T2250)|long|5m->DISP->FVG_bull->FILL,ORIGIN_FVG_FAILURE|long|5m->DISPLACEMENT->FVG_RETEST,FVG_FAILURE|long,67.86,1.0,0.7224,0.8689,1.0,0.8575,0.0599,0.8347,ORIGIN:FVG-5m-bear-20260708T2250 ; TRIGGER_FVG:FVG-5m-bull-20260708T2330,WIN,2026-07-09 00:25:00-04:00,2026-07-09 00:28:00-04:00,0.1796875,True,0.25,0.367,3.0,,True,long,2026-07-09,FVG_FAILURE,off_anchor,2.185,0.738,5m,0.92,above,+1.0,1.011,,0.18,0.165,normal,0.92,0.7881,0.3096,0,0,0,,,207,0.744,0.3187,277,0.7653,0.3099,826,0.0,0.912,0.874,0.7461,0.3179,0.0,207.0,0.0593,FAVORABLE
origin=FVG_FAILURE | anchor=off_anchor | vwap_above,3,OC-5m-20260708T2330-L-FVG,cg-recognizer-v1.0.0,5m,2026-07-09,6,long,FVG_FAILURE,FVG-5m-bear-20260708T2245,29480.0,FVG-5m-bull-20260708T2335,36717,36718,2026-07-08 23:30:00-04:00,2026-07-08 23:40:00-04:00,29485.25,29481.5,29486.75,level,3.75,0.113,0.4,20,120,FVG_FAILURE(20260708T2245)|long|5m->DISP->FVG_bull->FILL,ORIGIN_FVG_FAILURE|long|5m->DISPLACEMENT->FVG_RETEST,FVG_FAILURE|long,60.029,1.0,0.578,0.7882,1.0,0.4428,0.1333,0.9549,ORIGIN:FVG-5m-bear-20260708T2245 ; TRIGGER_FVG:FVG-5m-bull-20260708T2335,WIN,2026-07-08 23:40:00-04:00,2026-07-08 23:40:00-04:00,0.4,True,3.0,0.4,0.0,,True,long,2026-07-09,FVG_FAILURE,off_anchor,1.474,0.594,5m,0.113,above,+1.618,0.794,,0.4,0.045,normal,0.113,0.7881,0.3096,0,0,0,,,207,0.744,0.3187,277,0.7653,0.3099,826,0.0,0.912,0.874,0.7461,0.3179,0.0,207.0,0.0593,FAVORABLE
origin=VWAP_BAND | anchor=midnight_open | vwap_above,3,OC-5m-20260709T0000-S-VWA,cg-recognizer-v1.0.0,5m,2026-07-09,6,short,VWAP_BAND,VWAP+1.618-2026-07-09,29512.694742840227,FVG-5m-bear-20260709T0025,36723,36728,2026-07-09 00:00:00-04:00,2026-07-09 00:30:00-04:00,29482.25,29491.5,29475.75,level,9.25,0.391,0.703,20,120,VWAP_BAND(09)|short|5m->DISP->FVG_bear->FILL,ORIGIN_VWAP_BAND|short|5m->DISPLACEMENT->FVG_RETEST,VWAP_BAND|short,66.829,1.0,0.9924,0.5394,1.0,0.8572,0.2342,0.7253,ORIGIN:VWAP+1.618-2026-07-09 ; TRIGGER_FVG:FVG-5m-bear-20260709T0025,AMBIGUOUS,2026-07-09 00:30:00-04:00,2026-07-09 00:30:00-04:00,,False,0.784,1.108,,,True,short,2026-07-09,VWAP_BAND,midnight_open,1.067,0.367,5m,0.391,above,+1.618,1.331,,0.703,0.275,low,0.391,0.7881,0.3096,0,0,0,,,49,0.8571,0.5922,76,0.8158,0.4603,826,0.0,0.71,0.655,0.8424,0.5389,0.0,49.0,0.102,FAVORABLE
origin=FVG_FAILURE | anchor=off_anchor | vwap_above,3,OC-5m-20260709T0020-S-FVG,cg-recognizer-v1.0.0,5m,2026-07-09,6,short,FVG_FAILURE,FVG-5m-bull-20260708T2335,29485.25,FVG-5m-bear-20260709T0025,36727,36728,2026-07-09 00:20:00-04:00,2026-07-09 00:30:00-04:00,29482.25,29491.5,29475.75,level,9.25,0.391,0.703,20,120,FVG_FAILURE(20260708T2335)|short|5m->DISP->FVG_bear->FILL,ORIGIN_FVG_FAILURE|short|5m->DISPLACEMENT->FVG_RETEST,FVG_FAILURE|short,66.829,1.0,0.9924,0.5394,1.0,0.8572,0.2342,0.7253,ORIGIN:FVG-5m-bull-20260708T2335 ; TRIGGER_FVG:FVG-5m-bear-20260709T0025,AMBIGUOUS,2026-07-09 00:30:00-04:00,2026-07-09 00:30:00-04:00,,False,0.784,1.108,,,True,short,2026-07-09,FVG_FAILURE,off_anchor,1.067,0.367,5m,0.391,above,+1.618,1.331,,0.703,0.275,low,0.391,0.7881,0.3096,0,0,0,,,206,0.7427,0.2474,272,0.7537,0.2612,826,0.0,0.912,0.872,0.7441,0.2492,0.0,206.0,0.0596,FAVORABLE
origin=FVG_FAILURE | anchor=off_anchor | vwap_above,3,OC-15m-20260709T0030-L-FVG,cg-recognizer-v1.0.0,15m,2026-07-09,6,long,FVG_FAILURE,FVG-15m-bear-20260708T2245,29517.25,FVG-15m-bull-20260709T0045,12243,12244,2026-07-09 00:30:00-04:00,2026-07-09 01:00:00-04:00,29521.5,29518.5,29544.25,level,3.0,0.052,7.583,20,120,FVG_FAILURE(20260708T2245)|long|15m->DISP->FVG_bull->FILL,ORIGIN_FVG_FAILURE|long|15m->DISPLACEMENT->FVG_RETEST,FVG_FAILURE|long,60.611,1.0,0.3169,0.4834,1.0,0.1818,1.0,0.6092,ORIGIN:FVG-15m-bear-20260708T2245 ; TRIGGER_FVG:FVG-15m-bull-20260709T0045,LOSS,2026-07-09 01:05:00-04:00,2026-07-09 01:05:00-04:00,-1.0,False,4.833,1.333,,0.0,True,long,2026-07-09,FVG_FAILURE,off_anchor,0.932,0.346,15m,0.052,above,+1.618,0.09,,7.583,0.391,normal,0.052,0.7881,0.3096,0,0,0,,,70,0.8286,0.284,277,0.7653,0.3099,826,0.0,0.778,0.874,0.8152,0.2897,0.0,70.0,0.0909,FAVORABLE
origin=FVG_FAILURE | anchor=off_anchor | vwap_above,3,OC-5m-20260709T0030-L-FVG,cg-recognizer-v1.0.0,5m,2026-07-09,6,long,FVG_FAILURE,FVG-5m-bear-20260709T0025,29491.5,FVG-5m-bull-20260709T0035,36729,36730,2026-07-09 00:30:00-04:00,2026-07-09 00:40:00-04:00,29510.0,29482.25,29514.55710812933,vwap_band,27.75,1.132,0.164,20,120,FVG_FAILURE(20260709T0025)|long|5m->DISP->FVG_bull->FILL,ORIGIN_FVG_FAILURE|long|5m->DISPLACEMENT->FVG_RETEST,FVG_FAILURE|long,63.618,1.0,0.6533,0.7674,1.0,0.7884,0.0547,0.8141,ORIGIN:FVG-5m-bear-20260709T0025 ; TRIGGER_FVG:FVG-5m-bull-20260709T0035,WIN,2026-07-09 01:06:00-04:00,2026-07-09 01:06:00-04:00,0.16422011276868567,True,0.523,0.045,0.0,,True,long,2026-07-09,FVG_FAILURE,off_anchor,2.121,0.535,5m,1.132,above,+1.618,0.186,,0.164,0.186,low,1.132,0.7881,0.3096,0,0,0,,,207,0.744,0.3187,277,0.7653,0.3099,826,0.0,0.912,0.874,0.7461,0.3179,0.0,207.0,0.0593,FAVORABLE
origin=FVG_FAILURE | anchor=off_anchor | vwap_above,3,OC-5m-20260709T0035-L-FVG,cg-recognizer-v1.0.0,5m,2026-07-09,6,long,FVG_FAILURE,FVG-5m-bear-20260708T2235,29520.5,FVG-5m-bull-20260709T0055,36730,36734,2026-07-09 00:35:00-04:00,2026-07-09 01:00:00-04:00,29543.5,29537.5,29544.25,level,6.0,0.272,0.125,20,120,FVG_FAILURE(20260708T2235)|long|5m->DISP->FVG_bull->FILL,ORIGIN_FVG_FAILURE|long|5m->DISPLACEMENT->FVG_RETEST,FVG_FAILURE|long,57.113,1.0,0.8713,0.4355,1.0,0.7361,0.0417,0.966,ORIGIN:FVG-5m-bear-20260708T2235 ; TRIGGER_FVG:FVG-5m-bull-20260709T0055,AMBIGUOUS,2026-07-09 01:02:00-04:00,2026-07-09 01:02:00-04:00,,False,1.417,1.083,,,True,long,2026-07-09,FVG_FAILURE,off_anchor,0.804,0.335,5m,0.272,above,+2.0,0.815,,0.125,0.034,normal,0.272,0.7881,0.3096,0,0,0,,,207,0.744,0.3187,277,0.7653,0.3099,826,0.0,0.912,0.874,0.7461,0.3179,0.0,207.0,0.0593,FAVORABLE
origin=FVG_FAILURE | anchor=off_anchor | vwap_above,3,OC-5m-20260709T0100-S-FVG,cg-recognizer-v1.0.0,5m,2026-07-09,6,short,FVG_FAILURE,FVG-5m-bull-20260709T0055,29543.5,FVG-5m-bear-20260709T0105,36735,36736,2026-07-09 01:00:00-04:00,2026-07-09 01:10:00-04:00,29536.0,29543.5,29533.0,level,7.5,0.322,0.4,20,120,FVG_FAILURE(20260709T0055)|short|5m->DISP->FVG_bear->FILL,ORIGIN_FVG_FAILURE|short|5m->DISPLACEMENT->FVG_RETEST,FVG_FAILURE|short,62.958,1.0,0.9275,0.5391,1.0,0.7924,0.1333,0.8713,ORIGIN:FVG-5m-bull-20260709T0055 ; TRIGGER_FVG:FVG-5m-bear-20260709T0105,AMBIGUOUS,2026-07-09 01:11:00-04:00,2026-07-09 01:11:00-04:00,,False,0.533,8.133,,,True,short,2026-07-09,FVG_FAILURE,off_anchor,1.116,0.334,5m,0.322,above,+1.618,0.81,,0.4,0.129,normal,0.322,0.7881,0.3096,0,0,0,,,206,0.7427,0.2474,272,0.7537,0.2612,826,0.0,0.912,0.872,0.7441,0.2492,0.0,206.0,0.0596,FAVORABLE
origin=VWAP_BAND | anchor=off_anchor | vwap_above,3,OC-5m-20260709T0100-S-VWA,cg-recognizer-v1.0.0,5m,2026-07-09,6,short,VWAP_BAND,VWAP+2.0-2026-07-09,29561.99194423135,FVG-5m-bear-20260709T0105,36735,36736,2026-07-09 01:00:00-04:00,2026-07-09 01:10:00-04:00,29536.0,29543.5,29533.0,level,7.5,0.322,0.4,20,120,VWAP_BAND(09)|short|5m->DISP->FVG_bear->FILL,ORIGIN_VWAP_BAND|short|5m->DISPLACEMENT->FVG_RETEST,VWAP_BAND|short,62.958,1.0,0.9275,0.5391,1.0,0.7924,0.1333,0.8713,ORIGIN:VWAP+2.0-2026-07-09 ; TRIGGER_FVG:FVG-5m-bear-20260709T0105,AMBIGUOUS,2026-07-09 01:11:00-04:00,2026-07-09 01:11:00-04:00,,False,0.533,8.133,,,True,short,2026-07-09,VWAP_BAND,off_anchor,1.116,0.334,5m,0.322,above,+1.618,0.81,,0.4,0.129,normal,0.322,0.7881,0.3096,0,0,0,,,49,0.8571,0.5922,76,0.8158,0.4603,826,0.0,0.71,0.655,0.8424,0.5389,0.0,49.0,0.102,FAVORABLE
origin=VWAP_BAND | anchor=off_anchor | vwap_above,3,OC-5m-20260709T0115-S-VWA,cg-recognizer-v1.0.0,5m,2026-07-09,6,short,VWAP_BAND,VWAP+2.0-2026-07-09,29565.840632149477,FVG-5m-bear-20260709T0125,36738,36740,2026-07-09 01:15:00-04:00,2026-07-09 01:30:00-04:00,29528.75,29529.5,29522.0,level,0.75,0.024,9.0,20,120,VWAP_BAND(09)|short|5m->DISP->FVG_bear->FILL,ORIGIN_VWAP_BAND|short|5m->DISPLACEMENT->FVG_RETEST,VWAP_BAND|short,61.964,1.0,0.0676,0.7941,1.0,0.0,1.0,0.7805,ORIGIN:VWAP+2.0-2026-07-09 ; TRIGGER_FVG:FVG-5m-bear-20260709T0125,AMBIGUOUS,2026-07-09 01:34:00-04:00,2026-07-09 01:34:00-04:00,,False,40.333,2.0,,,True,short,2026-07-09,VWAP_BAND,off_anchor,1.707,0.588,5m,0.024,above,+1.618,0.257,,9.0,0.22,high,0.024,0.7881,0.3096,0,0,0,,,49,0.8571,0.5922,76,0.8158,0.4603,826,0.0,0.71,0.655,0.8424,0.5389,0.0,49.0,0.102,FAVORABLE
origin=FVG_FAILURE | anchor=off_anchor | vwap_above,3,OC-5m-20260709T0130-L-FVG,cg-recognizer-v1.0.0,5m,2026-07-09,6,long,FVG_FAILURE,FVG-5m-bear-20260709T0125,29529.5,FVG-5m-bull-20260709T0155,36741,36746,2026-07-09 01:30:00-04:00,2026-07-09 02:00:00-04:00,29577.0,29564.75,29593.0,level,12.25,0.385,1.306,20,120,FVG_FAILURE(20260709T0125)|long|5m->DISP->FVG_bull->FILL,ORIGIN_FVG_FAILURE|long|5m->DISPLACEMENT->FVG_RETEST,FVG_FAILURE|long,79.611,1.0,0.9872,0.8895,1.0,0.8521,0.4354,0.4972,ORIGIN:FVG-5m-bear-20260709T0125 ; TRIGGER_FVG:FVG-5m-bull-20260709T0155,WIN,2026-07-09 02:06:00-04:00,2026-07-09 02:08:00-04:00,1.3061224489795917,True,1.837,0.388,2.0,,True,long,2026-07-09,FVG_FAILURE,off_anchor,2.215,0.779,5m,0.385,above,+2.0,0.185,,1.306,0.503,high,0.385,0.7881,0.3096,0,0,0,,,207,0.744,0.3187,277,0.7653,0.3099,826,0.0,0.912,0.874,0.7461,0.3179,0.0,207.0,0.0593,FAVORABLE
origin=FVG_FAILURE | anchor=off_anchor | vwap_above,3,OC-15m-20260709T0330-L-FVG,cg-recognizer-v1.0.0,15m,2026-07-09,6,long,FVG_FAILURE,FVG-15m-bear-20260707T0900,29664.0,FVG-15m-bull-20260709T0345,12255,12256,2026-07-09 03:30:00-04:00,2026-07-09 04:00:00-04:00,29671.25,29667.75,29673.0,level,3.5,0.067,0.5,20,120,FVG_FAILURE(20260707T0900)|long|15m->DISP->FVG_bull->FILL,ORIGIN_FVG_FAILURE|long|15m->DISPLACEMENT->FVG_RETEST,FVG_FAILURE|long,44.868,1.0,0.4041,0.338,1.0,0.269,0.1667,0.9665,ORIGIN:FVG-15m-bear-20260707T0900 ; TRIGGER_FVG:FVG-15m-bull-20260709T0345,AMBIGUOUS,2026-07-09 04:00:00-04:00,2026-07-09 04:00:00-04:00,,False,4.0,2.071,,,True,long,2026-07-09,FVG_FAILURE,off_anchor,0.583,0.287,15m,0.067,above,+2.618,0.291,,0.5,0.033,normal,0.067,0.7881,0.3096,0,0,0,,,70,0.8286,0.284,277,0.7653,0.3099,826,0.0,0.778,0.874,0.8152,0.2897,0.0,70.0,0.0909,FAVORABLE
origin=LIQ_SWEEP | anchor=off_anchor | vwap_above,3,OC-15m-20260709T0345-S-LIQ,cg-recognizer-v1.0.0,15m,2026-07-09,6,short,LIQ_SWEEP,LVL-6-2026-07-08-prev_rth_high,29685.75,FVG-15m-bear-20260709T0445,12256,12260,2026-07-09 03:45:00-04:00,2026-07-09 05:00:00-04:00,29681.5,29694.0,29676.25,level,12.5,0.258,0.42,20,120,LIQ_SWEEP(prev_rth_high)|short|15m->DISP->FVG_bear->FILL,ORIGIN_LIQ_SWEEP|short|15m->DISPLACEMENT->FVG_RETEST,LIQ_SWEEP|short,59.705,1.0,0.8535,0.4831,1.0,0.7183,0.14,0.8918,ORIGIN:LVL-6-2026-07-08-prev_rth_high ; TRIGGER_FVG:FVG-15m-bear-20260709T0445,WIN,2026-07-09 07:43:00-04:00,2026-07-09 07:43:00-04:00,0.42,True,1.78,0.56,0.0,,True,short,2026-07-09,LIQ_SWEEP,off_anchor,0.918,0.355,15m,0.258,above,+2.618,0.551,LIQ_SWEEP,0.42,0.108,normal,0.258,0.7881,0.3096,1,1,0,1.0,0.0139,8,0.75,0.7977,21,0.7619,1.1772,826,0.091,0.286,0.344,0.7916,0.6034,1.0,8.0,0.2814,FAVORABLE
origin=VWAP_BAND | anchor=off_anchor | vwap_above,3,OC-15m-20260709T0345-S-VWA,cg-recognizer-v1.0.0,15m,2026-07-09,6,short,VWAP_BAND,VWAP+2.618-2026-07-09,29686.453284236024,FVG-15m-bear-20260709T0445,12256,12260,2026-07-09 03:45:00-04:00,2026-07-09 05:00:00-04:00,29681.5,29694.0,29676.25,level,12.5,0.258,0.42,20,120,VWAP_BAND(09)|short|15m->DISP->FVG_bear->FILL,ORIGIN_VWAP_BAND|short|15m->DISPLACEMENT->FVG_RETEST,VWAP_BAND|short,59.705,1.0,0.8535,0.4831,1.0,0.7183,0.14,0.8918,ORIGIN:VWAP+2.618-2026-07-09 ; TRIGGER_FVG:FVG-15m-bear-20260709T0445,WIN,2026-07-09 07:43:00-04:00,2026-07-09 07:43:00-04:00,0.42,True,1.78,0.56,0.0,,True,short,2026-07-09,VWAP_BAND,off_anchor,0.918,0.355,15m,0.258,above,+2.618,0.551,,0.42,0.108,normal,0.258,0.7881,0.3096,0,0,0,,,27,0.7407,0.221,76,0.8158,0.4603,826,0.0,0.574,0.655,0.7686,0.3007,0.0,27.0,0.1591,FAVORABLE
origin=FVG_FAILURE | anchor=off_anchor | vwap_above,3,OC-5m-20260709T0345-L-FVG,cg-recognizer-v1.0.0,5m,2026-07-09,6,long,FVG_FAILURE,FVG-5m-bear-20260707T0850,29683.0,FVG-5m-bull-20260709T0350,36768,36769,2026-07-09 03:45:00-04:00,2026-07-09 03:55:00-04:00,29690.0,29683.25,29693.0,level,6.75,0.292,0.444,20,120,FVG_FAILURE(20260707T0850)|long|5m->DISP->FVG_bull->FILL,ORIGIN_FVG_FAILURE|long|5m->DISPLACEMENT->FVG_RETEST,FVG_FAILURE|long,67.768,1.0,0.8952,0.7547,1.0,0.7601,0.1481,0.8702,ORIGIN:FVG-5m-bear-20260707T0850 ; TRIGGER_FVG:FVG-5m-bull-20260709T0350,LOSS,2026-07-09 03:55:00-04:00,2026-07-09 03:55:00-04:00,-1.0,False,0.037,1.259,,0.0,True,long,2026-07-09,FVG_FAILURE,off_anchor,1.764,0.509,5m,0.292,above,+2.618,0.232,,0.444,0.13,normal,0.292,0.7881,0.3096,0,0,0,,,207,0.744,0.3187,277,0.7653,0.3099,826,0.0,0.912,0.874,0.7461,0.3179,0.0,207.0,0.0593,FAVORABLE
origin=FVG_FAILURE | anchor=off_anchor | vwap_above,3,OC-5m-20260709T0400-L-FVG,cg-recognizer-v1.0.0,5m,2026-07-09,6,long,FVG_FAILURE,FVG-5m-bear-20260707T0335,29714.0,FVG-5m-bull-20260709T0405,36771,36772,2026-07-09 04:00:00-04:00,2026-07-09 04:10:00-04:00,29710.0,29691.5,29712.25,level,18.5,0.677,0.122,20,120,FVG_FAILURE(20260707T0335)|long|5m->DISP->FVG_bull->FILL,ORIGIN_FVG_FAILURE|long|5m->DISPLACEMENT->FVG_RETEST,FVG_FAILURE|long,64.078,1.0,0.8248,0.6435,1.0,0.9599,0.0405,0.9177,ORIGIN:FVG-5m-bear-20260707T0335 ; TRIGGER_FVG:FVG-5m-bull-20260709T0405,WIN,2026-07-09 04:12:00-04:00,2026-07-09 04:12:00-04:00,0.12162162162162163,True,0.459,0.081,0.0,,True,long,2026-07-09,FVG_FAILURE,off_anchor,1.381,0.367,5m,0.677,above,+2.618,0.624,,0.122,0.082,normal,0.677,0.7881,0.3096,0,0,0,,,207,0.744,0.3187,277,0.7653,0.3099,826,0.0,0.912,0.874,0.7461,0.3179,0.0,207.0,0.0593,FAVORABLE
origin=FVG_FAILURE | anchor=off_anchor | vwap_above,3,OC-5m-20260709T0430-S-FVG,cg-recognizer-v1.0.0,5m,2026-07-09,6,short,FVG_FAILURE,FVG-5m-bull-20260709T0350,29690.0,FVG-5m-bear-20260709T0435,36777,36778,2026-07-09 04:30:00-04:00,2026-07-09 04:40:00-04:00,29682.0,29695.75,29676.25,level,13.75,0.491,0.418,20,120,FVG_FAILURE(20260709T0350)|short|5m->DISP->FVG_bear->FILL,ORIGIN_FVG_FAILURE|short|5m->DISPLACEMENT->FVG_RETEST,FVG_FAILURE|short,69.706,1.0,0.9314,0.7313,1.0,0.9334,0.1394,0.7945,ORIGIN:FVG-5m-bull-20260709T0350 ; TRIGGER_FVG:FVG-5m-bear-20260709T0435,EXPIRED,,,,False,,,,,True,short,2026-07-09,FVG_FAILURE,off_anchor,1.429,0.51,5m,0.491,above,+2.618,0.777,,0.418,0.205,normal,0.491,0.7881,0.3096,0,0,0,,,206,0.7427,0.2474,272,0.7537,0.2612,826,0.0,0.912,0.872,0.7441,0.2492,0.0,206.0,0.0596,FAVORABLE
origin=FVG_FAILURE | anchor=off_anchor | vwap_above,3,OC-5m-20260709T0430-S-FVG,cg-recognizer-v1.0.0,5m,2026-07-09,6,short,FVG_FAILURE,FVG-5m-bull-20260709T0405,29710.0,FVG-5m-bear-20260709T0435,36777,36778,2026-07-09 04:30:00-04:00,2026-07-09 04:40:00-04:00,29682.0,29695.75,29676.25,level,13.75,0.491,0.418,20,120,FVG_FAILURE(20260709T0405)|short|5m->DISP->FVG_bear->FILL,ORIGIN_FVG_FAILURE|short|5m->DISPLACEMENT->FVG_RETEST,FVG_FAILURE|short,69.706,1.0,0.9314,0.7313,1.0,0.9334,0.1394,0.7945,ORIGIN:FVG-5m-bull-20260709T0405 ; TRIGGER_FVG:FVG-5m-bear-20260709T0435,EXPIRED,,,,False,,,,,True,short,2026-07-09,FVG_FAILURE,off_anchor,1.429,0.51,5m,0.491,above,+2.618,0.777,,0.418,0.205,normal,0.491,0.7881,0.3096,0,0,0,,,206,0.7427,0.2474,272,0.7537,0.2612,826,0.0,0.912,0.872,0.7441,0.2492,0.0,206.0,0.0596,FAVORABLE
origin=VWAP_BAND | anchor=off_anchor | vwap_above,3,OC-5m-20260709T0430-S-VWA,cg-recognizer-v1.0.0,5m,2026-07-09,6,short,VWAP_BAND,VWAP+2.618-2026-07-09,29702.400978187834,FVG-5m-bear-20260709T0435,36777,36778,2026-07-09 04:30:00-04:00,2026-07-09 04:40:00-04:00,29682.0,29695.75,29676.25,level,13.75,0.491,0.418,20,120,VWAP_BAND(09)|short|5m->DISP->FVG_bear->FILL,ORIGIN_VWAP_BAND|short|5m->DISPLACEMENT->FVG_RETEST,VWAP_BAND|short,69.706,1.0,0.9314,0.7313,1.0,0.9334,0.1394,0.7945,ORIGIN:VWAP+2.618-2026-07-09 ; TRIGGER_FVG:FVG-5m-bear-20260709T0435,EXPIRED,,,,False,,,,,True,short,2026-07-09,VWAP_BAND,off_anchor,1.429,0.51,5m,0.491,above,+2.618,0.777,,0.418,0.205,normal,0.491,0.7881,0.3096,0,0,0,,,49,0.8571,0.5922,76,0.8158,0.4603,826,0.0,0.71,0.655,0.8424,0.5389,0.0,49.0,0.102,FAVORABLE
origin=VWAP_BAND | anchor=off_anchor | vwap_above,3,OC-15m-20260709T0645-S-VWA,cg-recognizer-v1.0.0,15m,2026-07-09,6,short,VWAP_BAND,VWAP+2.0-2026-07-09,29637.614504289835,FVG-15m-bear-20260709T0700,12268,12269,2026-07-09 06:45:00-04:00,2026-07-09 07:15:00-04:00,29626.0,29629.0,29585.5,level,3.0,0.071,13.5,20,120,VWAP_BAND(09)|short|15m->DISP->FVG_bear->FILL,ORIGIN_VWAP_BAND|short|15m->DISPLACEMENT->FVG_RETEST,VWAP_BAND|short,64.701,1.0,0.4224,0.4288,1.0,0.2872,1.0,0.0455,ORIGIN:VWAP+2.0-2026-07-09 ; TRIGGER_FVG:FVG-15m-bear-20260709T0700,LOSS,2026-07-09 07:20:00-04:00,2026-07-09 07:20:00-04:00,-1.0,False,8.833,3.5,,0.0,True,short,2026-07-09,VWAP_BAND,off_anchor,0.919,0.245,15m,0.071,above,+2.0,0.321,,13.5,0.955,normal,0.071,0.7881,0.3096,0,0,0,,,27,0.7407,0.221,76,0.8158,0.4603,826,0.0,0.574,0.655,0.7686,0.3007,0.0,27.0,0.1591,FAVORABLE
origin=FVG_FAILURE | anchor=off_anchor | vwap_above,3,OC-5m-20260709T0645-S-FVG,cg-recognizer-v1.0.0,5m,2026-07-09,6,short,FVG_FAILURE,FVG-5m-bull-20260709T0555,29638.75,FVG-5m-bear-20260709T0650,36804,36805,2026-07-09 06:45:00-04:00,2026-07-09 06:55:00-04:00,29610.0,29633.0,29585.5,level,23.0,1.025,1.065,20,120,FVG_FAILURE(20260709T0555)|short|5m->DISP->FVG_bear->FILL,ORIGIN_FVG_FAILURE|short|5m->DISPLACEMENT->FVG_RETEST,FVG_FAILURE|short,74.248,1.0,0.6862,0.8166,1.0,0.8213,0.3551,0.0,ORIGIN:FVG-5m-bull-20260709T0555 ; TRIGGER_FVG:FVG-5m-bear-20260709T0650,WIN,2026-07-09 07:00:00-04:00,2026-07-09 07:07:00-04:00,1.065217391304348,True,1.109,0.696,7.0,,True,short,2026-07-09,FVG_FAILURE,off_anchor,2.887,0.633,5m,1.025,above,+2.0,1.197,,1.065,1.092,normal,1.025,0.7881,0.3096,0,0,0,,,206,0.7427,0.2474,272,0.7537,0.2612,826,0.0,0.912,0.872,0.7441,0.2492,0.0,206.0,0.0596,FAVORABLE
origin=VWAP_BAND | anchor=off_anchor | vwap_above,3,OC-5m-20260709T0645-S-VWA,cg-recognizer-v1.0.0,5m,2026-07-09,6,short,VWAP_BAND,VWAP+2.0-2026-07-09,29635.45631205497,FVG-5m-bear-20260709T0650,36804,36805,2026-07-09 06:45:00-04:00,2026-07-09 06:55:00-04:00,29610.0,29633.0,29585.5,level,23.0,1.025,1.065,20,120,VWAP_BAND(09)|short|5m->DISP->FVG_bear->FILL,ORIGIN_VWAP_BAND|short|5m->DISPLACEMENT->FVG_RETEST,VWAP_BAND|short,74.248,1.0,0.6862,0.8166,1.0,0.8213,0.3551,0.0,ORIGIN:VWAP+2.0-2026-07-09 ; TRIGGER_FVG:FVG-5m-bear-20260709T0650,WIN,2026-07-09 07:00:00-04:00,2026-07-09 07:07:00-04:00,1.065217391304348,True,1.109,0.696,7.0,,True,short,2026-07-09,VWAP_BAND,off_anchor,2.887,0.633,5m,1.025,above,+2.0,1.197,,1.065,1.092,normal,1.025,0.7881,0.3096,0,0,0,,,49,0.8571,0.5922,76,0.8158,0.4603,826,0.0,0.71,0.655,0.8424,0.5389,0.0,49.0,0.102,FAVORABLE
origin=FVG_FAILURE | anchor=off_anchor | vwap_above,3,OC-15m-20260709T0715-L-FVG,cg-recognizer-v1.0.0,15m,2026-07-09,6,long,FVG_FAILURE,FVG-15m-bear-20260709T0700,29629.0,FVG-15m-bull-20260709T0730,12270,12271,2026-07-09 07:15:00-04:00,2026-07-09 07:45:00-04:00,29626.75,29626.0,29631.5,level,0.75,0.017,6.333,20,120,FVG_FAILURE(20260709T0700)|long|15m->DISP->FVG_bull->FILL,ORIGIN_FVG_FAILURE|long|15m->DISPLACEMENT->FVG_RETEST,FVG_FAILURE|long,59.4,1.0,0.0,0.7543,1.0,0.0,1.0,0.8915,ORIGIN:FVG-15m-bear-20260709T0700 ; TRIGGER_FVG:FVG-15m-bull-20260709T0730,AMBIGUOUS,2026-07-09 10:21:00-04:00,2026-07-09 10:21:00-04:00,,False,33.333,16.333,,,True,long,2026-07-09,FVG_FAILURE,off_anchor,1.862,0.509,15m,0.017,above,+2.0,0.453,,6.333,0.109,normal,0.017,0.7881,0.3096,0,0,0,,,70,0.8286,0.284,277,0.7653,0.3099,826,0.0,0.778,0.874,0.8152,0.2897,0.0,70.0,0.0909,FAVORABLE
origin=FVG_FAILURE | anchor=off_anchor | vwap_above,3,OC-5m-20260709T0725-L-FVG,cg-recognizer-v1.0.0,5m,2026-07-09,6,long,FVG_FAILURE,FVG-5m-bear-20260709T0650,29633.0,FVG-5m-bull-20260709T0735,36812,36814,2026-07-09 07:25:00-04:00,2026-07-09 07:40:00-04:00,29650.0,29643.75,29665.25,level,6.25,0.202,2.44,20,120,FVG_FAILURE(20260709T0650)|long|5m->DISP->FVG_bull->FILL,ORIGIN_FVG_FAILURE|long|5m->DISPLACEMENT->FVG_RETEST,FVG_FAILURE|long,75.241,1.0,0.773,0.7039,1.0,0.6378,0.8133,0.5061,ORIGIN:FVG-5m-bear-20260709T0650 ; TRIGGER_FVG:FVG-5m-bull-20260709T0735,EXPIRED,,,,False,,,,,True,long,2026-07-09,FVG_FAILURE,off_anchor,1.401,0.474,5m,0.202,above,+2.0,0.149,,2.44,0.494,high,0.202,0.7881,0.3096,0,0,0,,,207,0.744,0.3187,277,0.7653,0.3099,826,0.0,0.912,0.874,0.7461,0.3179,0.0,207.0,0.0593,FAVORABLE
origin=FVG_FAILURE | anchor=off_anchor | vwap_above,3,OC-15m-20260709T0745-L-FVG,cg-recognizer-v1.0.0,15m,2026-07-09,6,long,FVG_FAILURE,FVG-15m-bear-20260709T0445,29694.0,FVG-15m-bull-20260709T0830,12272,12275,2026-07-09 07:45:00-04:00,2026-07-09 08:45:00-04:00,29740.0,29732.75,29743.0,level,7.25,0.161,0.414,20,120,FVG_FAILURE(20260709T0445)|long|15m->DISP->FVG_bull->FILL,ORIGIN_FVG_FAILURE|long|15m->DISPLACEMENT->FVG_RETEST,FVG_FAILURE|long,57.39,1.0,0.6967,0.5568,1.0,0.5616,0.1379,0.9334,ORIGIN:FVG-15m-bear-20260709T0445 ; TRIGGER_FVG:FVG-15m-bull-20260709T0830,WIN,2026-07-09 08:45:00-04:00,2026-07-09 08:45:00-04:00,0.41379310344827586,True,1.172,0.0,0.0,,True,long,2026-07-09,FVG_FAILURE,off_anchor,1.15,0.347,15m,0.161,above,+2.618,0.825,,0.414,0.067,normal,0.161,0.7881,0.3096,0,0,0,,,70,0.8286,0.284,277,0.7653,0.3099,826,0.0,0.778,0.874,0.8152,0.2897,0.0,70.0,0.0909,FAVORABLE
origin=FVG_FAILURE | anchor=off_anchor | vwap_above,3,OC-5m-20260709T0745-L-FVG,cg-recognizer-v1.0.0,5m,2026-07-09,6,long,FVG_FAILURE,FVG-5m-bear-20260709T0435,29695.75,FVG-5m-bull-20260709T0750,36816,36817,2026-07-09 07:45:00-04:00,2026-07-09 07:55:00-04:00,29692.25,29690.0,29693.0,level,2.25,0.069,0.333,20,120,FVG_FAILURE(20260709T0435)|long|5m->DISP->FVG_bull->FILL,ORIGIN_FVG_FAILURE|long|5m->DISPLACEMENT->FVG_RETEST,FVG_FAILURE|long,49.868,1.0,0.4133,0.5642,1.0,0.2782,0.1111,0.9771,ORIGIN:FVG-5m-bear-20260709T0435 ; TRIGGER_FVG:FVG-5m-bull-20260709T0750,AMBIGUOUS,2026-07-09 07:59:00-04:00,2026-07-09 07:59:00-04:00,,False,3.889,1.0,,,True,long,2026-07-09,FVG_FAILURE,off_anchor,1.116,0.384,5m,0.069,above,+2.0,1.226,,0.333,0.023,high,0.069,0.7881,0.3096,0,0,0,,,207,0.744,0.3187,277,0.7653,0.3099,826,0.0,0.912,0.874,0.7461,0.3179,0.0,207.0,0.0593,FAVORABLE
origin=FVG_FAILURE | anchor=off_anchor | vwap_above,3,OC-15m-20260709T0800-L-FVG,cg-recognizer-v1.0.0,15m,2026-07-09,6,long,FVG_FAILURE,FVG-15m-bear-20260707T0345,29711.75,FVG-15m-bull-20260709T0830,12273,12275,2026-07-09 08:00:00-04:00,2026-07-09 08:45:00-04:00,29740.0,29732.75,29743.0,level,7.25,0.161,0.414,20,120,FVG_FAILURE(20260707T0345)|long|15m->DISP->FVG_bull->FILL,ORIGIN_FVG_FAILURE|long|15m->DISPLACEMENT->FVG_RETEST,FVG_FAILURE|long,57.39,1.0,0.6967,0.5568,1.0,0.5616,0.1379,0.9334,ORIGIN:FVG-15m-bear-20260707T0345 ; TRIGGER_FVG:FVG-15m-bull-20260709T0830,WIN,2026-07-09 08:45:00-04:00,2026-07-09 08:45:00-04:00,0.41379310344827586,True,1.172,0.0,0.0,,True,long,2026-07-09,FVG_FAILURE,off_anchor,1.15,0.347,15m,0.161,above,+2.618,0.825,,0.414,0.067,normal,0.161,0.7881,0.3096,0,0,0,,,70,0.8286,0.284,277,0.7653,0.3099,826,0.0,0.778,0.874,0.8152,0.2897,0.0,70.0,0.0909,FAVORABLE
origin=FVG_FAILURE | anchor=off_anchor | vwap_above,3,OC-15m-20260709T0815-L-FVG,cg-recognizer-v1.0.0,15m,2026-07-09,6,long,FVG_FAILURE,FVG-15m-bear-20260706T2330,29741.5,FVG-15m-bull-20260709T0830,12274,12275,2026-07-09 08:15:00-04:00,2026-07-09 08:45:00-04:00,29740.0,29732.75,29743.0,level,7.25,0.161,0.414,20,120,FVG_FAILURE(20260706T2330)|long|15m->DISP->FVG_bull->FILL,ORIGIN_FVG_FAILURE|long|15m->DISPLACEMENT->FVG_RETEST,FVG_FAILURE|long,57.39,1.0,0.6967,0.5568,1.0,0.5616,0.1379,0.9334,ORIGIN:FVG-15m-bear-20260706T2330 ; TRIGGER_FVG:FVG-15m-bull-20260709T0830,WIN,2026-07-09 08:45:00-04:00,2026-07-09 08:45:00-04:00,0.41379310344827586,True,1.172,0.0,0.0,,True,long,2026-07-09,FVG_FAILURE,off_anchor,1.15,0.347,15m,0.161,above,+2.618,0.825,,0.414,0.067,normal,0.161,0.7881,0.3096,0,0,0,,,70,0.8286,0.284,277,0.7653,0.3099,826,0.0,0.778,0.874,0.8152,0.2897,0.0,70.0,0.0909,FAVORABLE
origin=FVG_FAILURE | anchor=off_anchor | vwap_above,3,OC-5m-20260709T0820-L-FVG,cg-recognizer-v1.0.0,5m,2026-07-09,6,long,FVG_FAILURE,FVG-5m-bear-20260706T2325,29734.5,FVG-5m-bull-20260709T0825,36823,36824,2026-07-09 08:20:00-04:00,2026-07-09 08:30:00-04:00,29730.0,29724.0,29734.0,level,6.0,0.208,0.667,20,120,FVG_FAILURE(20260706T2325)|long|5m->DISP->FVG_bull->FILL,ORIGIN_FVG_FAILURE|long|5m->DISPLACEMENT->FVG_RETEST,FVG_FAILURE|long,61.923,1.0,0.7813,0.5887,1.0,0.6461,0.2222,0.8616,ORIGIN:FVG-5m-bear-20260706T2325 ; TRIGGER_FVG:FVG-5m-bull-20260709T0825,AMBIGUOUS,2026-07-09 08:46:00-04:00,2026-07-09 08:46:00-04:00,,False,2.208,1.542,,,True,long,2026-07-09,FVG_FAILURE,off_anchor,1.141,0.416,5m,0.208,above,+2.618,1.088,,0.667,0.138,normal,0.208,0.7881,0.3096,0,0,0,,,207,0.744,0.3187,277,0.7653,0.3099,826,0.0,0.912,0.874,0.7461,0.3179,0.0,207.0,0.0593,FAVORABLE
origin=LIQ_SWEEP | anchor=off_anchor | vwap_above,3,OC-5m-20260709T0825-S-LIQ,cg-recognizer-v1.0.0,5m,2026-07-09,6,short,LIQ_SWEEP,LVL-6-2026-07-09-candle_0900_high,29743.5,FVG-5m-bear-20260709T0845,36824,36828,2026-07-09 08:25:00-04:00,2026-07-09 08:50:00-04:00,29748.5,29762.75,29744.0,level,14.25,0.492,0.316,20,120,LIQ_SWEEP(candle_0900_high)|short|5m->DISP->FVG_bear->FILL,ORIGIN_LIQ_SWEEP|short|5m->DISPLACEMENT->FVG_RETEST,LIQ_SWEEP|short,64.456,1.0,0.9312,0.5519,1.0,0.9336,0.1053,0.8447,ORIGIN:LVL-6-2026-07-09-candle_0900_high ; TRIGGER_FVG:FVG-5m-bear-20260709T0845,WIN,2026-07-09 09:01:00-04:00,2026-07-09 09:01:00-04:00,0.3157894736842105,True,1.053,0.246,0.0,,True,short,2026-07-09,LIQ_SWEEP,off_anchor,1.139,0.345,5m,0.492,above,+2.618,1.147,LIQ_SWEEP,0.316,0.155,normal,0.492,0.7881,0.3096,3,2,1,0.6667,5.2523,13,0.7692,1.4107,21,0.7619,1.1772,826,0.231,0.394,0.344,0.7502,1.9231,3.0,13.0,0.2353,FAVORABLE
origin=FVG_FAILURE | anchor=off_anchor | vwap_above,3,OC-5m-20260709T0830-L-FVG,cg-recognizer-v1.0.0,5m,2026-07-09,6,long,FVG_FAILURE,FVG-5m-bear-20260706T2315,29761.25,FVG-5m-bull-20260709T0835,36825,36826,2026-07-09 08:30:00-04:00,2026-07-09 08:40:00-04:00,29762.75,29755.0,29772.153404881905,vwap_band,7.75,0.264,1.213,20,120,FVG_FAILURE(20260706T2315)|long|5m->DISP->FVG_bull->FILL,ORIGIN_FVG_FAILURE|long|5m->DISPLACEMENT->FVG_RETEST,FVG_FAILURE|long,72.099,1.0,0.8617,0.7696,1.0,0.7265,0.4044,0.6795,ORIGIN:FVG-5m-bear-20260706T2315 ; TRIGGER_FVG:FVG-5m-bull-20260709T0835,LOSS,2026-07-09 08:42:00-04:00,2026-07-09 08:43:00-04:00,-1.0,False,1.161,2.129,,1.0,True,long,2026-07-09,FVG_FAILURE,off_anchor,1.525,0.539,5m,0.264,above,+2.618,0.321,,1.213,0.321,normal,0.264,0.7881,0.3096,0,0,0,,,207,0.744,0.3187,277,0.7653,0.3099,826,0.0,0.912,0.874,0.7461,0.3179,0.0,207.0,0.0593,FAVORABLE
origin=LIQ_SWEEP | anchor=off_anchor | vwap_above,3,OC-5m-20260709T0830-S-LIQ,cg-recognizer-v1.0.0,5m,2026-07-09,6,short,LIQ_SWEEP,LVL-6-2026-07-09-candle_0930_high,29755.0,FVG-5m-bear-20260709T0845,36825,36828,2026-07-09 08:30:00-04:00,2026-07-09 08:50:00-04:00,29748.5,29762.75,29744.0,level,14.25,0.492,0.316,20,120,LIQ_SWEEP(candle_0930_high)|short|5m->DISP->FVG_bear->FILL,ORIGIN_LIQ_SWEEP|short|5m->DISPLACEMENT->FVG_RETEST,LIQ_SWEEP|short,64.456,1.0,0.9312,0.5519,1.0,0.9336,0.1053,0.8447,ORIGIN:LVL-6-2026-07-09-candle_0930_high ; TRIGGER_FVG:FVG-5m-bear-20260709T0845,WIN,2026-07-09 09:01:00-04:00,2026-07-09 09:01:00-04:00,0.3157894736842105,True,1.053,0.246,0.0,,True,short,2026-07-09,LIQ_SWEEP,off_anchor,1.139,0.345,5m,0.492,above,+2.618,1.147,LIQ_SWEEP,0.316,0.155,normal,0.492,0.7881,0.3096,1,1,0,1.0,0.16,13,0.7692,1.4107,21,0.7619,1.1772,826,0.091,0.394,0.344,0.7957,0.8549,1.0,13.0,0.2192,FAVORABLE
origin=VWAP_BAND | anchor=off_anchor | vwap_above,3,OC-5m-20260709T0830-S-VWA,cg-recognizer-v1.0.0,5m,2026-07-09,6,short,VWAP_BAND,VWAP+2.618-2026-07-09,29766.81706316779,FVG-5m-bear-20260709T0845,36825,36828,2026-07-09 08:30:00-04:00,2026-07-09 08:50:00-04:00,29748.5,29762.75,29744.0,level,14.25,0.492,0.316,20,120,VWAP_BAND(09)|short|5m->DISP->FVG_bear->FILL,ORIGIN_VWAP_BAND|short|5m->DISPLACEMENT->FVG_RETEST,VWAP_BAND|short,64.456,1.0,0.9312,0.5519,1.0,0.9336,0.1053,0.8447,ORIGIN:VWAP+2.618-2026-07-09 ; TRIGGER_FVG:FVG-5m-bear-20260709T0845,WIN,2026-07-09 09:01:00-04:00,2026-07-09 09:01:00-04:00,0.3157894736842105,True,1.053,0.246,0.0,,True,short,2026-07-09,VWAP_BAND,off_anchor,1.139,0.345,5m,0.492,above,+2.618,1.147,,0.316,0.155,normal,0.492,0.7881,0.3096,0,0,0,,,49,0.8571,0.5922,76,0.8158,0.4603,826,0.0,0.71,0.655,0.8424,0.5389,0.0,49.0,0.102,FAVORABLE
origin=FVG_FAILURE | anchor=off_anchor | vwap_above,3,OC-5m-20260709T0840-S-FVG,cg-recognizer-v1.0.0,5m,2026-07-09,6,short,FVG_FAILURE,FVG-5m-bull-20260709T0835,29762.75,FVG-5m-bear-20260709T0845,36827,36828,2026-07-09 08:40:00-04:00,2026-07-09 08:50:00-04:00,29748.5,29762.75,29744.0,level,14.25,0.492,0.316,20,120,FVG_FAILURE(20260709T0835)|short|5m->DISP->FVG_bear->FILL,ORIGIN_FVG_FAILURE|short|5m->DISPLACEMENT->FVG_RETEST,FVG_FAILURE|short,64.456,1.0,0.9312,0.5519,1.0,0.9336,0.1053,0.8447,ORIGIN:FVG-5m-bull-20260709T0835 ; TRIGGER_FVG:FVG-5m-bear-20260709T0845,WIN,2026-07-09 09:01:00-04:00,2026-07-09 09:01:00-04:00,0.3157894736842105,True,1.053,0.246,0.0,,True,short,2026-07-09,FVG_FAILURE,off_anchor,1.139,0.345,5m,0.492,above,+2.618,1.147,,0.316,0.155,normal,0.492,0.7881,0.3096,0,0,0,,,206,0.7427,0.2474,272,0.7537,0.2612,826,0.0,0.912,0.872,0.7441,0.2492,0.0,206.0,0.0596,FAVORABLE
origin=VWAP_BAND | anchor=0930 | vwap_below,3,OC-15m-20260709T0930-L-VWA,cg-recognizer-v1.0.0,15m,2026-07-09,6,long,VWAP_BAND,VWAP-1.618-2026-07-09,29686.19515945117,FVG-15m-bull-20260709T0945,12279,12280,2026-07-09 09:30:00-04:00,2026-07-09 10:00:00-04:00,29808.5,29758.75,29826.80502441294,vwap,49.75,0.866,0.368,20,120,VWAP_BAND(09)|long|15m->DISP->FVG_bull->FILL,ORIGIN_VWAP_BAND|long|15m->DISPLACEMENT->FVG_RETEST,VWAP_BAND|long,66.226,1.0,0.7426,0.715,1.0,0.8778,0.1226,0.6815,ORIGIN:VWAP-1.618-2026-07-09 ; TRIGGER_FVG:FVG-15m-bull-20260709T0945,WIN,2026-07-09 10:11:00-04:00,2026-07-09 10:11:00-04:00,0.36794018920484095,True,0.513,0.291,0.0,,True,long,2026-07-09,VWAP_BAND,0930,2.649,0.43,15m,0.866,below,-1.0,0.876,,0.368,0.319,high,0.866,0.7881,0.3096,0,0,0,,,65,0.8462,0.0804,153,0.8627,0.2313,826,0.0,0.765,0.793,0.8464,0.1197,0.0,65.0,0.0877,FAVORABLE
origin=LIQ_SWEEP | anchor=0930 | vwap_above,3,OC-15m-20260709T0930-S-LIQ,cg-recognizer-v1.0.0,15m,2026-07-09,6,short,LIQ_SWEEP,LVL-6-2026-07-09-overnight_high,29786.5,FVG-15m-bear-20260709T1015,12279,12282,2026-07-09 09:30:00-04:00,2026-07-09 10:30:00-04:00,29803.5,29808.5,29796.712050005735,vwap,5.0,0.07,1.358,20,120,LIQ_SWEEP(overnight_high)|short|15m->DISP->FVG_bear->FILL,ORIGIN_LIQ_SWEEP|short|15m->DISPLACEMENT->FVG_RETEST,LIQ_SWEEP|short,55.261,1.0,0.4203,0.5536,1.0,0.2851,0.4525,0.9046,ORIGIN:LVL-6-2026-07-09-overnight_high ; TRIGGER_FVG:FVG-15m-bear-20260709T1015,WIN,2026-07-09 10:46:00-04:00,2026-07-09 10:46:00-04:00,1.3575899988529272,True,7.0,0.2,0.0,,True,short,2026-07-09,LIQ_SWEEP,0930,1.342,0.213,15m,0.07,above,+1.0,1.08,LIQ_SWEEP,1.358,0.095,high,0.07,0.7881,0.3096,1,1,0,1.0,1.1475,8,0.75,0.7977,21,0.7619,1.1772,826,0.091,0.286,0.344,0.7916,0.7065,1.0,8.0,0.2814,FAVORABLE
origin=FVG_FAILURE | anchor=0930 | vwap_above,3,OC-5m-20260709T0930-L-FVG,cg-recognizer-v1.0.0,5m,2026-07-09,6,long,FVG_FAILURE,FVG-5m-bear-20260709T0845,29762.75,FVG-5m-bull-20260709T0935,36837,36838,2026-07-09 09:30:00-04:00,2026-07-09 09:40:00-04:00,29767.25,29758.0,29782.0,level,9.25,0.291,1.595,20,120,FVG_FAILURE(20260709T0845)|long|5m->DISP->FVG_bull->FILL,ORIGIN_FVG_FAILURE|long|5m->DISPLACEMENT->FVG_RETEST,FVG_FAILURE|long,74.52,1.0,0.8934,0.7299,1.0,0.7583,0.5315,0.5367,ORIGIN:FVG-5m-bear-20260709T0845 ; TRIGGER_FVG:FVG-5m-bull-20260709T0935,AMBIGUOUS,2026-07-09 10:15:00-04:00,2026-07-09 10:15:00-04:00,,False,3.919,6.054,,,True,long,2026-07-09,FVG_FAILURE,0930,3.368,0.46,5m,0.291,above,+1.0,1.6,,1.595,0.463,normal,0.291,0.7881,0.3096,0,0,0,,,207,0.744,0.3187,277,0.7653,0.3099,826,0.0,0.912,0.874,0.7461,0.3179,0.0,207.0,0.0593,FAVORABLE
origin=VWAP_BAND | anchor=0930 | vwap_above,3,OC-5m-20260709T0930-L-VWA,cg-recognizer-v1.0.0,5m,2026-07-09,6,long,VWAP_BAND,VWAP-1.618-2026-07-09,29681.2200608609,FVG-5m-bull-20260709T0935,36837,36838,2026-07-09 09:30:00-04:00,2026-07-09 09:40:00-04:00,29767.25,29758.0,29782.0,level,9.25,0.291,1.595,20,120,VWAP_BAND(09)|long|5m->DISP->FVG_bull->FILL,ORIGIN_VWAP_BAND|long|5m->DISPLACEMENT->FVG_RETEST,VWAP_BAND|long,74.52,1.0,0.8934,0.7299,1.0,0.7583,0.5315,0.5367,ORIGIN:VWAP-1.618-2026-07-09 ; TRIGGER_FVG:FVG-5m-bull-20260709T0935,AMBIGUOUS,2026-07-09 10:15:00-04:00,2026-07-09 10:15:00-04:00,,False,3.919,6.054,,,True,long,2026-07-09,VWAP_BAND,0930,3.368,0.46,5m,0.291,above,+1.0,1.6,,1.595,0.463,normal,0.291,0.7881,0.3096,0,0,0,,,88,0.875,0.3428,153,0.8627,0.2313,826,0.0,0.815,0.793,0.8699,0.3252,0.0,88.0,0.0703,FAVORABLE
origin=VWAP_BAND | anchor=0930 | vwap_above,3,OC-5m-20260709T0930-L-VWA,cg-recognizer-v1.0.0,5m,2026-07-09,6,long,VWAP_BAND,VWAP-2.0-2026-07-09,29672.67501959636,FVG-5m-bull-20260709T0935,36837,36838,2026-07-09 09:30:00-04:00,2026-07-09 09:40:00-04:00,29767.25,29758.0,29782.0,level,9.25,0.291,1.595,20,120,VWAP_BAND(09)|long|5m->DISP->FVG_bull->FILL,ORIGIN_VWAP_BAND|long|5m->DISPLACEMENT->FVG_RETEST,VWAP_BAND|long,74.52,1.0,0.8934,0.7299,1.0,0.7583,0.5315,0.5367,ORIGIN:VWAP-2.0-2026-07-09 ; TRIGGER_FVG:FVG-5m-bull-20260709T0935,AMBIGUOUS,2026-07-09 10:15:00-04:00,2026-07-09 10:15:00-04:00,,False,3.919,6.054,,,True,long,2026-07-09,VWAP_BAND,0930,3.368,0.46,5m,0.291,above,+1.0,1.6,,1.595,0.463,normal,0.291,0.7881,0.3096,0,0,0,,,88,0.875,0.3428,153,0.8627,0.2313,826,0.0,0.815,0.793,0.8699,0.3252,0.0,88.0,0.0703,FAVORABLE
origin=FVG_FAILURE | anchor=rth | vwap_above,3,OC-5m-20260709T0935-L-FVG,cg-recognizer-v1.0.0,5m,2026-07-09,6,long,FVG_FAILURE,FVG-5m-bear-20260706T2225,29799.25,FVG-5m-bull-20260709T0940,36838,36839,2026-07-09 09:35:00-04:00,2026-07-09 09:45:00-04:00,29811.75,29781.5,29846.20977971115,vwap_band,30.25,0.82,1.139,20,120,FVG_FAILURE(20260706T2225)|long|5m->DISP->FVG_bull->FILL,ORIGIN_FVG_FAILURE|long|5m->DISPLACEMENT->FVG_RETEST,FVG_FAILURE|long,73.512,1.0,0.7607,0.711,1.0,0.8959,0.3797,0.0659,ORIGIN:FVG-5m-bear-20260706T2225 ; TRIGGER_FVG:FVG-5m-bull-20260709T0940,WIN,2026-07-09 09:49:00-04:00,2026-07-09 09:51:00-04:00,1.1391662714429476,True,2.893,0.107,2.0,,True,long,2026-07-09,FVG_FAILURE,rth,3.029,0.422,5m,0.82,above,+1.0,0.934,,1.139,0.934,high,0.82,0.7881,0.3096,0,0,0,,,207,0.744,0.3187,277,0.7653,0.3099,826,0.0,0.912,0.874,0.7461,0.3179,0.0,207.0,0.0593,FAVORABLE
origin=LIQ_SWEEP | anchor=rth | vwap_above,3,OC-15m-20260709T0945-S-LIQ,cg-recognizer-v1.0.0,15m,2026-07-09,6,short,LIQ_SWEEP,LVL-6-2026-07-09-candle_1000_high,29922.75,FVG-15m-bear-20260709T1015,12280,12282,2026-07-09 09:45:00-04:00,2026-07-09 10:30:00-04:00,29803.5,29808.5,29796.712050005735,vwap,5.0,0.07,1.358,20,120,LIQ_SWEEP(candle_1000_high)|short|15m->DISP->FVG_bear->FILL,ORIGIN_LIQ_SWEEP|short|15m->DISPLACEMENT->FVG_RETEST,LIQ_SWEEP|short,55.261,1.0,0.4203,0.5536,1.0,0.2851,0.4525,0.9046,ORIGIN:LVL-6-2026-07-09-candle_1000_high ; TRIGGER_FVG:FVG-15m-bear-20260709T1015,WIN,2026-07-09 10:46:00-04:00,2026-07-09 10:46:00-04:00,1.3575899988529272,True,7.0,0.2,0.0,,True,short,2026-07-09,LIQ_SWEEP,rth,1.342,0.213,15m,0.07,above,+1.0,1.08,LIQ_SWEEP,1.358,0.095,high,0.07,0.7881,0.3096,3,2,1,0.6667,0.4837,8,0.75,0.7977,21,0.7619,1.1772,826,0.231,0.286,0.344,0.7468,0.6212,3.0,8.0,0.3013,FAVORABLE
origin=FVG_FAILURE | anchor=rth | vwap_above,3,OC-5m-20260709T0950-L-FVG,cg-recognizer-v1.0.0,5m,2026-07-09,6,long,FVG_FAILURE,FVG-5m-bear-20260706T2035,29865.75,FVG-5m-bull-20260709T0955,36841,36842,2026-07-09 09:50:00-04:00,2026-07-09 10:00:00-04:00,29897.5,29891.75,29907.5,level,5.75,0.122,1.739,20,120,FVG_FAILURE(20260706T2035)|long|5m->DISP->FVG_bull->FILL,ORIGIN_FVG_FAILURE|long|5m->DISPLACEMENT->FVG_RETEST,FVG_FAILURE|long,60.301,1.0,0.6042,0.4716,1.0,0.4691,0.5797,0.7878,ORIGIN:FVG-5m-bear-20260706T2035 ; TRIGGER_FVG:FVG-5m-bull-20260709T0955,AMBIGUOUS,2026-07-09 10:00:00-04:00,2026-07-09 10:00:00-04:00,,False,4.391,1.696,,,True,long,2026-07-09,FVG_FAILURE,rth,1.066,0.232,5m,0.122,above,+1.0,0.044,,1.739,0.212,high,0.122,0.7881,0.3096,0,0,0,,,207,0.744,0.3187,277,0.7653,0.3099,826,0.0,0.912,0.874,0.7461,0.3179,0.0,207.0,0.0593,FAVORABLE
origin=LIQ_SWEEP | anchor=rth | vwap_above,3,OC-5m-20260709T0955-S-LIQ,cg-recognizer-v1.0.0,5m,2026-07-09,6,short,LIQ_SWEEP,LVL-6-2026-07-09-candle_1000_high,29922.75,FVG-5m-bear-20260709T1010,36842,36845,2026-07-09 09:55:00-04:00,2026-07-09 10:15:00-04:00,29854.5,29886.0,29835.12093706456,vwap,31.5,0.607,0.615,20,120,LIQ_SWEEP(candle_1000_high)|short|5m->DISP->FVG_bear->FILL,ORIGIN_LIQ_SWEEP|short|5m->DISPLACEMENT->FVG_RETEST,LIQ_SWEEP|short,73.145,1.0,0.8609,0.8131,1.0,0.996,0.2051,0.6264,ORIGIN:LVL-6-2026-07-09-candle_1000_high ; TRIGGER_FVG:FVG-5m-bear-20260709T1010,WIN,2026-07-09 11:06:00-04:00,2026-07-09 11:06:00-04:00,0.615208347156849,True,0.849,0.175,0.0,,True,short,2026-07-09,LIQ_SWEEP,rth,2.067,0.626,5m,0.607,above,+1.0,0.866,LIQ_SWEEP,0.615,0.374,high,0.607,0.7881,0.3096,4,4,0,1.0,1.0332,13,0.7692,1.4107,21,0.7619,1.1772,826,0.286,0.394,0.344,0.8394,0.9555,4.0,13.0,0.1996,FAVORABLE
origin=VWAP_BAND | anchor=1000 | vwap_above,3,OC-15m-20260709T1000-S-VWA,cg-recognizer-v1.0.0,15m,2026-07-09,6,short,VWAP_BAND,VWAP+1.0-2026-07-09,29899.446322998014,FVG-15m-bear-20260709T1015,12281,12282,2026-07-09 10:00:00-04:00,2026-07-09 10:30:00-04:00,29803.5,29808.5,29796.712050005735,vwap,5.0,0.07,1.358,20,120,VWAP_BAND(09)|short|15m->DISP->FVG_bear->FILL,ORIGIN_VWAP_BAND|short|15m->DISPLACEMENT->FVG_RETEST,VWAP_BAND|short,55.261,1.0,0.4203,0.5536,1.0,0.2851,0.4525,0.9046,ORIGIN:VWAP+1.0-2026-07-09 ; TRIGGER_FVG:FVG-15m-bear-20260709T1015,WIN,2026-07-09 10:46:00-04:00,2026-07-09 10:46:00-04:00,1.3575899988529272,True,7.0,0.2,0.0,,True,short,2026-07-09,VWAP_BAND,1000,1.342,0.213,15m,0.07,above,+1.0,1.08,,1.358,0.095,high,0.07,0.7881,0.3096,0,0,0,,,27,0.7407,0.221,76,0.8158,0.4603,826,0.0,0.574,0.655,0.7686,0.3007,0.0,27.0,0.1591,FAVORABLE
origin=FVG_FAILURE | anchor=rth | vwap_above,3,OC-5m-20260709T1005-S-FVG,cg-recognizer-v1.0.0,5m,2026-07-09,6,short,FVG_FAILURE,FVG-5m-bull-20260709T0955,29897.5,FVG-5m-bear-20260709T1010,36844,36845,2026-07-09 10:05:00-04:00,2026-07-09 10:15:00-04:00,29854.5,29886.0,29835.12093706456,vwap,31.5,0.607,0.615,20,120,FVG_FAILURE(20260709T0955)|short|5m->DISP->FVG_bear->FILL,ORIGIN_FVG_FAILURE|short|5m->DISPLACEMENT->FVG_RETEST,FVG_FAILURE|short,73.145,1.0,0.8609,0.8131,1.0,0.996,0.2051,0.6264,ORIGIN:FVG-5m-bull-20260709T0955 ; TRIGGER_FVG:FVG-5m-bear-20260709T1010,WIN,2026-07-09 11:06:00-04:00,2026-07-09 11:06:00-04:00,0.615208347156849,True,0.849,0.175,0.0,,True,short,2026-07-09,FVG_FAILURE,rth,2.067,0.626,5m,0.607,above,+1.0,0.866,,0.615,0.374,high,0.607,0.7881,0.3096,0,0,0,,,206,0.7427,0.2474,272,0.7537,0.2612,826,0.0,0.912,0.872,0.7441,0.2492,0.0,206.0,0.0596,FAVORABLE
origin=VWAP_BAND | anchor=rth | vwap_above,3,OC-5m-20260709T1005-S-VWA,cg-recognizer-v1.0.0,5m,2026-07-09,6,short,VWAP_BAND,VWAP+1.0-2026-07-09,29905.439039152,FVG-5m-bear-20260709T1010,36844,36845,2026-07-09 10:05:00-04:00,2026-07-09 10:15:00-04:00,29854.5,29886.0,29835.12093706456,vwap,31.5,0.607,0.615,20,120,VWAP_BAND(09)|short|5m->DISP->FVG_bear->FILL,ORIGIN_VWAP_BAND|short|5m->DISPLACEMENT->FVG_RETEST,VWAP_BAND|short,73.145,1.0,0.8609,0.8131,1.0,0.996,0.2051,0.6264,ORIGIN:VWAP+1.0-2026-07-09 ; TRIGGER_FVG:FVG-5m-bear-20260709T1010,WIN,2026-07-09 11:06:00-04:00,2026-07-09 11:06:00-04:00,0.615208347156849,True,0.849,0.175,0.0,,True,short,2026-07-09,VWAP_BAND,rth,2.067,0.626,5m,0.607,above,+1.0,0.866,,0.615,0.374,high,0.607,0.7881,0.3096,0,0,0,,,49,0.8571,0.5922,76,0.8158,0.4603,826,0.0,0.71,0.655,0.8424,0.5389,0.0,49.0,0.102,FAVORABLE
origin=VWAP_BAND | anchor=rth | vwap_above,3,OC-15m-20260709T1015-L-VWA,cg-recognizer-v1.0.0,15m,2026-07-09,6,long,VWAP_BAND,VWAP-2.0-2026-07-09,29629.414613236124,FVG-15m-bull-20260709T1115,12282,12286,2026-07-09 10:15:00-04:00,2026-07-09 11:30:00-04:00,29830.0,29821.25,29848.25,level,8.75,0.099,2.086,20,120,VWAP_BAND(09)|long|15m->DISP->FVG_bull->FILL,ORIGIN_VWAP_BAND|long|15m->DISPLACEMENT->FVG_RETEST,VWAP_BAND|long,65.209,1.0,0.5361,0.6677,1.0,0.4009,0.6952,0.7926,ORIGIN:VWAP-2.0-2026-07-09 ; TRIGGER_FVG:FVG-15m-bull-20260709T1115,EXPIRED,,,,False,,,,,True,long,2026-07-09,VWAP_BAND,rth,1.29,0.475,15m,0.099,above,+1.0,0.48,,2.086,0.207,high,0.099,0.7881,0.3096,0,0,0,,,65,0.8462,0.0804,153,0.8627,0.2313,826,0.0,0.765,0.793,0.8464,0.1197,0.0,65.0,0.0877,FAVORABLE
origin=FVG_FAILURE | anchor=rth | vwap_below,3,OC-5m-20260709T1015-S-FVG,cg-recognizer-v1.0.0,5m,2026-07-09,6,short,FVG_FAILURE,FVG-5m-bull-20260709T0810,29712.5,FVG-5m-bear-20260709T1020,36846,36847,2026-07-09 10:15:00-04:00,2026-07-09 10:25:00-04:00,29714.25,29785.25,29705.75,level,71.0,1.124,0.12,20,120,FVG_FAILURE(20260709T0810)|short|5m->DISP->FVG_bear->FILL,ORIGIN_FVG_FAILURE|short|5m->DISPLACEMENT->FVG_RETEST,FVG_FAILURE|short,62.333,1.0,0.6556,0.7328,1.0,0.7907,0.0399,0.8654,ORIGIN:FVG-5m-bull-20260709T0810 ; TRIGGER_FVG:FVG-5m-bear-20260709T1020,WIN,2026-07-09 10:25:00-04:00,2026-07-09 10:25:00-04:00,0.11971830985915492,True,0.144,0.18,0.0,,True,short,2026-07-09,FVG_FAILURE,rth,2.201,0.466,5m,1.124,below,-1.0,0.034,,0.12,0.135,high,1.124,0.7881,0.3096,0,0,0,,,206,0.7427,0.2474,272,0.7537,0.2612,826,0.0,0.912,0.872,0.7441,0.2492,0.0,206.0,0.0596,FAVORABLE
origin=FVG_FAILURE | anchor=rth | vwap_below,3,OC-5m-20260709T1015-S-FVG,cg-recognizer-v1.0.0,5m,2026-07-09,6,short,FVG_FAILURE,FVG-5m-bull-20260709T0825,29730.0,FVG-5m-bear-20260709T1020,36846,36847,2026-07-09 10:15:00-04:00,2026-07-09 10:25:00-04:00,29714.25,29785.25,29705.75,level,71.0,1.124,0.12,20,120,FVG_FAILURE(20260709T0825)|short|5m->DISP->FVG_bear->FILL,ORIGIN_FVG_FAILURE|short|5m->DISPLACEMENT->FVG_RETEST,FVG_FAILURE|short,62.333,1.0,0.6556,0.7328,1.0,0.7907,0.0399,0.8654,ORIGIN:FVG-5m-bull-20260709T0825 ; TRIGGER_FVG:FVG-5m-bear-20260709T1020,WIN,2026-07-09 10:25:00-04:00,2026-07-09 10:25:00-04:00,0.11971830985915492,True,0.144,0.18,0.0,,True,short,2026-07-09,FVG_FAILURE,rth,2.201,0.466,5m,1.124,below,-1.0,0.034,,0.12,0.135,high,1.124,0.7881,0.3096,0,0,0,,,206,0.7427,0.2474,272,0.7537,0.2612,826,0.0,0.912,0.872,0.7441,0.2492,0.0,206.0,0.0596,FAVORABLE
origin=FVG_FAILURE | anchor=rth | vwap_below,3,OC-5m-20260709T1015-S-FVG,cg-recognizer-v1.0.0,5m,2026-07-09,6,short,FVG_FAILURE,FVG-5m-bull-20260709T0935,29767.25,FVG-5m-bear-20260709T1020,36846,36847,2026-07-09 10:15:00-04:00,2026-07-09 10:25:00-04:00,29714.25,29785.25,29705.75,level,71.0,1.124,0.12,20,120,FVG_FAILURE(20260709T0935)|short|5m->DISP->FVG_bear->FILL,ORIGIN_FVG_FAILURE|short|5m->DISPLACEMENT->FVG_RETEST,FVG_FAILURE|short,62.333,1.0,0.6556,0.7328,1.0,0.7907,0.0399,0.8654,ORIGIN:FVG-5m-bull-20260709T0935 ; TRIGGER_FVG:FVG-5m-bear-20260709T1020,WIN,2026-07-09 10:25:00-04:00,2026-07-09 10:25:00-04:00,0.11971830985915492,True,0.144,0.18,0.0,,True,short,2026-07-09,FVG_FAILURE,rth,2.201,0.466,5m,1.124,below,-1.0,0.034,,0.12,0.135,high,1.124,0.7881,0.3096,0,0,0,,,206,0.7427,0.2474,272,0.7537,0.2612,826,0.0,0.912,0.872,0.7441,0.2492,0.0,206.0,0.0596,FAVORABLE
origin=FVG_FAILURE | anchor=rth | vwap_below,3,OC-5m-20260709T1015-S-FVG,cg-recognizer-v1.0.0,5m,2026-07-09,6,short,FVG_FAILURE,FVG-5m-bull-20260709T0940,29811.75,FVG-5m-bear-20260709T1020,36846,36847,2026-07-09 10:15:00-04:00,2026-07-09 10:25:00-04:00,29714.25,29785.25,29705.75,level,71.0,1.124,0.12,20,120,FVG_FAILURE(20260709T0940)|short|5m->DISP->FVG_bear->FILL,ORIGIN_FVG_FAILURE|short|5m->DISPLACEMENT->FVG_RETEST,FVG_FAILURE|short,62.333,1.0,0.6556,0.7328,1.0,0.7907,0.0399,0.8654,ORIGIN:FVG-5m-bull-20260709T0940 ; TRIGGER_FVG:FVG-5m-bear-20260709T1020,WIN,2026-07-09 10:25:00-04:00,2026-07-09 10:25:00-04:00,0.11971830985915492,True,0.144,0.18,0.0,,True,short,2026-07-09,FVG_FAILURE,rth,2.201,0.466,5m,1.124,below,-1.0,0.034,,0.12,0.135,high,1.124,0.7881,0.3096,0,0,0,,,206,0.7427,0.2474,272,0.7537,0.2612,826,0.0,0.912,0.872,0.7441,0.2492,0.0,206.0,0.0596,FAVORABLE
origin=VWAP_BAND | anchor=rth | vwap_above,3,OC-15m-20260709T1030-L-VWA,cg-recognizer-v1.0.0,15m,2026-07-09,6,long,VWAP_BAND,VWAP-1.0-2026-07-09,29711.883009017984,FVG-15m-bull-20260709T1115,12283,12286,2026-07-09 10:30:00-04:00,2026-07-09 11:30:00-04:00,29830.0,29821.25,29848.25,level,8.75,0.099,2.086,20,120,VWAP_BAND(09)|long|15m->DISP->FVG_bull->FILL,ORIGIN_VWAP_BAND|long|15m->DISPLACEMENT->FVG_RETEST,VWAP_BAND|long,65.209,1.0,0.5361,0.6677,1.0,0.4009,0.6952,0.7926,ORIGIN:VWAP-1.0-2026-07-09 ; TRIGGER_FVG:FVG-15m-bull-20260709T1115,EXPIRED,,,,False,,,,,True,long,2026-07-09,VWAP_BAND,rth,1.29,0.475,15m,0.099,above,+1.0,0.48,,2.086,0.207,high,0.099,0.7881,0.3096,0,0,0,,,65,0.8462,0.0804,153,0.8627,0.2313,826,0.0,0.765,0.793,0.8464,0.1197,0.0,65.0,0.0877,FAVORABLE
origin=FVG_FAILURE | anchor=rth | vwap_above,3,OC-5m-20260709T1045-L-FVG,cg-recognizer-v1.0.0,5m,2026-07-09,6,long,FVG_FAILURE,FVG-5m-bear-20260709T1020,29785.25,FVG-5m-bull-20260709T1110,36852,36857,2026-07-09 10:45:00-04:00,2026-07-09 11:15:00-04:00,29833.25,29823.75,29848.25,level,9.5,0.137,1.579,20,120,FVG_FAILURE(20260709T1020)|long|5m->DISP->FVG_bull->FILL,ORIGIN_FVG_FAILURE|long|5m->DISPLACEMENT->FVG_RETEST,FVG_FAILURE|long,63.643,1.0,0.6431,0.5976,1.0,0.508,0.5263,0.7835,ORIGIN:FVG-5m-bear-20260709T1020 ; TRIGGER_FVG:FVG-5m-bull-20260709T1110,WIN,2026-07-09 11:18:00-04:00,2026-07-09 11:18:00-04:00,1.5789473684210527,True,2.132,0.026,0.0,,True,long,2026-07-09,FVG_FAILURE,rth,0.96,0.555,5m,0.137,above,+1.0,0.501,,1.579,0.216,normal,0.137,0.7881,0.3096,0,0,0,,,207,0.744,0.3187,277,0.7653,0.3099,826,0.0,0.912,0.874,0.7461,0.3179,0.0,207.0,0.0593,FAVORABLE
origin=FVG_FAILURE | anchor=rth | vwap_above,3,OC-15m-20260709T1100-L-FVG,cg-recognizer-v1.0.0,15m,2026-07-09,6,long,FVG_FAILURE,FVG-15m-bear-20260709T1015,29808.5,FVG-15m-bull-20260709T1115,12285,12286,2026-07-09 11:00:00-04:00,2026-07-09 11:30:00-04:00,29830.0,29821.25,29848.25,level,8.75,0.099,2.086,20,120,FVG_FAILURE(20260709T1015)|long|15m->DISP->FVG_bull->FILL,ORIGIN_FVG_FAILURE|long|15m->DISPLACEMENT->FVG_RETEST,FVG_FAILURE|long,65.209,1.0,0.5361,0.6677,1.0,0.4009,0.6952,0.7926,ORIGIN:FVG-15m-bear-20260709T1015 ; TRIGGER_FVG:FVG-15m-bull-20260709T1115,EXPIRED,,,,False,,,,,True,long,2026-07-09,FVG_FAILURE,rth,1.29,0.475,15m,0.099,above,+1.0,0.48,,2.086,0.207,high,0.099,0.7881,0.3096,0,0,0,,,70,0.8286,0.284,277,0.7653,0.3099,826,0.0,0.778,0.874,0.8152,0.2897,0.0,70.0,0.0909,FAVORABLE
origin=FVG_FAILURE | anchor=rth | vwap_above,3,OC-5m-20260709T1145-L-FVG,cg-recognizer-v1.0.0,5m,2026-07-09,6,long,FVG_FAILURE,FVG-5m-bear-20260709T1010,29886.0,FVG-5m-bull-20260709T1205,36864,36868,2026-07-09 11:45:00-04:00,2026-07-09 12:10:00-04:00,29904.0,29898.75,29907.5,level,5.25,0.16,0.667,20,120,FVG_FAILURE(20260709T1010)|long|5m->DISP->FVG_bull->FILL,ORIGIN_FVG_FAILURE|long|5m->DISPLACEMENT->FVG_RETEST,FVG_FAILURE|long,52.225,1.0,0.6943,0.2941,1.0,0.5591,0.2222,0.8934,ORIGIN:FVG-5m-bear-20260709T1010 ; TRIGGER_FVG:FVG-5m-bull-20260709T1205,WIN,2026-07-09 12:10:00-04:00,2026-07-09 12:10:00-04:00,0.6666666666666666,True,1.905,0.0,0.0,,True,long,2026-07-09,FVG_FAILURE,rth,0.51,0.248,5m,0.16,above,+1.0,0.568,,0.667,0.107,low,0.16,0.7881,0.3096,0,0,0,,,207,0.744,0.3187,277,0.7653,0.3099,826,0.0,0.912,0.874,0.7461,0.3179,0.0,207.0,0.0593,FAVORABLE
origin=FVG_FAILURE | anchor=rth | vwap_above,3,OC-15m-20260709T1300-L-FVG,cg-recognizer-v1.0.0,15m,2026-07-09,6,long,FVG_FAILURE,FVG-15m-bear-20260706T1845,29950.75,FVG-15m-bull-20260709T1315,12293,12294,2026-07-09 13:00:00-04:00,2026-07-09 13:30:00-04:00,29954.0,29913.25,29955.25,level,40.75,0.522,0.031,20,120,FVG_FAILURE(20260706T1845)|long|15m->DISP->FVG_bull->FILL,ORIGIN_FVG_FAILURE|long|15m->DISPLACEMENT->FVG_RETEST,FVG_FAILURE|long,63.967,1.0,0.9115,0.6211,1.0,0.9533,0.0102,0.984,ORIGIN:FVG-15m-bear-20260706T1845 ; TRIGGER_FVG:FVG-15m-bull-20260709T1315,WIN,2026-07-09 13:58:00-04:00,2026-07-09 13:58:00-04:00,0.03067484662576687,True,0.607,0.08,0.0,,True,long,2026-07-09,FVG_FAILURE,rth,1.018,0.564,15m,0.522,above,+1.618,0.139,,0.031,0.016,normal,0.522,0.7881,0.3096,0,0,0,,,70,0.8286,0.284,277,0.7653,0.3099,826,0.0,0.778,0.874,0.8152,0.2897,0.0,70.0,0.0909,FAVORABLE
origin=FVG_FAILURE | anchor=rth | vwap_above,3,OC-15m-20260709T1300-L-FVG,cg-recognizer-v1.0.0,15m,2026-07-09,6,long,FVG_FAILURE,FVG-15m-bear-20260706T1900,29942.75,FVG-15m-bull-20260709T1315,12293,12294,2026-07-09 13:00:00-04:00,2026-07-09 13:30:00-04:00,29954.0,29913.25,29955.25,level,40.75,0.522,0.031,20,120,FVG_FAILURE(20260706T1900)|long|15m->DISP->FVG_bull->FILL,ORIGIN_FVG_FAILURE|long|15m->DISPLACEMENT->FVG_RETEST,FVG_FAILURE|long,63.967,1.0,0.9115,0.6211,1.0,0.9533,0.0102,0.984,ORIGIN:FVG-15m-bear-20260706T1900 ; TRIGGER_FVG:FVG-15m-bull-20260709T1315,WIN,2026-07-09 13:58:00-04:00,2026-07-09 13:58:00-04:00,0.03067484662576687,True,0.607,0.08,0.0,,True,long,2026-07-09,FVG_FAILURE,rth,1.018,0.564,15m,0.522,above,+1.618,0.139,,0.031,0.016,normal,0.522,0.7881,0.3096,0,0,0,,,70,0.8286,0.284,277,0.7653,0.3099,826,0.0,0.778,0.874,0.8152,0.2897,0.0,70.0,0.0909,FAVORABLE
origin=FVG_FAILURE | anchor=rth | vwap_above,3,OC-5m-20260709T1310-L-FVG,cg-recognizer-v1.0.0,5m,2026-07-09,6,long,FVG_FAILURE,FVG-5m-bear-20260706T1850,29946.25,FVG-5m-bull-20260709T1315,36881,36882,2026-07-09 13:10:00-04:00,2026-07-09 13:20:00-04:00,29954.0,29949.0,29955.25,level,5.0,0.2,0.25,20,120,FVG_FAILURE(20260706T1850)|long|5m->DISP->FVG_bull->FILL,ORIGIN_FVG_FAILURE|long|5m->DISPLACEMENT->FVG_RETEST,FVG_FAILURE|long,65.22,1.0,0.7682,0.8347,1.0,0.6331,0.0833,0.9501,ORIGIN:FVG-5m-bear-20260706T1850 ; TRIGGER_FVG:FVG-5m-bull-20260709T1315,WIN,2026-07-09 13:58:00-04:00,2026-07-09 13:58:00-04:00,0.25,True,4.95,0.65,0.0,,True,long,2026-07-09,FVG_FAILURE,rth,2.525,0.669,5m,0.2,above,+1.618,0.171,,0.25,0.05,normal,0.2,0.7881,0.3096,0,0,0,,,207,0.744,0.3187,277,0.7653,0.3099,826,0.0,0.912,0.874,0.7461,0.3179,0.0,207.0,0.0593,FAVORABLE
origin=VWAP_BAND | anchor=rth | vwap_above,3,OC-5m-20260709T1355-S-VWA,cg-recognizer-v1.0.0,5m,2026-07-09,6,short,VWAP_BAND,VWAP+1.618-2026-07-09,29978.491562858777,FVG-5m-bear-20260709T1420,36890,36895,2026-07-09 13:55:00-04:00,2026-07-09 14:25:00-04:00,29970.75,29971.75,29939.75,level,1.0,0.048,31.0,20,120,VWAP_BAND(09)|short|5m->DISP->FVG_bear->FILL,ORIGIN_VWAP_BAND|short|5m->DISPLACEMENT->FVG_RETEST,VWAP_BAND|short,70.906,1.0,0.2926,0.7977,1.0,0.1574,1.0,0.0,ORIGIN:VWAP+1.618-2026-07-09 ; TRIGGER_FVG:FVG-5m-bear-20260709T1420,EXPIRED,,,,False,,,,,True,short,2026-07-09,VWAP_BAND,rth,1.569,0.595,5m,0.048,above,+1.618,0.784,,31.0,1.485,normal,0.048,0.7881,0.3096,0,0,0,,,49,0.8571,0.5922,76,0.8158,0.4603,826,0.0,0.71,0.655,0.8424,0.5389,0.0,49.0,0.102,FAVORABLE
origin=FVG_FAILURE | anchor=rth | vwap_above,3,OC-5m-20260709T1420-S-FVG,cg-recognizer-v1.0.0,5m,2026-07-09,6,short,FVG_FAILURE,FVG-5m-bull-20260709T1315,29954.0,FVG-5m-bear-20260709T1425,36895,36896,2026-07-09 14:20:00-04:00,2026-07-09 14:30:00-04:00,29960.5,29962.5,29939.75,level,2.0,0.097,10.375,20,120,FVG_FAILURE(20260709T1315)|short|5m->DISP->FVG_bear->FILL,ORIGIN_FVG_FAILURE|short|5m->DISPLACEMENT->FVG_RETEST,FVG_FAILURE|short,68.773,1.0,0.5271,0.4779,1.0,0.3919,1.0,0.0,ORIGIN:FVG-5m-bull-20260709T1315 ; TRIGGER_FVG:FVG-5m-bear-20260709T1425,LOSS,2026-07-09 14:30:00-04:00,2026-07-09 14:30:00-04:00,-1.0,False,2.0,2.75,,0.0,True,short,2026-07-09,FVG_FAILURE,rth,0.956,0.319,5m,0.097,above,+1.0,1.309,,10.375,1.004,normal,0.097,0.7881,0.3096,0,0,0,,,206,0.7427,0.2474,272,0.7537,0.2612,826,0.0,0.912,0.872,0.7441,0.2492,0.0,206.0,0.0596,FAVORABLE
origin=FVG_FAILURE | anchor=rth | vwap_above,3,OC-5m-20260709T1515-L-FVG,cg-recognizer-v1.0.0,5m,2026-07-09,6,long,FVG_FAILURE,FVG-5m-bear-20260709T1500,29945.5,FVG-5m-bull-20260709T1520,36906,36907,2026-07-09 15:15:00-04:00,2026-07-09 15:25:00-04:00,29940.25,29929.5,29942.62298470924,vwap_band,10.75,0.494,0.221,20,120,FVG_FAILURE(20260709T1500)|long|5m->DISP->FVG_bull->FILL,ORIGIN_FVG_FAILURE|long|5m->DISPLACEMENT->FVG_RETEST,FVG_FAILURE|long,58.676,1.0,0.9295,0.3492,1.0,0.9354,0.0736,0.8909,ORIGIN:FVG-5m-bear-20260709T1500 ; TRIGGER_FVG:FVG-5m-bull-20260709T1520,WIN,2026-07-09 15:25:00-04:00,2026-07-09 15:25:00-04:00,0.22074276365023,True,0.326,0.791,0.0,,True,long,2026-07-09,FVG_FAILURE,rth,0.77,0.185,5m,0.494,above,+1.0,0.109,,0.221,0.109,normal,0.494,0.7881,0.3096,0,0,0,,,207,0.744,0.3187,277,0.7653,0.3099,826,0.0,0.912,0.874,0.7461,0.3179,0.0,207.0,0.0593,FAVORABLE
origin=VWAP_BAND | anchor=off_anchor | vwap_above,3,OC-5m-20260709T1600-S-VWA,cg-recognizer-v1.0.0,5m,2026-07-09,6,short,VWAP_BAND,VWAP+1.0-2026-07-09,29951.105495811054,FVG-5m-bear-20260709T1625,36915,36920,2026-07-09 16:00:00-04:00,2026-07-09 16:30:00-04:00,29954.25,29957.5,29952.899039461685,vwap_band,3.25,0.126,0.416,20,120,VWAP_BAND(09)|short|5m->DISP->FVG_bear->FILL,ORIGIN_VWAP_BAND|short|5m->DISPLACEMENT->FVG_RETEST,VWAP_BAND|short,57.424,1.0,0.6157,0.6416,1.0,0.4806,0.1386,0.9475,ORIGIN:VWAP+1.0-2026-07-09 ; TRIGGER_FVG:FVG-5m-bear-20260709T1625,AMBIGUOUS,2026-07-09 18:07:00-04:00,2026-07-09 18:07:00-04:00,,False,3.385,2.077,,,True,short,2026-07-09,VWAP_BAND,off_anchor,1.049,0.584,5m,0.126,above,+1.0,0.053,,0.416,0.053,normal,0.126,0.7881,0.3096,0,0,0,,,49,0.8571,0.5922,76,0.8158,0.4603,826,0.0,0.71,0.655,0.8424,0.5389,0.0,49.0,0.102,FAVORABLE
origin=VWAP_BAND | anchor=off_anchor | vwap_above,3,OC-15m-20260709T1615-S-VWA,cg-recognizer-v1.0.0,15m,2026-07-09,6,short,VWAP_BAND,VWAP+1.0-2026-07-09,29952.899039461685,FVG-15m-bear-20260709T1830,12306,12311,2026-07-09 16:15:00-04:00,2026-07-09 18:45:00-04:00,29922.5,29923.5,29922.0,level,1.0,0.029,0.5,20,120,VWAP_BAND(09)|short|15m->DISP->FVG_bear->FILL,ORIGIN_VWAP_BAND|short|15m->DISPLACEMENT->FVG_RETEST,VWAP_BAND|short,35.88,1.0,0.1222,0.259,1.0,0.0,0.1667,0.9856,ORIGIN:VWAP+1.0-2026-07-09 ; TRIGGER_FVG:FVG-15m-bear-20260709T1830,AMBIGUOUS,2026-07-09 18:45:00-04:00,2026-07-09 18:45:00-04:00,,False,1.25,3.5,,,True,short,2026-07-09,VWAP_BAND,off_anchor,0.503,0.183,15m,0.029,above,+1.0,0.906,,0.5,0.014,normal,0.029,0.7881,0.3096,0,0,0,,,27,0.7407,0.221,76,0.8158,0.4603,826,0.0,0.574,0.655,0.7686,0.3007,0.0,27.0,0.1591,FAVORABLE
origin=VWAP_BAND | anchor=off_anchor | vwap_above,3,OC-5m-20260709T1625-S-VWA,cg-recognizer-v1.0.0,5m,2026-07-09,6,short,VWAP_BAND,VWAP+1.0-2026-07-09,29952.899039461685,FVG-5m-bear-20260709T1630,36920,36921,2026-07-09 16:25:00-04:00,2026-07-09 16:35:00-04:00,29949.25,29950.75,29939.75,level,1.5,0.065,6.333,20,120,VWAP_BAND(09)|short|5m->DISP->FVG_bear->FILL,ORIGIN_VWAP_BAND|short|5m->DISPLACEMENT->FVG_RETEST,VWAP_BAND|short,57.152,1.0,0.3954,0.2621,1.0,0.2603,1.0,0.587,ORIGIN:VWAP+1.0-2026-07-09 ; TRIGGER_FVG:FVG-5m-bear-20260709T1630,WIN,2026-07-09 18:06:00-04:00,2026-07-09 18:06:00-04:00,6.333333333333333,True,10.0,0.5,0.0,,True,short,2026-07-09,VWAP_BAND,off_anchor,0.457,0.22,5m,0.065,above,+1.0,0.164,,6.333,0.413,normal,0.065,0.7881,0.3096,0,0,0,,,49,0.8571,0.5922,76,0.8158,0.4603,826,0.0,0.71,0.655,0.8424,0.5389,0.0,49.0,0.102,FAVORABLE
origin=FVG_FAILURE | anchor=off_anchor | vwap_above,3,OC-5m-20260709T1640-S-FVG,cg-recognizer-v1.0.0,5m,2026-07-09,6,short,FVG_FAILURE,FVG-5m-bull-20260709T1600,29942.75,FVG-5m-bear-20260709T1645,36923,36924,2026-07-09 16:40:00-04:00,2026-07-09 16:50:00-04:00,29939.0,29940.5,29936.0,level,1.5,0.07,2.0,20,120,FVG_FAILURE(20260709T1600)|short|5m->DISP->FVG_bear->FILL,ORIGIN_FVG_FAILURE|short|5m->DISPLACEMENT->FVG_RETEST,FVG_FAILURE|short,52.978,1.0,0.4185,0.3268,1.0,0.2833,0.6667,0.8602,ORIGIN:FVG-5m-bull-20260709T1600 ; TRIGGER_FVG:FVG-5m-bear-20260709T1645,WIN,2026-07-09 16:57:00-04:00,2026-07-09 16:57:00-04:00,2.0,True,8.5,0.333,0.0,,True,short,2026-07-09,FVG_FAILURE,off_anchor,0.443,0.358,5m,0.07,above,+1.0,0.664,,2.0,0.14,normal,0.07,0.7881,0.3096,0,0,0,,,206,0.7427,0.2474,272,0.7537,0.2612,826,0.0,0.912,0.872,0.7441,0.2492,0.0,206.0,0.0596,FAVORABLE
origin=LIQ_SWEEP | anchor=asia_open | vwap_above,3,OC-15m-20260709T1800-S-LIQ,cg-recognizer-v1.0.0,15m,2026-07-10,6,short,LIQ_SWEEP,LVL-6-2026-07-10-candle_1000_high,29939.5,FVG-15m-bear-20260709T1830,12309,12311,2026-07-09 18:00:00-04:00,2026-07-09 18:45:00-04:00,29922.5,29923.5,29922.0,level,1.0,0.029,0.5,20,120,LIQ_SWEEP(candle_1000_high)|short|15m->DISP->FVG_bear->FILL,ORIGIN_LIQ_SWEEP|short|15m->DISPLACEMENT->FVG_RETEST,LIQ_SWEEP|short,35.88,1.0,0.1222,0.259,1.0,0.0,0.1667,0.9856,ORIGIN:LVL-6-2026-07-10-candle_1000_high ; TRIGGER_FVG:FVG-15m-bear-20260709T1830,AMBIGUOUS,2026-07-09 18:45:00-04:00,2026-07-09 18:45:00-04:00,,False,1.25,3.5,,,True,short,2026-07-10,LIQ_SWEEP,asia_open,0.503,0.183,15m,0.029,above,+1.0,0.906,LIQ_SWEEP,0.5,0.014,normal,0.029,0.7964,0.3205,4,3,1,0.75,0.7022,11,0.8182,0.8651,27,0.8148,1.0779,884,0.286,0.355,0.403,0.7921,0.7083,4.0,11.0,0.2398,FAVORABLE
origin=VWAP_BAND | anchor=asia_open | vwap_above,3,OC-15m-20260709T1800-S-VWA,cg-recognizer-v1.0.0,15m,2026-07-10,6,short,VWAP_BAND,VWAP+1.0-2026-07-10,29953.86743648855,FVG-15m-bear-20260709T1830,12309,12311,2026-07-09 18:00:00-04:00,2026-07-09 18:45:00-04:00,29922.5,29923.5,29922.0,level,1.0,0.029,0.5,20,120,VWAP_BAND(10)|short|15m->DISP->FVG_bear->FILL,ORIGIN_VWAP_BAND|short|15m->DISPLACEMENT->FVG_RETEST,VWAP_BAND|short,35.88,1.0,0.1222,0.259,1.0,0.0,0.1667,0.9856,ORIGIN:VWAP+1.0-2026-07-10 ; TRIGGER_FVG:FVG-15m-bear-20260709T1830,AMBIGUOUS,2026-07-09 18:45:00-04:00,2026-07-09 18:45:00-04:00,,False,1.25,3.5,,,True,short,2026-07-10,VWAP_BAND,asia_open,0.503,0.183,15m,0.029,above,+1.0,0.906,,0.5,0.014,normal,0.029,0.7964,0.3205,0,0,0,,,33,0.7576,0.2183,86,0.8256,0.518,884,0.0,0.623,0.683,0.7797,0.3078,0.0,33.0,0.1414,FAVORABLE
origin=LIQ_SWEEP | anchor=asia_open | vwap_above,3,OC-5m-20260709T1800-S-LIQ,cg-recognizer-v1.0.0,5m,2026-07-10,6,short,LIQ_SWEEP,LVL-6-2026-07-10-candle_1000_high,29939.5,FVG-5m-bear-20260709T1820,36927,36931,2026-07-09 18:00:00-04:00,2026-07-09 18:25:00-04:00,29923.5,29929.75,29923.0,level,6.25,0.39,0.08,20,120,LIQ_SWEEP(candle_1000_high)|short|5m->DISP->FVG_bear->FILL,ORIGIN_LIQ_SWEEP|short|5m->DISPLACEMENT->FVG_RETEST,LIQ_SWEEP|short,64.404,1.0,0.9914,0.6166,1.0,0.8562,0.0267,0.9688,ORIGIN:LVL-6-2026-07-10-candle_1000_high ; TRIGGER_FVG:FVG-5m-bear-20260709T1820,WIN,2026-07-09 18:45:00-04:00,2026-07-09 18:45:00-04:00,0.08,True,0.36,0.4,0.0,,True,short,2026-07-10,LIQ_SWEEP,asia_open,1.325,0.35,5m,0.39,above,+1.0,1.901,LIQ_SWEEP,0.08,0.031,low,0.39,0.7964,0.3205,5,5,0,1.0,0.9496,16,0.8125,1.2241,27,0.8148,1.0779,884,0.333,0.444,0.403,0.8718,0.911,5.0,16.0,0.1638,FAVORABLE
origin=VWAP_BAND | anchor=off_anchor | vwap_above,3,OC-5m-20260709T1805-S-VWA,cg-recognizer-v1.0.0,5m,2026-07-10,6,short,VWAP_BAND,VWAP+1.0-2026-07-10,29953.814650412398,FVG-5m-bear-20260709T1820,36928,36931,2026-07-09 18:05:00-04:00,2026-07-09 18:25:00-04:00,29923.5,29929.75,29923.0,level,6.25,0.39,0.08,20,120,VWAP_BAND(10)|short|5m->DISP->FVG_bear->FILL,ORIGIN_VWAP_BAND|short|5m->DISPLACEMENT->FVG_RETEST,VWAP_BAND|short,64.404,1.0,0.9914,0.6166,1.0,0.8562,0.0267,0.9688,ORIGIN:VWAP+1.0-2026-07-10 ; TRIGGER_FVG:FVG-5m-bear-20260709T1820,WIN,2026-07-09 18:45:00-04:00,2026-07-09 18:45:00-04:00,0.08,True,0.36,0.4,0.0,,True,short,2026-07-10,VWAP_BAND,off_anchor,1.325,0.35,5m,0.39,above,+1.0,1.901,,0.08,0.031,low,0.39,0.7964,0.3205,0,0,0,,,53,0.8679,0.7046,86,0.8256,0.518,884,0.0,0.726,0.683,0.8538,0.6363,0.0,53.0,0.0951,FAVORABLE
origin=LIQ_SWEEP | anchor=off_anchor | vwap_above,3,OC-15m-20260709T1815-L-LIQ,cg-recognizer-v1.0.0,15m,2026-07-10,6,long,LIQ_SWEEP,LVL-6-2026-07-10-candle_1000_low,29914.0,FVG-15m-bull-20260709T1915,12310,12314,2026-07-09 18:15:00-04:00,2026-07-09 19:30:00-04:00,29929.5,29927.5,29935.0,level,2.0,0.061,2.75,20,120,LIQ_SWEEP(candle_1000_low)|long|15m->DISP->FVG_bull->FILL,ORIGIN_LIQ_SWEEP|long|15m->DISPLACEMENT->FVG_RETEST,LIQ_SWEEP|long,61.271,1.0,0.3713,0.5502,1.0,0.2362,0.9167,0.8332,ORIGIN:LVL-6-2026-07-10-candle_1000_low ; TRIGGER_FVG:FVG-15m-bull-20260709T1915,AMBIGUOUS,2026-07-09 19:45:00-04:00,2026-07-09 19:45:00-04:00,,False,7.75,1.125,,,True,long,2026-07-10,LIQ_SWEEP,off_anchor,1.039,0.408,15m,0.061,above,+1.0,0.758,LIQ_SWEEP,2.75,0.167,normal,0.061,0.7964,0.3205,2,2,0,1.0,0.022,11,0.9091,0.0318,20,0.9,0.1123,884,0.167,0.355,0.333,0.8822,0.1481,2.0,11.0,0.1905,FAVORABLE
origin=FVG_FAILURE | anchor=off_anchor | vwap_above,3,OC-15m-20260709T1815-S-FVG,cg-recognizer-v1.0.0,15m,2026-07-10,6,short,FVG_FAILURE,FVG-15m-bull-20260709T1315,29954.0,FVG-15m-bear-20260709T1830,12310,12311,2026-07-09 18:15:00-04:00,2026-07-09 18:45:00-04:00,29922.5,29923.5,29922.0,level,1.0,0.029,0.5,20,120,FVG_FAILURE(20260709T1315)|short|15m->DISP->FVG_bear->FILL,ORIGIN_FVG_FAILURE|short|15m->DISPLACEMENT->FVG_RETEST,FVG_FAILURE|short,35.88,1.0,0.1222,0.259,1.0,0.0,0.1667,0.9856,ORIGIN:FVG-15m-bull-20260709T1315 ; TRIGGER_FVG:FVG-15m-bear-20260709T1830,AMBIGUOUS,2026-07-09 18:45:00-04:00,2026-07-09 18:45:00-04:00,,False,1.25,3.5,,,True,short,2026-07-10,FVG_FAILURE,off_anchor,0.503,0.183,15m,0.029,above,+1.0,0.906,,0.5,0.014,normal,0.029,0.7964,0.3205,0,0,0,,,69,0.7971,0.2976,288,0.7639,0.2726,884,0.0,0.775,0.878,0.7905,0.2933,0.0,69.0,0.096,FAVORABLE
origin=FVG_FAILURE | anchor=off_anchor | vwap_above,3,OC-15m-20260709T1900-L-FVG,cg-recognizer-v1.0.0,15m,2026-07-10,6,long,FVG_FAILURE,FVG-15m-bear-20260709T1830,29923.5,FVG-15m-bull-20260709T1915,12313,12314,2026-07-09 19:00:00-04:00,2026-07-09 19:30:00-04:00,29929.5,29927.5,29935.0,level,2.0,0.061,2.75,20,120,FVG_FAILURE(20260709T1830)|long|15m->DISP->FVG_bull->FILL,ORIGIN_FVG_FAILURE|long|15m->DISPLACEMENT->FVG_RETEST,FVG_FAILURE|long,61.271,1.0,0.3713,0.5502,1.0,0.2362,0.9167,0.8332,ORIGIN:FVG-15m-bear-20260709T1830 ; TRIGGER_FVG:FVG-15m-bull-20260709T1915,AMBIGUOUS,2026-07-09 19:45:00-04:00,2026-07-09 19:45:00-04:00,,False,7.75,1.125,,,True,long,2026-07-10,FVG_FAILURE,off_anchor,1.039,0.408,15m,0.061,above,+1.0,0.758,,2.75,0.167,normal,0.061,0.7964,0.3205,0,0,0,,,78,0.8333,0.268,302,0.7748,0.3036,884,0.0,0.796,0.883,0.8219,0.2757,0.0,78.0,0.0849,FAVORABLE
origin=FVG_FAILURE | anchor=off_anchor | vwap_above,3,OC-5m-20260709T1900-L-FVG,cg-recognizer-v1.0.0,5m,2026-07-10,6,long,FVG_FAILURE,FVG-5m-bear-20260709T1820,29929.75,FVG-5m-bull-20260709T1905,36939,36940,2026-07-09 19:00:00-04:00,2026-07-09 19:10:00-04:00,29929.25,29923.75,29935.0,level,5.5,0.318,1.045,20,120,FVG_FAILURE(20260709T1820)|long|5m->DISP->FVG_bull->FILL,ORIGIN_FVG_FAILURE|long|5m->DISPLACEMENT->FVG_RETEST,FVG_FAILURE|long,70.206,1.0,0.9234,0.6634,1.0,0.7882,0.3485,0.6677,ORIGIN:FVG-5m-bear-20260709T1820 ; TRIGGER_FVG:FVG-5m-bull-20260709T1905,WIN,2026-07-09 19:45:00-04:00,2026-07-09 19:45:00-04:00,1.0454545454545454,True,2.864,0.364,0.0,,True,long,2026-07-10,FVG_FAILURE,off_anchor,1.257,0.489,5m,0.318,above,+1.0,1.44,,1.045,0.332,normal,0.318,0.7964,0.3205,0,0,0,,,224,0.7545,0.3159,302,0.7748,0.3036,884,0.0,0.918,0.883,0.7563,0.3151,0.0,224.0,0.0562,FAVORABLE
origin=FVG_FAILURE | anchor=off_anchor | vwap_above,3,OC-5m-20260709T1920-L-FVG,cg-recognizer-v1.0.0,5m,2026-07-10,6,long,FVG_FAILURE,FVG-5m-bear-20260709T1630,29950.75,FVG-5m-bull-20260709T1925,36943,36944,2026-07-09 19:20:00-04:00,2026-07-09 19:30:00-04:00,29954.25,29949.0,29954.48635687788,vwap_band,5.25,0.335,0.045,20,120,FVG_FAILURE(20260709T1630)|long|5m->DISP->FVG_bull->FILL,ORIGIN_FVG_FAILURE|long|5m->DISPLACEMENT->FVG_RETEST,FVG_FAILURE|long,61.661,1.0,0.9411,0.5674,1.0,0.806,0.015,0.9849,ORIGIN:FVG-5m-bear-20260709T1630 ; TRIGGER_FVG:FVG-5m-bull-20260709T1925,AMBIGUOUS,2026-07-09 19:30:00-04:00,2026-07-09 19:30:00-04:00,,False,0.905,1.952,,,True,long,2026-07-10,FVG_FAILURE,off_anchor,1.165,0.358,5m,0.335,above,+1.0,0.015,,0.045,0.015,normal,0.335,0.7964,0.3205,0,0,0,,,224,0.7545,0.3159,302,0.7748,0.3036,884,0.0,0.918,0.883,0.7563,0.3151,0.0,224.0,0.0562,FAVORABLE
origin=VWAP_BAND | anchor=off_anchor | vwap_above,3,OC-5m-20260709T1920-S-VWA,cg-recognizer-v1.0.0,5m,2026-07-10,6,short,VWAP_BAND,VWAP+1.0-2026-07-10,29954.38360220812,FVG-5m-bear-20260709T1945,36943,36948,2026-07-09 19:20:00-04:00,2026-07-09 19:50:00-04:00,29945.0,29948.25,29939.75,level,3.25,0.232,1.615,20,120,VWAP_BAND(10)|short|5m->DISP->FVG_bear->FILL,ORIGIN_VWAP_BAND|short|5m->DISPLACEMENT->FVG_RETEST,VWAP_BAND|short,70.16,1.0,0.8186,0.6438,1.0,0.6835,0.5385,0.625,ORIGIN:VWAP+1.0-2026-07-10 ; TRIGGER_FVG:FVG-5m-bear-20260709T1945,WIN,2026-07-09 19:52:00-04:00,2026-07-09 19:52:00-04:00,1.6153846153846154,True,2.077,0.154,0.0,,True,short,2026-07-10,VWAP_BAND,off_anchor,1.321,0.407,5m,0.232,above,+1.0,0.695,,1.615,0.375,normal,0.232,0.7964,0.3205,0,0,0,,,53,0.8679,0.7046,86,0.8256,0.518,884,0.0,0.726,0.683,0.8538,0.6363,0.0,53.0,0.0951,FAVORABLE
origin=VWAP_BAND | anchor=off_anchor | vwap_above,3,OC-15m-20260709T1930-S-VWA,cg-recognizer-v1.0.0,15m,2026-07-10,6,short,VWAP_BAND,VWAP+1.0-2026-07-10,29954.66616271164,FVG-15m-bear-20260709T2015,12315,12318,2026-07-09 19:30:00-04:00,2026-07-09 20:30:00-04:00,29903.5,29926.0,29903.25,level,22.5,0.658,0.011,20,120,VWAP_BAND(10)|short|15m->DISP->FVG_bear->FILL,ORIGIN_VWAP_BAND|short|15m->DISPLACEMENT->FVG_RETEST,VWAP_BAND|short,66.028,1.0,0.8343,0.7491,1.0,0.9694,0.0037,0.9927,ORIGIN:VWAP+1.0-2026-07-10 ; TRIGGER_FVG:FVG-15m-bear-20260709T2015,WIN,2026-07-09 21:47:00-04:00,2026-07-09 21:47:00-04:00,0.011111111111111112,True,0.611,0.267,0.0,,True,short,2026-07-10,VWAP_BAND,off_anchor,3.04,0.498,15m,0.658,above,+1.0,1.486,,0.011,0.007,normal,0.658,0.7964,0.3205,0,0,0,,,33,0.7576,0.2183,86,0.8256,0.518,884,0.0,0.623,0.683,0.7797,0.3078,0.0,33.0,0.1414,FAVORABLE
origin=FVG_FAILURE | anchor=off_anchor | vwap_above,3,OC-5m-20260709T1930-S-FVG,cg-recognizer-v1.0.0,5m,2026-07-10,6,short,FVG_FAILURE,FVG-5m-bull-20260709T1925,29954.25,FVG-5m-bear-20260709T1945,36945,36948,2026-07-09 19:30:00-04:00,2026-07-09 19:50:00-04:00,29945.0,29948.25,29939.75,level,3.25,0.232,1.615,20,120,FVG_FAILURE(20260709T1925)|short|5m->DISP->FVG_bear->FILL,ORIGIN_FVG_FAILURE|short|5m->DISPLACEMENT->FVG_RETEST,FVG_FAILURE|short,70.16,1.0,0.8186,0.6438,1.0,0.6835,0.5385,0.625,ORIGIN:FVG-5m-bull-20260709T1925 ; TRIGGER_FVG:FVG-5m-bear-20260709T1945,WIN,2026-07-09 19:52:00-04:00,2026-07-09 19:52:00-04:00,1.6153846153846154,True,2.077,0.154,0.0,,True,short,2026-07-10,FVG_FAILURE,off_anchor,1.321,0.407,5m,0.232,above,+1.0,0.695,,1.615,0.375,normal,0.232,0.7964,0.3205,0,0,0,,,219,0.7534,0.2647,288,0.7639,0.2726,884,0.0,0.916,0.878,0.7546,0.2658,0.0,219.0,0.057,FAVORABLE
origin=VWAP_BAND | anchor=off_anchor | vwap_above,3,OC-5m-20260709T1950-S-VWA,cg-recognizer-v1.0.0,5m,2026-07-10,6,short,VWAP_BAND,VWAP+1.0-2026-07-10,29954.818963487014,FVG-5m-bear-20260709T2005,36949,36952,2026-07-09 19:50:00-04:00,2026-07-09 20:10:00-04:00,29916.75,29930.75,29914.0,level,14.0,0.703,0.196,20,120,VWAP_BAND(10)|short|5m->DISP->FVG_bear->FILL,ORIGIN_VWAP_BAND|short|5m->DISPLACEMENT->FVG_RETEST,VWAP_BAND|short,65.894,1.0,0.8123,0.7025,1.0,0.9474,0.0655,0.862,ORIGIN:VWAP+1.0-2026-07-10 ; TRIGGER_FVG:FVG-5m-bear-20260709T2005,WIN,2026-07-09 21:48:00-04:00,2026-07-09 21:48:00-04:00,0.19642857142857142,True,0.804,0.161,0.0,,True,short,2026-07-10,VWAP_BAND,off_anchor,2.81,0.405,5m,0.703,above,+1.0,1.915,,0.196,0.138,high,0.703,0.7964,0.3205,0,0,0,,,53,0.8679,0.7046,86,0.8256,0.518,884,0.0,0.726,0.683,0.8538,0.6363,0.0,53.0,0.0951,FAVORABLE
origin=FVG_FAILURE | anchor=off_anchor | vwap_above,3,OC-15m-20260709T2000-S-FVG,cg-recognizer-v1.0.0,15m,2026-07-10,6,short,FVG_FAILURE,FVG-15m-bull-20260709T1915,29929.5,FVG-15m-bear-20260709T2015,12317,12318,2026-07-09 20:00:00-04:00,2026-07-09 20:30:00-04:00,29903.5,29926.0,29903.25,level,22.5,0.658,0.011,20,120,FVG_FAILURE(20260709T1915)|short|15m->DISP->FVG_bear->FILL,ORIGIN_FVG_FAILURE|short|15m->DISPLACEMENT->FVG_RETEST,FVG_FAILURE|short,66.028,1.0,0.8343,0.7491,1.0,0.9694,0.0037,0.9927,ORIGIN:FVG-15m-bull-20260709T1915 ; TRIGGER_FVG:FVG-15m-bear-20260709T2015,WIN,2026-07-09 21:47:00-04:00,2026-07-09 21:47:00-04:00,0.011111111111111112,True,0.611,0.267,0.0,,True,short,2026-07-10,FVG_FAILURE,off_anchor,3.04,0.498,15m,0.658,above,+1.0,1.486,,0.011,0.007,normal,0.658,0.7964,0.3205,0,0,0,,,69,0.7971,0.2976,288,0.7639,0.2726,884,0.0,0.775,0.878,0.7905,0.2933,0.0,69.0,0.096,FAVORABLE
origin=FVG_FAILURE | anchor=off_anchor | vwap_above,3,OC-5m-20260709T2000-S-FVG,cg-recognizer-v1.0.0,5m,2026-07-10,6,short,FVG_FAILURE,FVG-5m-bull-20260709T1905,29929.25,FVG-5m-bear-20260709T2005,36951,36952,2026-07-09 20:00:00-04:00,2026-07-09 20:10:00-04:00,29916.75,29930.75,29914.0,level,14.0,0.703,0.196,20,120,FVG_FAILURE(20260709T1905)|short|5m->DISP->FVG_bear->FILL,ORIGIN_FVG_FAILURE|short|5m->DISPLACEMENT->FVG_RETEST,FVG_FAILURE|short,65.894,1.0,0.8123,0.7025,1.0,0.9474,0.0655,0.862,ORIGIN:FVG-5m-bull-20260709T1905 ; TRIGGER_FVG:FVG-5m-bear-20260709T2005,WIN,2026-07-09 21:48:00-04:00,2026-07-09 21:48:00-04:00,0.19642857142857142,True,0.804,0.161,0.0,,True,short,2026-07-10,FVG_FAILURE,off_anchor,2.81,0.405,5m,0.703,above,+1.0,1.915,,0.196,0.138,high,0.703,0.7964,0.3205,0,0,0,,,219,0.7534,0.2647,288,0.7639,0.2726,884,0.0,0.916,0.878,0.7546,0.2658,0.0,219.0,0.057,FAVORABLE
origin=FVG_FAILURE | anchor=off_anchor | vwap_below,3,OC-5m-20260709T2015-S-FVG,cg-recognizer-v1.0.0,5m,2026-07-10,6,short,FVG_FAILURE,FVG-5m-bull-20260709T1245,29891.25,FVG-5m-bear-20260709T2025,36954,36956,2026-07-09 20:15:00-04:00,2026-07-09 20:30:00-04:00,29845.25,29862.5,29826.75,level,17.25,0.583,1.072,20,120,FVG_FAILURE(20260709T1245)|short|5m->DISP->FVG_bear->FILL,ORIGIN_FVG_FAILURE|short|5m->DISPLACEMENT->FVG_RETEST,FVG_FAILURE|short,74.966,1.0,0.8742,0.7382,1.0,0.9906,0.3575,0.3744,ORIGIN:FVG-5m-bull-20260709T1245 ; TRIGGER_FVG:FVG-5m-bear-20260709T2025,LOSS,2026-07-09 20:56:00-04:00,2026-07-09 20:57:00-04:00,-1.0,False,0.232,1.0,,1.0,True,short,2026-07-10,FVG_FAILURE,off_anchor,1.97,0.476,5m,0.583,below,-1.0,2.167,,1.072,0.626,high,0.583,0.7964,0.3205,0,0,0,,,219,0.7534,0.2647,288,0.7639,0.2726,884,0.0,0.916,0.878,0.7546,0.2658,0.0,219.0,0.057,FAVORABLE
origin=FVG_FAILURE | anchor=off_anchor | vwap_below,3,OC-5m-20260709T2020-S-FVG,cg-recognizer-v1.0.0,5m,2026-07-10,6,short,FVG_FAILURE,FVG-5m-bull-20260709T1145,29880.25,FVG-5m-bear-20260709T2025,36955,36956,2026-07-09 20:20:00-04:00,2026-07-09 20:30:00-04:00,29845.25,29862.5,29826.75,level,17.25,0.583,1.072,20,120,FVG_FAILURE(20260709T1145)|short|5m->DISP->FVG_bear->FILL,ORIGIN_FVG_FAILURE|short|5m->DISPLACEMENT->FVG_RETEST,FVG_FAILURE|short,74.966,1.0,0.8742,0.7382,1.0,0.9906,0.3575,0.3744,ORIGIN:FVG-5m-bull-20260709T1145 ; TRIGGER_FVG:FVG-5m-bear-20260709T2025,LOSS,2026-07-09 20:56:00-04:00,2026-07-09 20:57:00-04:00,-1.0,False,0.232,1.0,,1.0,True,short,2026-07-10,FVG_FAILURE,off_anchor,1.97,0.476,5m,0.583,below,-1.0,2.167,,1.072,0.626,high,0.583,0.7964,0.3205,0,0,0,,,219,0.7534,0.2647,288,0.7639,0.2726,884,0.0,0.916,0.878,0.7546,0.2658,0.0,219.0,0.057,FAVORABLE
origin=LIQ_SWEEP | anchor=off_anchor | vwap_above,3,OC-15m-20260709T2030-L-LIQ,cg-recognizer-v1.0.0,15m,2026-07-10,6,long,LIQ_SWEEP,LVL-6-2026-07-10-candle_0930_low,29812.5,FVG-15m-bull-20260709T2145,12319,12324,2026-07-09 20:30:00-04:00,2026-07-09 22:00:00-04:00,29881.5,29877.25,29891.75,level,4.25,0.097,2.412,20,120,LIQ_SWEEP(candle_0930_low)|long|15m->DISP->FVG_bull->FILL,ORIGIN_LIQ_SWEEP|long|15m->DISPLACEMENT->FVG_RETEST,LIQ_SWEEP|long,63.762,1.0,0.5265,0.5491,1.0,0.3913,0.8039,0.767,ORIGIN:LVL-6-2026-07-10-candle_0930_low ; TRIGGER_FVG:FVG-15m-bull-20260709T2145,AMBIGUOUS,2026-07-09 22:00:00-04:00,2026-07-09 22:00:00-04:00,,False,3.235,2.588,,,True,long,2026-07-10,LIQ_SWEEP,off_anchor,1.091,0.371,15m,0.097,above,+1.0,1.611,LIQ_SWEEP,2.412,0.233,normal,0.097,0.7964,0.3205,4,4,0,1.0,0.1724,11,0.9091,0.0318,20,0.9,0.1123,884,0.286,0.355,0.333,0.899,0.173,4.0,11.0,0.178,FAVORABLE
origin=FVG_FAILURE | anchor=off_anchor | vwap_above,3,OC-15m-20260709T2045-L-FVG,cg-recognizer-v1.0.0,15m,2026-07-10,6,long,FVG_FAILURE,FVG-15m-bear-20260709T2030,29858.0,FVG-15m-bull-20260709T2145,12320,12324,2026-07-09 20:45:00-04:00,2026-07-09 22:00:00-04:00,29881.5,29877.25,29891.75,level,4.25,0.097,2.412,20,120,FVG_FAILURE(20260709T2030)|long|15m->DISP->FVG_bull->FILL,ORIGIN_FVG_FAILURE|long|15m->DISPLACEMENT->FVG_RETEST,FVG_FAILURE|long,63.762,1.0,0.5265,0.5491,1.0,0.3913,0.8039,0.767,ORIGIN:FVG-15m-bear-20260709T2030 ; TRIGGER_FVG:FVG-15m-bull-20260709T2145,AMBIGUOUS,2026-07-09 22:00:00-04:00,2026-07-09 22:00:00-04:00,,False,3.235,2.588,,,True,long,2026-07-10,FVG_FAILURE,off_anchor,1.091,0.371,15m,0.097,above,+1.0,1.611,,2.412,0.233,normal,0.097,0.7964,0.3205,0,0,0,,,78,0.8333,0.268,302,0.7748,0.3036,884,0.0,0.796,0.883,0.8219,0.2757,0.0,78.0,0.0849,FAVORABLE
origin=FVG_FAILURE | anchor=off_anchor | vwap_above,3,OC-5m-20260709T2235-L-FVG,cg-recognizer-v1.0.0,5m,2026-07-10,6,long,FVG_FAILURE,FVG-5m-bear-20260709T2200,29899.25,FVG-5m-bull-20260709T2240,36982,36983,2026-07-09 22:35:00-04:00,2026-07-09 22:45:00-04:00,29905.25,29898.0,29907.5,level,7.25,0.289,0.31,20,120,FVG_FAILURE(20260709T2200)|long|5m->DISP->FVG_bull->FILL,ORIGIN_FVG_FAILURE|long|5m->DISPLACEMENT->FVG_RETEST,FVG_FAILURE|long,61.952,1.0,0.8911,0.561,1.0,0.756,0.1034,0.9104,ORIGIN:FVG-5m-bear-20260709T2200 ; TRIGGER_FVG:FVG-5m-bull-20260709T2240,WIN,2026-07-09 22:45:00-04:00,2026-07-09 22:45:00-04:00,0.3103448275862069,True,0.793,0.345,0.0,,True,long,2026-07-10,FVG_FAILURE,off_anchor,0.995,0.459,5m,0.289,above,+1.0,1.861,,0.31,0.09,normal,0.289,0.7964,0.3205,0,0,0,,,224,0.7545,0.3159,302,0.7748,0.3036,884,0.0,0.918,0.883,0.7563,0.3151,0.0,224.0,0.0562,FAVORABLE
origin=FVG_FAILURE | anchor=off_anchor | vwap_above,3,OC-15m-20260709T2245-L-FVG,cg-recognizer-v1.0.0,15m,2026-07-10,6,long,FVG_FAILURE,FVG-15m-bear-20260709T2015,29926.0,FVG-15m-bull-20260709T2300,12328,12329,2026-07-09 22:45:00-04:00,2026-07-09 23:15:00-04:00,29940.25,29916.25,29945.0,level,24.0,0.499,0.198,20,120,FVG_FAILURE(20260709T2015)|long|15m->DISP->FVG_bull->FILL,ORIGIN_FVG_FAILURE|long|15m->DISPLACEMENT->FVG_RETEST,FVG_FAILURE|long,67.739,1.0,0.9266,0.719,1.0,0.9382,0.066,0.9013,ORIGIN:FVG-15m-bear-20260709T2015 ; TRIGGER_FVG:FVG-15m-bull-20260709T2300,WIN,2026-07-09 23:20:00-04:00,2026-07-09 23:21:00-04:00,0.19791666666666666,True,0.219,0.135,1.0,,True,long,2026-07-10,FVG_FAILURE,off_anchor,1.329,0.552,15m,0.499,above,+1.0,0.254,,0.198,0.099,high,0.499,0.7964,0.3205,0,0,0,,,78,0.8333,0.268,302,0.7748,0.3036,884,0.0,0.796,0.883,0.8219,0.2757,0.0,78.0,0.0849,FAVORABLE
origin=VWAP_BAND | anchor=off_anchor | vwap_above,3,OC-15m-20260709T2245-S-VWA,cg-recognizer-v1.0.0,15m,2026-07-10,6,short,VWAP_BAND,VWAP+1.0-2026-07-10,29952.254577600423,FVG-15m-bear-20260709T2330,12328,12331,2026-07-09 22:45:00-04:00,2026-07-09 23:45:00-04:00,29932.75,29940.25,29924.5,level,7.5,0.156,1.1,20,120,VWAP_BAND(10)|short|15m->DISP->FVG_bear->FILL,ORIGIN_VWAP_BAND|short|15m->DISPLACEMENT->FVG_RETEST,VWAP_BAND|short,56.836,1.0,0.686,0.3872,1.0,0.5509,0.3667,0.8284,ORIGIN:VWAP+1.0-2026-07-10 ; TRIGGER_FVG:FVG-15m-bear-20260709T2330,WIN,2026-07-09 23:58:00-04:00,2026-07-09 23:58:00-04:00,1.1,True,1.567,0.133,0.0,,True,short,2026-07-10,VWAP_BAND,off_anchor,0.561,0.4,15m,0.156,above,+1.0,0.414,,1.1,0.172,high,0.156,0.7964,0.3205,0,0,0,,,33,0.7576,0.2183,86,0.8256,0.518,884,0.0,0.623,0.683,0.7797,0.3078,0.0,33.0,0.1414,FAVORABLE
origin=FVG_FAILURE | anchor=off_anchor | vwap_above,3,OC-5m-20260709T2250-L-FVG,cg-recognizer-v1.0.0,5m,2026-07-10,6,long,FVG_FAILURE,FVG-5m-bear-20260709T2005,29930.75,FVG-5m-bull-20260709T2255,36985,36986,2026-07-09 22:50:00-04:00,2026-07-09 23:00:00-04:00,29936.0,29932.0,29938.0,level,4.0,0.169,0.5,20,120,FVG_FAILURE(20260709T2005)|long|5m->DISP->FVG_bull->FILL,ORIGIN_FVG_FAILURE|long|5m->DISPLACEMENT->FVG_RETEST,FVG_FAILURE|long,64.923,1.0,0.7119,0.8222,1.0,0.5768,0.1667,0.9157,ORIGIN:FVG-5m-bear-20260709T2005 ; TRIGGER_FVG:FVG-5m-bull-20260709T2255,AMBIGUOUS,2026-07-09 23:24:00-04:00,2026-07-09 23:24:00-04:00,,False,0.938,2.438,,,True,long,2026-07-10,FVG_FAILURE,off_anchor,1.833,0.644,5m,0.169,above,+1.0,0.685,,0.5,0.084,normal,0.169,0.7964,0.3205,0,0,0,,,224,0.7545,0.3159,302,0.7748,0.3036,884,0.0,0.918,0.883,0.7563,0.3151,0.0,224.0,0.0562,FAVORABLE
origin=VWAP_BAND | anchor=off_anchor | vwap_above,3,OC-5m-20260709T2305-S-VWA,cg-recognizer-v1.0.0,5m,2026-07-10,6,short,VWAP_BAND,VWAP+1.0-2026-07-10,29952.420301384966,FVG-5m-bear-20260709T2325,36988,36992,2026-07-09 23:05:00-04:00,2026-07-09 23:30:00-04:00,29932.25,29940.5,29924.5,level,8.25,0.442,0.939,20,120,VWAP_BAND(10)|short|5m->DISP->FVG_bear->FILL,ORIGIN_VWAP_BAND|short|5m->DISPLACEMENT->FVG_RETEST,VWAP_BAND|short,73.557,1.0,0.967,0.7321,1.0,0.8979,0.3131,0.5851,ORIGIN:VWAP+1.0-2026-07-10 ; TRIGGER_FVG:FVG-5m-bear-20260709T2325,WIN,2026-07-09 23:31:00-04:00,2026-07-09 23:31:00-04:00,0.9393939393939394,True,1.545,0.061,0.0,,True,short,2026-07-10,VWAP_BAND,off_anchor,1.285,0.608,5m,0.442,above,+1.0,1.09,,0.939,0.415,low,0.442,0.7964,0.3205,0,0,0,,,53,0.8679,0.7046,86,0.8256,0.518,884,0.0,0.726,0.683,0.8538,0.6363,0.0,53.0,0.0951,FAVORABLE
origin=FVG_FAILURE | anchor=off_anchor | vwap_above,3,OC-5m-20260709T2320-S-FVG,cg-recognizer-v1.0.0,5m,2026-07-10,6,short,FVG_FAILURE,FVG-5m-bull-20260709T2255,29936.0,FVG-5m-bear-20260709T2325,36991,36992,2026-07-09 23:20:00-04:00,2026-07-09 23:30:00-04:00,29932.25,29940.5,29924.5,level,8.25,0.442,0.939,20,120,FVG_FAILURE(20260709T2255)|short|5m->DISP->FVG_bear->FILL,ORIGIN_FVG_FAILURE|short|5m->DISPLACEMENT->FVG_RETEST,FVG_FAILURE|short,73.557,1.0,0.967,0.7321,1.0,0.8979,0.3131,0.5851,ORIGIN:FVG-5m-bull-20260709T2255 ; TRIGGER_FVG:FVG-5m-bear-20260709T2325,WIN,2026-07-09 23:31:00-04:00,2026-07-09 23:31:00-04:00,0.9393939393939394,True,1.545,0.061,0.0,,True,short,2026-07-10,FVG_FAILURE,off_anchor,1.285,0.608,5m,0.442,above,+1.0,1.09,,0.939,0.415,low,0.442,0.7964,0.3205,0,0,0,,,219,0.7534,0.2647,288,0.7639,0.2726,884,0.0,0.916,0.878,0.7546,0.2658,0.0,219.0,0.057,FAVORABLE
origin=FVG_FAILURE | anchor=off_anchor | vwap_above,3,OC-15m-20260710T0030-S-FVG,cg-recognizer-v1.0.0,15m,2026-07-10,6,short,FVG_FAILURE,FVG-15m-bull-20260709T2300,29940.25,FVG-15m-bear-20260710T0100,12335,12337,2026-07-10 00:30:00-04:00,2026-07-10 01:15:00-04:00,29886.5,29906.25,29884.5,level,19.75,0.603,0.101,20,120,FVG_FAILURE(20260709T2300)|short|15m->DISP->FVG_bear->FILL,ORIGIN_FVG_FAILURE|short|15m->DISPLACEMENT->FVG_RETEST,FVG_FAILURE|short,66.933,1.0,0.8632,0.7276,1.0,0.9983,0.0338,0.9389,ORIGIN:FVG-15m-bull-20260709T2300 ; TRIGGER_FVG:FVG-15m-bear-20260710T0100,WIN,2026-07-10 01:15:00-04:00,2026-07-10 01:15:00-04:00,0.10126582278481013,True,0.241,0.532,0.0,,True,short,2026-07-10,FVG_FAILURE,off_anchor,1.389,0.529,15m,0.603,above,+1.0,2.025,,0.101,0.061,low,0.603,0.7964,0.3205,0,0,0,,,69,0.7971,0.2976,288,0.7639,0.2726,884,0.0,0.775,0.878,0.7905,0.2933,0.0,69.0,0.096,FAVORABLE
origin=FVG_FAILURE | anchor=off_anchor | vwap_above,3,OC-5m-20260710T0030-S-FVG,cg-recognizer-v1.0.0,5m,2026-07-10,6,short,FVG_FAILURE,FVG-5m-bull-20260709T2250,29928.0,FVG-5m-bear-20260710T0050,37005,37009,2026-07-10 00:30:00-04:00,2026-07-10 00:55:00-04:00,29904.0,29913.75,29903.25,level,9.75,0.635,0.077,20,120,FVG_FAILURE(20260709T2250)|short|5m->DISP->FVG_bear->FILL,ORIGIN_FVG_FAILURE|short|5m->DISPLACEMENT->FVG_RETEST,FVG_FAILURE|short,67.784,1.0,0.846,0.7861,1.0,0.9812,0.0256,0.9512,ORIGIN:FVG-5m-bull-20260709T2250 ; TRIGGER_FVG:FVG-5m-bear-20260710T0050,EXPIRED,,,,False,,,,,True,short,2026-07-10,FVG_FAILURE,off_anchor,1.612,0.572,5m,0.635,above,+1.0,3.19,,0.077,0.049,normal,0.635,0.7964,0.3205,0,0,0,,,219,0.7534,0.2647,288,0.7639,0.2726,884,0.0,0.916,0.878,0.7546,0.2658,0.0,219.0,0.057,FAVORABLE
origin=FVG_FAILURE | anchor=off_anchor | vwap_above,3,OC-15m-20260710T0045-S-FVG,cg-recognizer-v1.0.0,15m,2026-07-10,6,short,FVG_FAILURE,FVG-15m-bull-20260709T2245,29902.0,FVG-15m-bear-20260710T0100,12336,12337,2026-07-10 00:45:00-04:00,2026-07-10 01:15:00-04:00,29886.5,29906.25,29884.5,level,19.75,0.603,0.101,20,120,FVG_FAILURE(20260709T2245)|short|15m->DISP->FVG_bear->FILL,ORIGIN_FVG_FAILURE|short|15m->DISPLACEMENT->FVG_RETEST,FVG_FAILURE|short,66.933,1.0,0.8632,0.7276,1.0,0.9983,0.0338,0.9389,ORIGIN:FVG-15m-bull-20260709T2245 ; TRIGGER_FVG:FVG-15m-bear-20260710T0100,WIN,2026-07-10 01:15:00-04:00,2026-07-10 01:15:00-04:00,0.10126582278481013,True,0.241,0.532,0.0,,True,short,2026-07-10,FVG_FAILURE,off_anchor,1.389,0.529,15m,0.603,above,+1.0,2.025,,0.101,0.061,low,0.603,0.7964,0.3205,0,0,0,,,69,0.7971,0.2976,288,0.7639,0.2726,884,0.0,0.775,0.878,0.7905,0.2933,0.0,69.0,0.096,FAVORABLE
origin=FVG_FAILURE | anchor=off_anchor | vwap_below,3,OC-15m-20260710T0115-S-FVG,cg-recognizer-v1.0.0,15m,2026-07-10,6,short,FVG_FAILURE,FVG-15m-bull-20260709T2145,29881.5,FVG-15m-bear-20260710T0215,12338,12342,2026-07-10 01:15:00-04:00,2026-07-10 02:30:00-04:00,29830.75,29840.0,29826.75,level,9.25,0.316,0.432,20,120,FVG_FAILURE(20260709T2145)|short|15m->DISP->FVG_bear->FILL,ORIGIN_FVG_FAILURE|short|15m->DISPLACEMENT->FVG_RETEST,FVG_FAILURE|short,70.448,1.0,0.9213,0.8369,1.0,0.7861,0.1441,0.8634,ORIGIN:FVG-15m-bull-20260709T2145 ; TRIGGER_FVG:FVG-15m-bear-20260710T0215,WIN,2026-07-10 02:33:00-04:00,2026-07-10 02:33:00-04:00,0.43243243243243246,True,1.162,0.054,0.0,,True,short,2026-07-10,FVG_FAILURE,off_anchor,2.945,0.674,15m,0.316,below,-1.0,1.567,,0.432,0.137,low,0.316,0.7964,0.3205,0,0,0,,,69,0.7971,0.2976,288,0.7639,0.2726,884,0.0,0.775,0.878,0.7905,0.2933,0.0,69.0,0.096,FAVORABLE
origin=VWAP_BAND | anchor=off_anchor | vwap_below,3,OC-5m-20260710T0225-L-VWA,cg-recognizer-v1.0.0,5m,2026-07-10,6,long,VWAP_BAND,VWAP-1.0-2026-07-10,29784.863287688695,FVG-5m-bull-20260710T0250,37028,37033,2026-07-10 02:25:00-04:00,2026-07-10 02:55:00-04:00,29820.75,29820.0,29848.25,level,0.75,0.033,36.667,20,120,VWAP_BAND(10)|long|5m->DISP->FVG_bull->FILL,ORIGIN_VWAP_BAND|long|5m->DISPLACEMENT->FVG_RETEST,VWAP_BAND|long,68.15,1.0,0.1646,0.8154,1.0,0.0295,1.0,0.0,ORIGIN:VWAP-1.0-2026-07-10 ; TRIGGER_FVG:FVG-5m-bull-20260710T0250,LOSS,2026-07-10 02:55:00-04:00,2026-07-10 02:55:00-04:00,-1.0,False,7.0,4.667,,0.0,True,long,2026-07-10,VWAP_BAND,off_anchor,1.479,0.645,5m,0.033,below,-1.0,1.573,,36.667,1.197,high,0.033,0.7964,0.3205,0,0,0,,,88,0.875,0.3428,154,0.8636,0.2322,884,0.0,0.815,0.794,0.8703,0.3257,0.0,88.0,0.0702,FAVORABLE
origin=FVG_FAILURE | anchor=off_anchor | vwap_below,3,OC-5m-20260710T0230-L-FVG,cg-recognizer-v1.0.0,5m,2026-07-10,6,long,FVG_FAILURE,FVG-5m-bear-20260710T0225,29811.0,FVG-5m-bull-20260710T0250,37029,37033,2026-07-10 02:30:00-04:00,2026-07-10 02:55:00-04:00,29820.75,29820.0,29848.25,level,0.75,0.033,36.667,20,120,FVG_FAILURE(20260710T0225)|long|5m->DISP->FVG_bull->FILL,ORIGIN_FVG_FAILURE|long|5m->DISPLACEMENT->FVG_RETEST,FVG_FAILURE|long,68.15,1.0,0.1646,0.8154,1.0,0.0295,1.0,0.0,ORIGIN:FVG-5m-bear-20260710T0225 ; TRIGGER_FVG:FVG-5m-bull-20260710T0250,LOSS,2026-07-10 02:55:00-04:00,2026-07-10 02:55:00-04:00,-1.0,False,7.0,4.667,,0.0,True,long,2026-07-10,FVG_FAILURE,off_anchor,1.479,0.645,5m,0.033,below,-1.0,1.573,,36.667,1.197,high,0.033,0.7964,0.3205,0,0,0,,,224,0.7545,0.3159,302,0.7748,0.3036,884,0.0,0.918,0.883,0.7563,0.3151,0.0,224.0,0.0562,FAVORABLE
origin=FVG_FAILURE | anchor=off_anchor | vwap_below,3,OC-5m-20260710T0245-L-FVG,cg-recognizer-v1.0.0,5m,2026-07-10,6,long,FVG_FAILURE,FVG-5m-bear-20260710T0220,29820.0,FVG-5m-bull-20260710T0250,37032,37033,2026-07-10 02:45:00-04:00,2026-07-10 02:55:00-04:00,29820.75,29820.0,29848.25,level,0.75,0.033,36.667,20,120,FVG_FAILURE(20260710T0220)|long|5m->DISP->FVG_bull->FILL,ORIGIN_FVG_FAILURE|long|5m->DISPLACEMENT->FVG_RETEST,FVG_FAILURE|long,68.15,1.0,0.1646,0.8154,1.0,0.0295,1.0,0.0,ORIGIN:FVG-5m-bear-20260710T0220 ; TRIGGER_FVG:FVG-5m-bull-20260710T0250,LOSS,2026-07-10 02:55:00-04:00,2026-07-10 02:55:00-04:00,-1.0,False,7.0,4.667,,0.0,True,long,2026-07-10,FVG_FAILURE,off_anchor,1.479,0.645,5m,0.033,below,-1.0,1.573,,36.667,1.197,high,0.033,0.7964,0.3205,0,0,0,,,224,0.7545,0.3159,302,0.7748,0.3036,884,0.0,0.918,0.883,0.7563,0.3151,0.0,224.0,0.0562,FAVORABLE
origin=VWAP_BAND | anchor=off_anchor | vwap_below,3,OC-15m-20260710T0500-L-VWA,cg-recognizer-v1.0.0,15m,2026-07-10,6,long,VWAP_BAND,VWAP-1.618-2026-07-10,29729.998052318646,FVG-15m-bull-20260710T0530,12353,12355,2026-07-10 05:00:00-04:00,2026-07-10 05:45:00-04:00,29806.0,29800.75,29810.5,level,5.25,0.132,0.857,20,120,VWAP_BAND(10)|long|15m->DISP->FVG_bull->FILL,ORIGIN_VWAP_BAND|long|15m->DISPLACEMENT->FVG_RETEST,VWAP_BAND|long,56.196,1.0,0.6299,0.478,1.0,0.4947,0.2857,0.887,ORIGIN:VWAP-1.618-2026-07-10 ; TRIGGER_FVG:FVG-15m-bull-20260710T0530,WIN,2026-07-10 05:52:00-04:00,2026-07-10 05:52:00-04:00,0.8571428571428571,True,1.048,0.429,0.0,,True,long,2026-07-10,VWAP_BAND,off_anchor,0.973,0.308,15m,0.132,below,-1.0,0.62,,0.857,0.113,normal,0.132,0.7964,0.3205,0,0,0,,,66,0.8485,0.0847,154,0.8636,0.2322,884,0.0,0.767,0.794,0.8488,0.1233,0.0,66.0,0.0864,FAVORABLE
origin=FVG_FAILURE | anchor=off_anchor | vwap_below,3,OC-5m-20260710T0625-L-FVG,cg-recognizer-v1.0.0,5m,2026-07-10,6,long,FVG_FAILURE,FVG-5m-bear-20260710T0210,29839.25,FVG-5m-bull-20260710T0635,37076,37078,2026-07-10 06:25:00-04:00,2026-07-10 06:40:00-04:00,29844.75,29839.5,29848.25,level,5.25,0.292,0.667,20,120,FVG_FAILURE(20260710T0210)|long|5m->DISP->FVG_bull->FILL,ORIGIN_FVG_FAILURE|long|5m->DISPLACEMENT->FVG_RETEST,FVG_FAILURE|long,63.499,1.0,0.8947,0.5271,1.0,0.7596,0.2222,0.8056,ORIGIN:FVG-5m-bear-20260710T0210 ; TRIGGER_FVG:FVG-5m-bull-20260710T0635,WIN,2026-07-10 06:41:00-04:00,2026-07-10 06:41:00-04:00,0.6666666666666666,True,1.19,0.143,0.0,,True,long,2026-07-10,FVG_FAILURE,off_anchor,1.014,0.378,5m,0.292,below,-1.0,3.527,,0.667,0.194,normal,0.292,0.7964,0.3205,0,0,0,,,224,0.7545,0.3159,302,0.7748,0.3036,884,0.0,0.918,0.883,0.7563,0.3151,0.0,224.0,0.0562,FAVORABLE
origin=FVG_FAILURE | anchor=off_anchor | vwap_below,3,OC-5m-20260710T0640-L-FVG,cg-recognizer-v1.0.0,5m,2026-07-10,6,long,FVG_FAILURE,FVG-5m-bear-20260710T0155,29858.25,FVG-5m-bull-20260710T0700,37079,37083,2026-07-10 06:40:00-04:00,2026-07-10 07:05:00-04:00,29849.0,29845.25,29863.934896928055,vwap,3.75,0.214,3.983,20,120,FVG_FAILURE(20260710T0155)|long|5m->DISP->FVG_bull->FILL,ORIGIN_FVG_FAILURE|long|5m->DISPLACEMENT->FVG_RETEST,FVG_FAILURE|long,82.348,1.0,0.7913,0.7864,1.0,0.6561,1.0,0.1483,ORIGIN:FVG-5m-bear-20260710T0155 ; TRIGGER_FVG:FVG-5m-bull-20260710T0700,LOSS,2026-07-10 07:30:00-04:00,2026-07-10 07:30:00-04:00,-1.0,False,0.8,5.267,,0.0,True,long,2026-07-10,FVG_FAILURE,off_anchor,1.796,0.573,5m,0.214,below,-1.0,3.854,,3.983,0.852,normal,0.214,0.7964,0.3205,0,0,0,,,224,0.7545,0.3159,302,0.7748,0.3036,884,0.0,0.918,0.883,0.7563,0.3151,0.0,224.0,0.0562,FAVORABLE
origin=FVG_FAILURE | anchor=off_anchor | vwap_below,3,OC-5m-20260710T0725-S-FVG,cg-recognizer-v1.0.0,5m,2026-07-10,6,short,FVG_FAILURE,FVG-5m-bull-20260710T0705,29862.0,FVG-5m-bear-20260710T0730,37088,37089,2026-07-10 07:25:00-04:00,2026-07-10 07:35:00-04:00,29852.0,29876.75,29826.75,level,24.75,1.304,1.02,20,120,FVG_FAILURE(20260710T0705)|short|5m->DISP->FVG_bear->FILL,ORIGIN_FVG_FAILURE|short|5m->DISPLACEMENT->FVG_RETEST,FVG_FAILURE|short,71.226,1.0,0.6061,0.7848,1.0,0.7413,0.3401,0.0,ORIGIN:FVG-5m-bull-20260710T0705 ; TRIGGER_FVG:FVG-5m-bear-20260710T0730,AMBIGUOUS,2026-07-10 08:13:00-04:00,2026-07-10 08:13:00-04:00,,False,2.889,1.081,,,True,short,2026-07-10,FVG_FAILURE,off_anchor,2.371,0.57,5m,1.304,below,-1.0,3.702,,1.02,1.33,normal,1.304,0.7964,0.3205,0,0,0,,,219,0.7534,0.2647,288,0.7639,0.2726,884,0.0,0.916,0.878,0.7546,0.2658,0.0,219.0,0.057,FAVORABLE
origin=FVG_FAILURE | anchor=off_anchor | vwap_below,3,OC-5m-20260710T0730-S-FVG,cg-recognizer-v1.0.0,5m,2026-07-10,6,short,FVG_FAILURE,FVG-5m-bull-20260710T0700,29849.0,FVG-5m-bear-20260710T0735,37089,37090,2026-07-10 07:30:00-04:00,2026-07-10 07:40:00-04:00,29840.25,29850.5,29826.75,level,10.25,0.545,1.317,20,120,FVG_FAILURE(20260710T0700)|short|5m->DISP->FVG_bear->FILL,ORIGIN_FVG_FAILURE|short|5m->DISPLACEMENT->FVG_RETEST,FVG_FAILURE|short,79.593,1.0,0.8968,0.8514,1.0,0.968,0.439,0.2821,ORIGIN:FVG-5m-bull-20260710T0700 ; TRIGGER_FVG:FVG-5m-bear-20260710T0735,WIN,2026-07-10 07:44:00-04:00,2026-07-10 07:45:00-04:00,1.3170731707317074,True,1.585,0.268,1.0,,True,short,2026-07-10,FVG_FAILURE,off_anchor,3.616,0.703,5m,0.545,below,-1.0,3.113,,1.317,0.718,normal,0.545,0.7964,0.3205,0,0,0,,,219,0.7534,0.2647,288,0.7639,0.2726,884,0.0,0.916,0.878,0.7546,0.2658,0.0,219.0,0.057,FAVORABLE
origin=VWAP_BAND | anchor=off_anchor | vwap_below,3,OC-5m-20260710T0800-L-VWA,cg-recognizer-v1.0.0,5m,2026-07-10,6,long,VWAP_BAND,VWAP-1.0-2026-07-10,29781.579597839638,FVG-5m-bull-20260710T0815,37095,37098,2026-07-10 08:00:00-04:00,2026-07-10 08:20:00-04:00,29825.0,29793.75,29848.25,level,31.25,1.111,0.744,20,120,VWAP_BAND(10)|long|5m->DISP->FVG_bull->FILL,ORIGIN_VWAP_BAND|long|5m->DISPLACEMENT->FVG_RETEST,VWAP_BAND|long,67.521,1.0,0.6594,0.6732,1.0,0.7946,0.248,0.1733,ORIGIN:VWAP-1.0-2026-07-10 ; TRIGGER_FVG:FVG-5m-bull-20260710T0815,WIN,2026-07-10 08:35:00-04:00,2026-07-10 08:39:00-04:00,0.744,True,1.104,0.176,4.0,,True,long,2026-07-10,VWAP_BAND,off_anchor,1.804,0.346,5m,1.111,below,-1.0,1.546,,0.744,0.827,high,1.111,0.7964,0.3205,0,0,0,,,88,0.875,0.3428,154,0.8636,0.2322,884,0.0,0.815,0.794,0.8703,0.3257,0.0,88.0,0.0702,FAVORABLE
origin=FVG_FAILURE | anchor=off_anchor | vwap_below,3,OC-5m-20260710T0810-L-FVG,cg-recognizer-v1.0.0,5m,2026-07-10,6,long,FVG_FAILURE,FVG-5m-bear-20260710T0805,29806.75,FVG-5m-bull-20260710T0815,37097,37098,2026-07-10 08:10:00-04:00,2026-07-10 08:20:00-04:00,29825.0,29793.75,29848.25,level,31.25,1.111,0.744,20,120,FVG_FAILURE(20260710T0805)|long|5m->DISP->FVG_bull->FILL,ORIGIN_FVG_FAILURE|long|5m->DISPLACEMENT->FVG_RETEST,FVG_FAILURE|long,67.521,1.0,0.6594,0.6732,1.0,0.7946,0.248,0.1733,ORIGIN:FVG-5m-bear-20260710T0805 ; TRIGGER_FVG:FVG-5m-bull-20260710T0815,WIN,2026-07-10 08:35:00-04:00,2026-07-10 08:39:00-04:00,0.744,True,1.104,0.176,4.0,,True,long,2026-07-10,FVG_FAILURE,off_anchor,1.804,0.346,5m,1.111,below,-1.0,1.546,,0.744,0.827,high,1.111,0.7964,0.3205,0,0,0,,,224,0.7545,0.3159,302,0.7748,0.3036,884,0.0,0.918,0.883,0.7563,0.3151,0.0,224.0,0.0562,FAVORABLE
origin=FVG_FAILURE | anchor=off_anchor | vwap_below,3,OC-5m-20260710T0920-L-FVG,cg-recognizer-v1.0.0,5m,2026-07-10,6,long,FVG_FAILURE,FVG-5m-bear-20260710T0900,29819.25,FVG-5m-bull-20260710T0935,37111,37114,2026-07-10 09:20:00-04:00,2026-07-10 09:40:00-04:00,29856.75,29851.0,29867.818543715843,vwap_band,5.75,0.176,1.925,20,120,FVG_FAILURE(20260710T0900)|long|5m->DISP->FVG_bull->FILL,ORIGIN_FVG_FAILURE|long|5m->DISPLACEMENT->FVG_RETEST,FVG_FAILURE|long,64.292,1.0,0.7268,0.4461,1.0,0.5917,0.6417,0.6607,ORIGIN:FVG-5m-bear-20260710T0900 ; TRIGGER_FVG:FVG-5m-bull-20260710T0935,LOSS,2026-07-10 09:40:00-04:00,2026-07-10 09:40:00-04:00,-1.0,False,1.913,10.217,,0.0,True,long,2026-07-10,FVG_FAILURE,off_anchor,1.103,0.157,5m,0.176,below,-1.618,0.063,,1.925,0.339,normal,0.176,0.7964,0.3205,0,0,0,,,224,0.7545,0.3159,302,0.7748,0.3036,884,0.0,0.918,0.883,0.7563,0.3151,0.0,224.0,0.0562,FAVORABLE
origin=VWAP_BAND | anchor=0930 | vwap_below,3,OC-15m-20260710T0930-L-VWA,cg-recognizer-v1.0.0,15m,2026-07-10,6,long,VWAP_BAND,VWAP-2.0-2026-07-10,29812.757255844444,FVG-15m-bull-20260710T0945,12371,12372,2026-07-10 09:30:00-04:00,2026-07-10 10:00:00-04:00,29852.75,29851.0,29857.587822807094,vwap_band,1.75,0.036,2.764,20,120,VWAP_BAND(10)|long|15m->DISP->FVG_bull->FILL,ORIGIN_VWAP_BAND|long|15m->DISPLACEMENT->FVG_RETEST,VWAP_BAND|long,60.063,1.0,0.2002,0.6834,1.0,0.0651,0.9215,0.8996,ORIGIN:VWAP-2.0-2026-07-10 ; TRIGGER_FVG:FVG-15m-bull-20260710T0945,AMBIGUOUS,2026-07-10 10:21:00-04:00,2026-07-10 10:21:00-04:00,,False,24.714,4.571,,,True,long,2026-07-10,VWAP_BAND,0930,2.313,0.367,15m,0.036,below,-1.0,0.1,,2.764,0.1,high,0.036,0.7964,0.3205,0,0,0,,,66,0.8485,0.0847,154,0.8636,0.2322,884,0.0,0.767,0.794,0.8488,0.1233,0.0,66.0,0.0864,FAVORABLE
origin=FVG_FAILURE | anchor=0930 | vwap_below,3,OC-5m-20260710T0930-L-FVG,cg-recognizer-v1.0.0,5m,2026-07-10,6,long,FVG_FAILURE,FVG-5m-bear-20260710T0730,29876.75,FVG-5m-bull-20260710T0935,37113,37114,2026-07-10 09:30:00-04:00,2026-07-10 09:40:00-04:00,29856.75,29851.0,29867.818543715843,vwap_band,5.75,0.176,1.925,20,120,FVG_FAILURE(20260710T0730)|long|5m->DISP->FVG_bull->FILL,ORIGIN_FVG_FAILURE|long|5m->DISPLACEMENT->FVG_RETEST,FVG_FAILURE|long,64.292,1.0,0.7268,0.4461,1.0,0.5917,0.6417,0.6607,ORIGIN:FVG-5m-bear-20260710T0730 ; TRIGGER_FVG:FVG-5m-bull-20260710T0935,LOSS,2026-07-10 09:40:00-04:00,2026-07-10 09:40:00-04:00,-1.0,False,1.913,10.217,,0.0,True,long,2026-07-10,FVG_FAILURE,0930,1.103,0.157,5m,0.176,below,-1.618,0.063,,1.925,0.339,normal,0.176,0.7964,0.3205,0,0,0,,,224,0.7545,0.3159,302,0.7748,0.3036,884,0.0,0.918,0.883,0.7563,0.3151,0.0,224.0,0.0562,FAVORABLE
origin=VWAP_BAND | anchor=0930 | vwap_below,3,OC-5m-20260710T0930-L-VWA,cg-recognizer-v1.0.0,5m,2026-07-10,6,long,VWAP_BAND,VWAP-2.618-2026-07-10,29825.472192999743,FVG-5m-bull-20260710T0935,37113,37114,2026-07-10 09:30:00-04:00,2026-07-10 09:40:00-04:00,29856.75,29851.0,29867.818543715843,vwap_band,5.75,0.176,1.925,20,120,VWAP_BAND(10)|long|5m->DISP->FVG_bull->FILL,ORIGIN_VWAP_BAND|long|5m->DISPLACEMENT->FVG_RETEST,VWAP_BAND|long,64.292,1.0,0.7268,0.4461,1.0,0.5917,0.6417,0.6607,ORIGIN:VWAP-2.618-2026-07-10 ; TRIGGER_FVG:FVG-5m-bull-20260710T0935,LOSS,2026-07-10 09:40:00-04:00,2026-07-10 09:40:00-04:00,-1.0,False,1.913,10.217,,0.0,True,long,2026-07-10,VWAP_BAND,0930,1.103,0.157,5m,0.176,below,-1.618,0.063,,1.925,0.339,normal,0.176,0.7964,0.3205,0,0,0,,,88,0.875,0.3428,154,0.8636,0.2322,884,0.0,0.815,0.794,0.8703,0.3257,0.0,88.0,0.0702,FAVORABLE
origin=VWAP_BAND | anchor=0930 | vwap_below,3,OC-5m-20260710T0930-L-VWA,cg-recognizer-v1.0.0,5m,2026-07-10,6,long,VWAP_BAND,VWAP-3.0-2026-07-10,29817.542981658873,FVG-5m-bull-20260710T0935,37113,37114,2026-07-10 09:30:00-04:00,2026-07-10 09:40:00-04:00,29856.75,29851.0,29867.818543715843,vwap_band,5.75,0.176,1.925,20,120,VWAP_BAND(10)|long|5m->DISP->FVG_bull->FILL,ORIGIN_VWAP_BAND|long|5m->DISPLACEMENT->FVG_RETEST,VWAP_BAND|long,64.292,1.0,0.7268,0.4461,1.0,0.5917,0.6417,0.6607,ORIGIN:VWAP-3.0-2026-07-10 ; TRIGGER_FVG:FVG-5m-bull-20260710T0935,LOSS,2026-07-10 09:40:00-04:00,2026-07-10 09:40:00-04:00,-1.0,False,1.913,10.217,,0.0,True,long,2026-07-10,VWAP_BAND,0930,1.103,0.157,5m,0.176,below,-1.618,0.063,,1.925,0.339,normal,0.176,0.7964,0.3205,0,0,0,,,88,0.875,0.3428,154,0.8636,0.2322,884,0.0,0.815,0.794,0.8703,0.3257,0.0,88.0,0.0702,FAVORABLE
origin=VWAP_BAND | anchor=rth | vwap_above,3,OC-5m-20260710T0940-L-VWA,cg-recognizer-v1.0.0,5m,2026-07-10,6,long,VWAP_BAND,VWAP-2.0-2026-07-10,29812.757255844444,FVG-5m-bull-20260710T0950,37115,37117,2026-07-10 09:40:00-04:00,2026-07-10 09:55:00-04:00,29913.5,29874.5,29918.0,level,39.0,0.861,0.115,20,120,VWAP_BAND(10)|long|5m->DISP->FVG_bull->FILL,ORIGIN_VWAP_BAND|long|5m->DISPLACEMENT->FVG_RETEST,VWAP_BAND|long,62.559,1.0,0.7445,0.6608,1.0,0.8797,0.0385,0.9007,ORIGIN:VWAP-2.0-2026-07-10 ; TRIGGER_FVG:FVG-5m-bull-20260710T0950,WIN,2026-07-10 09:55:00-04:00,2026-07-10 09:55:00-04:00,0.11538461538461539,True,0.667,0.173,0.0,,True,long,2026-07-10,VWAP_BAND,rth,1.622,0.322,5m,0.861,above,+1.0,0.3,,0.115,0.099,high,0.861,0.7964,0.3205,0,0,0,,,88,0.875,0.3428,154,0.8636,0.2322,884,0.0,0.815,0.794,0.8703,0.3257,0.0,88.0,0.0702,FAVORABLE
origin=FVG_FAILURE | anchor=rth | vwap_above,3,OC-5m-20260710T0945-L-FVG,cg-recognizer-v1.0.0,5m,2026-07-10,6,long,FVG_FAILURE,FVG-5m-bear-20260710T0025,29935.5,FVG-5m-bull-20260710T0950,37116,37117,2026-07-10 09:45:00-04:00,2026-07-10 09:55:00-04:00,29913.5,29874.5,29918.0,level,39.0,0.861,0.115,20,120,FVG_FAILURE(20260710T0025)|long|5m->DISP->FVG_bull->FILL,ORIGIN_FVG_FAILURE|long|5m->DISPLACEMENT->FVG_RETEST,FVG_FAILURE|long,62.559,1.0,0.7445,0.6608,1.0,0.8797,0.0385,0.9007,ORIGIN:FVG-5m-bear-20260710T0025 ; TRIGGER_FVG:FVG-5m-bull-20260710T0950,WIN,2026-07-10 09:55:00-04:00,2026-07-10 09:55:00-04:00,0.11538461538461539,True,0.667,0.173,0.0,,True,long,2026-07-10,FVG_FAILURE,rth,1.622,0.322,5m,0.861,above,+1.0,0.3,,0.115,0.099,high,0.861,0.7964,0.3205,0,0,0,,,224,0.7545,0.3159,302,0.7748,0.3036,884,0.0,0.918,0.883,0.7563,0.3151,0.0,224.0,0.0562,FAVORABLE
origin=FVG_FAILURE | anchor=rth | vwap_above,3,OC-5m-20260710T0945-L-FVG,cg-recognizer-v1.0.0,5m,2026-07-10,6,long,FVG_FAILURE,FVG-5m-bear-20260710T0050,29913.75,FVG-5m-bull-20260710T0950,37116,37117,2026-07-10 09:45:00-04:00,2026-07-10 09:55:00-04:00,29913.5,29874.5,29918.0,level,39.0,0.861,0.115,20,120,FVG_FAILURE(20260710T0050)|long|5m->DISP->FVG_bull->FILL,ORIGIN_FVG_FAILURE|long|5m->DISPLACEMENT->FVG_RETEST,FVG_FAILURE|long,62.559,1.0,0.7445,0.6608,1.0,0.8797,0.0385,0.9007,ORIGIN:FVG-5m-bear-20260710T0050 ; TRIGGER_FVG:FVG-5m-bull-20260710T0950,WIN,2026-07-10 09:55:00-04:00,2026-07-10 09:55:00-04:00,0.11538461538461539,True,0.667,0.173,0.0,,True,long,2026-07-10,FVG_FAILURE,rth,1.622,0.322,5m,0.861,above,+1.0,0.3,,0.115,0.099,high,0.861,0.7964,0.3205,0,0,0,,,224,0.7545,0.3159,302,0.7748,0.3036,884,0.0,0.918,0.883,0.7563,0.3151,0.0,224.0,0.0562,FAVORABLE
origin=VWAP_BAND | anchor=rth | vwap_above,3,OC-5m-20260710T0955-S-VWA,cg-recognizer-v1.0.0,5m,2026-07-10,6,short,VWAP_BAND,VWAP+1.0-2026-07-10,29931.269050394832,FVG-5m-bear-20260710T1020,37118,37123,2026-07-10 09:55:00-04:00,2026-07-10 10:25:00-04:00,29911.75,29932.25,29910.5,level,20.5,0.37,0.061,20,120,VWAP_BAND(10)|short|5m->DISP->FVG_bear->FILL,ORIGIN_VWAP_BAND|short|5m->DISPLACEMENT->FVG_RETEST,VWAP_BAND|short,63.165,1.0,0.9742,0.5897,1.0,0.839,0.0203,0.9774,ORIGIN:VWAP+1.0-2026-07-10 ; TRIGGER_FVG:FVG-5m-bear-20260710T1020,WIN,2026-07-10 10:27:00-04:00,2026-07-10 10:27:00-04:00,0.06097560975609756,True,1.22,0.756,0.0,,True,short,2026-07-10,VWAP_BAND,rth,1.174,0.397,5m,0.37,above,+1.0,0.54,,0.061,0.023,high,0.37,0.7964,0.3205,0,0,0,,,53,0.8679,0.7046,86,0.8256,0.518,884,0.0,0.726,0.683,0.8538,0.6363,0.0,53.0,0.0951,FAVORABLE
origin=VWAP_BAND | anchor=rth | vwap_above,3,OC-5m-20260710T0955-S-VWA,cg-recognizer-v1.0.0,5m,2026-07-10,6,short,VWAP_BAND,VWAP+1.618-2026-07-10,29954.036549719443,FVG-5m-bear-20260710T1020,37118,37123,2026-07-10 09:55:00-04:00,2026-07-10 10:25:00-04:00,29911.75,29932.25,29910.5,level,20.5,0.37,0.061,20,120,VWAP_BAND(10)|short|5m->DISP->FVG_bear->FILL,ORIGIN_VWAP_BAND|short|5m->DISPLACEMENT->FVG_RETEST,VWAP_BAND|short,63.165,1.0,0.9742,0.5897,1.0,0.839,0.0203,0.9774,ORIGIN:VWAP+1.618-2026-07-10 ; TRIGGER_FVG:FVG-5m-bear-20260710T1020,WIN,2026-07-10 10:27:00-04:00,2026-07-10 10:27:00-04:00,0.06097560975609756,True,1.22,0.756,0.0,,True,short,2026-07-10,VWAP_BAND,rth,1.174,0.397,5m,0.37,above,+1.0,0.54,,0.061,0.023,high,0.37,0.7964,0.3205,0,0,0,,,53,0.8679,0.7046,86,0.8256,0.518,884,0.0,0.726,0.683,0.8538,0.6363,0.0,53.0,0.0951,FAVORABLE
origin=VWAP_BAND | anchor=rth | vwap_below,3,OC-5m-20260710T1050-L-VWA,cg-recognizer-v1.0.0,5m,2026-07-10,6,long,VWAP_BAND,VWAP-1.0-2026-07-10,29850.750734994857,FVG-5m-bull-20260710T1110,37129,37133,2026-07-10 10:50:00-04:00,2026-07-10 11:15:00-04:00,29859.5,29834.0,29876.0,level,25.5,0.336,0.647,20,120,VWAP_BAND(10)|long|5m->DISP->FVG_bull->FILL,ORIGIN_VWAP_BAND|long|5m->DISPLACEMENT->FVG_RETEST,VWAP_BAND|long,62.199,1.0,0.9419,0.4272,1.0,0.8067,0.2157,0.7826,ORIGIN:VWAP-1.0-2026-07-10 ; TRIGGER_FVG:FVG-5m-bull-20260710T1110,AMBIGUOUS,2026-07-10 11:42:00-04:00,2026-07-10 11:42:00-04:00,,False,1.127,1.0,,,True,long,2026-07-10,VWAP_BAND,rth,0.731,0.367,5m,0.336,below,-1.0,0.279,,0.647,0.217,high,0.336,0.7964,0.3205,0,0,0,,,88,0.875,0.3428,154,0.8636,0.2322,884,0.0,0.815,0.794,0.8703,0.3257,0.0,88.0,0.0702,FAVORABLE
origin=VWAP_BAND | anchor=rth | vwap_below,3,OC-5m-20260710T1100-L-VWA,cg-recognizer-v1.0.0,5m,2026-07-10,6,long,VWAP_BAND,VWAP-2.0-2026-07-10,29795.94487331453,FVG-5m-bull-20260710T1110,37131,37133,2026-07-10 11:00:00-04:00,2026-07-10 11:15:00-04:00,29859.5,29834.0,29876.0,level,25.5,0.336,0.647,20,120,VWAP_BAND(10)|long|5m->DISP->FVG_bull->FILL,ORIGIN_VWAP_BAND|long|5m->DISPLACEMENT->FVG_RETEST,VWAP_BAND|long,62.199,1.0,0.9419,0.4272,1.0,0.8067,0.2157,0.7826,ORIGIN:VWAP-2.0-2026-07-10 ; TRIGGER_FVG:FVG-5m-bull-20260710T1110,AMBIGUOUS,2026-07-10 11:42:00-04:00,2026-07-10 11:42:00-04:00,,False,1.127,1.0,,,True,long,2026-07-10,VWAP_BAND,rth,0.731,0.367,5m,0.336,below,-1.0,0.279,,0.647,0.217,high,0.336,0.7964,0.3205,0,0,0,,,88,0.875,0.3428,154,0.8636,0.2322,884,0.0,0.815,0.794,0.8703,0.3257,0.0,88.0,0.0702,FAVORABLE
origin=FVG_FAILURE | anchor=rth | vwap_below,3,OC-5m-20260710T1105-L-FVG,cg-recognizer-v1.0.0,5m,2026-07-10,6,long,FVG_FAILURE,FVG-5m-bear-20260710T1100,29850.25,FVG-5m-bull-20260710T1110,37132,37133,2026-07-10 11:05:00-04:00,2026-07-10 11:15:00-04:00,29859.5,29834.0,29876.0,level,25.5,0.336,0.647,20,120,FVG_FAILURE(20260710T1100)|long|5m->DISP->FVG_bull->FILL,ORIGIN_FVG_FAILURE|long|5m->DISPLACEMENT->FVG_RETEST,FVG_FAILURE|long,62.199,1.0,0.9419,0.4272,1.0,0.8067,0.2157,0.7826,ORIGIN:FVG-5m-bear-20260710T1100 ; TRIGGER_FVG:FVG-5m-bull-20260710T1110,AMBIGUOUS,2026-07-10 11:42:00-04:00,2026-07-10 11:42:00-04:00,,False,1.127,1.0,,,True,long,2026-07-10,FVG_FAILURE,rth,0.731,0.367,5m,0.336,below,-1.0,0.279,,0.647,0.217,high,0.336,0.7964,0.3205,0,0,0,,,224,0.7545,0.3159,302,0.7748,0.3036,884,0.0,0.918,0.883,0.7563,0.3151,0.0,224.0,0.0562,FAVORABLE
origin=VWAP_BAND | anchor=rth | vwap_below,3,OC-5m-20260710T1105-L-VWA,cg-recognizer-v1.0.0,5m,2026-07-10,6,long,VWAP_BAND,VWAP-1.618-2026-07-10,29809.436469544456,FVG-5m-bull-20260710T1110,37132,37133,2026-07-10 11:05:00-04:00,2026-07-10 11:15:00-04:00,29859.5,29834.0,29876.0,level,25.5,0.336,0.647,20,120,VWAP_BAND(10)|long|5m->DISP->FVG_bull->FILL,ORIGIN_VWAP_BAND|long|5m->DISPLACEMENT->FVG_RETEST,VWAP_BAND|long,62.199,1.0,0.9419,0.4272,1.0,0.8067,0.2157,0.7826,ORIGIN:VWAP-1.618-2026-07-10 ; TRIGGER_FVG:FVG-5m-bull-20260710T1110,AMBIGUOUS,2026-07-10 11:42:00-04:00,2026-07-10 11:42:00-04:00,,False,1.127,1.0,,,True,long,2026-07-10,VWAP_BAND,rth,0.731,0.367,5m,0.336,below,-1.0,0.279,,0.647,0.217,high,0.336,0.7964,0.3205,0,0,0,,,88,0.875,0.3428,154,0.8636,0.2322,884,0.0,0.815,0.794,0.8703,0.3257,0.0,88.0,0.0702,FAVORABLE
origin=VWAP_BAND | anchor=rth | vwap_above,3,OC-5m-20260710T1115-S-VWA,cg-recognizer-v1.0.0,5m,2026-07-10,6,short,VWAP_BAND,VWAP+1.0-2026-07-10,29931.343312651043,FVG-5m-bear-20260710T1140,37134,37139,2026-07-10 11:15:00-04:00,2026-07-10 11:45:00-04:00,29919.75,29962.75,29914.0,level,43.0,0.603,0.134,20,120,VWAP_BAND(10)|short|5m->DISP->FVG_bear->FILL,ORIGIN_VWAP_BAND|short|5m->DISPLACEMENT->FVG_RETEST,VWAP_BAND|short,68.6,1.0,0.8631,0.784,1.0,0.9982,0.0446,0.9193,ORIGIN:VWAP+1.0-2026-07-10 ; TRIGGER_FVG:FVG-5m-bear-20260710T1140,WIN,2026-07-10 11:49:00-04:00,2026-07-10 11:49:00-04:00,0.13372093023255813,True,0.663,0.076,0.0,,True,short,2026-07-10,VWAP_BAND,rth,1.49,0.574,5m,0.603,above,+1.0,0.314,,0.134,0.081,normal,0.603,0.7964,0.3205,0,0,0,,,53,0.8679,0.7046,86,0.8256,0.518,884,0.0,0.726,0.683,0.8538,0.6363,0.0,53.0,0.0951,FAVORABLE
origin=FVG_FAILURE | anchor=rth | vwap_above,3,OC-5m-20260710T1120-L-FVG,cg-recognizer-v1.0.0,5m,2026-07-10,6,long,FVG_FAILURE,FVG-5m-bear-20260710T1020,29932.25,FVG-5m-bull-20260710T1130,37135,37137,2026-07-10 11:20:00-04:00,2026-07-10 11:35:00-04:00,29962.75,29955.75,29963.0,level,7.0,0.094,0.036,20,120,FVG_FAILURE(20260710T1020)|long|5m->DISP->FVG_bull->FILL,ORIGIN_FVG_FAILURE|long|5m->DISPLACEMENT->FVG_RETEST,FVG_FAILURE|long,49.036,1.0,0.5161,0.4916,1.0,0.3809,0.0119,0.9967,ORIGIN:FVG-5m-bear-20260710T1020 ; TRIGGER_FVG:FVG-5m-bull-20260710T1130,AMBIGUOUS,2026-07-10 11:35:00-04:00,2026-07-10 11:35:00-04:00,,False,2.893,2.107,,,True,long,2026-07-10,FVG_FAILURE,rth,0.716,0.506,5m,0.094,above,+1.618,0.129,,0.036,0.003,normal,0.094,0.7964,0.3205,0,0,0,,,224,0.7545,0.3159,302,0.7748,0.3036,884,0.0,0.918,0.883,0.7563,0.3151,0.0,224.0,0.0562,FAVORABLE
origin=FVG_FAILURE | anchor=rth | vwap_above,3,OC-5m-20260710T1125-L-FVG,cg-recognizer-v1.0.0,5m,2026-07-10,6,long,FVG_FAILURE,FVG-5m-bear-20260709T1420,29971.75,FVG-5m-bull-20260710T1130,37136,37137,2026-07-10 11:25:00-04:00,2026-07-10 11:35:00-04:00,29962.75,29955.75,29963.0,level,7.0,0.094,0.036,20,120,FVG_FAILURE(20260709T1420)|long|5m->DISP->FVG_bull->FILL,ORIGIN_FVG_FAILURE|long|5m->DISPLACEMENT->FVG_RETEST,FVG_FAILURE|long,49.036,1.0,0.5161,0.4916,1.0,0.3809,0.0119,0.9967,ORIGIN:FVG-5m-bear-20260709T1420 ; TRIGGER_FVG:FVG-5m-bull-20260710T1130,AMBIGUOUS,2026-07-10 11:35:00-04:00,2026-07-10 11:35:00-04:00,,False,2.893,2.107,,,True,long,2026-07-10,FVG_FAILURE,rth,0.716,0.506,5m,0.094,above,+1.618,0.129,,0.036,0.003,normal,0.094,0.7964,0.3205,0,0,0,,,224,0.7545,0.3159,302,0.7748,0.3036,884,0.0,0.918,0.883,0.7563,0.3151,0.0,224.0,0.0562,FAVORABLE
origin=VWAP_BAND | anchor=rth | vwap_above,3,OC-5m-20260710T1125-S-VWA,cg-recognizer-v1.0.0,5m,2026-07-10,6,short,VWAP_BAND,VWAP+2.0-2026-07-10,29984.05346754198,FVG-5m-bear-20260710T1140,37136,37139,2026-07-10 11:25:00-04:00,2026-07-10 11:45:00-04:00,29919.75,29962.75,29914.0,level,43.0,0.603,0.134,20,120,VWAP_BAND(10)|short|5m->DISP->FVG_bear->FILL,ORIGIN_VWAP_BAND|short|5m->DISPLACEMENT->FVG_RETEST,VWAP_BAND|short,68.6,1.0,0.8631,0.784,1.0,0.9982,0.0446,0.9193,ORIGIN:VWAP+2.0-2026-07-10 ; TRIGGER_FVG:FVG-5m-bear-20260710T1140,WIN,2026-07-10 11:49:00-04:00,2026-07-10 11:49:00-04:00,0.13372093023255813,True,0.663,0.076,0.0,,True,short,2026-07-10,VWAP_BAND,rth,1.49,0.574,5m,0.603,above,+1.0,0.314,,0.134,0.081,normal,0.603,0.7964,0.3205,0,0,0,,,53,0.8679,0.7046,86,0.8256,0.518,884,0.0,0.726,0.683,0.8538,0.6363,0.0,53.0,0.0951,FAVORABLE
origin=VWAP_BAND | anchor=rth | vwap_above,3,OC-15m-20260710T1130-L-VWA,cg-recognizer-v1.0.0,15m,2026-07-10,6,long,VWAP_BAND,VWAP-1.0-2026-07-10,29844.41264687103,FVG-15m-bull-20260710T1230,12379,12383,2026-07-10 11:30:00-04:00,2026-07-10 12:45:00-04:00,30004.0,29990.0,30011.25,level,14.0,0.134,0.518,20,120,VWAP_BAND(10)|long|15m->DISP->FVG_bull->FILL,ORIGIN_VWAP_BAND|long|15m->DISPLACEMENT->FVG_RETEST,VWAP_BAND|long,55.517,1.0,0.6351,0.5222,1.0,0.4999,0.1726,0.9307,ORIGIN:VWAP-1.0-2026-07-10 ; TRIGGER_FVG:FVG-15m-bull-20260710T1230,WIN,2026-07-10 13:04:00-04:00,2026-07-10 13:06:00-04:00,0.5178571428571429,True,1.232,0.339,2.0,,True,long,2026-07-10,VWAP_BAND,rth,0.691,0.584,15m,0.134,above,+1.618,0.026,,0.518,0.069,high,0.134,0.7964,0.3205,0,0,0,,,66,0.8485,0.0847,154,0.8636,0.2322,884,0.0,0.767,0.794,0.8488,0.1233,0.0,66.0,0.0864,FAVORABLE
origin=FVG_FAILURE | anchor=rth | vwap_above,3,OC-5m-20260710T1135-S-FVG,cg-recognizer-v1.0.0,5m,2026-07-10,6,short,FVG_FAILURE,FVG-5m-bull-20260710T1130,29962.75,FVG-5m-bear-20260710T1140,37138,37139,2026-07-10 11:35:00-04:00,2026-07-10 11:45:00-04:00,29919.75,29962.75,29914.0,level,43.0,0.603,0.134,20,120,FVG_FAILURE(20260710T1130)|short|5m->DISP->FVG_bear->FILL,ORIGIN_FVG_FAILURE|short|5m->DISPLACEMENT->FVG_RETEST,FVG_FAILURE|short,68.6,1.0,0.8631,0.784,1.0,0.9982,0.0446,0.9193,ORIGIN:FVG-5m-bull-20260710T1130 ; TRIGGER_FVG:FVG-5m-bear-20260710T1140,WIN,2026-07-10 11:49:00-04:00,2026-07-10 11:49:00-04:00,0.13372093023255813,True,0.663,0.076,0.0,,True,short,2026-07-10,FVG_FAILURE,rth,1.49,0.574,5m,0.603,above,+1.0,0.314,,0.134,0.081,normal,0.603,0.7964,0.3205,0,0,0,,,219,0.7534,0.2647,288,0.7639,0.2726,884,0.0,0.916,0.878,0.7546,0.2658,0.0,219.0,0.057,FAVORABLE
origin=VWAP_BAND | anchor=rth | vwap_above,3,OC-5m-20260710T1135-S-VWA,cg-recognizer-v1.0.0,5m,2026-07-10,6,short,VWAP_BAND,VWAP+1.618-2026-07-10,29974.32016954419,FVG-5m-bear-20260710T1140,37138,37139,2026-07-10 11:35:00-04:00,2026-07-10 11:45:00-04:00,29919.75,29962.75,29914.0,level,43.0,0.603,0.134,20,120,VWAP_BAND(10)|short|5m->DISP->FVG_bear->FILL,ORIGIN_VWAP_BAND|short|5m->DISPLACEMENT->FVG_RETEST,VWAP_BAND|short,68.6,1.0,0.8631,0.784,1.0,0.9982,0.0446,0.9193,ORIGIN:VWAP+1.618-2026-07-10 ; TRIGGER_FVG:FVG-5m-bear-20260710T1140,WIN,2026-07-10 11:49:00-04:00,2026-07-10 11:49:00-04:00,0.13372093023255813,True,0.663,0.076,0.0,,True,short,2026-07-10,VWAP_BAND,rth,1.49,0.574,5m,0.603,above,+1.0,0.314,,0.134,0.081,normal,0.603,0.7964,0.3205,0,0,0,,,53,0.8679,0.7046,86,0.8256,0.518,884,0.0,0.726,0.683,0.8538,0.6363,0.0,53.0,0.0951,FAVORABLE
origin=VWAP_BAND | anchor=rth | vwap_above,3,OC-5m-20260710T1140-L-VWA,cg-recognizer-v1.0.0,5m,2026-07-10,6,long,VWAP_BAND,VWAP-1.0-2026-07-10,29844.41264687103,FVG-5m-bull-20260710T1200,37139,37143,2026-07-10 11:40:00-04:00,2026-07-10 12:05:00-04:00,29943.75,29938.25,29943.827204402613,vwap_band,5.5,0.101,0.014,20,120,VWAP_BAND(10)|long|5m->DISP->FVG_bull->FILL,ORIGIN_VWAP_BAND|long|5m->DISPLACEMENT->FVG_RETEST,VWAP_BAND|long,55.699,1.0,0.5415,0.7374,1.0,0.4063,0.0047,0.9986,ORIGIN:VWAP-1.0-2026-07-10 ; TRIGGER_FVG:FVG-5m-bull-20260710T1200,EXPIRED,,,,False,,,,,True,long,2026-07-10,VWAP_BAND,rth,1.277,0.623,5m,0.101,above,+1.0,0.001,,0.014,0.001,low,0.101,0.7964,0.3205,0,0,0,,,88,0.875,0.3428,154,0.8636,0.2322,884,0.0,0.815,0.794,0.8703,0.3257,0.0,88.0,0.0702,FAVORABLE
origin=FVG_FAILURE | anchor=rth | vwap_above,3,OC-5m-20260710T1200-L-FVG,cg-recognizer-v1.0.0,5m,2026-07-10,6,long,FVG_FAILURE,FVG-5m-bear-20260710T1140,29962.75,FVG-5m-bull-20260710T1205,37143,37144,2026-07-10 12:00:00-04:00,2026-07-10 12:10:00-04:00,29963.0,29948.5,29964.25,level,14.5,0.274,0.086,20,120,FVG_FAILURE(20260710T1140)|long|5m->DISP->FVG_bull->FILL,ORIGIN_FVG_FAILURE|long|5m->DISPLACEMENT->FVG_RETEST,FVG_FAILURE|long,57.502,1.0,0.8742,0.458,1.0,0.739,0.0287,0.9764,ORIGIN:FVG-5m-bear-20260710T1140 ; TRIGGER_FVG:FVG-5m-bull-20260710T1205,WIN,2026-07-10 12:11:00-04:00,2026-07-10 12:11:00-04:00,0.08620689655172414,True,1.655,0.034,0.0,,True,long,2026-07-10,FVG_FAILURE,rth,0.775,0.399,5m,0.274,above,+1.618,0.248,,0.086,0.024,low,0.274,0.7964,0.3205,0,0,0,,,224,0.7545,0.3159,302,0.7748,0.3036,884,0.0,0.918,0.883,0.7563,0.3151,0.0,224.0,0.0562,FAVORABLE
origin=FVG_FAILURE | anchor=rth | vwap_above,3,OC-15m-20260710T1215-L-FVG,cg-recognizer-v1.0.0,15m,2026-07-10,6,long,FVG_FAILURE,FVG-15m-bear-20260706T1600,29996.25,FVG-15m-bull-20260710T1230,12382,12383,2026-07-10 12:15:00-04:00,2026-07-10 12:45:00-04:00,30004.0,29990.0,30011.25,level,14.0,0.134,0.518,20,120,FVG_FAILURE(20260706T1600)|long|15m->DISP->FVG_bull->FILL,ORIGIN_FVG_FAILURE|long|15m->DISPLACEMENT->FVG_RETEST,FVG_FAILURE|long,55.517,1.0,0.6351,0.5222,1.0,0.4999,0.1726,0.9307,ORIGIN:FVG-15m-bear-20260706T1600 ; TRIGGER_FVG:FVG-15m-bull-20260710T1230,WIN,2026-07-10 13:04:00-04:00,2026-07-10 13:06:00-04:00,0.5178571428571429,True,1.232,0.339,2.0,,True,long,2026-07-10,FVG_FAILURE,rth,0.691,0.584,15m,0.134,above,+1.618,0.026,,0.518,0.069,high,0.134,0.7964,0.3205,0,0,0,,,78,0.8333,0.268,302,0.7748,0.3036,884,0.0,0.796,0.883,0.8219,0.2757,0.0,78.0,0.0849,FAVORABLE
origin=VWAP_BAND | anchor=rth | vwap_above,3,OC-5m-20260710T1330-S-VWA,cg-recognizer-v1.0.0,5m,2026-07-10,6,short,VWAP_BAND,VWAP+2.0-2026-07-10,30047.277866648623,FVG-5m-bear-20260710T1355,37161,37166,2026-07-10 13:30:00-04:00,2026-07-10 14:00:00-04:00,30054.5,30060.25,30052.0,level,5.75,0.265,0.435,20,120,VWAP_BAND(10)|short|5m->DISP->FVG_bear->FILL,ORIGIN_VWAP_BAND|short|5m->DISPLACEMENT->FVG_RETEST,VWAP_BAND|short,64.631,1.0,0.8625,0.6668,1.0,0.7274,0.1449,0.8849,ORIGIN:VWAP+2.0-2026-07-10 ; TRIGGER_FVG:FVG-5m-bear-20260710T1355,WIN,2026-07-10 14:03:00-04:00,2026-07-10 14:03:00-04:00,0.43478260869565216,True,1.217,0.652,0.0,,True,short,2026-07-10,VWAP_BAND,rth,1.243,0.505,5m,0.265,above,+2.0,0.307,,0.435,0.115,normal,0.265,0.7964,0.3205,0,0,0,,,53,0.8679,0.7046,86,0.8256,0.518,884,0.0,0.726,0.683,0.8538,0.6363,0.0,53.0,0.0951,FAVORABLE
