episode_id,origin_family,origin_subtype,start_timestamp,segment_id,n_branches
GEP-001524,liquidity,SWING_HIGH_BREAK,2025-07-14 00:00:00-04:00,0,5
GEP-001525,vwap,VWAP_VWAP_BOUNCE_DOWN,2025-07-14 00:00:00-04:00,0,3
GEP-001526,fvg,BEARISH_FVG_FORMED,2025-07-14 00:01:00-04:00,0,5
GEP-001527,time_anchor,ANCHOR_MIDNIGHT_OPEN_BREAK,2025-07-14 00:01:00-04:00,0,6
GEP-001528,ifvg,BEARISH_IFVG_ACTIVATION,2025-07-14 00:01:00-04:00,0,3
GEP-001529,fvg,BEARISH_FVG_FORMED,2025-07-14 00:02:00-04:00,0,7
GEP-001530,ifvg,BEARISH_IFVG_ACTIVATION,2025-07-14 00:02:00-04:00,0,3
GEP-001531,ifvg,BEARISH_IFVG_ACTIVATION,2025-07-14 00:02:00-04:00,0,3
GEP-001532,fvg,BEARISH_FVG_FORMED,2025-07-14 00:05:00-04:00,0,5
GEP-001533,liquidity,SWING_LOW_BREAK,2025-07-14 00:05:00-04:00,0,5
GEP-001534,liquidity,EQUAL_LOWS_BREAK,2025-07-14 00:05:00-04:00,0,5
GEP-001535,rejection_block,BULLISH_RB_CONFIRMED,2025-07-14 00:06:00-04:00,0,3
GEP-001536,ifvg,BULLISH_IFVG_ACTIVATION,2025-07-14 00:06:00-04:00,0,3
GEP-001537,fvg,BULLISH_FVG_FORMED,2025-07-14 00:07:00-04:00,0,5
GEP-001538,fvg,BULLISH_FVG_FORMED,2025-07-14 00:08:00-04:00,0,5
GEP-001539,liquidity,SWING_LOW_BREAK,2025-07-14 00:08:00-04:00,0,5
GEP-001540,liquidity,EQUAL_LOWS_BREAK,2025-07-14 00:08:00-04:00,0,5
GEP-001541,fvg,BULLISH_FVG_FORMED,2025-07-14 00:09:00-04:00,0,5
GEP-001542,fvg,BULLISH_FVG_FORMED,2025-07-14 00:10:00-04:00,0,5
GEP-001543,ifvg,BULLISH_IFVG_ACTIVATION,2025-07-14 00:10:00-04:00,0,3
GEP-001544,ifvg,BULLISH_IFVG_ACTIVATION,2025-07-14 00:10:00-04:00,0,3
GEP-001545,fvg,BULLISH_FVG_FORMED,2025-07-14 00:11:00-04:00,0,5
GEP-001546,rejection_block,BULLISH_RB_CONFIRMED,2025-07-14 00:13:00-04:00,0,3
GEP-001547,liquidity,SWING_HIGH_BREAK,2025-07-14 00:13:00-04:00,0,5
GEP-001548,liquidity,SWING_LOW_BREAK,2025-07-14 00:15:00-04:00,0,5
GEP-001549,liquidity,EQUAL_LOWS_BREAK,2025-07-14 00:15:00-04:00,0,5
GEP-001550,fvg,BULLISH_FVG_FORMED,2025-07-14 00:16:00-04:00,0,5
GEP-001551,fvg,BULLISH_FVG_FORMED,2025-07-14 00:17:00-04:00,0,5
GEP-001552,rejection_block,BULLISH_RB_CONFIRMED,2025-07-14 00:19:00-04:00,0,3
GEP-001553,liquidity,SWING_HIGH_BREAK,2025-07-14 00:19:00-04:00,0,5
GEP-001554,ifvg,BULLISH_IFVG_ACTIVATION,2025-07-14 00:19:00-04:00,0,3
GEP-001555,liquidity,SWING_LOW_BREAK,2025-07-14 00:21:00-04:00,0,5
GEP-001556,liquidity,SWING_HIGH_BREAK,2025-07-14 00:22:00-04:00,0,5
GEP-001557,ifvg,BEARISH_IFVG_ACTIVATION,2025-07-14 00:24:00-04:00,0,3
GEP-001558,ifvg,BEARISH_IFVG_ACTIVATION,2025-07-14 00:24:00-04:00,0,3
GEP-001559,fvg,BEARISH_FVG_FORMED,2025-07-14 00:25:00-04:00,0,7
GEP-001560,ifvg,BEARISH_IFVG_ACTIVATION,2025-07-14 00:25:00-04:00,0,3
GEP-001561,ifvg,BEARISH_IFVG_ACTIVATION,2025-07-14 00:25:00-04:00,0,3
GEP-001562,ifvg,BEARISH_IFVG_ACTIVATION,2025-07-14 00:27:00-04:00,0,3
GEP-001563,ifvg,BEARISH_IFVG_ACTIVATION,2025-07-14 00:27:00-04:00,0,3
GEP-001564,liquidity,SWING_LOW_BREAK,2025-07-14 00:31:00-04:00,0,5
GEP-001565,fvg,BULLISH_FVG_FORMED,2025-07-14 00:32:00-04:00,0,5
GEP-001566,liquidity,SWING_HIGH_BREAK,2025-07-14 00:35:00-04:00,0,5
GEP-001567,liquidity,EQUAL_HIGHS_BREAK,2025-07-14 00:35:00-04:00,0,5
GEP-001568,ifvg,BEARISH_IFVG_ACTIVATION,2025-07-14 00:35:00-04:00,0,3
GEP-001569,liquidity,SWING_LOW_BREAK,2025-07-14 00:36:00-04:00,0,5
GEP-001570,liquidity,SWING_LOW_SWEEP_BELOW,2025-07-14 00:40:00-04:00,0,5
GEP-001571,liquidity,SWING_HIGH_BREAK,2025-07-14 00:41:00-04:00,0,5
GEP-001572,liquidity,EQUAL_HIGHS_BREAK,2025-07-14 00:41:00-04:00,0,5
GEP-001573,liquidity,SWING_LOW_BREAK,2025-07-14 00:43:00-04:00,0,5
GEP-001574,liquidity,EQUAL_LOWS_BREAK,2025-07-14 00:43:00-04:00,0,5
GEP-001575,liquidity,SWING_LOW_BREAK,2025-07-14 00:44:00-04:00,0,5
GEP-001576,ifvg,BEARISH_IFVG_ACTIVATION,2025-07-14 00:46:00-04:00,0,3
GEP-001577,ifvg,BEARISH_IFVG_ACTIVATION,2025-07-14 00:46:00-04:00,0,3
GEP-001578,fvg,BEARISH_FVG_FORMED,2025-07-14 00:47:00-04:00,0,7
GEP-001579,liquidity,SWING_HIGH_BREAK,2025-07-14 00:47:00-04:00,0,5
GEP-001580,liquidity,SWING_LOW_SWEEP_BELOW,2025-07-14 00:49:00-04:00,0,5
GEP-001581,liquidity,EQUAL_LOWS_BREAK,2025-07-14 00:50:00-04:00,0,5
GEP-001582,fvg,BULLISH_FVG_FORMED,2025-07-14 00:51:00-04:00,0,5
GEP-001583,liquidity,SWING_LOW_BREAK,2025-07-14 00:52:00-04:00,0,5
GEP-001584,fvg,BEARISH_FVG_FORMED,2025-07-14 00:53:00-04:00,0,5
GEP-001585,ifvg,BEARISH_IFVG_ACTIVATION,2025-07-14 00:53:00-04:00,0,3
GEP-001586,liquidity,SWING_HIGH_BREAK,2025-07-14 00:54:00-04:00,0,5
GEP-001587,rejection_block,BULLISH_RB_CONFIRMED,2025-07-14 00:55:00-04:00,0,3
GEP-001588,liquidity,SWING_LOW_SWEEP_BELOW,2025-07-14 00:57:00-04:00,0,5
GEP-001589,liquidity,EQUAL_LOWS_BREAK,2025-07-14 00:57:00-04:00,0,5
GEP-001590,rejection_block,BULLISH_RB_CONFIRMED,2025-07-14 01:00:00-04:00,0,3
GEP-001591,fvg,BULLISH_FVG_FORMED,2025-07-14 01:01:00-04:00,0,5
GEP-001592,rejection_block,BULLISH_RB_CONFIRMED,2025-07-14 01:01:00-04:00,0,3
GEP-001593,rejection_block,BULLISH_RB_CONFIRMED,2025-07-14 01:03:00-04:00,0,3
GEP-001594,liquidity,SWING_LOW_BREAK,2025-07-14 01:03:00-04:00,0,5
GEP-001595,fvg,BULLISH_FVG_FORMED,2025-07-14 01:04:00-04:00,0,7
GEP-001596,liquidity,SWING_HIGH_BREAK,2025-07-14 01:04:00-04:00,0,5
GEP-001597,ifvg,BULLISH_IFVG_ACTIVATION,2025-07-14 01:04:00-04:00,0,3
GEP-001598,fvg,BULLISH_FVG_FORMED,2025-07-14 01:05:00-04:00,0,7
GEP-001599,liquidity,SWING_LOW_BREAK,2025-07-14 01:05:00-04:00,0,5
GEP-001600,liquidity,EQUAL_LOWS_BREAK,2025-07-14 01:05:00-04:00,0,5
GEP-001601,ifvg,BULLISH_IFVG_ACTIVATION,2025-07-14 01:08:00-04:00,0,3
GEP-001602,fvg,BEARISH_FVG_FORMED,2025-07-14 01:10:00-04:00,0,5
GEP-001603,liquidity,SWING_LOW_BREAK,2025-07-14 01:10:00-04:00,0,5
GEP-001604,liquidity,EQUAL_LOWS_BREAK,2025-07-14 01:10:00-04:00,0,5
GEP-001605,fvg,BEARISH_FVG_FORMED,2025-07-14 01:11:00-04:00,0,5
GEP-001606,liquidity,SWING_HIGH_BREAK,2025-07-14 01:11:00-04:00,0,5
GEP-001607,liquidity,EQUAL_HIGHS_BREAK,2025-07-14 01:11:00-04:00,0,5
GEP-001608,ifvg,BEARISH_IFVG_ACTIVATION,2025-07-14 01:11:00-04:00,0,3
GEP-001609,rejection_block,BULLISH_RB_CONFIRMED,2025-07-14 01:13:00-04:00,0,3
GEP-001610,ifvg,BULLISH_IFVG_ACTIVATION,2025-07-14 01:13:00-04:00,0,3
GEP-001611,liquidity,SWING_LOW_BREAK,2025-07-14 01:15:00-04:00,0,5
GEP-001612,liquidity,SWING_HIGH_BREAK,2025-07-14 01:16:00-04:00,0,5
GEP-001613,liquidity,EQUAL_HIGHS_BREAK,2025-07-14 01:16:00-04:00,0,5
GEP-001614,fvg,BEARISH_FVG_FORMED,2025-07-14 01:17:00-04:00,0,7
GEP-001615,ifvg,BEARISH_IFVG_ACTIVATION,2025-07-14 01:17:00-04:00,0,3
GEP-001616,ifvg,BEARISH_IFVG_ACTIVATION,2025-07-14 01:17:00-04:00,0,3
GEP-001617,fvg,BEARISH_FVG_FORMED,2025-07-14 01:18:00-04:00,0,7
GEP-001618,liquidity,SWING_LOW_BREAK,2025-07-14 01:22:00-04:00,0,5
GEP-001619,fvg,BEARISH_FVG_FORMED,2025-07-14 01:23:00-04:00,0,5
GEP-001620,liquidity,SWING_HIGH_BREAK,2025-07-14 01:23:00-04:00,0,5
GEP-001621,liquidity,EQUAL_HIGHS_BREAK,2025-07-14 01:23:00-04:00,0,5
GEP-001622,ifvg,BULLISH_IFVG_ACTIVATION,2025-07-14 01:24:00-04:00,0,3
GEP-001623,fvg,BULLISH_FVG_FORMED,2025-07-14 01:25:00-04:00,0,5
GEP-001624,liquidity,SWING_LOW_BREAK,2025-07-14 01:26:00-04:00,0,5
GEP-001625,liquidity,EQUAL_LOWS_BREAK,2025-07-14 01:26:00-04:00,0,5
GEP-001626,liquidity,SWING_HIGH_SWEEP_ABOVE,2025-07-14 01:27:00-04:00,0,5
GEP-001627,liquidity,SWING_HIGH_BREAK,2025-07-14 01:30:00-04:00,0,5
GEP-001628,ifvg,BULLISH_IFVG_ACTIVATION,2025-07-14 01:30:00-04:00,0,3
GEP-001629,rejection_block,BEARISH_RB_CONFIRMED,2025-07-14 01:31:00-04:00,0,3
GEP-001630,liquidity,SWING_LOW_BREAK,2025-07-14 01:31:00-04:00,0,5
GEP-001631,liquidity,EQUAL_HIGHS_SWEEP_ABOVE,2025-07-14 01:31:00-04:00,0,5
GEP-001632,fvg,BULLISH_FVG_FORMED,2025-07-14 01:33:00-04:00,0,5
GEP-001633,ifvg,BULLISH_IFVG_ACTIVATION,2025-07-14 01:33:00-04:00,0,3
GEP-001634,fvg,BULLISH_FVG_FORMED,2025-07-14 01:34:00-04:00,0,5
GEP-001635,ifvg,BEARISH_IFVG_ACTIVATION,2025-07-14 01:35:00-04:00,0,3
GEP-001636,ifvg,BEARISH_IFVG_ACTIVATION,2025-07-14 01:35:00-04:00,0,3
GEP-001637,fvg,BEARISH_FVG_FORMED,2025-07-14 01:36:00-04:00,0,5
GEP-001638,liquidity,SWING_HIGH_BREAK,2025-07-14 01:36:00-04:00,0,5
GEP-001639,fvg,BEARISH_FVG_FORMED,2025-07-14 01:37:00-04:00,0,5
GEP-001640,ifvg,BEARISH_IFVG_ACTIVATION,2025-07-14 01:39:00-04:00,0,3
GEP-001641,fvg,BEARISH_FVG_FORMED,2025-07-14 01:40:00-04:00,0,7
GEP-001642,ifvg,BEARISH_IFVG_ACTIVATION,2025-07-14 01:41:00-04:00,0,3
GEP-001643,fvg,BEARISH_FVG_FORMED,2025-07-14 01:45:00-04:00,0,5
GEP-001644,ifvg,BEARISH_IFVG_ACTIVATION,2025-07-14 01:45:00-04:00,0,3
GEP-001645,fvg,BEARISH_FVG_FORMED,2025-07-14 01:46:00-04:00,0,5
GEP-001646,ifvg,BEARISH_IFVG_ACTIVATION,2025-07-14 01:46:00-04:00,0,3
GEP-001647,fvg,BEARISH_FVG_FORMED,2025-07-14 01:47:00-04:00,0,7
GEP-001648,ifvg,BEARISH_IFVG_ACTIVATION,2025-07-14 01:47:00-04:00,0,3
GEP-001649,fvg,BEARISH_FVG_FORMED,2025-07-14 01:48:00-04:00,0,7
GEP-001650,fvg,BEARISH_FVG_FORMED,2025-07-14 01:49:00-04:00,0,7
GEP-001651,ifvg,BEARISH_IFVG_ACTIVATION,2025-07-14 01:49:00-04:00,0,3
GEP-001652,fvg,BEARISH_FVG_FORMED,2025-07-14 01:50:00-04:00,0,7
GEP-001653,rejection_block,BULLISH_RB_CONFIRMED,2025-07-14 01:53:00-04:00,0,3
GEP-001654,liquidity,SWING_LOW_BREAK,2025-07-14 01:55:00-04:00,0,5
GEP-001655,liquidity,SWING_HIGH_SWEEP_ABOVE,2025-07-14 01:56:00-04:00,0,5
GEP-001656,liquidity,EQUAL_HIGHS_SWEEP_ABOVE,2025-07-14 01:56:00-04:00,0,5
GEP-001657,rejection_block,BEARISH_RB_CONFIRMED,2025-07-14 01:57:00-04:00,0,3
GEP-001658,liquidity,SWING_HIGH_BREAK,2025-07-14 01:59:00-04:00,0,5
GEP-001659,liquidity,SWING_LOW_SWEEP_BELOW,2025-07-14 02:00:00-04:00,0,5
GEP-001660,ifvg,BEARISH_IFVG_ACTIVATION,2025-07-14 02:02:00-04:00,0,3
GEP-001661,fvg,BEARISH_FVG_FORMED,2025-07-14 02:03:00-04:00,0,7
GEP-001662,liquidity,SWING_HIGH_BREAK,2025-07-14 02:03:00-04:00,0,5
GEP-001663,fvg,BEARISH_FVG_FORMED,2025-07-14 02:04:00-04:00,0,7
GEP-001664,ifvg,BULLISH_IFVG_ACTIVATION,2025-07-14 02:05:00-04:00,0,3
GEP-001665,fvg,BULLISH_FVG_FORMED,2025-07-14 02:06:00-04:00,0,7
GEP-001666,ifvg,BEARISH_IFVG_ACTIVATION,2025-07-14 02:07:00-04:00,0,3
GEP-001667,fvg,BEARISH_FVG_FORMED,2025-07-14 02:08:00-04:00,0,7
GEP-001668,liquidity,SWING_LOW_BREAK,2025-07-14 02:08:00-04:00,0,5
GEP-001669,rejection_block,BULLISH_RB_CONFIRMED,2025-07-14 02:09:00-04:00,0,3
GEP-001670,liquidity,SWING_HIGH_BREAK,2025-07-14 02:09:00-04:00,0,5
GEP-001671,ifvg,BULLISH_IFVG_ACTIVATION,2025-07-14 02:10:00-04:00,0,3
GEP-001672,liquidity,SWING_LOW_BREAK,2025-07-14 02:11:00-04:00,0,5
GEP-001673,liquidity,EQUAL_LOWS_BREAK,2025-07-14 02:11:00-04:00,0,5
GEP-001674,rejection_block,BULLISH_RB_CONFIRMED,2025-07-14 02:14:00-04:00,0,3
GEP-001675,liquidity,SWING_LOW_BREAK,2025-07-14 02:16:00-04:00,0,5
GEP-001676,fvg,BULLISH_FVG_FORMED,2025-07-14 02:18:00-04:00,0,7
GEP-001677,liquidity,SWING_HIGH_BREAK,2025-07-14 02:18:00-04:00,0,5
GEP-001678,ifvg,BULLISH_IFVG_ACTIVATION,2025-07-14 02:18:00-04:00,0,3
GEP-001679,fvg,BULLISH_FVG_FORMED,2025-07-14 02:19:00-04:00,0,7
GEP-001680,liquidity,SWING_LOW_BREAK,2025-07-14 02:20:00-04:00,0,5
GEP-001681,liquidity,EQUAL_LOWS_BREAK,2025-07-14 02:20:00-04:00,0,5
GEP-001682,rejection_block,BEARISH_RB_CONFIRMED,2025-07-14 02:21:00-04:00,0,3
GEP-001683,rejection_block,BEARISH_RB_CONFIRMED,2025-07-14 02:23:00-04:00,0,3
GEP-001684,liquidity,SWING_HIGH_BREAK,2025-07-14 02:23:00-04:00,0,5
GEP-001685,liquidity,SWING_HIGH_BREAK,2025-07-14 02:24:00-04:00,0,5
GEP-001686,liquidity,EQUAL_HIGHS_BREAK,2025-07-14 02:24:00-04:00,0,5
GEP-001687,liquidity,SWING_LOW_BREAK,2025-07-14 02:25:00-04:00,0,5
GEP-001688,liquidity,EQUAL_LOWS_BREAK,2025-07-14 02:25:00-04:00,0,5
GEP-001689,fvg,BULLISH_FVG_FORMED,2025-07-14 02:26:00-04:00,0,5
GEP-001690,liquidity,SWING_HIGH_BREAK,2025-07-14 02:30:00-04:00,0,5
GEP-001691,liquidity,EQUAL_HIGHS_BREAK,2025-07-14 02:30:00-04:00,0,5
GEP-001692,fvg,BEARISH_FVG_FORMED,2025-07-14 02:31:00-04:00,0,5
GEP-001693,liquidity,SWING_HIGH_BREAK,2025-07-14 02:33:00-04:00,0,5
GEP-001694,liquidity,SWING_LOW_BREAK,2025-07-14 02:35:00-04:00,0,5
GEP-001695,liquidity,EQUAL_LOWS_BREAK,2025-07-14 02:35:00-04:00,0,5
GEP-001696,ifvg,BULLISH_IFVG_ACTIVATION,2025-07-14 02:35:00-04:00,0,3
GEP-001697,ifvg,BULLISH_IFVG_ACTIVATION,2025-07-14 02:36:00-04:00,0,3
GEP-001698,fvg,BULLISH_FVG_FORMED,2025-07-14 02:37:00-04:00,0,5
GEP-001699,ifvg,BULLISH_IFVG_ACTIVATION,2025-07-14 02:37:00-04:00,0,3
GEP-001700,fvg,BULLISH_FVG_FORMED,2025-07-14 02:38:00-04:00,0,5
GEP-001701,fvg,BULLISH_FVG_FORMED,2025-07-14 02:39:00-04:00,0,5
GEP-001702,rejection_block,BEARISH_RB_CONFIRMED,2025-07-14 02:40:00-04:00,0,3
GEP-001703,ifvg,BEARISH_IFVG_ACTIVATION,2025-07-14 02:41:00-04:00,0,3
GEP-001704,fvg,BEARISH_FVG_FORMED,2025-07-14 02:42:00-04:00,0,5
GEP-001705,liquidity,SWING_HIGH_BREAK,2025-07-14 02:42:00-04:00,0,5
GEP-001706,liquidity,SWING_LOW_SWEEP_BELOW,2025-07-14 02:46:00-04:00,0,5
GEP-001707,liquidity,EQUAL_LOWS_SWEEP_BELOW,2025-07-14 02:46:00-04:00,0,5
GEP-001708,fvg,BEARISH_FVG_FORMED,2025-07-14 02:47:00-04:00,0,5
GEP-001709,rejection_block,BULLISH_RB_CONFIRMED,2025-07-14 02:48:00-04:00,0,3
GEP-001710,liquidity,SWING_HIGH_SWEEP_ABOVE,2025-07-14 02:48:00-04:00,0,5
GEP-001711,liquidity,EQUAL_HIGHS_SWEEP_ABOVE,2025-07-14 02:48:00-04:00,0,5
GEP-001712,ifvg,BULLISH_IFVG_ACTIVATION,2025-07-14 02:48:00-04:00,0,3
GEP-001713,fvg,BULLISH_FVG_FORMED,2025-07-14 02:49:00-04:00,0,5
GEP-001714,liquidity,SWING_LOW_BREAK,2025-07-14 02:49:00-04:00,0,5
GEP-001715,ifvg,BEARISH_IFVG_ACTIVATION,2025-07-14 02:52:00-04:00,0,3
GEP-001716,liquidity,SWING_HIGH_BREAK,2025-07-14 02:53:00-04:00,0,5
GEP-001717,rejection_block,BULLISH_RB_CONFIRMED,2025-07-14 02:55:00-04:00,0,3
GEP-001718,liquidity,SWING_LOW_BREAK,2025-07-14 02:55:00-04:00,0,5
GEP-001719,liquidity,SWING_LOW_BREAK,2025-07-14 02:58:00-04:00,0,5
GEP-001720,liquidity,EQUAL_LOWS_BREAK,2025-07-14 02:58:00-04:00,0,5
GEP-001721,ifvg,BEARISH_IFVG_ACTIVATION,2025-07-14 02:58:00-04:00,0,3
GEP-001722,ifvg,BEARISH_IFVG_ACTIVATION,2025-07-14 02:58:00-04:00,0,3
GEP-001723,liquidity,SWING_HIGH_BREAK,2025-07-14 02:59:00-04:00,0,5
GEP-001724,time_anchor,ANCHOR_LONDON_OPEN_SWEEP,2025-07-14 03:01:00-04:00,0,6
GEP-001725,liquidity,SWING_LOW_BREAK,2025-07-14 03:01:00-04:00,0,5
GEP-001726,liquidity,EQUAL_LOWS_BREAK,2025-07-14 03:01:00-04:00,0,5
GEP-001727,ifvg,BULLISH_IFVG_ACTIVATION,2025-07-14 03:01:00-04:00,0,3
GEP-001728,rejection_block,BEARISH_RB_CONFIRMED,2025-07-14 03:02:00-04:00,0,3
GEP-001729,liquidity,SWING_HIGH_BREAK,2025-07-14 03:04:00-04:00,0,5
GEP-001730,ifvg,BEARISH_IFVG_ACTIVATION,2025-07-14 03:07:00-04:00,0,3
GEP-001731,rejection_block,BULLISH_RB_CONFIRMED,2025-07-14 03:10:00-04:00,0,3
GEP-001732,fvg,BULLISH_FVG_FORMED,2025-07-14 03:11:00-04:00,0,7
GEP-001733,rejection_block,BEARISH_RB_CONFIRMED,2025-07-14 03:12:00-04:00,0,3
GEP-001734,liquidity,SWING_LOW_BREAK,2025-07-14 03:12:00-04:00,0,5
GEP-001735,ifvg,BEARISH_IFVG_ACTIVATION,2025-07-14 03:12:00-04:00,0,3
GEP-001736,liquidity,SWING_HIGH_BREAK,2025-07-14 03:14:00-04:00,0,5
GEP-001737,liquidity,EQUAL_HIGHS_BREAK,2025-07-14 03:14:00-04:00,0,5
GEP-001738,ifvg,BEARISH_IFVG_ACTIVATION,2025-07-14 03:16:00-04:00,0,3
GEP-001739,ifvg,BEARISH_IFVG_ACTIVATION,2025-07-14 03:16:00-04:00,0,3
GEP-001740,fvg,BEARISH_FVG_FORMED,2025-07-14 03:17:00-04:00,0,7
GEP-001741,liquidity,SWING_LOW_BREAK,2025-07-14 03:24:00-04:00,0,5
GEP-001742,liquidity,SWING_LOW_BREAK,2025-07-14 03:27:00-04:00,0,2
GEP-001743,liquidity,SWING_HIGH_SWEEP_ABOVE,2025-07-14 03:29:00-04:00,0,5
GEP-001744,ifvg,BULLISH_IFVG_ACTIVATION,2025-07-14 03:30:00-04:00,0,3
GEP-001745,fvg,BULLISH_FVG_FORMED,2025-07-14 03:31:00-04:00,0,7
GEP-001746,fvg,BULLISH_FVG_FORMED,2025-07-14 03:33:00-04:00,0,7
GEP-001747,liquidity,SWING_HIGH_BREAK,2025-07-14 03:39:00-04:00,0,5
GEP-001748,liquidity,EQUAL_HIGHS_BREAK,2025-07-14 03:39:00-04:00,0,5
GEP-001749,ifvg,BULLISH_IFVG_ACTIVATION,2025-07-14 03:42:00-04:00,0,3
GEP-001750,ifvg,BULLISH_IFVG_ACTIVATION,2025-07-14 03:42:00-04:00,0,3
GEP-001751,fvg,BULLISH_FVG_FORMED,2025-07-14 03:43:00-04:00,0,5
GEP-001752,ifvg,BULLISH_IFVG_ACTIVATION,2025-07-14 03:43:00-04:00,0,3
GEP-001753,fvg,BULLISH_FVG_FORMED,2025-07-14 03:44:00-04:00,0,5
GEP-001754,ifvg,BULLISH_IFVG_ACTIVATION,2025-07-14 03:44:00-04:00,0,3
GEP-001755,fvg,BULLISH_FVG_FORMED,2025-07-14 03:45:00-04:00,0,5
GEP-001756,ifvg,BULLISH_IFVG_ACTIVATION,2025-07-14 03:49:00-04:00,0,3
GEP-001757,ifvg,BULLISH_IFVG_ACTIVATION,2025-07-14 03:49:00-04:00,0,3
GEP-001758,fvg,BULLISH_FVG_FORMED,2025-07-14 03:50:00-04:00,0,5
GEP-001759,ifvg,BULLISH_IFVG_ACTIVATION,2025-07-14 03:50:00-04:00,0,3
GEP-001760,ifvg,BULLISH_IFVG_ACTIVATION,2025-07-14 03:50:00-04:00,0,3
GEP-001761,fvg,BULLISH_FVG_FORMED,2025-07-14 03:52:00-04:00,0,7
GEP-001762,ifvg,BULLISH_IFVG_ACTIVATION,2025-07-14 03:52:00-04:00,0,3
GEP-001763,fvg,BULLISH_FVG_FORMED,2025-07-14 03:53:00-04:00,0,7
GEP-001764,liquidity,SWING_HIGH_BREAK,2025-07-14 03:56:00-04:00,0,5
GEP-001765,liquidity,EQUAL_HIGHS_BREAK,2025-07-14 03:56:00-04:00,0,5
GEP-001766,fvg,BULLISH_FVG_FORMED,2025-07-14 03:57:00-04:00,0,7
GEP-001767,liquidity,SWING_HIGH_BREAK,2025-07-14 03:59:00-04:00,0,5
GEP-001768,ifvg,BEARISH_IFVG_ACTIVATION,2025-07-14 04:00:00-04:00,0,3
GEP-001769,fvg,BEARISH_FVG_FORMED,2025-07-14 04:01:00-04:00,0,5
GEP-001770,liquidity,SWING_HIGH_BREAK,2025-07-14 04:03:00-04:00,0,5
GEP-001771,liquidity,SWING_LOW_SWEEP_BELOW,2025-07-14 04:03:00-04:00,0,5
GEP-001772,liquidity,EQUAL_HIGHS_BREAK,2025-07-14 04:03:00-04:00,0,5
GEP-001773,ifvg,BEARISH_IFVG_ACTIVATION,2025-07-14 04:05:00-04:00,0,3
GEP-001774,liquidity,SWING_LOW_BREAK,2025-07-14 04:10:00-04:00,0,5
GEP-001775,liquidity,EQUAL_LOWS_BREAK,2025-07-14 04:10:00-04:00,0,5
GEP-001776,liquidity,SWING_HIGH_SWEEP_ABOVE,2025-07-14 04:11:00-04:00,0,5
GEP-001777,liquidity,EQUAL_HIGHS_SWEEP_ABOVE,2025-07-14 04:11:00-04:00,0,5
GEP-001778,fvg,BULLISH_FVG_FORMED,2025-07-14 04:14:00-04:00,0,5
GEP-001779,ifvg,BULLISH_IFVG_ACTIVATION,2025-07-14 04:14:00-04:00,0,3
GEP-001780,liquidity,SWING_LOW_BREAK,2025-07-14 04:15:00-04:00,0,5
GEP-001781,liquidity,EQUAL_LOWS_BREAK,2025-07-14 04:15:00-04:00,0,5
GEP-001782,ifvg,BEARISH_IFVG_ACTIVATION,2025-07-14 04:16:00-04:00,0,3
GEP-001783,liquidity,SWING_HIGH_BREAK,2025-07-14 04:17:00-04:00,0,5
GEP-001784,liquidity,SWING_LOW_SWEEP_BELOW,2025-07-14 04:20:00-04:00,0,5
GEP-001785,liquidity,EQUAL_LOWS_SWEEP_BELOW,2025-07-14 04:20:00-04:00,0,5
GEP-001786,liquidity,SWING_LOW_BREAK,2025-07-14 04:23:00-04:00,0,5
GEP-001787,liquidity,EQUAL_LOWS_SWEEP_ABOVE,2025-07-14 04:24:00-04:00,0,5
GEP-001788,fvg,BEARISH_FVG_FORMED,2025-07-14 04:25:00-04:00,0,5
GEP-001789,ifvg,BEARISH_IFVG_ACTIVATION,2025-07-14 04:25:00-04:00,0,3
GEP-001790,rejection_block,BULLISH_RB_CONFIRMED,2025-07-14 04:26:00-04:00,0,3
GEP-001791,fvg,BULLISH_FVG_FORMED,2025-07-14 04:27:00-04:00,0,5
GEP-001792,liquidity,SWING_LOW_BREAK,2025-07-14 04:28:00-04:00,0,5
GEP-001793,ifvg,BEARISH_IFVG_ACTIVATION,2025-07-14 04:28:00-04:00,0,3
GEP-001794,fvg,BEARISH_FVG_FORMED,2025-07-14 04:29:00-04:00,0,5
GEP-001795,liquidity,SWING_HIGH_BREAK,2025-07-14 04:29:00-04:00,0,5
GEP-001796,ifvg,BULLISH_IFVG_ACTIVATION,2025-07-14 04:31:00-04:00,0,3
GEP-001797,ifvg,BULLISH_IFVG_ACTIVATION,2025-07-14 04:31:00-04:00,0,3
GEP-001798,fvg,BULLISH_FVG_FORMED,2025-07-14 04:32:00-04:00,0,5
GEP-001799,liquidity,SWING_LOW_BREAK,2025-07-14 04:33:00-04:00,0,5
GEP-001800,fvg,BEARISH_FVG_FORMED,2025-07-14 04:34:00-04:00,0,5
GEP-001801,liquidity,SWING_HIGH_BREAK,2025-07-14 04:34:00-04:00,0,5
GEP-001802,liquidity,EQUAL_HIGHS_BREAK,2025-07-14 04:34:00-04:00,0,5
GEP-001803,ifvg,BEARISH_IFVG_ACTIVATION,2025-07-14 04:34:00-04:00,0,3
GEP-001804,liquidity,SWING_HIGH_BREAK,2025-07-14 04:36:00-04:00,0,5
GEP-001805,liquidity,SWING_LOW_BREAK,2025-07-14 04:37:00-04:00,0,5
GEP-001806,liquidity,SWING_HIGH_BREAK,2025-07-14 04:39:00-04:00,0,5
GEP-001807,ifvg,BULLISH_IFVG_ACTIVATION,2025-07-14 04:39:00-04:00,0,3
GEP-001808,liquidity,SWING_LOW_SWEEP_BELOW,2025-07-14 04:40:00-04:00,0,5
GEP-001809,liquidity,EQUAL_LOWS_SWEEP_BELOW,2025-07-14 04:40:00-04:00,0,5
GEP-001810,liquidity,SWING_HIGH_BREAK,2025-07-14 04:42:00-04:00,0,5
GEP-001811,liquidity,EQUAL_HIGHS_BREAK,2025-07-14 04:42:00-04:00,0,5
GEP-001812,liquidity,SWING_LOW_BREAK,2025-07-14 04:43:00-04:00,0,5
GEP-001813,liquidity,EQUAL_LOWS_BREAK,2025-07-14 04:43:00-04:00,0,5
GEP-001814,fvg,BULLISH_FVG_FORMED,2025-07-14 04:46:00-04:00,0,5
GEP-001815,fvg,BULLISH_FVG_FORMED,2025-07-14 04:50:00-04:00,0,7
GEP-001816,fvg,BULLISH_FVG_FORMED,2025-07-14 04:51:00-04:00,0,7
GEP-001817,fvg,BULLISH_FVG_FORMED,2025-07-14 04:52:00-04:00,0,7
GEP-001818,fvg,BULLISH_FVG_FORMED,2025-07-14 04:53:00-04:00,0,7
GEP-001819,rejection_block,BEARISH_RB_CONFIRMED,2025-07-14 04:54:00-04:00,0,3
GEP-001820,liquidity,SWING_HIGH_BREAK,2025-07-14 04:56:00-04:00,0,5
GEP-001821,rejection_block,BEARISH_RB_CONFIRMED,2025-07-14 04:57:00-04:00,0,3
GEP-001822,fvg,BEARISH_FVG_FORMED,2025-07-14 04:58:00-04:00,0,7
GEP-001823,liquidity,SWING_HIGH_BREAK,2025-07-14 04:58:00-04:00,0,5
GEP-001824,liquidity,EQUAL_HIGHS_BREAK,2025-07-14 04:58:00-04:00,0,5
GEP-001825,ifvg,BEARISH_IFVG_ACTIVATION,2025-07-14 04:58:00-04:00,0,3
GEP-001826,fvg,BEARISH_FVG_FORMED,2025-07-14 04:59:00-04:00,0,7
GEP-001827,ifvg,BEARISH_IFVG_ACTIVATION,2025-07-14 05:00:00-04:00,0,3
GEP-001828,ifvg,BEARISH_IFVG_ACTIVATION,2025-07-14 05:01:00-04:00,0,3
GEP-001829,rejection_block,BULLISH_RB_CONFIRMED,2025-07-14 05:03:00-04:00,0,3
GEP-001830,liquidity,SWING_LOW_BREAK,2025-07-14 05:05:00-04:00,0,5
GEP-001831,liquidity,SWING_HIGH_BREAK,2025-07-14 05:06:00-04:00,0,5
GEP-001832,liquidity,EQUAL_HIGHS_BREAK,2025-07-14 05:06:00-04:00,0,5
GEP-001833,liquidity,SWING_HIGH_BREAK,2025-07-14 05:10:00-04:00,0,5
GEP-001834,liquidity,SWING_LOW_BREAK,2025-07-14 05:12:00-04:00,0,5
GEP-001835,liquidity,EQUAL_LOWS_BREAK,2025-07-14 05:12:00-04:00,0,5
GEP-001836,rejection_block,BEARISH_RB_CONFIRMED,2025-07-14 05:15:00-04:00,0,3
GEP-001837,liquidity,SWING_HIGH_BREAK,2025-07-14 05:18:00-04:00,0,5
GEP-001838,liquidity,EQUAL_HIGHS_BREAK,2025-07-14 05:18:00-04:00,0,5
GEP-001839,fvg,BEARISH_FVG_FORMED,2025-07-14 05:19:00-04:00,0,7
GEP-001840,ifvg,BULLISH_IFVG_ACTIVATION,2025-07-14 05:20:00-04:00,0,3
GEP-001841,fvg,BULLISH_FVG_FORMED,2025-07-14 05:21:00-04:00,0,7
GEP-001842,liquidity,SWING_LOW_BREAK,2025-07-14 05:22:00-04:00,0,5
GEP-001843,liquidity,EQUAL_LOWS_BREAK,2025-07-14 05:22:00-04:00,0,5
GEP-001844,ifvg,BULLISH_IFVG_ACTIVATION,2025-07-14 05:22:00-04:00,0,3
GEP-001845,ifvg,BULLISH_IFVG_ACTIVATION,2025-07-14 05:24:00-04:00,0,3
GEP-001846,rejection_block,BEARISH_RB_CONFIRMED,2025-07-14 05:25:00-04:00,0,3
GEP-001847,fvg,BEARISH_FVG_FORMED,2025-07-14 05:26:00-04:00,0,7
GEP-001848,fvg,BEARISH_FVG_FORMED,2025-07-14 05:27:00-04:00,0,7
GEP-001849,liquidity,SWING_HIGH_BREAK,2025-07-14 05:28:00-04:00,0,5
GEP-001850,ifvg,BULLISH_IFVG_ACTIVATION,2025-07-14 05:28:00-04:00,0,3
GEP-001851,ifvg,BULLISH_IFVG_ACTIVATION,2025-07-14 05:28:00-04:00,0,3
GEP-001852,fvg,BULLISH_FVG_FORMED,2025-07-14 05:29:00-04:00,0,5
GEP-001853,liquidity,SWING_LOW_BREAK,2025-07-14 05:29:00-04:00,0,5
GEP-001854,liquidity,EQUAL_LOWS_BREAK,2025-07-14 05:29:00-04:00,0,5
GEP-001855,liquidity,SWING_LOW_BREAK,2025-07-14 05:30:00-04:00,0,5
GEP-001856,fvg,BEARISH_FVG_FORMED,2025-07-14 05:31:00-04:00,0,5
GEP-001857,liquidity,SWING_HIGH_BREAK,2025-07-14 05:32:00-04:00,0,5
GEP-001858,ifvg,BEARISH_IFVG_ACTIVATION,2025-07-14 05:33:00-04:00,0,3
GEP-001859,liquidity,SWING_LOW_BREAK,2025-07-14 05:36:00-04:00,0,5
GEP-001860,ifvg,BULLISH_IFVG_ACTIVATION,2025-07-14 05:37:00-04:00,0,3
GEP-001861,liquidity,SWING_LOW_BREAK,2025-07-14 05:40:00-04:00,0,5
GEP-001862,liquidity,EQUAL_LOWS_BREAK,2025-07-14 05:40:00-04:00,0,5
GEP-001863,rejection_block,BULLISH_RB_CONFIRMED,2025-07-14 05:41:00-04:00,0,3
GEP-001864,fvg,BULLISH_FVG_FORMED,2025-07-14 05:42:00-04:00,0,5
GEP-001865,liquidity,SWING_LOW_BREAK,2025-07-14 05:43:00-04:00,0,5
GEP-001866,rejection_block,BEARISH_RB_CONFIRMED,2025-07-14 05:44:00-04:00,0,3
GEP-001867,rejection_block,BEARISH_RB_CONFIRMED,2025-07-14 05:48:00-04:00,0,3
GEP-001868,liquidity,SWING_HIGH_BREAK,2025-07-14 05:51:00-04:00,0,5
GEP-001869,liquidity,EQUAL_HIGHS_BREAK,2025-07-14 05:51:00-04:00,0,5
GEP-001870,fvg,BEARISH_FVG_FORMED,2025-07-14 05:52:00-04:00,0,5
GEP-001871,liquidity,SWING_HIGH_BREAK,2025-07-14 05:54:00-04:00,0,5
GEP-001872,ifvg,BEARISH_IFVG_ACTIVATION,2025-07-14 05:55:00-04:00,0,3
GEP-001873,rejection_block,BEARISH_RB_CONFIRMED,2025-07-14 05:58:00-04:00,0,3
GEP-001874,liquidity,SWING_LOW_BREAK,2025-07-14 05:58:00-04:00,0,5
GEP-001875,liquidity,EQUAL_LOWS_BREAK,2025-07-14 05:58:00-04:00,0,5
GEP-001876,ifvg,BULLISH_IFVG_ACTIVATION,2025-07-14 05:59:00-04:00,0,3
GEP-001877,liquidity,SWING_HIGH_BREAK,2025-07-14 06:02:00-04:00,0,5
GEP-001878,liquidity,EQUAL_HIGHS_BREAK,2025-07-14 06:02:00-04:00,0,5
GEP-001879,fvg,BEARISH_FVG_FORMED,2025-07-14 06:03:00-04:00,0,7
GEP-001880,fvg,BEARISH_FVG_FORMED,2025-07-14 06:06:00-04:00,0,5
GEP-001881,liquidity,SWING_LOW_BREAK,2025-07-14 06:06:00-04:00,0,5
GEP-001882,fvg,BEARISH_FVG_FORMED,2025-07-14 06:07:00-04:00,0,5
GEP-001883,fvg,BEARISH_FVG_FORMED,2025-07-14 06:08:00-04:00,0,5
GEP-001884,ifvg,BEARISH_IFVG_ACTIVATION,2025-07-14 06:09:00-04:00,0,3
GEP-001885,rejection_block,BULLISH_RB_CONFIRMED,2025-07-14 06:10:00-04:00,0,3
GEP-001886,liquidity,SWING_LOW_BREAK,2025-07-14 06:11:00-04:00,0,5
GEP-001887,fvg,BEARISH_FVG_FORMED,2025-07-14 06:13:00-04:00,0,5
GEP-001888,liquidity,SWING_HIGH_BREAK,2025-07-14 06:14:00-04:00,0,5
GEP-001889,liquidity,EQUAL_HIGHS_BREAK,2025-07-14 06:14:00-04:00,0,5
GEP-001890,ifvg,BULLISH_IFVG_ACTIVATION,2025-07-14 06:14:00-04:00,0,3
GEP-001891,ifvg,BULLISH_IFVG_ACTIVATION,2025-07-14 06:14:00-04:00,0,3
GEP-001892,ifvg,BULLISH_IFVG_ACTIVATION,2025-07-14 06:14:00-04:00,0,3
GEP-001893,fvg,BULLISH_FVG_FORMED,2025-07-14 06:15:00-04:00,0,7
GEP-001894,ifvg,BULLISH_IFVG_ACTIVATION,2025-07-14 06:15:00-04:00,0,3
GEP-001895,liquidity,SWING_LOW_BREAK,2025-07-14 06:16:00-04:00,0,5
GEP-001896,liquidity,SWING_HIGH_BREAK,2025-07-14 06:18:00-04:00,0,5
GEP-001897,liquidity,SWING_HIGH_BREAK,2025-07-14 06:19:00-04:00,0,5
GEP-001898,liquidity,EQUAL_HIGHS_BREAK,2025-07-14 06:19:00-04:00,0,5
GEP-001899,fvg,BEARISH_FVG_FORMED,2025-07-14 06:21:00-04:00,0,5
GEP-001900,fvg,BEARISH_FVG_FORMED,2025-07-14 06:22:00-04:00,0,5
GEP-001901,liquidity,SWING_HIGH_BREAK,2025-07-14 06:22:00-04:00,0,5
GEP-001902,rejection_block,BULLISH_RB_CONFIRMED,2025-07-14 06:23:00-04:00,0,3
GEP-001903,ifvg,BULLISH_IFVG_ACTIVATION,2025-07-14 06:24:00-04:00,0,3
GEP-001904,liquidity,SWING_LOW_BREAK,2025-07-14 06:25:00-04:00,0,5
GEP-001905,liquidity,EQUAL_LOWS_BREAK,2025-07-14 06:25:00-04:00,0,5
GEP-001906,rejection_block,BEARISH_RB_CONFIRMED,2025-07-14 06:27:00-04:00,0,3
GEP-001907,liquidity,SWING_HIGH_BREAK,2025-07-14 06:29:00-04:00,0,5
GEP-001908,liquidity,EQUAL_HIGHS_BREAK,2025-07-14 06:29:00-04:00,0,5
GEP-001909,rejection_block,BEARISH_RB_CONFIRMED,2025-07-14 06:32:00-04:00,0,3
GEP-001910,liquidity,SWING_LOW_BREAK,2025-07-14 06:32:00-04:00,0,5
GEP-001911,liquidity,EQUAL_LOWS_BREAK,2025-07-14 06:32:00-04:00,0,5
GEP-001912,fvg,BEARISH_FVG_FORMED,2025-07-14 06:33:00-04:00,0,7
GEP-001913,ifvg,BEARISH_IFVG_ACTIVATION,2025-07-14 06:33:00-04:00,0,3
GEP-001914,fvg,BEARISH_FVG_FORMED,2025-07-14 06:34:00-04:00,0,7
GEP-001915,liquidity,SWING_HIGH_BREAK,2025-07-14 06:34:00-04:00,0,5
GEP-001916,ifvg,BEARISH_IFVG_ACTIVATION,2025-07-14 06:35:00-04:00,0,3
GEP-001917,rejection_block,BULLISH_RB_CONFIRMED,2025-07-14 06:38:00-04:00,0,3
GEP-001918,fvg,BULLISH_FVG_FORMED,2025-07-14 06:39:00-04:00,0,5
GEP-001919,fvg,BULLISH_FVG_FORMED,2025-07-14 06:40:00-04:00,0,7
GEP-001920,ifvg,BULLISH_IFVG_ACTIVATION,2025-07-14 06:40:00-04:00,0,3
GEP-001921,ifvg,BULLISH_IFVG_ACTIVATION,2025-07-14 06:40:00-04:00,0,3
GEP-001922,liquidity,SWING_LOW_BREAK,2025-07-14 06:41:00-04:00,0,5
GEP-001923,liquidity,EQUAL_LOWS_BREAK,2025-07-14 06:41:00-04:00,0,5
GEP-001924,liquidity,SWING_HIGH_SWEEP_ABOVE,2025-07-14 06:44:00-04:00,0,5
GEP-001925,liquidity,EQUAL_HIGHS_SWEEP_ABOVE,2025-07-14 06:44:00-04:00,0,5
GEP-001926,liquidity,SWING_LOW_BREAK,2025-07-14 06:46:00-04:00,0,5
GEP-001927,fvg,BEARISH_FVG_FORMED,2025-07-14 06:47:00-04:00,0,5
GEP-001928,liquidity,SWING_HIGH_BREAK,2025-07-14 06:47:00-04:00,0,5
GEP-001929,ifvg,BULLISH_IFVG_ACTIVATION,2025-07-14 06:50:00-04:00,0,3
GEP-001930,fvg,BULLISH_FVG_FORMED,2025-07-14 06:51:00-04:00,0,7
GEP-001931,liquidity,SWING_LOW_BREAK,2025-07-14 06:52:00-04:00,0,5
GEP-001932,liquidity,EQUAL_LOWS_BREAK,2025-07-14 06:52:00-04:00,0,5
GEP-001933,liquidity,SWING_HIGH_BREAK,2025-07-14 06:53:00-04:00,0,5
GEP-001934,liquidity,EQUAL_HIGHS_BREAK,2025-07-14 06:53:00-04:00,0,5
GEP-001935,rejection_block,BEARISH_RB_CONFIRMED,2025-07-14 06:56:00-04:00,0,3
GEP-001936,liquidity,SWING_HIGH_BREAK,2025-07-14 06:58:00-04:00,0,5
GEP-001937,ifvg,BEARISH_IFVG_ACTIVATION,2025-07-14 06:59:00-04:00,0,3
GEP-001938,rejection_block,BEARISH_RB_CONFIRMED,2025-07-14 07:01:00-04:00,0,3
GEP-001939,fvg,BULLISH_FVG_FORMED,2025-07-14 07:03:00-04:00,0,7
GEP-001940,liquidity,SWING_HIGH_BREAK,2025-07-14 07:03:00-04:00,0,5
GEP-001941,fvg,BULLISH_FVG_FORMED,2025-07-14 07:04:00-04:00,0,7
GEP-001942,liquidity,SWING_LOW_BREAK,2025-07-14 07:04:00-04:00,0,5
GEP-001943,liquidity,SWING_HIGH_SWEEP_ABOVE,2025-07-14 07:06:00-04:00,0,5
GEP-001944,rejection_block,BEARISH_RB_CONFIRMED,2025-07-14 07:07:00-04:00,0,3
GEP-001945,ifvg,BEARISH_IFVG_ACTIVATION,2025-07-14 07:07:00-04:00,0,3
GEP-001946,ifvg,BEARISH_IFVG_ACTIVATION,2025-07-14 07:07:00-04:00,0,3
GEP-001947,ifvg,BEARISH_IFVG_ACTIVATION,2025-07-14 07:07:00-04:00,0,3
GEP-001948,fvg,BEARISH_FVG_FORMED,2025-07-14 07:08:00-04:00,0,7
GEP-001949,liquidity,SWING_HIGH_BREAK,2025-07-14 07:09:00-04:00,0,5
GEP-001950,liquidity,EQUAL_HIGHS_BREAK,2025-07-14 07:09:00-04:00,0,5
GEP-001951,ifvg,BULLISH_IFVG_ACTIVATION,2025-07-14 07:09:00-04:00,0,3
GEP-001952,fvg,BULLISH_FVG_FORMED,2025-07-14 07:10:00-04:00,0,7
GEP-001953,liquidity,SWING_LOW_BREAK,2025-07-14 07:10:00-04:00,0,5
GEP-001954,ifvg,BULLISH_IFVG_ACTIVATION,2025-07-14 07:10:00-04:00,0,3
GEP-001955,fvg,BULLISH_FVG_FORMED,2025-07-14 07:11:00-04:00,0,7
GEP-001956,liquidity,SWING_HIGH_BREAK,2025-07-14 07:15:00-04:00,0,5
GEP-001957,ifvg,BEARISH_IFVG_ACTIVATION,2025-07-14 07:15:00-04:00,0,3
GEP-001958,fvg,BEARISH_FVG_FORMED,2025-07-14 07:16:00-04:00,0,7
GEP-001959,ifvg,BEARISH_IFVG_ACTIVATION,2025-07-14 07:16:00-04:00,0,3
GEP-001960,fvg,BEARISH_FVG_FORMED,2025-07-14 07:17:00-04:00,0,7
GEP-001961,ifvg,BEARISH_IFVG_ACTIVATION,2025-07-14 07:17:00-04:00,0,3
GEP-001962,ifvg,BEARISH_IFVG_ACTIVATION,2025-07-14 07:17:00-04:00,0,3
GEP-001963,liquidity,SWING_LOW_BREAK,2025-07-14 07:20:00-04:00,0,5
GEP-001964,fvg,BEARISH_FVG_FORMED,2025-07-14 07:22:00-04:00,0,5
GEP-001965,ifvg,BULLISH_IFVG_ACTIVATION,2025-07-14 07:25:00-04:00,0,3
GEP-001966,fvg,BULLISH_FVG_FORMED,2025-07-14 07:26:00-04:00,0,5
GEP-001967,liquidity,SWING_LOW_BREAK,2025-07-14 07:26:00-04:00,0,5
GEP-001968,liquidity,EQUAL_LOWS_BREAK,2025-07-14 07:26:00-04:00,0,5
GEP-001969,ifvg,BEARISH_IFVG_ACTIVATION,2025-07-14 07:28:00-04:00,0,3
GEP-001970,liquidity,SWING_HIGH_BREAK,2025-07-14 07:29:00-04:00,0,5
GEP-001971,liquidity,EQUAL_HIGHS_BREAK,2025-07-14 07:29:00-04:00,0,5
GEP-001972,liquidity,SWING_LOW_BREAK,2025-07-14 07:32:00-04:00,0,5
GEP-001973,liquidity,EQUAL_LOWS_BREAK,2025-07-14 07:32:00-04:00,0,5
GEP-001974,liquidity,SWING_HIGH_BREAK,2025-07-14 07:36:00-04:00,0,5
GEP-001975,fvg,BULLISH_FVG_FORMED,2025-07-14 07:37:00-04:00,0,5
GEP-001976,fvg,BULLISH_FVG_FORMED,2025-07-14 07:38:00-04:00,0,5
GEP-001977,liquidity,SWING_LOW_BREAK,2025-07-14 07:38:00-04:00,0,5
GEP-001978,liquidity,EQUAL_LOWS_BREAK,2025-07-14 07:38:00-04:00,0,5
GEP-001979,fvg,BULLISH_FVG_FORMED,2025-07-14 07:40:00-04:00,0,5
GEP-001980,ifvg,BULLISH_IFVG_ACTIVATION,2025-07-14 07:40:00-04:00,0,3
GEP-001981,fvg,BULLISH_FVG_FORMED,2025-07-14 07:41:00-04:00,0,7
GEP-001982,ifvg,BULLISH_IFVG_ACTIVATION,2025-07-14 07:41:00-04:00,0,3
GEP-001983,fvg,BULLISH_FVG_FORMED,2025-07-14 07:42:00-04:00,0,7
GEP-001984,rejection_block,BEARISH_RB_CONFIRMED,2025-07-14 07:46:00-04:00,0,3
GEP-001985,fvg,BEARISH_FVG_FORMED,2025-07-14 07:47:00-04:00,0,5
GEP-001986,liquidity,SWING_HIGH_BREAK,2025-07-14 07:48:00-04:00,0,5
GEP-001987,liquidity,EQUAL_HIGHS_BREAK,2025-07-14 07:48:00-04:00,0,5
GEP-001988,ifvg,BULLISH_IFVG_ACTIVATION,2025-07-14 07:48:00-04:00,0,3
GEP-001989,liquidity,SWING_LOW_BREAK,2025-07-14 07:49:00-04:00,0,5
GEP-001990,liquidity,SWING_HIGH_BREAK,2025-07-14 07:52:00-04:00,0,5
GEP-001991,liquidity,EQUAL_HIGHS_BREAK,2025-07-14 07:52:00-04:00,0,5
GEP-001992,fvg,BEARISH_FVG_FORMED,2025-07-14 07:56:00-04:00,0,5
GEP-001993,liquidity,SWING_HIGH_BREAK,2025-07-14 07:56:00-04:00,0,5
GEP-001994,liquidity,SWING_LOW_SWEEP_BELOW,2025-07-14 07:59:00-04:00,0,5
GEP-001995,rejection_block,BULLISH_RB_CONFIRMED,2025-07-14 08:02:00-04:00,0,3
GEP-001996,liquidity,SWING_HIGH_BREAK,2025-07-14 08:02:00-04:00,0,5
GEP-001997,liquidity,SWING_LOW_BREAK,2025-07-14 08:03:00-04:00,0,5
GEP-001998,liquidity,EQUAL_LOWS_BREAK,2025-07-14 08:03:00-04:00,0,5
GEP-001999,fvg,BEARISH_FVG_FORMED,2025-07-14 08:05:00-04:00,0,5
GEP-002000,liquidity,SWING_HIGH_BREAK,2025-07-14 08:06:00-04:00,0,5
GEP-002001,liquidity,EQUAL_HIGHS_BREAK,2025-07-14 08:06:00-04:00,0,5
GEP-002002,fvg,BEARISH_FVG_FORMED,2025-07-14 08:07:00-04:00,0,5
GEP-002003,ifvg,BEARISH_IFVG_ACTIVATION,2025-07-14 08:07:00-04:00,0,3
GEP-002004,liquidity,SWING_LOW_BREAK,2025-07-14 08:10:00-04:00,0,2
GEP-002005,ifvg,BULLISH_IFVG_ACTIVATION,2025-07-14 08:10:00-04:00,0,3
GEP-002006,ifvg,BULLISH_IFVG_ACTIVATION,2025-07-14 08:12:00-04:00,0,3
GEP-002007,fvg,BULLISH_FVG_FORMED,2025-07-14 08:13:00-04:00,0,5
GEP-002008,ifvg,BULLISH_IFVG_ACTIVATION,2025-07-14 08:13:00-04:00,0,3
GEP-002009,fvg,BULLISH_FVG_FORMED,2025-07-14 08:14:00-04:00,0,5
GEP-002010,fvg,BULLISH_FVG_FORMED,2025-07-14 08:20:00-04:00,0,5
GEP-002011,ifvg,BULLISH_IFVG_ACTIVATION,2025-07-14 08:20:00-04:00,0,3
GEP-002012,fvg,BULLISH_FVG_FORMED,2025-07-14 08:21:00-04:00,0,5
GEP-002013,liquidity,SWING_LOW_BREAK,2025-07-14 08:21:00-04:00,0,5
GEP-002014,liquidity,EQUAL_LOWS_BREAK,2025-07-14 08:21:00-04:00,0,5
GEP-002015,fvg,BULLISH_FVG_FORMED,2025-07-14 08:22:00-04:00,0,5
GEP-002016,rejection_block,BEARISH_RB_CONFIRMED,2025-07-14 08:23:00-04:00,0,3
GEP-002017,rejection_block,BULLISH_RB_CONFIRMED,2025-07-14 08:25:00-04:00,0,3
GEP-002018,liquidity,SWING_HIGH_BREAK,2025-07-14 08:25:00-04:00,0,5
GEP-002019,liquidity,EQUAL_HIGHS_BREAK,2025-07-14 08:25:00-04:00,0,5
GEP-002020,fvg,BULLISH_FVG_FORMED,2025-07-14 08:26:00-04:00,0,7
GEP-002021,liquidity,SWING_LOW_BREAK,2025-07-14 08:27:00-04:00,0,5
GEP-002022,liquidity,SWING_HIGH_BREAK,2025-07-14 08:29:00-04:00,0,5
GEP-002023,liquidity,EQUAL_HIGHS_BREAK,2025-07-14 08:29:00-04:00,0,5
GEP-002024,fvg,BEARISH_FVG_FORMED,2025-07-14 08:31:00-04:00,0,7
GEP-002025,ifvg,BEARISH_IFVG_ACTIVATION,2025-07-14 08:31:00-04:00,0,3
GEP-002026,fvg,BEARISH_FVG_FORMED,2025-07-14 08:32:00-04:00,0,7
GEP-002027,ifvg,BEARISH_IFVG_ACTIVATION,2025-07-14 08:32:00-04:00,0,3
GEP-002028,ifvg,BEARISH_IFVG_ACTIVATION,2025-07-14 08:32:00-04:00,0,3
GEP-002029,fvg,BEARISH_FVG_FORMED,2025-07-14 08:33:00-04:00,0,7
GEP-002030,liquidity,SWING_HIGH_BREAK,2025-07-14 08:33:00-04:00,0,5
GEP-002031,liquidity,EQUAL_HIGHS_BREAK,2025-07-14 08:33:00-04:00,0,5
GEP-002032,ifvg,BEARISH_IFVG_ACTIVATION,2025-07-14 08:33:00-04:00,0,3
GEP-002033,liquidity,SWING_LOW_BREAK,2025-07-14 08:36:00-04:00,0,2
GEP-002034,liquidity,EQUAL_LOWS_BREAK,2025-07-14 08:36:00-04:00,0,2
GEP-002035,ifvg,BULLISH_IFVG_ACTIVATION,2025-07-14 08:38:00-04:00,0,3
GEP-002036,fvg,BULLISH_FVG_FORMED,2025-07-14 08:39:00-04:00,0,7
GEP-002037,rejection_block,BEARISH_RB_CONFIRMED,2025-07-14 08:40:00-04:00,0,3
GEP-002038,fvg,BEARISH_FVG_FORMED,2025-07-14 08:41:00-04:00,0,5
GEP-002039,liquidity,SWING_HIGH_BREAK,2025-07-14 08:42:00-04:00,0,5
GEP-002040,liquidity,EQUAL_HIGHS_BREAK,2025-07-14 08:42:00-04:00,0,5
GEP-002041,ifvg,BULLISH_IFVG_ACTIVATION,2025-07-14 08:43:00-04:00,0,3
GEP-002042,liquidity,SWING_LOW_BREAK,2025-07-14 08:46:00-04:00,0,5
GEP-002043,liquidity,EQUAL_LOWS_BREAK,2025-07-14 08:46:00-04:00,0,5
GEP-002044,liquidity,SWING_HIGH_BREAK,2025-07-14 08:47:00-04:00,0,5
GEP-002045,liquidity,EQUAL_HIGHS_BREAK,2025-07-14 08:47:00-04:00,0,5
GEP-002046,liquidity,SWING_LOW_BREAK,2025-07-14 08:51:00-04:00,0,5
GEP-002047,liquidity,EQUAL_LOWS_BREAK,2025-07-14 08:51:00-04:00,0,5
GEP-002048,rejection_block,BEARISH_RB_CONFIRMED,2025-07-14 08:53:00-04:00,0,3
GEP-002049,liquidity,SWING_HIGH_BREAK,2025-07-14 08:57:00-04:00,0,5
GEP-002050,ifvg,BEARISH_IFVG_ACTIVATION,2025-07-14 08:57:00-04:00,0,3
GEP-002051,time_anchor,ANCHOR_OPEN_0900_BREAK,2025-07-14 09:01:00-04:00,0,6
GEP-002052,hist_level,HL_0900_HIGH_BREAK,2025-07-14 09:01:00-04:00,0,5
GEP-002053,hist_level,HL_0900_LOW_SWEEP_BELOW,2025-07-14 09:01:00-04:00,0,5
GEP-002054,liquidity,SWING_LOW_BREAK,2025-07-14 09:01:00-04:00,0,5
GEP-002055,liquidity,SWING_HIGH_BREAK,2025-07-14 09:04:00-04:00,0,2
GEP-002056,liquidity,EQUAL_HIGHS_BREAK,2025-07-14 09:04:00-04:00,0,2
GEP-002057,fvg,BULLISH_FVG_FORMED,2025-07-14 09:07:00-04:00,0,5
GEP-002058,liquidity,SWING_LOW_BREAK,2025-07-14 09:07:00-04:00,0,2
GEP-002059,liquidity,EQUAL_LOWS_BREAK,2025-07-14 09:07:00-04:00,0,2
GEP-002060,liquidity,SWING_LOW_BREAK,2025-07-14 09:08:00-04:00,0,2
GEP-002061,ifvg,BEARISH_IFVG_ACTIVATION,2025-07-14 09:08:00-04:00,0,3
GEP-002062,fvg,BEARISH_FVG_FORMED,2025-07-14 09:09:00-04:00,0,5
GEP-002063,liquidity,SWING_HIGH_BREAK,2025-07-14 09:10:00-04:00,0,5
GEP-002064,ifvg,BULLISH_IFVG_ACTIVATION,2025-07-14 09:10:00-04:00,0,3
GEP-002065,liquidity,SWING_LOW_BREAK,2025-07-14 09:12:00-04:00,0,2
GEP-002066,liquidity,EQUAL_LOWS_BREAK,2025-07-14 09:12:00-04:00,0,2
GEP-002067,fvg,BULLISH_FVG_FORMED,2025-07-14 09:13:00-04:00,0,7
GEP-002068,fvg,BULLISH_FVG_FORMED,2025-07-14 09:15:00-04:00,0,5
GEP-002069,rejection_block,BEARISH_RB_CONFIRMED,2025-07-14 09:16:00-04:00,0,3
GEP-002070,ifvg,BEARISH_IFVG_ACTIVATION,2025-07-14 09:16:00-04:00,0,3
GEP-002071,fvg,BEARISH_FVG_FORMED,2025-07-14 09:17:00-04:00,0,7
GEP-002072,liquidity,SWING_HIGH_BREAK,2025-07-14 09:18:00-04:00,0,5
GEP-002073,liquidity,EQUAL_HIGHS_BREAK,2025-07-14 09:18:00-04:00,0,5
GEP-002074,liquidity,SWING_LOW_BREAK,2025-07-14 09:19:00-04:00,0,2
GEP-002075,fvg,BULLISH_FVG_FORMED,2025-07-14 09:21:00-04:00,0,7
GEP-002076,ifvg,BULLISH_IFVG_ACTIVATION,2025-07-14 09:21:00-04:00,0,3
GEP-002077,ifvg,BULLISH_IFVG_ACTIVATION,2025-07-14 09:21:00-04:00,0,3
GEP-002078,ifvg,BULLISH_IFVG_ACTIVATION,2025-07-14 09:21:00-04:00,0,3
GEP-002079,fvg,BULLISH_FVG_FORMED,2025-07-14 09:22:00-04:00,0,7
GEP-002080,liquidity,SWING_LOW_BREAK,2025-07-14 09:23:00-04:00,0,2
GEP-002081,liquidity,EQUAL_LOWS_BREAK,2025-07-14 09:23:00-04:00,0,2
GEP-002082,fvg,BULLISH_FVG_FORMED,2025-07-14 09:24:00-04:00,0,7
GEP-002083,fvg,BULLISH_FVG_FORMED,2025-07-14 09:25:00-04:00,0,7
GEP-002084,fvg,BULLISH_FVG_FORMED,2025-07-14 09:26:00-04:00,0,7
GEP-002085,fvg,BULLISH_FVG_FORMED,2025-07-14 09:27:00-04:00,0,7
GEP-002086,time_anchor,ANCHOR_NY_SESSION_OPEN_SWEEP,2025-07-14 09:31:00-04:00,0,6
GEP-002087,time_anchor,ANCHOR_OPEN_0930_SWEEP,2025-07-14 09:31:00-04:00,0,6
GEP-002088,hist_level,HL_0930_HIGH_SWEEP_ABOVE,2025-07-14 09:31:00-04:00,0,5
GEP-002089,hist_level,HL_0930_LOW_BREAK,2025-07-14 09:31:00-04:00,0,5
GEP-002090,rejection_block,BEARISH_RB_CONFIRMED,2025-07-14 09:32:00-04:00,0,3
GEP-002091,liquidity,SWING_HIGH_BREAK,2025-07-14 09:34:00-04:00,0,5
GEP-002092,fvg,BEARISH_FVG_FORMED,2025-07-14 09:35:00-04:00,0,5
GEP-002093,rejection_block,BULLISH_RB_CONFIRMED,2025-07-14 09:36:00-04:00,0,3
GEP-002094,ifvg,BULLISH_IFVG_ACTIVATION,2025-07-14 09:36:00-04:00,0,3
GEP-002095,fvg,BULLISH_FVG_FORMED,2025-07-14 09:37:00-04:00,0,7
GEP-002096,liquidity,SWING_LOW_BREAK,2025-07-14 09:38:00-04:00,0,5
GEP-002097,liquidity,EQUAL_LOWS_BREAK,2025-07-14 09:38:00-04:00,0,5
GEP-002098,ifvg,BEARISH_IFVG_ACTIVATION,2025-07-14 09:38:00-04:00,0,3
GEP-002099,fvg,BEARISH_FVG_FORMED,2025-07-14 09:39:00-04:00,0,5
GEP-002100,liquidity,SWING_HIGH_BREAK,2025-07-14 09:40:00-04:00,0,5
GEP-002101,liquidity,EQUAL_HIGHS_BREAK,2025-07-14 09:40:00-04:00,0,5
GEP-002102,ifvg,BEARISH_IFVG_ACTIVATION,2025-07-14 09:40:00-04:00,0,3
GEP-002103,ifvg,BEARISH_IFVG_ACTIVATION,2025-07-14 09:40:00-04:00,0,3
GEP-002104,ifvg,BEARISH_IFVG_ACTIVATION,2025-07-14 09:40:00-04:00,0,3
GEP-002105,ifvg,BEARISH_IFVG_ACTIVATION,2025-07-14 09:42:00-04:00,0,3
GEP-002106,ifvg,BEARISH_IFVG_ACTIVATION,2025-07-14 09:42:00-04:00,0,3
GEP-002107,ifvg,BEARISH_IFVG_ACTIVATION,2025-07-14 09:42:00-04:00,0,3
GEP-002108,ifvg,BEARISH_IFVG_ACTIVATION,2025-07-14 09:42:00-04:00,0,3
GEP-002109,ifvg,BEARISH_IFVG_ACTIVATION,2025-07-14 09:42:00-04:00,0,3
GEP-002110,ifvg,BEARISH_IFVG_ACTIVATION,2025-07-14 09:42:00-04:00,0,3
GEP-002111,ifvg,BEARISH_IFVG_ACTIVATION,2025-07-14 09:42:00-04:00,0,3
GEP-002112,fvg,BEARISH_FVG_FORMED,2025-07-14 09:43:00-04:00,0,7
GEP-002113,ifvg,BEARISH_IFVG_ACTIVATION,2025-07-14 09:43:00-04:00,0,3
GEP-002114,ifvg,BEARISH_IFVG_ACTIVATION,2025-07-14 09:43:00-04:00,0,3
GEP-002115,ifvg,BEARISH_IFVG_ACTIVATION,2025-07-14 09:43:00-04:00,0,3
GEP-002116,fvg,BEARISH_FVG_FORMED,2025-07-14 09:44:00-04:00,0,7
GEP-002117,ifvg,BEARISH_IFVG_ACTIVATION,2025-07-14 09:44:00-04:00,0,3
GEP-002118,ifvg,BULLISH_IFVG_ACTIVATION,2025-07-14 09:47:00-04:00,0,3
GEP-002119,fvg,BULLISH_FVG_FORMED,2025-07-14 09:48:00-04:00,0,7
GEP-002120,liquidity,SWING_LOW_BREAK,2025-07-14 09:48:00-04:00,0,2
GEP-002121,liquidity,EQUAL_LOWS_BREAK,2025-07-14 09:48:00-04:00,0,2
GEP-002122,ifvg,BULLISH_IFVG_ACTIVATION,2025-07-14 09:48:00-04:00,0,3
GEP-002123,fvg,BULLISH_FVG_FORMED,2025-07-14 09:49:00-04:00,0,7
GEP-002124,fvg,BULLISH_FVG_FORMED,2025-07-14 09:50:00-04:00,0,7
GEP-002125,rejection_block,BULLISH_RB_CONFIRMED,2025-07-14 09:54:00-04:00,0,3
GEP-002126,liquidity,SWING_HIGH_SWEEP_ABOVE,2025-07-14 09:55:00-04:00,0,5
GEP-002127,liquidity,EQUAL_HIGHS_SWEEP_ABOVE,2025-07-14 09:55:00-04:00,0,5
GEP-002128,fvg,BEARISH_FVG_FORMED,2025-07-14 09:56:00-04:00,0,5
GEP-002129,liquidity,SWING_LOW_SWEEP_BELOW,2025-07-14 09:56:00-04:00,0,5
GEP-002130,liquidity,EQUAL_LOWS_SWEEP_BELOW,2025-07-14 09:56:00-04:00,0,5
GEP-002131,ifvg,BEARISH_IFVG_ACTIVATION,2025-07-14 09:57:00-04:00,0,3
GEP-002132,liquidity,SWING_HIGH_BREAK,2025-07-14 09:58:00-04:00,0,5
GEP-002133,rejection_block,BEARISH_RB_CONFIRMED,2025-07-14 10:01:00-04:00,0,3
GEP-002134,hist_level,HL_1000_HIGH_BREAK,2025-07-14 10:01:00-04:00,0,5
GEP-002135,hist_level,HL_1000_LOW_SWEEP_BELOW,2025-07-14 10:01:00-04:00,0,5
GEP-002136,liquidity,SWING_LOW_BREAK,2025-07-14 10:01:00-04:00,0,2
GEP-002137,time_anchor,ANCHOR_OPEN_1000_SWEEP,2025-07-14 10:02:00-04:00,0,5
GEP-002138,ifvg,BULLISH_IFVG_ACTIVATION,2025-07-14 10:02:00-04:00,0,3
GEP-002139,liquidity,SWING_LOW_BREAK,2025-07-14 10:04:00-04:00,0,2
GEP-002140,liquidity,SWING_HIGH_BREAK,2025-07-14 10:07:00-04:00,0,5
GEP-002141,liquidity,SWING_LOW_BREAK,2025-07-14 10:09:00-04:00,0,2
GEP-002142,liquidity,SWING_HIGH_SWEEP_ABOVE,2025-07-14 10:10:00-04:00,0,5
GEP-002143,liquidity,SWING_HIGH_SWEEP_ABOVE,2025-07-14 10:13:00-04:00,0,5
GEP-002144,liquidity,EQUAL_HIGHS_SWEEP_ABOVE,2025-07-14 10:13:00-04:00,0,5
GEP-002145,ifvg,BULLISH_IFVG_ACTIVATION,2025-07-14 10:14:00-04:00,0,3
GEP-002146,liquidity,SWING_LOW_BREAK,2025-07-14 10:16:00-04:00,0,2
GEP-002147,fvg,BULLISH_FVG_FORMED,2025-07-14 10:17:00-04:00,0,5
GEP-002148,fvg,BULLISH_FVG_FORMED,2025-07-14 10:18:00-04:00,0,5
GEP-002149,liquidity,SWING_HIGH_BREAK,2025-07-14 10:20:00-04:00,0,5
GEP-002150,liquidity,EQUAL_HIGHS_BREAK,2025-07-14 10:20:00-04:00,0,5
GEP-002151,fvg,BULLISH_FVG_FORMED,2025-07-14 10:21:00-04:00,0,5
GEP-002152,fvg,BULLISH_FVG_FORMED,2025-07-14 10:22:00-04:00,0,5
GEP-002153,liquidity,SWING_HIGH_BREAK,2025-07-14 10:24:00-04:00,0,5
GEP-002154,liquidity,EQUAL_HIGHS_BREAK,2025-07-14 10:24:00-04:00,0,5
GEP-002155,ifvg,BEARISH_IFVG_ACTIVATION,2025-07-14 10:25:00-04:00,0,3
GEP-002156,ifvg,BEARISH_IFVG_ACTIVATION,2025-07-14 10:25:00-04:00,0,3
GEP-002157,fvg,BEARISH_FVG_FORMED,2025-07-14 10:26:00-04:00,0,7
GEP-002158,fvg,BEARISH_FVG_FORMED,2025-07-14 10:27:00-04:00,0,7
GEP-002159,ifvg,BEARISH_IFVG_ACTIVATION,2025-07-14 10:27:00-04:00,0,3
GEP-002160,ifvg,BEARISH_IFVG_ACTIVATION,2025-07-14 10:27:00-04:00,0,3
GEP-002161,fvg,BEARISH_FVG_FORMED,2025-07-14 10:28:00-04:00,0,7
GEP-002162,fvg,BEARISH_FVG_FORMED,2025-07-14 10:29:00-04:00,0,7
GEP-002163,liquidity,SWING_HIGH_BREAK,2025-07-14 10:34:00-04:00,0,5
GEP-002164,rejection_block,BULLISH_RB_CONFIRMED,2025-07-14 10:35:00-04:00,0,3
GEP-002165,liquidity,SWING_LOW_BREAK,2025-07-14 10:35:00-04:00,0,2
GEP-002166,liquidity,EQUAL_LOWS_BREAK,2025-07-14 10:35:00-04:00,0,2
GEP-002167,ifvg,BULLISH_IFVG_ACTIVATION,2025-07-14 10:41:00-04:00,0,3
GEP-002168,fvg,BULLISH_FVG_FORMED,2025-07-14 10:43:00-04:00,0,5
GEP-002169,ifvg,BULLISH_IFVG_ACTIVATION,2025-07-14 10:45:00-04:00,0,3
GEP-002170,ifvg,BULLISH_IFVG_ACTIVATION,2025-07-14 10:45:00-04:00,0,3
GEP-002171,fvg,BULLISH_FVG_FORMED,2025-07-14 10:46:00-04:00,0,5
GEP-002172,ifvg,BEARISH_IFVG_ACTIVATION,2025-07-14 10:47:00-04:00,0,3
GEP-002173,fvg,BEARISH_FVG_FORMED,2025-07-14 10:48:00-04:00,0,5
GEP-002174,liquidity,SWING_HIGH_BREAK,2025-07-14 10:49:00-04:00,0,5
GEP-002175,liquidity,SWING_LOW_BREAK,2025-07-14 10:50:00-04:00,0,2
GEP-002176,ifvg,BULLISH_IFVG_ACTIVATION,2025-07-14 10:51:00-04:00,0,3
GEP-002177,ifvg,BULLISH_IFVG_ACTIVATION,2025-07-14 10:51:00-04:00,0,3
GEP-002178,fvg,BULLISH_FVG_FORMED,2025-07-14 10:52:00-04:00,0,7
GEP-002179,liquidity,SWING_HIGH_BREAK,2025-07-14 10:58:00-04:00,0,5
GEP-002180,fvg,BULLISH_FVG_FORMED,2025-07-14 10:59:00-04:00,0,5
GEP-002181,fvg,BULLISH_FVG_FORMED,2025-07-14 11:01:00-04:00,0,5
GEP-002182,rejection_block,BULLISH_RB_CONFIRMED,2025-07-14 11:01:00-04:00,0,3
GEP-002183,liquidity,SWING_LOW_BREAK,2025-07-14 11:03:00-04:00,0,2
GEP-002184,liquidity,EQUAL_LOWS_BREAK,2025-07-14 11:03:00-04:00,0,2
GEP-002185,fvg,BULLISH_FVG_FORMED,2025-07-14 11:07:00-04:00,0,5
GEP-002186,liquidity,SWING_HIGH_BREAK,2025-07-14 11:07:00-04:00,0,5
GEP-002187,fvg,BULLISH_FVG_FORMED,2025-07-14 11:08:00-04:00,0,5
GEP-002188,liquidity,SWING_LOW_BREAK,2025-07-14 11:09:00-04:00,0,5
GEP-002189,ifvg,BEARISH_IFVG_ACTIVATION,2025-07-14 11:09:00-04:00,0,3
GEP-002190,ifvg,BEARISH_IFVG_ACTIVATION,2025-07-14 11:09:00-04:00,0,3
GEP-002191,fvg,BEARISH_FVG_FORMED,2025-07-14 11:10:00-04:00,0,5
GEP-002192,liquidity,SWING_HIGH_BREAK,2025-07-14 11:10:00-04:00,0,5
GEP-002193,liquidity,SWING_LOW_BREAK,2025-07-14 11:15:00-04:00,0,5
GEP-002194,ifvg,BULLISH_IFVG_ACTIVATION,2025-07-14 11:15:00-04:00,0,3
GEP-002195,liquidity,SWING_HIGH_BREAK,2025-07-14 11:19:00-04:00,0,5
GEP-002196,liquidity,EQUAL_HIGHS_BREAK,2025-07-14 11:19:00-04:00,0,5
GEP-002197,fvg,BEARISH_FVG_FORMED,2025-07-14 11:21:00-04:00,0,5
GEP-002198,liquidity,SWING_HIGH_SWEEP_ABOVE,2025-07-14 11:26:00-04:00,0,5
GEP-002199,liquidity,EQUAL_HIGHS_SWEEP_ABOVE,2025-07-14 11:26:00-04:00,0,5
GEP-002200,liquidity,SWING_LOW_BREAK,2025-07-14 11:28:00-04:00,0,5
GEP-002201,ifvg,BULLISH_IFVG_ACTIVATION,2025-07-14 11:28:00-04:00,0,3
GEP-002202,rejection_block,BEARISH_RB_CONFIRMED,2025-07-14 11:31:00-04:00,0,3
GEP-002203,liquidity,SWING_HIGH_BREAK,2025-07-14 11:33:00-04:00,0,5
GEP-002204,liquidity,EQUAL_HIGHS_BREAK,2025-07-14 11:33:00-04:00,0,5
GEP-002205,rejection_block,BULLISH_RB_CONFIRMED,2025-07-14 11:35:00-04:00,0,3
GEP-002206,rejection_block,BULLISH_RB_CONFIRMED,2025-07-14 11:36:00-04:00,0,3
GEP-002207,fvg,BULLISH_FVG_FORMED,2025-07-14 11:37:00-04:00,0,5
GEP-002208,liquidity,SWING_LOW_BREAK,2025-07-14 11:38:00-04:00,0,2
GEP-002209,liquidity,EQUAL_LOWS_BREAK,2025-07-14 11:38:00-04:00,0,2
GEP-002210,liquidity,SWING_HIGH_BREAK,2025-07-14 11:44:00-04:00,0,5
GEP-002211,ifvg,BEARISH_IFVG_ACTIVATION,2025-07-14 11:44:00-04:00,0,3
GEP-002212,fvg,BEARISH_FVG_FORMED,2025-07-14 11:45:00-04:00,0,7
GEP-002213,fvg,BEARISH_FVG_FORMED,2025-07-14 11:46:00-04:00,0,7
GEP-002214,ifvg,BULLISH_IFVG_ACTIVATION,2025-07-14 11:47:00-04:00,0,3
GEP-002215,liquidity,SWING_LOW_BREAK,2025-07-14 11:48:00-04:00,0,2
GEP-002216,liquidity,EQUAL_LOWS_BREAK,2025-07-14 11:48:00-04:00,0,2
GEP-002217,liquidity,SWING_HIGH_SWEEP_ABOVE,2025-07-14 11:51:00-04:00,0,5
GEP-002218,ifvg,BULLISH_IFVG_ACTIVATION,2025-07-14 11:52:00-04:00,0,3
GEP-002219,liquidity,SWING_HIGH_BREAK,2025-07-14 11:56:00-04:00,0,5
GEP-002220,liquidity,SWING_LOW_BREAK,2025-07-14 11:58:00-04:00,0,2
GEP-002221,fvg,BULLISH_FVG_FORMED,2025-07-14 11:59:00-04:00,0,5
GEP-002222,ifvg,BEARISH_IFVG_ACTIVATION,2025-07-14 12:00:00-04:00,0,3
GEP-002223,liquidity,SWING_HIGH_BREAK,2025-07-14 12:02:00-04:00,0,5
GEP-002224,liquidity,EQUAL_HIGHS_BREAK,2025-07-14 12:02:00-04:00,0,5
GEP-002225,rejection_block,BEARISH_RB_CONFIRMED,2025-07-14 12:03:00-04:00,0,3
GEP-002226,liquidity,SWING_LOW_BREAK,2025-07-14 12:03:00-04:00,0,5
GEP-002227,liquidity,EQUAL_LOWS_BREAK,2025-07-14 12:03:00-04:00,0,5
GEP-002228,liquidity,SWING_HIGH_BREAK,2025-07-14 12:05:00-04:00,0,5
GEP-002229,liquidity,EQUAL_HIGHS_BREAK,2025-07-14 12:05:00-04:00,0,5
GEP-002230,liquidity,SWING_LOW_BREAK,2025-07-14 12:06:00-04:00,0,5
GEP-002231,liquidity,EQUAL_LOWS_BREAK,2025-07-14 12:06:00-04:00,0,5
GEP-002232,fvg,BULLISH_FVG_FORMED,2025-07-14 12:08:00-04:00,0,7
GEP-002233,fvg,BULLISH_FVG_FORMED,2025-07-14 12:10:00-04:00,0,7
GEP-002234,rejection_block,BULLISH_RB_CONFIRMED,2025-07-14 12:13:00-04:00,0,3
GEP-002235,liquidity,SWING_HIGH_BREAK,2025-07-14 12:13:00-04:00,0,5
GEP-002236,liquidity,SWING_HIGH_BREAK,2025-07-14 12:14:00-04:00,0,5
GEP-002237,liquidity,EQUAL_HIGHS_BREAK,2025-07-14 12:14:00-04:00,0,5
GEP-002238,liquidity,SWING_LOW_BREAK,2025-07-14 12:15:00-04:00,0,5
GEP-002239,ifvg,BEARISH_IFVG_ACTIVATION,2025-07-14 12:15:00-04:00,0,3
GEP-002240,fvg,BEARISH_FVG_FORMED,2025-07-14 12:16:00-04:00,0,7
GEP-002241,fvg,BULLISH_FVG_FORMED,2025-07-14 12:18:00-04:00,0,5
GEP-002242,liquidity,SWING_LOW_BREAK,2025-07-14 12:19:00-04:00,0,5
GEP-002243,ifvg,BULLISH_IFVG_ACTIVATION,2025-07-14 12:20:00-04:00,0,3
GEP-002244,ifvg,BEARISH_IFVG_ACTIVATION,2025-07-14 12:22:00-04:00,0,3
GEP-002245,fvg,BEARISH_FVG_FORMED,2025-07-14 12:23:00-04:00,0,7
GEP-002246,liquidity,SWING_HIGH_BREAK,2025-07-14 12:24:00-04:00,0,5
GEP-002247,rejection_block,BULLISH_RB_CONFIRMED,2025-07-14 12:28:00-04:00,0,3
GEP-002248,liquidity,SWING_HIGH_BREAK,2025-07-14 12:29:00-04:00,0,5
GEP-002249,liquidity,EQUAL_HIGHS_BREAK,2025-07-14 12:29:00-04:00,0,5
GEP-002250,liquidity,SWING_LOW_BREAK,2025-07-14 12:30:00-04:00,0,5
GEP-002251,ifvg,BEARISH_IFVG_ACTIVATION,2025-07-14 12:34:00-04:00,0,3
GEP-002252,liquidity,SWING_LOW_SWEEP_BELOW,2025-07-14 12:35:00-04:00,0,5
GEP-002253,rejection_block,BULLISH_RB_CONFIRMED,2025-07-14 12:37:00-04:00,0,3
GEP-002254,liquidity,SWING_LOW_BREAK,2025-07-14 12:40:00-04:00,0,5
GEP-002255,liquidity,EQUAL_LOWS_BREAK,2025-07-14 12:40:00-04:00,0,5
GEP-002256,fvg,BULLISH_FVG_FORMED,2025-07-14 12:41:00-04:00,0,7
GEP-002257,ifvg,BULLISH_IFVG_ACTIVATION,2025-07-14 12:41:00-04:00,0,3
GEP-002258,rejection_block,BEARISH_RB_CONFIRMED,2025-07-14 12:44:00-04:00,0,3
GEP-002259,fvg,BEARISH_FVG_FORMED,2025-07-14 12:45:00-04:00,0,7
GEP-002260,liquidity,SWING_HIGH_BREAK,2025-07-14 12:46:00-04:00,0,5
GEP-002261,ifvg,BULLISH_IFVG_ACTIVATION,2025-07-14 12:48:00-04:00,0,3
GEP-002262,fvg,BULLISH_FVG_FORMED,2025-07-14 12:49:00-04:00,0,7
GEP-002263,liquidity,SWING_LOW_BREAK,2025-07-14 12:49:00-04:00,0,5
GEP-002264,liquidity,EQUAL_LOWS_BREAK,2025-07-14 12:49:00-04:00,0,5
GEP-002265,fvg,BULLISH_FVG_FORMED,2025-07-14 12:50:00-04:00,0,7
GEP-002266,fvg,BULLISH_FVG_FORMED,2025-07-14 12:57:00-04:00,0,5
GEP-002267,ifvg,BEARISH_IFVG_ACTIVATION,2025-07-14 12:58:00-04:00,0,3
GEP-002268,liquidity,SWING_HIGH_BREAK,2025-07-14 13:00:00-04:00,0,5
GEP-002269,liquidity,SWING_LOW_BREAK,2025-07-14 13:01:00-04:00,0,5
GEP-002270,liquidity,SWING_LOW_BREAK,2025-07-14 13:02:00-04:00,0,5
GEP-002271,liquidity,EQUAL_LOWS_BREAK,2025-07-14 13:02:00-04:00,0,5
GEP-002272,rejection_block,BULLISH_RB_CONFIRMED,2025-07-14 13:07:00-04:00,0,3
GEP-002273,liquidity,SWING_LOW_BREAK,2025-07-14 13:09:00-04:00,0,5
GEP-002274,fvg,BULLISH_FVG_FORMED,2025-07-14 13:10:00-04:00,0,5
GEP-002275,rejection_block,BULLISH_RB_CONFIRMED,2025-07-14 13:13:00-04:00,0,3
GEP-002276,liquidity,SWING_HIGH_BREAK,2025-07-14 13:14:00-04:00,0,5
GEP-002277,liquidity,SWING_LOW_BREAK,2025-07-14 13:15:00-04:00,0,5
GEP-002278,fvg,BULLISH_FVG_FORMED,2025-07-14 13:16:00-04:00,0,5
GEP-002279,fvg,BEARISH_FVG_FORMED,2025-07-14 13:22:00-04:00,0,7
GEP-002280,fvg,BEARISH_FVG_FORMED,2025-07-14 13:23:00-04:00,0,7
GEP-002281,ifvg,BEARISH_IFVG_ACTIVATION,2025-07-14 13:23:00-04:00,0,3
GEP-002282,liquidity,SWING_HIGH_BREAK,2025-07-14 13:24:00-04:00,0,5
GEP-002283,liquidity,SWING_HIGH_BREAK,2025-07-14 13:28:00-04:00,0,5
GEP-002284,liquidity,SWING_LOW_SWEEP_BELOW,2025-07-14 13:29:00-04:00,0,5
GEP-002285,rejection_block,BULLISH_RB_CONFIRMED,2025-07-14 13:30:00-04:00,0,3
GEP-002286,liquidity,SWING_HIGH_BREAK,2025-07-14 13:31:00-04:00,0,5
GEP-002287,liquidity,EQUAL_HIGHS_BREAK,2025-07-14 13:31:00-04:00,0,5
GEP-002288,ifvg,BULLISH_IFVG_ACTIVATION,2025-07-14 13:31:00-04:00,0,3
GEP-002289,fvg,BULLISH_FVG_FORMED,2025-07-14 13:32:00-04:00,0,7
GEP-002290,liquidity,SWING_LOW_BREAK,2025-07-14 13:32:00-04:00,0,5
GEP-002291,liquidity,EQUAL_LOWS_BREAK,2025-07-14 13:32:00-04:00,0,5
GEP-002292,ifvg,BULLISH_IFVG_ACTIVATION,2025-07-14 13:32:00-04:00,0,3
GEP-002293,liquidity,SWING_HIGH_BREAK,2025-07-14 13:35:00-04:00,0,5
GEP-002294,liquidity,SWING_HIGH_BREAK,2025-07-14 13:36:00-04:00,0,5
GEP-002295,liquidity,EQUAL_HIGHS_BREAK,2025-07-14 13:36:00-04:00,0,5
GEP-002296,liquidity,SWING_LOW_SWEEP_BELOW,2025-07-14 13:38:00-04:00,0,5
GEP-002297,fvg,BEARISH_FVG_FORMED,2025-07-14 13:39:00-04:00,0,5
GEP-002298,liquidity,SWING_HIGH_BREAK,2025-07-14 13:39:00-04:00,0,5
GEP-002299,ifvg,BEARISH_IFVG_ACTIVATION,2025-07-14 13:40:00-04:00,0,3
GEP-002300,fvg,BEARISH_FVG_FORMED,2025-07-14 13:41:00-04:00,0,7
GEP-002301,ifvg,BEARISH_IFVG_ACTIVATION,2025-07-14 13:45:00-04:00,0,3
GEP-002302,fvg,BEARISH_FVG_FORMED,2025-07-14 13:46:00-04:00,0,5
GEP-002303,fvg,BEARISH_FVG_FORMED,2025-07-14 13:47:00-04:00,0,5
GEP-002304,ifvg,BULLISH_IFVG_ACTIVATION,2025-07-14 13:48:00-04:00,0,3
GEP-002305,ifvg,BULLISH_IFVG_ACTIVATION,2025-07-14 13:48:00-04:00,0,3
GEP-002306,fvg,BULLISH_FVG_FORMED,2025-07-14 13:49:00-04:00,0,7
GEP-002307,liquidity,SWING_LOW_BREAK,2025-07-14 13:50:00-04:00,0,5
GEP-002308,ifvg,BULLISH_IFVG_ACTIVATION,2025-07-14 13:50:00-04:00,0,3
GEP-002309,fvg,BULLISH_FVG_FORMED,2025-07-14 13:51:00-04:00,0,7
GEP-002310,rejection_block,BEARISH_RB_CONFIRMED,2025-07-14 13:55:00-04:00,0,3
GEP-002311,liquidity,SWING_HIGH_BREAK,2025-07-14 13:55:00-04:00,0,5
GEP-002312,liquidity,SWING_HIGH_BREAK,2025-07-14 13:56:00-04:00,0,5
GEP-002313,liquidity,EQUAL_HIGHS_BREAK,2025-07-14 13:56:00-04:00,0,5
GEP-002314,ifvg,BEARISH_IFVG_ACTIVATION,2025-07-14 13:56:00-04:00,0,3
GEP-002315,fvg,BEARISH_FVG_FORMED,2025-07-14 13:57:00-04:00,0,7
GEP-002316,fvg,BEARISH_FVG_FORMED,2025-07-14 14:02:00-04:00,0,5
GEP-002317,ifvg,BEARISH_IFVG_ACTIVATION,2025-07-14 14:02:00-04:00,0,3
GEP-002318,rejection_block,BULLISH_RB_CONFIRMED,2025-07-14 14:04:00-04:00,0,3
GEP-002319,ifvg,BULLISH_IFVG_ACTIVATION,2025-07-14 14:04:00-04:00,0,3
GEP-002320,fvg,BULLISH_FVG_FORMED,2025-07-14 14:05:00-04:00,0,7
GEP-002321,liquidity,SWING_LOW_BREAK,2025-07-14 14:06:00-04:00,0,5
GEP-002322,liquidity,EQUAL_LOWS_BREAK,2025-07-14 14:06:00-04:00,0,5
GEP-002323,rejection_block,BEARISH_RB_CONFIRMED,2025-07-14 14:07:00-04:00,0,3
GEP-002324,fvg,BEARISH_FVG_FORMED,2025-07-14 14:08:00-04:00,0,5
GEP-002325,liquidity,SWING_HIGH_BREAK,2025-07-14 14:09:00-04:00,0,5
GEP-002326,liquidity,EQUAL_HIGHS_BREAK,2025-07-14 14:09:00-04:00,0,5
GEP-002327,ifvg,BULLISH_IFVG_ACTIVATION,2025-07-14 14:09:00-04:00,0,3
GEP-002328,liquidity,SWING_LOW_BREAK,2025-07-14 14:10:00-04:00,0,5
GEP-002329,liquidity,SWING_HIGH_BREAK,2025-07-14 14:13:00-04:00,0,5
GEP-002330,fvg,BULLISH_FVG_FORMED,2025-07-14 14:14:00-04:00,0,5
GEP-002331,liquidity,SWING_LOW_BREAK,2025-07-14 14:15:00-04:00,0,5
GEP-002332,liquidity,EQUAL_LOWS_BREAK,2025-07-14 14:15:00-04:00,0,5
GEP-002333,ifvg,BEARISH_IFVG_ACTIVATION,2025-07-14 14:15:00-04:00,0,3
GEP-002334,liquidity,SWING_HIGH_BREAK,2025-07-14 14:16:00-04:00,0,5
GEP-002335,liquidity,EQUAL_HIGHS_BREAK,2025-07-14 14:16:00-04:00,0,5
GEP-002336,ifvg,BEARISH_IFVG_ACTIVATION,2025-07-14 14:19:00-04:00,0,3
GEP-002337,liquidity,SWING_LOW_BREAK,2025-07-14 14:23:00-04:00,0,5
GEP-002338,liquidity,SWING_HIGH_SWEEP_ABOVE,2025-07-14 14:24:00-04:00,0,5
GEP-002339,liquidity,SWING_HIGH_BREAK,2025-07-14 14:29:00-04:00,0,5
GEP-002340,rejection_block,BULLISH_RB_CONFIRMED,2025-07-14 14:35:00-04:00,0,3
GEP-002341,liquidity,SWING_LOW_BREAK,2025-07-14 14:37:00-04:00,0,5
GEP-002342,liquidity,SWING_HIGH_BREAK,2025-07-14 14:39:00-04:00,0,5
GEP-002343,rejection_block,BULLISH_RB_CONFIRMED,2025-07-14 14:40:00-04:00,0,3
GEP-002344,liquidity,SWING_LOW_BREAK,2025-07-14 14:41:00-04:00,0,5
GEP-002345,liquidity,EQUAL_LOWS_BREAK,2025-07-14 14:41:00-04:00,0,5
GEP-002346,ifvg,BULLISH_IFVG_ACTIVATION,2025-07-14 14:47:00-04:00,0,3
GEP-002347,liquidity,SWING_HIGH_BREAK,2025-07-14 14:50:00-04:00,0,5
GEP-002348,rejection_block,BULLISH_RB_CONFIRMED,2025-07-14 14:51:00-04:00,0,3
GEP-002349,liquidity,SWING_HIGH_BREAK,2025-07-14 14:51:00-04:00,0,5
GEP-002350,liquidity,EQUAL_HIGHS_BREAK,2025-07-14 14:51:00-04:00,0,5
GEP-002351,fvg,BULLISH_FVG_FORMED,2025-07-14 14:53:00-04:00,0,5
GEP-002352,liquidity,SWING_LOW_BREAK,2025-07-14 14:53:00-04:00,0,5
GEP-002353,fvg,BULLISH_FVG_FORMED,2025-07-14 14:54:00-04:00,0,5
GEP-002354,ifvg,BEARISH_IFVG_ACTIVATION,2025-07-14 14:56:00-04:00,0,3
GEP-002355,fvg,BEARISH_FVG_FORMED,2025-07-14 14:57:00-04:00,0,7
GEP-002356,rejection_block,BULLISH_RB_CONFIRMED,2025-07-14 14:58:00-04:00,0,3
GEP-002357,liquidity,SWING_HIGH_BREAK,2025-07-14 14:58:00-04:00,0,5
GEP-002358,ifvg,BEARISH_IFVG_ACTIVATION,2025-07-14 14:59:00-04:00,0,3
GEP-002359,rejection_block,BULLISH_RB_CONFIRMED,2025-07-14 15:00:00-04:00,0,3
GEP-002360,liquidity,SWING_LOW_BREAK,2025-07-14 15:01:00-04:00,0,5
GEP-002361,liquidity,SWING_HIGH_BREAK,2025-07-14 15:03:00-04:00,0,5
GEP-002362,ifvg,BULLISH_IFVG_ACTIVATION,2025-07-14 15:04:00-04:00,0,3
GEP-002363,rejection_block,BEARISH_RB_CONFIRMED,2025-07-14 15:05:00-04:00,0,3
GEP-002364,liquidity,SWING_HIGH_BREAK,2025-07-14 15:07:00-04:00,0,5
GEP-002365,liquidity,EQUAL_HIGHS_BREAK,2025-07-14 15:07:00-04:00,0,5
GEP-002366,fvg,BEARISH_FVG_FORMED,2025-07-14 15:09:00-04:00,0,7
GEP-002367,liquidity,SWING_LOW_BREAK,2025-07-14 15:14:00-04:00,0,5
GEP-002368,liquidity,EQUAL_LOWS_BREAK,2025-07-14 15:14:00-04:00,0,5
GEP-002369,rejection_block,BEARISH_RB_CONFIRMED,2025-07-14 15:16:00-04:00,0,3
GEP-002370,fvg,BEARISH_FVG_FORMED,2025-07-14 15:17:00-04:00,0,5
GEP-002371,liquidity,SWING_HIGH_BREAK,2025-07-14 15:18:00-04:00,0,5
GEP-002372,ifvg,BULLISH_IFVG_ACTIVATION,2025-07-14 15:18:00-04:00,0,3
GEP-002373,fvg,BULLISH_FVG_FORMED,2025-07-14 15:19:00-04:00,0,5
GEP-002374,liquidity,SWING_LOW_BREAK,2025-07-14 15:19:00-04:00,0,5
GEP-002375,rejection_block,BEARISH_RB_CONFIRMED,2025-07-14 15:21:00-04:00,0,3
GEP-002376,ifvg,BEARISH_IFVG_ACTIVATION,2025-07-14 15:21:00-04:00,0,3
GEP-002377,liquidity,SWING_HIGH_BREAK,2025-07-14 15:23:00-04:00,0,5
GEP-002378,rejection_block,BULLISH_RB_CONFIRMED,2025-07-14 15:25:00-04:00,0,3
GEP-002379,liquidity,SWING_LOW_BREAK,2025-07-14 15:25:00-04:00,0,5
GEP-002380,liquidity,EQUAL_LOWS_BREAK,2025-07-14 15:25:00-04:00,0,5
GEP-002381,fvg,BULLISH_FVG_FORMED,2025-07-14 15:26:00-04:00,0,7
GEP-002382,rejection_block,BEARISH_RB_CONFIRMED,2025-07-14 15:27:00-04:00,0,3
GEP-002383,liquidity,SWING_HIGH_BREAK,2025-07-14 15:29:00-04:00,0,5
GEP-002384,fvg,BEARISH_FVG_FORMED,2025-07-14 15:30:00-04:00,0,7
GEP-002385,ifvg,BEARISH_IFVG_ACTIVATION,2025-07-14 15:30:00-04:00,0,3
GEP-002386,fvg,BEARISH_FVG_FORMED,2025-07-14 15:31:00-04:00,0,7
GEP-002387,liquidity,SWING_LOW_BREAK,2025-07-14 15:34:00-04:00,0,5
GEP-002388,rejection_block,BEARISH_RB_CONFIRMED,2025-07-14 15:36:00-04:00,0,3
GEP-002389,liquidity,SWING_HIGH_BREAK,2025-07-14 15:37:00-04:00,0,5
GEP-002390,rejection_block,BULLISH_RB_CONFIRMED,2025-07-14 15:44:00-04:00,0,3
GEP-002391,liquidity,SWING_HIGH_BREAK,2025-07-14 15:44:00-04:00,0,5
GEP-002392,ifvg,BEARISH_IFVG_ACTIVATION,2025-07-14 15:45:00-04:00,0,3
GEP-002393,ifvg,BEARISH_IFVG_ACTIVATION,2025-07-14 15:45:00-04:00,0,3
GEP-002394,liquidity,SWING_LOW_BREAK,2025-07-14 15:49:00-04:00,0,5
GEP-002395,rejection_block,BULLISH_RB_CONFIRMED,2025-07-14 15:52:00-04:00,0,3
GEP-002396,liquidity,SWING_HIGH_BREAK,2025-07-14 15:52:00-04:00,0,5
GEP-002397,fvg,BULLISH_FVG_FORMED,2025-07-14 15:53:00-04:00,0,5
GEP-002398,liquidity,SWING_LOW_BREAK,2025-07-14 15:53:00-04:00,0,5
GEP-002399,liquidity,SWING_LOW_BREAK,2025-07-14 15:54:00-04:00,0,5
GEP-002400,liquidity,EQUAL_LOWS_BREAK,2025-07-14 15:54:00-04:00,0,5
GEP-002401,liquidity,SWING_HIGH_BREAK,2025-07-14 15:57:00-04:00,0,5
GEP-002402,liquidity,EQUAL_HIGHS_BREAK,2025-07-14 15:57:00-04:00,0,5
GEP-002403,hist_level,PREV_RTH_HIGH_BREAK,2025-07-14 16:00:00-04:00,0,5
GEP-002404,hist_level,PREV_RTH_LOW_BREAK,2025-07-14 16:00:00-04:00,0,2
GEP-002405,hist_level,PREV_RTH_CLOSE_BREAK,2025-07-14 16:00:00-04:00,0,5
GEP-002406,hist_level,PREV_DAY_HIGH_BREAK,2025-07-14 16:00:00-04:00,0,5
GEP-002407,hist_level,PREV_DAY_LOW_BREAK,2025-07-14 16:00:00-04:00,0,2
GEP-002408,liquidity,SWING_LOW_BREAK,2025-07-14 16:00:00-04:00,0,5
GEP-002409,liquidity,EQUAL_LOWS_BREAK,2025-07-14 16:00:00-04:00,0,5
GEP-002410,ifvg,BEARISH_IFVG_ACTIVATION,2025-07-14 16:00:00-04:00,0,3
GEP-002411,liquidity,SWING_HIGH_BREAK,2025-07-14 16:02:00-04:00,0,5
GEP-002412,liquidity,SWING_LOW_BREAK,2025-07-14 16:04:00-04:00,0,5
GEP-002413,structure,COMPRESSION,2025-07-14 16:08:00-04:00,0,2
GEP-002414,liquidity,SWING_LOW_BREAK,2025-07-14 16:08:00-04:00,0,5
GEP-002415,liquidity,SWING_HIGH_SWEEP_ABOVE,2025-07-14 16:10:00-04:00,0,5
GEP-002416,liquidity,EQUAL_HIGHS_SWEEP_ABOVE,2025-07-14 16:10:00-04:00,0,5
GEP-002417,rejection_block,BEARISH_RB_CONFIRMED,2025-07-14 16:11:00-04:00,0,3
GEP-002418,liquidity,SWING_HIGH_BREAK,2025-07-14 16:13:00-04:00,0,5
GEP-002419,fvg,BULLISH_FVG_FORMED,2025-07-14 16:14:00-04:00,0,5
GEP-002420,liquidity,EQUAL_LOWS_SWEEP_BELOW,2025-07-14 16:15:00-04:00,0,5
GEP-002421,ifvg,BEARISH_IFVG_ACTIVATION,2025-07-14 16:15:00-04:00,0,3
GEP-002422,fvg,BEARISH_FVG_FORMED,2025-07-14 16:16:00-04:00,0,5
GEP-002423,liquidity,SWING_LOW_SWEEP_BELOW,2025-07-14 16:16:00-04:00,0,5
GEP-002424,liquidity,SWING_HIGH_BREAK,2025-07-14 16:17:00-04:00,0,5
GEP-002425,fvg,BULLISH_FVG_FORMED,2025-07-14 16:18:00-04:00,0,5
GEP-002426,ifvg,BULLISH_IFVG_ACTIVATION,2025-07-14 16:18:00-04:00,0,3
GEP-002427,fvg,BULLISH_FVG_FORMED,2025-07-14 16:19:00-04:00,0,5
GEP-002428,liquidity,SWING_LOW_BREAK,2025-07-14 16:19:00-04:00,0,5
GEP-002429,fvg,BULLISH_FVG_FORMED,2025-07-14 16:20:00-04:00,0,5
GEP-002430,liquidity,SWING_HIGH_BREAK,2025-07-14 16:22:00-04:00,0,5
GEP-002431,liquidity,EQUAL_HIGHS_BREAK,2025-07-14 16:22:00-04:00,0,5
GEP-002432,liquidity,SWING_HIGH_BREAK,2025-07-14 16:23:00-04:00,0,5
GEP-002433,structure,COMPRESSION,2025-07-14 16:24:00-04:00,0,2
GEP-002434,liquidity,SWING_HIGH_BREAK,2025-07-14 16:24:00-04:00,0,5
GEP-002435,liquidity,EQUAL_HIGHS_BREAK,2025-07-14 16:24:00-04:00,0,5
GEP-002436,liquidity,SWING_LOW_BREAK,2025-07-14 16:25:00-04:00,0,5
GEP-002437,liquidity,EQUAL_LOWS_BREAK,2025-07-14 16:25:00-04:00,0,5
GEP-002438,ifvg,BEARISH_IFVG_ACTIVATION,2025-07-14 16:25:00-04:00,0,3
GEP-002439,ifvg,BEARISH_IFVG_ACTIVATION,2025-07-14 16:25:00-04:00,0,3
GEP-002440,ifvg,BEARISH_IFVG_ACTIVATION,2025-07-14 16:25:00-04:00,0,3
GEP-002441,fvg,BEARISH_FVG_FORMED,2025-07-14 16:26:00-04:00,0,5
GEP-002442,liquidity,SWING_HIGH_BREAK,2025-07-14 16:26:00-04:00,0,5
GEP-002443,liquidity,SWING_LOW_SWEEP_BELOW,2025-07-14 16:30:00-04:00,0,5
GEP-002444,liquidity,EQUAL_LOWS_SWEEP_BELOW,2025-07-14 16:30:00-04:00,0,5
GEP-002445,fvg,BULLISH_FVG_FORMED,2025-07-14 16:31:00-04:00,0,5
GEP-002446,liquidity,SWING_LOW_BREAK,2025-07-14 16:33:00-04:00,0,5
GEP-002447,liquidity,EQUAL_LOWS_BREAK,2025-07-14 16:33:00-04:00,0,5
GEP-002448,liquidity,SWING_HIGH_BREAK,2025-07-14 16:34:00-04:00,0,5
GEP-002449,liquidity,EQUAL_HIGHS_BREAK,2025-07-14 16:34:00-04:00,0,5
GEP-002450,fvg,BULLISH_FVG_FORMED,2025-07-14 16:36:00-04:00,0,5
GEP-002451,liquidity,SWING_LOW_BREAK,2025-07-14 16:38:00-04:00,0,5
GEP-002452,liquidity,SWING_HIGH_BREAK,2025-07-14 16:39:00-04:00,0,5
GEP-002453,ifvg,BULLISH_IFVG_ACTIVATION,2025-07-14 16:40:00-04:00,0,3
GEP-002454,fvg,BULLISH_FVG_FORMED,2025-07-14 16:43:00-04:00,0,5
GEP-002455,liquidity,SWING_HIGH_BREAK,2025-07-14 16:46:00-04:00,0,5
GEP-002456,liquidity,EQUAL_HIGHS_BREAK,2025-07-14 16:46:00-04:00,0,5
GEP-002457,ifvg,BEARISH_IFVG_ACTIVATION,2025-07-14 16:46:00-04:00,0,3
GEP-002458,rejection_block,BULLISH_RB_CONFIRMED,2025-07-14 16:47:00-04:00,0,3
GEP-002459,liquidity,SWING_LOW_BREAK,2025-07-14 16:48:00-04:00,0,5
GEP-002460,fvg,BULLISH_FVG_FORMED,2025-07-14 16:49:00-04:00,0,5
GEP-002461,ifvg,BEARISH_IFVG_ACTIVATION,2025-07-14 16:50:00-04:00,0,3
GEP-002462,fvg,BEARISH_FVG_FORMED,2025-07-14 16:51:00-04:00,0,5
GEP-002463,liquidity,SWING_HIGH_BREAK,2025-07-14 16:52:00-04:00,0,5
GEP-002464,ifvg,BULLISH_IFVG_ACTIVATION,2025-07-14 16:52:00-04:00,0,3
GEP-002465,fvg,BULLISH_FVG_FORMED,2025-07-14 16:53:00-04:00,0,5
GEP-002466,fvg,BULLISH_FVG_FORMED,2025-07-14 16:54:00-04:00,0,5
GEP-002467,liquidity,SWING_LOW_BREAK,2025-07-14 16:54:00-04:00,0,5
GEP-002468,liquidity,EQUAL_LOWS_BREAK,2025-07-14 16:54:00-04:00,0,5
GEP-002469,fvg,BULLISH_FVG_FORMED,2025-07-14 16:56:00-04:00,0,7
GEP-002470,fvg,BULLISH_FVG_FORMED,2025-07-14 16:58:00-04:00,0,5
GEP-002471,fvg,BEARISH_FVG_FORMED,2025-07-14 18:00:00-04:00,0,5
GEP-002472,vwap,VWAP_VWAP_BOUNCE_DOWN,2025-07-14 18:00:00-04:00,0,3
GEP-002473,ifvg,BEARISH_IFVG_ACTIVATION,2025-07-14 18:00:00-04:00,0,3
GEP-002474,ifvg,BEARISH_IFVG_ACTIVATION,2025-07-14 18:00:00-04:00,0,3
GEP-002475,ifvg,BEARISH_IFVG_ACTIVATION,2025-07-14 18:00:00-04:00,0,3
GEP-002476,ifvg,BEARISH_IFVG_ACTIVATION,2025-07-14 18:00:00-04:00,0,3
GEP-002477,fvg,BEARISH_FVG_FORMED,2025-07-14 18:01:00-04:00,0,7
GEP-002478,liquidity,SWING_HIGH_BREAK,2025-07-14 18:01:00-04:00,0,5
GEP-002479,ifvg,BEARISH_IFVG_ACTIVATION,2025-07-14 18:01:00-04:00,0,3
GEP-002480,ifvg,BEARISH_IFVG_ACTIVATION,2025-07-14 18:01:00-04:00,0,3
GEP-002481,liquidity,SWING_HIGH_BREAK,2025-07-14 18:02:00-04:00,0,5
GEP-002482,liquidity,EQUAL_HIGHS_BREAK,2025-07-14 18:02:00-04:00,0,5
GEP-002483,liquidity,SWING_LOW_BREAK,2025-07-14 18:03:00-04:00,0,5
GEP-002484,liquidity,EQUAL_LOWS_BREAK,2025-07-14 18:03:00-04:00,0,5
GEP-002485,liquidity,SWING_HIGH_SWEEP_ABOVE,2025-07-14 18:07:00-04:00,0,5
GEP-002486,rejection_block,BEARISH_RB_CONFIRMED,2025-07-14 18:08:00-04:00,0,3
GEP-002487,liquidity,SWING_HIGH_BREAK,2025-07-14 18:10:00-04:00,0,5
GEP-002488,liquidity,EQUAL_HIGHS_BREAK,2025-07-14 18:10:00-04:00,0,5
GEP-002489,fvg,BULLISH_FVG_FORMED,2025-07-14 18:14:00-04:00,0,5
GEP-002490,rejection_block,BEARISH_RB_CONFIRMED,2025-07-14 18:15:00-04:00,0,3
GEP-002491,liquidity,SWING_LOW_BREAK,2025-07-14 18:15:00-04:00,0,5
GEP-002492,liquidity,EQUAL_LOWS_BREAK,2025-07-14 18:15:00-04:00,0,5
GEP-002493,fvg,BEARISH_FVG_FORMED,2025-07-14 18:16:00-04:00,0,5
GEP-002494,ifvg,BEARISH_IFVG_ACTIVATION,2025-07-14 18:16:00-04:00,0,3
GEP-002495,liquidity,SWING_HIGH_BREAK,2025-07-14 18:17:00-04:00,0,5
GEP-002496,liquidity,SWING_LOW_BREAK,2025-07-14 18:19:00-04:00,0,5
GEP-002497,fvg,BEARISH_FVG_FORMED,2025-07-14 18:20:00-04:00,0,5
GEP-002498,ifvg,BEARISH_IFVG_ACTIVATION,2025-07-14 18:22:00-04:00,0,3
GEP-002499,rejection_block,BEARISH_RB_CONFIRMED,2025-07-14 18:25:00-04:00,0,3
GEP-002500,liquidity,SWING_LOW_BREAK,2025-07-14 18:25:00-04:00,0,5
GEP-002501,fvg,BEARISH_FVG_FORMED,2025-07-14 18:26:00-04:00,0,5
GEP-002502,liquidity,SWING_HIGH_BREAK,2025-07-14 18:27:00-04:00,0,5
GEP-002503,liquidity,EQUAL_HIGHS_BREAK,2025-07-14 18:27:00-04:00,0,5
GEP-002504,liquidity,SWING_LOW_BREAK,2025-07-14 18:29:00-04:00,0,5
GEP-002505,liquidity,EQUAL_LOWS_BREAK,2025-07-14 18:29:00-04:00,0,5
GEP-002506,liquidity,SWING_HIGH_BREAK,2025-07-14 18:34:00-04:00,0,5
GEP-002507,liquidity,SWING_LOW_BREAK,2025-07-14 18:36:00-04:00,0,5
GEP-002508,liquidity,SWING_LOW_BREAK,2025-07-14 18:40:00-04:00,0,5
GEP-002509,liquidity,EQUAL_LOWS_BREAK,2025-07-14 18:40:00-04:00,0,5
GEP-002510,liquidity,SWING_LOW_BREAK,2025-07-14 18:41:00-04:00,0,5
GEP-002511,liquidity,SWING_HIGH_BREAK,2025-07-14 18:42:00-04:00,0,5
GEP-002512,fvg,BULLISH_FVG_FORMED,2025-07-14 18:43:00-04:00,0,7
GEP-002513,liquidity,SWING_HIGH_BREAK,2025-07-14 18:45:00-04:00,0,5
GEP-002514,liquidity,SWING_LOW_BREAK,2025-07-14 18:45:00-04:00,0,5
GEP-002515,liquidity,EQUAL_LOWS_BREAK,2025-07-14 18:45:00-04:00,0,5
GEP-002516,fvg,BULLISH_FVG_FORMED,2025-07-14 18:48:00-04:00,0,5
GEP-002517,liquidity,SWING_LOW_BREAK,2025-07-14 18:48:00-04:00,0,5
GEP-002518,fvg,BULLISH_FVG_FORMED,2025-07-14 18:51:00-04:00,0,5
GEP-002519,liquidity,SWING_LOW_BREAK,2025-07-14 18:52:00-04:00,0,5
GEP-002520,liquidity,EQUAL_LOWS_BREAK,2025-07-14 18:52:00-04:00,0,5
GEP-002521,liquidity,SWING_HIGH_BREAK,2025-07-14 18:54:00-04:00,0,5
GEP-002522,fvg,BEARISH_FVG_FORMED,2025-07-14 18:55:00-04:00,0,5
GEP-002523,fvg,BEARISH_FVG_FORMED,2025-07-14 18:56:00-04:00,0,5
GEP-002524,ifvg,BEARISH_IFVG_ACTIVATION,2025-07-14 18:56:00-04:00,0,3
GEP-002525,ifvg,BEARISH_IFVG_ACTIVATION,2025-07-14 18:57:00-04:00,0,3
GEP-002526,ifvg,BEARISH_IFVG_ACTIVATION,2025-07-14 18:57:00-04:00,0,3
GEP-002527,fvg,BEARISH_FVG_FORMED,2025-07-14 18:58:00-04:00,0,7
GEP-002528,rejection_block,BULLISH_RB_CONFIRMED,2025-07-14 18:59:00-04:00,0,3
GEP-002529,fvg,BEARISH_FVG_FORMED,2025-07-14 19:03:00-04:00,0,5
GEP-002530,liquidity,SWING_HIGH_BREAK,2025-07-14 19:03:00-04:00,0,5
GEP-002531,liquidity,SWING_LOW_SWEEP_BELOW,2025-07-14 19:03:00-04:00,0,5
GEP-002532,rejection_block,BEARISH_RB_CONFIRMED,2025-07-14 19:05:00-04:00,0,3
GEP-002533,liquidity,SWING_LOW_BREAK,2025-07-14 19:06:00-04:00,0,5
GEP-002534,liquidity,SWING_HIGH_BREAK,2025-07-14 19:07:00-04:00,0,5
GEP-002535,ifvg,BULLISH_IFVG_ACTIVATION,2025-07-14 19:07:00-04:00,0,3
GEP-002536,liquidity,SWING_LOW_BREAK,2025-07-14 19:08:00-04:00,0,5
GEP-002537,liquidity,EQUAL_LOWS_BREAK,2025-07-14 19:08:00-04:00,0,5
GEP-002538,fvg,BEARISH_FVG_FORMED,2025-07-14 19:10:00-04:00,0,5
GEP-002539,rejection_block,BULLISH_RB_CONFIRMED,2025-07-14 19:11:00-04:00,0,3
GEP-002540,rejection_block,BULLISH_RB_CONFIRMED,2025-07-14 19:12:00-04:00,0,3
GEP-002541,liquidity,SWING_HIGH_BREAK,2025-07-14 19:12:00-04:00,0,5
GEP-002542,liquidity,EQUAL_HIGHS_BREAK,2025-07-14 19:12:00-04:00,0,5
GEP-002543,liquidity,SWING_LOW_BREAK,2025-07-14 19:14:00-04:00,0,5
GEP-002544,liquidity,EQUAL_LOWS_BREAK,2025-07-14 19:14:00-04:00,0,5
GEP-002545,ifvg,BULLISH_IFVG_ACTIVATION,2025-07-14 19:15:00-04:00,0,3
GEP-002546,fvg,BULLISH_FVG_FORMED,2025-07-14 19:18:00-04:00,0,5
GEP-002547,liquidity,SWING_LOW_BREAK,2025-07-14 19:19:00-04:00,0,5
GEP-002548,liquidity,SWING_HIGH_BREAK,2025-07-14 19:23:00-04:00,0,5
GEP-002549,liquidity,EQUAL_HIGHS_BREAK,2025-07-14 19:23:00-04:00,0,5
GEP-002550,ifvg,BULLISH_IFVG_ACTIVATION,2025-07-14 19:24:00-04:00,0,3
GEP-002551,liquidity,SWING_HIGH_BREAK,2025-07-14 19:27:00-04:00,0,5
GEP-002552,liquidity,EQUAL_HIGHS_BREAK,2025-07-14 19:27:00-04:00,0,5
GEP-002553,liquidity,SWING_LOW_BREAK,2025-07-14 19:28:00-04:00,0,5
GEP-002554,rejection_block,BEARISH_RB_CONFIRMED,2025-07-14 19:29:00-04:00,0,3
GEP-002555,rejection_block,BULLISH_RB_CONFIRMED,2025-07-14 19:30:00-04:00,0,3
GEP-002556,liquidity,SWING_HIGH_BREAK,2025-07-14 19:31:00-04:00,0,5
GEP-002557,liquidity,SWING_LOW_BREAK,2025-07-14 19:32:00-04:00,0,5
GEP-002558,rejection_block,BEARISH_RB_CONFIRMED,2025-07-14 19:33:00-04:00,0,3
GEP-002559,liquidity,SWING_HIGH_BREAK,2025-07-14 19:35:00-04:00,0,5
GEP-002560,liquidity,EQUAL_HIGHS_BREAK,2025-07-14 19:35:00-04:00,0,5
GEP-002561,fvg,BULLISH_FVG_FORMED,2025-07-14 19:37:00-04:00,0,5
GEP-002562,liquidity,SWING_LOW_BREAK,2025-07-14 19:37:00-04:00,0,5
GEP-002563,liquidity,EQUAL_LOWS_BREAK,2025-07-14 19:37:00-04:00,0,5
GEP-002564,ifvg,BEARISH_IFVG_ACTIVATION,2025-07-14 19:39:00-04:00,0,3
GEP-002565,liquidity,SWING_HIGH_BREAK,2025-07-14 19:40:00-04:00,0,5
GEP-002566,liquidity,SWING_LOW_BREAK,2025-07-14 19:41:00-04:00,0,5
GEP-002567,liquidity,EQUAL_LOWS_BREAK,2025-07-14 19:41:00-04:00,0,5
GEP-002568,liquidity,SWING_HIGH_BREAK,2025-07-14 19:47:00-04:00,0,5
GEP-002569,liquidity,SWING_LOW_BREAK,2025-07-14 19:48:00-04:00,0,5
GEP-002570,fvg,BULLISH_FVG_FORMED,2025-07-14 19:50:00-04:00,0,5
GEP-002571,rejection_block,BULLISH_RB_CONFIRMED,2025-07-14 19:50:00-04:00,0,3
GEP-002572,liquidity,SWING_HIGH_SWEEP_ABOVE,2025-07-14 19:50:00-04:00,0,5
GEP-002573,liquidity,EQUAL_HIGHS_SWEEP_ABOVE,2025-07-14 19:50:00-04:00,0,5
GEP-002574,fvg,BULLISH_FVG_FORMED,2025-07-14 19:51:00-04:00,0,5
GEP-002575,fvg,BULLISH_FVG_FORMED,2025-07-14 19:52:00-04:00,0,5
GEP-002576,liquidity,SWING_LOW_BREAK,2025-07-14 19:52:00-04:00,0,5
GEP-002577,liquidity,EQUAL_LOWS_BREAK,2025-07-14 19:52:00-04:00,0,5
GEP-002578,ifvg,BULLISH_IFVG_ACTIVATION,2025-07-14 19:53:00-04:00,0,3
GEP-002579,ifvg,BULLISH_IFVG_ACTIVATION,2025-07-14 19:53:00-04:00,0,3
GEP-002580,ifvg,BULLISH_IFVG_ACTIVATION,2025-07-14 19:55:00-04:00,0,3
GEP-002581,rejection_block,BEARISH_RB_CONFIRMED,2025-07-14 19:57:00-04:00,0,3
GEP-002582,liquidity,SWING_HIGH_BREAK,2025-07-14 19:59:00-04:00,0,5
GEP-002583,liquidity,EQUAL_HIGHS_BREAK,2025-07-14 19:59:00-04:00,0,5
GEP-002584,liquidity,SWING_LOW_BREAK,2025-07-14 20:00:00-04:00,0,5
GEP-002585,liquidity,EQUAL_LOWS_BREAK,2025-07-14 20:00:00-04:00,0,5
GEP-002586,ifvg,BEARISH_IFVG_ACTIVATION,2025-07-14 20:00:00-04:00,0,3
GEP-002587,ifvg,BEARISH_IFVG_ACTIVATION,2025-07-14 20:00:00-04:00,0,3
GEP-002588,ifvg,BEARISH_IFVG_ACTIVATION,2025-07-14 20:00:00-04:00,0,3
GEP-002589,ifvg,BEARISH_IFVG_ACTIVATION,2025-07-14 20:00:00-04:00,0,3
GEP-002590,fvg,BEARISH_FVG_FORMED,2025-07-14 20:01:00-04:00,0,7
GEP-002591,time_anchor,ANCHOR_ASIA_OPEN_BREAK,2025-07-14 20:01:00-04:00,0,6
GEP-002592,liquidity,SWING_HIGH_BREAK,2025-07-14 20:02:00-04:00,0,5
GEP-002593,liquidity,EQUAL_HIGHS_BREAK,2025-07-14 20:02:00-04:00,0,5
GEP-002594,ifvg,BULLISH_IFVG_ACTIVATION,2025-07-14 20:02:00-04:00,0,3
GEP-002595,fvg,BULLISH_FVG_FORMED,2025-07-14 20:03:00-04:00,0,7
GEP-002596,ifvg,BULLISH_IFVG_ACTIVATION,2025-07-14 20:03:00-04:00,0,3
GEP-002597,liquidity,SWING_LOW_BREAK,2025-07-14 20:04:00-04:00,0,5
GEP-002598,liquidity,SWING_HIGH_BREAK,2025-07-14 20:06:00-04:00,0,5
GEP-002599,liquidity,SWING_LOW_BREAK,2025-07-14 20:08:00-04:00,0,5
GEP-002600,structure,COMPRESSION,2025-07-14 20:12:00-04:00,0,2
GEP-002601,liquidity,SWING_LOW_BREAK,2025-07-14 20:13:00-04:00,0,5
GEP-002602,liquidity,EQUAL_LOWS_BREAK,2025-07-14 20:13:00-04:00,0,5
GEP-002603,fvg,BULLISH_FVG_FORMED,2025-07-14 20:14:00-04:00,0,5
GEP-002604,liquidity,SWING_LOW_BREAK,2025-07-14 20:16:00-04:00,0,5
GEP-002605,liquidity,SWING_HIGH_BREAK,2025-07-14 20:17:00-04:00,0,5
GEP-002606,liquidity,EQUAL_HIGHS_BREAK,2025-07-14 20:17:00-04:00,0,5
GEP-002607,ifvg,BEARISH_IFVG_ACTIVATION,2025-07-14 20:17:00-04:00,0,3
GEP-002608,liquidity,SWING_LOW_BREAK,2025-07-14 20:20:00-04:00,0,5
GEP-002609,liquidity,SWING_HIGH_BREAK,2025-07-14 20:23:00-04:00,0,5
GEP-002610,rejection_block,BULLISH_RB_CONFIRMED,2025-07-14 20:24:00-04:00,0,3
GEP-002611,liquidity,SWING_LOW_BREAK,2025-07-14 20:25:00-04:00,0,5
GEP-002612,fvg,BEARISH_FVG_FORMED,2025-07-14 20:26:00-04:00,0,5
GEP-002613,fvg,BEARISH_FVG_FORMED,2025-07-14 20:27:00-04:00,0,5
GEP-002614,liquidity,SWING_HIGH_BREAK,2025-07-14 20:27:00-04:00,0,5
GEP-002615,ifvg,BULLISH_IFVG_ACTIVATION,2025-07-14 20:28:00-04:00,0,3
GEP-002616,liquidity,SWING_LOW_SWEEP_BELOW,2025-07-14 20:29:00-04:00,0,5
GEP-002617,liquidity,EQUAL_LOWS_SWEEP_BELOW,2025-07-14 20:29:00-04:00,0,5
GEP-002618,ifvg,BEARISH_IFVG_ACTIVATION,2025-07-14 20:30:00-04:00,0,3
GEP-002619,liquidity,SWING_HIGH_BREAK,2025-07-14 20:31:00-04:00,0,5
GEP-002620,fvg,BULLISH_FVG_FORMED,2025-07-14 20:38:00-04:00,0,7
GEP-002621,fvg,BULLISH_FVG_FORMED,2025-07-14 20:39:00-04:00,0,7
GEP-002622,liquidity,SWING_LOW_BREAK,2025-07-14 20:39:00-04:00,0,5
GEP-002623,ifvg,BEARISH_IFVG_ACTIVATION,2025-07-14 20:40:00-04:00,0,3
GEP-002624,ifvg,BEARISH_IFVG_ACTIVATION,2025-07-14 20:40:00-04:00,0,3
GEP-002625,fvg,BEARISH_FVG_FORMED,2025-07-14 20:41:00-04:00,0,5
GEP-002626,liquidity,SWING_HIGH_BREAK,2025-07-14 20:41:00-04:00,0,5
GEP-002627,liquidity,EQUAL_HIGHS_BREAK,2025-07-14 20:41:00-04:00,0,5
GEP-002628,fvg,BEARISH_FVG_FORMED,2025-07-14 20:42:00-04:00,0,5
GEP-002629,liquidity,SWING_LOW_BREAK,2025-07-14 20:44:00-04:00,0,5
GEP-002630,liquidity,SWING_HIGH_BREAK,2025-07-14 20:48:00-04:00,0,5
GEP-002631,liquidity,SWING_LOW_BREAK,2025-07-14 20:49:00-04:00,0,5
GEP-002632,liquidity,EQUAL_LOWS_BREAK,2025-07-14 20:49:00-04:00,0,5
GEP-002633,ifvg,BULLISH_IFVG_ACTIVATION,2025-07-14 20:49:00-04:00,0,3
GEP-002634,liquidity,SWING_HIGH_SWEEP_ABOVE,2025-07-14 20:52:00-04:00,0,5
GEP-002635,liquidity,EQUAL_HIGHS_SWEEP_ABOVE,2025-07-14 20:52:00-04:00,0,5
GEP-002636,liquidity,SWING_LOW_BREAK,2025-07-14 20:53:00-04:00,0,5
GEP-002637,liquidity,SWING_HIGH_BREAK,2025-07-14 20:55:00-04:00,0,5
GEP-002638,liquidity,SWING_LOW_BREAK,2025-07-14 20:59:00-04:00,0,5
GEP-002639,liquidity,EQUAL_LOWS_BREAK,2025-07-14 20:59:00-04:00,0,5
GEP-002640,liquidity,SWING_HIGH_BREAK,2025-07-14 21:01:00-04:00,0,5
GEP-002641,fvg,BEARISH_FVG_FORMED,2025-07-14 21:02:00-04:00,0,5
GEP-002642,liquidity,SWING_LOW_BREAK,2025-07-14 21:06:00-04:00,0,5
GEP-002643,fvg,BULLISH_FVG_FORMED,2025-07-14 21:07:00-04:00,0,5
GEP-002644,fvg,BULLISH_FVG_FORMED,2025-07-14 21:08:00-04:00,0,5
GEP-002645,fvg,BEARISH_FVG_FORMED,2025-07-14 21:11:00-04:00,0,5
GEP-002646,liquidity,SWING_HIGH_BREAK,2025-07-14 21:11:00-04:00,0,5
GEP-002647,liquidity,EQUAL_HIGHS_BREAK,2025-07-14 21:11:00-04:00,0,5
GEP-002648,ifvg,BEARISH_IFVG_ACTIVATION,2025-07-14 21:11:00-04:00,0,3
GEP-002649,ifvg,BEARISH_IFVG_ACTIVATION,2025-07-14 21:11:00-04:00,0,3
GEP-002650,ifvg,BULLISH_IFVG_ACTIVATION,2025-07-14 21:12:00-04:00,0,3
GEP-002651,liquidity,SWING_LOW_BREAK,2025-07-14 21:14:00-04:00,0,5
GEP-002652,liquidity,EQUAL_LOWS_BREAK,2025-07-14 21:14:00-04:00,0,5
GEP-002653,liquidity,SWING_HIGH_BREAK,2025-07-14 21:15:00-04:00,0,5
GEP-002654,liquidity,SWING_HIGH_BREAK,2025-07-14 21:16:00-04:00,0,5
GEP-002655,liquidity,EQUAL_HIGHS_BREAK,2025-07-14 21:16:00-04:00,0,5
GEP-002656,liquidity,SWING_LOW_BREAK,2025-07-14 21:17:00-04:00,0,5
GEP-002657,liquidity,EQUAL_LOWS_BREAK,2025-07-14 21:17:00-04:00,0,5
GEP-002658,liquidity,SWING_HIGH_BREAK,2025-07-14 21:20:00-04:00,0,5
GEP-002659,fvg,BULLISH_FVG_FORMED,2025-07-14 21:21:00-04:00,0,7
GEP-002660,ifvg,BULLISH_IFVG_ACTIVATION,2025-07-14 21:21:00-04:00,0,3
GEP-002661,fvg,BULLISH_FVG_FORMED,2025-07-14 21:22:00-04:00,0,7
GEP-002662,liquidity,SWING_LOW_BREAK,2025-07-14 21:22:00-04:00,0,5
GEP-002663,liquidity,SWING_HIGH_BREAK,2025-07-14 21:24:00-04:00,0,5
GEP-002664,liquidity,EQUAL_HIGHS_BREAK,2025-07-14 21:24:00-04:00,0,5
GEP-002665,liquidity,SWING_LOW_BREAK,2025-07-14 21:28:00-04:00,0,5
GEP-002666,fvg,BULLISH_FVG_FORMED,2025-07-14 21:31:00-04:00,0,5
GEP-002667,rejection_block,BULLISH_RB_CONFIRMED,2025-07-14 21:31:00-04:00,0,3
GEP-002668,liquidity,SWING_LOW_BREAK,2025-07-14 21:33:00-04:00,0,5
GEP-002669,liquidity,EQUAL_LOWS_BREAK,2025-07-14 21:33:00-04:00,0,5
GEP-002670,fvg,BEARISH_FVG_FORMED,2025-07-14 21:34:00-04:00,0,5
GEP-002671,liquidity,SWING_HIGH_BREAK,2025-07-14 21:35:00-04:00,0,5
GEP-002672,liquidity,EQUAL_HIGHS_BREAK,2025-07-14 21:35:00-04:00,0,5
GEP-002673,ifvg,BEARISH_IFVG_ACTIVATION,2025-07-14 21:36:00-04:00,0,3
GEP-002674,ifvg,BULLISH_IFVG_ACTIVATION,2025-07-14 21:38:00-04:00,0,3
GEP-002675,ifvg,BULLISH_IFVG_ACTIVATION,2025-07-14 21:39:00-04:00,0,3
GEP-002676,fvg,BULLISH_FVG_FORMED,2025-07-14 21:40:00-04:00,0,5
GEP-002677,liquidity,SWING_LOW_BREAK,2025-07-14 21:40:00-04:00,0,5
GEP-002678,liquidity,EQUAL_LOWS_BREAK,2025-07-14 21:40:00-04:00,0,5
GEP-002679,ifvg,BULLISH_IFVG_ACTIVATION,2025-07-14 21:40:00-04:00,0,3
GEP-002680,ifvg,BULLISH_IFVG_ACTIVATION,2025-07-14 21:41:00-04:00,0,3
GEP-002681,fvg,BULLISH_FVG_FORMED,2025-07-14 21:43:00-04:00,0,7
GEP-002682,ifvg,BULLISH_IFVG_ACTIVATION,2025-07-14 21:43:00-04:00,0,3
GEP-002683,ifvg,BULLISH_IFVG_ACTIVATION,2025-07-14 21:43:00-04:00,0,3
GEP-002684,ifvg,BULLISH_IFVG_ACTIVATION,2025-07-14 21:43:00-04:00,0,3
GEP-002685,fvg,BULLISH_FVG_FORMED,2025-07-14 21:44:00-04:00,0,7
GEP-002686,ifvg,BULLISH_IFVG_ACTIVATION,2025-07-14 21:44:00-04:00,0,3
GEP-002687,ifvg,BULLISH_IFVG_ACTIVATION,2025-07-14 21:44:00-04:00,0,3
GEP-002688,ifvg,BULLISH_IFVG_ACTIVATION,2025-07-14 21:44:00-04:00,0,3
GEP-002689,fvg,BULLISH_FVG_FORMED,2025-07-14 21:45:00-04:00,0,7
GEP-002690,liquidity,SWING_HIGH_BREAK,2025-07-14 21:49:00-04:00,0,5
GEP-002691,fvg,BULLISH_FVG_FORMED,2025-07-14 21:50:00-04:00,0,7
GEP-002692,fvg,BULLISH_FVG_FORMED,2025-07-14 21:51:00-04:00,0,7
GEP-002693,fvg,BULLISH_FVG_FORMED,2025-07-14 21:52:00-04:00,0,7
GEP-002694,fvg,BULLISH_FVG_FORMED,2025-07-14 21:53:00-04:00,0,7
GEP-002695,fvg,BEARISH_FVG_FORMED,2025-07-14 21:56:00-04:00,0,7
GEP-002696,fvg,BEARISH_FVG_FORMED,2025-07-14 21:57:00-04:00,0,7
GEP-002697,liquidity,SWING_HIGH_BREAK,2025-07-14 21:57:00-04:00,0,5
GEP-002698,ifvg,BEARISH_IFVG_ACTIVATION,2025-07-14 21:57:00-04:00,0,3
GEP-002699,rejection_block,BULLISH_RB_CONFIRMED,2025-07-14 22:00:00-04:00,0,3
GEP-002700,ifvg,BULLISH_IFVG_ACTIVATION,2025-07-14 22:00:00-04:00,0,3
GEP-002701,liquidity,SWING_LOW_BREAK,2025-07-14 22:02:00-04:00,0,5
GEP-002702,fvg,BEARISH_FVG_FORMED,2025-07-14 22:03:00-04:00,0,7
GEP-002703,liquidity,SWING_HIGH_BREAK,2025-07-14 22:04:00-04:00,0,5
GEP-002704,ifvg,BEARISH_IFVG_ACTIVATION,2025-07-14 22:04:00-04:00,0,3
GEP-002705,rejection_block,BULLISH_RB_CONFIRMED,2025-07-14 22:06:00-04:00,0,3
GEP-002706,liquidity,SWING_LOW_BREAK,2025-07-14 22:08:00-04:00,0,5
GEP-002707,rejection_block,BEARISH_RB_CONFIRMED,2025-07-14 22:09:00-04:00,0,3
GEP-002708,fvg,BEARISH_FVG_FORMED,2025-07-14 22:10:00-04:00,0,5
GEP-002709,liquidity,SWING_HIGH_BREAK,2025-07-14 22:11:00-04:00,0,5
GEP-002710,rejection_block,BEARISH_RB_CONFIRMED,2025-07-14 22:12:00-04:00,0,3
GEP-002711,liquidity,SWING_LOW_BREAK,2025-07-14 22:13:00-04:00,0,5
GEP-002712,liquidity,EQUAL_LOWS_BREAK,2025-07-14 22:13:00-04:00,0,5
GEP-002713,liquidity,SWING_HIGH_BREAK,2025-07-14 22:14:00-04:00,0,5
GEP-002714,ifvg,BEARISH_IFVG_ACTIVATION,2025-07-14 22:16:00-04:00,0,3
GEP-002715,fvg,BEARISH_FVG_FORMED,2025-07-14 22:17:00-04:00,0,7
GEP-002716,ifvg,BEARISH_IFVG_ACTIVATION,2025-07-14 22:17:00-04:00,0,3
GEP-002717,fvg,BEARISH_FVG_FORMED,2025-07-14 22:18:00-04:00,0,7
GEP-002718,liquidity,SWING_LOW_SWEEP_BELOW,2025-07-14 22:23:00-04:00,0,5
GEP-002719,rejection_block,BULLISH_RB_CONFIRMED,2025-07-14 22:24:00-04:00,0,3
GEP-002720,liquidity,SWING_HIGH_BREAK,2025-07-14 22:27:00-04:00,0,5
GEP-002721,liquidity,SWING_LOW_BREAK,2025-07-14 22:28:00-04:00,0,5
GEP-002722,fvg,BEARISH_FVG_FORMED,2025-07-14 22:31:00-04:00,0,5
GEP-002723,rejection_block,BULLISH_RB_CONFIRMED,2025-07-14 22:33:00-04:00,0,3
GEP-002724,liquidity,SWING_LOW_BREAK,2025-07-14 22:35:00-04:00,0,5
GEP-002725,liquidity,EQUAL_LOWS_BREAK,2025-07-14 22:35:00-04:00,0,5
GEP-002726,rejection_block,BULLISH_RB_CONFIRMED,2025-07-14 22:36:00-04:00,0,3
GEP-002727,liquidity,SWING_LOW_BREAK,2025-07-14 22:38:00-04:00,0,5
GEP-002728,liquidity,SWING_HIGH_BREAK,2025-07-14 22:39:00-04:00,0,5
GEP-002729,fvg,BEARISH_FVG_FORMED,2025-07-14 22:40:00-04:00,0,5
GEP-002730,rejection_block,BULLISH_RB_CONFIRMED,2025-07-14 22:41:00-04:00,0,3
GEP-002731,ifvg,BULLISH_IFVG_ACTIVATION,2025-07-14 22:41:00-04:00,0,3
GEP-002732,fvg,BULLISH_FVG_FORMED,2025-07-14 22:42:00-04:00,0,5
GEP-002733,fvg,BULLISH_FVG_FORMED,2025-07-14 22:43:00-04:00,0,5
GEP-002734,liquidity,SWING_LOW_BREAK,2025-07-14 22:43:00-04:00,0,5
GEP-002735,ifvg,BEARISH_IFVG_ACTIVATION,2025-07-14 22:45:00-04:00,0,3
GEP-002736,ifvg,BEARISH_IFVG_ACTIVATION,2025-07-14 22:45:00-04:00,0,3
GEP-002737,fvg,BEARISH_FVG_FORMED,2025-07-14 22:46:00-04:00,0,7
GEP-002738,liquidity,SWING_HIGH_BREAK,2025-07-14 22:47:00-04:00,0,2
GEP-002739,fvg,BEARISH_FVG_FORMED,2025-07-14 22:50:00-04:00,0,7
GEP-002740,ifvg,BEARISH_IFVG_ACTIVATION,2025-07-14 22:50:00-04:00,0,3
GEP-002741,liquidity,SWING_LOW_BREAK,2025-07-14 22:54:00-04:00,0,2
GEP-002742,liquidity,EQUAL_LOWS_BREAK,2025-07-14 22:54:00-04:00,0,2
GEP-002743,rejection_block,BEARISH_RB_CONFIRMED,2025-07-14 22:55:00-04:00,0,3
GEP-002744,liquidity,SWING_HIGH_BREAK,2025-07-14 22:56:00-04:00,0,5
GEP-002745,liquidity,SWING_HIGH_BREAK,2025-07-14 22:57:00-04:00,0,5
GEP-002746,liquidity,EQUAL_HIGHS_BREAK,2025-07-14 22:57:00-04:00,0,5
GEP-002747,liquidity,SWING_LOW_BREAK,2025-07-14 22:59:00-04:00,0,5
GEP-002748,ifvg,BULLISH_IFVG_ACTIVATION,2025-07-14 22:59:00-04:00,0,3
GEP-002749,fvg,BULLISH_FVG_FORMED,2025-07-14 23:00:00-04:00,0,5
GEP-002750,liquidity,SWING_LOW_BREAK,2025-07-14 23:04:00-04:00,0,2
GEP-002751,liquidity,EQUAL_LOWS_BREAK,2025-07-14 23:04:00-04:00,0,2
GEP-002752,liquidity,SWING_HIGH_BREAK,2025-07-14 23:05:00-04:00,0,5
GEP-002753,liquidity,EQUAL_HIGHS_BREAK,2025-07-14 23:05:00-04:00,0,5
GEP-002754,liquidity,SWING_HIGH_BREAK,2025-07-14 23:06:00-04:00,0,5
GEP-002755,ifvg,BEARISH_IFVG_ACTIVATION,2025-07-14 23:06:00-04:00,0,3
GEP-002756,fvg,BEARISH_FVG_FORMED,2025-07-14 23:10:00-04:00,0,5
GEP-002757,liquidity,SWING_LOW_BREAK,2025-07-14 23:10:00-04:00,0,2
GEP-002758,liquidity,SWING_HIGH_BREAK,2025-07-14 23:11:00-04:00,0,5
GEP-002759,rejection_block,BULLISH_RB_CONFIRMED,2025-07-14 23:13:00-04:00,0,3
GEP-002760,ifvg,BULLISH_IFVG_ACTIVATION,2025-07-14 23:13:00-04:00,0,3
GEP-002761,liquidity,SWING_LOW_BREAK,2025-07-14 23:15:00-04:00,0,2
GEP-002762,liquidity,EQUAL_LOWS_BREAK,2025-07-14 23:15:00-04:00,0,2
GEP-002763,liquidity,SWING_HIGH_BREAK,2025-07-14 23:16:00-04:00,0,5
GEP-002764,liquidity,EQUAL_HIGHS_BREAK,2025-07-14 23:16:00-04:00,0,5
GEP-002765,fvg,BULLISH_FVG_FORMED,2025-07-14 23:17:00-04:00,0,5
GEP-002766,fvg,BULLISH_FVG_FORMED,2025-07-14 23:18:00-04:00,0,5
GEP-002767,ifvg,BULLISH_IFVG_ACTIVATION,2025-07-14 23:18:00-04:00,0,3
GEP-002768,fvg,BULLISH_FVG_FORMED,2025-07-14 23:19:00-04:00,0,5
GEP-002769,ifvg,BULLISH_IFVG_ACTIVATION,2025-07-14 23:22:00-04:00,0,3
GEP-002770,fvg,BULLISH_FVG_FORMED,2025-07-14 23:23:00-04:00,0,7
GEP-002771,fvg,BULLISH_FVG_FORMED,2025-07-14 23:26:00-04:00,0,7
GEP-002772,liquidity,SWING_HIGH_BREAK,2025-07-14 23:28:00-04:00,0,5
GEP-002773,liquidity,EQUAL_HIGHS_BREAK,2025-07-14 23:28:00-04:00,0,5
GEP-002774,fvg,BULLISH_FVG_FORMED,2025-07-14 23:31:00-04:00,0,5
GEP-002775,fvg,BULLISH_FVG_FORMED,2025-07-14 23:32:00-04:00,0,5
GEP-002776,fvg,BULLISH_FVG_FORMED,2025-07-14 23:33:00-04:00,0,5
GEP-002777,rejection_block,BEARISH_RB_CONFIRMED,2025-07-14 23:34:00-04:00,0,3
GEP-002778,ifvg,BEARISH_IFVG_ACTIVATION,2025-07-14 23:34:00-04:00,0,3
GEP-002779,ifvg,BEARISH_IFVG_ACTIVATION,2025-07-14 23:34:00-04:00,0,3
GEP-002780,ifvg,BEARISH_IFVG_ACTIVATION,2025-07-14 23:34:00-04:00,0,3
GEP-002781,liquidity,SWING_HIGH_BREAK,2025-07-14 23:36:00-04:00,0,5
GEP-002782,fvg,BULLISH_FVG_FORMED,2025-07-14 23:37:00-04:00,0,7
GEP-002783,liquidity,SWING_LOW_BREAK,2025-07-14 23:38:00-04:00,0,5
GEP-002784,rejection_block,BULLISH_RB_CONFIRMED,2025-07-14 23:42:00-04:00,0,3
GEP-002785,liquidity,SWING_HIGH_BREAK,2025-07-14 23:43:00-04:00,0,5
GEP-002786,fvg,BULLISH_FVG_FORMED,2025-07-14 23:44:00-04:00,0,7
GEP-002787,liquidity,SWING_LOW_BREAK,2025-07-14 23:45:00-04:00,0,5
GEP-002788,ifvg,BEARISH_IFVG_ACTIVATION,2025-07-14 23:46:00-04:00,0,3
GEP-002789,fvg,BEARISH_FVG_FORMED,2025-07-14 23:47:00-04:00,0,7
GEP-002790,liquidity,SWING_HIGH_BREAK,2025-07-14 23:47:00-04:00,0,5
GEP-002791,ifvg,BULLISH_IFVG_ACTIVATION,2025-07-14 23:48:00-04:00,0,3
GEP-002792,liquidity,SWING_LOW_BREAK,2025-07-14 23:49:00-04:00,0,5
GEP-002793,rejection_block,BEARISH_RB_CONFIRMED,2025-07-14 23:52:00-04:00,0,3
GEP-002794,fvg,BEARISH_FVG_FORMED,2025-07-14 23:53:00-04:00,0,7
GEP-002795,liquidity,SWING_HIGH_BREAK,2025-07-14 23:53:00-04:00,0,5
GEP-002796,fvg,BEARISH_FVG_FORMED,2025-07-14 23:54:00-04:00,0,7
GEP-002797,liquidity,SWING_HIGH_BREAK,2025-07-14 23:54:00-04:00,0,5
GEP-002798,liquidity,EQUAL_HIGHS_BREAK,2025-07-14 23:54:00-04:00,0,5
GEP-002799,ifvg,BULLISH_IFVG_ACTIVATION,2025-07-14 23:55:00-04:00,0,3
GEP-002800,liquidity,SWING_LOW_BREAK,2025-07-14 23:58:00-04:00,0,5
GEP-002801,vwap,VWAP_VWAP_BOUNCE_DOWN,2025-07-15 00:00:00-04:00,0,3
GEP-002802,rejection_block,BEARISH_RB_CONFIRMED,2025-07-15 00:01:00-04:00,0,3
GEP-002803,time_anchor,ANCHOR_MIDNIGHT_OPEN_BREAK,2025-07-15 00:01:00-04:00,0,6
GEP-002804,liquidity,SWING_LOW_BREAK,2025-07-15 00:01:00-04:00,0,5
GEP-002805,liquidity,EQUAL_LOWS_BREAK,2025-07-15 00:01:00-04:00,0,5
GEP-002806,liquidity,SWING_HIGH_BREAK,2025-07-15 00:03:00-04:00,0,5
GEP-002807,liquidity,SWING_LOW_BREAK,2025-07-15 00:05:00-04:00,0,5
GEP-002808,liquidity,EQUAL_LOWS_BREAK,2025-07-15 00:05:00-04:00,0,5
GEP-002809,liquidity,SWING_HIGH_BREAK,2025-07-15 00:06:00-04:00,0,5
GEP-002810,liquidity,EQUAL_HIGHS_BREAK,2025-07-15 00:06:00-04:00,0,5
GEP-002811,liquidity,SWING_HIGH_BREAK,2025-07-15 00:07:00-04:00,0,5
GEP-002812,rejection_block,BULLISH_RB_CONFIRMED,2025-07-15 00:11:00-04:00,0,3
GEP-002813,liquidity,SWING_LOW_BREAK,2025-07-15 00:12:00-04:00,0,5
GEP-002814,liquidity,SWING_HIGH_BREAK,2025-07-15 00:13:00-04:00,0,5
GEP-002815,liquidity,SWING_LOW_BREAK,2025-07-15 00:15:00-04:00,0,5
GEP-002816,liquidity,SWING_HIGH_BREAK,2025-07-15 00:16:00-04:00,0,5
GEP-002817,liquidity,EQUAL_HIGHS_BREAK,2025-07-15 00:16:00-04:00,0,5
GEP-002818,liquidity,SWING_HIGH_BREAK,2025-07-15 00:17:00-04:00,0,5
GEP-002819,fvg,BULLISH_FVG_FORMED,2025-07-15 00:18:00-04:00,0,7
GEP-002820,liquidity,SWING_LOW_BREAK,2025-07-15 00:19:00-04:00,0,5
GEP-002821,ifvg,BULLISH_IFVG_ACTIVATION,2025-07-15 00:20:00-04:00,0,3
GEP-002822,fvg,BULLISH_FVG_FORMED,2025-07-15 00:21:00-04:00,0,5
GEP-002823,fvg,BULLISH_FVG_FORMED,2025-07-15 00:24:00-04:00,0,5
GEP-002824,liquidity,SWING_HIGH_BREAK,2025-07-15 00:24:00-04:00,0,5
GEP-002825,ifvg,BEARISH_IFVG_ACTIVATION,2025-07-15 00:27:00-04:00,0,3
GEP-002826,liquidity,SWING_HIGH_BREAK,2025-07-15 00:28:00-04:00,0,5
GEP-002827,liquidity,SWING_LOW_BREAK,2025-07-15 00:30:00-04:00,0,5
GEP-002828,fvg,BULLISH_FVG_FORMED,2025-07-15 00:34:00-04:00,0,5
GEP-002829,ifvg,BULLISH_IFVG_ACTIVATION,2025-07-15 00:36:00-04:00,0,3
GEP-002830,fvg,BULLISH_FVG_FORMED,2025-07-15 00:37:00-04:00,0,7
GEP-002831,ifvg,BULLISH_IFVG_ACTIVATION,2025-07-15 00:37:00-04:00,0,3
GEP-002832,fvg,BULLISH_FVG_FORMED,2025-07-15 00:38:00-04:00,0,7
GEP-002833,liquidity,SWING_HIGH_BREAK,2025-07-15 00:41:00-04:00,0,5
GEP-002834,fvg,BEARISH_FVG_FORMED,2025-07-15 00:42:00-04:00,0,5
GEP-002835,ifvg,BEARISH_IFVG_ACTIVATION,2025-07-15 00:42:00-04:00,0,3
GEP-002836,fvg,BEARISH_FVG_FORMED,2025-07-15 00:44:00-04:00,0,5
GEP-002837,fvg,BEARISH_FVG_FORMED,2025-07-15 00:46:00-04:00,0,5
GEP-002838,ifvg,BEARISH_IFVG_ACTIVATION,2025-07-15 00:46:00-04:00,0,3
GEP-002839,fvg,BULLISH_FVG_FORMED,2025-07-15 00:48:00-04:00,0,7
GEP-002840,ifvg,BULLISH_IFVG_ACTIVATION,2025-07-15 00:48:00-04:00,0,3
GEP-002841,ifvg,BULLISH_IFVG_ACTIVATION,2025-07-15 00:48:00-04:00,0,3
GEP-002842,fvg,BULLISH_FVG_FORMED,2025-07-15 00:49:00-04:00,0,7
GEP-002843,rejection_block,BEARISH_RB_CONFIRMED,2025-07-15 00:50:00-04:00,0,3
GEP-002844,liquidity,SWING_LOW_BREAK,2025-07-15 00:50:00-04:00,0,5
GEP-002845,fvg,BEARISH_FVG_FORMED,2025-07-15 00:52:00-04:00,0,5
GEP-002846,liquidity,SWING_HIGH_BREAK,2025-07-15 00:52:00-04:00,0,5
GEP-002847,ifvg,BEARISH_IFVG_ACTIVATION,2025-07-15 00:52:00-04:00,0,3
GEP-002848,fvg,BEARISH_FVG_FORMED,2025-07-15 00:53:00-04:00,0,5
GEP-002849,liquidity,SWING_LOW_BREAK,2025-07-15 00:55:00-04:00,0,5
GEP-002850,ifvg,BULLISH_IFVG_ACTIVATION,2025-07-15 00:55:00-04:00,0,3
GEP-002851,liquidity,SWING_HIGH_BREAK,2025-07-15 00:58:00-04:00,0,5
GEP-002852,ifvg,BULLISH_IFVG_ACTIVATION,2025-07-15 00:58:00-04:00,0,3
GEP-002853,fvg,BULLISH_FVG_FORMED,2025-07-15 00:59:00-04:00,0,5
GEP-002854,liquidity,SWING_LOW_BREAK,2025-07-15 01:00:00-04:00,0,5
GEP-002855,liquidity,EQUAL_LOWS_BREAK,2025-07-15 01:00:00-04:00,0,5
GEP-002856,ifvg,BULLISH_IFVG_ACTIVATION,2025-07-15 01:01:00-04:00,0,3
GEP-002857,fvg,BULLISH_FVG_FORMED,2025-07-15 01:02:00-04:00,0,7
GEP-002858,ifvg,BULLISH_IFVG_ACTIVATION,2025-07-15 01:04:00-04:00,0,3
GEP-002859,fvg,BULLISH_FVG_FORMED,2025-07-15 01:07:00-04:00,0,7
GEP-002860,fvg,BULLISH_FVG_FORMED,2025-07-15 01:10:00-04:00,0,7
GEP-002861,ifvg,BULLISH_IFVG_ACTIVATION,2025-07-15 01:11:00-04:00,0,3
GEP-002862,fvg,BULLISH_FVG_FORMED,2025-07-15 01:12:00-04:00,0,7
GEP-002863,liquidity,SWING_HIGH_BREAK,2025-07-15 01:16:00-04:00,0,5
GEP-002864,liquidity,SWING_LOW_BREAK,2025-07-15 01:17:00-04:00,0,5
GEP-002865,liquidity,EQUAL_LOWS_BREAK,2025-07-15 01:17:00-04:00,0,5
GEP-002866,liquidity,SWING_HIGH_BREAK,2025-07-15 01:19:00-04:00,0,5
GEP-002867,fvg,BULLISH_FVG_FORMED,2025-07-15 01:23:00-04:00,0,7
GEP-002868,fvg,BULLISH_FVG_FORMED,2025-07-15 01:24:00-04:00,0,7
GEP-002869,fvg,BULLISH_FVG_FORMED,2025-07-15 01:27:00-04:00,0,5
GEP-002870,ifvg,BULLISH_IFVG_ACTIVATION,2025-07-15 01:27:00-04:00,0,3
GEP-002871,fvg,BULLISH_FVG_FORMED,2025-07-15 01:28:00-04:00,0,5
GEP-002872,fvg,BULLISH_FVG_FORMED,2025-07-15 01:29:00-04:00,0,5
GEP-002873,ifvg,BEARISH_IFVG_ACTIVATION,2025-07-15 01:32:00-04:00,0,3
GEP-002874,fvg,BEARISH_FVG_FORMED,2025-07-15 01:33:00-04:00,0,7
GEP-002875,ifvg,BEARISH_IFVG_ACTIVATION,2025-07-15 01:33:00-04:00,0,3
GEP-002876,ifvg,BEARISH_IFVG_ACTIVATION,2025-07-15 01:33:00-04:00,0,3
GEP-002877,liquidity,SWING_HIGH_BREAK,2025-07-15 01:34:00-04:00,0,5
GEP-002878,liquidity,SWING_LOW_BREAK,2025-07-15 01:36:00-04:00,0,5
GEP-002879,fvg,BEARISH_FVG_FORMED,2025-07-15 01:39:00-04:00,0,7
GEP-002880,liquidity,SWING_LOW_BREAK,2025-07-15 01:42:00-04:00,0,5
GEP-002881,ifvg,BEARISH_IFVG_ACTIVATION,2025-07-15 01:43:00-04:00,0,3
GEP-002882,ifvg,BEARISH_IFVG_ACTIVATION,2025-07-15 01:43:00-04:00,0,3
GEP-002883,fvg,BEARISH_FVG_FORMED,2025-07-15 01:44:00-04:00,0,5
GEP-002884,rejection_block,BEARISH_RB_CONFIRMED,2025-07-15 01:47:00-04:00,0,3
GEP-002885,liquidity,SWING_LOW_BREAK,2025-07-15 01:47:00-04:00,0,5
GEP-002886,liquidity,SWING_HIGH_BREAK,2025-07-15 01:48:00-04:00,0,5
GEP-002887,rejection_block,BULLISH_RB_CONFIRMED,2025-07-15 01:49:00-04:00,0,3
GEP-002888,ifvg,BULLISH_IFVG_ACTIVATION,2025-07-15 01:50:00-04:00,0,3
GEP-002889,fvg,BULLISH_FVG_FORMED,2025-07-15 01:51:00-04:00,0,5
GEP-002890,liquidity,SWING_LOW_BREAK,2025-07-15 01:51:00-04:00,0,5
GEP-002891,liquidity,SWING_HIGH_BREAK,2025-07-15 01:53:00-04:00,0,5
GEP-002892,liquidity,SWING_LOW_BREAK,2025-07-15 01:57:00-04:00,0,5
GEP-002893,liquidity,EQUAL_LOWS_BREAK,2025-07-15 01:57:00-04:00,0,5
GEP-002894,rejection_block,BEARISH_RB_CONFIRMED,2025-07-15 01:58:00-04:00,0,3
GEP-002895,ifvg,BEARISH_IFVG_ACTIVATION,2025-07-15 01:58:00-04:00,0,3
GEP-002896,fvg,BEARISH_FVG_FORMED,2025-07-15 01:59:00-04:00,0,5
GEP-002897,liquidity,SWING_HIGH_BREAK,2025-07-15 02:00:00-04:00,0,5
GEP-002898,liquidity,EQUAL_HIGHS_BREAK,2025-07-15 02:00:00-04:00,0,5
GEP-002899,ifvg,BULLISH_IFVG_ACTIVATION,2025-07-15 02:01:00-04:00,0,3
GEP-002900,fvg,BULLISH_FVG_FORMED,2025-07-15 02:02:00-04:00,0,5
GEP-002901,rejection_block,BEARISH_RB_CONFIRMED,2025-07-15 02:03:00-04:00,0,3
GEP-002902,liquidity,SWING_LOW_BREAK,2025-07-15 02:03:00-04:00,0,5
GEP-002903,rejection_block,BEARISH_RB_CONFIRMED,2025-07-15 02:04:00-04:00,0,3
GEP-002904,liquidity,SWING_HIGH_BREAK,2025-07-15 02:05:00-04:00,0,5
GEP-002905,liquidity,EQUAL_HIGHS_BREAK,2025-07-15 02:05:00-04:00,0,5
GEP-002906,liquidity,SWING_HIGH_BREAK,2025-07-15 02:06:00-04:00,0,5
GEP-002907,fvg,BEARISH_FVG_FORMED,2025-07-15 02:09:00-04:00,0,5
GEP-002908,rejection_block,BEARISH_RB_CONFIRMED,2025-07-15 02:09:00-04:00,0,3
GEP-002909,ifvg,BEARISH_IFVG_ACTIVATION,2025-07-15 02:09:00-04:00,0,3
GEP-002910,fvg,BEARISH_FVG_FORMED,2025-07-15 02:10:00-04:00,0,7
GEP-002911,fvg,BEARISH_FVG_FORMED,2025-07-15 02:11:00-04:00,0,7
GEP-002912,liquidity,SWING_HIGH_BREAK,2025-07-15 02:11:00-04:00,0,5
GEP-002913,liquidity,SWING_LOW_BREAK,2025-07-15 02:13:00-04:00,0,5
GEP-002914,liquidity,SWING_HIGH_BREAK,2025-07-15 02:18:00-04:00,0,5
GEP-002915,fvg,BULLISH_FVG_FORMED,2025-07-15 02:19:00-04:00,0,5
GEP-002916,liquidity,SWING_LOW_BREAK,2025-07-15 02:20:00-04:00,0,5
GEP-002917,structure,COMPRESSION,2025-07-15 02:24:00-04:00,0,2
GEP-002918,rejection_block,BEARISH_RB_CONFIRMED,2025-07-15 02:26:00-04:00,0,3
GEP-002919,liquidity,SWING_HIGH_BREAK,2025-07-15 02:28:00-04:00,0,5
GEP-002920,rejection_block,BEARISH_RB_CONFIRMED,2025-07-15 02:29:00-04:00,0,3
GEP-002921,liquidity,SWING_LOW_SWEEP_BELOW,2025-07-15 02:29:00-04:00,0,5
GEP-002922,liquidity,EQUAL_LOWS_SWEEP_BELOW,2025-07-15 02:29:00-04:00,0,5
GEP-002923,rejection_block,BULLISH_RB_CONFIRMED,2025-07-15 02:30:00-04:00,0,3
GEP-002924,ifvg,BULLISH_IFVG_ACTIVATION,2025-07-15 02:31:00-04:00,0,3
GEP-002925,liquidity,SWING_LOW_BREAK,2025-07-15 02:32:00-04:00,0,5
GEP-002926,ifvg,BEARISH_IFVG_ACTIVATION,2025-07-15 02:33:00-04:00,0,3
GEP-002927,fvg,BEARISH_FVG_FORMED,2025-07-15 02:34:00-04:00,0,7
GEP-002928,liquidity,SWING_HIGH_BREAK,2025-07-15 02:34:00-04:00,0,5
GEP-002929,liquidity,EQUAL_HIGHS_BREAK,2025-07-15 02:34:00-04:00,0,5
GEP-002930,liquidity,EQUAL_LOWS_SWEEP_BELOW,2025-07-15 02:37:00-04:00,0,5
GEP-002931,fvg,BEARISH_FVG_FORMED,2025-07-15 02:38:00-04:00,0,7
GEP-002932,liquidity,SWING_LOW_BREAK,2025-07-15 02:38:00-04:00,0,5
GEP-002933,ifvg,BEARISH_IFVG_ACTIVATION,2025-07-15 02:38:00-04:00,0,3
GEP-002934,liquidity,SWING_LOW_BREAK,2025-07-15 02:43:00-04:00,0,5
GEP-002935,liquidity,SWING_HIGH_BREAK,2025-07-15 02:44:00-04:00,0,5
GEP-002936,rejection_block,BEARISH_RB_CONFIRMED,2025-07-15 02:45:00-04:00,0,3
GEP-002937,fvg,BEARISH_FVG_FORMED,2025-07-15 02:46:00-04:00,0,7
GEP-002938,ifvg,BEARISH_IFVG_ACTIVATION,2025-07-15 02:46:00-04:00,0,3
GEP-002939,liquidity,SWING_HIGH_BREAK,2025-07-15 02:47:00-04:00,0,5
GEP-002940,liquidity,EQUAL_HIGHS_BREAK,2025-07-15 02:47:00-04:00,0,5
GEP-002941,liquidity,SWING_LOW_BREAK,2025-07-15 02:49:00-04:00,0,5
GEP-002942,fvg,BULLISH_FVG_FORMED,2025-07-15 02:50:00-04:00,0,5
GEP-002943,ifvg,BULLISH_IFVG_ACTIVATION,2025-07-15 02:50:00-04:00,0,3
GEP-002944,ifvg,BULLISH_IFVG_ACTIVATION,2025-07-15 02:50:00-04:00,0,3
GEP-002945,fvg,BULLISH_FVG_FORMED,2025-07-15 02:51:00-04:00,0,5
GEP-002946,fvg,BULLISH_FVG_FORMED,2025-07-15 02:53:00-04:00,0,7
GEP-002947,liquidity,SWING_HIGH_BREAK,2025-07-15 02:53:00-04:00,0,5
GEP-002948,liquidity,EQUAL_HIGHS_SWEEP_BELOW,2025-07-15 02:53:00-04:00,0,5
GEP-002949,ifvg,BULLISH_IFVG_ACTIVATION,2025-07-15 02:53:00-04:00,0,3
GEP-002950,fvg,BULLISH_FVG_FORMED,2025-07-15 02:54:00-04:00,0,7
GEP-002951,liquidity,SWING_HIGH_BREAK,2025-07-15 02:57:00-04:00,0,5
GEP-002952,rejection_block,BEARISH_RB_CONFIRMED,2025-07-15 02:59:00-04:00,0,3
GEP-002953,liquidity,SWING_LOW_SWEEP_BELOW,2025-07-15 02:59:00-04:00,0,5
GEP-002954,time_anchor,ANCHOR_LONDON_OPEN_SWEEP,2025-07-15 03:01:00-04:00,0,6
GEP-002955,liquidity,SWING_HIGH_BREAK,2025-07-15 03:01:00-04:00,0,5
GEP-002956,ifvg,BEARISH_IFVG_ACTIVATION,2025-07-15 03:01:00-04:00,0,3
GEP-002957,rejection_block,BULLISH_RB_CONFIRMED,2025-07-15 03:02:00-04:00,0,3
GEP-002958,liquidity,SWING_LOW_BREAK,2025-07-15 03:05:00-04:00,0,5
GEP-002959,ifvg,BEARISH_IFVG_ACTIVATION,2025-07-15 03:06:00-04:00,0,3
GEP-002960,liquidity,SWING_HIGH_BREAK,2025-07-15 03:08:00-04:00,0,5
GEP-002961,liquidity,EQUAL_HIGHS_BREAK,2025-07-15 03:08:00-04:00,0,5
GEP-002962,rejection_block,BULLISH_RB_CONFIRMED,2025-07-15 03:09:00-04:00,0,3
GEP-002963,liquidity,SWING_LOW_BREAK,2025-07-15 03:11:00-04:00,0,5
GEP-002964,liquidity,SWING_HIGH_BREAK,2025-07-15 03:14:00-04:00,0,5
GEP-002965,liquidity,SWING_LOW_SWEEP_BELOW,2025-07-15 03:14:00-04:00,0,5
GEP-002966,liquidity,EQUAL_HIGHS_BREAK,2025-07-15 03:14:00-04:00,0,5
GEP-002967,liquidity,EQUAL_LOWS_SWEEP_BELOW,2025-07-15 03:14:00-04:00,0,5
GEP-002968,rejection_block,BULLISH_RB_CONFIRMED,2025-07-15 03:15:00-04:00,0,3
GEP-002969,liquidity,SWING_HIGH_BREAK,2025-07-15 03:15:00-04:00,0,5
GEP-002970,liquidity,SWING_HIGH_BREAK,2025-07-15 03:18:00-04:00,0,5
GEP-002971,liquidity,EQUAL_HIGHS_SWEEP_ABOVE,2025-07-15 03:18:00-04:00,0,5
GEP-002972,liquidity,SWING_LOW_BREAK,2025-07-15 03:19:00-04:00,0,5
GEP-002973,liquidity,SWING_LOW_BREAK,2025-07-15 03:20:00-04:00,0,5
GEP-002974,liquidity,EQUAL_LOWS_BREAK,2025-07-15 03:20:00-04:00,0,5
GEP-002975,liquidity,SWING_HIGH_BREAK,2025-07-15 03:21:00-04:00,0,5
GEP-002976,fvg,BEARISH_FVG_FORMED,2025-07-15 03:23:00-04:00,0,5
GEP-002977,ifvg,BEARISH_IFVG_ACTIVATION,2025-07-15 03:23:00-04:00,0,3
GEP-002978,ifvg,BEARISH_IFVG_ACTIVATION,2025-07-15 03:25:00-04:00,0,3
GEP-002979,rejection_block,BULLISH_RB_CONFIRMED,2025-07-15 03:26:00-04:00,0,3
GEP-002980,liquidity,SWING_LOW_BREAK,2025-07-15 03:27:00-04:00,0,5
GEP-002981,liquidity,EQUAL_LOWS_BREAK,2025-07-15 03:27:00-04:00,0,5
GEP-002982,liquidity,SWING_HIGH_BREAK,2025-07-15 03:29:00-04:00,0,5
GEP-002983,rejection_block,BULLISH_RB_CONFIRMED,2025-07-15 03:31:00-04:00,0,3
GEP-002984,ifvg,BULLISH_IFVG_ACTIVATION,2025-07-15 03:32:00-04:00,0,3
GEP-002985,liquidity,SWING_LOW_BREAK,2025-07-15 03:33:00-04:00,0,5
GEP-002986,fvg,BULLISH_FVG_FORMED,2025-07-15 03:37:00-04:00,0,5
GEP-002987,ifvg,BULLISH_IFVG_ACTIVATION,2025-07-15 03:38:00-04:00,0,3
GEP-002988,ifvg,BULLISH_IFVG_ACTIVATION,2025-07-15 03:38:00-04:00,0,3
GEP-002989,fvg,BULLISH_FVG_FORMED,2025-07-15 03:39:00-04:00,0,5
GEP-002990,ifvg,BULLISH_IFVG_ACTIVATION,2025-07-15 03:40:00-04:00,0,3
GEP-002991,fvg,BULLISH_FVG_FORMED,2025-07-15 03:41:00-04:00,0,5
GEP-002992,fvg,BULLISH_FVG_FORMED,2025-07-15 03:44:00-04:00,0,5
GEP-002993,ifvg,BULLISH_IFVG_ACTIVATION,2025-07-15 03:44:00-04:00,0,3
GEP-002994,fvg,BEARISH_FVG_FORMED,2025-07-15 03:46:00-04:00,0,7
GEP-002995,rejection_block,BULLISH_RB_CONFIRMED,2025-07-15 03:47:00-04:00,0,3
GEP-002996,liquidity,SWING_HIGH_BREAK,2025-07-15 03:47:00-04:00,0,5
GEP-002997,liquidity,EQUAL_HIGHS_BREAK,2025-07-15 03:47:00-04:00,0,5
GEP-002998,ifvg,BULLISH_IFVG_ACTIVATION,2025-07-15 03:48:00-04:00,0,3
GEP-002999,liquidity,SWING_LOW_SWEEP_BELOW,2025-07-15 03:49:00-04:00,0,5
GEP-003000,ifvg,BEARISH_IFVG_ACTIVATION,2025-07-15 03:49:00-04:00,0,3
GEP-003001,fvg,BULLISH_FVG_FORMED,2025-07-15 03:51:00-04:00,0,7
GEP-003002,liquidity,SWING_LOW_BREAK,2025-07-15 03:52:00-04:00,0,5
GEP-003003,liquidity,EQUAL_LOWS_BREAK,2025-07-15 03:52:00-04:00,0,5
GEP-003004,fvg,BEARISH_FVG_FORMED,2025-07-15 03:53:00-04:00,0,7
GEP-003005,ifvg,BEARISH_IFVG_ACTIVATION,2025-07-15 03:53:00-04:00,0,3
GEP-003006,fvg,BEARISH_FVG_FORMED,2025-07-15 03:54:00-04:00,0,7
GEP-003007,liquidity,SWING_HIGH_BREAK,2025-07-15 03:55:00-04:00,0,5
GEP-003008,ifvg,BULLISH_IFVG_ACTIVATION,2025-07-15 03:56:00-04:00,0,3
GEP-003009,ifvg,BULLISH_IFVG_ACTIVATION,2025-07-15 03:56:00-04:00,0,3
GEP-003010,liquidity,SWING_LOW_BREAK,2025-07-15 03:57:00-04:00,0,5
GEP-003011,liquidity,SWING_HIGH_BREAK,2025-07-15 04:00:00-04:00,0,5
GEP-003012,ifvg,BEARISH_IFVG_ACTIVATION,2025-07-15 04:00:00-04:00,0,3
GEP-003013,ifvg,BEARISH_IFVG_ACTIVATION,2025-07-15 04:00:00-04:00,0,3
GEP-003014,fvg,BEARISH_FVG_FORMED,2025-07-15 04:01:00-04:00,0,7
GEP-003015,rejection_block,BEARISH_RB_CONFIRMED,2025-07-15 04:04:00-04:00,0,3
GEP-003016,liquidity,SWING_LOW_BREAK,2025-07-15 04:04:00-04:00,0,5
GEP-003017,liquidity,EQUAL_LOWS_BREAK,2025-07-15 04:04:00-04:00,0,5
GEP-003018,rejection_block,BEARISH_RB_CONFIRMED,2025-07-15 04:08:00-04:00,0,3
GEP-003019,liquidity,SWING_HIGH_BREAK,2025-07-15 04:10:00-04:00,0,5
GEP-003020,liquidity,SWING_LOW_BREAK,2025-07-15 04:13:00-04:00,0,5
GEP-003021,liquidity,EQUAL_LOWS_BREAK,2025-07-15 04:13:00-04:00,0,5
GEP-003022,rejection_block,BEARISH_RB_CONFIRMED,2025-07-15 04:15:00-04:00,0,3
GEP-003023,rejection_block,BEARISH_RB_CONFIRMED,2025-07-15 04:15:00-04:00,0,3
GEP-003024,liquidity,SWING_HIGH_BREAK,2025-07-15 04:15:00-04:00,0,5
GEP-003025,liquidity,SWING_HIGH_BREAK,2025-07-15 04:17:00-04:00,0,5
GEP-003026,liquidity,EQUAL_HIGHS_BREAK,2025-07-15 04:17:00-04:00,0,5
GEP-003027,fvg,BEARISH_FVG_FORMED,2025-07-15 04:18:00-04:00,0,5
GEP-003028,fvg,BULLISH_FVG_FORMED,2025-07-15 04:20:00-04:00,0,5
GEP-003029,liquidity,SWING_LOW_BREAK,2025-07-15 04:21:00-04:00,0,5
GEP-003030,liquidity,EQUAL_LOWS_BREAK,2025-07-15 04:21:00-04:00,0,5
GEP-003031,ifvg,BULLISH_IFVG_ACTIVATION,2025-07-15 04:22:00-04:00,0,3
GEP-003032,fvg,BULLISH_FVG_FORMED,2025-07-15 04:23:00-04:00,0,5
GEP-003033,liquidity,SWING_HIGH_SWEEP_ABOVE,2025-07-15 04:23:00-04:00,0,5
GEP-003034,fvg,BULLISH_FVG_FORMED,2025-07-15 04:24:00-04:00,0,5
GEP-003035,ifvg,BULLISH_IFVG_ACTIVATION,2025-07-15 04:24:00-04:00,0,3
GEP-003036,fvg,BULLISH_FVG_FORMED,2025-07-15 04:25:00-04:00,0,5
GEP-003037,fvg,BULLISH_FVG_FORMED,2025-07-15 04:26:00-04:00,0,7
GEP-003038,fvg,BULLISH_FVG_FORMED,2025-07-15 04:27:00-04:00,0,7
GEP-003039,liquidity,SWING_HIGH_BREAK,2025-07-15 04:29:00-04:00,0,5
GEP-003040,ifvg,BEARISH_IFVG_ACTIVATION,2025-07-15 04:31:00-04:00,0,3
GEP-003041,ifvg,BEARISH_IFVG_ACTIVATION,2025-07-15 04:31:00-04:00,0,3
GEP-003042,fvg,BEARISH_FVG_FORMED,2025-07-15 04:32:00-04:00,0,7
GEP-003043,liquidity,SWING_HIGH_BREAK,2025-07-15 04:33:00-04:00,0,5
GEP-003044,ifvg,BEARISH_IFVG_ACTIVATION,2025-07-15 04:33:00-04:00,0,3
GEP-003045,ifvg,BEARISH_IFVG_ACTIVATION,2025-07-15 04:33:00-04:00,0,3
GEP-003046,ifvg,BEARISH_IFVG_ACTIVATION,2025-07-15 04:33:00-04:00,0,3
GEP-003047,liquidity,SWING_LOW_BREAK,2025-07-15 04:36:00-04:00,0,5
GEP-003048,liquidity,SWING_HIGH_SWEEP_ABOVE,2025-07-15 04:37:00-04:00,0,5
GEP-003049,liquidity,EQUAL_HIGHS_SWEEP_ABOVE,2025-07-15 04:37:00-04:00,0,5
GEP-003050,rejection_block,BEARISH_RB_CONFIRMED,2025-07-15 04:38:00-04:00,0,3
GEP-003051,liquidity,SWING_HIGH_BREAK,2025-07-15 04:40:00-04:00,0,5
GEP-003052,fvg,BULLISH_FVG_FORMED,2025-07-15 04:46:00-04:00,0,5
GEP-003053,liquidity,SWING_LOW_BREAK,2025-07-15 04:46:00-04:00,0,5
GEP-003054,liquidity,SWING_HIGH_BREAK,2025-07-15 04:48:00-04:00,0,5
GEP-003055,liquidity,EQUAL_HIGHS_SWEEP_ABOVE,2025-07-15 04:48:00-04:00,0,5
GEP-003056,liquidity,SWING_HIGH_BREAK,2025-07-15 04:49:00-04:00,0,5
GEP-003057,structure,COMPRESSION,2025-07-15 04:50:00-04:00,0,2
GEP-003058,liquidity,SWING_LOW_BREAK,2025-07-15 04:50:00-04:00,0,5
GEP-003059,ifvg,BEARISH_IFVG_ACTIVATION,2025-07-15 04:52:00-04:00,0,3
GEP-003060,rejection_block,BULLISH_RB_CONFIRMED,2025-07-15 04:53:00-04:00,0,3
GEP-003061,liquidity,SWING_HIGH_BREAK,2025-07-15 04:53:00-04:00,0,5
GEP-003062,fvg,BEARISH_FVG_FORMED,2025-07-15 04:55:00-04:00,0,7
GEP-003063,liquidity,SWING_LOW_SWEEP_BELOW,2025-07-15 04:57:00-04:00,0,5
GEP-003064,liquidity,EQUAL_LOWS_SWEEP_BELOW,2025-07-15 04:57:00-04:00,0,5
GEP-003065,liquidity,SWING_LOW_BREAK,2025-07-15 05:03:00-04:00,0,5
GEP-003066,liquidity,EQUAL_LOWS_BREAK,2025-07-15 05:03:00-04:00,0,5
GEP-003067,liquidity,SWING_HIGH_BREAK,2025-07-15 05:04:00-04:00,0,5
GEP-003068,liquidity,EQUAL_HIGHS_BREAK,2025-07-15 05:04:00-04:00,0,5
GEP-003069,ifvg,BULLISH_IFVG_ACTIVATION,2025-07-15 05:11:00-04:00,0,3
GEP-003070,rejection_block,BEARISH_RB_CONFIRMED,2025-07-15 05:13:00-04:00,0,3
GEP-003071,liquidity,SWING_HIGH_SWEEP_ABOVE,2025-07-15 05:15:00-04:00,0,5
GEP-003072,fvg,BULLISH_FVG_FORMED,2025-07-15 05:16:00-04:00,0,5
GEP-003073,liquidity,SWING_LOW_BREAK,2025-07-15 05:16:00-04:00,0,5
GEP-003074,ifvg,BULLISH_IFVG_ACTIVATION,2025-07-15 05:17:00-04:00,0,3
GEP-003075,fvg,BULLISH_FVG_FORMED,2025-07-15 05:18:00-04:00,0,7
GEP-003076,liquidity,SWING_HIGH_BREAK,2025-07-15 05:20:00-04:00,0,5
GEP-003077,structure,COMPRESSION,2025-07-15 05:23:00-04:00,0,2
GEP-003078,liquidity,SWING_HIGH_BREAK,2025-07-15 05:23:00-04:00,0,5
GEP-003079,liquidity,EQUAL_HIGHS_BREAK,2025-07-15 05:23:00-04:00,0,5
GEP-003080,rejection_block,BULLISH_RB_CONFIRMED,2025-07-15 05:25:00-04:00,0,3
GEP-003081,liquidity,SWING_LOW_BREAK,2025-07-15 05:27:00-04:00,0,5
GEP-003082,liquidity,SWING_HIGH_BREAK,2025-07-15 05:29:00-04:00,0,5
GEP-003083,liquidity,SWING_LOW_BREAK,2025-07-15 05:31:00-04:00,0,5
GEP-003084,liquidity,EQUAL_LOWS_BREAK,2025-07-15 05:31:00-04:00,0,5
GEP-003085,liquidity,SWING_HIGH_BREAK,2025-07-15 05:35:00-04:00,0,5
GEP-003086,liquidity,EQUAL_HIGHS_BREAK,2025-07-15 05:35:00-04:00,0,5
GEP-003087,rejection_block,BULLISH_RB_CONFIRMED,2025-07-15 05:36:00-04:00,0,3
GEP-003088,liquidity,SWING_HIGH_BREAK,2025-07-15 05:36:00-04:00,0,5
GEP-003089,liquidity,SWING_LOW_BREAK,2025-07-15 05:37:00-04:00,0,5
GEP-003090,fvg,BULLISH_FVG_FORMED,2025-07-15 05:38:00-04:00,0,7
GEP-003091,liquidity,SWING_LOW_BREAK,2025-07-15 05:38:00-04:00,0,5
GEP-003092,liquidity,EQUAL_LOWS_BREAK,2025-07-15 05:38:00-04:00,0,5
GEP-003093,rejection_block,BEARISH_RB_CONFIRMED,2025-07-15 05:40:00-04:00,0,3
GEP-003094,liquidity,SWING_HIGH_BREAK,2025-07-15 05:41:00-04:00,0,5
GEP-003095,liquidity,EQUAL_HIGHS_BREAK,2025-07-15 05:41:00-04:00,0,5
GEP-003096,fvg,BEARISH_FVG_FORMED,2025-07-15 05:42:00-04:00,0,7
GEP-003097,ifvg,BEARISH_IFVG_ACTIVATION,2025-07-15 05:42:00-04:00,0,3
GEP-003098,fvg,BEARISH_FVG_FORMED,2025-07-15 05:43:00-04:00,0,7
GEP-003099,ifvg,BEARISH_IFVG_ACTIVATION,2025-07-15 05:44:00-04:00,0,3
GEP-003100,fvg,BEARISH_FVG_FORMED,2025-07-15 05:45:00-04:00,0,7
GEP-003101,fvg,BEARISH_FVG_FORMED,2025-07-15 05:46:00-04:00,0,7
GEP-003102,ifvg,BULLISH_IFVG_ACTIVATION,2025-07-15 05:47:00-04:00,0,3
GEP-003103,fvg,BULLISH_FVG_FORMED,2025-07-15 05:48:00-04:00,0,7
GEP-003104,liquidity,SWING_LOW_BREAK,2025-07-15 05:49:00-04:00,0,5
GEP-003105,ifvg,BULLISH_IFVG_ACTIVATION,2025-07-15 05:49:00-04:00,0,3
GEP-003106,liquidity,SWING_HIGH_BREAK,2025-07-15 05:52:00-04:00,0,5
GEP-003107,rejection_block,BEARISH_RB_CONFIRMED,2025-07-15 05:54:00-04:00,0,3
GEP-003108,liquidity,SWING_LOW_BREAK,2025-07-15 05:55:00-04:00,0,5
GEP-003109,liquidity,SWING_HIGH_BREAK,2025-07-15 05:56:00-04:00,0,5
GEP-003110,liquidity,EQUAL_HIGHS_BREAK,2025-07-15 05:56:00-04:00,0,5
GEP-003111,fvg,BULLISH_FVG_FORMED,2025-07-15 05:58:00-04:00,0,5
GEP-003112,fvg,BULLISH_FVG_FORMED,2025-07-15 05:59:00-04:00,0,5
GEP-003113,liquidity,SWING_LOW_BREAK,2025-07-15 05:59:00-04:00,0,5
GEP-003114,liquidity,SWING_HIGH_BREAK,2025-07-15 06:02:00-04:00,0,5
GEP-003115,liquidity,EQUAL_HIGHS_BREAK,2025-07-15 06:02:00-04:00,0,5
GEP-003116,fvg,BEARISH_FVG_FORMED,2025-07-15 06:03:00-04:00,0,5
GEP-003117,liquidity,SWING_HIGH_BREAK,2025-07-15 06:03:00-04:00,0,5
GEP-003118,ifvg,BEARISH_IFVG_ACTIVATION,2025-07-15 06:03:00-04:00,0,3
GEP-003119,ifvg,BEARISH_IFVG_ACTIVATION,2025-07-15 06:04:00-04:00,0,3
GEP-003120,fvg,BEARISH_FVG_FORMED,2025-07-15 06:05:00-04:00,0,5
GEP-003121,rejection_block,BULLISH_RB_CONFIRMED,2025-07-15 06:07:00-04:00,0,3
GEP-003122,fvg,BULLISH_FVG_FORMED,2025-07-15 06:09:00-04:00,0,5
GEP-003123,liquidity,SWING_LOW_BREAK,2025-07-15 06:09:00-04:00,0,5
GEP-003124,ifvg,BULLISH_IFVG_ACTIVATION,2025-07-15 06:09:00-04:00,0,3
GEP-003125,ifvg,BULLISH_IFVG_ACTIVATION,2025-07-15 06:09:00-04:00,0,3
GEP-003126,fvg,BULLISH_FVG_FORMED,2025-07-15 06:10:00-04:00,0,5
GEP-003127,liquidity,SWING_HIGH_BREAK,2025-07-15 06:12:00-04:00,0,5
GEP-003128,liquidity,EQUAL_HIGHS_SWEEP_ABOVE,2025-07-15 06:12:00-04:00,0,5
GEP-003129,fvg,BEARISH_FVG_FORMED,2025-07-15 06:14:00-04:00,0,5
GEP-003130,liquidity,SWING_LOW_SWEEP_BELOW,2025-07-15 06:15:00-04:00,0,5
GEP-003131,liquidity,SWING_HIGH_BREAK,2025-07-15 06:15:00-04:00,0,5
GEP-003132,ifvg,BULLISH_IFVG_ACTIVATION,2025-07-15 06:15:00-04:00,0,3
GEP-003133,fvg,BULLISH_FVG_FORMED,2025-07-15 06:16:00-04:00,0,7
GEP-003134,liquidity,SWING_LOW_BREAK,2025-07-15 06:17:00-04:00,0,5
GEP-003135,ifvg,BULLISH_IFVG_ACTIVATION,2025-07-15 06:17:00-04:00,0,3
GEP-003136,liquidity,SWING_LOW_BREAK,2025-07-15 06:18:00-04:00,0,5
GEP-003137,liquidity,EQUAL_LOWS_BREAK,2025-07-15 06:18:00-04:00,0,5
GEP-003138,liquidity,SWING_HIGH_BREAK,2025-07-15 06:19:00-04:00,0,5
GEP-003139,fvg,BULLISH_FVG_FORMED,2025-07-15 06:24:00-04:00,0,5
GEP-003140,liquidity,SWING_HIGH_BREAK,2025-07-15 06:24:00-04:00,0,5
GEP-003141,ifvg,BULLISH_IFVG_ACTIVATION,2025-07-15 06:24:00-04:00,0,3
GEP-003142,liquidity,EQUAL_HIGHS_BREAK,2025-07-15 06:25:00-04:00,0,5
GEP-003143,ifvg,BEARISH_IFVG_ACTIVATION,2025-07-15 06:25:00-04:00,0,3
GEP-003144,liquidity,SWING_LOW_BREAK,2025-07-15 06:26:00-04:00,0,5
GEP-003145,rejection_block,BULLISH_RB_CONFIRMED,2025-07-15 06:27:00-04:00,0,3
GEP-003146,liquidity,SWING_HIGH_BREAK,2025-07-15 06:27:00-04:00,0,5
GEP-003147,fvg,BULLISH_FVG_FORMED,2025-07-15 06:29:00-04:00,0,5
GEP-003148,liquidity,SWING_LOW_BREAK,2025-07-15 06:29:00-04:00,0,5
GEP-003149,rejection_block,BULLISH_RB_CONFIRMED,2025-07-15 06:32:00-04:00,0,3
GEP-003150,rejection_block,BEARISH_RB_CONFIRMED,2025-07-15 06:34:00-04:00,0,3
GEP-003151,liquidity,SWING_LOW_BREAK,2025-07-15 06:34:00-04:00,0,5
GEP-003152,ifvg,BEARISH_IFVG_ACTIVATION,2025-07-15 06:34:00-04:00,0,3
GEP-003153,fvg,BEARISH_FVG_FORMED,2025-07-15 06:35:00-04:00,0,7
GEP-003154,liquidity,SWING_HIGH_BREAK,2025-07-15 06:36:00-04:00,0,5
GEP-003155,liquidity,SWING_LOW_BREAK,2025-07-15 06:39:00-04:00,0,5
GEP-003156,liquidity,SWING_HIGH_BREAK,2025-07-15 06:40:00-04:00,0,5
GEP-003157,fvg,BEARISH_FVG_FORMED,2025-07-15 06:41:00-04:00,0,7
GEP-003158,liquidity,SWING_LOW_BREAK,2025-07-15 06:44:00-04:00,0,5
GEP-003159,fvg,BEARISH_FVG_FORMED,2025-07-15 06:47:00-04:00,0,7
GEP-003160,liquidity,SWING_HIGH_BREAK,2025-07-15 06:47:00-04:00,0,5
GEP-003161,liquidity,EQUAL_HIGHS_BREAK,2025-07-15 06:47:00-04:00,0,5
GEP-003162,ifvg,BEARISH_IFVG_ACTIVATION,2025-07-15 06:47:00-04:00,0,3
GEP-003163,ifvg,BEARISH_IFVG_ACTIVATION,2025-07-15 06:47:00-04:00,0,3
GEP-003164,ifvg,BEARISH_IFVG_ACTIVATION,2025-07-15 06:47:00-04:00,0,3
GEP-003165,fvg,BEARISH_FVG_FORMED,2025-07-15 06:48:00-04:00,0,7
GEP-003166,ifvg,BEARISH_IFVG_ACTIVATION,2025-07-15 06:48:00-04:00,0,3
GEP-003167,rejection_block,BULLISH_RB_CONFIRMED,2025-07-15 06:50:00-04:00,0,3
GEP-003168,rejection_block,BULLISH_RB_CONFIRMED,2025-07-15 06:53:00-04:00,0,3
GEP-003169,liquidity,SWING_LOW_BREAK,2025-07-15 06:53:00-04:00,0,5
GEP-003170,liquidity,EQUAL_LOWS_BREAK,2025-07-15 06:53:00-04:00,0,5
GEP-003171,fvg,BULLISH_FVG_FORMED,2025-07-15 06:54:00-04:00,0,7
GEP-003172,fvg,BEARISH_FVG_FORMED,2025-07-15 06:56:00-04:00,0,5
GEP-003173,liquidity,SWING_HIGH_BREAK,2025-07-15 06:57:00-04:00,0,5
GEP-003174,fvg,BULLISH_FVG_FORMED,2025-07-15 06:58:00-04:00,0,5
GEP-003175,ifvg,BULLISH_IFVG_ACTIVATION,2025-07-15 06:58:00-04:00,0,3
GEP-003176,fvg,BULLISH_FVG_FORMED,2025-07-15 06:59:00-04:00,0,5
GEP-003177,rejection_block,BEARISH_RB_CONFIRMED,2025-07-15 07:00:00-04:00,0,3
GEP-003178,liquidity,SWING_LOW_SWEEP_BELOW,2025-07-15 07:00:00-04:00,0,5
GEP-003179,liquidity,EQUAL_LOWS_SWEEP_BELOW,2025-07-15 07:00:00-04:00,0,5
GEP-003180,fvg,BEARISH_FVG_FORMED,2025-07-15 07:01:00-04:00,0,5
GEP-003181,liquidity,SWING_HIGH_BREAK,2025-07-15 07:02:00-04:00,0,5
GEP-003182,ifvg,BEARISH_IFVG_ACTIVATION,2025-07-15 07:02:00-04:00,0,3
GEP-003183,ifvg,BEARISH_IFVG_ACTIVATION,2025-07-15 07:02:00-04:00,0,3
GEP-003184,rejection_block,BULLISH_RB_CONFIRMED,2025-07-15 07:04:00-04:00,0,3
GEP-003185,rejection_block,BULLISH_RB_CONFIRMED,2025-07-15 07:04:00-04:00,0,3
GEP-003186,rejection_block,BEARISH_RB_CONFIRMED,2025-07-15 07:05:00-04:00,0,3
GEP-003187,ifvg,BEARISH_IFVG_ACTIVATION,2025-07-15 07:05:00-04:00,0,3
GEP-003188,liquidity,SWING_LOW_BREAK,2025-07-15 07:06:00-04:00,0,5
GEP-003189,rejection_block,BULLISH_RB_CONFIRMED,2025-07-15 07:07:00-04:00,0,3
GEP-003190,liquidity,SWING_HIGH_BREAK,2025-07-15 07:07:00-04:00,0,5
GEP-003191,liquidity,EQUAL_HIGHS_BREAK,2025-07-15 07:07:00-04:00,0,5
GEP-003192,ifvg,BULLISH_IFVG_ACTIVATION,2025-07-15 07:07:00-04:00,0,3
GEP-003193,ifvg,BULLISH_IFVG_ACTIVATION,2025-07-15 07:07:00-04:00,0,3
GEP-003194,ifvg,BULLISH_IFVG_ACTIVATION,2025-07-15 07:07:00-04:00,0,3
GEP-003195,fvg,BULLISH_FVG_FORMED,2025-07-15 07:08:00-04:00,0,5
GEP-003196,ifvg,BULLISH_IFVG_ACTIVATION,2025-07-15 07:09:00-04:00,0,3
GEP-003197,rejection_block,BEARISH_RB_CONFIRMED,2025-07-15 07:10:00-04:00,0,3
GEP-003198,liquidity,SWING_LOW_BREAK,2025-07-15 07:10:00-04:00,0,5
GEP-003199,rejection_block,BEARISH_RB_CONFIRMED,2025-07-15 07:11:00-04:00,0,3
GEP-003200,liquidity,SWING_HIGH_BREAK,2025-07-15 07:12:00-04:00,0,5
GEP-003201,fvg,BULLISH_FVG_FORMED,2025-07-15 07:14:00-04:00,0,5
GEP-003202,liquidity,SWING_LOW_BREAK,2025-07-15 07:14:00-04:00,0,5
GEP-003203,liquidity,EQUAL_LOWS_BREAK,2025-07-15 07:14:00-04:00,0,5
GEP-003204,ifvg,BULLISH_IFVG_ACTIVATION,2025-07-15 07:14:00-04:00,0,3
GEP-003205,rejection_block,BULLISH_RB_CONFIRMED,2025-07-15 07:19:00-04:00,0,3
GEP-003206,liquidity,SWING_HIGH_SWEEP_ABOVE,2025-07-15 07:20:00-04:00,0,5
GEP-003207,liquidity,SWING_LOW_BREAK,2025-07-15 07:21:00-04:00,0,5
GEP-003208,fvg,BEARISH_FVG_FORMED,2025-07-15 07:22:00-04:00,0,5
GEP-003209,liquidity,SWING_HIGH_BREAK,2025-07-15 07:23:00-04:00,0,5
GEP-003210,ifvg,BEARISH_IFVG_ACTIVATION,2025-07-15 07:23:00-04:00,0,3
GEP-003211,fvg,BEARISH_FVG_FORMED,2025-07-15 07:27:00-04:00,0,5
GEP-003212,liquidity,SWING_LOW_BREAK,2025-07-15 07:29:00-04:00,0,5
GEP-003213,liquidity,EQUAL_LOWS_BREAK,2025-07-15 07:29:00-04:00,0,5
GEP-003214,liquidity,SWING_LOW_SWEEP_BELOW,2025-07-15 07:33:00-04:00,0,5
GEP-003215,ifvg,BULLISH_IFVG_ACTIVATION,2025-07-15 07:33:00-04:00,0,3
GEP-003216,liquidity,SWING_HIGH_BREAK,2025-07-15 07:36:00-04:00,0,5
GEP-003217,liquidity,SWING_LOW_BREAK,2025-07-15 07:36:00-04:00,0,5
GEP-003218,liquidity,EQUAL_LOWS_BREAK,2025-07-15 07:36:00-04:00,0,5
GEP-003219,liquidity,SWING_LOW_BREAK,2025-07-15 07:39:00-04:00,0,5
GEP-003220,liquidity,EQUAL_LOWS_BREAK,2025-07-15 07:39:00-04:00,0,5
GEP-003221,fvg,BEARISH_FVG_FORMED,2025-07-15 07:41:00-04:00,0,7
GEP-003222,liquidity,SWING_HIGH_BREAK,2025-07-15 07:43:00-04:00,0,5
GEP-003223,fvg,BEARISH_FVG_FORMED,2025-07-15 07:44:00-04:00,0,5
GEP-003224,fvg,BEARISH_FVG_FORMED,2025-07-15 07:45:00-04:00,0,7
GEP-003225,ifvg,BEARISH_IFVG_ACTIVATION,2025-07-15 07:45:00-04:00,0,3
GEP-003226,fvg,BEARISH_FVG_FORMED,2025-07-15 07:46:00-04:00,0,7
GEP-003227,ifvg,BEARISH_IFVG_ACTIVATION,2025-07-15 07:46:00-04:00,0,3
GEP-003228,fvg,BEARISH_FVG_FORMED,2025-07-15 07:47:00-04:00,0,7
GEP-003229,fvg,BULLISH_FVG_FORMED,2025-07-15 07:49:00-04:00,0,7
GEP-003230,rejection_block,BEARISH_RB_CONFIRMED,2025-07-15 07:50:00-04:00,0,3
GEP-003231,liquidity,SWING_LOW_BREAK,2025-07-15 07:51:00-04:00,0,5
GEP-003232,liquidity,SWING_HIGH_BREAK,2025-07-15 07:52:00-04:00,0,5
GEP-003233,ifvg,BEARISH_IFVG_ACTIVATION,2025-07-15 07:52:00-04:00,0,3
GEP-003234,fvg,BULLISH_FVG_FORMED,2025-07-15 07:54:00-04:00,0,5
GEP-003235,rejection_block,BEARISH_RB_CONFIRMED,2025-07-15 07:55:00-04:00,0,3
GEP-003236,liquidity,SWING_LOW_BREAK,2025-07-15 07:55:00-04:00,0,5
GEP-003237,fvg,BULLISH_FVG_FORMED,2025-07-15 07:57:00-04:00,0,5
GEP-003238,ifvg,BULLISH_IFVG_ACTIVATION,2025-07-15 07:57:00-04:00,0,3
GEP-003239,fvg,BULLISH_FVG_FORMED,2025-07-15 07:58:00-04:00,0,5
GEP-003240,liquidity,SWING_LOW_BREAK,2025-07-15 07:59:00-04:00,0,5
GEP-003241,liquidity,EQUAL_LOWS_BREAK,2025-07-15 07:59:00-04:00,0,5
GEP-003242,liquidity,SWING_HIGH_BREAK,2025-07-15 08:00:00-04:00,0,5
GEP-003243,ifvg,BULLISH_IFVG_ACTIVATION,2025-07-15 08:00:00-04:00,0,3
GEP-003244,ifvg,BEARISH_IFVG_ACTIVATION,2025-07-15 08:01:00-04:00,0,3
GEP-003245,liquidity,SWING_HIGH_BREAK,2025-07-15 08:03:00-04:00,0,5
GEP-003246,liquidity,EQUAL_HIGHS_BREAK,2025-07-15 08:03:00-04:00,0,5
GEP-003247,rejection_block,BEARISH_RB_CONFIRMED,2025-07-15 08:05:00-04:00,0,3
GEP-003248,liquidity,SWING_LOW_BREAK,2025-07-15 08:05:00-04:00,0,5
GEP-003249,ifvg,BEARISH_IFVG_ACTIVATION,2025-07-15 08:05:00-04:00,0,3
GEP-003250,ifvg,BEARISH_IFVG_ACTIVATION,2025-07-15 08:05:00-04:00,0,3
GEP-003251,ifvg,BEARISH_IFVG_ACTIVATION,2025-07-15 08:05:00-04:00,0,3
GEP-003252,fvg,BEARISH_FVG_FORMED,2025-07-15 08:06:00-04:00,0,7
GEP-003253,liquidity,SWING_HIGH_BREAK,2025-07-15 08:07:00-04:00,0,5
GEP-003254,liquidity,EQUAL_HIGHS_BREAK,2025-07-15 08:07:00-04:00,0,5
GEP-003255,liquidity,SWING_LOW_BREAK,2025-07-15 08:11:00-04:00,0,5
GEP-003256,fvg,BULLISH_FVG_FORMED,2025-07-15 08:12:00-04:00,0,7
GEP-003257,fvg,BEARISH_FVG_FORMED,2025-07-15 08:14:00-04:00,0,5
GEP-003258,fvg,BEARISH_FVG_FORMED,2025-07-15 08:15:00-04:00,0,5
GEP-003259,liquidity,SWING_HIGH_BREAK,2025-07-15 08:15:00-04:00,0,5
GEP-003260,ifvg,BEARISH_IFVG_ACTIVATION,2025-07-15 08:15:00-04:00,0,3
GEP-003261,liquidity,SWING_LOW_BREAK,2025-07-15 08:18:00-04:00,0,5
GEP-003262,liquidity,SWING_HIGH_BREAK,2025-07-15 08:20:00-04:00,0,5
GEP-003263,ifvg,BEARISH_IFVG_ACTIVATION,2025-07-15 08:20:00-04:00,0,3
GEP-003264,fvg,BEARISH_FVG_FORMED,2025-07-15 08:21:00-04:00,0,7
GEP-003265,liquidity,SWING_LOW_BREAK,2025-07-15 08:25:00-04:00,0,5
GEP-003266,liquidity,EQUAL_LOWS_BREAK,2025-07-15 08:25:00-04:00,0,5
GEP-003267,fvg,BULLISH_FVG_FORMED,2025-07-15 08:26:00-04:00,0,5
GEP-003268,rejection_block,BULLISH_RB_CONFIRMED,2025-07-15 08:29:00-04:00,0,3
GEP-003269,liquidity,SWING_HIGH_BREAK,2025-07-15 08:29:00-04:00,0,5
GEP-003270,liquidity,EQUAL_HIGHS_BREAK,2025-07-15 08:29:00-04:00,0,5
GEP-003271,ifvg,BULLISH_IFVG_ACTIVATION,2025-07-15 08:29:00-04:00,0,3
GEP-003272,fvg,BULLISH_FVG_FORMED,2025-07-15 08:30:00-04:00,0,7
GEP-003273,ifvg,BULLISH_IFVG_ACTIVATION,2025-07-15 08:30:00-04:00,0,3
GEP-003274,ifvg,BULLISH_IFVG_ACTIVATION,2025-07-15 08:30:00-04:00,0,3
GEP-003275,ifvg,BULLISH_IFVG_ACTIVATION,2025-07-15 08:30:00-04:00,0,3
GEP-003276,ifvg,BULLISH_IFVG_ACTIVATION,2025-07-15 08:30:00-04:00,0,3
GEP-003277,ifvg,BULLISH_IFVG_ACTIVATION,2025-07-15 08:30:00-04:00,0,3
GEP-003278,ifvg,BULLISH_IFVG_ACTIVATION,2025-07-15 08:30:00-04:00,0,3
GEP-003279,ifvg,BULLISH_IFVG_ACTIVATION,2025-07-15 08:30:00-04:00,0,3
GEP-003280,fvg,BULLISH_FVG_FORMED,2025-07-15 08:31:00-04:00,0,7
GEP-003281,liquidity,SWING_LOW_BREAK,2025-07-15 08:31:00-04:00,0,5
GEP-003282,liquidity,SWING_HIGH_BREAK,2025-07-15 08:34:00-04:00,0,5
GEP-003283,liquidity,SWING_LOW_SWEEP_BELOW,2025-07-15 08:36:00-04:00,0,5
GEP-003284,liquidity,EQUAL_LOWS_SWEEP_BELOW,2025-07-15 08:36:00-04:00,0,5
GEP-003285,liquidity,SWING_LOW_SWEEP_BELOW,2025-07-15 08:44:00-04:00,0,5
GEP-003286,liquidity,EQUAL_LOWS_SWEEP_BELOW,2025-07-15 08:44:00-04:00,0,5
GEP-003287,fvg,BEARISH_FVG_FORMED,2025-07-15 08:45:00-04:00,0,5
GEP-003288,liquidity,SWING_HIGH_BREAK,2025-07-15 08:45:00-04:00,0,5
GEP-003289,liquidity,SWING_LOW_BREAK,2025-07-15 08:47:00-04:00,0,5
GEP-003290,liquidity,EQUAL_LOWS_BREAK,2025-07-15 08:47:00-04:00,0,5
GEP-003291,ifvg,BULLISH_IFVG_ACTIVATION,2025-07-15 08:48:00-04:00,0,3
GEP-003292,fvg,BULLISH_FVG_FORMED,2025-07-15 08:49:00-04:00,0,5
GEP-003293,fvg,BULLISH_FVG_FORMED,2025-07-15 08:50:00-04:00,0,5
GEP-003294,fvg,BULLISH_FVG_FORMED,2025-07-15 08:51:00-04:00,0,5
GEP-003295,fvg,BULLISH_FVG_FORMED,2025-07-15 08:52:00-04:00,0,5
GEP-003296,ifvg,BEARISH_IFVG_ACTIVATION,2025-07-15 08:53:00-04:00,0,3
GEP-003297,fvg,BULLISH_FVG_FORMED,2025-07-15 08:55:00-04:00,0,5
GEP-003298,liquidity,SWING_HIGH_BREAK,2025-07-15 08:55:00-04:00,0,5
GEP-003299,fvg,BULLISH_FVG_FORMED,2025-07-15 08:56:00-04:00,0,5
GEP-003300,liquidity,SWING_LOW_BREAK,2025-07-15 08:56:00-04:00,0,5
GEP-003301,rejection_block,BEARISH_RB_CONFIRMED,2025-07-15 08:57:00-04:00,0,3
GEP-003302,fvg,BEARISH_FVG_FORMED,2025-07-15 09:00:00-04:00,0,5
GEP-003303,ifvg,BEARISH_IFVG_ACTIVATION,2025-07-15 09:00:00-04:00,0,3
GEP-003304,ifvg,BEARISH_IFVG_ACTIVATION,2025-07-15 09:00:00-04:00,0,3
GEP-003305,fvg,BEARISH_FVG_FORMED,2025-07-15 09:01:00-04:00,0,5
GEP-003306,time_anchor,ANCHOR_OPEN_0900_BREAK,2025-07-15 09:01:00-04:00,0,6
GEP-003307,hist_level,HL_0900_HIGH_BREAK,2025-07-15 09:01:00-04:00,0,5
GEP-003308,hist_level,HL_0900_LOW_BREAK,2025-07-15 09:01:00-04:00,0,5
GEP-003309,liquidity,SWING_HIGH_BREAK,2025-07-15 09:01:00-04:00,0,5
GEP-003310,rejection_block,BULLISH_RB_CONFIRMED,2025-07-15 09:02:00-04:00,0,3
GEP-003311,ifvg,BULLISH_IFVG_ACTIVATION,2025-07-15 09:02:00-04:00,0,3
GEP-003312,liquidity,SWING_LOW_BREAK,2025-07-15 09:04:00-04:00,0,5
GEP-003313,fvg,BULLISH_FVG_FORMED,2025-07-15 09:08:00-04:00,0,5
GEP-003314,ifvg,BULLISH_IFVG_ACTIVATION,2025-07-15 09:08:00-04:00,0,3
GEP-003315,liquidity,SWING_HIGH_BREAK,2025-07-15 09:12:00-04:00,0,5
GEP-003316,liquidity,EQUAL_HIGHS_BREAK,2025-07-15 09:12:00-04:00,0,5
GEP-003317,liquidity,SWING_LOW_BREAK,2025-07-15 09:14:00-04:00,0,5
GEP-003318,ifvg,BEARISH_IFVG_ACTIVATION,2025-07-15 09:15:00-04:00,0,3
GEP-003319,fvg,BULLISH_FVG_FORMED,2025-07-15 09:18:00-04:00,0,5
GEP-003320,liquidity,SWING_HIGH_SWEEP_ABOVE,2025-07-15 09:18:00-04:00,0,5
GEP-003321,liquidity,SWING_LOW_BREAK,2025-07-15 09:18:00-04:00,0,5
GEP-003322,fvg,BULLISH_FVG_FORMED,2025-07-15 09:21:00-04:00,0,5
GEP-003323,liquidity,SWING_HIGH_BREAK,2025-07-15 09:23:00-04:00,0,5
GEP-003324,fvg,BULLISH_FVG_FORMED,2025-07-15 09:24:00-04:00,0,5
GEP-003325,liquidity,SWING_HIGH_BREAK,2025-07-15 09:27:00-04:00,0,5
GEP-003326,ifvg,BEARISH_IFVG_ACTIVATION,2025-07-15 09:27:00-04:00,0,3
GEP-003327,fvg,BEARISH_FVG_FORMED,2025-07-15 09:28:00-04:00,0,5
GEP-003328,ifvg,BEARISH_IFVG_ACTIVATION,2025-07-15 09:28:00-04:00,0,3
GEP-003329,fvg,BEARISH_FVG_FORMED,2025-07-15 09:29:00-04:00,0,5
GEP-003330,rejection_block,BEARISH_RB_CONFIRMED,2025-07-15 09:31:00-04:00,0,3
GEP-003331,time_anchor,ANCHOR_NY_SESSION_OPEN_BREAK,2025-07-15 09:31:00-04:00,0,5
GEP-003332,time_anchor,ANCHOR_OPEN_0930_BREAK,2025-07-15 09:31:00-04:00,0,5
GEP-003333,hist_level,HL_0930_HIGH_BREAK,2025-07-15 09:31:00-04:00,0,2
GEP-003334,hist_level,HL_0930_LOW_BREAK,2025-07-15 09:31:00-04:00,0,5
GEP-003335,ifvg,BEARISH_IFVG_ACTIVATION,2025-07-15 09:31:00-04:00,0,3
GEP-003336,liquidity,SWING_HIGH_BREAK,2025-07-15 09:33:00-04:00,0,2
GEP-003337,ifvg,BEARISH_IFVG_ACTIVATION,2025-07-15 09:33:00-04:00,0,3
GEP-003338,ifvg,BEARISH_IFVG_ACTIVATION,2025-07-15 09:33:00-04:00,0,3
GEP-003339,ifvg,BEARISH_IFVG_ACTIVATION,2025-07-15 09:33:00-04:00,0,3
GEP-003340,fvg,BEARISH_FVG_FORMED,2025-07-15 09:35:00-04:00,0,7
GEP-003341,ifvg,BULLISH_IFVG_ACTIVATION,2025-07-15 09:36:00-04:00,0,3
GEP-003342,liquidity,SWING_LOW_BREAK,2025-07-15 09:38:00-04:00,0,5
GEP-003343,liquidity,EQUAL_LOWS_BREAK,2025-07-15 09:38:00-04:00,0,5
GEP-003344,ifvg,BEARISH_IFVG_ACTIVATION,2025-07-15 09:39:00-04:00,0,3
GEP-003345,fvg,BEARISH_FVG_FORMED,2025-07-15 09:40:00-04:00,0,5
GEP-003346,liquidity,SWING_HIGH_BREAK,2025-07-15 09:40:00-04:00,0,5
GEP-003347,liquidity,EQUAL_HIGHS_BREAK,2025-07-15 09:40:00-04:00,0,5
GEP-003348,ifvg,BEARISH_IFVG_ACTIVATION,2025-07-15 09:40:00-04:00,0,3
GEP-003349,ifvg,BULLISH_IFVG_ACTIVATION,2025-07-15 09:42:00-04:00,0,3
GEP-003350,liquidity,SWING_LOW_BREAK,2025-07-15 09:43:00-04:00,0,5
GEP-003351,liquidity,SWING_HIGH_BREAK,2025-07-15 09:48:00-04:00,0,5
GEP-003352,liquidity,SWING_LOW_BREAK,2025-07-15 09:50:00-04:00,0,5
GEP-003353,liquidity,EQUAL_LOWS_BREAK,2025-07-15 09:50:00-04:00,0,5
GEP-003354,liquidity,SWING_LOW_BREAK,2025-07-15 09:53:00-04:00,0,5
GEP-003355,liquidity,EQUAL_LOWS_BREAK,2025-07-15 09:53:00-04:00,0,5
GEP-003356,liquidity,SWING_HIGH_BREAK,2025-07-15 09:54:00-04:00,0,5
GEP-003357,liquidity,EQUAL_HIGHS_BREAK,2025-07-15 09:54:00-04:00,0,5
GEP-003358,rejection_block,BULLISH_RB_CONFIRMED,2025-07-15 09:55:00-04:00,0,3
GEP-003359,liquidity,SWING_LOW_BREAK,2025-07-15 09:57:00-04:00,0,5
GEP-003360,ifvg,BEARISH_IFVG_ACTIVATION,2025-07-15 09:58:00-04:00,0,3
GEP-003361,fvg,BEARISH_FVG_FORMED,2025-07-15 09:59:00-04:00,0,5
GEP-003362,liquidity,SWING_HIGH_BREAK,2025-07-15 09:59:00-04:00,0,5
GEP-003363,liquidity,EQUAL_HIGHS_BREAK,2025-07-15 09:59:00-04:00,0,5
GEP-003364,time_anchor,ANCHOR_OPEN_1000_BREAK,2025-07-15 10:01:00-04:00,0,6
GEP-003365,hist_level,HL_1000_HIGH_BREAK,2025-07-15 10:01:00-04:00,0,5
GEP-003366,hist_level,HL_1000_LOW_BREAK,2025-07-15 10:01:00-04:00,0,5
GEP-003367,liquidity,SWING_LOW_BREAK,2025-07-15 10:03:00-04:00,0,5
GEP-003368,ifvg,BULLISH_IFVG_ACTIVATION,2025-07-15 10:05:00-04:00,0,3
GEP-003369,fvg,BULLISH_FVG_FORMED,2025-07-15 10:06:00-04:00,0,7
GEP-003370,liquidity,SWING_LOW_BREAK,2025-07-15 10:07:00-04:00,0,5
GEP-003371,liquidity,EQUAL_LOWS_BREAK,2025-07-15 10:07:00-04:00,0,5
GEP-003372,liquidity,SWING_HIGH_SWEEP_ABOVE,2025-07-15 10:09:00-04:00,0,5
GEP-003373,liquidity,EQUAL_HIGHS_SWEEP_ABOVE,2025-07-15 10:09:00-04:00,0,5
GEP-003374,fvg,BULLISH_FVG_FORMED,2025-07-15 10:11:00-04:00,0,7
GEP-003375,fvg,BULLISH_FVG_FORMED,2025-07-15 10:12:00-04:00,0,7
GEP-003376,liquidity,SWING_HIGH_BREAK,2025-07-15 10:14:00-04:00,0,5
GEP-003377,liquidity,EQUAL_HIGHS_BREAK,2025-07-15 10:14:00-04:00,0,5
GEP-003378,fvg,BULLISH_FVG_FORMED,2025-07-15 10:15:00-04:00,0,5
GEP-003379,ifvg,BEARISH_IFVG_ACTIVATION,2025-07-15 10:17:00-04:00,0,3
GEP-003380,fvg,BEARISH_FVG_FORMED,2025-07-15 10:18:00-04:00,0,5
GEP-003381,liquidity,SWING_HIGH_BREAK,2025-07-15 10:18:00-04:00,0,2
GEP-003382,ifvg,BULLISH_IFVG_ACTIVATION,2025-07-15 10:19:00-04:00,0,3
GEP-003383,liquidity,SWING_LOW_SWEEP_BELOW,2025-07-15 10:20:00-04:00,0,5
GEP-003384,rejection_block,BULLISH_RB_CONFIRMED,2025-07-15 10:21:00-04:00,0,3
GEP-003385,liquidity,SWING_LOW_BREAK,2025-07-15 10:23:00-04:00,0,5
GEP-003386,fvg,BEARISH_FVG_FORMED,2025-07-15 10:24:00-04:00,0,5
GEP-003387,liquidity,SWING_HIGH_BREAK,2025-07-15 10:25:00-04:00,0,2
GEP-003388,liquidity,EQUAL_HIGHS_BREAK,2025-07-15 10:25:00-04:00,0,2
GEP-003389,ifvg,BEARISH_IFVG_ACTIVATION,2025-07-15 10:25:00-04:00,0,3
GEP-003390,ifvg,BEARISH_IFVG_ACTIVATION,2025-07-15 10:25:00-04:00,0,3
GEP-003391,liquidity,SWING_LOW_BREAK,2025-07-15 10:29:00-04:00,0,5
GEP-003392,rejection_block,BEARISH_RB_CONFIRMED,2025-07-15 10:31:00-04:00,0,3
GEP-003393,fvg,BEARISH_FVG_FORMED,2025-07-15 10:32:00-04:00,0,7
GEP-003394,liquidity,SWING_HIGH_BREAK,2025-07-15 10:32:00-04:00,0,2
GEP-003395,liquidity,EQUAL_HIGHS_BREAK,2025-07-15 10:32:00-04:00,0,2
GEP-003396,rejection_block,BULLISH_RB_CONFIRMED,2025-07-15 10:33:00-04:00,0,3
GEP-003397,liquidity,SWING_LOW_BREAK,2025-07-15 10:35:00-04:00,0,5
GEP-003398,ifvg,BULLISH_IFVG_ACTIVATION,2025-07-15 10:35:00-04:00,0,3
GEP-003399,liquidity,SWING_HIGH_BREAK,2025-07-15 10:39:00-04:00,0,5
GEP-003400,liquidity,EQUAL_HIGHS_BREAK,2025-07-15 10:39:00-04:00,0,5
GEP-003401,rejection_block,BEARISH_RB_CONFIRMED,2025-07-15 10:40:00-04:00,0,3
GEP-003402,liquidity,SWING_LOW_BREAK,2025-07-15 10:40:00-04:00,0,5
GEP-003403,liquidity,EQUAL_LOWS_BREAK,2025-07-15 10:40:00-04:00,0,5
GEP-003404,liquidity,SWING_HIGH_BREAK,2025-07-15 10:42:00-04:00,0,5
GEP-003405,liquidity,EQUAL_HIGHS_BREAK,2025-07-15 10:42:00-04:00,0,5
GEP-003406,liquidity,SWING_LOW_BREAK,2025-07-15 10:43:00-04:00,0,5
GEP-003407,liquidity,EQUAL_LOWS_BREAK,2025-07-15 10:43:00-04:00,0,5
GEP-003408,ifvg,BEARISH_IFVG_ACTIVATION,2025-07-15 10:43:00-04:00,0,3
GEP-003409,fvg,BEARISH_FVG_FORMED,2025-07-15 10:44:00-04:00,0,7
GEP-003410,ifvg,BULLISH_IFVG_ACTIVATION,2025-07-15 10:45:00-04:00,0,3
GEP-003411,fvg,BULLISH_FVG_FORMED,2025-07-15 10:46:00-04:00,0,5
GEP-003412,liquidity,SWING_LOW_BREAK,2025-07-15 10:46:00-04:00,0,5
GEP-003413,rejection_block,BEARISH_RB_CONFIRMED,2025-07-15 10:50:00-04:00,0,3
GEP-003414,liquidity,SWING_HIGH_SWEEP_ABOVE,2025-07-15 10:50:00-04:00,0,5
GEP-003415,liquidity,EQUAL_HIGHS_SWEEP_ABOVE,2025-07-15 10:50:00-04:00,0,5
GEP-003416,ifvg,BEARISH_IFVG_ACTIVATION,2025-07-15 10:51:00-04:00,0,3
GEP-003417,fvg,BEARISH_FVG_FORMED,2025-07-15 10:52:00-04:00,0,7
GEP-003418,liquidity,SWING_HIGH_BREAK,2025-07-15 10:53:00-04:00,0,5
GEP-003419,liquidity,SWING_LOW_BREAK,2025-07-15 11:01:00-04:00,0,5
GEP-003420,liquidity,EQUAL_LOWS_BREAK,2025-07-15 11:01:00-04:00,0,5
GEP-003421,liquidity,SWING_LOW_BREAK,2025-07-15 11:02:00-04:00,0,5
GEP-003422,liquidity,SWING_HIGH_SWEEP_ABOVE,2025-07-15 11:06:00-04:00,0,5
GEP-003423,structure,COMPRESSION,2025-07-15 11:07:00-04:00,0,2
GEP-003424,liquidity,SWING_LOW_BREAK,2025-07-15 11:07:00-04:00,0,5
GEP-003425,fvg,BULLISH_FVG_FORMED,2025-07-15 11:09:00-04:00,0,5
GEP-003426,liquidity,SWING_HIGH_BREAK,2025-07-15 11:11:00-04:00,0,5
GEP-003427,fvg,BULLISH_FVG_FORMED,2025-07-15 11:12:00-04:00,0,5
GEP-003428,ifvg,BEARISH_IFVG_ACTIVATION,2025-07-15 11:14:00-04:00,0,3
GEP-003429,ifvg,BEARISH_IFVG_ACTIVATION,2025-07-15 11:14:00-04:00,0,3
GEP-003430,fvg,BEARISH_FVG_FORMED,2025-07-15 11:15:00-04:00,0,7
GEP-003431,liquidity,SWING_HIGH_BREAK,2025-07-15 11:16:00-04:00,0,5
GEP-003432,rejection_block,BULLISH_RB_CONFIRMED,2025-07-15 11:17:00-04:00,0,3
GEP-003433,liquidity,SWING_LOW_BREAK,2025-07-15 11:19:00-04:00,0,5
GEP-003434,ifvg,BULLISH_IFVG_ACTIVATION,2025-07-15 11:21:00-04:00,0,3
GEP-003435,fvg,BULLISH_FVG_FORMED,2025-07-15 11:23:00-04:00,0,5
GEP-003436,ifvg,BULLISH_IFVG_ACTIVATION,2025-07-15 11:23:00-04:00,0,3
GEP-003437,fvg,BULLISH_FVG_FORMED,2025-07-15 11:24:00-04:00,0,5
GEP-003438,liquidity,SWING_HIGH_BREAK,2025-07-15 11:27:00-04:00,0,5
GEP-003439,fvg,BULLISH_FVG_FORMED,2025-07-15 11:28:00-04:00,0,5
GEP-003440,fvg,BEARISH_FVG_FORMED,2025-07-15 11:32:00-04:00,0,7
GEP-003441,liquidity,SWING_HIGH_BREAK,2025-07-15 11:32:00-04:00,0,5
GEP-003442,liquidity,EQUAL_HIGHS_BREAK,2025-07-15 11:32:00-04:00,0,5
GEP-003443,ifvg,BEARISH_IFVG_ACTIVATION,2025-07-15 11:32:00-04:00,0,3
GEP-003444,ifvg,BEARISH_IFVG_ACTIVATION,2025-07-15 11:32:00-04:00,0,3
GEP-003445,fvg,BEARISH_FVG_FORMED,2025-07-15 11:33:00-04:00,0,7
GEP-003446,liquidity,SWING_LOW_BREAK,2025-07-15 11:37:00-04:00,0,5
GEP-003447,liquidity,EQUAL_LOWS_BREAK,2025-07-15 11:37:00-04:00,0,5
GEP-003448,ifvg,BULLISH_IFVG_ACTIVATION,2025-07-15 11:37:00-04:00,0,3
GEP-003449,liquidity,SWING_LOW_BREAK,2025-07-15 11:40:00-04:00,0,5
GEP-003450,ifvg,BULLISH_IFVG_ACTIVATION,2025-07-15 11:41:00-04:00,0,3
GEP-003451,fvg,BULLISH_FVG_FORMED,2025-07-15 11:42:00-04:00,0,5
GEP-003452,fvg,BULLISH_FVG_FORMED,2025-07-15 11:43:00-04:00,0,5
GEP-003453,liquidity,SWING_HIGH_BREAK,2025-07-15 11:46:00-04:00,0,5
GEP-003454,liquidity,EQUAL_HIGHS_BREAK,2025-07-15 11:46:00-04:00,0,5
GEP-003455,liquidity,SWING_LOW_BREAK,2025-07-15 11:48:00-04:00,0,5
GEP-003456,liquidity,EQUAL_LOWS_BREAK,2025-07-15 11:48:00-04:00,0,5
GEP-003457,fvg,BULLISH_FVG_FORMED,2025-07-15 11:49:00-04:00,0,5
GEP-003458,ifvg,BEARISH_IFVG_ACTIVATION,2025-07-15 11:51:00-04:00,0,3
GEP-003459,fvg,BEARISH_FVG_FORMED,2025-07-15 11:52:00-04:00,0,5
GEP-003460,liquidity,SWING_HIGH_BREAK,2025-07-15 11:52:00-04:00,0,2
GEP-003461,liquidity,EQUAL_HIGHS_BREAK,2025-07-15 11:52:00-04:00,0,2
GEP-003462,fvg,BEARISH_FVG_FORMED,2025-07-15 11:53:00-04:00,0,5
GEP-003463,ifvg,BEARISH_IFVG_ACTIVATION,2025-07-15 11:53:00-04:00,0,3
GEP-003464,ifvg,BEARISH_IFVG_ACTIVATION,2025-07-15 11:53:00-04:00,0,3
GEP-003465,liquidity,SWING_LOW_BREAK,2025-07-15 11:59:00-04:00,0,5
GEP-003466,liquidity,EQUAL_LOWS_BREAK,2025-07-15 11:59:00-04:00,0,5
GEP-003467,rejection_block,BEARISH_RB_CONFIRMED,2025-07-15 12:01:00-04:00,0,3
GEP-003468,liquidity,SWING_HIGH_BREAK,2025-07-15 12:03:00-04:00,0,5
GEP-003469,liquidity,EQUAL_HIGHS_BREAK,2025-07-15 12:03:00-04:00,0,5
GEP-003470,liquidity,SWING_LOW_BREAK,2025-07-15 12:05:00-04:00,0,5
GEP-003471,liquidity,SWING_LOW_BREAK,2025-07-15 12:06:00-04:00,0,5
GEP-003472,liquidity,EQUAL_LOWS_BREAK,2025-07-15 12:06:00-04:00,0,5
GEP-003473,ifvg,BEARISH_IFVG_ACTIVATION,2025-07-15 12:08:00-04:00,0,3
GEP-003474,fvg,BEARISH_FVG_FORMED,2025-07-15 12:09:00-04:00,0,7
GEP-003475,liquidity,SWING_HIGH_BREAK,2025-07-15 12:09:00-04:00,0,5
GEP-003476,rejection_block,BULLISH_RB_CONFIRMED,2025-07-15 12:10:00-04:00,0,3
GEP-003477,rejection_block,BULLISH_RB_CONFIRMED,2025-07-15 12:11:00-04:00,0,3
GEP-003478,liquidity,SWING_LOW_BREAK,2025-07-15 12:13:00-04:00,0,5
GEP-003479,liquidity,EQUAL_LOWS_BREAK,2025-07-15 12:13:00-04:00,0,5
GEP-003480,liquidity,SWING_LOW_BREAK,2025-07-15 12:18:00-04:00,0,5
GEP-003481,liquidity,EQUAL_LOWS_BREAK,2025-07-15 12:18:00-04:00,0,5
GEP-003482,rejection_block,BEARISH_RB_CONFIRMED,2025-07-15 12:19:00-04:00,0,3
GEP-003483,rejection_block,BULLISH_RB_CONFIRMED,2025-07-15 12:21:00-04:00,0,3
GEP-003484,liquidity,SWING_HIGH_BREAK,2025-07-15 12:21:00-04:00,0,5
GEP-003485,liquidity,EQUAL_HIGHS_BREAK,2025-07-15 12:21:00-04:00,0,5
GEP-003486,fvg,BULLISH_FVG_FORMED,2025-07-15 12:22:00-04:00,0,5
GEP-003487,liquidity,SWING_LOW_BREAK,2025-07-15 12:23:00-04:00,0,5
GEP-003488,liquidity,EQUAL_LOWS_BREAK,2025-07-15 12:23:00-04:00,0,5
GEP-003489,rejection_block,BEARISH_RB_CONFIRMED,2025-07-15 12:24:00-04:00,0,3
GEP-003490,fvg,BEARISH_FVG_FORMED,2025-07-15 12:25:00-04:00,0,5
GEP-003491,liquidity,SWING_HIGH_BREAK,2025-07-15 12:25:00-04:00,0,5
GEP-003492,liquidity,EQUAL_HIGHS_BREAK,2025-07-15 12:25:00-04:00,0,5
GEP-003493,ifvg,BEARISH_IFVG_ACTIVATION,2025-07-15 12:25:00-04:00,0,3
GEP-003494,fvg,BEARISH_FVG_FORMED,2025-07-15 12:26:00-04:00,0,5
GEP-003495,fvg,BULLISH_FVG_FORMED,2025-07-15 12:28:00-04:00,0,5
GEP-003496,rejection_block,BEARISH_RB_CONFIRMED,2025-07-15 12:29:00-04:00,0,3
GEP-003497,liquidity,SWING_LOW_BREAK,2025-07-15 12:29:00-04:00,0,5
GEP-003498,liquidity,EQUAL_LOWS_BREAK,2025-07-15 12:29:00-04:00,0,5
GEP-003499,ifvg,BULLISH_IFVG_ACTIVATION,2025-07-15 12:30:00-04:00,0,3
GEP-003500,fvg,BULLISH_FVG_FORMED,2025-07-15 12:31:00-04:00,0,5
GEP-003501,ifvg,BULLISH_IFVG_ACTIVATION,2025-07-15 12:31:00-04:00,0,3
GEP-003502,fvg,BULLISH_FVG_FORMED,2025-07-15 12:32:00-04:00,0,5
GEP-003503,rejection_block,BEARISH_RB_CONFIRMED,2025-07-15 12:33:00-04:00,0,3
GEP-003504,ifvg,BEARISH_IFVG_ACTIVATION,2025-07-15 12:33:00-04:00,0,3
GEP-003505,ifvg,BEARISH_IFVG_ACTIVATION,2025-07-15 12:33:00-04:00,0,3
GEP-003506,fvg,BEARISH_FVG_FORMED,2025-07-15 12:34:00-04:00,0,5
GEP-003507,ifvg,BEARISH_IFVG_ACTIVATION,2025-07-15 12:34:00-04:00,0,3
GEP-003508,fvg,BEARISH_FVG_FORMED,2025-07-15 12:35:00-04:00,0,5
GEP-003509,liquidity,SWING_HIGH_BREAK,2025-07-15 12:35:00-04:00,0,5
GEP-003510,liquidity,SWING_LOW_BREAK,2025-07-15 12:40:00-04:00,0,5
GEP-003511,rejection_block,BEARISH_RB_CONFIRMED,2025-07-15 12:43:00-04:00,0,3
GEP-003512,liquidity,SWING_LOW_BREAK,2025-07-15 12:44:00-04:00,0,5
GEP-003513,liquidity,EQUAL_LOWS_BREAK,2025-07-15 12:44:00-04:00,0,5
GEP-003514,liquidity,SWING_HIGH_BREAK,2025-07-15 12:45:00-04:00,0,5
GEP-003515,liquidity,EQUAL_HIGHS_BREAK,2025-07-15 12:45:00-04:00,0,5
GEP-003516,fvg,BULLISH_FVG_FORMED,2025-07-15 12:46:00-04:00,0,5
GEP-003517,liquidity,SWING_LOW_BREAK,2025-07-15 12:47:00-04:00,0,5
GEP-003518,ifvg,BULLISH_IFVG_ACTIVATION,2025-07-15 12:47:00-04:00,0,3
GEP-003519,rejection_block,BEARISH_RB_CONFIRMED,2025-07-15 12:49:00-04:00,0,3
GEP-003520,liquidity,SWING_HIGH_BREAK,2025-07-15 12:51:00-04:00,0,5
GEP-003521,liquidity,EQUAL_HIGHS_BREAK,2025-07-15 12:51:00-04:00,0,5
GEP-003522,liquidity,SWING_LOW_SWEEP_BELOW,2025-07-15 12:53:00-04:00,0,5
GEP-003523,fvg,BEARISH_FVG_FORMED,2025-07-15 12:54:00-04:00,0,7
GEP-003524,liquidity,SWING_HIGH_BREAK,2025-07-15 12:54:00-04:00,0,5
GEP-003525,liquidity,EQUAL_HIGHS_BREAK,2025-07-15 12:54:00-04:00,0,5
GEP-003526,ifvg,BEARISH_IFVG_ACTIVATION,2025-07-15 12:54:00-04:00,0,3
GEP-003527,fvg,BEARISH_FVG_FORMED,2025-07-15 12:55:00-04:00,0,7
GEP-003528,liquidity,SWING_HIGH_BREAK,2025-07-15 12:55:00-04:00,0,5
GEP-003529,fvg,BEARISH_FVG_FORMED,2025-07-15 12:57:00-04:00,0,7
GEP-003530,fvg,BEARISH_FVG_FORMED,2025-07-15 12:58:00-04:00,0,7
GEP-003531,liquidity,SWING_LOW_BREAK,2025-07-15 13:00:00-04:00,0,5
GEP-003532,ifvg,BULLISH_IFVG_ACTIVATION,2025-07-15 13:00:00-04:00,0,3
GEP-003533,fvg,BULLISH_FVG_FORMED,2025-07-15 13:01:00-04:00,0,7
GEP-003534,ifvg,BULLISH_IFVG_ACTIVATION,2025-07-15 13:01:00-04:00,0,3
GEP-003535,rejection_block,BEARISH_RB_CONFIRMED,2025-07-15 13:03:00-04:00,0,3
GEP-003536,liquidity,SWING_HIGH_BREAK,2025-07-15 13:05:00-04:00,0,5
GEP-003537,rejection_block,BULLISH_RB_CONFIRMED,2025-07-15 13:06:00-04:00,0,3
GEP-003538,liquidity,SWING_LOW_BREAK,2025-07-15 13:08:00-04:00,0,5
GEP-003539,fvg,BEARISH_FVG_FORMED,2025-07-15 13:09:00-04:00,0,5
GEP-003540,rejection_block,BEARISH_RB_CONFIRMED,2025-07-15 13:12:00-04:00,0,3
GEP-003541,liquidity,SWING_LOW_BREAK,2025-07-15 13:12:00-04:00,0,5
GEP-003542,liquidity,EQUAL_LOWS_BREAK,2025-07-15 13:12:00-04:00,0,5
GEP-003543,liquidity,SWING_HIGH_BREAK,2025-07-15 13:14:00-04:00,0,5
GEP-003544,ifvg,BEARISH_IFVG_ACTIVATION,2025-07-15 13:15:00-04:00,0,3
GEP-003545,fvg,BEARISH_FVG_FORMED,2025-07-15 13:16:00-04:00,0,5
GEP-003546,rejection_block,BULLISH_RB_CONFIRMED,2025-07-15 13:17:00-04:00,0,3
GEP-003547,ifvg,BULLISH_IFVG_ACTIVATION,2025-07-15 13:17:00-04:00,0,3
GEP-003548,fvg,BULLISH_FVG_FORMED,2025-07-15 13:18:00-04:00,0,7
GEP-003549,liquidity,SWING_LOW_BREAK,2025-07-15 13:19:00-04:00,0,5
GEP-003550,ifvg,BULLISH_IFVG_ACTIVATION,2025-07-15 13:23:00-04:00,0,3
GEP-003551,liquidity,SWING_HIGH_BREAK,2025-07-15 13:27:00-04:00,0,5
GEP-003552,liquidity,SWING_LOW_BREAK,2025-07-15 13:30:00-04:00,0,5
GEP-003553,liquidity,SWING_HIGH_BREAK,2025-07-15 13:33:00-04:00,0,5
GEP-003554,fvg,BULLISH_FVG_FORMED,2025-07-15 13:34:00-04:00,0,5
GEP-003555,fvg,BULLISH_FVG_FORMED,2025-07-15 13:35:00-04:00,0,5
GEP-003556,fvg,BULLISH_FVG_FORMED,2025-07-15 13:36:00-04:00,0,5
GEP-003557,ifvg,BULLISH_IFVG_ACTIVATION,2025-07-15 13:36:00-04:00,0,3
GEP-003558,ifvg,BULLISH_IFVG_ACTIVATION,2025-07-15 13:36:00-04:00,0,3
GEP-003559,fvg,BEARISH_FVG_FORMED,2025-07-15 13:41:00-04:00,0,5
GEP-003560,liquidity,SWING_HIGH_BREAK,2025-07-15 13:42:00-04:00,0,5
GEP-003561,liquidity,EQUAL_HIGHS_BREAK,2025-07-15 13:42:00-04:00,0,5
GEP-003562,liquidity,SWING_LOW_BREAK,2025-07-15 13:44:00-04:00,0,5
GEP-003563,liquidity,EQUAL_LOWS_BREAK,2025-07-15 13:44:00-04:00,0,5
GEP-003564,ifvg,BULLISH_IFVG_ACTIVATION,2025-07-15 13:45:00-04:00,0,3
GEP-003565,liquidity,SWING_LOW_BREAK,2025-07-15 13:46:00-04:00,0,5
GEP-003566,liquidity,SWING_HIGH_BREAK,2025-07-15 13:49:00-04:00,0,5
GEP-003567,liquidity,EQUAL_HIGHS_BREAK,2025-07-15 13:49:00-04:00,0,5
GEP-003568,fvg,BEARISH_FVG_FORMED,2025-07-15 13:50:00-04:00,0,5
GEP-003569,liquidity,SWING_LOW_SWEEP_BELOW,2025-07-15 13:50:00-04:00,0,5
GEP-003570,rejection_block,BULLISH_RB_CONFIRMED,2025-07-15 13:51:00-04:00,0,3
GEP-003571,ifvg,BULLISH_IFVG_ACTIVATION,2025-07-15 13:51:00-04:00,0,3
GEP-003572,fvg,BULLISH_FVG_FORMED,2025-07-15 13:52:00-04:00,0,5
GEP-003573,fvg,BULLISH_FVG_FORMED,2025-07-15 13:53:00-04:00,0,5
GEP-003574,liquidity,SWING_LOW_BREAK,2025-07-15 13:53:00-04:00,0,5
GEP-003575,fvg,BULLISH_FVG_FORMED,2025-07-15 13:54:00-04:00,0,5
GEP-003576,ifvg,BULLISH_IFVG_ACTIVATION,2025-07-15 13:54:00-04:00,0,3
GEP-003577,fvg,BULLISH_FVG_FORMED,2025-07-15 13:55:00-04:00,0,5
GEP-003578,ifvg,BULLISH_IFVG_ACTIVATION,2025-07-15 13:56:00-04:00,0,3
GEP-003579,fvg,BULLISH_FVG_FORMED,2025-07-15 13:58:00-04:00,0,5
GEP-003580,fvg,BULLISH_FVG_FORMED,2025-07-15 13:59:00-04:00,0,5
GEP-003581,ifvg,BULLISH_IFVG_ACTIVATION,2025-07-15 13:59:00-04:00,0,3
GEP-003582,liquidity,SWING_HIGH_SWEEP_ABOVE,2025-07-15 14:03:00-04:00,0,5
GEP-003583,liquidity,EQUAL_HIGHS_SWEEP_ABOVE,2025-07-15 14:03:00-04:00,0,5
GEP-003584,ifvg,BULLISH_IFVG_ACTIVATION,2025-07-15 14:03:00-04:00,0,3
GEP-003585,fvg,BULLISH_FVG_FORMED,2025-07-15 14:04:00-04:00,0,5
GEP-003586,liquidity,SWING_LOW_BREAK,2025-07-15 14:04:00-04:00,0,5
GEP-003587,ifvg,BEARISH_IFVG_ACTIVATION,2025-07-15 14:05:00-04:00,0,3
GEP-003588,liquidity,SWING_HIGH_BREAK,2025-07-15 14:06:00-04:00,0,5
GEP-003589,fvg,BULLISH_FVG_FORMED,2025-07-15 14:07:00-04:00,0,5
GEP-003590,liquidity,SWING_LOW_BREAK,2025-07-15 14:08:00-04:00,0,5
GEP-003591,liquidity,EQUAL_LOWS_BREAK,2025-07-15 14:08:00-04:00,0,5
GEP-003592,liquidity,SWING_HIGH_BREAK,2025-07-15 14:11:00-04:00,0,5
GEP-003593,liquidity,EQUAL_HIGHS_BREAK,2025-07-15 14:11:00-04:00,0,5
GEP-003594,structure,COMPRESSION,2025-07-15 14:12:00-04:00,0,2
GEP-003595,liquidity,SWING_LOW_BREAK,2025-07-15 14:12:00-04:00,0,5
GEP-003596,liquidity,EQUAL_LOWS_BREAK,2025-07-15 14:12:00-04:00,0,5
GEP-003597,liquidity,SWING_LOW_SWEEP_BELOW,2025-07-15 14:14:00-04:00,0,5
GEP-003598,liquidity,EQUAL_LOWS_SWEEP_BELOW,2025-07-15 14:14:00-04:00,0,5
GEP-003599,rejection_block,BULLISH_RB_CONFIRMED,2025-07-15 14:15:00-04:00,0,3
GEP-003600,liquidity,SWING_HIGH_SWEEP_ABOVE,2025-07-15 14:15:00-04:00,0,5
GEP-003601,liquidity,EQUAL_HIGHS_SWEEP_ABOVE,2025-07-15 14:15:00-04:00,0,5
GEP-003602,rejection_block,BEARISH_RB_CONFIRMED,2025-07-15 14:16:00-04:00,0,3
GEP-003603,ifvg,BEARISH_IFVG_ACTIVATION,2025-07-15 14:17:00-04:00,0,3
GEP-003604,rejection_block,BULLISH_RB_CONFIRMED,2025-07-15 14:18:00-04:00,0,3
GEP-003605,liquidity,SWING_HIGH_BREAK,2025-07-15 14:18:00-04:00,0,5
GEP-003606,liquidity,SWING_LOW_BREAK,2025-07-15 14:19:00-04:00,0,5
GEP-003607,liquidity,EQUAL_LOWS_BREAK,2025-07-15 14:19:00-04:00,0,5
GEP-003608,liquidity,SWING_HIGH_SWEEP_ABOVE,2025-07-15 14:22:00-04:00,0,5
GEP-003609,liquidity,SWING_LOW_BREAK,2025-07-15 14:22:00-04:00,0,2
GEP-003610,liquidity,EQUAL_LOWS_BREAK,2025-07-15 14:22:00-04:00,0,2
GEP-003611,rejection_block,BEARISH_RB_CONFIRMED,2025-07-15 14:24:00-04:00,0,3
GEP-003612,liquidity,SWING_HIGH_BREAK,2025-07-15 14:25:00-04:00,0,2
GEP-003613,liquidity,EQUAL_HIGHS_BREAK,2025-07-15 14:25:00-04:00,0,2
GEP-003614,fvg,BEARISH_FVG_FORMED,2025-07-15 14:26:00-04:00,0,7
GEP-003615,liquidity,SWING_LOW_BREAK,2025-07-15 14:31:00-04:00,0,2
GEP-003616,liquidity,EQUAL_LOWS_BREAK,2025-07-15 14:31:00-04:00,0,2
GEP-003617,liquidity,SWING_HIGH_BREAK,2025-07-15 14:33:00-04:00,0,2
GEP-003618,fvg,BEARISH_FVG_FORMED,2025-07-15 14:35:00-04:00,0,7
GEP-003619,ifvg,BEARISH_IFVG_ACTIVATION,2025-07-15 14:35:00-04:00,0,3
GEP-003620,ifvg,BEARISH_IFVG_ACTIVATION,2025-07-15 14:35:00-04:00,0,3
GEP-003621,fvg,BEARISH_FVG_FORMED,2025-07-15 14:36:00-04:00,0,7
GEP-003622,liquidity,SWING_HIGH_BREAK,2025-07-15 14:36:00-04:00,0,2
GEP-003623,liquidity,EQUAL_HIGHS_BREAK,2025-07-15 14:36:00-04:00,0,2
GEP-003624,ifvg,BEARISH_IFVG_ACTIVATION,2025-07-15 14:36:00-04:00,0,3
GEP-003625,liquidity,SWING_LOW_BREAK,2025-07-15 14:40:00-04:00,0,5
GEP-003626,rejection_block,BEARISH_RB_CONFIRMED,2025-07-15 14:41:00-04:00,0,3
GEP-003627,liquidity,SWING_HIGH_BREAK,2025-07-15 14:42:00-04:00,0,2
GEP-003628,liquidity,EQUAL_HIGHS_BREAK,2025-07-15 14:42:00-04:00,0,2
GEP-003629,liquidity,SWING_HIGH_BREAK,2025-07-15 14:43:00-04:00,0,2
GEP-003630,liquidity,EQUAL_HIGHS_BREAK,2025-07-15 14:43:00-04:00,0,2
GEP-003631,rejection_block,BULLISH_RB_CONFIRMED,2025-07-15 14:45:00-04:00,0,3
GEP-003632,liquidity,SWING_LOW_BREAK,2025-07-15 14:46:00-04:00,0,5
GEP-003633,liquidity,SWING_LOW_BREAK,2025-07-15 14:48:00-04:00,0,5
GEP-003634,liquidity,EQUAL_LOWS_BREAK,2025-07-15 14:48:00-04:00,0,5
GEP-003635,liquidity,SWING_HIGH_BREAK,2025-07-15 14:49:00-04:00,0,2
GEP-003636,ifvg,BEARISH_IFVG_ACTIVATION,2025-07-15 14:49:00-04:00,0,3
GEP-003637,fvg,BEARISH_FVG_FORMED,2025-07-15 14:52:00-04:00,0,5
GEP-003638,ifvg,BEARISH_IFVG_ACTIVATION,2025-07-15 14:52:00-04:00,0,3
GEP-003639,ifvg,BEARISH_IFVG_ACTIVATION,2025-07-15 14:52:00-04:00,0,3
GEP-003640,fvg,BEARISH_FVG_FORMED,2025-07-15 14:53:00-04:00,0,5
GEP-003641,liquidity,SWING_LOW_BREAK,2025-07-15 14:55:00-04:00,0,2
GEP-003642,ifvg,BEARISH_IFVG_ACTIVATION,2025-07-15 14:55:00-04:00,0,3
GEP-003643,ifvg,BEARISH_IFVG_ACTIVATION,2025-07-15 14:55:00-04:00,0,3
GEP-003644,fvg,BEARISH_FVG_FORMED,2025-07-15 14:56:00-04:00,0,7
GEP-003645,ifvg,BEARISH_IFVG_ACTIVATION,2025-07-15 14:56:00-04:00,0,3
GEP-003646,fvg,BEARISH_FVG_FORMED,2025-07-15 14:57:00-04:00,0,7
GEP-003647,fvg,BEARISH_FVG_FORMED,2025-07-15 14:58:00-04:00,0,7
GEP-003648,ifvg,BEARISH_IFVG_ACTIVATION,2025-07-15 14:59:00-04:00,0,3
GEP-003649,rejection_block,BULLISH_RB_CONFIRMED,2025-07-15 15:00:00-04:00,0,3
GEP-003650,ifvg,BULLISH_IFVG_ACTIVATION,2025-07-15 15:01:00-04:00,0,3
GEP-003651,fvg,BULLISH_FVG_FORMED,2025-07-15 15:02:00-04:00,0,7
GEP-003652,rejection_block,BEARISH_RB_CONFIRMED,2025-07-15 15:03:00-04:00,0,3
GEP-003653,liquidity,SWING_LOW_BREAK,2025-07-15 15:03:00-04:00,0,5
GEP-003654,liquidity,SWING_HIGH_BREAK,2025-07-15 15:05:00-04:00,0,2
GEP-003655,liquidity,EQUAL_HIGHS_BREAK,2025-07-15 15:05:00-04:00,0,2
GEP-003656,fvg,BEARISH_FVG_FORMED,2025-07-15 15:06:00-04:00,0,5
GEP-003657,ifvg,BEARISH_IFVG_ACTIVATION,2025-07-15 15:06:00-04:00,0,3
GEP-003658,fvg,BEARISH_FVG_FORMED,2025-07-15 15:07:00-04:00,0,5
GEP-003659,rejection_block,BULLISH_RB_CONFIRMED,2025-07-15 15:08:00-04:00,0,3
GEP-003660,liquidity,SWING_LOW_BREAK,2025-07-15 15:10:00-04:00,0,5
GEP-003661,liquidity,EQUAL_LOWS_BREAK,2025-07-15 15:10:00-04:00,0,5
GEP-003662,liquidity,SWING_HIGH_BREAK,2025-07-15 15:11:00-04:00,0,5
GEP-003663,liquidity,EQUAL_HIGHS_BREAK,2025-07-15 15:11:00-04:00,0,5
GEP-003664,liquidity,SWING_LOW_BREAK,2025-07-15 15:13:00-04:00,0,5
GEP-003665,liquidity,SWING_HIGH_BREAK,2025-07-15 15:14:00-04:00,0,5
GEP-003666,liquidity,SWING_HIGH_BREAK,2025-07-15 15:18:00-04:00,0,5
GEP-003667,rejection_block,BULLISH_RB_CONFIRMED,2025-07-15 15:19:00-04:00,0,3
GEP-003668,rejection_block,BEARISH_RB_CONFIRMED,2025-07-15 15:21:00-04:00,0,3
GEP-003669,liquidity,SWING_LOW_BREAK,2025-07-15 15:21:00-04:00,0,5
GEP-003670,liquidity,EQUAL_LOWS_BREAK,2025-07-15 15:21:00-04:00,0,5
GEP-003671,fvg,BEARISH_FVG_FORMED,2025-07-15 15:22:00-04:00,0,7
GEP-003672,liquidity,SWING_HIGH_BREAK,2025-07-15 15:23:00-04:00,0,5
GEP-003673,liquidity,SWING_LOW_BREAK,2025-07-15 15:26:00-04:00,0,5
GEP-003674,rejection_block,BULLISH_RB_CONFIRMED,2025-07-15 15:29:00-04:00,0,3
GEP-003675,liquidity,SWING_HIGH_BREAK,2025-07-15 15:29:00-04:00,0,5
GEP-003676,fvg,BULLISH_FVG_FORMED,2025-07-15 15:31:00-04:00,0,5
GEP-003677,liquidity,SWING_LOW_BREAK,2025-07-15 15:31:00-04:00,0,5
GEP-003678,ifvg,BEARISH_IFVG_ACTIVATION,2025-07-15 15:34:00-04:00,0,3
GEP-003679,liquidity,SWING_HIGH_BREAK,2025-07-15 15:35:00-04:00,0,5
GEP-003680,liquidity,EQUAL_HIGHS_BREAK,2025-07-15 15:35:00-04:00,0,5
GEP-003681,liquidity,SWING_LOW_BREAK,2025-07-15 15:38:00-04:00,0,5
GEP-003682,liquidity,EQUAL_LOWS_BREAK,2025-07-15 15:38:00-04:00,0,5
GEP-003683,ifvg,BULLISH_IFVG_ACTIVATION,2025-07-15 15:40:00-04:00,0,3
GEP-003684,fvg,BULLISH_FVG_FORMED,2025-07-15 15:41:00-04:00,0,7
GEP-003685,ifvg,BULLISH_IFVG_ACTIVATION,2025-07-15 15:41:00-04:00,0,3
GEP-003686,liquidity,SWING_HIGH_BREAK,2025-07-15 15:45:00-04:00,0,5
GEP-003687,liquidity,SWING_HIGH_BREAK,2025-07-15 15:46:00-04:00,0,5
GEP-003688,liquidity,EQUAL_HIGHS_BREAK,2025-07-15 15:46:00-04:00,0,5
GEP-003689,liquidity,SWING_HIGH_BREAK,2025-07-15 15:48:00-04:00,0,5
GEP-003690,liquidity,SWING_LOW_SWEEP_BELOW,2025-07-15 15:50:00-04:00,0,5
GEP-003691,liquidity,EQUAL_LOWS_SWEEP_BELOW,2025-07-15 15:50:00-04:00,0,5
GEP-003692,ifvg,BEARISH_IFVG_ACTIVATION,2025-07-15 15:51:00-04:00,0,3
GEP-003693,liquidity,SWING_HIGH_BREAK,2025-07-15 15:53:00-04:00,0,2
GEP-003694,liquidity,EQUAL_HIGHS_BREAK,2025-07-15 15:53:00-04:00,0,2
GEP-003695,rejection_block,BEARISH_RB_CONFIRMED,2025-07-15 15:56:00-04:00,0,3
GEP-003696,fvg,BEARISH_FVG_FORMED,2025-07-15 15:58:00-04:00,0,7
GEP-003697,liquidity,SWING_HIGH_BREAK,2025-07-15 15:58:00-04:00,0,2
GEP-003698,liquidity,EQUAL_HIGHS_BREAK,2025-07-15 15:58:00-04:00,0,2
GEP-003699,fvg,BEARISH_FVG_FORMED,2025-07-15 16:00:00-04:00,0,7
GEP-003700,hist_level,PREV_RTH_HIGH_BREAK,2025-07-15 16:00:00-04:00,0,2
GEP-003701,hist_level,PREV_RTH_LOW_SWEEP_BELOW,2025-07-15 16:00:00-04:00,0,5
GEP-003702,hist_level,PREV_RTH_CLOSE_BREAK,2025-07-15 16:00:00-04:00,0,5
GEP-003703,hist_level,PREV_DAY_HIGH_BREAK,2025-07-15 16:00:00-04:00,0,2
GEP-003704,hist_level,PREV_DAY_LOW_BREAK,2025-07-15 16:00:00-04:00,0,5
GEP-003705,hist_level,PREV_3SESSION_HIGH_BREAK,2025-07-15 16:00:00-04:00,0,2
GEP-003706,hist_level,PREV_3SESSION_LOW_BREAK,2025-07-15 16:00:00-04:00,0,2
GEP-003707,fvg,BEARISH_FVG_FORMED,2025-07-15 16:03:00-04:00,0,7
GEP-003708,fvg,BEARISH_FVG_FORMED,2025-07-15 16:04:00-04:00,0,7
GEP-003709,fvg,BULLISH_FVG_FORMED,2025-07-15 16:07:00-04:00,0,5
GEP-003710,liquidity,SWING_LOW_BREAK,2025-07-15 16:07:00-04:00,0,5
GEP-003711,liquidity,SWING_LOW_BREAK,2025-07-15 16:08:00-04:00,0,5
GEP-003712,liquidity,EQUAL_LOWS_BREAK,2025-07-15 16:08:00-04:00,0,5
GEP-003713,liquidity,SWING_HIGH_BREAK,2025-07-15 16:09:00-04:00,0,5
GEP-003714,ifvg,BEARISH_IFVG_ACTIVATION,2025-07-15 16:10:00-04:00,0,3
GEP-003715,liquidity,SWING_HIGH_BREAK,2025-07-15 16:12:00-04:00,0,5
GEP-003716,liquidity,EQUAL_HIGHS_BREAK,2025-07-15 16:12:00-04:00,0,5
GEP-003717,liquidity,SWING_LOW_BREAK,2025-07-15 16:20:00-04:00,0,5
GEP-003718,liquidity,EQUAL_LOWS_BREAK,2025-07-15 16:20:00-04:00,0,5
GEP-003719,liquidity,SWING_HIGH_BREAK,2025-07-15 16:21:00-04:00,0,5
GEP-003720,liquidity,SWING_HIGH_BREAK,2025-07-15 16:22:00-04:00,0,5
GEP-003721,liquidity,EQUAL_HIGHS_BREAK,2025-07-15 16:22:00-04:00,0,5
GEP-003722,liquidity,SWING_LOW_BREAK,2025-07-15 16:23:00-04:00,0,5
GEP-003723,fvg,BULLISH_FVG_FORMED,2025-07-15 16:26:00-04:00,0,5
GEP-003724,liquidity,SWING_LOW_BREAK,2025-07-15 16:27:00-04:00,0,5
GEP-003725,liquidity,SWING_HIGH_BREAK,2025-07-15 16:29:00-04:00,0,5
GEP-003726,liquidity,EQUAL_HIGHS_BREAK,2025-07-15 16:29:00-04:00,0,5
GEP-003727,fvg,BEARISH_FVG_FORMED,2025-07-15 16:30:00-04:00,0,7
GEP-003728,ifvg,BEARISH_IFVG_ACTIVATION,2025-07-15 16:30:00-04:00,0,3
GEP-003729,fvg,BEARISH_FVG_FORMED,2025-07-15 16:31:00-04:00,0,7
GEP-003730,liquidity,SWING_HIGH_BREAK,2025-07-15 16:31:00-04:00,0,5
GEP-003731,rejection_block,BULLISH_RB_CONFIRMED,2025-07-15 16:34:00-04:00,0,3
GEP-003732,ifvg,BULLISH_IFVG_ACTIVATION,2025-07-15 16:34:00-04:00,0,3
GEP-003733,liquidity,SWING_LOW_BREAK,2025-07-15 16:36:00-04:00,0,5
GEP-003734,liquidity,SWING_HIGH_BREAK,2025-07-15 16:37:00-04:00,0,5
GEP-003735,fvg,BULLISH_FVG_FORMED,2025-07-15 16:39:00-04:00,0,5
GEP-003736,ifvg,BEARISH_IFVG_ACTIVATION,2025-07-15 16:40:00-04:00,0,3
GEP-003737,structure,COMPRESSION,2025-07-15 16:42:00-04:00,0,2
GEP-003738,liquidity,SWING_HIGH_BREAK,2025-07-15 16:43:00-04:00,0,5
GEP-003739,liquidity,SWING_LOW_BREAK,2025-07-15 16:43:00-04:00,0,5
GEP-003740,liquidity,EQUAL_HIGHS_BREAK,2025-07-15 16:43:00-04:00,0,5
GEP-003741,liquidity,EQUAL_LOWS_SWEEP_BELOW,2025-07-15 16:43:00-04:00,0,5
GEP-003742,rejection_block,BULLISH_RB_CONFIRMED,2025-07-15 16:47:00-04:00,0,3
GEP-003743,fvg,BEARISH_FVG_FORMED,2025-07-15 16:49:00-04:00,0,5
GEP-003744,liquidity,SWING_HIGH_BREAK,2025-07-15 16:50:00-04:00,0,5
GEP-003745,ifvg,BULLISH_IFVG_ACTIVATION,2025-07-15 16:52:00-04:00,0,3
GEP-003746,fvg,BULLISH_FVG_FORMED,2025-07-15 16:54:00-04:00,0,5
GEP-003747,liquidity,SWING_LOW_BREAK,2025-07-15 16:54:00-04:00,0,5
GEP-003748,liquidity,EQUAL_LOWS_BREAK,2025-07-15 16:54:00-04:00,0,5
GEP-003749,liquidity,SWING_HIGH_BREAK,2025-07-15 16:58:00-04:00,0,5
GEP-003750,ifvg,BEARISH_IFVG_ACTIVATION,2025-07-15 16:58:00-04:00,0,3
GEP-003751,vwap,VWAP_VWAP_BOUNCE_UP,2025-07-15 18:00:00-04:00,0,3
GEP-003752,ifvg,BULLISH_IFVG_ACTIVATION,2025-07-15 18:00:00-04:00,0,3
GEP-003753,fvg,BULLISH_FVG_FORMED,2025-07-15 18:01:00-04:00,0,5
GEP-003754,liquidity,SWING_LOW_BREAK,2025-07-15 18:01:00-04:00,0,5
GEP-003755,liquidity,SWING_LOW_BREAK,2025-07-15 18:02:00-04:00,0,5
GEP-003756,liquidity,EQUAL_LOWS_BREAK,2025-07-15 18:02:00-04:00,0,5
GEP-003757,liquidity,SWING_HIGH_BREAK,2025-07-15 18:03:00-04:00,0,5
GEP-003758,liquidity,EQUAL_HIGHS_BREAK,2025-07-15 18:03:00-04:00,0,5
GEP-003759,liquidity,SWING_HIGH_BREAK,2025-07-15 18:08:00-04:00,0,5
GEP-003760,liquidity,SWING_LOW_BREAK,2025-07-15 18:08:00-04:00,0,5
GEP-003761,liquidity,EQUAL_HIGHS_BREAK,2025-07-15 18:08:00-04:00,0,5
GEP-003762,liquidity,EQUAL_LOWS_BREAK,2025-07-15 18:08:00-04:00,0,5
GEP-003763,ifvg,BEARISH_IFVG_ACTIVATION,2025-07-15 18:09:00-04:00,0,3
GEP-003764,fvg,BEARISH_FVG_FORMED,2025-07-15 18:11:00-04:00,0,7
GEP-003765,liquidity,SWING_LOW_SWEEP_BELOW,2025-07-15 18:16:00-04:00,0,5
GEP-003766,liquidity,SWING_LOW_SWEEP_BELOW,2025-07-15 18:19:00-04:00,0,5
GEP-003767,fvg,BULLISH_FVG_FORMED,2025-07-15 18:21:00-04:00,0,5
GEP-003768,liquidity,SWING_LOW_BREAK,2025-07-15 18:22:00-04:00,0,5
GEP-003769,rejection_block,BULLISH_RB_CONFIRMED,2025-07-15 18:25:00-04:00,0,3
GEP-003770,fvg,BULLISH_FVG_FORMED,2025-07-15 18:26:00-04:00,0,5
GEP-003771,liquidity,SWING_HIGH_SWEEP_ABOVE,2025-07-15 18:26:00-04:00,0,5
GEP-003772,liquidity,SWING_LOW_BREAK,2025-07-15 18:27:00-04:00,0,5
GEP-003773,liquidity,EQUAL_LOWS_BREAK,2025-07-15 18:27:00-04:00,0,5
GEP-003774,ifvg,BULLISH_IFVG_ACTIVATION,2025-07-15 18:27:00-04:00,0,3
GEP-003775,fvg,BEARISH_FVG_FORMED,2025-07-15 18:30:00-04:00,0,5
GEP-003776,liquidity,SWING_HIGH_BREAK,2025-07-15 18:30:00-04:00,0,5
GEP-003777,liquidity,EQUAL_HIGHS_BREAK,2025-07-15 18:30:00-04:00,0,5
GEP-003778,ifvg,BEARISH_IFVG_ACTIVATION,2025-07-15 18:30:00-04:00,0,3
GEP-003779,fvg,BEARISH_FVG_FORMED,2025-07-15 18:32:00-04:00,0,7
GEP-003780,ifvg,BEARISH_IFVG_ACTIVATION,2025-07-15 18:32:00-04:00,0,3
GEP-003781,fvg,BEARISH_FVG_FORMED,2025-07-15 18:33:00-04:00,0,7
GEP-003782,fvg,BEARISH_FVG_FORMED,2025-07-15 18:34:00-04:00,0,7
GEP-003783,fvg,BULLISH_FVG_FORMED,2025-07-15 18:36:00-04:00,0,7
GEP-003784,liquidity,SWING_LOW_BREAK,2025-07-15 18:37:00-04:00,0,5
GEP-003785,liquidity,EQUAL_LOWS_BREAK,2025-07-15 18:37:00-04:00,0,5
GEP-003786,liquidity,SWING_HIGH_BREAK,2025-07-15 18:40:00-04:00,0,5
GEP-003787,fvg,BULLISH_FVG_FORMED,2025-07-15 18:41:00-04:00,0,5
GEP-003788,liquidity,SWING_LOW_BREAK,2025-07-15 18:42:00-04:00,0,5
GEP-003789,liquidity,SWING_HIGH_SWEEP_ABOVE,2025-07-15 18:44:00-04:00,0,5
GEP-003790,liquidity,SWING_HIGH_BREAK,2025-07-15 18:47:00-04:00,0,5
GEP-003791,liquidity,EQUAL_HIGHS_BREAK,2025-07-15 18:47:00-04:00,0,5
GEP-003792,ifvg,BULLISH_IFVG_ACTIVATION,2025-07-15 18:47:00-04:00,0,3
GEP-003793,fvg,BULLISH_FVG_FORMED,2025-07-15 18:48:00-04:00,0,7
GEP-003794,fvg,BULLISH_FVG_FORMED,2025-07-15 18:49:00-04:00,0,7
GEP-003795,liquidity,SWING_LOW_BREAK,2025-07-15 18:50:00-04:00,0,5
GEP-003796,liquidity,EQUAL_LOWS_BREAK,2025-07-15 18:50:00-04:00,0,5
GEP-003797,liquidity,SWING_HIGH_BREAK,2025-07-15 18:51:00-04:00,0,5
GEP-003798,ifvg,BEARISH_IFVG_ACTIVATION,2025-07-15 18:51:00-04:00,0,3
GEP-003799,liquidity,SWING_LOW_BREAK,2025-07-15 18:54:00-04:00,0,5
GEP-003800,ifvg,BULLISH_IFVG_ACTIVATION,2025-07-15 18:55:00-04:00,0,3
GEP-003801,ifvg,BULLISH_IFVG_ACTIVATION,2025-07-15 18:55:00-04:00,0,3
GEP-003802,fvg,BULLISH_FVG_FORMED,2025-07-15 18:56:00-04:00,0,5
GEP-003803,liquidity,SWING_HIGH_BREAK,2025-07-15 18:59:00-04:00,0,5
GEP-003804,liquidity,EQUAL_HIGHS_BREAK,2025-07-15 18:59:00-04:00,0,5
GEP-003805,ifvg,BEARISH_IFVG_ACTIVATION,2025-07-15 19:00:00-04:00,0,3
GEP-003806,fvg,BEARISH_FVG_FORMED,2025-07-15 19:01:00-04:00,0,5
GEP-003807,liquidity,SWING_HIGH_BREAK,2025-07-15 19:03:00-04:00,0,5
GEP-003808,liquidity,EQUAL_HIGHS_BREAK,2025-07-15 19:03:00-04:00,0,5
GEP-003809,fvg,BULLISH_FVG_FORMED,2025-07-15 19:05:00-04:00,0,5
GEP-003810,liquidity,SWING_LOW_BREAK,2025-07-15 19:06:00-04:00,0,5
GEP-003811,fvg,BULLISH_FVG_FORMED,2025-07-15 19:07:00-04:00,0,5
GEP-003812,liquidity,SWING_HIGH_BREAK,2025-07-15 19:07:00-04:00,0,5
GEP-003813,liquidity,EQUAL_HIGHS_BREAK,2025-07-15 19:07:00-04:00,0,5
GEP-003814,fvg,BULLISH_FVG_FORMED,2025-07-15 19:08:00-04:00,0,5
GEP-003815,liquidity,SWING_LOW_BREAK,2025-07-15 19:09:00-04:00,0,5
GEP-003816,liquidity,EQUAL_LOWS_BREAK,2025-07-15 19:09:00-04:00,0,5
GEP-003817,ifvg,BULLISH_IFVG_ACTIVATION,2025-07-15 19:10:00-04:00,0,3
GEP-003818,fvg,BULLISH_FVG_FORMED,2025-07-15 19:11:00-04:00,0,5
GEP-003819,ifvg,BULLISH_IFVG_ACTIVATION,2025-07-15 19:11:00-04:00,0,3
GEP-003820,fvg,BEARISH_FVG_FORMED,2025-07-15 19:14:00-04:00,0,5
GEP-003821,liquidity,SWING_HIGH_BREAK,2025-07-15 19:14:00-04:00,0,5
GEP-003822,liquidity,EQUAL_HIGHS_BREAK,2025-07-15 19:14:00-04:00,0,5
GEP-003823,ifvg,BEARISH_IFVG_ACTIVATION,2025-07-15 19:14:00-04:00,0,3
GEP-003824,fvg,BEARISH_FVG_FORMED,2025-07-15 19:15:00-04:00,0,5
GEP-003825,ifvg,BEARISH_IFVG_ACTIVATION,2025-07-15 19:16:00-04:00,0,3
GEP-003826,ifvg,BEARISH_IFVG_ACTIVATION,2025-07-15 19:16:00-04:00,0,3
GEP-003827,liquidity,SWING_LOW_BREAK,2025-07-15 19:17:00-04:00,0,5
GEP-003828,ifvg,BEARISH_IFVG_ACTIVATION,2025-07-15 19:17:00-04:00,0,3
GEP-003829,ifvg,BEARISH_IFVG_ACTIVATION,2025-07-15 19:20:00-04:00,0,3
GEP-003830,fvg,BEARISH_FVG_FORMED,2025-07-15 19:21:00-04:00,0,5
GEP-003831,liquidity,SWING_LOW_BREAK,2025-07-15 19:23:00-04:00,0,5
GEP-003832,ifvg,BEARISH_IFVG_ACTIVATION,2025-07-15 19:23:00-04:00,0,3
GEP-003833,liquidity,SWING_LOW_BREAK,2025-07-15 19:27:00-04:00,0,5
GEP-003834,liquidity,EQUAL_LOWS_BREAK,2025-07-15 19:27:00-04:00,0,5
GEP-003835,fvg,BEARISH_FVG_FORMED,2025-07-15 19:29:00-04:00,0,5
GEP-003836,fvg,BEARISH_FVG_FORMED,2025-07-15 19:30:00-04:00,0,5
GEP-003837,liquidity,SWING_HIGH_BREAK,2025-07-15 19:31:00-04:00,0,5
GEP-003838,ifvg,BULLISH_IFVG_ACTIVATION,2025-07-15 19:31:00-04:00,0,3
GEP-003839,ifvg,BULLISH_IFVG_ACTIVATION,2025-07-15 19:31:00-04:00,0,3
GEP-003840,fvg,BULLISH_FVG_FORMED,2025-07-15 19:32:00-04:00,0,7
GEP-003841,liquidity,SWING_LOW_BREAK,2025-07-15 19:32:00-04:00,0,5
GEP-003842,fvg,BULLISH_FVG_FORMED,2025-07-15 19:33:00-04:00,0,7
GEP-003843,ifvg,BULLISH_IFVG_ACTIVATION,2025-07-15 19:33:00-04:00,0,3
GEP-003844,fvg,BULLISH_FVG_FORMED,2025-07-15 19:37:00-04:00,0,5
GEP-003845,liquidity,SWING_HIGH_BREAK,2025-07-15 19:39:00-04:00,0,5
GEP-003846,rejection_block,BULLISH_RB_CONFIRMED,2025-07-15 19:43:00-04:00,0,3
GEP-003847,liquidity,SWING_HIGH_BREAK,2025-07-15 19:43:00-04:00,0,5
GEP-003848,liquidity,SWING_LOW_BREAK,2025-07-15 19:43:00-04:00,0,5
GEP-003849,liquidity,EQUAL_LOWS_BREAK,2025-07-15 19:43:00-04:00,0,5
GEP-003850,fvg,BULLISH_FVG_FORMED,2025-07-15 19:44:00-04:00,0,5
GEP-003851,ifvg,BULLISH_IFVG_ACTIVATION,2025-07-15 19:44:00-04:00,0,3
GEP-003852,fvg,BULLISH_FVG_FORMED,2025-07-15 19:45:00-04:00,0,5
GEP-003853,ifvg,BULLISH_IFVG_ACTIVATION,2025-07-15 19:45:00-04:00,0,3
GEP-003854,fvg,BULLISH_FVG_FORMED,2025-07-15 19:46:00-04:00,0,5
GEP-003855,fvg,BULLISH_FVG_FORMED,2025-07-15 19:47:00-04:00,0,5
GEP-003856,liquidity,SWING_HIGH_BREAK,2025-07-15 19:52:00-04:00,0,5
GEP-003857,liquidity,SWING_LOW_BREAK,2025-07-15 19:53:00-04:00,0,5
GEP-003858,liquidity,EQUAL_LOWS_BREAK,2025-07-15 19:53:00-04:00,0,5
GEP-003859,ifvg,BEARISH_IFVG_ACTIVATION,2025-07-15 19:53:00-04:00,0,3
GEP-003860,fvg,BEARISH_FVG_FORMED,2025-07-15 19:54:00-04:00,0,7
GEP-003861,rejection_block,BULLISH_RB_CONFIRMED,2025-07-15 19:55:00-04:00,0,3
GEP-003862,ifvg,BULLISH_IFVG_ACTIVATION,2025-07-15 19:55:00-04:00,0,3
GEP-003863,fvg,BULLISH_FVG_FORMED,2025-07-15 19:56:00-04:00,0,5
GEP-003864,liquidity,SWING_LOW_BREAK,2025-07-15 19:57:00-04:00,0,5
GEP-003865,ifvg,BEARISH_IFVG_ACTIVATION,2025-07-15 19:57:00-04:00,0,3
GEP-003866,ifvg,BEARISH_IFVG_ACTIVATION,2025-07-15 19:58:00-04:00,0,3
GEP-003867,rejection_block,BULLISH_RB_CONFIRMED,2025-07-15 19:59:00-04:00,0,3
GEP-003868,liquidity,SWING_HIGH_SWEEP_ABOVE,2025-07-15 19:59:00-04:00,0,5
GEP-003869,liquidity,EQUAL_HIGHS_SWEEP_ABOVE,2025-07-15 19:59:00-04:00,0,5
GEP-003870,fvg,BULLISH_FVG_FORMED,2025-07-15 20:00:00-04:00,0,7
GEP-003871,liquidity,SWING_LOW_BREAK,2025-07-15 20:00:00-04:00,0,5
GEP-003872,liquidity,EQUAL_LOWS_BREAK,2025-07-15 20:00:00-04:00,0,5
GEP-003873,rejection_block,BEARISH_RB_CONFIRMED,2025-07-15 20:01:00-04:00,0,3
GEP-003874,time_anchor,ANCHOR_ASIA_OPEN_SWEEP,2025-07-15 20:01:00-04:00,0,6
GEP-003875,ifvg,BEARISH_IFVG_ACTIVATION,2025-07-15 20:01:00-04:00,0,3
GEP-003876,fvg,BEARISH_FVG_FORMED,2025-07-15 20:02:00-04:00,0,5
GEP-003877,ifvg,BEARISH_IFVG_ACTIVATION,2025-07-15 20:02:00-04:00,0,3
GEP-003878,ifvg,BEARISH_IFVG_ACTIVATION,2025-07-15 20:02:00-04:00,0,3
GEP-003879,fvg,BEARISH_FVG_FORMED,2025-07-15 20:03:00-04:00,0,5
GEP-003880,liquidity,SWING_HIGH_BREAK,2025-07-15 20:03:00-04:00,0,5
GEP-003881,ifvg,BEARISH_IFVG_ACTIVATION,2025-07-15 20:04:00-04:00,0,3
GEP-003882,fvg,BEARISH_FVG_FORMED,2025-07-15 20:05:00-04:00,0,7
GEP-003883,ifvg,BEARISH_IFVG_ACTIVATION,2025-07-15 20:05:00-04:00,0,3
GEP-003884,ifvg,BEARISH_IFVG_ACTIVATION,2025-07-15 20:05:00-04:00,0,3
GEP-003885,fvg,BEARISH_FVG_FORMED,2025-07-15 20:06:00-04:00,0,7
GEP-003886,rejection_block,BULLISH_RB_CONFIRMED,2025-07-15 20:07:00-04:00,0,3
GEP-003887,liquidity,SWING_LOW_BREAK,2025-07-15 20:09:00-04:00,0,5
GEP-003888,rejection_block,BEARISH_RB_CONFIRMED,2025-07-15 20:11:00-04:00,0,3
GEP-003889,fvg,BEARISH_FVG_FORMED,2025-07-15 20:12:00-04:00,0,5
GEP-003890,liquidity,SWING_HIGH_BREAK,2025-07-15 20:13:00-04:00,0,5
GEP-003891,liquidity,EQUAL_HIGHS_BREAK,2025-07-15 20:13:00-04:00,0,5
GEP-003892,liquidity,SWING_LOW_BREAK,2025-07-15 20:14:00-04:00,0,5
GEP-003893,liquidity,EQUAL_LOWS_BREAK,2025-07-15 20:14:00-04:00,0,5
GEP-003894,liquidity,SWING_LOW_BREAK,2025-07-15 20:15:00-04:00,0,5
GEP-003895,rejection_block,BULLISH_RB_CONFIRMED,2025-07-15 20:16:00-04:00,0,3
GEP-003896,liquidity,SWING_HIGH_BREAK,2025-07-15 20:16:00-04:00,0,5
GEP-003897,liquidity,EQUAL_HIGHS_BREAK,2025-07-15 20:16:00-04:00,0,5
GEP-003898,liquidity,SWING_LOW_BREAK,2025-07-15 20:18:00-04:00,0,5
GEP-003899,rejection_block,BEARISH_RB_CONFIRMED,2025-07-15 20:21:00-04:00,0,3
GEP-003900,liquidity,SWING_HIGH_BREAK,2025-07-15 20:23:00-04:00,0,5
GEP-003901,liquidity,EQUAL_HIGHS_BREAK,2025-07-15 20:23:00-04:00,0,5
GEP-003902,structure,COMPRESSION,2025-07-15 20:26:00-04:00,0,2
GEP-003903,liquidity,SWING_HIGH_BREAK,2025-07-15 20:26:00-04:00,0,5
GEP-003904,liquidity,EQUAL_HIGHS_BREAK,2025-07-15 20:26:00-04:00,0,5
GEP-003905,liquidity,SWING_LOW_BREAK,2025-07-15 20:31:00-04:00,0,5
GEP-003906,ifvg,BULLISH_IFVG_ACTIVATION,2025-07-15 20:32:00-04:00,0,3
GEP-003907,fvg,BULLISH_FVG_FORMED,2025-07-15 20:33:00-04:00,0,7
GEP-003908,fvg,BULLISH_FVG_FORMED,2025-07-15 20:34:00-04:00,0,7
GEP-003909,ifvg,BULLISH_IFVG_ACTIVATION,2025-07-15 20:34:00-04:00,0,3
GEP-003910,ifvg,BULLISH_IFVG_ACTIVATION,2025-07-15 20:35:00-04:00,0,3
GEP-003911,fvg,BULLISH_FVG_FORMED,2025-07-15 20:36:00-04:00,0,5
GEP-003912,rejection_block,BEARISH_RB_CONFIRMED,2025-07-15 20:41:00-04:00,0,3
GEP-003913,ifvg,BEARISH_IFVG_ACTIVATION,2025-07-15 20:41:00-04:00,0,3
GEP-003914,fvg,BEARISH_FVG_FORMED,2025-07-15 20:42:00-04:00,0,7
GEP-003915,liquidity,SWING_HIGH_BREAK,2025-07-15 20:43:00-04:00,0,5
GEP-003916,liquidity,EQUAL_HIGHS_BREAK,2025-07-15 20:43:00-04:00,0,5
GEP-003917,ifvg,BULLISH_IFVG_ACTIVATION,2025-07-15 20:43:00-04:00,0,3
GEP-003918,fvg,BULLISH_FVG_FORMED,2025-07-15 20:44:00-04:00,0,7
GEP-003919,liquidity,SWING_LOW_BREAK,2025-07-15 20:45:00-04:00,0,5
GEP-003920,liquidity,EQUAL_LOWS_BREAK,2025-07-15 20:45:00-04:00,0,5
GEP-003921,liquidity,SWING_HIGH_BREAK,2025-07-15 20:47:00-04:00,0,5
GEP-003922,liquidity,EQUAL_HIGHS_BREAK,2025-07-15 20:47:00-04:00,0,5
GEP-003923,ifvg,BEARISH_IFVG_ACTIVATION,2025-07-15 20:48:00-04:00,0,3
GEP-003924,liquidity,SWING_HIGH_BREAK,2025-07-15 20:50:00-04:00,0,5
GEP-003925,liquidity,EQUAL_HIGHS_BREAK,2025-07-15 20:50:00-04:00,0,5
GEP-003926,fvg,BEARISH_FVG_FORMED,2025-07-15 20:51:00-04:00,0,5
GEP-003927,liquidity,SWING_LOW_BREAK,2025-07-15 20:51:00-04:00,0,5
GEP-003928,liquidity,EQUAL_LOWS_BREAK,2025-07-15 20:51:00-04:00,0,5
GEP-003929,fvg,BEARISH_FVG_FORMED,2025-07-15 20:52:00-04:00,0,5
GEP-003930,ifvg,BEARISH_IFVG_ACTIVATION,2025-07-15 20:52:00-04:00,0,3
GEP-003931,liquidity,SWING_HIGH_BREAK,2025-07-15 20:53:00-04:00,0,5
GEP-003932,liquidity,EQUAL_HIGHS_BREAK,2025-07-15 20:53:00-04:00,0,5
GEP-003933,liquidity,SWING_LOW_BREAK,2025-07-15 20:54:00-04:00,0,5
GEP-003934,liquidity,EQUAL_LOWS_BREAK,2025-07-15 20:54:00-04:00,0,5
GEP-003935,ifvg,BULLISH_IFVG_ACTIVATION,2025-07-15 20:56:00-04:00,0,3
GEP-003936,ifvg,BULLISH_IFVG_ACTIVATION,2025-07-15 20:56:00-04:00,0,3
GEP-003937,liquidity,SWING_HIGH_BREAK,2025-07-15 20:58:00-04:00,0,5
GEP-003938,liquidity,SWING_LOW_BREAK,2025-07-15 20:59:00-04:00,0,5
GEP-003939,liquidity,EQUAL_LOWS_BREAK,2025-07-15 20:59:00-04:00,0,5
GEP-003940,rejection_block,BULLISH_RB_CONFIRMED,2025-07-15 21:02:00-04:00,0,3
GEP-003941,liquidity,SWING_HIGH_BREAK,2025-07-15 21:02:00-04:00,0,5
GEP-003942,fvg,BULLISH_FVG_FORMED,2025-07-15 21:03:00-04:00,0,7
GEP-003943,liquidity,SWING_LOW_BREAK,2025-07-15 21:04:00-04:00,0,5
GEP-003944,fvg,BULLISH_FVG_FORMED,2025-07-15 21:06:00-04:00,0,5
GEP-003945,ifvg,BULLISH_IFVG_ACTIVATION,2025-07-15 21:07:00-04:00,0,3
GEP-003946,fvg,BULLISH_FVG_FORMED,2025-07-15 21:08:00-04:00,0,7
GEP-003947,fvg,BULLISH_FVG_FORMED,2025-07-15 21:09:00-04:00,0,7
GEP-003948,liquidity,SWING_HIGH_BREAK,2025-07-15 21:11:00-04:00,0,5
GEP-003949,ifvg,BULLISH_IFVG_ACTIVATION,2025-07-15 21:11:00-04:00,0,3
GEP-003950,fvg,BULLISH_FVG_FORMED,2025-07-15 21:12:00-04:00,0,7
GEP-003951,fvg,BULLISH_FVG_FORMED,2025-07-15 21:13:00-04:00,0,7
GEP-003952,fvg,BULLISH_FVG_FORMED,2025-07-15 21:14:00-04:00,0,7
GEP-003953,rejection_block,BEARISH_RB_CONFIRMED,2025-07-15 21:16:00-04:00,0,3
GEP-003954,fvg,BULLISH_FVG_FORMED,2025-07-15 21:18:00-04:00,0,7
GEP-003955,fvg,BEARISH_FVG_FORMED,2025-07-15 21:23:00-04:00,0,7
GEP-003956,liquidity,SWING_HIGH_BREAK,2025-07-15 21:23:00-04:00,0,5
GEP-003957,liquidity,EQUAL_HIGHS_BREAK,2025-07-15 21:23:00-04:00,0,5
GEP-003958,ifvg,BEARISH_IFVG_ACTIVATION,2025-07-15 21:23:00-04:00,0,3
GEP-003959,ifvg,BEARISH_IFVG_ACTIVATION,2025-07-15 21:23:00-04:00,0,3
GEP-003960,ifvg,BEARISH_IFVG_ACTIVATION,2025-07-15 21:23:00-04:00,0,3
GEP-003961,ifvg,BEARISH_IFVG_ACTIVATION,2025-07-15 21:23:00-04:00,0,3
GEP-003962,fvg,BEARISH_FVG_FORMED,2025-07-15 21:24:00-04:00,0,7
GEP-003963,ifvg,BEARISH_IFVG_ACTIVATION,2025-07-15 21:24:00-04:00,0,3
GEP-003964,liquidity,SWING_LOW_BREAK,2025-07-15 21:27:00-04:00,0,5
GEP-003965,liquidity,EQUAL_LOWS_BREAK,2025-07-15 21:27:00-04:00,0,5
GEP-003966,liquidity,SWING_HIGH_BREAK,2025-07-15 21:30:00-04:00,0,5
GEP-003967,liquidity,SWING_LOW_BREAK,2025-07-15 21:32:00-04:00,0,5
GEP-003968,liquidity,EQUAL_LOWS_BREAK,2025-07-15 21:32:00-04:00,0,5
GEP-003969,rejection_block,BULLISH_RB_CONFIRMED,2025-07-15 21:37:00-04:00,0,3
GEP-003970,liquidity,SWING_HIGH_BREAK,2025-07-15 21:37:00-04:00,0,5
GEP-003971,liquidity,EQUAL_HIGHS_BREAK,2025-07-15 21:37:00-04:00,0,5
GEP-003972,fvg,BULLISH_FVG_FORMED,2025-07-15 21:38:00-04:00,0,7
GEP-003973,liquidity,SWING_LOW_BREAK,2025-07-15 21:39:00-04:00,0,5
GEP-003974,liquidity,EQUAL_LOWS_BREAK,2025-07-15 21:39:00-04:00,0,5
GEP-003975,liquidity,SWING_HIGH_BREAK,2025-07-15 21:40:00-04:00,0,5
GEP-003976,liquidity,EQUAL_HIGHS_BREAK,2025-07-15 21:40:00-04:00,0,5
GEP-003977,ifvg,BULLISH_IFVG_ACTIVATION,2025-07-15 21:42:00-04:00,0,3
GEP-003978,fvg,BULLISH_FVG_FORMED,2025-07-15 21:44:00-04:00,0,5
GEP-003979,liquidity,SWING_LOW_BREAK,2025-07-15 21:44:00-04:00,0,5
GEP-003980,ifvg,BULLISH_IFVG_ACTIVATION,2025-07-15 21:44:00-04:00,0,3
GEP-003981,liquidity,SWING_HIGH_BREAK,2025-07-15 21:48:00-04:00,0,5
GEP-003982,liquidity,EQUAL_HIGHS_BREAK,2025-07-15 21:48:00-04:00,0,5
GEP-003983,structure,COMPRESSION,2025-07-15 21:49:00-04:00,0,2
GEP-003984,liquidity,SWING_HIGH_BREAK,2025-07-15 21:50:00-04:00,0,5
GEP-003985,liquidity,SWING_LOW_BREAK,2025-07-15 21:53:00-04:00,0,5
GEP-003986,liquidity,SWING_HIGH_BREAK,2025-07-15 21:54:00-04:00,0,5
GEP-003987,fvg,BEARISH_FVG_FORMED,2025-07-15 21:55:00-04:00,0,5
GEP-003988,rejection_block,BULLISH_RB_CONFIRMED,2025-07-15 21:55:00-04:00,0,3
GEP-003989,ifvg,BULLISH_IFVG_ACTIVATION,2025-07-15 21:56:00-04:00,0,3
GEP-003990,fvg,BULLISH_FVG_FORMED,2025-07-15 21:57:00-04:00,0,5
GEP-003991,liquidity,SWING_LOW_BREAK,2025-07-15 21:57:00-04:00,0,5
GEP-003992,liquidity,EQUAL_LOWS_BREAK,2025-07-15 21:57:00-04:00,0,5
GEP-003993,rejection_block,BEARISH_RB_CONFIRMED,2025-07-15 22:01:00-04:00,0,3
GEP-003994,liquidity,SWING_HIGH_SWEEP_ABOVE,2025-07-15 22:01:00-04:00,0,5
GEP-003995,liquidity,SWING_LOW_SWEEP_BELOW,2025-07-15 22:02:00-04:00,0,5
GEP-003996,liquidity,SWING_HIGH_BREAK,2025-07-15 22:03:00-04:00,0,5
GEP-003997,liquidity,EQUAL_HIGHS_BREAK,2025-07-15 22:03:00-04:00,0,5
GEP-003998,ifvg,BEARISH_IFVG_ACTIVATION,2025-07-15 22:04:00-04:00,0,3
GEP-003999,liquidity,SWING_LOW_BREAK,2025-07-15 22:05:00-04:00,0,5
GEP-004000,liquidity,EQUAL_LOWS_BREAK,2025-07-15 22:05:00-04:00,0,5
GEP-004001,fvg,BEARISH_FVG_FORMED,2025-07-15 22:11:00-04:00,0,5
GEP-004002,ifvg,BEARISH_IFVG_ACTIVATION,2025-07-15 22:11:00-04:00,0,3
GEP-004003,fvg,BEARISH_FVG_FORMED,2025-07-15 22:12:00-04:00,0,5
GEP-004004,liquidity,SWING_HIGH_BREAK,2025-07-15 22:12:00-04:00,0,5
GEP-004005,liquidity,EQUAL_HIGHS_BREAK,2025-07-15 22:12:00-04:00,0,5
GEP-004006,liquidity,SWING_LOW_BREAK,2025-07-15 22:14:00-04:00,0,5
GEP-004007,liquidity,EQUAL_LOWS_BREAK,2025-07-15 22:14:00-04:00,0,5
GEP-004008,liquidity,SWING_HIGH_BREAK,2025-07-15 22:18:00-04:00,0,5
GEP-004009,liquidity,EQUAL_HIGHS_BREAK,2025-07-15 22:18:00-04:00,0,5
GEP-004010,ifvg,BULLISH_IFVG_ACTIVATION,2025-07-15 22:18:00-04:00,0,3
GEP-004011,ifvg,BULLISH_IFVG_ACTIVATION,2025-07-15 22:18:00-04:00,0,3
GEP-004012,fvg,BULLISH_FVG_FORMED,2025-07-15 22:19:00-04:00,0,7
GEP-004013,liquidity,SWING_LOW_BREAK,2025-07-15 22:19:00-04:00,0,5
GEP-004014,rejection_block,BEARISH_RB_CONFIRMED,2025-07-15 22:22:00-04:00,0,3
GEP-004015,fvg,BEARISH_FVG_FORMED,2025-07-15 22:25:00-04:00,0,5
GEP-004016,liquidity,SWING_HIGH_BREAK,2025-07-15 22:25:00-04:00,0,5
GEP-004017,liquidity,EQUAL_HIGHS_BREAK,2025-07-15 22:25:00-04:00,0,5
GEP-004018,fvg,BEARISH_FVG_FORMED,2025-07-15 22:26:00-04:00,0,5
GEP-004019,liquidity,SWING_HIGH_BREAK,2025-07-15 22:26:00-04:00,0,5
GEP-004020,rejection_block,BULLISH_RB_CONFIRMED,2025-07-15 22:28:00-04:00,0,3
GEP-004021,liquidity,SWING_LOW_BREAK,2025-07-15 22:30:00-04:00,0,5
GEP-004022,fvg,BEARISH_FVG_FORMED,2025-07-15 22:33:00-04:00,0,5
GEP-004023,liquidity,SWING_HIGH_BREAK,2025-07-15 22:33:00-04:00,0,5
GEP-004024,ifvg,BEARISH_IFVG_ACTIVATION,2025-07-15 22:33:00-04:00,0,3
GEP-004025,fvg,BEARISH_FVG_FORMED,2025-07-15 22:34:00-04:00,0,5
GEP-004026,fvg,BEARISH_FVG_FORMED,2025-07-15 22:37:00-04:00,0,7
GEP-004027,rejection_block,BULLISH_RB_CONFIRMED,2025-07-15 22:38:00-04:00,0,3
GEP-004028,ifvg,BEARISH_IFVG_ACTIVATION,2025-07-15 22:40:00-04:00,0,3
GEP-004029,fvg,BEARISH_FVG_FORMED,2025-07-15 22:41:00-04:00,0,7
GEP-004030,liquidity,SWING_HIGH_BREAK,2025-07-15 22:42:00-04:00,0,5
GEP-004031,liquidity,EQUAL_HIGHS_BREAK,2025-07-15 22:42:00-04:00,0,5
GEP-004032,liquidity,SWING_LOW_SWEEP_BELOW,2025-07-15 22:44:00-04:00,0,5
GEP-004033,rejection_block,BULLISH_RB_CONFIRMED,2025-07-15 22:46:00-04:00,0,3
GEP-004034,liquidity,SWING_HIGH_BREAK,2025-07-15 22:46:00-04:00,0,5
GEP-004035,fvg,BULLISH_FVG_FORMED,2025-07-15 22:49:00-04:00,0,5
GEP-004036,liquidity,SWING_LOW_BREAK,2025-07-15 22:49:00-04:00,0,5
GEP-004037,rejection_block,BEARISH_RB_CONFIRMED,2025-07-15 22:52:00-04:00,0,3
GEP-004038,fvg,BEARISH_FVG_FORMED,2025-07-15 22:53:00-04:00,0,5
GEP-004039,liquidity,SWING_HIGH_BREAK,2025-07-15 22:53:00-04:00,0,5
GEP-004040,liquidity,EQUAL_HIGHS_BREAK,2025-07-15 22:53:00-04:00,0,5
GEP-004041,ifvg,BEARISH_IFVG_ACTIVATION,2025-07-15 22:55:00-04:00,0,3
GEP-004042,liquidity,SWING_LOW_BREAK,2025-07-15 22:56:00-04:00,0,5
GEP-004043,liquidity,SWING_HIGH_BREAK,2025-07-15 22:58:00-04:00,0,5
GEP-004044,liquidity,SWING_LOW_BREAK,2025-07-15 22:59:00-04:00,0,5
GEP-004045,liquidity,EQUAL_LOWS_BREAK,2025-07-15 22:59:00-04:00,0,5
GEP-004046,ifvg,BULLISH_IFVG_ACTIVATION,2025-07-15 23:00:00-04:00,0,3
GEP-004047,fvg,BULLISH_FVG_FORMED,2025-07-15 23:01:00-04:00,0,7
GEP-004048,liquidity,SWING_HIGH_BREAK,2025-07-15 23:05:00-04:00,0,5
GEP-004049,liquidity,EQUAL_HIGHS_BREAK,2025-07-15 23:05:00-04:00,0,5
GEP-004050,liquidity,SWING_HIGH_BREAK,2025-07-15 23:06:00-04:00,0,5
GEP-004051,fvg,BULLISH_FVG_FORMED,2025-07-15 23:08:00-04:00,0,7
GEP-004052,ifvg,BULLISH_IFVG_ACTIVATION,2025-07-15 23:08:00-04:00,0,3
GEP-004053,fvg,BULLISH_FVG_FORMED,2025-07-15 23:09:00-04:00,0,7
GEP-004054,liquidity,SWING_LOW_BREAK,2025-07-15 23:09:00-04:00,0,5
GEP-004055,liquidity,EQUAL_LOWS_BREAK,2025-07-15 23:09:00-04:00,0,5
GEP-004056,fvg,BULLISH_FVG_FORMED,2025-07-15 23:11:00-04:00,0,5
GEP-004057,ifvg,BULLISH_IFVG_ACTIVATION,2025-07-15 23:11:00-04:00,0,3
GEP-004058,liquidity,SWING_HIGH_BREAK,2025-07-15 23:14:00-04:00,0,5
GEP-004059,liquidity,SWING_LOW_BREAK,2025-07-15 23:16:00-04:00,0,5
GEP-004060,ifvg,BULLISH_IFVG_ACTIVATION,2025-07-15 23:17:00-04:00,0,3
GEP-004061,ifvg,BULLISH_IFVG_ACTIVATION,2025-07-15 23:17:00-04:00,0,3
GEP-004062,fvg,BULLISH_FVG_FORMED,2025-07-15 23:18:00-04:00,0,5
GEP-004063,liquidity,SWING_HIGH_BREAK,2025-07-15 23:22:00-04:00,0,5
GEP-004064,liquidity,EQUAL_HIGHS_BREAK,2025-07-15 23:22:00-04:00,0,5
GEP-004065,liquidity,SWING_LOW_BREAK,2025-07-15 23:23:00-04:00,0,5
GEP-004066,liquidity,EQUAL_LOWS_BREAK,2025-07-15 23:23:00-04:00,0,5
GEP-004067,ifvg,BEARISH_IFVG_ACTIVATION,2025-07-15 23:23:00-04:00,0,3
GEP-004068,fvg,BEARISH_FVG_FORMED,2025-07-15 23:24:00-04:00,0,5
GEP-004069,liquidity,SWING_HIGH_BREAK,2025-07-15 23:25:00-04:00,0,5
GEP-004070,liquidity,EQUAL_HIGHS_BREAK,2025-07-15 23:25:00-04:00,0,5
GEP-004071,liquidity,SWING_LOW_BREAK,2025-07-15 23:26:00-04:00,0,5
GEP-004072,liquidity,EQUAL_LOWS_BREAK,2025-07-15 23:26:00-04:00,0,5
GEP-004073,liquidity,SWING_LOW_BREAK,2025-07-15 23:29:00-04:00,0,5
GEP-004074,liquidity,EQUAL_LOWS_BREAK,2025-07-15 23:29:00-04:00,0,5
GEP-004075,ifvg,BULLISH_IFVG_ACTIVATION,2025-07-15 23:32:00-04:00,0,3
GEP-004076,liquidity,SWING_LOW_BREAK,2025-07-15 23:33:00-04:00,0,5
GEP-004077,liquidity,SWING_HIGH_BREAK,2025-07-15 23:35:00-04:00,0,5
GEP-004078,fvg,BEARISH_FVG_FORMED,2025-07-15 23:39:00-04:00,0,7
GEP-004079,liquidity,SWING_HIGH_BREAK,2025-07-15 23:39:00-04:00,0,5
GEP-004080,liquidity,EQUAL_HIGHS_BREAK,2025-07-15 23:39:00-04:00,0,5
GEP-004081,ifvg,BULLISH_IFVG_ACTIVATION,2025-07-15 23:40:00-04:00,0,3
GEP-004082,liquidity,SWING_LOW_BREAK,2025-07-15 23:42:00-04:00,0,5
GEP-004083,liquidity,EQUAL_LOWS_BREAK,2025-07-15 23:42:00-04:00,0,5
GEP-004084,fvg,BEARISH_FVG_FORMED,2025-07-15 23:45:00-04:00,0,7
GEP-004085,liquidity,SWING_LOW_BREAK,2025-07-15 23:45:00-04:00,0,5
GEP-004086,ifvg,BEARISH_IFVG_ACTIVATION,2025-07-15 23:45:00-04:00,0,3
GEP-004087,fvg,BEARISH_FVG_FORMED,2025-07-15 23:46:00-04:00,0,7
GEP-004088,liquidity,SWING_HIGH_BREAK,2025-07-15 23:47:00-04:00,0,5
GEP-004089,liquidity,EQUAL_HIGHS_BREAK,2025-07-15 23:47:00-04:00,0,5
GEP-004090,liquidity,SWING_LOW_BREAK,2025-07-15 23:49:00-04:00,0,5
GEP-004091,fvg,BULLISH_FVG_FORMED,2025-07-15 23:50:00-04:00,0,5
GEP-004092,ifvg,BULLISH_IFVG_ACTIVATION,2025-07-15 23:50:00-04:00,0,3
GEP-004093,ifvg,BULLISH_IFVG_ACTIVATION,2025-07-15 23:50:00-04:00,0,3
GEP-004094,fvg,BULLISH_FVG_FORMED,2025-07-15 23:52:00-04:00,0,7
GEP-004095,liquidity,SWING_HIGH_BREAK,2025-07-15 23:55:00-04:00,0,5
GEP-004096,ifvg,BEARISH_IFVG_ACTIVATION,2025-07-15 23:55:00-04:00,0,3
GEP-004097,ifvg,BEARISH_IFVG_ACTIVATION,2025-07-15 23:55:00-04:00,0,3
GEP-004098,ifvg,BEARISH_IFVG_ACTIVATION,2025-07-15 23:55:00-04:00,0,3
GEP-004099,fvg,BEARISH_FVG_FORMED,2025-07-15 23:56:00-04:00,0,7
GEP-004100,rejection_block,BULLISH_RB_CONFIRMED,2025-07-15 23:58:00-04:00,0,3
GEP-004101,liquidity,SWING_LOW_BREAK,2025-07-15 23:58:00-04:00,0,5
GEP-004102,liquidity,SWING_LOW_BREAK,2025-07-15 23:59:00-04:00,0,5
GEP-004103,liquidity,EQUAL_LOWS_BREAK,2025-07-15 23:59:00-04:00,0,5
GEP-004104,ifvg,BEARISH_IFVG_ACTIVATION,2025-07-15 23:59:00-04:00,0,3
GEP-004105,vwap,VWAP_VWAP_BOUNCE_DOWN,2025-07-16 00:00:00-04:00,0,3
GEP-004106,time_anchor,ANCHOR_MIDNIGHT_OPEN_BREAK,2025-07-16 00:01:00-04:00,0,6
GEP-004107,liquidity,SWING_HIGH_BREAK,2025-07-16 00:01:00-04:00,0,5
GEP-004108,liquidity,EQUAL_HIGHS_BREAK,2025-07-16 00:01:00-04:00,0,5
GEP-004109,liquidity,SWING_LOW_BREAK,2025-07-16 00:02:00-04:00,0,5
GEP-004110,fvg,BULLISH_FVG_FORMED,2025-07-16 00:03:00-04:00,0,7
GEP-004111,ifvg,BULLISH_IFVG_ACTIVATION,2025-07-16 00:03:00-04:00,0,3
GEP-004112,fvg,BULLISH_FVG_FORMED,2025-07-16 00:04:00-04:00,0,7
GEP-004113,liquidity,SWING_LOW_BREAK,2025-07-16 00:05:00-04:00,0,5
GEP-004114,liquidity,EQUAL_LOWS_BREAK,2025-07-16 00:05:00-04:00,0,5
GEP-004115,ifvg,BULLISH_IFVG_ACTIVATION,2025-07-16 00:07:00-04:00,0,3
GEP-004116,ifvg,BULLISH_IFVG_ACTIVATION,2025-07-16 00:07:00-04:00,0,3
GEP-004117,fvg,BULLISH_FVG_FORMED,2025-07-16 00:08:00-04:00,0,5
GEP-004118,liquidity,SWING_HIGH_BREAK,2025-07-16 00:13:00-04:00,0,5
GEP-004119,liquidity,EQUAL_HIGHS_BREAK,2025-07-16 00:13:00-04:00,0,5
GEP-004120,liquidity,SWING_LOW_BREAK,2025-07-16 00:14:00-04:00,0,5
GEP-004121,ifvg,BEARISH_IFVG_ACTIVATION,2025-07-16 00:16:00-04:00,0,3
GEP-004122,fvg,BEARISH_FVG_FORMED,2025-07-16 00:17:00-04:00,0,5
GEP-004123,liquidity,SWING_HIGH_BREAK,2025-07-16 00:17:00-04:00,0,5
GEP-004124,liquidity,EQUAL_HIGHS_BREAK,2025-07-16 00:17:00-04:00,0,5
GEP-004125,fvg,BEARISH_FVG_FORMED,2025-07-16 00:18:00-04:00,0,5
GEP-004126,liquidity,SWING_LOW_BREAK,2025-07-16 00:20:00-04:00,0,5
GEP-004127,fvg,BEARISH_FVG_FORMED,2025-07-16 00:21:00-04:00,0,5
GEP-004128,fvg,BEARISH_FVG_FORMED,2025-07-16 00:22:00-04:00,0,5
GEP-004129,liquidity,SWING_HIGH_BREAK,2025-07-16 00:22:00-04:00,0,5
GEP-004130,liquidity,EQUAL_HIGHS_BREAK,2025-07-16 00:22:00-04:00,0,5
GEP-004131,liquidity,SWING_HIGH_BREAK,2025-07-16 00:23:00-04:00,0,5
GEP-004132,liquidity,SWING_LOW_BREAK,2025-07-16 00:25:00-04:00,0,5
GEP-004133,liquidity,EQUAL_LOWS_BREAK,2025-07-16 00:25:00-04:00,0,5
GEP-004134,liquidity,SWING_LOW_SWEEP_BELOW,2025-07-16 00:27:00-04:00,0,5
GEP-004135,fvg,BULLISH_FVG_FORMED,2025-07-16 00:29:00-04:00,0,5
GEP-004136,fvg,BULLISH_FVG_FORMED,2025-07-16 00:30:00-04:00,0,7
GEP-004137,liquidity,SWING_LOW_BREAK,2025-07-16 00:30:00-04:00,0,5
GEP-004138,liquidity,EQUAL_LOWS_BREAK,2025-07-16 00:30:00-04:00,0,5
GEP-004139,ifvg,BULLISH_IFVG_ACTIVATION,2025-07-16 00:30:00-04:00,0,3
GEP-004140,ifvg,BULLISH_IFVG_ACTIVATION,2025-07-16 00:30:00-04:00,0,3
GEP-004141,fvg,BULLISH_FVG_FORMED,2025-07-16 00:31:00-04:00,0,7
GEP-004142,liquidity,SWING_HIGH_BREAK,2025-07-16 00:34:00-04:00,0,5
GEP-004143,rejection_block,BEARISH_RB_CONFIRMED,2025-07-16 00:35:00-04:00,0,3
GEP-004144,ifvg,BEARISH_IFVG_ACTIVATION,2025-07-16 00:35:00-04:00,0,3
GEP-004145,liquidity,SWING_HIGH_BREAK,2025-07-16 00:36:00-04:00,0,5
GEP-004146,liquidity,EQUAL_HIGHS_BREAK,2025-07-16 00:36:00-04:00,0,5
GEP-004147,ifvg,BULLISH_IFVG_ACTIVATION,2025-07-16 00:36:00-04:00,0,3
GEP-004148,fvg,BEARISH_FVG_FORMED,2025-07-16 00:39:00-04:00,0,7
GEP-004149,liquidity,SWING_HIGH_BREAK,2025-07-16 00:39:00-04:00,0,5
GEP-004150,ifvg,BULLISH_IFVG_ACTIVATION,2025-07-16 00:40:00-04:00,0,3
GEP-004151,fvg,BULLISH_FVG_FORMED,2025-07-16 00:41:00-04:00,0,7
GEP-004152,liquidity,SWING_LOW_BREAK,2025-07-16 00:42:00-04:00,0,5
GEP-004153,liquidity,SWING_HIGH_BREAK,2025-07-16 00:43:00-04:00,0,5
GEP-004154,liquidity,EQUAL_HIGHS_BREAK,2025-07-16 00:43:00-04:00,0,5
GEP-004155,fvg,BEARISH_FVG_FORMED,2025-07-16 00:44:00-04:00,0,5
GEP-004156,ifvg,BEARISH_IFVG_ACTIVATION,2025-07-16 00:44:00-04:00,0,3
GEP-004157,ifvg,BEARISH_IFVG_ACTIVATION,2025-07-16 00:44:00-04:00,0,3
GEP-004158,ifvg,BEARISH_IFVG_ACTIVATION,2025-07-16 00:44:00-04:00,0,3
GEP-004159,fvg,BEARISH_FVG_FORMED,2025-07-16 00:45:00-04:00,0,5
GEP-004160,ifvg,BEARISH_IFVG_ACTIVATION,2025-07-16 00:46:00-04:00,0,3
GEP-004161,fvg,BEARISH_FVG_FORMED,2025-07-16 00:47:00-04:00,0,5
GEP-004162,fvg,BEARISH_FVG_FORMED,2025-07-16 00:51:00-04:00,0,7
GEP-004163,ifvg,BEARISH_IFVG_ACTIVATION,2025-07-16 00:52:00-04:00,0,3
GEP-004164,fvg,BULLISH_FVG_FORMED,2025-07-16 00:55:00-04:00,0,7
GEP-004165,ifvg,BULLISH_IFVG_ACTIVATION,2025-07-16 00:55:00-04:00,0,3
GEP-004166,liquidity,SWING_LOW_BREAK,2025-07-16 00:56:00-04:00,0,5
GEP-004167,liquidity,EQUAL_LOWS_BREAK,2025-07-16 00:56:00-04:00,0,5
GEP-004168,liquidity,SWING_LOW_BREAK,2025-07-16 00:57:00-04:00,0,5
GEP-004169,fvg,BULLISH_FVG_FORMED,2025-07-16 00:59:00-04:00,0,5
GEP-004170,liquidity,SWING_HIGH_BREAK,2025-07-16 00:59:00-04:00,0,5
GEP-004171,liquidity,SWING_LOW_BREAK,2025-07-16 00:59:00-04:00,0,5
GEP-004172,liquidity,EQUAL_LOWS_BREAK,2025-07-16 00:59:00-04:00,0,5
GEP-004173,fvg,BULLISH_FVG_FORMED,2025-07-16 01:00:00-04:00,0,5
GEP-004174,ifvg,BULLISH_IFVG_ACTIVATION,2025-07-16 01:00:00-04:00,0,3
GEP-004175,ifvg,BULLISH_IFVG_ACTIVATION,2025-07-16 01:00:00-04:00,0,3
GEP-004176,ifvg,BULLISH_IFVG_ACTIVATION,2025-07-16 01:00:00-04:00,0,3
GEP-004177,fvg,BULLISH_FVG_FORMED,2025-07-16 01:01:00-04:00,0,5
GEP-004178,ifvg,BULLISH_IFVG_ACTIVATION,2025-07-16 01:01:00-04:00,0,3
GEP-004179,rejection_block,BEARISH_RB_CONFIRMED,2025-07-16 01:03:00-04:00,0,3
GEP-004180,liquidity,SWING_HIGH_BREAK,2025-07-16 01:03:00-04:00,0,5
GEP-004181,liquidity,EQUAL_HIGHS_BREAK,2025-07-16 01:03:00-04:00,0,5
GEP-004182,ifvg,BEARISH_IFVG_ACTIVATION,2025-07-16 01:03:00-04:00,0,3
GEP-004183,ifvg,BEARISH_IFVG_ACTIVATION,2025-07-16 01:03:00-04:00,0,3
GEP-004184,ifvg,BEARISH_IFVG_ACTIVATION,2025-07-16 01:03:00-04:00,0,3
GEP-004185,ifvg,BEARISH_IFVG_ACTIVATION,2025-07-16 01:03:00-04:00,0,3
GEP-004186,ifvg,BEARISH_IFVG_ACTIVATION,2025-07-16 01:03:00-04:00,0,3
GEP-004187,fvg,BEARISH_FVG_FORMED,2025-07-16 01:04:00-04:00,0,7
GEP-004188,liquidity,SWING_LOW_BREAK,2025-07-16 01:07:00-04:00,0,5
GEP-004189,fvg,BULLISH_FVG_FORMED,2025-07-16 01:11:00-04:00,0,7
GEP-004190,liquidity,SWING_LOW_BREAK,2025-07-16 01:11:00-04:00,0,5
GEP-004191,liquidity,SWING_HIGH_BREAK,2025-07-16 01:13:00-04:00,0,5
GEP-004192,liquidity,EQUAL_HIGHS_BREAK,2025-07-16 01:13:00-04:00,0,5
GEP-004193,rejection_block,BEARISH_RB_CONFIRMED,2025-07-16 01:17:00-04:00,0,3
GEP-004194,fvg,BEARISH_FVG_FORMED,2025-07-16 01:18:00-04:00,0,5
GEP-004195,liquidity,SWING_HIGH_BREAK,2025-07-16 01:18:00-04:00,0,5
GEP-004196,ifvg,BEARISH_IFVG_ACTIVATION,2025-07-16 01:18:00-04:00,0,3
GEP-004197,rejection_block,BEARISH_RB_CONFIRMED,2025-07-16 01:21:00-04:00,0,3
GEP-004198,liquidity,SWING_LOW_BREAK,2025-07-16 01:21:00-04:00,0,5
GEP-004199,liquidity,EQUAL_LOWS_BREAK,2025-07-16 01:21:00-04:00,0,5
GEP-004200,liquidity,SWING_HIGH_BREAK,2025-07-16 01:23:00-04:00,0,5
GEP-004201,liquidity,EQUAL_HIGHS_BREAK,2025-07-16 01:23:00-04:00,0,5
GEP-004202,fvg,BEARISH_FVG_FORMED,2025-07-16 01:24:00-04:00,0,5
GEP-004203,rejection_block,BULLISH_RB_CONFIRMED,2025-07-16 01:25:00-04:00,0,3
GEP-004204,ifvg,BEARISH_IFVG_ACTIVATION,2025-07-16 01:26:00-04:00,0,3
GEP-004205,fvg,BEARISH_FVG_FORMED,2025-07-16 01:27:00-04:00,0,7
GEP-004206,ifvg,BEARISH_IFVG_ACTIVATION,2025-07-16 01:27:00-04:00,0,3
GEP-004207,ifvg,BULLISH_IFVG_ACTIVATION,2025-07-16 01:28:00-04:00,0,3
GEP-004208,fvg,BULLISH_FVG_FORMED,2025-07-16 01:29:00-04:00,0,5
GEP-004209,liquidity,SWING_HIGH_BREAK,2025-07-16 01:29:00-04:00,0,5
GEP-004210,liquidity,SWING_LOW_BREAK,2025-07-16 01:30:00-04:00,0,5
GEP-004211,liquidity,EQUAL_LOWS_BREAK,2025-07-16 01:30:00-04:00,0,5
GEP-004212,ifvg,BULLISH_IFVG_ACTIVATION,2025-07-16 01:30:00-04:00,0,3
GEP-004213,fvg,BULLISH_FVG_FORMED,2025-07-16 01:31:00-04:00,0,7
GEP-004214,ifvg,BULLISH_IFVG_ACTIVATION,2025-07-16 01:31:00-04:00,0,3
GEP-004215,liquidity,SWING_HIGH_BREAK,2025-07-16 01:36:00-04:00,0,5
GEP-004216,fvg,BULLISH_FVG_FORMED,2025-07-16 01:38:00-04:00,0,5
GEP-004217,fvg,BEARISH_FVG_FORMED,2025-07-16 01:39:00-04:00,0,5
GEP-004218,liquidity,SWING_LOW_BREAK,2025-07-16 01:39:00-04:00,0,5
GEP-004219,ifvg,BEARISH_IFVG_ACTIVATION,2025-07-16 01:39:00-04:00,0,3
GEP-004220,liquidity,SWING_HIGH_BREAK,2025-07-16 01:41:00-04:00,0,5
GEP-004221,liquidity,EQUAL_HIGHS_BREAK,2025-07-16 01:41:00-04:00,0,5
GEP-004222,liquidity,SWING_LOW_BREAK,2025-07-16 01:43:00-04:00,0,5
GEP-004223,liquidity,EQUAL_LOWS_BREAK,2025-07-16 01:43:00-04:00,0,5
GEP-004224,fvg,BULLISH_FVG_FORMED,2025-07-16 01:44:00-04:00,0,5
GEP-004225,ifvg,BEARISH_IFVG_ACTIVATION,2025-07-16 01:45:00-04:00,0,3
GEP-004226,fvg,BEARISH_FVG_FORMED,2025-07-16 01:46:00-04:00,0,5
GEP-004227,fvg,BEARISH_FVG_FORMED,2025-07-16 01:47:00-04:00,0,5
GEP-004228,liquidity,SWING_HIGH_BREAK,2025-07-16 01:47:00-04:00,0,5
GEP-004229,ifvg,BULLISH_IFVG_ACTIVATION,2025-07-16 01:48:00-04:00,0,3
GEP-004230,rejection_block,BULLISH_RB_CONFIRMED,2025-07-16 01:49:00-04:00,0,3
GEP-004231,rejection_block,BEARISH_RB_CONFIRMED,2025-07-16 01:51:00-04:00,0,3
GEP-004232,liquidity,SWING_LOW_BREAK,2025-07-16 01:51:00-04:00,0,5
GEP-004233,liquidity,EQUAL_LOWS_BREAK,2025-07-16 01:51:00-04:00,0,5
GEP-004234,liquidity,SWING_HIGH_BREAK,2025-07-16 01:52:00-04:00,0,5
GEP-004235,ifvg,BEARISH_IFVG_ACTIVATION,2025-07-16 01:52:00-04:00,0,3
GEP-004236,fvg,BEARISH_FVG_FORMED,2025-07-16 01:53:00-04:00,0,7
GEP-004237,fvg,BEARISH_FVG_FORMED,2025-07-16 01:54:00-04:00,0,7
GEP-004238,liquidity,SWING_HIGH_BREAK,2025-07-16 01:54:00-04:00,0,5
GEP-004239,liquidity,EQUAL_HIGHS_BREAK,2025-07-16 01:54:00-04:00,0,5
GEP-004240,ifvg,BEARISH_IFVG_ACTIVATION,2025-07-16 01:54:00-04:00,0,3
GEP-004241,ifvg,BEARISH_IFVG_ACTIVATION,2025-07-16 01:54:00-04:00,0,3
GEP-004242,fvg,BEARISH_FVG_FORMED,2025-07-16 01:55:00-04:00,0,7
GEP-004243,liquidity,SWING_LOW_BREAK,2025-07-16 01:58:00-04:00,0,5
GEP-004244,ifvg,BULLISH_IFVG_ACTIVATION,2025-07-16 01:58:00-04:00,0,3
GEP-004245,fvg,BULLISH_FVG_FORMED,2025-07-16 01:59:00-04:00,0,5
GEP-004246,liquidity,SWING_HIGH_BREAK,2025-07-16 02:03:00-04:00,0,5
GEP-004247,ifvg,BEARISH_IFVG_ACTIVATION,2025-07-16 02:03:00-04:00,0,3
GEP-004248,liquidity,SWING_LOW_BREAK,2025-07-16 02:09:00-04:00,0,5
GEP-004249,liquidity,EQUAL_LOWS_BREAK,2025-07-16 02:09:00-04:00,0,5
GEP-004250,liquidity,SWING_LOW_BREAK,2025-07-16 02:12:00-04:00,0,5
GEP-004251,fvg,BULLISH_FVG_FORMED,2025-07-16 02:14:00-04:00,0,5
GEP-004252,ifvg,BEARISH_IFVG_ACTIVATION,2025-07-16 02:15:00-04:00,0,3
GEP-004253,fvg,BEARISH_FVG_FORMED,2025-07-16 02:16:00-04:00,0,5
GEP-004254,liquidity,SWING_HIGH_BREAK,2025-07-16 02:16:00-04:00,0,5
GEP-004255,liquidity,SWING_LOW_SWEEP_BELOW,2025-07-16 02:16:00-04:00,0,5
GEP-004256,liquidity,EQUAL_HIGHS_BREAK,2025-07-16 02:16:00-04:00,0,5
GEP-004257,liquidity,EQUAL_LOWS_BREAK,2025-07-16 02:16:00-04:00,0,5
GEP-004258,ifvg,BULLISH_IFVG_ACTIVATION,2025-07-16 02:18:00-04:00,0,3
GEP-004259,fvg,BULLISH_FVG_FORMED,2025-07-16 02:19:00-04:00,0,5
GEP-004260,liquidity,SWING_LOW_BREAK,2025-07-16 02:19:00-04:00,0,5
GEP-004261,rejection_block,BEARISH_RB_CONFIRMED,2025-07-16 02:22:00-04:00,0,3
GEP-004262,liquidity,SWING_HIGH_BREAK,2025-07-16 02:22:00-04:00,0,5
GEP-004263,ifvg,BEARISH_IFVG_ACTIVATION,2025-07-16 02:22:00-04:00,0,3
GEP-004264,rejection_block,BEARISH_RB_CONFIRMED,2025-07-16 02:23:00-04:00,0,3
GEP-004265,liquidity,SWING_LOW_BREAK,2025-07-16 02:24:00-04:00,0,5
GEP-004266,liquidity,SWING_HIGH_BREAK,2025-07-16 02:25:00-04:00,0,5
GEP-004267,liquidity,EQUAL_HIGHS_BREAK,2025-07-16 02:25:00-04:00,0,5
GEP-004268,fvg,BEARISH_FVG_FORMED,2025-07-16 02:26:00-04:00,0,7
GEP-004269,liquidity,SWING_LOW_BREAK,2025-07-16 02:30:00-04:00,0,5
GEP-004270,fvg,BEARISH_FVG_FORMED,2025-07-16 02:31:00-04:00,0,7
GEP-004271,liquidity,SWING_HIGH_BREAK,2025-07-16 02:31:00-04:00,0,5
GEP-004272,ifvg,BEARISH_IFVG_ACTIVATION,2025-07-16 02:32:00-04:00,0,3
GEP-004273,fvg,BEARISH_FVG_FORMED,2025-07-16 02:33:00-04:00,0,7
GEP-004274,ifvg,BEARISH_IFVG_ACTIVATION,2025-07-16 02:33:00-04:00,0,3
GEP-004275,liquidity,SWING_LOW_SWEEP_BELOW,2025-07-16 02:36:00-04:00,0,5
GEP-004276,liquidity,EQUAL_LOWS_SWEEP_BELOW,2025-07-16 02:36:00-04:00,0,5
GEP-004277,fvg,BEARISH_FVG_FORMED,2025-07-16 02:39:00-04:00,0,7
GEP-004278,fvg,BULLISH_FVG_FORMED,2025-07-16 02:41:00-04:00,0,5
GEP-004279,liquidity,SWING_LOW_BREAK,2025-07-16 02:42:00-04:00,0,5
GEP-004280,liquidity,EQUAL_LOWS_BREAK,2025-07-16 02:42:00-04:00,0,5
GEP-004281,liquidity,SWING_HIGH_SWEEP_ABOVE,2025-07-16 02:44:00-04:00,0,5
GEP-004282,liquidity,EQUAL_HIGHS_SWEEP_ABOVE,2025-07-16 02:44:00-04:00,0,5
GEP-004283,ifvg,BULLISH_IFVG_ACTIVATION,2025-07-16 02:45:00-04:00,0,3
GEP-004284,liquidity,SWING_HIGH_BREAK,2025-07-16 02:47:00-04:00,0,5
GEP-004285,liquidity,SWING_HIGH_BREAK,2025-07-16 02:50:00-04:00,0,5
GEP-004286,liquidity,EQUAL_HIGHS_BREAK,2025-07-16 02:50:00-04:00,0,5
GEP-004287,fvg,BEARISH_FVG_FORMED,2025-07-16 02:51:00-04:00,0,5
GEP-004288,liquidity,SWING_HIGH_BREAK,2025-07-16 02:51:00-04:00,0,5
GEP-004289,ifvg,BEARISH_IFVG_ACTIVATION,2025-07-16 02:54:00-04:00,0,3
GEP-004290,fvg,BULLISH_FVG_FORMED,2025-07-16 02:56:00-04:00,0,5
GEP-004291,liquidity,SWING_HIGH_BREAK,2025-07-16 02:56:00-04:00,0,5
GEP-004292,liquidity,EQUAL_HIGHS_BREAK,2025-07-16 02:56:00-04:00,0,5
GEP-004293,rejection_block,BEARISH_RB_CONFIRMED,2025-07-16 02:57:00-04:00,0,3
GEP-004294,liquidity,SWING_LOW_BREAK,2025-07-16 02:57:00-04:00,0,5
GEP-004295,liquidity,EQUAL_LOWS_BREAK,2025-07-16 02:57:00-04:00,0,5
GEP-004296,ifvg,BEARISH_IFVG_ACTIVATION,2025-07-16 02:57:00-04:00,0,3
GEP-004297,fvg,BEARISH_FVG_FORMED,2025-07-16 02:59:00-04:00,0,5
GEP-004298,liquidity,SWING_HIGH_BREAK,2025-07-16 02:59:00-04:00,0,5
GEP-004299,liquidity,EQUAL_HIGHS_BREAK,2025-07-16 02:59:00-04:00,0,5
GEP-004300,fvg,BULLISH_FVG_FORMED,2025-07-16 03:01:00-04:00,0,5
GEP-004301,rejection_block,BULLISH_RB_CONFIRMED,2025-07-16 03:01:00-04:00,0,3
GEP-004302,time_anchor,ANCHOR_LONDON_OPEN_BREAK,2025-07-16 03:01:00-04:00,0,6
GEP-004303,ifvg,BULLISH_IFVG_ACTIVATION,2025-07-16 03:01:00-04:00,0,3
GEP-004304,ifvg,BEARISH_IFVG_ACTIVATION,2025-07-16 03:02:00-04:00,0,3
GEP-004305,liquidity,SWING_LOW_BREAK,2025-07-16 03:03:00-04:00,0,5
GEP-004306,liquidity,SWING_HIGH_BREAK,2025-07-16 03:05:00-04:00,0,5
GEP-004307,fvg,BEARISH_FVG_FORMED,2025-07-16 03:06:00-04:00,0,7
GEP-004308,fvg,BEARISH_FVG_FORMED,2025-07-16 03:07:00-04:00,0,7
GEP-004309,ifvg,BULLISH_IFVG_ACTIVATION,2025-07-16 03:13:00-04:00,0,3
GEP-004310,fvg,BULLISH_FVG_FORMED,2025-07-16 03:14:00-04:00,0,7
GEP-004311,liquidity,SWING_LOW_BREAK,2025-07-16 03:14:00-04:00,0,5
GEP-004312,fvg,BULLISH_FVG_FORMED,2025-07-16 03:16:00-04:00,0,5
GEP-004313,ifvg,BULLISH_IFVG_ACTIVATION,2025-07-16 03:16:00-04:00,0,3
GEP-004314,fvg,BULLISH_FVG_FORMED,2025-07-16 03:17:00-04:00,0,5
GEP-004315,rejection_block,BEARISH_RB_CONFIRMED,2025-07-16 03:18:00-04:00,0,3
GEP-004316,liquidity,SWING_HIGH_SWEEP_ABOVE,2025-07-16 03:20:00-04:00,0,5
GEP-004317,fvg,BULLISH_FVG_FORMED,2025-07-16 03:21:00-04:00,0,5
GEP-004318,ifvg,BULLISH_IFVG_ACTIVATION,2025-07-16 03:21:00-04:00,0,3
GEP-004319,fvg,BULLISH_FVG_FORMED,2025-07-16 03:22:00-04:00,0,5
GEP-004320,liquidity,SWING_HIGH_BREAK,2025-07-16 03:26:00-04:00,0,5
GEP-004321,structure,COMPRESSION,2025-07-16 03:27:00-04:00,0,2
GEP-004322,liquidity,SWING_LOW_BREAK,2025-07-16 03:28:00-04:00,0,5
GEP-004323,liquidity,SWING_HIGH_BREAK,2025-07-16 03:29:00-04:00,0,5
GEP-004324,liquidity,SWING_HIGH_BREAK,2025-07-16 03:30:00-04:00,0,5
GEP-004325,liquidity,EQUAL_HIGHS_BREAK,2025-07-16 03:30:00-04:00,0,5
GEP-004326,fvg,BULLISH_FVG_FORMED,2025-07-16 03:33:00-04:00,0,7
GEP-004327,liquidity,SWING_LOW_BREAK,2025-07-16 03:34:00-04:00,0,5
GEP-004328,liquidity,EQUAL_LOWS_BREAK,2025-07-16 03:34:00-04:00,0,5
GEP-004329,liquidity,SWING_HIGH_SWEEP_ABOVE,2025-07-16 03:36:00-04:00,0,5
GEP-004330,ifvg,BULLISH_IFVG_ACTIVATION,2025-07-16 03:38:00-04:00,0,3
GEP-004331,liquidity,SWING_LOW_SWEEP_BELOW,2025-07-16 03:40:00-04:00,0,5
GEP-004332,liquidity,EQUAL_LOWS_SWEEP_BELOW,2025-07-16 03:40:00-04:00,0,5
GEP-004333,liquidity,SWING_HIGH_BREAK,2025-07-16 03:41:00-04:00,0,5
GEP-004334,liquidity,SWING_LOW_BREAK,2025-07-16 03:43:00-04:00,0,5
GEP-004335,liquidity,SWING_LOW_BREAK,2025-07-16 03:44:00-04:00,0,5
GEP-004336,liquidity,EQUAL_LOWS_BREAK,2025-07-16 03:44:00-04:00,0,5
GEP-004337,liquidity,SWING_HIGH_BREAK,2025-07-16 03:45:00-04:00,0,5
GEP-004338,liquidity,EQUAL_HIGHS_BREAK,2025-07-16 03:45:00-04:00,0,5
GEP-004339,ifvg,BEARISH_IFVG_ACTIVATION,2025-07-16 03:45:00-04:00,0,3
GEP-004340,fvg,BEARISH_FVG_FORMED,2025-07-16 03:46:00-04:00,0,5
GEP-004341,liquidity,SWING_HIGH_BREAK,2025-07-16 03:46:00-04:00,0,5
GEP-004342,liquidity,SWING_LOW_BREAK,2025-07-16 03:48:00-04:00,0,5
GEP-004343,rejection_block,BULLISH_RB_CONFIRMED,2025-07-16 03:52:00-04:00,0,3
GEP-004344,fvg,BULLISH_FVG_FORMED,2025-07-16 03:53:00-04:00,0,5
GEP-004345,rejection_block,BEARISH_RB_CONFIRMED,2025-07-16 03:54:00-04:00,0,3
GEP-004346,ifvg,BEARISH_IFVG_ACTIVATION,2025-07-16 03:54:00-04:00,0,3
GEP-004347,liquidity,SWING_LOW_BREAK,2025-07-16 03:55:00-04:00,0,5
GEP-004348,liquidity,SWING_HIGH_BREAK,2025-07-16 03:56:00-04:00,0,5
GEP-004349,liquidity,EQUAL_HIGHS_BREAK,2025-07-16 03:56:00-04:00,0,5
GEP-004350,fvg,BULLISH_FVG_FORMED,2025-07-16 03:58:00-04:00,0,5
GEP-004351,liquidity,SWING_LOW_BREAK,2025-07-16 03:58:00-04:00,0,5
GEP-004352,rejection_block,BEARISH_RB_CONFIRMED,2025-07-16 04:01:00-04:00,0,3
GEP-004353,ifvg,BEARISH_IFVG_ACTIVATION,2025-07-16 04:02:00-04:00,0,3
GEP-004354,ifvg,BEARISH_IFVG_ACTIVATION,2025-07-16 04:02:00-04:00,0,3
GEP-004355,ifvg,BEARISH_IFVG_ACTIVATION,2025-07-16 04:02:00-04:00,0,3
GEP-004356,liquidity,SWING_HIGH_BREAK,2025-07-16 04:03:00-04:00,0,5
GEP-004357,liquidity,EQUAL_HIGHS_BREAK,2025-07-16 04:03:00-04:00,0,5
GEP-004358,liquidity,SWING_LOW_BREAK,2025-07-16 04:05:00-04:00,0,5
GEP-004359,liquidity,EQUAL_LOWS_BREAK,2025-07-16 04:05:00-04:00,0,5
GEP-004360,ifvg,BULLISH_IFVG_ACTIVATION,2025-07-16 04:06:00-04:00,0,3
GEP-004361,fvg,BULLISH_FVG_FORMED,2025-07-16 04:07:00-04:00,0,5
GEP-004362,liquidity,SWING_LOW_BREAK,2025-07-16 04:08:00-04:00,0,5
GEP-004363,liquidity,SWING_HIGH_BREAK,2025-07-16 04:10:00-04:00,0,5
GEP-004364,liquidity,EQUAL_HIGHS_BREAK,2025-07-16 04:10:00-04:00,0,5
GEP-004365,fvg,BULLISH_FVG_FORMED,2025-07-16 04:12:00-04:00,0,7
GEP-004366,liquidity,SWING_HIGH_BREAK,2025-07-16 04:15:00-04:00,0,5
GEP-004367,liquidity,SWING_LOW_SWEEP_BELOW,2025-07-16 04:17:00-04:00,0,5
GEP-004368,liquidity,EQUAL_LOWS_SWEEP_BELOW,2025-07-16 04:17:00-04:00,0,5
GEP-004369,rejection_block,BEARISH_RB_CONFIRMED,2025-07-16 04:18:00-04:00,0,3
GEP-004370,ifvg,BEARISH_IFVG_ACTIVATION,2025-07-16 04:18:00-04:00,0,3
GEP-004371,rejection_block,BULLISH_RB_CONFIRMED,2025-07-16 04:19:00-04:00,0,3
GEP-004372,fvg,BULLISH_FVG_FORMED,2025-07-16 04:20:00-04:00,0,7
GEP-004373,liquidity,SWING_LOW_BREAK,2025-07-16 04:20:00-04:00,0,5
GEP-004374,liquidity,EQUAL_LOWS_BREAK,2025-07-16 04:20:00-04:00,0,5
GEP-004375,fvg,BULLISH_FVG_FORMED,2025-07-16 04:21:00-04:00,0,7
GEP-004376,liquidity,SWING_HIGH_BREAK,2025-07-16 04:23:00-04:00,0,5
GEP-004377,liquidity,EQUAL_HIGHS_BREAK,2025-07-16 04:23:00-04:00,0,5
GEP-004378,fvg,BEARISH_FVG_FORMED,2025-07-16 04:24:00-04:00,0,7
GEP-004379,liquidity,SWING_LOW_SWEEP_BELOW,2025-07-16 04:26:00-04:00,0,5
GEP-004380,rejection_block,BULLISH_RB_CONFIRMED,2025-07-16 04:27:00-04:00,0,3
GEP-004381,fvg,BULLISH_FVG_FORMED,2025-07-16 04:28:00-04:00,0,5
GEP-004382,liquidity,SWING_LOW_BREAK,2025-07-16 04:29:00-04:00,0,5
GEP-004383,liquidity,EQUAL_LOWS_BREAK,2025-07-16 04:29:00-04:00,0,5
GEP-004384,ifvg,BULLISH_IFVG_ACTIVATION,2025-07-16 04:30:00-04:00,0,3
GEP-004385,fvg,BULLISH_FVG_FORMED,2025-07-16 04:31:00-04:00,0,7
GEP-004386,liquidity,SWING_HIGH_BREAK,2025-07-16 04:34:00-04:00,0,5
GEP-004387,liquidity,EQUAL_HIGHS_BREAK,2025-07-16 04:34:00-04:00,0,5
GEP-004388,ifvg,BULLISH_IFVG_ACTIVATION,2025-07-16 04:36:00-04:00,0,3
GEP-004389,fvg,BULLISH_FVG_FORMED,2025-07-16 04:37:00-04:00,0,5
GEP-004390,ifvg,BULLISH_IFVG_ACTIVATION,2025-07-16 04:37:00-04:00,0,3
GEP-004391,fvg,BULLISH_FVG_FORMED,2025-07-16 04:38:00-04:00,0,5
GEP-004392,fvg,BULLISH_FVG_FORMED,2025-07-16 04:42:00-04:00,0,5
GEP-004393,liquidity,SWING_LOW_BREAK,2025-07-16 04:42:00-04:00,0,5
GEP-004394,liquidity,EQUAL_LOWS_BREAK,2025-07-16 04:42:00-04:00,0,5
GEP-004395,fvg,BULLISH_FVG_FORMED,2025-07-16 04:44:00-04:00,0,5
GEP-004396,ifvg,BULLISH_IFVG_ACTIVATION,2025-07-16 04:44:00-04:00,0,3
GEP-004397,fvg,BULLISH_FVG_FORMED,2025-07-16 04:45:00-04:00,0,5
GEP-004398,ifvg,BEARISH_IFVG_ACTIVATION,2025-07-16 04:47:00-04:00,0,3
GEP-004399,liquidity,SWING_HIGH_BREAK,2025-07-16 04:48:00-04:00,0,5
GEP-004400,liquidity,EQUAL_HIGHS_BREAK,2025-07-16 04:48:00-04:00,0,5
GEP-004401,fvg,BEARISH_FVG_FORMED,2025-07-16 04:49:00-04:00,0,7
GEP-004402,ifvg,BEARISH_IFVG_ACTIVATION,2025-07-16 04:49:00-04:00,0,3
GEP-004403,fvg,BEARISH_FVG_FORMED,2025-07-16 04:50:00-04:00,0,7
GEP-004404,ifvg,BEARISH_IFVG_ACTIVATION,2025-07-16 04:50:00-04:00,0,3
GEP-004405,ifvg,BEARISH_IFVG_ACTIVATION,2025-07-16 04:52:00-04:00,0,3
GEP-004406,ifvg,BEARISH_IFVG_ACTIVATION,2025-07-16 04:52:00-04:00,0,3
GEP-004407,liquidity,SWING_LOW_BREAK,2025-07-16 04:55:00-04:00,0,5
GEP-004408,liquidity,SWING_LOW_BREAK,2025-07-16 04:56:00-04:00,0,5
GEP-004409,liquidity,EQUAL_LOWS_BREAK,2025-07-16 04:56:00-04:00,0,5
GEP-004410,fvg,BEARISH_FVG_FORMED,2025-07-16 05:03:00-04:00,0,5
GEP-004411,liquidity,SWING_HIGH_BREAK,2025-07-16 05:03:00-04:00,0,5
GEP-004412,fvg,BEARISH_FVG_FORMED,2025-07-16 05:04:00-04:00,0,5
GEP-004413,ifvg,BEARISH_IFVG_ACTIVATION,2025-07-16 05:05:00-04:00,0,3
GEP-004414,ifvg,BEARISH_IFVG_ACTIVATION,2025-07-16 05:05:00-04:00,0,3
GEP-004415,ifvg,BEARISH_IFVG_ACTIVATION,2025-07-16 05:05:00-04:00,0,3
GEP-004416,ifvg,BEARISH_IFVG_ACTIVATION,2025-07-16 05:05:00-04:00,0,3
GEP-004417,fvg,BEARISH_FVG_FORMED,2025-07-16 05:06:00-04:00,0,7
GEP-004418,liquidity,SWING_LOW_BREAK,2025-07-16 05:09:00-04:00,0,5
GEP-004419,ifvg,BULLISH_IFVG_ACTIVATION,2025-07-16 05:09:00-04:00,0,3
GEP-004420,fvg,BULLISH_FVG_FORMED,2025-07-16 05:10:00-04:00,0,7
GEP-004421,ifvg,BULLISH_IFVG_ACTIVATION,2025-07-16 05:12:00-04:00,0,3
GEP-004422,liquidity,SWING_HIGH_SWEEP_ABOVE,2025-07-16 05:15:00-04:00,0,5
GEP-004423,fvg,BULLISH_FVG_FORMED,2025-07-16 05:16:00-04:00,0,7
GEP-004424,liquidity,EQUAL_HIGHS_BREAK,2025-07-16 05:16:00-04:00,0,5
GEP-004425,liquidity,SWING_LOW_SWEEP_BELOW,2025-07-16 05:17:00-04:00,0,5
GEP-004426,liquidity,EQUAL_LOWS_SWEEP_BELOW,2025-07-16 05:17:00-04:00,0,5
GEP-004427,ifvg,BEARISH_IFVG_ACTIVATION,2025-07-16 05:17:00-04:00,0,3
GEP-004428,ifvg,BEARISH_IFVG_ACTIVATION,2025-07-16 05:17:00-04:00,0,3
GEP-004429,fvg,BEARISH_FVG_FORMED,2025-07-16 05:18:00-04:00,0,7
GEP-004430,liquidity,SWING_HIGH_BREAK,2025-07-16 05:19:00-04:00,0,5
GEP-004431,rejection_block,BULLISH_RB_CONFIRMED,2025-07-16 05:21:00-04:00,0,3
GEP-004432,liquidity,SWING_LOW_BREAK,2025-07-16 05:23:00-04:00,0,5
GEP-004433,liquidity,EQUAL_LOWS_BREAK,2025-07-16 05:23:00-04:00,0,5
GEP-004434,fvg,BEARISH_FVG_FORMED,2025-07-16 05:25:00-04:00,0,7
GEP-004435,liquidity,SWING_HIGH_BREAK,2025-07-16 05:25:00-04:00,0,5
GEP-004436,liquidity,EQUAL_HIGHS_BREAK,2025-07-16 05:25:00-04:00,0,5
GEP-004437,ifvg,BULLISH_IFVG_ACTIVATION,2025-07-16 05:26:00-04:00,0,3
GEP-004438,liquidity,SWING_LOW_BREAK,2025-07-16 05:27:00-04:00,0,5
GEP-004439,liquidity,EQUAL_LOWS_BREAK,2025-07-16 05:27:00-04:00,0,5
GEP-004440,liquidity,SWING_HIGH_BREAK,2025-07-16 05:29:00-04:00,0,5
GEP-004441,liquidity,EQUAL_HIGHS_BREAK,2025-07-16 05:29:00-04:00,0,5
GEP-004442,liquidity,SWING_LOW_SWEEP_BELOW,2025-07-16 05:31:00-04:00,0,5
GEP-004443,rejection_block,BULLISH_RB_CONFIRMED,2025-07-16 05:33:00-04:00,0,3
GEP-004444,fvg,BULLISH_FVG_FORMED,2025-07-16 05:34:00-04:00,0,5
GEP-004445,fvg,BULLISH_FVG_FORMED,2025-07-16 05:35:00-04:00,0,5
GEP-004446,liquidity,SWING_LOW_BREAK,2025-07-16 05:35:00-04:00,0,5
GEP-004447,fvg,BULLISH_FVG_FORMED,2025-07-16 05:37:00-04:00,0,5
GEP-004448,fvg,BEARISH_FVG_FORMED,2025-07-16 05:41:00-04:00,0,7
GEP-004449,ifvg,BEARISH_IFVG_ACTIVATION,2025-07-16 05:41:00-04:00,0,3
GEP-004450,ifvg,BEARISH_IFVG_ACTIVATION,2025-07-16 05:41:00-04:00,0,3
GEP-004451,fvg,BEARISH_FVG_FORMED,2025-07-16 05:42:00-04:00,0,7
GEP-004452,liquidity,SWING_HIGH_BREAK,2025-07-16 05:42:00-04:00,0,5
GEP-004453,rejection_block,BULLISH_RB_CONFIRMED,2025-07-16 05:44:00-04:00,0,3
GEP-004454,liquidity,SWING_LOW_BREAK,2025-07-16 05:45:00-04:00,0,5
GEP-004455,ifvg,BULLISH_IFVG_ACTIVATION,2025-07-16 05:45:00-04:00,0,3
GEP-004456,rejection_block,BEARISH_RB_CONFIRMED,2025-07-16 05:47:00-04:00,0,3
GEP-004457,fvg,BULLISH_FVG_FORMED,2025-07-16 05:49:00-04:00,0,5
GEP-004458,ifvg,BULLISH_IFVG_ACTIVATION,2025-07-16 05:49:00-04:00,0,3
GEP-004459,fvg,BULLISH_FVG_FORMED,2025-07-16 05:50:00-04:00,0,5
GEP-004460,liquidity,SWING_LOW_BREAK,2025-07-16 05:50:00-04:00,0,5
GEP-004461,liquidity,SWING_HIGH_BREAK,2025-07-16 05:52:00-04:00,0,5
GEP-004462,ifvg,BULLISH_IFVG_ACTIVATION,2025-07-16 05:53:00-04:00,0,3
GEP-004463,fvg,BULLISH_FVG_FORMED,2025-07-16 05:54:00-04:00,0,7
GEP-004464,liquidity,SWING_HIGH_BREAK,2025-07-16 05:56:00-04:00,0,5
GEP-004465,liquidity,SWING_HIGH_BREAK,2025-07-16 05:57:00-04:00,0,5
GEP-004466,liquidity,EQUAL_HIGHS_BREAK,2025-07-16 05:57:00-04:00,0,5
GEP-004467,liquidity,SWING_LOW_BREAK,2025-07-16 05:59:00-04:00,0,5
GEP-004468,liquidity,EQUAL_LOWS_BREAK,2025-07-16 05:59:00-04:00,0,5
GEP-004469,rejection_block,BEARISH_RB_CONFIRMED,2025-07-16 06:00:00-04:00,0,3
GEP-004470,fvg,BEARISH_FVG_FORMED,2025-07-16 06:01:00-04:00,0,5
GEP-004471,liquidity,SWING_HIGH_BREAK,2025-07-16 06:02:00-04:00,0,5
GEP-004472,ifvg,BEARISH_IFVG_ACTIVATION,2025-07-16 06:02:00-04:00,0,3
GEP-004473,liquidity,SWING_HIGH_BREAK,2025-07-16 06:03:00-04:00,0,5
GEP-004474,liquidity,SWING_LOW_BREAK,2025-07-16 06:03:00-04:00,0,5
GEP-004475,liquidity,EQUAL_HIGHS_BREAK,2025-07-16 06:03:00-04:00,0,5
GEP-004476,liquidity,EQUAL_LOWS_BREAK,2025-07-16 06:03:00-04:00,0,5
GEP-004477,liquidity,SWING_LOW_BREAK,2025-07-16 06:08:00-04:00,0,5
GEP-004478,liquidity,SWING_HIGH_BREAK,2025-07-16 06:10:00-04:00,0,5
GEP-004479,liquidity,EQUAL_HIGHS_SWEEP_BELOW,2025-07-16 06:10:00-04:00,0,5
GEP-004480,ifvg,BULLISH_IFVG_ACTIVATION,2025-07-16 06:10:00-04:00,0,3
GEP-004481,liquidity,SWING_HIGH_SWEEP_ABOVE,2025-07-16 06:12:00-04:00,0,5
GEP-004482,liquidity,SWING_HIGH_BREAK,2025-07-16 06:15:00-04:00,0,5
GEP-004483,liquidity,EQUAL_HIGHS_BREAK,2025-07-16 06:15:00-04:00,0,5
GEP-004484,liquidity,SWING_HIGH_BREAK,2025-07-16 06:18:00-04:00,0,5
GEP-004485,liquidity,SWING_LOW_BREAK,2025-07-16 06:18:00-04:00,0,5
GEP-004486,rejection_block,BULLISH_RB_CONFIRMED,2025-07-16 06:19:00-04:00,0,3
GEP-004487,ifvg,BULLISH_IFVG_ACTIVATION,2025-07-16 06:20:00-04:00,0,3
GEP-004488,liquidity,SWING_HIGH_BREAK,2025-07-16 06:23:00-04:00,0,5
GEP-004489,liquidity,EQUAL_HIGHS_BREAK,2025-07-16 06:23:00-04:00,0,5
GEP-004490,liquidity,SWING_LOW_BREAK,2025-07-16 06:26:00-04:00,0,5
GEP-004491,rejection_block,BEARISH_RB_CONFIRMED,2025-07-16 06:27:00-04:00,0,3
GEP-004492,rejection_block,BEARISH_RB_CONFIRMED,2025-07-16 06:27:00-04:00,0,3
GEP-004493,liquidity,SWING_HIGH_BREAK,2025-07-16 06:28:00-04:00,0,5
GEP-004494,liquidity,EQUAL_HIGHS_BREAK,2025-07-16 06:28:00-04:00,0,5
GEP-004495,liquidity,SWING_LOW_BREAK,2025-07-16 06:31:00-04:00,0,5
GEP-004496,ifvg,BULLISH_IFVG_ACTIVATION,2025-07-16 06:32:00-04:00,0,3
GEP-004497,ifvg,BULLISH_IFVG_ACTIVATION,2025-07-16 06:32:00-04:00,0,3
GEP-004498,liquidity,SWING_HIGH_BREAK,2025-07-16 06:35:00-04:00,0,5
GEP-004499,liquidity,EQUAL_HIGHS_BREAK,2025-07-16 06:35:00-04:00,0,5
GEP-004500,fvg,BULLISH_FVG_FORMED,2025-07-16 06:36:00-04:00,0,5
GEP-004501,liquidity,SWING_LOW_BREAK,2025-07-16 06:38:00-04:00,0,5
GEP-004502,liquidity,EQUAL_LOWS_BREAK,2025-07-16 06:38:00-04:00,0,5
GEP-004503,liquidity,SWING_HIGH_BREAK,2025-07-16 06:41:00-04:00,0,5
GEP-004504,ifvg,BEARISH_IFVG_ACTIVATION,2025-07-16 06:41:00-04:00,0,3
GEP-004505,fvg,BEARISH_FVG_FORMED,2025-07-16 06:42:00-04:00,0,7
GEP-004506,fvg,BULLISH_FVG_FORMED,2025-07-16 06:44:00-04:00,0,5
GEP-004507,ifvg,BULLISH_IFVG_ACTIVATION,2025-07-16 06:44:00-04:00,0,3
GEP-004508,liquidity,SWING_LOW_BREAK,2025-07-16 06:45:00-04:00,0,5
GEP-004509,fvg,BULLISH_FVG_FORMED,2025-07-16 06:47:00-04:00,0,5
GEP-004510,ifvg,BULLISH_IFVG_ACTIVATION,2025-07-16 06:47:00-04:00,0,3
GEP-004511,fvg,BULLISH_FVG_FORMED,2025-07-16 06:48:00-04:00,0,5
GEP-004512,ifvg,BULLISH_IFVG_ACTIVATION,2025-07-16 06:49:00-04:00,0,3
GEP-004513,ifvg,BULLISH_IFVG_ACTIVATION,2025-07-16 06:49:00-04:00,0,3
GEP-004514,fvg,BEARISH_FVG_FORMED,2025-07-16 06:51:00-04:00,0,5
GEP-004515,ifvg,BULLISH_IFVG_ACTIVATION,2025-07-16 06:52:00-04:00,0,3
GEP-004516,fvg,BULLISH_FVG_FORMED,2025-07-16 06:53:00-04:00,0,7
GEP-004517,liquidity,SWING_HIGH_BREAK,2025-07-16 06:53:00-04:00,0,5
GEP-004518,liquidity,EQUAL_HIGHS_BREAK,2025-07-16 06:53:00-04:00,0,5
GEP-004519,liquidity,SWING_LOW_BREAK,2025-07-16 06:54:00-04:00,0,5
GEP-004520,liquidity,SWING_LOW_BREAK,2025-07-16 06:58:00-04:00,0,5
GEP-004521,ifvg,BEARISH_IFVG_ACTIVATION,2025-07-16 06:59:00-04:00,0,3
GEP-004522,fvg,BEARISH_FVG_FORMED,2025-07-16 07:00:00-04:00,0,7
GEP-004523,liquidity,SWING_HIGH_BREAK,2025-07-16 07:01:00-04:00,0,5
GEP-004524,liquidity,EQUAL_HIGHS_BREAK,2025-07-16 07:01:00-04:00,0,5
GEP-004525,ifvg,BULLISH_IFVG_ACTIVATION,2025-07-16 07:02:00-04:00,0,3
GEP-004526,fvg,BULLISH_FVG_FORMED,2025-07-16 07:03:00-04:00,0,5
GEP-004527,liquidity,SWING_LOW_BREAK,2025-07-16 07:03:00-04:00,0,5
GEP-004528,liquidity,EQUAL_LOWS_BREAK,2025-07-16 07:03:00-04:00,0,5
GEP-004529,fvg,BULLISH_FVG_FORMED,2025-07-16 07:04:00-04:00,0,5
GEP-004530,ifvg,BEARISH_IFVG_ACTIVATION,2025-07-16 07:06:00-04:00,0,3
GEP-004531,liquidity,SWING_HIGH_BREAK,2025-07-16 07:08:00-04:00,0,5
GEP-004532,ifvg,BEARISH_IFVG_ACTIVATION,2025-07-16 07:08:00-04:00,0,3
GEP-004533,fvg,BEARISH_FVG_FORMED,2025-07-16 07:09:00-04:00,0,7
GEP-004534,ifvg,BEARISH_IFVG_ACTIVATION,2025-07-16 07:11:00-04:00,0,3
GEP-004535,liquidity,SWING_LOW_BREAK,2025-07-16 07:16:00-04:00,0,5
GEP-004536,liquidity,SWING_HIGH_BREAK,2025-07-16 07:19:00-04:00,0,5
GEP-004537,fvg,BULLISH_FVG_FORMED,2025-07-16 07:20:00-04:00,0,5
GEP-004538,liquidity,EQUAL_HIGHS_SWEEP_BELOW,2025-07-16 07:20:00-04:00,0,5
GEP-004539,rejection_block,BEARISH_RB_CONFIRMED,2025-07-16 07:23:00-04:00,0,3
GEP-004540,rejection_block,BULLISH_RB_CONFIRMED,2025-07-16 07:25:00-04:00,0,3
GEP-004541,rejection_block,BEARISH_RB_CONFIRMED,2025-07-16 07:26:00-04:00,0,3
GEP-004542,liquidity,SWING_LOW_BREAK,2025-07-16 07:27:00-04:00,0,5
GEP-004543,liquidity,EQUAL_LOWS_BREAK,2025-07-16 07:27:00-04:00,0,5
GEP-004544,ifvg,BEARISH_IFVG_ACTIVATION,2025-07-16 07:27:00-04:00,0,3
GEP-004545,ifvg,BEARISH_IFVG_ACTIVATION,2025-07-16 07:27:00-04:00,0,3
GEP-004546,fvg,BEARISH_FVG_FORMED,2025-07-16 07:28:00-04:00,0,7
GEP-004547,liquidity,SWING_HIGH_BREAK,2025-07-16 07:28:00-04:00,0,5
GEP-004548,liquidity,SWING_LOW_BREAK,2025-07-16 07:30:00-04:00,0,5
GEP-004549,fvg,BEARISH_FVG_FORMED,2025-07-16 07:31:00-04:00,0,7
GEP-004550,liquidity,SWING_LOW_BREAK,2025-07-16 07:33:00-04:00,0,5
GEP-004551,ifvg,BEARISH_IFVG_ACTIVATION,2025-07-16 07:33:00-04:00,0,3
GEP-004552,liquidity,SWING_LOW_BREAK,2025-07-16 07:37:00-04:00,0,5
GEP-004553,liquidity,EQUAL_LOWS_BREAK,2025-07-16 07:37:00-04:00,0,5
GEP-004554,rejection_block,BULLISH_RB_CONFIRMED,2025-07-16 07:41:00-04:00,0,3
GEP-004555,liquidity,SWING_HIGH_BREAK,2025-07-16 07:42:00-04:00,0,5
GEP-004556,liquidity,EQUAL_HIGHS_BREAK,2025-07-16 07:42:00-04:00,0,5
GEP-004557,liquidity,SWING_LOW_BREAK,2025-07-16 07:43:00-04:00,0,5
GEP-004558,liquidity,EQUAL_LOWS_BREAK,2025-07-16 07:43:00-04:00,0,5
GEP-004559,fvg,BULLISH_FVG_FORMED,2025-07-16 07:46:00-04:00,0,5
GEP-004560,fvg,BULLISH_FVG_FORMED,2025-07-16 07:49:00-04:00,0,7
GEP-004561,ifvg,BULLISH_IFVG_ACTIVATION,2025-07-16 07:49:00-04:00,0,3
GEP-004562,ifvg,BULLISH_IFVG_ACTIVATION,2025-07-16 07:49:00-04:00,0,3
GEP-004563,fvg,BULLISH_FVG_FORMED,2025-07-16 07:50:00-04:00,0,7
GEP-004564,fvg,BULLISH_FVG_FORMED,2025-07-16 07:55:00-04:00,0,5
GEP-004565,liquidity,SWING_HIGH_BREAK,2025-07-16 07:55:00-04:00,0,5
GEP-004566,fvg,BULLISH_FVG_FORMED,2025-07-16 07:56:00-04:00,0,5
GEP-004567,ifvg,BULLISH_IFVG_ACTIVATION,2025-07-16 07:56:00-04:00,0,3
GEP-004568,ifvg,BEARISH_IFVG_ACTIVATION,2025-07-16 08:01:00-04:00,0,3
GEP-004569,ifvg,BEARISH_IFVG_ACTIVATION,2025-07-16 08:01:00-04:00,0,3
GEP-004570,fvg,BEARISH_FVG_FORMED,2025-07-16 08:02:00-04:00,0,7
GEP-004571,liquidity,SWING_HIGH_BREAK,2025-07-16 08:03:00-04:00,0,5
GEP-004572,fvg,BULLISH_FVG_FORMED,2025-07-16 08:06:00-04:00,0,7
GEP-004573,ifvg,BULLISH_IFVG_ACTIVATION,2025-07-16 08:06:00-04:00,0,3
GEP-004574,liquidity,SWING_LOW_BREAK,2025-07-16 08:07:00-04:00,0,5
GEP-004575,liquidity,SWING_HIGH_BREAK,2025-07-16 08:09:00-04:00,0,5
GEP-004576,liquidity,EQUAL_HIGHS_SWEEP_ABOVE,2025-07-16 08:09:00-04:00,0,5
GEP-004577,fvg,BULLISH_FVG_FORMED,2025-07-16 08:10:00-04:00,0,7
GEP-004578,fvg,BULLISH_FVG_FORMED,2025-07-16 08:11:00-04:00,0,7
GEP-004579,liquidity,SWING_LOW_BREAK,2025-07-16 08:11:00-04:00,0,5
GEP-004580,liquidity,EQUAL_LOWS_BREAK,2025-07-16 08:11:00-04:00,0,5
GEP-004581,fvg,BULLISH_FVG_FORMED,2025-07-16 08:12:00-04:00,0,7
GEP-004582,ifvg,BULLISH_IFVG_ACTIVATION,2025-07-16 08:12:00-04:00,0,3
GEP-004583,fvg,BULLISH_FVG_FORMED,2025-07-16 08:13:00-04:00,0,7
GEP-004584,rejection_block,BEARISH_RB_CONFIRMED,2025-07-16 08:14:00-04:00,0,3
GEP-004585,liquidity,SWING_HIGH_SWEEP_ABOVE,2025-07-16 08:16:00-04:00,0,5
GEP-004586,liquidity,SWING_LOW_BREAK,2025-07-16 08:18:00-04:00,0,5
GEP-004587,fvg,BEARISH_FVG_FORMED,2025-07-16 08:19:00-04:00,0,7
GEP-004588,liquidity,SWING_HIGH_BREAK,2025-07-16 08:19:00-04:00,0,5
GEP-004589,liquidity,EQUAL_HIGHS_BREAK,2025-07-16 08:19:00-04:00,0,5
GEP-004590,ifvg,BULLISH_IFVG_ACTIVATION,2025-07-16 08:20:00-04:00,0,3
GEP-004591,liquidity,SWING_LOW_SWEEP_BELOW,2025-07-16 08:22:00-04:00,0,5
GEP-004592,liquidity,EQUAL_LOWS_SWEEP_BELOW,2025-07-16 08:22:00-04:00,0,5
GEP-004593,fvg,BEARISH_FVG_FORMED,2025-07-16 08:23:00-04:00,0,5
GEP-004594,liquidity,SWING_HIGH_BREAK,2025-07-16 08:23:00-04:00,0,5
GEP-004595,ifvg,BEARISH_IFVG_ACTIVATION,2025-07-16 08:24:00-04:00,0,3
GEP-004596,fvg,BEARISH_FVG_FORMED,2025-07-16 08:25:00-04:00,0,5
GEP-004597,rejection_block,BULLISH_RB_CONFIRMED,2025-07-16 08:26:00-04:00,0,3
GEP-004598,ifvg,BEARISH_IFVG_ACTIVATION,2025-07-16 08:27:00-04:00,0,3
GEP-004599,liquidity,SWING_LOW_BREAK,2025-07-16 08:28:00-04:00,0,5
GEP-004600,fvg,BULLISH_FVG_FORMED,2025-07-16 08:30:00-04:00,0,5
GEP-004601,liquidity,SWING_LOW_BREAK,2025-07-16 08:30:00-04:00,0,5
GEP-004602,liquidity,EQUAL_LOWS_BREAK,2025-07-16 08:30:00-04:00,0,5
GEP-004603,ifvg,BULLISH_IFVG_ACTIVATION,2025-07-16 08:30:00-04:00,0,3
GEP-004604,ifvg,BULLISH_IFVG_ACTIVATION,2025-07-16 08:30:00-04:00,0,3
GEP-004605,fvg,BULLISH_FVG_FORMED,2025-07-16 08:31:00-04:00,0,5
GEP-004606,liquidity,SWING_LOW_BREAK,2025-07-16 08:31:00-04:00,0,5
GEP-004607,liquidity,SWING_LOW_BREAK,2025-07-16 08:32:00-04:00,0,5
GEP-004608,liquidity,EQUAL_LOWS_BREAK,2025-07-16 08:32:00-04:00,0,5
GEP-004609,liquidity,SWING_HIGH_BREAK,2025-07-16 08:33:00-04:00,0,5
GEP-004610,fvg,BULLISH_FVG_FORMED,2025-07-16 08:36:00-04:00,0,5
GEP-004611,rejection_block,BEARISH_RB_CONFIRMED,2025-07-16 08:39:00-04:00,0,3
GEP-004612,fvg,BEARISH_FVG_FORMED,2025-07-16 08:41:00-04:00,0,5
GEP-004613,liquidity,SWING_HIGH_BREAK,2025-07-16 08:41:00-04:00,0,5
GEP-004614,liquidity,EQUAL_HIGHS_BREAK,2025-07-16 08:41:00-04:00,0,5
GEP-004615,ifvg,BEARISH_IFVG_ACTIVATION,2025-07-16 08:41:00-04:00,0,3
GEP-004616,ifvg,BULLISH_IFVG_ACTIVATION,2025-07-16 08:42:00-04:00,0,3
GEP-004617,liquidity,SWING_LOW_BREAK,2025-07-16 08:45:00-04:00,0,5
GEP-004618,liquidity,EQUAL_LOWS_BREAK,2025-07-16 08:45:00-04:00,0,5
GEP-004619,liquidity,SWING_HIGH_BREAK,2025-07-16 08:47:00-04:00,0,5
GEP-004620,liquidity,SWING_LOW_BREAK,2025-07-16 08:48:00-04:00,0,5
GEP-004621,liquidity,EQUAL_LOWS_BREAK,2025-07-16 08:48:00-04:00,0,5
GEP-004622,liquidity,SWING_HIGH_SWEEP_ABOVE,2025-07-16 08:51:00-04:00,0,5
GEP-004623,liquidity,SWING_LOW_BREAK,2025-07-16 08:53:00-04:00,0,5
GEP-004624,fvg,BEARISH_FVG_FORMED,2025-07-16 08:55:00-04:00,0,5
GEP-004625,liquidity,SWING_HIGH_BREAK,2025-07-16 08:55:00-04:00,0,5
GEP-004626,structure,COMPRESSION,2025-07-16 09:00:00-04:00,0,2
GEP-004627,time_anchor,ANCHOR_OPEN_0900_BREAK,2025-07-16 09:01:00-04:00,0,6
GEP-004628,hist_level,HL_0900_HIGH_BREAK,2025-07-16 09:01:00-04:00,0,5
GEP-004629,liquidity,SWING_LOW_SWEEP_BELOW,2025-07-16 09:01:00-04:00,0,5
GEP-004630,hist_level,HL_0900_LOW_BREAK,2025-07-16 09:02:00-04:00,0,5
GEP-004631,fvg,BEARISH_FVG_FORMED,2025-07-16 09:03:00-04:00,0,5
GEP-004632,liquidity,SWING_HIGH_BREAK,2025-07-16 09:03:00-04:00,0,5
GEP-004633,liquidity,SWING_LOW_BREAK,2025-07-16 09:07:00-04:00,0,5
GEP-004634,ifvg,BULLISH_IFVG_ACTIVATION,2025-07-16 09:08:00-04:00,0,3
GEP-004635,rejection_block,BEARISH_RB_CONFIRMED,2025-07-16 09:11:00-04:00,0,3
GEP-004636,rejection_block,BEARISH_RB_CONFIRMED,2025-07-16 09:14:00-04:00,0,3
GEP-004637,liquidity,SWING_LOW_BREAK,2025-07-16 09:14:00-04:00,0,5
GEP-004638,liquidity,EQUAL_LOWS_BREAK,2025-07-16 09:14:00-04:00,0,5
GEP-004639,liquidity,SWING_HIGH_BREAK,2025-07-16 09:16:00-04:00,0,5
GEP-004640,liquidity,EQUAL_HIGHS_BREAK,2025-07-16 09:16:00-04:00,0,5
GEP-004641,fvg,BULLISH_FVG_FORMED,2025-07-16 09:19:00-04:00,0,5
GEP-004642,liquidity,SWING_LOW_BREAK,2025-07-16 09:19:00-04:00,0,5
GEP-004643,rejection_block,BULLISH_RB_CONFIRMED,2025-07-16 09:21:00-04:00,0,3
GEP-004644,liquidity,SWING_LOW_BREAK,2025-07-16 09:23:00-04:00,0,5
GEP-004645,liquidity,SWING_HIGH_BREAK,2025-07-16 09:25:00-04:00,0,5
GEP-004646,ifvg,BULLISH_IFVG_ACTIVATION,2025-07-16 09:25:00-04:00,0,3
GEP-004647,liquidity,SWING_HIGH_BREAK,2025-07-16 09:28:00-04:00,0,5
GEP-004648,liquidity,SWING_LOW_SWEEP_BELOW,2025-07-16 09:30:00-04:00,0,5
GEP-004649,ifvg,BEARISH_IFVG_ACTIVATION,2025-07-16 09:30:00-04:00,0,3
GEP-004650,fvg,BEARISH_FVG_FORMED,2025-07-16 09:31:00-04:00,0,7
GEP-004651,time_anchor,ANCHOR_NY_SESSION_OPEN_BREAK,2025-07-16 09:31:00-04:00,0,6
GEP-004652,time_anchor,ANCHOR_OPEN_0930_BREAK,2025-07-16 09:31:00-04:00,0,6
GEP-004653,hist_level,HL_0930_HIGH_BREAK,2025-07-16 09:31:00-04:00,0,5
GEP-004654,hist_level,HL_0930_LOW_BREAK,2025-07-16 09:31:00-04:00,0,5
GEP-004655,fvg,BEARISH_FVG_FORMED,2025-07-16 09:32:00-04:00,0,7
GEP-004656,liquidity,SWING_HIGH_BREAK,2025-07-16 09:33:00-04:00,0,5
GEP-004657,ifvg,BEARISH_IFVG_ACTIVATION,2025-07-16 09:34:00-04:00,0,3
GEP-004658,liquidity,SWING_LOW_BREAK,2025-07-16 09:40:00-04:00,0,5
GEP-004659,fvg,BEARISH_FVG_FORMED,2025-07-16 09:41:00-04:00,0,7
GEP-004660,ifvg,BEARISH_IFVG_ACTIVATION,2025-07-16 09:41:00-04:00,0,3
GEP-004661,ifvg,BEARISH_IFVG_ACTIVATION,2025-07-16 09:41:00-04:00,0,3
GEP-004662,ifvg,BEARISH_IFVG_ACTIVATION,2025-07-16 09:43:00-04:00,0,3
GEP-004663,ifvg,BEARISH_IFVG_ACTIVATION,2025-07-16 09:44:00-04:00,0,3
GEP-004664,rejection_block,BULLISH_RB_CONFIRMED,2025-07-16 09:45:00-04:00,0,3
GEP-004665,liquidity,SWING_LOW_BREAK,2025-07-16 09:45:00-04:00,0,5
GEP-004666,liquidity,SWING_HIGH_BREAK,2025-07-16 09:46:00-04:00,0,5
GEP-004667,liquidity,EQUAL_HIGHS_BREAK,2025-07-16 09:46:00-04:00,0,5
GEP-004668,liquidity,SWING_LOW_BREAK,2025-07-16 09:48:00-04:00,0,5
GEP-004669,fvg,BEARISH_FVG_FORMED,2025-07-16 09:49:00-04:00,0,5
GEP-004670,ifvg,BEARISH_IFVG_ACTIVATION,2025-07-16 09:49:00-04:00,0,3
GEP-004671,ifvg,BEARISH_IFVG_ACTIVATION,2025-07-16 09:49:00-04:00,0,3
GEP-004672,ifvg,BEARISH_IFVG_ACTIVATION,2025-07-16 09:49:00-04:00,0,3
GEP-004673,fvg,BEARISH_FVG_FORMED,2025-07-16 09:50:00-04:00,0,7
GEP-004674,ifvg,BEARISH_IFVG_ACTIVATION,2025-07-16 09:50:00-04:00,0,3
GEP-004675,ifvg,BEARISH_IFVG_ACTIVATION,2025-07-16 09:50:00-04:00,0,3
GEP-004676,ifvg,BEARISH_IFVG_ACTIVATION,2025-07-16 09:50:00-04:00,0,3
GEP-004677,ifvg,BEARISH_IFVG_ACTIVATION,2025-07-16 09:50:00-04:00,0,3
GEP-004678,fvg,BEARISH_FVG_FORMED,2025-07-16 09:51:00-04:00,0,7
GEP-004679,liquidity,SWING_HIGH_BREAK,2025-07-16 09:51:00-04:00,0,5
GEP-004680,liquidity,EQUAL_HIGHS_BREAK,2025-07-16 09:51:00-04:00,0,5
GEP-004681,ifvg,BEARISH_IFVG_ACTIVATION,2025-07-16 09:54:00-04:00,0,3
GEP-004682,liquidity,SWING_HIGH_BREAK,2025-07-16 09:57:00-04:00,0,5
GEP-004683,liquidity,EQUAL_HIGHS_BREAK,2025-07-16 09:57:00-04:00,0,5
GEP-004684,ifvg,BEARISH_IFVG_ACTIVATION,2025-07-16 09:57:00-04:00,0,3
GEP-004685,rejection_block,BULLISH_RB_CONFIRMED,2025-07-16 10:00:00-04:00,0,3
GEP-004686,time_anchor,ANCHOR_OPEN_1000_BREAK,2025-07-16 10:01:00-04:00,0,6
GEP-004687,hist_level,HL_1000_HIGH_SWEEP_ABOVE,2025-07-16 10:01:00-04:00,0,5
GEP-004688,hist_level,HL_1000_LOW_BREAK,2025-07-16 10:01:00-04:00,0,5
GEP-004689,liquidity,SWING_LOW_BREAK,2025-07-16 10:02:00-04:00,0,5
GEP-004690,liquidity,EQUAL_LOWS_BREAK,2025-07-16 10:02:00-04:00,0,5
GEP-004691,ifvg,BEARISH_IFVG_ACTIVATION,2025-07-16 10:06:00-04:00,0,3
GEP-004692,fvg,BEARISH_FVG_FORMED,2025-07-16 10:07:00-04:00,0,7
GEP-004693,liquidity,SWING_HIGH_BREAK,2025-07-16 10:07:00-04:00,0,5
GEP-004694,ifvg,BULLISH_IFVG_ACTIVATION,2025-07-16 10:08:00-04:00,0,3
GEP-004695,fvg,BULLISH_FVG_FORMED,2025-07-16 10:09:00-04:00,0,7
GEP-004696,fvg,BULLISH_FVG_FORMED,2025-07-16 10:10:00-04:00,0,7
GEP-004697,liquidity,SWING_LOW_BREAK,2025-07-16 10:10:00-04:00,0,5
GEP-004698,liquidity,EQUAL_LOWS_BREAK,2025-07-16 10:10:00-04:00,0,5
GEP-004699,fvg,BULLISH_FVG_FORMED,2025-07-16 10:11:00-04:00,0,7
GEP-004700,ifvg,BULLISH_IFVG_ACTIVATION,2025-07-16 10:12:00-04:00,0,3
GEP-004701,ifvg,BEARISH_IFVG_ACTIVATION,2025-07-16 10:14:00-04:00,0,3
GEP-004702,fvg,BEARISH_FVG_FORMED,2025-07-16 10:15:00-04:00,0,5
GEP-004703,liquidity,SWING_HIGH_BREAK,2025-07-16 10:15:00-04:00,0,5
GEP-004704,liquidity,SWING_HIGH_BREAK,2025-07-16 10:16:00-04:00,0,5
GEP-004705,liquidity,EQUAL_HIGHS_BREAK,2025-07-16 10:16:00-04:00,0,5
GEP-004706,ifvg,BEARISH_IFVG_ACTIVATION,2025-07-16 10:16:00-04:00,0,3
GEP-004707,rejection_block,BULLISH_RB_CONFIRMED,2025-07-16 10:17:00-04:00,0,3
GEP-004708,ifvg,BULLISH_IFVG_ACTIVATION,2025-07-16 10:18:00-04:00,0,3
GEP-004709,fvg,BULLISH_FVG_FORMED,2025-07-16 10:19:00-04:00,0,7
GEP-004710,liquidity,SWING_LOW_BREAK,2025-07-16 10:20:00-04:00,0,5
GEP-004711,fvg,BULLISH_FVG_FORMED,2025-07-16 10:22:00-04:00,0,5
GEP-004712,fvg,BULLISH_FVG_FORMED,2025-07-16 10:23:00-04:00,0,5
GEP-004713,liquidity,SWING_LOW_BREAK,2025-07-16 10:24:00-04:00,0,5
GEP-004714,liquidity,EQUAL_LOWS_BREAK,2025-07-16 10:24:00-04:00,0,5
GEP-004715,ifvg,BEARISH_IFVG_ACTIVATION,2025-07-16 10:25:00-04:00,0,3
GEP-004716,ifvg,BEARISH_IFVG_ACTIVATION,2025-07-16 10:25:00-04:00,0,3
GEP-004717,liquidity,SWING_HIGH_BREAK,2025-07-16 10:26:00-04:00,0,5
GEP-004718,liquidity,EQUAL_HIGHS_BREAK,2025-07-16 10:26:00-04:00,0,5
GEP-004719,liquidity,SWING_LOW_BREAK,2025-07-16 10:28:00-04:00,0,5
GEP-004720,ifvg,BULLISH_IFVG_ACTIVATION,2025-07-16 10:30:00-04:00,0,3
GEP-004721,ifvg,BULLISH_IFVG_ACTIVATION,2025-07-16 10:30:00-04:00,0,3
GEP-004722,fvg,BULLISH_FVG_FORMED,2025-07-16 10:31:00-04:00,0,7
GEP-004723,liquidity,SWING_HIGH_BREAK,2025-07-16 10:33:00-04:00,0,5
GEP-004724,fvg,BEARISH_FVG_FORMED,2025-07-16 10:35:00-04:00,0,5
GEP-004725,ifvg,BEARISH_IFVG_ACTIVATION,2025-07-16 10:35:00-04:00,0,3
GEP-004726,fvg,BEARISH_FVG_FORMED,2025-07-16 10:36:00-04:00,0,5
GEP-004727,liquidity,SWING_HIGH_BREAK,2025-07-16 10:37:00-04:00,0,5
GEP-004728,liquidity,SWING_LOW_BREAK,2025-07-16 10:39:00-04:00,0,5
GEP-004729,rejection_block,BULLISH_RB_CONFIRMED,2025-07-16 10:40:00-04:00,0,3
GEP-004730,liquidity,SWING_HIGH_BREAK,2025-07-16 10:43:00-04:00,0,5
GEP-004731,liquidity,EQUAL_HIGHS_BREAK,2025-07-16 10:43:00-04:00,0,5
GEP-004732,liquidity,SWING_LOW_BREAK,2025-07-16 10:44:00-04:00,0,5
GEP-004733,liquidity,EQUAL_LOWS_BREAK,2025-07-16 10:44:00-04:00,0,5
GEP-004734,ifvg,BULLISH_IFVG_ACTIVATION,2025-07-16 10:47:00-04:00,0,3
GEP-004735,fvg,BULLISH_FVG_FORMED,2025-07-16 10:48:00-04:00,0,5
GEP-004736,ifvg,BULLISH_IFVG_ACTIVATION,2025-07-16 10:49:00-04:00,0,3
GEP-004737,ifvg,BEARISH_IFVG_ACTIVATION,2025-07-16 10:54:00-04:00,0,3
GEP-004738,ifvg,BEARISH_IFVG_ACTIVATION,2025-07-16 10:54:00-04:00,0,3
GEP-004739,fvg,BEARISH_FVG_FORMED,2025-07-16 10:55:00-04:00,0,7
GEP-004740,liquidity,SWING_HIGH_BREAK,2025-07-16 10:56:00-04:00,0,5
GEP-004741,liquidity,SWING_LOW_BREAK,2025-07-16 10:58:00-04:00,0,5
GEP-004742,liquidity,EQUAL_LOWS_BREAK,2025-07-16 10:58:00-04:00,0,5
GEP-004743,liquidity,SWING_LOW_BREAK,2025-07-16 11:01:00-04:00,0,5
GEP-004744,fvg,BULLISH_FVG_FORMED,2025-07-16 11:04:00-04:00,0,5
GEP-004745,rejection_block,BEARISH_RB_CONFIRMED,2025-07-16 11:05:00-04:00,0,3
GEP-004746,liquidity,SWING_HIGH_BREAK,2025-07-16 11:07:00-04:00,0,5
GEP-004747,liquidity,EQUAL_HIGHS_BREAK,2025-07-16 11:07:00-04:00,0,5
GEP-004748,ifvg,BULLISH_IFVG_ACTIVATION,2025-07-16 11:08:00-04:00,0,3
GEP-004749,liquidity,SWING_LOW_BREAK,2025-07-16 11:09:00-04:00,0,5
GEP-004750,liquidity,EQUAL_LOWS_BREAK,2025-07-16 11:09:00-04:00,0,5
GEP-004751,fvg,BULLISH_FVG_FORMED,2025-07-16 11:12:00-04:00,0,5
GEP-004752,ifvg,BULLISH_IFVG_ACTIVATION,2025-07-16 11:12:00-04:00,0,3
GEP-004753,liquidity,SWING_LOW_BREAK,2025-07-16 11:13:00-04:00,0,5
GEP-004754,liquidity,EQUAL_LOWS_BREAK,2025-07-16 11:13:00-04:00,0,5
GEP-004755,fvg,BULLISH_FVG_FORMED,2025-07-16 11:15:00-04:00,0,5
GEP-004756,ifvg,BEARISH_IFVG_ACTIVATION,2025-07-16 11:16:00-04:00,0,3
GEP-004757,ifvg,BEARISH_IFVG_ACTIVATION,2025-07-16 11:16:00-04:00,0,3
GEP-004758,ifvg,BEARISH_IFVG_ACTIVATION,2025-07-16 11:16:00-04:00,0,3
GEP-004759,fvg,BEARISH_FVG_FORMED,2025-07-16 11:17:00-04:00,0,7
GEP-004760,liquidity,SWING_HIGH_BREAK,2025-07-16 11:18:00-04:00,0,5
GEP-004761,ifvg,BEARISH_IFVG_ACTIVATION,2025-07-16 11:19:00-04:00,0,3
GEP-004762,fvg,BEARISH_FVG_FORMED,2025-07-16 11:20:00-04:00,0,7
GEP-004763,rejection_block,BULLISH_RB_CONFIRMED,2025-07-16 11:23:00-04:00,0,3
GEP-004764,rejection_block,BULLISH_RB_CONFIRMED,2025-07-16 11:23:00-04:00,0,3
GEP-004765,liquidity,SWING_LOW_BREAK,2025-07-16 11:25:00-04:00,0,5
GEP-004766,liquidity,EQUAL_LOWS_BREAK,2025-07-16 11:25:00-04:00,0,5
GEP-004767,fvg,BULLISH_FVG_FORMED,2025-07-16 11:27:00-04:00,0,5
GEP-004768,ifvg,BULLISH_IFVG_ACTIVATION,2025-07-16 11:28:00-04:00,0,3
GEP-004769,rejection_block,BEARISH_RB_CONFIRMED,2025-07-16 11:30:00-04:00,0,3
GEP-004770,fvg,BEARISH_FVG_FORMED,2025-07-16 11:31:00-04:00,0,7
GEP-004771,liquidity,SWING_HIGH_BREAK,2025-07-16 11:32:00-04:00,0,5
GEP-004772,ifvg,BEARISH_IFVG_ACTIVATION,2025-07-16 11:32:00-04:00,0,3
GEP-004773,fvg,BEARISH_FVG_FORMED,2025-07-16 11:34:00-04:00,0,5
GEP-004774,fvg,BEARISH_FVG_FORMED,2025-07-16 11:35:00-04:00,0,5
GEP-004775,fvg,BEARISH_FVG_FORMED,2025-07-16 11:36:00-04:00,0,5
GEP-004776,fvg,BEARISH_FVG_FORMED,2025-07-16 11:37:00-04:00,0,5
GEP-004777,liquidity,SWING_LOW_BREAK,2025-07-16 11:40:00-04:00,0,2
GEP-004778,liquidity,EQUAL_LOWS_BREAK,2025-07-16 11:40:00-04:00,0,2
GEP-004779,ifvg,BULLISH_IFVG_ACTIVATION,2025-07-16 11:40:00-04:00,0,3
GEP-004780,fvg,BULLISH_FVG_FORMED,2025-07-16 11:41:00-04:00,0,5
GEP-004781,ifvg,BULLISH_IFVG_ACTIVATION,2025-07-16 11:41:00-04:00,0,3
GEP-004782,fvg,BULLISH_FVG_FORMED,2025-07-16 11:42:00-04:00,0,5
GEP-004783,ifvg,BULLISH_IFVG_ACTIVATION,2025-07-16 11:42:00-04:00,0,3
GEP-004784,fvg,BULLISH_FVG_FORMED,2025-07-16 11:43:00-04:00,0,5
GEP-004785,ifvg,BULLISH_IFVG_ACTIVATION,2025-07-16 11:43:00-04:00,0,3
GEP-004786,liquidity,SWING_HIGH_BREAK,2025-07-16 11:48:00-04:00,0,5
GEP-004787,liquidity,SWING_LOW_BREAK,2025-07-16 11:49:00-04:00,0,2
GEP-004788,liquidity,EQUAL_LOWS_BREAK,2025-07-16 11:49:00-04:00,0,2
GEP-004789,fvg,BEARISH_FVG_FORMED,2025-07-16 11:53:00-04:00,0,7
GEP-004790,liquidity,SWING_HIGH_BREAK,2025-07-16 11:53:00-04:00,0,5
GEP-004791,ifvg,BULLISH_IFVG_ACTIVATION,2025-07-16 11:54:00-04:00,0,3
GEP-004792,fvg,BULLISH_FVG_FORMED,2025-07-16 11:55:00-04:00,0,7
GEP-004793,ifvg,BULLISH_IFVG_ACTIVATION,2025-07-16 11:55:00-04:00,0,3
GEP-004794,fvg,BULLISH_FVG_FORMED,2025-07-16 11:56:00-04:00,0,7
GEP-004795,liquidity,SWING_LOW_BREAK,2025-07-16 11:56:00-04:00,0,2
GEP-004796,liquidity,EQUAL_LOWS_BREAK,2025-07-16 11:56:00-04:00,0,2
GEP-004797,rejection_block,BEARISH_RB_CONFIRMED,2025-07-16 11:57:00-04:00,0,3
GEP-004798,rejection_block,BULLISH_RB_CONFIRMED,2025-07-16 11:59:00-04:00,0,3
GEP-004799,liquidity,SWING_HIGH_BREAK,2025-07-16 11:59:00-04:00,0,5
GEP-004800,liquidity,EQUAL_HIGHS_BREAK,2025-07-16 11:59:00-04:00,0,5
GEP-004801,liquidity,SWING_LOW_BREAK,2025-07-16 12:01:00-04:00,0,5
GEP-004802,liquidity,EQUAL_LOWS_BREAK,2025-07-16 12:01:00-04:00,0,5
GEP-004803,rejection_block,BEARISH_RB_CONFIRMED,2025-07-16 12:02:00-04:00,0,3
GEP-004804,liquidity,SWING_HIGH_BREAK,2025-07-16 12:04:00-04:00,0,5
GEP-004805,liquidity,SWING_LOW_BREAK,2025-07-16 12:05:00-04:00,0,2
GEP-004806,fvg,BEARISH_FVG_FORMED,2025-07-16 12:09:00-04:00,0,5
GEP-004807,liquidity,SWING_HIGH_BREAK,2025-07-16 12:09:00-04:00,0,2
GEP-004808,liquidity,EQUAL_HIGHS_BREAK,2025-07-16 12:09:00-04:00,0,2
GEP-004809,liquidity,SWING_LOW_BREAK,2025-07-16 12:14:00-04:00,0,5
GEP-004810,liquidity,EQUAL_LOWS_BREAK,2025-07-16 12:14:00-04:00,0,5
GEP-004811,liquidity,SWING_HIGH_BREAK,2025-07-16 12:15:00-04:00,0,5
GEP-004812,fvg,BULLISH_FVG_FORMED,2025-07-16 12:17:00-04:00,0,5
GEP-004813,ifvg,BULLISH_IFVG_ACTIVATION,2025-07-16 12:17:00-04:00,0,3
GEP-004814,ifvg,BEARISH_IFVG_ACTIVATION,2025-07-16 12:18:00-04:00,0,3
GEP-004815,fvg,BEARISH_FVG_FORMED,2025-07-16 12:19:00-04:00,0,7
GEP-004816,liquidity,SWING_HIGH_BREAK,2025-07-16 12:20:00-04:00,0,5
GEP-004817,liquidity,EQUAL_HIGHS_BREAK,2025-07-16 12:20:00-04:00,0,5
GEP-004818,fvg,BEARISH_FVG_FORMED,2025-07-16 12:21:00-04:00,0,5
GEP-004819,rejection_block,BULLISH_RB_CONFIRMED,2025-07-16 12:23:00-04:00,0,3
GEP-004820,ifvg,BULLISH_IFVG_ACTIVATION,2025-07-16 12:24:00-04:00,0,3
GEP-004821,liquidity,SWING_LOW_BREAK,2025-07-16 12:25:00-04:00,0,5
GEP-004822,liquidity,EQUAL_LOWS_BREAK,2025-07-16 12:25:00-04:00,0,5
GEP-004823,rejection_block,BULLISH_RB_CONFIRMED,2025-07-16 12:27:00-04:00,0,3
GEP-004824,liquidity,SWING_HIGH_BREAK,2025-07-16 12:27:00-04:00,0,5
GEP-004825,liquidity,EQUAL_HIGHS_BREAK,2025-07-16 12:27:00-04:00,0,5
GEP-004826,fvg,BULLISH_FVG_FORMED,2025-07-16 12:28:00-04:00,0,5
GEP-004827,liquidity,SWING_LOW_BREAK,2025-07-16 12:29:00-04:00,0,2
GEP-004828,liquidity,EQUAL_LOWS_BREAK,2025-07-16 12:29:00-04:00,0,2
GEP-004829,rejection_block,BULLISH_RB_CONFIRMED,2025-07-16 12:31:00-04:00,0,3
GEP-004830,structure,COMPRESSION,2025-07-16 12:33:00-04:00,0,2
GEP-004831,liquidity,SWING_LOW_BREAK,2025-07-16 12:33:00-04:00,0,2
GEP-004832,liquidity,EQUAL_LOWS_BREAK,2025-07-16 12:33:00-04:00,0,5
GEP-004833,ifvg,BULLISH_IFVG_ACTIVATION,2025-07-16 12:33:00-04:00,0,3
GEP-004834,rejection_block,BEARISH_RB_CONFIRMED,2025-07-16 12:37:00-04:00,0,3
GEP-004835,rejection_block,BULLISH_RB_CONFIRMED,2025-07-16 12:38:00-04:00,0,3
GEP-004836,fvg,BULLISH_FVG_FORMED,2025-07-16 12:39:00-04:00,0,5
GEP-004837,liquidity,SWING_LOW_BREAK,2025-07-16 12:40:00-04:00,0,2
GEP-004838,fvg,BEARISH_FVG_FORMED,2025-07-16 12:45:00-04:00,0,5
GEP-004839,liquidity,SWING_HIGH_BREAK,2025-07-16 12:45:00-04:00,0,2
GEP-004840,ifvg,BEARISH_IFVG_ACTIVATION,2025-07-16 12:45:00-04:00,0,3
GEP-004841,fvg,BEARISH_FVG_FORMED,2025-07-16 12:46:00-04:00,0,7
GEP-004842,liquidity,SWING_HIGH_BREAK,2025-07-16 12:46:00-04:00,0,2
GEP-004843,liquidity,EQUAL_HIGHS_BREAK,2025-07-16 12:46:00-04:00,0,2
GEP-004844,ifvg,BEARISH_IFVG_ACTIVATION,2025-07-16 12:46:00-04:00,0,3
GEP-004845,fvg,BEARISH_FVG_FORMED,2025-07-16 12:47:00-04:00,0,7
GEP-004846,ifvg,BULLISH_IFVG_ACTIVATION,2025-07-16 12:48:00-04:00,0,3
GEP-004847,ifvg,BULLISH_IFVG_ACTIVATION,2025-07-16 12:48:00-04:00,0,3
GEP-004848,fvg,BULLISH_FVG_FORMED,2025-07-16 12:49:00-04:00,0,7
GEP-004849,ifvg,BULLISH_IFVG_ACTIVATION,2025-07-16 12:49:00-04:00,0,3
GEP-004850,fvg,BULLISH_FVG_FORMED,2025-07-16 12:50:00-04:00,0,7
GEP-004851,liquidity,SWING_LOW_BREAK,2025-07-16 12:50:00-04:00,0,2
GEP-004852,fvg,BULLISH_FVG_FORMED,2025-07-16 12:51:00-04:00,0,5
GEP-004853,fvg,BULLISH_FVG_FORMED,2025-07-16 12:52:00-04:00,0,5
GEP-004854,fvg,BULLISH_FVG_FORMED,2025-07-16 12:53:00-04:00,0,5
GEP-004855,liquidity,SWING_HIGH_BREAK,2025-07-16 12:56:00-04:00,0,5
GEP-004856,liquidity,EQUAL_HIGHS_BREAK,2025-07-16 12:56:00-04:00,0,5
GEP-004857,ifvg,BULLISH_IFVG_ACTIVATION,2025-07-16 12:56:00-04:00,0,3
GEP-004858,fvg,BULLISH_FVG_FORMED,2025-07-16 12:58:00-04:00,0,5
GEP-004859,fvg,BULLISH_FVG_FORMED,2025-07-16 12:59:00-04:00,0,5
GEP-004860,liquidity,SWING_HIGH_BREAK,2025-07-16 13:02:00-04:00,0,5
GEP-004861,liquidity,EQUAL_HIGHS_BREAK,2025-07-16 13:02:00-04:00,0,5
GEP-004862,rejection_block,BULLISH_RB_CONFIRMED,2025-07-16 13:03:00-04:00,0,3
GEP-004863,fvg,BULLISH_FVG_FORMED,2025-07-16 13:04:00-04:00,0,5
GEP-004864,liquidity,SWING_LOW_BREAK,2025-07-16 13:05:00-04:00,0,5
GEP-004865,ifvg,BULLISH_IFVG_ACTIVATION,2025-07-16 13:08:00-04:00,0,3
GEP-004866,liquidity,SWING_HIGH_BREAK,2025-07-16 13:11:00-04:00,0,5
GEP-004867,liquidity,EQUAL_HIGHS_BREAK,2025-07-16 13:11:00-04:00,0,5
GEP-004868,rejection_block,BEARISH_RB_CONFIRMED,2025-07-16 13:14:00-04:00,0,3
GEP-004869,fvg,BEARISH_FVG_FORMED,2025-07-16 13:15:00-04:00,0,5
GEP-004870,liquidity,SWING_HIGH_BREAK,2025-07-16 13:16:00-04:00,0,5
GEP-004871,fvg,BULLISH_FVG_FORMED,2025-07-16 13:18:00-04:00,0,5
GEP-004872,liquidity,SWING_HIGH_BREAK,2025-07-16 13:20:00-04:00,0,5
GEP-004873,liquidity,SWING_LOW_BREAK,2025-07-16 13:20:00-04:00,0,5
GEP-004874,ifvg,BULLISH_IFVG_ACTIVATION,2025-07-16 13:20:00-04:00,0,3
GEP-004875,ifvg,BEARISH_IFVG_ACTIVATION,2025-07-16 13:21:00-04:00,0,3
GEP-004876,liquidity,SWING_HIGH_BREAK,2025-07-16 13:23:00-04:00,0,5
GEP-004877,liquidity,EQUAL_HIGHS_BREAK,2025-07-16 13:23:00-04:00,0,5
GEP-004878,liquidity,SWING_LOW_BREAK,2025-07-16 13:26:00-04:00,0,5
GEP-004879,liquidity,SWING_HIGH_BREAK,2025-07-16 13:28:00-04:00,0,5
GEP-004880,ifvg,BEARISH_IFVG_ACTIVATION,2025-07-16 13:29:00-04:00,0,3
GEP-004881,liquidity,SWING_LOW_SWEEP_BELOW,2025-07-16 13:30:00-04:00,0,5
GEP-004882,ifvg,BEARISH_IFVG_ACTIVATION,2025-07-16 13:31:00-04:00,0,3
GEP-004883,rejection_block,BULLISH_RB_CONFIRMED,2025-07-16 13:32:00-04:00,0,3
GEP-004884,rejection_block,BULLISH_RB_CONFIRMED,2025-07-16 13:34:00-04:00,0,3
GEP-004885,rejection_block,BULLISH_RB_CONFIRMED,2025-07-16 13:35:00-04:00,0,3
GEP-004886,liquidity,SWING_LOW_BREAK,2025-07-16 13:37:00-04:00,0,5
GEP-004887,ifvg,BEARISH_IFVG_ACTIVATION,2025-07-16 13:37:00-04:00,0,3
GEP-004888,liquidity,SWING_HIGH_BREAK,2025-07-16 13:41:00-04:00,0,5
GEP-004889,liquidity,SWING_LOW_BREAK,2025-07-16 13:41:00-04:00,0,5
GEP-004890,liquidity,EQUAL_HIGHS_BREAK,2025-07-16 13:41:00-04:00,0,5
GEP-004891,liquidity,EQUAL_LOWS_BREAK,2025-07-16 13:41:00-04:00,0,5
GEP-004892,liquidity,SWING_LOW_BREAK,2025-07-16 13:45:00-04:00,0,5
GEP-004893,liquidity,SWING_HIGH_BREAK,2025-07-16 13:49:00-04:00,0,5
GEP-004894,rejection_block,BEARISH_RB_CONFIRMED,2025-07-16 13:54:00-04:00,0,3
GEP-004895,liquidity,SWING_LOW_BREAK,2025-07-16 13:54:00-04:00,0,5
GEP-004896,fvg,BEARISH_FVG_FORMED,2025-07-16 13:59:00-04:00,0,5
GEP-004897,liquidity,SWING_HIGH_BREAK,2025-07-16 13:59:00-04:00,0,5
GEP-004898,fvg,BEARISH_FVG_FORMED,2025-07-16 14:00:00-04:00,0,5
GEP-004899,rejection_block,BULLISH_RB_CONFIRMED,2025-07-16 14:01:00-04:00,0,3
GEP-004900,liquidity,SWING_LOW_SWEEP_BELOW,2025-07-16 14:03:00-04:00,0,5
GEP-004901,liquidity,EQUAL_LOWS_SWEEP_BELOW,2025-07-16 14:03:00-04:00,0,5
GEP-004902,ifvg,BULLISH_IFVG_ACTIVATION,2025-07-16 14:04:00-04:00,0,3
GEP-004903,ifvg,BULLISH_IFVG_ACTIVATION,2025-07-16 14:04:00-04:00,0,3
GEP-004904,liquidity,SWING_LOW_BREAK,2025-07-16 14:06:00-04:00,0,5
GEP-004905,liquidity,EQUAL_LOWS_BREAK,2025-07-16 14:06:00-04:00,0,5
GEP-004906,rejection_block,BEARISH_RB_CONFIRMED,2025-07-16 14:09:00-04:00,0,3
GEP-004907,rejection_block,BEARISH_RB_CONFIRMED,2025-07-16 14:09:00-04:00,0,3
GEP-004908,fvg,BEARISH_FVG_FORMED,2025-07-16 14:10:00-04:00,0,5
GEP-004909,fvg,BEARISH_FVG_FORMED,2025-07-16 14:11:00-04:00,0,5
GEP-004910,liquidity,SWING_HIGH_BREAK,2025-07-16 14:11:00-04:00,0,5
GEP-004911,liquidity,EQUAL_HIGHS_BREAK,2025-07-16 14:11:00-04:00,0,5
GEP-004912,ifvg,BULLISH_IFVG_ACTIVATION,2025-07-16 14:12:00-04:00,0,3
GEP-004913,fvg,BULLISH_FVG_FORMED,2025-07-16 14:13:00-04:00,0,5
GEP-004914,liquidity,SWING_LOW_BREAK,2025-07-16 14:14:00-04:00,0,5
GEP-004915,ifvg,BULLISH_IFVG_ACTIVATION,2025-07-16 14:15:00-04:00,0,3
GEP-004916,fvg,BULLISH_FVG_FORMED,2025-07-16 14:16:00-04:00,0,5
GEP-004917,ifvg,BEARISH_IFVG_ACTIVATION,2025-07-16 14:18:00-04:00,0,3
GEP-004918,fvg,BEARISH_FVG_FORMED,2025-07-16 14:19:00-04:00,0,7
GEP-004919,liquidity,SWING_HIGH_BREAK,2025-07-16 14:19:00-04:00,0,5
GEP-004920,liquidity,EQUAL_HIGHS_BREAK,2025-07-16 14:19:00-04:00,0,5
GEP-004921,ifvg,BEARISH_IFVG_ACTIVATION,2025-07-16 14:20:00-04:00,0,3
GEP-004922,fvg,BULLISH_FVG_FORMED,2025-07-16 14:22:00-04:00,0,5
GEP-004923,ifvg,BULLISH_IFVG_ACTIVATION,2025-07-16 14:22:00-04:00,0,3
GEP-004924,fvg,BULLISH_FVG_FORMED,2025-07-16 14:23:00-04:00,0,5
GEP-004925,liquidity,SWING_LOW_BREAK,2025-07-16 14:24:00-04:00,0,2
GEP-004926,liquidity,SWING_HIGH_SWEEP_ABOVE,2025-07-16 14:35:00-04:00,0,5
GEP-004927,liquidity,SWING_LOW_BREAK,2025-07-16 14:37:00-04:00,0,5
GEP-004928,liquidity,EQUAL_LOWS_BREAK,2025-07-16 14:37:00-04:00,0,5
GEP-004929,rejection_block,BEARISH_RB_CONFIRMED,2025-07-16 14:38:00-04:00,0,3
GEP-004930,rejection_block,BULLISH_RB_CONFIRMED,2025-07-16 14:39:00-04:00,0,3
GEP-004931,liquidity,SWING_HIGH_SWEEP_ABOVE,2025-07-16 14:40:00-04:00,0,5
GEP-004932,liquidity,EQUAL_HIGHS_SWEEP_ABOVE,2025-07-16 14:40:00-04:00,0,5
GEP-004933,liquidity,SWING_LOW_BREAK,2025-07-16 14:41:00-04:00,0,5
GEP-004934,liquidity,EQUAL_LOWS_BREAK,2025-07-16 14:41:00-04:00,0,5
GEP-004935,rejection_block,BEARISH_RB_CONFIRMED,2025-07-16 14:44:00-04:00,0,3
GEP-004936,rejection_block,BEARISH_RB_CONFIRMED,2025-07-16 14:45:00-04:00,0,3
GEP-004937,fvg,BEARISH_FVG_FORMED,2025-07-16 14:46:00-04:00,0,5
GEP-004938,liquidity,SWING_HIGH_BREAK,2025-07-16 14:47:00-04:00,0,5
GEP-004939,liquidity,EQUAL_HIGHS_BREAK,2025-07-16 14:47:00-04:00,0,5
GEP-004940,fvg,BEARISH_FVG_FORMED,2025-07-16 14:48:00-04:00,0,7
GEP-004941,liquidity,SWING_LOW_BREAK,2025-07-16 14:52:00-04:00,0,5
GEP-004942,liquidity,EQUAL_LOWS_BREAK,2025-07-16 14:52:00-04:00,0,5
GEP-004943,ifvg,BULLISH_IFVG_ACTIVATION,2025-07-16 14:54:00-04:00,0,3
GEP-004944,ifvg,BULLISH_IFVG_ACTIVATION,2025-07-16 14:55:00-04:00,0,3
GEP-004945,fvg,BULLISH_FVG_FORMED,2025-07-16 14:56:00-04:00,0,7
GEP-004946,rejection_block,BEARISH_RB_CONFIRMED,2025-07-16 14:57:00-04:00,0,3
GEP-004947,liquidity,SWING_HIGH_BREAK,2025-07-16 14:59:00-04:00,0,5
GEP-004948,ifvg,BULLISH_IFVG_ACTIVATION,2025-07-16 14:59:00-04:00,0,3
GEP-004949,fvg,BULLISH_FVG_FORMED,2025-07-16 15:01:00-04:00,0,5
GEP-004950,ifvg,BEARISH_IFVG_ACTIVATION,2025-07-16 15:03:00-04:00,0,3
GEP-004951,liquidity,SWING_HIGH_BREAK,2025-07-16 15:04:00-04:00,0,5
GEP-004952,liquidity,EQUAL_HIGHS_BREAK,2025-07-16 15:04:00-04:00,0,5
GEP-004953,liquidity,SWING_LOW_BREAK,2025-07-16 15:08:00-04:00,0,5
GEP-004954,liquidity,EQUAL_LOWS_BREAK,2025-07-16 15:08:00-04:00,0,5
GEP-004955,liquidity,SWING_HIGH_BREAK,2025-07-16 15:12:00-04:00,0,5
GEP-004956,liquidity,EQUAL_HIGHS_BREAK,2025-07-16 15:12:00-04:00,0,5
GEP-004957,fvg,BEARISH_FVG_FORMED,2025-07-16 15:13:00-04:00,0,5
GEP-004958,fvg,BEARISH_FVG_FORMED,2025-07-16 15:16:00-04:00,0,5
GEP-004959,rejection_block,BULLISH_RB_CONFIRMED,2025-07-16 15:17:00-04:00,0,3
GEP-004960,ifvg,BULLISH_IFVG_ACTIVATION,2025-07-16 15:18:00-04:00,0,3
GEP-004961,liquidity,SWING_LOW_BREAK,2025-07-16 15:19:00-04:00,0,5
GEP-004962,liquidity,EQUAL_LOWS_BREAK,2025-07-16 15:19:00-04:00,0,5
GEP-004963,rejection_block,BULLISH_RB_CONFIRMED,2025-07-16 15:21:00-04:00,0,3
GEP-004964,liquidity,SWING_LOW_SWEEP_BELOW,2025-07-16 15:23:00-04:00,0,5
GEP-004965,liquidity,SWING_HIGH_BREAK,2025-07-16 15:25:00-04:00,0,5
GEP-004966,liquidity,SWING_LOW_BREAK,2025-07-16 15:26:00-04:00,0,5
GEP-004967,liquidity,EQUAL_LOWS_BREAK,2025-07-16 15:26:00-04:00,0,5
GEP-004968,fvg,BULLISH_FVG_FORMED,2025-07-16 15:29:00-04:00,0,5
GEP-004969,liquidity,EQUAL_HIGHS_SWEEP_ABOVE,2025-07-16 15:29:00-04:00,0,5
GEP-004970,liquidity,SWING_HIGH_BREAK,2025-07-16 15:30:00-04:00,0,5
GEP-004971,ifvg,BULLISH_IFVG_ACTIVATION,2025-07-16 15:30:00-04:00,0,3
GEP-004972,rejection_block,BEARISH_RB_CONFIRMED,2025-07-16 15:31:00-04:00,0,3
GEP-004973,ifvg,BEARISH_IFVG_ACTIVATION,2025-07-16 15:31:00-04:00,0,3
GEP-004974,liquidity,SWING_HIGH_BREAK,2025-07-16 15:32:00-04:00,0,5
GEP-004975,liquidity,EQUAL_HIGHS_BREAK,2025-07-16 15:32:00-04:00,0,5
GEP-004976,rejection_block,BULLISH_RB_CONFIRMED,2025-07-16 15:33:00-04:00,0,3
GEP-004977,liquidity,SWING_LOW_BREAK,2025-07-16 15:33:00-04:00,0,5
GEP-004978,rejection_block,BEARISH_RB_CONFIRMED,2025-07-16 15:36:00-04:00,0,3
GEP-004979,fvg,BULLISH_FVG_FORMED,2025-07-16 15:38:00-04:00,0,7
GEP-004980,liquidity,SWING_HIGH_BREAK,2025-07-16 15:38:00-04:00,0,5
GEP-004981,liquidity,EQUAL_HIGHS_BREAK,2025-07-16 15:38:00-04:00,0,5
GEP-004982,fvg,BULLISH_FVG_FORMED,2025-07-16 15:39:00-04:00,0,7
GEP-004983,liquidity,SWING_LOW_BREAK,2025-07-16 15:39:00-04:00,0,5
GEP-004984,liquidity,EQUAL_LOWS_BREAK,2025-07-16 15:39:00-04:00,0,5
GEP-004985,fvg,BULLISH_FVG_FORMED,2025-07-16 15:40:00-04:00,0,7
GEP-004986,fvg,BULLISH_FVG_FORMED,2025-07-16 15:41:00-04:00,0,7
GEP-004987,liquidity,SWING_HIGH_BREAK,2025-07-16 15:44:00-04:00,0,5
GEP-004988,liquidity,EQUAL_HIGHS_BREAK,2025-07-16 15:44:00-04:00,0,5
GEP-004989,fvg,BEARISH_FVG_FORMED,2025-07-16 15:46:00-04:00,0,5
GEP-004990,ifvg,BEARISH_IFVG_ACTIVATION,2025-07-16 15:46:00-04:00,0,3
GEP-004991,rejection_block,BULLISH_RB_CONFIRMED,2025-07-16 15:47:00-04:00,0,3
GEP-004992,ifvg,BULLISH_IFVG_ACTIVATION,2025-07-16 15:47:00-04:00,0,3
GEP-004993,fvg,BULLISH_FVG_FORMED,2025-07-16 15:48:00-04:00,0,5
GEP-004994,liquidity,SWING_LOW_BREAK,2025-07-16 15:50:00-04:00,0,5
GEP-004995,liquidity,EQUAL_LOWS_BREAK,2025-07-16 15:50:00-04:00,0,5
GEP-004996,ifvg,BEARISH_IFVG_ACTIVATION,2025-07-16 15:50:00-04:00,0,3
GEP-004997,fvg,BEARISH_FVG_FORMED,2025-07-16 15:51:00-04:00,0,7
GEP-004998,liquidity,SWING_HIGH_BREAK,2025-07-16 15:52:00-04:00,0,5
GEP-004999,liquidity,SWING_LOW_BREAK,2025-07-16 15:54:00-04:00,0,5
GEP-005000,liquidity,EQUAL_LOWS_BREAK,2025-07-16 15:54:00-04:00,0,5
GEP-005001,rejection_block,BEARISH_RB_CONFIRMED,2025-07-16 15:56:00-04:00,0,3
GEP-005002,liquidity,SWING_LOW_BREAK,2025-07-16 15:57:00-04:00,0,5
GEP-005003,liquidity,SWING_HIGH_BREAK,2025-07-16 15:58:00-04:00,0,5
GEP-005004,ifvg,BEARISH_IFVG_ACTIVATION,2025-07-16 15:59:00-04:00,0,3
GEP-005005,fvg,BEARISH_FVG_FORMED,2025-07-16 16:00:00-04:00,0,7
GEP-005006,hist_level,PREV_RTH_HIGH_BREAK,2025-07-16 16:00:00-04:00,0,5
GEP-005007,hist_level,PREV_RTH_LOW_BREAK,2025-07-16 16:00:00-04:00,0,2
GEP-005008,hist_level,PREV_RTH_CLOSE_BREAK,2025-07-16 16:00:00-04:00,0,5
GEP-005009,hist_level,PREV_DAY_HIGH_BREAK,2025-07-16 16:00:00-04:00,0,5
GEP-005010,hist_level,PREV_DAY_LOW_BREAK,2025-07-16 16:00:00-04:00,0,2
GEP-005011,hist_level,PREV_3SESSION_HIGH_BREAK,2025-07-16 16:00:00-04:00,0,5
GEP-005012,hist_level,PREV_3SESSION_LOW_BREAK,2025-07-16 16:00:00-04:00,0,2
GEP-005013,ifvg,BEARISH_IFVG_ACTIVATION,2025-07-16 16:00:00-04:00,0,3
GEP-005014,ifvg,BEARISH_IFVG_ACTIVATION,2025-07-16 16:00:00-04:00,0,3
GEP-005015,fvg,BEARISH_FVG_FORMED,2025-07-16 16:01:00-04:00,0,7
GEP-005016,rejection_block,BULLISH_RB_CONFIRMED,2025-07-16 16:03:00-04:00,0,3
GEP-005017,fvg,BEARISH_FVG_FORMED,2025-07-16 16:06:00-04:00,0,5
GEP-005018,liquidity,SWING_HIGH_BREAK,2025-07-16 16:07:00-04:00,0,5
GEP-005019,liquidity,EQUAL_HIGHS_BREAK,2025-07-16 16:07:00-04:00,0,5
GEP-005020,ifvg,BEARISH_IFVG_ACTIVATION,2025-07-16 16:10:00-04:00,0,3
GEP-005021,fvg,BULLISH_FVG_FORMED,2025-07-16 16:13:00-04:00,0,7
GEP-005022,ifvg,BULLISH_IFVG_ACTIVATION,2025-07-16 16:13:00-04:00,0,3
GEP-005023,fvg,BULLISH_FVG_FORMED,2025-07-16 16:14:00-04:00,0,7
GEP-005024,liquidity,SWING_LOW_BREAK,2025-07-16 16:14:00-04:00,0,5
GEP-005025,ifvg,BULLISH_IFVG_ACTIVATION,2025-07-16 16:14:00-04:00,0,3
GEP-005026,fvg,BEARISH_FVG_FORMED,2025-07-16 16:17:00-04:00,0,7
GEP-005027,liquidity,SWING_HIGH_BREAK,2025-07-16 16:17:00-04:00,0,5
GEP-005028,fvg,BEARISH_FVG_FORMED,2025-07-16 16:18:00-04:00,0,5
GEP-005029,liquidity,SWING_HIGH_BREAK,2025-07-16 16:18:00-04:00,0,5
GEP-005030,liquidity,EQUAL_HIGHS_BREAK,2025-07-16 16:18:00-04:00,0,5
GEP-005031,fvg,BEARISH_FVG_FORMED,2025-07-16 16:19:00-04:00,0,5
GEP-005032,ifvg,BEARISH_IFVG_ACTIVATION,2025-07-16 16:21:00-04:00,0,3
GEP-005033,ifvg,BEARISH_IFVG_ACTIVATION,2025-07-16 16:22:00-04:00,0,3
GEP-005034,liquidity,SWING_HIGH_BREAK,2025-07-16 16:24:00-04:00,0,5
GEP-005035,liquidity,EQUAL_HIGHS_BREAK,2025-07-16 16:24:00-04:00,0,5
GEP-005036,liquidity,SWING_LOW_BREAK,2025-07-16 16:26:00-04:00,0,5
GEP-005037,liquidity,EQUAL_LOWS_BREAK,2025-07-16 16:26:00-04:00,0,5
GEP-005038,rejection_block,BEARISH_RB_CONFIRMED,2025-07-16 16:28:00-04:00,0,3
GEP-005039,liquidity,SWING_HIGH_BREAK,2025-07-16 16:28:00-04:00,0,5
GEP-005040,structure,COMPRESSION,2025-07-16 16:29:00-04:00,0,2
GEP-005041,liquidity,SWING_LOW_BREAK,2025-07-16 16:30:00-04:00,0,5
GEP-005042,fvg,BULLISH_FVG_FORMED,2025-07-16 16:35:00-04:00,0,5
GEP-005043,liquidity,SWING_LOW_BREAK,2025-07-16 16:35:00-04:00,0,5
GEP-005044,liquidity,EQUAL_LOWS_BREAK,2025-07-16 16:35:00-04:00,0,5
GEP-005045,fvg,BULLISH_FVG_FORMED,2025-07-16 16:37:00-04:00,0,5
GEP-005046,fvg,BULLISH_FVG_FORMED,2025-07-16 16:38:00-04:00,0,5
GEP-005047,fvg,BULLISH_FVG_FORMED,2025-07-16 16:39:00-04:00,0,5
GEP-005048,rejection_block,BULLISH_RB_CONFIRMED,2025-07-16 16:41:00-04:00,0,3
GEP-005049,liquidity,SWING_HIGH_SWEEP_ABOVE,2025-07-16 16:41:00-04:00,0,5
GEP-005050,ifvg,BULLISH_IFVG_ACTIVATION,2025-07-16 16:41:00-04:00,0,3
GEP-005051,liquidity,SWING_LOW_BREAK,2025-07-16 16:43:00-04:00,0,5
GEP-005052,rejection_block,BULLISH_RB_CONFIRMED,2025-07-16 16:44:00-04:00,0,3
GEP-005053,liquidity,SWING_HIGH_BREAK,2025-07-16 16:44:00-04:00,0,5
GEP-005054,liquidity,EQUAL_HIGHS_BREAK,2025-07-16 16:44:00-04:00,0,5
GEP-005055,liquidity,SWING_LOW_BREAK,2025-07-16 16:46:00-04:00,0,5
GEP-005056,structure,COMPRESSION,2025-07-16 16:48:00-04:00,0,2
GEP-005057,liquidity,SWING_LOW_BREAK,2025-07-16 16:48:00-04:00,0,5
GEP-005058,liquidity,EQUAL_LOWS_BREAK,2025-07-16 16:48:00-04:00,0,5
GEP-005059,liquidity,SWING_LOW_BREAK,2025-07-16 16:49:00-04:00,0,5
GEP-005060,ifvg,BEARISH_IFVG_ACTIVATION,2025-07-16 16:50:00-04:00,0,3
GEP-005061,liquidity,SWING_HIGH_BREAK,2025-07-16 16:51:00-04:00,0,5
GEP-005062,ifvg,BEARISH_IFVG_ACTIVATION,2025-07-16 16:51:00-04:00,0,3
GEP-005063,ifvg,BEARISH_IFVG_ACTIVATION,2025-07-16 16:51:00-04:00,0,3
GEP-005064,liquidity,SWING_HIGH_BREAK,2025-07-16 16:52:00-04:00,0,5
GEP-005065,liquidity,EQUAL_HIGHS_BREAK,2025-07-16 16:52:00-04:00,0,5
GEP-005066,fvg,BULLISH_FVG_FORMED,2025-07-16 16:54:00-04:00,0,5
GEP-005067,liquidity,SWING_LOW_BREAK,2025-07-16 16:54:00-04:00,0,5
GEP-005068,ifvg,BEARISH_IFVG_ACTIVATION,2025-07-16 16:56:00-04:00,0,3
GEP-005069,liquidity,SWING_HIGH_BREAK,2025-07-16 16:57:00-04:00,0,5
GEP-005070,vwap,VWAP_VWAP_BOUNCE_DOWN,2025-07-16 18:00:00-04:00,0,3
GEP-005071,rejection_block,BEARISH_RB_CONFIRMED,2025-07-16 18:01:00-04:00,0,3
GEP-005072,liquidity,SWING_LOW_BREAK,2025-07-16 18:01:00-04:00,0,2
GEP-005073,fvg,BEARISH_FVG_FORMED,2025-07-16 18:03:00-04:00,0,5
GEP-005074,liquidity,SWING_HIGH_BREAK,2025-07-16 18:03:00-04:00,0,5
GEP-005075,ifvg,BEARISH_IFVG_ACTIVATION,2025-07-16 18:03:00-04:00,0,3
GEP-005076,rejection_block,BEARISH_RB_CONFIRMED,2025-07-16 18:07:00-04:00,0,3
GEP-005077,fvg,BEARISH_FVG_FORMED,2025-07-16 18:08:00-04:00,0,7
GEP-005078,rejection_block,BULLISH_RB_CONFIRMED,2025-07-16 18:09:00-04:00,0,3
GEP-005079,liquidity,SWING_HIGH_BREAK,2025-07-16 18:09:00-04:00,0,5
GEP-005080,liquidity,EQUAL_HIGHS_BREAK,2025-07-16 18:09:00-04:00,0,5
GEP-005081,liquidity,SWING_LOW_BREAK,2025-07-16 18:11:00-04:00,0,5
GEP-005082,fvg,BEARISH_FVG_FORMED,2025-07-16 18:12:00-04:00,0,5
GEP-005083,liquidity,SWING_HIGH_BREAK,2025-07-16 18:13:00-04:00,0,5
GEP-005084,liquidity,SWING_LOW_BREAK,2025-07-16 18:14:00-04:00,0,5
GEP-005085,liquidity,EQUAL_LOWS_BREAK,2025-07-16 18:14:00-04:00,0,5
GEP-005086,rejection_block,BEARISH_RB_CONFIRMED,2025-07-16 18:17:00-04:00,0,3
GEP-005087,rejection_block,BEARISH_RB_CONFIRMED,2025-07-16 18:17:00-04:00,0,3
GEP-005088,liquidity,SWING_HIGH_BREAK,2025-07-16 18:19:00-04:00,0,5
GEP-005089,liquidity,EQUAL_HIGHS_BREAK,2025-07-16 18:19:00-04:00,0,5
GEP-005090,fvg,BULLISH_FVG_FORMED,2025-07-16 18:20:00-04:00,0,5
GEP-005091,ifvg,BULLISH_IFVG_ACTIVATION,2025-07-16 18:20:00-04:00,0,3
GEP-005092,liquidity,SWING_LOW_BREAK,2025-07-16 18:21:00-04:00,0,5
GEP-005093,liquidity,SWING_HIGH_BREAK,2025-07-16 18:24:00-04:00,0,5
GEP-005094,liquidity,SWING_HIGH_BREAK,2025-07-16 18:25:00-04:00,0,5
GEP-005095,liquidity,EQUAL_HIGHS_BREAK,2025-07-16 18:25:00-04:00,0,5
GEP-005096,liquidity,SWING_HIGH_BREAK,2025-07-16 18:28:00-04:00,0,5
GEP-005097,ifvg,BEARISH_IFVG_ACTIVATION,2025-07-16 18:28:00-04:00,0,3
GEP-005098,fvg,BEARISH_FVG_FORMED,2025-07-16 18:30:00-04:00,0,7
GEP-005099,rejection_block,BULLISH_RB_CONFIRMED,2025-07-16 18:31:00-04:00,0,3
GEP-005100,rejection_block,BEARISH_RB_CONFIRMED,2025-07-16 18:33:00-04:00,0,3
GEP-005101,liquidity,SWING_LOW_BREAK,2025-07-16 18:33:00-04:00,0,5
GEP-005102,fvg,BEARISH_FVG_FORMED,2025-07-16 18:34:00-04:00,0,5
GEP-005103,rejection_block,BULLISH_RB_CONFIRMED,2025-07-16 18:35:00-04:00,0,3
GEP-005104,liquidity,SWING_HIGH_BREAK,2025-07-16 18:35:00-04:00,0,5
GEP-005105,liquidity,EQUAL_HIGHS_BREAK,2025-07-16 18:35:00-04:00,0,5
GEP-005106,ifvg,BULLISH_IFVG_ACTIVATION,2025-07-16 18:36:00-04:00,0,3
GEP-005107,liquidity,SWING_LOW_BREAK,2025-07-16 18:37:00-04:00,0,5
GEP-005108,fvg,BEARISH_FVG_FORMED,2025-07-16 18:38:00-04:00,0,7
GEP-005109,liquidity,SWING_HIGH_BREAK,2025-07-16 18:39:00-04:00,0,5
GEP-005110,liquidity,EQUAL_HIGHS_BREAK,2025-07-16 18:39:00-04:00,0,5
GEP-005111,rejection_block,BULLISH_RB_CONFIRMED,2025-07-16 18:43:00-04:00,0,3
GEP-005112,liquidity,SWING_LOW_BREAK,2025-07-16 18:44:00-04:00,0,5
GEP-005113,liquidity,SWING_LOW_BREAK,2025-07-16 18:48:00-04:00,0,5
GEP-005114,liquidity,SWING_HIGH_BREAK,2025-07-16 18:49:00-04:00,0,5
GEP-005115,liquidity,EQUAL_HIGHS_BREAK,2025-07-16 18:49:00-04:00,0,5
GEP-005116,fvg,BEARISH_FVG_FORMED,2025-07-16 18:50:00-04:00,0,5
GEP-005117,rejection_block,BULLISH_RB_CONFIRMED,2025-07-16 18:50:00-04:00,0,3
GEP-005118,liquidity,SWING_LOW_BREAK,2025-07-16 18:52:00-04:00,0,5
GEP-005119,rejection_block,BULLISH_RB_CONFIRMED,2025-07-16 18:58:00-04:00,0,3
GEP-005120,liquidity,SWING_LOW_BREAK,2025-07-16 19:00:00-04:00,0,5
GEP-005121,liquidity,EQUAL_LOWS_BREAK,2025-07-16 19:00:00-04:00,0,5
GEP-005122,ifvg,BULLISH_IFVG_ACTIVATION,2025-07-16 19:00:00-04:00,0,3
GEP-005123,liquidity,SWING_HIGH_BREAK,2025-07-16 19:03:00-04:00,0,5
GEP-005124,liquidity,EQUAL_HIGHS_BREAK,2025-07-16 19:03:00-04:00,0,5
GEP-005125,fvg,BULLISH_FVG_FORMED,2025-07-16 19:04:00-04:00,0,7
GEP-005126,liquidity,SWING_LOW_BREAK,2025-07-16 19:06:00-04:00,0,5
GEP-005127,liquidity,SWING_HIGH_BREAK,2025-07-16 19:07:00-04:00,0,5
GEP-005128,fvg,BULLISH_FVG_FORMED,2025-07-16 19:08:00-04:00,0,5
GEP-005129,ifvg,BEARISH_IFVG_ACTIVATION,2025-07-16 19:09:00-04:00,0,3
GEP-005130,fvg,BEARISH_FVG_FORMED,2025-07-16 19:10:00-04:00,0,7
GEP-005131,liquidity,SWING_HIGH_BREAK,2025-07-16 19:10:00-04:00,0,5
GEP-005132,liquidity,EQUAL_HIGHS_BREAK,2025-07-16 19:10:00-04:00,0,5
GEP-005133,fvg,BULLISH_FVG_FORMED,2025-07-16 19:12:00-04:00,0,5
GEP-005134,liquidity,SWING_LOW_BREAK,2025-07-16 19:12:00-04:00,0,5
GEP-005135,liquidity,EQUAL_LOWS_BREAK,2025-07-16 19:12:00-04:00,0,5
GEP-005136,ifvg,BEARISH_IFVG_ACTIVATION,2025-07-16 19:13:00-04:00,0,3
GEP-005137,fvg,BEARISH_FVG_FORMED,2025-07-16 19:14:00-04:00,0,5
GEP-005138,liquidity,SWING_LOW_BREAK,2025-07-16 19:16:00-04:00,0,5
GEP-005139,liquidity,EQUAL_LOWS_BREAK,2025-07-16 19:16:00-04:00,0,5
GEP-005140,ifvg,BEARISH_IFVG_ACTIVATION,2025-07-16 19:17:00-04:00,0,3
GEP-005141,liquidity,SWING_LOW_BREAK,2025-07-16 19:19:00-04:00,0,5
GEP-005142,liquidity,SWING_LOW_BREAK,2025-07-16 19:23:00-04:00,0,5
GEP-005143,liquidity,EQUAL_LOWS_BREAK,2025-07-16 19:23:00-04:00,0,5
GEP-005144,liquidity,SWING_HIGH_SWEEP_ABOVE,2025-07-16 19:25:00-04:00,0,5
GEP-005145,liquidity,SWING_LOW_BREAK,2025-07-16 19:27:00-04:00,0,5
GEP-005146,liquidity,SWING_HIGH_BREAK,2025-07-16 19:30:00-04:00,0,5
GEP-005147,fvg,BEARISH_FVG_FORMED,2025-07-16 19:31:00-04:00,0,7
GEP-005148,liquidity,SWING_HIGH_BREAK,2025-07-16 19:33:00-04:00,0,5
GEP-005149,liquidity,EQUAL_HIGHS_BREAK,2025-07-16 19:33:00-04:00,0,5
GEP-005150,rejection_block,BULLISH_RB_CONFIRMED,2025-07-16 19:34:00-04:00,0,3
GEP-005151,liquidity,SWING_LOW_BREAK,2025-07-16 19:34:00-04:00,0,5
GEP-005152,rejection_block,BEARISH_RB_CONFIRMED,2025-07-16 19:35:00-04:00,0,3
GEP-005153,liquidity,SWING_HIGH_BREAK,2025-07-16 19:36:00-04:00,0,5
GEP-005154,fvg,BULLISH_FVG_FORMED,2025-07-16 19:37:00-04:00,0,5
GEP-005155,ifvg,BULLISH_IFVG_ACTIVATION,2025-07-16 19:37:00-04:00,0,3
GEP-005156,ifvg,BEARISH_IFVG_ACTIVATION,2025-07-16 19:38:00-04:00,0,3
GEP-005157,fvg,BEARISH_FVG_FORMED,2025-07-16 19:39:00-04:00,0,5
GEP-005158,liquidity,SWING_HIGH_BREAK,2025-07-16 19:40:00-04:00,0,5
GEP-005159,liquidity,EQUAL_HIGHS_BREAK,2025-07-16 19:40:00-04:00,0,5
GEP-005160,ifvg,BULLISH_IFVG_ACTIVATION,2025-07-16 19:40:00-04:00,0,3
GEP-005161,fvg,BULLISH_FVG_FORMED,2025-07-16 19:41:00-04:00,0,7
GEP-005162,liquidity,SWING_LOW_BREAK,2025-07-16 19:41:00-04:00,0,5
GEP-005163,liquidity,EQUAL_LOWS_BREAK,2025-07-16 19:41:00-04:00,0,5
GEP-005164,fvg,BULLISH_FVG_FORMED,2025-07-16 19:42:00-04:00,0,7
GEP-005165,fvg,BULLISH_FVG_FORMED,2025-07-16 19:43:00-04:00,0,7
GEP-005166,ifvg,BULLISH_IFVG_ACTIVATION,2025-07-16 19:43:00-04:00,0,3
GEP-005167,ifvg,BULLISH_IFVG_ACTIVATION,2025-07-16 19:43:00-04:00,0,3
GEP-005168,fvg,BULLISH_FVG_FORMED,2025-07-16 19:44:00-04:00,0,5
GEP-005169,ifvg,BULLISH_IFVG_ACTIVATION,2025-07-16 19:45:00-04:00,0,3
GEP-005170,rejection_block,BEARISH_RB_CONFIRMED,2025-07-16 19:47:00-04:00,0,3
GEP-005171,rejection_block,BEARISH_RB_CONFIRMED,2025-07-16 19:47:00-04:00,0,3
GEP-005172,liquidity,SWING_HIGH_BREAK,2025-07-16 19:49:00-04:00,0,5
GEP-005173,ifvg,BEARISH_IFVG_ACTIVATION,2025-07-16 19:50:00-04:00,0,3
GEP-005174,ifvg,BEARISH_IFVG_ACTIVATION,2025-07-16 19:50:00-04:00,0,3
GEP-005175,liquidity,SWING_LOW_BREAK,2025-07-16 19:55:00-04:00,0,5
GEP-005176,liquidity,EQUAL_LOWS_BREAK,2025-07-16 19:55:00-04:00,0,5
GEP-005177,liquidity,SWING_LOW_SWEEP_BELOW,2025-07-16 19:56:00-04:00,0,5
GEP-005178,liquidity,SWING_LOW_BREAK,2025-07-16 19:59:00-04:00,0,5
GEP-005179,liquidity,EQUAL_LOWS_BREAK,2025-07-16 19:59:00-04:00,0,5
GEP-005180,liquidity,SWING_HIGH_BREAK,2025-07-16 20:00:00-04:00,0,5
GEP-005181,time_anchor,ANCHOR_ASIA_OPEN_SWEEP,2025-07-16 20:01:00-04:00,0,6
GEP-005182,liquidity,SWING_LOW_BREAK,2025-07-16 20:02:00-04:00,0,5
GEP-005183,liquidity,EQUAL_LOWS_BREAK,2025-07-16 20:02:00-04:00,0,5
GEP-005184,liquidity,SWING_HIGH_BREAK,2025-07-16 20:03:00-04:00,0,5
GEP-005185,rejection_block,BEARISH_RB_CONFIRMED,2025-07-16 20:04:00-04:00,0,3
GEP-005186,liquidity,SWING_HIGH_BREAK,2025-07-16 20:06:00-04:00,0,5
GEP-005187,liquidity,EQUAL_HIGHS_BREAK,2025-07-16 20:06:00-04:00,0,5
GEP-005188,rejection_block,BEARISH_RB_CONFIRMED,2025-07-16 20:08:00-04:00,0,3
GEP-005189,liquidity,SWING_LOW_BREAK,2025-07-16 20:08:00-04:00,0,5
GEP-005190,ifvg,BEARISH_IFVG_ACTIVATION,2025-07-16 20:08:00-04:00,0,3
GEP-005191,fvg,BEARISH_FVG_FORMED,2025-07-16 20:09:00-04:00,0,7
GEP-005192,ifvg,BEARISH_IFVG_ACTIVATION,2025-07-16 20:09:00-04:00,0,3
GEP-005193,ifvg,BEARISH_IFVG_ACTIVATION,2025-07-16 20:09:00-04:00,0,3
GEP-005194,fvg,BEARISH_FVG_FORMED,2025-07-16 20:10:00-04:00,0,7
GEP-005195,liquidity,SWING_HIGH_BREAK,2025-07-16 20:10:00-04:00,0,5
GEP-005196,liquidity,EQUAL_HIGHS_BREAK,2025-07-16 20:10:00-04:00,0,5
GEP-005197,rejection_block,BULLISH_RB_CONFIRMED,2025-07-16 20:11:00-04:00,0,3
GEP-005198,liquidity,SWING_LOW_BREAK,2025-07-16 20:14:00-04:00,0,5
GEP-005199,liquidity,EQUAL_LOWS_BREAK,2025-07-16 20:14:00-04:00,0,5
GEP-005200,ifvg,BEARISH_IFVG_ACTIVATION,2025-07-16 20:17:00-04:00,0,3
GEP-005201,liquidity,SWING_HIGH_BREAK,2025-07-16 20:18:00-04:00,0,5
GEP-005202,liquidity,EQUAL_HIGHS_BREAK,2025-07-16 20:18:00-04:00,0,5
GEP-005203,liquidity,SWING_LOW_BREAK,2025-07-16 20:19:00-04:00,0,5
GEP-005204,liquidity,EQUAL_LOWS_BREAK,2025-07-16 20:19:00-04:00,0,5
GEP-005205,fvg,BULLISH_FVG_FORMED,2025-07-16 20:21:00-04:00,0,7
GEP-005206,fvg,BEARISH_FVG_FORMED,2025-07-16 20:23:00-04:00,0,5
GEP-005207,liquidity,SWING_HIGH_BREAK,2025-07-16 20:24:00-04:00,0,5
GEP-005208,liquidity,EQUAL_HIGHS_BREAK,2025-07-16 20:24:00-04:00,0,5
GEP-005209,fvg,BULLISH_FVG_FORMED,2025-07-16 20:25:00-04:00,0,5
GEP-005210,ifvg,BULLISH_IFVG_ACTIVATION,2025-07-16 20:25:00-04:00,0,3
GEP-005211,fvg,BULLISH_FVG_FORMED,2025-07-16 20:26:00-04:00,0,7
GEP-005212,liquidity,SWING_LOW_BREAK,2025-07-16 20:26:00-04:00,0,5
GEP-005213,liquidity,EQUAL_LOWS_BREAK,2025-07-16 20:26:00-04:00,0,5
GEP-005214,ifvg,BULLISH_IFVG_ACTIVATION,2025-07-16 20:26:00-04:00,0,3
GEP-005215,ifvg,BULLISH_IFVG_ACTIVATION,2025-07-16 20:26:00-04:00,0,3
GEP-005216,fvg,BULLISH_FVG_FORMED,2025-07-16 20:27:00-04:00,0,7
GEP-005217,ifvg,BULLISH_IFVG_ACTIVATION,2025-07-16 20:27:00-04:00,0,3
GEP-005218,fvg,BULLISH_FVG_FORMED,2025-07-16 20:28:00-04:00,0,7
GEP-005219,rejection_block,BEARISH_RB_CONFIRMED,2025-07-16 20:31:00-04:00,0,3
GEP-005220,liquidity,SWING_HIGH_BREAK,2025-07-16 20:33:00-04:00,0,5
GEP-005221,liquidity,EQUAL_HIGHS_BREAK,2025-07-16 20:33:00-04:00,0,5
GEP-005222,ifvg,BEARISH_IFVG_ACTIVATION,2025-07-16 20:35:00-04:00,0,3
GEP-005223,liquidity,SWING_LOW_BREAK,2025-07-16 20:38:00-04:00,0,5
GEP-005224,liquidity,EQUAL_LOWS_BREAK,2025-07-16 20:38:00-04:00,0,5
GEP-005225,liquidity,SWING_HIGH_BREAK,2025-07-16 20:44:00-04:00,0,5
GEP-005226,fvg,BEARISH_FVG_FORMED,2025-07-16 20:45:00-04:00,0,5
GEP-005227,liquidity,SWING_HIGH_BREAK,2025-07-16 20:45:00-04:00,0,5
GEP-005228,liquidity,EQUAL_HIGHS_BREAK,2025-07-16 20:45:00-04:00,0,5
GEP-005229,liquidity,SWING_LOW_BREAK,2025-07-16 20:47:00-04:00,0,5
GEP-005230,ifvg,BULLISH_IFVG_ACTIVATION,2025-07-16 20:47:00-04:00,0,3
GEP-005231,liquidity,SWING_LOW_BREAK,2025-07-16 20:51:00-04:00,0,5
GEP-005232,fvg,BULLISH_FVG_FORMED,2025-07-16 20:52:00-04:00,0,5
GEP-005233,ifvg,BEARISH_IFVG_ACTIVATION,2025-07-16 20:55:00-04:00,0,3
GEP-005234,fvg,BEARISH_FVG_FORMED,2025-07-16 20:56:00-04:00,0,5
GEP-005235,liquidity,SWING_HIGH_BREAK,2025-07-16 20:56:00-04:00,0,5
GEP-005236,liquidity,EQUAL_HIGHS_BREAK,2025-07-16 20:56:00-04:00,0,5
GEP-005237,ifvg,BULLISH_IFVG_ACTIVATION,2025-07-16 20:57:00-04:00,0,3
GEP-005238,fvg,BULLISH_FVG_FORMED,2025-07-16 20:58:00-04:00,0,5
GEP-005239,liquidity,SWING_LOW_BREAK,2025-07-16 20:59:00-04:00,0,5
GEP-005240,liquidity,EQUAL_LOWS_BREAK,2025-07-16 20:59:00-04:00,0,5
GEP-005241,fvg,BULLISH_FVG_FORMED,2025-07-16 21:01:00-04:00,0,7
GEP-005242,rejection_block,BEARISH_RB_CONFIRMED,2025-07-16 21:02:00-04:00,0,3
GEP-005243,liquidity,SWING_HIGH_BREAK,2025-07-16 21:04:00-04:00,0,5
GEP-005244,liquidity,EQUAL_HIGHS_BREAK,2025-07-16 21:04:00-04:00,0,5
GEP-005245,liquidity,SWING_LOW_BREAK,2025-07-16 21:06:00-04:00,0,5
GEP-005246,liquidity,EQUAL_LOWS_BREAK,2025-07-16 21:06:00-04:00,0,5
GEP-005247,liquidity,SWING_HIGH_BREAK,2025-07-16 21:07:00-04:00,0,5
GEP-005248,fvg,BEARISH_FVG_FORMED,2025-07-16 21:08:00-04:00,0,5
GEP-005249,ifvg,BEARISH_IFVG_ACTIVATION,2025-07-16 21:08:00-04:00,0,3
GEP-005250,fvg,BEARISH_FVG_FORMED,2025-07-16 21:09:00-04:00,0,5
GEP-005251,liquidity,SWING_HIGH_BREAK,2025-07-16 21:09:00-04:00,0,5
GEP-005252,liquidity,EQUAL_HIGHS_BREAK,2025-07-16 21:09:00-04:00,0,5
GEP-005253,liquidity,SWING_HIGH_BREAK,2025-07-16 21:10:00-04:00,0,5
GEP-005254,fvg,BULLISH_FVG_FORMED,2025-07-16 21:11:00-04:00,0,5
GEP-005255,ifvg,BULLISH_IFVG_ACTIVATION,2025-07-16 21:11:00-04:00,0,3
GEP-005256,liquidity,SWING_LOW_BREAK,2025-07-16 21:12:00-04:00,0,5
GEP-005257,ifvg,BULLISH_IFVG_ACTIVATION,2025-07-16 21:12:00-04:00,0,3
GEP-005258,fvg,BULLISH_FVG_FORMED,2025-07-16 21:13:00-04:00,0,5
GEP-005259,ifvg,BULLISH_IFVG_ACTIVATION,2025-07-16 21:13:00-04:00,0,3
GEP-005260,rejection_block,BEARISH_RB_CONFIRMED,2025-07-16 21:16:00-04:00,0,3
GEP-005261,liquidity,SWING_HIGH_SWEEP_ABOVE,2025-07-16 21:18:00-04:00,0,5
GEP-005262,fvg,BEARISH_FVG_FORMED,2025-07-16 21:19:00-04:00,0,7
GEP-005263,ifvg,BEARISH_IFVG_ACTIVATION,2025-07-16 21:19:00-04:00,0,3
GEP-005264,liquidity,SWING_HIGH_BREAK,2025-07-16 21:21:00-04:00,0,2
GEP-005265,liquidity,EQUAL_HIGHS_BREAK,2025-07-16 21:21:00-04:00,0,2
GEP-005266,liquidity,SWING_LOW_BREAK,2025-07-16 21:22:00-04:00,0,5
GEP-005267,liquidity,SWING_HIGH_BREAK,2025-07-16 21:27:00-04:00,0,5
GEP-005268,liquidity,EQUAL_HIGHS_BREAK,2025-07-16 21:27:00-04:00,0,5
GEP-005269,rejection_block,BEARISH_RB_CONFIRMED,2025-07-16 21:28:00-04:00,0,3
GEP-005270,fvg,BEARISH_FVG_FORMED,2025-07-16 21:29:00-04:00,0,5
GEP-005271,liquidity,SWING_HIGH_BREAK,2025-07-16 21:29:00-04:00,0,5
GEP-005272,liquidity,SWING_LOW_BREAK,2025-07-16 21:29:00-04:00,0,2
GEP-005273,liquidity,EQUAL_LOWS_BREAK,2025-07-16 21:29:00-04:00,0,5
GEP-005274,ifvg,BEARISH_IFVG_ACTIVATION,2025-07-16 21:29:00-04:00,0,3
GEP-005275,fvg,BEARISH_FVG_FORMED,2025-07-16 21:30:00-04:00,0,7
GEP-005276,ifvg,BEARISH_IFVG_ACTIVATION,2025-07-16 21:30:00-04:00,0,3
GEP-005277,fvg,BEARISH_FVG_FORMED,2025-07-16 21:31:00-04:00,0,7
GEP-005278,fvg,BEARISH_FVG_FORMED,2025-07-16 21:34:00-04:00,0,7
GEP-005279,fvg,BEARISH_FVG_FORMED,2025-07-16 21:35:00-04:00,0,7
GEP-005280,ifvg,BEARISH_IFVG_ACTIVATION,2025-07-16 21:35:00-04:00,0,3
GEP-005281,ifvg,BEARISH_IFVG_ACTIVATION,2025-07-16 21:35:00-04:00,0,3
GEP-005282,ifvg,BEARISH_IFVG_ACTIVATION,2025-07-16 21:35:00-04:00,0,3
GEP-005283,fvg,BEARISH_FVG_FORMED,2025-07-16 21:36:00-04:00,0,7
GEP-005284,rejection_block,BULLISH_RB_CONFIRMED,2025-07-16 21:37:00-04:00,0,3
GEP-005285,rejection_block,BULLISH_RB_CONFIRMED,2025-07-16 21:39:00-04:00,0,3
GEP-005286,liquidity,SWING_LOW_BREAK,2025-07-16 21:40:00-04:00,0,5
GEP-005287,ifvg,BULLISH_IFVG_ACTIVATION,2025-07-16 21:42:00-04:00,0,3
GEP-005288,fvg,BULLISH_FVG_FORMED,2025-07-16 21:43:00-04:00,0,5
GEP-005289,ifvg,BULLISH_IFVG_ACTIVATION,2025-07-16 21:43:00-04:00,0,3
GEP-005290,fvg,BULLISH_FVG_FORMED,2025-07-16 21:44:00-04:00,0,5
GEP-005291,ifvg,BEARISH_IFVG_ACTIVATION,2025-07-16 21:46:00-04:00,0,3
GEP-005292,ifvg,BEARISH_IFVG_ACTIVATION,2025-07-16 21:46:00-04:00,0,3
GEP-005293,liquidity,SWING_HIGH_BREAK,2025-07-16 21:48:00-04:00,0,5
GEP-005294,liquidity,SWING_LOW_BREAK,2025-07-16 21:50:00-04:00,0,5
GEP-005295,fvg,BEARISH_FVG_FORMED,2025-07-16 21:52:00-04:00,0,5
GEP-005296,fvg,BULLISH_FVG_FORMED,2025-07-16 21:54:00-04:00,0,5
GEP-005297,ifvg,BULLISH_IFVG_ACTIVATION,2025-07-16 21:54:00-04:00,0,3
GEP-005298,fvg,BULLISH_FVG_FORMED,2025-07-16 21:55:00-04:00,0,5
GEP-005299,liquidity,SWING_LOW_BREAK,2025-07-16 21:55:00-04:00,0,5
GEP-005300,rejection_block,BULLISH_RB_CONFIRMED,2025-07-16 21:57:00-04:00,0,3
GEP-005301,liquidity,SWING_LOW_SWEEP_BELOW,2025-07-16 21:59:00-04:00,0,5
GEP-005302,liquidity,EQUAL_LOWS_SWEEP_BELOW,2025-07-16 21:59:00-04:00,0,5
GEP-005303,liquidity,SWING_HIGH_BREAK,2025-07-16 22:00:00-04:00,0,5
GEP-005304,ifvg,BEARISH_IFVG_ACTIVATION,2025-07-16 22:00:00-04:00,0,3
GEP-005305,ifvg,BEARISH_IFVG_ACTIVATION,2025-07-16 22:01:00-04:00,0,3
GEP-005306,liquidity,SWING_HIGH_BREAK,2025-07-16 22:06:00-04:00,0,5
GEP-005307,fvg,BEARISH_FVG_FORMED,2025-07-16 22:12:00-04:00,0,5
GEP-005308,liquidity,EQUAL_LOWS_BREAK,2025-07-16 22:12:00-04:00,0,5
GEP-005309,ifvg,BEARISH_IFVG_ACTIVATION,2025-07-16 22:12:00-04:00,0,3
GEP-005310,rejection_block,BULLISH_RB_CONFIRMED,2025-07-16 22:13:00-04:00,0,3
GEP-005311,liquidity,SWING_LOW_SWEEP_BELOW,2025-07-16 22:13:00-04:00,0,5
GEP-005312,liquidity,SWING_HIGH_BREAK,2025-07-16 22:13:00-04:00,0,5
GEP-005313,fvg,BULLISH_FVG_FORMED,2025-07-16 22:14:00-04:00,0,5
GEP-005314,ifvg,BULLISH_IFVG_ACTIVATION,2025-07-16 22:14:00-04:00,0,3
GEP-005315,fvg,BULLISH_FVG_FORMED,2025-07-16 22:15:00-04:00,0,5
GEP-005316,liquidity,SWING_LOW_BREAK,2025-07-16 22:16:00-04:00,0,5
GEP-005317,liquidity,EQUAL_LOWS_BREAK,2025-07-16 22:16:00-04:00,0,5
GEP-005318,liquidity,SWING_HIGH_BREAK,2025-07-16 22:18:00-04:00,0,5
GEP-005319,liquidity,EQUAL_HIGHS_BREAK,2025-07-16 22:18:00-04:00,0,5
GEP-005320,ifvg,BEARISH_IFVG_ACTIVATION,2025-07-16 22:18:00-04:00,0,3
GEP-005321,rejection_block,BEARISH_RB_CONFIRMED,2025-07-16 22:20:00-04:00,0,3
GEP-005322,liquidity,SWING_LOW_BREAK,2025-07-16 22:20:00-04:00,0,5
GEP-005323,fvg,BEARISH_FVG_FORMED,2025-07-16 22:21:00-04:00,0,7
GEP-005324,liquidity,SWING_LOW_BREAK,2025-07-16 22:21:00-04:00,0,5
GEP-005325,liquidity,EQUAL_LOWS_BREAK,2025-07-16 22:21:00-04:00,0,5
GEP-005326,ifvg,BEARISH_IFVG_ACTIVATION,2025-07-16 22:21:00-04:00,0,3
GEP-005327,fvg,BEARISH_FVG_FORMED,2025-07-16 22:22:00-04:00,0,7
GEP-005328,liquidity,SWING_HIGH_BREAK,2025-07-16 22:22:00-04:00,0,5
GEP-005329,ifvg,BULLISH_IFVG_ACTIVATION,2025-07-16 22:23:00-04:00,0,3
GEP-005330,ifvg,BULLISH_IFVG_ACTIVATION,2025-07-16 22:23:00-04:00,0,3
GEP-005331,fvg,BULLISH_FVG_FORMED,2025-07-16 22:24:00-04:00,0,7
GEP-005332,liquidity,SWING_LOW_BREAK,2025-07-16 22:24:00-04:00,0,5
GEP-005333,liquidity,SWING_LOW_BREAK,2025-07-16 22:25:00-04:00,0,5
GEP-005334,liquidity,EQUAL_LOWS_BREAK,2025-07-16 22:25:00-04:00,0,5
GEP-005335,liquidity,SWING_HIGH_BREAK,2025-07-16 22:28:00-04:00,0,5
GEP-005336,liquidity,EQUAL_HIGHS_BREAK,2025-07-16 22:28:00-04:00,0,5
GEP-005337,liquidity,SWING_HIGH_BREAK,2025-07-16 22:29:00-04:00,0,5
GEP-005338,ifvg,BEARISH_IFVG_ACTIVATION,2025-07-16 22:30:00-04:00,0,3
GEP-005339,liquidity,SWING_LOW_BREAK,2025-07-16 22:33:00-04:00,0,5
GEP-005340,liquidity,SWING_LOW_BREAK,2025-07-16 22:34:00-04:00,0,5
GEP-005341,liquidity,EQUAL_LOWS_BREAK,2025-07-16 22:34:00-04:00,0,5
GEP-005342,fvg,BEARISH_FVG_FORMED,2025-07-16 22:37:00-04:00,0,5
GEP-005343,liquidity,SWING_LOW_BREAK,2025-07-16 22:40:00-04:00,0,5
GEP-005344,liquidity,SWING_HIGH_BREAK,2025-07-16 22:44:00-04:00,0,5
GEP-005345,liquidity,EQUAL_HIGHS_BREAK,2025-07-16 22:44:00-04:00,0,5
GEP-005346,liquidity,SWING_LOW_BREAK,2025-07-16 22:46:00-04:00,0,5
GEP-005347,liquidity,EQUAL_LOWS_BREAK,2025-07-16 22:46:00-04:00,0,5
GEP-005348,fvg,BEARISH_FVG_FORMED,2025-07-16 22:48:00-04:00,0,5
GEP-005349,liquidity,SWING_HIGH_BREAK,2025-07-16 22:48:00-04:00,0,2
GEP-005350,liquidity,SWING_LOW_BREAK,2025-07-16 22:50:00-04:00,0,5
GEP-005351,ifvg,BULLISH_IFVG_ACTIVATION,2025-07-16 22:50:00-04:00,0,3
GEP-005352,fvg,BULLISH_FVG_FORMED,2025-07-16 22:51:00-04:00,0,5
GEP-005353,fvg,BULLISH_FVG_FORMED,2025-07-16 22:52:00-04:00,0,5
GEP-005354,liquidity,SWING_LOW_BREAK,2025-07-16 22:52:00-04:00,0,5
GEP-005355,liquidity,EQUAL_LOWS_BREAK,2025-07-16 22:52:00-04:00,0,5
GEP-005356,ifvg,BULLISH_IFVG_ACTIVATION,2025-07-16 22:52:00-04:00,0,3
GEP-005357,liquidity,SWING_HIGH_BREAK,2025-07-16 22:55:00-04:00,0,5
GEP-005358,liquidity,SWING_HIGH_BREAK,2025-07-16 22:56:00-04:00,0,5
GEP-005359,liquidity,EQUAL_HIGHS_BREAK,2025-07-16 22:56:00-04:00,0,5
GEP-005360,ifvg,BEARISH_IFVG_ACTIVATION,2025-07-16 22:57:00-04:00,0,3
GEP-005361,ifvg,BEARISH_IFVG_ACTIVATION,2025-07-16 22:57:00-04:00,0,3
GEP-005362,liquidity,SWING_LOW_BREAK,2025-07-16 23:01:00-04:00,0,5
GEP-005363,fvg,BEARISH_FVG_FORMED,2025-07-16 23:02:00-04:00,0,7
GEP-005364,fvg,BEARISH_FVG_FORMED,2025-07-16 23:03:00-04:00,0,7
GEP-005365,liquidity,SWING_HIGH_BREAK,2025-07-16 23:03:00-04:00,0,5
GEP-005366,liquidity,SWING_LOW_BREAK,2025-07-16 23:05:00-04:00,0,2
GEP-005367,liquidity,EQUAL_LOWS_BREAK,2025-07-16 23:05:00-04:00,0,5
GEP-005368,fvg,BULLISH_FVG_FORMED,2025-07-16 23:07:00-04:00,0,5
GEP-005369,liquidity,SWING_LOW_BREAK,2025-07-16 23:07:00-04:00,0,2
GEP-005370,ifvg,BEARISH_IFVG_ACTIVATION,2025-07-16 23:08:00-04:00,0,3
GEP-005371,fvg,BEARISH_FVG_FORMED,2025-07-16 23:09:00-04:00,0,7
GEP-005372,liquidity,SWING_HIGH_BREAK,2025-07-16 23:09:00-04:00,0,2
GEP-005373,liquidity,SWING_LOW_BREAK,2025-07-16 23:13:00-04:00,0,2
GEP-005374,liquidity,EQUAL_LOWS_BREAK,2025-07-16 23:13:00-04:00,0,2
GEP-005375,fvg,BULLISH_FVG_FORMED,2025-07-16 23:14:00-04:00,0,7
GEP-005376,ifvg,BULLISH_IFVG_ACTIVATION,2025-07-16 23:14:00-04:00,0,3
GEP-005377,ifvg,BULLISH_IFVG_ACTIVATION,2025-07-16 23:14:00-04:00,0,3
GEP-005378,ifvg,BULLISH_IFVG_ACTIVATION,2025-07-16 23:15:00-04:00,0,3
GEP-005379,fvg,BULLISH_FVG_FORMED,2025-07-16 23:16:00-04:00,0,7
GEP-005380,liquidity,SWING_HIGH_SWEEP_ABOVE,2025-07-16 23:21:00-04:00,0,5
GEP-005381,liquidity,SWING_LOW_BREAK,2025-07-16 23:22:00-04:00,0,2
GEP-005382,liquidity,SWING_HIGH_BREAK,2025-07-16 23:26:00-04:00,0,5
GEP-005383,liquidity,EQUAL_HIGHS_BREAK,2025-07-16 23:26:00-04:00,0,5
GEP-005384,fvg,BULLISH_FVG_FORMED,2025-07-16 23:27:00-04:00,0,7
GEP-005385,fvg,BULLISH_FVG_FORMED,2025-07-16 23:28:00-04:00,0,7
GEP-005386,liquidity,SWING_LOW_BREAK,2025-07-16 23:28:00-04:00,0,5
GEP-005387,liquidity,EQUAL_LOWS_BREAK,2025-07-16 23:28:00-04:00,0,5
GEP-005388,rejection_block,BEARISH_RB_CONFIRMED,2025-07-16 23:32:00-04:00,0,3
GEP-005389,rejection_block,BEARISH_RB_CONFIRMED,2025-07-16 23:32:00-04:00,0,3
GEP-005390,fvg,BEARISH_FVG_FORMED,2025-07-16 23:33:00-04:00,0,5
GEP-005391,liquidity,SWING_HIGH_BREAK,2025-07-16 23:34:00-04:00,0,5
GEP-005392,liquidity,EQUAL_HIGHS_BREAK,2025-07-16 23:34:00-04:00,0,5
GEP-005393,ifvg,BEARISH_IFVG_ACTIVATION,2025-07-16 23:34:00-04:00,0,3
GEP-005394,fvg,BEARISH_FVG_FORMED,2025-07-16 23:35:00-04:00,0,7
GEP-005395,ifvg,BEARISH_IFVG_ACTIVATION,2025-07-16 23:35:00-04:00,0,3
GEP-005396,fvg,BEARISH_FVG_FORMED,2025-07-16 23:36:00-04:00,0,7
GEP-005397,rejection_block,BULLISH_RB_CONFIRMED,2025-07-16 23:37:00-04:00,0,3
GEP-005398,ifvg,BULLISH_IFVG_ACTIVATION,2025-07-16 23:37:00-04:00,0,3
GEP-005399,ifvg,BULLISH_IFVG_ACTIVATION,2025-07-16 23:37:00-04:00,0,3
GEP-005400,fvg,BULLISH_FVG_FORMED,2025-07-16 23:38:00-04:00,0,5
GEP-005401,liquidity,SWING_LOW_BREAK,2025-07-16 23:39:00-04:00,0,5
GEP-005402,fvg,BULLISH_FVG_FORMED,2025-07-16 23:40:00-04:00,0,5
GEP-005403,ifvg,BULLISH_IFVG_ACTIVATION,2025-07-16 23:41:00-04:00,0,3
GEP-005404,liquidity,SWING_HIGH_BREAK,2025-07-16 23:44:00-04:00,0,5
GEP-005405,liquidity,SWING_HIGH_BREAK,2025-07-16 23:45:00-04:00,0,5
GEP-005406,liquidity,EQUAL_HIGHS_BREAK,2025-07-16 23:45:00-04:00,0,5
GEP-005407,fvg,BULLISH_FVG_FORMED,2025-07-16 23:47:00-04:00,0,5
GEP-005408,fvg,BULLISH_FVG_FORMED,2025-07-16 23:48:00-04:00,0,5
GEP-005409,rejection_block,BEARISH_RB_CONFIRMED,2025-07-16 23:50:00-04:00,0,3
GEP-005410,ifvg,BEARISH_IFVG_ACTIVATION,2025-07-16 23:50:00-04:00,0,3
GEP-005411,ifvg,BEARISH_IFVG_ACTIVATION,2025-07-16 23:50:00-04:00,0,3
GEP-005412,fvg,BEARISH_FVG_FORMED,2025-07-16 23:51:00-04:00,0,7
GEP-005413,liquidity,SWING_HIGH_BREAK,2025-07-16 23:52:00-04:00,0,5
GEP-005414,liquidity,EQUAL_HIGHS_BREAK,2025-07-16 23:52:00-04:00,0,5
GEP-005415,liquidity,SWING_LOW_BREAK,2025-07-16 23:53:00-04:00,0,5
GEP-005416,rejection_block,BEARISH_RB_CONFIRMED,2025-07-16 23:54:00-04:00,0,3
GEP-005417,fvg,BULLISH_FVG_FORMED,2025-07-16 23:56:00-04:00,0,5
GEP-005418,liquidity,SWING_HIGH_BREAK,2025-07-16 23:56:00-04:00,0,5
GEP-005419,ifvg,BULLISH_IFVG_ACTIVATION,2025-07-16 23:56:00-04:00,0,3
GEP-005420,fvg,BULLISH_FVG_FORMED,2025-07-16 23:57:00-04:00,0,5
GEP-005421,liquidity,SWING_LOW_BREAK,2025-07-16 23:58:00-04:00,0,2
GEP-005422,liquidity,EQUAL_LOWS_BREAK,2025-07-16 23:58:00-04:00,0,5
GEP-005423,liquidity,SWING_HIGH_BREAK,2025-07-17 00:00:00-04:00,0,5
GEP-005424,liquidity,EQUAL_HIGHS_BREAK,2025-07-17 00:00:00-04:00,0,5
GEP-005425,vwap,VWAP_VWAP_BOUNCE_UP,2025-07-17 00:00:00-04:00,0,3
GEP-005426,structure,COMPRESSION,2025-07-17 00:01:00-04:00,0,2
GEP-005427,liquidity,SWING_HIGH_BREAK,2025-07-17 00:01:00-04:00,0,5
GEP-005428,time_anchor,ANCHOR_MIDNIGHT_OPEN_BREAK,2025-07-17 00:02:00-04:00,0,6
GEP-005429,liquidity,SWING_LOW_BREAK,2025-07-17 00:05:00-04:00,0,5
GEP-005430,liquidity,SWING_LOW_BREAK,2025-07-17 00:06:00-04:00,0,5
GEP-005431,liquidity,EQUAL_LOWS_BREAK,2025-07-17 00:06:00-04:00,0,5
GEP-005432,liquidity,SWING_HIGH_BREAK,2025-07-17 00:08:00-04:00,0,5
GEP-005433,liquidity,EQUAL_HIGHS_BREAK,2025-07-17 00:08:00-04:00,0,5
GEP-005434,ifvg,BEARISH_IFVG_ACTIVATION,2025-07-17 00:10:00-04:00,0,3
GEP-005435,ifvg,BEARISH_IFVG_ACTIVATION,2025-07-17 00:10:00-04:00,0,3
GEP-005436,fvg,BEARISH_FVG_FORMED,2025-07-17 00:11:00-04:00,0,7
GEP-005437,liquidity,SWING_HIGH_BREAK,2025-07-17 00:11:00-04:00,0,5
GEP-005438,ifvg,BULLISH_IFVG_ACTIVATION,2025-07-17 00:12:00-04:00,0,3
GEP-005439,fvg,BULLISH_FVG_FORMED,2025-07-17 00:13:00-04:00,0,7
GEP-005440,liquidity,SWING_LOW_BREAK,2025-07-17 00:14:00-04:00,0,5
GEP-005441,liquidity,SWING_HIGH_SWEEP_ABOVE,2025-07-17 00:16:00-04:00,0,5
GEP-005442,liquidity,EQUAL_HIGHS_BREAK,2025-07-17 00:16:00-04:00,0,5
GEP-005443,rejection_block,BEARISH_RB_CONFIRMED,2025-07-17 00:17:00-04:00,0,3
GEP-005444,fvg,BEARISH_FVG_FORMED,2025-07-17 00:18:00-04:00,0,5
GEP-005445,liquidity,SWING_LOW_BREAK,2025-07-17 00:18:00-04:00,0,2
GEP-005446,fvg,BEARISH_FVG_FORMED,2025-07-17 00:19:00-04:00,0,5
GEP-005447,liquidity,SWING_HIGH_BREAK,2025-07-17 00:19:00-04:00,0,5
GEP-005448,liquidity,SWING_LOW_BREAK,2025-07-17 00:21:00-04:00,0,2
GEP-005449,ifvg,BEARISH_IFVG_ACTIVATION,2025-07-17 00:21:00-04:00,0,3
GEP-005450,fvg,BEARISH_FVG_FORMED,2025-07-17 00:22:00-04:00,0,5
GEP-005451,rejection_block,BULLISH_RB_CONFIRMED,2025-07-17 00:23:00-04:00,0,3
GEP-005452,liquidity,EQUAL_LOWS_SWEEP_BELOW,2025-07-17 00:23:00-04:00,0,5
GEP-005453,liquidity,SWING_LOW_BREAK,2025-07-17 00:25:00-04:00,0,2
GEP-005454,fvg,BEARISH_FVG_FORMED,2025-07-17 00:26:00-04:00,0,5
GEP-005455,liquidity,SWING_HIGH_BREAK,2025-07-17 00:27:00-04:00,0,5
GEP-005456,liquidity,SWING_LOW_BREAK,2025-07-17 00:29:00-04:00,0,5
GEP-005457,liquidity,SWING_LOW_BREAK,2025-07-17 00:30:00-04:00,0,5
GEP-005458,liquidity,EQUAL_LOWS_BREAK,2025-07-17 00:30:00-04:00,0,5
GEP-005459,ifvg,BEARISH_IFVG_ACTIVATION,2025-07-17 00:31:00-04:00,0,3
GEP-005460,liquidity,SWING_LOW_BREAK,2025-07-17 00:34:00-04:00,0,2
GEP-005461,ifvg,BEARISH_IFVG_ACTIVATION,2025-07-17 00:35:00-04:00,0,3
GEP-005462,fvg,BEARISH_FVG_FORMED,2025-07-17 00:36:00-04:00,0,7
GEP-005463,liquidity,SWING_LOW_BREAK,2025-07-17 00:39:00-04:00,0,2
GEP-005464,liquidity,EQUAL_LOWS_BREAK,2025-07-17 00:39:00-04:00,0,5
GEP-005465,liquidity,SWING_LOW_BREAK,2025-07-17 00:41:00-04:00,0,2
GEP-005466,ifvg,BULLISH_IFVG_ACTIVATION,2025-07-17 00:41:00-04:00,0,3
GEP-005467,fvg,BULLISH_FVG_FORMED,2025-07-17 00:42:00-04:00,0,7
GEP-005468,fvg,BULLISH_FVG_FORMED,2025-07-17 00:43:00-04:00,0,7
GEP-005469,liquidity,SWING_LOW_BREAK,2025-07-17 00:43:00-04:00,0,2
GEP-005470,liquidity,EQUAL_LOWS_BREAK,2025-07-17 00:43:00-04:00,0,2
GEP-005471,fvg,BULLISH_FVG_FORMED,2025-07-17 00:44:00-04:00,0,5
GEP-005472,ifvg,BEARISH_IFVG_ACTIVATION,2025-07-17 00:45:00-04:00,0,3
GEP-005473,ifvg,BEARISH_IFVG_ACTIVATION,2025-07-17 00:45:00-04:00,0,3
GEP-005474,fvg,BEARISH_FVG_FORMED,2025-07-17 00:46:00-04:00,0,5
GEP-005475,liquidity,SWING_HIGH_BREAK,2025-07-17 00:48:00-04:00,0,2
GEP-005476,liquidity,EQUAL_HIGHS_BREAK,2025-07-17 00:48:00-04:00,0,2
GEP-005477,liquidity,SWING_LOW_BREAK,2025-07-17 00:50:00-04:00,0,2
GEP-005478,liquidity,EQUAL_LOWS_BREAK,2025-07-17 00:50:00-04:00,0,2
GEP-005479,ifvg,BULLISH_IFVG_ACTIVATION,2025-07-17 00:50:00-04:00,0,3
GEP-005480,fvg,BULLISH_FVG_FORMED,2025-07-17 00:51:00-04:00,0,7
GEP-005481,fvg,BULLISH_FVG_FORMED,2025-07-17 00:52:00-04:00,0,7
GEP-005482,ifvg,BULLISH_IFVG_ACTIVATION,2025-07-17 00:52:00-04:00,0,3
GEP-005483,fvg,BULLISH_FVG_FORMED,2025-07-17 00:53:00-04:00,0,7
GEP-005484,ifvg,BULLISH_IFVG_ACTIVATION,2025-07-17 00:53:00-04:00,0,3
GEP-005485,ifvg,BULLISH_IFVG_ACTIVATION,2025-07-17 00:53:00-04:00,0,3
GEP-005486,fvg,BULLISH_FVG_FORMED,2025-07-17 00:54:00-04:00,0,7
GEP-005487,ifvg,BULLISH_IFVG_ACTIVATION,2025-07-17 00:54:00-04:00,0,3
GEP-005488,liquidity,SWING_HIGH_BREAK,2025-07-17 00:57:00-04:00,0,5
GEP-005489,liquidity,EQUAL_HIGHS_BREAK,2025-07-17 00:57:00-04:00,0,5
GEP-005490,liquidity,SWING_LOW_BREAK,2025-07-17 01:00:00-04:00,0,2
GEP-005491,liquidity,EQUAL_LOWS_BREAK,2025-07-17 01:00:00-04:00,0,2
GEP-005492,ifvg,BULLISH_IFVG_ACTIVATION,2025-07-17 01:03:00-04:00,0,3
GEP-005493,fvg,BULLISH_FVG_FORMED,2025-07-17 01:04:00-04:00,0,7
GEP-005494,liquidity,SWING_LOW_BREAK,2025-07-17 01:04:00-04:00,0,2
GEP-005495,liquidity,EQUAL_LOWS_BREAK,2025-07-17 01:04:00-04:00,0,2
GEP-005496,liquidity,SWING_LOW_BREAK,2025-07-17 01:05:00-04:00,0,2
GEP-005497,liquidity,SWING_HIGH_BREAK,2025-07-17 01:11:00-04:00,0,2
GEP-005498,rejection_block,BEARISH_RB_CONFIRMED,2025-07-17 01:13:00-04:00,0,3
GEP-005499,fvg,BEARISH_FVG_FORMED,2025-07-17 01:14:00-04:00,0,5
GEP-005500,ifvg,BEARISH_IFVG_ACTIVATION,2025-07-17 01:14:00-04:00,0,3
GEP-005501,rejection_block,BULLISH_RB_CONFIRMED,2025-07-17 01:15:00-04:00,0,3
GEP-005502,liquidity,SWING_HIGH_BREAK,2025-07-17 01:15:00-04:00,0,2
GEP-005503,ifvg,BULLISH_IFVG_ACTIVATION,2025-07-17 01:15:00-04:00,0,3
GEP-005504,liquidity,SWING_LOW_BREAK,2025-07-17 01:17:00-04:00,0,2
GEP-005505,liquidity,EQUAL_LOWS_BREAK,2025-07-17 01:17:00-04:00,0,2
GEP-005506,ifvg,BULLISH_IFVG_ACTIVATION,2025-07-17 01:18:00-04:00,0,3
GEP-005507,fvg,BULLISH_FVG_FORMED,2025-07-17 01:19:00-04:00,0,5
GEP-005508,liquidity,SWING_HIGH_BREAK,2025-07-17 01:21:00-04:00,0,2
GEP-005509,fvg,BULLISH_FVG_FORMED,2025-07-17 01:22:00-04:00,0,5
GEP-005510,liquidity,EQUAL_HIGHS_BREAK,2025-07-17 01:22:00-04:00,0,5
GEP-005511,ifvg,BULLISH_IFVG_ACTIVATION,2025-07-17 01:22:00-04:00,0,3
GEP-005512,ifvg,BULLISH_IFVG_ACTIVATION,2025-07-17 01:22:00-04:00,0,3
GEP-005513,liquidity,SWING_HIGH_BREAK,2025-07-17 01:25:00-04:00,0,5
GEP-005514,fvg,BULLISH_FVG_FORMED,2025-07-17 01:26:00-04:00,0,7
GEP-005515,liquidity,SWING_LOW_BREAK,2025-07-17 01:27:00-04:00,0,2
GEP-005516,fvg,BULLISH_FVG_FORMED,2025-07-17 01:29:00-04:00,0,5
GEP-005517,liquidity,SWING_HIGH_BREAK,2025-07-17 01:29:00-04:00,0,2
GEP-005518,liquidity,EQUAL_HIGHS_BREAK,2025-07-17 01:29:00-04:00,0,2
GEP-005519,ifvg,BULLISH_IFVG_ACTIVATION,2025-07-17 01:30:00-04:00,0,3
GEP-005520,fvg,BULLISH_FVG_FORMED,2025-07-17 01:31:00-04:00,0,5
GEP-005521,ifvg,BULLISH_IFVG_ACTIVATION,2025-07-17 01:31:00-04:00,0,3
GEP-005522,rejection_block,BEARISH_RB_CONFIRMED,2025-07-17 01:33:00-04:00,0,3
GEP-005523,liquidity,SWING_LOW_BREAK,2025-07-17 01:33:00-04:00,0,2
GEP-005524,liquidity,SWING_HIGH_BREAK,2025-07-17 01:34:00-04:00,0,5
GEP-005525,rejection_block,BULLISH_RB_CONFIRMED,2025-07-17 01:37:00-04:00,0,3
GEP-005526,liquidity,SWING_HIGH_BREAK,2025-07-17 01:37:00-04:00,0,5
GEP-005527,liquidity,EQUAL_HIGHS_BREAK,2025-07-17 01:37:00-04:00,0,5
GEP-005528,fvg,BULLISH_FVG_FORMED,2025-07-17 01:38:00-04:00,0,5
GEP-005529,fvg,BULLISH_FVG_FORMED,2025-07-17 01:39:00-04:00,0,5
GEP-005530,liquidity,SWING_LOW_BREAK,2025-07-17 01:39:00-04:00,0,2
GEP-005531,liquidity,EQUAL_LOWS_BREAK,2025-07-17 01:39:00-04:00,0,2
GEP-005532,liquidity,SWING_LOW_BREAK,2025-07-17 01:40:00-04:00,0,2
GEP-005533,fvg,BULLISH_FVG_FORMED,2025-07-17 01:41:00-04:00,0,5
GEP-005534,rejection_block,BULLISH_RB_CONFIRMED,2025-07-17 01:44:00-04:00,0,3
GEP-005535,liquidity,SWING_HIGH_BREAK,2025-07-17 01:44:00-04:00,0,5
GEP-005536,fvg,BULLISH_FVG_FORMED,2025-07-17 01:45:00-04:00,0,5
GEP-005537,liquidity,SWING_LOW_BREAK,2025-07-17 01:46:00-04:00,0,5
GEP-005538,liquidity,EQUAL_LOWS_BREAK,2025-07-17 01:46:00-04:00,0,5
GEP-005539,fvg,BULLISH_FVG_FORMED,2025-07-17 01:49:00-04:00,0,7
GEP-005540,fvg,BULLISH_FVG_FORMED,2025-07-17 01:52:00-04:00,0,5
GEP-005541,fvg,BULLISH_FVG_FORMED,2025-07-17 01:53:00-04:00,0,5
GEP-005542,rejection_block,BEARISH_RB_CONFIRMED,2025-07-17 01:54:00-04:00,0,3
GEP-005543,ifvg,BEARISH_IFVG_ACTIVATION,2025-07-17 01:54:00-04:00,0,3
GEP-005544,ifvg,BEARISH_IFVG_ACTIVATION,2025-07-17 01:54:00-04:00,0,3
GEP-005545,fvg,BEARISH_FVG_FORMED,2025-07-17 01:55:00-04:00,0,7
GEP-005546,fvg,BEARISH_FVG_FORMED,2025-07-17 01:56:00-04:00,0,7
GEP-005547,liquidity,SWING_HIGH_BREAK,2025-07-17 01:56:00-04:00,0,5
GEP-005548,liquidity,SWING_LOW_BREAK,2025-07-17 01:59:00-04:00,0,5
GEP-005549,liquidity,EQUAL_LOWS_BREAK,2025-07-17 01:59:00-04:00,0,5
GEP-005550,ifvg,BULLISH_IFVG_ACTIVATION,2025-07-17 02:00:00-04:00,0,3
GEP-005551,fvg,BULLISH_FVG_FORMED,2025-07-17 02:01:00-04:00,0,7
GEP-005552,fvg,BULLISH_FVG_FORMED,2025-07-17 02:02:00-04:00,0,7
GEP-005553,liquidity,SWING_LOW_BREAK,2025-07-17 02:02:00-04:00,0,5
GEP-005554,liquidity,EQUAL_LOWS_BREAK,2025-07-17 02:02:00-04:00,0,5
GEP-005555,ifvg,BULLISH_IFVG_ACTIVATION,2025-07-17 02:03:00-04:00,0,3
GEP-005556,fvg,BULLISH_FVG_FORMED,2025-07-17 02:06:00-04:00,0,7
GEP-005557,fvg,BULLISH_FVG_FORMED,2025-07-17 02:07:00-04:00,0,7
GEP-005558,liquidity,SWING_HIGH_BREAK,2025-07-17 02:10:00-04:00,0,5
GEP-005559,liquidity,EQUAL_HIGHS_BREAK,2025-07-17 02:10:00-04:00,0,5
GEP-005560,fvg,BULLISH_FVG_FORMED,2025-07-17 02:16:00-04:00,0,5
GEP-005561,liquidity,SWING_LOW_BREAK,2025-07-17 02:17:00-04:00,0,5
GEP-005562,liquidity,EQUAL_LOWS_BREAK,2025-07-17 02:17:00-04:00,0,5
GEP-005563,liquidity,SWING_HIGH_BREAK,2025-07-17 02:19:00-04:00,0,5
GEP-005564,liquidity,SWING_LOW_BREAK,2025-07-17 02:21:00-04:00,0,5
GEP-005565,liquidity,EQUAL_LOWS_BREAK,2025-07-17 02:21:00-04:00,0,5
GEP-005566,fvg,BULLISH_FVG_FORMED,2025-07-17 02:26:00-04:00,0,7
GEP-005567,fvg,BEARISH_FVG_FORMED,2025-07-17 02:32:00-04:00,0,5
GEP-005568,liquidity,SWING_HIGH_BREAK,2025-07-17 02:33:00-04:00,0,5
GEP-005569,liquidity,SWING_LOW_BREAK,2025-07-17 02:35:00-04:00,0,5
GEP-005570,liquidity,EQUAL_LOWS_BREAK,2025-07-17 02:35:00-04:00,0,5
GEP-005571,ifvg,BULLISH_IFVG_ACTIVATION,2025-07-17 02:36:00-04:00,0,3
GEP-005572,fvg,BULLISH_FVG_FORMED,2025-07-17 02:37:00-04:00,0,5
GEP-005573,liquidity,SWING_HIGH_BREAK,2025-07-17 02:40:00-04:00,0,5
GEP-005574,liquidity,EQUAL_HIGHS_BREAK,2025-07-17 02:40:00-04:00,0,5
GEP-005575,fvg,BULLISH_FVG_FORMED,2025-07-17 02:42:00-04:00,0,5
GEP-005576,liquidity,SWING_LOW_BREAK,2025-07-17 02:42:00-04:00,0,5
GEP-005577,rejection_block,BEARISH_RB_CONFIRMED,2025-07-17 02:44:00-04:00,0,3
GEP-005578,rejection_block,BEARISH_RB_CONFIRMED,2025-07-17 02:44:00-04:00,0,3
GEP-005579,ifvg,BEARISH_IFVG_ACTIVATION,2025-07-17 02:44:00-04:00,0,3
GEP-005580,liquidity,SWING_HIGH_BREAK,2025-07-17 02:46:00-04:00,0,5
GEP-005581,liquidity,SWING_LOW_BREAK,2025-07-17 02:47:00-04:00,0,5
GEP-005582,liquidity,EQUAL_LOWS_BREAK,2025-07-17 02:47:00-04:00,0,5
GEP-005583,fvg,BEARISH_FVG_FORMED,2025-07-17 02:48:00-04:00,0,5
GEP-005584,liquidity,SWING_HIGH_BREAK,2025-07-17 02:48:00-04:00,0,5
GEP-005585,liquidity,EQUAL_HIGHS_BREAK,2025-07-17 02:48:00-04:00,0,5
GEP-005586,ifvg,BULLISH_IFVG_ACTIVATION,2025-07-17 02:50:00-04:00,0,3
GEP-005587,liquidity,SWING_LOW_SWEEP_BELOW,2025-07-17 02:51:00-04:00,0,5
GEP-005588,liquidity,SWING_HIGH_BREAK,2025-07-17 02:53:00-04:00,0,5
GEP-005589,liquidity,SWING_LOW_BREAK,2025-07-17 02:54:00-04:00,0,5
GEP-005590,liquidity,EQUAL_LOWS_BREAK,2025-07-17 02:54:00-04:00,0,5
GEP-005591,fvg,BEARISH_FVG_FORMED,2025-07-17 02:56:00-04:00,0,5
GEP-005592,ifvg,BEARISH_IFVG_ACTIVATION,2025-07-17 02:56:00-04:00,0,3
GEP-005593,fvg,BEARISH_FVG_FORMED,2025-07-17 02:57:00-04:00,0,5
GEP-005594,rejection_block,BULLISH_RB_CONFIRMED,2025-07-17 02:58:00-04:00,0,3
GEP-005595,ifvg,BEARISH_IFVG_ACTIVATION,2025-07-17 03:00:00-04:00,0,3
GEP-005596,fvg,BEARISH_FVG_FORMED,2025-07-17 03:01:00-04:00,0,7
GEP-005597,time_anchor,ANCHOR_LONDON_OPEN_BREAK,2025-07-17 03:01:00-04:00,0,6
GEP-005598,liquidity,SWING_HIGH_BREAK,2025-07-17 03:03:00-04:00,0,5
GEP-005599,ifvg,BEARISH_IFVG_ACTIVATION,2025-07-17 03:05:00-04:00,0,3
GEP-005600,liquidity,SWING_HIGH_BREAK,2025-07-17 03:07:00-04:00,0,5
GEP-005601,liquidity,SWING_LOW_BREAK,2025-07-17 03:09:00-04:00,0,5
GEP-005602,liquidity,SWING_HIGH_BREAK,2025-07-17 03:14:00-04:00,0,5
GEP-005603,liquidity,EQUAL_HIGHS_BREAK,2025-07-17 03:14:00-04:00,0,5
GEP-005604,fvg,BULLISH_FVG_FORMED,2025-07-17 03:16:00-04:00,0,5
GEP-005605,liquidity,SWING_LOW_BREAK,2025-07-17 03:17:00-04:00,0,5
GEP-005606,ifvg,BEARISH_IFVG_ACTIVATION,2025-07-17 03:17:00-04:00,0,3
GEP-005607,fvg,BEARISH_FVG_FORMED,2025-07-17 03:18:00-04:00,0,7
GEP-005608,fvg,BEARISH_FVG_FORMED,2025-07-17 03:19:00-04:00,0,7
GEP-005609,liquidity,SWING_HIGH_BREAK,2025-07-17 03:19:00-04:00,0,5
GEP-005610,ifvg,BEARISH_IFVG_ACTIVATION,2025-07-17 03:21:00-04:00,0,3
GEP-005611,rejection_block,BULLISH_RB_CONFIRMED,2025-07-17 03:22:00-04:00,0,3
GEP-005612,liquidity,SWING_LOW_BREAK,2025-07-17 03:24:00-04:00,0,5
GEP-005613,liquidity,SWING_LOW_BREAK,2025-07-17 03:25:00-04:00,0,5
GEP-005614,liquidity,EQUAL_LOWS_BREAK,2025-07-17 03:25:00-04:00,0,5
GEP-005615,liquidity,SWING_HIGH_BREAK,2025-07-17 03:26:00-04:00,0,5
GEP-005616,liquidity,EQUAL_HIGHS_BREAK,2025-07-17 03:26:00-04:00,0,5
GEP-005617,fvg,BULLISH_FVG_FORMED,2025-07-17 03:28:00-04:00,0,5
GEP-005618,liquidity,SWING_LOW_BREAK,2025-07-17 03:28:00-04:00,0,5
GEP-005619,ifvg,BULLISH_IFVG_ACTIVATION,2025-07-17 03:30:00-04:00,0,3
GEP-005620,fvg,BULLISH_FVG_FORMED,2025-07-17 03:31:00-04:00,0,7
GEP-005621,ifvg,BULLISH_IFVG_ACTIVATION,2025-07-17 03:31:00-04:00,0,3
GEP-005622,fvg,BULLISH_FVG_FORMED,2025-07-17 03:32:00-04:00,0,7
GEP-005623,rejection_block,BEARISH_RB_CONFIRMED,2025-07-17 03:33:00-04:00,0,3
GEP-005624,rejection_block,BEARISH_RB_CONFIRMED,2025-07-17 03:34:00-04:00,0,3
GEP-005625,fvg,BEARISH_FVG_FORMED,2025-07-17 03:35:00-04:00,0,5
GEP-005626,liquidity,SWING_HIGH_BREAK,2025-07-17 03:36:00-04:00,0,5
GEP-005627,liquidity,EQUAL_HIGHS_BREAK,2025-07-17 03:36:00-04:00,0,5
GEP-005628,ifvg,BEARISH_IFVG_ACTIVATION,2025-07-17 03:36:00-04:00,0,3
GEP-005629,rejection_block,BULLISH_RB_CONFIRMED,2025-07-17 03:37:00-04:00,0,3
GEP-005630,liquidity,SWING_LOW_BREAK,2025-07-17 03:38:00-04:00,0,5
GEP-005631,liquidity,EQUAL_LOWS_BREAK,2025-07-17 03:38:00-04:00,0,5
GEP-005632,rejection_block,BULLISH_RB_CONFIRMED,2025-07-17 03:39:00-04:00,0,3
GEP-005633,ifvg,BULLISH_IFVG_ACTIVATION,2025-07-17 03:39:00-04:00,0,3
GEP-005634,fvg,BULLISH_FVG_FORMED,2025-07-17 03:40:00-04:00,0,7
GEP-005635,ifvg,BULLISH_IFVG_ACTIVATION,2025-07-17 03:40:00-04:00,0,3
GEP-005636,fvg,BULLISH_FVG_FORMED,2025-07-17 03:41:00-04:00,0,7
GEP-005637,liquidity,SWING_LOW_BREAK,2025-07-17 03:41:00-04:00,0,5
GEP-005638,liquidity,SWING_HIGH_BREAK,2025-07-17 03:43:00-04:00,0,5
GEP-005639,liquidity,EQUAL_HIGHS_BREAK,2025-07-17 03:43:00-04:00,0,5
GEP-005640,liquidity,SWING_LOW_BREAK,2025-07-17 03:46:00-04:00,0,5
GEP-005641,ifvg,BEARISH_IFVG_ACTIVATION,2025-07-17 03:46:00-04:00,0,3
GEP-005642,fvg,BEARISH_FVG_FORMED,2025-07-17 03:47:00-04:00,0,5
GEP-005643,liquidity,SWING_HIGH_BREAK,2025-07-17 03:47:00-04:00,0,5
GEP-005644,rejection_block,BULLISH_RB_CONFIRMED,2025-07-17 03:48:00-04:00,0,3
GEP-005645,fvg,BEARISH_FVG_FORMED,2025-07-17 03:50:00-04:00,0,5
GEP-005646,rejection_block,BEARISH_RB_CONFIRMED,2025-07-17 03:53:00-04:00,0,3
GEP-005647,liquidity,SWING_LOW_BREAK,2025-07-17 03:53:00-04:00,0,5
GEP-005648,structure,COMPRESSION,2025-07-17 03:55:00-04:00,0,2
GEP-005649,liquidity,SWING_HIGH_BREAK,2025-07-17 03:55:00-04:00,0,5
GEP-005650,liquidity,EQUAL_HIGHS_BREAK,2025-07-17 03:55:00-04:00,0,5
GEP-005651,fvg,BEARISH_FVG_FORMED,2025-07-17 03:57:00-04:00,0,5
GEP-005652,ifvg,BEARISH_IFVG_ACTIVATION,2025-07-17 03:57:00-04:00,0,3
GEP-005653,fvg,BEARISH_FVG_FORMED,2025-07-17 03:58:00-04:00,0,5
GEP-005654,fvg,BEARISH_FVG_FORMED,2025-07-17 03:59:00-04:00,0,5
GEP-005655,ifvg,BEARISH_IFVG_ACTIVATION,2025-07-17 03:59:00-04:00,0,3
GEP-005656,rejection_block,BULLISH_RB_CONFIRMED,2025-07-17 04:01:00-04:00,0,3
GEP-005657,rejection_block,BEARISH_RB_CONFIRMED,2025-07-17 04:02:00-04:00,0,3
GEP-005658,liquidity,SWING_LOW_BREAK,2025-07-17 04:03:00-04:00,0,5
GEP-005659,liquidity,SWING_HIGH_BREAK,2025-07-17 04:04:00-04:00,0,5
GEP-005660,fvg,BEARISH_FVG_FORMED,2025-07-17 04:05:00-04:00,0,7
GEP-005661,ifvg,BULLISH_IFVG_ACTIVATION,2025-07-17 04:06:00-04:00,0,3
GEP-005662,liquidity,SWING_LOW_BREAK,2025-07-17 04:07:00-04:00,0,5
GEP-005663,liquidity,EQUAL_LOWS_BREAK,2025-07-17 04:07:00-04:00,0,5
GEP-005664,ifvg,BEARISH_IFVG_ACTIVATION,2025-07-17 04:07:00-04:00,0,3
GEP-005665,liquidity,SWING_HIGH_BREAK,2025-07-17 04:09:00-04:00,0,5
GEP-005666,liquidity,SWING_LOW_BREAK,2025-07-17 04:11:00-04:00,0,5
GEP-005667,liquidity,EQUAL_LOWS_BREAK,2025-07-17 04:11:00-04:00,0,5
GEP-005668,liquidity,SWING_HIGH_BREAK,2025-07-17 04:14:00-04:00,0,5
GEP-005669,liquidity,EQUAL_HIGHS_BREAK,2025-07-17 04:14:00-04:00,0,5
GEP-005670,liquidity,SWING_LOW_BREAK,2025-07-17 04:17:00-04:00,0,5
GEP-005671,ifvg,BEARISH_IFVG_ACTIVATION,2025-07-17 04:17:00-04:00,0,3
GEP-005672,fvg,BEARISH_FVG_FORMED,2025-07-17 04:18:00-04:00,0,7
GEP-005673,liquidity,SWING_HIGH_BREAK,2025-07-17 04:19:00-04:00,0,5
GEP-005674,rejection_block,BEARISH_RB_CONFIRMED,2025-07-17 04:24:00-04:00,0,3
GEP-005675,liquidity,SWING_LOW_BREAK,2025-07-17 04:24:00-04:00,0,5
GEP-005676,liquidity,EQUAL_LOWS_BREAK,2025-07-17 04:24:00-04:00,0,5
GEP-005677,liquidity,SWING_HIGH_BREAK,2025-07-17 04:27:00-04:00,0,5
GEP-005678,liquidity,EQUAL_HIGHS_BREAK,2025-07-17 04:27:00-04:00,0,5
GEP-005679,liquidity,SWING_LOW_BREAK,2025-07-17 04:28:00-04:00,0,5
GEP-005680,liquidity,EQUAL_LOWS_BREAK,2025-07-17 04:28:00-04:00,0,5
GEP-005681,fvg,BULLISH_FVG_FORMED,2025-07-17 04:29:00-04:00,0,5
GEP-005682,fvg,BULLISH_FVG_FORMED,2025-07-17 04:30:00-04:00,0,5
GEP-005683,rejection_block,BEARISH_RB_CONFIRMED,2025-07-17 04:34:00-04:00,0,3
GEP-005684,liquidity,SWING_LOW_BREAK,2025-07-17 04:35:00-04:00,0,5
GEP-005685,liquidity,SWING_HIGH_BREAK,2025-07-17 04:36:00-04:00,0,5
GEP-005686,liquidity,EQUAL_HIGHS_BREAK,2025-07-17 04:36:00-04:00,0,5
GEP-005687,ifvg,BEARISH_IFVG_ACTIVATION,2025-07-17 04:36:00-04:00,0,3
GEP-005688,ifvg,BEARISH_IFVG_ACTIVATION,2025-07-17 04:36:00-04:00,0,3
GEP-005689,rejection_block,BULLISH_RB_CONFIRMED,2025-07-17 04:37:00-04:00,0,3
GEP-005690,fvg,BULLISH_FVG_FORMED,2025-07-17 04:38:00-04:00,0,7
GEP-005691,liquidity,SWING_LOW_BREAK,2025-07-17 04:39:00-04:00,0,5
GEP-005692,ifvg,BULLISH_IFVG_ACTIVATION,2025-07-17 04:39:00-04:00,0,3
GEP-005693,rejection_block,BULLISH_RB_CONFIRMED,2025-07-17 04:43:00-04:00,0,3
GEP-005694,fvg,BEARISH_FVG_FORMED,2025-07-17 04:45:00-04:00,0,7
GEP-005695,ifvg,BEARISH_IFVG_ACTIVATION,2025-07-17 04:45:00-04:00,0,3
GEP-005696,fvg,BEARISH_FVG_FORMED,2025-07-17 04:46:00-04:00,0,7
GEP-005697,liquidity,SWING_HIGH_BREAK,2025-07-17 04:46:00-04:00,0,5
GEP-005698,liquidity,EQUAL_HIGHS_BREAK,2025-07-17 04:46:00-04:00,0,5
GEP-005699,liquidity,SWING_LOW_BREAK,2025-07-17 04:49:00-04:00,0,5
GEP-005700,liquidity,SWING_LOW_BREAK,2025-07-17 04:50:00-04:00,0,5
GEP-005701,liquidity,EQUAL_LOWS_BREAK,2025-07-17 04:50:00-04:00,0,5
GEP-005702,liquidity,SWING_HIGH_SWEEP_ABOVE,2025-07-17 04:51:00-04:00,0,5
GEP-005703,liquidity,EQUAL_HIGHS_SWEEP_ABOVE,2025-07-17 04:51:00-04:00,0,5
GEP-005704,fvg,BULLISH_FVG_FORMED,2025-07-17 04:52:00-04:00,0,7
GEP-005705,ifvg,BULLISH_IFVG_ACTIVATION,2025-07-17 04:52:00-04:00,0,3
GEP-005706,ifvg,BULLISH_IFVG_ACTIVATION,2025-07-17 04:52:00-04:00,0,3
GEP-005707,fvg,BULLISH_FVG_FORMED,2025-07-17 04:53:00-04:00,0,7
GEP-005708,liquidity,SWING_LOW_BREAK,2025-07-17 04:53:00-04:00,0,5
GEP-005709,fvg,BULLISH_FVG_FORMED,2025-07-17 04:55:00-04:00,0,5
GEP-005710,liquidity,SWING_HIGH_BREAK,2025-07-17 04:55:00-04:00,0,5
GEP-005711,fvg,BULLISH_FVG_FORMED,2025-07-17 04:56:00-04:00,0,5
GEP-005712,ifvg,BEARISH_IFVG_ACTIVATION,2025-07-17 04:58:00-04:00,0,3
GEP-005713,ifvg,BEARISH_IFVG_ACTIVATION,2025-07-17 04:58:00-04:00,0,3
GEP-005714,fvg,BEARISH_FVG_FORMED,2025-07-17 04:59:00-04:00,0,7
GEP-005715,liquidity,SWING_HIGH_BREAK,2025-07-17 05:00:00-04:00,0,5
GEP-005716,liquidity,EQUAL_HIGHS_BREAK,2025-07-17 05:00:00-04:00,0,5
GEP-005717,ifvg,BULLISH_IFVG_ACTIVATION,2025-07-17 05:01:00-04:00,0,3
GEP-005718,liquidity,SWING_LOW_BREAK,2025-07-17 05:02:00-04:00,0,5
GEP-005719,fvg,BULLISH_FVG_FORMED,2025-07-17 05:03:00-04:00,0,5
GEP-005720,fvg,BULLISH_FVG_FORMED,2025-07-17 05:04:00-04:00,0,5
GEP-005721,ifvg,BEARISH_IFVG_ACTIVATION,2025-07-17 05:05:00-04:00,0,3
GEP-005722,ifvg,BEARISH_IFVG_ACTIVATION,2025-07-17 05:05:00-04:00,0,3
GEP-005723,fvg,BEARISH_FVG_FORMED,2025-07-17 05:06:00-04:00,0,7
GEP-005724,liquidity,SWING_HIGH_BREAK,2025-07-17 05:06:00-04:00,0,5
GEP-005725,ifvg,BULLISH_IFVG_ACTIVATION,2025-07-17 05:08:00-04:00,0,3
GEP-005726,fvg,BULLISH_FVG_FORMED,2025-07-17 05:09:00-04:00,0,7
GEP-005727,liquidity,SWING_LOW_BREAK,2025-07-17 05:10:00-04:00,0,5
GEP-005728,ifvg,BULLISH_IFVG_ACTIVATION,2025-07-17 05:11:00-04:00,0,3
GEP-005729,ifvg,BULLISH_IFVG_ACTIVATION,2025-07-17 05:12:00-04:00,0,3
GEP-005730,fvg,BULLISH_FVG_FORMED,2025-07-17 05:13:00-04:00,0,5
GEP-005731,liquidity,SWING_HIGH_BREAK,2025-07-17 05:15:00-04:00,0,5
GEP-005732,liquidity,EQUAL_HIGHS_BREAK,2025-07-17 05:15:00-04:00,0,5
GEP-005733,liquidity,SWING_HIGH_BREAK,2025-07-17 05:16:00-04:00,0,5
GEP-005734,ifvg,BULLISH_IFVG_ACTIVATION,2025-07-17 05:17:00-04:00,0,3
GEP-005735,fvg,BULLISH_FVG_FORMED,2025-07-17 05:18:00-04:00,0,5
GEP-005736,rejection_block,BEARISH_RB_CONFIRMED,2025-07-17 05:19:00-04:00,0,3
GEP-005737,liquidity,SWING_HIGH_BREAK,2025-07-17 05:21:00-04:00,0,5
GEP-005738,liquidity,EQUAL_HIGHS_BREAK,2025-07-17 05:21:00-04:00,0,5
GEP-005739,ifvg,BEARISH_IFVG_ACTIVATION,2025-07-17 05:24:00-04:00,0,3
GEP-005740,ifvg,BEARISH_IFVG_ACTIVATION,2025-07-17 05:25:00-04:00,0,3
GEP-005741,liquidity,SWING_LOW_SWEEP_BELOW,2025-07-17 05:26:00-04:00,0,5
GEP-005742,rejection_block,BULLISH_RB_CONFIRMED,2025-07-17 05:27:00-04:00,0,3
GEP-005743,fvg,BULLISH_FVG_FORMED,2025-07-17 05:28:00-04:00,0,5
GEP-005744,rejection_block,BULLISH_RB_CONFIRMED,2025-07-17 05:28:00-04:00,0,3
GEP-005745,liquidity,SWING_LOW_BREAK,2025-07-17 05:29:00-04:00,0,5
GEP-005746,liquidity,EQUAL_LOWS_BREAK,2025-07-17 05:29:00-04:00,0,5
GEP-005747,ifvg,BEARISH_IFVG_ACTIVATION,2025-07-17 05:29:00-04:00,0,3
GEP-005748,liquidity,SWING_LOW_BREAK,2025-07-17 05:30:00-04:00,0,5
GEP-005749,fvg,BULLISH_FVG_FORMED,2025-07-17 05:31:00-04:00,0,7
GEP-005750,liquidity,SWING_HIGH_BREAK,2025-07-17 05:34:00-04:00,0,5
GEP-005751,liquidity,SWING_LOW_BREAK,2025-07-17 05:36:00-04:00,0,5
GEP-005752,liquidity,SWING_HIGH_BREAK,2025-07-17 05:38:00-04:00,0,5
GEP-005753,liquidity,EQUAL_HIGHS_BREAK,2025-07-17 05:38:00-04:00,0,5
GEP-005754,fvg,BEARISH_FVG_FORMED,2025-07-17 05:39:00-04:00,0,5
GEP-005755,liquidity,SWING_HIGH_BREAK,2025-07-17 05:40:00-04:00,0,5
GEP-005756,rejection_block,BEARISH_RB_CONFIRMED,2025-07-17 05:41:00-04:00,0,3
GEP-005757,ifvg,BEARISH_IFVG_ACTIVATION,2025-07-17 05:41:00-04:00,0,3
GEP-005758,fvg,BEARISH_FVG_FORMED,2025-07-17 05:42:00-04:00,0,5
GEP-005759,fvg,BEARISH_FVG_FORMED,2025-07-17 05:43:00-04:00,0,5
GEP-005760,liquidity,SWING_HIGH_BREAK,2025-07-17 05:43:00-04:00,0,5
GEP-005761,liquidity,SWING_LOW_BREAK,2025-07-17 05:46:00-04:00,0,5
GEP-005762,liquidity,EQUAL_LOWS_BREAK,2025-07-17 05:46:00-04:00,0,5
GEP-005763,liquidity,SWING_HIGH_BREAK,2025-07-17 05:47:00-04:00,0,5
GEP-005764,liquidity,EQUAL_HIGHS_BREAK,2025-07-17 05:47:00-04:00,0,5
GEP-005765,fvg,BEARISH_FVG_FORMED,2025-07-17 05:48:00-04:00,0,5
GEP-005766,fvg,BEARISH_FVG_FORMED,2025-07-17 05:49:00-04:00,0,5
GEP-005767,liquidity,SWING_LOW_BREAK,2025-07-17 05:52:00-04:00,0,5
GEP-005768,liquidity,SWING_HIGH_BREAK,2025-07-17 05:54:00-04:00,0,5
GEP-005769,liquidity,SWING_LOW_SWEEP_BELOW,2025-07-17 05:55:00-04:00,0,5
GEP-005770,ifvg,BEARISH_IFVG_ACTIVATION,2025-07-17 05:57:00-04:00,0,3
GEP-005771,liquidity,SWING_LOW_BREAK,2025-07-17 06:00:00-04:00,0,5
GEP-005772,liquidity,EQUAL_LOWS_BREAK,2025-07-17 06:00:00-04:00,0,5
GEP-005773,fvg,BULLISH_FVG_FORMED,2025-07-17 06:01:00-04:00,0,7
GEP-005774,liquidity,SWING_LOW_BREAK,2025-07-17 06:01:00-04:00,0,5
GEP-005775,fvg,BULLISH_FVG_FORMED,2025-07-17 06:02:00-04:00,0,7
GEP-005776,ifvg,BEARISH_IFVG_ACTIVATION,2025-07-17 06:03:00-04:00,0,3
GEP-005777,fvg,BEARISH_FVG_FORMED,2025-07-17 06:04:00-04:00,0,5
GEP-005778,liquidity,SWING_HIGH_BREAK,2025-07-17 06:04:00-04:00,0,5
GEP-005779,liquidity,EQUAL_HIGHS_BREAK,2025-07-17 06:04:00-04:00,0,5
GEP-005780,liquidity,SWING_HIGH_BREAK,2025-07-17 06:05:00-04:00,0,5
GEP-005781,ifvg,BEARISH_IFVG_ACTIVATION,2025-07-17 06:06:00-04:00,0,3
GEP-005782,rejection_block,BEARISH_RB_CONFIRMED,2025-07-17 06:09:00-04:00,0,3
GEP-005783,liquidity,SWING_LOW_BREAK,2025-07-17 06:10:00-04:00,0,5
GEP-005784,liquidity,SWING_HIGH_BREAK,2025-07-17 06:11:00-04:00,0,5
GEP-005785,liquidity,SWING_LOW_BREAK,2025-07-17 06:13:00-04:00,0,5
GEP-005786,liquidity,EQUAL_LOWS_BREAK,2025-07-17 06:13:00-04:00,0,5
GEP-005787,liquidity,SWING_LOW_BREAK,2025-07-17 06:14:00-04:00,0,5
GEP-005788,liquidity,SWING_HIGH_BREAK,2025-07-17 06:15:00-04:00,0,5
GEP-005789,liquidity,EQUAL_HIGHS_BREAK,2025-07-17 06:15:00-04:00,0,5
GEP-005790,liquidity,SWING_LOW_SWEEP_BELOW,2025-07-17 06:17:00-04:00,0,5
GEP-005791,liquidity,EQUAL_LOWS_SWEEP_BELOW,2025-07-17 06:17:00-04:00,0,5
GEP-005792,rejection_block,BULLISH_RB_CONFIRMED,2025-07-17 06:18:00-04:00,0,3
GEP-005793,fvg,BEARISH_FVG_FORMED,2025-07-17 06:20:00-04:00,0,5
GEP-005794,liquidity,SWING_LOW_SWEEP_BELOW,2025-07-17 06:20:00-04:00,0,5
GEP-005795,liquidity,EQUAL_LOWS_SWEEP_BELOW,2025-07-17 06:20:00-04:00,0,5
GEP-005796,rejection_block,BULLISH_RB_CONFIRMED,2025-07-17 06:21:00-04:00,0,3
GEP-005797,liquidity,SWING_HIGH_SWEEP_ABOVE,2025-07-17 06:21:00-04:00,0,5
GEP-005798,fvg,BULLISH_FVG_FORMED,2025-07-17 06:22:00-04:00,0,5
GEP-005799,ifvg,BULLISH_IFVG_ACTIVATION,2025-07-17 06:22:00-04:00,0,3
GEP-005800,liquidity,SWING_LOW_BREAK,2025-07-17 06:23:00-04:00,0,5
GEP-005801,liquidity,EQUAL_LOWS_BREAK,2025-07-17 06:23:00-04:00,0,5
GEP-005802,fvg,BEARISH_FVG_FORMED,2025-07-17 06:24:00-04:00,0,5
GEP-005803,rejection_block,BEARISH_RB_CONFIRMED,2025-07-17 06:24:00-04:00,0,3
GEP-005804,liquidity,SWING_HIGH_BREAK,2025-07-17 06:24:00-04:00,0,5
GEP-005805,liquidity,EQUAL_HIGHS_BREAK,2025-07-17 06:24:00-04:00,0,5
GEP-005806,ifvg,BEARISH_IFVG_ACTIVATION,2025-07-17 06:24:00-04:00,0,3
GEP-005807,fvg,BULLISH_FVG_FORMED,2025-07-17 06:28:00-04:00,0,5
GEP-005808,liquidity,SWING_LOW_BREAK,2025-07-17 06:28:00-04:00,0,5
GEP-005809,liquidity,EQUAL_LOWS_BREAK,2025-07-17 06:28:00-04:00,0,5
GEP-005810,ifvg,BULLISH_IFVG_ACTIVATION,2025-07-17 06:28:00-04:00,0,3
GEP-005811,fvg,BULLISH_FVG_FORMED,2025-07-17 06:29:00-04:00,0,5
GEP-005812,rejection_block,BEARISH_RB_CONFIRMED,2025-07-17 06:32:00-04:00,0,3
GEP-005813,liquidity,SWING_HIGH_BREAK,2025-07-17 06:34:00-04:00,0,5
GEP-005814,liquidity,EQUAL_HIGHS_BREAK,2025-07-17 06:34:00-04:00,0,5
GEP-005815,liquidity,SWING_LOW_BREAK,2025-07-17 06:35:00-04:00,0,5
GEP-005816,rejection_block,BULLISH_RB_CONFIRMED,2025-07-17 06:39:00-04:00,0,3
GEP-005817,liquidity,SWING_LOW_BREAK,2025-07-17 06:40:00-04:00,0,5
GEP-005818,liquidity,EQUAL_LOWS_BREAK,2025-07-17 06:40:00-04:00,0,5
GEP-005819,ifvg,BEARISH_IFVG_ACTIVATION,2025-07-17 06:42:00-04:00,0,3
GEP-005820,ifvg,BEARISH_IFVG_ACTIVATION,2025-07-17 06:42:00-04:00,0,3
GEP-005821,fvg,BEARISH_FVG_FORMED,2025-07-17 06:43:00-04:00,0,7
GEP-005822,liquidity,SWING_HIGH_BREAK,2025-07-17 06:43:00-04:00,0,5
GEP-005823,ifvg,BULLISH_IFVG_ACTIVATION,2025-07-17 06:45:00-04:00,0,3
GEP-005824,fvg,BULLISH_FVG_FORMED,2025-07-17 06:46:00-04:00,0,7
GEP-005825,liquidity,SWING_LOW_BREAK,2025-07-17 06:47:00-04:00,0,5
GEP-005826,liquidity,EQUAL_LOWS_BREAK,2025-07-17 06:47:00-04:00,0,5
GEP-005827,ifvg,BEARISH_IFVG_ACTIVATION,2025-07-17 06:47:00-04:00,0,3
GEP-005828,fvg,BEARISH_FVG_FORMED,2025-07-17 06:48:00-04:00,0,7
GEP-005829,liquidity,SWING_HIGH_BREAK,2025-07-17 06:48:00-04:00,0,5
GEP-005830,ifvg,BEARISH_IFVG_ACTIVATION,2025-07-17 06:48:00-04:00,0,3
GEP-005831,ifvg,BEARISH_IFVG_ACTIVATION,2025-07-17 06:48:00-04:00,0,3
GEP-005832,fvg,BEARISH_FVG_FORMED,2025-07-17 06:49:00-04:00,0,7
GEP-005833,liquidity,SWING_HIGH_BREAK,2025-07-17 06:49:00-04:00,0,5
GEP-005834,liquidity,EQUAL_HIGHS_BREAK,2025-07-17 06:49:00-04:00,0,5
GEP-005835,fvg,BEARISH_FVG_FORMED,2025-07-17 06:50:00-04:00,0,7
GEP-005836,liquidity,SWING_LOW_BREAK,2025-07-17 06:52:00-04:00,0,5
GEP-005837,fvg,BEARISH_FVG_FORMED,2025-07-17 06:53:00-04:00,0,5
GEP-005838,ifvg,BULLISH_IFVG_ACTIVATION,2025-07-17 06:54:00-04:00,0,3
GEP-005839,fvg,BEARISH_FVG_FORMED,2025-07-17 06:56:00-04:00,0,5
GEP-005840,liquidity,SWING_LOW_BREAK,2025-07-17 06:56:00-04:00,0,5
GEP-005841,liquidity,EQUAL_LOWS_BREAK,2025-07-17 06:56:00-04:00,0,5
GEP-005842,ifvg,BEARISH_IFVG_ACTIVATION,2025-07-17 06:56:00-04:00,0,3
GEP-005843,liquidity,SWING_HIGH_BREAK,2025-07-17 06:57:00-04:00,0,5
GEP-005844,liquidity,EQUAL_HIGHS_BREAK,2025-07-17 06:57:00-04:00,0,5
GEP-005845,ifvg,BULLISH_IFVG_ACTIVATION,2025-07-17 06:57:00-04:00,0,3
GEP-005846,fvg,BULLISH_FVG_FORMED,2025-07-17 06:58:00-04:00,0,7
GEP-005847,liquidity,SWING_LOW_BREAK,2025-07-17 06:59:00-04:00,0,5
GEP-005848,liquidity,EQUAL_LOWS_BREAK,2025-07-17 06:59:00-04:00,0,5
GEP-005849,ifvg,BEARISH_IFVG_ACTIVATION,2025-07-17 06:59:00-04:00,0,3
GEP-005850,fvg,BEARISH_FVG_FORMED,2025-07-17 07:00:00-04:00,0,7
GEP-005851,liquidity,SWING_HIGH_BREAK,2025-07-17 07:00:00-04:00,0,5
GEP-005852,liquidity,EQUAL_HIGHS_BREAK,2025-07-17 07:00:00-04:00,0,5
GEP-005853,ifvg,BEARISH_IFVG_ACTIVATION,2025-07-17 07:00:00-04:00,0,3
GEP-005854,ifvg,BEARISH_IFVG_ACTIVATION,2025-07-17 07:00:00-04:00,0,3
GEP-005855,fvg,BEARISH_FVG_FORMED,2025-07-17 07:01:00-04:00,0,7
GEP-005856,liquidity,SWING_HIGH_BREAK,2025-07-17 07:01:00-04:00,0,5
GEP-005857,liquidity,SWING_LOW_BREAK,2025-07-17 07:04:00-04:00,0,5
GEP-005858,fvg,BULLISH_FVG_FORMED,2025-07-17 07:06:00-04:00,0,7
GEP-005859,liquidity,SWING_LOW_BREAK,2025-07-17 07:07:00-04:00,0,5
GEP-005860,rejection_block,BULLISH_RB_CONFIRMED,2025-07-17 07:11:00-04:00,0,3
GEP-005861,ifvg,BULLISH_IFVG_ACTIVATION,2025-07-17 07:11:00-04:00,0,3
GEP-005862,rejection_block,BEARISH_RB_CONFIRMED,2025-07-17 07:12:00-04:00,0,3
GEP-005863,liquidity,SWING_LOW_BREAK,2025-07-17 07:13:00-04:00,0,5
GEP-005864,rejection_block,BULLISH_RB_CONFIRMED,2025-07-17 07:14:00-04:00,0,3
GEP-005865,liquidity,SWING_HIGH_BREAK,2025-07-17 07:14:00-04:00,0,5
GEP-005866,liquidity,EQUAL_HIGHS_BREAK,2025-07-17 07:14:00-04:00,0,5
GEP-005867,liquidity,SWING_LOW_BREAK,2025-07-17 07:16:00-04:00,0,5
GEP-005868,fvg,BEARISH_FVG_FORMED,2025-07-17 07:17:00-04:00,0,7
GEP-005869,liquidity,SWING_HIGH_BREAK,2025-07-17 07:18:00-04:00,0,5
GEP-005870,liquidity,EQUAL_HIGHS_BREAK,2025-07-17 07:18:00-04:00,0,5
GEP-005871,liquidity,SWING_LOW_BREAK,2025-07-17 07:20:00-04:00,0,5
GEP-005872,rejection_block,BULLISH_RB_CONFIRMED,2025-07-17 07:21:00-04:00,0,3
GEP-005873,structure,COMPRESSION,2025-07-17 07:23:00-04:00,0,2
GEP-005874,liquidity,SWING_HIGH_BREAK,2025-07-17 07:23:00-04:00,0,5
GEP-005875,liquidity,SWING_LOW_BREAK,2025-07-17 07:23:00-04:00,0,5
GEP-005876,liquidity,EQUAL_HIGHS_BREAK,2025-07-17 07:23:00-04:00,0,5
GEP-005877,liquidity,EQUAL_LOWS_BREAK,2025-07-17 07:23:00-04:00,0,5
GEP-005878,ifvg,BULLISH_IFVG_ACTIVATION,2025-07-17 07:25:00-04:00,0,3
GEP-005879,fvg,BULLISH_FVG_FORMED,2025-07-17 07:26:00-04:00,0,5
GEP-005880,ifvg,BULLISH_IFVG_ACTIVATION,2025-07-17 07:26:00-04:00,0,3
GEP-005881,fvg,BULLISH_FVG_FORMED,2025-07-17 07:27:00-04:00,0,5
GEP-005882,liquidity,SWING_HIGH_BREAK,2025-07-17 07:29:00-04:00,0,5
GEP-005883,liquidity,EQUAL_HIGHS_BREAK,2025-07-17 07:29:00-04:00,0,5
GEP-005884,ifvg,BEARISH_IFVG_ACTIVATION,2025-07-17 07:30:00-04:00,0,3
GEP-005885,ifvg,BEARISH_IFVG_ACTIVATION,2025-07-17 07:30:00-04:00,0,3
GEP-005886,fvg,BEARISH_FVG_FORMED,2025-07-17 07:31:00-04:00,0,7
GEP-005887,rejection_block,BULLISH_RB_CONFIRMED,2025-07-17 07:33:00-04:00,0,3
GEP-005888,liquidity,SWING_LOW_BREAK,2025-07-17 07:35:00-04:00,0,5
GEP-005889,liquidity,EQUAL_LOWS_BREAK,2025-07-17 07:35:00-04:00,0,5
GEP-005890,liquidity,SWING_LOW_BREAK,2025-07-17 07:38:00-04:00,0,5
GEP-005891,liquidity,EQUAL_LOWS_BREAK,2025-07-17 07:38:00-04:00,0,5
GEP-005892,liquidity,SWING_HIGH_BREAK,2025-07-17 07:39:00-04:00,0,5
GEP-005893,liquidity,SWING_LOW_BREAK,2025-07-17 07:43:00-04:00,0,5
GEP-005894,liquidity,SWING_HIGH_BREAK,2025-07-17 07:44:00-04:00,0,5
GEP-005895,ifvg,BEARISH_IFVG_ACTIVATION,2025-07-17 07:46:00-04:00,0,3
GEP-005896,fvg,BEARISH_FVG_FORMED,2025-07-17 07:47:00-04:00,0,7
GEP-005897,rejection_block,BULLISH_RB_CONFIRMED,2025-07-17 07:48:00-04:00,0,3
GEP-005898,liquidity,SWING_LOW_BREAK,2025-07-17 07:49:00-04:00,0,5
GEP-005899,liquidity,EQUAL_LOWS_BREAK,2025-07-17 07:49:00-04:00,0,5
GEP-005900,ifvg,BULLISH_IFVG_ACTIVATION,2025-07-17 07:49:00-04:00,0,3
GEP-005901,liquidity,SWING_LOW_BREAK,2025-07-17 07:50:00-04:00,0,5
GEP-005902,rejection_block,BEARISH_RB_CONFIRMED,2025-07-17 07:52:00-04:00,0,3
GEP-005903,liquidity,SWING_HIGH_SWEEP_ABOVE,2025-07-17 07:54:00-04:00,0,5
GEP-005904,liquidity,SWING_LOW_BREAK,2025-07-17 07:55:00-04:00,0,5
GEP-005905,fvg,BULLISH_FVG_FORMED,2025-07-17 07:57:00-04:00,0,5
GEP-005906,fvg,BULLISH_FVG_FORMED,2025-07-17 07:58:00-04:00,0,5
GEP-005907,ifvg,BULLISH_IFVG_ACTIVATION,2025-07-17 08:00:00-04:00,0,3
GEP-005908,fvg,BULLISH_FVG_FORMED,2025-07-17 08:01:00-04:00,0,7
GEP-005909,liquidity,SWING_LOW_BREAK,2025-07-17 08:03:00-04:00,0,5
GEP-005910,liquidity,SWING_HIGH_SWEEP_ABOVE,2025-07-17 08:05:00-04:00,0,5
GEP-005911,liquidity,EQUAL_HIGHS_SWEEP_ABOVE,2025-07-17 08:05:00-04:00,0,5
GEP-005912,fvg,BULLISH_FVG_FORMED,2025-07-17 08:06:00-04:00,0,5
GEP-005913,ifvg,BULLISH_IFVG_ACTIVATION,2025-07-17 08:06:00-04:00,0,3
GEP-005914,liquidity,SWING_LOW_BREAK,2025-07-17 08:08:00-04:00,0,5
GEP-005915,liquidity,SWING_HIGH_BREAK,2025-07-17 08:09:00-04:00,0,5
GEP-005916,rejection_block,BEARISH_RB_CONFIRMED,2025-07-17 08:12:00-04:00,0,3
GEP-005917,ifvg,BEARISH_IFVG_ACTIVATION,2025-07-17 08:12:00-04:00,0,3
GEP-005918,fvg,BEARISH_FVG_FORMED,2025-07-17 08:13:00-04:00,0,7
GEP-005919,fvg,BEARISH_FVG_FORMED,2025-07-17 08:14:00-04:00,0,7
GEP-005920,liquidity,SWING_HIGH_BREAK,2025-07-17 08:14:00-04:00,0,5
GEP-005921,liquidity,EQUAL_HIGHS_BREAK,2025-07-17 08:14:00-04:00,0,5
GEP-005922,ifvg,BEARISH_IFVG_ACTIVATION,2025-07-17 08:14:00-04:00,0,3
GEP-005923,fvg,BEARISH_FVG_FORMED,2025-07-17 08:15:00-04:00,0,7
GEP-005924,ifvg,BEARISH_IFVG_ACTIVATION,2025-07-17 08:16:00-04:00,0,3
GEP-005925,rejection_block,BULLISH_RB_CONFIRMED,2025-07-17 08:17:00-04:00,0,3
GEP-005926,liquidity,SWING_LOW_BREAK,2025-07-17 08:19:00-04:00,0,5
GEP-005927,liquidity,EQUAL_LOWS_BREAK,2025-07-17 08:19:00-04:00,0,5
GEP-005928,ifvg,BEARISH_IFVG_ACTIVATION,2025-07-17 08:20:00-04:00,0,3
GEP-005929,fvg,BEARISH_FVG_FORMED,2025-07-17 08:21:00-04:00,0,5
GEP-005930,liquidity,SWING_HIGH_BREAK,2025-07-17 08:21:00-04:00,0,5
GEP-005931,liquidity,SWING_LOW_SWEEP_BELOW,2025-07-17 08:23:00-04:00,0,5
GEP-005932,liquidity,EQUAL_LOWS_SWEEP_BELOW,2025-07-17 08:23:00-04:00,0,5
GEP-005933,ifvg,BULLISH_IFVG_ACTIVATION,2025-07-17 08:24:00-04:00,0,3
GEP-005934,ifvg,BULLISH_IFVG_ACTIVATION,2025-07-17 08:24:00-04:00,0,3
GEP-005935,fvg,BULLISH_FVG_FORMED,2025-07-17 08:25:00-04:00,0,7
GEP-005936,liquidity,SWING_LOW_BREAK,2025-07-17 08:26:00-04:00,0,5
GEP-005937,liquidity,EQUAL_LOWS_BREAK,2025-07-17 08:26:00-04:00,0,5
GEP-005938,ifvg,BULLISH_IFVG_ACTIVATION,2025-07-17 08:26:00-04:00,0,3
GEP-005939,ifvg,BULLISH_IFVG_ACTIVATION,2025-07-17 08:29:00-04:00,0,3
GEP-005940,ifvg,BULLISH_IFVG_ACTIVATION,2025-07-17 08:30:00-04:00,0,3
GEP-005941,ifvg,BULLISH_IFVG_ACTIVATION,2025-07-17 08:30:00-04:00,0,3
GEP-005942,fvg,BULLISH_FVG_FORMED,2025-07-17 08:31:00-04:00,0,5
GEP-005943,liquidity,SWING_LOW_BREAK,2025-07-17 08:31:00-04:00,0,5
GEP-005944,liquidity,EQUAL_LOWS_BREAK,2025-07-17 08:31:00-04:00,0,5
GEP-005945,ifvg,BEARISH_IFVG_ACTIVATION,2025-07-17 08:32:00-04:00,0,3
GEP-005946,liquidity,SWING_HIGH_BREAK,2025-07-17 08:33:00-04:00,0,5
GEP-005947,liquidity,EQUAL_HIGHS_BREAK,2025-07-17 08:33:00-04:00,0,5
GEP-005948,liquidity,SWING_LOW_BREAK,2025-07-17 08:35:00-04:00,0,2
GEP-005949,ifvg,BULLISH_IFVG_ACTIVATION,2025-07-17 08:39:00-04:00,0,3
GEP-005950,ifvg,BULLISH_IFVG_ACTIVATION,2025-07-17 08:40:00-04:00,0,3
GEP-005951,ifvg,BULLISH_IFVG_ACTIVATION,2025-07-17 08:40:00-04:00,0,3
GEP-005952,ifvg,BULLISH_IFVG_ACTIVATION,2025-07-17 08:43:00-04:00,0,3
GEP-005953,ifvg,BULLISH_IFVG_ACTIVATION,2025-07-17 08:43:00-04:00,0,3
GEP-005954,ifvg,BULLISH_IFVG_ACTIVATION,2025-07-17 08:43:00-04:00,0,3
GEP-005955,fvg,BULLISH_FVG_FORMED,2025-07-17 08:44:00-04:00,0,7
GEP-005956,liquidity,SWING_HIGH_BREAK,2025-07-17 08:47:00-04:00,0,5
GEP-005957,ifvg,BULLISH_IFVG_ACTIVATION,2025-07-17 08:48:00-04:00,0,3
GEP-005958,fvg,BULLISH_FVG_FORMED,2025-07-17 08:49:00-04:00,0,5
GEP-005959,ifvg,BULLISH_IFVG_ACTIVATION,2025-07-17 08:49:00-04:00,0,3
GEP-005960,liquidity,SWING_HIGH_BREAK,2025-07-17 08:52:00-04:00,0,5
GEP-005961,liquidity,EQUAL_HIGHS_BREAK,2025-07-17 08:52:00-04:00,0,5
GEP-005962,fvg,BULLISH_FVG_FORMED,2025-07-17 08:53:00-04:00,0,5
GEP-005963,fvg,BULLISH_FVG_FORMED,2025-07-17 08:54:00-04:00,0,5
GEP-005964,ifvg,BULLISH_IFVG_ACTIVATION,2025-07-17 08:54:00-04:00,0,3
GEP-005965,fvg,BULLISH_FVG_FORMED,2025-07-17 08:55:00-04:00,0,5
GEP-005966,rejection_block,BEARISH_RB_CONFIRMED,2025-07-17 08:56:00-04:00,0,3
GEP-005967,fvg,BEARISH_FVG_FORMED,2025-07-17 08:57:00-04:00,0,5
GEP-005968,liquidity,SWING_HIGH_BREAK,2025-07-17 08:58:00-04:00,0,5
GEP-005969,ifvg,BULLISH_IFVG_ACTIVATION,2025-07-17 08:58:00-04:00,0,3
GEP-005970,ifvg,BULLISH_IFVG_ACTIVATION,2025-07-17 08:58:00-04:00,0,3
GEP-005971,fvg,BULLISH_FVG_FORMED,2025-07-17 08:59:00-04:00,0,5
GEP-005972,liquidity,SWING_LOW_BREAK,2025-07-17 08:59:00-04:00,0,5
GEP-005973,liquidity,EQUAL_LOWS_BREAK,2025-07-17 08:59:00-04:00,0,5
GEP-005974,time_anchor,ANCHOR_OPEN_0900_BREAK,2025-07-17 09:01:00-04:00,0,6
GEP-005975,hist_level,HL_0900_HIGH_BREAK,2025-07-17 09:01:00-04:00,0,5
GEP-005976,hist_level,HL_0900_LOW_BREAK,2025-07-17 09:01:00-04:00,0,5
GEP-005977,fvg,BULLISH_FVG_FORMED,2025-07-17 09:02:00-04:00,0,7
GEP-005978,fvg,BEARISH_FVG_FORMED,2025-07-17 09:04:00-04:00,0,5
GEP-005979,liquidity,SWING_HIGH_BREAK,2025-07-17 09:05:00-04:00,0,5
GEP-005980,liquidity,EQUAL_HIGHS_BREAK,2025-07-17 09:05:00-04:00,0,5
GEP-005981,ifvg,BULLISH_IFVG_ACTIVATION,2025-07-17 09:05:00-04:00,0,3
GEP-005982,liquidity,SWING_LOW_BREAK,2025-07-17 09:07:00-04:00,0,5
GEP-005983,liquidity,EQUAL_LOWS_BREAK,2025-07-17 09:07:00-04:00,0,5
GEP-005984,fvg,BEARISH_FVG_FORMED,2025-07-17 09:08:00-04:00,0,5
GEP-005985,fvg,BEARISH_FVG_FORMED,2025-07-17 09:09:00-04:00,0,5
GEP-005986,liquidity,SWING_HIGH_BREAK,2025-07-17 09:09:00-04:00,0,5
GEP-005987,ifvg,BEARISH_IFVG_ACTIVATION,2025-07-17 09:10:00-04:00,0,3
GEP-005988,fvg,BEARISH_FVG_FORMED,2025-07-17 09:13:00-04:00,0,5
GEP-005989,ifvg,BEARISH_IFVG_ACTIVATION,2025-07-17 09:13:00-04:00,0,3
GEP-005990,fvg,BEARISH_FVG_FORMED,2025-07-17 09:14:00-04:00,0,5
GEP-005991,ifvg,BEARISH_IFVG_ACTIVATION,2025-07-17 09:14:00-04:00,0,3
GEP-005992,fvg,BEARISH_FVG_FORMED,2025-07-17 09:15:00-04:00,0,5
GEP-005993,ifvg,BEARISH_IFVG_ACTIVATION,2025-07-17 09:15:00-04:00,0,3
GEP-005994,fvg,BEARISH_FVG_FORMED,2025-07-17 09:16:00-04:00,0,5
GEP-005995,ifvg,BEARISH_IFVG_ACTIVATION,2025-07-17 09:16:00-04:00,0,3
GEP-005996,fvg,BEARISH_FVG_FORMED,2025-07-17 09:17:00-04:00,0,7
GEP-005997,ifvg,BEARISH_IFVG_ACTIVATION,2025-07-17 09:17:00-04:00,0,3
GEP-005998,fvg,BEARISH_FVG_FORMED,2025-07-17 09:18:00-04:00,0,7
GEP-005999,fvg,BEARISH_FVG_FORMED,2025-07-17 09:19:00-04:00,0,7
GEP-006000,ifvg,BEARISH_IFVG_ACTIVATION,2025-07-17 09:20:00-04:00,0,3
GEP-006001,fvg,BEARISH_FVG_FORMED,2025-07-17 09:21:00-04:00,0,5
GEP-006002,fvg,BEARISH_FVG_FORMED,2025-07-17 09:22:00-04:00,0,5
GEP-006003,rejection_block,BULLISH_RB_CONFIRMED,2025-07-17 09:23:00-04:00,0,3
GEP-006004,ifvg,BULLISH_IFVG_ACTIVATION,2025-07-17 09:23:00-04:00,0,3
GEP-006005,liquidity,SWING_LOW_BREAK,2025-07-17 09:25:00-04:00,0,5
GEP-006006,liquidity,SWING_HIGH_BREAK,2025-07-17 09:27:00-04:00,0,5
GEP-006007,fvg,BEARISH_FVG_FORMED,2025-07-17 09:29:00-04:00,0,5
GEP-006008,ifvg,BULLISH_IFVG_ACTIVATION,2025-07-17 09:30:00-04:00,0,3
GEP-006009,rejection_block,BEARISH_RB_CONFIRMED,2025-07-17 09:31:00-04:00,0,3
GEP-006010,time_anchor,ANCHOR_NY_SESSION_OPEN_SWEEP,2025-07-17 09:31:00-04:00,0,6
GEP-006011,time_anchor,ANCHOR_OPEN_0930_SWEEP,2025-07-17 09:31:00-04:00,0,6
GEP-006012,hist_level,HL_0930_HIGH_BREAK,2025-07-17 09:31:00-04:00,0,5
GEP-006013,hist_level,HL_0930_LOW_SWEEP_BELOW,2025-07-17 09:31:00-04:00,0,5
GEP-006014,fvg,BEARISH_FVG_FORMED,2025-07-17 09:33:00-04:00,0,7
GEP-006015,liquidity,SWING_HIGH_BREAK,2025-07-17 09:33:00-04:00,0,5
GEP-006016,liquidity,EQUAL_HIGHS_BREAK,2025-07-17 09:33:00-04:00,0,5
GEP-006017,ifvg,BEARISH_IFVG_ACTIVATION,2025-07-17 09:33:00-04:00,0,3
GEP-006018,ifvg,BULLISH_IFVG_ACTIVATION,2025-07-17 09:35:00-04:00,0,3
GEP-006019,ifvg,BEARISH_IFVG_ACTIVATION,2025-07-17 09:36:00-04:00,0,3
GEP-006020,liquidity,SWING_LOW_BREAK,2025-07-17 09:37:00-04:00,0,2
GEP-006021,liquidity,SWING_HIGH_BREAK,2025-07-17 09:38:00-04:00,0,2
GEP-006022,fvg,BULLISH_FVG_FORMED,2025-07-17 09:41:00-04:00,0,7
GEP-006023,fvg,BULLISH_FVG_FORMED,2025-07-17 09:42:00-04:00,0,7
GEP-006024,ifvg,BULLISH_IFVG_ACTIVATION,2025-07-17 09:42:00-04:00,0,3
GEP-006025,ifvg,BULLISH_IFVG_ACTIVATION,2025-07-17 09:42:00-04:00,0,3
GEP-006026,fvg,BULLISH_FVG_FORMED,2025-07-17 09:43:00-04:00,0,7
GEP-006027,liquidity,SWING_LOW_BREAK,2025-07-17 09:43:00-04:00,0,2
GEP-006028,liquidity,EQUAL_LOWS_BREAK,2025-07-17 09:43:00-04:00,0,2
GEP-006029,rejection_block,BEARISH_RB_CONFIRMED,2025-07-17 09:47:00-04:00,0,3
GEP-006030,rejection_block,BEARISH_RB_CONFIRMED,2025-07-17 09:47:00-04:00,0,3
GEP-006031,ifvg,BULLISH_IFVG_ACTIVATION,2025-07-17 09:48:00-04:00,0,3
GEP-006032,liquidity,SWING_HIGH_BREAK,2025-07-17 09:49:00-04:00,0,5
GEP-006033,ifvg,BULLISH_IFVG_ACTIVATION,2025-07-17 09:49:00-04:00,0,3
GEP-006034,ifvg,BULLISH_IFVG_ACTIVATION,2025-07-17 09:49:00-04:00,0,3
GEP-006035,fvg,BULLISH_FVG_FORMED,2025-07-17 09:50:00-04:00,0,5
GEP-006036,ifvg,BULLISH_IFVG_ACTIVATION,2025-07-17 09:51:00-04:00,0,3
GEP-006037,ifvg,BULLISH_IFVG_ACTIVATION,2025-07-17 09:51:00-04:00,0,3
GEP-006038,fvg,BULLISH_FVG_FORMED,2025-07-17 09:52:00-04:00,0,5
GEP-006039,ifvg,BULLISH_IFVG_ACTIVATION,2025-07-17 09:52:00-04:00,0,3
GEP-006040,ifvg,BULLISH_IFVG_ACTIVATION,2025-07-17 09:52:00-04:00,0,3
GEP-006041,ifvg,BULLISH_IFVG_ACTIVATION,2025-07-17 09:52:00-04:00,0,3
GEP-006042,fvg,BULLISH_FVG_FORMED,2025-07-17 09:53:00-04:00,0,5
GEP-006043,rejection_block,BEARISH_RB_CONFIRMED,2025-07-17 09:55:00-04:00,0,3
GEP-006044,ifvg,BEARISH_IFVG_ACTIVATION,2025-07-17 09:55:00-04:00,0,3
GEP-006045,liquidity,SWING_HIGH_BREAK,2025-07-17 09:58:00-04:00,0,5
GEP-006046,liquidity,SWING_LOW_BREAK,2025-07-17 09:58:00-04:00,0,5
GEP-006047,liquidity,EQUAL_LOWS_BREAK,2025-07-17 09:58:00-04:00,0,5
GEP-006048,rejection_block,BULLISH_RB_CONFIRMED,2025-07-17 10:00:00-04:00,0,3
GEP-006049,fvg,BULLISH_FVG_FORMED,2025-07-17 10:01:00-04:00,0,5
GEP-006050,time_anchor,ANCHOR_OPEN_1000_BREAK,2025-07-17 10:01:00-04:00,0,6
GEP-006051,hist_level,HL_1000_HIGH_BREAK,2025-07-17 10:01:00-04:00,0,5
GEP-006052,hist_level,HL_1000_LOW_BREAK,2025-07-17 10:01:00-04:00,0,5
GEP-006053,fvg,BULLISH_FVG_FORMED,2025-07-17 10:02:00-04:00,0,5
GEP-006054,liquidity,SWING_LOW_BREAK,2025-07-17 10:02:00-04:00,0,5
GEP-006055,liquidity,SWING_HIGH_BREAK,2025-07-17 10:04:00-04:00,0,5
GEP-006056,liquidity,SWING_HIGH_BREAK,2025-07-17 10:05:00-04:00,0,5
GEP-006057,liquidity,EQUAL_HIGHS_BREAK,2025-07-17 10:05:00-04:00,0,5
GEP-006058,liquidity,SWING_HIGH_BREAK,2025-07-17 10:08:00-04:00,0,5
GEP-006059,liquidity,SWING_LOW_BREAK,2025-07-17 10:10:00-04:00,0,5
GEP-006060,ifvg,BEARISH_IFVG_ACTIVATION,2025-07-17 10:10:00-04:00,0,3
GEP-006061,fvg,BEARISH_FVG_FORMED,2025-07-17 10:11:00-04:00,0,7
GEP-006062,liquidity,SWING_HIGH_BREAK,2025-07-17 10:11:00-04:00,0,5
GEP-006063,liquidity,EQUAL_HIGHS_BREAK,2025-07-17 10:11:00-04:00,0,5
GEP-006064,ifvg,BEARISH_IFVG_ACTIVATION,2025-07-17 10:11:00-04:00,0,3
GEP-006065,fvg,BEARISH_FVG_FORMED,2025-07-17 10:12:00-04:00,0,7
GEP-006066,liquidity,SWING_HIGH_BREAK,2025-07-17 10:12:00-04:00,0,5
GEP-006067,liquidity,SWING_LOW_BREAK,2025-07-17 10:14:00-04:00,0,5
GEP-006068,ifvg,BEARISH_IFVG_ACTIVATION,2025-07-17 10:19:00-04:00,0,3
GEP-006069,rejection_block,BULLISH_RB_CONFIRMED,2025-07-17 10:21:00-04:00,0,3
GEP-006070,ifvg,BEARISH_IFVG_ACTIVATION,2025-07-17 10:22:00-04:00,0,3
GEP-006071,rejection_block,BULLISH_RB_CONFIRMED,2025-07-17 10:25:00-04:00,0,3
GEP-006072,fvg,BULLISH_FVG_FORMED,2025-07-17 10:26:00-04:00,0,5
GEP-006073,fvg,BULLISH_FVG_FORMED,2025-07-17 10:27:00-04:00,0,5
GEP-006074,liquidity,SWING_LOW_BREAK,2025-07-17 10:27:00-04:00,0,2
GEP-006075,liquidity,EQUAL_LOWS_BREAK,2025-07-17 10:27:00-04:00,0,2
GEP-006076,liquidity,SWING_HIGH_BREAK,2025-07-17 10:32:00-04:00,0,2
GEP-006077,liquidity,EQUAL_HIGHS_BREAK,2025-07-17 10:32:00-04:00,0,2
GEP-006078,ifvg,BULLISH_IFVG_ACTIVATION,2025-07-17 10:32:00-04:00,0,3
GEP-006079,fvg,BULLISH_FVG_FORMED,2025-07-17 10:33:00-04:00,0,7
GEP-006080,ifvg,BULLISH_IFVG_ACTIVATION,2025-07-17 10:33:00-04:00,0,3
GEP-006081,fvg,BULLISH_FVG_FORMED,2025-07-17 10:34:00-04:00,0,7
GEP-006082,rejection_block,BEARISH_RB_CONFIRMED,2025-07-17 10:35:00-04:00,0,3
GEP-006083,liquidity,SWING_HIGH_BREAK,2025-07-17 10:37:00-04:00,0,5
GEP-006084,ifvg,BEARISH_IFVG_ACTIVATION,2025-07-17 10:38:00-04:00,0,3
GEP-006085,liquidity,SWING_HIGH_BREAK,2025-07-17 10:40:00-04:00,0,5
GEP-006086,liquidity,EQUAL_HIGHS_BREAK,2025-07-17 10:40:00-04:00,0,5
GEP-006087,liquidity,SWING_LOW_BREAK,2025-07-17 10:41:00-04:00,0,2
GEP-006088,liquidity,EQUAL_LOWS_BREAK,2025-07-17 10:41:00-04:00,0,2
GEP-006089,liquidity,SWING_HIGH_BREAK,2025-07-17 10:45:00-04:00,0,5
GEP-006090,fvg,BULLISH_FVG_FORMED,2025-07-17 10:48:00-04:00,0,5
GEP-006091,fvg,BULLISH_FVG_FORMED,2025-07-17 10:49:00-04:00,0,5
GEP-006092,liquidity,SWING_LOW_BREAK,2025-07-17 10:49:00-04:00,0,2
GEP-006093,fvg,BULLISH_FVG_FORMED,2025-07-17 10:50:00-04:00,0,5
GEP-006094,rejection_block,BEARISH_RB_CONFIRMED,2025-07-17 10:51:00-04:00,0,3
GEP-006095,ifvg,BEARISH_IFVG_ACTIVATION,2025-07-17 10:51:00-04:00,0,3
GEP-006096,fvg,BEARISH_FVG_FORMED,2025-07-17 10:52:00-04:00,0,5
GEP-006097,liquidity,SWING_HIGH_BREAK,2025-07-17 10:53:00-04:00,0,5
GEP-006098,liquidity,EQUAL_HIGHS_BREAK,2025-07-17 10:53:00-04:00,0,5
GEP-006099,liquidity,SWING_HIGH_BREAK,2025-07-17 10:54:00-04:00,0,5
GEP-006100,rejection_block,BULLISH_RB_CONFIRMED,2025-07-17 10:56:00-04:00,0,3
GEP-006101,fvg,BULLISH_FVG_FORMED,2025-07-17 10:57:00-04:00,0,5
GEP-006102,ifvg,BULLISH_IFVG_ACTIVATION,2025-07-17 10:57:00-04:00,0,3
GEP-006103,liquidity,SWING_LOW_BREAK,2025-07-17 10:58:00-04:00,0,2
GEP-006104,fvg,BULLISH_FVG_FORMED,2025-07-17 11:01:00-04:00,0,7
GEP-006105,fvg,BULLISH_FVG_FORMED,2025-07-17 11:05:00-04:00,0,7
GEP-006106,fvg,BULLISH_FVG_FORMED,2025-07-17 11:06:00-04:00,0,7
GEP-006107,liquidity,SWING_HIGH_BREAK,2025-07-17 11:09:00-04:00,0,5
GEP-006108,rejection_block,BULLISH_RB_CONFIRMED,2025-07-17 11:12:00-04:00,0,3
GEP-006109,fvg,BULLISH_FVG_FORMED,2025-07-17 11:13:00-04:00,0,5
GEP-006110,liquidity,SWING_LOW_BREAK,2025-07-17 11:14:00-04:00,0,5
GEP-006111,fvg,BEARISH_FVG_FORMED,2025-07-17 11:17:00-04:00,0,5
GEP-006112,ifvg,BEARISH_IFVG_ACTIVATION,2025-07-17 11:17:00-04:00,0,3
GEP-006113,fvg,BEARISH_FVG_FORMED,2025-07-17 11:18:00-04:00,0,5
GEP-006114,liquidity,SWING_HIGH_BREAK,2025-07-17 11:18:00-04:00,0,5
GEP-006115,liquidity,SWING_LOW_BREAK,2025-07-17 11:24:00-04:00,0,5
GEP-006116,fvg,BULLISH_FVG_FORMED,2025-07-17 11:25:00-04:00,0,5
GEP-006117,liquidity,SWING_LOW_BREAK,2025-07-17 11:25:00-04:00,0,5
GEP-006118,liquidity,EQUAL_LOWS_BREAK,2025-07-17 11:25:00-04:00,0,5
GEP-006119,ifvg,BULLISH_IFVG_ACTIVATION,2025-07-17 11:27:00-04:00,0,3
GEP-006120,rejection_block,BEARISH_RB_CONFIRMED,2025-07-17 11:28:00-04:00,0,3
GEP-006121,liquidity,SWING_HIGH_BREAK,2025-07-17 11:28:00-04:00,0,5
GEP-006122,ifvg,BEARISH_IFVG_ACTIVATION,2025-07-17 11:28:00-04:00,0,3
GEP-006123,liquidity,SWING_LOW_BREAK,2025-07-17 11:34:00-04:00,0,5
GEP-006124,liquidity,SWING_LOW_BREAK,2025-07-17 11:35:00-04:00,0,5
GEP-006125,liquidity,EQUAL_LOWS_BREAK,2025-07-17 11:35:00-04:00,0,5
GEP-006126,liquidity,SWING_HIGH_BREAK,2025-07-17 11:36:00-04:00,0,5
GEP-006127,fvg,BULLISH_FVG_FORMED,2025-07-17 11:40:00-04:00,0,7
GEP-006128,ifvg,BULLISH_IFVG_ACTIVATION,2025-07-17 11:40:00-04:00,0,3
GEP-006129,fvg,BULLISH_FVG_FORMED,2025-07-17 11:41:00-04:00,0,7
GEP-006130,liquidity,SWING_HIGH_BREAK,2025-07-17 11:44:00-04:00,0,5
GEP-006131,liquidity,SWING_LOW_BREAK,2025-07-17 11:47:00-04:00,0,5
GEP-006132,liquidity,SWING_HIGH_BREAK,2025-07-17 11:49:00-04:00,0,5
GEP-006133,rejection_block,BULLISH_RB_CONFIRMED,2025-07-17 11:51:00-04:00,0,3
GEP-006134,rejection_block,BULLISH_RB_CONFIRMED,2025-07-17 11:51:00-04:00,0,3
GEP-006135,liquidity,SWING_LOW_BREAK,2025-07-17 11:53:00-04:00,0,5
GEP-006136,liquidity,SWING_HIGH_BREAK,2025-07-17 11:54:00-04:00,0,5
GEP-006137,liquidity,EQUAL_HIGHS_BREAK,2025-07-17 11:54:00-04:00,0,5
GEP-006138,rejection_block,BULLISH_RB_CONFIRMED,2025-07-17 11:55:00-04:00,0,3
GEP-006139,rejection_block,BULLISH_RB_CONFIRMED,2025-07-17 11:57:00-04:00,0,3
GEP-006140,liquidity,SWING_LOW_BREAK,2025-07-17 11:57:00-04:00,0,5
GEP-006141,fvg,BULLISH_FVG_FORMED,2025-07-17 11:58:00-04:00,0,5
GEP-006142,fvg,BULLISH_FVG_FORMED,2025-07-17 11:59:00-04:00,0,5
GEP-006143,liquidity,SWING_LOW_BREAK,2025-07-17 11:59:00-04:00,0,5
GEP-006144,liquidity,EQUAL_LOWS_BREAK,2025-07-17 11:59:00-04:00,0,5
GEP-006145,liquidity,SWING_HIGH_BREAK,2025-07-17 12:01:00-04:00,0,5
GEP-006146,fvg,BULLISH_FVG_FORMED,2025-07-17 12:02:00-04:00,0,5
GEP-006147,fvg,BULLISH_FVG_FORMED,2025-07-17 12:03:00-04:00,0,5
GEP-006148,rejection_block,BEARISH_RB_CONFIRMED,2025-07-17 12:05:00-04:00,0,3
GEP-006149,liquidity,SWING_HIGH_BREAK,2025-07-17 12:06:00-04:00,0,5
GEP-006150,rejection_block,BULLISH_RB_CONFIRMED,2025-07-17 12:07:00-04:00,0,3
GEP-006151,liquidity,SWING_LOW_BREAK,2025-07-17 12:09:00-04:00,0,5
GEP-006152,fvg,BULLISH_FVG_FORMED,2025-07-17 12:10:00-04:00,0,5
GEP-006153,rejection_block,BEARISH_RB_CONFIRMED,2025-07-17 12:11:00-04:00,0,3
GEP-006154,ifvg,BEARISH_IFVG_ACTIVATION,2025-07-17 12:11:00-04:00,0,3
GEP-006155,liquidity,SWING_HIGH_BREAK,2025-07-17 12:13:00-04:00,0,5
GEP-006156,rejection_block,BEARISH_RB_CONFIRMED,2025-07-17 12:17:00-04:00,0,3
GEP-006157,ifvg,BEARISH_IFVG_ACTIVATION,2025-07-17 12:17:00-04:00,0,3
GEP-006158,ifvg,BEARISH_IFVG_ACTIVATION,2025-07-17 12:18:00-04:00,0,3
GEP-006159,liquidity,SWING_HIGH_BREAK,2025-07-17 12:19:00-04:00,0,5
GEP-006160,ifvg,BEARISH_IFVG_ACTIVATION,2025-07-17 12:19:00-04:00,0,3
GEP-006161,fvg,BULLISH_FVG_FORMED,2025-07-17 12:21:00-04:00,0,7
GEP-006162,liquidity,SWING_LOW_BREAK,2025-07-17 12:22:00-04:00,0,5
GEP-006163,fvg,BULLISH_FVG_FORMED,2025-07-17 12:24:00-04:00,0,5
GEP-006164,fvg,BEARISH_FVG_FORMED,2025-07-17 12:28:00-04:00,0,5
GEP-006165,ifvg,BEARISH_IFVG_ACTIVATION,2025-07-17 12:28:00-04:00,0,3
GEP-006166,liquidity,SWING_HIGH_BREAK,2025-07-17 12:29:00-04:00,0,5
GEP-006167,liquidity,SWING_LOW_BREAK,2025-07-17 12:33:00-04:00,0,5
GEP-006168,liquidity,SWING_HIGH_BREAK,2025-07-17 12:38:00-04:00,0,5
GEP-006169,fvg,BEARISH_FVG_FORMED,2025-07-17 12:40:00-04:00,0,7
GEP-006170,rejection_block,BULLISH_RB_CONFIRMED,2025-07-17 12:41:00-04:00,0,3
GEP-006171,liquidity,SWING_LOW_BREAK,2025-07-17 12:43:00-04:00,0,5
GEP-006172,ifvg,BULLISH_IFVG_ACTIVATION,2025-07-17 12:43:00-04:00,0,3
GEP-006173,liquidity,SWING_HIGH_BREAK,2025-07-17 12:46:00-04:00,0,5
GEP-006174,fvg,BULLISH_FVG_FORMED,2025-07-17 12:47:00-04:00,0,7
GEP-006175,fvg,BULLISH_FVG_FORMED,2025-07-17 12:48:00-04:00,0,7
GEP-006176,liquidity,SWING_LOW_BREAK,2025-07-17 12:48:00-04:00,0,5
GEP-006177,liquidity,EQUAL_LOWS_BREAK,2025-07-17 12:48:00-04:00,0,5
GEP-006178,liquidity,SWING_LOW_BREAK,2025-07-17 12:49:00-04:00,0,5
GEP-006179,liquidity,SWING_HIGH_BREAK,2025-07-17 12:53:00-04:00,0,5
GEP-006180,liquidity,EQUAL_HIGHS_BREAK,2025-07-17 12:53:00-04:00,0,5
GEP-006181,fvg,BEARISH_FVG_FORMED,2025-07-17 12:54:00-04:00,0,5
GEP-006182,ifvg,BEARISH_IFVG_ACTIVATION,2025-07-17 12:54:00-04:00,0,3
GEP-006183,ifvg,BEARISH_IFVG_ACTIVATION,2025-07-17 12:56:00-04:00,0,3
GEP-006184,liquidity,SWING_LOW_BREAK,2025-07-17 12:59:00-04:00,0,5
GEP-006185,rejection_block,BULLISH_RB_CONFIRMED,2025-07-17 13:01:00-04:00,0,3
GEP-006186,liquidity,SWING_HIGH_SWEEP_ABOVE,2025-07-17 13:01:00-04:00,0,5
GEP-006187,liquidity,SWING_LOW_BREAK,2025-07-17 13:03:00-04:00,0,5
GEP-006188,liquidity,EQUAL_LOWS_BREAK,2025-07-17 13:03:00-04:00,0,5
GEP-006189,rejection_block,BULLISH_RB_CONFIRMED,2025-07-17 13:04:00-04:00,0,3
GEP-006190,liquidity,SWING_HIGH_BREAK,2025-07-17 13:04:00-04:00,0,5
GEP-006191,liquidity,EQUAL_HIGHS_BREAK,2025-07-17 13:04:00-04:00,0,5
GEP-006192,fvg,BEARISH_FVG_FORMED,2025-07-17 13:06:00-04:00,0,5
GEP-006193,ifvg,BEARISH_IFVG_ACTIVATION,2025-07-17 13:08:00-04:00,0,3
GEP-006194,rejection_block,BULLISH_RB_CONFIRMED,2025-07-17 13:09:00-04:00,0,3
GEP-006195,liquidity,SWING_LOW_BREAK,2025-07-17 13:10:00-04:00,0,5
GEP-006196,liquidity,EQUAL_LOWS_BREAK,2025-07-17 13:10:00-04:00,0,5
GEP-006197,liquidity,SWING_LOW_BREAK,2025-07-17 13:11:00-04:00,0,5
GEP-006198,ifvg,BULLISH_IFVG_ACTIVATION,2025-07-17 13:11:00-04:00,0,3
GEP-006199,ifvg,BULLISH_IFVG_ACTIVATION,2025-07-17 13:16:00-04:00,0,3
GEP-006200,fvg,BEARISH_FVG_FORMED,2025-07-17 13:21:00-04:00,0,5
GEP-006201,liquidity,SWING_HIGH_BREAK,2025-07-17 13:22:00-04:00,0,5
GEP-006202,ifvg,BULLISH_IFVG_ACTIVATION,2025-07-17 13:22:00-04:00,0,3
GEP-006203,liquidity,SWING_HIGH_BREAK,2025-07-17 13:23:00-04:00,0,5
GEP-006204,liquidity,EQUAL_HIGHS_BREAK,2025-07-17 13:23:00-04:00,0,5
GEP-006205,liquidity,SWING_LOW_BREAK,2025-07-17 13:27:00-04:00,0,5
GEP-006206,fvg,BULLISH_FVG_FORMED,2025-07-17 13:30:00-04:00,0,5
GEP-006207,liquidity,SWING_LOW_BREAK,2025-07-17 13:31:00-04:00,0,5
GEP-006208,rejection_block,BEARISH_RB_CONFIRMED,2025-07-17 13:32:00-04:00,0,3
GEP-006209,ifvg,BEARISH_IFVG_ACTIVATION,2025-07-17 13:32:00-04:00,0,3
GEP-006210,liquidity,SWING_HIGH_BREAK,2025-07-17 13:35:00-04:00,0,5
GEP-006211,liquidity,EQUAL_HIGHS_BREAK,2025-07-17 13:35:00-04:00,0,5
GEP-006212,liquidity,SWING_LOW_BREAK,2025-07-17 13:36:00-04:00,0,5
GEP-006213,liquidity,EQUAL_LOWS_BREAK,2025-07-17 13:36:00-04:00,0,5
GEP-006214,liquidity,SWING_HIGH_BREAK,2025-07-17 13:38:00-04:00,0,5
GEP-006215,liquidity,EQUAL_HIGHS_BREAK,2025-07-17 13:38:00-04:00,0,5
GEP-006216,rejection_block,BEARISH_RB_CONFIRMED,2025-07-17 13:44:00-04:00,0,3
GEP-006217,liquidity,SWING_HIGH_BREAK,2025-07-17 13:45:00-04:00,0,5
GEP-006218,liquidity,SWING_HIGH_BREAK,2025-07-17 13:47:00-04:00,0,5
GEP-006219,liquidity,EQUAL_HIGHS_BREAK,2025-07-17 13:47:00-04:00,0,5
GEP-006220,liquidity,SWING_LOW_BREAK,2025-07-17 13:48:00-04:00,0,5
GEP-006221,liquidity,SWING_HIGH_BREAK,2025-07-17 13:51:00-04:00,0,5
GEP-006222,rejection_block,BULLISH_RB_CONFIRMED,2025-07-17 13:52:00-04:00,0,3
GEP-006223,liquidity,SWING_LOW_BREAK,2025-07-17 13:54:00-04:00,0,5
GEP-006224,liquidity,EQUAL_LOWS_BREAK,2025-07-17 13:54:00-04:00,0,5
GEP-006225,fvg,BULLISH_FVG_FORMED,2025-07-17 13:56:00-04:00,0,7
GEP-006226,ifvg,BULLISH_IFVG_ACTIVATION,2025-07-17 13:56:00-04:00,0,3
GEP-006227,fvg,BULLISH_FVG_FORMED,2025-07-17 13:57:00-04:00,0,7
GEP-006228,liquidity,SWING_LOW_BREAK,2025-07-17 13:57:00-04:00,0,5
GEP-006229,fvg,BULLISH_FVG_FORMED,2025-07-17 13:59:00-04:00,0,5
GEP-006230,ifvg,BEARISH_IFVG_ACTIVATION,2025-07-17 14:01:00-04:00,0,3
GEP-006231,liquidity,SWING_HIGH_BREAK,2025-07-17 14:03:00-04:00,0,5
GEP-006232,ifvg,BEARISH_IFVG_ACTIVATION,2025-07-17 14:03:00-04:00,0,3
GEP-006233,fvg,BEARISH_FVG_FORMED,2025-07-17 14:04:00-04:00,0,5
GEP-006234,ifvg,BEARISH_IFVG_ACTIVATION,2025-07-17 14:04:00-04:00,0,3
GEP-006235,fvg,BEARISH_FVG_FORMED,2025-07-17 14:05:00-04:00,0,7
GEP-006236,fvg,BEARISH_FVG_FORMED,2025-07-17 14:06:00-04:00,0,7
GEP-006237,fvg,BEARISH_FVG_FORMED,2025-07-17 14:07:00-04:00,0,7
GEP-006238,liquidity,SWING_LOW_BREAK,2025-07-17 14:10:00-04:00,0,5
GEP-006239,liquidity,EQUAL_LOWS_BREAK,2025-07-17 14:10:00-04:00,0,5
GEP-006240,fvg,BEARISH_FVG_FORMED,2025-07-17 14:11:00-04:00,0,7
GEP-006241,fvg,BEARISH_FVG_FORMED,2025-07-17 14:12:00-04:00,0,5
GEP-006242,liquidity,SWING_HIGH_BREAK,2025-07-17 14:12:00-04:00,0,5
GEP-006243,liquidity,EQUAL_HIGHS_BREAK,2025-07-17 14:12:00-04:00,0,5
GEP-006244,ifvg,BEARISH_IFVG_ACTIVATION,2025-07-17 14:12:00-04:00,0,3
GEP-006245,rejection_block,BULLISH_RB_CONFIRMED,2025-07-17 14:16:00-04:00,0,3
GEP-006246,ifvg,BULLISH_IFVG_ACTIVATION,2025-07-17 14:16:00-04:00,0,3
GEP-006247,fvg,BULLISH_FVG_FORMED,2025-07-17 14:17:00-04:00,0,7
GEP-006248,liquidity,SWING_LOW_BREAK,2025-07-17 14:18:00-04:00,0,5
GEP-006249,liquidity,EQUAL_LOWS_BREAK,2025-07-17 14:18:00-04:00,0,5
GEP-006250,ifvg,BULLISH_IFVG_ACTIVATION,2025-07-17 14:19:00-04:00,0,3
GEP-006251,fvg,BULLISH_FVG_FORMED,2025-07-17 14:20:00-04:00,0,5
GEP-006252,fvg,BEARISH_FVG_FORMED,2025-07-17 14:22:00-04:00,0,5
GEP-006253,liquidity,SWING_HIGH_BREAK,2025-07-17 14:22:00-04:00,0,5
GEP-006254,liquidity,EQUAL_HIGHS_BREAK,2025-07-17 14:22:00-04:00,0,5
GEP-006255,ifvg,BEARISH_IFVG_ACTIVATION,2025-07-17 14:22:00-04:00,0,3
GEP-006256,ifvg,BULLISH_IFVG_ACTIVATION,2025-07-17 14:24:00-04:00,0,3
GEP-006257,ifvg,BULLISH_IFVG_ACTIVATION,2025-07-17 14:24:00-04:00,0,3
GEP-006258,fvg,BULLISH_FVG_FORMED,2025-07-17 14:25:00-04:00,0,7
GEP-006259,liquidity,SWING_LOW_BREAK,2025-07-17 14:25:00-04:00,0,5
GEP-006260,liquidity,EQUAL_LOWS_BREAK,2025-07-17 14:25:00-04:00,0,5
GEP-006261,liquidity,SWING_HIGH_BREAK,2025-07-17 14:28:00-04:00,0,5
GEP-006262,fvg,BULLISH_FVG_FORMED,2025-07-17 14:30:00-04:00,0,5
GEP-006263,liquidity,SWING_LOW_BREAK,2025-07-17 14:30:00-04:00,0,5
GEP-006264,ifvg,BEARISH_IFVG_ACTIVATION,2025-07-17 14:31:00-04:00,0,3
GEP-006265,fvg,BEARISH_FVG_FORMED,2025-07-17 14:32:00-04:00,0,7
GEP-006266,liquidity,SWING_HIGH_BREAK,2025-07-17 14:34:00-04:00,0,5
GEP-006267,liquidity,SWING_LOW_BREAK,2025-07-17 14:34:00-04:00,0,5
GEP-006268,liquidity,EQUAL_HIGHS_BREAK,2025-07-17 14:34:00-04:00,0,5
GEP-006269,fvg,BEARISH_FVG_FORMED,2025-07-17 14:36:00-04:00,0,5
GEP-006270,ifvg,BEARISH_IFVG_ACTIVATION,2025-07-17 14:36:00-04:00,0,3
GEP-006271,ifvg,BULLISH_IFVG_ACTIVATION,2025-07-17 14:37:00-04:00,0,3
GEP-006272,fvg,BULLISH_FVG_FORMED,2025-07-17 14:38:00-04:00,0,5
GEP-006273,ifvg,BULLISH_IFVG_ACTIVATION,2025-07-17 14:38:00-04:00,0,3
GEP-006274,fvg,BULLISH_FVG_FORMED,2025-07-17 14:39:00-04:00,0,5
GEP-006275,liquidity,SWING_LOW_BREAK,2025-07-17 14:39:00-04:00,0,5
GEP-006276,liquidity,EQUAL_LOWS_BREAK,2025-07-17 14:39:00-04:00,0,5
GEP-006277,fvg,BEARISH_FVG_FORMED,2025-07-17 14:42:00-04:00,0,5
GEP-006278,rejection_block,BULLISH_RB_CONFIRMED,2025-07-17 14:43:00-04:00,0,3
GEP-006279,liquidity,SWING_HIGH_BREAK,2025-07-17 14:43:00-04:00,0,5
GEP-006280,liquidity,SWING_LOW_BREAK,2025-07-17 14:45:00-04:00,0,5
GEP-006281,structure,COMPRESSION,2025-07-17 14:46:00-04:00,0,2
GEP-006282,liquidity,SWING_HIGH_BREAK,2025-07-17 14:46:00-04:00,0,5
GEP-006283,liquidity,EQUAL_HIGHS_BREAK,2025-07-17 14:46:00-04:00,0,5
GEP-006284,ifvg,BULLISH_IFVG_ACTIVATION,2025-07-17 14:46:00-04:00,0,3
GEP-006285,liquidity,SWING_HIGH_SWEEP_ABOVE,2025-07-17 14:47:00-04:00,0,5
GEP-006286,liquidity,SWING_LOW_BREAK,2025-07-17 14:48:00-04:00,0,5
GEP-006287,liquidity,EQUAL_LOWS_BREAK,2025-07-17 14:48:00-04:00,0,5
GEP-006288,rejection_block,BULLISH_RB_CONFIRMED,2025-07-17 14:49:00-04:00,0,3
GEP-006289,rejection_block,BEARISH_RB_CONFIRMED,2025-07-17 14:51:00-04:00,0,3
GEP-006290,liquidity,SWING_LOW_BREAK,2025-07-17 14:51:00-04:00,0,5
GEP-006291,fvg,BEARISH_FVG_FORMED,2025-07-17 14:52:00-04:00,0,7
GEP-006292,liquidity,SWING_HIGH_BREAK,2025-07-17 14:53:00-04:00,0,5
GEP-006293,liquidity,EQUAL_HIGHS_BREAK,2025-07-17 14:53:00-04:00,0,5
GEP-006294,ifvg,BEARISH_IFVG_ACTIVATION,2025-07-17 14:54:00-04:00,0,3
GEP-006295,liquidity,SWING_LOW_SWEEP_BELOW,2025-07-17 14:55:00-04:00,0,5
GEP-006296,liquidity,EQUAL_LOWS_SWEEP_BELOW,2025-07-17 14:55:00-04:00,0,5
GEP-006297,ifvg,BULLISH_IFVG_ACTIVATION,2025-07-17 14:56:00-04:00,0,3
GEP-006298,fvg,BEARISH_FVG_FORMED,2025-07-17 14:58:00-04:00,0,5
GEP-006299,liquidity,SWING_HIGH_BREAK,2025-07-17 14:58:00-04:00,0,5
GEP-006300,liquidity,SWING_LOW_SWEEP_BELOW,2025-07-17 14:58:00-04:00,0,5
GEP-006301,liquidity,EQUAL_HIGHS_BREAK,2025-07-17 14:58:00-04:00,0,5
GEP-006302,rejection_block,BULLISH_RB_CONFIRMED,2025-07-17 15:00:00-04:00,0,3
GEP-006303,fvg,BULLISH_FVG_FORMED,2025-07-17 15:01:00-04:00,0,5
GEP-006304,ifvg,BULLISH_IFVG_ACTIVATION,2025-07-17 15:01:00-04:00,0,3
GEP-006305,fvg,BULLISH_FVG_FORMED,2025-07-17 15:02:00-04:00,0,7
GEP-006306,ifvg,BULLISH_IFVG_ACTIVATION,2025-07-17 15:02:00-04:00,0,3
GEP-006307,ifvg,BULLISH_IFVG_ACTIVATION,2025-07-17 15:02:00-04:00,0,3
GEP-006308,fvg,BULLISH_FVG_FORMED,2025-07-17 15:03:00-04:00,0,7
GEP-006309,liquidity,SWING_LOW_BREAK,2025-07-17 15:03:00-04:00,0,5
GEP-006310,liquidity,EQUAL_LOWS_BREAK,2025-07-17 15:03:00-04:00,0,5
GEP-006311,ifvg,BULLISH_IFVG_ACTIVATION,2025-07-17 15:03:00-04:00,0,3
GEP-006312,fvg,BULLISH_FVG_FORMED,2025-07-17 15:04:00-04:00,0,7
GEP-006313,liquidity,SWING_HIGH_BREAK,2025-07-17 15:06:00-04:00,0,5
GEP-006314,ifvg,BEARISH_IFVG_ACTIVATION,2025-07-17 15:07:00-04:00,0,3
GEP-006315,ifvg,BEARISH_IFVG_ACTIVATION,2025-07-17 15:10:00-04:00,0,3
GEP-006316,liquidity,SWING_LOW_BREAK,2025-07-17 15:13:00-04:00,0,5
GEP-006317,rejection_block,BEARISH_RB_CONFIRMED,2025-07-17 15:14:00-04:00,0,3
GEP-006318,liquidity,SWING_HIGH_BREAK,2025-07-17 15:16:00-04:00,0,5
GEP-006319,liquidity,SWING_LOW_BREAK,2025-07-17 15:17:00-04:00,0,5
GEP-006320,liquidity,SWING_HIGH_SWEEP_ABOVE,2025-07-17 15:20:00-04:00,0,5
GEP-006321,liquidity,EQUAL_HIGHS_SWEEP_ABOVE,2025-07-17 15:20:00-04:00,0,5
GEP-006322,liquidity,SWING_LOW_BREAK,2025-07-17 15:21:00-04:00,0,5
GEP-006323,liquidity,EQUAL_LOWS_BREAK,2025-07-17 15:21:00-04:00,0,5
GEP-006324,liquidity,SWING_LOW_BREAK,2025-07-17 15:24:00-04:00,0,5
GEP-006325,liquidity,SWING_HIGH_BREAK,2025-07-17 15:25:00-04:00,0,5
GEP-006326,liquidity,SWING_LOW_BREAK,2025-07-17 15:27:00-04:00,0,5
GEP-006327,liquidity,EQUAL_LOWS_BREAK,2025-07-17 15:27:00-04:00,0,5
GEP-006328,structure,COMPRESSION,2025-07-17 15:29:00-04:00,0,2
GEP-006329,liquidity,SWING_LOW_BREAK,2025-07-17 15:29:00-04:00,0,5
GEP-006330,liquidity,SWING_LOW_SWEEP_BELOW,2025-07-17 15:30:00-04:00,0,5
GEP-006331,liquidity,EQUAL_LOWS_SWEEP_BELOW,2025-07-17 15:30:00-04:00,0,5
GEP-006332,fvg,BULLISH_FVG_FORMED,2025-07-17 15:31:00-04:00,0,5
GEP-006333,fvg,BULLISH_FVG_FORMED,2025-07-17 15:32:00-04:00,0,5
GEP-006334,rejection_block,BEARISH_RB_CONFIRMED,2025-07-17 15:33:00-04:00,0,3
GEP-006335,liquidity,SWING_LOW_BREAK,2025-07-17 15:33:00-04:00,0,5
GEP-006336,rejection_block,BULLISH_RB_CONFIRMED,2025-07-17 15:35:00-04:00,0,3
GEP-006337,liquidity,SWING_HIGH_BREAK,2025-07-17 15:35:00-04:00,0,5
GEP-006338,ifvg,BEARISH_IFVG_ACTIVATION,2025-07-17 15:36:00-04:00,0,3
GEP-006339,rejection_block,BULLISH_RB_CONFIRMED,2025-07-17 15:38:00-04:00,0,3
GEP-006340,fvg,BULLISH_FVG_FORMED,2025-07-17 15:39:00-04:00,0,7
GEP-006341,liquidity,SWING_LOW_BREAK,2025-07-17 15:40:00-04:00,0,5
GEP-006342,ifvg,BEARISH_IFVG_ACTIVATION,2025-07-17 15:40:00-04:00,0,3
GEP-006343,fvg,BEARISH_FVG_FORMED,2025-07-17 15:41:00-04:00,0,5
GEP-006344,fvg,BEARISH_FVG_FORMED,2025-07-17 15:42:00-04:00,0,5
GEP-006345,ifvg,BEARISH_IFVG_ACTIVATION,2025-07-17 15:42:00-04:00,0,3
GEP-006346,liquidity,SWING_HIGH_BREAK,2025-07-17 15:43:00-04:00,0,5
GEP-006347,liquidity,EQUAL_HIGHS_BREAK,2025-07-17 15:43:00-04:00,0,5
GEP-006348,ifvg,BEARISH_IFVG_ACTIVATION,2025-07-17 15:44:00-04:00,0,3
GEP-006349,fvg,BULLISH_FVG_FORMED,2025-07-17 15:47:00-04:00,0,7
GEP-006350,ifvg,BULLISH_IFVG_ACTIVATION,2025-07-17 15:47:00-04:00,0,3
GEP-006351,liquidity,SWING_LOW_BREAK,2025-07-17 15:48:00-04:00,0,5
GEP-006352,liquidity,EQUAL_LOWS_BREAK,2025-07-17 15:48:00-04:00,0,5
GEP-006353,rejection_block,BEARISH_RB_CONFIRMED,2025-07-17 15:50:00-04:00,0,3
GEP-006354,ifvg,BEARISH_IFVG_ACTIVATION,2025-07-17 15:50:00-04:00,0,3
GEP-006355,fvg,BEARISH_FVG_FORMED,2025-07-17 15:51:00-04:00,0,7
GEP-006356,liquidity,SWING_HIGH_BREAK,2025-07-17 15:51:00-04:00,0,5
GEP-006357,ifvg,BULLISH_IFVG_ACTIVATION,2025-07-17 15:52:00-04:00,0,3
GEP-006358,ifvg,BULLISH_IFVG_ACTIVATION,2025-07-17 15:52:00-04:00,0,3
GEP-006359,fvg,BULLISH_FVG_FORMED,2025-07-17 15:53:00-04:00,0,7
GEP-006360,liquidity,SWING_LOW_BREAK,2025-07-17 15:53:00-04:00,0,5
GEP-006361,rejection_block,BEARISH_RB_CONFIRMED,2025-07-17 15:54:00-04:00,0,3
GEP-006362,fvg,BEARISH_FVG_FORMED,2025-07-17 15:55:00-04:00,0,5
GEP-006363,ifvg,BEARISH_IFVG_ACTIVATION,2025-07-17 15:55:00-04:00,0,3
GEP-006364,fvg,BEARISH_FVG_FORMED,2025-07-17 15:56:00-04:00,0,5
GEP-006365,liquidity,SWING_HIGH_BREAK,2025-07-17 15:57:00-04:00,0,5
GEP-006366,ifvg,BEARISH_IFVG_ACTIVATION,2025-07-17 15:57:00-04:00,0,3
GEP-006367,rejection_block,BULLISH_RB_CONFIRMED,2025-07-17 15:58:00-04:00,0,3
GEP-006368,ifvg,BULLISH_IFVG_ACTIVATION,2025-07-17 15:58:00-04:00,0,3
GEP-006369,hist_level,PREV_RTH_HIGH_BREAK,2025-07-17 16:00:00-04:00,0,5
GEP-006370,hist_level,PREV_RTH_LOW_BREAK,2025-07-17 16:00:00-04:00,0,2
GEP-006371,hist_level,PREV_RTH_CLOSE_BREAK,2025-07-17 16:00:00-04:00,0,5
GEP-006372,hist_level,PREV_DAY_HIGH_BREAK,2025-07-17 16:00:00-04:00,0,5
GEP-006373,hist_level,PREV_DAY_LOW_BREAK,2025-07-17 16:00:00-04:00,0,2
GEP-006374,hist_level,PREV_3SESSION_HIGH_BREAK,2025-07-17 16:00:00-04:00,0,5
GEP-006375,hist_level,PREV_3SESSION_LOW_BREAK,2025-07-17 16:00:00-04:00,0,2
GEP-006376,hist_level,PREV_WEEK5_HIGH_BREAK,2025-07-17 16:00:00-04:00,0,5
GEP-006377,hist_level,PREV_WEEK5_LOW_BREAK,2025-07-17 16:00:00-04:00,0,2
GEP-006378,ifvg,BEARISH_IFVG_ACTIVATION,2025-07-17 16:00:00-04:00,0,3
GEP-006379,liquidity,SWING_HIGH_SWEEP_ABOVE,2025-07-17 16:01:00-04:00,0,5
GEP-006380,rejection_block,BEARISH_RB_CONFIRMED,2025-07-17 16:02:00-04:00,0,3
GEP-006381,liquidity,SWING_LOW_BREAK,2025-07-17 16:02:00-04:00,0,5
GEP-006382,liquidity,EQUAL_LOWS_BREAK,2025-07-17 16:02:00-04:00,0,5
GEP-006383,liquidity,SWING_HIGH_BREAK,2025-07-17 16:04:00-04:00,0,5
GEP-006384,ifvg,BEARISH_IFVG_ACTIVATION,2025-07-17 16:04:00-04:00,0,3
GEP-006385,liquidity,SWING_LOW_BREAK,2025-07-17 16:08:00-04:00,0,5
GEP-006386,liquidity,EQUAL_LOWS_BREAK,2025-07-17 16:08:00-04:00,0,5
GEP-006387,liquidity,SWING_HIGH_BREAK,2025-07-17 16:17:00-04:00,0,5
GEP-006388,liquidity,EQUAL_HIGHS_BREAK,2025-07-17 16:17:00-04:00,0,5
GEP-006389,liquidity,SWING_LOW_BREAK,2025-07-17 16:18:00-04:00,0,5
GEP-006390,liquidity,EQUAL_LOWS_BREAK,2025-07-17 16:18:00-04:00,0,5
GEP-006391,structure,COMPRESSION,2025-07-17 16:22:00-04:00,0,2
GEP-006392,liquidity,SWING_HIGH_BREAK,2025-07-17 16:22:00-04:00,0,5
GEP-006393,fvg,BULLISH_FVG_FORMED,2025-07-17 16:23:00-04:00,0,5
GEP-006394,liquidity,SWING_LOW_BREAK,2025-07-17 16:23:00-04:00,0,5
GEP-006395,fvg,BULLISH_FVG_FORMED,2025-07-17 16:26:00-04:00,0,5
GEP-006396,ifvg,BULLISH_IFVG_ACTIVATION,2025-07-17 16:27:00-04:00,0,3
GEP-006397,fvg,BULLISH_FVG_FORMED,2025-07-17 16:31:00-04:00,0,5
GEP-006398,liquidity,SWING_HIGH_BREAK,2025-07-17 16:31:00-04:00,0,5
GEP-006399,structure,COMPRESSION,2025-07-17 16:32:00-04:00,0,2
GEP-006400,ifvg,BEARISH_IFVG_ACTIVATION,2025-07-17 16:32:00-04:00,0,3
GEP-006401,liquidity,SWING_HIGH_BREAK,2025-07-17 16:34:00-04:00,0,5
GEP-006402,liquidity,EQUAL_HIGHS_BREAK,2025-07-17 16:34:00-04:00,0,5
GEP-006403,liquidity,SWING_LOW_BREAK,2025-07-17 16:35:00-04:00,0,5
GEP-006404,liquidity,SWING_HIGH_BREAK,2025-07-17 16:37:00-04:00,0,5
GEP-006405,rejection_block,BEARISH_RB_CONFIRMED,2025-07-17 16:39:00-04:00,0,3
GEP-006406,liquidity,SWING_HIGH_BREAK,2025-07-17 16:41:00-04:00,0,5
GEP-006407,liquidity,EQUAL_HIGHS_BREAK,2025-07-17 16:41:00-04:00,0,5
GEP-006408,rejection_block,BEARISH_RB_CONFIRMED,2025-07-17 16:42:00-04:00,0,3
GEP-006409,fvg,BEARISH_FVG_FORMED,2025-07-17 16:43:00-04:00,0,5
GEP-006410,liquidity,SWING_HIGH_BREAK,2025-07-17 16:44:00-04:00,0,5
GEP-006411,liquidity,EQUAL_HIGHS_BREAK,2025-07-17 16:44:00-04:00,0,5
GEP-006412,liquidity,SWING_LOW_BREAK,2025-07-17 16:48:00-04:00,0,5
GEP-006413,liquidity,SWING_HIGH_BREAK,2025-07-17 16:49:00-04:00,0,5
GEP-006414,liquidity,EQUAL_HIGHS_BREAK,2025-07-17 16:49:00-04:00,0,5
GEP-006415,rejection_block,BEARISH_RB_CONFIRMED,2025-07-17 16:51:00-04:00,0,3
GEP-006416,liquidity,SWING_HIGH_BREAK,2025-07-17 16:53:00-04:00,0,5
GEP-006417,liquidity,SWING_LOW_BREAK,2025-07-17 16:54:00-04:00,0,5
GEP-006418,liquidity,EQUAL_LOWS_BREAK,2025-07-17 16:54:00-04:00,0,5
GEP-006419,rejection_block,BULLISH_RB_CONFIRMED,2025-07-17 16:56:00-04:00,0,3
GEP-006420,structure,COMPRESSION,2025-07-17 16:58:00-04:00,0,2
GEP-006421,liquidity,SWING_HIGH_BREAK,2025-07-17 16:58:00-04:00,0,5
GEP-006422,liquidity,SWING_LOW_BREAK,2025-07-17 16:58:00-04:00,0,5
GEP-006423,liquidity,EQUAL_HIGHS_BREAK,2025-07-17 16:58:00-04:00,0,5
GEP-006424,fvg,BEARISH_FVG_FORMED,2025-07-17 18:00:00-04:00,0,5
GEP-006425,vwap,VWAP_VWAP_BOUNCE_DOWN,2025-07-17 18:00:00-04:00,0,3
GEP-006426,ifvg,BEARISH_IFVG_ACTIVATION,2025-07-17 18:00:00-04:00,0,3
GEP-006427,ifvg,BEARISH_IFVG_ACTIVATION,2025-07-17 18:00:00-04:00,0,3
GEP-006428,fvg,BEARISH_FVG_FORMED,2025-07-17 18:01:00-04:00,0,5
GEP-006429,liquidity,SWING_HIGH_BREAK,2025-07-17 18:01:00-04:00,0,5
GEP-006430,liquidity,SWING_LOW_BREAK,2025-07-17 18:03:00-04:00,0,5
GEP-006431,fvg,BULLISH_FVG_FORMED,2025-07-17 18:08:00-04:00,0,5
GEP-006432,liquidity,SWING_LOW_BREAK,2025-07-17 18:08:00-04:00,0,5
GEP-006433,liquidity,SWING_HIGH_BREAK,2025-07-17 18:10:00-04:00,0,5
GEP-006434,liquidity,SWING_LOW_BREAK,2025-07-17 18:14:00-04:00,0,5
GEP-006435,liquidity,SWING_HIGH_BREAK,2025-07-17 18:15:00-04:00,0,5
GEP-006436,fvg,BEARISH_FVG_FORMED,2025-07-17 18:16:00-04:00,0,5
GEP-006437,liquidity,SWING_HIGH_BREAK,2025-07-17 18:17:00-04:00,0,5
GEP-006438,liquidity,EQUAL_HIGHS_BREAK,2025-07-17 18:17:00-04:00,0,5
GEP-006439,ifvg,BULLISH_IFVG_ACTIVATION,2025-07-17 18:18:00-04:00,0,3
GEP-006440,liquidity,SWING_LOW_BREAK,2025-07-17 18:19:00-04:00,0,5
GEP-006441,liquidity,EQUAL_LOWS_BREAK,2025-07-17 18:19:00-04:00,0,5
GEP-006442,liquidity,SWING_HIGH_BREAK,2025-07-17 18:21:00-04:00,0,5
GEP-006443,liquidity,EQUAL_HIGHS_BREAK,2025-07-17 18:21:00-04:00,0,5
GEP-006444,liquidity,SWING_HIGH_BREAK,2025-07-17 18:24:00-04:00,0,5
GEP-006445,liquidity,SWING_LOW_BREAK,2025-07-17 18:25:00-04:00,0,5
GEP-006446,liquidity,EQUAL_LOWS_BREAK,2025-07-17 18:25:00-04:00,0,5
GEP-006447,liquidity,SWING_LOW_BREAK,2025-07-17 18:26:00-04:00,0,5
GEP-006448,liquidity,EQUAL_LOWS_BREAK,2025-07-17 18:26:00-04:00,0,5
GEP-006449,rejection_block,BULLISH_RB_CONFIRMED,2025-07-17 18:27:00-04:00,0,3
GEP-006450,liquidity,SWING_LOW_BREAK,2025-07-17 18:29:00-04:00,0,5
GEP-006451,liquidity,EQUAL_LOWS_BREAK,2025-07-17 18:29:00-04:00,0,5
GEP-006452,fvg,BEARISH_FVG_FORMED,2025-07-17 18:31:00-04:00,0,7
GEP-006453,liquidity,SWING_HIGH_BREAK,2025-07-17 18:31:00-04:00,0,5
GEP-006454,liquidity,EQUAL_HIGHS_BREAK,2025-07-17 18:31:00-04:00,0,5
GEP-006455,liquidity,SWING_HIGH_BREAK,2025-07-17 18:32:00-04:00,0,5
GEP-006456,rejection_block,BULLISH_RB_CONFIRMED,2025-07-17 18:33:00-04:00,0,3
GEP-006457,liquidity,SWING_LOW_BREAK,2025-07-17 18:35:00-04:00,0,5
GEP-006458,rejection_block,BEARISH_RB_CONFIRMED,2025-07-17 18:36:00-04:00,0,3
GEP-006459,liquidity,SWING_LOW_BREAK,2025-07-17 18:36:00-04:00,0,5
GEP-006460,liquidity,EQUAL_LOWS_BREAK,2025-07-17 18:36:00-04:00,0,5
GEP-006461,liquidity,SWING_HIGH_BREAK,2025-07-17 18:38:00-04:00,0,5
GEP-006462,rejection_block,BULLISH_RB_CONFIRMED,2025-07-17 18:39:00-04:00,0,3
GEP-006463,liquidity,SWING_LOW_SWEEP_BELOW,2025-07-17 18:41:00-04:00,0,5
GEP-006464,ifvg,BEARISH_IFVG_ACTIVATION,2025-07-17 18:41:00-04:00,0,3
GEP-006465,liquidity,SWING_HIGH_BREAK,2025-07-17 18:43:00-04:00,0,5
GEP-006466,liquidity,EQUAL_HIGHS_BREAK,2025-07-17 18:43:00-04:00,0,5
GEP-006467,fvg,BULLISH_FVG_FORMED,2025-07-17 18:44:00-04:00,0,5
GEP-006468,liquidity,SWING_LOW_BREAK,2025-07-17 18:44:00-04:00,0,5
GEP-006469,liquidity,EQUAL_LOWS_BREAK,2025-07-17 18:44:00-04:00,0,5
GEP-006470,fvg,BULLISH_FVG_FORMED,2025-07-17 18:47:00-04:00,0,5
GEP-006471,ifvg,BEARISH_IFVG_ACTIVATION,2025-07-17 18:48:00-04:00,0,3
GEP-006472,ifvg,BEARISH_IFVG_ACTIVATION,2025-07-17 18:48:00-04:00,0,3
GEP-006473,fvg,BEARISH_FVG_FORMED,2025-07-17 18:49:00-04:00,0,5
GEP-006474,liquidity,SWING_HIGH_BREAK,2025-07-17 18:49:00-04:00,0,5
GEP-006475,liquidity,SWING_LOW_BREAK,2025-07-17 18:51:00-04:00,0,5
GEP-006476,ifvg,BULLISH_IFVG_ACTIVATION,2025-07-17 18:52:00-04:00,0,3
GEP-006477,fvg,BULLISH_FVG_FORMED,2025-07-17 18:53:00-04:00,0,5
GEP-006478,liquidity,SWING_LOW_BREAK,2025-07-17 18:55:00-04:00,0,5
GEP-006479,liquidity,SWING_HIGH_BREAK,2025-07-17 18:58:00-04:00,0,5
GEP-006480,liquidity,EQUAL_HIGHS_BREAK,2025-07-17 18:58:00-04:00,0,5
GEP-006481,fvg,BULLISH_FVG_FORMED,2025-07-17 19:00:00-04:00,0,7
GEP-006482,liquidity,SWING_LOW_BREAK,2025-07-17 19:00:00-04:00,0,5
GEP-006483,liquidity,EQUAL_LOWS_BREAK,2025-07-17 19:00:00-04:00,0,5
GEP-006484,ifvg,BULLISH_IFVG_ACTIVATION,2025-07-17 19:00:00-04:00,0,3
GEP-006485,fvg,BULLISH_FVG_FORMED,2025-07-17 19:01:00-04:00,0,7
GEP-006486,fvg,BEARISH_FVG_FORMED,2025-07-17 19:03:00-04:00,0,7
GEP-006487,liquidity,SWING_HIGH_BREAK,2025-07-17 19:03:00-04:00,0,5
GEP-006488,rejection_block,BULLISH_RB_CONFIRMED,2025-07-17 19:05:00-04:00,0,3
GEP-006489,liquidity,SWING_LOW_BREAK,2025-07-17 19:05:00-04:00,0,5
GEP-006490,ifvg,BULLISH_IFVG_ACTIVATION,2025-07-17 19:05:00-04:00,0,3
GEP-006491,ifvg,BULLISH_IFVG_ACTIVATION,2025-07-17 19:06:00-04:00,0,3
GEP-006492,ifvg,BULLISH_IFVG_ACTIVATION,2025-07-17 19:06:00-04:00,0,3
GEP-006493,fvg,BULLISH_FVG_FORMED,2025-07-17 19:07:00-04:00,0,7
GEP-006494,liquidity,SWING_LOW_BREAK,2025-07-17 19:08:00-04:00,0,5
GEP-006495,liquidity,SWING_HIGH_BREAK,2025-07-17 19:11:00-04:00,0,5
GEP-006496,fvg,BULLISH_FVG_FORMED,2025-07-17 19:12:00-04:00,0,5
GEP-006497,ifvg,BULLISH_IFVG_ACTIVATION,2025-07-17 19:12:00-04:00,0,3
GEP-006498,fvg,BULLISH_FVG_FORMED,2025-07-17 19:13:00-04:00,0,5
GEP-006499,fvg,BULLISH_FVG_FORMED,2025-07-17 19:16:00-04:00,0,5
GEP-006500,rejection_block,BEARISH_RB_CONFIRMED,2025-07-17 19:17:00-04:00,0,3
GEP-006501,fvg,BEARISH_FVG_FORMED,2025-07-17 19:18:00-04:00,0,5
GEP-006502,liquidity,SWING_LOW_BREAK,2025-07-17 19:18:00-04:00,0,5
GEP-006503,liquidity,SWING_HIGH_BREAK,2025-07-17 19:19:00-04:00,0,5
GEP-006504,ifvg,BEARISH_IFVG_ACTIVATION,2025-07-17 19:19:00-04:00,0,3
GEP-006505,fvg,BEARISH_FVG_FORMED,2025-07-17 19:20:00-04:00,0,5
GEP-006506,ifvg,BEARISH_IFVG_ACTIVATION,2025-07-17 19:20:00-04:00,0,3
GEP-006507,ifvg,BEARISH_IFVG_ACTIVATION,2025-07-17 19:20:00-04:00,0,3
GEP-006508,fvg,BEARISH_FVG_FORMED,2025-07-17 19:21:00-04:00,0,5
GEP-006509,rejection_block,BULLISH_RB_CONFIRMED,2025-07-17 19:22:00-04:00,0,3
GEP-006510,fvg,BULLISH_FVG_FORMED,2025-07-17 19:24:00-04:00,0,5
GEP-006511,liquidity,SWING_LOW_BREAK,2025-07-17 19:24:00-04:00,0,5
GEP-006512,liquidity,EQUAL_LOWS_BREAK,2025-07-17 19:24:00-04:00,0,5
GEP-006513,rejection_block,BULLISH_RB_CONFIRMED,2025-07-17 19:26:00-04:00,0,3
GEP-006514,rejection_block,BEARISH_RB_CONFIRMED,2025-07-17 19:27:00-04:00,0,3
GEP-006515,liquidity,SWING_LOW_BREAK,2025-07-17 19:28:00-04:00,0,5
GEP-006516,liquidity,EQUAL_LOWS_BREAK,2025-07-17 19:28:00-04:00,0,5
GEP-006517,liquidity,SWING_HIGH_BREAK,2025-07-17 19:29:00-04:00,0,5
GEP-006518,liquidity,EQUAL_HIGHS_BREAK,2025-07-17 19:29:00-04:00,0,5
GEP-006519,ifvg,BEARISH_IFVG_ACTIVATION,2025-07-17 19:30:00-04:00,0,3
GEP-006520,liquidity,SWING_HIGH_BREAK,2025-07-17 19:32:00-04:00,0,5
GEP-006521,liquidity,EQUAL_HIGHS_BREAK,2025-07-17 19:32:00-04:00,0,5
GEP-006522,liquidity,SWING_LOW_BREAK,2025-07-17 19:33:00-04:00,0,5
GEP-006523,fvg,BULLISH_FVG_FORMED,2025-07-17 19:34:00-04:00,0,5
GEP-006524,liquidity,SWING_LOW_BREAK,2025-07-17 19:35:00-04:00,0,5
GEP-006525,liquidity,EQUAL_LOWS_BREAK,2025-07-17 19:35:00-04:00,0,5
GEP-006526,fvg,BULLISH_FVG_FORMED,2025-07-17 19:37:00-04:00,0,5
GEP-006527,liquidity,SWING_HIGH_BREAK,2025-07-17 19:37:00-04:00,0,5
GEP-006528,liquidity,EQUAL_HIGHS_BREAK,2025-07-17 19:37:00-04:00,0,5
GEP-006529,structure,COMPRESSION,2025-07-17 19:39:00-04:00,0,2
GEP-006530,liquidity,SWING_HIGH_BREAK,2025-07-17 19:39:00-04:00,0,5
GEP-006531,ifvg,BEARISH_IFVG_ACTIVATION,2025-07-17 19:39:00-04:00,0,3
GEP-006532,liquidity,SWING_HIGH_BREAK,2025-07-17 19:40:00-04:00,0,5
GEP-006533,liquidity,EQUAL_HIGHS_BREAK,2025-07-17 19:40:00-04:00,0,5
GEP-006534,rejection_block,BULLISH_RB_CONFIRMED,2025-07-17 19:41:00-04:00,0,3
GEP-006535,liquidity,SWING_LOW_BREAK,2025-07-17 19:43:00-04:00,0,5
GEP-006536,ifvg,BULLISH_IFVG_ACTIVATION,2025-07-17 19:43:00-04:00,0,3
GEP-006537,fvg,BULLISH_FVG_FORMED,2025-07-17 19:44:00-04:00,0,5
GEP-006538,fvg,BULLISH_FVG_FORMED,2025-07-17 19:48:00-04:00,0,5
GEP-006539,ifvg,BULLISH_IFVG_ACTIVATION,2025-07-17 19:48:00-04:00,0,3
GEP-006540,liquidity,SWING_HIGH_BREAK,2025-07-17 19:51:00-04:00,0,5
GEP-006541,liquidity,EQUAL_HIGHS_BREAK,2025-07-17 19:51:00-04:00,0,5
GEP-006542,ifvg,BULLISH_IFVG_ACTIVATION,2025-07-17 19:51:00-04:00,0,3
GEP-006543,fvg,BULLISH_FVG_FORMED,2025-07-17 19:52:00-04:00,0,7
GEP-006544,rejection_block,BEARISH_RB_CONFIRMED,2025-07-17 19:55:00-04:00,0,3
GEP-006545,fvg,BEARISH_FVG_FORMED,2025-07-17 19:56:00-04:00,0,7
GEP-006546,liquidity,SWING_HIGH_BREAK,2025-07-17 19:56:00-04:00,0,5
GEP-006547,ifvg,BULLISH_IFVG_ACTIVATION,2025-07-17 19:57:00-04:00,0,3
GEP-006548,fvg,BULLISH_FVG_FORMED,2025-07-17 19:58:00-04:00,0,7
GEP-006549,liquidity,SWING_LOW_BREAK,2025-07-17 19:59:00-04:00,0,5
GEP-006550,ifvg,BEARISH_IFVG_ACTIVATION,2025-07-17 20:00:00-04:00,0,3
GEP-006551,fvg,BEARISH_FVG_FORMED,2025-07-17 20:01:00-04:00,0,5
GEP-006552,time_anchor,ANCHOR_ASIA_OPEN_BREAK,2025-07-17 20:01:00-04:00,0,6
GEP-006553,liquidity,SWING_HIGH_BREAK,2025-07-17 20:01:00-04:00,0,5
GEP-006554,ifvg,BEARISH_IFVG_ACTIVATION,2025-07-17 20:02:00-04:00,0,3
GEP-006555,liquidity,SWING_LOW_BREAK,2025-07-17 20:03:00-04:00,0,5
GEP-006556,ifvg,BULLISH_IFVG_ACTIVATION,2025-07-17 20:04:00-04:00,0,3
GEP-006557,fvg,BULLISH_FVG_FORMED,2025-07-17 20:05:00-04:00,0,7
GEP-006558,rejection_block,BEARISH_RB_CONFIRMED,2025-07-17 20:06:00-04:00,0,3
GEP-006559,ifvg,BEARISH_IFVG_ACTIVATION,2025-07-17 20:07:00-04:00,0,3
GEP-006560,fvg,BEARISH_FVG_FORMED,2025-07-17 20:08:00-04:00,0,7
GEP-006561,liquidity,SWING_HIGH_BREAK,2025-07-17 20:08:00-04:00,0,5
GEP-006562,liquidity,EQUAL_HIGHS_BREAK,2025-07-17 20:08:00-04:00,0,5
GEP-006563,liquidity,SWING_LOW_BREAK,2025-07-17 20:11:00-04:00,0,5
GEP-006564,rejection_block,BEARISH_RB_CONFIRMED,2025-07-17 20:12:00-04:00,0,3
GEP-006565,fvg,BULLISH_FVG_FORMED,2025-07-17 20:14:00-04:00,0,5
GEP-006566,liquidity,SWING_HIGH_SWEEP_ABOVE,2025-07-17 20:14:00-04:00,0,5
GEP-006567,ifvg,BULLISH_IFVG_ACTIVATION,2025-07-17 20:14:00-04:00,0,3
GEP-006568,rejection_block,BULLISH_RB_CONFIRMED,2025-07-17 20:16:00-04:00,0,3
GEP-006569,rejection_block,BEARISH_RB_CONFIRMED,2025-07-17 20:18:00-04:00,0,3
GEP-006570,liquidity,SWING_LOW_BREAK,2025-07-17 20:18:00-04:00,0,5
GEP-006571,liquidity,EQUAL_LOWS_BREAK,2025-07-17 20:18:00-04:00,0,5
GEP-006572,liquidity,SWING_HIGH_BREAK,2025-07-17 20:19:00-04:00,0,5
GEP-006573,liquidity,SWING_LOW_BREAK,2025-07-17 20:21:00-04:00,0,5
GEP-006574,ifvg,BEARISH_IFVG_ACTIVATION,2025-07-17 20:22:00-04:00,0,3
GEP-006575,fvg,BEARISH_FVG_FORMED,2025-07-17 20:23:00-04:00,0,5
GEP-006576,liquidity,SWING_HIGH_BREAK,2025-07-17 20:24:00-04:00,0,5
GEP-006577,liquidity,EQUAL_HIGHS_BREAK,2025-07-17 20:24:00-04:00,0,5
GEP-006578,fvg,BEARISH_FVG_FORMED,2025-07-17 20:25:00-04:00,0,5
GEP-006579,fvg,BEARISH_FVG_FORMED,2025-07-17 20:29:00-04:00,0,5
GEP-006580,ifvg,BEARISH_IFVG_ACTIVATION,2025-07-17 20:30:00-04:00,0,3
GEP-006581,fvg,BEARISH_FVG_FORMED,2025-07-17 20:31:00-04:00,0,5
GEP-006582,liquidity,SWING_LOW_BREAK,2025-07-17 20:34:00-04:00,0,5
GEP-006583,rejection_block,BULLISH_RB_CONFIRMED,2025-07-17 20:36:00-04:00,0,3
GEP-006584,liquidity,SWING_LOW_BREAK,2025-07-17 20:38:00-04:00,0,5
GEP-006585,liquidity,EQUAL_LOWS_BREAK,2025-07-17 20:38:00-04:00,0,5
GEP-006586,liquidity,SWING_HIGH_BREAK,2025-07-17 20:39:00-04:00,0,5
GEP-006587,rejection_block,BEARISH_RB_CONFIRMED,2025-07-17 20:41:00-04:00,0,3
GEP-006588,liquidity,SWING_LOW_SWEEP_BELOW,2025-07-17 20:41:00-04:00,0,5
GEP-006589,liquidity,EQUAL_LOWS_SWEEP_BELOW,2025-07-17 20:41:00-04:00,0,5
GEP-006590,fvg,BEARISH_FVG_FORMED,2025-07-17 20:42:00-04:00,0,5
GEP-006591,fvg,BEARISH_FVG_FORMED,2025-07-17 20:43:00-04:00,0,5
GEP-006592,liquidity,SWING_HIGH_BREAK,2025-07-17 20:43:00-04:00,0,5
GEP-006593,ifvg,BEARISH_IFVG_ACTIVATION,2025-07-17 20:43:00-04:00,0,3
GEP-006594,rejection_block,BEARISH_RB_CONFIRMED,2025-07-17 20:45:00-04:00,0,3
GEP-006595,rejection_block,BULLISH_RB_CONFIRMED,2025-07-17 20:47:00-04:00,0,3
GEP-006596,liquidity,SWING_HIGH_BREAK,2025-07-17 20:47:00-04:00,0,5
GEP-006597,liquidity,SWING_LOW_BREAK,2025-07-17 20:48:00-04:00,0,5
GEP-006598,ifvg,BEARISH_IFVG_ACTIVATION,2025-07-17 20:48:00-04:00,0,3
GEP-006599,fvg,BULLISH_FVG_FORMED,2025-07-17 20:51:00-04:00,0,5
GEP-006600,rejection_block,BEARISH_RB_CONFIRMED,2025-07-17 20:52:00-04:00,0,3
GEP-006601,liquidity,SWING_LOW_BREAK,2025-07-17 20:52:00-04:00,0,5
GEP-006602,ifvg,BULLISH_IFVG_ACTIVATION,2025-07-17 20:53:00-04:00,0,3
GEP-006603,liquidity,SWING_HIGH_BREAK,2025-07-17 20:54:00-04:00,0,5
GEP-006604,liquidity,EQUAL_HIGHS_BREAK,2025-07-17 20:54:00-04:00,0,5
GEP-006605,ifvg,BEARISH_IFVG_ACTIVATION,2025-07-17 20:55:00-04:00,0,3
GEP-006606,fvg,BEARISH_FVG_FORMED,2025-07-17 20:56:00-04:00,0,7
GEP-006607,liquidity,SWING_LOW_BREAK,2025-07-17 20:59:00-04:00,0,5
GEP-006608,liquidity,EQUAL_LOWS_BREAK,2025-07-17 20:59:00-04:00,0,5
GEP-006609,liquidity,SWING_HIGH_BREAK,2025-07-17 21:01:00-04:00,0,5
GEP-006610,liquidity,EQUAL_HIGHS_BREAK,2025-07-17 21:01:00-04:00,0,5
GEP-006611,rejection_block,BULLISH_RB_CONFIRMED,2025-07-17 21:02:00-04:00,0,3
GEP-006612,liquidity,SWING_HIGH_SWEEP_ABOVE,2025-07-17 21:02:00-04:00,0,5
GEP-006613,liquidity,SWING_LOW_BREAK,2025-07-17 21:04:00-04:00,0,5
GEP-006614,liquidity,EQUAL_LOWS_BREAK,2025-07-17 21:04:00-04:00,0,5
GEP-006615,liquidity,SWING_HIGH_SWEEP_ABOVE,2025-07-17 21:06:00-04:00,0,5
GEP-006616,ifvg,BULLISH_IFVG_ACTIVATION,2025-07-17 21:08:00-04:00,0,3
GEP-006617,liquidity,SWING_LOW_BREAK,2025-07-17 21:10:00-04:00,0,5
GEP-006618,liquidity,SWING_HIGH_BREAK,2025-07-17 21:11:00-04:00,0,5
GEP-006619,rejection_block,BULLISH_RB_CONFIRMED,2025-07-17 21:12:00-04:00,0,3
GEP-006620,liquidity,SWING_LOW_SWEEP_BELOW,2025-07-17 21:13:00-04:00,0,5
GEP-006621,liquidity,EQUAL_LOWS_SWEEP_BELOW,2025-07-17 21:13:00-04:00,0,5
GEP-006622,liquidity,SWING_HIGH_BREAK,2025-07-17 21:15:00-04:00,0,5
GEP-006623,liquidity,EQUAL_HIGHS_BREAK,2025-07-17 21:15:00-04:00,0,5
GEP-006624,liquidity,SWING_HIGH_BREAK,2025-07-17 21:16:00-04:00,0,5
GEP-006625,liquidity,SWING_LOW_BREAK,2025-07-17 21:16:00-04:00,0,5
GEP-006626,fvg,BEARISH_FVG_FORMED,2025-07-17 21:17:00-04:00,0,5
GEP-006627,liquidity,SWING_LOW_BREAK,2025-07-17 21:20:00-04:00,0,5
GEP-006628,fvg,BEARISH_FVG_FORMED,2025-07-17 21:21:00-04:00,0,5
GEP-006629,ifvg,BEARISH_IFVG_ACTIVATION,2025-07-17 21:22:00-04:00,0,3
GEP-006630,fvg,BEARISH_FVG_FORMED,2025-07-17 21:23:00-04:00,0,7
GEP-006631,liquidity,SWING_LOW_SWEEP_BELOW,2025-07-17 21:23:00-04:00,0,5
GEP-006632,liquidity,EQUAL_LOWS_SWEEP_BELOW,2025-07-17 21:23:00-04:00,0,5
GEP-006633,rejection_block,BULLISH_RB_CONFIRMED,2025-07-17 21:25:00-04:00,0,3
GEP-006634,liquidity,SWING_LOW_BREAK,2025-07-17 21:26:00-04:00,0,5
GEP-006635,ifvg,BULLISH_IFVG_ACTIVATION,2025-07-17 21:26:00-04:00,0,3
GEP-006636,liquidity,SWING_HIGH_BREAK,2025-07-17 21:28:00-04:00,0,5
GEP-006637,liquidity,SWING_HIGH_BREAK,2025-07-17 21:29:00-04:00,0,5
GEP-006638,liquidity,EQUAL_HIGHS_BREAK,2025-07-17 21:29:00-04:00,0,5
GEP-006639,fvg,BULLISH_FVG_FORMED,2025-07-17 21:31:00-04:00,0,5
GEP-006640,liquidity,SWING_HIGH_BREAK,2025-07-17 21:33:00-04:00,0,5
GEP-006641,liquidity,EQUAL_HIGHS_SWEEP_ABOVE,2025-07-17 21:33:00-04:00,0,5
GEP-006642,rejection_block,BULLISH_RB_CONFIRMED,2025-07-17 21:34:00-04:00,0,3
GEP-006643,structure,COMPRESSION,2025-07-17 21:36:00-04:00,0,2
GEP-006644,liquidity,SWING_LOW_SWEEP_BELOW,2025-07-17 21:37:00-04:00,0,5
GEP-006645,liquidity,SWING_HIGH_BREAK,2025-07-17 21:38:00-04:00,0,5
GEP-006646,fvg,BULLISH_FVG_FORMED,2025-07-17 21:39:00-04:00,0,5
GEP-006647,ifvg,BULLISH_IFVG_ACTIVATION,2025-07-17 21:39:00-04:00,0,3
GEP-006648,ifvg,BULLISH_IFVG_ACTIVATION,2025-07-17 21:39:00-04:00,0,3
GEP-006649,fvg,BULLISH_FVG_FORMED,2025-07-17 21:40:00-04:00,0,7
GEP-006650,liquidity,SWING_LOW_BREAK,2025-07-17 21:40:00-04:00,0,5
GEP-006651,liquidity,EQUAL_LOWS_BREAK,2025-07-17 21:40:00-04:00,0,5
GEP-006652,fvg,BULLISH_FVG_FORMED,2025-07-17 21:41:00-04:00,0,7
GEP-006653,ifvg,BULLISH_IFVG_ACTIVATION,2025-07-17 21:41:00-04:00,0,3
GEP-006654,fvg,BEARISH_FVG_FORMED,2025-07-17 21:43:00-04:00,0,7
GEP-006655,liquidity,SWING_HIGH_BREAK,2025-07-17 21:44:00-04:00,0,5
GEP-006656,liquidity,EQUAL_HIGHS_BREAK,2025-07-17 21:44:00-04:00,0,5
GEP-006657,ifvg,BEARISH_IFVG_ACTIVATION,2025-07-17 21:44:00-04:00,0,3
GEP-006658,ifvg,BEARISH_IFVG_ACTIVATION,2025-07-17 21:46:00-04:00,0,3
GEP-006659,rejection_block,BEARISH_RB_CONFIRMED,2025-07-17 21:49:00-04:00,0,3
GEP-006660,liquidity,SWING_LOW_BREAK,2025-07-17 21:49:00-04:00,0,5
GEP-006661,liquidity,EQUAL_LOWS_BREAK,2025-07-17 21:49:00-04:00,0,5
GEP-006662,liquidity,SWING_HIGH_BREAK,2025-07-17 21:51:00-04:00,0,5
GEP-006663,liquidity,SWING_HIGH_BREAK,2025-07-17 21:53:00-04:00,0,5
GEP-006664,liquidity,EQUAL_HIGHS_BREAK,2025-07-17 21:53:00-04:00,0,5
GEP-006665,fvg,BULLISH_FVG_FORMED,2025-07-17 21:55:00-04:00,0,5
GEP-006666,liquidity,SWING_LOW_BREAK,2025-07-17 21:55:00-04:00,0,5
GEP-006667,liquidity,EQUAL_LOWS_BREAK,2025-07-17 21:55:00-04:00,0,5
GEP-006668,fvg,BULLISH_FVG_FORMED,2025-07-17 21:56:00-04:00,0,5
GEP-006669,rejection_block,BEARISH_RB_CONFIRMED,2025-07-17 21:58:00-04:00,0,3
GEP-006670,ifvg,BEARISH_IFVG_ACTIVATION,2025-07-17 21:58:00-04:00,0,3
GEP-006671,ifvg,BEARISH_IFVG_ACTIVATION,2025-07-17 21:58:00-04:00,0,3
GEP-006672,fvg,BEARISH_FVG_FORMED,2025-07-17 21:59:00-04:00,0,7
GEP-006673,liquidity,SWING_HIGH_BREAK,2025-07-17 22:01:00-04:00,0,5
GEP-006674,liquidity,SWING_LOW_BREAK,2025-07-17 22:01:00-04:00,0,5
GEP-006675,liquidity,EQUAL_LOWS_BREAK,2025-07-17 22:02:00-04:00,0,5
GEP-006676,ifvg,BEARISH_IFVG_ACTIVATION,2025-07-17 22:03:00-04:00,0,3
GEP-006677,ifvg,BEARISH_IFVG_ACTIVATION,2025-07-17 22:03:00-04:00,0,3
GEP-006678,fvg,BEARISH_FVG_FORMED,2025-07-17 22:04:00-04:00,0,7
GEP-006679,liquidity,SWING_HIGH_BREAK,2025-07-17 22:05:00-04:00,0,5
GEP-006680,liquidity,EQUAL_HIGHS_BREAK,2025-07-17 22:05:00-04:00,0,5
GEP-006681,liquidity,SWING_LOW_BREAK,2025-07-17 22:07:00-04:00,0,5
GEP-006682,fvg,BULLISH_FVG_FORMED,2025-07-17 22:10:00-04:00,0,5
GEP-006683,ifvg,BULLISH_IFVG_ACTIVATION,2025-07-17 22:11:00-04:00,0,3
GEP-006684,liquidity,SWING_HIGH_BREAK,2025-07-17 22:15:00-04:00,0,5
GEP-006685,ifvg,BULLISH_IFVG_ACTIVATION,2025-07-17 22:15:00-04:00,0,3
GEP-006686,rejection_block,BEARISH_RB_CONFIRMED,2025-07-17 22:17:00-04:00,0,3
GEP-006687,fvg,BEARISH_FVG_FORMED,2025-07-17 22:19:00-04:00,0,5
GEP-006688,liquidity,SWING_HIGH_BREAK,2025-07-17 22:19:00-04:00,0,5
GEP-006689,liquidity,EQUAL_HIGHS_BREAK,2025-07-17 22:19:00-04:00,0,5
GEP-006690,fvg,BULLISH_FVG_FORMED,2025-07-17 22:21:00-04:00,0,7
GEP-006691,liquidity,SWING_LOW_BREAK,2025-07-17 22:22:00-04:00,0,5
GEP-006692,liquidity,SWING_LOW_BREAK,2025-07-17 22:23:00-04:00,0,5
GEP-006693,liquidity,EQUAL_LOWS_BREAK,2025-07-17 22:23:00-04:00,0,5
GEP-006694,ifvg,BULLISH_IFVG_ACTIVATION,2025-07-17 22:23:00-04:00,0,3
GEP-006695,fvg,BULLISH_FVG_FORMED,2025-07-17 22:25:00-04:00,0,5
GEP-006696,liquidity,SWING_LOW_BREAK,2025-07-17 22:26:00-04:00,0,5
GEP-006697,liquidity,SWING_HIGH_BREAK,2025-07-17 22:29:00-04:00,0,5
GEP-006698,liquidity,EQUAL_HIGHS_BREAK,2025-07-17 22:29:00-04:00,0,5
GEP-006699,fvg,BULLISH_FVG_FORMED,2025-07-17 22:31:00-04:00,0,5
GEP-006700,ifvg,BULLISH_IFVG_ACTIVATION,2025-07-17 22:31:00-04:00,0,3
GEP-006701,fvg,BULLISH_FVG_FORMED,2025-07-17 22:32:00-04:00,0,5
GEP-006702,liquidity,SWING_LOW_BREAK,2025-07-17 22:32:00-04:00,0,5
GEP-006703,ifvg,BULLISH_IFVG_ACTIVATION,2025-07-17 22:32:00-04:00,0,3
GEP-006704,liquidity,SWING_HIGH_BREAK,2025-07-17 22:35:00-04:00,0,5
GEP-006705,liquidity,EQUAL_HIGHS_BREAK,2025-07-17 22:35:00-04:00,0,5
GEP-006706,rejection_block,BULLISH_RB_CONFIRMED,2025-07-17 22:36:00-04:00,0,3
GEP-006707,liquidity,SWING_LOW_BREAK,2025-07-17 22:38:00-04:00,0,5
GEP-006708,liquidity,SWING_HIGH_BREAK,2025-07-17 22:39:00-04:00,0,5
GEP-006709,liquidity,EQUAL_HIGHS_BREAK,2025-07-17 22:39:00-04:00,0,5
GEP-006710,fvg,BULLISH_FVG_FORMED,2025-07-17 22:40:00-04:00,0,7
GEP-006711,ifvg,BULLISH_IFVG_ACTIVATION,2025-07-17 22:40:00-04:00,0,3
GEP-006712,fvg,BULLISH_FVG_FORMED,2025-07-17 22:41:00-04:00,0,7
GEP-006713,liquidity,SWING_LOW_BREAK,2025-07-17 22:41:00-04:00,0,5
GEP-006714,ifvg,BULLISH_IFVG_ACTIVATION,2025-07-17 22:43:00-04:00,0,3
GEP-006715,fvg,BULLISH_FVG_FORMED,2025-07-17 22:44:00-04:00,0,5
GEP-006716,rejection_block,BULLISH_RB_CONFIRMED,2025-07-17 22:48:00-04:00,0,3
GEP-006717,liquidity,SWING_LOW_BREAK,2025-07-17 22:49:00-04:00,0,5
GEP-006718,ifvg,BULLISH_IFVG_ACTIVATION,2025-07-17 22:49:00-04:00,0,3
GEP-006719,fvg,BULLISH_FVG_FORMED,2025-07-17 22:50:00-04:00,0,7
GEP-006720,fvg,BULLISH_FVG_FORMED,2025-07-17 22:51:00-04:00,0,7
GEP-006721,rejection_block,BULLISH_RB_CONFIRMED,2025-07-17 22:54:00-04:00,0,3
GEP-006722,liquidity,SWING_HIGH_BREAK,2025-07-17 22:54:00-04:00,0,5
GEP-006723,rejection_block,BULLISH_RB_CONFIRMED,2025-07-17 22:55:00-04:00,0,3
GEP-006724,ifvg,BEARISH_IFVG_ACTIVATION,2025-07-17 22:56:00-04:00,0,3
GEP-006725,fvg,BEARISH_FVG_FORMED,2025-07-17 22:57:00-04:00,0,7
GEP-006726,liquidity,SWING_HIGH_BREAK,2025-07-17 22:58:00-04:00,0,5
GEP-006727,liquidity,SWING_HIGH_BREAK,2025-07-17 22:59:00-04:00,0,5
GEP-006728,liquidity,EQUAL_HIGHS_BREAK,2025-07-17 22:59:00-04:00,0,5
GEP-006729,ifvg,BEARISH_IFVG_ACTIVATION,2025-07-17 23:00:00-04:00,0,3
GEP-006730,liquidity,SWING_LOW_BREAK,2025-07-17 23:03:00-04:00,0,5
GEP-006731,liquidity,EQUAL_LOWS_BREAK,2025-07-17 23:03:00-04:00,0,5
GEP-006732,fvg,BEARISH_FVG_FORMED,2025-07-17 23:07:00-04:00,0,5
GEP-006733,liquidity,SWING_HIGH_BREAK,2025-07-17 23:08:00-04:00,0,5
GEP-006734,liquidity,SWING_LOW_BREAK,2025-07-17 23:09:00-04:00,0,5
GEP-006735,liquidity,EQUAL_LOWS_BREAK,2025-07-17 23:09:00-04:00,0,5
GEP-006736,rejection_block,BULLISH_RB_CONFIRMED,2025-07-17 23:12:00-04:00,0,3
GEP-006737,liquidity,SWING_LOW_SWEEP_BELOW,2025-07-17 23:14:00-04:00,0,5
GEP-006738,ifvg,BEARISH_IFVG_ACTIVATION,2025-07-17 23:16:00-04:00,0,3
GEP-006739,liquidity,SWING_HIGH_BREAK,2025-07-17 23:17:00-04:00,0,5
GEP-006740,liquidity,EQUAL_HIGHS_BREAK,2025-07-17 23:17:00-04:00,0,5
GEP-006741,liquidity,SWING_LOW_BREAK,2025-07-17 23:20:00-04:00,0,5
GEP-006742,liquidity,EQUAL_LOWS_BREAK,2025-07-17 23:20:00-04:00,0,5
GEP-006743,rejection_block,BULLISH_RB_CONFIRMED,2025-07-17 23:21:00-04:00,0,3
GEP-006744,rejection_block,BEARISH_RB_CONFIRMED,2025-07-17 23:23:00-04:00,0,3
GEP-006745,liquidity,SWING_LOW_BREAK,2025-07-17 23:23:00-04:00,0,5
GEP-006746,liquidity,SWING_HIGH_BREAK,2025-07-17 23:24:00-04:00,0,5
GEP-006747,liquidity,EQUAL_HIGHS_BREAK,2025-07-17 23:24:00-04:00,0,5
GEP-006748,fvg,BEARISH_FVG_FORMED,2025-07-17 23:26:00-04:00,0,5
GEP-006749,ifvg,BULLISH_IFVG_ACTIVATION,2025-07-17 23:27:00-04:00,0,3
GEP-006750,fvg,BULLISH_FVG_FORMED,2025-07-17 23:28:00-04:00,0,5
GEP-006751,ifvg,BULLISH_IFVG_ACTIVATION,2025-07-17 23:28:00-04:00,0,3
GEP-006752,liquidity,SWING_LOW_BREAK,2025-07-17 23:29:00-04:00,0,5
GEP-006753,liquidity,EQUAL_LOWS_BREAK,2025-07-17 23:29:00-04:00,0,5
GEP-006754,ifvg,BEARISH_IFVG_ACTIVATION,2025-07-17 23:30:00-04:00,0,3
GEP-006755,fvg,BEARISH_FVG_FORMED,2025-07-17 23:31:00-04:00,0,7
GEP-006756,liquidity,SWING_HIGH_BREAK,2025-07-17 23:32:00-04:00,0,5
GEP-006757,liquidity,EQUAL_HIGHS_BREAK,2025-07-17 23:32:00-04:00,0,5
GEP-006758,ifvg,BULLISH_IFVG_ACTIVATION,2025-07-17 23:32:00-04:00,0,3
GEP-006759,fvg,BULLISH_FVG_FORMED,2025-07-17 23:33:00-04:00,0,7
GEP-006760,liquidity,SWING_LOW_BREAK,2025-07-17 23:34:00-04:00,0,5
GEP-006761,liquidity,EQUAL_LOWS_BREAK,2025-07-17 23:34:00-04:00,0,5
GEP-006762,fvg,BEARISH_FVG_FORMED,2025-07-17 23:35:00-04:00,0,7
GEP-006763,liquidity,SWING_HIGH_BREAK,2025-07-17 23:35:00-04:00,0,5
GEP-006764,liquidity,EQUAL_HIGHS_BREAK,2025-07-17 23:35:00-04:00,0,5
GEP-006765,ifvg,BEARISH_IFVG_ACTIVATION,2025-07-17 23:35:00-04:00,0,3
GEP-006766,fvg,BEARISH_FVG_FORMED,2025-07-17 23:36:00-04:00,0,7
GEP-006767,liquidity,SWING_LOW_BREAK,2025-07-17 23:40:00-04:00,0,5
GEP-006768,liquidity,EQUAL_LOWS_BREAK,2025-07-17 23:40:00-04:00,0,5
GEP-006769,fvg,BULLISH_FVG_FORMED,2025-07-17 23:44:00-04:00,0,5
GEP-006770,liquidity,SWING_LOW_BREAK,2025-07-17 23:44:00-04:00,0,5
GEP-006771,fvg,BULLISH_FVG_FORMED,2025-07-17 23:45:00-04:00,0,5
GEP-006772,fvg,BEARISH_FVG_FORMED,2025-07-17 23:48:00-04:00,0,5
GEP-006773,liquidity,SWING_HIGH_BREAK,2025-07-17 23:48:00-04:00,0,5
GEP-006774,structure,COMPRESSION,2025-07-17 23:49:00-04:00,0,2
GEP-006775,liquidity,SWING_LOW_BREAK,2025-07-17 23:51:00-04:00,0,5
GEP-006776,ifvg,BEARISH_IFVG_ACTIVATION,2025-07-17 23:51:00-04:00,0,3
GEP-006777,ifvg,BEARISH_IFVG_ACTIVATION,2025-07-17 23:51:00-04:00,0,3
GEP-006778,fvg,BEARISH_FVG_FORMED,2025-07-17 23:52:00-04:00,0,5
GEP-006779,liquidity,SWING_HIGH_BREAK,2025-07-17 23:53:00-04:00,0,5
GEP-006780,liquidity,SWING_LOW_BREAK,2025-07-17 23:55:00-04:00,0,5
GEP-006781,liquidity,EQUAL_LOWS_BREAK,2025-07-17 23:55:00-04:00,0,5
GEP-006782,liquidity,SWING_LOW_BREAK,2025-07-17 23:57:00-04:00,0,5
GEP-006783,liquidity,SWING_HIGH_BREAK,2025-07-17 23:58:00-04:00,0,5
GEP-006784,vwap,VWAP_VWAP_BOUNCE_DOWN,2025-07-18 00:00:00-04:00,0,3
GEP-006785,time_anchor,ANCHOR_MIDNIGHT_OPEN_BREAK,2025-07-18 00:01:00-04:00,0,6
GEP-006786,liquidity,SWING_HIGH_BREAK,2025-07-18 00:02:00-04:00,0,5
GEP-006787,ifvg,BEARISH_IFVG_ACTIVATION,2025-07-18 00:02:00-04:00,0,3
GEP-006788,rejection_block,BULLISH_RB_CONFIRMED,2025-07-18 00:03:00-04:00,0,3
GEP-006789,liquidity,SWING_LOW_BREAK,2025-07-18 00:05:00-04:00,0,5
GEP-006790,liquidity,EQUAL_LOWS_BREAK,2025-07-18 00:05:00-04:00,0,5
GEP-006791,rejection_block,BULLISH_RB_CONFIRMED,2025-07-18 00:06:00-04:00,0,3
GEP-006792,liquidity,SWING_HIGH_BREAK,2025-07-18 00:06:00-04:00,0,5
GEP-006793,liquidity,EQUAL_HIGHS_BREAK,2025-07-18 00:06:00-04:00,0,5
GEP-006794,liquidity,SWING_HIGH_BREAK,2025-07-18 00:07:00-04:00,0,5
GEP-006795,liquidity,EQUAL_HIGHS_BREAK,2025-07-18 00:07:00-04:00,0,5
GEP-006796,liquidity,SWING_LOW_BREAK,2025-07-18 00:08:00-04:00,0,5
GEP-006797,ifvg,BEARISH_IFVG_ACTIVATION,2025-07-18 00:09:00-04:00,0,3
GEP-006798,liquidity,SWING_HIGH_BREAK,2025-07-18 00:10:00-04:00,0,5
GEP-006799,liquidity,SWING_LOW_BREAK,2025-07-18 00:12:00-04:00,0,5
GEP-006800,liquidity,EQUAL_LOWS_BREAK,2025-07-18 00:12:00-04:00,0,5
GEP-006801,liquidity,SWING_HIGH_BREAK,2025-07-18 00:15:00-04:00,0,5
GEP-006802,rejection_block,BULLISH_RB_CONFIRMED,2025-07-18 00:18:00-04:00,0,3
GEP-006803,liquidity,SWING_LOW_BREAK,2025-07-18 00:20:00-04:00,0,5
GEP-006804,liquidity,SWING_HIGH_BREAK,2025-07-18 00:22:00-04:00,0,5
GEP-006805,liquidity,EQUAL_HIGHS_BREAK,2025-07-18 00:22:00-04:00,0,5
GEP-006806,fvg,BULLISH_FVG_FORMED,2025-07-18 00:24:00-04:00,0,5
GEP-006807,fvg,BULLISH_FVG_FORMED,2025-07-18 00:26:00-04:00,0,7
GEP-006808,liquidity,SWING_LOW_BREAK,2025-07-18 00:26:00-04:00,0,5
GEP-006809,liquidity,EQUAL_LOWS_BREAK,2025-07-18 00:26:00-04:00,0,5
GEP-006810,ifvg,BULLISH_IFVG_ACTIVATION,2025-07-18 00:28:00-04:00,0,3
GEP-006811,ifvg,BULLISH_IFVG_ACTIVATION,2025-07-18 00:28:00-04:00,0,3
GEP-006812,fvg,BULLISH_FVG_FORMED,2025-07-18 00:29:00-04:00,0,7
GEP-006813,liquidity,SWING_HIGH_BREAK,2025-07-18 00:32:00-04:00,0,5
GEP-006814,liquidity,EQUAL_HIGHS_BREAK,2025-07-18 00:32:00-04:00,0,5
GEP-006815,ifvg,BEARISH_IFVG_ACTIVATION,2025-07-18 00:32:00-04:00,0,3
GEP-006816,fvg,BULLISH_FVG_FORMED,2025-07-18 00:34:00-04:00,0,5
GEP-006817,rejection_block,BEARISH_RB_CONFIRMED,2025-07-18 00:35:00-04:00,0,3
GEP-006818,liquidity,SWING_LOW_BREAK,2025-07-18 00:35:00-04:00,0,5
GEP-006819,liquidity,EQUAL_LOWS_BREAK,2025-07-18 00:35:00-04:00,0,5
GEP-006820,liquidity,SWING_HIGH_BREAK,2025-07-18 00:36:00-04:00,0,5
GEP-006821,ifvg,BULLISH_IFVG_ACTIVATION,2025-07-18 00:38:00-04:00,0,3
GEP-006822,liquidity,SWING_LOW_BREAK,2025-07-18 00:39:00-04:00,0,5
GEP-006823,liquidity,SWING_HIGH_BREAK,2025-07-18 00:41:00-04:00,0,5
GEP-006824,fvg,BEARISH_FVG_FORMED,2025-07-18 00:42:00-04:00,0,7
GEP-006825,ifvg,BEARISH_IFVG_ACTIVATION,2025-07-18 00:42:00-04:00,0,3
GEP-006826,fvg,BEARISH_FVG_FORMED,2025-07-18 00:43:00-04:00,0,5
GEP-006827,liquidity,SWING_HIGH_BREAK,2025-07-18 00:43:00-04:00,0,5
GEP-006828,liquidity,EQUAL_HIGHS_BREAK,2025-07-18 00:43:00-04:00,0,5
GEP-006829,fvg,BEARISH_FVG_FORMED,2025-07-18 00:47:00-04:00,0,5
GEP-006830,rejection_block,BULLISH_RB_CONFIRMED,2025-07-18 00:48:00-04:00,0,3
GEP-006831,liquidity,SWING_HIGH_BREAK,2025-07-18 00:49:00-04:00,0,5
GEP-006832,fvg,BULLISH_FVG_FORMED,2025-07-18 00:50:00-04:00,0,5
GEP-006833,liquidity,SWING_LOW_BREAK,2025-07-18 00:50:00-04:00,0,5
GEP-006834,liquidity,EQUAL_LOWS_BREAK,2025-07-18 00:50:00-04:00,0,5
GEP-006835,ifvg,BULLISH_IFVG_ACTIVATION,2025-07-18 00:50:00-04:00,0,3
GEP-006836,rejection_block,BEARISH_RB_CONFIRMED,2025-07-18 00:52:00-04:00,0,3
GEP-006837,ifvg,BEARISH_IFVG_ACTIVATION,2025-07-18 00:52:00-04:00,0,3
GEP-006838,liquidity,SWING_HIGH_BREAK,2025-07-18 00:54:00-04:00,0,5
GEP-006839,liquidity,EQUAL_HIGHS_BREAK,2025-07-18 00:54:00-04:00,0,5
GEP-006840,rejection_block,BULLISH_RB_CONFIRMED,2025-07-18 00:56:00-04:00,0,3
GEP-006841,fvg,BULLISH_FVG_FORMED,2025-07-18 00:58:00-04:00,0,5
GEP-006842,liquidity,SWING_LOW_BREAK,2025-07-18 00:58:00-04:00,0,5
GEP-006843,liquidity,EQUAL_LOWS_BREAK,2025-07-18 00:58:00-04:00,0,5
GEP-006844,ifvg,BULLISH_IFVG_ACTIVATION,2025-07-18 00:59:00-04:00,0,3
GEP-006845,rejection_block,BEARISH_RB_CONFIRMED,2025-07-18 01:01:00-04:00,0,3
GEP-006846,rejection_block,BULLISH_RB_CONFIRMED,2025-07-18 01:02:00-04:00,0,3
GEP-006847,ifvg,BULLISH_IFVG_ACTIVATION,2025-07-18 01:02:00-04:00,0,3
GEP-006848,fvg,BULLISH_FVG_FORMED,2025-07-18 01:03:00-04:00,0,5
GEP-006849,fvg,BULLISH_FVG_FORMED,2025-07-18 01:04:00-04:00,0,7
GEP-006850,liquidity,SWING_LOW_BREAK,2025-07-18 01:04:00-04:00,0,5
GEP-006851,liquidity,EQUAL_LOWS_BREAK,2025-07-18 01:04:00-04:00,0,5
GEP-006852,ifvg,BULLISH_IFVG_ACTIVATION,2025-07-18 01:04:00-04:00,0,3
GEP-006853,ifvg,BULLISH_IFVG_ACTIVATION,2025-07-18 01:04:00-04:00,0,3
GEP-006854,fvg,BULLISH_FVG_FORMED,2025-07-18 01:05:00-04:00,0,7
GEP-006855,fvg,BEARISH_FVG_FORMED,2025-07-18 01:09:00-04:00,0,5
GEP-006856,liquidity,SWING_HIGH_BREAK,2025-07-18 01:09:00-04:00,0,5
GEP-006857,ifvg,BEARISH_IFVG_ACTIVATION,2025-07-18 01:09:00-04:00,0,3
GEP-006858,ifvg,BEARISH_IFVG_ACTIVATION,2025-07-18 01:10:00-04:00,0,3
GEP-006859,ifvg,BEARISH_IFVG_ACTIVATION,2025-07-18 01:10:00-04:00,0,3
GEP-006860,ifvg,BULLISH_IFVG_ACTIVATION,2025-07-18 01:12:00-04:00,0,3
GEP-006861,fvg,BULLISH_FVG_FORMED,2025-07-18 01:13:00-04:00,0,7
GEP-006862,liquidity,SWING_LOW_BREAK,2025-07-18 01:13:00-04:00,0,5
GEP-006863,fvg,BULLISH_FVG_FORMED,2025-07-18 01:14:00-04:00,0,7
GEP-006864,liquidity,SWING_LOW_BREAK,2025-07-18 01:14:00-04:00,0,5
GEP-006865,liquidity,EQUAL_LOWS_BREAK,2025-07-18 01:14:00-04:00,0,5
GEP-006866,liquidity,SWING_HIGH_BREAK,2025-07-18 01:16:00-04:00,0,5
GEP-006867,rejection_block,BULLISH_RB_CONFIRMED,2025-07-18 01:21:00-04:00,0,3
GEP-006868,liquidity,SWING_LOW_BREAK,2025-07-18 01:21:00-04:00,0,5
GEP-006869,liquidity,SWING_LOW_BREAK,2025-07-18 01:23:00-04:00,0,5
GEP-006870,liquidity,EQUAL_LOWS_BREAK,2025-07-18 01:23:00-04:00,0,5
GEP-006871,liquidity,SWING_HIGH_BREAK,2025-07-18 01:24:00-04:00,0,5
GEP-006872,liquidity,EQUAL_HIGHS_BREAK,2025-07-18 01:24:00-04:00,0,5
GEP-006873,fvg,BEARISH_FVG_FORMED,2025-07-18 01:26:00-04:00,0,5
GEP-006874,liquidity,SWING_LOW_BREAK,2025-07-18 01:26:00-04:00,0,5
GEP-006875,rejection_block,BULLISH_RB_CONFIRMED,2025-07-18 01:28:00-04:00,0,3
GEP-006876,ifvg,BULLISH_IFVG_ACTIVATION,2025-07-18 01:28:00-04:00,0,3
GEP-006877,fvg,BULLISH_FVG_FORMED,2025-07-18 01:29:00-04:00,0,7
GEP-006878,liquidity,SWING_HIGH_BREAK,2025-07-18 01:29:00-04:00,0,5
GEP-006879,liquidity,SWING_LOW_BREAK,2025-07-18 01:30:00-04:00,0,5
GEP-006880,fvg,BULLISH_FVG_FORMED,2025-07-18 01:31:00-04:00,0,7
GEP-006881,fvg,BULLISH_FVG_FORMED,2025-07-18 01:32:00-04:00,0,7
GEP-006882,fvg,BULLISH_FVG_FORMED,2025-07-18 01:35:00-04:00,0,5
GEP-006883,ifvg,BEARISH_IFVG_ACTIVATION,2025-07-18 01:36:00-04:00,0,3
GEP-006884,fvg,BEARISH_FVG_FORMED,2025-07-18 01:37:00-04:00,0,7
GEP-006885,liquidity,SWING_HIGH_BREAK,2025-07-18 01:38:00-04:00,0,5
GEP-006886,ifvg,BULLISH_IFVG_ACTIVATION,2025-07-18 01:39:00-04:00,0,3
GEP-006887,liquidity,SWING_LOW_BREAK,2025-07-18 01:41:00-04:00,0,5
GEP-006888,liquidity,SWING_HIGH_BREAK,2025-07-18 01:42:00-04:00,0,5
GEP-006889,fvg,BEARISH_FVG_FORMED,2025-07-18 01:43:00-04:00,0,5
GEP-006890,liquidity,SWING_HIGH_BREAK,2025-07-18 01:43:00-04:00,0,5
GEP-006891,liquidity,EQUAL_HIGHS_BREAK,2025-07-18 01:43:00-04:00,0,5
GEP-006892,liquidity,SWING_HIGH_BREAK,2025-07-18 01:44:00-04:00,0,5
GEP-006893,rejection_block,BULLISH_RB_CONFIRMED,2025-07-18 01:45:00-04:00,0,3
GEP-006894,liquidity,SWING_LOW_BREAK,2025-07-18 01:48:00-04:00,0,5
GEP-006895,rejection_block,BEARISH_RB_CONFIRMED,2025-07-18 01:49:00-04:00,0,3
GEP-006896,rejection_block,BEARISH_RB_CONFIRMED,2025-07-18 01:49:00-04:00,0,3
GEP-006897,liquidity,SWING_HIGH_BREAK,2025-07-18 01:50:00-04:00,0,5
GEP-006898,liquidity,EQUAL_HIGHS_BREAK,2025-07-18 01:50:00-04:00,0,5
GEP-006899,fvg,BEARISH_FVG_FORMED,2025-07-18 01:52:00-04:00,0,7
GEP-006900,liquidity,SWING_LOW_BREAK,2025-07-18 01:54:00-04:00,0,5
GEP-006901,liquidity,SWING_LOW_BREAK,2025-07-18 01:56:00-04:00,0,5
GEP-006902,liquidity,EQUAL_LOWS_BREAK,2025-07-18 01:56:00-04:00,0,5
GEP-006903,ifvg,BULLISH_IFVG_ACTIVATION,2025-07-18 01:56:00-04:00,0,3
GEP-006904,ifvg,BULLISH_IFVG_ACTIVATION,2025-07-18 01:58:00-04:00,0,3
GEP-006905,liquidity,SWING_HIGH_BREAK,2025-07-18 02:01:00-04:00,0,5
GEP-006906,fvg,BEARISH_FVG_FORMED,2025-07-18 02:03:00-04:00,0,7
GEP-006907,liquidity,SWING_HIGH_BREAK,2025-07-18 02:04:00-04:00,0,5
GEP-006908,liquidity,EQUAL_HIGHS_BREAK,2025-07-18 02:04:00-04:00,0,5
GEP-006909,fvg,BULLISH_FVG_FORMED,2025-07-18 02:05:00-04:00,0,7
GEP-006910,ifvg,BULLISH_IFVG_ACTIVATION,2025-07-18 02:05:00-04:00,0,3
GEP-006911,liquidity,SWING_LOW_BREAK,2025-07-18 02:06:00-04:00,0,5
GEP-006912,liquidity,SWING_HIGH_BREAK,2025-07-18 02:08:00-04:00,0,5
GEP-006913,rejection_block,BULLISH_RB_CONFIRMED,2025-07-18 02:09:00-04:00,0,3
GEP-006914,liquidity,SWING_LOW_BREAK,2025-07-18 02:12:00-04:00,0,5
GEP-006915,ifvg,BEARISH_IFVG_ACTIVATION,2025-07-18 02:13:00-04:00,0,3
GEP-006916,liquidity,SWING_HIGH_BREAK,2025-07-18 02:14:00-04:00,0,5
GEP-006917,liquidity,EQUAL_HIGHS_BREAK,2025-07-18 02:14:00-04:00,0,5
GEP-006918,liquidity,EQUAL_LOWS_BREAK,2025-07-18 02:16:00-04:00,0,5
GEP-006919,structure,COMPRESSION,2025-07-18 02:17:00-04:00,0,2
GEP-006920,liquidity,SWING_LOW_SWEEP_BELOW,2025-07-18 02:17:00-04:00,0,5
GEP-006921,liquidity,SWING_HIGH_BREAK,2025-07-18 02:19:00-04:00,0,5
GEP-006922,liquidity,SWING_LOW_BREAK,2025-07-18 02:19:00-04:00,0,5
GEP-006923,liquidity,SWING_LOW_SWEEP_BELOW,2025-07-18 02:20:00-04:00,0,5
GEP-006924,liquidity,EQUAL_LOWS_SWEEP_BELOW,2025-07-18 02:20:00-04:00,0,5
GEP-006925,fvg,BULLISH_FVG_FORMED,2025-07-18 02:21:00-04:00,0,7
GEP-006926,fvg,BULLISH_FVG_FORMED,2025-07-18 02:22:00-04:00,0,7
GEP-006927,liquidity,SWING_LOW_BREAK,2025-07-18 02:23:00-04:00,0,5
GEP-006928,liquidity,SWING_HIGH_BREAK,2025-07-18 02:24:00-04:00,0,5
GEP-006929,liquidity,EQUAL_HIGHS_BREAK,2025-07-18 02:24:00-04:00,0,5
GEP-006930,fvg,BEARISH_FVG_FORMED,2025-07-18 02:27:00-04:00,0,7
GEP-006931,ifvg,BEARISH_IFVG_ACTIVATION,2025-07-18 02:27:00-04:00,0,3
GEP-006932,ifvg,BEARISH_IFVG_ACTIVATION,2025-07-18 02:27:00-04:00,0,3
GEP-006933,fvg,BEARISH_FVG_FORMED,2025-07-18 02:28:00-04:00,0,7
GEP-006934,ifvg,BEARISH_IFVG_ACTIVATION,2025-07-18 02:28:00-04:00,0,3
GEP-006935,fvg,BEARISH_FVG_FORMED,2025-07-18 02:29:00-04:00,0,7
GEP-006936,ifvg,BEARISH_IFVG_ACTIVATION,2025-07-18 02:31:00-04:00,0,3
GEP-006937,ifvg,BEARISH_IFVG_ACTIVATION,2025-07-18 02:33:00-04:00,0,3
GEP-006938,fvg,BEARISH_FVG_FORMED,2025-07-18 02:34:00-04:00,0,7
GEP-006939,fvg,BEARISH_FVG_FORMED,2025-07-18 02:36:00-04:00,0,5
GEP-006940,ifvg,BULLISH_IFVG_ACTIVATION,2025-07-18 02:37:00-04:00,0,3
GEP-006941,liquidity,SWING_HIGH_BREAK,2025-07-18 02:40:00-04:00,0,5
GEP-006942,liquidity,SWING_LOW_BREAK,2025-07-18 02:40:00-04:00,0,5
GEP-006943,liquidity,EQUAL_HIGHS_BREAK,2025-07-18 02:40:00-04:00,0,5
GEP-006944,liquidity,SWING_HIGH_BREAK,2025-07-18 02:41:00-04:00,0,5
GEP-006945,liquidity,SWING_LOW_BREAK,2025-07-18 02:43:00-04:00,0,5
GEP-006946,liquidity,EQUAL_LOWS_BREAK,2025-07-18 02:43:00-04:00,0,5
GEP-006947,structure,COMPRESSION,2025-07-18 02:44:00-04:00,0,2
GEP-006948,liquidity,SWING_HIGH_BREAK,2025-07-18 02:48:00-04:00,0,5
GEP-006949,rejection_block,BULLISH_RB_CONFIRMED,2025-07-18 02:49:00-04:00,0,3
GEP-006950,liquidity,SWING_LOW_BREAK,2025-07-18 02:49:00-04:00,0,5
GEP-006951,rejection_block,BULLISH_RB_CONFIRMED,2025-07-18 02:52:00-04:00,0,3
GEP-006952,fvg,BULLISH_FVG_FORMED,2025-07-18 02:53:00-04:00,0,5
GEP-006953,liquidity,SWING_LOW_BREAK,2025-07-18 02:54:00-04:00,0,5
GEP-006954,liquidity,SWING_HIGH_BREAK,2025-07-18 02:55:00-04:00,0,5
GEP-006955,ifvg,BEARISH_IFVG_ACTIVATION,2025-07-18 02:55:00-04:00,0,3
GEP-006956,fvg,BEARISH_FVG_FORMED,2025-07-18 02:56:00-04:00,0,5
GEP-006957,fvg,BEARISH_FVG_FORMED,2025-07-18 02:57:00-04:00,0,5
GEP-006958,liquidity,SWING_HIGH_BREAK,2025-07-18 02:58:00-04:00,0,5
GEP-006959,liquidity,SWING_LOW_BREAK,2025-07-18 02:59:00-04:00,0,5
GEP-006960,time_anchor,ANCHOR_LONDON_OPEN_BREAK,2025-07-18 03:01:00-04:00,0,6
GEP-006961,ifvg,BULLISH_IFVG_ACTIVATION,2025-07-18 03:02:00-04:00,0,3
GEP-006962,liquidity,SWING_LOW_BREAK,2025-07-18 03:03:00-04:00,0,5
GEP-006963,liquidity,EQUAL_LOWS_BREAK,2025-07-18 03:03:00-04:00,0,5
GEP-006964,ifvg,BULLISH_IFVG_ACTIVATION,2025-07-18 03:04:00-04:00,0,3
GEP-006965,liquidity,SWING_HIGH_BREAK,2025-07-18 03:11:00-04:00,0,5
GEP-006966,liquidity,EQUAL_HIGHS_BREAK,2025-07-18 03:11:00-04:00,0,5
GEP-006967,fvg,BEARISH_FVG_FORMED,2025-07-18 03:12:00-04:00,0,7
GEP-006968,ifvg,BEARISH_IFVG_ACTIVATION,2025-07-18 03:12:00-04:00,0,3
GEP-006969,ifvg,BEARISH_IFVG_ACTIVATION,2025-07-18 03:12:00-04:00,0,3
GEP-006970,fvg,BEARISH_FVG_FORMED,2025-07-18 03:13:00-04:00,0,7
GEP-006971,ifvg,BEARISH_IFVG_ACTIVATION,2025-07-18 03:13:00-04:00,0,3
GEP-006972,ifvg,BEARISH_IFVG_ACTIVATION,2025-07-18 03:13:00-04:00,0,3
GEP-006973,ifvg,BEARISH_IFVG_ACTIVATION,2025-07-18 03:13:00-04:00,0,3
GEP-006974,fvg,BEARISH_FVG_FORMED,2025-07-18 03:14:00-04:00,0,7
GEP-006975,ifvg,BULLISH_IFVG_ACTIVATION,2025-07-18 03:16:00-04:00,0,3
GEP-006976,fvg,BULLISH_FVG_FORMED,2025-07-18 03:17:00-04:00,0,5
GEP-006977,liquidity,SWING_LOW_BREAK,2025-07-18 03:17:00-04:00,0,5
GEP-006978,rejection_block,BEARISH_RB_CONFIRMED,2025-07-18 03:18:00-04:00,0,3
GEP-006979,liquidity,SWING_HIGH_BREAK,2025-07-18 03:19:00-04:00,0,5
GEP-006980,liquidity,SWING_HIGH_BREAK,2025-07-18 03:20:00-04:00,0,5
GEP-006981,liquidity,EQUAL_HIGHS_BREAK,2025-07-18 03:20:00-04:00,0,5
GEP-006982,ifvg,BEARISH_IFVG_ACTIVATION,2025-07-18 03:22:00-04:00,0,3
GEP-006983,liquidity,SWING_HIGH_BREAK,2025-07-18 03:23:00-04:00,0,5
GEP-006984,liquidity,SWING_LOW_BREAK,2025-07-18 03:23:00-04:00,0,5
GEP-006985,rejection_block,BULLISH_RB_CONFIRMED,2025-07-18 03:26:00-04:00,0,3
GEP-006986,fvg,BEARISH_FVG_FORMED,2025-07-18 03:29:00-04:00,0,5
GEP-006987,rejection_block,BULLISH_RB_CONFIRMED,2025-07-18 03:30:00-04:00,0,3
GEP-006988,liquidity,SWING_HIGH_BREAK,2025-07-18 03:30:00-04:00,0,5
GEP-006989,liquidity,SWING_LOW_BREAK,2025-07-18 03:31:00-04:00,0,5
GEP-006990,liquidity,EQUAL_LOWS_BREAK,2025-07-18 03:31:00-04:00,0,5
GEP-006991,liquidity,SWING_LOW_BREAK,2025-07-18 03:32:00-04:00,0,5
GEP-006992,liquidity,SWING_HIGH_BREAK,2025-07-18 03:33:00-04:00,0,5
GEP-006993,liquidity,EQUAL_HIGHS_BREAK,2025-07-18 03:33:00-04:00,0,5
GEP-006994,ifvg,BEARISH_IFVG_ACTIVATION,2025-07-18 03:34:00-04:00,0,3
GEP-006995,ifvg,BEARISH_IFVG_ACTIVATION,2025-07-18 03:34:00-04:00,0,3
GEP-006996,fvg,BEARISH_FVG_FORMED,2025-07-18 03:35:00-04:00,0,7
GEP-006997,ifvg,BEARISH_IFVG_ACTIVATION,2025-07-18 03:36:00-04:00,0,3
GEP-006998,ifvg,BEARISH_IFVG_ACTIVATION,2025-07-18 03:36:00-04:00,0,3
GEP-006999,fvg,BULLISH_FVG_FORMED,2025-07-18 03:39:00-04:00,0,5
GEP-007000,liquidity,SWING_LOW_BREAK,2025-07-18 03:39:00-04:00,0,5
GEP-007001,fvg,BULLISH_FVG_FORMED,2025-07-18 03:40:00-04:00,0,5
GEP-007002,ifvg,BULLISH_IFVG_ACTIVATION,2025-07-18 03:40:00-04:00,0,3
GEP-007003,ifvg,BULLISH_IFVG_ACTIVATION,2025-07-18 03:40:00-04:00,0,3
GEP-007004,fvg,BULLISH_FVG_FORMED,2025-07-18 03:41:00-04:00,0,5
GEP-007005,rejection_block,BEARISH_RB_CONFIRMED,2025-07-18 03:47:00-04:00,0,3
GEP-007006,liquidity,SWING_HIGH_BREAK,2025-07-18 03:49:00-04:00,0,5
GEP-007007,liquidity,EQUAL_HIGHS_BREAK,2025-07-18 03:49:00-04:00,0,5
GEP-007008,liquidity,SWING_LOW_SWEEP_BELOW,2025-07-18 03:50:00-04:00,0,5
GEP-007009,liquidity,EQUAL_LOWS_SWEEP_BELOW,2025-07-18 03:50:00-04:00,0,5
GEP-007010,liquidity,SWING_HIGH_BREAK,2025-07-18 03:52:00-04:00,0,5
GEP-007011,liquidity,SWING_LOW_BREAK,2025-07-18 03:53:00-04:00,0,5
GEP-007012,fvg,BULLISH_FVG_FORMED,2025-07-18 03:54:00-04:00,0,5
GEP-007013,rejection_block,BEARISH_RB_CONFIRMED,2025-07-18 03:55:00-04:00,0,3
GEP-007014,ifvg,BEARISH_IFVG_ACTIVATION,2025-07-18 03:55:00-04:00,0,3
GEP-007015,fvg,BEARISH_FVG_FORMED,2025-07-18 03:56:00-04:00,0,7
GEP-007016,fvg,BEARISH_FVG_FORMED,2025-07-18 03:57:00-04:00,0,7
GEP-007017,liquidity,SWING_HIGH_BREAK,2025-07-18 03:57:00-04:00,0,5
GEP-007018,rejection_block,BULLISH_RB_CONFIRMED,2025-07-18 03:58:00-04:00,0,3
GEP-007019,ifvg,BULLISH_IFVG_ACTIVATION,2025-07-18 03:58:00-04:00,0,3
GEP-007020,ifvg,BEARISH_IFVG_ACTIVATION,2025-07-18 03:59:00-04:00,0,3
GEP-007021,liquidity,SWING_LOW_BREAK,2025-07-18 04:03:00-04:00,0,5
GEP-007022,liquidity,EQUAL_LOWS_BREAK,2025-07-18 04:03:00-04:00,0,5
GEP-007023,liquidity,SWING_HIGH_BREAK,2025-07-18 04:04:00-04:00,0,5
GEP-007024,liquidity,EQUAL_HIGHS_BREAK,2025-07-18 04:04:00-04:00,0,5
GEP-007025,fvg,BEARISH_FVG_FORMED,2025-07-18 04:06:00-04:00,0,5
GEP-007026,ifvg,BEARISH_IFVG_ACTIVATION,2025-07-18 04:08:00-04:00,0,3
GEP-007027,ifvg,BEARISH_IFVG_ACTIVATION,2025-07-18 04:08:00-04:00,0,3
GEP-007028,rejection_block,BULLISH_RB_CONFIRMED,2025-07-18 04:10:00-04:00,0,3
GEP-007029,fvg,BULLISH_FVG_FORMED,2025-07-18 04:11:00-04:00,0,7
GEP-007030,ifvg,BULLISH_IFVG_ACTIVATION,2025-07-18 04:11:00-04:00,0,3
GEP-007031,fvg,BULLISH_FVG_FORMED,2025-07-18 04:12:00-04:00,0,7
GEP-007032,liquidity,SWING_LOW_BREAK,2025-07-18 04:13:00-04:00,0,5
GEP-007033,liquidity,EQUAL_LOWS_BREAK,2025-07-18 04:13:00-04:00,0,5
GEP-007034,structure,COMPRESSION,2025-07-18 04:17:00-04:00,0,2
GEP-007035,liquidity,SWING_HIGH_BREAK,2025-07-18 04:19:00-04:00,0,5
GEP-007036,liquidity,EQUAL_HIGHS_BREAK,2025-07-18 04:19:00-04:00,0,5
GEP-007037,fvg,BULLISH_FVG_FORMED,2025-07-18 04:20:00-04:00,0,7
GEP-007038,ifvg,BULLISH_IFVG_ACTIVATION,2025-07-18 04:20:00-04:00,0,3
GEP-007039,fvg,BULLISH_FVG_FORMED,2025-07-18 04:21:00-04:00,0,7
GEP-007040,liquidity,SWING_LOW_BREAK,2025-07-18 04:22:00-04:00,0,5
GEP-007041,rejection_block,BULLISH_RB_CONFIRMED,2025-07-18 04:24:00-04:00,0,3
GEP-007042,liquidity,SWING_HIGH_BREAK,2025-07-18 04:24:00-04:00,0,5
GEP-007043,liquidity,EQUAL_HIGHS_BREAK,2025-07-18 04:24:00-04:00,0,5
GEP-007044,liquidity,SWING_LOW_BREAK,2025-07-18 04:26:00-04:00,0,5
GEP-007045,liquidity,SWING_HIGH_BREAK,2025-07-18 04:30:00-04:00,0,5
GEP-007046,ifvg,BEARISH_IFVG_ACTIVATION,2025-07-18 04:30:00-04:00,0,3
GEP-007047,ifvg,BEARISH_IFVG_ACTIVATION,2025-07-18 04:30:00-04:00,0,3
GEP-007048,liquidity,SWING_LOW_BREAK,2025-07-18 04:33:00-04:00,0,5
GEP-007049,liquidity,EQUAL_LOWS_BREAK,2025-07-18 04:33:00-04:00,0,5
GEP-007050,rejection_block,BULLISH_RB_CONFIRMED,2025-07-18 04:38:00-04:00,0,3
GEP-007051,fvg,BULLISH_FVG_FORMED,2025-07-18 04:39:00-04:00,0,5
GEP-007052,liquidity,SWING_LOW_BREAK,2025-07-18 04:40:00-04:00,0,5
GEP-007053,liquidity,EQUAL_LOWS_BREAK,2025-07-18 04:40:00-04:00,0,5
GEP-007054,rejection_block,BEARISH_RB_CONFIRMED,2025-07-18 04:41:00-04:00,0,3
GEP-007055,ifvg,BEARISH_IFVG_ACTIVATION,2025-07-18 04:41:00-04:00,0,3
GEP-007056,liquidity,SWING_HIGH_BREAK,2025-07-18 04:42:00-04:00,0,5
GEP-007057,fvg,BULLISH_FVG_FORMED,2025-07-18 04:44:00-04:00,0,5
GEP-007058,fvg,BULLISH_FVG_FORMED,2025-07-18 04:45:00-04:00,0,7
GEP-007059,liquidity,SWING_LOW_BREAK,2025-07-18 04:46:00-04:00,0,5
GEP-007060,rejection_block,BEARISH_RB_CONFIRMED,2025-07-18 04:48:00-04:00,0,3
GEP-007061,liquidity,SWING_HIGH_BREAK,2025-07-18 04:50:00-04:00,0,5
GEP-007062,liquidity,EQUAL_HIGHS_BREAK,2025-07-18 04:50:00-04:00,0,5
GEP-007063,liquidity,SWING_LOW_BREAK,2025-07-18 04:51:00-04:00,0,5
GEP-007064,liquidity,SWING_HIGH_BREAK,2025-07-18 04:53:00-04:00,0,5
GEP-007065,liquidity,SWING_HIGH_BREAK,2025-07-18 04:57:00-04:00,0,5
GEP-007066,liquidity,EQUAL_HIGHS_BREAK,2025-07-18 04:57:00-04:00,0,5
GEP-007067,rejection_block,BULLISH_RB_CONFIRMED,2025-07-18 04:59:00-04:00,0,3
GEP-007068,liquidity,SWING_LOW_BREAK,2025-07-18 05:00:00-04:00,0,5
GEP-007069,liquidity,EQUAL_LOWS_BREAK,2025-07-18 05:00:00-04:00,0,5
GEP-007070,liquidity,SWING_LOW_BREAK,2025-07-18 05:01:00-04:00,0,5
GEP-007071,ifvg,BULLISH_IFVG_ACTIVATION,2025-07-18 05:02:00-04:00,0,3
GEP-007072,fvg,BULLISH_FVG_FORMED,2025-07-18 05:03:00-04:00,0,7
GEP-007073,ifvg,BEARISH_IFVG_ACTIVATION,2025-07-18 05:07:00-04:00,0,3
GEP-007074,fvg,BEARISH_FVG_FORMED,2025-07-18 05:08:00-04:00,0,7
GEP-007075,liquidity,SWING_HIGH_BREAK,2025-07-18 05:08:00-04:00,0,5
GEP-007076,ifvg,BULLISH_IFVG_ACTIVATION,2025-07-18 05:10:00-04:00,0,3
GEP-007077,fvg,BULLISH_FVG_FORMED,2025-07-18 05:11:00-04:00,0,5
GEP-007078,liquidity,SWING_LOW_BREAK,2025-07-18 05:12:00-04:00,0,5
GEP-007079,fvg,BULLISH_FVG_FORMED,2025-07-18 05:14:00-04:00,0,5
GEP-007080,liquidity,SWING_HIGH_BREAK,2025-07-18 05:14:00-04:00,0,5
GEP-007081,liquidity,EQUAL_HIGHS_SWEEP_ABOVE,2025-07-18 05:14:00-04:00,0,5
GEP-007082,ifvg,BULLISH_IFVG_ACTIVATION,2025-07-18 05:14:00-04:00,0,3
GEP-007083,rejection_block,BEARISH_RB_CONFIRMED,2025-07-18 05:17:00-04:00,0,3
GEP-007084,fvg,BEARISH_FVG_FORMED,2025-07-18 05:18:00-04:00,0,5
GEP-007085,rejection_block,BEARISH_RB_CONFIRMED,2025-07-18 05:18:00-04:00,0,3
GEP-007086,ifvg,BEARISH_IFVG_ACTIVATION,2025-07-18 05:18:00-04:00,0,3
GEP-007087,fvg,BEARISH_FVG_FORMED,2025-07-18 05:19:00-04:00,0,5
GEP-007088,liquidity,SWING_HIGH_BREAK,2025-07-18 05:19:00-04:00,0,5
GEP-007089,liquidity,EQUAL_HIGHS_BREAK,2025-07-18 05:19:00-04:00,0,5
GEP-007090,ifvg,BEARISH_IFVG_ACTIVATION,2025-07-18 05:19:00-04:00,0,3
GEP-007091,liquidity,SWING_LOW_BREAK,2025-07-18 05:21:00-04:00,0,5
GEP-007092,liquidity,EQUAL_LOWS_BREAK,2025-07-18 05:21:00-04:00,0,5
GEP-007093,liquidity,SWING_HIGH_BREAK,2025-07-18 05:27:00-04:00,0,5
GEP-007094,rejection_block,BULLISH_RB_CONFIRMED,2025-07-18 05:28:00-04:00,0,3
GEP-007095,liquidity,SWING_LOW_BREAK,2025-07-18 05:29:00-04:00,0,5
GEP-007096,liquidity,EQUAL_LOWS_BREAK,2025-07-18 05:29:00-04:00,0,5
GEP-007097,rejection_block,BEARISH_RB_CONFIRMED,2025-07-18 05:31:00-04:00,0,3
GEP-007098,liquidity,SWING_HIGH_BREAK,2025-07-18 05:40:00-04:00,0,5
GEP-007099,liquidity,EQUAL_HIGHS_BREAK,2025-07-18 05:40:00-04:00,0,5
GEP-007100,fvg,BEARISH_FVG_FORMED,2025-07-18 05:41:00-04:00,0,7
GEP-007101,ifvg,BEARISH_IFVG_ACTIVATION,2025-07-18 05:41:00-04:00,0,3
GEP-007102,fvg,BEARISH_FVG_FORMED,2025-07-18 05:42:00-04:00,0,7
GEP-007103,liquidity,SWING_HIGH_BREAK,2025-07-18 05:43:00-04:00,0,5
GEP-007104,liquidity,EQUAL_HIGHS_BREAK,2025-07-18 05:43:00-04:00,0,5
GEP-007105,liquidity,SWING_LOW_BREAK,2025-07-18 05:44:00-04:00,0,5
GEP-007106,liquidity,EQUAL_LOWS_BREAK,2025-07-18 05:44:00-04:00,0,5
GEP-007107,liquidity,SWING_LOW_BREAK,2025-07-18 05:45:00-04:00,0,5
GEP-007108,liquidity,SWING_LOW_BREAK,2025-07-18 05:48:00-04:00,0,5
GEP-007109,liquidity,EQUAL_LOWS_BREAK,2025-07-18 05:48:00-04:00,0,5
GEP-007110,fvg,BEARISH_FVG_FORMED,2025-07-18 05:50:00-04:00,0,5
GEP-007111,ifvg,BULLISH_IFVG_ACTIVATION,2025-07-18 05:51:00-04:00,0,3
GEP-007112,fvg,BULLISH_FVG_FORMED,2025-07-18 05:52:00-04:00,0,7
GEP-007113,liquidity,SWING_LOW_BREAK,2025-07-18 05:53:00-04:00,0,5
GEP-007114,fvg,BEARISH_FVG_FORMED,2025-07-18 05:54:00-04:00,0,5
GEP-007115,fvg,BEARISH_FVG_FORMED,2025-07-18 05:55:00-04:00,0,5
GEP-007116,liquidity,SWING_HIGH_BREAK,2025-07-18 05:55:00-04:00,0,5
GEP-007117,fvg,BEARISH_FVG_FORMED,2025-07-18 05:56:00-04:00,0,5
GEP-007118,ifvg,BEARISH_IFVG_ACTIVATION,2025-07-18 05:56:00-04:00,0,3
GEP-007119,rejection_block,BULLISH_RB_CONFIRMED,2025-07-18 05:58:00-04:00,0,3
GEP-007120,liquidity,SWING_LOW_BREAK,2025-07-18 05:59:00-04:00,0,5
GEP-007121,liquidity,SWING_HIGH_BREAK,2025-07-18 06:00:00-04:00,0,5
GEP-007122,liquidity,EQUAL_HIGHS_BREAK,2025-07-18 06:00:00-04:00,0,5
GEP-007123,ifvg,BULLISH_IFVG_ACTIVATION,2025-07-18 06:01:00-04:00,0,3
GEP-007124,rejection_block,BEARISH_RB_CONFIRMED,2025-07-18 06:03:00-04:00,0,3
GEP-007125,liquidity,SWING_LOW_BREAK,2025-07-18 06:03:00-04:00,0,5
GEP-007126,liquidity,EQUAL_LOWS_BREAK,2025-07-18 06:03:00-04:00,0,5
GEP-007127,fvg,BEARISH_FVG_FORMED,2025-07-18 06:04:00-04:00,0,5
GEP-007128,fvg,BEARISH_FVG_FORMED,2025-07-18 06:05:00-04:00,0,5
GEP-007129,liquidity,SWING_HIGH_BREAK,2025-07-18 06:05:00-04:00,0,5
GEP-007130,liquidity,EQUAL_HIGHS_BREAK,2025-07-18 06:05:00-04:00,0,5
GEP-007131,ifvg,BEARISH_IFVG_ACTIVATION,2025-07-18 06:05:00-04:00,0,3
GEP-007132,ifvg,BULLISH_IFVG_ACTIVATION,2025-07-18 06:06:00-04:00,0,3
GEP-007133,rejection_block,BULLISH_RB_CONFIRMED,2025-07-18 06:09:00-04:00,0,3
GEP-007134,liquidity,SWING_HIGH_BREAK,2025-07-18 06:09:00-04:00,0,5
GEP-007135,fvg,BEARISH_FVG_FORMED,2025-07-18 06:11:00-04:00,0,7
GEP-007136,liquidity,SWING_LOW_BREAK,2025-07-18 06:12:00-04:00,0,5
GEP-007137,liquidity,EQUAL_LOWS_BREAK,2025-07-18 06:12:00-04:00,0,5
GEP-007138,liquidity,SWING_HIGH_BREAK,2025-07-18 06:13:00-04:00,0,5
GEP-007139,liquidity,EQUAL_HIGHS_BREAK,2025-07-18 06:13:00-04:00,0,5
GEP-007140,ifvg,BULLISH_IFVG_ACTIVATION,2025-07-18 06:13:00-04:00,0,3
GEP-007141,fvg,BULLISH_FVG_FORMED,2025-07-18 06:14:00-04:00,0,5
GEP-007142,liquidity,SWING_LOW_BREAK,2025-07-18 06:14:00-04:00,0,5
GEP-007143,liquidity,SWING_LOW_SWEEP_BELOW,2025-07-18 06:15:00-04:00,0,5
GEP-007144,liquidity,EQUAL_LOWS_SWEEP_BELOW,2025-07-18 06:15:00-04:00,0,5
GEP-007145,ifvg,BEARISH_IFVG_ACTIVATION,2025-07-18 06:15:00-04:00,0,3
GEP-007146,fvg,BEARISH_FVG_FORMED,2025-07-18 06:16:00-04:00,0,7
GEP-007147,liquidity,SWING_HIGH_BREAK,2025-07-18 06:16:00-04:00,0,5
GEP-007148,liquidity,EQUAL_HIGHS_BREAK,2025-07-18 06:16:00-04:00,0,5
GEP-007149,liquidity,SWING_HIGH_BREAK,2025-07-18 06:17:00-04:00,0,5
GEP-007150,liquidity,SWING_LOW_BREAK,2025-07-18 06:18:00-04:00,0,5
GEP-007151,ifvg,BEARISH_IFVG_ACTIVATION,2025-07-18 06:18:00-04:00,0,3
GEP-007152,fvg,BEARISH_FVG_FORMED,2025-07-18 06:19:00-04:00,0,7
GEP-007153,ifvg,BEARISH_IFVG_ACTIVATION,2025-07-18 06:19:00-04:00,0,3
GEP-007154,fvg,BEARISH_FVG_FORMED,2025-07-18 06:20:00-04:00,0,7
GEP-007155,fvg,BEARISH_FVG_FORMED,2025-07-18 06:21:00-04:00,0,7
GEP-007156,fvg,BEARISH_FVG_FORMED,2025-07-18 06:23:00-04:00,0,7
GEP-007157,liquidity,SWING_LOW_BREAK,2025-07-18 06:27:00-04:00,0,5
GEP-007158,liquidity,EQUAL_LOWS_BREAK,2025-07-18 06:27:00-04:00,0,5
GEP-007159,rejection_block,BEARISH_RB_CONFIRMED,2025-07-18 06:30:00-04:00,0,3
GEP-007160,rejection_block,BEARISH_RB_CONFIRMED,2025-07-18 06:30:00-04:00,0,3
GEP-007161,fvg,BEARISH_FVG_FORMED,2025-07-18 06:31:00-04:00,0,5
GEP-007162,liquidity,SWING_HIGH_BREAK,2025-07-18 06:32:00-04:00,0,5
GEP-007163,liquidity,EQUAL_HIGHS_BREAK,2025-07-18 06:32:00-04:00,0,5
GEP-007164,liquidity,SWING_LOW_BREAK,2025-07-18 06:35:00-04:00,0,5
GEP-007165,ifvg,BULLISH_IFVG_ACTIVATION,2025-07-18 06:35:00-04:00,0,3
GEP-007166,liquidity,SWING_HIGH_BREAK,2025-07-18 06:36:00-04:00,0,5
GEP-007167,ifvg,BULLISH_IFVG_ACTIVATION,2025-07-18 06:36:00-04:00,0,3
GEP-007168,liquidity,SWING_HIGH_BREAK,2025-07-18 06:39:00-04:00,0,5
GEP-007169,liquidity,EQUAL_HIGHS_BREAK,2025-07-18 06:39:00-04:00,0,5
GEP-007170,fvg,BULLISH_FVG_FORMED,2025-07-18 06:40:00-04:00,0,7
GEP-007171,rejection_block,BEARISH_RB_CONFIRMED,2025-07-18 06:41:00-04:00,0,3
GEP-007172,liquidity,SWING_LOW_BREAK,2025-07-18 06:41:00-04:00,0,5
GEP-007173,liquidity,EQUAL_LOWS_BREAK,2025-07-18 06:41:00-04:00,0,5
GEP-007174,liquidity,SWING_HIGH_BREAK,2025-07-18 06:43:00-04:00,0,5
GEP-007175,liquidity,EQUAL_HIGHS_BREAK,2025-07-18 06:43:00-04:00,0,5
GEP-007176,structure,COMPRESSION,2025-07-18 06:46:00-04:00,0,2
GEP-007177,liquidity,SWING_LOW_SWEEP_BELOW,2025-07-18 06:46:00-04:00,0,5
GEP-007178,liquidity,EQUAL_LOWS_SWEEP_BELOW,2025-07-18 06:46:00-04:00,0,5
GEP-007179,liquidity,SWING_HIGH_BREAK,2025-07-18 06:47:00-04:00,0,5
GEP-007180,liquidity,SWING_LOW_BREAK,2025-07-18 06:50:00-04:00,0,5
GEP-007181,liquidity,EQUAL_LOWS_BREAK,2025-07-18 06:50:00-04:00,0,5
GEP-007182,fvg,BULLISH_FVG_FORMED,2025-07-18 06:53:00-04:00,0,5
GEP-007183,ifvg,BULLISH_IFVG_ACTIVATION,2025-07-18 06:53:00-04:00,0,3
GEP-007184,ifvg,BEARISH_IFVG_ACTIVATION,2025-07-18 06:55:00-04:00,0,3
GEP-007185,rejection_block,BULLISH_RB_CONFIRMED,2025-07-18 06:56:00-04:00,0,3
GEP-007186,liquidity,SWING_HIGH_BREAK,2025-07-18 06:57:00-04:00,0,5
GEP-007187,liquidity,EQUAL_HIGHS_SWEEP_ABOVE,2025-07-18 06:57:00-04:00,0,5
GEP-007188,fvg,BULLISH_FVG_FORMED,2025-07-18 06:58:00-04:00,0,7
GEP-007189,liquidity,SWING_LOW_BREAK,2025-07-18 06:58:00-04:00,0,5
GEP-007190,ifvg,BULLISH_IFVG_ACTIVATION,2025-07-18 07:00:00-04:00,0,3
GEP-007191,fvg,BULLISH_FVG_FORMED,2025-07-18 07:01:00-04:00,0,5
GEP-007192,ifvg,BEARISH_IFVG_ACTIVATION,2025-07-18 07:02:00-04:00,0,3
GEP-007193,liquidity,SWING_LOW_BREAK,2025-07-18 07:03:00-04:00,0,5
GEP-007194,liquidity,SWING_HIGH_BREAK,2025-07-18 07:04:00-04:00,0,5
GEP-007195,ifvg,BEARISH_IFVG_ACTIVATION,2025-07-18 07:04:00-04:00,0,3
GEP-007196,fvg,BEARISH_FVG_FORMED,2025-07-18 07:05:00-04:00,0,5
GEP-007197,liquidity,SWING_LOW_BREAK,2025-07-18 07:08:00-04:00,0,5
GEP-007198,ifvg,BULLISH_IFVG_ACTIVATION,2025-07-18 07:09:00-04:00,0,3
GEP-007199,rejection_block,BULLISH_RB_CONFIRMED,2025-07-18 07:12:00-04:00,0,3
GEP-007200,liquidity,SWING_HIGH_BREAK,2025-07-18 07:13:00-04:00,0,5
GEP-007201,liquidity,SWING_LOW_BREAK,2025-07-18 07:14:00-04:00,0,5
GEP-007202,liquidity,EQUAL_LOWS_BREAK,2025-07-18 07:14:00-04:00,0,5
GEP-007203,fvg,BEARISH_FVG_FORMED,2025-07-18 07:15:00-04:00,0,5
GEP-007204,liquidity,SWING_LOW_BREAK,2025-07-18 07:15:00-04:00,0,5
GEP-007205,liquidity,SWING_HIGH_BREAK,2025-07-18 07:16:00-04:00,0,5
GEP-007206,liquidity,EQUAL_HIGHS_BREAK,2025-07-18 07:16:00-04:00,0,5
GEP-007207,ifvg,BEARISH_IFVG_ACTIVATION,2025-07-18 07:17:00-04:00,0,3
GEP-007208,fvg,BEARISH_FVG_FORMED,2025-07-18 07:19:00-04:00,0,5
GEP-007209,ifvg,BULLISH_IFVG_ACTIVATION,2025-07-18 07:20:00-04:00,0,3
GEP-007210,liquidity,SWING_LOW_BREAK,2025-07-18 07:22:00-04:00,0,5
GEP-007211,fvg,BULLISH_FVG_FORMED,2025-07-18 07:24:00-04:00,0,5
GEP-007212,liquidity,SWING_HIGH_BREAK,2025-07-18 07:26:00-04:00,0,5
GEP-007213,ifvg,BEARISH_IFVG_ACTIVATION,2025-07-18 07:26:00-04:00,0,3
GEP-007214,liquidity,SWING_LOW_BREAK,2025-07-18 07:30:00-04:00,0,5
GEP-007215,liquidity,EQUAL_LOWS_BREAK,2025-07-18 07:30:00-04:00,0,5
GEP-007216,fvg,BULLISH_FVG_FORMED,2025-07-18 07:31:00-04:00,0,5
GEP-007217,ifvg,BULLISH_IFVG_ACTIVATION,2025-07-18 07:31:00-04:00,0,3
GEP-007218,rejection_block,BULLISH_RB_CONFIRMED,2025-07-18 07:34:00-04:00,0,3
GEP-007219,liquidity,SWING_HIGH_BREAK,2025-07-18 07:34:00-04:00,0,5
GEP-007220,liquidity,EQUAL_HIGHS_BREAK,2025-07-18 07:34:00-04:00,0,5
GEP-007221,fvg,BULLISH_FVG_FORMED,2025-07-18 07:36:00-04:00,0,5
GEP-007222,liquidity,SWING_LOW_BREAK,2025-07-18 07:36:00-04:00,0,5
GEP-007223,liquidity,EQUAL_LOWS_BREAK,2025-07-18 07:36:00-04:00,0,5
GEP-007224,ifvg,BEARISH_IFVG_ACTIVATION,2025-07-18 07:37:00-04:00,0,3
GEP-007225,fvg,BEARISH_FVG_FORMED,2025-07-18 07:38:00-04:00,0,5
GEP-007226,liquidity,SWING_HIGH_BREAK,2025-07-18 07:39:00-04:00,0,5
GEP-007227,liquidity,EQUAL_HIGHS_BREAK,2025-07-18 07:39:00-04:00,0,5
GEP-007228,fvg,BEARISH_FVG_FORMED,2025-07-18 07:41:00-04:00,0,5
GEP-007229,rejection_block,BULLISH_RB_CONFIRMED,2025-07-18 07:42:00-04:00,0,3
GEP-007230,ifvg,BULLISH_IFVG_ACTIVATION,2025-07-18 07:42:00-04:00,0,3
GEP-007231,fvg,BULLISH_FVG_FORMED,2025-07-18 07:43:00-04:00,0,5
GEP-007232,liquidity,SWING_LOW_BREAK,2025-07-18 07:43:00-04:00,0,5
GEP-007233,liquidity,EQUAL_LOWS_BREAK,2025-07-18 07:43:00-04:00,0,5
GEP-007234,liquidity,SWING_LOW_BREAK,2025-07-18 07:44:00-04:00,0,5
GEP-007235,liquidity,EQUAL_LOWS_BREAK,2025-07-18 07:44:00-04:00,0,5
GEP-007236,liquidity,SWING_HIGH_BREAK,2025-07-18 07:46:00-04:00,0,5
GEP-007237,ifvg,BULLISH_IFVG_ACTIVATION,2025-07-18 07:46:00-04:00,0,3
GEP-007238,liquidity,SWING_LOW_BREAK,2025-07-18 07:48:00-04:00,0,5
GEP-007239,liquidity,SWING_HIGH_SWEEP_ABOVE,2025-07-18 07:50:00-04:00,0,5
GEP-007240,liquidity,SWING_LOW_BREAK,2025-07-18 07:51:00-04:00,0,5
GEP-007241,liquidity,SWING_HIGH_BREAK,2025-07-18 07:56:00-04:00,0,5
GEP-007242,liquidity,EQUAL_HIGHS_BREAK,2025-07-18 07:56:00-04:00,0,5
GEP-007243,fvg,BEARISH_FVG_FORMED,2025-07-18 07:57:00-04:00,0,5
GEP-007244,liquidity,SWING_HIGH_BREAK,2025-07-18 07:57:00-04:00,0,5
GEP-007245,rejection_block,BULLISH_RB_CONFIRMED,2025-07-18 08:00:00-04:00,0,3
GEP-007246,ifvg,BULLISH_IFVG_ACTIVATION,2025-07-18 08:00:00-04:00,0,3
GEP-007247,fvg,BULLISH_FVG_FORMED,2025-07-18 08:01:00-04:00,0,7
GEP-007248,liquidity,SWING_LOW_BREAK,2025-07-18 08:02:00-04:00,0,5
GEP-007249,liquidity,EQUAL_LOWS_BREAK,2025-07-18 08:02:00-04:00,0,5
GEP-007250,ifvg,BEARISH_IFVG_ACTIVATION,2025-07-18 08:02:00-04:00,0,3
GEP-007251,fvg,BEARISH_FVG_FORMED,2025-07-18 08:03:00-04:00,0,5
GEP-007252,liquidity,SWING_HIGH_BREAK,2025-07-18 08:03:00-04:00,0,5
GEP-007253,ifvg,BEARISH_IFVG_ACTIVATION,2025-07-18 08:03:00-04:00,0,3
GEP-007254,ifvg,BEARISH_IFVG_ACTIVATION,2025-07-18 08:05:00-04:00,0,3
GEP-007255,fvg,BEARISH_FVG_FORMED,2025-07-18 08:06:00-04:00,0,7
GEP-007256,liquidity,SWING_LOW_BREAK,2025-07-18 08:08:00-04:00,0,5
GEP-007257,liquidity,SWING_HIGH_BREAK,2025-07-18 08:10:00-04:00,0,5
GEP-007258,liquidity,EQUAL_HIGHS_BREAK,2025-07-18 08:10:00-04:00,0,5
GEP-007259,ifvg,BULLISH_IFVG_ACTIVATION,2025-07-18 08:11:00-04:00,0,3
GEP-007260,liquidity,SWING_HIGH_BREAK,2025-07-18 08:15:00-04:00,0,5
GEP-007261,fvg,BULLISH_FVG_FORMED,2025-07-18 08:16:00-04:00,0,7
GEP-007262,ifvg,BULLISH_IFVG_ACTIVATION,2025-07-18 08:16:00-04:00,0,3
GEP-007263,liquidity,SWING_LOW_BREAK,2025-07-18 08:18:00-04:00,0,5
GEP-007264,ifvg,BEARISH_IFVG_ACTIVATION,2025-07-18 08:18:00-04:00,0,3
GEP-007265,liquidity,SWING_HIGH_BREAK,2025-07-18 08:19:00-04:00,0,5
GEP-007266,liquidity,SWING_HIGH_BREAK,2025-07-18 08:20:00-04:00,0,5
GEP-007267,liquidity,EQUAL_HIGHS_BREAK,2025-07-18 08:20:00-04:00,0,5
GEP-007268,liquidity,SWING_LOW_BREAK,2025-07-18 08:22:00-04:00,0,5
GEP-007269,liquidity,EQUAL_LOWS_BREAK,2025-07-18 08:22:00-04:00,0,5
GEP-007270,liquidity,SWING_HIGH_BREAK,2025-07-18 08:23:00-04:00,0,5
GEP-007271,liquidity,EQUAL_HIGHS_BREAK,2025-07-18 08:23:00-04:00,0,5
GEP-007272,liquidity,SWING_HIGH_BREAK,2025-07-18 08:27:00-04:00,0,5
GEP-007273,liquidity,SWING_LOW_BREAK,2025-07-18 08:28:00-04:00,0,5
GEP-007274,fvg,BEARISH_FVG_FORMED,2025-07-18 08:30:00-04:00,0,5
GEP-007275,fvg,BEARISH_FVG_FORMED,2025-07-18 08:31:00-04:00,0,5
GEP-007276,rejection_block,BULLISH_RB_CONFIRMED,2025-07-18 08:32:00-04:00,0,3
GEP-007277,liquidity,SWING_HIGH_BREAK,2025-07-18 08:32:00-04:00,0,5
GEP-007278,liquidity,EQUAL_HIGHS_BREAK,2025-07-18 08:32:00-04:00,0,5
GEP-007279,ifvg,BULLISH_IFVG_ACTIVATION,2025-07-18 08:32:00-04:00,0,3
GEP-007280,fvg,BULLISH_FVG_FORMED,2025-07-18 08:33:00-04:00,0,7
GEP-007281,liquidity,SWING_LOW_BREAK,2025-07-18 08:34:00-04:00,0,5
GEP-007282,liquidity,SWING_HIGH_BREAK,2025-07-18 08:36:00-04:00,0,5
GEP-007283,ifvg,BEARISH_IFVG_ACTIVATION,2025-07-18 08:37:00-04:00,0,3
GEP-007284,ifvg,BULLISH_IFVG_ACTIVATION,2025-07-18 08:38:00-04:00,0,3
GEP-007285,fvg,BULLISH_FVG_FORMED,2025-07-18 08:39:00-04:00,0,7
GEP-007286,liquidity,SWING_LOW_BREAK,2025-07-18 08:40:00-04:00,0,5
GEP-007287,fvg,BEARISH_FVG_FORMED,2025-07-18 08:41:00-04:00,0,5
GEP-007288,ifvg,BEARISH_IFVG_ACTIVATION,2025-07-18 08:41:00-04:00,0,3
GEP-007289,liquidity,SWING_HIGH_BREAK,2025-07-18 08:42:00-04:00,0,5
GEP-007290,liquidity,SWING_LOW_BREAK,2025-07-18 08:44:00-04:00,0,5
GEP-007291,ifvg,BULLISH_IFVG_ACTIVATION,2025-07-18 08:44:00-04:00,0,3
GEP-007292,fvg,BULLISH_FVG_FORMED,2025-07-18 08:47:00-04:00,0,5
GEP-007293,liquidity,SWING_LOW_BREAK,2025-07-18 08:47:00-04:00,0,5
GEP-007294,liquidity,EQUAL_LOWS_BREAK,2025-07-18 08:47:00-04:00,0,5
GEP-007295,liquidity,SWING_HIGH_BREAK,2025-07-18 08:52:00-04:00,0,5
GEP-007296,liquidity,EQUAL_HIGHS_BREAK,2025-07-18 08:52:00-04:00,0,5
GEP-007297,ifvg,BEARISH_IFVG_ACTIVATION,2025-07-18 08:53:00-04:00,0,3
GEP-007298,fvg,BEARISH_FVG_FORMED,2025-07-18 08:54:00-04:00,0,5
GEP-007299,liquidity,SWING_LOW_BREAK,2025-07-18 08:54:00-04:00,0,5
GEP-007300,liquidity,EQUAL_LOWS_SWEEP_ABOVE,2025-07-18 08:54:00-04:00,0,5
GEP-007301,ifvg,BULLISH_IFVG_ACTIVATION,2025-07-18 08:55:00-04:00,0,3
GEP-007302,fvg,BULLISH_FVG_FORMED,2025-07-18 08:56:00-04:00,0,5
GEP-007303,liquidity,SWING_LOW_BREAK,2025-07-18 08:58:00-04:00,0,5
GEP-007304,liquidity,EQUAL_LOWS_BREAK,2025-07-18 08:58:00-04:00,0,5
GEP-007305,liquidity,SWING_HIGH_SWEEP_ABOVE,2025-07-18 09:00:00-04:00,0,5
GEP-007306,time_anchor,ANCHOR_OPEN_0900_BREAK,2025-07-18 09:01:00-04:00,0,6
GEP-007307,hist_level,HL_0900_HIGH_BREAK,2025-07-18 09:01:00-04:00,0,5
GEP-007308,hist_level,HL_0900_LOW_BREAK,2025-07-18 09:01:00-04:00,0,5
GEP-007309,liquidity,SWING_LOW_BREAK,2025-07-18 09:01:00-04:00,0,5
GEP-007310,ifvg,BULLISH_IFVG_ACTIVATION,2025-07-18 09:01:00-04:00,0,3
GEP-007311,fvg,BULLISH_FVG_FORMED,2025-07-18 09:02:00-04:00,0,7
GEP-007312,ifvg,BULLISH_IFVG_ACTIVATION,2025-07-18 09:02:00-04:00,0,3
GEP-007313,ifvg,BULLISH_IFVG_ACTIVATION,2025-07-18 09:06:00-04:00,0,3
GEP-007314,ifvg,BULLISH_IFVG_ACTIVATION,2025-07-18 09:06:00-04:00,0,3
GEP-007315,fvg,BULLISH_FVG_FORMED,2025-07-18 09:07:00-04:00,0,5
GEP-007316,liquidity,SWING_HIGH_BREAK,2025-07-18 09:09:00-04:00,0,5
GEP-007317,liquidity,EQUAL_HIGHS_BREAK,2025-07-18 09:09:00-04:00,0,5
GEP-007318,ifvg,BULLISH_IFVG_ACTIVATION,2025-07-18 09:10:00-04:00,0,3
GEP-007319,liquidity,SWING_HIGH_BREAK,2025-07-18 09:13:00-04:00,0,5
GEP-007320,liquidity,EQUAL_HIGHS_BREAK,2025-07-18 09:13:00-04:00,0,5
GEP-007321,ifvg,BEARISH_IFVG_ACTIVATION,2025-07-18 09:15:00-04:00,0,3
GEP-007322,fvg,BEARISH_FVG_FORMED,2025-07-18 09:16:00-04:00,0,7
GEP-007323,ifvg,BEARISH_IFVG_ACTIVATION,2025-07-18 09:16:00-04:00,0,3
GEP-007324,fvg,BEARISH_FVG_FORMED,2025-07-18 09:17:00-04:00,0,7
GEP-007325,ifvg,BEARISH_IFVG_ACTIVATION,2025-07-18 09:17:00-04:00,0,3
GEP-007326,fvg,BEARISH_FVG_FORMED,2025-07-18 09:18:00-04:00,0,7
GEP-007327,ifvg,BULLISH_IFVG_ACTIVATION,2025-07-18 09:21:00-04:00,0,3
GEP-007328,liquidity,SWING_LOW_BREAK,2025-07-18 09:22:00-04:00,0,5
GEP-007329,liquidity,EQUAL_LOWS_BREAK,2025-07-18 09:22:00-04:00,0,5
GEP-007330,ifvg,BULLISH_IFVG_ACTIVATION,2025-07-18 09:25:00-04:00,0,3
GEP-007331,ifvg,BULLISH_IFVG_ACTIVATION,2025-07-18 09:25:00-04:00,0,3
GEP-007332,fvg,BULLISH_FVG_FORMED,2025-07-18 09:26:00-04:00,0,7
GEP-007333,liquidity,SWING_LOW_BREAK,2025-07-18 09:27:00-04:00,0,5
GEP-007334,ifvg,BULLISH_IFVG_ACTIVATION,2025-07-18 09:27:00-04:00,0,3
GEP-007335,ifvg,BULLISH_IFVG_ACTIVATION,2025-07-18 09:27:00-04:00,0,3
GEP-007336,ifvg,BULLISH_IFVG_ACTIVATION,2025-07-18 09:27:00-04:00,0,3
GEP-007337,ifvg,BULLISH_IFVG_ACTIVATION,2025-07-18 09:27:00-04:00,0,3
GEP-007338,ifvg,BULLISH_IFVG_ACTIVATION,2025-07-18 09:27:00-04:00,0,3
GEP-007339,fvg,BULLISH_FVG_FORMED,2025-07-18 09:28:00-04:00,0,5
GEP-007340,ifvg,BULLISH_IFVG_ACTIVATION,2025-07-18 09:29:00-04:00,0,3
GEP-007341,rejection_block,BEARISH_RB_CONFIRMED,2025-07-18 09:30:00-04:00,0,3
GEP-007342,ifvg,BEARISH_IFVG_ACTIVATION,2025-07-18 09:30:00-04:00,0,3
GEP-007343,time_anchor,ANCHOR_NY_SESSION_OPEN_BREAK,2025-07-18 09:31:00-04:00,0,6
GEP-007344,time_anchor,ANCHOR_OPEN_0930_BREAK,2025-07-18 09:31:00-04:00,0,6
GEP-007345,hist_level,HL_0930_HIGH_BREAK,2025-07-18 09:31:00-04:00,0,5
GEP-007346,hist_level,HL_0930_LOW_BREAK,2025-07-18 09:31:00-04:00,0,5
GEP-007347,liquidity,SWING_HIGH_BREAK,2025-07-18 09:31:00-04:00,0,2
GEP-007348,liquidity,SWING_LOW_BREAK,2025-07-18 09:33:00-04:00,0,5
GEP-007349,liquidity,EQUAL_LOWS_BREAK,2025-07-18 09:33:00-04:00,0,5
GEP-007350,rejection_block,BEARISH_RB_CONFIRMED,2025-07-18 09:34:00-04:00,0,3
GEP-007351,fvg,BEARISH_FVG_FORMED,2025-07-18 09:36:00-04:00,0,5
GEP-007352,liquidity,SWING_HIGH_BREAK,2025-07-18 09:37:00-04:00,0,2
GEP-007353,ifvg,BEARISH_IFVG_ACTIVATION,2025-07-18 09:38:00-04:00,0,3
GEP-007354,rejection_block,BEARISH_RB_CONFIRMED,2025-07-18 09:42:00-04:00,0,3
GEP-007355,liquidity,SWING_LOW_BREAK,2025-07-18 09:42:00-04:00,0,5
GEP-007356,liquidity,SWING_HIGH_BREAK,2025-07-18 09:44:00-04:00,0,5
GEP-007357,structure,COMPRESSION,2025-07-18 09:45:00-04:00,0,2
GEP-007358,fvg,BULLISH_FVG_FORMED,2025-07-18 09:47:00-04:00,0,5
GEP-007359,liquidity,SWING_LOW_BREAK,2025-07-18 09:47:00-04:00,0,5
GEP-007360,liquidity,EQUAL_LOWS_BREAK,2025-07-18 09:47:00-04:00,0,5
GEP-007361,ifvg,BULLISH_IFVG_ACTIVATION,2025-07-18 09:47:00-04:00,0,3
GEP-007362,liquidity,SWING_HIGH_BREAK,2025-07-18 09:51:00-04:00,0,2
GEP-007363,ifvg,BEARISH_IFVG_ACTIVATION,2025-07-18 09:52:00-04:00,0,3
GEP-007364,fvg,BEARISH_FVG_FORMED,2025-07-18 09:53:00-04:00,0,7
GEP-007365,liquidity,SWING_HIGH_BREAK,2025-07-18 09:54:00-04:00,0,2
GEP-007366,liquidity,EQUAL_HIGHS_BREAK,2025-07-18 09:54:00-04:00,0,5
GEP-007367,liquidity,SWING_LOW_BREAK,2025-07-18 09:55:00-04:00,0,5
GEP-007368,liquidity,EQUAL_LOWS_BREAK,2025-07-18 09:55:00-04:00,0,5
GEP-007369,liquidity,SWING_LOW_BREAK,2025-07-18 10:00:00-04:00,0,5
GEP-007370,liquidity,EQUAL_LOWS_BREAK,2025-07-18 10:00:00-04:00,0,5
GEP-007371,fvg,BULLISH_FVG_FORMED,2025-07-18 10:01:00-04:00,0,5
GEP-007372,rejection_block,BEARISH_RB_CONFIRMED,2025-07-18 10:01:00-04:00,0,3
GEP-007373,time_anchor,ANCHOR_OPEN_1000_BREAK,2025-07-18 10:01:00-04:00,0,3
GEP-007374,hist_level,HL_1000_HIGH_BREAK,2025-07-18 10:01:00-04:00,0,2
GEP-007375,hist_level,HL_1000_LOW_BREAK,2025-07-18 10:01:00-04:00,0,5
GEP-007376,liquidity,SWING_HIGH_BREAK,2025-07-18 10:03:00-04:00,0,2
GEP-007377,liquidity,SWING_LOW_SWEEP_BELOW,2025-07-18 10:03:00-04:00,0,5
GEP-007378,ifvg,BEARISH_IFVG_ACTIVATION,2025-07-18 10:03:00-04:00,0,3
GEP-007379,fvg,BEARISH_FVG_FORMED,2025-07-18 10:04:00-04:00,0,5
GEP-007380,fvg,BEARISH_FVG_FORMED,2025-07-18 10:05:00-04:00,0,5
GEP-007381,liquidity,SWING_LOW_BREAK,2025-07-18 10:09:00-04:00,0,5
GEP-007382,liquidity,SWING_HIGH_BREAK,2025-07-18 10:11:00-04:00,0,2
GEP-007383,fvg,BEARISH_FVG_FORMED,2025-07-18 10:14:00-04:00,0,5
GEP-007384,fvg,BEARISH_FVG_FORMED,2025-07-18 10:16:00-04:00,0,5
GEP-007385,rejection_block,BULLISH_RB_CONFIRMED,2025-07-18 10:19:00-04:00,0,3
GEP-007386,ifvg,BULLISH_IFVG_ACTIVATION,2025-07-18 10:19:00-04:00,0,3
GEP-007387,liquidity,SWING_LOW_BREAK,2025-07-18 10:21:00-04:00,0,5
GEP-007388,fvg,BEARISH_FVG_FORMED,2025-07-18 10:25:00-04:00,0,5
GEP-007389,liquidity,SWING_HIGH_BREAK,2025-07-18 10:25:00-04:00,0,5
GEP-007390,fvg,BEARISH_FVG_FORMED,2025-07-18 10:26:00-04:00,0,5
GEP-007391,ifvg,BULLISH_IFVG_ACTIVATION,2025-07-18 10:27:00-04:00,0,3
GEP-007392,fvg,BULLISH_FVG_FORMED,2025-07-18 10:28:00-04:00,0,7
GEP-007393,liquidity,SWING_LOW_BREAK,2025-07-18 10:29:00-04:00,0,5
GEP-007394,liquidity,EQUAL_LOWS_BREAK,2025-07-18 10:29:00-04:00,0,5
GEP-007395,ifvg,BEARISH_IFVG_ACTIVATION,2025-07-18 10:29:00-04:00,0,3
GEP-007396,fvg,BEARISH_FVG_FORMED,2025-07-18 10:30:00-04:00,0,5
GEP-007397,liquidity,SWING_HIGH_BREAK,2025-07-18 10:31:00-04:00,0,5
GEP-007398,ifvg,BULLISH_IFVG_ACTIVATION,2025-07-18 10:32:00-04:00,0,3
GEP-007399,fvg,BULLISH_FVG_FORMED,2025-07-18 10:33:00-04:00,0,5
GEP-007400,liquidity,SWING_LOW_BREAK,2025-07-18 10:33:00-04:00,0,5
GEP-007401,rejection_block,BEARISH_RB_CONFIRMED,2025-07-18 10:34:00-04:00,0,3
GEP-007402,ifvg,BEARISH_IFVG_ACTIVATION,2025-07-18 10:37:00-04:00,0,3
GEP-007403,liquidity,SWING_HIGH_BREAK,2025-07-18 10:39:00-04:00,0,5
GEP-007404,rejection_block,BEARISH_RB_CONFIRMED,2025-07-18 10:41:00-04:00,0,3
GEP-007405,liquidity,SWING_LOW_BREAK,2025-07-18 10:41:00-04:00,0,5
GEP-007406,ifvg,BULLISH_IFVG_ACTIVATION,2025-07-18 10:42:00-04:00,0,3
GEP-007407,fvg,BULLISH_FVG_FORMED,2025-07-18 10:43:00-04:00,0,5
GEP-007408,fvg,BULLISH_FVG_FORMED,2025-07-18 10:45:00-04:00,0,5
GEP-007409,ifvg,BEARISH_IFVG_ACTIVATION,2025-07-18 10:46:00-04:00,0,3
GEP-007410,fvg,BEARISH_FVG_FORMED,2025-07-18 10:47:00-04:00,0,5
GEP-007411,ifvg,BEARISH_IFVG_ACTIVATION,2025-07-18 10:47:00-04:00,0,3
GEP-007412,fvg,BEARISH_FVG_FORMED,2025-07-18 10:48:00-04:00,0,5
GEP-007413,liquidity,SWING_HIGH_BREAK,2025-07-18 10:48:00-04:00,0,5
GEP-007414,ifvg,BULLISH_IFVG_ACTIVATION,2025-07-18 10:51:00-04:00,0,3
GEP-007415,liquidity,SWING_LOW_BREAK,2025-07-18 10:52:00-04:00,0,5
GEP-007416,liquidity,EQUAL_LOWS_BREAK,2025-07-18 10:52:00-04:00,0,5
GEP-007417,liquidity,SWING_HIGH_BREAK,2025-07-18 10:55:00-04:00,0,5
GEP-007418,liquidity,EQUAL_HIGHS_BREAK,2025-07-18 10:55:00-04:00,0,5
GEP-007419,ifvg,BULLISH_IFVG_ACTIVATION,2025-07-18 10:56:00-04:00,0,3
GEP-007420,liquidity,SWING_LOW_BREAK,2025-07-18 10:57:00-04:00,0,5
GEP-007421,liquidity,SWING_HIGH_BREAK,2025-07-18 10:59:00-04:00,0,5
GEP-007422,fvg,BEARISH_FVG_FORMED,2025-07-18 11:00:00-04:00,0,7
GEP-007423,liquidity,SWING_HIGH_BREAK,2025-07-18 11:00:00-04:00,0,5
GEP-007424,liquidity,EQUAL_HIGHS_BREAK,2025-07-18 11:00:00-04:00,0,5
GEP-007425,rejection_block,BULLISH_RB_CONFIRMED,2025-07-18 11:02:00-04:00,0,3
GEP-007426,rejection_block,BEARISH_RB_CONFIRMED,2025-07-18 11:04:00-04:00,0,3
GEP-007427,liquidity,SWING_LOW_SWEEP_BELOW,2025-07-18 11:04:00-04:00,0,5
GEP-007428,liquidity,EQUAL_LOWS_SWEEP_BELOW,2025-07-18 11:04:00-04:00,0,5
GEP-007429,fvg,BEARISH_FVG_FORMED,2025-07-18 11:05:00-04:00,0,5
GEP-007430,liquidity,SWING_HIGH_BREAK,2025-07-18 11:06:00-04:00,0,5
GEP-007431,ifvg,BULLISH_IFVG_ACTIVATION,2025-07-18 11:06:00-04:00,0,3
GEP-007432,fvg,BULLISH_FVG_FORMED,2025-07-18 11:07:00-04:00,0,5
GEP-007433,liquidity,SWING_LOW_BREAK,2025-07-18 11:07:00-04:00,0,5
GEP-007434,liquidity,SWING_LOW_BREAK,2025-07-18 11:08:00-04:00,0,5
GEP-007435,liquidity,EQUAL_LOWS_BREAK,2025-07-18 11:08:00-04:00,0,5
GEP-007436,liquidity,SWING_HIGH_BREAK,2025-07-18 11:13:00-04:00,0,5
GEP-007437,liquidity,EQUAL_HIGHS_BREAK,2025-07-18 11:13:00-04:00,0,5
GEP-007438,liquidity,SWING_LOW_BREAK,2025-07-18 11:16:00-04:00,0,5
GEP-007439,ifvg,BULLISH_IFVG_ACTIVATION,2025-07-18 11:16:00-04:00,0,3
GEP-007440,fvg,BULLISH_FVG_FORMED,2025-07-18 11:17:00-04:00,0,5
GEP-007441,rejection_block,BEARISH_RB_CONFIRMED,2025-07-18 11:19:00-04:00,0,3
GEP-007442,ifvg,BEARISH_IFVG_ACTIVATION,2025-07-18 11:19:00-04:00,0,3
GEP-007443,liquidity,SWING_HIGH_BREAK,2025-07-18 11:21:00-04:00,0,5
GEP-007444,liquidity,SWING_LOW_BREAK,2025-07-18 11:25:00-04:00,0,5
GEP-007445,fvg,BULLISH_FVG_FORMED,2025-07-18 11:28:00-04:00,0,5
GEP-007446,liquidity,SWING_LOW_BREAK,2025-07-18 11:28:00-04:00,0,5
GEP-007447,fvg,BULLISH_FVG_FORMED,2025-07-18 11:31:00-04:00,0,5
GEP-007448,fvg,BEARISH_FVG_FORMED,2025-07-18 11:40:00-04:00,0,5
GEP-007449,liquidity,SWING_HIGH_BREAK,2025-07-18 11:40:00-04:00,0,5
GEP-007450,liquidity,SWING_LOW_BREAK,2025-07-18 11:43:00-04:00,0,5
GEP-007451,ifvg,BULLISH_IFVG_ACTIVATION,2025-07-18 11:43:00-04:00,0,3
GEP-007452,fvg,BULLISH_FVG_FORMED,2025-07-18 11:44:00-04:00,0,5
GEP-007453,liquidity,SWING_HIGH_BREAK,2025-07-18 11:47:00-04:00,0,2
GEP-007454,liquidity,EQUAL_HIGHS_BREAK,2025-07-18 11:47:00-04:00,0,5
GEP-007455,ifvg,BULLISH_IFVG_ACTIVATION,2025-07-18 11:47:00-04:00,0,3
GEP-007456,fvg,BULLISH_FVG_FORMED,2025-07-18 11:48:00-04:00,0,5
GEP-007457,fvg,BULLISH_FVG_FORMED,2025-07-18 11:49:00-04:00,0,5
GEP-007458,liquidity,SWING_HIGH_BREAK,2025-07-18 11:53:00-04:00,0,2
GEP-007459,rejection_block,BULLISH_RB_CONFIRMED,2025-07-18 11:54:00-04:00,0,3
GEP-007460,ifvg,BEARISH_IFVG_ACTIVATION,2025-07-18 11:55:00-04:00,0,3
GEP-007461,fvg,BEARISH_FVG_FORMED,2025-07-18 11:56:00-04:00,0,7
GEP-007462,rejection_block,BULLISH_RB_CONFIRMED,2025-07-18 11:57:00-04:00,0,3
GEP-007463,liquidity,SWING_HIGH_BREAK,2025-07-18 11:57:00-04:00,0,2
GEP-007464,ifvg,BULLISH_IFVG_ACTIVATION,2025-07-18 11:58:00-04:00,0,3
GEP-007465,liquidity,SWING_LOW_BREAK,2025-07-18 11:59:00-04:00,0,5
GEP-007466,liquidity,SWING_HIGH_BREAK,2025-07-18 12:02:00-04:00,0,2
GEP-007467,liquidity,EQUAL_HIGHS_BREAK,2025-07-18 12:02:00-04:00,0,2
GEP-007468,fvg,BEARISH_FVG_FORMED,2025-07-18 12:04:00-04:00,0,7
GEP-007469,ifvg,BEARISH_IFVG_ACTIVATION,2025-07-18 12:06:00-04:00,0,3
GEP-007470,fvg,BEARISH_FVG_FORMED,2025-07-18 12:07:00-04:00,0,5
GEP-007471,ifvg,BEARISH_IFVG_ACTIVATION,2025-07-18 12:07:00-04:00,0,3
GEP-007472,liquidity,SWING_LOW_BREAK,2025-07-18 12:10:00-04:00,0,5
GEP-007473,fvg,BEARISH_FVG_FORMED,2025-07-18 12:12:00-04:00,0,5
GEP-007474,rejection_block,BULLISH_RB_CONFIRMED,2025-07-18 12:13:00-04:00,0,3
GEP-007475,rejection_block,BEARISH_RB_CONFIRMED,2025-07-18 12:14:00-04:00,0,3
GEP-007476,fvg,BEARISH_FVG_FORMED,2025-07-18 12:15:00-04:00,0,7
GEP-007477,liquidity,SWING_LOW_BREAK,2025-07-18 12:15:00-04:00,0,5
GEP-007478,ifvg,BEARISH_IFVG_ACTIVATION,2025-07-18 12:15:00-04:00,0,3
GEP-007479,fvg,BEARISH_FVG_FORMED,2025-07-18 12:16:00-04:00,0,7
GEP-007480,liquidity,SWING_HIGH_BREAK,2025-07-18 12:16:00-04:00,0,5
GEP-007481,ifvg,BULLISH_IFVG_ACTIVATION,2025-07-18 12:17:00-04:00,0,3
GEP-007482,liquidity,SWING_LOW_BREAK,2025-07-18 12:20:00-04:00,0,5
GEP-007483,rejection_block,BULLISH_RB_CONFIRMED,2025-07-18 12:22:00-04:00,0,3
GEP-007484,liquidity,SWING_HIGH_BREAK,2025-07-18 12:23:00-04:00,0,5
GEP-007485,liquidity,SWING_LOW_BREAK,2025-07-18 12:24:00-04:00,0,5
GEP-007486,ifvg,BEARISH_IFVG_ACTIVATION,2025-07-18 12:25:00-04:00,0,3
GEP-007487,fvg,BEARISH_FVG_FORMED,2025-07-18 12:26:00-04:00,0,7
GEP-007488,ifvg,BEARISH_IFVG_ACTIVATION,2025-07-18 12:26:00-04:00,0,3
GEP-007489,liquidity,SWING_HIGH_BREAK,2025-07-18 12:28:00-04:00,0,5
GEP-007490,liquidity,SWING_LOW_BREAK,2025-07-18 12:29:00-04:00,0,5
GEP-007491,liquidity,SWING_HIGH_BREAK,2025-07-18 12:32:00-04:00,0,5
GEP-007492,fvg,BEARISH_FVG_FORMED,2025-07-18 12:37:00-04:00,0,5
GEP-007493,ifvg,BULLISH_IFVG_ACTIVATION,2025-07-18 12:38:00-04:00,0,3
GEP-007494,fvg,BULLISH_FVG_FORMED,2025-07-18 12:39:00-04:00,0,5
GEP-007495,liquidity,SWING_LOW_BREAK,2025-07-18 12:39:00-04:00,0,2
GEP-007496,fvg,BULLISH_FVG_FORMED,2025-07-18 12:41:00-04:00,0,7
GEP-007497,liquidity,SWING_HIGH_SWEEP_ABOVE,2025-07-18 12:44:00-04:00,0,5
GEP-007498,liquidity,EQUAL_HIGHS_SWEEP_ABOVE,2025-07-18 12:44:00-04:00,0,5
GEP-007499,fvg,BEARISH_FVG_FORMED,2025-07-18 12:48:00-04:00,0,5
GEP-007500,liquidity,SWING_HIGH_BREAK,2025-07-18 12:48:00-04:00,0,5
GEP-007501,ifvg,BEARISH_IFVG_ACTIVATION,2025-07-18 12:48:00-04:00,0,3
GEP-007502,ifvg,BULLISH_IFVG_ACTIVATION,2025-07-18 12:50:00-04:00,0,3
GEP-007503,fvg,BULLISH_FVG_FORMED,2025-07-18 12:51:00-04:00,0,5
GEP-007504,liquidity,SWING_LOW_BREAK,2025-07-18 12:51:00-04:00,0,5
GEP-007505,ifvg,BEARISH_IFVG_ACTIVATION,2025-07-18 12:53:00-04:00,0,3
GEP-007506,fvg,BEARISH_FVG_FORMED,2025-07-18 12:54:00-04:00,0,7
GEP-007507,liquidity,SWING_HIGH_BREAK,2025-07-18 12:54:00-04:00,0,5
GEP-007508,liquidity,SWING_LOW_BREAK,2025-07-18 12:56:00-04:00,0,5
GEP-007509,liquidity,EQUAL_LOWS_BREAK,2025-07-18 12:56:00-04:00,0,5
GEP-007510,fvg,BEARISH_FVG_FORMED,2025-07-18 12:58:00-04:00,0,5
GEP-007511,rejection_block,BEARISH_RB_CONFIRMED,2025-07-18 13:01:00-04:00,0,3
GEP-007512,liquidity,SWING_LOW_BREAK,2025-07-18 13:01:00-04:00,0,5
GEP-007513,liquidity,EQUAL_LOWS_BREAK,2025-07-18 13:01:00-04:00,0,5
GEP-007514,ifvg,BEARISH_IFVG_ACTIVATION,2025-07-18 13:01:00-04:00,0,3
GEP-007515,fvg,BEARISH_FVG_FORMED,2025-07-18 13:02:00-04:00,0,7
GEP-007516,liquidity,SWING_HIGH_BREAK,2025-07-18 13:03:00-04:00,0,5
GEP-007517,liquidity,SWING_LOW_BREAK,2025-07-18 13:05:00-04:00,0,2
GEP-007518,ifvg,BULLISH_IFVG_ACTIVATION,2025-07-18 13:05:00-04:00,0,3
GEP-007519,fvg,BULLISH_FVG_FORMED,2025-07-18 13:06:00-04:00,0,5
GEP-007520,ifvg,BEARISH_IFVG_ACTIVATION,2025-07-18 13:08:00-04:00,0,3
GEP-007521,liquidity,SWING_HIGH_BREAK,2025-07-18 13:09:00-04:00,0,5
GEP-007522,fvg,BULLISH_FVG_FORMED,2025-07-18 13:13:00-04:00,0,7
GEP-007523,ifvg,BULLISH_IFVG_ACTIVATION,2025-07-18 13:13:00-04:00,0,3
GEP-007524,fvg,BULLISH_FVG_FORMED,2025-07-18 13:14:00-04:00,0,7
GEP-007525,liquidity,SWING_LOW_BREAK,2025-07-18 13:14:00-04:00,0,2
GEP-007526,liquidity,EQUAL_LOWS_BREAK,2025-07-18 13:14:00-04:00,0,2
GEP-007527,liquidity,SWING_HIGH_BREAK,2025-07-18 13:18:00-04:00,0,5
GEP-007528,liquidity,EQUAL_HIGHS_BREAK,2025-07-18 13:18:00-04:00,0,5
GEP-007529,liquidity,SWING_HIGH_SWEEP_ABOVE,2025-07-18 13:21:00-04:00,0,5
GEP-007530,liquidity,EQUAL_HIGHS_SWEEP_ABOVE,2025-07-18 13:21:00-04:00,0,5
GEP-007531,liquidity,SWING_LOW_BREAK,2025-07-18 13:23:00-04:00,0,5
GEP-007532,ifvg,BULLISH_IFVG_ACTIVATION,2025-07-18 13:23:00-04:00,0,3
GEP-007533,liquidity,SWING_HIGH_BREAK,2025-07-18 13:27:00-04:00,0,5
GEP-007534,liquidity,EQUAL_HIGHS_BREAK,2025-07-18 13:27:00-04:00,0,5
GEP-007535,liquidity,SWING_LOW_BREAK,2025-07-18 13:29:00-04:00,0,5
GEP-007536,liquidity,EQUAL_LOWS_BREAK,2025-07-18 13:29:00-04:00,0,5
GEP-007537,ifvg,BULLISH_IFVG_ACTIVATION,2025-07-18 13:31:00-04:00,0,3
GEP-007538,fvg,BULLISH_FVG_FORMED,2025-07-18 13:32:00-04:00,0,5
GEP-007539,liquidity,SWING_HIGH_BREAK,2025-07-18 13:34:00-04:00,0,5
GEP-007540,ifvg,BEARISH_IFVG_ACTIVATION,2025-07-18 13:35:00-04:00,0,3
GEP-007541,fvg,BEARISH_FVG_FORMED,2025-07-18 13:36:00-04:00,0,5
GEP-007542,rejection_block,BULLISH_RB_CONFIRMED,2025-07-18 13:37:00-04:00,0,3
GEP-007543,fvg,BULLISH_FVG_FORMED,2025-07-18 13:39:00-04:00,0,5
GEP-007544,liquidity,SWING_LOW_BREAK,2025-07-18 13:39:00-04:00,0,5
GEP-007545,ifvg,BULLISH_IFVG_ACTIVATION,2025-07-18 13:39:00-04:00,0,3
GEP-007546,fvg,BULLISH_FVG_FORMED,2025-07-18 13:40:00-04:00,0,5
GEP-007547,ifvg,BEARISH_IFVG_ACTIVATION,2025-07-18 13:42:00-04:00,0,3
GEP-007548,liquidity,SWING_HIGH_BREAK,2025-07-18 13:43:00-04:00,0,5
GEP-007549,liquidity,EQUAL_HIGHS_BREAK,2025-07-18 13:43:00-04:00,0,5
GEP-007550,ifvg,BEARISH_IFVG_ACTIVATION,2025-07-18 13:43:00-04:00,0,3
GEP-007551,fvg,BEARISH_FVG_FORMED,2025-07-18 13:44:00-04:00,0,5
GEP-007552,fvg,BEARISH_FVG_FORMED,2025-07-18 13:45:00-04:00,0,5
GEP-007553,rejection_block,BULLISH_RB_CONFIRMED,2025-07-18 13:48:00-04:00,0,3
GEP-007554,fvg,BULLISH_FVG_FORMED,2025-07-18 13:49:00-04:00,0,5
GEP-007555,liquidity,SWING_LOW_SWEEP_BELOW,2025-07-18 13:50:00-04:00,0,5
GEP-007556,liquidity,EQUAL_LOWS_SWEEP_BELOW,2025-07-18 13:50:00-04:00,0,5
GEP-007557,ifvg,BEARISH_IFVG_ACTIVATION,2025-07-18 13:50:00-04:00,0,3
GEP-007558,fvg,BEARISH_FVG_FORMED,2025-07-18 13:51:00-04:00,0,7
GEP-007559,liquidity,SWING_HIGH_BREAK,2025-07-18 13:52:00-04:00,0,5
GEP-007560,ifvg,BEARISH_IFVG_ACTIVATION,2025-07-18 13:53:00-04:00,0,3
GEP-007561,rejection_block,BULLISH_RB_CONFIRMED,2025-07-18 13:56:00-04:00,0,3
GEP-007562,fvg,BULLISH_FVG_FORMED,2025-07-18 13:58:00-04:00,0,5
GEP-007563,fvg,BULLISH_FVG_FORMED,2025-07-18 13:59:00-04:00,0,5
GEP-007564,liquidity,SWING_LOW_BREAK,2025-07-18 13:59:00-04:00,0,2
GEP-007565,ifvg,BULLISH_IFVG_ACTIVATION,2025-07-18 14:00:00-04:00,0,3
GEP-007566,fvg,BULLISH_FVG_FORMED,2025-07-18 14:02:00-04:00,0,7
GEP-007567,ifvg,BULLISH_IFVG_ACTIVATION,2025-07-18 14:02:00-04:00,0,3
GEP-007568,ifvg,BULLISH_IFVG_ACTIVATION,2025-07-18 14:05:00-04:00,0,3
GEP-007569,fvg,BEARISH_FVG_FORMED,2025-07-18 14:08:00-04:00,0,7
GEP-007570,liquidity,SWING_HIGH_BREAK,2025-07-18 14:08:00-04:00,0,5
GEP-007571,liquidity,EQUAL_HIGHS_BREAK,2025-07-18 14:08:00-04:00,0,5
GEP-007572,ifvg,BEARISH_IFVG_ACTIVATION,2025-07-18 14:08:00-04:00,0,3
GEP-007573,fvg,BEARISH_FVG_FORMED,2025-07-18 14:09:00-04:00,0,7
GEP-007574,liquidity,SWING_HIGH_BREAK,2025-07-18 14:09:00-04:00,0,5
GEP-007575,rejection_block,BULLISH_RB_CONFIRMED,2025-07-18 14:13:00-04:00,0,3
GEP-007576,liquidity,SWING_LOW_BREAK,2025-07-18 14:15:00-04:00,0,5
GEP-007577,liquidity,SWING_HIGH_BREAK,2025-07-18 14:16:00-04:00,0,5
GEP-007578,liquidity,SWING_LOW_BREAK,2025-07-18 14:19:00-04:00,0,2
GEP-007579,ifvg,BULLISH_IFVG_ACTIVATION,2025-07-18 14:20:00-04:00,0,3
GEP-007580,ifvg,BULLISH_IFVG_ACTIVATION,2025-07-18 14:23:00-04:00,0,3
GEP-007581,liquidity,SWING_HIGH_BREAK,2025-07-18 14:29:00-04:00,0,5
GEP-007582,liquidity,SWING_LOW_BREAK,2025-07-18 14:29:00-04:00,0,5
GEP-007583,liquidity,EQUAL_HIGHS_BREAK,2025-07-18 14:29:00-04:00,0,5
GEP-007584,liquidity,EQUAL_LOWS_BREAK,2025-07-18 14:29:00-04:00,0,5
GEP-007585,fvg,BULLISH_FVG_FORMED,2025-07-18 14:30:00-04:00,0,7
GEP-007586,ifvg,BEARISH_IFVG_ACTIVATION,2025-07-18 14:32:00-04:00,0,3
GEP-007587,liquidity,SWING_HIGH_BREAK,2025-07-18 14:34:00-04:00,0,5
GEP-007588,liquidity,EQUAL_HIGHS_BREAK,2025-07-18 14:34:00-04:00,0,5
GEP-007589,liquidity,SWING_LOW_BREAK,2025-07-18 14:35:00-04:00,0,5
GEP-007590,liquidity,SWING_HIGH_BREAK,2025-07-18 14:39:00-04:00,0,5
GEP-007591,liquidity,EQUAL_HIGHS_BREAK,2025-07-18 14:39:00-04:00,0,5
GEP-007592,liquidity,SWING_LOW_BREAK,2025-07-18 14:41:00-04:00,0,5
GEP-007593,liquidity,EQUAL_LOWS_BREAK,2025-07-18 14:41:00-04:00,0,5
GEP-007594,fvg,BULLISH_FVG_FORMED,2025-07-18 14:42:00-04:00,0,7
GEP-007595,liquidity,SWING_HIGH_BREAK,2025-07-18 14:44:00-04:00,0,5
GEP-007596,liquidity,EQUAL_HIGHS_BREAK,2025-07-18 14:44:00-04:00,0,5
GEP-007597,ifvg,BEARISH_IFVG_ACTIVATION,2025-07-18 14:45:00-04:00,0,3
GEP-007598,fvg,BEARISH_FVG_FORMED,2025-07-18 14:47:00-04:00,0,5
GEP-007599,rejection_block,BULLISH_RB_CONFIRMED,2025-07-18 14:48:00-04:00,0,3
GEP-007600,liquidity,SWING_HIGH_BREAK,2025-07-18 14:48:00-04:00,0,5
GEP-007601,ifvg,BULLISH_IFVG_ACTIVATION,2025-07-18 14:48:00-04:00,0,3
GEP-007602,liquidity,SWING_LOW_BREAK,2025-07-18 14:50:00-04:00,0,5
GEP-007603,liquidity,SWING_HIGH_BREAK,2025-07-18 14:51:00-04:00,0,5
GEP-007604,fvg,BEARISH_FVG_FORMED,2025-07-18 14:53:00-04:00,0,7
GEP-007605,fvg,BEARISH_FVG_FORMED,2025-07-18 14:54:00-04:00,0,7
GEP-007606,liquidity,SWING_LOW_BREAK,2025-07-18 14:59:00-04:00,0,2
GEP-007607,liquidity,EQUAL_LOWS_BREAK,2025-07-18 14:59:00-04:00,0,2
GEP-007608,liquidity,SWING_LOW_BREAK,2025-07-18 15:00:00-04:00,0,2
GEP-007609,rejection_block,BEARISH_RB_CONFIRMED,2025-07-18 15:02:00-04:00,0,3
GEP-007610,fvg,BEARISH_FVG_FORMED,2025-07-18 15:03:00-04:00,0,5
GEP-007611,liquidity,SWING_HIGH_BREAK,2025-07-18 15:04:00-04:00,0,5
GEP-007612,ifvg,BULLISH_IFVG_ACTIVATION,2025-07-18 15:05:00-04:00,0,3
GEP-007613,liquidity,SWING_LOW_BREAK,2025-07-18 15:07:00-04:00,0,2
GEP-007614,liquidity,EQUAL_LOWS_BREAK,2025-07-18 15:07:00-04:00,0,2
GEP-007615,ifvg,BULLISH_IFVG_ACTIVATION,2025-07-18 15:09:00-04:00,0,3
GEP-007616,liquidity,SWING_HIGH_SWEEP_ABOVE,2025-07-18 15:12:00-04:00,0,5
GEP-007617,liquidity,EQUAL_HIGHS_SWEEP_ABOVE,2025-07-18 15:12:00-04:00,0,5
GEP-007618,liquidity,SWING_LOW_BREAK,2025-07-18 15:14:00-04:00,0,5
GEP-007619,liquidity,EQUAL_LOWS_BREAK,2025-07-18 15:14:00-04:00,0,5
GEP-007620,liquidity,SWING_HIGH_BREAK,2025-07-18 15:15:00-04:00,0,5
GEP-007621,liquidity,EQUAL_HIGHS_BREAK,2025-07-18 15:15:00-04:00,0,5
GEP-007622,ifvg,BULLISH_IFVG_ACTIVATION,2025-07-18 15:15:00-04:00,0,3
GEP-007623,fvg,BULLISH_FVG_FORMED,2025-07-18 15:16:00-04:00,0,7
GEP-007624,fvg,BULLISH_FVG_FORMED,2025-07-18 15:20:00-04:00,0,7
GEP-007625,ifvg,BULLISH_IFVG_ACTIVATION,2025-07-18 15:20:00-04:00,0,3
GEP-007626,ifvg,BULLISH_IFVG_ACTIVATION,2025-07-18 15:20:00-04:00,0,3
GEP-007627,liquidity,SWING_HIGH_BREAK,2025-07-18 15:24:00-04:00,0,2
GEP-007628,liquidity,EQUAL_HIGHS_BREAK,2025-07-18 15:24:00-04:00,0,2
GEP-007629,fvg,BEARISH_FVG_FORMED,2025-07-18 15:25:00-04:00,0,5
GEP-007630,ifvg,BEARISH_IFVG_ACTIVATION,2025-07-18 15:25:00-04:00,0,3
GEP-007631,fvg,BEARISH_FVG_FORMED,2025-07-18 15:26:00-04:00,0,5
GEP-007632,ifvg,BEARISH_IFVG_ACTIVATION,2025-07-18 15:27:00-04:00,0,3
GEP-007633,liquidity,SWING_LOW_BREAK,2025-07-18 15:28:00-04:00,0,5
GEP-007634,liquidity,EQUAL_LOWS_BREAK,2025-07-18 15:28:00-04:00,0,5
GEP-007635,liquidity,SWING_LOW_BREAK,2025-07-18 15:31:00-04:00,0,5
GEP-007636,fvg,BEARISH_FVG_FORMED,2025-07-18 15:32:00-04:00,0,7
GEP-007637,liquidity,SWING_HIGH_BREAK,2025-07-18 15:33:00-04:00,0,5
GEP-007638,liquidity,SWING_LOW_BREAK,2025-07-18 15:35:00-04:00,0,5
GEP-007639,liquidity,EQUAL_LOWS_BREAK,2025-07-18 15:35:00-04:00,0,5
GEP-007640,rejection_block,BEARISH_RB_CONFIRMED,2025-07-18 15:37:00-04:00,0,3
GEP-007641,rejection_block,BULLISH_RB_CONFIRMED,2025-07-18 15:38:00-04:00,0,3
GEP-007642,liquidity,SWING_HIGH_BREAK,2025-07-18 15:38:00-04:00,0,5
GEP-007643,liquidity,EQUAL_HIGHS_BREAK,2025-07-18 15:38:00-04:00,0,5
GEP-007644,liquidity,SWING_LOW_SWEEP_BELOW,2025-07-18 15:40:00-04:00,0,5
GEP-007645,fvg,BULLISH_FVG_FORMED,2025-07-18 15:42:00-04:00,0,5
GEP-007646,liquidity,SWING_LOW_BREAK,2025-07-18 15:43:00-04:00,0,2
GEP-007647,liquidity,EQUAL_LOWS_BREAK,2025-07-18 15:43:00-04:00,0,2
GEP-007648,liquidity,SWING_HIGH_SWEEP_ABOVE,2025-07-18 15:46:00-04:00,0,5
GEP-007649,liquidity,SWING_LOW_BREAK,2025-07-18 15:47:00-04:00,0,2
GEP-007650,liquidity,EQUAL_LOWS_BREAK,2025-07-18 15:47:00-04:00,0,2
GEP-007651,ifvg,BULLISH_IFVG_ACTIVATION,2025-07-18 15:47:00-04:00,0,3
GEP-007652,fvg,BULLISH_FVG_FORMED,2025-07-18 15:51:00-04:00,0,5
GEP-007653,ifvg,BULLISH_IFVG_ACTIVATION,2025-07-18 15:52:00-04:00,0,3
GEP-007654,liquidity,SWING_HIGH_BREAK,2025-07-18 15:53:00-04:00,0,5
GEP-007655,liquidity,EQUAL_HIGHS_BREAK,2025-07-18 15:53:00-04:00,0,5
GEP-007656,liquidity,SWING_HIGH_BREAK,2025-07-18 15:56:00-04:00,0,5
GEP-007657,rejection_block,BEARISH_RB_CONFIRMED,2025-07-18 15:57:00-04:00,0,3
GEP-007658,fvg,BEARISH_FVG_FORMED,2025-07-18 15:58:00-04:00,0,5
GEP-007659,liquidity,SWING_HIGH_SWEEP_ABOVE,2025-07-18 15:59:00-04:00,0,5
GEP-007660,liquidity,EQUAL_HIGHS_BREAK,2025-07-18 15:59:00-04:00,0,5
GEP-007661,ifvg,BULLISH_IFVG_ACTIVATION,2025-07-18 15:59:00-04:00,0,3
GEP-007662,ifvg,BULLISH_IFVG_ACTIVATION,2025-07-18 15:59:00-04:00,0,3
GEP-007663,fvg,BULLISH_FVG_FORMED,2025-07-18 16:00:00-04:00,0,7
GEP-007664,liquidity,SWING_LOW_BREAK,2025-07-18 16:01:00-04:00,0,2
GEP-007665,liquidity,EQUAL_LOWS_BREAK,2025-07-18 16:01:00-04:00,0,2
GEP-007666,liquidity,SWING_HIGH_BREAK,2025-07-18 16:03:00-04:00,0,5
GEP-007667,liquidity,EQUAL_HIGHS_BREAK,2025-07-18 16:03:00-04:00,0,5
GEP-007668,structure,COMPRESSION,2025-07-18 16:06:00-04:00,0,2
GEP-007669,liquidity,SWING_LOW_BREAK,2025-07-18 16:07:00-04:00,0,5
GEP-007670,liquidity,EQUAL_LOWS_BREAK,2025-07-18 16:07:00-04:00,0,5
GEP-007671,liquidity,SWING_HIGH_BREAK,2025-07-18 16:08:00-04:00,0,5
GEP-007672,ifvg,BEARISH_IFVG_ACTIVATION,2025-07-18 16:11:00-04:00,0,3
GEP-007673,fvg,BEARISH_FVG_FORMED,2025-07-18 16:12:00-04:00,0,5
GEP-007674,liquidity,SWING_HIGH_BREAK,2025-07-18 16:12:00-04:00,0,5
GEP-007675,liquidity,EQUAL_HIGHS_BREAK,2025-07-18 16:12:00-04:00,0,5
GEP-007676,ifvg,BULLISH_IFVG_ACTIVATION,2025-07-18 16:13:00-04:00,0,3
GEP-007677,fvg,BULLISH_FVG_FORMED,2025-07-18 16:14:00-04:00,0,5
GEP-007678,fvg,BULLISH_FVG_FORMED,2025-07-18 16:15:00-04:00,0,5
GEP-007679,liquidity,SWING_LOW_BREAK,2025-07-18 16:15:00-04:00,0,2
GEP-007680,ifvg,BEARISH_IFVG_ACTIVATION,2025-07-18 16:18:00-04:00,0,3
GEP-007681,liquidity,SWING_HIGH_BREAK,2025-07-18 16:19:00-04:00,0,2
GEP-007682,liquidity,SWING_LOW_BREAK,2025-07-18 16:21:00-04:00,0,5
GEP-007683,structure,COMPRESSION,2025-07-18 16:23:00-04:00,0,2
GEP-007684,ifvg,BEARISH_IFVG_ACTIVATION,2025-07-18 16:25:00-04:00,0,3
GEP-007685,fvg,BEARISH_FVG_FORMED,2025-07-18 16:26:00-04:00,0,5
GEP-007686,ifvg,BULLISH_IFVG_ACTIVATION,2025-07-18 16:28:00-04:00,0,3
GEP-007687,fvg,BULLISH_FVG_FORMED,2025-07-18 16:29:00-04:00,0,5
GEP-007688,liquidity,SWING_LOW_BREAK,2025-07-18 16:29:00-04:00,0,2
GEP-007689,liquidity,EQUAL_LOWS_BREAK,2025-07-18 16:29:00-04:00,0,2
GEP-007690,ifvg,BEARISH_IFVG_ACTIVATION,2025-07-18 16:30:00-04:00,0,3
GEP-007691,fvg,BEARISH_FVG_FORMED,2025-07-18 16:31:00-04:00,0,5
GEP-007692,liquidity,SWING_HIGH_BREAK,2025-07-18 16:32:00-04:00,0,5
GEP-007693,ifvg,BULLISH_IFVG_ACTIVATION,2025-07-18 16:32:00-04:00,0,3
GEP-007694,fvg,BULLISH_FVG_FORMED,2025-07-18 16:33:00-04:00,0,5
GEP-007695,liquidity,SWING_HIGH_SWEEP_ABOVE,2025-07-18 16:33:00-04:00,0,5
GEP-007696,liquidity,SWING_LOW_BREAK,2025-07-18 16:33:00-04:00,0,2
GEP-007697,liquidity,EQUAL_HIGHS_SWEEP_ABOVE,2025-07-18 16:33:00-04:00,0,5
GEP-007698,fvg,BULLISH_FVG_FORMED,2025-07-18 16:34:00-04:00,0,5
GEP-007699,fvg,BULLISH_FVG_FORMED,2025-07-18 16:35:00-04:00,0,5
GEP-007700,liquidity,SWING_HIGH_BREAK,2025-07-18 16:39:00-04:00,0,2
GEP-007701,liquidity,EQUAL_HIGHS_BREAK,2025-07-18 16:39:00-04:00,0,2
GEP-007702,liquidity,SWING_LOW_BREAK,2025-07-18 16:40:00-04:00,0,2
GEP-007703,liquidity,EQUAL_LOWS_BREAK,2025-07-18 16:40:00-04:00,0,2
GEP-007704,ifvg,BEARISH_IFVG_ACTIVATION,2025-07-18 16:40:00-04:00,0,3
GEP-007705,fvg,BEARISH_FVG_FORMED,2025-07-18 16:41:00-04:00,0,5
GEP-007706,fvg,BEARISH_FVG_FORMED,2025-07-18 16:42:00-04:00,0,5
GEP-007707,ifvg,BEARISH_IFVG_ACTIVATION,2025-07-18 16:42:00-04:00,0,3
GEP-007708,ifvg,BEARISH_IFVG_ACTIVATION,2025-07-18 16:46:00-04:00,0,3
GEP-007709,liquidity,SWING_HIGH_BREAK,2025-07-18 16:47:00-04:00,0,2
GEP-007710,liquidity,SWING_HIGH_BREAK,2025-07-18 16:48:00-04:00,0,2
GEP-007711,liquidity,EQUAL_HIGHS_BREAK,2025-07-18 16:48:00-04:00,0,2
GEP-007712,liquidity,SWING_LOW_BREAK,2025-07-18 16:49:00-04:00,0,5
GEP-007713,liquidity,SWING_LOW_SWEEP_BELOW,2025-07-18 16:51:00-04:00,0,5
GEP-007714,liquidity,SWING_HIGH_BREAK,2025-07-18 16:51:00-04:00,0,2
GEP-007715,liquidity,EQUAL_LOWS_SWEEP_BELOW,2025-07-18 16:51:00-04:00,0,5
GEP-007716,fvg,BULLISH_FVG_FORMED,2025-07-18 16:52:00-04:00,0,7
GEP-007717,fvg,BULLISH_FVG_FORMED,2025-07-18 16:53:00-04:00,0,7
GEP-007718,liquidity,SWING_LOW_BREAK,2025-07-18 16:53:00-04:00,0,2
GEP-007719,ifvg,BULLISH_IFVG_ACTIVATION,2025-07-18 16:53:00-04:00,0,3
GEP-007720,liquidity,SWING_LOW_BREAK,2025-07-18 16:54:00-04:00,0,2
GEP-007721,liquidity,EQUAL_LOWS_BREAK,2025-07-18 16:54:00-04:00,0,2
GEP-007722,ifvg,BEARISH_IFVG_ACTIVATION,2025-07-18 16:55:00-04:00,0,3
GEP-007723,ifvg,BULLISH_IFVG_ACTIVATION,2025-07-18 16:57:00-04:00,0,3
GEP-007724,fvg,BULLISH_FVG_FORMED,2025-07-18 16:58:00-04:00,0,7
GEP-007725,liquidity,SWING_LOW_BREAK,2025-07-18 16:58:00-04:00,0,2
GEP-007726,liquidity,EQUAL_LOWS_BREAK,2025-07-18 16:58:00-04:00,0,2
