session,day,event_type,event_subtype
2025-07-13,2025-07-14,displacement,BAD_BEARISH_DISPLACEMENT x18
2025-07-13,2025-07-14,displacement,BAD_BULLISH_DISPLACEMENT x13
2025-07-13,2025-07-14,displacement,DISPLACEMENT_CONTINUATION x195
2025-07-13,2025-07-14,displacement,DISPLACEMENT_FAILED_CONTINUATION x41
2025-07-13,2025-07-14,displacement,GOOD_BEARISH_DISPLACEMENT x48
2025-07-13,2025-07-14,displacement,GOOD_BULLISH_DISPLACEMENT x59
2025-07-13,2025-07-14,displacement,MIXED_BEARISH_DISPLACEMENT x141
2025-07-13,2025-07-14,displacement,MIXED_BULLISH_DISPLACEMENT x147
2025-07-13,2025-07-14,fvg,BEARISH_FVG_CONTINUATION x2
2025-07-13,2025-07-14,fvg,BEARISH_FVG_EXACT_TOUCH x20
2025-07-13,2025-07-14,fvg,BEARISH_FVG_EXPIRY x6
2025-07-13,2025-07-14,fvg,BEARISH_FVG_FAILURE x93
2025-07-13,2025-07-14,fvg,BEARISH_FVG_FIRST_FILL x96
2025-07-13,2025-07-14,fvg,BEARISH_FVG_FIRST_TOUCH x96
2025-07-13,2025-07-14,fvg,BEARISH_FVG_FORMED x96
2025-07-13,2025-07-14,fvg,BEARISH_FVG_FULL_FILL x94
2025-07-13,2025-07-14,fvg,BEARISH_FVG_MIDPOINT x95
2025-07-13,2025-07-14,fvg,BEARISH_FVG_REVISIT x497
2025-07-13,2025-07-14,fvg,BULLISH_FVG_CONTINUATION x2
2025-07-13,2025-07-14,fvg,BULLISH_FVG_EXACT_TOUCH x22
2025-07-13,2025-07-14,fvg,BULLISH_FVG_EXPIRY x5
2025-07-13,2025-07-14,fvg,BULLISH_FVG_FAILURE x114
2025-07-13,2025-07-14,fvg,BULLISH_FVG_FIRST_FILL x120
2025-07-13,2025-07-14,fvg,BULLISH_FVG_FIRST_TOUCH x119
2025-07-13,2025-07-14,fvg,BULLISH_FVG_FORMED x122
2025-07-13,2025-07-14,fvg,BULLISH_FVG_FULL_FILL x121
2025-07-13,2025-07-14,fvg,BULLISH_FVG_MIDPOINT x118
2025-07-13,2025-07-14,fvg,BULLISH_FVG_REVISIT x336
2025-07-13,2025-07-14,hist_level,HL_0900_HIGH_ACCEPTANCE_ABOVE x5
2025-07-13,2025-07-14,hist_level,HL_0900_HIGH_ACCEPTANCE_BELOW x4
2025-07-13,2025-07-14,hist_level,HL_0900_HIGH_BREAK x1
2025-07-13,2025-07-14,hist_level,HL_0900_HIGH_CONTINUATION x8
2025-07-13,2025-07-14,hist_level,HL_0900_HIGH_EXACT_TOUCH x1
2025-07-13,2025-07-14,hist_level,HL_0900_HIGH_EXPIRY x1
2025-07-13,2025-07-14,hist_level,HL_0900_HIGH_FIRST_TOUCH x1
2025-07-13,2025-07-14,hist_level,HL_0900_HIGH_FORMED x1
2025-07-13,2025-07-14,hist_level,HL_0900_HIGH_RECLAIM x11
2025-07-13,2025-07-14,hist_level,HL_0900_HIGH_REJECTION x10
2025-07-13,2025-07-14,hist_level,HL_0900_HIGH_REVISIT x23
2025-07-13,2025-07-14,hist_level,HL_0900_HIGH_SWEEP_ABOVE x4
2025-07-13,2025-07-14,hist_level,HL_0900_HIGH_SWEEP_BELOW x6
2025-07-13,2025-07-14,hist_level,HL_0900_LOW_ACCEPTANCE_ABOVE x9
2025-07-13,2025-07-14,hist_level,HL_0900_LOW_ACCEPTANCE_BELOW x7
2025-07-13,2025-07-14,hist_level,HL_0900_LOW_BREAK x1
2025-07-13,2025-07-14,hist_level,HL_0900_LOW_CONTINUATION x13
2025-07-13,2025-07-14,hist_level,HL_0900_LOW_EXACT_TOUCH x4
2025-07-13,2025-07-14,hist_level,HL_0900_LOW_EXPIRY x1
2025-07-13,2025-07-14,hist_level,HL_0900_LOW_FIRST_TOUCH x1
2025-07-13,2025-07-14,hist_level,HL_0900_LOW_FORMED x1
2025-07-13,2025-07-14,hist_level,HL_0900_LOW_RECLAIM x21
2025-07-13,2025-07-14,hist_level,HL_0900_LOW_REJECTION x22
2025-07-13,2025-07-14,hist_level,HL_0900_LOW_REVISIT x47
2025-07-13,2025-07-14,hist_level,HL_0900_LOW_SWEEP_ABOVE x9
2025-07-13,2025-07-14,hist_level,HL_0900_LOW_SWEEP_BELOW x13
2025-07-13,2025-07-14,hist_level,HL_0930_HIGH_ACCEPTANCE_ABOVE x4
2025-07-13,2025-07-14,hist_level,HL_0930_HIGH_ACCEPTANCE_BELOW x3
2025-07-13,2025-07-14,hist_level,HL_0930_HIGH_BREAK x1
2025-07-13,2025-07-14,hist_level,HL_0930_HIGH_CONTINUATION x6
2025-07-13,2025-07-14,hist_level,HL_0930_HIGH_EXACT_TOUCH x1
2025-07-13,2025-07-14,hist_level,HL_0930_HIGH_EXPIRY x1
2025-07-13,2025-07-14,hist_level,HL_0930_HIGH_FIRST_TOUCH x1
2025-07-13,2025-07-14,hist_level,HL_0930_HIGH_FORMED x1
2025-07-13,2025-07-14,hist_level,HL_0930_HIGH_RECLAIM x9
2025-07-13,2025-07-14,hist_level,HL_0930_HIGH_REJECTION x16
2025-07-13,2025-07-14,hist_level,HL_0930_HIGH_REVISIT x25
2025-07-13,2025-07-14,hist_level,HL_0930_HIGH_SWEEP_ABOVE x8
2025-07-13,2025-07-14,hist_level,HL_0930_HIGH_SWEEP_BELOW x8
2025-07-13,2025-07-14,hist_level,HL_0930_LOW_ACCEPTANCE_ABOVE x6
2025-07-13,2025-07-14,hist_level,HL_0930_LOW_ACCEPTANCE_BELOW x5
2025-07-13,2025-07-14,hist_level,HL_0930_LOW_BREAK x1
2025-07-13,2025-07-14,hist_level,HL_0930_LOW_CONTINUATION x10
2025-07-13,2025-07-14,hist_level,HL_0930_LOW_EXPIRY x1
2025-07-13,2025-07-14,hist_level,HL_0930_LOW_FIRST_TOUCH x1
2025-07-13,2025-07-14,hist_level,HL_0930_LOW_FORMED x1
2025-07-13,2025-07-14,hist_level,HL_0930_LOW_RECLAIM x19
2025-07-13,2025-07-14,hist_level,HL_0930_LOW_REJECTION x19
2025-07-13,2025-07-14,hist_level,HL_0930_LOW_REVISIT x38
2025-07-13,2025-07-14,hist_level,HL_0930_LOW_SWEEP_ABOVE x6
2025-07-13,2025-07-14,hist_level,HL_0930_LOW_SWEEP_BELOW x13
2025-07-13,2025-07-14,hist_level,HL_1000_HIGH_ACCEPTANCE_ABOVE x4
2025-07-13,2025-07-14,hist_level,HL_1000_HIGH_ACCEPTANCE_BELOW x1
2025-07-13,2025-07-14,hist_level,HL_1000_HIGH_BREAK x1
2025-07-13,2025-07-14,hist_level,HL_1000_HIGH_CONTINUATION x5
2025-07-13,2025-07-14,hist_level,HL_1000_HIGH_EXPIRY x1
2025-07-13,2025-07-14,hist_level,HL_1000_HIGH_FIRST_TOUCH x1
2025-07-13,2025-07-14,hist_level,HL_1000_HIGH_FORMED x1
2025-07-13,2025-07-14,hist_level,HL_1000_HIGH_RECLAIM x8
2025-07-13,2025-07-14,hist_level,HL_1000_HIGH_REJECTION x10
2025-07-13,2025-07-14,hist_level,HL_1000_HIGH_REVISIT x18
2025-07-13,2025-07-14,hist_level,HL_1000_HIGH_SWEEP_ABOVE x6
2025-07-13,2025-07-14,hist_level,HL_1000_HIGH_SWEEP_BELOW x4
2025-07-13,2025-07-14,hist_level,HL_1000_LOW_ACCEPTANCE_ABOVE x4
2025-07-13,2025-07-14,hist_level,HL_1000_LOW_ACCEPTANCE_BELOW x1
2025-07-13,2025-07-14,hist_level,HL_1000_LOW_BREAK x1
2025-07-13,2025-07-14,hist_level,HL_1000_LOW_CONTINUATION x5
2025-07-13,2025-07-14,hist_level,HL_1000_LOW_EXPIRY x1
2025-07-13,2025-07-14,hist_level,HL_1000_LOW_FIRST_TOUCH x1
2025-07-13,2025-07-14,hist_level,HL_1000_LOW_FORMED x1
2025-07-13,2025-07-14,hist_level,HL_1000_LOW_RECLAIM x7
2025-07-13,2025-07-14,hist_level,HL_1000_LOW_REJECTION x9
2025-07-13,2025-07-14,hist_level,HL_1000_LOW_REVISIT x15
2025-07-13,2025-07-14,hist_level,HL_1000_LOW_SWEEP_ABOVE x6
2025-07-13,2025-07-14,hist_level,HL_1000_LOW_SWEEP_BELOW x3
2025-07-13,2025-07-14,hist_level,PREV_DAY_HIGH_ACCEPTANCE_ABOVE x5
2025-07-13,2025-07-14,hist_level,PREV_DAY_HIGH_ACCEPTANCE_BELOW x4
2025-07-13,2025-07-14,hist_level,PREV_DAY_HIGH_BREAK x1
2025-07-13,2025-07-14,hist_level,PREV_DAY_HIGH_CONTINUATION x8
2025-07-13,2025-07-14,hist_level,PREV_DAY_HIGH_EXACT_TOUCH x1
2025-07-13,2025-07-14,hist_level,PREV_DAY_HIGH_EXPIRY x1
2025-07-13,2025-07-14,hist_level,PREV_DAY_HIGH_FIRST_TOUCH x1
2025-07-13,2025-07-14,hist_level,PREV_DAY_HIGH_FORMED x1
2025-07-13,2025-07-14,hist_level,PREV_DAY_HIGH_RECLAIM x9
2025-07-13,2025-07-14,hist_level,PREV_DAY_HIGH_REJECTION x10
2025-07-13,2025-07-14,hist_level,PREV_DAY_HIGH_REVISIT x19
2025-07-13,2025-07-14,hist_level,PREV_DAY_HIGH_SWEEP_ABOVE x4
2025-07-13,2025-07-14,hist_level,PREV_DAY_HIGH_SWEEP_BELOW x6
2025-07-13,2025-07-14,hist_level,PREV_DAY_LOW_ACCEPTANCE_ABOVE x2
2025-07-13,2025-07-14,hist_level,PREV_DAY_LOW_ACCEPTANCE_BELOW x1
2025-07-13,2025-07-14,hist_level,PREV_DAY_LOW_BREAK x1
2025-07-13,2025-07-14,hist_level,PREV_DAY_LOW_CONTINUATION x3
2025-07-13,2025-07-14,hist_level,PREV_DAY_LOW_EXPIRY x1
2025-07-13,2025-07-14,hist_level,PREV_DAY_LOW_FORMED x1
2025-07-13,2025-07-14,hist_level,PREV_DAY_LOW_RECLAIM x2
2025-07-13,2025-07-14,hist_level,PREV_DAY_LOW_REJECTION x1
2025-07-13,2025-07-14,hist_level,PREV_DAY_LOW_REVISIT x3
2025-07-13,2025-07-14,hist_level,PREV_DAY_LOW_SWEEP_BELOW x1
2025-07-13,2025-07-14,hist_level,PREV_RTH_CLOSE_ACCEPTANCE_ABOVE x3
2025-07-13,2025-07-14,hist_level,PREV_RTH_CLOSE_ACCEPTANCE_BELOW x3
2025-07-13,2025-07-14,hist_level,PREV_RTH_CLOSE_BREAK x1
2025-07-13,2025-07-14,hist_level,PREV_RTH_CLOSE_CONTINUATION x6
2025-07-13,2025-07-14,hist_level,PREV_RTH_CLOSE_EXACT_TOUCH x2
2025-07-13,2025-07-14,hist_level,PREV_RTH_CLOSE_EXPIRY x1
2025-07-13,2025-07-14,hist_level,PREV_RTH_CLOSE_FIRST_TOUCH x1
2025-07-13,2025-07-14,hist_level,PREV_RTH_CLOSE_FORMED x1
2025-07-13,2025-07-14,hist_level,PREV_RTH_CLOSE_RECLAIM x6
2025-07-13,2025-07-14,hist_level,PREV_RTH_CLOSE_REJECTION x9
2025-07-13,2025-07-14,hist_level,PREV_RTH_CLOSE_REVISIT x17
2025-07-13,2025-07-14,hist_level,PREV_RTH_CLOSE_SWEEP_ABOVE x3
2025-07-13,2025-07-14,hist_level,PREV_RTH_CLOSE_SWEEP_BELOW x6
2025-07-13,2025-07-14,hist_level,PREV_RTH_HIGH_ACCEPTANCE_ABOVE x5
2025-07-13,2025-07-14,hist_level,PREV_RTH_HIGH_ACCEPTANCE_BELOW x4
2025-07-13,2025-07-14,hist_level,PREV_RTH_HIGH_BREAK x1
2025-07-13,2025-07-14,hist_level,PREV_RTH_HIGH_CONTINUATION x8
2025-07-13,2025-07-14,hist_level,PREV_RTH_HIGH_EXACT_TOUCH x1
2025-07-13,2025-07-14,hist_level,PREV_RTH_HIGH_EXPIRY x1
2025-07-13,2025-07-14,hist_level,PREV_RTH_HIGH_FIRST_TOUCH x1
2025-07-13,2025-07-14,hist_level,PREV_RTH_HIGH_FORMED x1
2025-07-13,2025-07-14,hist_level,PREV_RTH_HIGH_RECLAIM x9
2025-07-13,2025-07-14,hist_level,PREV_RTH_HIGH_REJECTION x10
2025-07-13,2025-07-14,hist_level,PREV_RTH_HIGH_REVISIT x19
2025-07-13,2025-07-14,hist_level,PREV_RTH_HIGH_SWEEP_ABOVE x4
2025-07-13,2025-07-14,hist_level,PREV_RTH_HIGH_SWEEP_BELOW x6
2025-07-13,2025-07-14,hist_level,PREV_RTH_LOW_ACCEPTANCE_ABOVE x5
2025-07-13,2025-07-14,hist_level,PREV_RTH_LOW_ACCEPTANCE_BELOW x2
2025-07-13,2025-07-14,hist_level,PREV_RTH_LOW_BREAK x1
2025-07-13,2025-07-14,hist_level,PREV_RTH_LOW_CONTINUATION x7
2025-07-13,2025-07-14,hist_level,PREV_RTH_LOW_EXACT_TOUCH x3
2025-07-13,2025-07-14,hist_level,PREV_RTH_LOW_EXPIRY x1
2025-07-13,2025-07-14,hist_level,PREV_RTH_LOW_FORMED x1
2025-07-13,2025-07-14,hist_level,PREV_RTH_LOW_RECLAIM x14
2025-07-13,2025-07-14,hist_level,PREV_RTH_LOW_REJECTION x11
2025-07-13,2025-07-14,hist_level,PREV_RTH_LOW_REVISIT x27
2025-07-13,2025-07-14,hist_level,PREV_RTH_LOW_SWEEP_ABOVE x5
2025-07-13,2025-07-14,hist_level,PREV_RTH_LOW_SWEEP_BELOW x6
2025-07-13,2025-07-14,ifvg,BEARISH_IFVG_ACTIVATION x114
2025-07-13,2025-07-14,ifvg,BEARISH_IFVG_EXPIRY x10
2025-07-13,2025-07-14,ifvg,BEARISH_IFVG_FIRST_TOUCH x114
2025-07-13,2025-07-14,ifvg,BEARISH_IFVG_REINVERSION x114
2025-07-13,2025-07-14,ifvg,BEARISH_IFVG_REJECTION x170
2025-07-13,2025-07-14,ifvg,BEARISH_IFVG_REVISIT x386
2025-07-13,2025-07-14,ifvg,BULLISH_IFVG_ACTIVATION x93
2025-07-13,2025-07-14,ifvg,BULLISH_IFVG_EXPIRY x5
2025-07-13,2025-07-14,ifvg,BULLISH_IFVG_FIRST_TOUCH x92
2025-07-13,2025-07-14,ifvg,BULLISH_IFVG_REINVERSION x89
2025-07-13,2025-07-14,ifvg,BULLISH_IFVG_REJECTION x178
2025-07-13,2025-07-14,ifvg,BULLISH_IFVG_REVISIT x323
2025-07-13,2025-07-14,liquidity,EQUAL_HIGHS_ACCEPTANCE_ABOVE x522
2025-07-13,2025-07-14,liquidity,EQUAL_HIGHS_ACCEPTANCE_BELOW x468
2025-07-13,2025-07-14,liquidity,EQUAL_HIGHS_BREAK x64
2025-07-13,2025-07-14,liquidity,EQUAL_HIGHS_CONFIRMED x64
2025-07-13,2025-07-14,liquidity,EQUAL_HIGHS_CONTINUATION x839
2025-07-13,2025-07-14,liquidity,EQUAL_HIGHS_EXACT_TOUCH x125
2025-07-13,2025-07-14,liquidity,EQUAL_HIGHS_EXPIRY x61
2025-07-13,2025-07-14,liquidity,EQUAL_HIGHS_FIRST_TOUCH x68
2025-07-13,2025-07-14,liquidity,EQUAL_HIGHS_RECLAIM x1231
2025-07-13,2025-07-14,liquidity,EQUAL_HIGHS_REJECTION x1167
2025-07-13,2025-07-14,liquidity,EQUAL_HIGHS_REVISIT x2515
2025-07-13,2025-07-14,liquidity,EQUAL_HIGHS_SWEEP_ABOVE x550
2025-07-13,2025-07-14,liquidity,EQUAL_HIGHS_SWEEP_BELOW x617
2025-07-13,2025-07-14,liquidity,EQUAL_LOWS_ACCEPTANCE_ABOVE x488
2025-07-13,2025-07-14,liquidity,EQUAL_LOWS_ACCEPTANCE_BELOW x351
2025-07-13,2025-07-14,liquidity,EQUAL_LOWS_BREAK x67
2025-07-13,2025-07-14,liquidity,EQUAL_LOWS_CONFIRMED x67
2025-07-13,2025-07-14,liquidity,EQUAL_LOWS_CONTINUATION x727
2025-07-13,2025-07-14,liquidity,EQUAL_LOWS_EXACT_TOUCH x123
2025-07-13,2025-07-14,liquidity,EQUAL_LOWS_EXPIRY x63
2025-07-13,2025-07-14,liquidity,EQUAL_LOWS_FIRST_TOUCH x63
2025-07-13,2025-07-14,liquidity,EQUAL_LOWS_RECLAIM x1036
2025-07-13,2025-07-14,liquidity,EQUAL_LOWS_REJECTION x988
2025-07-13,2025-07-14,liquidity,EQUAL_LOWS_REVISIT x2159
2025-07-13,2025-07-14,liquidity,EQUAL_LOWS_SWEEP_ABOVE x453
2025-07-13,2025-07-14,liquidity,EQUAL_LOWS_SWEEP_BELOW x535
2025-07-13,2025-07-14,liquidity,SWING_HIGH_ACCEPTANCE_ABOVE x1206
2025-07-13,2025-07-14,liquidity,SWING_HIGH_ACCEPTANCE_BELOW x1038
2025-07-13,2025-07-14,liquidity,SWING_HIGH_BREAK x149
2025-07-13,2025-07-14,liquidity,SWING_HIGH_CONFIRMED x148
2025-07-13,2025-07-14,liquidity,SWING_HIGH_CONTINUATION x1903
2025-07-13,2025-07-14,liquidity,SWING_HIGH_EXACT_TOUCH x626
2025-07-13,2025-07-14,liquidity,SWING_HIGH_EXPIRY x150
2025-07-13,2025-07-14,liquidity,SWING_HIGH_FIRST_TOUCH x161
2025-07-13,2025-07-14,liquidity,SWING_HIGH_RECLAIM x2928
2025-07-13,2025-07-14,liquidity,SWING_HIGH_REJECTION x2480
2025-07-13,2025-07-14,liquidity,SWING_HIGH_REVISIT x6003
2025-07-13,2025-07-14,liquidity,SWING_HIGH_SWEEP_ABOVE x1153
2025-07-13,2025-07-14,liquidity,SWING_HIGH_SWEEP_BELOW x1327
2025-07-13,2025-07-14,liquidity,SWING_LOW_ACCEPTANCE_ABOVE x1072
2025-07-13,2025-07-14,liquidity,SWING_LOW_ACCEPTANCE_BELOW x783
2025-07-13,2025-07-14,liquidity,SWING_LOW_BREAK x141
2025-07-13,2025-07-14,liquidity,SWING_LOW_CONFIRMED x141
2025-07-13,2025-07-14,liquidity,SWING_LOW_CONTINUATION x1600
2025-07-13,2025-07-14,liquidity,SWING_LOW_EXACT_TOUCH x491
2025-07-13,2025-07-14,liquidity,SWING_LOW_EXPIRY x157
2025-07-13,2025-07-14,liquidity,SWING_LOW_FIRST_TOUCH x136
2025-07-13,2025-07-14,liquidity,SWING_LOW_RECLAIM x2456
2025-07-13,2025-07-14,liquidity,SWING_LOW_REJECTION x2124
2025-07-13,2025-07-14,liquidity,SWING_LOW_REVISIT x5053
2025-07-13,2025-07-14,liquidity,SWING_LOW_SWEEP_ABOVE x974
2025-07-13,2025-07-14,liquidity,SWING_LOW_SWEEP_BELOW x1150
2025-07-13,2025-07-14,rejection_block,BEARISH_RB_CONFIRMED x37
2025-07-13,2025-07-14,rejection_block,BEARISH_RB_EXACT_TOUCH x13
2025-07-13,2025-07-14,rejection_block,BEARISH_RB_EXPIRY x4
2025-07-13,2025-07-14,rejection_block,BEARISH_RB_FAILURE x16
2025-07-13,2025-07-14,rejection_block,BEARISH_RB_FORMED x53
2025-07-13,2025-07-14,rejection_block,BEARISH_RB_INVALIDATION x36
2025-07-13,2025-07-14,rejection_block,BEARISH_RB_REJECTION x83
2025-07-13,2025-07-14,rejection_block,BEARISH_RB_REVISIT x189
2025-07-13,2025-07-14,rejection_block,BEARISH_RB_TAP x36
2025-07-13,2025-07-14,rejection_block,BULLISH_RB_CONFIRMED x44
2025-07-13,2025-07-14,rejection_block,BULLISH_RB_EXACT_TOUCH x20
2025-07-13,2025-07-14,rejection_block,BULLISH_RB_EXPIRY x1
2025-07-13,2025-07-14,rejection_block,BULLISH_RB_FAILURE x30
2025-07-13,2025-07-14,rejection_block,BULLISH_RB_FORMED x74
2025-07-13,2025-07-14,rejection_block,BULLISH_RB_INVALIDATION x38
2025-07-13,2025-07-14,rejection_block,BULLISH_RB_REJECTION x95
2025-07-13,2025-07-14,rejection_block,BULLISH_RB_REVISIT x191
2025-07-13,2025-07-14,rejection_block,BULLISH_RB_TAP x43
2025-07-13,2025-07-14,structure,BEARISH_EXPANSION x43
2025-07-13,2025-07-14,structure,BULLISH_EXPANSION x43
2025-07-13,2025-07-14,structure,COMPRESSION x2
2025-07-13,2025-07-14,structure,STRUCT_BREAK x2
2025-07-13,2025-07-14,structure,STRUCT_CONTINUATION x1
2025-07-13,2025-07-14,structure,STRUCT_FAILED_CONTINUATION x1
2025-07-13,2025-07-14,time_anchor,ANCHOR_ASIA_OPEN_ACCEPTANCE_ABOVE x6
2025-07-13,2025-07-14,time_anchor,ANCHOR_ASIA_OPEN_ACCEPTANCE_BELOW x5
2025-07-13,2025-07-14,time_anchor,ANCHOR_ASIA_OPEN_CONTINUATION x8
2025-07-13,2025-07-14,time_anchor,ANCHOR_ASIA_OPEN_EXACT_TOUCH x1
2025-07-13,2025-07-14,time_anchor,ANCHOR_ASIA_OPEN_RECLAIM x14
2025-07-13,2025-07-14,time_anchor,ANCHOR_ASIA_OPEN_REJECTION x14
2025-07-13,2025-07-14,time_anchor,ANCHOR_ASIA_OPEN_REVISIT x30
2025-07-13,2025-07-14,time_anchor,ANCHOR_ASIA_OPEN_SWEEP x14
2025-07-13,2025-07-14,time_anchor,ANCHOR_LONDON_OPEN_ACCEPTANCE_ABOVE x1
2025-07-13,2025-07-14,time_anchor,ANCHOR_LONDON_OPEN_ACCEPTANCE_BELOW x1
2025-07-13,2025-07-14,time_anchor,ANCHOR_LONDON_OPEN_BREAK x1
2025-07-13,2025-07-14,time_anchor,ANCHOR_LONDON_OPEN_CONTINUATION x2
2025-07-13,2025-07-14,time_anchor,ANCHOR_LONDON_OPEN_EXACT_TOUCH x2
2025-07-13,2025-07-14,time_anchor,ANCHOR_LONDON_OPEN_EXPIRY x1
2025-07-13,2025-07-14,time_anchor,ANCHOR_LONDON_OPEN_FIRST_TOUCH x1
2025-07-13,2025-07-14,time_anchor,ANCHOR_LONDON_OPEN_FORMED x1
2025-07-13,2025-07-14,time_anchor,ANCHOR_LONDON_OPEN_RECLAIM x2
2025-07-13,2025-07-14,time_anchor,ANCHOR_LONDON_OPEN_REJECTION x4
2025-07-13,2025-07-14,time_anchor,ANCHOR_LONDON_OPEN_REVISIT x7
2025-07-13,2025-07-14,time_anchor,ANCHOR_LONDON_OPEN_SWEEP x4
2025-07-13,2025-07-14,time_anchor,ANCHOR_MIDNIGHT_OPEN_ACCEPTANCE_ABOVE x9
2025-07-13,2025-07-14,time_anchor,ANCHOR_MIDNIGHT_OPEN_ACCEPTANCE_BELOW x7
2025-07-13,2025-07-14,time_anchor,ANCHOR_MIDNIGHT_OPEN_BREAK x1
2025-07-13,2025-07-14,time_anchor,ANCHOR_MIDNIGHT_OPEN_CONTINUATION x13
2025-07-13,2025-07-14,time_anchor,ANCHOR_MIDNIGHT_OPEN_EXACT_TOUCH x7
2025-07-13,2025-07-14,time_anchor,ANCHOR_MIDNIGHT_OPEN_EXPIRY x1
2025-07-13,2025-07-14,time_anchor,ANCHOR_MIDNIGHT_OPEN_FIRST_TOUCH x1
2025-07-13,2025-07-14,time_anchor,ANCHOR_MIDNIGHT_OPEN_FORMED x1
2025-07-13,2025-07-14,time_anchor,ANCHOR_MIDNIGHT_OPEN_RECLAIM x19
2025-07-13,2025-07-14,time_anchor,ANCHOR_MIDNIGHT_OPEN_REJECTION x23
2025-07-13,2025-07-14,time_anchor,ANCHOR_MIDNIGHT_OPEN_REVISIT x48
2025-07-13,2025-07-14,time_anchor,ANCHOR_MIDNIGHT_OPEN_SWEEP x23
2025-07-13,2025-07-14,time_anchor,ANCHOR_NY_SESSION_OPEN_ACCEPTANCE_ABOVE x7
2025-07-13,2025-07-14,time_anchor,ANCHOR_NY_SESSION_OPEN_ACCEPTANCE_BELOW x5
2025-07-13,2025-07-14,time_anchor,ANCHOR_NY_SESSION_OPEN_BREAK x1
2025-07-13,2025-07-14,time_anchor,ANCHOR_NY_SESSION_OPEN_CONTINUATION x10
2025-07-13,2025-07-14,time_anchor,ANCHOR_NY_SESSION_OPEN_EXPIRY x1
2025-07-13,2025-07-14,time_anchor,ANCHOR_NY_SESSION_OPEN_FIRST_TOUCH x1
2025-07-13,2025-07-14,time_anchor,ANCHOR_NY_SESSION_OPEN_FORMED x1
2025-07-13,2025-07-14,time_anchor,ANCHOR_NY_SESSION_OPEN_RECLAIM x13
2025-07-13,2025-07-14,time_anchor,ANCHOR_NY_SESSION_OPEN_REJECTION x16
2025-07-13,2025-07-14,time_anchor,ANCHOR_NY_SESSION_OPEN_REVISIT x28
2025-07-13,2025-07-14,time_anchor,ANCHOR_NY_SESSION_OPEN_SWEEP x16
2025-07-13,2025-07-14,time_anchor,ANCHOR_OPEN_0900_ACCEPTANCE_ABOVE x6
2025-07-13,2025-07-14,time_anchor,ANCHOR_OPEN_0900_ACCEPTANCE_BELOW x9
2025-07-13,2025-07-14,time_anchor,ANCHOR_OPEN_0900_BREAK x1
2025-07-13,2025-07-14,time_anchor,ANCHOR_OPEN_0900_CONTINUATION x14
2025-07-13,2025-07-14,time_anchor,ANCHOR_OPEN_0900_EXACT_TOUCH x3
2025-07-13,2025-07-14,time_anchor,ANCHOR_OPEN_0900_EXPIRY x1
2025-07-13,2025-07-14,time_anchor,ANCHOR_OPEN_0900_FIRST_TOUCH x1
2025-07-13,2025-07-14,time_anchor,ANCHOR_OPEN_0900_FORMED x1
2025-07-13,2025-07-14,time_anchor,ANCHOR_OPEN_0900_RECLAIM x21
2025-07-13,2025-07-14,time_anchor,ANCHOR_OPEN_0900_REJECTION x9
2025-07-13,2025-07-14,time_anchor,ANCHOR_OPEN_0900_REVISIT x32
2025-07-13,2025-07-14,time_anchor,ANCHOR_OPEN_0900_SWEEP x9
2025-07-13,2025-07-14,time_anchor,ANCHOR_OPEN_0930_ACCEPTANCE_ABOVE x7
2025-07-13,2025-07-14,time_anchor,ANCHOR_OPEN_0930_ACCEPTANCE_BELOW x5
2025-07-13,2025-07-14,time_anchor,ANCHOR_OPEN_0930_BREAK x1
2025-07-13,2025-07-14,time_anchor,ANCHOR_OPEN_0930_CONTINUATION x10
2025-07-13,2025-07-14,time_anchor,ANCHOR_OPEN_0930_EXPIRY x1
2025-07-13,2025-07-14,time_anchor,ANCHOR_OPEN_0930_FIRST_TOUCH x1
2025-07-13,2025-07-14,time_anchor,ANCHOR_OPEN_0930_FORMED x1
2025-07-13,2025-07-14,time_anchor,ANCHOR_OPEN_0930_RECLAIM x13
2025-07-13,2025-07-14,time_anchor,ANCHOR_OPEN_0930_REJECTION x16
2025-07-13,2025-07-14,time_anchor,ANCHOR_OPEN_0930_REVISIT x28
2025-07-13,2025-07-14,time_anchor,ANCHOR_OPEN_0930_SWEEP x16
2025-07-13,2025-07-14,time_anchor,ANCHOR_OPEN_1000_ACCEPTANCE_ABOVE x4
2025-07-13,2025-07-14,time_anchor,ANCHOR_OPEN_1000_ACCEPTANCE_BELOW x2
2025-07-13,2025-07-14,time_anchor,ANCHOR_OPEN_1000_BREAK x1
2025-07-13,2025-07-14,time_anchor,ANCHOR_OPEN_1000_CONTINUATION x5
2025-07-13,2025-07-14,time_anchor,ANCHOR_OPEN_1000_EXPIRY x1
2025-07-13,2025-07-14,time_anchor,ANCHOR_OPEN_1000_FIRST_TOUCH x1
2025-07-13,2025-07-14,time_anchor,ANCHOR_OPEN_1000_FORMED x1
2025-07-13,2025-07-14,time_anchor,ANCHOR_OPEN_1000_RECLAIM x5
2025-07-13,2025-07-14,time_anchor,ANCHOR_OPEN_1000_REJECTION x7
2025-07-13,2025-07-14,time_anchor,ANCHOR_OPEN_1000_REVISIT x13
2025-07-13,2025-07-14,time_anchor,ANCHOR_OPEN_1000_SWEEP x7
2025-07-13,2025-07-14,vwap,VWAP_BAND_REJECT_M1_618 x17
2025-07-13,2025-07-14,vwap,VWAP_BAND_REJECT_M2_618 x3
2025-07-13,2025-07-14,vwap,VWAP_BAND_REJECT_P1_618 x52
2025-07-13,2025-07-14,vwap,VWAP_BAND_REJECT_P2_618 x1
2025-07-13,2025-07-14,vwap,VWAP_BAND_REJECT_P3_618 x1
2025-07-13,2025-07-14,vwap,VWAP_VWAP x6
2025-07-13,2025-07-14,vwap,VWAP_VWAP_ABOVE x3
2025-07-13,2025-07-14,vwap,VWAP_VWAP_BELOW x3
2025-07-13,2025-07-14,vwap,VWAP_VWAP_BOUNCE_DOWN x17
2025-07-13,2025-07-14,vwap,VWAP_VWAP_BOUNCE_UP x6
2025-07-13,2025-07-14,vwap,VWAP_VWAP_DOWN x3
2025-07-13,2025-07-14,vwap,VWAP_VWAP_UP x4
2025-07-14,2025-07-14,displacement,BAD_BEARISH_DISPLACEMENT x3
2025-07-14,2025-07-14,displacement,BAD_BULLISH_DISPLACEMENT x3
2025-07-14,2025-07-14,displacement,DISPLACEMENT_CONTINUATION x46
2025-07-14,2025-07-14,displacement,DISPLACEMENT_FAILED_CONTINUATION x9
2025-07-14,2025-07-14,displacement,GOOD_BEARISH_DISPLACEMENT x14
2025-07-14,2025-07-14,displacement,GOOD_BULLISH_DISPLACEMENT x17
2025-07-14,2025-07-14,displacement,MIXED_BEARISH_DISPLACEMENT x35
2025-07-14,2025-07-14,displacement,MIXED_BULLISH_DISPLACEMENT x47
2025-07-14,2025-07-14,fvg,BEARISH_FVG_EXACT_TOUCH x11
2025-07-14,2025-07-14,fvg,BEARISH_FVG_FAILURE x30
2025-07-14,2025-07-14,fvg,BEARISH_FVG_FIRST_FILL x29
2025-07-14,2025-07-14,fvg,BEARISH_FVG_FIRST_TOUCH x29
2025-07-14,2025-07-14,fvg,BEARISH_FVG_FORMED x32
2025-07-14,2025-07-14,fvg,BEARISH_FVG_FULL_FILL x30
2025-07-14,2025-07-14,fvg,BEARISH_FVG_MIDPOINT x30
2025-07-14,2025-07-14,fvg,BEARISH_FVG_REVISIT x147
2025-07-14,2025-07-14,fvg,BULLISH_FVG_CONTINUATION x2
2025-07-14,2025-07-14,fvg,BULLISH_FVG_EXACT_TOUCH x9
2025-07-14,2025-07-14,fvg,BULLISH_FVG_EXPIRY x6
2025-07-14,2025-07-14,fvg,BULLISH_FVG_FAILURE x35
2025-07-14,2025-07-14,fvg,BULLISH_FVG_FIRST_FILL x35
2025-07-14,2025-07-14,fvg,BULLISH_FVG_FIRST_TOUCH x34
2025-07-14,2025-07-14,fvg,BULLISH_FVG_FORMED x39
2025-07-14,2025-07-14,fvg,BULLISH_FVG_FULL_FILL x34
2025-07-14,2025-07-14,fvg,BULLISH_FVG_MIDPOINT x35
2025-07-14,2025-07-14,fvg,BULLISH_FVG_REVISIT x130
2025-07-14,2025-07-14,hist_level,PREV_DAY_HIGH_EXACT_TOUCH x1
2025-07-14,2025-07-14,hist_level,PREV_DAY_HIGH_FIRST_TOUCH x1
2025-07-14,2025-07-14,hist_level,PREV_RTH_CLOSE_ACCEPTANCE_ABOVE x1
2025-07-14,2025-07-14,hist_level,PREV_RTH_CLOSE_ACCEPTANCE_BELOW x1
2025-07-14,2025-07-14,hist_level,PREV_RTH_CLOSE_CONTINUATION x2
2025-07-14,2025-07-14,hist_level,PREV_RTH_CLOSE_RECLAIM x2
2025-07-14,2025-07-14,hist_level,PREV_RTH_CLOSE_REJECTION x1
2025-07-14,2025-07-14,hist_level,PREV_RTH_CLOSE_REVISIT x2
2025-07-14,2025-07-14,hist_level,PREV_RTH_CLOSE_SWEEP_ABOVE x1
2025-07-14,2025-07-14,hist_level,PREV_RTH_HIGH_ACCEPTANCE_ABOVE x2
2025-07-14,2025-07-14,hist_level,PREV_RTH_HIGH_ACCEPTANCE_BELOW x2
2025-07-14,2025-07-14,hist_level,PREV_RTH_HIGH_CONTINUATION x4
2025-07-14,2025-07-14,hist_level,PREV_RTH_HIGH_EXACT_TOUCH x1
2025-07-14,2025-07-14,hist_level,PREV_RTH_HIGH_FIRST_TOUCH x1
2025-07-14,2025-07-14,hist_level,PREV_RTH_HIGH_RECLAIM x5
2025-07-14,2025-07-14,hist_level,PREV_RTH_HIGH_REJECTION x2
2025-07-14,2025-07-14,hist_level,PREV_RTH_HIGH_REVISIT x7
2025-07-14,2025-07-14,hist_level,PREV_RTH_HIGH_SWEEP_ABOVE x1
2025-07-14,2025-07-14,hist_level,PREV_RTH_HIGH_SWEEP_BELOW x1
2025-07-14,2025-07-14,ifvg,BEARISH_IFVG_ACTIVATION x35
2025-07-14,2025-07-14,ifvg,BEARISH_IFVG_FIRST_TOUCH x33
2025-07-14,2025-07-14,ifvg,BEARISH_IFVG_REINVERSION x33
2025-07-14,2025-07-14,ifvg,BEARISH_IFVG_REJECTION x68
2025-07-14,2025-07-14,ifvg,BEARISH_IFVG_REVISIT x144
2025-07-14,2025-07-14,ifvg,BULLISH_IFVG_ACTIVATION x30
2025-07-14,2025-07-14,ifvg,BULLISH_IFVG_EXPIRY x6
2025-07-14,2025-07-14,ifvg,BULLISH_IFVG_FIRST_TOUCH x25
2025-07-14,2025-07-14,ifvg,BULLISH_IFVG_REINVERSION x21
2025-07-14,2025-07-14,ifvg,BULLISH_IFVG_REJECTION x35
2025-07-14,2025-07-14,ifvg,BULLISH_IFVG_REVISIT x74
2025-07-14,2025-07-14,liquidity,EQUAL_HIGHS_ACCEPTANCE_ABOVE x108
2025-07-14,2025-07-14,liquidity,EQUAL_HIGHS_ACCEPTANCE_BELOW x93
2025-07-14,2025-07-14,liquidity,EQUAL_HIGHS_BREAK x22
2025-07-14,2025-07-14,liquidity,EQUAL_HIGHS_CONFIRMED x22
2025-07-14,2025-07-14,liquidity,EQUAL_HIGHS_CONTINUATION x170
2025-07-14,2025-07-14,liquidity,EQUAL_HIGHS_EXACT_TOUCH x34
2025-07-14,2025-07-14,liquidity,EQUAL_HIGHS_EXPIRY x22
2025-07-14,2025-07-14,liquidity,EQUAL_HIGHS_FIRST_TOUCH x22
2025-07-14,2025-07-14,liquidity,EQUAL_HIGHS_RECLAIM x229
2025-07-14,2025-07-14,liquidity,EQUAL_HIGHS_REJECTION x219
2025-07-14,2025-07-14,liquidity,EQUAL_HIGHS_REVISIT x473
2025-07-14,2025-07-14,liquidity,EQUAL_HIGHS_SWEEP_ABOVE x116
2025-07-14,2025-07-14,liquidity,EQUAL_HIGHS_SWEEP_BELOW x103
2025-07-14,2025-07-14,liquidity,EQUAL_LOWS_ACCEPTANCE_ABOVE x121
2025-07-14,2025-07-14,liquidity,EQUAL_LOWS_ACCEPTANCE_BELOW x95
2025-07-14,2025-07-14,liquidity,EQUAL_LOWS_BREAK x25
2025-07-14,2025-07-14,liquidity,EQUAL_LOWS_CONFIRMED x25
2025-07-14,2025-07-14,liquidity,EQUAL_LOWS_CONTINUATION x171
2025-07-14,2025-07-14,liquidity,EQUAL_LOWS_EXACT_TOUCH x67
2025-07-14,2025-07-14,liquidity,EQUAL_LOWS_EXPIRY x23
2025-07-14,2025-07-14,liquidity,EQUAL_LOWS_FIRST_TOUCH x26
2025-07-14,2025-07-14,liquidity,EQUAL_LOWS_RECLAIM x265
2025-07-14,2025-07-14,liquidity,EQUAL_LOWS_REJECTION x261
2025-07-14,2025-07-14,liquidity,EQUAL_LOWS_REVISIT x582
2025-07-14,2025-07-14,liquidity,EQUAL_LOWS_SWEEP_ABOVE x106
2025-07-14,2025-07-14,liquidity,EQUAL_LOWS_SWEEP_BELOW x155
2025-07-14,2025-07-14,liquidity,SWING_HIGH_ACCEPTANCE_ABOVE x267
2025-07-14,2025-07-14,liquidity,SWING_HIGH_ACCEPTANCE_BELOW x230
2025-07-14,2025-07-14,liquidity,SWING_HIGH_BREAK x58
2025-07-14,2025-07-14,liquidity,SWING_HIGH_CONFIRMED x58
2025-07-14,2025-07-14,liquidity,SWING_HIGH_CONTINUATION x422
2025-07-14,2025-07-14,liquidity,SWING_HIGH_EXACT_TOUCH x151
2025-07-14,2025-07-14,liquidity,SWING_HIGH_EXPIRY x57
2025-07-14,2025-07-14,liquidity,SWING_HIGH_FIRST_TOUCH x56
2025-07-14,2025-07-14,liquidity,SWING_HIGH_RECLAIM x594
2025-07-14,2025-07-14,liquidity,SWING_HIGH_REJECTION x475
2025-07-14,2025-07-14,liquidity,SWING_HIGH_REVISIT x1191
2025-07-14,2025-07-14,liquidity,SWING_HIGH_SWEEP_ABOVE x236
2025-07-14,2025-07-14,liquidity,SWING_HIGH_SWEEP_BELOW x239
2025-07-14,2025-07-14,liquidity,SWING_LOW_ACCEPTANCE_ABOVE x274
2025-07-14,2025-07-14,liquidity,SWING_LOW_ACCEPTANCE_BELOW x191
2025-07-14,2025-07-14,liquidity,SWING_LOW_BREAK x59
2025-07-14,2025-07-14,liquidity,SWING_LOW_CONFIRMED x59
2025-07-14,2025-07-14,liquidity,SWING_LOW_CONTINUATION x375
2025-07-14,2025-07-14,liquidity,SWING_LOW_EXACT_TOUCH x216
2025-07-14,2025-07-14,liquidity,SWING_LOW_EXPIRY x56
2025-07-14,2025-07-14,liquidity,SWING_LOW_FIRST_TOUCH x60
2025-07-14,2025-07-14,liquidity,SWING_LOW_RECLAIM x609
2025-07-14,2025-07-14,liquidity,SWING_LOW_REJECTION x532
2025-07-14,2025-07-14,liquidity,SWING_LOW_REVISIT x1318
2025-07-14,2025-07-14,liquidity,SWING_LOW_SWEEP_ABOVE x199
2025-07-14,2025-07-14,liquidity,SWING_LOW_SWEEP_BELOW x333
2025-07-14,2025-07-14,rejection_block,BEARISH_RB_CONFIRMED x12
2025-07-14,2025-07-14,rejection_block,BEARISH_RB_EXACT_TOUCH x6
2025-07-14,2025-07-14,rejection_block,BEARISH_RB_FAILURE x6
2025-07-14,2025-07-14,rejection_block,BEARISH_RB_FORMED x18
2025-07-14,2025-07-14,rejection_block,BEARISH_RB_INVALIDATION x12
2025-07-14,2025-07-14,rejection_block,BEARISH_RB_REJECTION x38
2025-07-14,2025-07-14,rejection_block,BEARISH_RB_REVISIT x60
2025-07-14,2025-07-14,rejection_block,BEARISH_RB_TAP x12
2025-07-14,2025-07-14,rejection_block,BULLISH_RB_CONFIRMED x15
2025-07-14,2025-07-14,rejection_block,BULLISH_RB_EXACT_TOUCH x13
2025-07-14,2025-07-14,rejection_block,BULLISH_RB_EXPIRY x4
2025-07-14,2025-07-14,rejection_block,BULLISH_RB_FAILURE x10
2025-07-14,2025-07-14,rejection_block,BULLISH_RB_FORMED x25
2025-07-14,2025-07-14,rejection_block,BULLISH_RB_INVALIDATION x14
2025-07-14,2025-07-14,rejection_block,BULLISH_RB_REJECTION x54
2025-07-14,2025-07-14,rejection_block,BULLISH_RB_REVISIT x115
2025-07-14,2025-07-14,rejection_block,BULLISH_RB_TAP x15
2025-07-14,2025-07-14,structure,BEARISH_EXPANSION x8
2025-07-14,2025-07-14,structure,BULLISH_EXPANSION x16
2025-07-14,2025-07-14,structure,COMPRESSION x1
2025-07-14,2025-07-14,structure,STRUCT_BREAK x1
2025-07-14,2025-07-14,structure,STRUCT_CONTINUATION x1
2025-07-14,2025-07-14,time_anchor,ANCHOR_ASIA_OPEN_ACCEPTANCE_ABOVE x3
2025-07-14,2025-07-14,time_anchor,ANCHOR_ASIA_OPEN_ACCEPTANCE_BELOW x2
2025-07-14,2025-07-14,time_anchor,ANCHOR_ASIA_OPEN_BREAK x1
2025-07-14,2025-07-14,time_anchor,ANCHOR_ASIA_OPEN_CONTINUATION x4
2025-07-14,2025-07-14,time_anchor,ANCHOR_ASIA_OPEN_EXACT_TOUCH x3
2025-07-14,2025-07-14,time_anchor,ANCHOR_ASIA_OPEN_EXPIRY x1
2025-07-14,2025-07-14,time_anchor,ANCHOR_ASIA_OPEN_FIRST_TOUCH x1
2025-07-14,2025-07-14,time_anchor,ANCHOR_ASIA_OPEN_FORMED x1
2025-07-14,2025-07-14,time_anchor,ANCHOR_ASIA_OPEN_RECLAIM x7
2025-07-14,2025-07-14,time_anchor,ANCHOR_ASIA_OPEN_REJECTION x1
2025-07-14,2025-07-14,time_anchor,ANCHOR_ASIA_OPEN_REVISIT x10
2025-07-14,2025-07-14,time_anchor,ANCHOR_ASIA_OPEN_SWEEP x1
2025-07-14,2025-07-14,vwap,VWAP_BAND_REJECT_M1_618 x23
2025-07-14,2025-07-14,vwap,VWAP_BAND_REJECT_M2_618 x6
2025-07-14,2025-07-14,vwap,VWAP_BAND_REJECT_M3_618 x1
2025-07-14,2025-07-14,vwap,VWAP_BAND_REJECT_P1_618 x4
2025-07-14,2025-07-14,vwap,VWAP_BAND_REJECT_P2_618 x3
2025-07-14,2025-07-14,vwap,VWAP_BAND_REJECT_P3_618 x1
2025-07-14,2025-07-14,vwap,VWAP_VWAP x8
2025-07-14,2025-07-14,vwap,VWAP_VWAP_ABOVE x4
2025-07-14,2025-07-14,vwap,VWAP_VWAP_BELOW x3
2025-07-14,2025-07-14,vwap,VWAP_VWAP_BOUNCE_DOWN x17
2025-07-14,2025-07-14,vwap,VWAP_VWAP_BOUNCE_UP x12
2025-07-14,2025-07-14,vwap,VWAP_VWAP_DOWN x3
2025-07-14,2025-07-14,vwap,VWAP_VWAP_UP x4
2025-07-14,2025-07-15,displacement,BAD_BEARISH_DISPLACEMENT x12
2025-07-14,2025-07-15,displacement,BAD_BULLISH_DISPLACEMENT x9
2025-07-14,2025-07-15,displacement,DISPLACEMENT_CONTINUATION x164
2025-07-14,2025-07-15,displacement,DISPLACEMENT_FAILED_CONTINUATION x48
2025-07-14,2025-07-15,displacement,GOOD_BEARISH_DISPLACEMENT x59
2025-07-14,2025-07-15,displacement,GOOD_BULLISH_DISPLACEMENT x38
2025-07-14,2025-07-15,displacement,MIXED_BEARISH_DISPLACEMENT x127
2025-07-14,2025-07-15,displacement,MIXED_BULLISH_DISPLACEMENT x147
2025-07-14,2025-07-15,fvg,BEARISH_FVG_EXACT_TOUCH x20
2025-07-14,2025-07-15,fvg,BEARISH_FVG_FAILURE x86
2025-07-14,2025-07-15,fvg,BEARISH_FVG_FIRST_FILL x93
2025-07-14,2025-07-15,fvg,BEARISH_FVG_FIRST_TOUCH x93
2025-07-14,2025-07-15,fvg,BEARISH_FVG_FORMED x96
2025-07-14,2025-07-15,fvg,BEARISH_FVG_FULL_FILL x91
2025-07-14,2025-07-15,fvg,BEARISH_FVG_MIDPOINT x91
2025-07-14,2025-07-15,fvg,BEARISH_FVG_REVISIT x388
2025-07-14,2025-07-15,fvg,BULLISH_FVG_CONTINUATION x9
2025-07-14,2025-07-15,fvg,BULLISH_FVG_EXACT_TOUCH x21
2025-07-14,2025-07-15,fvg,BULLISH_FVG_EXPIRY x18
2025-07-14,2025-07-15,fvg,BULLISH_FVG_FAILURE x102
2025-07-14,2025-07-15,fvg,BULLISH_FVG_FIRST_FILL x107
2025-07-14,2025-07-15,fvg,BULLISH_FVG_FIRST_TOUCH x107
2025-07-14,2025-07-15,fvg,BULLISH_FVG_FORMED x109
2025-07-14,2025-07-15,fvg,BULLISH_FVG_FULL_FILL x104
2025-07-14,2025-07-15,fvg,BULLISH_FVG_MIDPOINT x105
2025-07-14,2025-07-15,fvg,BULLISH_FVG_REVISIT x327
2025-07-14,2025-07-15,hist_level,HL_0900_HIGH_ACCEPTANCE_ABOVE x3
2025-07-14,2025-07-15,hist_level,HL_0900_HIGH_ACCEPTANCE_BELOW x3
2025-07-14,2025-07-15,hist_level,HL_0900_HIGH_BREAK x1
2025-07-14,2025-07-15,hist_level,HL_0900_HIGH_CONTINUATION x5
2025-07-14,2025-07-15,hist_level,HL_0900_HIGH_EXACT_TOUCH x1
2025-07-14,2025-07-15,hist_level,HL_0900_HIGH_EXPIRY x1
2025-07-14,2025-07-15,hist_level,HL_0900_HIGH_FIRST_TOUCH x1
2025-07-14,2025-07-15,hist_level,HL_0900_HIGH_FORMED x1
2025-07-14,2025-07-15,hist_level,HL_0900_HIGH_RECLAIM x6
2025-07-14,2025-07-15,hist_level,HL_0900_HIGH_REJECTION x7
2025-07-14,2025-07-15,hist_level,HL_0900_HIGH_REVISIT x13
2025-07-14,2025-07-15,hist_level,HL_0900_HIGH_SWEEP_ABOVE x2
2025-07-14,2025-07-15,hist_level,HL_0900_HIGH_SWEEP_BELOW x5
2025-07-14,2025-07-15,hist_level,HL_0900_LOW_ACCEPTANCE_ABOVE x1
2025-07-14,2025-07-15,hist_level,HL_0900_LOW_ACCEPTANCE_BELOW x2
2025-07-14,2025-07-15,hist_level,HL_0900_LOW_BREAK x1
2025-07-14,2025-07-15,hist_level,HL_0900_LOW_CONTINUATION x3
2025-07-14,2025-07-15,hist_level,HL_0900_LOW_EXACT_TOUCH x1
2025-07-14,2025-07-15,hist_level,HL_0900_LOW_EXPIRY x1
2025-07-14,2025-07-15,hist_level,HL_0900_LOW_FIRST_TOUCH x1
2025-07-14,2025-07-15,hist_level,HL_0900_LOW_FORMED x1
2025-07-14,2025-07-15,hist_level,HL_0900_LOW_RECLAIM x3
2025-07-14,2025-07-15,hist_level,HL_0900_LOW_REJECTION x5
2025-07-14,2025-07-15,hist_level,HL_0900_LOW_REVISIT x10
2025-07-14,2025-07-15,hist_level,HL_0900_LOW_SWEEP_ABOVE x3
2025-07-14,2025-07-15,hist_level,HL_0900_LOW_SWEEP_BELOW x2
2025-07-14,2025-07-15,hist_level,HL_0930_HIGH_ACCEPTANCE_BELOW x1
2025-07-14,2025-07-15,hist_level,HL_0930_HIGH_BREAK x1
2025-07-14,2025-07-15,hist_level,HL_0930_HIGH_CONTINUATION x1
2025-07-14,2025-07-15,hist_level,HL_0930_HIGH_EXPIRY x1
2025-07-14,2025-07-15,hist_level,HL_0930_HIGH_FORMED x1
2025-07-14,2025-07-15,hist_level,HL_0930_LOW_ACCEPTANCE_BELOW x1
2025-07-14,2025-07-15,hist_level,HL_0930_LOW_BREAK x1
2025-07-14,2025-07-15,hist_level,HL_0930_LOW_CONTINUATION x1
2025-07-14,2025-07-15,hist_level,HL_0930_LOW_EXPIRY x1
2025-07-14,2025-07-15,hist_level,HL_0930_LOW_FIRST_TOUCH x1
2025-07-14,2025-07-15,hist_level,HL_0930_LOW_FORMED x1
2025-07-14,2025-07-15,hist_level,HL_0930_LOW_REJECTION x2
2025-07-14,2025-07-15,hist_level,HL_0930_LOW_REVISIT x2
2025-07-14,2025-07-15,hist_level,HL_0930_LOW_SWEEP_ABOVE x2
2025-07-14,2025-07-15,hist_level,HL_1000_HIGH_ACCEPTANCE_ABOVE x9
2025-07-14,2025-07-15,hist_level,HL_1000_HIGH_ACCEPTANCE_BELOW x9
2025-07-14,2025-07-15,hist_level,HL_1000_HIGH_BREAK x1
2025-07-14,2025-07-15,hist_level,HL_1000_HIGH_CONTINUATION x15
2025-07-14,2025-07-15,hist_level,HL_1000_HIGH_EXACT_TOUCH x5
2025-07-14,2025-07-15,hist_level,HL_1000_HIGH_EXPIRY x1
2025-07-14,2025-07-15,hist_level,HL_1000_HIGH_FIRST_TOUCH x1
2025-07-14,2025-07-15,hist_level,HL_1000_HIGH_FORMED x1
2025-07-14,2025-07-15,hist_level,HL_1000_HIGH_RECLAIM x22
2025-07-14,2025-07-15,hist_level,HL_1000_HIGH_REJECTION x13
2025-07-14,2025-07-15,hist_level,HL_1000_HIGH_REVISIT x40
2025-07-14,2025-07-15,hist_level,HL_1000_HIGH_SWEEP_ABOVE x4
2025-07-14,2025-07-15,hist_level,HL_1000_HIGH_SWEEP_BELOW x9
2025-07-14,2025-07-15,hist_level,HL_1000_LOW_ACCEPTANCE_ABOVE x4
2025-07-14,2025-07-15,hist_level,HL_1000_LOW_ACCEPTANCE_BELOW x5
2025-07-14,2025-07-15,hist_level,HL_1000_LOW_BREAK x1
2025-07-14,2025-07-15,hist_level,HL_1000_LOW_CONTINUATION x8
2025-07-14,2025-07-15,hist_level,HL_1000_LOW_EXACT_TOUCH x2
2025-07-14,2025-07-15,hist_level,HL_1000_LOW_EXPIRY x1
2025-07-14,2025-07-15,hist_level,HL_1000_LOW_FIRST_TOUCH x1
2025-07-14,2025-07-15,hist_level,HL_1000_LOW_FORMED x1
2025-07-14,2025-07-15,hist_level,HL_1000_LOW_RECLAIM x9
2025-07-14,2025-07-15,hist_level,HL_1000_LOW_REJECTION x15
2025-07-14,2025-07-15,hist_level,HL_1000_LOW_REVISIT x26
2025-07-14,2025-07-15,hist_level,HL_1000_LOW_SWEEP_ABOVE x10
2025-07-14,2025-07-15,hist_level,HL_1000_LOW_SWEEP_BELOW x5
2025-07-14,2025-07-15,hist_level,PREV_3SESSION_HIGH_ACCEPTANCE_BELOW x1
2025-07-14,2025-07-15,hist_level,PREV_3SESSION_HIGH_BREAK x1
2025-07-14,2025-07-15,hist_level,PREV_3SESSION_HIGH_CONTINUATION x1
2025-07-14,2025-07-15,hist_level,PREV_3SESSION_HIGH_FORMED x1
2025-07-14,2025-07-15,hist_level,PREV_3SESSION_LOW_ACCEPTANCE_ABOVE x1
2025-07-14,2025-07-15,hist_level,PREV_3SESSION_LOW_BREAK x1
2025-07-14,2025-07-15,hist_level,PREV_3SESSION_LOW_CONTINUATION x1
2025-07-14,2025-07-15,hist_level,PREV_3SESSION_LOW_FORMED x1
2025-07-14,2025-07-15,hist_level,PREV_DAY_HIGH_ACCEPTANCE_ABOVE x14
2025-07-14,2025-07-15,hist_level,PREV_DAY_HIGH_ACCEPTANCE_BELOW x18
2025-07-14,2025-07-15,hist_level,PREV_DAY_HIGH_BREAK x1
2025-07-14,2025-07-15,hist_level,PREV_DAY_HIGH_CONTINUATION x27
2025-07-14,2025-07-15,hist_level,PREV_DAY_HIGH_EXACT_TOUCH x7
2025-07-14,2025-07-15,hist_level,PREV_DAY_HIGH_EXPIRY x1
2025-07-14,2025-07-15,hist_level,PREV_DAY_HIGH_FORMED x1
2025-07-14,2025-07-15,hist_level,PREV_DAY_HIGH_RECLAIM x48
2025-07-14,2025-07-15,hist_level,PREV_DAY_HIGH_REJECTION x37
2025-07-14,2025-07-15,hist_level,PREV_DAY_HIGH_REVISIT x94
2025-07-14,2025-07-15,hist_level,PREV_DAY_HIGH_SWEEP_ABOVE x21
2025-07-14,2025-07-15,hist_level,PREV_DAY_HIGH_SWEEP_BELOW x16
2025-07-14,2025-07-15,hist_level,PREV_DAY_LOW_ACCEPTANCE_ABOVE x1
2025-07-14,2025-07-15,hist_level,PREV_DAY_LOW_BREAK x1
2025-07-14,2025-07-15,hist_level,PREV_DAY_LOW_CONTINUATION x1
2025-07-14,2025-07-15,hist_level,PREV_DAY_LOW_EXPIRY x1
2025-07-14,2025-07-15,hist_level,PREV_DAY_LOW_FORMED x1
2025-07-14,2025-07-15,hist_level,PREV_RTH_CLOSE_ACCEPTANCE_ABOVE x1
2025-07-14,2025-07-15,hist_level,PREV_RTH_CLOSE_ACCEPTANCE_BELOW x3
2025-07-14,2025-07-15,hist_level,PREV_RTH_CLOSE_BREAK x1
2025-07-14,2025-07-15,hist_level,PREV_RTH_CLOSE_CONTINUATION x4
2025-07-14,2025-07-15,hist_level,PREV_RTH_CLOSE_EXPIRY x1
2025-07-14,2025-07-15,hist_level,PREV_RTH_CLOSE_FIRST_TOUCH x1
2025-07-14,2025-07-15,hist_level,PREV_RTH_CLOSE_FORMED x1
2025-07-14,2025-07-15,hist_level,PREV_RTH_CLOSE_RECLAIM x3
2025-07-14,2025-07-15,hist_level,PREV_RTH_CLOSE_REJECTION x7
2025-07-14,2025-07-15,hist_level,PREV_RTH_CLOSE_REVISIT x10
2025-07-14,2025-07-15,hist_level,PREV_RTH_CLOSE_SWEEP_ABOVE x5
2025-07-14,2025-07-15,hist_level,PREV_RTH_CLOSE_SWEEP_BELOW x2
2025-07-14,2025-07-15,hist_level,PREV_RTH_HIGH_ACCEPTANCE_BELOW x2
2025-07-14,2025-07-15,hist_level,PREV_RTH_HIGH_BREAK x1
2025-07-14,2025-07-15,hist_level,PREV_RTH_HIGH_CONTINUATION x2
2025-07-14,2025-07-15,hist_level,PREV_RTH_HIGH_EXPIRY x1
2025-07-14,2025-07-15,hist_level,PREV_RTH_HIGH_FORMED x1
2025-07-14,2025-07-15,hist_level,PREV_RTH_HIGH_RECLAIM x1
2025-07-14,2025-07-15,hist_level,PREV_RTH_HIGH_REVISIT x1
2025-07-14,2025-07-15,hist_level,PREV_RTH_LOW_ACCEPTANCE_BELOW x1
2025-07-14,2025-07-15,hist_level,PREV_RTH_LOW_BREAK x1
2025-07-14,2025-07-15,hist_level,PREV_RTH_LOW_CONTINUATION x1
2025-07-14,2025-07-15,hist_level,PREV_RTH_LOW_EXPIRY x1
2025-07-14,2025-07-15,hist_level,PREV_RTH_LOW_FIRST_TOUCH x1
2025-07-14,2025-07-15,hist_level,PREV_RTH_LOW_FORMED x1
2025-07-14,2025-07-15,hist_level,PREV_RTH_LOW_RECLAIM x1
2025-07-14,2025-07-15,hist_level,PREV_RTH_LOW_REJECTION x2
2025-07-14,2025-07-15,hist_level,PREV_RTH_LOW_REVISIT x2
2025-07-14,2025-07-15,hist_level,PREV_RTH_LOW_SWEEP_ABOVE x1
2025-07-14,2025-07-15,hist_level,PREV_RTH_LOW_SWEEP_BELOW x1
2025-07-14,2025-07-15,ifvg,BEARISH_IFVG_ACTIVATION x102
2025-07-14,2025-07-15,ifvg,BEARISH_IFVG_FIRST_TOUCH x100
2025-07-14,2025-07-15,ifvg,BEARISH_IFVG_REINVERSION x88
2025-07-14,2025-07-15,ifvg,BEARISH_IFVG_REJECTION x158
2025-07-14,2025-07-15,ifvg,BEARISH_IFVG_REVISIT x286
2025-07-14,2025-07-15,ifvg,BULLISH_IFVG_ACTIVATION x86
2025-07-14,2025-07-15,ifvg,BULLISH_IFVG_EXPIRY x17
2025-07-14,2025-07-15,ifvg,BULLISH_IFVG_FIRST_TOUCH x85
2025-07-14,2025-07-15,ifvg,BULLISH_IFVG_REINVERSION x79
2025-07-14,2025-07-15,ifvg,BULLISH_IFVG_REJECTION x173
2025-07-14,2025-07-15,ifvg,BULLISH_IFVG_REVISIT x329
2025-07-14,2025-07-15,liquidity,EQUAL_HIGHS_ACCEPTANCE_ABOVE x419
2025-07-14,2025-07-15,liquidity,EQUAL_HIGHS_ACCEPTANCE_BELOW x486
2025-07-14,2025-07-15,liquidity,EQUAL_HIGHS_BREAK x66
2025-07-14,2025-07-15,liquidity,EQUAL_HIGHS_CONFIRMED x66
2025-07-14,2025-07-15,liquidity,EQUAL_HIGHS_CONTINUATION x769
2025-07-14,2025-07-15,liquidity,EQUAL_HIGHS_EXACT_TOUCH x89
2025-07-14,2025-07-15,liquidity,EQUAL_HIGHS_EXPIRY x64
2025-07-14,2025-07-15,liquidity,EQUAL_HIGHS_FIRST_TOUCH x55
2025-07-14,2025-07-15,liquidity,EQUAL_HIGHS_RECLAIM x1192
2025-07-14,2025-07-15,liquidity,EQUAL_HIGHS_REJECTION x1137
2025-07-14,2025-07-15,liquidity,EQUAL_HIGHS_REVISIT x2434
2025-07-14,2025-07-15,liquidity,EQUAL_HIGHS_SWEEP_ABOVE x551
2025-07-14,2025-07-15,liquidity,EQUAL_HIGHS_SWEEP_BELOW x586
2025-07-14,2025-07-15,liquidity,EQUAL_LOWS_ACCEPTANCE_ABOVE x499
2025-07-14,2025-07-15,liquidity,EQUAL_LOWS_ACCEPTANCE_BELOW x474
2025-07-14,2025-07-15,liquidity,EQUAL_LOWS_BREAK x63
2025-07-14,2025-07-15,liquidity,EQUAL_LOWS_CONFIRMED x63
2025-07-14,2025-07-15,liquidity,EQUAL_LOWS_CONTINUATION x822
2025-07-14,2025-07-15,liquidity,EQUAL_LOWS_EXACT_TOUCH x108
2025-07-14,2025-07-15,liquidity,EQUAL_LOWS_EXPIRY x66
2025-07-14,2025-07-15,liquidity,EQUAL_LOWS_FIRST_TOUCH x65
2025-07-14,2025-07-15,liquidity,EQUAL_LOWS_RECLAIM x1275
2025-07-14,2025-07-15,liquidity,EQUAL_LOWS_REJECTION x1247
2025-07-14,2025-07-15,liquidity,EQUAL_LOWS_REVISIT x2636
2025-07-14,2025-07-15,liquidity,EQUAL_LOWS_SWEEP_ABOVE x629
2025-07-14,2025-07-15,liquidity,EQUAL_LOWS_SWEEP_BELOW x618
2025-07-14,2025-07-15,liquidity,SWING_HIGH_ACCEPTANCE_ABOVE x1206
2025-07-14,2025-07-15,liquidity,SWING_HIGH_ACCEPTANCE_BELOW x1349
2025-07-14,2025-07-15,liquidity,SWING_HIGH_BREAK x161
2025-07-14,2025-07-15,liquidity,SWING_HIGH_CONFIRMED x161
2025-07-14,2025-07-15,liquidity,SWING_HIGH_CONTINUATION x2190
2025-07-14,2025-07-15,liquidity,SWING_HIGH_EXACT_TOUCH x508
2025-07-14,2025-07-15,liquidity,SWING_HIGH_EXPIRY x144
2025-07-14,2025-07-15,liquidity,SWING_HIGH_FIRST_TOUCH x149
2025-07-14,2025-07-15,liquidity,SWING_HIGH_RECLAIM x3491
2025-07-14,2025-07-15,liquidity,SWING_HIGH_REJECTION x3167
2025-07-14,2025-07-15,liquidity,SWING_HIGH_REVISIT x7201
2025-07-14,2025-07-15,liquidity,SWING_HIGH_SWEEP_ABOVE x1552
2025-07-14,2025-07-15,liquidity,SWING_HIGH_SWEEP_BELOW x1615
2025-07-14,2025-07-15,liquidity,SWING_LOW_ACCEPTANCE_ABOVE x1248
2025-07-14,2025-07-15,liquidity,SWING_LOW_ACCEPTANCE_BELOW x1198
2025-07-14,2025-07-15,liquidity,SWING_LOW_BREAK x152
2025-07-14,2025-07-15,liquidity,SWING_LOW_CONFIRMED x152
2025-07-14,2025-07-15,liquidity,SWING_LOW_CONTINUATION x2081
2025-07-14,2025-07-15,liquidity,SWING_LOW_EXACT_TOUCH x441
2025-07-14,2025-07-15,liquidity,SWING_LOW_EXPIRY x141
2025-07-14,2025-07-15,liquidity,SWING_LOW_FIRST_TOUCH x157
2025-07-14,2025-07-15,liquidity,SWING_LOW_RECLAIM x3307
2025-07-14,2025-07-15,liquidity,SWING_LOW_REJECTION x3158
2025-07-14,2025-07-15,liquidity,SWING_LOW_REVISIT x6929
2025-07-14,2025-07-15,liquidity,SWING_LOW_SWEEP_ABOVE x1563
2025-07-14,2025-07-15,liquidity,SWING_LOW_SWEEP_BELOW x1595
2025-07-14,2025-07-15,rejection_block,BEARISH_RB_CONFIRMED x47
2025-07-14,2025-07-15,rejection_block,BEARISH_RB_EXACT_TOUCH x17
2025-07-14,2025-07-15,rejection_block,BEARISH_RB_FAILURE x21
2025-07-14,2025-07-15,rejection_block,BEARISH_RB_FORMED x68
2025-07-14,2025-07-15,rejection_block,BEARISH_RB_INVALIDATION x43
2025-07-14,2025-07-15,rejection_block,BEARISH_RB_REJECTION x141
2025-07-14,2025-07-15,rejection_block,BEARISH_RB_REVISIT x284
2025-07-14,2025-07-15,rejection_block,BEARISH_RB_TAP x46
2025-07-14,2025-07-15,rejection_block,BULLISH_RB_CONFIRMED x42
2025-07-14,2025-07-15,rejection_block,BULLISH_RB_EXACT_TOUCH x10
2025-07-14,2025-07-15,rejection_block,BULLISH_RB_EXPIRY x5
2025-07-14,2025-07-15,rejection_block,BULLISH_RB_FAILURE x24
2025-07-14,2025-07-15,rejection_block,BULLISH_RB_FORMED x66
2025-07-14,2025-07-15,rejection_block,BULLISH_RB_INVALIDATION x40
2025-07-14,2025-07-15,rejection_block,BULLISH_RB_REJECTION x104
2025-07-14,2025-07-15,rejection_block,BULLISH_RB_REVISIT x187
2025-07-14,2025-07-15,rejection_block,BULLISH_RB_TAP x42
2025-07-14,2025-07-15,structure,BEARISH_EXPANSION x40
2025-07-14,2025-07-15,structure,BULLISH_EXPANSION x33
2025-07-14,2025-07-15,structure,COMPRESSION x6
2025-07-14,2025-07-15,structure,STRUCT_BREAK x6
2025-07-14,2025-07-15,structure,STRUCT_CONTINUATION x2
2025-07-14,2025-07-15,structure,STRUCT_EXPANSION x1
2025-07-14,2025-07-15,structure,STRUCT_FAILED_CONTINUATION x4
2025-07-14,2025-07-15,time_anchor,ANCHOR_ASIA_OPEN_EXACT_TOUCH x1
2025-07-14,2025-07-15,time_anchor,ANCHOR_ASIA_OPEN_REJECTION x6
2025-07-14,2025-07-15,time_anchor,ANCHOR_ASIA_OPEN_REVISIT x7
2025-07-14,2025-07-15,time_anchor,ANCHOR_ASIA_OPEN_SWEEP x6
2025-07-14,2025-07-15,time_anchor,ANCHOR_LONDON_OPEN_ACCEPTANCE_ABOVE x13
2025-07-14,2025-07-15,time_anchor,ANCHOR_LONDON_OPEN_ACCEPTANCE_BELOW x15
2025-07-14,2025-07-15,time_anchor,ANCHOR_LONDON_OPEN_BREAK x1
2025-07-14,2025-07-15,time_anchor,ANCHOR_LONDON_OPEN_CONTINUATION x20
2025-07-14,2025-07-15,time_anchor,ANCHOR_LONDON_OPEN_EXACT_TOUCH x7
2025-07-14,2025-07-15,time_anchor,ANCHOR_LONDON_OPEN_EXPIRY x1
2025-07-14,2025-07-15,time_anchor,ANCHOR_LONDON_OPEN_FIRST_TOUCH x1
2025-07-14,2025-07-15,time_anchor,ANCHOR_LONDON_OPEN_FORMED x1
2025-07-14,2025-07-15,time_anchor,ANCHOR_LONDON_OPEN_RECLAIM x36
2025-07-14,2025-07-15,time_anchor,ANCHOR_LONDON_OPEN_REJECTION x41
2025-07-14,2025-07-15,time_anchor,ANCHOR_LONDON_OPEN_REVISIT x86
2025-07-14,2025-07-15,time_anchor,ANCHOR_LONDON_OPEN_SWEEP x41
2025-07-14,2025-07-15,time_anchor,ANCHOR_MIDNIGHT_OPEN_ACCEPTANCE_ABOVE x8
2025-07-14,2025-07-15,time_anchor,ANCHOR_MIDNIGHT_OPEN_ACCEPTANCE_BELOW x6
2025-07-14,2025-07-15,time_anchor,ANCHOR_MIDNIGHT_OPEN_BREAK x1
2025-07-14,2025-07-15,time_anchor,ANCHOR_MIDNIGHT_OPEN_CONTINUATION x8
2025-07-14,2025-07-15,time_anchor,ANCHOR_MIDNIGHT_OPEN_EXACT_TOUCH x5
2025-07-14,2025-07-15,time_anchor,ANCHOR_MIDNIGHT_OPEN_EXPIRY x1
2025-07-14,2025-07-15,time_anchor,ANCHOR_MIDNIGHT_OPEN_FIRST_TOUCH x1
2025-07-14,2025-07-15,time_anchor,ANCHOR_MIDNIGHT_OPEN_FORMED x1
2025-07-14,2025-07-15,time_anchor,ANCHOR_MIDNIGHT_OPEN_RECLAIM x18
2025-07-14,2025-07-15,time_anchor,ANCHOR_MIDNIGHT_OPEN_REJECTION x15
2025-07-14,2025-07-15,time_anchor,ANCHOR_MIDNIGHT_OPEN_REVISIT x38
2025-07-14,2025-07-15,time_anchor,ANCHOR_MIDNIGHT_OPEN_SWEEP x15
2025-07-14,2025-07-15,time_anchor,ANCHOR_NY_SESSION_OPEN_ACCEPTANCE_BELOW x1
2025-07-14,2025-07-15,time_anchor,ANCHOR_NY_SESSION_OPEN_BREAK x1
2025-07-14,2025-07-15,time_anchor,ANCHOR_NY_SESSION_OPEN_CONTINUATION x1
2025-07-14,2025-07-15,time_anchor,ANCHOR_NY_SESSION_OPEN_EXPIRY x1
2025-07-14,2025-07-15,time_anchor,ANCHOR_NY_SESSION_OPEN_FIRST_TOUCH x1
2025-07-14,2025-07-15,time_anchor,ANCHOR_NY_SESSION_OPEN_FORMED x1
2025-07-14,2025-07-15,time_anchor,ANCHOR_NY_SESSION_OPEN_REJECTION x1
2025-07-14,2025-07-15,time_anchor,ANCHOR_NY_SESSION_OPEN_REVISIT x1
2025-07-14,2025-07-15,time_anchor,ANCHOR_NY_SESSION_OPEN_SWEEP x1
2025-07-14,2025-07-15,time_anchor,ANCHOR_OPEN_0900_ACCEPTANCE_ABOVE x2
2025-07-14,2025-07-15,time_anchor,ANCHOR_OPEN_0900_ACCEPTANCE_BELOW x1
2025-07-14,2025-07-15,time_anchor,ANCHOR_OPEN_0900_BREAK x1
2025-07-14,2025-07-15,time_anchor,ANCHOR_OPEN_0900_CONTINUATION x3
2025-07-14,2025-07-15,time_anchor,ANCHOR_OPEN_0900_EXPIRY x1
2025-07-14,2025-07-15,time_anchor,ANCHOR_OPEN_0900_FIRST_TOUCH x1
2025-07-14,2025-07-15,time_anchor,ANCHOR_OPEN_0900_FORMED x1
2025-07-14,2025-07-15,time_anchor,ANCHOR_OPEN_0900_RECLAIM x8
2025-07-14,2025-07-15,time_anchor,ANCHOR_OPEN_0900_REJECTION x2
2025-07-14,2025-07-15,time_anchor,ANCHOR_OPEN_0900_REVISIT x9
2025-07-14,2025-07-15,time_anchor,ANCHOR_OPEN_0900_SWEEP x2
2025-07-14,2025-07-15,time_anchor,ANCHOR_OPEN_0930_ACCEPTANCE_BELOW x1
2025-07-14,2025-07-15,time_anchor,ANCHOR_OPEN_0930_BREAK x1
2025-07-14,2025-07-15,time_anchor,ANCHOR_OPEN_0930_CONTINUATION x1
2025-07-14,2025-07-15,time_anchor,ANCHOR_OPEN_0930_EXPIRY x1
2025-07-14,2025-07-15,time_anchor,ANCHOR_OPEN_0930_FIRST_TOUCH x1
2025-07-14,2025-07-15,time_anchor,ANCHOR_OPEN_0930_FORMED x1
2025-07-14,2025-07-15,time_anchor,ANCHOR_OPEN_0930_REJECTION x1
2025-07-14,2025-07-15,time_anchor,ANCHOR_OPEN_0930_REVISIT x1
2025-07-14,2025-07-15,time_anchor,ANCHOR_OPEN_0930_SWEEP x1
2025-07-14,2025-07-15,time_anchor,ANCHOR_OPEN_1000_ACCEPTANCE_ABOVE x10
2025-07-14,2025-07-15,time_anchor,ANCHOR_OPEN_1000_ACCEPTANCE_BELOW x8
2025-07-14,2025-07-15,time_anchor,ANCHOR_OPEN_1000_BREAK x1
2025-07-14,2025-07-15,time_anchor,ANCHOR_OPEN_1000_CONTINUATION x14
2025-07-14,2025-07-15,time_anchor,ANCHOR_OPEN_1000_EXACT_TOUCH x6
2025-07-14,2025-07-15,time_anchor,ANCHOR_OPEN_1000_EXPIRY x1
2025-07-14,2025-07-15,time_anchor,ANCHOR_OPEN_1000_FIRST_TOUCH x1
2025-07-14,2025-07-15,time_anchor,ANCHOR_OPEN_1000_FORMED x1
2025-07-14,2025-07-15,time_anchor,ANCHOR_OPEN_1000_RECLAIM x22
2025-07-14,2025-07-15,time_anchor,ANCHOR_OPEN_1000_REJECTION x20
2025-07-14,2025-07-15,time_anchor,ANCHOR_OPEN_1000_REVISIT x46
2025-07-14,2025-07-15,time_anchor,ANCHOR_OPEN_1000_SWEEP x20
2025-07-14,2025-07-15,vwap,VWAP_BAND_REJECT_M1_618 x25
2025-07-14,2025-07-15,vwap,VWAP_BAND_REJECT_M2_618 x8
2025-07-14,2025-07-15,vwap,VWAP_BAND_REJECT_P1_618 x37
2025-07-14,2025-07-15,vwap,VWAP_BAND_REJECT_P2_618 x4
2025-07-14,2025-07-15,vwap,VWAP_BAND_REJECT_P3_618 x1
2025-07-14,2025-07-15,vwap,VWAP_VWAP x33
2025-07-14,2025-07-15,vwap,VWAP_VWAP_ABOVE x12
2025-07-14,2025-07-15,vwap,VWAP_VWAP_BELOW x17
2025-07-14,2025-07-15,vwap,VWAP_VWAP_BOUNCE_DOWN x51
2025-07-14,2025-07-15,vwap,VWAP_VWAP_BOUNCE_UP x39
2025-07-14,2025-07-15,vwap,VWAP_VWAP_DOWN x24
2025-07-14,2025-07-15,vwap,VWAP_VWAP_UP x24
2025-07-15,2025-07-15,displacement,BAD_BEARISH_DISPLACEMENT x5
2025-07-15,2025-07-15,displacement,BAD_BULLISH_DISPLACEMENT x8
2025-07-15,2025-07-15,displacement,DISPLACEMENT_CONTINUATION x60
2025-07-15,2025-07-15,displacement,DISPLACEMENT_FAILED_CONTINUATION x18
2025-07-15,2025-07-15,displacement,GOOD_BEARISH_DISPLACEMENT x17
2025-07-15,2025-07-15,displacement,GOOD_BULLISH_DISPLACEMENT x23
2025-07-15,2025-07-15,displacement,MIXED_BEARISH_DISPLACEMENT x52
2025-07-15,2025-07-15,displacement,MIXED_BULLISH_DISPLACEMENT x44
2025-07-15,2025-07-15,fvg,BEARISH_FVG_CONTINUATION x3
2025-07-15,2025-07-15,fvg,BEARISH_FVG_EXACT_TOUCH x9
2025-07-15,2025-07-15,fvg,BEARISH_FVG_EXPIRY x10
2025-07-15,2025-07-15,fvg,BEARISH_FVG_FAILURE x35
2025-07-15,2025-07-15,fvg,BEARISH_FVG_FIRST_FILL x36
2025-07-15,2025-07-15,fvg,BEARISH_FVG_FIRST_TOUCH x36
2025-07-15,2025-07-15,fvg,BEARISH_FVG_FORMED x37
2025-07-15,2025-07-15,fvg,BEARISH_FVG_FULL_FILL x34
2025-07-15,2025-07-15,fvg,BEARISH_FVG_MIDPOINT x35
2025-07-15,2025-07-15,fvg,BEARISH_FVG_REVISIT x112
2025-07-15,2025-07-15,fvg,BULLISH_FVG_EXACT_TOUCH x11
2025-07-15,2025-07-15,fvg,BULLISH_FVG_FAILURE x39
2025-07-15,2025-07-15,fvg,BULLISH_FVG_FIRST_FILL x44
2025-07-15,2025-07-15,fvg,BULLISH_FVG_FIRST_TOUCH x44
2025-07-15,2025-07-15,fvg,BULLISH_FVG_FORMED x45
2025-07-15,2025-07-15,fvg,BULLISH_FVG_FULL_FILL x41
2025-07-15,2025-07-15,fvg,BULLISH_FVG_MIDPOINT x44
2025-07-15,2025-07-15,fvg,BULLISH_FVG_REVISIT x131
2025-07-15,2025-07-15,hist_level,PREV_DAY_LOW_EXACT_TOUCH x1
2025-07-15,2025-07-15,hist_level,PREV_DAY_LOW_FIRST_TOUCH x1
2025-07-15,2025-07-15,ifvg,BEARISH_IFVG_ACTIVATION x39
2025-07-15,2025-07-15,ifvg,BEARISH_IFVG_EXPIRY x11
2025-07-15,2025-07-15,ifvg,BEARISH_IFVG_FIRST_TOUCH x36
2025-07-15,2025-07-15,ifvg,BEARISH_IFVG_REINVERSION x38
2025-07-15,2025-07-15,ifvg,BEARISH_IFVG_REJECTION x75
2025-07-15,2025-07-15,ifvg,BEARISH_IFVG_REVISIT x123
2025-07-15,2025-07-15,ifvg,BULLISH_IFVG_ACTIVATION x35
2025-07-15,2025-07-15,ifvg,BULLISH_IFVG_FIRST_TOUCH x33
2025-07-15,2025-07-15,ifvg,BULLISH_IFVG_REINVERSION x30
2025-07-15,2025-07-15,ifvg,BULLISH_IFVG_REJECTION x76
2025-07-15,2025-07-15,ifvg,BULLISH_IFVG_REVISIT x186
2025-07-15,2025-07-15,liquidity,EQUAL_HIGHS_ACCEPTANCE_ABOVE x171
2025-07-15,2025-07-15,liquidity,EQUAL_HIGHS_ACCEPTANCE_BELOW x201
2025-07-15,2025-07-15,liquidity,EQUAL_HIGHS_BREAK x32
2025-07-15,2025-07-15,liquidity,EQUAL_HIGHS_CONFIRMED x32
2025-07-15,2025-07-15,liquidity,EQUAL_HIGHS_CONTINUATION x316
2025-07-15,2025-07-15,liquidity,EQUAL_HIGHS_EXACT_TOUCH x58
2025-07-15,2025-07-15,liquidity,EQUAL_HIGHS_EXPIRY x23
2025-07-15,2025-07-15,liquidity,EQUAL_HIGHS_FIRST_TOUCH x30
2025-07-15,2025-07-15,liquidity,EQUAL_HIGHS_RECLAIM x444
2025-07-15,2025-07-15,liquidity,EQUAL_HIGHS_REJECTION x417
2025-07-15,2025-07-15,liquidity,EQUAL_HIGHS_REVISIT x906
2025-07-15,2025-07-15,liquidity,EQUAL_HIGHS_SWEEP_ABOVE x205
2025-07-15,2025-07-15,liquidity,EQUAL_HIGHS_SWEEP_BELOW x212
2025-07-15,2025-07-15,liquidity,EQUAL_LOWS_ACCEPTANCE_ABOVE x203
2025-07-15,2025-07-15,liquidity,EQUAL_LOWS_ACCEPTANCE_BELOW x178
2025-07-15,2025-07-15,liquidity,EQUAL_LOWS_BREAK x28
2025-07-15,2025-07-15,liquidity,EQUAL_LOWS_CONFIRMED x28
2025-07-15,2025-07-15,liquidity,EQUAL_LOWS_CONTINUATION x338
2025-07-15,2025-07-15,liquidity,EQUAL_LOWS_EXACT_TOUCH x63
2025-07-15,2025-07-15,liquidity,EQUAL_LOWS_EXPIRY x28
2025-07-15,2025-07-15,liquidity,EQUAL_LOWS_FIRST_TOUCH x26
2025-07-15,2025-07-15,liquidity,EQUAL_LOWS_RECLAIM x467
2025-07-15,2025-07-15,liquidity,EQUAL_LOWS_REJECTION x449
2025-07-15,2025-07-15,liquidity,EQUAL_LOWS_REVISIT x956
2025-07-15,2025-07-15,liquidity,EQUAL_LOWS_SWEEP_ABOVE x220
2025-07-15,2025-07-15,liquidity,EQUAL_LOWS_SWEEP_BELOW x229
2025-07-15,2025-07-15,liquidity,SWING_HIGH_ACCEPTANCE_ABOVE x334
2025-07-15,2025-07-15,liquidity,SWING_HIGH_ACCEPTANCE_BELOW x404
2025-07-15,2025-07-15,liquidity,SWING_HIGH_BREAK x56
2025-07-15,2025-07-15,liquidity,SWING_HIGH_CONFIRMED x56
2025-07-15,2025-07-15,liquidity,SWING_HIGH_CONTINUATION x625
2025-07-15,2025-07-15,liquidity,SWING_HIGH_EXACT_TOUCH x251
2025-07-15,2025-07-15,liquidity,SWING_HIGH_EXPIRY x60
2025-07-15,2025-07-15,liquidity,SWING_HIGH_FIRST_TOUCH x55
2025-07-15,2025-07-15,liquidity,SWING_HIGH_RECLAIM x942
2025-07-15,2025-07-15,liquidity,SWING_HIGH_REJECTION x761
2025-07-15,2025-07-15,liquidity,SWING_HIGH_REVISIT x1929
2025-07-15,2025-07-15,liquidity,SWING_HIGH_SWEEP_ABOVE x394
2025-07-15,2025-07-15,liquidity,SWING_HIGH_SWEEP_BELOW x367
2025-07-15,2025-07-15,liquidity,SWING_LOW_ACCEPTANCE_ABOVE x425
2025-07-15,2025-07-15,liquidity,SWING_LOW_ACCEPTANCE_BELOW x365
2025-07-15,2025-07-15,liquidity,SWING_LOW_BREAK x57
2025-07-15,2025-07-15,liquidity,SWING_LOW_CONFIRMED x57
2025-07-15,2025-07-15,liquidity,SWING_LOW_CONTINUATION x696
2025-07-15,2025-07-15,liquidity,SWING_LOW_EXACT_TOUCH x289
2025-07-15,2025-07-15,liquidity,SWING_LOW_EXPIRY x62
2025-07-15,2025-07-15,liquidity,SWING_LOW_FIRST_TOUCH x54
2025-07-15,2025-07-15,liquidity,SWING_LOW_RECLAIM x1001
2025-07-15,2025-07-15,liquidity,SWING_LOW_REJECTION x791
2025-07-15,2025-07-15,liquidity,SWING_LOW_REVISIT x2061
2025-07-15,2025-07-15,liquidity,SWING_LOW_SWEEP_ABOVE x370
2025-07-15,2025-07-15,liquidity,SWING_LOW_SWEEP_BELOW x421
2025-07-15,2025-07-15,rejection_block,BEARISH_RB_CONFIRMED x8
2025-07-15,2025-07-15,rejection_block,BEARISH_RB_EXACT_TOUCH x4
2025-07-15,2025-07-15,rejection_block,BEARISH_RB_EXPIRY x5
2025-07-15,2025-07-15,rejection_block,BEARISH_RB_FAILURE x7
2025-07-15,2025-07-15,rejection_block,BEARISH_RB_FORMED x15
2025-07-15,2025-07-15,rejection_block,BEARISH_RB_INVALIDATION x6
2025-07-15,2025-07-15,rejection_block,BEARISH_RB_REJECTION x9
2025-07-15,2025-07-15,rejection_block,BEARISH_RB_REVISIT x15
2025-07-15,2025-07-15,rejection_block,BEARISH_RB_TAP x8
2025-07-15,2025-07-15,rejection_block,BULLISH_RB_CONFIRMED x13
2025-07-15,2025-07-15,rejection_block,BULLISH_RB_EXACT_TOUCH x4
2025-07-15,2025-07-15,rejection_block,BULLISH_RB_FAILURE x6
2025-07-15,2025-07-15,rejection_block,BULLISH_RB_FORMED x19
2025-07-15,2025-07-15,rejection_block,BULLISH_RB_INVALIDATION x13
2025-07-15,2025-07-15,rejection_block,BULLISH_RB_REJECTION x24
2025-07-15,2025-07-15,rejection_block,BULLISH_RB_REVISIT x63
2025-07-15,2025-07-15,rejection_block,BULLISH_RB_TAP x12
2025-07-15,2025-07-15,structure,BEARISH_EXPANSION x15
2025-07-15,2025-07-15,structure,BULLISH_EXPANSION x11
2025-07-15,2025-07-15,structure,COMPRESSION x2
2025-07-15,2025-07-15,structure,STRUCT_BREAK x2
2025-07-15,2025-07-15,structure,STRUCT_CONTINUATION x1
2025-07-15,2025-07-15,structure,STRUCT_FAILED_CONTINUATION x1
2025-07-15,2025-07-15,time_anchor,ANCHOR_ASIA_OPEN_ACCEPTANCE_ABOVE x10
2025-07-15,2025-07-15,time_anchor,ANCHOR_ASIA_OPEN_ACCEPTANCE_BELOW x11
2025-07-15,2025-07-15,time_anchor,ANCHOR_ASIA_OPEN_BREAK x1
2025-07-15,2025-07-15,time_anchor,ANCHOR_ASIA_OPEN_CONTINUATION x15
2025-07-15,2025-07-15,time_anchor,ANCHOR_ASIA_OPEN_EXACT_TOUCH x3
2025-07-15,2025-07-15,time_anchor,ANCHOR_ASIA_OPEN_EXPIRY x1
2025-07-15,2025-07-15,time_anchor,ANCHOR_ASIA_OPEN_FIRST_TOUCH x1
2025-07-15,2025-07-15,time_anchor,ANCHOR_ASIA_OPEN_FORMED x1
2025-07-15,2025-07-15,time_anchor,ANCHOR_ASIA_OPEN_RECLAIM x24
2025-07-15,2025-07-15,time_anchor,ANCHOR_ASIA_OPEN_REJECTION x17
2025-07-15,2025-07-15,time_anchor,ANCHOR_ASIA_OPEN_REVISIT x44
2025-07-15,2025-07-15,time_anchor,ANCHOR_ASIA_OPEN_SWEEP x17
2025-07-15,2025-07-15,vwap,VWAP_BAND_REJECT_M1_618 x10
2025-07-15,2025-07-15,vwap,VWAP_BAND_REJECT_M2_618 x3
2025-07-15,2025-07-15,vwap,VWAP_BAND_REJECT_M3_618 x5
2025-07-15,2025-07-15,vwap,VWAP_BAND_REJECT_P1_618 x8
2025-07-15,2025-07-15,vwap,VWAP_BAND_REJECT_P2_618 x5
2025-07-15,2025-07-15,vwap,VWAP_BAND_REJECT_P3_618 x4
2025-07-15,2025-07-15,vwap,VWAP_VWAP x18
2025-07-15,2025-07-15,vwap,VWAP_VWAP_ABOVE x6
2025-07-15,2025-07-15,vwap,VWAP_VWAP_BELOW x6
2025-07-15,2025-07-15,vwap,VWAP_VWAP_BOUNCE_DOWN x23
2025-07-15,2025-07-15,vwap,VWAP_VWAP_BOUNCE_UP x22
2025-07-15,2025-07-15,vwap,VWAP_VWAP_DOWN x11
2025-07-15,2025-07-15,vwap,VWAP_VWAP_UP x11
2025-07-15,2025-07-16,displacement,BAD_BEARISH_DISPLACEMENT x10
2025-07-15,2025-07-16,displacement,BAD_BULLISH_DISPLACEMENT x8
2025-07-15,2025-07-16,displacement,DISPLACEMENT_CONTINUATION x163
2025-07-15,2025-07-16,displacement,DISPLACEMENT_FAILED_CONTINUATION x33
2025-07-15,2025-07-16,displacement,GOOD_BEARISH_DISPLACEMENT x55
2025-07-15,2025-07-16,displacement,GOOD_BULLISH_DISPLACEMENT x44
2025-07-15,2025-07-16,displacement,MIXED_BEARISH_DISPLACEMENT x134
2025-07-15,2025-07-16,displacement,MIXED_BULLISH_DISPLACEMENT x134
2025-07-15,2025-07-16,fvg,BEARISH_FVG_CONTINUATION x2
2025-07-15,2025-07-16,fvg,BEARISH_FVG_EXACT_TOUCH x14
2025-07-15,2025-07-16,fvg,BEARISH_FVG_EXPIRY x5
2025-07-15,2025-07-16,fvg,BEARISH_FVG_FAILURE x95
2025-07-15,2025-07-16,fvg,BEARISH_FVG_FIRST_FILL x97
2025-07-15,2025-07-16,fvg,BEARISH_FVG_FIRST_TOUCH x97
2025-07-15,2025-07-16,fvg,BEARISH_FVG_FORMED x96
2025-07-15,2025-07-16,fvg,BEARISH_FVG_FULL_FILL x97
2025-07-15,2025-07-16,fvg,BEARISH_FVG_MIDPOINT x96
2025-07-15,2025-07-16,fvg,BEARISH_FVG_REVISIT x376
2025-07-15,2025-07-16,fvg,BULLISH_FVG_EXACT_TOUCH x24
2025-07-15,2025-07-16,fvg,BULLISH_FVG_FAILURE x112
2025-07-15,2025-07-16,fvg,BULLISH_FVG_FIRST_FILL x111
2025-07-15,2025-07-16,fvg,BULLISH_FVG_FIRST_TOUCH x111
2025-07-15,2025-07-16,fvg,BULLISH_FVG_FORMED x119
2025-07-15,2025-07-16,fvg,BULLISH_FVG_FULL_FILL x111
2025-07-15,2025-07-16,fvg,BULLISH_FVG_MIDPOINT x110
2025-07-15,2025-07-16,fvg,BULLISH_FVG_REVISIT x425
2025-07-15,2025-07-16,hist_level,HL_0900_HIGH_ACCEPTANCE_ABOVE x3
2025-07-15,2025-07-16,hist_level,HL_0900_HIGH_ACCEPTANCE_BELOW x7
2025-07-15,2025-07-16,hist_level,HL_0900_HIGH_BREAK x1
2025-07-15,2025-07-16,hist_level,HL_0900_HIGH_CONTINUATION x9
2025-07-15,2025-07-16,hist_level,HL_0900_HIGH_EXACT_TOUCH x3
2025-07-15,2025-07-16,hist_level,HL_0900_HIGH_EXPIRY x1
2025-07-15,2025-07-16,hist_level,HL_0900_HIGH_FIRST_TOUCH x1
2025-07-15,2025-07-16,hist_level,HL_0900_HIGH_FORMED x1
2025-07-15,2025-07-16,hist_level,HL_0900_HIGH_RECLAIM x14
2025-07-15,2025-07-16,hist_level,HL_0900_HIGH_REJECTION x14
2025-07-15,2025-07-16,hist_level,HL_0900_HIGH_REVISIT x31
2025-07-15,2025-07-16,hist_level,HL_0900_HIGH_SWEEP_ABOVE x11
2025-07-15,2025-07-16,hist_level,HL_0900_HIGH_SWEEP_BELOW x3
2025-07-15,2025-07-16,hist_level,HL_0900_LOW_ACCEPTANCE_ABOVE x7
2025-07-15,2025-07-16,hist_level,HL_0900_LOW_ACCEPTANCE_BELOW x7
2025-07-15,2025-07-16,hist_level,HL_0900_LOW_BREAK x1
2025-07-15,2025-07-16,hist_level,HL_0900_LOW_CONTINUATION x14
2025-07-15,2025-07-16,hist_level,HL_0900_LOW_EXACT_TOUCH x5
2025-07-15,2025-07-16,hist_level,HL_0900_LOW_EXPIRY x1
2025-07-15,2025-07-16,hist_level,HL_0900_LOW_FIRST_TOUCH x1
2025-07-15,2025-07-16,hist_level,HL_0900_LOW_FORMED x1
2025-07-15,2025-07-16,hist_level,HL_0900_LOW_RECLAIM x18
2025-07-15,2025-07-16,hist_level,HL_0900_LOW_REJECTION x20
2025-07-15,2025-07-16,hist_level,HL_0900_LOW_REVISIT x47
2025-07-15,2025-07-16,hist_level,HL_0900_LOW_SWEEP_ABOVE x6
2025-07-15,2025-07-16,hist_level,HL_0900_LOW_SWEEP_BELOW x14
2025-07-15,2025-07-16,hist_level,HL_0930_HIGH_ACCEPTANCE_ABOVE x2
2025-07-15,2025-07-16,hist_level,HL_0930_HIGH_ACCEPTANCE_BELOW x2
2025-07-15,2025-07-16,hist_level,HL_0930_HIGH_BREAK x1
2025-07-15,2025-07-16,hist_level,HL_0930_HIGH_CONTINUATION x4
2025-07-15,2025-07-16,hist_level,HL_0930_HIGH_EXACT_TOUCH x1
2025-07-15,2025-07-16,hist_level,HL_0930_HIGH_EXPIRY x1
2025-07-15,2025-07-16,hist_level,HL_0930_HIGH_FIRST_TOUCH x1
2025-07-15,2025-07-16,hist_level,HL_0930_HIGH_FORMED x1
2025-07-15,2025-07-16,hist_level,HL_0930_HIGH_RECLAIM x4
2025-07-15,2025-07-16,hist_level,HL_0930_HIGH_REJECTION x4
2025-07-15,2025-07-16,hist_level,HL_0930_HIGH_REVISIT x8
2025-07-15,2025-07-16,hist_level,HL_0930_HIGH_SWEEP_ABOVE x2
2025-07-15,2025-07-16,hist_level,HL_0930_HIGH_SWEEP_BELOW x2
2025-07-15,2025-07-16,hist_level,HL_0930_LOW_ACCEPTANCE_ABOVE x6
2025-07-15,2025-07-16,hist_level,HL_0930_LOW_ACCEPTANCE_BELOW x6
2025-07-15,2025-07-16,hist_level,HL_0930_LOW_BREAK x1
2025-07-15,2025-07-16,hist_level,HL_0930_LOW_CONTINUATION x10
2025-07-15,2025-07-16,hist_level,HL_0930_LOW_EXACT_TOUCH x4
2025-07-15,2025-07-16,hist_level,HL_0930_LOW_EXPIRY x1
2025-07-15,2025-07-16,hist_level,HL_0930_LOW_FIRST_TOUCH x1
2025-07-15,2025-07-16,hist_level,HL_0930_LOW_FORMED x1
2025-07-15,2025-07-16,hist_level,HL_0930_LOW_RECLAIM x16
2025-07-15,2025-07-16,hist_level,HL_0930_LOW_REJECTION x15
2025-07-15,2025-07-16,hist_level,HL_0930_LOW_REVISIT x36
2025-07-15,2025-07-16,hist_level,HL_0930_LOW_SWEEP_ABOVE x8
2025-07-15,2025-07-16,hist_level,HL_0930_LOW_SWEEP_BELOW x7
2025-07-15,2025-07-16,hist_level,HL_1000_HIGH_ACCEPTANCE_ABOVE x9
2025-07-15,2025-07-16,hist_level,HL_1000_HIGH_ACCEPTANCE_BELOW x6
2025-07-15,2025-07-16,hist_level,HL_1000_HIGH_BREAK x1
2025-07-15,2025-07-16,hist_level,HL_1000_HIGH_CONTINUATION x12
2025-07-15,2025-07-16,hist_level,HL_1000_HIGH_EXACT_TOUCH x1
2025-07-15,2025-07-16,hist_level,HL_1000_HIGH_EXPIRY x1
2025-07-15,2025-07-16,hist_level,HL_1000_HIGH_FIRST_TOUCH x1
2025-07-15,2025-07-16,hist_level,HL_1000_HIGH_FORMED x1
2025-07-15,2025-07-16,hist_level,HL_1000_HIGH_RECLAIM x27
2025-07-15,2025-07-16,hist_level,HL_1000_HIGH_REJECTION x19
2025-07-15,2025-07-16,hist_level,HL_1000_HIGH_REVISIT x47
2025-07-15,2025-07-16,hist_level,HL_1000_HIGH_SWEEP_ABOVE x7
2025-07-15,2025-07-16,hist_level,HL_1000_HIGH_SWEEP_BELOW x12
2025-07-15,2025-07-16,hist_level,HL_1000_LOW_ACCEPTANCE_ABOVE x4
2025-07-15,2025-07-16,hist_level,HL_1000_LOW_ACCEPTANCE_BELOW x3
2025-07-15,2025-07-16,hist_level,HL_1000_LOW_BREAK x1
2025-07-15,2025-07-16,hist_level,HL_1000_LOW_CONTINUATION x6
2025-07-15,2025-07-16,hist_level,HL_1000_LOW_EXPIRY x1
2025-07-15,2025-07-16,hist_level,HL_1000_LOW_FIRST_TOUCH x1
2025-07-15,2025-07-16,hist_level,HL_1000_LOW_FORMED x1
2025-07-15,2025-07-16,hist_level,HL_1000_LOW_RECLAIM x6
2025-07-15,2025-07-16,hist_level,HL_1000_LOW_REJECTION x7
2025-07-15,2025-07-16,hist_level,HL_1000_LOW_REVISIT x12
2025-07-15,2025-07-16,hist_level,HL_1000_LOW_SWEEP_ABOVE x3
2025-07-15,2025-07-16,hist_level,HL_1000_LOW_SWEEP_BELOW x4
2025-07-15,2025-07-16,hist_level,PREV_3SESSION_HIGH_ACCEPTANCE_BELOW x1
2025-07-15,2025-07-16,hist_level,PREV_3SESSION_HIGH_BREAK x1
2025-07-15,2025-07-16,hist_level,PREV_3SESSION_HIGH_CONTINUATION x1
2025-07-15,2025-07-16,hist_level,PREV_3SESSION_HIGH_EXPIRY x1
2025-07-15,2025-07-16,hist_level,PREV_3SESSION_HIGH_FORMED x1
2025-07-15,2025-07-16,hist_level,PREV_3SESSION_LOW_ACCEPTANCE_ABOVE x1
2025-07-15,2025-07-16,hist_level,PREV_3SESSION_LOW_BREAK x1
2025-07-15,2025-07-16,hist_level,PREV_3SESSION_LOW_CONTINUATION x1
2025-07-15,2025-07-16,hist_level,PREV_3SESSION_LOW_EXPIRY x1
2025-07-15,2025-07-16,hist_level,PREV_3SESSION_LOW_FORMED x1
2025-07-15,2025-07-16,hist_level,PREV_DAY_HIGH_ACCEPTANCE_BELOW x1
2025-07-15,2025-07-16,hist_level,PREV_DAY_HIGH_BREAK x1
2025-07-15,2025-07-16,hist_level,PREV_DAY_HIGH_CONTINUATION x1
2025-07-15,2025-07-16,hist_level,PREV_DAY_HIGH_EXPIRY x1
2025-07-15,2025-07-16,hist_level,PREV_DAY_HIGH_FORMED x1
2025-07-15,2025-07-16,hist_level,PREV_DAY_LOW_ACCEPTANCE_ABOVE x14
2025-07-15,2025-07-16,hist_level,PREV_DAY_LOW_ACCEPTANCE_BELOW x9
2025-07-15,2025-07-16,hist_level,PREV_DAY_LOW_BREAK x1
2025-07-15,2025-07-16,hist_level,PREV_DAY_LOW_CONTINUATION x19
2025-07-15,2025-07-16,hist_level,PREV_DAY_LOW_EXACT_TOUCH x4
2025-07-15,2025-07-16,hist_level,PREV_DAY_LOW_EXPIRY x1
2025-07-15,2025-07-16,hist_level,PREV_DAY_LOW_FORMED x1
2025-07-15,2025-07-16,hist_level,PREV_DAY_LOW_RECLAIM x32
2025-07-15,2025-07-16,hist_level,PREV_DAY_LOW_REJECTION x32
2025-07-15,2025-07-16,hist_level,PREV_DAY_LOW_REVISIT x68
2025-07-15,2025-07-16,hist_level,PREV_DAY_LOW_SWEEP_ABOVE x9
2025-07-15,2025-07-16,hist_level,PREV_DAY_LOW_SWEEP_BELOW x23
2025-07-15,2025-07-16,hist_level,PREV_RTH_CLOSE_ACCEPTANCE_ABOVE x5
2025-07-15,2025-07-16,hist_level,PREV_RTH_CLOSE_ACCEPTANCE_BELOW x5
2025-07-15,2025-07-16,hist_level,PREV_RTH_CLOSE_BREAK x1
2025-07-15,2025-07-16,hist_level,PREV_RTH_CLOSE_CONTINUATION x8
2025-07-15,2025-07-16,hist_level,PREV_RTH_CLOSE_EXACT_TOUCH x4
2025-07-15,2025-07-16,hist_level,PREV_RTH_CLOSE_EXPIRY x1
2025-07-15,2025-07-16,hist_level,PREV_RTH_CLOSE_FIRST_TOUCH x1
2025-07-15,2025-07-16,hist_level,PREV_RTH_CLOSE_FORMED x1
2025-07-15,2025-07-16,hist_level,PREV_RTH_CLOSE_RECLAIM x15
2025-07-15,2025-07-16,hist_level,PREV_RTH_CLOSE_REJECTION x16
2025-07-15,2025-07-16,hist_level,PREV_RTH_CLOSE_REVISIT x37
2025-07-15,2025-07-16,hist_level,PREV_RTH_CLOSE_SWEEP_ABOVE x9
2025-07-15,2025-07-16,hist_level,PREV_RTH_CLOSE_SWEEP_BELOW x7
2025-07-15,2025-07-16,hist_level,PREV_RTH_HIGH_ACCEPTANCE_BELOW x1
2025-07-15,2025-07-16,hist_level,PREV_RTH_HIGH_BREAK x1
2025-07-15,2025-07-16,hist_level,PREV_RTH_HIGH_CONTINUATION x1
2025-07-15,2025-07-16,hist_level,PREV_RTH_HIGH_EXPIRY x1
2025-07-15,2025-07-16,hist_level,PREV_RTH_HIGH_FORMED x1
2025-07-15,2025-07-16,hist_level,PREV_RTH_LOW_ACCEPTANCE_ABOVE x5
2025-07-15,2025-07-16,hist_level,PREV_RTH_LOW_ACCEPTANCE_BELOW x4
2025-07-15,2025-07-16,hist_level,PREV_RTH_LOW_BREAK x1
2025-07-15,2025-07-16,hist_level,PREV_RTH_LOW_CONTINUATION x7
2025-07-15,2025-07-16,hist_level,PREV_RTH_LOW_EXACT_TOUCH x2
2025-07-15,2025-07-16,hist_level,PREV_RTH_LOW_EXPIRY x1
2025-07-15,2025-07-16,hist_level,PREV_RTH_LOW_FORMED x1
2025-07-15,2025-07-16,hist_level,PREV_RTH_LOW_RECLAIM x13
2025-07-15,2025-07-16,hist_level,PREV_RTH_LOW_REJECTION x14
2025-07-15,2025-07-16,hist_level,PREV_RTH_LOW_REVISIT x30
2025-07-15,2025-07-16,hist_level,PREV_RTH_LOW_SWEEP_ABOVE x5
2025-07-15,2025-07-16,hist_level,PREV_RTH_LOW_SWEEP_BELOW x9
2025-07-15,2025-07-16,ifvg,BEARISH_IFVG_ACTIVATION x112
2025-07-15,2025-07-16,ifvg,BEARISH_IFVG_EXPIRY x2
2025-07-15,2025-07-16,ifvg,BEARISH_IFVG_FIRST_TOUCH x114
2025-07-15,2025-07-16,ifvg,BEARISH_IFVG_REINVERSION x112
2025-07-15,2025-07-16,ifvg,BEARISH_IFVG_REJECTION x197
2025-07-15,2025-07-16,ifvg,BEARISH_IFVG_REVISIT x325
2025-07-15,2025-07-16,ifvg,BULLISH_IFVG_ACTIVATION x95
2025-07-15,2025-07-16,ifvg,BULLISH_IFVG_FIRST_TOUCH x91
2025-07-15,2025-07-16,ifvg,BULLISH_IFVG_REINVERSION x90
2025-07-15,2025-07-16,ifvg,BULLISH_IFVG_REJECTION x185
2025-07-15,2025-07-16,ifvg,BULLISH_IFVG_REVISIT x366
2025-07-15,2025-07-16,liquidity,EQUAL_HIGHS_ACCEPTANCE_ABOVE x958
2025-07-15,2025-07-16,liquidity,EQUAL_HIGHS_ACCEPTANCE_BELOW x985
2025-07-15,2025-07-16,liquidity,EQUAL_HIGHS_BREAK x75
2025-07-15,2025-07-16,liquidity,EQUAL_HIGHS_CONFIRMED x75
2025-07-15,2025-07-16,liquidity,EQUAL_HIGHS_CONTINUATION x1585
2025-07-15,2025-07-16,liquidity,EQUAL_HIGHS_EXACT_TOUCH x164
2025-07-15,2025-07-16,liquidity,EQUAL_HIGHS_EXPIRY x66
2025-07-15,2025-07-16,liquidity,EQUAL_HIGHS_FIRST_TOUCH x75
2025-07-15,2025-07-16,liquidity,EQUAL_HIGHS_RECLAIM x2687
2025-07-15,2025-07-16,liquidity,EQUAL_HIGHS_REJECTION x2586
2025-07-15,2025-07-16,liquidity,EQUAL_HIGHS_REVISIT x5454
2025-07-15,2025-07-16,liquidity,EQUAL_HIGHS_SWEEP_ABOVE x1427
2025-07-15,2025-07-16,liquidity,EQUAL_HIGHS_SWEEP_BELOW x1159
2025-07-15,2025-07-16,liquidity,EQUAL_LOWS_ACCEPTANCE_ABOVE x959
2025-07-15,2025-07-16,liquidity,EQUAL_LOWS_ACCEPTANCE_BELOW x848
2025-07-15,2025-07-16,liquidity,EQUAL_LOWS_BREAK x71
2025-07-15,2025-07-16,liquidity,EQUAL_LOWS_CONFIRMED x71
2025-07-15,2025-07-16,liquidity,EQUAL_LOWS_CONTINUATION x1480
2025-07-15,2025-07-16,liquidity,EQUAL_LOWS_EXACT_TOUCH x166
2025-07-15,2025-07-16,liquidity,EQUAL_LOWS_EXPIRY x61
2025-07-15,2025-07-16,liquidity,EQUAL_LOWS_FIRST_TOUCH x71
2025-07-15,2025-07-16,liquidity,EQUAL_LOWS_RECLAIM x2477
2025-07-15,2025-07-16,liquidity,EQUAL_LOWS_REJECTION x2339
2025-07-15,2025-07-16,liquidity,EQUAL_LOWS_REVISIT x5022
2025-07-15,2025-07-16,liquidity,EQUAL_LOWS_SWEEP_ABOVE x1145
2025-07-15,2025-07-16,liquidity,EQUAL_LOWS_SWEEP_BELOW x1194
2025-07-15,2025-07-16,liquidity,SWING_HIGH_ACCEPTANCE_ABOVE x1789
2025-07-15,2025-07-16,liquidity,SWING_HIGH_ACCEPTANCE_BELOW x1869
2025-07-15,2025-07-16,liquidity,SWING_HIGH_BREAK x147
2025-07-15,2025-07-16,liquidity,SWING_HIGH_CONFIRMED x147
2025-07-15,2025-07-16,liquidity,SWING_HIGH_CONTINUATION x2992
2025-07-15,2025-07-16,liquidity,SWING_HIGH_EXACT_TOUCH x680
2025-07-15,2025-07-16,liquidity,SWING_HIGH_EXPIRY x161
2025-07-15,2025-07-16,liquidity,SWING_HIGH_FIRST_TOUCH x145
2025-07-15,2025-07-16,liquidity,SWING_HIGH_RECLAIM x5162
2025-07-15,2025-07-16,liquidity,SWING_HIGH_REJECTION x4638
2025-07-15,2025-07-16,liquidity,SWING_HIGH_REVISIT x10456
2025-07-15,2025-07-16,liquidity,SWING_HIGH_SWEEP_ABOVE x2555
2025-07-15,2025-07-16,liquidity,SWING_HIGH_SWEEP_BELOW x2083
2025-07-15,2025-07-16,liquidity,SWING_LOW_ACCEPTANCE_ABOVE x1971
2025-07-15,2025-07-16,liquidity,SWING_LOW_ACCEPTANCE_BELOW x1799
2025-07-15,2025-07-16,liquidity,SWING_LOW_BREAK x148
2025-07-15,2025-07-16,liquidity,SWING_LOW_CONFIRMED x148
2025-07-15,2025-07-16,liquidity,SWING_LOW_CONTINUATION x3100
2025-07-15,2025-07-16,liquidity,SWING_LOW_EXACT_TOUCH x721
2025-07-15,2025-07-16,liquidity,SWING_LOW_EXPIRY x151
2025-07-15,2025-07-16,liquidity,SWING_LOW_FIRST_TOUCH x149
2025-07-15,2025-07-16,liquidity,SWING_LOW_RECLAIM x5393
2025-07-15,2025-07-16,liquidity,SWING_LOW_REJECTION x4790
2025-07-15,2025-07-16,liquidity,SWING_LOW_REVISIT x10892
2025-07-15,2025-07-16,liquidity,SWING_LOW_SWEEP_ABOVE x2372
2025-07-15,2025-07-16,liquidity,SWING_LOW_SWEEP_BELOW x2418
2025-07-15,2025-07-16,rejection_block,BEARISH_RB_CONFIRMED x39
2025-07-15,2025-07-16,rejection_block,BEARISH_RB_EXACT_TOUCH x18
2025-07-15,2025-07-16,rejection_block,BEARISH_RB_EXPIRY x2
2025-07-15,2025-07-16,rejection_block,BEARISH_RB_FAILURE x15
2025-07-15,2025-07-16,rejection_block,BEARISH_RB_FORMED x54
2025-07-15,2025-07-16,rejection_block,BEARISH_RB_INVALIDATION x40
2025-07-15,2025-07-16,rejection_block,BEARISH_RB_REJECTION x104
2025-07-15,2025-07-16,rejection_block,BEARISH_RB_REVISIT x238
2025-07-15,2025-07-16,rejection_block,BEARISH_RB_TAP x39
2025-07-15,2025-07-16,rejection_block,BULLISH_RB_CONFIRMED x38
2025-07-15,2025-07-16,rejection_block,BULLISH_RB_EXACT_TOUCH x9
2025-07-15,2025-07-16,rejection_block,BULLISH_RB_FAILURE x12
2025-07-15,2025-07-16,rejection_block,BULLISH_RB_FORMED x50
2025-07-15,2025-07-16,rejection_block,BULLISH_RB_INVALIDATION x37
2025-07-15,2025-07-16,rejection_block,BULLISH_RB_REJECTION x91
2025-07-15,2025-07-16,rejection_block,BULLISH_RB_REVISIT x166
2025-07-15,2025-07-16,rejection_block,BULLISH_RB_TAP x39
2025-07-15,2025-07-16,structure,BEARISH_EXPANSION x40
2025-07-15,2025-07-16,structure,BULLISH_EXPANSION x35
2025-07-15,2025-07-16,structure,COMPRESSION x5
2025-07-15,2025-07-16,structure,STRUCT_BREAK x5
2025-07-15,2025-07-16,structure,STRUCT_CONTINUATION x4
2025-07-15,2025-07-16,structure,STRUCT_FAILED_CONTINUATION x1
2025-07-15,2025-07-16,time_anchor,ANCHOR_ASIA_OPEN_ACCEPTANCE_ABOVE x15
2025-07-15,2025-07-16,time_anchor,ANCHOR_ASIA_OPEN_ACCEPTANCE_BELOW x11
2025-07-15,2025-07-16,time_anchor,ANCHOR_ASIA_OPEN_CONTINUATION x22
2025-07-15,2025-07-16,time_anchor,ANCHOR_ASIA_OPEN_EXACT_TOUCH x9
2025-07-15,2025-07-16,time_anchor,ANCHOR_ASIA_OPEN_RECLAIM x40
2025-07-15,2025-07-16,time_anchor,ANCHOR_ASIA_OPEN_REJECTION x32
2025-07-15,2025-07-16,time_anchor,ANCHOR_ASIA_OPEN_REVISIT x83
2025-07-15,2025-07-16,time_anchor,ANCHOR_ASIA_OPEN_SWEEP x32
2025-07-15,2025-07-16,time_anchor,ANCHOR_LONDON_OPEN_ACCEPTANCE_ABOVE x12
2025-07-15,2025-07-16,time_anchor,ANCHOR_LONDON_OPEN_ACCEPTANCE_BELOW x5
2025-07-15,2025-07-16,time_anchor,ANCHOR_LONDON_OPEN_BREAK x1
2025-07-15,2025-07-16,time_anchor,ANCHOR_LONDON_OPEN_CONTINUATION x15
2025-07-15,2025-07-16,time_anchor,ANCHOR_LONDON_OPEN_EXACT_TOUCH x2
2025-07-15,2025-07-16,time_anchor,ANCHOR_LONDON_OPEN_EXPIRY x1
2025-07-15,2025-07-16,time_anchor,ANCHOR_LONDON_OPEN_FIRST_TOUCH x1
2025-07-15,2025-07-16,time_anchor,ANCHOR_LONDON_OPEN_FORMED x1
2025-07-15,2025-07-16,time_anchor,ANCHOR_LONDON_OPEN_RECLAIM x26
2025-07-15,2025-07-16,time_anchor,ANCHOR_LONDON_OPEN_REJECTION x23
2025-07-15,2025-07-16,time_anchor,ANCHOR_LONDON_OPEN_REVISIT x50
2025-07-15,2025-07-16,time_anchor,ANCHOR_LONDON_OPEN_SWEEP x23
2025-07-15,2025-07-16,time_anchor,ANCHOR_MIDNIGHT_OPEN_ACCEPTANCE_ABOVE x16
2025-07-15,2025-07-16,time_anchor,ANCHOR_MIDNIGHT_OPEN_ACCEPTANCE_BELOW x16
2025-07-15,2025-07-16,time_anchor,ANCHOR_MIDNIGHT_OPEN_BREAK x1
2025-07-15,2025-07-16,time_anchor,ANCHOR_MIDNIGHT_OPEN_CONTINUATION x24
2025-07-15,2025-07-16,time_anchor,ANCHOR_MIDNIGHT_OPEN_EXACT_TOUCH x6
2025-07-15,2025-07-16,time_anchor,ANCHOR_MIDNIGHT_OPEN_EXPIRY x1
2025-07-15,2025-07-16,time_anchor,ANCHOR_MIDNIGHT_OPEN_FIRST_TOUCH x1
2025-07-15,2025-07-16,time_anchor,ANCHOR_MIDNIGHT_OPEN_FORMED x1
2025-07-15,2025-07-16,time_anchor,ANCHOR_MIDNIGHT_OPEN_RECLAIM x42
2025-07-15,2025-07-16,time_anchor,ANCHOR_MIDNIGHT_OPEN_REJECTION x41
2025-07-15,2025-07-16,time_anchor,ANCHOR_MIDNIGHT_OPEN_REVISIT x89
2025-07-15,2025-07-16,time_anchor,ANCHOR_MIDNIGHT_OPEN_SWEEP x41
2025-07-15,2025-07-16,time_anchor,ANCHOR_NY_SESSION_OPEN_ACCEPTANCE_ABOVE x3
2025-07-15,2025-07-16,time_anchor,ANCHOR_NY_SESSION_OPEN_ACCEPTANCE_BELOW x4
2025-07-15,2025-07-16,time_anchor,ANCHOR_NY_SESSION_OPEN_BREAK x1
2025-07-15,2025-07-16,time_anchor,ANCHOR_NY_SESSION_OPEN_CONTINUATION x6
2025-07-15,2025-07-16,time_anchor,ANCHOR_NY_SESSION_OPEN_EXPIRY x1
2025-07-15,2025-07-16,time_anchor,ANCHOR_NY_SESSION_OPEN_FIRST_TOUCH x1
2025-07-15,2025-07-16,time_anchor,ANCHOR_NY_SESSION_OPEN_FORMED x1
2025-07-15,2025-07-16,time_anchor,ANCHOR_NY_SESSION_OPEN_RECLAIM x8
2025-07-15,2025-07-16,time_anchor,ANCHOR_NY_SESSION_OPEN_REJECTION x11
2025-07-15,2025-07-16,time_anchor,ANCHOR_NY_SESSION_OPEN_REVISIT x19
2025-07-15,2025-07-16,time_anchor,ANCHOR_NY_SESSION_OPEN_SWEEP x11
2025-07-15,2025-07-16,time_anchor,ANCHOR_OPEN_0900_ACCEPTANCE_ABOVE x3
2025-07-15,2025-07-16,time_anchor,ANCHOR_OPEN_0900_ACCEPTANCE_BELOW x8
2025-07-15,2025-07-16,time_anchor,ANCHOR_OPEN_0900_BREAK x1
2025-07-15,2025-07-16,time_anchor,ANCHOR_OPEN_0900_CONTINUATION x10
2025-07-15,2025-07-16,time_anchor,ANCHOR_OPEN_0900_EXACT_TOUCH x3
2025-07-15,2025-07-16,time_anchor,ANCHOR_OPEN_0900_EXPIRY x1
2025-07-15,2025-07-16,time_anchor,ANCHOR_OPEN_0900_FIRST_TOUCH x1
2025-07-15,2025-07-16,time_anchor,ANCHOR_OPEN_0900_FORMED x1
2025-07-15,2025-07-16,time_anchor,ANCHOR_OPEN_0900_RECLAIM x16
2025-07-15,2025-07-16,time_anchor,ANCHOR_OPEN_0900_REJECTION x17
2025-07-15,2025-07-16,time_anchor,ANCHOR_OPEN_0900_REVISIT x36
2025-07-15,2025-07-16,time_anchor,ANCHOR_OPEN_0900_SWEEP x17
2025-07-15,2025-07-16,time_anchor,ANCHOR_OPEN_0930_ACCEPTANCE_ABOVE x3
2025-07-15,2025-07-16,time_anchor,ANCHOR_OPEN_0930_ACCEPTANCE_BELOW x4
2025-07-15,2025-07-16,time_anchor,ANCHOR_OPEN_0930_BREAK x1
2025-07-15,2025-07-16,time_anchor,ANCHOR_OPEN_0930_CONTINUATION x6
2025-07-15,2025-07-16,time_anchor,ANCHOR_OPEN_0930_EXPIRY x1
2025-07-15,2025-07-16,time_anchor,ANCHOR_OPEN_0930_FIRST_TOUCH x1
2025-07-15,2025-07-16,time_anchor,ANCHOR_OPEN_0930_FORMED x1
2025-07-15,2025-07-16,time_anchor,ANCHOR_OPEN_0930_RECLAIM x8
2025-07-15,2025-07-16,time_anchor,ANCHOR_OPEN_0930_REJECTION x11
2025-07-15,2025-07-16,time_anchor,ANCHOR_OPEN_0930_REVISIT x19
2025-07-15,2025-07-16,time_anchor,ANCHOR_OPEN_0930_SWEEP x11
2025-07-15,2025-07-16,time_anchor,ANCHOR_OPEN_1000_ACCEPTANCE_ABOVE x7
2025-07-15,2025-07-16,time_anchor,ANCHOR_OPEN_1000_ACCEPTANCE_BELOW x3
2025-07-15,2025-07-16,time_anchor,ANCHOR_OPEN_1000_BREAK x1
2025-07-15,2025-07-16,time_anchor,ANCHOR_OPEN_1000_CONTINUATION x9
2025-07-15,2025-07-16,time_anchor,ANCHOR_OPEN_1000_EXPIRY x1
2025-07-15,2025-07-16,time_anchor,ANCHOR_OPEN_1000_FIRST_TOUCH x1
2025-07-15,2025-07-16,time_anchor,ANCHOR_OPEN_1000_FORMED x1
2025-07-15,2025-07-16,time_anchor,ANCHOR_OPEN_1000_RECLAIM x12
2025-07-15,2025-07-16,time_anchor,ANCHOR_OPEN_1000_REJECTION x12
2025-07-15,2025-07-16,time_anchor,ANCHOR_OPEN_1000_REVISIT x25
2025-07-15,2025-07-16,time_anchor,ANCHOR_OPEN_1000_SWEEP x12
2025-07-15,2025-07-16,vwap,VWAP_BAND_REJECT_M1_618 x38
2025-07-15,2025-07-16,vwap,VWAP_BAND_REJECT_M2_618 x8
2025-07-15,2025-07-16,vwap,VWAP_BAND_REJECT_P1_618 x31
2025-07-15,2025-07-16,vwap,VWAP_BAND_REJECT_P2_618 x3
2025-07-15,2025-07-16,vwap,VWAP_BAND_REJECT_P3_618 x2
2025-07-15,2025-07-16,vwap,VWAP_VWAP x36
2025-07-15,2025-07-16,vwap,VWAP_VWAP_ABOVE x14
2025-07-15,2025-07-16,vwap,VWAP_VWAP_BELOW x15
2025-07-15,2025-07-16,vwap,VWAP_VWAP_BOUNCE_DOWN x54
2025-07-15,2025-07-16,vwap,VWAP_VWAP_BOUNCE_UP x42
2025-07-15,2025-07-16,vwap,VWAP_VWAP_DOWN x23
2025-07-15,2025-07-16,vwap,VWAP_VWAP_UP x24
2025-07-16,2025-07-16,displacement,BAD_BEARISH_DISPLACEMENT x7
2025-07-16,2025-07-16,displacement,BAD_BULLISH_DISPLACEMENT x4
2025-07-16,2025-07-16,displacement,DISPLACEMENT_CONTINUATION x60
2025-07-16,2025-07-16,displacement,DISPLACEMENT_FAILED_CONTINUATION x10
2025-07-16,2025-07-16,displacement,GOOD_BEARISH_DISPLACEMENT x21
2025-07-16,2025-07-16,displacement,GOOD_BULLISH_DISPLACEMENT x13
2025-07-16,2025-07-16,displacement,MIXED_BEARISH_DISPLACEMENT x44
2025-07-16,2025-07-16,displacement,MIXED_BULLISH_DISPLACEMENT x50
2025-07-16,2025-07-16,fvg,BEARISH_FVG_EXACT_TOUCH x8
2025-07-16,2025-07-16,fvg,BEARISH_FVG_FAILURE x32
2025-07-16,2025-07-16,fvg,BEARISH_FVG_FIRST_FILL x36
2025-07-16,2025-07-16,fvg,BEARISH_FVG_FIRST_TOUCH x37
2025-07-16,2025-07-16,fvg,BEARISH_FVG_FORMED x38
2025-07-16,2025-07-16,fvg,BEARISH_FVG_FULL_FILL x34
2025-07-16,2025-07-16,fvg,BEARISH_FVG_MIDPOINT x34
2025-07-16,2025-07-16,fvg,BEARISH_FVG_REVISIT x98
2025-07-16,2025-07-16,fvg,BULLISH_FVG_CONTINUATION x6
2025-07-16,2025-07-16,fvg,BULLISH_FVG_EXACT_TOUCH x14
2025-07-16,2025-07-16,fvg,BULLISH_FVG_EXPIRY x10
2025-07-16,2025-07-16,fvg,BULLISH_FVG_FAILURE x36
2025-07-16,2025-07-16,fvg,BULLISH_FVG_FIRST_FILL x37
2025-07-16,2025-07-16,fvg,BULLISH_FVG_FIRST_TOUCH x37
2025-07-16,2025-07-16,fvg,BULLISH_FVG_FORMED x39
2025-07-16,2025-07-16,fvg,BULLISH_FVG_FULL_FILL x37
2025-07-16,2025-07-16,fvg,BULLISH_FVG_MIDPOINT x37
2025-07-16,2025-07-16,fvg,BULLISH_FVG_REVISIT x157
2025-07-16,2025-07-16,hist_level,HL_0900_LOW_REJECTION x1
2025-07-16,2025-07-16,hist_level,HL_0900_LOW_REVISIT x1
2025-07-16,2025-07-16,hist_level,HL_0900_LOW_SWEEP_ABOVE x1
2025-07-16,2025-07-16,hist_level,HL_0930_LOW_ACCEPTANCE_BELOW x1
2025-07-16,2025-07-16,hist_level,HL_0930_LOW_CONTINUATION x1
2025-07-16,2025-07-16,hist_level,HL_0930_LOW_RECLAIM x2
2025-07-16,2025-07-16,hist_level,HL_0930_LOW_REVISIT x2
2025-07-16,2025-07-16,ifvg,BEARISH_IFVG_ACTIVATION x36
2025-07-16,2025-07-16,ifvg,BEARISH_IFVG_FIRST_TOUCH x35
2025-07-16,2025-07-16,ifvg,BEARISH_IFVG_REINVERSION x32
2025-07-16,2025-07-16,ifvg,BEARISH_IFVG_REJECTION x65
2025-07-16,2025-07-16,ifvg,BEARISH_IFVG_REVISIT x139
2025-07-16,2025-07-16,ifvg,BULLISH_IFVG_ACTIVATION x32
2025-07-16,2025-07-16,ifvg,BULLISH_IFVG_EXPIRY x9
2025-07-16,2025-07-16,ifvg,BULLISH_IFVG_FIRST_TOUCH x31
2025-07-16,2025-07-16,ifvg,BULLISH_IFVG_REINVERSION x27
2025-07-16,2025-07-16,ifvg,BULLISH_IFVG_REJECTION x65
2025-07-16,2025-07-16,ifvg,BULLISH_IFVG_REVISIT x134
2025-07-16,2025-07-16,liquidity,EQUAL_HIGHS_ACCEPTANCE_ABOVE x243
2025-07-16,2025-07-16,liquidity,EQUAL_HIGHS_ACCEPTANCE_BELOW x242
2025-07-16,2025-07-16,liquidity,EQUAL_HIGHS_BREAK x29
2025-07-16,2025-07-16,liquidity,EQUAL_HIGHS_CONFIRMED x30
2025-07-16,2025-07-16,liquidity,EQUAL_HIGHS_CONTINUATION x401
2025-07-16,2025-07-16,liquidity,EQUAL_HIGHS_EXACT_TOUCH x105
2025-07-16,2025-07-16,liquidity,EQUAL_HIGHS_EXPIRY x31
2025-07-16,2025-07-16,liquidity,EQUAL_HIGHS_FIRST_TOUCH x28
2025-07-16,2025-07-16,liquidity,EQUAL_HIGHS_RECLAIM x597
2025-07-16,2025-07-16,liquidity,EQUAL_HIGHS_REJECTION x549
2025-07-16,2025-07-16,liquidity,EQUAL_HIGHS_REVISIT x1275
2025-07-16,2025-07-16,liquidity,EQUAL_HIGHS_SWEEP_ABOVE x237
2025-07-16,2025-07-16,liquidity,EQUAL_HIGHS_SWEEP_BELOW x312
2025-07-16,2025-07-16,liquidity,EQUAL_LOWS_ACCEPTANCE_ABOVE x181
2025-07-16,2025-07-16,liquidity,EQUAL_LOWS_ACCEPTANCE_BELOW x149
2025-07-16,2025-07-16,liquidity,EQUAL_LOWS_BREAK x28
2025-07-16,2025-07-16,liquidity,EQUAL_LOWS_CONFIRMED x28
2025-07-16,2025-07-16,liquidity,EQUAL_LOWS_CONTINUATION x274
2025-07-16,2025-07-16,liquidity,EQUAL_LOWS_EXACT_TOUCH x57
2025-07-16,2025-07-16,liquidity,EQUAL_LOWS_EXPIRY x26
2025-07-16,2025-07-16,liquidity,EQUAL_LOWS_FIRST_TOUCH x28
2025-07-16,2025-07-16,liquidity,EQUAL_LOWS_RECLAIM x371
2025-07-16,2025-07-16,liquidity,EQUAL_LOWS_REJECTION x363
2025-07-16,2025-07-16,liquidity,EQUAL_LOWS_REVISIT x786
2025-07-16,2025-07-16,liquidity,EQUAL_LOWS_SWEEP_ABOVE x136
2025-07-16,2025-07-16,liquidity,EQUAL_LOWS_SWEEP_BELOW x227
2025-07-16,2025-07-16,liquidity,SWING_HIGH_ACCEPTANCE_ABOVE x425
2025-07-16,2025-07-16,liquidity,SWING_HIGH_ACCEPTANCE_BELOW x426
2025-07-16,2025-07-16,liquidity,SWING_HIGH_BREAK x58
2025-07-16,2025-07-16,liquidity,SWING_HIGH_CONFIRMED x59
2025-07-16,2025-07-16,liquidity,SWING_HIGH_CONTINUATION x716
2025-07-16,2025-07-16,liquidity,SWING_HIGH_EXACT_TOUCH x397
2025-07-16,2025-07-16,liquidity,SWING_HIGH_EXPIRY x57
2025-07-16,2025-07-16,liquidity,SWING_HIGH_FIRST_TOUCH x56
2025-07-16,2025-07-16,liquidity,SWING_HIGH_RECLAIM x1102
2025-07-16,2025-07-16,liquidity,SWING_HIGH_REJECTION x939
2025-07-16,2025-07-16,liquidity,SWING_HIGH_REVISIT x2452
2025-07-16,2025-07-16,liquidity,SWING_HIGH_SWEEP_ABOVE x397
2025-07-16,2025-07-16,liquidity,SWING_HIGH_SWEEP_BELOW x542
2025-07-16,2025-07-16,liquidity,SWING_LOW_ACCEPTANCE_ABOVE x404
2025-07-16,2025-07-16,liquidity,SWING_LOW_ACCEPTANCE_BELOW x334
2025-07-16,2025-07-16,liquidity,SWING_LOW_BREAK x59
2025-07-16,2025-07-16,liquidity,SWING_LOW_CONFIRMED x59
2025-07-16,2025-07-16,liquidity,SWING_LOW_CONTINUATION x620
2025-07-16,2025-07-16,liquidity,SWING_LOW_EXACT_TOUCH x323
2025-07-16,2025-07-16,liquidity,SWING_LOW_EXPIRY x54
2025-07-16,2025-07-16,liquidity,SWING_LOW_FIRST_TOUCH x56
2025-07-16,2025-07-16,liquidity,SWING_LOW_RECLAIM x923
2025-07-16,2025-07-16,liquidity,SWING_LOW_REJECTION x713
2025-07-16,2025-07-16,liquidity,SWING_LOW_REVISIT x1941
2025-07-16,2025-07-16,liquidity,SWING_LOW_SWEEP_ABOVE x262
2025-07-16,2025-07-16,liquidity,SWING_LOW_SWEEP_BELOW x451
2025-07-16,2025-07-16,rejection_block,BEARISH_RB_CONFIRMED x19
2025-07-16,2025-07-16,rejection_block,BEARISH_RB_EXACT_TOUCH x8
2025-07-16,2025-07-16,rejection_block,BEARISH_RB_FAILURE x6
2025-07-16,2025-07-16,rejection_block,BEARISH_RB_FORMED x25
2025-07-16,2025-07-16,rejection_block,BEARISH_RB_INVALIDATION x12
2025-07-16,2025-07-16,rejection_block,BEARISH_RB_REJECTION x47
2025-07-16,2025-07-16,rejection_block,BEARISH_RB_REVISIT x92
2025-07-16,2025-07-16,rejection_block,BEARISH_RB_TAP x17
2025-07-16,2025-07-16,rejection_block,BULLISH_RB_CONFIRMED x13
2025-07-16,2025-07-16,rejection_block,BULLISH_RB_EXACT_TOUCH x11
2025-07-16,2025-07-16,rejection_block,BULLISH_RB_EXPIRY x2
2025-07-16,2025-07-16,rejection_block,BULLISH_RB_FAILURE x10
2025-07-16,2025-07-16,rejection_block,BULLISH_RB_FORMED x23
2025-07-16,2025-07-16,rejection_block,BULLISH_RB_INVALIDATION x12
2025-07-16,2025-07-16,rejection_block,BULLISH_RB_REJECTION x23
2025-07-16,2025-07-16,rejection_block,BULLISH_RB_REVISIT x57
2025-07-16,2025-07-16,rejection_block,BULLISH_RB_TAP x12
2025-07-16,2025-07-16,structure,BEARISH_EXPANSION x16
2025-07-16,2025-07-16,structure,BULLISH_EXPANSION x14
2025-07-16,2025-07-16,time_anchor,ANCHOR_ASIA_OPEN_ACCEPTANCE_ABOVE x2
2025-07-16,2025-07-16,time_anchor,ANCHOR_ASIA_OPEN_ACCEPTANCE_BELOW x2
2025-07-16,2025-07-16,time_anchor,ANCHOR_ASIA_OPEN_BREAK x1
2025-07-16,2025-07-16,time_anchor,ANCHOR_ASIA_OPEN_CONTINUATION x4
2025-07-16,2025-07-16,time_anchor,ANCHOR_ASIA_OPEN_EXACT_TOUCH x1
2025-07-16,2025-07-16,time_anchor,ANCHOR_ASIA_OPEN_EXPIRY x1
2025-07-16,2025-07-16,time_anchor,ANCHOR_ASIA_OPEN_FIRST_TOUCH x1
2025-07-16,2025-07-16,time_anchor,ANCHOR_ASIA_OPEN_FORMED x1
2025-07-16,2025-07-16,time_anchor,ANCHOR_ASIA_OPEN_RECLAIM x3
2025-07-16,2025-07-16,time_anchor,ANCHOR_ASIA_OPEN_REJECTION x7
2025-07-16,2025-07-16,time_anchor,ANCHOR_ASIA_OPEN_REVISIT x10
2025-07-16,2025-07-16,time_anchor,ANCHOR_ASIA_OPEN_SWEEP x7
2025-07-16,2025-07-16,vwap,VWAP_BAND_REJECT_M1_618 x38
2025-07-16,2025-07-16,vwap,VWAP_BAND_REJECT_M3_618 x1
2025-07-16,2025-07-16,vwap,VWAP_BAND_REJECT_P1_618 x6
2025-07-16,2025-07-16,vwap,VWAP_BAND_REJECT_P2_618 x1
2025-07-16,2025-07-16,vwap,VWAP_BAND_REJECT_P3_618 x1
2025-07-16,2025-07-16,vwap,VWAP_VWAP x9
2025-07-16,2025-07-16,vwap,VWAP_VWAP_ABOVE x1
2025-07-16,2025-07-16,vwap,VWAP_VWAP_BELOW x5
2025-07-16,2025-07-16,vwap,VWAP_VWAP_BOUNCE_DOWN x12
2025-07-16,2025-07-16,vwap,VWAP_VWAP_BOUNCE_UP x13
2025-07-16,2025-07-16,vwap,VWAP_VWAP_DOWN x6
2025-07-16,2025-07-16,vwap,VWAP_VWAP_UP x6
2025-07-16,2025-07-17,displacement,BAD_BEARISH_DISPLACEMENT x8
2025-07-16,2025-07-17,displacement,BAD_BULLISH_DISPLACEMENT x12
2025-07-16,2025-07-17,displacement,DISPLACEMENT_CONTINUATION x171
2025-07-16,2025-07-17,displacement,DISPLACEMENT_FAILED_CONTINUATION x40
2025-07-16,2025-07-17,displacement,GOOD_BEARISH_DISPLACEMENT x41
2025-07-16,2025-07-17,displacement,GOOD_BULLISH_DISPLACEMENT x53
2025-07-16,2025-07-17,displacement,MIXED_BEARISH_DISPLACEMENT x138
2025-07-16,2025-07-17,displacement,MIXED_BULLISH_DISPLACEMENT x134
2025-07-16,2025-07-17,fvg,BEARISH_FVG_EXACT_TOUCH x20
2025-07-16,2025-07-17,fvg,BEARISH_FVG_EXPIRY x4
2025-07-16,2025-07-17,fvg,BEARISH_FVG_FAILURE x100
2025-07-16,2025-07-17,fvg,BEARISH_FVG_FIRST_FILL x98
2025-07-16,2025-07-17,fvg,BEARISH_FVG_FIRST_TOUCH x97
2025-07-16,2025-07-17,fvg,BEARISH_FVG_FORMED x95
2025-07-16,2025-07-17,fvg,BEARISH_FVG_FULL_FILL x99
2025-07-16,2025-07-17,fvg,BEARISH_FVG_MIDPOINT x99
2025-07-16,2025-07-17,fvg,BEARISH_FVG_REVISIT x324
2025-07-16,2025-07-17,fvg,BULLISH_FVG_CONTINUATION x8
2025-07-16,2025-07-17,fvg,BULLISH_FVG_EXACT_TOUCH x36
2025-07-16,2025-07-17,fvg,BULLISH_FVG_EXPIRY x15
2025-07-16,2025-07-17,fvg,BULLISH_FVG_FAILURE x101
2025-07-16,2025-07-17,fvg,BULLISH_FVG_FIRST_FILL x112
2025-07-16,2025-07-17,fvg,BULLISH_FVG_FIRST_TOUCH x112
2025-07-16,2025-07-17,fvg,BULLISH_FVG_FORMED x126
2025-07-16,2025-07-17,fvg,BULLISH_FVG_FULL_FILL x107
2025-07-16,2025-07-17,fvg,BULLISH_FVG_MIDPOINT x111
2025-07-16,2025-07-17,fvg,BULLISH_FVG_REVISIT x421
2025-07-16,2025-07-17,hist_level,HL_0900_HIGH_ACCEPTANCE_ABOVE x7
2025-07-16,2025-07-17,hist_level,HL_0900_HIGH_ACCEPTANCE_BELOW x3
2025-07-16,2025-07-17,hist_level,HL_0900_HIGH_BREAK x1
2025-07-16,2025-07-17,hist_level,HL_0900_HIGH_CONTINUATION x9
2025-07-16,2025-07-17,hist_level,HL_0900_HIGH_EXACT_TOUCH x4
2025-07-16,2025-07-17,hist_level,HL_0900_HIGH_EXPIRY x1
2025-07-16,2025-07-17,hist_level,HL_0900_HIGH_FIRST_TOUCH x1
2025-07-16,2025-07-17,hist_level,HL_0900_HIGH_FORMED x1
2025-07-16,2025-07-17,hist_level,HL_0900_HIGH_RECLAIM x13
2025-07-16,2025-07-17,hist_level,HL_0900_HIGH_REJECTION x16
2025-07-16,2025-07-17,hist_level,HL_0900_HIGH_REVISIT x32
2025-07-16,2025-07-17,hist_level,HL_0900_HIGH_SWEEP_ABOVE x5
2025-07-16,2025-07-17,hist_level,HL_0900_HIGH_SWEEP_BELOW x11
2025-07-16,2025-07-17,hist_level,HL_0900_LOW_ACCEPTANCE_ABOVE x4
2025-07-16,2025-07-17,hist_level,HL_0900_LOW_ACCEPTANCE_BELOW x2
2025-07-16,2025-07-17,hist_level,HL_0900_LOW_BREAK x1
2025-07-16,2025-07-17,hist_level,HL_0900_LOW_CONTINUATION x6
2025-07-16,2025-07-17,hist_level,HL_0900_LOW_EXACT_TOUCH x2
2025-07-16,2025-07-17,hist_level,HL_0900_LOW_EXPIRY x1
2025-07-16,2025-07-17,hist_level,HL_0900_LOW_FIRST_TOUCH x1
2025-07-16,2025-07-17,hist_level,HL_0900_LOW_FORMED x1
2025-07-16,2025-07-17,hist_level,HL_0900_LOW_RECLAIM x5
2025-07-16,2025-07-17,hist_level,HL_0900_LOW_REJECTION x12
2025-07-16,2025-07-17,hist_level,HL_0900_LOW_REVISIT x18
2025-07-16,2025-07-17,hist_level,HL_0900_LOW_SWEEP_ABOVE x4
2025-07-16,2025-07-17,hist_level,HL_0900_LOW_SWEEP_BELOW x8
2025-07-16,2025-07-17,hist_level,HL_0930_HIGH_ACCEPTANCE_ABOVE x10
2025-07-16,2025-07-17,hist_level,HL_0930_HIGH_ACCEPTANCE_BELOW x9
2025-07-16,2025-07-17,hist_level,HL_0930_HIGH_BREAK x1
2025-07-16,2025-07-17,hist_level,HL_0930_HIGH_CONTINUATION x17
2025-07-16,2025-07-17,hist_level,HL_0930_HIGH_EXACT_TOUCH x5
2025-07-16,2025-07-17,hist_level,HL_0930_HIGH_EXPIRY x1
2025-07-16,2025-07-17,hist_level,HL_0930_HIGH_FIRST_TOUCH x1
2025-07-16,2025-07-17,hist_level,HL_0930_HIGH_FORMED x1
2025-07-16,2025-07-17,hist_level,HL_0930_HIGH_RECLAIM x24
2025-07-16,2025-07-17,hist_level,HL_0930_HIGH_REJECTION x16
2025-07-16,2025-07-17,hist_level,HL_0930_HIGH_REVISIT x43
2025-07-16,2025-07-17,hist_level,HL_0930_HIGH_SWEEP_ABOVE x7
2025-07-16,2025-07-17,hist_level,HL_0930_HIGH_SWEEP_BELOW x9
2025-07-16,2025-07-17,hist_level,HL_0930_LOW_ACCEPTANCE_ABOVE x3
2025-07-16,2025-07-17,hist_level,HL_0930_LOW_ACCEPTANCE_BELOW x1
2025-07-16,2025-07-17,hist_level,HL_0930_LOW_BREAK x1
2025-07-16,2025-07-17,hist_level,HL_0930_LOW_CONTINUATION x3
2025-07-16,2025-07-17,hist_level,HL_0930_LOW_EXACT_TOUCH x1
2025-07-16,2025-07-17,hist_level,HL_0930_LOW_EXPIRY x1
2025-07-16,2025-07-17,hist_level,HL_0930_LOW_FIRST_TOUCH x1
2025-07-16,2025-07-17,hist_level,HL_0930_LOW_FORMED x1
2025-07-16,2025-07-17,hist_level,HL_0930_LOW_RECLAIM x5
2025-07-16,2025-07-17,hist_level,HL_0930_LOW_REJECTION x4
2025-07-16,2025-07-17,hist_level,HL_0930_LOW_REVISIT x9
2025-07-16,2025-07-17,hist_level,HL_0930_LOW_SWEEP_ABOVE x1
2025-07-16,2025-07-17,hist_level,HL_0930_LOW_SWEEP_BELOW x3
2025-07-16,2025-07-17,hist_level,HL_1000_HIGH_ACCEPTANCE_ABOVE x2
2025-07-16,2025-07-17,hist_level,HL_1000_HIGH_ACCEPTANCE_BELOW x1
2025-07-16,2025-07-17,hist_level,HL_1000_HIGH_BREAK x1
2025-07-16,2025-07-17,hist_level,HL_1000_HIGH_CONTINUATION x3
2025-07-16,2025-07-17,hist_level,HL_1000_HIGH_EXPIRY x1
2025-07-16,2025-07-17,hist_level,HL_1000_HIGH_FIRST_TOUCH x1
2025-07-16,2025-07-17,hist_level,HL_1000_HIGH_FORMED x1
2025-07-16,2025-07-17,hist_level,HL_1000_HIGH_RECLAIM x2
2025-07-16,2025-07-17,hist_level,HL_1000_HIGH_REJECTION x5
2025-07-16,2025-07-17,hist_level,HL_1000_HIGH_REVISIT x8
2025-07-16,2025-07-17,hist_level,HL_1000_HIGH_SWEEP_ABOVE x1
2025-07-16,2025-07-17,hist_level,HL_1000_HIGH_SWEEP_BELOW x4
2025-07-16,2025-07-17,hist_level,HL_1000_LOW_ACCEPTANCE_ABOVE x3
2025-07-16,2025-07-17,hist_level,HL_1000_LOW_ACCEPTANCE_BELOW x1
2025-07-16,2025-07-17,hist_level,HL_1000_LOW_BREAK x1
2025-07-16,2025-07-17,hist_level,HL_1000_LOW_CONTINUATION x4
2025-07-16,2025-07-17,hist_level,HL_1000_LOW_EXPIRY x1
2025-07-16,2025-07-17,hist_level,HL_1000_LOW_FIRST_TOUCH x1
2025-07-16,2025-07-17,hist_level,HL_1000_LOW_FORMED x1
2025-07-16,2025-07-17,hist_level,HL_1000_LOW_RECLAIM x4
2025-07-16,2025-07-17,hist_level,HL_1000_LOW_REJECTION x6
2025-07-16,2025-07-17,hist_level,HL_1000_LOW_REVISIT x9
2025-07-16,2025-07-17,hist_level,HL_1000_LOW_SWEEP_ABOVE x2
2025-07-16,2025-07-17,hist_level,HL_1000_LOW_SWEEP_BELOW x4
2025-07-16,2025-07-17,hist_level,PREV_3SESSION_HIGH_ACCEPTANCE_ABOVE x3
2025-07-16,2025-07-17,hist_level,PREV_3SESSION_HIGH_ACCEPTANCE_BELOW x4
2025-07-16,2025-07-17,hist_level,PREV_3SESSION_HIGH_BREAK x1
2025-07-16,2025-07-17,hist_level,PREV_3SESSION_HIGH_CONTINUATION x5
2025-07-16,2025-07-17,hist_level,PREV_3SESSION_HIGH_EXPIRY x1
2025-07-16,2025-07-17,hist_level,PREV_3SESSION_HIGH_FIRST_TOUCH x1
2025-07-16,2025-07-17,hist_level,PREV_3SESSION_HIGH_FORMED x1
2025-07-16,2025-07-17,hist_level,PREV_3SESSION_HIGH_RECLAIM x11
2025-07-16,2025-07-17,hist_level,PREV_3SESSION_HIGH_REJECTION x7
2025-07-16,2025-07-17,hist_level,PREV_3SESSION_HIGH_REVISIT x17
2025-07-16,2025-07-17,hist_level,PREV_3SESSION_HIGH_SWEEP_ABOVE x3
2025-07-16,2025-07-17,hist_level,PREV_3SESSION_HIGH_SWEEP_BELOW x4
2025-07-16,2025-07-17,hist_level,PREV_3SESSION_LOW_ACCEPTANCE_ABOVE x1
2025-07-16,2025-07-17,hist_level,PREV_3SESSION_LOW_BREAK x1
2025-07-16,2025-07-17,hist_level,PREV_3SESSION_LOW_CONTINUATION x1
2025-07-16,2025-07-17,hist_level,PREV_3SESSION_LOW_EXPIRY x1
2025-07-16,2025-07-17,hist_level,PREV_3SESSION_LOW_FORMED x1
2025-07-16,2025-07-17,hist_level,PREV_DAY_HIGH_ACCEPTANCE_ABOVE x7
2025-07-16,2025-07-17,hist_level,PREV_DAY_HIGH_ACCEPTANCE_BELOW x7
2025-07-16,2025-07-17,hist_level,PREV_DAY_HIGH_BREAK x1
2025-07-16,2025-07-17,hist_level,PREV_DAY_HIGH_CONTINUATION x13
2025-07-16,2025-07-17,hist_level,PREV_DAY_HIGH_EXACT_TOUCH x4
2025-07-16,2025-07-17,hist_level,PREV_DAY_HIGH_EXPIRY x1
2025-07-16,2025-07-17,hist_level,PREV_DAY_HIGH_FIRST_TOUCH x1
2025-07-16,2025-07-17,hist_level,PREV_DAY_HIGH_FORMED x1
2025-07-16,2025-07-17,hist_level,PREV_DAY_HIGH_RECLAIM x21
2025-07-16,2025-07-17,hist_level,PREV_DAY_HIGH_REJECTION x11
2025-07-16,2025-07-17,hist_level,PREV_DAY_HIGH_REVISIT x34
2025-07-16,2025-07-17,hist_level,PREV_DAY_HIGH_SWEEP_ABOVE x5
2025-07-16,2025-07-17,hist_level,PREV_DAY_HIGH_SWEEP_BELOW x6
2025-07-16,2025-07-17,hist_level,PREV_DAY_LOW_ACCEPTANCE_ABOVE x1
2025-07-16,2025-07-17,hist_level,PREV_DAY_LOW_BREAK x1
2025-07-16,2025-07-17,hist_level,PREV_DAY_LOW_CONTINUATION x1
2025-07-16,2025-07-17,hist_level,PREV_DAY_LOW_EXPIRY x1
2025-07-16,2025-07-17,hist_level,PREV_DAY_LOW_FORMED x1
2025-07-16,2025-07-17,hist_level,PREV_RTH_CLOSE_ACCEPTANCE_ABOVE x6
2025-07-16,2025-07-17,hist_level,PREV_RTH_CLOSE_ACCEPTANCE_BELOW x2
2025-07-16,2025-07-17,hist_level,PREV_RTH_CLOSE_BREAK x1
2025-07-16,2025-07-17,hist_level,PREV_RTH_CLOSE_CONTINUATION x4
2025-07-16,2025-07-17,hist_level,PREV_RTH_CLOSE_EXACT_TOUCH x1
2025-07-16,2025-07-17,hist_level,PREV_RTH_CLOSE_EXPIRY x1
2025-07-16,2025-07-17,hist_level,PREV_RTH_CLOSE_FIRST_TOUCH x1
2025-07-16,2025-07-17,hist_level,PREV_RTH_CLOSE_FORMED x1
2025-07-16,2025-07-17,hist_level,PREV_RTH_CLOSE_RECLAIM x14
2025-07-16,2025-07-17,hist_level,PREV_RTH_CLOSE_REJECTION x11
2025-07-16,2025-07-17,hist_level,PREV_RTH_CLOSE_REVISIT x27
2025-07-16,2025-07-17,hist_level,PREV_RTH_CLOSE_SWEEP_ABOVE x2
2025-07-16,2025-07-17,hist_level,PREV_RTH_CLOSE_SWEEP_BELOW x9
2025-07-16,2025-07-17,hist_level,PREV_RTH_HIGH_ACCEPTANCE_ABOVE x7
2025-07-16,2025-07-17,hist_level,PREV_RTH_HIGH_ACCEPTANCE_BELOW x7
2025-07-16,2025-07-17,hist_level,PREV_RTH_HIGH_BREAK x1
2025-07-16,2025-07-17,hist_level,PREV_RTH_HIGH_CONTINUATION x13
2025-07-16,2025-07-17,hist_level,PREV_RTH_HIGH_EXACT_TOUCH x4
2025-07-16,2025-07-17,hist_level,PREV_RTH_HIGH_EXPIRY x1
2025-07-16,2025-07-17,hist_level,PREV_RTH_HIGH_FIRST_TOUCH x1
2025-07-16,2025-07-17,hist_level,PREV_RTH_HIGH_FORMED x1
2025-07-16,2025-07-17,hist_level,PREV_RTH_HIGH_RECLAIM x21
2025-07-16,2025-07-17,hist_level,PREV_RTH_HIGH_REJECTION x11
2025-07-16,2025-07-17,hist_level,PREV_RTH_HIGH_REVISIT x34
2025-07-16,2025-07-17,hist_level,PREV_RTH_HIGH_SWEEP_ABOVE x5
2025-07-16,2025-07-17,hist_level,PREV_RTH_HIGH_SWEEP_BELOW x6
2025-07-16,2025-07-17,hist_level,PREV_RTH_LOW_ACCEPTANCE_ABOVE x1
2025-07-16,2025-07-17,hist_level,PREV_RTH_LOW_BREAK x1
2025-07-16,2025-07-17,hist_level,PREV_RTH_LOW_CONTINUATION x1
2025-07-16,2025-07-17,hist_level,PREV_RTH_LOW_EXPIRY x1
2025-07-16,2025-07-17,hist_level,PREV_RTH_LOW_FORMED x1
2025-07-16,2025-07-17,hist_level,PREV_WEEK5_HIGH_ACCEPTANCE_BELOW x1
2025-07-16,2025-07-17,hist_level,PREV_WEEK5_HIGH_BREAK x1
2025-07-16,2025-07-17,hist_level,PREV_WEEK5_HIGH_CONTINUATION x1
2025-07-16,2025-07-17,hist_level,PREV_WEEK5_HIGH_FORMED x1
2025-07-16,2025-07-17,hist_level,PREV_WEEK5_LOW_ACCEPTANCE_ABOVE x1
2025-07-16,2025-07-17,hist_level,PREV_WEEK5_LOW_BREAK x1
2025-07-16,2025-07-17,hist_level,PREV_WEEK5_LOW_CONTINUATION x1
2025-07-16,2025-07-17,hist_level,PREV_WEEK5_LOW_FORMED x1
2025-07-16,2025-07-17,ifvg,BEARISH_IFVG_ACTIVATION x101
2025-07-16,2025-07-17,ifvg,BEARISH_IFVG_EXPIRY x4
2025-07-16,2025-07-17,ifvg,BEARISH_IFVG_FIRST_TOUCH x102
2025-07-16,2025-07-17,ifvg,BEARISH_IFVG_REINVERSION x106
2025-07-16,2025-07-17,ifvg,BEARISH_IFVG_REJECTION x170
2025-07-16,2025-07-17,ifvg,BEARISH_IFVG_REVISIT x400
2025-07-16,2025-07-17,ifvg,BULLISH_IFVG_ACTIVATION x100
2025-07-16,2025-07-17,ifvg,BULLISH_IFVG_EXPIRY x13
2025-07-16,2025-07-17,ifvg,BULLISH_IFVG_FIRST_TOUCH x96
2025-07-16,2025-07-17,ifvg,BULLISH_IFVG_REINVERSION x89
2025-07-16,2025-07-17,ifvg,BULLISH_IFVG_REJECTION x193
2025-07-16,2025-07-17,ifvg,BULLISH_IFVG_REVISIT x340
2025-07-16,2025-07-17,liquidity,EQUAL_HIGHS_ACCEPTANCE_ABOVE x386
2025-07-16,2025-07-17,liquidity,EQUAL_HIGHS_ACCEPTANCE_BELOW x332
2025-07-16,2025-07-17,liquidity,EQUAL_HIGHS_BREAK x69
2025-07-16,2025-07-17,liquidity,EQUAL_HIGHS_CONFIRMED x68
2025-07-16,2025-07-17,liquidity,EQUAL_HIGHS_CONTINUATION x588
2025-07-16,2025-07-17,liquidity,EQUAL_HIGHS_EXACT_TOUCH x120
2025-07-16,2025-07-17,liquidity,EQUAL_HIGHS_EXPIRY x75
2025-07-16,2025-07-17,liquidity,EQUAL_HIGHS_FIRST_TOUCH x70
2025-07-16,2025-07-17,liquidity,EQUAL_HIGHS_RECLAIM x911
2025-07-16,2025-07-17,liquidity,EQUAL_HIGHS_REJECTION x926
2025-07-16,2025-07-17,liquidity,EQUAL_HIGHS_REVISIT x1943
2025-07-16,2025-07-17,liquidity,EQUAL_HIGHS_SWEEP_ABOVE x454
2025-07-16,2025-07-17,liquidity,EQUAL_HIGHS_SWEEP_BELOW x472
2025-07-16,2025-07-17,liquidity,EQUAL_LOWS_ACCEPTANCE_ABOVE x350
2025-07-16,2025-07-17,liquidity,EQUAL_LOWS_ACCEPTANCE_BELOW x234
2025-07-16,2025-07-17,liquidity,EQUAL_LOWS_BREAK x74
2025-07-16,2025-07-17,liquidity,EQUAL_LOWS_CONFIRMED x74
2025-07-16,2025-07-17,liquidity,EQUAL_LOWS_CONTINUATION x483
2025-07-16,2025-07-17,liquidity,EQUAL_LOWS_EXACT_TOUCH x59
2025-07-16,2025-07-17,liquidity,EQUAL_LOWS_EXPIRY x74
2025-07-16,2025-07-17,liquidity,EQUAL_LOWS_FIRST_TOUCH x62
2025-07-16,2025-07-17,liquidity,EQUAL_LOWS_RECLAIM x687
2025-07-16,2025-07-17,liquidity,EQUAL_LOWS_REJECTION x705
2025-07-16,2025-07-17,liquidity,EQUAL_LOWS_REVISIT x1450
2025-07-16,2025-07-17,liquidity,EQUAL_LOWS_SWEEP_ABOVE x285
2025-07-16,2025-07-17,liquidity,EQUAL_LOWS_SWEEP_BELOW x420
2025-07-16,2025-07-17,liquidity,SWING_HIGH_ACCEPTANCE_ABOVE x834
2025-07-16,2025-07-17,liquidity,SWING_HIGH_ACCEPTANCE_BELOW x730
2025-07-16,2025-07-17,liquidity,SWING_HIGH_BREAK x154
2025-07-16,2025-07-17,liquidity,SWING_HIGH_CONFIRMED x153
2025-07-16,2025-07-17,liquidity,SWING_HIGH_CONTINUATION x1298
2025-07-16,2025-07-17,liquidity,SWING_HIGH_EXACT_TOUCH x490
2025-07-16,2025-07-17,liquidity,SWING_HIGH_EXPIRY x146
2025-07-16,2025-07-17,liquidity,SWING_HIGH_FIRST_TOUCH x157
2025-07-16,2025-07-17,liquidity,SWING_HIGH_RECLAIM x2059
2025-07-16,2025-07-17,liquidity,SWING_HIGH_REJECTION x1921
2025-07-16,2025-07-17,liquidity,SWING_HIGH_REVISIT x4419
2025-07-16,2025-07-17,liquidity,SWING_HIGH_SWEEP_ABOVE x921
2025-07-16,2025-07-17,liquidity,SWING_HIGH_SWEEP_BELOW x1000
2025-07-16,2025-07-17,liquidity,SWING_LOW_ACCEPTANCE_ABOVE x745
2025-07-16,2025-07-17,liquidity,SWING_LOW_ACCEPTANCE_BELOW x497
2025-07-16,2025-07-17,liquidity,SWING_LOW_BREAK x163
2025-07-16,2025-07-17,liquidity,SWING_LOW_CONFIRMED x163
2025-07-16,2025-07-17,liquidity,SWING_LOW_CONTINUATION x1040
2025-07-16,2025-07-17,liquidity,SWING_LOW_EXACT_TOUCH x323
2025-07-16,2025-07-17,liquidity,SWING_LOW_EXPIRY x150
2025-07-16,2025-07-17,liquidity,SWING_LOW_FIRST_TOUCH x141
2025-07-16,2025-07-17,liquidity,SWING_LOW_RECLAIM x1541
2025-07-16,2025-07-17,liquidity,SWING_LOW_REJECTION x1465
2025-07-16,2025-07-17,liquidity,SWING_LOW_REVISIT x3309
2025-07-16,2025-07-17,liquidity,SWING_LOW_SWEEP_ABOVE x590
2025-07-16,2025-07-17,liquidity,SWING_LOW_SWEEP_BELOW x875
2025-07-16,2025-07-17,rejection_block,BEARISH_RB_CONFIRMED x42
2025-07-16,2025-07-17,rejection_block,BEARISH_RB_EXACT_TOUCH x13
2025-07-16,2025-07-17,rejection_block,BEARISH_RB_EXPIRY x1
2025-07-16,2025-07-17,rejection_block,BEARISH_RB_FAILURE x14
2025-07-16,2025-07-17,rejection_block,BEARISH_RB_FORMED x56
2025-07-16,2025-07-17,rejection_block,BEARISH_RB_INVALIDATION x44
2025-07-16,2025-07-17,rejection_block,BEARISH_RB_REJECTION x122
2025-07-16,2025-07-17,rejection_block,BEARISH_RB_REVISIT x271
2025-07-16,2025-07-17,rejection_block,BEARISH_RB_TAP x43
2025-07-16,2025-07-17,rejection_block,BULLISH_RB_CONFIRMED x47
2025-07-16,2025-07-17,rejection_block,BULLISH_RB_EXACT_TOUCH x19
2025-07-16,2025-07-17,rejection_block,BULLISH_RB_EXPIRY x4
2025-07-16,2025-07-17,rejection_block,BULLISH_RB_FAILURE x23
2025-07-16,2025-07-17,rejection_block,BULLISH_RB_FORMED x70
2025-07-16,2025-07-17,rejection_block,BULLISH_RB_INVALIDATION x36
2025-07-16,2025-07-17,rejection_block,BULLISH_RB_REJECTION x124
2025-07-16,2025-07-17,rejection_block,BULLISH_RB_REVISIT x226
2025-07-16,2025-07-17,rejection_block,BULLISH_RB_TAP x44
2025-07-16,2025-07-17,structure,BEARISH_EXPANSION x30
2025-07-16,2025-07-17,structure,BULLISH_EXPANSION x38
2025-07-16,2025-07-17,structure,COMPRESSION x8
2025-07-16,2025-07-17,structure,STRUCT_BREAK x7
2025-07-16,2025-07-17,structure,STRUCT_CONTINUATION x6
2025-07-16,2025-07-17,structure,STRUCT_EXPANSION x1
2025-07-16,2025-07-17,structure,STRUCT_FAILED_CONTINUATION x1
2025-07-16,2025-07-17,time_anchor,ANCHOR_ASIA_OPEN_ACCEPTANCE_ABOVE x2
2025-07-16,2025-07-17,time_anchor,ANCHOR_ASIA_OPEN_ACCEPTANCE_BELOW x2
2025-07-16,2025-07-17,time_anchor,ANCHOR_ASIA_OPEN_CONTINUATION x4
2025-07-16,2025-07-17,time_anchor,ANCHOR_ASIA_OPEN_EXACT_TOUCH x3
2025-07-16,2025-07-17,time_anchor,ANCHOR_ASIA_OPEN_RECLAIM x9
2025-07-16,2025-07-17,time_anchor,ANCHOR_ASIA_OPEN_REJECTION x2
2025-07-16,2025-07-17,time_anchor,ANCHOR_ASIA_OPEN_REVISIT x17
2025-07-16,2025-07-17,time_anchor,ANCHOR_ASIA_OPEN_SWEEP x2
2025-07-16,2025-07-17,time_anchor,ANCHOR_LONDON_OPEN_ACCEPTANCE_ABOVE x3
2025-07-16,2025-07-17,time_anchor,ANCHOR_LONDON_OPEN_ACCEPTANCE_BELOW x4
2025-07-16,2025-07-17,time_anchor,ANCHOR_LONDON_OPEN_BREAK x1
2025-07-16,2025-07-17,time_anchor,ANCHOR_LONDON_OPEN_CONTINUATION x6
2025-07-16,2025-07-17,time_anchor,ANCHOR_LONDON_OPEN_EXPIRY x1
2025-07-16,2025-07-17,time_anchor,ANCHOR_LONDON_OPEN_FIRST_TOUCH x1
2025-07-16,2025-07-17,time_anchor,ANCHOR_LONDON_OPEN_FORMED x1
2025-07-16,2025-07-17,time_anchor,ANCHOR_LONDON_OPEN_RECLAIM x7
2025-07-16,2025-07-17,time_anchor,ANCHOR_LONDON_OPEN_REJECTION x4
2025-07-16,2025-07-17,time_anchor,ANCHOR_LONDON_OPEN_REVISIT x10
2025-07-16,2025-07-17,time_anchor,ANCHOR_LONDON_OPEN_SWEEP x4
2025-07-16,2025-07-17,time_anchor,ANCHOR_MIDNIGHT_OPEN_ACCEPTANCE_ABOVE x3
2025-07-16,2025-07-17,time_anchor,ANCHOR_MIDNIGHT_OPEN_ACCEPTANCE_BELOW x3
2025-07-16,2025-07-17,time_anchor,ANCHOR_MIDNIGHT_OPEN_BREAK x1
2025-07-16,2025-07-17,time_anchor,ANCHOR_MIDNIGHT_OPEN_CONTINUATION x5
2025-07-16,2025-07-17,time_anchor,ANCHOR_MIDNIGHT_OPEN_EXACT_TOUCH x3
2025-07-16,2025-07-17,time_anchor,ANCHOR_MIDNIGHT_OPEN_EXPIRY x1
2025-07-16,2025-07-17,time_anchor,ANCHOR_MIDNIGHT_OPEN_FIRST_TOUCH x1
2025-07-16,2025-07-17,time_anchor,ANCHOR_MIDNIGHT_OPEN_FORMED x1
2025-07-16,2025-07-17,time_anchor,ANCHOR_MIDNIGHT_OPEN_RECLAIM x5
2025-07-16,2025-07-17,time_anchor,ANCHOR_MIDNIGHT_OPEN_REJECTION x3
2025-07-16,2025-07-17,time_anchor,ANCHOR_MIDNIGHT_OPEN_REVISIT x14
2025-07-16,2025-07-17,time_anchor,ANCHOR_MIDNIGHT_OPEN_SWEEP x3
2025-07-16,2025-07-17,time_anchor,ANCHOR_NY_SESSION_OPEN_ACCEPTANCE_ABOVE x3
2025-07-16,2025-07-17,time_anchor,ANCHOR_NY_SESSION_OPEN_ACCEPTANCE_BELOW x2
2025-07-16,2025-07-17,time_anchor,ANCHOR_NY_SESSION_OPEN_BREAK x1
2025-07-16,2025-07-17,time_anchor,ANCHOR_NY_SESSION_OPEN_CONTINUATION x4
2025-07-16,2025-07-17,time_anchor,ANCHOR_NY_SESSION_OPEN_EXACT_TOUCH x3
2025-07-16,2025-07-17,time_anchor,ANCHOR_NY_SESSION_OPEN_EXPIRY x1
2025-07-16,2025-07-17,time_anchor,ANCHOR_NY_SESSION_OPEN_FIRST_TOUCH x1
2025-07-16,2025-07-17,time_anchor,ANCHOR_NY_SESSION_OPEN_FORMED x1
2025-07-16,2025-07-17,time_anchor,ANCHOR_NY_SESSION_OPEN_RECLAIM x7
2025-07-16,2025-07-17,time_anchor,ANCHOR_NY_SESSION_OPEN_REJECTION x8
2025-07-16,2025-07-17,time_anchor,ANCHOR_NY_SESSION_OPEN_REVISIT x18
2025-07-16,2025-07-17,time_anchor,ANCHOR_NY_SESSION_OPEN_SWEEP x8
2025-07-16,2025-07-17,time_anchor,ANCHOR_OPEN_0900_ACCEPTANCE_ABOVE x7
2025-07-16,2025-07-17,time_anchor,ANCHOR_OPEN_0900_ACCEPTANCE_BELOW x2
2025-07-16,2025-07-17,time_anchor,ANCHOR_OPEN_0900_BREAK x1
2025-07-16,2025-07-17,time_anchor,ANCHOR_OPEN_0900_CONTINUATION x9
2025-07-16,2025-07-17,time_anchor,ANCHOR_OPEN_0900_EXACT_TOUCH x3
2025-07-16,2025-07-17,time_anchor,ANCHOR_OPEN_0900_EXPIRY x1
2025-07-16,2025-07-17,time_anchor,ANCHOR_OPEN_0900_FIRST_TOUCH x1
2025-07-16,2025-07-17,time_anchor,ANCHOR_OPEN_0900_FORMED x1
2025-07-16,2025-07-17,time_anchor,ANCHOR_OPEN_0900_RECLAIM x11
2025-07-16,2025-07-17,time_anchor,ANCHOR_OPEN_0900_REJECTION x12
2025-07-16,2025-07-17,time_anchor,ANCHOR_OPEN_0900_REVISIT x27
2025-07-16,2025-07-17,time_anchor,ANCHOR_OPEN_0900_SWEEP x12
2025-07-16,2025-07-17,time_anchor,ANCHOR_OPEN_0930_ACCEPTANCE_ABOVE x3
2025-07-16,2025-07-17,time_anchor,ANCHOR_OPEN_0930_ACCEPTANCE_BELOW x2
2025-07-16,2025-07-17,time_anchor,ANCHOR_OPEN_0930_BREAK x1
2025-07-16,2025-07-17,time_anchor,ANCHOR_OPEN_0930_CONTINUATION x4
2025-07-16,2025-07-17,time_anchor,ANCHOR_OPEN_0930_EXACT_TOUCH x3
2025-07-16,2025-07-17,time_anchor,ANCHOR_OPEN_0930_EXPIRY x1
2025-07-16,2025-07-17,time_anchor,ANCHOR_OPEN_0930_FIRST_TOUCH x1
2025-07-16,2025-07-17,time_anchor,ANCHOR_OPEN_0930_FORMED x1
2025-07-16,2025-07-17,time_anchor,ANCHOR_OPEN_0930_RECLAIM x7
2025-07-16,2025-07-17,time_anchor,ANCHOR_OPEN_0930_REJECTION x8
2025-07-16,2025-07-17,time_anchor,ANCHOR_OPEN_0930_REVISIT x18
2025-07-16,2025-07-17,time_anchor,ANCHOR_OPEN_0930_SWEEP x8
2025-07-16,2025-07-17,time_anchor,ANCHOR_OPEN_1000_ACCEPTANCE_ABOVE x3
2025-07-16,2025-07-17,time_anchor,ANCHOR_OPEN_1000_ACCEPTANCE_BELOW x1
2025-07-16,2025-07-17,time_anchor,ANCHOR_OPEN_1000_BREAK x1
2025-07-16,2025-07-17,time_anchor,ANCHOR_OPEN_1000_CONTINUATION x4
2025-07-16,2025-07-17,time_anchor,ANCHOR_OPEN_1000_EXPIRY x1
2025-07-16,2025-07-17,time_anchor,ANCHOR_OPEN_1000_FIRST_TOUCH x1
2025-07-16,2025-07-17,time_anchor,ANCHOR_OPEN_1000_FORMED x1
2025-07-16,2025-07-17,time_anchor,ANCHOR_OPEN_1000_RECLAIM x4
2025-07-16,2025-07-17,time_anchor,ANCHOR_OPEN_1000_REJECTION x5
2025-07-16,2025-07-17,time_anchor,ANCHOR_OPEN_1000_REVISIT x8
2025-07-16,2025-07-17,time_anchor,ANCHOR_OPEN_1000_SWEEP x5
2025-07-16,2025-07-17,vwap,VWAP_BAND_REJECT_M1_618 x13
2025-07-16,2025-07-17,vwap,VWAP_BAND_REJECT_M2_618 x6
2025-07-16,2025-07-17,vwap,VWAP_BAND_REJECT_M3_618 x1
2025-07-16,2025-07-17,vwap,VWAP_BAND_REJECT_P1_618 x52
2025-07-16,2025-07-17,vwap,VWAP_BAND_REJECT_P2_618 x5
2025-07-16,2025-07-17,vwap,VWAP_BAND_REJECT_P3_618 x1
2025-07-16,2025-07-17,vwap,VWAP_VWAP x22
2025-07-16,2025-07-17,vwap,VWAP_VWAP_ABOVE x9
2025-07-16,2025-07-17,vwap,VWAP_VWAP_BELOW x8
2025-07-16,2025-07-17,vwap,VWAP_VWAP_BOUNCE_DOWN x24
2025-07-16,2025-07-17,vwap,VWAP_VWAP_BOUNCE_UP x32
2025-07-16,2025-07-17,vwap,VWAP_VWAP_DOWN x14
2025-07-16,2025-07-17,vwap,VWAP_VWAP_UP x14
2025-07-17,2025-07-17,displacement,BAD_BEARISH_DISPLACEMENT x4
2025-07-17,2025-07-17,displacement,BAD_BULLISH_DISPLACEMENT x3
2025-07-17,2025-07-17,displacement,DISPLACEMENT_CONTINUATION x58
2025-07-17,2025-07-17,displacement,DISPLACEMENT_FAILED_CONTINUATION x12
2025-07-17,2025-07-17,displacement,GOOD_BEARISH_DISPLACEMENT x15
2025-07-17,2025-07-17,displacement,GOOD_BULLISH_DISPLACEMENT x11
2025-07-17,2025-07-17,displacement,MIXED_BEARISH_DISPLACEMENT x40
2025-07-17,2025-07-17,displacement,MIXED_BULLISH_DISPLACEMENT x55
2025-07-17,2025-07-17,fvg,BEARISH_FVG_EXACT_TOUCH x13
2025-07-17,2025-07-17,fvg,BEARISH_FVG_FAILURE x30
2025-07-17,2025-07-17,fvg,BEARISH_FVG_FIRST_FILL x33
2025-07-17,2025-07-17,fvg,BEARISH_FVG_FIRST_TOUCH x33
2025-07-17,2025-07-17,fvg,BEARISH_FVG_FORMED x34
2025-07-17,2025-07-17,fvg,BEARISH_FVG_FULL_FILL x31
2025-07-17,2025-07-17,fvg,BEARISH_FVG_MIDPOINT x34
2025-07-17,2025-07-17,fvg,BEARISH_FVG_REVISIT x162
2025-07-17,2025-07-17,fvg,BULLISH_FVG_CONTINUATION x10
2025-07-17,2025-07-17,fvg,BULLISH_FVG_EXACT_TOUCH x14
2025-07-17,2025-07-17,fvg,BULLISH_FVG_EXPIRY x14
2025-07-17,2025-07-17,fvg,BULLISH_FVG_FAILURE x32
2025-07-17,2025-07-17,fvg,BULLISH_FVG_FIRST_FILL x39
2025-07-17,2025-07-17,fvg,BULLISH_FVG_FIRST_TOUCH x39
2025-07-17,2025-07-17,fvg,BULLISH_FVG_FORMED x40
2025-07-17,2025-07-17,fvg,BULLISH_FVG_FULL_FILL x36
2025-07-17,2025-07-17,fvg,BULLISH_FVG_MIDPOINT x39
2025-07-17,2025-07-17,fvg,BULLISH_FVG_REVISIT x152
2025-07-17,2025-07-17,hist_level,PREV_3SESSION_HIGH_EXACT_TOUCH x1
2025-07-17,2025-07-17,hist_level,PREV_3SESSION_HIGH_FIRST_TOUCH x1
2025-07-17,2025-07-17,hist_level,PREV_DAY_HIGH_EXACT_TOUCH x1
2025-07-17,2025-07-17,hist_level,PREV_DAY_HIGH_FIRST_TOUCH x1
2025-07-17,2025-07-17,hist_level,PREV_RTH_CLOSE_ACCEPTANCE_ABOVE x4
2025-07-17,2025-07-17,hist_level,PREV_RTH_CLOSE_ACCEPTANCE_BELOW x4
2025-07-17,2025-07-17,hist_level,PREV_RTH_CLOSE_CONTINUATION x7
2025-07-17,2025-07-17,hist_level,PREV_RTH_CLOSE_EXACT_TOUCH x2
2025-07-17,2025-07-17,hist_level,PREV_RTH_CLOSE_RECLAIM x14
2025-07-17,2025-07-17,hist_level,PREV_RTH_CLOSE_REJECTION x4
2025-07-17,2025-07-17,hist_level,PREV_RTH_CLOSE_REVISIT x20
2025-07-17,2025-07-17,hist_level,PREV_RTH_CLOSE_SWEEP_ABOVE x1
2025-07-17,2025-07-17,hist_level,PREV_RTH_CLOSE_SWEEP_BELOW x3
2025-07-17,2025-07-17,hist_level,PREV_RTH_HIGH_ACCEPTANCE_ABOVE x8
2025-07-17,2025-07-17,hist_level,PREV_RTH_HIGH_ACCEPTANCE_BELOW x8
2025-07-17,2025-07-17,hist_level,PREV_RTH_HIGH_CONTINUATION x13
2025-07-17,2025-07-17,hist_level,PREV_RTH_HIGH_EXACT_TOUCH x5
2025-07-17,2025-07-17,hist_level,PREV_RTH_HIGH_FIRST_TOUCH x1
2025-07-17,2025-07-17,hist_level,PREV_RTH_HIGH_RECLAIM x16
2025-07-17,2025-07-17,hist_level,PREV_RTH_HIGH_REJECTION x13
2025-07-17,2025-07-17,hist_level,PREV_RTH_HIGH_REVISIT x34
2025-07-17,2025-07-17,hist_level,PREV_RTH_HIGH_SWEEP_ABOVE x8
2025-07-17,2025-07-17,hist_level,PREV_RTH_HIGH_SWEEP_BELOW x5
2025-07-17,2025-07-17,hist_level,PREV_WEEK5_HIGH_EXACT_TOUCH x1
2025-07-17,2025-07-17,hist_level,PREV_WEEK5_HIGH_FIRST_TOUCH x1
2025-07-17,2025-07-17,ifvg,BEARISH_IFVG_ACTIVATION x32
2025-07-17,2025-07-17,ifvg,BEARISH_IFVG_FIRST_TOUCH x32
2025-07-17,2025-07-17,ifvg,BEARISH_IFVG_REINVERSION x29
2025-07-17,2025-07-17,ifvg,BEARISH_IFVG_REJECTION x60
2025-07-17,2025-07-17,ifvg,BEARISH_IFVG_REVISIT x130
2025-07-17,2025-07-17,ifvg,BULLISH_IFVG_ACTIVATION x30
2025-07-17,2025-07-17,ifvg,BULLISH_IFVG_EXPIRY x5
2025-07-17,2025-07-17,ifvg,BULLISH_IFVG_FIRST_TOUCH x28
2025-07-17,2025-07-17,ifvg,BULLISH_IFVG_REINVERSION x21
2025-07-17,2025-07-17,ifvg,BULLISH_IFVG_REJECTION x77
2025-07-17,2025-07-17,ifvg,BULLISH_IFVG_REVISIT x150
2025-07-17,2025-07-17,liquidity,EQUAL_HIGHS_ACCEPTANCE_ABOVE x159
2025-07-17,2025-07-17,liquidity,EQUAL_HIGHS_ACCEPTANCE_BELOW x161
2025-07-17,2025-07-17,liquidity,EQUAL_HIGHS_BREAK x29
2025-07-17,2025-07-17,liquidity,EQUAL_HIGHS_CONFIRMED x29
2025-07-17,2025-07-17,liquidity,EQUAL_HIGHS_CONTINUATION x264
2025-07-17,2025-07-17,liquidity,EQUAL_HIGHS_EXACT_TOUCH x90
2025-07-17,2025-07-17,liquidity,EQUAL_HIGHS_EXPIRY x30
2025-07-17,2025-07-17,liquidity,EQUAL_HIGHS_FIRST_TOUCH x32
2025-07-17,2025-07-17,liquidity,EQUAL_HIGHS_RECLAIM x369
2025-07-17,2025-07-17,liquidity,EQUAL_HIGHS_REJECTION x391
2025-07-17,2025-07-17,liquidity,EQUAL_HIGHS_REVISIT x862
2025-07-17,2025-07-17,liquidity,EQUAL_HIGHS_SWEEP_ABOVE x193
2025-07-17,2025-07-17,liquidity,EQUAL_HIGHS_SWEEP_BELOW x198
2025-07-17,2025-07-17,liquidity,EQUAL_LOWS_ACCEPTANCE_ABOVE x141
2025-07-17,2025-07-17,liquidity,EQUAL_LOWS_ACCEPTANCE_BELOW x89
2025-07-17,2025-07-17,liquidity,EQUAL_LOWS_BREAK x29
2025-07-17,2025-07-17,liquidity,EQUAL_LOWS_CONFIRMED x29
2025-07-17,2025-07-17,liquidity,EQUAL_LOWS_CONTINUATION x188
2025-07-17,2025-07-17,liquidity,EQUAL_LOWS_EXACT_TOUCH x76
2025-07-17,2025-07-17,liquidity,EQUAL_LOWS_EXPIRY x27
2025-07-17,2025-07-17,liquidity,EQUAL_LOWS_FIRST_TOUCH x27
2025-07-17,2025-07-17,liquidity,EQUAL_LOWS_RECLAIM x282
2025-07-17,2025-07-17,liquidity,EQUAL_LOWS_REJECTION x237
2025-07-17,2025-07-17,liquidity,EQUAL_LOWS_REVISIT x599
2025-07-17,2025-07-17,liquidity,EQUAL_LOWS_SWEEP_ABOVE x93
2025-07-17,2025-07-17,liquidity,EQUAL_LOWS_SWEEP_BELOW x144
2025-07-17,2025-07-17,liquidity,SWING_HIGH_ACCEPTANCE_ABOVE x357
2025-07-17,2025-07-17,liquidity,SWING_HIGH_ACCEPTANCE_BELOW x364
2025-07-17,2025-07-17,liquidity,SWING_HIGH_BREAK x62
2025-07-17,2025-07-17,liquidity,SWING_HIGH_CONFIRMED x62
2025-07-17,2025-07-17,liquidity,SWING_HIGH_CONTINUATION x599
2025-07-17,2025-07-17,liquidity,SWING_HIGH_EXACT_TOUCH x415
2025-07-17,2025-07-17,liquidity,SWING_HIGH_EXPIRY x59
2025-07-17,2025-07-17,liquidity,SWING_HIGH_FIRST_TOUCH x63
2025-07-17,2025-07-17,liquidity,SWING_HIGH_RECLAIM x909
2025-07-17,2025-07-17,liquidity,SWING_HIGH_REJECTION x803
2025-07-17,2025-07-17,liquidity,SWING_HIGH_REVISIT x2130
2025-07-17,2025-07-17,liquidity,SWING_HIGH_SWEEP_ABOVE x386
2025-07-17,2025-07-17,liquidity,SWING_HIGH_SWEEP_BELOW x417
2025-07-17,2025-07-17,liquidity,SWING_LOW_ACCEPTANCE_ABOVE x310
2025-07-17,2025-07-17,liquidity,SWING_LOW_ACCEPTANCE_BELOW x209
2025-07-17,2025-07-17,liquidity,SWING_LOW_BREAK x65
2025-07-17,2025-07-17,liquidity,SWING_LOW_CONFIRMED x65
2025-07-17,2025-07-17,liquidity,SWING_LOW_CONTINUATION x431
2025-07-17,2025-07-17,liquidity,SWING_LOW_EXACT_TOUCH x300
2025-07-17,2025-07-17,liquidity,SWING_LOW_EXPIRY x59
2025-07-17,2025-07-17,liquidity,SWING_LOW_FIRST_TOUCH x52
2025-07-17,2025-07-17,liquidity,SWING_LOW_RECLAIM x671
2025-07-17,2025-07-17,liquidity,SWING_LOW_REJECTION x509
2025-07-17,2025-07-17,liquidity,SWING_LOW_REVISIT x1454
2025-07-17,2025-07-17,liquidity,SWING_LOW_SWEEP_ABOVE x193
2025-07-17,2025-07-17,liquidity,SWING_LOW_SWEEP_BELOW x316
2025-07-17,2025-07-17,rejection_block,BEARISH_RB_CONFIRMED x14
2025-07-17,2025-07-17,rejection_block,BEARISH_RB_EXACT_TOUCH x18
2025-07-17,2025-07-17,rejection_block,BEARISH_RB_FAILURE x7
2025-07-17,2025-07-17,rejection_block,BEARISH_RB_FORMED x21
2025-07-17,2025-07-17,rejection_block,BEARISH_RB_INVALIDATION x17
2025-07-17,2025-07-17,rejection_block,BEARISH_RB_REJECTION x76
2025-07-17,2025-07-17,rejection_block,BEARISH_RB_REVISIT x194
2025-07-17,2025-07-17,rejection_block,BEARISH_RB_TAP x15
2025-07-17,2025-07-17,rejection_block,BULLISH_RB_CONFIRMED x20
2025-07-17,2025-07-17,rejection_block,BULLISH_RB_EXACT_TOUCH x16
2025-07-17,2025-07-17,rejection_block,BULLISH_RB_EXPIRY x7
2025-07-17,2025-07-17,rejection_block,BULLISH_RB_FAILURE x3
2025-07-17,2025-07-17,rejection_block,BULLISH_RB_FORMED x23
2025-07-17,2025-07-17,rejection_block,BULLISH_RB_INVALIDATION x17
2025-07-17,2025-07-17,rejection_block,BULLISH_RB_REJECTION x69
2025-07-17,2025-07-17,rejection_block,BULLISH_RB_REVISIT x152
2025-07-17,2025-07-17,rejection_block,BULLISH_RB_TAP x20
2025-07-17,2025-07-17,structure,BEARISH_EXPANSION x15
2025-07-17,2025-07-17,structure,BULLISH_EXPANSION x12
2025-07-17,2025-07-17,structure,COMPRESSION x3
2025-07-17,2025-07-17,structure,STRUCT_BREAK x4
2025-07-17,2025-07-17,structure,STRUCT_CONTINUATION x4
2025-07-17,2025-07-17,structure,STRUCT_EXPANSION x2
2025-07-17,2025-07-17,time_anchor,ANCHOR_ASIA_OPEN_ACCEPTANCE_ABOVE x5
2025-07-17,2025-07-17,time_anchor,ANCHOR_ASIA_OPEN_ACCEPTANCE_BELOW x7
2025-07-17,2025-07-17,time_anchor,ANCHOR_ASIA_OPEN_BREAK x1
2025-07-17,2025-07-17,time_anchor,ANCHOR_ASIA_OPEN_CONTINUATION x10
2025-07-17,2025-07-17,time_anchor,ANCHOR_ASIA_OPEN_EXACT_TOUCH x5
2025-07-17,2025-07-17,time_anchor,ANCHOR_ASIA_OPEN_EXPIRY x1
2025-07-17,2025-07-17,time_anchor,ANCHOR_ASIA_OPEN_FIRST_TOUCH x1
2025-07-17,2025-07-17,time_anchor,ANCHOR_ASIA_OPEN_FORMED x1
2025-07-17,2025-07-17,time_anchor,ANCHOR_ASIA_OPEN_RECLAIM x16
2025-07-17,2025-07-17,time_anchor,ANCHOR_ASIA_OPEN_REJECTION x10
2025-07-17,2025-07-17,time_anchor,ANCHOR_ASIA_OPEN_REVISIT x28
2025-07-17,2025-07-17,time_anchor,ANCHOR_ASIA_OPEN_SWEEP x10
2025-07-17,2025-07-17,vwap,VWAP_BAND_REJECT_M1_618 x3
2025-07-17,2025-07-17,vwap,VWAP_BAND_REJECT_M2_618 x1
2025-07-17,2025-07-17,vwap,VWAP_BAND_REJECT_P1_618 x19
2025-07-17,2025-07-17,vwap,VWAP_BAND_REJECT_P2_618 x7
2025-07-17,2025-07-17,vwap,VWAP_BAND_REJECT_P3_618 x2
2025-07-17,2025-07-17,vwap,VWAP_VWAP x23
2025-07-17,2025-07-17,vwap,VWAP_VWAP_ABOVE x8
2025-07-17,2025-07-17,vwap,VWAP_VWAP_BELOW x11
2025-07-17,2025-07-17,vwap,VWAP_VWAP_BOUNCE_DOWN x29
2025-07-17,2025-07-17,vwap,VWAP_VWAP_BOUNCE_UP x30
2025-07-17,2025-07-17,vwap,VWAP_VWAP_DOWN x14
2025-07-17,2025-07-17,vwap,VWAP_VWAP_UP x15
2025-07-17,2025-07-18,displacement,BAD_BEARISH_DISPLACEMENT x10
2025-07-17,2025-07-18,displacement,BAD_BULLISH_DISPLACEMENT x16
2025-07-17,2025-07-18,displacement,DISPLACEMENT_CONTINUATION x186
2025-07-17,2025-07-18,displacement,DISPLACEMENT_FAILED_CONTINUATION x37
2025-07-17,2025-07-18,displacement,GOOD_BEARISH_DISPLACEMENT x50
2025-07-17,2025-07-18,displacement,GOOD_BULLISH_DISPLACEMENT x48
2025-07-17,2025-07-18,displacement,MIXED_BEARISH_DISPLACEMENT x149
2025-07-17,2025-07-18,displacement,MIXED_BULLISH_DISPLACEMENT x140
2025-07-17,2025-07-18,fvg,BEARISH_FVG_EXACT_TOUCH x27
2025-07-17,2025-07-18,fvg,BEARISH_FVG_EXPIRY x7
2025-07-17,2025-07-18,fvg,BEARISH_FVG_FAILURE x100
2025-07-17,2025-07-18,fvg,BEARISH_FVG_FIRST_FILL x101
2025-07-17,2025-07-18,fvg,BEARISH_FVG_FIRST_TOUCH x103
2025-07-17,2025-07-18,fvg,BEARISH_FVG_FORMED x102
2025-07-17,2025-07-18,fvg,BEARISH_FVG_FULL_FILL x104
2025-07-17,2025-07-18,fvg,BEARISH_FVG_MIDPOINT x101
2025-07-17,2025-07-18,fvg,BEARISH_FVG_REVISIT x392
2025-07-17,2025-07-18,fvg,BULLISH_FVG_CONTINUATION x1
2025-07-17,2025-07-18,fvg,BULLISH_FVG_EXACT_TOUCH x31
2025-07-17,2025-07-18,fvg,BULLISH_FVG_EXPIRY x11
2025-07-17,2025-07-18,fvg,BULLISH_FVG_FAILURE x95
2025-07-17,2025-07-18,fvg,BULLISH_FVG_FIRST_FILL x97
2025-07-17,2025-07-18,fvg,BULLISH_FVG_FIRST_TOUCH x97
2025-07-17,2025-07-18,fvg,BULLISH_FVG_FORMED x96
2025-07-17,2025-07-18,fvg,BULLISH_FVG_FULL_FILL x99
2025-07-17,2025-07-18,fvg,BULLISH_FVG_MIDPOINT x97
2025-07-17,2025-07-18,fvg,BULLISH_FVG_REVISIT x355
2025-07-17,2025-07-18,hist_level,HL_0900_HIGH_ACCEPTANCE_ABOVE x4
2025-07-17,2025-07-18,hist_level,HL_0900_HIGH_ACCEPTANCE_BELOW x3
2025-07-17,2025-07-18,hist_level,HL_0900_HIGH_BREAK x1
2025-07-17,2025-07-18,hist_level,HL_0900_HIGH_CONTINUATION x6
2025-07-17,2025-07-18,hist_level,HL_0900_HIGH_EXPIRY x1
2025-07-17,2025-07-18,hist_level,HL_0900_HIGH_FIRST_TOUCH x1
2025-07-17,2025-07-18,hist_level,HL_0900_HIGH_FORMED x1
2025-07-17,2025-07-18,hist_level,HL_0900_HIGH_RECLAIM x7
2025-07-17,2025-07-18,hist_level,HL_0900_HIGH_REJECTION x10
2025-07-17,2025-07-18,hist_level,HL_0900_HIGH_REVISIT x17
2025-07-17,2025-07-18,hist_level,HL_0900_HIGH_SWEEP_ABOVE x4
2025-07-17,2025-07-18,hist_level,HL_0900_HIGH_SWEEP_BELOW x6
2025-07-17,2025-07-18,hist_level,HL_0900_LOW_ACCEPTANCE_ABOVE x3
2025-07-17,2025-07-18,hist_level,HL_0900_LOW_ACCEPTANCE_BELOW x3
2025-07-17,2025-07-18,hist_level,HL_0900_LOW_BREAK x1
2025-07-17,2025-07-18,hist_level,HL_0900_LOW_CONTINUATION x6
2025-07-17,2025-07-18,hist_level,HL_0900_LOW_EXACT_TOUCH x1
2025-07-17,2025-07-18,hist_level,HL_0900_LOW_EXPIRY x1
2025-07-17,2025-07-18,hist_level,HL_0900_LOW_FIRST_TOUCH x1
2025-07-17,2025-07-18,hist_level,HL_0900_LOW_FORMED x1
2025-07-17,2025-07-18,hist_level,HL_0900_LOW_RECLAIM x11
2025-07-17,2025-07-18,hist_level,HL_0900_LOW_REJECTION x4
2025-07-17,2025-07-18,hist_level,HL_0900_LOW_REVISIT x15
2025-07-17,2025-07-18,hist_level,HL_0900_LOW_SWEEP_ABOVE x1
2025-07-17,2025-07-18,hist_level,HL_0900_LOW_SWEEP_BELOW x3
2025-07-17,2025-07-18,hist_level,HL_0930_HIGH_ACCEPTANCE_BELOW x1
2025-07-17,2025-07-18,hist_level,HL_0930_HIGH_BREAK x1
2025-07-17,2025-07-18,hist_level,HL_0930_HIGH_CONTINUATION x1
2025-07-17,2025-07-18,hist_level,HL_0930_HIGH_EXPIRY x1
2025-07-17,2025-07-18,hist_level,HL_0930_HIGH_FIRST_TOUCH x1
2025-07-17,2025-07-18,hist_level,HL_0930_HIGH_FORMED x1
2025-07-17,2025-07-18,hist_level,HL_0930_HIGH_REJECTION x2
2025-07-17,2025-07-18,hist_level,HL_0930_HIGH_REVISIT x1
2025-07-17,2025-07-18,hist_level,HL_0930_HIGH_SWEEP_ABOVE x2
2025-07-17,2025-07-18,hist_level,HL_0930_LOW_ACCEPTANCE_ABOVE x3
2025-07-17,2025-07-18,hist_level,HL_0930_LOW_ACCEPTANCE_BELOW x2
2025-07-17,2025-07-18,hist_level,HL_0930_LOW_BREAK x1
2025-07-17,2025-07-18,hist_level,HL_0930_LOW_CONTINUATION x5
2025-07-17,2025-07-18,hist_level,HL_0930_LOW_EXACT_TOUCH x2
2025-07-17,2025-07-18,hist_level,HL_0930_LOW_EXPIRY x1
2025-07-17,2025-07-18,hist_level,HL_0930_LOW_FIRST_TOUCH x1
2025-07-17,2025-07-18,hist_level,HL_0930_LOW_FORMED x1
2025-07-17,2025-07-18,hist_level,HL_0930_LOW_RECLAIM x11
2025-07-17,2025-07-18,hist_level,HL_0930_LOW_REJECTION x1
2025-07-17,2025-07-18,hist_level,HL_0930_LOW_REVISIT x13
2025-07-17,2025-07-18,hist_level,HL_0930_LOW_SWEEP_BELOW x1
2025-07-17,2025-07-18,hist_level,HL_1000_HIGH_ACCEPTANCE_BELOW x1
2025-07-17,2025-07-18,hist_level,HL_1000_HIGH_BREAK x1
2025-07-17,2025-07-18,hist_level,HL_1000_HIGH_CONTINUATION x1
2025-07-17,2025-07-18,hist_level,HL_1000_HIGH_EXPIRY x1
2025-07-17,2025-07-18,hist_level,HL_1000_HIGH_FORMED x1
2025-07-17,2025-07-18,hist_level,HL_1000_LOW_ACCEPTANCE_ABOVE x1
2025-07-17,2025-07-18,hist_level,HL_1000_LOW_ACCEPTANCE_BELOW x1
2025-07-17,2025-07-18,hist_level,HL_1000_LOW_BREAK x1
2025-07-17,2025-07-18,hist_level,HL_1000_LOW_CONTINUATION x2
2025-07-17,2025-07-18,hist_level,HL_1000_LOW_EXPIRY x1
2025-07-17,2025-07-18,hist_level,HL_1000_LOW_FIRST_TOUCH x1
2025-07-17,2025-07-18,hist_level,HL_1000_LOW_FORMED x1
2025-07-17,2025-07-18,hist_level,HL_1000_LOW_RECLAIM x1
2025-07-17,2025-07-18,hist_level,HL_1000_LOW_REJECTION x3
2025-07-17,2025-07-18,hist_level,HL_1000_LOW_REVISIT x3
2025-07-17,2025-07-18,hist_level,HL_1000_LOW_SWEEP_ABOVE x2
2025-07-17,2025-07-18,hist_level,HL_1000_LOW_SWEEP_BELOW x1
2025-07-17,2025-07-18,hist_level,PREV_3SESSION_HIGH_ACCEPTANCE_ABOVE x7
2025-07-17,2025-07-18,hist_level,PREV_3SESSION_HIGH_ACCEPTANCE_BELOW x5
2025-07-17,2025-07-18,hist_level,PREV_3SESSION_HIGH_CONTINUATION x11
2025-07-17,2025-07-18,hist_level,PREV_3SESSION_HIGH_EXACT_TOUCH x3
2025-07-17,2025-07-18,hist_level,PREV_3SESSION_HIGH_EXPIRY x1
2025-07-17,2025-07-18,hist_level,PREV_3SESSION_HIGH_RECLAIM x18
2025-07-17,2025-07-18,hist_level,PREV_3SESSION_HIGH_REJECTION x17
2025-07-17,2025-07-18,hist_level,PREV_3SESSION_HIGH_REVISIT x39
2025-07-17,2025-07-18,hist_level,PREV_3SESSION_HIGH_SWEEP_ABOVE x8
2025-07-17,2025-07-18,hist_level,PREV_3SESSION_HIGH_SWEEP_BELOW x9
2025-07-17,2025-07-18,hist_level,PREV_3SESSION_LOW_EXPIRY x1
2025-07-17,2025-07-18,hist_level,PREV_DAY_HIGH_ACCEPTANCE_ABOVE x7
2025-07-17,2025-07-18,hist_level,PREV_DAY_HIGH_ACCEPTANCE_BELOW x5
2025-07-17,2025-07-18,hist_level,PREV_DAY_HIGH_CONTINUATION x11
2025-07-17,2025-07-18,hist_level,PREV_DAY_HIGH_EXACT_TOUCH x3
2025-07-17,2025-07-18,hist_level,PREV_DAY_HIGH_EXPIRY x1
2025-07-17,2025-07-18,hist_level,PREV_DAY_HIGH_RECLAIM x18
2025-07-17,2025-07-18,hist_level,PREV_DAY_HIGH_REJECTION x17
2025-07-17,2025-07-18,hist_level,PREV_DAY_HIGH_REVISIT x39
2025-07-17,2025-07-18,hist_level,PREV_DAY_HIGH_SWEEP_ABOVE x8
2025-07-17,2025-07-18,hist_level,PREV_DAY_HIGH_SWEEP_BELOW x9
2025-07-17,2025-07-18,hist_level,PREV_DAY_LOW_EXPIRY x1
2025-07-17,2025-07-18,hist_level,PREV_RTH_CLOSE_ACCEPTANCE_ABOVE x8
2025-07-17,2025-07-18,hist_level,PREV_RTH_CLOSE_ACCEPTANCE_BELOW x4
2025-07-17,2025-07-18,hist_level,PREV_RTH_CLOSE_CONTINUATION x10
2025-07-17,2025-07-18,hist_level,PREV_RTH_CLOSE_EXACT_TOUCH x3
2025-07-17,2025-07-18,hist_level,PREV_RTH_CLOSE_EXPIRY x1
2025-07-17,2025-07-18,hist_level,PREV_RTH_CLOSE_RECLAIM x19
2025-07-17,2025-07-18,hist_level,PREV_RTH_CLOSE_REJECTION x16
2025-07-17,2025-07-18,hist_level,PREV_RTH_CLOSE_REVISIT x38
2025-07-17,2025-07-18,hist_level,PREV_RTH_CLOSE_SWEEP_ABOVE x3
2025-07-17,2025-07-18,hist_level,PREV_RTH_CLOSE_SWEEP_BELOW x13
2025-07-17,2025-07-18,hist_level,PREV_RTH_HIGH_ACCEPTANCE_ABOVE x15
2025-07-17,2025-07-18,hist_level,PREV_RTH_HIGH_ACCEPTANCE_BELOW x10
2025-07-17,2025-07-18,hist_level,PREV_RTH_HIGH_CONTINUATION x22
2025-07-17,2025-07-18,hist_level,PREV_RTH_HIGH_EXACT_TOUCH x11
2025-07-17,2025-07-18,hist_level,PREV_RTH_HIGH_EXPIRY x1
2025-07-17,2025-07-18,hist_level,PREV_RTH_HIGH_RECLAIM x40
2025-07-17,2025-07-18,hist_level,PREV_RTH_HIGH_REJECTION x27
2025-07-17,2025-07-18,hist_level,PREV_RTH_HIGH_REVISIT x85
2025-07-17,2025-07-18,hist_level,PREV_RTH_HIGH_SWEEP_ABOVE x19
2025-07-17,2025-07-18,hist_level,PREV_RTH_HIGH_SWEEP_BELOW x8
2025-07-17,2025-07-18,hist_level,PREV_RTH_LOW_EXPIRY x1
2025-07-17,2025-07-18,hist_level,PREV_WEEK5_HIGH_ACCEPTANCE_ABOVE x7
2025-07-17,2025-07-18,hist_level,PREV_WEEK5_HIGH_ACCEPTANCE_BELOW x5
2025-07-17,2025-07-18,hist_level,PREV_WEEK5_HIGH_CONTINUATION x11
2025-07-17,2025-07-18,hist_level,PREV_WEEK5_HIGH_EXACT_TOUCH x3
2025-07-17,2025-07-18,hist_level,PREV_WEEK5_HIGH_EXPIRY x1
2025-07-17,2025-07-18,hist_level,PREV_WEEK5_HIGH_RECLAIM x18
2025-07-17,2025-07-18,hist_level,PREV_WEEK5_HIGH_REJECTION x17
2025-07-17,2025-07-18,hist_level,PREV_WEEK5_HIGH_REVISIT x39
2025-07-17,2025-07-18,hist_level,PREV_WEEK5_HIGH_SWEEP_ABOVE x8
2025-07-17,2025-07-18,hist_level,PREV_WEEK5_HIGH_SWEEP_BELOW x9
2025-07-17,2025-07-18,hist_level,PREV_WEEK5_LOW_EXPIRY x1
2025-07-17,2025-07-18,ifvg,BEARISH_IFVG_ACTIVATION x95
2025-07-17,2025-07-18,ifvg,BEARISH_IFVG_EXPIRY x7
2025-07-17,2025-07-18,ifvg,BEARISH_IFVG_FIRST_TOUCH x93
2025-07-17,2025-07-18,ifvg,BEARISH_IFVG_REINVERSION x91
2025-07-17,2025-07-18,ifvg,BEARISH_IFVG_REJECTION x164
2025-07-17,2025-07-18,ifvg,BEARISH_IFVG_REVISIT x315
2025-07-17,2025-07-18,ifvg,BULLISH_IFVG_ACTIVATION x100
2025-07-17,2025-07-18,ifvg,BULLISH_IFVG_EXPIRY x10
2025-07-17,2025-07-18,ifvg,BULLISH_IFVG_FIRST_TOUCH x102
2025-07-17,2025-07-18,ifvg,BULLISH_IFVG_REINVERSION x99
2025-07-17,2025-07-18,ifvg,BULLISH_IFVG_REJECTION x207
2025-07-17,2025-07-18,ifvg,BULLISH_IFVG_REVISIT x354
2025-07-17,2025-07-18,liquidity,EQUAL_HIGHS_ACCEPTANCE_ABOVE x867
2025-07-17,2025-07-18,liquidity,EQUAL_HIGHS_ACCEPTANCE_BELOW x859
2025-07-17,2025-07-18,liquidity,EQUAL_HIGHS_BREAK x72
2025-07-17,2025-07-18,liquidity,EQUAL_HIGHS_CONFIRMED x72
2025-07-17,2025-07-18,liquidity,EQUAL_HIGHS_CONTINUATION x1412
2025-07-17,2025-07-18,liquidity,EQUAL_HIGHS_EXACT_TOUCH x323
2025-07-17,2025-07-18,liquidity,EQUAL_HIGHS_EXPIRY x67
2025-07-17,2025-07-18,liquidity,EQUAL_HIGHS_FIRST_TOUCH x71
2025-07-17,2025-07-18,liquidity,EQUAL_HIGHS_RECLAIM x2320
2025-07-17,2025-07-18,liquidity,EQUAL_HIGHS_REJECTION x2129
2025-07-17,2025-07-18,liquidity,EQUAL_HIGHS_REVISIT x4878
2025-07-17,2025-07-18,liquidity,EQUAL_HIGHS_SWEEP_ABOVE x1026
2025-07-17,2025-07-18,liquidity,EQUAL_HIGHS_SWEEP_BELOW x1103
2025-07-17,2025-07-18,liquidity,EQUAL_LOWS_ACCEPTANCE_ABOVE x749
2025-07-17,2025-07-18,liquidity,EQUAL_LOWS_ACCEPTANCE_BELOW x657
2025-07-17,2025-07-18,liquidity,EQUAL_LOWS_BREAK x72
2025-07-17,2025-07-18,liquidity,EQUAL_LOWS_CONFIRMED x72
2025-07-17,2025-07-18,liquidity,EQUAL_LOWS_CONTINUATION x1129
2025-07-17,2025-07-18,liquidity,EQUAL_LOWS_EXACT_TOUCH x226
2025-07-17,2025-07-18,liquidity,EQUAL_LOWS_EXPIRY x74
2025-07-17,2025-07-18,liquidity,EQUAL_LOWS_FIRST_TOUCH x70
2025-07-17,2025-07-18,liquidity,EQUAL_LOWS_RECLAIM x1855
2025-07-17,2025-07-18,liquidity,EQUAL_LOWS_REJECTION x1754
2025-07-17,2025-07-18,liquidity,EQUAL_LOWS_REVISIT x3909
2025-07-17,2025-07-18,liquidity,EQUAL_LOWS_SWEEP_ABOVE x794
2025-07-17,2025-07-18,liquidity,EQUAL_LOWS_SWEEP_BELOW x960
2025-07-17,2025-07-18,liquidity,SWING_HIGH_ACCEPTANCE_ABOVE x1884
2025-07-17,2025-07-18,liquidity,SWING_HIGH_ACCEPTANCE_BELOW x1858
2025-07-17,2025-07-18,liquidity,SWING_HIGH_BREAK x158
2025-07-17,2025-07-18,liquidity,SWING_HIGH_CONFIRMED x158
2025-07-17,2025-07-18,liquidity,SWING_HIGH_CONTINUATION x3085
2025-07-17,2025-07-18,liquidity,SWING_HIGH_EXACT_TOUCH x1239
2025-07-17,2025-07-18,liquidity,SWING_HIGH_EXPIRY x151
2025-07-17,2025-07-18,liquidity,SWING_HIGH_FIRST_TOUCH x154
2025-07-17,2025-07-18,liquidity,SWING_HIGH_RECLAIM x5223
2025-07-17,2025-07-18,liquidity,SWING_HIGH_REJECTION x4397
2025-07-17,2025-07-18,liquidity,SWING_HIGH_REVISIT x11075
2025-07-17,2025-07-18,liquidity,SWING_HIGH_SWEEP_ABOVE x2094
2025-07-17,2025-07-18,liquidity,SWING_HIGH_SWEEP_BELOW x2303
2025-07-17,2025-07-18,liquidity,SWING_LOW_ACCEPTANCE_ABOVE x1657
2025-07-17,2025-07-18,liquidity,SWING_LOW_ACCEPTANCE_BELOW x1506
2025-07-17,2025-07-18,liquidity,SWING_LOW_BREAK x158
2025-07-17,2025-07-18,liquidity,SWING_LOW_CONFIRMED x158
2025-07-17,2025-07-18,liquidity,SWING_LOW_CONTINUATION x2556
2025-07-17,2025-07-18,liquidity,SWING_LOW_EXACT_TOUCH x954
2025-07-17,2025-07-18,liquidity,SWING_LOW_EXPIRY x164
2025-07-17,2025-07-18,liquidity,SWING_LOW_FIRST_TOUCH x164
2025-07-17,2025-07-18,liquidity,SWING_LOW_RECLAIM x4468
2025-07-17,2025-07-18,liquidity,SWING_LOW_REJECTION x3760
2025-07-17,2025-07-18,liquidity,SWING_LOW_REVISIT x9258
2025-07-17,2025-07-18,liquidity,SWING_LOW_SWEEP_ABOVE x1660
2025-07-17,2025-07-18,liquidity,SWING_LOW_SWEEP_BELOW x2100
2025-07-17,2025-07-18,rejection_block,BEARISH_RB_CONFIRMED x30
2025-07-17,2025-07-18,rejection_block,BEARISH_RB_EXACT_TOUCH x21
2025-07-17,2025-07-18,rejection_block,BEARISH_RB_EXPIRY x5
2025-07-17,2025-07-18,rejection_block,BEARISH_RB_FAILURE x20
2025-07-17,2025-07-18,rejection_block,BEARISH_RB_FORMED x51
2025-07-17,2025-07-18,rejection_block,BEARISH_RB_INVALIDATION x28
2025-07-17,2025-07-18,rejection_block,BEARISH_RB_REJECTION x95
2025-07-17,2025-07-18,rejection_block,BEARISH_RB_REVISIT x211
2025-07-17,2025-07-18,rejection_block,BEARISH_RB_TAP x30
2025-07-17,2025-07-18,rejection_block,BULLISH_RB_CONFIRMED x40
2025-07-17,2025-07-18,rejection_block,BULLISH_RB_EXACT_TOUCH x23
2025-07-17,2025-07-18,rejection_block,BULLISH_RB_EXPIRY x6
2025-07-17,2025-07-18,rejection_block,BULLISH_RB_FAILURE x19
2025-07-17,2025-07-18,rejection_block,BULLISH_RB_FORMED x59
2025-07-17,2025-07-18,rejection_block,BULLISH_RB_INVALIDATION x38
2025-07-17,2025-07-18,rejection_block,BULLISH_RB_REJECTION x104
2025-07-17,2025-07-18,rejection_block,BULLISH_RB_REVISIT x179
2025-07-17,2025-07-18,rejection_block,BULLISH_RB_TAP x40
2025-07-17,2025-07-18,structure,BEARISH_EXPANSION x39
2025-07-17,2025-07-18,structure,BULLISH_EXPANSION x38
2025-07-17,2025-07-18,structure,COMPRESSION x7
2025-07-17,2025-07-18,structure,STRUCT_BREAK x7
2025-07-17,2025-07-18,structure,STRUCT_CONTINUATION x7
2025-07-17,2025-07-18,structure,STRUCT_EXPANSION x1
2025-07-17,2025-07-18,time_anchor,ANCHOR_ASIA_OPEN_ACCEPTANCE_ABOVE x12
2025-07-17,2025-07-18,time_anchor,ANCHOR_ASIA_OPEN_ACCEPTANCE_BELOW x10
2025-07-17,2025-07-18,time_anchor,ANCHOR_ASIA_OPEN_CONTINUATION x21
2025-07-17,2025-07-18,time_anchor,ANCHOR_ASIA_OPEN_EXACT_TOUCH x10
2025-07-17,2025-07-18,time_anchor,ANCHOR_ASIA_OPEN_RECLAIM x30
2025-07-17,2025-07-18,time_anchor,ANCHOR_ASIA_OPEN_REJECTION x30
2025-07-17,2025-07-18,time_anchor,ANCHOR_ASIA_OPEN_REVISIT x73
2025-07-17,2025-07-18,time_anchor,ANCHOR_ASIA_OPEN_SWEEP x30
2025-07-17,2025-07-18,time_anchor,ANCHOR_LONDON_OPEN_ACCEPTANCE_ABOVE x8
2025-07-17,2025-07-18,time_anchor,ANCHOR_LONDON_OPEN_ACCEPTANCE_BELOW x8
2025-07-17,2025-07-18,time_anchor,ANCHOR_LONDON_OPEN_BREAK x1
2025-07-17,2025-07-18,time_anchor,ANCHOR_LONDON_OPEN_CONTINUATION x13
2025-07-17,2025-07-18,time_anchor,ANCHOR_LONDON_OPEN_EXACT_TOUCH x10
2025-07-17,2025-07-18,time_anchor,ANCHOR_LONDON_OPEN_EXPIRY x1
2025-07-17,2025-07-18,time_anchor,ANCHOR_LONDON_OPEN_FIRST_TOUCH x1
2025-07-17,2025-07-18,time_anchor,ANCHOR_LONDON_OPEN_FORMED x1
2025-07-17,2025-07-18,time_anchor,ANCHOR_LONDON_OPEN_RECLAIM x19
2025-07-17,2025-07-18,time_anchor,ANCHOR_LONDON_OPEN_REJECTION x15
2025-07-17,2025-07-18,time_anchor,ANCHOR_LONDON_OPEN_REVISIT x48
2025-07-17,2025-07-18,time_anchor,ANCHOR_LONDON_OPEN_SWEEP x15
2025-07-17,2025-07-18,time_anchor,ANCHOR_MIDNIGHT_OPEN_ACCEPTANCE_ABOVE x12
2025-07-17,2025-07-18,time_anchor,ANCHOR_MIDNIGHT_OPEN_ACCEPTANCE_BELOW x14
2025-07-17,2025-07-18,time_anchor,ANCHOR_MIDNIGHT_OPEN_BREAK x1
2025-07-17,2025-07-18,time_anchor,ANCHOR_MIDNIGHT_OPEN_CONTINUATION x19
2025-07-17,2025-07-18,time_anchor,ANCHOR_MIDNIGHT_OPEN_EXACT_TOUCH x7
2025-07-17,2025-07-18,time_anchor,ANCHOR_MIDNIGHT_OPEN_EXPIRY x1
2025-07-17,2025-07-18,time_anchor,ANCHOR_MIDNIGHT_OPEN_FIRST_TOUCH x1
2025-07-17,2025-07-18,time_anchor,ANCHOR_MIDNIGHT_OPEN_FORMED x1
2025-07-17,2025-07-18,time_anchor,ANCHOR_MIDNIGHT_OPEN_RECLAIM x32
2025-07-17,2025-07-18,time_anchor,ANCHOR_MIDNIGHT_OPEN_REJECTION x40
2025-07-17,2025-07-18,time_anchor,ANCHOR_MIDNIGHT_OPEN_REVISIT x85
2025-07-17,2025-07-18,time_anchor,ANCHOR_MIDNIGHT_OPEN_SWEEP x40
2025-07-17,2025-07-18,time_anchor,ANCHOR_NY_SESSION_OPEN_ACCEPTANCE_BELOW x2
2025-07-17,2025-07-18,time_anchor,ANCHOR_NY_SESSION_OPEN_BREAK x1
2025-07-17,2025-07-18,time_anchor,ANCHOR_NY_SESSION_OPEN_CONTINUATION x1
2025-07-17,2025-07-18,time_anchor,ANCHOR_NY_SESSION_OPEN_EXPIRY x1
2025-07-17,2025-07-18,time_anchor,ANCHOR_NY_SESSION_OPEN_FIRST_TOUCH x1
2025-07-17,2025-07-18,time_anchor,ANCHOR_NY_SESSION_OPEN_FORMED x1
2025-07-17,2025-07-18,time_anchor,ANCHOR_NY_SESSION_OPEN_RECLAIM x2
2025-07-17,2025-07-18,time_anchor,ANCHOR_NY_SESSION_OPEN_REJECTION x1
2025-07-17,2025-07-18,time_anchor,ANCHOR_NY_SESSION_OPEN_REVISIT x2
2025-07-17,2025-07-18,time_anchor,ANCHOR_NY_SESSION_OPEN_SWEEP x1
2025-07-17,2025-07-18,time_anchor,ANCHOR_OPEN_0900_ACCEPTANCE_ABOVE x4
2025-07-17,2025-07-18,time_anchor,ANCHOR_OPEN_0900_ACCEPTANCE_BELOW x3
2025-07-17,2025-07-18,time_anchor,ANCHOR_OPEN_0900_BREAK x1
2025-07-17,2025-07-18,time_anchor,ANCHOR_OPEN_0900_CONTINUATION x7
2025-07-17,2025-07-18,time_anchor,ANCHOR_OPEN_0900_EXACT_TOUCH x2
2025-07-17,2025-07-18,time_anchor,ANCHOR_OPEN_0900_EXPIRY x1
2025-07-17,2025-07-18,time_anchor,ANCHOR_OPEN_0900_FIRST_TOUCH x1
2025-07-17,2025-07-18,time_anchor,ANCHOR_OPEN_0900_FORMED x1
2025-07-17,2025-07-18,time_anchor,ANCHOR_OPEN_0900_RECLAIM x13
2025-07-17,2025-07-18,time_anchor,ANCHOR_OPEN_0900_REJECTION x8
2025-07-17,2025-07-18,time_anchor,ANCHOR_OPEN_0900_REVISIT x24
2025-07-17,2025-07-18,time_anchor,ANCHOR_OPEN_0900_SWEEP x8
2025-07-17,2025-07-18,time_anchor,ANCHOR_OPEN_0930_ACCEPTANCE_BELOW x2
2025-07-17,2025-07-18,time_anchor,ANCHOR_OPEN_0930_BREAK x1
2025-07-17,2025-07-18,time_anchor,ANCHOR_OPEN_0930_CONTINUATION x1
2025-07-17,2025-07-18,time_anchor,ANCHOR_OPEN_0930_EXPIRY x1
2025-07-17,2025-07-18,time_anchor,ANCHOR_OPEN_0930_FIRST_TOUCH x1
2025-07-17,2025-07-18,time_anchor,ANCHOR_OPEN_0930_FORMED x1
2025-07-17,2025-07-18,time_anchor,ANCHOR_OPEN_0930_RECLAIM x2
2025-07-17,2025-07-18,time_anchor,ANCHOR_OPEN_0930_REJECTION x1
2025-07-17,2025-07-18,time_anchor,ANCHOR_OPEN_0930_REVISIT x2
2025-07-17,2025-07-18,time_anchor,ANCHOR_OPEN_0930_SWEEP x1
2025-07-17,2025-07-18,time_anchor,ANCHOR_OPEN_1000_ACCEPTANCE_ABOVE x1
2025-07-17,2025-07-18,time_anchor,ANCHOR_OPEN_1000_ACCEPTANCE_BELOW x1
2025-07-17,2025-07-18,time_anchor,ANCHOR_OPEN_1000_BREAK x1
2025-07-17,2025-07-18,time_anchor,ANCHOR_OPEN_1000_CONTINUATION x1
2025-07-17,2025-07-18,time_anchor,ANCHOR_OPEN_1000_EXPIRY x1
2025-07-17,2025-07-18,time_anchor,ANCHOR_OPEN_1000_FIRST_TOUCH x1
2025-07-17,2025-07-18,time_anchor,ANCHOR_OPEN_1000_FORMED x1
2025-07-17,2025-07-18,time_anchor,ANCHOR_OPEN_1000_RECLAIM x1
2025-07-17,2025-07-18,vwap,VWAP_BAND_REJECT_M1_618 x56
2025-07-17,2025-07-18,vwap,VWAP_BAND_REJECT_M2_618 x12
2025-07-17,2025-07-18,vwap,VWAP_BAND_REJECT_M3_618 x1
2025-07-17,2025-07-18,vwap,VWAP_BAND_REJECT_P1_618 x22
2025-07-17,2025-07-18,vwap,VWAP_BAND_REJECT_P2_618 x7
2025-07-17,2025-07-18,vwap,VWAP_BAND_REJECT_P3_618 x2
2025-07-17,2025-07-18,vwap,VWAP_VWAP x28
2025-07-17,2025-07-18,vwap,VWAP_VWAP_ABOVE x11
2025-07-17,2025-07-18,vwap,VWAP_VWAP_BELOW x14
2025-07-17,2025-07-18,vwap,VWAP_VWAP_BOUNCE_DOWN x42
2025-07-17,2025-07-18,vwap,VWAP_VWAP_BOUNCE_UP x38
2025-07-17,2025-07-18,vwap,VWAP_VWAP_DOWN x18
2025-07-17,2025-07-18,vwap,VWAP_VWAP_UP x18
