variant_id,episode_id,symbol,entry_variant,reaction_state,direction,lane,session,context_tf,trigger_tf,is_multi_timeframe,executable,interaction_ts,trigger_ts,entry_ts,entry_price,atr_1m_24,atr_5m_24,raw_stop_price,raw_stop_distance,effective_stop_price,effective_stop_distance,stop_widened_by_atr_floor,target_surface,target_family,target_id,target_tf,target_distance,target_distance_atr5_multiple,natural_rr,rejection_reason
EP-42179-ENTRY_ON_TAP,EP-42179,NQU6,ENTRY_ON_TAP,TAP_ONLY,1,F,GLOBEX_EVENING,15,1,True,True,2026-07-12 18:00:00-04:00,2026-07-12 18:01:00-04:00,2026-07-12 18:01:00-04:00,29970.75,10.3749,19.3094,29948.5,22.25,29948.5,22.25,False,29998.0,ifvg,IFVG2-002064,1,27.25,1.4112,1.2247,
EP-42180-ENTRY_ON_TAP,EP-42180,NQU6,ENTRY_ON_TAP,TAP_ONLY,1,F,GLOBEX_EVENING,5,1,True,True,2026-07-12 18:00:00-04:00,2026-07-12 18:01:00-04:00,2026-07-12 18:01:00-04:00,29970.75,10.3749,19.3094,29938.25,32.5,29938.25,32.5,False,29998.0,ifvg,IFVG2-002064,1,27.25,1.4112,0.8385,
EP-42192-ENTRY_ON_TAP,EP-42192,NQU6,ENTRY_ON_TAP,TAP_ONLY,1,A,GLOBEX_EVENING,1,1,False,True,2026-07-12 18:05:00-04:00,2026-07-12 18:06:00-04:00,2026-07-12 18:06:00-04:00,29883.5,14.3282,24.9528,29870.5,13.0,29869.1718,14.3282,True,29923.75,rb,RB2-014230,1,40.25,1.613,2.8091,
EP-42192-ENTRY_ON_FIRST_CLOSE_OUTSIDE,EP-42192,NQU6,ENTRY_ON_FIRST_CLOSE_OUTSIDE,CLOSE_BACK_OUTSIDE,1,A,GLOBEX_EVENING,1,1,False,True,2026-07-12 18:05:00-04:00,2026-07-12 18:07:00-04:00,2026-07-12 18:07:00-04:00,29889.75,14.6687,24.9528,29870.5,19.25,29870.5,19.25,False,29923.75,rb,RB2-014230,1,34.0,1.3626,1.7662,
EP-42192-ENTRY_ON_MINIMAL_WICK_REJECTION,EP-42192,NQU6,ENTRY_ON_MINIMAL_WICK_REJECTION,MINIMAL_WICK_REJECTION,1,A,GLOBEX_EVENING,1,1,False,True,2026-07-12 18:05:00-04:00,2026-07-12 18:07:00-04:00,2026-07-12 18:07:00-04:00,29889.75,14.6687,24.9528,29870.5,19.25,29870.5,19.25,False,29923.75,rb,RB2-014230,1,34.0,1.3626,1.7662,
EP-42192-ENTRY_ON_STRONG_REJECTION,EP-42192,NQU6,ENTRY_ON_STRONG_REJECTION,STRONG_REJECTION_DEPARTURE,1,A,GLOBEX_EVENING,1,1,False,True,2026-07-12 18:05:00-04:00,2026-07-12 18:07:00-04:00,2026-07-12 18:07:00-04:00,29889.75,14.6687,24.9528,29870.5,19.25,29870.5,19.25,False,29923.75,rb,RB2-014230,1,34.0,1.3626,1.7662,
EP-42194-ENTRY_ON_TAP,EP-42194,NQU6,ENTRY_ON_TAP,TAP_ONLY,1,A,GLOBEX_EVENING,3,1,True,True,2026-07-12 18:06:00-04:00,2026-07-12 18:07:00-04:00,2026-07-12 18:07:00-04:00,29889.75,14.6687,24.9528,29847.75,42.0,29847.75,42.0,False,29923.75,rb,RB2-014230,1,34.0,1.3626,0.8095,
EP-42197-ENTRY_ON_TAP,EP-42197,NQU6,ENTRY_ON_TAP,TAP_ONLY,1,A,GLOBEX_EVENING,1,1,False,True,2026-07-12 18:09:00-04:00,2026-07-12 18:10:00-04:00,2026-07-12 18:10:00-04:00,29894.25,15.0083,26.236,29894.0,0.25,29879.2417,15.0083,True,29923.75,rb,RB2-014230,1,29.5,1.1244,1.9656,
EP-42316-ENTRY_ON_IFVG_RETEST,EP-42316,NQU6,ENTRY_ON_IFVG_RETEST,IFVG_RETEST,-1,F,ASIA,60,1,True,True,2026-07-12 20:06:00-04:00,2026-07-12 20:07:00-04:00,2026-07-12 20:07:00-04:00,29996.0,16.7995,28.2905,29996.5,0.5,30012.7995,16.7995,True,29954.0,rb,RB2-014277,1,42.0,1.4846,2.5001,
EP-42320-ENTRY_ON_IFVG_RETEST,EP-42320,NQU6,ENTRY_ON_IFVG_RETEST,IFVG_RETEST,-1,C,ASIA,3,3,False,True,,2026-07-12 20:09:00-04:00,2026-07-12 20:09:00-04:00,29985.0,17.43,28.2905,29998.75,13.75,30002.43,17.43,True,29954.0,rb,RB2-014277,1,31.0,1.0958,1.7785,
EP-42322-ENTRY_ON_TAP,EP-42322,NQU6,ENTRY_ON_TAP,TAP_ONLY,-1,F,ASIA,3,1,True,True,2026-07-12 20:09:00-04:00,2026-07-12 20:10:00-04:00,2026-07-12 20:10:00-04:00,29996.5,17.5996,29.3721,30007.75,11.25,30014.0996,17.5996,True,29967.0,rb,RB2-027179,5,29.5,1.0044,1.6762,
EP-42324-ENTRY_ON_TAP,EP-42324,NQU6,ENTRY_ON_TAP,TAP_ONLY,1,A,ASIA,1,1,False,True,2026-07-12 20:10:00-04:00,2026-07-12 20:11:00-04:00,2026-07-12 20:11:00-04:00,30025.75,18.7621,29.3721,30018.0,7.75,30006.9879,18.7621,True,30059.25,ifvg,IFVG2-003878,5,33.5,1.1405,1.7855,
EP-42325-ENTRY_ON_TAP,EP-42325,NQU6,ENTRY_ON_TAP,TAP_ONLY,-1,A,ASIA,1,1,False,True,2026-07-12 20:11:00-04:00,2026-07-12 20:12:00-04:00,2026-07-12 20:12:00-04:00,30022.0,18.6157,29.3721,30041.0,19.0,30041.0,19.0,False,29967.0,rb,RB2-027179,5,55.0,1.8725,2.8947,
EP-42325-ENTRY_ON_FIRST_CLOSE_OUTSIDE,EP-42325,NQU6,ENTRY_ON_FIRST_CLOSE_OUTSIDE,CLOSE_BACK_OUTSIDE,-1,A,ASIA,1,1,False,True,2026-07-12 20:11:00-04:00,2026-07-12 20:13:00-04:00,2026-07-12 20:13:00-04:00,30014.25,18.4755,29.3721,30041.0,26.75,30041.0,26.75,False,29967.0,rb,RB2-027179,5,47.25,1.6087,1.7664,
EP-42325-ENTRY_ON_MINIMAL_WICK_REJECTION,EP-42325,NQU6,ENTRY_ON_MINIMAL_WICK_REJECTION,MINIMAL_WICK_REJECTION,-1,A,ASIA,1,1,False,True,2026-07-12 20:11:00-04:00,2026-07-12 20:13:00-04:00,2026-07-12 20:13:00-04:00,30014.25,18.4755,29.3721,30041.0,26.75,30041.0,26.75,False,29967.0,rb,RB2-027179,5,47.25,1.6087,1.7664,
EP-42326-ENTRY_ON_TAP,EP-42326,NQU6,ENTRY_ON_TAP,TAP_ONLY,-1,A,ASIA,3,1,True,True,2026-07-12 20:12:00-04:00,2026-07-12 20:13:00-04:00,2026-07-12 20:13:00-04:00,30014.25,18.4755,29.3721,30041.0,26.75,30041.0,26.75,False,29967.0,rb,RB2-027179,5,47.25,1.6087,1.7664,
EP-42386-ENTRY_ON_TAP,EP-42386,NQU6,ENTRY_ON_TAP,TAP_ONLY,1,F,ASIA,30,1,True,True,2026-07-12 20:52:00-04:00,2026-07-12 20:53:00-04:00,2026-07-12 20:53:00-04:00,29813.0,20.6699,35.4518,29780.0,33.0,29780.0,33.0,False,29864.5,rb,RB2-014300,1,51.5,1.4527,1.5606,
EP-42394-ENTRY_ON_DELAYED_DISPLACEMENT,EP-42394,NQU6,ENTRY_ON_DELAYED_DISPLACEMENT,DELAYED_DISPLACEMENT,-1,A,ASIA,1,1,False,True,2026-07-12 20:59:00-04:00,2026-07-12 21:05:00-04:00,2026-07-12 21:05:00-04:00,29819.75,20.382,36.3362,29845.0,25.25,29845.0,25.25,False,29572.25,fvg,FVG2-007795,60,247.5,6.8114,9.802,
EP-42395-ENTRY_ON_FIRST_CLOSE_OUTSIDE,EP-42395,NQU6,ENTRY_ON_FIRST_CLOSE_OUTSIDE,CLOSE_BACK_OUTSIDE,-1,A,ASIA,5,1,True,True,2026-07-12 21:00:00-04:00,2026-07-12 21:05:00-04:00,2026-07-12 21:05:00-04:00,29819.75,20.382,36.3362,29845.5,25.75,29845.5,25.75,False,29572.25,fvg,FVG2-007795,60,247.5,6.8114,9.6117,
EP-42395-ENTRY_ON_DELAYED_DISPLACEMENT,EP-42395,NQU6,ENTRY_ON_DELAYED_DISPLACEMENT,DELAYED_DISPLACEMENT,-1,A,ASIA,5,1,True,True,2026-07-12 21:00:00-04:00,2026-07-12 21:05:00-04:00,2026-07-12 21:05:00-04:00,29819.75,20.382,36.3362,29845.5,25.75,29845.5,25.75,False,29572.25,fvg,FVG2-007795,60,247.5,6.8114,9.6117,
EP-42397-ENTRY_ON_TAP,EP-42397,NQU6,ENTRY_ON_TAP,TAP_ONLY,-1,A,ASIA,5,5,False,True,,2026-07-12 21:05:00-04:00,2026-07-12 21:05:00-04:00,29819.75,20.382,36.3362,29845.5,25.75,29845.5,25.75,False,29572.25,fvg,FVG2-007795,60,247.5,6.8114,9.6117,
EP-42393-ENTRY_ON_FIRST_CLOSE_OUTSIDE,EP-42393,NQU6,ENTRY_ON_FIRST_CLOSE_OUTSIDE,CLOSE_BACK_OUTSIDE,-1,A,ASIA,3,3,False,True,,2026-07-12 21:06:00-04:00,2026-07-12 21:06:00-04:00,29819.5,20.3661,36.3362,29845.5,26.0,29845.5,26.0,False,29572.25,fvg,FVG2-007795,60,247.25,6.8045,9.5096,
EP-42393-ENTRY_ON_MINIMAL_WICK_REJECTION,EP-42393,NQU6,ENTRY_ON_MINIMAL_WICK_REJECTION,MINIMAL_WICK_REJECTION,-1,A,ASIA,3,3,False,True,,2026-07-12 21:06:00-04:00,2026-07-12 21:06:00-04:00,29819.5,20.3661,36.3362,29845.5,26.0,29845.5,26.0,False,29572.25,fvg,FVG2-007795,60,247.25,6.8045,9.5096,
EP-42393-ENTRY_ON_DELAYED_DISPLACEMENT,EP-42393,NQU6,ENTRY_ON_DELAYED_DISPLACEMENT,DELAYED_DISPLACEMENT,-1,A,ASIA,3,3,False,True,,2026-07-12 21:06:00-04:00,2026-07-12 21:06:00-04:00,29819.5,20.3661,36.3362,29845.5,26.0,29845.5,26.0,False,29572.25,fvg,FVG2-007795,60,247.25,6.8045,9.5096,
EP-42400-ENTRY_ON_TAP,EP-42400,NQU6,ENTRY_ON_TAP,TAP_ONLY,1,A,ASIA,1,1,False,True,2026-07-12 21:07:00-04:00,2026-07-12 21:08:00-04:00,2026-07-12 21:08:00-04:00,29821.25,19.8127,36.3362,29807.0,14.25,29801.4373,19.8127,True,29864.5,rb,RB2-014300,1,43.25,1.1903,2.1829,
EP-42370-ENTRY_ON_DELAYED_DISPLACEMENT,EP-42370,NQU6,ENTRY_ON_DELAYED_DISPLACEMENT,DELAYED_DISPLACEMENT,-1,C,ASIA,5,5,False,True,,2026-07-12 21:10:00-04:00,2026-07-12 21:10:00-04:00,29797.0,20.1861,36.1035,29953.5,156.5,29953.5,156.5,False,29572.25,fvg,FVG2-007795,60,224.75,6.2252,1.4361,
EP-42379-ENTRY_ON_DELAYED_DISPLACEMENT,EP-42379,NQU6,ENTRY_ON_DELAYED_DISPLACEMENT,DELAYED_DISPLACEMENT,-1,B,ASIA,5,5,False,True,,2026-07-12 21:10:00-04:00,2026-07-12 21:10:00-04:00,29797.0,20.1861,36.1035,29911.75,114.75,29911.75,114.75,False,29572.25,fvg,FVG2-007795,60,224.75,6.2252,1.9586,
EP-42397-ENTRY_ON_FIRST_CLOSE_OUTSIDE,EP-42397,NQU6,ENTRY_ON_FIRST_CLOSE_OUTSIDE,CLOSE_BACK_OUTSIDE,-1,A,ASIA,5,5,False,True,,2026-07-12 21:10:00-04:00,2026-07-12 21:10:00-04:00,29797.0,20.1861,36.1035,29845.5,48.5,29845.5,48.5,False,29572.25,fvg,FVG2-007795,60,224.75,6.2252,4.634,
EP-42397-ENTRY_ON_IMMEDIATE_DISPLACEMENT,EP-42397,NQU6,ENTRY_ON_IMMEDIATE_DISPLACEMENT,IMMEDIATE_DISPLACEMENT,-1,A,ASIA,5,5,False,True,,2026-07-12 21:10:00-04:00,2026-07-12 21:10:00-04:00,29797.0,20.1861,36.1035,29845.5,48.5,29845.5,48.5,False,29572.25,fvg,FVG2-007795,60,224.75,6.2252,4.634,
EP-42414-ENTRY_ON_DELAYED_DISPLACEMENT,EP-42414,NQU6,ENTRY_ON_DELAYED_DISPLACEMENT,DELAYED_DISPLACEMENT,-1,A,ASIA,3,3,False,True,,2026-07-12 21:27:00-04:00,2026-07-12 21:27:00-04:00,29796.75,18.3858,35.7821,29849.0,52.25,29849.0,52.25,False,29572.25,fvg,FVG2-007795,60,224.5,6.2741,4.2967,
EP-42427-ENTRY_ON_FIRST_CLOSE_OUTSIDE,EP-42427,NQU6,ENTRY_ON_FIRST_CLOSE_OUTSIDE,CLOSE_BACK_OUTSIDE,-1,A,ASIA,15,1,True,True,2026-07-12 21:32:00-04:00,2026-07-12 21:34:00-04:00,2026-07-12 21:34:00-04:00,29797.0,18.1527,35.5516,29849.0,52.0,29849.0,52.0,False,29572.25,fvg,FVG2-007795,60,224.75,6.3218,4.3221,
EP-42427-ENTRY_ON_MINIMAL_WICK_REJECTION,EP-42427,NQU6,ENTRY_ON_MINIMAL_WICK_REJECTION,MINIMAL_WICK_REJECTION,-1,A,ASIA,15,1,True,True,2026-07-12 21:32:00-04:00,2026-07-12 21:34:00-04:00,2026-07-12 21:34:00-04:00,29797.0,18.1527,35.5516,29849.0,52.0,29849.0,52.0,False,29572.25,fvg,FVG2-007795,60,224.75,6.3218,4.3221,
EP-42427-ENTRY_ON_IMMEDIATE_DISPLACEMENT,EP-42427,NQU6,ENTRY_ON_IMMEDIATE_DISPLACEMENT,IMMEDIATE_DISPLACEMENT,-1,A,ASIA,15,1,True,True,2026-07-12 21:32:00-04:00,2026-07-12 21:34:00-04:00,2026-07-12 21:34:00-04:00,29797.0,18.1527,35.5516,29849.0,52.0,29849.0,52.0,False,29572.25,fvg,FVG2-007795,60,224.75,6.3218,4.3221,
EP-42428-ENTRY_ON_MINIMAL_WICK_REJECTION,EP-42428,NQU6,ENTRY_ON_MINIMAL_WICK_REJECTION,MINIMAL_WICK_REJECTION,-1,A,ASIA,1,1,False,True,2026-07-12 21:32:00-04:00,2026-07-12 21:34:00-04:00,2026-07-12 21:34:00-04:00,29797.0,18.1527,35.5516,29810.0,13.0,29815.1527,18.1527,True,29572.25,fvg,FVG2-007795,60,224.75,6.3218,12.3811,
EP-42428-ENTRY_ON_IMMEDIATE_DISPLACEMENT,EP-42428,NQU6,ENTRY_ON_IMMEDIATE_DISPLACEMENT,IMMEDIATE_DISPLACEMENT,-1,A,ASIA,1,1,False,True,2026-07-12 21:32:00-04:00,2026-07-12 21:34:00-04:00,2026-07-12 21:34:00-04:00,29797.0,18.1527,35.5516,29810.0,13.0,29815.1527,18.1527,True,29572.25,fvg,FVG2-007795,60,224.75,6.3218,12.3811,
EP-42441-ENTRY_ON_MINIMAL_WICK_REJECTION,EP-42441,NQU6,ENTRY_ON_MINIMAL_WICK_REJECTION,MINIMAL_WICK_REJECTION,-1,A,ASIA,1,1,False,True,2026-07-12 21:48:00-04:00,2026-07-12 21:50:00-04:00,2026-07-12 21:50:00-04:00,29777.75,17.0995,35.8779,29798.5,20.75,29798.5,20.75,False,29572.25,fvg,FVG2-007795,60,205.5,5.7278,9.9036,
EP-42441-ENTRY_ON_STRONG_REJECTION,EP-42441,NQU6,ENTRY_ON_STRONG_REJECTION,STRONG_REJECTION_DEPARTURE,-1,A,ASIA,1,1,False,True,2026-07-12 21:48:00-04:00,2026-07-12 21:50:00-04:00,2026-07-12 21:50:00-04:00,29777.75,17.0995,35.8779,29798.5,20.75,29798.5,20.75,False,29572.25,fvg,FVG2-007795,60,205.5,5.7278,9.9036,
EP-42441-ENTRY_ON_DELAYED_DISPLACEMENT,EP-42441,NQU6,ENTRY_ON_DELAYED_DISPLACEMENT,DELAYED_DISPLACEMENT,-1,A,ASIA,1,1,False,True,2026-07-12 21:48:00-04:00,2026-07-12 21:52:00-04:00,2026-07-12 21:52:00-04:00,29764.0,17.2311,35.8779,29798.5,34.5,29798.5,34.5,False,29572.25,fvg,FVG2-007795,60,191.75,5.3445,5.558,
EP-42442-ENTRY_ON_MINIMAL_WICK_REJECTION,EP-42442,NQU6,ENTRY_ON_MINIMAL_WICK_REJECTION,MINIMAL_WICK_REJECTION,-1,A,ASIA,1,1,False,True,2026-07-12 21:50:00-04:00,2026-07-12 21:52:00-04:00,2026-07-12 21:52:00-04:00,29764.0,17.2311,35.8779,29799.5,35.5,29799.5,35.5,False,29572.25,fvg,FVG2-007795,60,191.75,5.3445,5.4014,
EP-42442-ENTRY_ON_IMMEDIATE_DISPLACEMENT,EP-42442,NQU6,ENTRY_ON_IMMEDIATE_DISPLACEMENT,IMMEDIATE_DISPLACEMENT,-1,A,ASIA,1,1,False,True,2026-07-12 21:50:00-04:00,2026-07-12 21:52:00-04:00,2026-07-12 21:52:00-04:00,29764.0,17.2311,35.8779,29799.5,35.5,29799.5,35.5,False,29572.25,fvg,FVG2-007795,60,191.75,5.3445,5.4014,
EP-42441-ENTRY_ON_NEW_FVG,EP-42441,NQU6,ENTRY_ON_NEW_FVG,NEW_FVG,-1,A,ASIA,1,1,False,True,2026-07-12 21:48:00-04:00,2026-07-12 21:54:00-04:00,2026-07-12 21:54:00-04:00,29749.5,17.1337,35.8779,29798.5,49.0,29798.5,49.0,False,29572.25,fvg,FVG2-007795,60,177.25,4.9404,3.6173,
EP-42442-ENTRY_ON_NEW_FVG,EP-42442,NQU6,ENTRY_ON_NEW_FVG,NEW_FVG,-1,A,ASIA,1,1,False,True,2026-07-12 21:50:00-04:00,2026-07-12 21:54:00-04:00,2026-07-12 21:54:00-04:00,29749.5,17.1337,35.8779,29799.5,50.0,29799.5,50.0,False,29572.25,fvg,FVG2-007795,60,177.25,4.9404,3.545,
EP-42442-ENTRY_ON_DELAYED_DISPLACEMENT,EP-42442,NQU6,ENTRY_ON_DELAYED_DISPLACEMENT,DELAYED_DISPLACEMENT,-1,A,ASIA,1,1,False,True,2026-07-12 21:50:00-04:00,2026-07-12 21:56:00-04:00,2026-07-12 21:56:00-04:00,29741.0,17.391,36.2476,29799.5,58.5,29799.5,58.5,False,29572.25,fvg,FVG2-007795,60,168.75,4.6555,2.8846,
EP-42445-ENTRY_ON_FIRST_CLOSE_OUTSIDE,EP-42445,NQU6,ENTRY_ON_FIRST_CLOSE_OUTSIDE,CLOSE_BACK_OUTSIDE,-1,B,ASIA,1,1,False,True,2026-07-12 21:54:00-04:00,2026-07-12 21:56:00-04:00,2026-07-12 21:56:00-04:00,29741.0,17.391,36.2476,29762.0,21.0,29762.0,21.0,False,29572.25,fvg,FVG2-007795,60,168.75,4.6555,8.0357,
EP-42445-ENTRY_ON_MINIMAL_WICK_REJECTION,EP-42445,NQU6,ENTRY_ON_MINIMAL_WICK_REJECTION,MINIMAL_WICK_REJECTION,-1,B,ASIA,1,1,False,True,2026-07-12 21:54:00-04:00,2026-07-12 21:56:00-04:00,2026-07-12 21:56:00-04:00,29741.0,17.391,36.2476,29762.0,21.0,29762.0,21.0,False,29572.25,fvg,FVG2-007795,60,168.75,4.6555,8.0357,
EP-42445-ENTRY_ON_IMMEDIATE_DISPLACEMENT,EP-42445,NQU6,ENTRY_ON_IMMEDIATE_DISPLACEMENT,IMMEDIATE_DISPLACEMENT,-1,B,ASIA,1,1,False,True,2026-07-12 21:54:00-04:00,2026-07-12 21:56:00-04:00,2026-07-12 21:56:00-04:00,29741.0,17.391,36.2476,29762.0,21.0,29762.0,21.0,False,29572.25,fvg,FVG2-007795,60,168.75,4.6555,8.0357,
EP-42445-ENTRY_ON_DELAYED_DISPLACEMENT,EP-42445,NQU6,ENTRY_ON_DELAYED_DISPLACEMENT,DELAYED_DISPLACEMENT,-1,B,ASIA,1,1,False,True,2026-07-12 21:54:00-04:00,2026-07-12 21:58:00-04:00,2026-07-12 21:58:00-04:00,29751.5,17.9698,36.2476,29762.0,10.5,29769.4698,17.9698,True,29572.25,fvg,FVG2-007795,60,179.25,4.9452,9.9751,
EP-42450-ENTRY_ON_MINIMAL_WICK_REJECTION,EP-42450,NQU6,ENTRY_ON_MINIMAL_WICK_REJECTION,MINIMAL_WICK_REJECTION,-1,A,ASIA,1,1,False,True,2026-07-12 21:56:00-04:00,2026-07-12 21:58:00-04:00,2026-07-12 21:58:00-04:00,29751.5,17.9698,36.2476,29762.0,10.5,29769.4698,17.9698,True,29572.25,fvg,FVG2-007795,60,179.25,4.9452,9.9751,
EP-42450-ENTRY_ON_IMMEDIATE_DISPLACEMENT,EP-42450,NQU6,ENTRY_ON_IMMEDIATE_DISPLACEMENT,IMMEDIATE_DISPLACEMENT,-1,A,ASIA,1,1,False,True,2026-07-12 21:56:00-04:00,2026-07-12 21:58:00-04:00,2026-07-12 21:58:00-04:00,29751.5,17.9698,36.2476,29762.0,10.5,29769.4698,17.9698,True,29572.25,fvg,FVG2-007795,60,179.25,4.9452,9.9751,
EP-42450-ENTRY_ON_DELAYED_DISPLACEMENT,EP-42450,NQU6,ENTRY_ON_DELAYED_DISPLACEMENT,DELAYED_DISPLACEMENT,-1,A,ASIA,1,1,False,True,2026-07-12 21:56:00-04:00,2026-07-12 22:01:00-04:00,2026-07-12 22:01:00-04:00,29746.0,18.5672,36.1123,29762.0,16.0,29764.5672,18.5672,True,29572.25,fvg,FVG2-007795,60,173.75,4.8114,9.3579,
EP-42451-ENTRY_ON_FIRST_CLOSE_OUTSIDE,EP-42451,NQU6,ENTRY_ON_FIRST_CLOSE_OUTSIDE,CLOSE_BACK_OUTSIDE,-1,A,ASIA,1,1,False,True,2026-07-12 21:57:00-04:00,2026-07-12 22:01:00-04:00,2026-07-12 22:01:00-04:00,29746.0,18.5672,36.1123,29769.25,23.25,29769.25,23.25,False,29572.25,fvg,FVG2-007795,60,173.75,4.8114,7.4731,
EP-42451-ENTRY_ON_MINIMAL_WICK_REJECTION,EP-42451,NQU6,ENTRY_ON_MINIMAL_WICK_REJECTION,MINIMAL_WICK_REJECTION,-1,A,ASIA,1,1,False,True,2026-07-12 21:57:00-04:00,2026-07-12 22:01:00-04:00,2026-07-12 22:01:00-04:00,29746.0,18.5672,36.1123,29769.25,23.25,29769.25,23.25,False,29572.25,fvg,FVG2-007795,60,173.75,4.8114,7.4731,
EP-42451-ENTRY_ON_DELAYED_DISPLACEMENT,EP-42451,NQU6,ENTRY_ON_DELAYED_DISPLACEMENT,DELAYED_DISPLACEMENT,-1,A,ASIA,1,1,False,True,2026-07-12 21:57:00-04:00,2026-07-12 22:01:00-04:00,2026-07-12 22:01:00-04:00,29746.0,18.5672,36.1123,29769.25,23.25,29769.25,23.25,False,29572.25,fvg,FVG2-007795,60,173.75,4.8114,7.4731,
EP-42452-ENTRY_ON_TAP,EP-42452,NQU6,ENTRY_ON_TAP,TAP_ONLY,1,F,ASIA,60,1,True,True,2026-07-12 22:00:00-04:00,2026-07-12 22:01:00-04:00,2026-07-12 22:01:00-04:00,29746.0,18.5672,36.1123,29737.25,8.75,29727.4328,18.5672,True,29782.5,rb,RB2-014319,1,36.5,1.0107,1.9658,
EP-42308-ENTRY_ON_STRONG_REJECTION,EP-42308,NQU6,ENTRY_ON_STRONG_REJECTION,STRONG_REJECTION_DEPARTURE,-1,C,ASIA,60,60,False,True,,2026-07-12 23:00:00-04:00,2026-07-12 23:00:00-04:00,29717.5,13.3375,34.7867,29996.5,279.0,29996.5,279.0,False,29572.25,fvg,FVG2-007795,60,145.25,4.1754,0.5206,
EP-42425-ENTRY_ON_DELAYED_DISPLACEMENT,EP-42425,NQU6,ENTRY_ON_DELAYED_DISPLACEMENT,DELAYED_DISPLACEMENT,-1,A,ASIA,15,15,False,True,,2026-07-12 23:00:00-04:00,2026-07-12 23:00:00-04:00,29717.5,13.3375,34.7867,29849.0,131.5,29849.0,131.5,False,29572.25,fvg,FVG2-007795,60,145.25,4.1754,1.1046,
EP-42455-ENTRY_ON_FIRST_CLOSE_OUTSIDE,EP-42455,NQU6,ENTRY_ON_FIRST_CLOSE_OUTSIDE,CLOSE_BACK_OUTSIDE,-1,A,ASIA,30,30,False,True,,2026-07-12 23:00:00-04:00,2026-07-12 23:00:00-04:00,29717.5,13.3375,34.7867,29843.25,125.75,29843.25,125.75,False,29572.25,fvg,FVG2-007795,60,145.25,4.1754,1.1551,
EP-42455-ENTRY_ON_IMMEDIATE_DISPLACEMENT,EP-42455,NQU6,ENTRY_ON_IMMEDIATE_DISPLACEMENT,IMMEDIATE_DISPLACEMENT,-1,A,ASIA,30,30,False,True,,2026-07-12 23:00:00-04:00,2026-07-12 23:00:00-04:00,29717.5,13.3375,34.7867,29843.25,125.75,29843.25,125.75,False,29572.25,fvg,FVG2-007795,60,145.25,4.1754,1.1551,
EP-42493-ENTRY_ON_FIRST_CLOSE_OUTSIDE,EP-42493,NQU6,ENTRY_ON_FIRST_CLOSE_OUTSIDE,CLOSE_BACK_OUTSIDE,-1,A,ASIA,15,15,False,True,,2026-07-12 23:00:00-04:00,2026-07-12 23:00:00-04:00,29717.5,13.3375,34.7867,29808.75,91.25,29808.75,91.25,False,29572.25,fvg,FVG2-007795,60,145.25,4.1754,1.5918,
EP-42493-ENTRY_ON_IMMEDIATE_DISPLACEMENT,EP-42493,NQU6,ENTRY_ON_IMMEDIATE_DISPLACEMENT,IMMEDIATE_DISPLACEMENT,-1,A,ASIA,15,15,False,True,,2026-07-12 23:00:00-04:00,2026-07-12 23:00:00-04:00,29717.5,13.3375,34.7867,29808.75,91.25,29808.75,91.25,False,29572.25,fvg,FVG2-007795,60,145.25,4.1754,1.5918,
EP-42507-ENTRY_ON_NEW_FVG,EP-42507,NQU6,ENTRY_ON_NEW_FVG,NEW_FVG,-1,A,ASIA,3,3,False,True,,2026-07-12 23:00:00-04:00,2026-07-12 23:00:00-04:00,29717.5,13.3375,34.7867,29787.0,69.5,29787.0,69.5,False,29572.25,fvg,FVG2-007795,60,145.25,4.1754,2.0899,
EP-42477-ENTRY_ON_NEW_FVG,EP-42477,NQU6,ENTRY_ON_NEW_FVG,NEW_FVG,-1,B,ASIA,5,5,False,True,,2026-07-12 23:05:00-04:00,2026-07-12 23:05:00-04:00,29710.0,12.5639,33.9936,29803.25,93.25,29803.25,93.25,False,29572.25,fvg,FVG2-007795,60,137.75,4.0522,1.4772,
EP-42484-ENTRY_ON_NEW_FVG,EP-42484,NQU6,ENTRY_ON_NEW_FVG,NEW_FVG,-1,A,ASIA,5,5,False,True,,2026-07-12 23:05:00-04:00,2026-07-12 23:05:00-04:00,29710.0,12.5639,33.9936,29802.0,92.0,29802.0,92.0,False,29572.25,fvg,FVG2-007795,60,137.75,4.0522,1.4973,
EP-42539-ENTRY_ON_FIRST_CLOSE_OUTSIDE,EP-42539,NQU6,ENTRY_ON_FIRST_CLOSE_OUTSIDE,CLOSE_BACK_OUTSIDE,-1,A,ASIA,3,1,True,True,2026-07-12 23:19:00-04:00,2026-07-12 23:22:00-04:00,2026-07-12 23:22:00-04:00,29690.25,11.424,32.3749,29698.0,7.75,29701.674,11.424,True,29572.25,fvg,FVG2-007795,60,118.0,3.6448,10.3291,
EP-42539-ENTRY_ON_MINIMAL_WICK_REJECTION,EP-42539,NQU6,ENTRY_ON_MINIMAL_WICK_REJECTION,MINIMAL_WICK_REJECTION,-1,A,ASIA,3,1,True,True,2026-07-12 23:19:00-04:00,2026-07-12 23:22:00-04:00,2026-07-12 23:22:00-04:00,29690.25,11.424,32.3749,29698.0,7.75,29701.674,11.424,True,29572.25,fvg,FVG2-007795,60,118.0,3.6448,10.3291,
EP-42566-ENTRY_ON_DELAYED_DISPLACEMENT,EP-42566,NQU6,ENTRY_ON_DELAYED_DISPLACEMENT,DELAYED_DISPLACEMENT,-1,F,ASIA,15,1,True,True,2026-07-12 23:41:00-04:00,2026-07-12 23:44:00-04:00,2026-07-12 23:44:00-04:00,29704.0,10.7655,31.2365,29746.5,42.5,29746.5,42.5,False,29572.25,fvg,FVG2-007795,60,131.75,4.2178,3.1,
EP-42567-ENTRY_ON_IMMEDIATE_DISPLACEMENT,EP-42567,NQU6,ENTRY_ON_IMMEDIATE_DISPLACEMENT,IMMEDIATE_DISPLACEMENT,-1,A,ASIA,1,1,False,True,2026-07-12 23:42:00-04:00,2026-07-12 23:44:00-04:00,2026-07-12 23:44:00-04:00,29704.0,10.7655,31.2365,29725.0,21.0,29725.0,21.0,False,29572.25,fvg,FVG2-007795,60,131.75,4.2178,6.2738,
EP-42545-ENTRY_ON_MINIMAL_WICK_REJECTION,EP-42545,NQU6,ENTRY_ON_MINIMAL_WICK_REJECTION,MINIMAL_WICK_REJECTION,-1,A,ASIA,5,5,False,True,,2026-07-12 23:45:00-04:00,2026-07-12 23:45:00-04:00,29697.25,10.8482,31.4142,29721.25,24.0,29721.25,24.0,False,29572.25,fvg,FVG2-007795,60,125.0,3.9791,5.2083,
EP-42545-ENTRY_ON_STRONG_REJECTION,EP-42545,NQU6,ENTRY_ON_STRONG_REJECTION,STRONG_REJECTION_DEPARTURE,-1,A,ASIA,5,5,False,True,,2026-07-12 23:45:00-04:00,2026-07-12 23:45:00-04:00,29697.25,10.8482,31.4142,29721.25,24.0,29721.25,24.0,False,29572.25,fvg,FVG2-007795,60,125.0,3.9791,5.2083,
EP-42546-ENTRY_ON_STRONG_REJECTION,EP-42546,NQU6,ENTRY_ON_STRONG_REJECTION,STRONG_REJECTION_DEPARTURE,-1,A,ASIA,5,5,False,True,,2026-07-12 23:45:00-04:00,2026-07-12 23:45:00-04:00,29697.25,10.8482,31.4142,29717.25,20.0,29717.25,20.0,False,29572.25,fvg,FVG2-007795,60,125.0,3.9791,6.25,
EP-42554-ENTRY_ON_TAP,EP-42554,NQU6,ENTRY_ON_TAP,TAP_ONLY,-1,B,ASIA,15,15,False,True,,2026-07-12 23:45:00-04:00,2026-07-12 23:45:00-04:00,29697.25,10.8482,31.4142,29746.5,49.25,29746.5,49.25,False,29572.25,fvg,FVG2-007795,60,125.0,3.9791,2.5381,
EP-42564-ENTRY_ON_MINIMAL_WICK_REJECTION,EP-42564,NQU6,ENTRY_ON_MINIMAL_WICK_REJECTION,MINIMAL_WICK_REJECTION,-1,B,ASIA,3,3,False,True,,2026-07-12 23:45:00-04:00,2026-07-12 23:45:00-04:00,29697.25,10.8482,31.4142,29736.25,39.0,29736.25,39.0,False,29572.25,fvg,FVG2-007795,60,125.0,3.9791,3.2051,
EP-42564-ENTRY_ON_IMMEDIATE_DISPLACEMENT,EP-42564,NQU6,ENTRY_ON_IMMEDIATE_DISPLACEMENT,IMMEDIATE_DISPLACEMENT,-1,B,ASIA,3,3,False,True,,2026-07-12 23:45:00-04:00,2026-07-12 23:45:00-04:00,29697.25,10.8482,31.4142,29736.25,39.0,29736.25,39.0,False,29572.25,fvg,FVG2-007795,60,125.0,3.9791,3.2051,
EP-42565-ENTRY_ON_TAP,EP-42565,NQU6,ENTRY_ON_TAP,TAP_ONLY,-1,B,ASIA,5,5,False,True,,2026-07-12 23:45:00-04:00,2026-07-12 23:45:00-04:00,29697.25,10.8482,31.4142,29736.25,39.0,29736.25,39.0,False,29572.25,fvg,FVG2-007795,60,125.0,3.9791,3.2051,
EP-42566-ENTRY_ON_NEW_FVG,EP-42566,NQU6,ENTRY_ON_NEW_FVG,NEW_FVG,-1,F,ASIA,15,1,True,True,2026-07-12 23:41:00-04:00,2026-07-12 23:45:00-04:00,2026-07-12 23:45:00-04:00,29697.25,10.8482,31.4142,29746.5,49.25,29746.5,49.25,False,29572.25,fvg,FVG2-007795,60,125.0,3.9791,2.5381,
EP-42567-ENTRY_ON_NEW_FVG,EP-42567,NQU6,ENTRY_ON_NEW_FVG,NEW_FVG,-1,A,ASIA,1,1,False,True,2026-07-12 23:42:00-04:00,2026-07-12 23:45:00-04:00,2026-07-12 23:45:00-04:00,29697.25,10.8482,31.4142,29725.0,27.75,29725.0,27.75,False,29572.25,fvg,FVG2-007795,60,125.0,3.9791,4.5045,
EP-42586-ENTRY_ON_DELAYED_DISPLACEMENT,EP-42586,NQU6,ENTRY_ON_DELAYED_DISPLACEMENT,DELAYED_DISPLACEMENT,-1,A,ASIA,1,1,False,True,2026-07-12 23:54:00-04:00,2026-07-12 23:58:00-04:00,2026-07-12 23:58:00-04:00,29691.25,10.457,30.9489,29710.0,18.75,29710.0,18.75,False,29572.25,fvg,FVG2-007795,60,119.0,3.845,6.3467,
EP-42584-ENTRY_ON_NEW_FVG,EP-42584,NQU6,ENTRY_ON_NEW_FVG,NEW_FVG,-1,B,ASIA,1,1,False,True,2026-07-12 23:53:00-04:00,2026-07-13 00:02:00-04:00,2026-07-13 00:02:00-04:00,29667.25,11.0847,30.9094,29714.5,47.25,29714.5,47.25,False,29572.25,fvg,FVG2-007795,60,95.0,3.0735,2.0106,
EP-42586-ENTRY_ON_NEW_FVG,EP-42586,NQU6,ENTRY_ON_NEW_FVG,NEW_FVG,-1,A,ASIA,1,1,False,True,2026-07-12 23:54:00-04:00,2026-07-13 00:02:00-04:00,2026-07-13 00:02:00-04:00,29667.25,11.0847,30.9094,29710.0,42.75,29710.0,42.75,False,29572.25,fvg,FVG2-007795,60,95.0,3.0735,2.2222,
EP-42592-ENTRY_ON_NEW_FVG,EP-42592,NQU6,ENTRY_ON_NEW_FVG,NEW_FVG,-1,A,ASIA,1,1,False,True,2026-07-12 23:59:00-04:00,2026-07-13 00:02:00-04:00,2026-07-13 00:02:00-04:00,29667.25,11.0847,30.9094,29696.5,29.25,29696.5,29.25,False,29572.25,fvg,FVG2-007795,60,95.0,3.0735,3.2479,
EP-42565-ENTRY_ON_NEW_FVG,EP-42565,NQU6,ENTRY_ON_NEW_FVG,NEW_FVG,-1,B,ASIA,5,5,False,True,,2026-07-13 00:05:00-04:00,2026-07-13 00:05:00-04:00,29662.75,11.2003,31.1215,29736.25,73.5,29736.25,73.5,False,29572.25,fvg,FVG2-007795,60,90.5,2.908,1.2313,
EP-42600-ENTRY_ON_FIRST_CLOSE_OUTSIDE,EP-42600,NQU6,ENTRY_ON_FIRST_CLOSE_OUTSIDE,CLOSE_BACK_OUTSIDE,-1,A,ASIA,1,1,False,True,2026-07-13 00:05:00-04:00,2026-07-13 00:09:00-04:00,2026-07-13 00:09:00-04:00,29662.25,11.1665,31.1215,29671.75,9.5,29673.4165,11.1665,True,29572.25,fvg,FVG2-007795,60,90.0,2.8919,8.0598,
EP-42600-ENTRY_ON_MINIMAL_WICK_REJECTION,EP-42600,NQU6,ENTRY_ON_MINIMAL_WICK_REJECTION,MINIMAL_WICK_REJECTION,-1,A,ASIA,1,1,False,True,2026-07-13 00:05:00-04:00,2026-07-13 00:09:00-04:00,2026-07-13 00:09:00-04:00,29662.25,11.1665,31.1215,29671.75,9.5,29673.4165,11.1665,True,29572.25,fvg,FVG2-007795,60,90.0,2.8919,8.0598,
EP-42620-ENTRY_ON_DELAYED_DISPLACEMENT,EP-42620,NQU6,ENTRY_ON_DELAYED_DISPLACEMENT,DELAYED_DISPLACEMENT,-1,A,ASIA,3,1,True,True,2026-07-13 00:22:00-04:00,2026-07-13 00:26:00-04:00,2026-07-13 00:26:00-04:00,29653.25,10.8218,29.3428,29677.75,24.5,29677.75,24.5,False,29572.25,fvg,FVG2-007795,60,81.0,2.7605,3.3061,
EP-42616-ENTRY_ON_DELAYED_DISPLACEMENT,EP-42616,NQU6,ENTRY_ON_DELAYED_DISPLACEMENT,DELAYED_DISPLACEMENT,-1,B,ASIA,3,3,False,True,,2026-07-13 00:27:00-04:00,2026-07-13 00:27:00-04:00,29647.25,10.7459,29.3428,29683.0,35.75,29683.0,35.75,False,29572.25,fvg,FVG2-007795,60,75.0,2.556,2.0979,
EP-42616-ENTRY_ON_NEW_FVG,EP-42616,NQU6,ENTRY_ON_NEW_FVG,NEW_FVG,-1,B,ASIA,3,3,False,True,,2026-07-13 00:27:00-04:00,2026-07-13 00:27:00-04:00,29647.25,10.7459,29.3428,29683.0,35.75,29683.0,35.75,False,29572.25,fvg,FVG2-007795,60,75.0,2.556,2.0979,
EP-42619-ENTRY_ON_FIRST_CLOSE_OUTSIDE,EP-42619,NQU6,ENTRY_ON_FIRST_CLOSE_OUTSIDE,CLOSE_BACK_OUTSIDE,-1,A,ASIA,3,3,False,True,,2026-07-13 00:27:00-04:00,2026-07-13 00:27:00-04:00,29647.25,10.7459,29.3428,29677.75,30.5,29677.75,30.5,False,29572.25,fvg,FVG2-007795,60,75.0,2.556,2.459,
EP-42619-ENTRY_ON_IMMEDIATE_DISPLACEMENT,EP-42619,NQU6,ENTRY_ON_IMMEDIATE_DISPLACEMENT,IMMEDIATE_DISPLACEMENT,-1,A,ASIA,3,3,False,True,,2026-07-13 00:27:00-04:00,2026-07-13 00:27:00-04:00,29647.25,10.7459,29.3428,29677.75,30.5,29677.75,30.5,False,29572.25,fvg,FVG2-007795,60,75.0,2.556,2.459,
EP-42619-ENTRY_ON_NEW_FVG,EP-42619,NQU6,ENTRY_ON_NEW_FVG,NEW_FVG,-1,A,ASIA,3,3,False,True,,2026-07-13 00:27:00-04:00,2026-07-13 00:27:00-04:00,29647.25,10.7459,29.3428,29677.75,30.5,29677.75,30.5,False,29572.25,fvg,FVG2-007795,60,75.0,2.556,2.459,
EP-42621-ENTRY_ON_IMMEDIATE_DISPLACEMENT,EP-42621,NQU6,ENTRY_ON_IMMEDIATE_DISPLACEMENT,IMMEDIATE_DISPLACEMENT,-1,A,ASIA,1,1,False,True,2026-07-13 00:25:00-04:00,2026-07-13 00:27:00-04:00,2026-07-13 00:27:00-04:00,29647.25,10.7459,29.3428,29664.5,17.25,29664.5,17.25,False,29572.25,fvg,FVG2-007795,60,75.0,2.556,4.3478,
EP-42617-ENTRY_ON_NEW_FVG,EP-42617,NQU6,ENTRY_ON_NEW_FVG,NEW_FVG,-1,B,ASIA,1,1,False,True,2026-07-13 00:19:00-04:00,2026-07-13 00:28:00-04:00,2026-07-13 00:28:00-04:00,29644.75,10.6003,29.3428,29683.0,38.25,29683.0,38.25,False,29572.25,fvg,FVG2-007795,60,72.5,2.4708,1.8954,
EP-42618-ENTRY_ON_NEW_FVG,EP-42618,NQU6,ENTRY_ON_NEW_FVG,NEW_FVG,-1,A,ASIA,1,1,False,True,2026-07-13 00:20:00-04:00,2026-07-13 00:28:00-04:00,2026-07-13 00:28:00-04:00,29644.75,10.6003,29.3428,29676.25,31.5,29676.25,31.5,False,29572.25,fvg,FVG2-007795,60,72.5,2.4708,2.3016,
EP-42620-ENTRY_ON_NEW_FVG,EP-42620,NQU6,ENTRY_ON_NEW_FVG,NEW_FVG,-1,A,ASIA,3,1,True,True,2026-07-13 00:22:00-04:00,2026-07-13 00:28:00-04:00,2026-07-13 00:28:00-04:00,29644.75,10.6003,29.3428,29677.75,33.0,29677.75,33.0,False,29572.25,fvg,FVG2-007795,60,72.5,2.4708,2.197,
EP-42621-ENTRY_ON_NEW_FVG,EP-42621,NQU6,ENTRY_ON_NEW_FVG,NEW_FVG,-1,A,ASIA,1,1,False,True,2026-07-13 00:25:00-04:00,2026-07-13 00:28:00-04:00,2026-07-13 00:28:00-04:00,29644.75,10.6003,29.3428,29664.5,19.75,29664.5,19.75,False,29572.25,fvg,FVG2-007795,60,72.5,2.4708,3.6709,
EP-42619-ENTRY_ON_DELAYED_DISPLACEMENT,EP-42619,NQU6,ENTRY_ON_DELAYED_DISPLACEMENT,DELAYED_DISPLACEMENT,-1,A,ASIA,3,3,False,True,,2026-07-13 00:36:00-04:00,2026-07-13 00:36:00-04:00,29632.25,10.3778,28.5362,29677.75,45.5,29677.75,45.5,False,29572.25,fvg,FVG2-007795,60,60.0,2.1026,1.3187,
EP-42629-ENTRY_ON_TAP,EP-42629,NQU6,ENTRY_ON_TAP,TAP_ONLY,-1,F,ASIA,1,1,False,True,2026-07-13 00:37:00-04:00,2026-07-13 00:38:00-04:00,2026-07-13 00:38:00-04:00,29635.25,10.0809,28.5362,29638.25,3.0,29645.3309,10.0809,True,29572.25,fvg,FVG2-007795,60,63.0,2.2077,6.2494,
EP-42606-ENTRY_ON_NEW_FVG,EP-42606,NQU6,ENTRY_ON_NEW_FVG,NEW_FVG,-1,B,ASIA,5,5,False,True,,2026-07-13 00:45:00-04:00,2026-07-13 00:45:00-04:00,29624.0,8.9968,27.2902,29683.0,59.0,29683.0,59.0,False,29572.25,fvg,FVG2-007795,60,51.75,1.8963,0.8771,
EP-42637-ENTRY_ON_FIRST_CLOSE_OUTSIDE,EP-42637,NQU6,ENTRY_ON_FIRST_CLOSE_OUTSIDE,CLOSE_BACK_OUTSIDE,-1,A,ASIA,1,1,False,True,2026-07-13 00:44:00-04:00,2026-07-13 00:49:00-04:00,2026-07-13 00:49:00-04:00,29624.75,8.4436,27.2902,29630.5,5.75,29633.1936,8.4436,True,29572.25,fvg,FVG2-007795,60,52.5,1.9238,6.2177,
EP-42637-ENTRY_ON_MINIMAL_WICK_REJECTION,EP-42637,NQU6,ENTRY_ON_MINIMAL_WICK_REJECTION,MINIMAL_WICK_REJECTION,-1,A,ASIA,1,1,False,True,2026-07-13 00:44:00-04:00,2026-07-13 00:49:00-04:00,2026-07-13 00:49:00-04:00,29624.75,8.4436,27.2902,29630.5,5.75,29633.1936,8.4436,True,29572.25,fvg,FVG2-007795,60,52.5,1.9238,6.2177,
EP-42641-ENTRY_ON_TAP,EP-42641,NQU6,ENTRY_ON_TAP,TAP_ONLY,-1,A,ASIA,5,1,True,True,2026-07-13 00:50:00-04:00,2026-07-13 00:51:00-04:00,2026-07-13 00:51:00-04:00,29618.5,8.2047,26.5385,29630.75,12.25,29630.75,12.25,False,29572.25,fvg,FVG2-007795,60,46.25,1.7427,3.7755,
EP-42641-ENTRY_ON_FIRST_CLOSE_OUTSIDE,EP-42641,NQU6,ENTRY_ON_FIRST_CLOSE_OUTSIDE,CLOSE_BACK_OUTSIDE,-1,A,ASIA,5,1,True,True,2026-07-13 00:50:00-04:00,2026-07-13 00:52:00-04:00,2026-07-13 00:52:00-04:00,29615.0,8.2274,26.5385,29630.75,15.75,29630.75,15.75,False,29572.25,fvg,FVG2-007795,60,42.75,1.6109,2.7143,
EP-42641-ENTRY_ON_IMMEDIATE_DISPLACEMENT,EP-42641,NQU6,ENTRY_ON_IMMEDIATE_DISPLACEMENT,IMMEDIATE_DISPLACEMENT,-1,A,ASIA,5,1,True,True,2026-07-13 00:50:00-04:00,2026-07-13 00:52:00-04:00,2026-07-13 00:52:00-04:00,29615.0,8.2274,26.5385,29630.75,15.75,29630.75,15.75,False,29572.25,fvg,FVG2-007795,60,42.75,1.6109,2.7143,
EP-42696-ENTRY_ON_DELAYED_DISPLACEMENT,EP-42696,NQU6,ENTRY_ON_DELAYED_DISPLACEMENT,DELAYED_DISPLACEMENT,-1,F,ASIA,1,1,False,True,2026-07-13 01:20:00-04:00,2026-07-13 01:23:00-04:00,2026-07-13 01:23:00-04:00,29621.0,11.5724,27.39,29652.5,31.5,29652.5,31.5,False,29572.25,fvg,FVG2-007795,60,48.75,1.7798,1.5476,
EP-42701-ENTRY_ON_STRONG_REJECTION,EP-42701,NQU6,ENTRY_ON_STRONG_REJECTION,STRONG_REJECTION_DEPARTURE,-1,A,ASIA,1,1,False,True,2026-07-13 01:27:00-04:00,2026-07-13 01:32:00-04:00,2026-07-13 01:32:00-04:00,29566.0,13.6244,28.5479,29597.75,31.75,29597.75,31.75,False,29507.5,rb,RB2-030395,60,58.5,2.0492,1.8425,
EP-42703-ENTRY_ON_STRONG_REJECTION,EP-42703,NQU6,ENTRY_ON_STRONG_REJECTION,STRONG_REJECTION_DEPARTURE,-1,A,ASIA,1,1,False,True,2026-07-13 01:29:00-04:00,2026-07-13 01:32:00-04:00,2026-07-13 01:32:00-04:00,29566.0,13.6244,28.5479,29593.0,27.0,29593.0,27.0,False,29507.5,rb,RB2-030395,60,58.5,2.0492,2.1667,
EP-43132-ENTRY_ON_NEW_IFVG,EP-43132,NQU6,ENTRY_ON_NEW_IFVG,NEW_IFVG,1,A,LONDON,5,1,True,True,2026-07-13 06:55:00-04:00,2026-07-13 07:01:00-04:00,2026-07-13 07:01:00-04:00,29785.0,8.0331,20.3089,29748.75,36.25,29748.75,36.25,False,29892.0,rb,RB2-030413,60,107.0,5.2686,2.9517,
EP-43135-ENTRY_ON_NEW_IFVG,EP-43135,NQU6,ENTRY_ON_NEW_IFVG,NEW_IFVG,1,A,LONDON,3,1,True,True,2026-07-13 06:57:00-04:00,2026-07-13 07:01:00-04:00,2026-07-13 07:01:00-04:00,29785.0,8.0331,20.3089,29746.25,38.75,29746.25,38.75,False,29892.0,rb,RB2-030413,60,107.0,5.2686,2.7613,
EP-43136-ENTRY_ON_FIRST_CLOSE_OUTSIDE,EP-43136,NQU6,ENTRY_ON_FIRST_CLOSE_OUTSIDE,CLOSE_BACK_OUTSIDE,1,A,LONDON,3,3,False,True,,2026-07-13 07:03:00-04:00,2026-07-13 07:03:00-04:00,29776.0,8.3542,20.3089,29746.25,29.75,29746.25,29.75,False,29892.0,rb,RB2-030413,60,116.0,5.7118,3.8992,
EP-43133-ENTRY_ON_FIRST_CLOSE_OUTSIDE,EP-43133,NQU6,ENTRY_ON_FIRST_CLOSE_OUTSIDE,CLOSE_BACK_OUTSIDE,1,A,LONDON,5,5,False,True,,2026-07-13 07:05:00-04:00,2026-07-13 07:05:00-04:00,29775.75,8.7676,21.0043,29748.75,27.0,29748.75,27.0,False,29892.0,rb,RB2-030413,60,116.25,5.5346,4.3056,
EP-43147-ENTRY_ON_TAP,EP-43147,NQU6,ENTRY_ON_TAP,TAP_ONLY,1,A,LONDON,1,1,False,True,2026-07-13 07:04:00-04:00,2026-07-13 07:05:00-04:00,2026-07-13 07:05:00-04:00,29775.75,8.7676,21.0043,29770.0,5.75,29766.9824,8.7676,True,29892.0,rb,RB2-030413,60,116.25,5.5346,13.259,
EP-43136-ENTRY_ON_DELAYED_DISPLACEMENT,EP-43136,NQU6,ENTRY_ON_DELAYED_DISPLACEMENT,DELAYED_DISPLACEMENT,1,A,LONDON,3,3,False,True,,2026-07-13 07:06:00-04:00,2026-07-13 07:06:00-04:00,29793.0,9.4231,21.0043,29746.25,46.75,29746.25,46.75,False,29892.0,rb,RB2-030413,60,99.0,4.7133,2.1176,
EP-43136-ENTRY_ON_NEW_FVG,EP-43136,NQU6,ENTRY_ON_NEW_FVG,NEW_FVG,1,A,LONDON,3,3,False,True,,2026-07-13 07:06:00-04:00,2026-07-13 07:06:00-04:00,29793.0,9.4231,21.0043,29746.25,46.75,29746.25,46.75,False,29892.0,rb,RB2-030413,60,99.0,4.7133,2.1176,
EP-43147-ENTRY_ON_FIRST_CLOSE_OUTSIDE,EP-43147,NQU6,ENTRY_ON_FIRST_CLOSE_OUTSIDE,CLOSE_BACK_OUTSIDE,1,A,LONDON,1,1,False,True,2026-07-13 07:04:00-04:00,2026-07-13 07:06:00-04:00,2026-07-13 07:06:00-04:00,29793.0,9.4231,21.0043,29770.0,23.0,29770.0,23.0,False,29892.0,rb,RB2-030413,60,99.0,4.7133,4.3043,
EP-43147-ENTRY_ON_MINIMAL_WICK_REJECTION,EP-43147,NQU6,ENTRY_ON_MINIMAL_WICK_REJECTION,MINIMAL_WICK_REJECTION,1,A,LONDON,1,1,False,True,2026-07-13 07:04:00-04:00,2026-07-13 07:06:00-04:00,2026-07-13 07:06:00-04:00,29793.0,9.4231,21.0043,29770.0,23.0,29770.0,23.0,False,29892.0,rb,RB2-030413,60,99.0,4.7133,4.3043,
EP-43147-ENTRY_ON_IMMEDIATE_DISPLACEMENT,EP-43147,NQU6,ENTRY_ON_IMMEDIATE_DISPLACEMENT,IMMEDIATE_DISPLACEMENT,1,A,LONDON,1,1,False,True,2026-07-13 07:04:00-04:00,2026-07-13 07:06:00-04:00,2026-07-13 07:06:00-04:00,29793.0,9.4231,21.0043,29770.0,23.0,29770.0,23.0,False,29892.0,rb,RB2-030413,60,99.0,4.7133,4.3043,
EP-43350-ENTRY_ON_TAP,EP-43350,NQU6,ENTRY_ON_TAP,TAP_ONLY,1,A,NY_AM,3,1,True,True,2026-07-13 09:37:00-04:00,2026-07-13 09:38:00-04:00,2026-07-13 09:38:00-04:00,29620.25,22.1892,27.5582,29607.0,13.25,29598.0608,22.1892,True,29664.0,rb,RB2-014638,1,43.75,1.5876,1.9717,
EP-43351-ENTRY_ON_FIRST_CLOSE_OUTSIDE,EP-43351,NQU6,ENTRY_ON_FIRST_CLOSE_OUTSIDE,CLOSE_BACK_OUTSIDE,-1,A,NY_AM,1,1,False,True,2026-07-13 09:38:00-04:00,2026-07-13 09:40:00-04:00,2026-07-13 09:40:00-04:00,29622.5,24.2814,29.0245,29673.5,51.0,29673.5,51.0,False,29593.0,rb,RB2-022781,3,29.5,1.0164,0.5784,
EP-43351-ENTRY_ON_IMMEDIATE_DISPLACEMENT,EP-43351,NQU6,ENTRY_ON_IMMEDIATE_DISPLACEMENT,IMMEDIATE_DISPLACEMENT,-1,A,NY_AM,1,1,False,True,2026-07-13 09:38:00-04:00,2026-07-13 09:40:00-04:00,2026-07-13 09:40:00-04:00,29622.5,24.2814,29.0245,29673.5,51.0,29673.5,51.0,False,29593.0,rb,RB2-022781,3,29.5,1.0164,0.5784,
EP-43352-ENTRY_ON_FIRST_CLOSE_OUTSIDE,EP-43352,NQU6,ENTRY_ON_FIRST_CLOSE_OUTSIDE,CLOSE_BACK_OUTSIDE,-1,A,NY_AM,1,1,False,True,2026-07-13 09:38:00-04:00,2026-07-13 09:40:00-04:00,2026-07-13 09:40:00-04:00,29622.5,24.2814,29.0245,29656.0,33.5,29656.0,33.5,False,29593.0,rb,RB2-022781,3,29.5,1.0164,0.8806,
EP-43352-ENTRY_ON_MINIMAL_WICK_REJECTION,EP-43352,NQU6,ENTRY_ON_MINIMAL_WICK_REJECTION,MINIMAL_WICK_REJECTION,-1,A,NY_AM,1,1,False,True,2026-07-13 09:38:00-04:00,2026-07-13 09:40:00-04:00,2026-07-13 09:40:00-04:00,29622.5,24.2814,29.0245,29656.0,33.5,29656.0,33.5,False,29593.0,rb,RB2-022781,3,29.5,1.0164,0.8806,
EP-43352-ENTRY_ON_IMMEDIATE_DISPLACEMENT,EP-43352,NQU6,ENTRY_ON_IMMEDIATE_DISPLACEMENT,IMMEDIATE_DISPLACEMENT,-1,A,NY_AM,1,1,False,True,2026-07-13 09:38:00-04:00,2026-07-13 09:40:00-04:00,2026-07-13 09:40:00-04:00,29622.5,24.2814,29.0245,29656.0,33.5,29656.0,33.5,False,29593.0,rb,RB2-022781,3,29.5,1.0164,0.8806,
EP-43356-ENTRY_ON_FIRST_CLOSE_OUTSIDE,EP-43356,NQU6,ENTRY_ON_FIRST_CLOSE_OUTSIDE,CLOSE_BACK_OUTSIDE,-1,A,NY_AM,1,1,False,True,2026-07-13 09:43:00-04:00,2026-07-13 09:46:00-04:00,2026-07-13 09:46:00-04:00,29544.5,28.4802,30.7735,29602.5,58.0,29602.5,58.0,False,29507.5,rb,RB2-030395,60,37.0,1.2023,0.6379,
EP-43356-ENTRY_ON_MINIMAL_WICK_REJECTION,EP-43356,NQU6,ENTRY_ON_MINIMAL_WICK_REJECTION,MINIMAL_WICK_REJECTION,-1,A,NY_AM,1,1,False,True,2026-07-13 09:43:00-04:00,2026-07-13 09:46:00-04:00,2026-07-13 09:46:00-04:00,29544.5,28.4802,30.7735,29602.5,58.0,29602.5,58.0,False,29507.5,rb,RB2-030395,60,37.0,1.2023,0.6379,
EP-43368-ENTRY_ON_TAP,EP-43368,NQU6,ENTRY_ON_TAP,TAP_ONLY,1,A,NY_AM,3,3,False,True,,2026-07-13 09:54:00-04:00,2026-07-13 09:54:00-04:00,29537.75,31.1622,32.1996,29512.5,25.25,29506.5878,31.1622,True,29572.0,rb,RB2-022854,3,34.25,1.0637,1.0991,
EP-43373-ENTRY_ON_FIRST_CLOSE_OUTSIDE,EP-43373,NQU6,ENTRY_ON_FIRST_CLOSE_OUTSIDE,CLOSE_BACK_OUTSIDE,-1,B,NY_AM,5,5,False,True,,2026-07-13 10:05:00-04:00,2026-07-13 10:05:00-04:00,29585.75,33.7189,39.2462,29631.75,46.0,29631.75,46.0,False,29537.75,rb,RB2-022855,3,48.0,1.223,1.0435,
EP-43373-ENTRY_ON_MINIMAL_WICK_REJECTION,EP-43373,NQU6,ENTRY_ON_MINIMAL_WICK_REJECTION,MINIMAL_WICK_REJECTION,-1,B,NY_AM,5,5,False,True,,2026-07-13 10:05:00-04:00,2026-07-13 10:05:00-04:00,29585.75,33.7189,39.2462,29631.75,46.0,29631.75,46.0,False,29537.75,rb,RB2-022855,3,48.0,1.223,1.0435,
EP-43373-ENTRY_ON_IMMEDIATE_DISPLACEMENT,EP-43373,NQU6,ENTRY_ON_IMMEDIATE_DISPLACEMENT,IMMEDIATE_DISPLACEMENT,-1,B,NY_AM,5,5,False,True,,2026-07-13 10:05:00-04:00,2026-07-13 10:05:00-04:00,29585.75,33.7189,39.2462,29631.75,46.0,29631.75,46.0,False,29537.75,rb,RB2-022855,3,48.0,1.223,1.0435,
EP-43374-ENTRY_ON_FIRST_CLOSE_OUTSIDE,EP-43374,NQU6,ENTRY_ON_FIRST_CLOSE_OUTSIDE,CLOSE_BACK_OUTSIDE,-1,B,NY_AM,5,5,False,True,,2026-07-13 10:05:00-04:00,2026-07-13 10:05:00-04:00,29585.75,33.7189,39.2462,29610.75,25.0,29619.4689,33.7189,True,29537.75,rb,RB2-022855,3,48.0,1.223,1.4235,
EP-43374-ENTRY_ON_MINIMAL_WICK_REJECTION,EP-43374,NQU6,ENTRY_ON_MINIMAL_WICK_REJECTION,MINIMAL_WICK_REJECTION,-1,B,NY_AM,5,5,False,True,,2026-07-13 10:05:00-04:00,2026-07-13 10:05:00-04:00,29585.75,33.7189,39.2462,29610.75,25.0,29619.4689,33.7189,True,29537.75,rb,RB2-022855,3,48.0,1.223,1.4235,
EP-43374-ENTRY_ON_IMMEDIATE_DISPLACEMENT,EP-43374,NQU6,ENTRY_ON_IMMEDIATE_DISPLACEMENT,IMMEDIATE_DISPLACEMENT,-1,B,NY_AM,5,5,False,True,,2026-07-13 10:05:00-04:00,2026-07-13 10:05:00-04:00,29585.75,33.7189,39.2462,29610.75,25.0,29619.4689,33.7189,True,29537.75,rb,RB2-022855,3,48.0,1.223,1.4235,
EP-43382-ENTRY_ON_TAP,EP-43382,NQU6,ENTRY_ON_TAP,TAP_ONLY,-1,A,NY_AM,5,5,False,True,,2026-07-13 10:05:00-04:00,2026-07-13 10:05:00-04:00,29585.75,33.7189,39.2462,29673.5,87.75,29673.5,87.75,False,29537.75,rb,RB2-022855,3,48.0,1.223,0.547,
EP-43390-ENTRY_ON_FIRST_CLOSE_OUTSIDE,EP-43390,NQU6,ENTRY_ON_FIRST_CLOSE_OUTSIDE,CLOSE_BACK_OUTSIDE,-1,C,NY_AM,1,1,False,True,2026-07-13 10:03:00-04:00,2026-07-13 10:05:00-04:00,2026-07-13 10:05:00-04:00,29585.75,33.7189,39.2462,29617.75,32.0,29619.4689,33.7189,True,29537.75,rb,RB2-022855,3,48.0,1.223,1.4235,
EP-43390-ENTRY_ON_MINIMAL_WICK_REJECTION,EP-43390,NQU6,ENTRY_ON_MINIMAL_WICK_REJECTION,MINIMAL_WICK_REJECTION,-1,C,NY_AM,1,1,False,True,2026-07-13 10:03:00-04:00,2026-07-13 10:05:00-04:00,2026-07-13 10:05:00-04:00,29585.75,33.7189,39.2462,29617.75,32.0,29619.4689,33.7189,True,29537.75,rb,RB2-022855,3,48.0,1.223,1.4235,
EP-43390-ENTRY_ON_IMMEDIATE_DISPLACEMENT,EP-43390,NQU6,ENTRY_ON_IMMEDIATE_DISPLACEMENT,IMMEDIATE_DISPLACEMENT,-1,C,NY_AM,1,1,False,True,2026-07-13 10:03:00-04:00,2026-07-13 10:05:00-04:00,2026-07-13 10:05:00-04:00,29585.75,33.7189,39.2462,29617.75,32.0,29619.4689,33.7189,True,29537.75,rb,RB2-022855,3,48.0,1.223,1.4235,
EP-43415-ENTRY_ON_IFVG_RETEST,EP-43415,NQU6,ENTRY_ON_IFVG_RETEST,IFVG_RETEST,-1,C,NY_AM,5,5,False,True,,2026-07-13 10:25:00-04:00,2026-07-13 10:25:00-04:00,29666.0,40.7127,48.7026,29687.25,21.25,29706.7127,40.7127,True,29596.25,rb,RB2-029140,15,69.75,1.4322,1.7132,
EP-43419-ENTRY_ON_IFVG_RETEST,EP-43419,NQU6,ENTRY_ON_IFVG_RETEST,IFVG_RETEST,-1,F,NY_AM,5,1,True,True,2026-07-13 10:24:00-04:00,2026-07-13 10:25:00-04:00,2026-07-13 10:25:00-04:00,29666.0,40.7127,48.7026,29687.25,21.25,29706.7127,40.7127,True,29596.25,rb,RB2-029140,15,69.75,1.4322,1.7132,
EP-43419-ENTRY_ON_FIRST_CLOSE_OUTSIDE,EP-43419,NQU6,ENTRY_ON_FIRST_CLOSE_OUTSIDE,CLOSE_BACK_OUTSIDE,-1,F,NY_AM,5,1,True,True,2026-07-13 10:24:00-04:00,2026-07-13 10:26:00-04:00,2026-07-13 10:26:00-04:00,29656.75,40.0267,48.7026,29687.25,30.5,29696.7767,40.0267,True,29596.25,rb,RB2-029140,15,60.5,1.2422,1.5115,
EP-43420-ENTRY_ON_TAP,EP-43420,NQU6,ENTRY_ON_TAP,TAP_ONLY,-1,A,NY_AM,1,1,False,True,2026-07-13 10:26:00-04:00,2026-07-13 10:27:00-04:00,2026-07-13 10:27:00-04:00,29672.25,39.6194,48.7026,29674.25,2.0,29711.8694,39.6194,True,29616.0,fvg,FVG2-005888,3,56.25,1.155,1.4198,
EP-43551-ENTRY_ON_DELAYED_DISPLACEMENT,EP-43551,NQU6,ENTRY_ON_DELAYED_DISPLACEMENT,DELAYED_DISPLACEMENT,-1,A,NY_LUNCH,1,1,False,True,2026-07-13 12:33:00-04:00,2026-07-13 12:36:00-04:00,2026-07-13 12:36:00-04:00,29483.25,19.5587,46.0379,29537.5,54.25,29537.5,54.25,False,29424.0,rb,RB2-030393,60,59.25,1.287,1.0922,
EP-43625-ENTRY_ON_STRONG_REJECTION,EP-43625,NQU6,ENTRY_ON_STRONG_REJECTION,STRONG_REJECTION_DEPARTURE,-1,A,NY_PM,3,3,False,True,,2026-07-13 13:54:00-04:00,2026-07-13 13:54:00-04:00,29474.75,16.9352,44.2259,29524.0,49.25,29524.0,49.25,False,29424.0,rb,RB2-030393,60,50.75,1.1475,1.0305,
EP-43625-ENTRY_ON_NEW_FVG,EP-43625,NQU6,ENTRY_ON_NEW_FVG,NEW_FVG,-1,A,NY_PM,3,3,False,True,,2026-07-13 13:54:00-04:00,2026-07-13 13:54:00-04:00,29474.75,16.9352,44.2259,29524.0,49.25,29524.0,49.25,False,29424.0,rb,RB2-030393,60,50.75,1.1475,1.0305,
EP-43631-ENTRY_ON_STRONG_REJECTION,EP-43631,NQU6,ENTRY_ON_STRONG_REJECTION,STRONG_REJECTION_DEPARTURE,-1,A,NY_PM,3,3,False,True,,2026-07-13 13:54:00-04:00,2026-07-13 13:54:00-04:00,29474.75,16.9352,44.2259,29533.25,58.5,29533.25,58.5,False,29424.0,rb,RB2-030393,60,50.75,1.1475,0.8675,
EP-43631-ENTRY_ON_NEW_FVG,EP-43631,NQU6,ENTRY_ON_NEW_FVG,NEW_FVG,-1,A,NY_PM,3,3,False,True,,2026-07-13 13:54:00-04:00,2026-07-13 13:54:00-04:00,29474.75,16.9352,44.2259,29533.25,58.5,29533.25,58.5,False,29424.0,rb,RB2-030393,60,50.75,1.1475,0.8675,
EP-43637-ENTRY_ON_FIRST_CLOSE_OUTSIDE,EP-43637,NQU6,ENTRY_ON_FIRST_CLOSE_OUTSIDE,CLOSE_BACK_OUTSIDE,-1,B,NY_PM,1,1,False,True,2026-07-13 13:52:00-04:00,2026-07-13 13:54:00-04:00,2026-07-13 13:54:00-04:00,29474.75,16.9352,44.2259,29491.0,16.25,29491.6852,16.9352,True,29424.0,rb,RB2-030393,60,50.75,1.1475,2.9967,
EP-43637-ENTRY_ON_MINIMAL_WICK_REJECTION,EP-43637,NQU6,ENTRY_ON_MINIMAL_WICK_REJECTION,MINIMAL_WICK_REJECTION,-1,B,NY_PM,1,1,False,True,2026-07-13 13:52:00-04:00,2026-07-13 13:54:00-04:00,2026-07-13 13:54:00-04:00,29474.75,16.9352,44.2259,29491.0,16.25,29491.6852,16.9352,True,29424.0,rb,RB2-030393,60,50.75,1.1475,2.9967,
EP-43637-ENTRY_ON_IMMEDIATE_DISPLACEMENT,EP-43637,NQU6,ENTRY_ON_IMMEDIATE_DISPLACEMENT,IMMEDIATE_DISPLACEMENT,-1,B,NY_PM,1,1,False,True,2026-07-13 13:52:00-04:00,2026-07-13 13:54:00-04:00,2026-07-13 13:54:00-04:00,29474.75,16.9352,44.2259,29491.0,16.25,29491.6852,16.9352,True,29424.0,rb,RB2-030393,60,50.75,1.1475,2.9967,
EP-43663-ENTRY_ON_NEW_FVG,EP-43663,NQU6,ENTRY_ON_NEW_FVG,NEW_FVG,-1,B,NY_PM,1,1,False,True,2026-07-13 14:14:00-04:00,2026-07-13 14:19:00-04:00,2026-07-13 14:19:00-04:00,29478.0,16.793,42.6015,29520.5,42.5,29520.5,42.5,False,29424.0,rb,RB2-030393,60,54.0,1.2676,1.2706,
EP-43668-ENTRY_ON_TAP,EP-43668,NQU6,ENTRY_ON_TAP,TAP_ONLY,-1,A,NY_PM,1,1,False,True,2026-07-13 14:22:00-04:00,2026-07-13 14:23:00-04:00,2026-07-13 14:23:00-04:00,29478.0,16.1911,43.0868,29489.25,11.25,29494.1911,16.1911,True,29424.0,rb,RB2-030393,60,54.0,1.2533,3.3352,
EP-43672-ENTRY_ON_TAP,EP-43672,NQU6,ENTRY_ON_TAP,TAP_ONLY,-1,A,NY_PM,1,1,False,True,2026-07-13 14:28:00-04:00,2026-07-13 14:29:00-04:00,2026-07-13 14:29:00-04:00,29478.25,16.5272,42.604,29489.75,11.5,29494.7772,16.5272,True,29424.0,rb,RB2-030393,60,54.25,1.2734,3.2825,
EP-43648-ENTRY_ON_MINIMAL_WICK_REJECTION,EP-43648,NQU6,ENTRY_ON_MINIMAL_WICK_REJECTION,MINIMAL_WICK_REJECTION,-1,A,NY_PM,15,15,False,True,,2026-07-13 14:30:00-04:00,2026-07-13 14:30:00-04:00,29475.0,16.3594,42.1518,29526.25,51.25,29526.25,51.25,False,29424.0,rb,RB2-030393,60,51.0,1.2099,0.9951,
EP-43672-ENTRY_ON_FIRST_CLOSE_OUTSIDE,EP-43672,NQU6,ENTRY_ON_FIRST_CLOSE_OUTSIDE,CLOSE_BACK_OUTSIDE,-1,A,NY_PM,1,1,False,True,2026-07-13 14:28:00-04:00,2026-07-13 14:30:00-04:00,2026-07-13 14:30:00-04:00,29475.0,16.3594,42.1518,29489.75,14.75,29491.3594,16.3594,True,29424.0,rb,RB2-030393,60,51.0,1.2099,3.1175,
EP-43672-ENTRY_ON_MINIMAL_WICK_REJECTION,EP-43672,NQU6,ENTRY_ON_MINIMAL_WICK_REJECTION,MINIMAL_WICK_REJECTION,-1,A,NY_PM,1,1,False,True,2026-07-13 14:28:00-04:00,2026-07-13 14:30:00-04:00,2026-07-13 14:30:00-04:00,29475.0,16.3594,42.1518,29489.75,14.75,29491.3594,16.3594,True,29424.0,rb,RB2-030393,60,51.0,1.2099,3.1175,
EP-43674-ENTRY_ON_TAP,EP-43674,NQU6,ENTRY_ON_TAP,TAP_ONLY,-1,A,NY_PM,3,3,False,True,,2026-07-13 14:33:00-04:00,2026-07-13 14:33:00-04:00,29486.25,17.1422,42.1518,29504.75,18.5,29504.75,18.5,False,29424.0,rb,RB2-030393,60,62.25,1.4768,3.3649,
EP-43675-ENTRY_ON_TAP,EP-43675,NQU6,ENTRY_ON_TAP,TAP_ONLY,-1,A,NY_PM,3,3,False,True,,2026-07-13 14:33:00-04:00,2026-07-13 14:33:00-04:00,29486.25,17.1422,42.1518,29489.75,3.5,29503.3922,17.1422,True,29424.0,rb,RB2-030393,60,62.25,1.4768,3.6314,
EP-43680-ENTRY_ON_TAP,EP-43680,NQU6,ENTRY_ON_TAP,TAP_ONLY,-1,F,NY_PM,3,1,True,True,2026-07-13 14:32:00-04:00,2026-07-13 14:33:00-04:00,2026-07-13 14:33:00-04:00,29486.25,17.1422,42.1518,29504.75,18.5,29504.75,18.5,False,29424.0,rb,RB2-030393,60,62.25,1.4768,3.3649,
EP-43680-ENTRY_ON_FIRST_CLOSE_OUTSIDE,EP-43680,NQU6,ENTRY_ON_FIRST_CLOSE_OUTSIDE,CLOSE_BACK_OUTSIDE,-1,F,NY_PM,3,1,True,True,2026-07-13 14:32:00-04:00,2026-07-13 14:35:00-04:00,2026-07-13 14:35:00-04:00,29474.5,17.1536,42.1975,29504.75,30.25,29504.75,30.25,False,29424.0,rb,RB2-030393,60,50.5,1.1968,1.6694,
EP-43680-ENTRY_ON_MINIMAL_WICK_REJECTION,EP-43680,NQU6,ENTRY_ON_MINIMAL_WICK_REJECTION,MINIMAL_WICK_REJECTION,-1,F,NY_PM,3,1,True,True,2026-07-13 14:32:00-04:00,2026-07-13 14:35:00-04:00,2026-07-13 14:35:00-04:00,29474.5,17.1536,42.1975,29504.75,30.25,29504.75,30.25,False,29424.0,rb,RB2-030393,60,50.5,1.1968,1.6694,
EP-43680-ENTRY_ON_DELAYED_DISPLACEMENT,EP-43680,NQU6,ENTRY_ON_DELAYED_DISPLACEMENT,DELAYED_DISPLACEMENT,-1,F,NY_PM,3,1,True,True,2026-07-13 14:32:00-04:00,2026-07-13 14:35:00-04:00,2026-07-13 14:35:00-04:00,29474.5,17.1536,42.1975,29504.75,30.25,29504.75,30.25,False,29424.0,rb,RB2-030393,60,50.5,1.1968,1.6694,
EP-43699-ENTRY_ON_TAP,EP-43699,NQU6,ENTRY_ON_TAP,TAP_ONLY,-1,A,NY_PM,30,1,True,True,2026-07-13 15:00:00-04:00,2026-07-13 15:01:00-04:00,2026-07-13 15:01:00-04:00,29482.25,15.6219,39.636,29521.5,39.25,29521.5,39.25,False,29424.0,rb,RB2-030393,60,58.25,1.4696,1.4841,
EP-43706-ENTRY_ON_TAP,EP-43706,NQU6,ENTRY_ON_TAP,TAP_ONLY,-1,A,NY_PM,1,1,False,True,2026-07-13 15:09:00-04:00,2026-07-13 15:10:00-04:00,2026-07-13 15:10:00-04:00,29478.25,15.5725,40.2478,29495.25,17.0,29495.25,17.0,False,29424.0,rb,RB2-030393,60,54.25,1.3479,3.1912,
EP-43706-ENTRY_ON_FIRST_CLOSE_OUTSIDE,EP-43706,NQU6,ENTRY_ON_FIRST_CLOSE_OUTSIDE,CLOSE_BACK_OUTSIDE,-1,A,NY_PM,1,1,False,True,2026-07-13 15:09:00-04:00,2026-07-13 15:11:00-04:00,2026-07-13 15:11:00-04:00,29469.25,15.6007,40.2478,29495.25,26.0,29495.25,26.0,False,29424.0,rb,RB2-030393,60,45.25,1.1243,1.7404,
EP-43706-ENTRY_ON_IMMEDIATE_DISPLACEMENT,EP-43706,NQU6,ENTRY_ON_IMMEDIATE_DISPLACEMENT,IMMEDIATE_DISPLACEMENT,-1,A,NY_PM,1,1,False,True,2026-07-13 15:09:00-04:00,2026-07-13 15:11:00-04:00,2026-07-13 15:11:00-04:00,29469.25,15.6007,40.2478,29495.25,26.0,29495.25,26.0,False,29424.0,rb,RB2-030393,60,45.25,1.1243,1.7404,
EP-43882-ENTRY_ON_NEW_FVG,EP-43882,NQU6,ENTRY_ON_NEW_FVG,NEW_FVG,-1,A,GLOBEX_EVENING,5,5,False,True,,2026-07-13 19:05:00-04:00,2026-07-13 19:05:00-04:00,29374.0,9.3496,28.0373,29449.5,75.5,29449.5,75.5,False,29096.25,rb,RB2-030389,60,277.75,9.9064,3.6788,
EP-43907-ENTRY_ON_FIRST_CLOSE_OUTSIDE,EP-43907,NQU6,ENTRY_ON_FIRST_CLOSE_OUTSIDE,CLOSE_BACK_OUTSIDE,-1,A,GLOBEX_EVENING,1,1,False,True,2026-07-13 19:03:00-04:00,2026-07-13 19:05:00-04:00,2026-07-13 19:05:00-04:00,29374.0,9.3496,28.0373,29398.75,24.75,29398.75,24.75,False,29096.25,rb,RB2-030389,60,277.75,9.9064,11.2222,
EP-43907-ENTRY_ON_IMMEDIATE_DISPLACEMENT,EP-43907,NQU6,ENTRY_ON_IMMEDIATE_DISPLACEMENT,IMMEDIATE_DISPLACEMENT,-1,A,GLOBEX_EVENING,1,1,False,True,2026-07-13 19:03:00-04:00,2026-07-13 19:05:00-04:00,2026-07-13 19:05:00-04:00,29374.0,9.3496,28.0373,29398.75,24.75,29398.75,24.75,False,29096.25,rb,RB2-030389,60,277.75,9.9064,11.2222,
EP-43910-ENTRY_ON_FIRST_CLOSE_OUTSIDE,EP-43910,NQU6,ENTRY_ON_FIRST_CLOSE_OUTSIDE,CLOSE_BACK_OUTSIDE,-1,A,GLOBEX_EVENING,1,1,False,True,2026-07-13 19:06:00-04:00,2026-07-13 19:08:00-04:00,2026-07-13 19:08:00-04:00,29380.0,9.5925,28.0373,29388.5,8.5,29389.5925,9.5925,True,29096.25,rb,RB2-030389,60,283.75,10.1204,29.5804,
EP-43910-ENTRY_ON_MINIMAL_WICK_REJECTION,EP-43910,NQU6,ENTRY_ON_MINIMAL_WICK_REJECTION,MINIMAL_WICK_REJECTION,-1,A,GLOBEX_EVENING,1,1,False,True,2026-07-13 19:06:00-04:00,2026-07-13 19:08:00-04:00,2026-07-13 19:08:00-04:00,29380.0,9.5925,28.0373,29388.5,8.5,29389.5925,9.5925,True,29096.25,rb,RB2-030389,60,283.75,10.1204,29.5804,
EP-43910-ENTRY_ON_IMMEDIATE_DISPLACEMENT,EP-43910,NQU6,ENTRY_ON_IMMEDIATE_DISPLACEMENT,IMMEDIATE_DISPLACEMENT,-1,A,GLOBEX_EVENING,1,1,False,True,2026-07-13 19:06:00-04:00,2026-07-13 19:08:00-04:00,2026-07-13 19:08:00-04:00,29380.0,9.5925,28.0373,29388.5,8.5,29389.5925,9.5925,True,29096.25,rb,RB2-030389,60,283.75,10.1204,29.5804,
EP-43914-ENTRY_ON_TAP,EP-43914,NQU6,ENTRY_ON_TAP,TAP_ONLY,-1,A,GLOBEX_EVENING,1,1,False,True,2026-07-13 19:09:00-04:00,2026-07-13 19:10:00-04:00,2026-07-13 19:10:00-04:00,29384.0,9.5216,27.6191,29386.0,2.0,29393.5216,9.5216,True,29096.25,rb,RB2-030389,60,287.75,10.4185,30.2208,
EP-43915-ENTRY_ON_FIRST_CLOSE_OUTSIDE,EP-43915,NQU6,ENTRY_ON_FIRST_CLOSE_OUTSIDE,CLOSE_BACK_OUTSIDE,-1,A,GLOBEX_EVENING,5,1,True,True,2026-07-13 19:10:00-04:00,2026-07-13 19:12:00-04:00,2026-07-13 19:12:00-04:00,29378.0,9.6505,27.6191,29390.25,12.25,29390.25,12.25,False,29096.25,rb,RB2-030389,60,281.75,10.2013,23.0,
EP-43915-ENTRY_ON_MINIMAL_WICK_REJECTION,EP-43915,NQU6,ENTRY_ON_MINIMAL_WICK_REJECTION,MINIMAL_WICK_REJECTION,-1,A,GLOBEX_EVENING,5,1,True,True,2026-07-13 19:10:00-04:00,2026-07-13 19:12:00-04:00,2026-07-13 19:12:00-04:00,29378.0,9.6505,27.6191,29390.25,12.25,29390.25,12.25,False,29096.25,rb,RB2-030389,60,281.75,10.2013,23.0,
EP-43915-ENTRY_ON_IMMEDIATE_DISPLACEMENT,EP-43915,NQU6,ENTRY_ON_IMMEDIATE_DISPLACEMENT,IMMEDIATE_DISPLACEMENT,-1,A,GLOBEX_EVENING,5,1,True,True,2026-07-13 19:10:00-04:00,2026-07-13 19:12:00-04:00,2026-07-13 19:12:00-04:00,29378.0,9.6505,27.6191,29390.25,12.25,29390.25,12.25,False,29096.25,rb,RB2-030389,60,281.75,10.2013,23.0,
EP-43701-ENTRY_ON_NEW_FVG,EP-43701,NQU6,ENTRY_ON_NEW_FVG,NEW_FVG,-1,A,GLOBEX_EVENING,30,30,False,True,,2026-07-13 19:30:00-04:00,2026-07-13 19:30:00-04:00,29368.0,9.345,26.804,29521.5,153.5,29521.5,153.5,False,29096.25,rb,RB2-030389,60,271.75,10.1384,1.7704,
EP-43869-ENTRY_ON_FIRST_CLOSE_OUTSIDE,EP-43869,NQU6,ENTRY_ON_FIRST_CLOSE_OUTSIDE,CLOSE_BACK_OUTSIDE,-1,A,GLOBEX_EVENING,30,30,False,True,,2026-07-13 19:30:00-04:00,2026-07-13 19:30:00-04:00,29368.0,9.345,26.804,29479.5,111.5,29479.5,111.5,False,29096.25,rb,RB2-030389,60,271.75,10.1384,2.4372,
EP-43869-ENTRY_ON_NEW_FVG,EP-43869,NQU6,ENTRY_ON_NEW_FVG,NEW_FVG,-1,A,GLOBEX_EVENING,30,30,False,True,,2026-07-13 19:30:00-04:00,2026-07-13 19:30:00-04:00,29368.0,9.345,26.804,29479.5,111.5,29479.5,111.5,False,29096.25,rb,RB2-030389,60,271.75,10.1384,2.4372,
EP-43928-ENTRY_ON_FIRST_CLOSE_OUTSIDE,EP-43928,NQU6,ENTRY_ON_FIRST_CLOSE_OUTSIDE,CLOSE_BACK_OUTSIDE,-1,A,GLOBEX_EVENING,3,3,False,True,,2026-07-13 19:30:00-04:00,2026-07-13 19:30:00-04:00,29368.0,9.345,26.804,29393.5,25.5,29393.5,25.5,False,29096.25,rb,RB2-030389,60,271.75,10.1384,10.6569,
EP-43928-ENTRY_ON_MINIMAL_WICK_REJECTION,EP-43928,NQU6,ENTRY_ON_MINIMAL_WICK_REJECTION,MINIMAL_WICK_REJECTION,-1,A,GLOBEX_EVENING,3,3,False,True,,2026-07-13 19:30:00-04:00,2026-07-13 19:30:00-04:00,29368.0,9.345,26.804,29393.5,25.5,29393.5,25.5,False,29096.25,rb,RB2-030389,60,271.75,10.1384,10.6569,
EP-43928-ENTRY_ON_DELAYED_DISPLACEMENT,EP-43928,NQU6,ENTRY_ON_DELAYED_DISPLACEMENT,DELAYED_DISPLACEMENT,-1,A,GLOBEX_EVENING,3,3,False,True,,2026-07-13 19:30:00-04:00,2026-07-13 19:30:00-04:00,29368.0,9.345,26.804,29393.5,25.5,29393.5,25.5,False,29096.25,rb,RB2-030389,60,271.75,10.1384,10.6569,
EP-43932-ENTRY_ON_NEW_FVG,EP-43932,NQU6,ENTRY_ON_NEW_FVG,NEW_FVG,-1,A,GLOBEX_EVENING,1,1,False,True,2026-07-13 19:24:00-04:00,2026-07-13 19:31:00-04:00,2026-07-13 19:31:00-04:00,29357.25,9.4765,26.804,29399.25,42.0,29399.25,42.0,False,29096.25,rb,RB2-030389,60,261.0,9.7374,6.2143,
EP-43948-ENTRY_ON_DELAYED_DISPLACEMENT,EP-43948,NQU6,ENTRY_ON_DELAYED_DISPLACEMENT,DELAYED_DISPLACEMENT,-1,F,GLOBEX_EVENING,3,1,True,True,2026-07-13 19:36:00-04:00,2026-07-13 19:42:00-04:00,2026-07-13 19:42:00-04:00,29345.5,9.3704,26.6542,29387.75,42.25,29387.75,42.25,False,29096.25,rb,RB2-030389,60,249.25,9.3513,5.8994,
EP-43950-ENTRY_ON_FIRST_CLOSE_OUTSIDE,EP-43950,NQU6,ENTRY_ON_FIRST_CLOSE_OUTSIDE,CLOSE_BACK_OUTSIDE,-1,B,GLOBEX_EVENING,3,3,False,True,,2026-07-13 19:42:00-04:00,2026-07-13 19:42:00-04:00,29345.5,9.3704,26.6542,29387.75,42.25,29387.75,42.25,False,29096.25,rb,RB2-030389,60,249.25,9.3513,5.8994,
EP-43952-ENTRY_ON_FIRST_CLOSE_OUTSIDE,EP-43952,NQU6,ENTRY_ON_FIRST_CLOSE_OUTSIDE,CLOSE_BACK_OUTSIDE,-1,F,GLOBEX_EVENING,5,1,True,True,2026-07-13 19:40:00-04:00,2026-07-13 19:42:00-04:00,2026-07-13 19:42:00-04:00,29345.5,9.3704,26.6542,29379.5,34.0,29379.5,34.0,False,29096.25,rb,RB2-030389,60,249.25,9.3513,7.3309,
EP-43952-ENTRY_ON_MINIMAL_WICK_REJECTION,EP-43952,NQU6,ENTRY_ON_MINIMAL_WICK_REJECTION,MINIMAL_WICK_REJECTION,-1,F,GLOBEX_EVENING,5,1,True,True,2026-07-13 19:40:00-04:00,2026-07-13 19:42:00-04:00,2026-07-13 19:42:00-04:00,29345.5,9.3704,26.6542,29379.5,34.0,29379.5,34.0,False,29096.25,rb,RB2-030389,60,249.25,9.3513,7.3309,
EP-43952-ENTRY_ON_IMMEDIATE_DISPLACEMENT,EP-43952,NQU6,ENTRY_ON_IMMEDIATE_DISPLACEMENT,IMMEDIATE_DISPLACEMENT,-1,F,GLOBEX_EVENING,5,1,True,True,2026-07-13 19:40:00-04:00,2026-07-13 19:42:00-04:00,2026-07-13 19:42:00-04:00,29345.5,9.3704,26.6542,29379.5,34.0,29379.5,34.0,False,29096.25,rb,RB2-030389,60,249.25,9.3513,7.3309,
EP-43952-ENTRY_ON_DELAYED_DISPLACEMENT,EP-43952,NQU6,ENTRY_ON_DELAYED_DISPLACEMENT,DELAYED_DISPLACEMENT,-1,F,GLOBEX_EVENING,5,1,True,True,2026-07-13 19:40:00-04:00,2026-07-13 19:43:00-04:00,2026-07-13 19:43:00-04:00,29337.75,9.4696,26.6542,29379.5,41.75,29379.5,41.75,False,29096.25,rb,RB2-030389,60,241.5,9.0605,5.7844,
EP-43948-ENTRY_ON_STRONG_REJECTION,EP-43948,NQU6,ENTRY_ON_STRONG_REJECTION,STRONG_REJECTION_DEPARTURE,-1,F,GLOBEX_EVENING,3,1,True,True,2026-07-13 19:36:00-04:00,2026-07-13 19:45:00-04:00,2026-07-13 19:45:00-04:00,29332.5,9.6075,26.7623,29387.75,55.25,29387.75,55.25,False,29096.25,rb,RB2-030389,60,236.25,8.8277,4.276,
EP-43950-ENTRY_ON_DELAYED_DISPLACEMENT,EP-43950,NQU6,ENTRY_ON_DELAYED_DISPLACEMENT,DELAYED_DISPLACEMENT,-1,B,GLOBEX_EVENING,3,3,False,True,,2026-07-13 19:45:00-04:00,2026-07-13 19:45:00-04:00,29332.5,9.6075,26.7623,29387.75,55.25,29387.75,55.25,False,29096.25,rb,RB2-030389,60,236.25,8.8277,4.276,
EP-43950-ENTRY_ON_NEW_FVG,EP-43950,NQU6,ENTRY_ON_NEW_FVG,NEW_FVG,-1,B,GLOBEX_EVENING,3,3,False,True,,2026-07-13 19:45:00-04:00,2026-07-13 19:45:00-04:00,29332.5,9.6075,26.7623,29387.75,55.25,29387.75,55.25,False,29096.25,rb,RB2-030389,60,236.25,8.8277,4.276,
EP-43952-ENTRY_ON_STRONG_REJECTION,EP-43952,NQU6,ENTRY_ON_STRONG_REJECTION,STRONG_REJECTION_DEPARTURE,-1,F,GLOBEX_EVENING,5,1,True,True,2026-07-13 19:40:00-04:00,2026-07-13 19:45:00-04:00,2026-07-13 19:45:00-04:00,29332.5,9.6075,26.7623,29379.5,47.0,29379.5,47.0,False,29096.25,rb,RB2-030389,60,236.25,8.8277,5.0266,
EP-43953-ENTRY_ON_TAP,EP-43953,NQU6,ENTRY_ON_TAP,TAP_ONLY,-1,A,GLOBEX_EVENING,5,5,False,True,,2026-07-13 19:45:00-04:00,2026-07-13 19:45:00-04:00,29332.5,9.6075,26.7623,29379.5,47.0,29379.5,47.0,False,29096.25,rb,RB2-030389,60,236.25,8.8277,5.0266,
EP-43959-ENTRY_ON_TAP,EP-43959,NQU6,ENTRY_ON_TAP,TAP_ONLY,-1,B,GLOBEX_EVENING,3,3,False,True,,2026-07-13 19:48:00-04:00,2026-07-13 19:48:00-04:00,29339.25,10.325,26.7623,29350.25,11.0,29350.25,11.0,False,29096.25,rb,RB2-030389,60,243.0,9.0799,22.0909,
EP-43986-ENTRY_ON_TAP,EP-43986,NQU6,ENTRY_ON_TAP,TAP_ONLY,-1,F,ASIA,15,1,True,True,2026-07-13 20:00:00-04:00,2026-07-13 20:01:00-04:00,2026-07-13 20:01:00-04:00,29442.75,14.3025,29.1497,29458.75,16.0,29458.75,16.0,False,29412.0,ifvg,IFVG2-003895,5,30.75,1.0549,1.9219,
EP-44005-ENTRY_ON_FIRST_CLOSE_OUTSIDE,EP-44005,NQU6,ENTRY_ON_FIRST_CLOSE_OUTSIDE,CLOSE_BACK_OUTSIDE,-1,C,ASIA,1,1,False,True,2026-07-13 20:05:00-04:00,2026-07-13 20:08:00-04:00,2026-07-13 20:08:00-04:00,29337.25,19.3671,32.0289,29374.5,37.25,29374.5,37.25,False,29096.25,rb,RB2-030389,60,241.0,7.5245,6.4698,
EP-43981-ENTRY_ON_NEW_FVG,EP-43981,NQU6,ENTRY_ON_NEW_FVG,NEW_FVG,-1,B,ASIA,3,3,False,True,,2026-07-13 20:09:00-04:00,2026-07-13 20:09:00-04:00,29341.5,19.2164,32.0289,29430.5,89.0,29430.5,89.0,False,29096.25,rb,RB2-030389,60,245.25,7.6571,2.7556,
EP-43991-ENTRY_ON_STRONG_REJECTION,EP-43991,NQU6,ENTRY_ON_STRONG_REJECTION,STRONG_REJECTION_DEPARTURE,-1,A,ASIA,3,3,False,True,,2026-07-13 20:09:00-04:00,2026-07-13 20:09:00-04:00,29341.5,19.2164,32.0289,29437.0,95.5,29437.0,95.5,False,29096.25,rb,RB2-030389,60,245.25,7.6571,2.5681,
EP-43991-ENTRY_ON_NEW_FVG,EP-43991,NQU6,ENTRY_ON_NEW_FVG,NEW_FVG,-1,A,ASIA,3,3,False,True,,2026-07-13 20:09:00-04:00,2026-07-13 20:09:00-04:00,29341.5,19.2164,32.0289,29437.0,95.5,29437.0,95.5,False,29096.25,rb,RB2-030389,60,245.25,7.6571,2.5681,
EP-44016-ENTRY_ON_TAP,EP-44016,NQU6,ENTRY_ON_TAP,TAP_ONLY,-1,A,ASIA,1,1,False,True,2026-07-13 20:13:00-04:00,2026-07-13 20:14:00-04:00,2026-07-13 20:14:00-04:00,29443.25,23.2766,32.8194,29452.25,9.0,29466.5266,23.2766,True,29402.0,ifvg,IFVG2-002143,1,41.25,1.2569,1.7722,
EP-44206-ENTRY_ON_NEW_IFVG,EP-44206,NQU6,ENTRY_ON_NEW_IFVG,NEW_IFVG,-1,B,ASIA,1,1,False,True,2026-07-13 23:06:00-04:00,2026-07-13 23:13:00-04:00,2026-07-13 23:13:00-04:00,29341.25,12.9706,38.7272,29367.5,26.25,29367.5,26.25,False,29096.25,rb,RB2-030389,60,245.0,6.3263,9.3333,
EP-44209-ENTRY_ON_NEW_IFVG,EP-44209,NQU6,ENTRY_ON_NEW_IFVG,NEW_IFVG,-1,A,ASIA,3,1,True,True,2026-07-13 23:09:00-04:00,2026-07-13 23:13:00-04:00,2026-07-13 23:13:00-04:00,29341.25,12.9706,38.7272,29369.0,27.75,29369.0,27.75,False,29096.25,rb,RB2-030389,60,245.0,6.3263,8.8288,
EP-44211-ENTRY_ON_NEW_IFVG,EP-44211,NQU6,ENTRY_ON_NEW_IFVG,NEW_IFVG,-1,A,ASIA,1,1,False,True,2026-07-13 23:10:00-04:00,2026-07-13 23:13:00-04:00,2026-07-13 23:13:00-04:00,29341.25,12.9706,38.7272,29364.25,23.0,29364.25,23.0,False,29096.25,rb,RB2-030389,60,245.0,6.3263,10.6522,
EP-44206-ENTRY_ON_NEW_FVG,EP-44206,NQU6,ENTRY_ON_NEW_FVG,NEW_FVG,-1,B,ASIA,1,1,False,True,2026-07-13 23:06:00-04:00,2026-07-13 23:14:00-04:00,2026-07-13 23:14:00-04:00,29335.0,12.8676,38.7272,29367.5,32.5,29367.5,32.5,False,29096.25,rb,RB2-030389,60,238.75,6.1649,7.3462,
EP-44209-ENTRY_ON_DELAYED_DISPLACEMENT,EP-44209,NQU6,ENTRY_ON_DELAYED_DISPLACEMENT,DELAYED_DISPLACEMENT,-1,A,ASIA,3,1,True,True,2026-07-13 23:09:00-04:00,2026-07-13 23:14:00-04:00,2026-07-13 23:14:00-04:00,29335.0,12.8676,38.7272,29369.0,34.0,29369.0,34.0,False,29096.25,rb,RB2-030389,60,238.75,6.1649,7.0221,
EP-44209-ENTRY_ON_NEW_FVG,EP-44209,NQU6,ENTRY_ON_NEW_FVG,NEW_FVG,-1,A,ASIA,3,1,True,True,2026-07-13 23:09:00-04:00,2026-07-13 23:14:00-04:00,2026-07-13 23:14:00-04:00,29335.0,12.8676,38.7272,29369.0,34.0,29369.0,34.0,False,29096.25,rb,RB2-030389,60,238.75,6.1649,7.0221,
EP-44211-ENTRY_ON_NEW_FVG,EP-44211,NQU6,ENTRY_ON_NEW_FVG,NEW_FVG,-1,A,ASIA,1,1,False,True,2026-07-13 23:10:00-04:00,2026-07-13 23:14:00-04:00,2026-07-13 23:14:00-04:00,29335.0,12.8676,38.7272,29364.25,29.25,29364.25,29.25,False,29096.25,rb,RB2-030389,60,238.75,6.1649,8.1624,
EP-44214-ENTRY_ON_IFVG_RETEST,EP-44214,NQU6,ENTRY_ON_IFVG_RETEST,IFVG_RETEST,-1,C,ASIA,1,1,False,True,2026-07-13 23:13:00-04:00,2026-07-13 23:14:00-04:00,2026-07-13 23:14:00-04:00,29335.0,12.8676,38.7272,29363.0,28.0,29363.0,28.0,False,29096.25,rb,RB2-030389,60,238.75,6.1649,8.5268,
EP-44161-ENTRY_ON_DELAYED_DISPLACEMENT,EP-44161,NQU6,ENTRY_ON_DELAYED_DISPLACEMENT,DELAYED_DISPLACEMENT,-1,B,ASIA,15,15,False,True,,2026-07-13 23:15:00-04:00,2026-07-13 23:15:00-04:00,29334.0,12.7273,38.4052,29437.0,103.0,29437.0,103.0,False,29096.25,rb,RB2-030389,60,237.75,6.1906,2.3083,
EP-44162-ENTRY_ON_DELAYED_DISPLACEMENT,EP-44162,NQU6,ENTRY_ON_DELAYED_DISPLACEMENT,DELAYED_DISPLACEMENT,-1,A,ASIA,15,15,False,True,,2026-07-13 23:15:00-04:00,2026-07-13 23:15:00-04:00,29334.0,12.7273,38.4052,29489.0,155.0,29489.0,155.0,False,29096.25,rb,RB2-030389,60,237.75,6.1906,1.5339,
EP-44198-ENTRY_ON_NEW_FVG,EP-44198,NQU6,ENTRY_ON_NEW_FVG,NEW_FVG,-1,A,ASIA,3,3,False,True,,2026-07-13 23:15:00-04:00,2026-07-13 23:15:00-04:00,29334.0,12.7273,38.4052,29398.75,64.75,29398.75,64.75,False,29096.25,rb,RB2-030389,60,237.75,6.1906,3.6718,
EP-44201-ENTRY_ON_DELAYED_DISPLACEMENT,EP-44201,NQU6,ENTRY_ON_DELAYED_DISPLACEMENT,DELAYED_DISPLACEMENT,-1,A,ASIA,5,5,False,True,,2026-07-13 23:15:00-04:00,2026-07-13 23:15:00-04:00,29334.0,12.7273,38.4052,29398.75,64.75,29398.75,64.75,False,29096.25,rb,RB2-030389,60,237.75,6.1906,3.6718,
EP-44210-ENTRY_ON_NEW_FVG,EP-44210,NQU6,ENTRY_ON_NEW_FVG,NEW_FVG,-1,A,ASIA,3,3,False,True,,2026-07-13 23:15:00-04:00,2026-07-13 23:15:00-04:00,29334.0,12.7273,38.4052,29369.0,35.0,29369.0,35.0,False,29096.25,rb,RB2-030389,60,237.75,6.1906,6.7929,
EP-44214-ENTRY_ON_FIRST_CLOSE_OUTSIDE,EP-44214,NQU6,ENTRY_ON_FIRST_CLOSE_OUTSIDE,CLOSE_BACK_OUTSIDE,-1,C,ASIA,1,1,False,True,2026-07-13 23:13:00-04:00,2026-07-13 23:16:00-04:00,2026-07-13 23:16:00-04:00,29330.5,12.6449,38.4052,29363.0,32.5,29363.0,32.5,False,29096.25,rb,RB2-030389,60,234.25,6.0994,7.2077,
EP-44210-ENTRY_ON_DELAYED_DISPLACEMENT,EP-44210,NQU6,ENTRY_ON_DELAYED_DISPLACEMENT,DELAYED_DISPLACEMENT,-1,A,ASIA,3,3,False,True,,2026-07-13 23:18:00-04:00,2026-07-13 23:18:00-04:00,29309.5,13.101,38.4052,29369.0,59.5,29369.0,59.5,False,29096.25,rb,RB2-030389,60,213.25,5.5526,3.584,
EP-44214-ENTRY_ON_DELAYED_DISPLACEMENT,EP-44214,NQU6,ENTRY_ON_DELAYED_DISPLACEMENT,DELAYED_DISPLACEMENT,-1,C,ASIA,1,1,False,True,2026-07-13 23:13:00-04:00,2026-07-13 23:18:00-04:00,2026-07-13 23:18:00-04:00,29309.5,13.101,38.4052,29363.0,53.5,29363.0,53.5,False,29096.25,rb,RB2-030389,60,213.25,5.5526,3.986,
EP-44375-ENTRY_ON_FIRST_CLOSE_OUTSIDE,EP-44375,NQU6,ENTRY_ON_FIRST_CLOSE_OUTSIDE,CLOSE_BACK_OUTSIDE,1,A,ASIA,1,1,False,True,2026-07-14 01:12:00-04:00,2026-07-14 01:14:00-04:00,2026-07-14 01:14:00-04:00,29530.25,10.672,33.9968,29520.5,9.75,29519.578,10.672,True,29580.75,fvg,FVG2-007803,60,50.5,1.4854,4.732,
EP-44375-ENTRY_ON_MINIMAL_WICK_REJECTION,EP-44375,NQU6,ENTRY_ON_MINIMAL_WICK_REJECTION,MINIMAL_WICK_REJECTION,1,A,ASIA,1,1,False,True,2026-07-14 01:12:00-04:00,2026-07-14 01:14:00-04:00,2026-07-14 01:14:00-04:00,29530.25,10.672,33.9968,29520.5,9.75,29519.578,10.672,True,29580.75,fvg,FVG2-007803,60,50.5,1.4854,4.732,
EP-44375-ENTRY_ON_IMMEDIATE_DISPLACEMENT,EP-44375,NQU6,ENTRY_ON_IMMEDIATE_DISPLACEMENT,IMMEDIATE_DISPLACEMENT,1,A,ASIA,1,1,False,True,2026-07-14 01:12:00-04:00,2026-07-14 01:14:00-04:00,2026-07-14 01:14:00-04:00,29530.25,10.672,33.9968,29520.5,9.75,29519.578,10.672,True,29580.75,fvg,FVG2-007803,60,50.5,1.4854,4.732,
EP-44362-ENTRY_ON_DELAYED_DISPLACEMENT,EP-44362,NQU6,ENTRY_ON_DELAYED_DISPLACEMENT,DELAYED_DISPLACEMENT,1,A,ASIA,5,5,False,True,,2026-07-14 01:15:00-04:00,2026-07-14 01:15:00-04:00,29546.25,10.9878,33.7469,29478.0,68.25,29478.0,68.25,False,29580.75,fvg,FVG2-007803,60,34.5,1.0223,0.5055,
EP-44362-ENTRY_ON_NEW_FVG,EP-44362,NQU6,ENTRY_ON_NEW_FVG,NEW_FVG,1,A,ASIA,5,5,False,True,,2026-07-14 01:15:00-04:00,2026-07-14 01:15:00-04:00,29546.25,10.9878,33.7469,29478.0,68.25,29478.0,68.25,False,29580.75,fvg,FVG2-007803,60,34.5,1.0223,0.5055,
EP-44375-ENTRY_ON_DELAYED_DISPLACEMENT,EP-44375,NQU6,ENTRY_ON_DELAYED_DISPLACEMENT,DELAYED_DISPLACEMENT,1,A,ASIA,1,1,False,True,2026-07-14 01:12:00-04:00,2026-07-14 01:15:00-04:00,2026-07-14 01:15:00-04:00,29546.25,10.9878,33.7469,29520.5,25.75,29520.5,25.75,False,29580.75,fvg,FVG2-007803,60,34.5,1.0223,1.3398,
EP-44379-ENTRY_ON_FIRST_CLOSE_OUTSIDE,EP-44379,NQU6,ENTRY_ON_FIRST_CLOSE_OUTSIDE,CLOSE_BACK_OUTSIDE,1,A,ASIA,1,1,False,True,2026-07-14 01:18:00-04:00,2026-07-14 01:20:00-04:00,2026-07-14 01:20:00-04:00,29547.5,10.9019,33.0492,29540.25,7.25,29536.5981,10.9019,True,29580.75,fvg,FVG2-007803,60,33.25,1.0061,3.0499,
EP-44379-ENTRY_ON_MINIMAL_WICK_REJECTION,EP-44379,NQU6,ENTRY_ON_MINIMAL_WICK_REJECTION,MINIMAL_WICK_REJECTION,1,A,ASIA,1,1,False,True,2026-07-14 01:18:00-04:00,2026-07-14 01:20:00-04:00,2026-07-14 01:20:00-04:00,29547.5,10.9019,33.0492,29540.25,7.25,29536.5981,10.9019,True,29580.75,fvg,FVG2-007803,60,33.25,1.0061,3.0499,
EP-44379-ENTRY_ON_IMMEDIATE_DISPLACEMENT,EP-44379,NQU6,ENTRY_ON_IMMEDIATE_DISPLACEMENT,IMMEDIATE_DISPLACEMENT,1,A,ASIA,1,1,False,True,2026-07-14 01:18:00-04:00,2026-07-14 01:20:00-04:00,2026-07-14 01:20:00-04:00,29547.5,10.9019,33.0492,29540.25,7.25,29536.5981,10.9019,True,29580.75,fvg,FVG2-007803,60,33.25,1.0061,3.0499,
EP-44392-ENTRY_ON_TAP,EP-44392,NQU6,ENTRY_ON_TAP,TAP_ONLY,1,B,ASIA,1,1,False,True,2026-07-14 01:25:00-04:00,2026-07-14 01:26:00-04:00,2026-07-14 01:26:00-04:00,29595.5,11.3574,33.6929,29574.75,20.75,29574.75,20.75,False,29718.0,rb,RB2-030421,60,122.5,3.6358,5.9036,
EP-44392-ENTRY_ON_FIRST_CLOSE_OUTSIDE,EP-44392,NQU6,ENTRY_ON_FIRST_CLOSE_OUTSIDE,CLOSE_BACK_OUTSIDE,1,B,ASIA,1,1,False,True,2026-07-14 01:25:00-04:00,2026-07-14 01:27:00-04:00,2026-07-14 01:27:00-04:00,29607.0,11.6967,33.6929,29574.75,32.25,29574.75,32.25,False,29718.0,rb,RB2-030421,60,111.0,3.2945,3.4419,
EP-44392-ENTRY_ON_IMMEDIATE_DISPLACEMENT,EP-44392,NQU6,ENTRY_ON_IMMEDIATE_DISPLACEMENT,IMMEDIATE_DISPLACEMENT,1,B,ASIA,1,1,False,True,2026-07-14 01:25:00-04:00,2026-07-14 01:27:00-04:00,2026-07-14 01:27:00-04:00,29607.0,11.6967,33.6929,29574.75,32.25,29574.75,32.25,False,29718.0,rb,RB2-030421,60,111.0,3.2945,3.4419,
EP-44393-ENTRY_ON_TAP,EP-44393,NQU6,ENTRY_ON_TAP,TAP_ONLY,1,A,ASIA,1,1,False,True,2026-07-14 01:28:00-04:00,2026-07-14 01:29:00-04:00,2026-07-14 01:29:00-04:00,29600.5,11.7176,33.6929,29595.75,4.75,29588.7824,11.7176,True,29718.0,rb,RB2-030421,60,117.5,3.4874,10.0277,
EP-44394-ENTRY_ON_TAP,EP-44394,NQU6,ENTRY_ON_TAP,TAP_ONLY,1,A,ASIA,1,1,False,True,2026-07-14 01:29:00-04:00,2026-07-14 01:30:00-04:00,2026-07-14 01:30:00-04:00,29605.0,11.6043,33.5078,29590.0,15.0,29590.0,15.0,False,29718.0,rb,RB2-030421,60,113.0,3.3723,7.5333,
EP-44392-ENTRY_ON_DELAYED_DISPLACEMENT,EP-44392,NQU6,ENTRY_ON_DELAYED_DISPLACEMENT,DELAYED_DISPLACEMENT,1,B,ASIA,1,1,False,True,2026-07-14 01:25:00-04:00,2026-07-14 01:31:00-04:00,2026-07-14 01:31:00-04:00,29626.5,12.0479,33.5078,29574.75,51.75,29574.75,51.75,False,29718.0,rb,RB2-030421,60,91.5,2.7307,1.7681,
EP-44393-ENTRY_ON_FIRST_CLOSE_OUTSIDE,EP-44393,NQU6,ENTRY_ON_FIRST_CLOSE_OUTSIDE,CLOSE_BACK_OUTSIDE,1,A,ASIA,1,1,False,True,2026-07-14 01:28:00-04:00,2026-07-14 01:31:00-04:00,2026-07-14 01:31:00-04:00,29626.5,12.0479,33.5078,29595.75,30.75,29595.75,30.75,False,29718.0,rb,RB2-030421,60,91.5,2.7307,2.9756,
EP-44393-ENTRY_ON_DELAYED_DISPLACEMENT,EP-44393,NQU6,ENTRY_ON_DELAYED_DISPLACEMENT,DELAYED_DISPLACEMENT,1,A,ASIA,1,1,False,True,2026-07-14 01:28:00-04:00,2026-07-14 01:31:00-04:00,2026-07-14 01:31:00-04:00,29626.5,12.0479,33.5078,29595.75,30.75,29595.75,30.75,False,29718.0,rb,RB2-030421,60,91.5,2.7307,2.9756,
EP-44394-ENTRY_ON_FIRST_CLOSE_OUTSIDE,EP-44394,NQU6,ENTRY_ON_FIRST_CLOSE_OUTSIDE,CLOSE_BACK_OUTSIDE,1,A,ASIA,1,1,False,True,2026-07-14 01:29:00-04:00,2026-07-14 01:31:00-04:00,2026-07-14 01:31:00-04:00,29626.5,12.0479,33.5078,29590.0,36.5,29590.0,36.5,False,29718.0,rb,RB2-030421,60,91.5,2.7307,2.5068,
EP-44394-ENTRY_ON_IMMEDIATE_DISPLACEMENT,EP-44394,NQU6,ENTRY_ON_IMMEDIATE_DISPLACEMENT,IMMEDIATE_DISPLACEMENT,1,A,ASIA,1,1,False,True,2026-07-14 01:29:00-04:00,2026-07-14 01:31:00-04:00,2026-07-14 01:31:00-04:00,29626.5,12.0479,33.5078,29590.0,36.5,29590.0,36.5,False,29718.0,rb,RB2-030421,60,91.5,2.7307,2.5068,
EP-44441-ENTRY_ON_DELAYED_DISPLACEMENT,EP-44441,NQU6,ENTRY_ON_DELAYED_DISPLACEMENT,DELAYED_DISPLACEMENT,1,B,ASIA,1,1,False,True,2026-07-14 02:07:00-04:00,2026-07-14 02:11:00-04:00,2026-07-14 02:11:00-04:00,29626.75,10.7814,30.0936,29607.25,19.5,29607.25,19.5,False,29718.0,rb,RB2-030421,60,91.25,3.0322,4.6795,
EP-44444-ENTRY_ON_IMMEDIATE_DISPLACEMENT,EP-44444,NQU6,ENTRY_ON_IMMEDIATE_DISPLACEMENT,IMMEDIATE_DISPLACEMENT,1,A,ASIA,1,1,False,True,2026-07-14 02:09:00-04:00,2026-07-14 02:11:00-04:00,2026-07-14 02:11:00-04:00,29626.75,10.7814,30.0936,29609.25,17.5,29609.25,17.5,False,29718.0,rb,RB2-030421,60,91.25,3.0322,5.2143,
EP-44444-ENTRY_ON_DELAYED_DISPLACEMENT,EP-44444,NQU6,ENTRY_ON_DELAYED_DISPLACEMENT,DELAYED_DISPLACEMENT,1,A,ASIA,1,1,False,True,2026-07-14 02:09:00-04:00,2026-07-14 02:14:00-04:00,2026-07-14 02:14:00-04:00,29629.0,11.1697,30.0936,29609.25,19.75,29609.25,19.75,False,29718.0,rb,RB2-030421,60,89.0,2.9574,4.5063,
EP-44446-ENTRY_ON_FIRST_CLOSE_OUTSIDE,EP-44446,NQU6,ENTRY_ON_FIRST_CLOSE_OUTSIDE,CLOSE_BACK_OUTSIDE,1,A,ASIA,1,1,False,True,2026-07-14 02:12:00-04:00,2026-07-14 02:14:00-04:00,2026-07-14 02:14:00-04:00,29629.0,11.1697,30.0936,29620.5,8.5,29617.8303,11.1697,True,29718.0,rb,RB2-030421,60,89.0,2.9574,7.968,
EP-44446-ENTRY_ON_MINIMAL_WICK_REJECTION,EP-44446,NQU6,ENTRY_ON_MINIMAL_WICK_REJECTION,MINIMAL_WICK_REJECTION,1,A,ASIA,1,1,False,True,2026-07-14 02:12:00-04:00,2026-07-14 02:14:00-04:00,2026-07-14 02:14:00-04:00,29629.0,11.1697,30.0936,29620.5,8.5,29617.8303,11.1697,True,29718.0,rb,RB2-030421,60,89.0,2.9574,7.968,
EP-44446-ENTRY_ON_IMMEDIATE_DISPLACEMENT,EP-44446,NQU6,ENTRY_ON_IMMEDIATE_DISPLACEMENT,IMMEDIATE_DISPLACEMENT,1,A,ASIA,1,1,False,True,2026-07-14 02:12:00-04:00,2026-07-14 02:14:00-04:00,2026-07-14 02:14:00-04:00,29629.0,11.1697,30.0936,29620.5,8.5,29617.8303,11.1697,True,29718.0,rb,RB2-030421,60,89.0,2.9574,7.968,
EP-44426-ENTRY_ON_STRONG_REJECTION,EP-44426,NQU6,ENTRY_ON_STRONG_REJECTION,STRONG_REJECTION_DEPARTURE,1,A,ASIA,3,3,False,True,,2026-07-14 02:15:00-04:00,2026-07-14 02:15:00-04:00,29629.0,10.996,29.8813,29587.25,41.75,29587.25,41.75,False,29718.0,rb,RB2-030421,60,89.0,2.9784,2.1317,
EP-44431-ENTRY_ON_TAP,EP-44431,NQU6,ENTRY_ON_TAP,TAP_ONLY,1,A,ASIA,15,15,False,True,,2026-07-14 02:15:00-04:00,2026-07-14 02:15:00-04:00,29629.0,10.996,29.8813,29582.75,46.25,29582.75,46.25,False,29718.0,rb,RB2-030421,60,89.0,2.9784,1.9243,
EP-44444-ENTRY_ON_STRONG_REJECTION,EP-44444,NQU6,ENTRY_ON_STRONG_REJECTION,STRONG_REJECTION_DEPARTURE,1,A,ASIA,1,1,False,True,2026-07-14 02:09:00-04:00,2026-07-14 02:18:00-04:00,2026-07-14 02:18:00-04:00,29633.75,10.9763,29.8813,29609.25,24.5,29609.25,24.5,False,29718.0,rb,RB2-030421,60,84.25,2.8195,3.4388,
EP-44446-ENTRY_ON_STRONG_REJECTION,EP-44446,NQU6,ENTRY_ON_STRONG_REJECTION,STRONG_REJECTION_DEPARTURE,1,A,ASIA,1,1,False,True,2026-07-14 02:12:00-04:00,2026-07-14 02:18:00-04:00,2026-07-14 02:18:00-04:00,29633.75,10.9763,29.8813,29620.5,13.25,29620.5,13.25,False,29718.0,rb,RB2-030421,60,84.25,2.8195,6.3585,
EP-44448-ENTRY_ON_TAP,EP-44448,NQU6,ENTRY_ON_TAP,TAP_ONLY,1,A,ASIA,3,3,False,True,,2026-07-14 02:18:00-04:00,2026-07-14 02:18:00-04:00,29633.75,10.9763,29.8813,29609.75,24.0,29609.75,24.0,False,29718.0,rb,RB2-030421,60,84.25,2.8195,3.5104,
EP-44450-ENTRY_ON_TAP,EP-44450,NQU6,ENTRY_ON_TAP,TAP_ONLY,1,A,ASIA,3,1,True,True,2026-07-14 02:17:00-04:00,2026-07-14 02:18:00-04:00,2026-07-14 02:18:00-04:00,29633.75,10.9763,29.8813,29609.75,24.0,29609.75,24.0,False,29718.0,rb,RB2-030421,60,84.25,2.8195,3.5104,
EP-44451-ENTRY_ON_TAP,EP-44451,NQU6,ENTRY_ON_TAP,TAP_ONLY,1,A,ASIA,1,1,False,True,2026-07-14 02:17:00-04:00,2026-07-14 02:18:00-04:00,2026-07-14 02:18:00-04:00,29633.75,10.9763,29.8813,29625.0,8.75,29622.7737,10.9763,True,29718.0,rb,RB2-030421,60,84.25,2.8195,7.6756,
EP-44450-ENTRY_ON_FIRST_CLOSE_OUTSIDE,EP-44450,NQU6,ENTRY_ON_FIRST_CLOSE_OUTSIDE,CLOSE_BACK_OUTSIDE,1,A,ASIA,3,1,True,True,2026-07-14 02:17:00-04:00,2026-07-14 02:19:00-04:00,2026-07-14 02:19:00-04:00,29637.25,10.7585,29.8813,29609.75,27.5,29609.75,27.5,False,29718.0,rb,RB2-030421,60,80.75,2.7024,2.9364,
EP-44451-ENTRY_ON_FIRST_CLOSE_OUTSIDE,EP-44451,NQU6,ENTRY_ON_FIRST_CLOSE_OUTSIDE,CLOSE_BACK_OUTSIDE,1,A,ASIA,1,1,False,True,2026-07-14 02:17:00-04:00,2026-07-14 02:19:00-04:00,2026-07-14 02:19:00-04:00,29637.25,10.7585,29.8813,29625.0,12.25,29625.0,12.25,False,29718.0,rb,RB2-030421,60,80.75,2.7024,6.5918,
EP-44611-ENTRY_ON_TAP,EP-44611,NQU6,ENTRY_ON_TAP,TAP_ONLY,-1,A,LONDON,1,1,False,True,2026-07-14 04:16:00-04:00,2026-07-14 04:17:00-04:00,2026-07-14 04:17:00-04:00,29610.0,15.3304,29.1577,29616.0,6.0,29625.3304,15.3304,True,29576.0,rb,RB2-015100,1,34.0,1.1661,2.2178,
EP-44611-ENTRY_ON_FIRST_CLOSE_OUTSIDE,EP-44611,NQU6,ENTRY_ON_FIRST_CLOSE_OUTSIDE,CLOSE_BACK_OUTSIDE,-1,A,LONDON,1,1,False,True,2026-07-14 04:16:00-04:00,2026-07-14 04:18:00-04:00,2026-07-14 04:18:00-04:00,29607.25,15.0458,29.1577,29616.0,8.75,29622.2958,15.0458,True,29576.0,rb,RB2-015100,1,31.25,1.0718,2.077,
EP-44611-ENTRY_ON_MINIMAL_WICK_REJECTION,EP-44611,NQU6,ENTRY_ON_MINIMAL_WICK_REJECTION,MINIMAL_WICK_REJECTION,-1,A,LONDON,1,1,False,True,2026-07-14 04:16:00-04:00,2026-07-14 04:18:00-04:00,2026-07-14 04:18:00-04:00,29607.25,15.0458,29.1577,29616.0,8.75,29622.2958,15.0458,True,29576.0,rb,RB2-015100,1,31.25,1.0718,2.077,
EP-44692-ENTRY_ON_DELAYED_DISPLACEMENT,EP-44692,NQU6,ENTRY_ON_DELAYED_DISPLACEMENT,DELAYED_DISPLACEMENT,1,A,LONDON,3,3,False,True,,2026-07-14 05:48:00-04:00,2026-07-14 05:48:00-04:00,29612.75,9.721,26.8001,29578.75,34.0,29578.75,34.0,False,29641.5,rb,RB2-015049,1,28.75,1.0728,0.8456,
EP-44702-ENTRY_ON_TAP,EP-44702,NQU6,ENTRY_ON_TAP,TAP_ONLY,1,A,LONDON,1,1,False,True,2026-07-14 05:47:00-04:00,2026-07-14 05:48:00-04:00,2026-07-14 05:48:00-04:00,29612.75,9.721,26.8001,29600.0,12.75,29600.0,12.75,False,29641.5,rb,RB2-015049,1,28.75,1.0728,2.2549,
EP-44815-ENTRY_ON_NEW_FVG,EP-44815,NQU6,ENTRY_ON_NEW_FVG,NEW_FVG,1,F,LONDON,1,1,False,True,2026-07-14 07:17:00-04:00,2026-07-14 07:26:00-04:00,2026-07-14 07:26:00-04:00,29664.75,15.6828,27.469,29608.5,56.25,29608.5,56.25,False,29718.0,rb,RB2-030421,60,53.25,1.9385,0.9467,
EP-44818-ENTRY_ON_NEW_FVG,EP-44818,NQU6,ENTRY_ON_NEW_FVG,NEW_FVG,1,A,LONDON,1,1,False,True,2026-07-14 07:22:00-04:00,2026-07-14 07:26:00-04:00,2026-07-14 07:26:00-04:00,29664.75,15.6828,27.469,29627.0,37.75,29627.0,37.75,False,29718.0,rb,RB2-030421,60,53.25,1.9385,1.4106,
EP-44831-ENTRY_ON_FIRST_CLOSE_OUTSIDE,EP-44831,NQU6,ENTRY_ON_FIRST_CLOSE_OUTSIDE,CLOSE_BACK_OUTSIDE,1,B,LONDON,1,1,False,True,2026-07-14 07:29:00-04:00,2026-07-14 07:33:00-04:00,2026-07-14 07:33:00-04:00,29665.5,15.3235,27.5745,29640.5,25.0,29640.5,25.0,False,29718.0,rb,RB2-030421,60,52.5,1.9039,2.1,
EP-44831-ENTRY_ON_MINIMAL_WICK_REJECTION,EP-44831,NQU6,ENTRY_ON_MINIMAL_WICK_REJECTION,MINIMAL_WICK_REJECTION,1,B,LONDON,1,1,False,True,2026-07-14 07:29:00-04:00,2026-07-14 07:33:00-04:00,2026-07-14 07:33:00-04:00,29665.5,15.3235,27.5745,29640.5,25.0,29640.5,25.0,False,29718.0,rb,RB2-030421,60,52.5,1.9039,2.1,
EP-44904-ENTRY_ON_FIRST_CLOSE_OUTSIDE,EP-44904,NQU6,ENTRY_ON_FIRST_CLOSE_OUTSIDE,CLOSE_BACK_OUTSIDE,1,F,NY_PREMARKET,3,1,True,True,2026-07-14 08:24:00-04:00,2026-07-14 08:26:00-04:00,2026-07-14 08:26:00-04:00,29662.5,13.3712,29.2766,29637.75,24.75,29637.75,24.75,False,29718.0,rb,RB2-030421,60,55.5,1.8957,2.2424,
EP-44904-ENTRY_ON_IMMEDIATE_DISPLACEMENT,EP-44904,NQU6,ENTRY_ON_IMMEDIATE_DISPLACEMENT,IMMEDIATE_DISPLACEMENT,1,F,NY_PREMARKET,3,1,True,True,2026-07-14 08:24:00-04:00,2026-07-14 08:26:00-04:00,2026-07-14 08:26:00-04:00,29662.5,13.3712,29.2766,29637.75,24.75,29637.75,24.75,False,29718.0,rb,RB2-030421,60,55.5,1.8957,2.2424,
EP-44904-ENTRY_ON_NEW_FVG,EP-44904,NQU6,ENTRY_ON_NEW_FVG,NEW_FVG,1,F,NY_PREMARKET,3,1,True,True,2026-07-14 08:24:00-04:00,2026-07-14 08:26:00-04:00,2026-07-14 08:26:00-04:00,29662.5,13.3712,29.2766,29637.75,24.75,29637.75,24.75,False,29718.0,rb,RB2-030421,60,55.5,1.8957,2.2424,
EP-44881-ENTRY_ON_NEW_FVG,EP-44881,NQU6,ENTRY_ON_NEW_FVG,NEW_FVG,1,A,NY_PREMARKET,3,3,False,True,,2026-07-14 08:27:00-04:00,2026-07-14 08:27:00-04:00,29665.0,13.2099,29.2766,29582.5,82.5,29582.5,82.5,False,29718.0,rb,RB2-030421,60,53.0,1.8103,0.6424,
EP-44905-ENTRY_ON_IFVG_RETEST,EP-44905,NQU6,ENTRY_ON_IFVG_RETEST,IFVG_RETEST,1,C,NY_PREMARKET,3,3,False,True,,2026-07-14 08:27:00-04:00,2026-07-14 08:27:00-04:00,29665.0,13.2099,29.2766,29637.75,27.25,29637.75,27.25,False,29718.0,rb,RB2-030421,60,53.0,1.8103,1.945,
EP-44908-ENTRY_ON_DELAYED_DISPLACEMENT,EP-44908,NQU6,ENTRY_ON_DELAYED_DISPLACEMENT,DELAYED_DISPLACEMENT,1,B,NY_PREMARKET,1,1,False,True,2026-07-14 08:28:00-04:00,2026-07-14 08:31:00-04:00,2026-07-14 08:31:00-04:00,29903.5,23.5129,29.89,29652.75,250.75,29652.75,250.75,False,30074.0,rb,RB2-030371,60,170.5,5.7042,0.68,
EP-44909-ENTRY_ON_DELAYED_DISPLACEMENT,EP-44909,NQU6,ENTRY_ON_DELAYED_DISPLACEMENT,DELAYED_DISPLACEMENT,1,A,NY_PREMARKET,1,1,False,True,2026-07-14 08:28:00-04:00,2026-07-14 08:31:00-04:00,2026-07-14 08:31:00-04:00,29903.5,23.5129,29.89,29661.75,241.75,29661.75,241.75,False,30074.0,rb,RB2-030371,60,170.5,5.7042,0.7053,
EP-44912-ENTRY_ON_TAP,EP-44912,NQU6,ENTRY_ON_TAP,TAP_ONLY,-1,F,NY_PREMARKET,60,1,True,True,2026-07-14 08:30:00-04:00,2026-07-14 08:31:00-04:00,2026-07-14 08:31:00-04:00,29903.5,23.5129,29.89,30041.0,137.5,30041.0,137.5,False,29665.0,rb,RB2-023056,3,238.5,7.9792,1.7345,
EP-44908-ENTRY_ON_NEW_FVG,EP-44908,NQU6,ENTRY_ON_NEW_FVG,NEW_FVG,1,B,NY_PREMARKET,1,1,False,True,2026-07-14 08:28:00-04:00,2026-07-14 08:32:00-04:00,2026-07-14 08:32:00-04:00,29902.25,25.1581,29.89,29652.75,249.5,29652.75,249.5,False,30074.0,rb,RB2-030371,60,171.75,5.7461,0.6884,
EP-44909-ENTRY_ON_NEW_FVG,EP-44909,NQU6,ENTRY_ON_NEW_FVG,NEW_FVG,1,A,NY_PREMARKET,1,1,False,True,2026-07-14 08:28:00-04:00,2026-07-14 08:32:00-04:00,2026-07-14 08:32:00-04:00,29902.25,25.1581,29.89,29661.75,240.5,29661.75,240.5,False,30074.0,rb,RB2-030371,60,171.75,5.7461,0.7141,
EP-44929-ENTRY_ON_TAP,EP-44929,NQU6,ENTRY_ON_TAP,TAP_ONLY,-1,A,NY_PREMARKET,5,1,True,True,2026-07-14 08:31:00-04:00,2026-07-14 08:32:00-04:00,2026-07-14 08:32:00-04:00,29902.25,25.1581,29.89,29928.5,26.25,29928.5,26.25,False,29858.75,fvg,FVG2-003897,1,43.5,1.4553,1.6571,
EP-44931-ENTRY_ON_TAP,EP-44931,NQU6,ENTRY_ON_TAP,TAP_ONLY,-1,A,NY_PREMARKET,1,1,False,True,2026-07-14 08:33:00-04:00,2026-07-14 08:34:00-04:00,2026-07-14 08:34:00-04:00,29891.5,26.0294,29.89,29917.75,26.25,29917.75,26.25,False,29858.75,fvg,FVG2-003897,1,32.75,1.0957,1.2476,
EP-44920-ENTRY_ON_DELAYED_DISPLACEMENT,EP-44920,NQU6,ENTRY_ON_DELAYED_DISPLACEMENT,DELAYED_DISPLACEMENT,-1,A,NY_PREMARKET,3,3,False,True,,2026-07-14 08:39:00-04:00,2026-07-14 08:39:00-04:00,29836.0,27.8262,38.8425,29905.0,69.0,29905.0,69.0,False,29677.0,fvg,FVG2-005945,3,159.0,4.0934,2.3043,
EP-44924-ENTRY_ON_FIRST_CLOSE_OUTSIDE,EP-44924,NQU6,ENTRY_ON_FIRST_CLOSE_OUTSIDE,CLOSE_BACK_OUTSIDE,-1,A,NY_PREMARKET,5,5,False,True,,2026-07-14 08:40:00-04:00,2026-07-14 08:40:00-04:00,29830.0,28.146,41.0679,29928.5,98.5,29928.5,98.5,False,29677.0,fvg,FVG2-005945,3,153.0,3.7255,1.5533,
EP-44924-ENTRY_ON_IMMEDIATE_DISPLACEMENT,EP-44924,NQU6,ENTRY_ON_IMMEDIATE_DISPLACEMENT,IMMEDIATE_DISPLACEMENT,-1,A,NY_PREMARKET,5,5,False,True,,2026-07-14 08:40:00-04:00,2026-07-14 08:40:00-04:00,29830.0,28.146,41.0679,29928.5,98.5,29928.5,98.5,False,29677.0,fvg,FVG2-005945,3,153.0,3.7255,1.5533,
EP-44925-ENTRY_ON_FIRST_CLOSE_OUTSIDE,EP-44925,NQU6,ENTRY_ON_FIRST_CLOSE_OUTSIDE,CLOSE_BACK_OUTSIDE,-1,A,NY_PREMARKET,5,5,False,True,,2026-07-14 08:40:00-04:00,2026-07-14 08:40:00-04:00,29830.0,28.146,41.0679,29905.25,75.25,29905.25,75.25,False,29677.0,fvg,FVG2-005945,3,153.0,3.7255,2.0332,
EP-44925-ENTRY_ON_IMMEDIATE_DISPLACEMENT,EP-44925,NQU6,ENTRY_ON_IMMEDIATE_DISPLACEMENT,IMMEDIATE_DISPLACEMENT,-1,A,NY_PREMARKET,5,5,False,True,,2026-07-14 08:40:00-04:00,2026-07-14 08:40:00-04:00,29830.0,28.146,41.0679,29905.25,75.25,29905.25,75.25,False,29677.0,fvg,FVG2-005945,3,153.0,3.7255,2.0332,
EP-44934-ENTRY_ON_TAP,EP-44934,NQU6,ENTRY_ON_TAP,TAP_ONLY,-1,A,NY_PREMARKET,1,1,False,True,2026-07-14 08:39:00-04:00,2026-07-14 08:40:00-04:00,2026-07-14 08:40:00-04:00,29830.0,28.146,41.0679,29848.5,18.5,29858.146,28.146,True,29677.0,fvg,FVG2-005945,3,153.0,3.7255,5.4359,
EP-44934-ENTRY_ON_FIRST_CLOSE_OUTSIDE,EP-44934,NQU6,ENTRY_ON_FIRST_CLOSE_OUTSIDE,CLOSE_BACK_OUTSIDE,-1,A,NY_PREMARKET,1,1,False,True,2026-07-14 08:39:00-04:00,2026-07-14 08:41:00-04:00,2026-07-14 08:41:00-04:00,29824.5,27.7128,41.0679,29848.5,24.0,29852.2128,27.7128,True,29677.0,fvg,FVG2-005945,3,147.5,3.5916,5.3225,
EP-44920-ENTRY_ON_NEW_FVG,EP-44920,NQU6,ENTRY_ON_NEW_FVG,NEW_FVG,-1,A,NY_PREMARKET,3,3,False,True,,2026-07-14 08:42:00-04:00,2026-07-14 08:42:00-04:00,29824.0,27.5685,41.0679,29905.0,81.0,29905.0,81.0,False,29677.0,fvg,FVG2-005945,3,147.0,3.5794,1.8148,
EP-44927-ENTRY_ON_TAP,EP-44927,NQU6,ENTRY_ON_TAP,TAP_ONLY,-1,B,NY_PREMARKET,15,15,False,True,,2026-07-14 08:45:00-04:00,2026-07-14 08:45:00-04:00,29822.75,27.3223,41.2109,29958.0,135.25,29958.0,135.25,False,29677.0,fvg,FVG2-005945,3,145.75,3.5367,1.0776,
EP-44940-ENTRY_ON_TAP,EP-44940,NQU6,ENTRY_ON_TAP,TAP_ONLY,-1,B,NY_PREMARKET,3,3,False,True,,2026-07-14 08:45:00-04:00,2026-07-14 08:45:00-04:00,29822.75,27.3223,41.2109,29850.25,27.5,29850.25,27.5,False,29677.0,fvg,FVG2-005945,3,145.75,3.5367,5.3,
EP-44941-ENTRY_ON_FIRST_CLOSE_OUTSIDE,EP-44941,NQU6,ENTRY_ON_FIRST_CLOSE_OUTSIDE,CLOSE_BACK_OUTSIDE,-1,A,NY_PREMARKET,1,1,False,True,2026-07-14 08:43:00-04:00,2026-07-14 08:45:00-04:00,2026-07-14 08:45:00-04:00,29822.75,27.3223,41.2109,29857.75,35.0,29857.75,35.0,False,29677.0,fvg,FVG2-005945,3,145.75,3.5367,4.1643,
EP-44942-ENTRY_ON_TAP,EP-44942,NQU6,ENTRY_ON_TAP,TAP_ONLY,-1,F,NY_PREMARKET,15,1,True,True,2026-07-14 08:45:00-04:00,2026-07-14 08:46:00-04:00,2026-07-14 08:46:00-04:00,29829.5,27.1943,41.2109,29921.75,92.25,29921.75,92.25,False,29677.0,fvg,FVG2-005945,3,152.5,3.7005,1.6531,
EP-44939-ENTRY_ON_DELAYED_DISPLACEMENT,EP-44939,NQU6,ENTRY_ON_DELAYED_DISPLACEMENT,DELAYED_DISPLACEMENT,-1,B,NY_PREMARKET,3,1,True,True,2026-07-14 08:42:00-04:00,2026-07-14 08:48:00-04:00,2026-07-14 08:48:00-04:00,29791.0,27.3221,41.2109,29850.25,59.25,29850.25,59.25,False,29677.0,fvg,FVG2-005945,3,114.0,2.7663,1.9241,
EP-44940-ENTRY_ON_FIRST_CLOSE_OUTSIDE,EP-44940,NQU6,ENTRY_ON_FIRST_CLOSE_OUTSIDE,CLOSE_BACK_OUTSIDE,-1,B,NY_PREMARKET,3,3,False,True,,2026-07-14 08:48:00-04:00,2026-07-14 08:48:00-04:00,29791.0,27.3221,41.2109,29850.25,59.25,29850.25,59.25,False,29677.0,fvg,FVG2-005945,3,114.0,2.7663,1.9241,
EP-44940-ENTRY_ON_IMMEDIATE_DISPLACEMENT,EP-44940,NQU6,ENTRY_ON_IMMEDIATE_DISPLACEMENT,IMMEDIATE_DISPLACEMENT,-1,B,NY_PREMARKET,3,3,False,True,,2026-07-14 08:48:00-04:00,2026-07-14 08:48:00-04:00,29791.0,27.3221,41.2109,29850.25,59.25,29850.25,59.25,False,29677.0,fvg,FVG2-005945,3,114.0,2.7663,1.9241,
EP-44941-ENTRY_ON_DELAYED_DISPLACEMENT,EP-44941,NQU6,ENTRY_ON_DELAYED_DISPLACEMENT,DELAYED_DISPLACEMENT,-1,A,NY_PREMARKET,1,1,False,True,2026-07-14 08:43:00-04:00,2026-07-14 08:48:00-04:00,2026-07-14 08:48:00-04:00,29791.0,27.3221,41.2109,29857.75,66.75,29857.75,66.75,False,29677.0,fvg,FVG2-005945,3,114.0,2.7663,1.7079,
EP-44942-ENTRY_ON_FIRST_CLOSE_OUTSIDE,EP-44942,NQU6,ENTRY_ON_FIRST_CLOSE_OUTSIDE,CLOSE_BACK_OUTSIDE,-1,F,NY_PREMARKET,15,1,True,True,2026-07-14 08:45:00-04:00,2026-07-14 08:48:00-04:00,2026-07-14 08:48:00-04:00,29791.0,27.3221,41.2109,29921.75,130.75,29921.75,130.75,False,29677.0,fvg,FVG2-005945,3,114.0,2.7663,0.8719,
EP-44942-ENTRY_ON_MINIMAL_WICK_REJECTION,EP-44942,NQU6,ENTRY_ON_MINIMAL_WICK_REJECTION,MINIMAL_WICK_REJECTION,-1,F,NY_PREMARKET,15,1,True,True,2026-07-14 08:45:00-04:00,2026-07-14 08:48:00-04:00,2026-07-14 08:48:00-04:00,29791.0,27.3221,41.2109,29921.75,130.75,29921.75,130.75,False,29677.0,fvg,FVG2-005945,3,114.0,2.7663,0.8719,
EP-44942-ENTRY_ON_DELAYED_DISPLACEMENT,EP-44942,NQU6,ENTRY_ON_DELAYED_DISPLACEMENT,DELAYED_DISPLACEMENT,-1,F,NY_PREMARKET,15,1,True,True,2026-07-14 08:45:00-04:00,2026-07-14 08:48:00-04:00,2026-07-14 08:48:00-04:00,29791.0,27.3221,41.2109,29921.75,130.75,29921.75,130.75,False,29677.0,fvg,FVG2-005945,3,114.0,2.7663,0.8719,
EP-44943-ENTRY_ON_TAP,EP-44943,NQU6,ENTRY_ON_TAP,TAP_ONLY,-1,A,NY_PREMARKET,3,3,False,True,,2026-07-14 08:48:00-04:00,2026-07-14 08:48:00-04:00,29791.0,27.3221,41.2109,29849.5,58.5,29849.5,58.5,False,29677.0,fvg,FVG2-005945,3,114.0,2.7663,1.9487,
EP-44944-ENTRY_ON_TAP,EP-44944,NQU6,ENTRY_ON_TAP,TAP_ONLY,-1,A,NY_PREMARKET,5,5,False,True,,2026-07-14 08:50:00-04:00,2026-07-14 08:50:00-04:00,29803.75,26.6739,41.6812,29849.5,45.75,29849.5,45.75,False,29677.0,fvg,FVG2-005945,3,126.75,3.0409,2.7705,
EP-44946-ENTRY_ON_TAP,EP-44946,NQU6,ENTRY_ON_TAP,TAP_ONLY,-1,A,NY_PREMARKET,1,1,False,True,2026-07-14 08:49:00-04:00,2026-07-14 08:50:00-04:00,2026-07-14 08:50:00-04:00,29803.75,26.6739,41.6812,29808.25,4.5,29830.4239,26.6739,True,29677.0,fvg,FVG2-005945,3,126.75,3.0409,4.7518,
EP-44946-ENTRY_ON_FIRST_CLOSE_OUTSIDE,EP-44946,NQU6,ENTRY_ON_FIRST_CLOSE_OUTSIDE,CLOSE_BACK_OUTSIDE,-1,A,NY_PREMARKET,1,1,False,True,2026-07-14 08:49:00-04:00,2026-07-14 08:52:00-04:00,2026-07-14 08:52:00-04:00,29786.25,25.914,41.6812,29808.25,22.0,29812.164,25.914,True,29677.0,fvg,FVG2-005945,3,109.25,2.6211,4.2159,
EP-44949-ENTRY_ON_TAP,EP-44949,NQU6,ENTRY_ON_TAP,TAP_ONLY,-1,A,NY_PREMARKET,3,1,True,True,2026-07-14 08:51:00-04:00,2026-07-14 08:52:00-04:00,2026-07-14 08:52:00-04:00,29786.25,25.914,41.6812,29810.75,24.5,29812.164,25.914,True,29677.0,fvg,FVG2-005945,3,109.25,2.6211,4.2159,
EP-44946-ENTRY_ON_MINIMAL_WICK_REJECTION,EP-44946,NQU6,ENTRY_ON_MINIMAL_WICK_REJECTION,MINIMAL_WICK_REJECTION,-1,A,NY_PREMARKET,1,1,False,True,2026-07-14 08:49:00-04:00,2026-07-14 08:53:00-04:00,2026-07-14 08:53:00-04:00,29777.75,25.7614,41.6812,29808.25,30.5,29808.25,30.5,False,29677.0,fvg,FVG2-005945,3,100.75,2.4172,3.3033,
EP-44949-ENTRY_ON_FIRST_CLOSE_OUTSIDE,EP-44949,NQU6,ENTRY_ON_FIRST_CLOSE_OUTSIDE,CLOSE_BACK_OUTSIDE,-1,A,NY_PREMARKET,3,1,True,True,2026-07-14 08:51:00-04:00,2026-07-14 08:53:00-04:00,2026-07-14 08:53:00-04:00,29777.75,25.7614,41.6812,29810.75,33.0,29810.75,33.0,False,29677.0,fvg,FVG2-005945,3,100.75,2.4172,3.053,
EP-44946-ENTRY_ON_STRONG_REJECTION,EP-44946,NQU6,ENTRY_ON_STRONG_REJECTION,STRONG_REJECTION_DEPARTURE,-1,A,NY_PREMARKET,1,1,False,True,2026-07-14 08:49:00-04:00,2026-07-14 08:56:00-04:00,2026-07-14 08:56:00-04:00,29765.0,25.1722,41.7154,29808.25,43.25,29808.25,43.25,False,29677.0,fvg,FVG2-005945,3,88.0,2.1095,2.0347,
EP-44949-ENTRY_ON_STRONG_REJECTION,EP-44949,NQU6,ENTRY_ON_STRONG_REJECTION,STRONG_REJECTION_DEPARTURE,-1,A,NY_PREMARKET,3,1,True,True,2026-07-14 08:51:00-04:00,2026-07-14 08:56:00-04:00,2026-07-14 08:56:00-04:00,29765.0,25.1722,41.7154,29810.75,45.75,29810.75,45.75,False,29677.0,fvg,FVG2-005945,3,88.0,2.1095,1.9235,
EP-44955-ENTRY_ON_TAP,EP-44955,NQU6,ENTRY_ON_TAP,TAP_ONLY,-1,A,NY_PREMARKET,1,1,False,True,2026-07-14 08:55:00-04:00,2026-07-14 08:56:00-04:00,2026-07-14 08:56:00-04:00,29765.0,25.1722,41.7154,29782.5,17.5,29790.1722,25.1722,True,29677.0,fvg,FVG2-005945,3,88.0,2.1095,3.4959,
EP-44946-ENTRY_ON_NEW_FVG,EP-44946,NQU6,ENTRY_ON_NEW_FVG,NEW_FVG,-1,A,NY_PREMARKET,1,1,False,True,2026-07-14 08:49:00-04:00,2026-07-14 08:57:00-04:00,2026-07-14 08:57:00-04:00,29764.0,24.6755,41.7154,29808.25,44.25,29808.25,44.25,False,29677.0,fvg,FVG2-005945,3,87.0,2.0856,1.9661,
EP-44949-ENTRY_ON_NEW_FVG,EP-44949,NQU6,ENTRY_ON_NEW_FVG,NEW_FVG,-1,A,NY_PREMARKET,3,1,True,True,2026-07-14 08:51:00-04:00,2026-07-14 08:57:00-04:00,2026-07-14 08:57:00-04:00,29764.0,24.6755,41.7154,29810.75,46.75,29810.75,46.75,False,29677.0,fvg,FVG2-005945,3,87.0,2.0856,1.861,
EP-44951-ENTRY_ON_FIRST_CLOSE_OUTSIDE,EP-44951,NQU6,ENTRY_ON_FIRST_CLOSE_OUTSIDE,CLOSE_BACK_OUTSIDE,-1,A,NY_PREMARKET,3,3,False,True,,2026-07-14 08:57:00-04:00,2026-07-14 08:57:00-04:00,29764.0,24.6755,41.7154,29810.75,46.75,29810.75,46.75,False,29677.0,fvg,FVG2-005945,3,87.0,2.0856,1.861,
EP-44955-ENTRY_ON_FIRST_CLOSE_OUTSIDE,EP-44955,NQU6,ENTRY_ON_FIRST_CLOSE_OUTSIDE,CLOSE_BACK_OUTSIDE,-1,A,NY_PREMARKET,1,1,False,True,2026-07-14 08:55:00-04:00,2026-07-14 08:57:00-04:00,2026-07-14 08:57:00-04:00,29764.0,24.6755,41.7154,29782.5,18.5,29788.6755,24.6755,True,29677.0,fvg,FVG2-005945,3,87.0,2.0856,3.5258,
EP-44955-ENTRY_ON_NEW_FVG,EP-44955,NQU6,ENTRY_ON_NEW_FVG,NEW_FVG,-1,A,NY_PREMARKET,1,1,False,True,2026-07-14 08:55:00-04:00,2026-07-14 08:57:00-04:00,2026-07-14 08:57:00-04:00,29764.0,24.6755,41.7154,29782.5,18.5,29788.6755,24.6755,True,29677.0,fvg,FVG2-005945,3,87.0,2.0856,3.5258,
EP-44982-ENTRY_ON_FIRST_CLOSE_OUTSIDE,EP-44982,NQU6,ENTRY_ON_FIRST_CLOSE_OUTSIDE,CLOSE_BACK_OUTSIDE,-1,A,NY_PREMARKET,1,1,False,True,2026-07-14 09:17:00-04:00,2026-07-14 09:19:00-04:00,2026-07-14 09:19:00-04:00,29766.75,18.5608,40.343,29785.75,19.0,29785.75,19.0,False,29677.0,fvg,FVG2-005945,3,89.75,2.2247,4.7237,
EP-44971-ENTRY_ON_DELAYED_DISPLACEMENT,EP-44971,NQU6,ENTRY_ON_DELAYED_DISPLACEMENT,DELAYED_DISPLACEMENT,-1,B,NY_PREMARKET,5,5,False,True,,2026-07-14 09:20:00-04:00,2026-07-14 09:20:00-04:00,29756.5,18.5166,39.9433,29805.0,48.5,29805.0,48.5,False,29677.0,fvg,FVG2-005945,3,79.5,1.9903,1.6392,
EP-44972-ENTRY_ON_FIRST_CLOSE_OUTSIDE,EP-44972,NQU6,ENTRY_ON_FIRST_CLOSE_OUTSIDE,CLOSE_BACK_OUTSIDE,-1,A,NY_PREMARKET,5,5,False,True,,2026-07-14 09:20:00-04:00,2026-07-14 09:20:00-04:00,29756.5,18.5166,39.9433,29795.75,39.25,29795.75,39.25,False,29677.0,fvg,FVG2-005945,3,79.5,1.9903,2.0255,
EP-44972-ENTRY_ON_MINIMAL_WICK_REJECTION,EP-44972,NQU6,ENTRY_ON_MINIMAL_WICK_REJECTION,MINIMAL_WICK_REJECTION,-1,A,NY_PREMARKET,5,5,False,True,,2026-07-14 09:20:00-04:00,2026-07-14 09:20:00-04:00,29756.5,18.5166,39.9433,29795.75,39.25,29795.75,39.25,False,29677.0,fvg,FVG2-005945,3,79.5,1.9903,2.0255,
EP-44972-ENTRY_ON_DELAYED_DISPLACEMENT,EP-44972,NQU6,ENTRY_ON_DELAYED_DISPLACEMENT,DELAYED_DISPLACEMENT,-1,A,NY_PREMARKET,5,5,False,True,,2026-07-14 09:20:00-04:00,2026-07-14 09:20:00-04:00,29756.5,18.5166,39.9433,29795.75,39.25,29795.75,39.25,False,29677.0,fvg,FVG2-005945,3,79.5,1.9903,2.0255,
EP-44980-ENTRY_ON_DELAYED_DISPLACEMENT,EP-44980,NQU6,ENTRY_ON_DELAYED_DISPLACEMENT,DELAYED_DISPLACEMENT,-1,A,NY_PREMARKET,15,1,True,True,2026-07-14 09:15:00-04:00,2026-07-14 09:20:00-04:00,2026-07-14 09:20:00-04:00,29756.5,18.5166,39.9433,29809.0,52.5,29809.0,52.5,False,29677.0,fvg,FVG2-005945,3,79.5,1.9903,1.5143,
EP-44982-ENTRY_ON_DELAYED_DISPLACEMENT,EP-44982,NQU6,ENTRY_ON_DELAYED_DISPLACEMENT,DELAYED_DISPLACEMENT,-1,A,NY_PREMARKET,1,1,False,True,2026-07-14 09:17:00-04:00,2026-07-14 09:20:00-04:00,2026-07-14 09:20:00-04:00,29756.5,18.5166,39.9433,29785.75,29.25,29785.75,29.25,False,29677.0,fvg,FVG2-005945,3,79.5,1.9903,2.7179,
EP-44983-ENTRY_ON_TAP,EP-44983,NQU6,ENTRY_ON_TAP,TAP_ONLY,-1,A,NY_PREMARKET,1,1,False,True,2026-07-14 09:19:00-04:00,2026-07-14 09:20:00-04:00,2026-07-14 09:20:00-04:00,29756.5,18.5166,39.9433,29775.75,19.25,29775.75,19.25,False,29677.0,fvg,FVG2-005945,3,79.5,1.9903,4.1299,
EP-44998-ENTRY_ON_FIRST_CLOSE_OUTSIDE,EP-44998,NQU6,ENTRY_ON_FIRST_CLOSE_OUTSIDE,CLOSE_BACK_OUTSIDE,-1,C,NY_AM,1,1,False,True,2026-07-14 09:31:00-04:00,2026-07-14 09:33:00-04:00,2026-07-14 09:33:00-04:00,29734.75,22.8547,40.4826,29784.5,49.75,29784.5,49.75,False,29677.0,fvg,FVG2-005945,3,57.75,1.4265,1.1608,
EP-44998-ENTRY_ON_STRONG_REJECTION,EP-44998,NQU6,ENTRY_ON_STRONG_REJECTION,STRONG_REJECTION_DEPARTURE,-1,C,NY_AM,1,1,False,True,2026-07-14 09:31:00-04:00,2026-07-14 09:33:00-04:00,2026-07-14 09:33:00-04:00,29734.75,22.8547,40.4826,29784.5,49.75,29784.5,49.75,False,29677.0,fvg,FVG2-005945,3,57.75,1.4265,1.1608,
EP-45000-ENTRY_ON_TAP,EP-45000,NQU6,ENTRY_ON_TAP,TAP_ONLY,-1,A,NY_AM,1,1,False,True,2026-07-14 09:32:00-04:00,2026-07-14 09:33:00-04:00,2026-07-14 09:33:00-04:00,29734.75,22.8547,40.4826,29794.25,59.5,29794.25,59.5,False,29677.0,fvg,FVG2-005945,3,57.75,1.4265,0.9706,
EP-45000-ENTRY_ON_FIRST_CLOSE_OUTSIDE,EP-45000,NQU6,ENTRY_ON_FIRST_CLOSE_OUTSIDE,CLOSE_BACK_OUTSIDE,-1,A,NY_AM,1,1,False,True,2026-07-14 09:32:00-04:00,2026-07-14 09:34:00-04:00,2026-07-14 09:34:00-04:00,29728.75,23.4441,40.4826,29794.25,65.5,29794.25,65.5,False,29677.0,fvg,FVG2-005945,3,51.75,1.2783,0.7901,
EP-45636-ENTRY_ON_FIRST_CLOSE_OUTSIDE,EP-45636,NQU6,ENTRY_ON_FIRST_CLOSE_OUTSIDE,CLOSE_BACK_OUTSIDE,-1,B,GLOBEX_EVENING,15,1,True,True,2026-07-14 19:25:00-04:00,2026-07-14 19:27:00-04:00,2026-07-14 19:27:00-04:00,29835.75,9.2947,21.037,29847.5,11.75,29847.5,11.75,False,29800.75,fvg,FVG2-003964,1,35.0,1.6637,2.9787,
EP-45636-ENTRY_ON_MINIMAL_WICK_REJECTION,EP-45636,NQU6,ENTRY_ON_MINIMAL_WICK_REJECTION,MINIMAL_WICK_REJECTION,-1,B,GLOBEX_EVENING,15,1,True,True,2026-07-14 19:25:00-04:00,2026-07-14 19:27:00-04:00,2026-07-14 19:27:00-04:00,29835.75,9.2947,21.037,29847.5,11.75,29847.5,11.75,False,29800.75,fvg,FVG2-003964,1,35.0,1.6637,2.9787,
EP-45636-ENTRY_ON_IMMEDIATE_DISPLACEMENT,EP-45636,NQU6,ENTRY_ON_IMMEDIATE_DISPLACEMENT,IMMEDIATE_DISPLACEMENT,-1,B,GLOBEX_EVENING,15,1,True,True,2026-07-14 19:25:00-04:00,2026-07-14 19:27:00-04:00,2026-07-14 19:27:00-04:00,29835.75,9.2947,21.037,29847.5,11.75,29847.5,11.75,False,29800.75,fvg,FVG2-003964,1,35.0,1.6637,2.9787,
EP-45641-ENTRY_ON_TAP,EP-45641,NQU6,ENTRY_ON_TAP,TAP_ONLY,-1,A,GLOBEX_EVENING,3,1,True,True,2026-07-14 19:27:00-04:00,2026-07-14 19:28:00-04:00,2026-07-14 19:28:00-04:00,29846.0,9.5324,21.037,29856.25,10.25,29856.25,10.25,False,29800.75,fvg,FVG2-003964,1,45.25,2.151,4.4146,
EP-45683-ENTRY_ON_TAP,EP-45683,NQU6,ENTRY_ON_TAP,TAP_ONLY,1,F,ASIA,30,1,True,True,2026-07-14 20:00:00-04:00,2026-07-14 20:01:00-04:00,2026-07-14 20:01:00-04:00,29856.0,11.407,23.4142,29844.5,11.5,29844.5,11.5,False,29889.0,rb,RB2-015494,1,33.0,1.4094,2.8696,
EP-45693-ENTRY_ON_DELAYED_DISPLACEMENT,EP-45693,NQU6,ENTRY_ON_DELAYED_DISPLACEMENT,DELAYED_DISPLACEMENT,1,A,ASIA,3,3,False,True,,2026-07-14 20:12:00-04:00,2026-07-14 20:12:00-04:00,29894.0,14.4741,24.5662,29844.5,49.5,29844.5,49.5,False,30074.0,rb,RB2-030371,60,180.0,7.3272,3.6364,
EP-45696-ENTRY_ON_NEW_FVG,EP-45696,NQU6,ENTRY_ON_NEW_FVG,NEW_FVG,1,C,ASIA,30,1,True,True,2026-07-14 20:05:00-04:00,2026-07-14 20:12:00-04:00,2026-07-14 20:12:00-04:00,29894.0,14.4741,24.5662,29837.75,56.25,29837.75,56.25,False,30074.0,rb,RB2-030371,60,180.0,7.3272,3.2,
EP-45698-ENTRY_ON_NEW_FVG,EP-45698,NQU6,ENTRY_ON_NEW_FVG,NEW_FVG,1,A,ASIA,3,1,True,True,2026-07-14 20:05:00-04:00,2026-07-14 20:12:00-04:00,2026-07-14 20:12:00-04:00,29894.0,14.4741,24.5662,29844.5,49.5,29844.5,49.5,False,30074.0,rb,RB2-030371,60,180.0,7.3272,3.6364,
EP-45707-ENTRY_ON_FIRST_CLOSE_OUTSIDE,EP-45707,NQU6,ENTRY_ON_FIRST_CLOSE_OUTSIDE,CLOSE_BACK_OUTSIDE,1,A,ASIA,15,1,True,True,2026-07-14 20:15:00-04:00,2026-07-14 20:19:00-04:00,2026-07-14 20:19:00-04:00,29902.5,13.9829,25.1676,29837.5,65.0,29837.5,65.0,False,30074.0,rb,RB2-030371,60,171.5,6.8143,2.6385,
EP-45711-ENTRY_ON_FIRST_CLOSE_OUTSIDE,EP-45711,NQU6,ENTRY_ON_FIRST_CLOSE_OUTSIDE,CLOSE_BACK_OUTSIDE,1,A,ASIA,1,1,False,True,2026-07-14 20:17:00-04:00,2026-07-14 20:19:00-04:00,2026-07-14 20:19:00-04:00,29902.5,13.9829,25.1676,29883.75,18.75,29883.75,18.75,False,30074.0,rb,RB2-030371,60,171.5,6.8143,9.1467,
EP-45653-ENTRY_ON_NEW_FVG,EP-45653,NQU6,ENTRY_ON_NEW_FVG,NEW_FVG,1,B,ASIA,5,5,False,True,,2026-07-14 20:20:00-04:00,2026-07-14 20:20:00-04:00,29898.5,13.9419,25.2543,29806.0,92.5,29806.0,92.5,False,30074.0,rb,RB2-030371,60,175.5,6.9493,1.8973,
EP-45686-ENTRY_ON_NEW_FVG,EP-45686,NQU6,ENTRY_ON_NEW_FVG,NEW_FVG,1,A,ASIA,5,5,False,True,,2026-07-14 20:20:00-04:00,2026-07-14 20:20:00-04:00,29898.5,13.9419,25.2543,29864.0,34.5,29864.0,34.5,False,30074.0,rb,RB2-030371,60,175.5,6.9493,5.087,
EP-45699-ENTRY_ON_NEW_FVG,EP-45699,NQU6,ENTRY_ON_NEW_FVG,NEW_FVG,1,A,ASIA,5,5,False,True,,2026-07-14 20:20:00-04:00,2026-07-14 20:20:00-04:00,29898.5,13.9419,25.2543,29855.0,43.5,29855.0,43.5,False,30074.0,rb,RB2-030371,60,175.5,6.9493,4.0345,
EP-45712-ENTRY_ON_TAP,EP-45712,NQU6,ENTRY_ON_TAP,TAP_ONLY,-1,B,ASIA,3,3,False,True,,2026-07-14 20:21:00-04:00,2026-07-14 20:21:00-04:00,29923.5,15.0068,25.2543,29936.25,12.75,29938.5068,15.0068,True,29890.0,rb,RB2-015504,1,33.5,1.3265,2.2323,
EP-45714-ENTRY_ON_TAP,EP-45714,NQU6,ENTRY_ON_TAP,TAP_ONLY,-1,F,ASIA,5,1,True,True,2026-07-14 20:20:00-04:00,2026-07-14 20:21:00-04:00,2026-07-14 20:21:00-04:00,29923.5,15.0068,25.2543,29964.0,40.5,29964.0,40.5,False,29890.0,rb,RB2-015504,1,33.5,1.3265,0.8272,
EP-45712-ENTRY_ON_FIRST_CLOSE_OUTSIDE,EP-45712,NQU6,ENTRY_ON_FIRST_CLOSE_OUTSIDE,CLOSE_BACK_OUTSIDE,-1,B,ASIA,3,3,False,True,,2026-07-14 20:24:00-04:00,2026-07-14 20:24:00-04:00,29919.25,14.3942,25.2543,29936.25,17.0,29936.25,17.0,False,29890.0,rb,RB2-015504,1,29.25,1.1582,1.7206,
EP-45717-ENTRY_ON_TAP,EP-45717,NQU6,ENTRY_ON_TAP,TAP_ONLY,-1,A,ASIA,3,3,False,True,,2026-07-14 20:24:00-04:00,2026-07-14 20:24:00-04:00,29919.25,14.3942,25.2543,29938.0,18.75,29938.0,18.75,False,29890.0,rb,RB2-015504,1,29.25,1.1582,1.56,
EP-45747-ENTRY_ON_TAP,EP-45747,NQU6,ENTRY_ON_TAP,TAP_ONLY,1,A,ASIA,1,1,False,True,2026-07-14 20:42:00-04:00,2026-07-14 20:43:00-04:00,2026-07-14 20:43:00-04:00,29861.0,13.8254,25.9539,29858.5,2.5,29847.1746,13.8254,True,29888.25,rb,RB2-023154,3,27.25,1.0499,1.971,
EP-45748-ENTRY_ON_TAP,EP-45748,NQU6,ENTRY_ON_TAP,TAP_ONLY,1,A,ASIA,3,3,False,True,,2026-07-14 20:45:00-04:00,2026-07-14 20:45:00-04:00,29858.25,14.0549,27.2684,29837.5,20.75,29837.5,20.75,False,29888.25,rb,RB2-023154,3,30.0,1.1002,1.4458,
EP-45749-ENTRY_ON_FIRST_CLOSE_OUTSIDE,EP-45749,NQU6,ENTRY_ON_FIRST_CLOSE_OUTSIDE,CLOSE_BACK_OUTSIDE,1,F,ASIA,3,1,True,True,2026-07-14 20:43:00-04:00,2026-07-14 20:45:00-04:00,2026-07-14 20:45:00-04:00,29858.25,14.0549,27.2684,29837.5,20.75,29837.5,20.75,False,29888.25,rb,RB2-023154,3,30.0,1.1002,1.4458,
EP-45749-ENTRY_ON_IMMEDIATE_DISPLACEMENT,EP-45749,NQU6,ENTRY_ON_IMMEDIATE_DISPLACEMENT,IMMEDIATE_DISPLACEMENT,1,F,ASIA,3,1,True,True,2026-07-14 20:43:00-04:00,2026-07-14 20:45:00-04:00,2026-07-14 20:45:00-04:00,29858.25,14.0549,27.2684,29837.5,20.75,29837.5,20.75,False,29888.25,rb,RB2-023154,3,30.0,1.1002,1.4458,
EP-45750-ENTRY_ON_FIRST_CLOSE_OUTSIDE,EP-45750,NQU6,ENTRY_ON_FIRST_CLOSE_OUTSIDE,CLOSE_BACK_OUTSIDE,1,A,ASIA,1,1,False,True,2026-07-14 20:43:00-04:00,2026-07-14 20:45:00-04:00,2026-07-14 20:45:00-04:00,29858.25,14.0549,27.2684,29852.25,6.0,29844.1951,14.0549,True,29888.25,rb,RB2-023154,3,30.0,1.1002,2.1345,
EP-45750-ENTRY_ON_MINIMAL_WICK_REJECTION,EP-45750,NQU6,ENTRY_ON_MINIMAL_WICK_REJECTION,MINIMAL_WICK_REJECTION,1,A,ASIA,1,1,False,True,2026-07-14 20:43:00-04:00,2026-07-14 20:45:00-04:00,2026-07-14 20:45:00-04:00,29858.25,14.0549,27.2684,29852.25,6.0,29844.1951,14.0549,True,29888.25,rb,RB2-023154,3,30.0,1.1002,2.1345,
EP-45750-ENTRY_ON_IMMEDIATE_DISPLACEMENT,EP-45750,NQU6,ENTRY_ON_IMMEDIATE_DISPLACEMENT,IMMEDIATE_DISPLACEMENT,1,A,ASIA,1,1,False,True,2026-07-14 20:43:00-04:00,2026-07-14 20:45:00-04:00,2026-07-14 20:45:00-04:00,29858.25,14.0549,27.2684,29852.25,6.0,29844.1951,14.0549,True,29888.25,rb,RB2-023154,3,30.0,1.1002,2.1345,
EP-45768-ENTRY_ON_DELAYED_DISPLACEMENT,EP-45768,NQU6,ENTRY_ON_DELAYED_DISPLACEMENT,DELAYED_DISPLACEMENT,1,C,ASIA,1,1,False,True,2026-07-14 20:56:00-04:00,2026-07-14 20:59:00-04:00,2026-07-14 20:59:00-04:00,29926.75,13.5084,28.0225,29906.5,20.25,29906.5,20.25,False,30074.0,rb,RB2-030371,60,147.25,5.2547,7.2716,
EP-45771-ENTRY_ON_IFVG_RETEST,EP-45771,NQU6,ENTRY_ON_IFVG_RETEST,IFVG_RETEST,1,C,ASIA,1,1,False,True,2026-07-14 20:58:00-04:00,2026-07-14 20:59:00-04:00,2026-07-14 20:59:00-04:00,29926.75,13.5084,28.0225,29917.0,9.75,29913.2416,13.5084,True,30074.0,rb,RB2-030371,60,147.25,5.2547,10.9006,
EP-45798-ENTRY_ON_STRONG_REJECTION,EP-45798,NQU6,ENTRY_ON_STRONG_REJECTION,STRONG_REJECTION_DEPARTURE,1,A,ASIA,3,3,False,True,,2026-07-14 21:27:00-04:00,2026-07-14 21:27:00-04:00,29933.5,13.7729,29.4897,29860.0,73.5,29860.0,73.5,False,30074.0,rb,RB2-030371,60,140.5,4.7644,1.9116,
EP-45807-ENTRY_ON_DELAYED_DISPLACEMENT,EP-45807,NQU6,ENTRY_ON_DELAYED_DISPLACEMENT,DELAYED_DISPLACEMENT,1,A,ASIA,1,1,False,True,2026-07-14 21:21:00-04:00,2026-07-14 21:27:00-04:00,2026-07-14 21:27:00-04:00,29933.5,13.7729,29.4897,29896.25,37.25,29896.25,37.25,False,30074.0,rb,RB2-030371,60,140.5,4.7644,3.7718,
EP-45808-ENTRY_ON_FIRST_CLOSE_OUTSIDE,EP-45808,NQU6,ENTRY_ON_FIRST_CLOSE_OUTSIDE,CLOSE_BACK_OUTSIDE,1,F,ASIA,1,1,False,True,2026-07-14 21:24:00-04:00,2026-07-14 21:27:00-04:00,2026-07-14 21:27:00-04:00,29933.5,13.7729,29.4897,29906.0,27.5,29906.0,27.5,False,30074.0,rb,RB2-030371,60,140.5,4.7644,5.1091,
EP-45808-ENTRY_ON_DELAYED_DISPLACEMENT,EP-45808,NQU6,ENTRY_ON_DELAYED_DISPLACEMENT,DELAYED_DISPLACEMENT,1,F,ASIA,1,1,False,True,2026-07-14 21:24:00-04:00,2026-07-14 21:27:00-04:00,2026-07-14 21:27:00-04:00,29933.5,13.7729,29.4897,29906.0,27.5,29906.0,27.5,False,30074.0,rb,RB2-030371,60,140.5,4.7644,5.1091,
EP-45809-ENTRY_ON_FIRST_CLOSE_OUTSIDE,EP-45809,NQU6,ENTRY_ON_FIRST_CLOSE_OUTSIDE,CLOSE_BACK_OUTSIDE,1,A,ASIA,5,1,True,True,2026-07-14 21:25:00-04:00,2026-07-14 21:27:00-04:00,2026-07-14 21:27:00-04:00,29933.5,13.7729,29.4897,29896.25,37.25,29896.25,37.25,False,30074.0,rb,RB2-030371,60,140.5,4.7644,3.7718,
EP-45809-ENTRY_ON_IMMEDIATE_DISPLACEMENT,EP-45809,NQU6,ENTRY_ON_IMMEDIATE_DISPLACEMENT,IMMEDIATE_DISPLACEMENT,1,A,ASIA,5,1,True,True,2026-07-14 21:25:00-04:00,2026-07-14 21:27:00-04:00,2026-07-14 21:27:00-04:00,29933.5,13.7729,29.4897,29896.25,37.25,29896.25,37.25,False,30074.0,rb,RB2-030371,60,140.5,4.7644,3.7718,
EP-45813-ENTRY_ON_TAP,EP-45813,NQU6,ENTRY_ON_TAP,TAP_ONLY,1,A,ASIA,1,1,False,True,2026-07-14 21:28:00-04:00,2026-07-14 21:29:00-04:00,2026-07-14 21:29:00-04:00,29930.5,13.4064,29.4897,29926.0,4.5,29917.0936,13.4064,True,30074.0,rb,RB2-030371,60,143.5,4.8661,10.7038,
EP-45689-ENTRY_ON_FIRST_CLOSE_OUTSIDE,EP-45689,NQU6,ENTRY_ON_FIRST_CLOSE_OUTSIDE,CLOSE_BACK_OUTSIDE,1,C,ASIA,30,30,False,True,,2026-07-14 21:30:00-04:00,2026-07-14 21:30:00-04:00,29924.25,13.4416,29.7297,29837.75,86.5,29837.75,86.5,False,30074.0,rb,RB2-030371,60,149.75,5.0371,1.7312,
EP-45690-ENTRY_ON_FIRST_CLOSE_OUTSIDE,EP-45690,NQU6,ENTRY_ON_FIRST_CLOSE_OUTSIDE,CLOSE_BACK_OUTSIDE,1,A,ASIA,30,30,False,True,,2026-07-14 21:30:00-04:00,2026-07-14 21:30:00-04:00,29924.25,13.4416,29.7297,29844.5,79.75,29844.5,79.75,False,30074.0,rb,RB2-030371,60,149.75,5.0371,1.8777,
EP-45690-ENTRY_ON_MINIMAL_WICK_REJECTION,EP-45690,NQU6,ENTRY_ON_MINIMAL_WICK_REJECTION,MINIMAL_WICK_REJECTION,1,A,ASIA,30,30,False,True,,2026-07-14 21:30:00-04:00,2026-07-14 21:30:00-04:00,29924.25,13.4416,29.7297,29844.5,79.75,29844.5,79.75,False,30074.0,rb,RB2-030371,60,149.75,5.0371,1.8777,
EP-45777-ENTRY_ON_TAP,EP-45777,NQU6,ENTRY_ON_TAP,TAP_ONLY,1,A,ASIA,30,30,False,True,,2026-07-14 21:30:00-04:00,2026-07-14 21:30:00-04:00,29924.25,13.4416,29.7297,29841.0,83.25,29841.0,83.25,False,30074.0,rb,RB2-030371,60,149.75,5.0371,1.7988,
EP-45810-ENTRY_ON_TAP,EP-45810,NQU6,ENTRY_ON_TAP,TAP_ONLY,1,A,ASIA,5,5,False,True,,2026-07-14 21:30:00-04:00,2026-07-14 21:30:00-04:00,29924.25,13.4416,29.7297,29896.25,28.0,29896.25,28.0,False,30074.0,rb,RB2-030371,60,149.75,5.0371,5.3482,
EP-45812-ENTRY_ON_TAP,EP-45812,NQU6,ENTRY_ON_TAP,TAP_ONLY,1,A,ASIA,3,3,False,True,,2026-07-14 21:30:00-04:00,2026-07-14 21:30:00-04:00,29924.25,13.4416,29.7297,29907.5,16.75,29907.5,16.75,False,30074.0,rb,RB2-030371,60,149.75,5.0371,8.9403,
EP-45814-ENTRY_ON_TAP,EP-45814,NQU6,ENTRY_ON_TAP,TAP_ONLY,1,A,ASIA,3,1,True,True,2026-07-14 21:29:00-04:00,2026-07-14 21:30:00-04:00,2026-07-14 21:30:00-04:00,29924.25,13.4416,29.7297,29907.5,16.75,29907.5,16.75,False,30074.0,rb,RB2-030371,60,149.75,5.0371,8.9403,
EP-45808-ENTRY_ON_MINIMAL_WICK_REJECTION,EP-45808,NQU6,ENTRY_ON_MINIMAL_WICK_REJECTION,MINIMAL_WICK_REJECTION,1,F,ASIA,1,1,False,True,2026-07-14 21:24:00-04:00,2026-07-14 21:32:00-04:00,2026-07-14 21:32:00-04:00,29929.0,13.5913,29.7297,29906.0,23.0,29906.0,23.0,False,30074.0,rb,RB2-030371,60,145.0,4.8773,6.3043,
EP-45814-ENTRY_ON_FIRST_CLOSE_OUTSIDE,EP-45814,NQU6,ENTRY_ON_FIRST_CLOSE_OUTSIDE,CLOSE_BACK_OUTSIDE,1,A,ASIA,3,1,True,True,2026-07-14 21:29:00-04:00,2026-07-14 21:32:00-04:00,2026-07-14 21:32:00-04:00,29929.0,13.5913,29.7297,29907.5,21.5,29907.5,21.5,False,30074.0,rb,RB2-030371,60,145.0,4.8773,6.7442,
EP-45814-ENTRY_ON_MINIMAL_WICK_REJECTION,EP-45814,NQU6,ENTRY_ON_MINIMAL_WICK_REJECTION,MINIMAL_WICK_REJECTION,1,A,ASIA,3,1,True,True,2026-07-14 21:29:00-04:00,2026-07-14 21:32:00-04:00,2026-07-14 21:32:00-04:00,29929.0,13.5913,29.7297,29907.5,21.5,29907.5,21.5,False,30074.0,rb,RB2-030371,60,145.0,4.8773,6.7442,
EP-45815-ENTRY_ON_FIRST_CLOSE_OUTSIDE,EP-45815,NQU6,ENTRY_ON_FIRST_CLOSE_OUTSIDE,CLOSE_BACK_OUTSIDE,1,A,ASIA,1,1,False,True,2026-07-14 21:30:00-04:00,2026-07-14 21:32:00-04:00,2026-07-14 21:32:00-04:00,29929.0,13.5913,29.7297,29918.0,11.0,29915.4087,13.5913,True,30074.0,rb,RB2-030371,60,145.0,4.8773,10.6686,
EP-45815-ENTRY_ON_MINIMAL_WICK_REJECTION,EP-45815,NQU6,ENTRY_ON_MINIMAL_WICK_REJECTION,MINIMAL_WICK_REJECTION,1,A,ASIA,1,1,False,True,2026-07-14 21:30:00-04:00,2026-07-14 21:32:00-04:00,2026-07-14 21:32:00-04:00,29929.0,13.5913,29.7297,29918.0,11.0,29915.4087,13.5913,True,30074.0,rb,RB2-030371,60,145.0,4.8773,10.6686,
EP-45815-ENTRY_ON_IMMEDIATE_DISPLACEMENT,EP-45815,NQU6,ENTRY_ON_IMMEDIATE_DISPLACEMENT,IMMEDIATE_DISPLACEMENT,1,A,ASIA,1,1,False,True,2026-07-14 21:30:00-04:00,2026-07-14 21:32:00-04:00,2026-07-14 21:32:00-04:00,29929.0,13.5913,29.7297,29918.0,11.0,29915.4087,13.5913,True,30074.0,rb,RB2-030371,60,145.0,4.8773,10.6686,
EP-45812-ENTRY_ON_FIRST_CLOSE_OUTSIDE,EP-45812,NQU6,ENTRY_ON_FIRST_CLOSE_OUTSIDE,CLOSE_BACK_OUTSIDE,1,A,ASIA,3,3,False,True,,2026-07-14 21:33:00-04:00,2026-07-14 21:33:00-04:00,29929.25,13.3271,29.7297,29907.5,21.75,29907.5,21.75,False,30074.0,rb,RB2-030371,60,144.75,4.8689,6.6552,
EP-45812-ENTRY_ON_MINIMAL_WICK_REJECTION,EP-45812,NQU6,ENTRY_ON_MINIMAL_WICK_REJECTION,MINIMAL_WICK_REJECTION,1,A,ASIA,3,3,False,True,,2026-07-14 21:33:00-04:00,2026-07-14 21:33:00-04:00,29929.25,13.3271,29.7297,29907.5,21.75,29907.5,21.75,False,30074.0,rb,RB2-030371,60,144.75,4.8689,6.6552,
EP-45818-ENTRY_ON_FIRST_CLOSE_OUTSIDE,EP-45818,NQU6,ENTRY_ON_FIRST_CLOSE_OUTSIDE,CLOSE_BACK_OUTSIDE,1,A,ASIA,1,1,False,True,2026-07-14 21:34:00-04:00,2026-07-14 21:37:00-04:00,2026-07-14 21:37:00-04:00,29925.5,13.1705,29.3139,29916.75,8.75,29912.3295,13.1705,True,30074.0,rb,RB2-030371,60,148.5,5.0659,11.2752,
EP-45818-ENTRY_ON_MINIMAL_WICK_REJECTION,EP-45818,NQU6,ENTRY_ON_MINIMAL_WICK_REJECTION,MINIMAL_WICK_REJECTION,1,A,ASIA,1,1,False,True,2026-07-14 21:34:00-04:00,2026-07-14 21:37:00-04:00,2026-07-14 21:37:00-04:00,29925.5,13.1705,29.3139,29916.75,8.75,29912.3295,13.1705,True,30074.0,rb,RB2-030371,60,148.5,5.0659,11.2752,
EP-45818-ENTRY_ON_DELAYED_DISPLACEMENT,EP-45818,NQU6,ENTRY_ON_DELAYED_DISPLACEMENT,DELAYED_DISPLACEMENT,1,A,ASIA,1,1,False,True,2026-07-14 21:34:00-04:00,2026-07-14 21:37:00-04:00,2026-07-14 21:37:00-04:00,29925.5,13.1705,29.3139,29916.75,8.75,29912.3295,13.1705,True,30074.0,rb,RB2-030371,60,148.5,5.0659,11.2752,
EP-45819-ENTRY_ON_TAP,EP-45819,NQU6,ENTRY_ON_TAP,TAP_ONLY,1,A,ASIA,1,1,False,True,2026-07-14 21:36:00-04:00,2026-07-14 21:37:00-04:00,2026-07-14 21:37:00-04:00,29925.5,13.1705,29.3139,29911.0,14.5,29911.0,14.5,False,30074.0,rb,RB2-030371,60,148.5,5.0659,10.2414,
EP-45819-ENTRY_ON_FIRST_CLOSE_OUTSIDE,EP-45819,NQU6,ENTRY_ON_FIRST_CLOSE_OUTSIDE,CLOSE_BACK_OUTSIDE,1,A,ASIA,1,1,False,True,2026-07-14 21:36:00-04:00,2026-07-14 21:38:00-04:00,2026-07-14 21:38:00-04:00,29934.5,13.1322,29.3139,29911.0,23.5,29911.0,23.5,False,30074.0,rb,RB2-030371,60,139.5,4.7588,5.9362,
EP-45819-ENTRY_ON_IMMEDIATE_DISPLACEMENT,EP-45819,NQU6,ENTRY_ON_IMMEDIATE_DISPLACEMENT,IMMEDIATE_DISPLACEMENT,1,A,ASIA,1,1,False,True,2026-07-14 21:36:00-04:00,2026-07-14 21:38:00-04:00,2026-07-14 21:38:00-04:00,29934.5,13.1322,29.3139,29911.0,23.5,29911.0,23.5,False,30074.0,rb,RB2-030371,60,139.5,4.7588,5.9362,
EP-45812-ENTRY_ON_DELAYED_DISPLACEMENT,EP-45812,NQU6,ENTRY_ON_DELAYED_DISPLACEMENT,DELAYED_DISPLACEMENT,1,A,ASIA,3,3,False,True,,2026-07-14 21:39:00-04:00,2026-07-14 21:39:00-04:00,29934.75,12.9704,29.3139,29907.5,27.25,29907.5,27.25,False,30074.0,rb,RB2-030371,60,139.25,4.7503,5.1101,
EP-45810-ENTRY_ON_FIRST_CLOSE_OUTSIDE,EP-45810,NQU6,ENTRY_ON_FIRST_CLOSE_OUTSIDE,CLOSE_BACK_OUTSIDE,1,A,ASIA,5,5,False,True,,2026-07-14 21:40:00-04:00,2026-07-14 21:40:00-04:00,29938.25,13.0446,29.4675,29896.25,42.0,29896.25,42.0,False,30074.0,rb,RB2-030371,60,135.75,4.6068,3.2321,
EP-45810-ENTRY_ON_DELAYED_DISPLACEMENT,EP-45810,NQU6,ENTRY_ON_DELAYED_DISPLACEMENT,DELAYED_DISPLACEMENT,1,A,ASIA,5,5,False,True,,2026-07-14 21:40:00-04:00,2026-07-14 21:40:00-04:00,29938.25,13.0446,29.4675,29896.25,42.0,29896.25,42.0,False,30074.0,rb,RB2-030371,60,135.75,4.6068,3.2321,
EP-45818-ENTRY_ON_STRONG_REJECTION,EP-45818,NQU6,ENTRY_ON_STRONG_REJECTION,STRONG_REJECTION_DEPARTURE,1,A,ASIA,1,1,False,True,2026-07-14 21:34:00-04:00,2026-07-14 21:40:00-04:00,2026-07-14 21:40:00-04:00,29938.25,13.0446,29.4675,29916.75,21.5,29916.75,21.5,False,30074.0,rb,RB2-030371,60,135.75,4.6068,6.314,
EP-45819-ENTRY_ON_STRONG_REJECTION,EP-45819,NQU6,ENTRY_ON_STRONG_REJECTION,STRONG_REJECTION_DEPARTURE,1,A,ASIA,1,1,False,True,2026-07-14 21:36:00-04:00,2026-07-14 21:40:00-04:00,2026-07-14 21:40:00-04:00,29938.25,13.0446,29.4675,29911.0,27.25,29911.0,27.25,False,30074.0,rb,RB2-030371,60,135.75,4.6068,4.9817,
EP-45831-ENTRY_ON_DELAYED_DISPLACEMENT,EP-45831,NQU6,ENTRY_ON_DELAYED_DISPLACEMENT,DELAYED_DISPLACEMENT,1,A,ASIA,1,1,False,True,2026-07-14 21:48:00-04:00,2026-07-14 21:52:00-04:00,2026-07-14 21:52:00-04:00,29924.75,12.7618,30.2822,29906.75,18.0,29906.75,18.0,False,30074.0,rb,RB2-030371,60,149.25,4.9286,8.2917,
EP-45831-ENTRY_ON_MINIMAL_WICK_REJECTION,EP-45831,NQU6,ENTRY_ON_MINIMAL_WICK_REJECTION,MINIMAL_WICK_REJECTION,1,A,ASIA,1,1,False,True,2026-07-14 21:48:00-04:00,2026-07-14 21:54:00-04:00,2026-07-14 21:54:00-04:00,29931.75,13.0347,30.2822,29906.75,25.0,29906.75,25.0,False,30074.0,rb,RB2-030371,60,142.25,4.6975,5.69,
EP-45826-ENTRY_ON_FIRST_CLOSE_OUTSIDE,EP-45826,NQU6,ENTRY_ON_FIRST_CLOSE_OUTSIDE,CLOSE_BACK_OUTSIDE,1,A,ASIA,5,5,False,True,,2026-07-14 21:55:00-04:00,2026-07-14 21:55:00-04:00,29934.75,13.1166,30.0829,29911.0,23.75,29911.0,23.75,False,30074.0,rb,RB2-030371,60,139.25,4.6289,5.8632,
EP-45826-ENTRY_ON_MINIMAL_WICK_REJECTION,EP-45826,NQU6,ENTRY_ON_MINIMAL_WICK_REJECTION,MINIMAL_WICK_REJECTION,1,A,ASIA,5,5,False,True,,2026-07-14 21:55:00-04:00,2026-07-14 21:55:00-04:00,29934.75,13.1166,30.0829,29911.0,23.75,29911.0,23.75,False,30074.0,rb,RB2-030371,60,139.25,4.6289,5.8632,
EP-45839-ENTRY_ON_TAP,EP-45839,NQU6,ENTRY_ON_TAP,TAP_ONLY,1,A,ASIA,1,1,False,True,2026-07-14 21:57:00-04:00,2026-07-14 21:58:00-04:00,2026-07-14 21:58:00-04:00,29941.75,12.4063,30.0829,29935.25,6.5,29929.3437,12.4063,True,30074.0,rb,RB2-030371,60,132.25,4.3962,10.6599,
EP-45839-ENTRY_ON_FIRST_CLOSE_OUTSIDE,EP-45839,NQU6,ENTRY_ON_FIRST_CLOSE_OUTSIDE,CLOSE_BACK_OUTSIDE,1,A,ASIA,1,1,False,True,2026-07-14 21:57:00-04:00,2026-07-14 21:59:00-04:00,2026-07-14 21:59:00-04:00,29953.25,12.431,30.0829,29935.25,18.0,29935.25,18.0,False,30074.0,rb,RB2-030371,60,120.75,4.0139,6.7083,
EP-45839-ENTRY_ON_IMMEDIATE_DISPLACEMENT,EP-45839,NQU6,ENTRY_ON_IMMEDIATE_DISPLACEMENT,IMMEDIATE_DISPLACEMENT,1,A,ASIA,1,1,False,True,2026-07-14 21:57:00-04:00,2026-07-14 21:59:00-04:00,2026-07-14 21:59:00-04:00,29953.25,12.431,30.0829,29935.25,18.0,29935.25,18.0,False,30074.0,rb,RB2-030371,60,120.75,4.0139,6.7083,
EP-45777-ENTRY_ON_FIRST_CLOSE_OUTSIDE,EP-45777,NQU6,ENTRY_ON_FIRST_CLOSE_OUTSIDE,CLOSE_BACK_OUTSIDE,1,A,ASIA,30,30,False,True,,2026-07-14 22:00:00-04:00,2026-07-14 22:00:00-04:00,29958.75,12.3402,29.8711,29841.0,117.75,29841.0,117.75,False,30074.0,rb,RB2-030371,60,115.25,3.8582,0.9788,
EP-45777-ENTRY_ON_MINIMAL_WICK_REJECTION,EP-45777,NQU6,ENTRY_ON_MINIMAL_WICK_REJECTION,MINIMAL_WICK_REJECTION,1,A,ASIA,30,30,False,True,,2026-07-14 22:00:00-04:00,2026-07-14 22:00:00-04:00,29958.75,12.3402,29.8711,29841.0,117.75,29841.0,117.75,False,30074.0,rb,RB2-030371,60,115.25,3.8582,0.9788,
EP-45825-ENTRY_ON_DELAYED_DISPLACEMENT,EP-45825,NQU6,ENTRY_ON_DELAYED_DISPLACEMENT,DELAYED_DISPLACEMENT,1,B,ASIA,5,5,False,True,,2026-07-14 22:00:00-04:00,2026-07-14 22:00:00-04:00,29958.75,12.3402,29.8711,29889.25,69.5,29889.25,69.5,False,30074.0,rb,RB2-030371,60,115.25,3.8582,1.6583,
EP-45825-ENTRY_ON_NEW_FVG,EP-45825,NQU6,ENTRY_ON_NEW_FVG,NEW_FVG,1,B,ASIA,5,5,False,True,,2026-07-14 22:00:00-04:00,2026-07-14 22:00:00-04:00,29958.75,12.3402,29.8711,29889.25,69.5,29889.25,69.5,False,30074.0,rb,RB2-030371,60,115.25,3.8582,1.6583,
EP-45826-ENTRY_ON_DELAYED_DISPLACEMENT,EP-45826,NQU6,ENTRY_ON_DELAYED_DISPLACEMENT,DELAYED_DISPLACEMENT,1,A,ASIA,5,5,False,True,,2026-07-14 22:00:00-04:00,2026-07-14 22:00:00-04:00,29958.75,12.3402,29.8711,29911.0,47.75,29911.0,47.75,False,30074.0,rb,RB2-030371,60,115.25,3.8582,2.4136,
EP-45826-ENTRY_ON_NEW_FVG,EP-45826,NQU6,ENTRY_ON_NEW_FVG,NEW_FVG,1,A,ASIA,5,5,False,True,,2026-07-14 22:00:00-04:00,2026-07-14 22:00:00-04:00,29958.75,12.3402,29.8711,29911.0,47.75,29911.0,47.75,False,30074.0,rb,RB2-030371,60,115.25,3.8582,2.4136,
EP-45839-ENTRY_ON_STRONG_REJECTION,EP-45839,NQU6,ENTRY_ON_STRONG_REJECTION,STRONG_REJECTION_DEPARTURE,1,A,ASIA,1,1,False,True,2026-07-14 21:57:00-04:00,2026-07-14 22:00:00-04:00,2026-07-14 22:00:00-04:00,29958.75,12.3402,29.8711,29935.25,23.5,29935.25,23.5,False,30074.0,rb,RB2-030371,60,115.25,3.8582,4.9043,
EP-45843-ENTRY_ON_TAP,EP-45843,NQU6,ENTRY_ON_TAP,TAP_ONLY,1,A,ASIA,1,1,False,True,2026-07-14 22:00:00-04:00,2026-07-14 22:01:00-04:00,2026-07-14 22:01:00-04:00,29954.75,12.2635,29.8711,29949.0,5.75,29942.4865,12.2635,True,30074.0,rb,RB2-030371,60,119.25,3.9921,9.724,
EP-45839-ENTRY_ON_DELAYED_DISPLACEMENT,EP-45839,NQU6,ENTRY_ON_DELAYED_DISPLACEMENT,DELAYED_DISPLACEMENT,1,A,ASIA,1,1,False,True,2026-07-14 21:57:00-04:00,2026-07-14 22:03:00-04:00,2026-07-14 22:03:00-04:00,29956.75,11.877,29.8711,29935.25,21.5,29935.25,21.5,False,30074.0,rb,RB2-030371,60,117.25,3.9252,5.4535,
EP-45843-ENTRY_ON_FIRST_CLOSE_OUTSIDE,EP-45843,NQU6,ENTRY_ON_FIRST_CLOSE_OUTSIDE,CLOSE_BACK_OUTSIDE,1,A,ASIA,1,1,False,True,2026-07-14 22:00:00-04:00,2026-07-14 22:03:00-04:00,2026-07-14 22:03:00-04:00,29956.75,11.877,29.8711,29949.0,7.75,29944.873,11.877,True,30074.0,rb,RB2-030371,60,117.25,3.9252,9.872,
EP-45843-ENTRY_ON_MINIMAL_WICK_REJECTION,EP-45843,NQU6,ENTRY_ON_MINIMAL_WICK_REJECTION,MINIMAL_WICK_REJECTION,1,A,ASIA,1,1,False,True,2026-07-14 22:00:00-04:00,2026-07-14 22:03:00-04:00,2026-07-14 22:03:00-04:00,29956.75,11.877,29.8711,29949.0,7.75,29944.873,11.877,True,30074.0,rb,RB2-030371,60,117.25,3.9252,9.872,
EP-45843-ENTRY_ON_DELAYED_DISPLACEMENT,EP-45843,NQU6,ENTRY_ON_DELAYED_DISPLACEMENT,DELAYED_DISPLACEMENT,1,A,ASIA,1,1,False,True,2026-07-14 22:00:00-04:00,2026-07-14 22:03:00-04:00,2026-07-14 22:03:00-04:00,29956.75,11.877,29.8711,29949.0,7.75,29944.873,11.877,True,30074.0,rb,RB2-030371,60,117.25,3.9252,9.872,
EP-45844-ENTRY_ON_FIRST_CLOSE_OUTSIDE,EP-45844,NQU6,ENTRY_ON_FIRST_CLOSE_OUTSIDE,CLOSE_BACK_OUTSIDE,1,A,ASIA,3,1,True,True,2026-07-14 22:03:00-04:00,2026-07-14 22:05:00-04:00,2026-07-14 22:05:00-04:00,29960.0,11.6301,29.1161,29949.25,10.75,29948.3699,11.6301,True,30074.0,rb,RB2-030371,60,114.0,3.9154,9.8022,
EP-45844-ENTRY_ON_IMMEDIATE_DISPLACEMENT,EP-45844,NQU6,ENTRY_ON_IMMEDIATE_DISPLACEMENT,IMMEDIATE_DISPLACEMENT,1,A,ASIA,3,1,True,True,2026-07-14 22:03:00-04:00,2026-07-14 22:05:00-04:00,2026-07-14 22:05:00-04:00,29960.0,11.6301,29.1161,29949.25,10.75,29948.3699,11.6301,True,30074.0,rb,RB2-030371,60,114.0,3.9154,9.8022,
EP-45843-ENTRY_ON_STRONG_REJECTION,EP-45843,NQU6,ENTRY_ON_STRONG_REJECTION,STRONG_REJECTION_DEPARTURE,1,A,ASIA,1,1,False,True,2026-07-14 22:00:00-04:00,2026-07-14 22:06:00-04:00,2026-07-14 22:06:00-04:00,29965.25,11.7392,29.1161,29949.0,16.25,29949.0,16.25,False,30074.0,rb,RB2-030371,60,108.75,3.735,6.6923,
EP-45844-ENTRY_ON_MINIMAL_WICK_REJECTION,EP-45844,NQU6,ENTRY_ON_MINIMAL_WICK_REJECTION,MINIMAL_WICK_REJECTION,1,A,ASIA,3,1,True,True,2026-07-14 22:03:00-04:00,2026-07-14 22:06:00-04:00,2026-07-14 22:06:00-04:00,29965.25,11.7392,29.1161,29949.25,16.0,29949.25,16.0,False,30074.0,rb,RB2-030371,60,108.75,3.735,6.7969,
EP-45844-ENTRY_ON_STRONG_REJECTION,EP-45844,NQU6,ENTRY_ON_STRONG_REJECTION,STRONG_REJECTION_DEPARTURE,1,A,ASIA,3,1,True,True,2026-07-14 22:03:00-04:00,2026-07-14 22:06:00-04:00,2026-07-14 22:06:00-04:00,29965.25,11.7392,29.1161,29949.25,16.0,29949.25,16.0,False,30074.0,rb,RB2-030371,60,108.75,3.735,6.7969,
EP-45845-ENTRY_ON_TAP,EP-45845,NQU6,ENTRY_ON_TAP,TAP_ONLY,1,A,ASIA,3,3,False,True,,2026-07-14 22:06:00-04:00,2026-07-14 22:06:00-04:00,29965.25,11.7392,29.1161,29949.25,16.0,29949.25,16.0,False,30074.0,rb,RB2-030371,60,108.75,3.735,6.7969,
EP-45847-ENTRY_ON_TAP,EP-45847,NQU6,ENTRY_ON_TAP,TAP_ONLY,1,A,ASIA,5,1,True,True,2026-07-14 22:05:00-04:00,2026-07-14 22:06:00-04:00,2026-07-14 22:06:00-04:00,29965.25,11.7392,29.1161,29949.25,16.0,29949.25,16.0,False,30074.0,rb,RB2-030371,60,108.75,3.735,6.7969,
EP-45847-ENTRY_ON_FIRST_CLOSE_OUTSIDE,EP-45847,NQU6,ENTRY_ON_FIRST_CLOSE_OUTSIDE,CLOSE_BACK_OUTSIDE,1,A,ASIA,5,1,True,True,2026-07-14 22:05:00-04:00,2026-07-14 22:08:00-04:00,2026-07-14 22:08:00-04:00,29965.25,11.3877,29.1161,29949.25,16.0,29949.25,16.0,False,30074.0,rb,RB2-030371,60,108.75,3.735,6.7969,
EP-45845-ENTRY_ON_FIRST_CLOSE_OUTSIDE,EP-45845,NQU6,ENTRY_ON_FIRST_CLOSE_OUTSIDE,CLOSE_BACK_OUTSIDE,1,A,ASIA,3,3,False,True,,2026-07-14 22:09:00-04:00,2026-07-14 22:09:00-04:00,29969.25,11.184,29.1161,29949.25,20.0,29949.25,20.0,False,30074.0,rb,RB2-030371,60,104.75,3.5977,5.2375,
EP-45853-ENTRY_ON_FIRST_CLOSE_OUTSIDE,EP-45853,NQU6,ENTRY_ON_FIRST_CLOSE_OUTSIDE,CLOSE_BACK_OUTSIDE,1,A,ASIA,1,1,False,True,2026-07-14 22:09:00-04:00,2026-07-14 22:11:00-04:00,2026-07-14 22:11:00-04:00,29969.5,10.9242,28.7779,29962.25,7.25,29958.5758,10.9242,True,30074.0,rb,RB2-030371,60,104.5,3.6313,9.5659,
EP-45853-ENTRY_ON_MINIMAL_WICK_REJECTION,EP-45853,NQU6,ENTRY_ON_MINIMAL_WICK_REJECTION,MINIMAL_WICK_REJECTION,1,A,ASIA,1,1,False,True,2026-07-14 22:09:00-04:00,2026-07-14 22:11:00-04:00,2026-07-14 22:11:00-04:00,29969.5,10.9242,28.7779,29962.25,7.25,29958.5758,10.9242,True,30074.0,rb,RB2-030371,60,104.5,3.6313,9.5659,
EP-45853-ENTRY_ON_DELAYED_DISPLACEMENT,EP-45853,NQU6,ENTRY_ON_DELAYED_DISPLACEMENT,DELAYED_DISPLACEMENT,1,A,ASIA,1,1,False,True,2026-07-14 22:09:00-04:00,2026-07-14 22:13:00-04:00,2026-07-14 22:13:00-04:00,29978.0,11.0302,28.7779,29962.25,15.75,29962.25,15.75,False,30074.0,rb,RB2-030371,60,96.0,3.3359,6.0952,
EP-45860-ENTRY_ON_DELAYED_DISPLACEMENT,EP-45860,NQU6,ENTRY_ON_DELAYED_DISPLACEMENT,DELAYED_DISPLACEMENT,1,A,ASIA,1,1,False,True,2026-07-14 22:16:00-04:00,2026-07-14 22:19:00-04:00,2026-07-14 22:19:00-04:00,29978.75,10.7823,28.5163,29960.75,18.0,29960.75,18.0,False,30074.0,rb,RB2-030371,60,95.25,3.3402,5.2917,
EP-45865-ENTRY_ON_FIRST_CLOSE_OUTSIDE,EP-45865,NQU6,ENTRY_ON_FIRST_CLOSE_OUTSIDE,CLOSE_BACK_OUTSIDE,1,A,ASIA,3,1,True,True,2026-07-14 22:20:00-04:00,2026-07-14 22:23:00-04:00,2026-07-14 22:23:00-04:00,29978.25,10.9652,28.2552,29959.5,18.75,29959.5,18.75,False,30074.0,rb,RB2-030371,60,95.75,3.3888,5.1067,
EP-45865-ENTRY_ON_MINIMAL_WICK_REJECTION,EP-45865,NQU6,ENTRY_ON_MINIMAL_WICK_REJECTION,MINIMAL_WICK_REJECTION,1,A,ASIA,3,1,True,True,2026-07-14 22:20:00-04:00,2026-07-14 22:23:00-04:00,2026-07-14 22:23:00-04:00,29978.25,10.9652,28.2552,29959.5,18.75,29959.5,18.75,False,30074.0,rb,RB2-030371,60,95.75,3.3888,5.1067,
EP-45874-ENTRY_ON_FIRST_CLOSE_OUTSIDE,EP-45874,NQU6,ENTRY_ON_FIRST_CLOSE_OUTSIDE,CLOSE_BACK_OUTSIDE,1,A,ASIA,1,1,False,True,2026-07-14 22:30:00-04:00,2026-07-14 22:32:00-04:00,2026-07-14 22:32:00-04:00,29973.5,10.1209,27.3633,29961.75,11.75,29961.75,11.75,False,30074.0,rb,RB2-030371,60,100.5,3.6728,8.5532,
EP-45876-ENTRY_ON_FIRST_CLOSE_OUTSIDE,EP-45876,NQU6,ENTRY_ON_FIRST_CLOSE_OUTSIDE,CLOSE_BACK_OUTSIDE,1,A,ASIA,1,1,False,True,2026-07-14 22:35:00-04:00,2026-07-14 22:37:00-04:00,2026-07-14 22:37:00-04:00,29979.75,9.4541,26.8482,29967.75,12.0,29967.75,12.0,False,30074.0,rb,RB2-030371,60,94.25,3.5105,7.8542,
EP-45876-ENTRY_ON_NEW_FVG,EP-45876,NQU6,ENTRY_ON_NEW_FVG,NEW_FVG,1,A,ASIA,1,1,False,True,2026-07-14 22:35:00-04:00,2026-07-14 22:38:00-04:00,2026-07-14 22:38:00-04:00,29979.5,9.2372,26.8482,29967.75,11.75,29967.75,11.75,False,30074.0,rb,RB2-030371,60,94.5,3.5198,8.0426,
EP-45878-ENTRY_ON_TAP,EP-45878,NQU6,ENTRY_ON_TAP,TAP_ONLY,1,A,ASIA,1,1,False,True,2026-07-14 22:37:00-04:00,2026-07-14 22:38:00-04:00,2026-07-14 22:38:00-04:00,29979.5,9.2372,26.8482,29976.25,3.25,29970.2628,9.2372,True,30074.0,rb,RB2-030371,60,94.5,3.5198,10.2304,
EP-45879-ENTRY_ON_TAP,EP-45879,NQU6,ENTRY_ON_TAP,TAP_ONLY,1,B,ASIA,1,1,False,True,2026-07-14 22:38:00-04:00,2026-07-14 22:39:00-04:00,2026-07-14 22:39:00-04:00,29977.5,9.2065,26.8482,29977.25,0.25,29968.2935,9.2065,True,30074.0,rb,RB2-030371,60,96.5,3.5943,10.4817,
EP-45878-ENTRY_ON_FIRST_CLOSE_OUTSIDE,EP-45878,NQU6,ENTRY_ON_FIRST_CLOSE_OUTSIDE,CLOSE_BACK_OUTSIDE,1,A,ASIA,1,1,False,True,2026-07-14 22:37:00-04:00,2026-07-14 22:40:00-04:00,2026-07-14 22:40:00-04:00,29981.75,9.1354,26.3753,29976.25,5.5,29972.6146,9.1354,True,30074.0,rb,RB2-030371,60,92.25,3.4976,10.0981,
EP-45878-ENTRY_ON_MINIMAL_WICK_REJECTION,EP-45878,NQU6,ENTRY_ON_MINIMAL_WICK_REJECTION,MINIMAL_WICK_REJECTION,1,A,ASIA,1,1,False,True,2026-07-14 22:37:00-04:00,2026-07-14 22:40:00-04:00,2026-07-14 22:40:00-04:00,29981.75,9.1354,26.3753,29976.25,5.5,29972.6146,9.1354,True,30074.0,rb,RB2-030371,60,92.25,3.4976,10.0981,
EP-45879-ENTRY_ON_FIRST_CLOSE_OUTSIDE,EP-45879,NQU6,ENTRY_ON_FIRST_CLOSE_OUTSIDE,CLOSE_BACK_OUTSIDE,1,B,ASIA,1,1,False,True,2026-07-14 22:38:00-04:00,2026-07-14 22:40:00-04:00,2026-07-14 22:40:00-04:00,29981.75,9.1354,26.3753,29977.25,4.5,29972.6146,9.1354,True,30074.0,rb,RB2-030371,60,92.25,3.4976,10.0981,
EP-45879-ENTRY_ON_MINIMAL_WICK_REJECTION,EP-45879,NQU6,ENTRY_ON_MINIMAL_WICK_REJECTION,MINIMAL_WICK_REJECTION,1,B,ASIA,1,1,False,True,2026-07-14 22:38:00-04:00,2026-07-14 22:40:00-04:00,2026-07-14 22:40:00-04:00,29981.75,9.1354,26.3753,29977.25,4.5,29972.6146,9.1354,True,30074.0,rb,RB2-030371,60,92.25,3.4976,10.0981,
EP-45880-ENTRY_ON_TAP,EP-45880,NQU6,ENTRY_ON_TAP,TAP_ONLY,1,A,ASIA,3,1,True,True,2026-07-14 22:39:00-04:00,2026-07-14 22:40:00-04:00,2026-07-14 22:40:00-04:00,29981.75,9.1354,26.3753,29970.0,11.75,29970.0,11.75,False,30074.0,rb,RB2-030371,60,92.25,3.4976,7.8511,
EP-45880-ENTRY_ON_FIRST_CLOSE_OUTSIDE,EP-45880,NQU6,ENTRY_ON_FIRST_CLOSE_OUTSIDE,CLOSE_BACK_OUTSIDE,1,A,ASIA,3,1,True,True,2026-07-14 22:39:00-04:00,2026-07-14 22:41:00-04:00,2026-07-14 22:41:00-04:00,29985.75,8.9839,26.3753,29970.0,15.75,29970.0,15.75,False,30074.0,rb,RB2-030371,60,88.25,3.3459,5.6032,
EP-45881-ENTRY_ON_TAP,EP-45881,NQU6,ENTRY_ON_TAP,TAP_ONLY,1,A,ASIA,3,3,False,True,,2026-07-14 22:42:00-04:00,2026-07-14 22:42:00-04:00,29978.25,8.9221,26.3753,29970.0,8.25,29969.3279,8.9221,True,30074.0,rb,RB2-030371,60,95.75,3.6303,10.7318,
EP-45882-ENTRY_ON_FIRST_CLOSE_OUTSIDE,EP-45882,NQU6,ENTRY_ON_FIRST_CLOSE_OUTSIDE,CLOSE_BACK_OUTSIDE,1,A,ASIA,1,1,False,True,2026-07-14 22:41:00-04:00,2026-07-14 22:43:00-04:00,2026-07-14 22:43:00-04:00,29983.0,8.7691,26.3753,29980.0,3.0,29974.2309,8.7691,True,30074.0,rb,RB2-030371,60,91.0,3.4502,10.3773,
EP-45882-ENTRY_ON_MINIMAL_WICK_REJECTION,EP-45882,NQU6,ENTRY_ON_MINIMAL_WICK_REJECTION,MINIMAL_WICK_REJECTION,1,A,ASIA,1,1,False,True,2026-07-14 22:41:00-04:00,2026-07-14 22:44:00-04:00,2026-07-14 22:44:00-04:00,29981.75,8.5496,26.3753,29980.0,1.75,29973.2004,8.5496,True,30074.0,rb,RB2-030371,60,92.25,3.4976,10.79,
EP-45881-ENTRY_ON_FIRST_CLOSE_OUTSIDE,EP-45881,NQU6,ENTRY_ON_FIRST_CLOSE_OUTSIDE,CLOSE_BACK_OUTSIDE,1,A,ASIA,3,3,False,True,,2026-07-14 22:45:00-04:00,2026-07-14 22:45:00-04:00,29984.0,8.2975,25.5889,29970.0,14.0,29970.0,14.0,False,30074.0,rb,RB2-030371,60,90.0,3.5172,6.4286,
EP-45886-ENTRY_ON_TAP,EP-45886,NQU6,ENTRY_ON_TAP,TAP_ONLY,1,A,ASIA,1,1,False,True,2026-07-14 22:44:00-04:00,2026-07-14 22:45:00-04:00,2026-07-14 22:45:00-04:00,29984.0,8.2975,25.5889,29980.5,3.5,29975.7025,8.2975,True,30074.0,rb,RB2-030371,60,90.0,3.5172,10.8466,
EP-45888-ENTRY_ON_TAP,EP-45888,NQU6,ENTRY_ON_TAP,TAP_ONLY,1,A,ASIA,5,1,True,True,2026-07-14 22:45:00-04:00,2026-07-14 22:46:00-04:00,2026-07-14 22:46:00-04:00,29982.25,8.0976,25.5889,29978.25,4.0,29974.1524,8.0976,True,30074.0,rb,RB2-030371,60,91.75,3.5855,11.3305,
EP-45886-ENTRY_ON_FIRST_CLOSE_OUTSIDE,EP-45886,NQU6,ENTRY_ON_FIRST_CLOSE_OUTSIDE,CLOSE_BACK_OUTSIDE,1,A,ASIA,1,1,False,True,2026-07-14 22:44:00-04:00,2026-07-14 22:47:00-04:00,2026-07-14 22:47:00-04:00,29983.0,7.9894,25.5889,29980.5,2.5,29975.0106,7.9894,True,30074.0,rb,RB2-030371,60,91.0,3.5562,11.3901,
EP-45888-ENTRY_ON_FIRST_CLOSE_OUTSIDE,EP-45888,NQU6,ENTRY_ON_FIRST_CLOSE_OUTSIDE,CLOSE_BACK_OUTSIDE,1,A,ASIA,5,1,True,True,2026-07-14 22:45:00-04:00,2026-07-14 22:47:00-04:00,2026-07-14 22:47:00-04:00,29983.0,7.9894,25.5889,29978.25,4.75,29975.0106,7.9894,True,30074.0,rb,RB2-030371,60,91.0,3.5562,11.3901,
EP-45936-ENTRY_ON_IMMEDIATE_DISPLACEMENT,EP-45936,NQU6,ENTRY_ON_IMMEDIATE_DISPLACEMENT,IMMEDIATE_DISPLACEMENT,1,A,ASIA,1,1,False,True,2026-07-14 23:32:00-04:00,2026-07-14 23:34:00-04:00,2026-07-14 23:34:00-04:00,29993.75,7.2384,22.25,29982.75,11.0,29982.75,11.0,False,30074.0,rb,RB2-030371,60,80.25,3.6067,7.2955,
EP-45910-ENTRY_ON_DELAYED_DISPLACEMENT,EP-45910,NQU6,ENTRY_ON_DELAYED_DISPLACEMENT,DELAYED_DISPLACEMENT,1,B,ASIA,5,5,False,True,,2026-07-14 23:35:00-04:00,2026-07-14 23:35:00-04:00,29995.0,7.1139,22.1563,29937.25,57.75,29937.25,57.75,False,30074.0,rb,RB2-030371,60,79.0,3.5656,1.368,
EP-45932-ENTRY_ON_NEW_FVG,EP-45932,NQU6,ENTRY_ON_NEW_FVG,NEW_FVG,1,F,ASIA,1,1,False,True,2026-07-14 23:29:00-04:00,2026-07-14 23:35:00-04:00,2026-07-14 23:35:00-04:00,29995.0,7.1139,22.1563,29975.25,19.75,29975.25,19.75,False,30074.0,rb,RB2-030371,60,79.0,3.5656,4.0,
EP-45936-ENTRY_ON_NEW_FVG,EP-45936,NQU6,ENTRY_ON_NEW_FVG,NEW_FVG,1,A,ASIA,1,1,False,True,2026-07-14 23:32:00-04:00,2026-07-14 23:35:00-04:00,2026-07-14 23:35:00-04:00,29995.0,7.1139,22.1563,29982.75,12.25,29982.75,12.25,False,30074.0,rb,RB2-030371,60,79.0,3.5656,6.449,
EP-45940-ENTRY_ON_TAP,EP-45940,NQU6,ENTRY_ON_TAP,TAP_ONLY,1,B,ASIA,1,1,False,True,2026-07-14 23:35:00-04:00,2026-07-14 23:36:00-04:00,2026-07-14 23:36:00-04:00,29995.25,7.0779,22.1563,29990.0,5.25,29988.1721,7.0779,True,30074.0,rb,RB2-030371,60,78.75,3.5543,11.1262,
EP-45940-ENTRY_ON_FIRST_CLOSE_OUTSIDE,EP-45940,NQU6,ENTRY_ON_FIRST_CLOSE_OUTSIDE,CLOSE_BACK_OUTSIDE,1,B,ASIA,1,1,False,True,2026-07-14 23:35:00-04:00,2026-07-14 23:39:00-04:00,2026-07-14 23:39:00-04:00,29997.25,6.8031,22.1563,29990.0,7.25,29990.0,7.25,False,30074.0,rb,RB2-030371,60,76.75,3.464,10.5862,
EP-45940-ENTRY_ON_DELAYED_DISPLACEMENT,EP-45940,NQU6,ENTRY_ON_DELAYED_DISPLACEMENT,DELAYED_DISPLACEMENT,1,B,ASIA,1,1,False,True,2026-07-14 23:35:00-04:00,2026-07-14 23:39:00-04:00,2026-07-14 23:39:00-04:00,29997.25,6.8031,22.1563,29990.0,7.25,29990.0,7.25,False,30074.0,rb,RB2-030371,60,76.75,3.464,10.5862,
EP-45943-ENTRY_ON_FIRST_CLOSE_OUTSIDE,EP-45943,NQU6,ENTRY_ON_FIRST_CLOSE_OUTSIDE,CLOSE_BACK_OUTSIDE,1,A,ASIA,1,1,False,True,2026-07-14 23:37:00-04:00,2026-07-14 23:39:00-04:00,2026-07-14 23:39:00-04:00,29997.25,6.8031,22.1563,29991.25,6.0,29990.4469,6.8031,True,30074.0,rb,RB2-030371,60,76.75,3.464,11.2816,
EP-45943-ENTRY_ON_IMMEDIATE_DISPLACEMENT,EP-45943,NQU6,ENTRY_ON_IMMEDIATE_DISPLACEMENT,IMMEDIATE_DISPLACEMENT,1,A,ASIA,1,1,False,True,2026-07-14 23:37:00-04:00,2026-07-14 23:39:00-04:00,2026-07-14 23:39:00-04:00,29997.25,6.8031,22.1563,29991.25,6.0,29990.4469,6.8031,True,30074.0,rb,RB2-030371,60,76.75,3.464,11.2816,
EP-45940-ENTRY_ON_MINIMAL_WICK_REJECTION,EP-45940,NQU6,ENTRY_ON_MINIMAL_WICK_REJECTION,MINIMAL_WICK_REJECTION,1,B,ASIA,1,1,False,True,2026-07-14 23:35:00-04:00,2026-07-14 23:42:00-04:00,2026-07-14 23:42:00-04:00,30000.5,6.7637,21.5352,29990.0,10.5,29990.0,10.5,False,30074.0,rb,RB2-030371,60,73.5,3.413,7.0,
EP-45943-ENTRY_ON_MINIMAL_WICK_REJECTION,EP-45943,NQU6,ENTRY_ON_MINIMAL_WICK_REJECTION,MINIMAL_WICK_REJECTION,1,A,ASIA,1,1,False,True,2026-07-14 23:37:00-04:00,2026-07-14 23:42:00-04:00,2026-07-14 23:42:00-04:00,30000.5,6.7637,21.5352,29991.25,9.25,29991.25,9.25,False,30074.0,rb,RB2-030371,60,73.5,3.413,7.9459,
EP-45944-ENTRY_ON_FIRST_CLOSE_OUTSIDE,EP-45944,NQU6,ENTRY_ON_FIRST_CLOSE_OUTSIDE,CLOSE_BACK_OUTSIDE,1,A,ASIA,3,1,True,True,2026-07-14 23:39:00-04:00,2026-07-14 23:42:00-04:00,2026-07-14 23:42:00-04:00,30000.5,6.7637,21.5352,29991.25,9.25,29991.25,9.25,False,30074.0,rb,RB2-030371,60,73.5,3.413,7.9459,
EP-45944-ENTRY_ON_MINIMAL_WICK_REJECTION,EP-45944,NQU6,ENTRY_ON_MINIMAL_WICK_REJECTION,MINIMAL_WICK_REJECTION,1,A,ASIA,3,1,True,True,2026-07-14 23:39:00-04:00,2026-07-14 23:42:00-04:00,2026-07-14 23:42:00-04:00,30000.5,6.7637,21.5352,29991.25,9.25,29991.25,9.25,False,30074.0,rb,RB2-030371,60,73.5,3.413,7.9459,
EP-45945-ENTRY_ON_TAP,EP-45945,NQU6,ENTRY_ON_TAP,TAP_ONLY,1,A,ASIA,3,3,False,True,,2026-07-14 23:42:00-04:00,2026-07-14 23:42:00-04:00,30000.5,6.7637,21.5352,29991.25,9.25,29991.25,9.25,False,30074.0,rb,RB2-030371,60,73.5,3.413,7.9459,
EP-45916-ENTRY_ON_FIRST_CLOSE_OUTSIDE,EP-45916,NQU6,ENTRY_ON_FIRST_CLOSE_OUTSIDE,CLOSE_BACK_OUTSIDE,1,A,ASIA,15,15,False,True,,2026-07-14 23:45:00-04:00,2026-07-14 23:45:00-04:00,29987.75,6.9126,21.2629,29947.25,40.5,29947.25,40.5,False,30074.0,rb,RB2-030371,60,86.25,4.0564,2.1296,
EP-45949-ENTRY_ON_TAP,EP-45949,NQU6,ENTRY_ON_TAP,TAP_ONLY,1,B,ASIA,3,3,False,True,,2026-07-14 23:45:00-04:00,2026-07-14 23:45:00-04:00,29987.75,6.9126,21.2629,29985.0,2.75,29980.8374,6.9126,True,30074.0,rb,RB2-030371,60,86.25,4.0564,12.4772,
EP-45950-ENTRY_ON_FIRST_CLOSE_OUTSIDE,EP-45950,NQU6,ENTRY_ON_FIRST_CLOSE_OUTSIDE,CLOSE_BACK_OUTSIDE,1,B,ASIA,3,1,True,True,2026-07-14 23:43:00-04:00,2026-07-14 23:46:00-04:00,2026-07-14 23:46:00-04:00,29992.75,6.9892,21.2629,29985.0,7.75,29985.0,7.75,False,30074.0,rb,RB2-030371,60,81.25,3.8212,10.4839,
EP-45950-ENTRY_ON_MINIMAL_WICK_REJECTION,EP-45950,NQU6,ENTRY_ON_MINIMAL_WICK_REJECTION,MINIMAL_WICK_REJECTION,1,B,ASIA,3,1,True,True,2026-07-14 23:43:00-04:00,2026-07-14 23:46:00-04:00,2026-07-14 23:46:00-04:00,29992.75,6.9892,21.2629,29985.0,7.75,29985.0,7.75,False,30074.0,rb,RB2-030371,60,81.25,3.8212,10.4839,
EP-45950-ENTRY_ON_DELAYED_DISPLACEMENT,EP-45950,NQU6,ENTRY_ON_DELAYED_DISPLACEMENT,DELAYED_DISPLACEMENT,1,B,ASIA,3,1,True,True,2026-07-14 23:43:00-04:00,2026-07-14 23:46:00-04:00,2026-07-14 23:46:00-04:00,29992.75,6.9892,21.2629,29985.0,7.75,29985.0,7.75,False,30074.0,rb,RB2-030371,60,81.25,3.8212,10.4839,
EP-45951-ENTRY_ON_FIRST_CLOSE_OUTSIDE,EP-45951,NQU6,ENTRY_ON_FIRST_CLOSE_OUTSIDE,CLOSE_BACK_OUTSIDE,1,A,ASIA,1,1,False,True,2026-07-14 23:44:00-04:00,2026-07-14 23:46:00-04:00,2026-07-14 23:46:00-04:00,29992.75,6.9892,21.2629,29988.5,4.25,29985.7608,6.9892,True,30074.0,rb,RB2-030371,60,81.25,3.8212,11.6251,
EP-45951-ENTRY_ON_MINIMAL_WICK_REJECTION,EP-45951,NQU6,ENTRY_ON_MINIMAL_WICK_REJECTION,MINIMAL_WICK_REJECTION,1,A,ASIA,1,1,False,True,2026-07-14 23:44:00-04:00,2026-07-14 23:46:00-04:00,2026-07-14 23:46:00-04:00,29992.75,6.9892,21.2629,29988.5,4.25,29985.7608,6.9892,True,30074.0,rb,RB2-030371,60,81.25,3.8212,11.6251,
EP-45951-ENTRY_ON_IMMEDIATE_DISPLACEMENT,EP-45951,NQU6,ENTRY_ON_IMMEDIATE_DISPLACEMENT,IMMEDIATE_DISPLACEMENT,1,A,ASIA,1,1,False,True,2026-07-14 23:44:00-04:00,2026-07-14 23:46:00-04:00,2026-07-14 23:46:00-04:00,29992.75,6.9892,21.2629,29988.5,4.25,29985.7608,6.9892,True,30074.0,rb,RB2-030371,60,81.25,3.8212,11.6251,
EP-45949-ENTRY_ON_FIRST_CLOSE_OUTSIDE,EP-45949,NQU6,ENTRY_ON_FIRST_CLOSE_OUTSIDE,CLOSE_BACK_OUTSIDE,1,B,ASIA,3,3,False,True,,2026-07-14 23:48:00-04:00,2026-07-14 23:48:00-04:00,29995.5,6.7857,21.2629,29985.0,10.5,29985.0,10.5,False,30074.0,rb,RB2-030371,60,78.5,3.6919,7.4762,
EP-45949-ENTRY_ON_MINIMAL_WICK_REJECTION,EP-45949,NQU6,ENTRY_ON_MINIMAL_WICK_REJECTION,MINIMAL_WICK_REJECTION,1,B,ASIA,3,3,False,True,,2026-07-14 23:48:00-04:00,2026-07-14 23:48:00-04:00,29995.5,6.7857,21.2629,29985.0,10.5,29985.0,10.5,False,30074.0,rb,RB2-030371,60,78.5,3.6919,7.4762,
EP-45949-ENTRY_ON_IMMEDIATE_DISPLACEMENT,EP-45949,NQU6,ENTRY_ON_IMMEDIATE_DISPLACEMENT,IMMEDIATE_DISPLACEMENT,1,B,ASIA,3,3,False,True,,2026-07-14 23:48:00-04:00,2026-07-14 23:48:00-04:00,29995.5,6.7857,21.2629,29985.0,10.5,29985.0,10.5,False,30074.0,rb,RB2-030371,60,78.5,3.6919,7.4762,
EP-45955-ENTRY_ON_TAP,EP-45955,NQU6,ENTRY_ON_TAP,TAP_ONLY,1,A,ASIA,1,1,False,True,2026-07-14 23:47:00-04:00,2026-07-14 23:48:00-04:00,2026-07-14 23:48:00-04:00,29995.5,6.7857,21.2629,29990.0,5.5,29988.7143,6.7857,True,30074.0,rb,RB2-030371,60,78.5,3.6919,11.5684,
EP-45955-ENTRY_ON_FIRST_CLOSE_OUTSIDE,EP-45955,NQU6,ENTRY_ON_FIRST_CLOSE_OUTSIDE,CLOSE_BACK_OUTSIDE,1,A,ASIA,1,1,False,True,2026-07-14 23:47:00-04:00,2026-07-14 23:49:00-04:00,2026-07-14 23:49:00-04:00,30000.5,6.9717,21.2629,29990.0,10.5,29990.0,10.5,False,30074.0,rb,RB2-030371,60,73.5,3.4567,7.0,
EP-45955-ENTRY_ON_MINIMAL_WICK_REJECTION,EP-45955,NQU6,ENTRY_ON_MINIMAL_WICK_REJECTION,MINIMAL_WICK_REJECTION,1,A,ASIA,1,1,False,True,2026-07-14 23:47:00-04:00,2026-07-14 23:49:00-04:00,2026-07-14 23:49:00-04:00,30000.5,6.9717,21.2629,29990.0,10.5,29990.0,10.5,False,30074.0,rb,RB2-030371,60,73.5,3.4567,7.0,
EP-45955-ENTRY_ON_IMMEDIATE_DISPLACEMENT,EP-45955,NQU6,ENTRY_ON_IMMEDIATE_DISPLACEMENT,IMMEDIATE_DISPLACEMENT,1,A,ASIA,1,1,False,True,2026-07-14 23:47:00-04:00,2026-07-14 23:49:00-04:00,2026-07-14 23:49:00-04:00,30000.5,6.9717,21.2629,29990.0,10.5,29990.0,10.5,False,30074.0,rb,RB2-030371,60,73.5,3.4567,7.0,
EP-45950-ENTRY_ON_NEW_FVG,EP-45950,NQU6,ENTRY_ON_NEW_FVG,NEW_FVG,1,B,ASIA,3,1,True,True,2026-07-14 23:43:00-04:00,2026-07-14 23:50:00-04:00,2026-07-14 23:50:00-04:00,30008.5,7.1291,21.2936,29985.0,23.5,29985.0,23.5,False,30074.0,rb,RB2-030371,60,65.5,3.076,2.7872,
EP-45951-ENTRY_ON_NEW_FVG,EP-45951,NQU6,ENTRY_ON_NEW_FVG,NEW_FVG,1,A,ASIA,1,1,False,True,2026-07-14 23:44:00-04:00,2026-07-14 23:50:00-04:00,2026-07-14 23:50:00-04:00,30008.5,7.1291,21.2936,29988.5,20.0,29988.5,20.0,False,30074.0,rb,RB2-030371,60,65.5,3.076,3.275,
EP-45955-ENTRY_ON_DELAYED_DISPLACEMENT,EP-45955,NQU6,ENTRY_ON_DELAYED_DISPLACEMENT,DELAYED_DISPLACEMENT,1,A,ASIA,1,1,False,True,2026-07-14 23:47:00-04:00,2026-07-14 23:50:00-04:00,2026-07-14 23:50:00-04:00,30008.5,7.1291,21.2936,29990.0,18.5,29990.0,18.5,False,30074.0,rb,RB2-030371,60,65.5,3.076,3.5405,
EP-45955-ENTRY_ON_NEW_FVG,EP-45955,NQU6,ENTRY_ON_NEW_FVG,NEW_FVG,1,A,ASIA,1,1,False,True,2026-07-14 23:47:00-04:00,2026-07-14 23:50:00-04:00,2026-07-14 23:50:00-04:00,30008.5,7.1291,21.2936,29990.0,18.5,29990.0,18.5,False,30074.0,rb,RB2-030371,60,65.5,3.076,3.5405,
EP-45949-ENTRY_ON_DELAYED_DISPLACEMENT,EP-45949,NQU6,ENTRY_ON_DELAYED_DISPLACEMENT,DELAYED_DISPLACEMENT,1,B,ASIA,3,3,False,True,,2026-07-14 23:51:00-04:00,2026-07-14 23:51:00-04:00,30017.25,7.3008,21.2936,29985.0,32.25,29985.0,32.25,False,30074.0,rb,RB2-030371,60,56.75,2.6651,1.7597,
EP-45959-ENTRY_ON_TAP,EP-45959,NQU6,ENTRY_ON_TAP,TAP_ONLY,1,A,ASIA,1,1,False,True,2026-07-14 23:52:00-04:00,2026-07-14 23:53:00-04:00,2026-07-14 23:53:00-04:00,30017.0,7.1131,21.2936,30012.25,4.75,30009.8869,7.1131,True,30074.0,rb,RB2-030371,60,57.0,2.6769,8.0134,
EP-45959-ENTRY_ON_FIRST_CLOSE_OUTSIDE,EP-45959,NQU6,ENTRY_ON_FIRST_CLOSE_OUTSIDE,CLOSE_BACK_OUTSIDE,1,A,ASIA,1,1,False,True,2026-07-14 23:52:00-04:00,2026-07-14 23:57:00-04:00,2026-07-14 23:57:00-04:00,30017.25,6.64,20.8751,30012.25,5.0,30010.61,6.64,True,30074.0,rb,RB2-030371,60,56.75,2.7185,8.5467,
EP-45959-ENTRY_ON_MINIMAL_WICK_REJECTION,EP-45959,NQU6,ENTRY_ON_MINIMAL_WICK_REJECTION,MINIMAL_WICK_REJECTION,1,A,ASIA,1,1,False,True,2026-07-14 23:52:00-04:00,2026-07-14 23:57:00-04:00,2026-07-14 23:57:00-04:00,30017.25,6.64,20.8751,30012.25,5.0,30010.61,6.64,True,30074.0,rb,RB2-030371,60,56.75,2.7185,8.5467,
EP-45960-ENTRY_ON_FIRST_CLOSE_OUTSIDE,EP-45960,NQU6,ENTRY_ON_FIRST_CLOSE_OUTSIDE,CLOSE_BACK_OUTSIDE,1,A,ASIA,3,1,True,True,2026-07-14 23:54:00-04:00,2026-07-14 23:57:00-04:00,2026-07-14 23:57:00-04:00,30017.25,6.64,20.8751,30012.25,5.0,30010.61,6.64,True,30074.0,rb,RB2-030371,60,56.75,2.7185,8.5467,
EP-45960-ENTRY_ON_MINIMAL_WICK_REJECTION,EP-45960,NQU6,ENTRY_ON_MINIMAL_WICK_REJECTION,MINIMAL_WICK_REJECTION,1,A,ASIA,3,1,True,True,2026-07-14 23:54:00-04:00,2026-07-14 23:57:00-04:00,2026-07-14 23:57:00-04:00,30017.25,6.64,20.8751,30012.25,5.0,30010.61,6.64,True,30074.0,rb,RB2-030371,60,56.75,2.7185,8.5467,
EP-45961-ENTRY_ON_TAP,EP-45961,NQU6,ENTRY_ON_TAP,TAP_ONLY,1,A,ASIA,3,3,False,True,,2026-07-14 23:57:00-04:00,2026-07-14 23:57:00-04:00,30017.25,6.64,20.8751,30012.25,5.0,30010.61,6.64,True,30074.0,rb,RB2-030371,60,56.75,2.7185,8.5467,
EP-45901-ENTRY_ON_FIRST_CLOSE_OUTSIDE,EP-45901,NQU6,ENTRY_ON_FIRST_CLOSE_OUTSIDE,CLOSE_BACK_OUTSIDE,1,B,ASIA,30,30,False,True,,2026-07-15 00:00:00-04:00,2026-07-15 00:00:00-04:00,30012.75,6.4953,20.3803,29942.75,70.0,29942.75,70.0,False,30074.0,rb,RB2-030371,60,61.25,3.0054,0.875,
EP-45902-ENTRY_ON_TAP,EP-45902,NQU6,ENTRY_ON_TAP,TAP_ONLY,1,B,ASIA,60,60,False,True,,2026-07-15 00:00:00-04:00,2026-07-15 00:00:00-04:00,30012.75,6.4953,20.3803,29938.0,74.75,29938.0,74.75,False,30074.0,rb,RB2-030371,60,61.25,3.0054,0.8194,
EP-45916-ENTRY_ON_DELAYED_DISPLACEMENT,EP-45916,NQU6,ENTRY_ON_DELAYED_DISPLACEMENT,DELAYED_DISPLACEMENT,1,A,ASIA,15,15,False,True,,2026-07-15 00:00:00-04:00,2026-07-15 00:00:00-04:00,30012.75,6.4953,20.3803,29947.25,65.5,29947.25,65.5,False,30074.0,rb,RB2-030371,60,61.25,3.0054,0.9351,
EP-45916-ENTRY_ON_NEW_FVG,EP-45916,NQU6,ENTRY_ON_NEW_FVG,NEW_FVG,1,A,ASIA,15,15,False,True,,2026-07-15 00:00:00-04:00,2026-07-15 00:00:00-04:00,30012.75,6.4953,20.3803,29947.25,65.5,29947.25,65.5,False,30074.0,rb,RB2-030371,60,61.25,3.0054,0.9351,
EP-46026-ENTRY_ON_DELAYED_DISPLACEMENT,EP-46026,NQU6,ENTRY_ON_DELAYED_DISPLACEMENT,DELAYED_DISPLACEMENT,1,A,ASIA,3,3,False,True,,2026-07-15 00:54:00-04:00,2026-07-15 00:54:00-04:00,30015.5,5.5575,17.9307,30001.75,13.75,30001.75,13.75,False,30074.0,rb,RB2-030371,60,58.5,3.2626,4.2545,
EP-46037-ENTRY_ON_FIRST_CLOSE_OUTSIDE,EP-46037,NQU6,ENTRY_ON_FIRST_CLOSE_OUTSIDE,CLOSE_BACK_OUTSIDE,1,A,ASIA,1,1,False,True,2026-07-15 00:56:00-04:00,2026-07-15 00:59:00-04:00,2026-07-15 00:59:00-04:00,30015.25,5.7924,17.7461,30006.5,8.75,30006.5,8.75,False,30074.0,rb,RB2-030371,60,58.75,3.3106,6.7143,
EP-46037-ENTRY_ON_MINIMAL_WICK_REJECTION,EP-46037,NQU6,ENTRY_ON_MINIMAL_WICK_REJECTION,MINIMAL_WICK_REJECTION,1,A,ASIA,1,1,False,True,2026-07-15 00:56:00-04:00,2026-07-15 00:59:00-04:00,2026-07-15 00:59:00-04:00,30015.25,5.7924,17.7461,30006.5,8.75,30006.5,8.75,False,30074.0,rb,RB2-030371,60,58.75,3.3106,6.7143,
EP-46037-ENTRY_ON_DELAYED_DISPLACEMENT,EP-46037,NQU6,ENTRY_ON_DELAYED_DISPLACEMENT,DELAYED_DISPLACEMENT,1,A,ASIA,1,1,False,True,2026-07-15 00:56:00-04:00,2026-07-15 00:59:00-04:00,2026-07-15 00:59:00-04:00,30015.25,5.7924,17.7461,30006.5,8.75,30006.5,8.75,False,30074.0,rb,RB2-030371,60,58.75,3.3106,6.7143,
EP-46039-ENTRY_ON_FIRST_CLOSE_OUTSIDE,EP-46039,NQU6,ENTRY_ON_FIRST_CLOSE_OUTSIDE,CLOSE_BACK_OUTSIDE,1,A,ASIA,3,1,True,True,2026-07-15 00:57:00-04:00,2026-07-15 00:59:00-04:00,2026-07-15 00:59:00-04:00,30015.25,5.7924,17.7461,30007.0,8.25,30007.0,8.25,False,30074.0,rb,RB2-030371,60,58.75,3.3106,7.1212,
EP-46039-ENTRY_ON_MINIMAL_WICK_REJECTION,EP-46039,NQU6,ENTRY_ON_MINIMAL_WICK_REJECTION,MINIMAL_WICK_REJECTION,1,A,ASIA,3,1,True,True,2026-07-15 00:57:00-04:00,2026-07-15 00:59:00-04:00,2026-07-15 00:59:00-04:00,30015.25,5.7924,17.7461,30007.0,8.25,30007.0,8.25,False,30074.0,rb,RB2-030371,60,58.75,3.3106,7.1212,
EP-46039-ENTRY_ON_IMMEDIATE_DISPLACEMENT,EP-46039,NQU6,ENTRY_ON_IMMEDIATE_DISPLACEMENT,IMMEDIATE_DISPLACEMENT,1,A,ASIA,3,1,True,True,2026-07-15 00:57:00-04:00,2026-07-15 00:59:00-04:00,2026-07-15 00:59:00-04:00,30015.25,5.7924,17.7461,30007.0,8.25,30007.0,8.25,False,30074.0,rb,RB2-030371,60,58.75,3.3106,7.1212,
EP-45902-ENTRY_ON_FIRST_CLOSE_OUTSIDE,EP-45902,NQU6,ENTRY_ON_FIRST_CLOSE_OUTSIDE,CLOSE_BACK_OUTSIDE,1,B,ASIA,60,60,False,True,,2026-07-15 01:00:00-04:00,2026-07-15 01:00:00-04:00,30022.5,6.1031,17.7671,29938.0,84.5,29938.0,84.5,False,30074.0,rb,RB2-030371,60,51.5,2.8986,0.6095,
EP-46010-ENTRY_ON_FIRST_CLOSE_OUTSIDE,EP-46010,NQU6,ENTRY_ON_FIRST_CLOSE_OUTSIDE,CLOSE_BACK_OUTSIDE,1,B,ASIA,15,15,False,True,,2026-07-15 01:00:00-04:00,2026-07-15 01:00:00-04:00,30022.5,6.1031,17.7671,29985.0,37.5,29985.0,37.5,False,30074.0,rb,RB2-030371,60,51.5,2.8986,1.3733,
EP-46040-ENTRY_ON_TAP,EP-46040,NQU6,ENTRY_ON_TAP,TAP_ONLY,1,A,ASIA,3,3,False,True,,2026-07-15 01:00:00-04:00,2026-07-15 01:00:00-04:00,30022.5,6.1031,17.7671,30007.0,15.5,30007.0,15.5,False,30074.0,rb,RB2-030371,60,51.5,2.8986,3.3226,
EP-46052-ENTRY_ON_TAP,EP-46052,NQU6,ENTRY_ON_TAP,TAP_ONLY,1,B,ASIA,1,1,False,True,2026-07-15 01:01:00-04:00,2026-07-15 01:02:00-04:00,2026-07-15 01:02:00-04:00,30028.0,8.7917,17.7671,30017.5,10.5,30017.5,10.5,False,30050.75,rb,RB2-015639,1,22.75,1.2805,2.1667,
EP-46053-ENTRY_ON_TAP,EP-46053,NQU6,ENTRY_ON_TAP,TAP_ONLY,1,A,ASIA,1,1,False,True,2026-07-15 01:01:00-04:00,2026-07-15 01:02:00-04:00,2026-07-15 01:02:00-04:00,30028.0,8.7917,17.7671,30011.75,16.25,30011.75,16.25,False,30050.75,rb,RB2-015639,1,22.75,1.2805,1.4,
EP-46168-ENTRY_ON_DELAYED_DISPLACEMENT,EP-46168,NQU6,ENTRY_ON_DELAYED_DISPLACEMENT,DELAYED_DISPLACEMENT,1,A,LONDON,5,5,False,True,,2026-07-15 03:05:00-04:00,2026-07-15 03:05:00-04:00,30046.5,10.0975,20.7851,30009.75,36.75,30009.75,36.75,False,30074.0,rb,RB2-030371,60,27.5,1.3231,0.7483,
EP-46190-ENTRY_ON_FIRST_CLOSE_OUTSIDE,EP-46190,NQU6,ENTRY_ON_FIRST_CLOSE_OUTSIDE,CLOSE_BACK_OUTSIDE,1,F,LONDON,60,1,True,True,2026-07-15 03:00:00-04:00,2026-07-15 03:05:00-04:00,2026-07-15 03:05:00-04:00,30046.5,10.0975,20.7851,30009.75,36.75,30009.75,36.75,False,30074.0,rb,RB2-030371,60,27.5,1.3231,0.7483,
EP-46190-ENTRY_ON_DELAYED_DISPLACEMENT,EP-46190,NQU6,ENTRY_ON_DELAYED_DISPLACEMENT,DELAYED_DISPLACEMENT,1,F,LONDON,60,1,True,True,2026-07-15 03:00:00-04:00,2026-07-15 03:05:00-04:00,2026-07-15 03:05:00-04:00,30046.5,10.0975,20.7851,30009.75,36.75,30009.75,36.75,False,30074.0,rb,RB2-030371,60,27.5,1.3231,0.7483,
EP-46190-ENTRY_ON_NEW_FVG,EP-46190,NQU6,ENTRY_ON_NEW_FVG,NEW_FVG,1,F,LONDON,60,1,True,True,2026-07-15 03:00:00-04:00,2026-07-15 03:05:00-04:00,2026-07-15 03:05:00-04:00,30046.5,10.0975,20.7851,30009.75,36.75,30009.75,36.75,False,30074.0,rb,RB2-030371,60,27.5,1.3231,0.7483,
EP-46192-ENTRY_ON_TAP,EP-46192,NQU6,ENTRY_ON_TAP,TAP_ONLY,1,B,LONDON,5,5,False,True,,2026-07-15 03:05:00-04:00,2026-07-15 03:05:00-04:00,30046.5,10.0975,20.7851,30007.0,39.5,30007.0,39.5,False,30074.0,rb,RB2-030371,60,27.5,1.3231,0.6962,
EP-46199-ENTRY_ON_NEW_FVG,EP-46199,NQU6,ENTRY_ON_NEW_FVG,NEW_FVG,1,F,LONDON,5,1,True,True,2026-07-15 03:01:00-04:00,2026-07-15 03:05:00-04:00,2026-07-15 03:05:00-04:00,30046.5,10.0975,20.7851,30007.0,39.5,30007.0,39.5,False,30074.0,rb,RB2-030371,60,27.5,1.3231,0.6962,
EP-46351-ENTRY_ON_FIRST_CLOSE_OUTSIDE,EP-46351,NQU6,ENTRY_ON_FIRST_CLOSE_OUTSIDE,CLOSE_BACK_OUTSIDE,1,A,LONDON,1,1,False,True,2026-07-15 05:02:00-04:00,2026-07-15 05:04:00-04:00,2026-07-15 05:04:00-04:00,29948.0,9.8967,24.5902,29939.0,9.0,29938.1033,9.8967,True,29977.75,rb,RB2-015724,1,29.75,1.2098,3.0061,
EP-46351-ENTRY_ON_MINIMAL_WICK_REJECTION,EP-46351,NQU6,ENTRY_ON_MINIMAL_WICK_REJECTION,MINIMAL_WICK_REJECTION,1,A,LONDON,1,1,False,True,2026-07-15 05:02:00-04:00,2026-07-15 05:04:00-04:00,2026-07-15 05:04:00-04:00,29948.0,9.8967,24.5902,29939.0,9.0,29938.1033,9.8967,True,29977.75,rb,RB2-015724,1,29.75,1.2098,3.0061,
EP-46351-ENTRY_ON_IMMEDIATE_DISPLACEMENT,EP-46351,NQU6,ENTRY_ON_IMMEDIATE_DISPLACEMENT,IMMEDIATE_DISPLACEMENT,1,A,LONDON,1,1,False,True,2026-07-15 05:02:00-04:00,2026-07-15 05:04:00-04:00,2026-07-15 05:04:00-04:00,29948.0,9.8967,24.5902,29939.0,9.0,29938.1033,9.8967,True,29977.75,rb,RB2-015724,1,29.75,1.2098,3.0061,
EP-46335-ENTRY_ON_DELAYED_DISPLACEMENT,EP-46335,NQU6,ENTRY_ON_DELAYED_DISPLACEMENT,DELAYED_DISPLACEMENT,1,B,LONDON,5,5,False,True,,2026-07-15 05:05:00-04:00,2026-07-15 05:05:00-04:00,29951.0,9.7239,24.201,29918.0,33.0,29918.0,33.0,False,29977.75,rb,RB2-015724,1,26.75,1.1053,0.8106,
EP-46336-ENTRY_ON_DELAYED_DISPLACEMENT,EP-46336,NQU6,ENTRY_ON_DELAYED_DISPLACEMENT,DELAYED_DISPLACEMENT,1,A,LONDON,5,5,False,True,,2026-07-15 05:05:00-04:00,2026-07-15 05:05:00-04:00,29951.0,9.7239,24.201,29902.25,48.75,29902.25,48.75,False,29977.75,rb,RB2-015724,1,26.75,1.1053,0.5487,
EP-46353-ENTRY_ON_TAP,EP-46353,NQU6,ENTRY_ON_TAP,TAP_ONLY,1,A,LONDON,1,1,False,True,2026-07-15 05:05:00-04:00,2026-07-15 05:06:00-04:00,2026-07-15 05:06:00-04:00,29950.75,9.5687,24.201,29946.0,4.75,29941.1813,9.5687,True,29977.75,rb,RB2-015724,1,27.0,1.1157,2.8217,
EP-46358-ENTRY_ON_TAP,EP-46358,NQU6,ENTRY_ON_TAP,TAP_ONLY,1,A,LONDON,5,1,True,True,2026-07-15 05:11:00-04:00,2026-07-15 05:12:00-04:00,2026-07-15 05:12:00-04:00,29949.5,8.912,23.6614,29943.5,6.0,29940.588,8.912,True,29977.75,rb,RB2-015724,1,28.25,1.1939,3.1699,
EP-46360-ENTRY_ON_TAP,EP-46360,NQU6,ENTRY_ON_TAP,TAP_ONLY,1,B,LONDON,5,1,True,True,2026-07-15 05:12:00-04:00,2026-07-15 05:13:00-04:00,2026-07-15 05:13:00-04:00,29950.0,8.8219,23.6614,29940.25,9.75,29940.25,9.75,False,29977.75,rb,RB2-015724,1,27.75,1.1728,2.8462,
EP-46361-ENTRY_ON_TAP,EP-46361,NQU6,ENTRY_ON_TAP,TAP_ONLY,1,A,LONDON,1,1,False,True,2026-07-15 05:12:00-04:00,2026-07-15 05:13:00-04:00,2026-07-15 05:13:00-04:00,29950.0,8.8219,23.6614,29947.5,2.5,29941.1781,8.8219,True,29977.75,rb,RB2-015724,1,27.75,1.1728,3.1456,
EP-46506-ENTRY_ON_TAP,EP-46506,NQU6,ENTRY_ON_TAP,TAP_ONLY,-1,B,LONDON,1,1,False,True,2026-07-15 07:00:00-04:00,2026-07-15 07:01:00-04:00,2026-07-15 07:01:00-04:00,29949.5,8.7884,20.4857,29954.0,4.5,29958.2884,8.7884,True,29927.25,rb,RB2-023248,3,22.25,1.0861,2.5317,
EP-46507-ENTRY_ON_TAP,EP-46507,NQU6,ENTRY_ON_TAP,TAP_ONLY,-1,B,LONDON,1,1,False,True,2026-07-15 07:00:00-04:00,2026-07-15 07:01:00-04:00,2026-07-15 07:01:00-04:00,29949.5,8.7884,20.4857,29950.0,0.5,29958.2884,8.7884,True,29927.25,rb,RB2-023248,3,22.25,1.0861,2.5317,
EP-46562-ENTRY_ON_NEW_FVG,EP-46562,NQU6,ENTRY_ON_NEW_FVG,NEW_FVG,-1,A,NY_PREMARKET,3,3,False,True,,2026-07-15 08:06:00-04:00,2026-07-15 08:06:00-04:00,29881.75,8.9172,19.8817,29937.75,56.0,29937.75,56.0,False,29786.0,rb,RB2-030432,60,95.75,4.816,1.7098,
EP-46583-ENTRY_ON_TAP,EP-46583,NQU6,ENTRY_ON_TAP,TAP_ONLY,-1,F,NY_PREMARKET,1,1,False,True,2026-07-15 08:07:00-04:00,2026-07-15 08:08:00-04:00,2026-07-15 08:08:00-04:00,29886.25,9.1231,19.8817,29901.0,14.75,29901.0,14.75,False,29786.0,rb,RB2-030432,60,100.25,5.0423,6.7966,
EP-46583-ENTRY_ON_FIRST_CLOSE_OUTSIDE,EP-46583,NQU6,ENTRY_ON_FIRST_CLOSE_OUTSIDE,CLOSE_BACK_OUTSIDE,-1,F,NY_PREMARKET,1,1,False,True,2026-07-15 08:07:00-04:00,2026-07-15 08:11:00-04:00,2026-07-15 08:11:00-04:00,29881.0,9.2289,20.147,29901.0,20.0,29901.0,20.0,False,29786.0,rb,RB2-030432,60,95.0,4.7153,4.75,
EP-46583-ENTRY_ON_MINIMAL_WICK_REJECTION,EP-46583,NQU6,ENTRY_ON_MINIMAL_WICK_REJECTION,MINIMAL_WICK_REJECTION,-1,F,NY_PREMARKET,1,1,False,True,2026-07-15 08:07:00-04:00,2026-07-15 08:11:00-04:00,2026-07-15 08:11:00-04:00,29881.0,9.2289,20.147,29901.0,20.0,29901.0,20.0,False,29786.0,rb,RB2-030432,60,95.0,4.7153,4.75,
EP-46583-ENTRY_ON_DELAYED_DISPLACEMENT,EP-46583,NQU6,ENTRY_ON_DELAYED_DISPLACEMENT,DELAYED_DISPLACEMENT,-1,F,NY_PREMARKET,1,1,False,True,2026-07-15 08:07:00-04:00,2026-07-15 08:11:00-04:00,2026-07-15 08:11:00-04:00,29881.0,9.2289,20.147,29901.0,20.0,29901.0,20.0,False,29786.0,rb,RB2-030432,60,95.0,4.7153,4.75,
EP-46584-ENTRY_ON_FIRST_CLOSE_OUTSIDE,EP-46584,NQU6,ENTRY_ON_FIRST_CLOSE_OUTSIDE,CLOSE_BACK_OUTSIDE,-1,A,NY_PREMARKET,1,1,False,True,2026-07-15 08:08:00-04:00,2026-07-15 08:11:00-04:00,2026-07-15 08:11:00-04:00,29881.0,9.2289,20.147,29892.5,11.5,29892.5,11.5,False,29786.0,rb,RB2-030432,60,95.0,4.7153,8.2609,
EP-46584-ENTRY_ON_MINIMAL_WICK_REJECTION,EP-46584,NQU6,ENTRY_ON_MINIMAL_WICK_REJECTION,MINIMAL_WICK_REJECTION,-1,A,NY_PREMARKET,1,1,False,True,2026-07-15 08:08:00-04:00,2026-07-15 08:11:00-04:00,2026-07-15 08:11:00-04:00,29881.0,9.2289,20.147,29892.5,11.5,29892.5,11.5,False,29786.0,rb,RB2-030432,60,95.0,4.7153,8.2609,
EP-46584-ENTRY_ON_DELAYED_DISPLACEMENT,EP-46584,NQU6,ENTRY_ON_DELAYED_DISPLACEMENT,DELAYED_DISPLACEMENT,-1,A,NY_PREMARKET,1,1,False,True,2026-07-15 08:08:00-04:00,2026-07-15 08:11:00-04:00,2026-07-15 08:11:00-04:00,29881.0,9.2289,20.147,29892.5,11.5,29892.5,11.5,False,29786.0,rb,RB2-030432,60,95.0,4.7153,8.2609,
EP-46596-ENTRY_ON_FIRST_CLOSE_OUTSIDE,EP-46596,NQU6,ENTRY_ON_FIRST_CLOSE_OUTSIDE,CLOSE_BACK_OUTSIDE,-1,A,NY_PREMARKET,5,1,True,True,2026-07-15 08:20:00-04:00,2026-07-15 08:22:00-04:00,2026-07-15 08:22:00-04:00,29859.25,9.4906,19.793,29892.75,33.5,29892.75,33.5,False,29786.0,rb,RB2-030432,60,73.25,3.7008,2.1866,
EP-46596-ENTRY_ON_IMMEDIATE_DISPLACEMENT,EP-46596,NQU6,ENTRY_ON_IMMEDIATE_DISPLACEMENT,IMMEDIATE_DISPLACEMENT,-1,A,NY_PREMARKET,5,1,True,True,2026-07-15 08:20:00-04:00,2026-07-15 08:22:00-04:00,2026-07-15 08:22:00-04:00,29859.25,9.4906,19.793,29892.75,33.5,29892.75,33.5,False,29786.0,rb,RB2-030432,60,73.25,3.7008,2.1866,
EP-46598-ENTRY_ON_TAP,EP-46598,NQU6,ENTRY_ON_TAP,TAP_ONLY,1,A,NY_PREMARKET,3,1,True,True,2026-07-15 08:21:00-04:00,2026-07-15 08:22:00-04:00,2026-07-15 08:22:00-04:00,29859.25,9.4906,19.793,29849.0,10.25,29849.0,10.25,False,29882.25,rb,RB2-027503,5,23.0,1.162,2.2439,
EP-46629-ENTRY_ON_FIRST_CLOSE_OUTSIDE,EP-46629,NQU6,ENTRY_ON_FIRST_CLOSE_OUTSIDE,CLOSE_BACK_OUTSIDE,1,A,NY_PREMARKET,3,3,False,True,,2026-07-15 08:45:00-04:00,2026-07-15 08:45:00-04:00,29952.0,15.6092,24.744,29928.25,23.75,29928.25,23.75,False,29977.75,rb,RB2-015724,1,25.75,1.0407,1.0842,
EP-46629-ENTRY_ON_MINIMAL_WICK_REJECTION,EP-46629,NQU6,ENTRY_ON_MINIMAL_WICK_REJECTION,MINIMAL_WICK_REJECTION,1,A,NY_PREMARKET,3,3,False,True,,2026-07-15 08:45:00-04:00,2026-07-15 08:45:00-04:00,29952.0,15.6092,24.744,29928.25,23.75,29928.25,23.75,False,29977.75,rb,RB2-015724,1,25.75,1.0407,1.0842,
EP-46694-ENTRY_ON_IFVG_RETEST,EP-46694,NQU6,ENTRY_ON_IFVG_RETEST,IFVG_RETEST,1,F,NY_AM,3,1,True,True,2026-07-15 09:33:00-04:00,2026-07-15 09:34:00-04:00,2026-07-15 09:34:00-04:00,29929.25,15.3281,24.4888,29911.5,17.75,29911.5,17.75,False,29980.0,rb,RB2-030055,30,50.75,2.0724,2.8592,
EP-46695-ENTRY_ON_TAP,EP-46695,NQU6,ENTRY_ON_TAP,TAP_ONLY,1,A,NY_AM,1,1,False,True,2026-07-15 09:33:00-04:00,2026-07-15 09:34:00-04:00,2026-07-15 09:34:00-04:00,29929.25,15.3281,24.4888,29918.0,11.25,29913.9219,15.3281,True,29980.0,rb,RB2-030055,30,50.75,2.0724,3.3109,
EP-46690-ENTRY_ON_TAP,EP-46690,NQU6,ENTRY_ON_TAP,TAP_ONLY,1,A,NY_AM,5,5,False,True,,2026-07-15 09:35:00-04:00,2026-07-15 09:35:00-04:00,29953.25,16.0644,26.1768,29936.25,17.0,29936.25,17.0,False,29980.0,rb,RB2-030055,30,26.75,1.0219,1.5735,
EP-46693-ENTRY_ON_FIRST_CLOSE_OUTSIDE,EP-46693,NQU6,ENTRY_ON_FIRST_CLOSE_OUTSIDE,CLOSE_BACK_OUTSIDE,1,A,NY_AM,1,1,False,True,2026-07-15 09:31:00-04:00,2026-07-15 09:35:00-04:00,2026-07-15 09:35:00-04:00,29953.25,16.0644,26.1768,29927.25,26.0,29927.25,26.0,False,29980.0,rb,RB2-030055,30,26.75,1.0219,1.0288,
EP-46693-ENTRY_ON_MINIMAL_WICK_REJECTION,EP-46693,NQU6,ENTRY_ON_MINIMAL_WICK_REJECTION,MINIMAL_WICK_REJECTION,1,A,NY_AM,1,1,False,True,2026-07-15 09:31:00-04:00,2026-07-15 09:35:00-04:00,2026-07-15 09:35:00-04:00,29953.25,16.0644,26.1768,29927.25,26.0,29927.25,26.0,False,29980.0,rb,RB2-030055,30,26.75,1.0219,1.0288,
EP-46693-ENTRY_ON_DELAYED_DISPLACEMENT,EP-46693,NQU6,ENTRY_ON_DELAYED_DISPLACEMENT,DELAYED_DISPLACEMENT,1,A,NY_AM,1,1,False,True,2026-07-15 09:31:00-04:00,2026-07-15 09:35:00-04:00,2026-07-15 09:35:00-04:00,29953.25,16.0644,26.1768,29927.25,26.0,29927.25,26.0,False,29980.0,rb,RB2-030055,30,26.75,1.0219,1.0288,
EP-46694-ENTRY_ON_FIRST_CLOSE_OUTSIDE,EP-46694,NQU6,ENTRY_ON_FIRST_CLOSE_OUTSIDE,CLOSE_BACK_OUTSIDE,1,F,NY_AM,3,1,True,True,2026-07-15 09:33:00-04:00,2026-07-15 09:35:00-04:00,2026-07-15 09:35:00-04:00,29953.25,16.0644,26.1768,29911.5,41.75,29911.5,41.75,False,29980.0,rb,RB2-030055,30,26.75,1.0219,0.6407,
EP-46694-ENTRY_ON_IMMEDIATE_DISPLACEMENT,EP-46694,NQU6,ENTRY_ON_IMMEDIATE_DISPLACEMENT,IMMEDIATE_DISPLACEMENT,1,F,NY_AM,3,1,True,True,2026-07-15 09:33:00-04:00,2026-07-15 09:35:00-04:00,2026-07-15 09:35:00-04:00,29953.25,16.0644,26.1768,29911.5,41.75,29911.5,41.75,False,29980.0,rb,RB2-030055,30,26.75,1.0219,0.6407,
EP-46695-ENTRY_ON_FIRST_CLOSE_OUTSIDE,EP-46695,NQU6,ENTRY_ON_FIRST_CLOSE_OUTSIDE,CLOSE_BACK_OUTSIDE,1,A,NY_AM,1,1,False,True,2026-07-15 09:33:00-04:00,2026-07-15 09:35:00-04:00,2026-07-15 09:35:00-04:00,29953.25,16.0644,26.1768,29918.0,35.25,29918.0,35.25,False,29980.0,rb,RB2-030055,30,26.75,1.0219,0.7589,
EP-46695-ENTRY_ON_MINIMAL_WICK_REJECTION,EP-46695,NQU6,ENTRY_ON_MINIMAL_WICK_REJECTION,MINIMAL_WICK_REJECTION,1,A,NY_AM,1,1,False,True,2026-07-15 09:33:00-04:00,2026-07-15 09:35:00-04:00,2026-07-15 09:35:00-04:00,29953.25,16.0644,26.1768,29918.0,35.25,29918.0,35.25,False,29980.0,rb,RB2-030055,30,26.75,1.0219,0.7589,
EP-46695-ENTRY_ON_IMMEDIATE_DISPLACEMENT,EP-46695,NQU6,ENTRY_ON_IMMEDIATE_DISPLACEMENT,IMMEDIATE_DISPLACEMENT,1,A,NY_AM,1,1,False,True,2026-07-15 09:33:00-04:00,2026-07-15 09:35:00-04:00,2026-07-15 09:35:00-04:00,29953.25,16.0644,26.1768,29918.0,35.25,29918.0,35.25,False,29980.0,rb,RB2-030055,30,26.75,1.0219,0.7589,
EP-46699-ENTRY_ON_DELAYED_DISPLACEMENT,EP-46699,NQU6,ENTRY_ON_DELAYED_DISPLACEMENT,DELAYED_DISPLACEMENT,-1,A,NY_AM,3,1,True,True,2026-07-15 09:36:00-04:00,2026-07-15 09:41:00-04:00,2026-07-15 09:41:00-04:00,29848.25,22.1621,29.8569,29966.5,118.25,29966.5,118.25,False,29786.0,rb,RB2-030432,60,62.25,2.0849,0.5264,
EP-46701-ENTRY_ON_DELAYED_DISPLACEMENT,EP-46701,NQU6,ENTRY_ON_DELAYED_DISPLACEMENT,DELAYED_DISPLACEMENT,-1,A,NY_AM,1,1,False,True,2026-07-15 09:37:00-04:00,2026-07-15 09:41:00-04:00,2026-07-15 09:41:00-04:00,29848.25,22.1621,29.8569,29939.25,91.0,29939.25,91.0,False,29786.0,rb,RB2-030432,60,62.25,2.0849,0.6841,
EP-46703-ENTRY_ON_FIRST_CLOSE_OUTSIDE,EP-46703,NQU6,ENTRY_ON_FIRST_CLOSE_OUTSIDE,CLOSE_BACK_OUTSIDE,-1,C,NY_AM,1,1,False,True,2026-07-15 09:38:00-04:00,2026-07-15 09:41:00-04:00,2026-07-15 09:41:00-04:00,29848.25,22.1621,29.8569,29916.25,68.0,29916.25,68.0,False,29786.0,rb,RB2-030432,60,62.25,2.0849,0.9154,
EP-46703-ENTRY_ON_DELAYED_DISPLACEMENT,EP-46703,NQU6,ENTRY_ON_DELAYED_DISPLACEMENT,DELAYED_DISPLACEMENT,-1,C,NY_AM,1,1,False,True,2026-07-15 09:38:00-04:00,2026-07-15 09:41:00-04:00,2026-07-15 09:41:00-04:00,29848.25,22.1621,29.8569,29916.25,68.0,29916.25,68.0,False,29786.0,rb,RB2-030432,60,62.25,2.0849,0.9154,
EP-46704-ENTRY_ON_FIRST_CLOSE_OUTSIDE,EP-46704,NQU6,ENTRY_ON_FIRST_CLOSE_OUTSIDE,CLOSE_BACK_OUTSIDE,-1,C,NY_AM,3,1,True,True,2026-07-15 09:39:00-04:00,2026-07-15 09:41:00-04:00,2026-07-15 09:41:00-04:00,29848.25,22.1621,29.8569,29928.25,80.0,29928.25,80.0,False,29786.0,rb,RB2-030432,60,62.25,2.0849,0.7781,
EP-46704-ENTRY_ON_IMMEDIATE_DISPLACEMENT,EP-46704,NQU6,ENTRY_ON_IMMEDIATE_DISPLACEMENT,IMMEDIATE_DISPLACEMENT,-1,C,NY_AM,3,1,True,True,2026-07-15 09:39:00-04:00,2026-07-15 09:41:00-04:00,2026-07-15 09:41:00-04:00,29848.25,22.1621,29.8569,29928.25,80.0,29928.25,80.0,False,29786.0,rb,RB2-030432,60,62.25,2.0849,0.7781,
EP-46680-ENTRY_ON_NEW_FVG,EP-46680,NQU6,ENTRY_ON_NEW_FVG,NEW_FVG,-1,A,NY_AM,3,3,False,True,,2026-07-15 09:42:00-04:00,2026-07-15 09:42:00-04:00,29847.0,22.322,29.8569,29958.0,111.0,29958.0,111.0,False,29786.0,rb,RB2-030432,60,61.0,2.0431,0.5495,
EP-46705-ENTRY_ON_IFVG_RETEST,EP-46705,NQU6,ENTRY_ON_IFVG_RETEST,IFVG_RETEST,-1,C,NY_AM,3,3,False,True,,2026-07-15 09:42:00-04:00,2026-07-15 09:42:00-04:00,29847.0,22.322,29.8569,29928.25,81.25,29928.25,81.25,False,29786.0,rb,RB2-030432,60,61.0,2.0431,0.7508,
EP-46704-ENTRY_ON_DELAYED_DISPLACEMENT,EP-46704,NQU6,ENTRY_ON_DELAYED_DISPLACEMENT,DELAYED_DISPLACEMENT,-1,C,NY_AM,3,1,True,True,2026-07-15 09:39:00-04:00,2026-07-15 09:45:00-04:00,2026-07-15 09:45:00-04:00,29834.25,24.2326,30.842,29928.25,94.0,29928.25,94.0,False,29786.0,rb,RB2-030432,60,48.25,1.5644,0.5133,
EP-46705-ENTRY_ON_FIRST_CLOSE_OUTSIDE,EP-46705,NQU6,ENTRY_ON_FIRST_CLOSE_OUTSIDE,CLOSE_BACK_OUTSIDE,-1,C,NY_AM,3,3,False,True,,2026-07-15 09:45:00-04:00,2026-07-15 09:45:00-04:00,29834.25,24.2326,30.842,29928.25,94.0,29928.25,94.0,False,29786.0,rb,RB2-030432,60,48.25,1.5644,0.5133,
EP-46705-ENTRY_ON_MINIMAL_WICK_REJECTION,EP-46705,NQU6,ENTRY_ON_MINIMAL_WICK_REJECTION,MINIMAL_WICK_REJECTION,-1,C,NY_AM,3,3,False,True,,2026-07-15 09:45:00-04:00,2026-07-15 09:45:00-04:00,29834.25,24.2326,30.842,29928.25,94.0,29928.25,94.0,False,29786.0,rb,RB2-030432,60,48.25,1.5644,0.5133,
EP-46705-ENTRY_ON_STRONG_REJECTION,EP-46705,NQU6,ENTRY_ON_STRONG_REJECTION,STRONG_REJECTION_DEPARTURE,-1,C,NY_AM,3,3,False,True,,2026-07-15 09:45:00-04:00,2026-07-15 09:45:00-04:00,29834.25,24.2326,30.842,29928.25,94.0,29928.25,94.0,False,29786.0,rb,RB2-030432,60,48.25,1.5644,0.5133,
EP-46709-ENTRY_ON_TAP,EP-46709,NQU6,ENTRY_ON_TAP,TAP_ONLY,-1,A,NY_AM,3,3,False,True,,2026-07-15 09:45:00-04:00,2026-07-15 09:45:00-04:00,29834.25,24.2326,30.842,29894.0,59.75,29894.0,59.75,False,29786.0,rb,RB2-030432,60,48.25,1.5644,0.8075,
EP-46710-ENTRY_ON_TAP,EP-46710,NQU6,ENTRY_ON_TAP,TAP_ONLY,1,B,NY_AM,3,3,False,True,,2026-07-15 09:45:00-04:00,2026-07-15 09:45:00-04:00,29834.25,24.2326,30.842,29803.25,31.0,29803.25,31.0,False,29874.0,rb,RB2-023275,3,39.75,1.2888,1.2823,
EP-46711-ENTRY_ON_FIRST_CLOSE_OUTSIDE,EP-46711,NQU6,ENTRY_ON_FIRST_CLOSE_OUTSIDE,CLOSE_BACK_OUTSIDE,-1,A,NY_AM,3,1,True,True,2026-07-15 09:43:00-04:00,2026-07-15 09:45:00-04:00,2026-07-15 09:45:00-04:00,29834.25,24.2326,30.842,29894.0,59.75,29894.0,59.75,False,29786.0,rb,RB2-030432,60,48.25,1.5644,0.8075,
EP-46711-ENTRY_ON_MINIMAL_WICK_REJECTION,EP-46711,NQU6,ENTRY_ON_MINIMAL_WICK_REJECTION,MINIMAL_WICK_REJECTION,-1,A,NY_AM,3,1,True,True,2026-07-15 09:43:00-04:00,2026-07-15 09:45:00-04:00,2026-07-15 09:45:00-04:00,29834.25,24.2326,30.842,29894.0,59.75,29894.0,59.75,False,29786.0,rb,RB2-030432,60,48.25,1.5644,0.8075,
EP-46711-ENTRY_ON_IMMEDIATE_DISPLACEMENT,EP-46711,NQU6,ENTRY_ON_IMMEDIATE_DISPLACEMENT,IMMEDIATE_DISPLACEMENT,-1,A,NY_AM,3,1,True,True,2026-07-15 09:43:00-04:00,2026-07-15 09:45:00-04:00,2026-07-15 09:45:00-04:00,29834.25,24.2326,30.842,29894.0,59.75,29894.0,59.75,False,29786.0,rb,RB2-030432,60,48.25,1.5644,0.8075,
EP-46712-ENTRY_ON_TAP,EP-46712,NQU6,ENTRY_ON_TAP,TAP_ONLY,-1,A,NY_AM,1,1,False,True,2026-07-15 09:44:00-04:00,2026-07-15 09:45:00-04:00,2026-07-15 09:45:00-04:00,29834.25,24.2326,30.842,29884.5,50.25,29884.5,50.25,False,29786.0,rb,RB2-030432,60,48.25,1.5644,0.9602,
EP-46713-ENTRY_ON_TAP,EP-46713,NQU6,ENTRY_ON_TAP,TAP_ONLY,1,B,NY_AM,3,1,True,True,2026-07-15 09:44:00-04:00,2026-07-15 09:45:00-04:00,2026-07-15 09:45:00-04:00,29834.25,24.2326,30.842,29803.25,31.0,29803.25,31.0,False,29874.0,rb,RB2-023275,3,39.75,1.2888,1.2823,
EP-46712-ENTRY_ON_FIRST_CLOSE_OUTSIDE,EP-46712,NQU6,ENTRY_ON_FIRST_CLOSE_OUTSIDE,CLOSE_BACK_OUTSIDE,-1,A,NY_AM,1,1,False,True,2026-07-15 09:44:00-04:00,2026-07-15 09:46:00-04:00,2026-07-15 09:46:00-04:00,29832.0,24.6292,30.842,29884.5,52.5,29884.5,52.5,False,29786.0,rb,RB2-030432,60,46.0,1.4915,0.8762,
EP-46715-ENTRY_ON_TAP,EP-46715,NQU6,ENTRY_ON_TAP,TAP_ONLY,1,B,NY_AM,1,1,False,True,2026-07-15 09:46:00-04:00,2026-07-15 09:47:00-04:00,2026-07-15 09:47:00-04:00,29811.5,25.1759,30.842,29800.5,11.0,29786.3241,25.1759,True,29874.0,rb,RB2-023275,3,62.5,2.0265,2.4825,
EP-46725-ENTRY_ON_MINIMAL_WICK_REJECTION,EP-46725,NQU6,ENTRY_ON_MINIMAL_WICK_REJECTION,MINIMAL_WICK_REJECTION,-1,A,NY_AM,1,1,False,True,2026-07-15 09:52:00-04:00,2026-07-15 09:54:00-04:00,2026-07-15 09:54:00-04:00,29769.75,26.6229,32.557,29779.75,10.0,29796.3729,26.6229,True,29606.75,rb,RB2-030430,60,163.0,5.0066,6.1225,
EP-46725-ENTRY_ON_IMMEDIATE_DISPLACEMENT,EP-46725,NQU6,ENTRY_ON_IMMEDIATE_DISPLACEMENT,IMMEDIATE_DISPLACEMENT,-1,A,NY_AM,1,1,False,True,2026-07-15 09:52:00-04:00,2026-07-15 09:54:00-04:00,2026-07-15 09:54:00-04:00,29769.75,26.6229,32.557,29779.75,10.0,29796.3729,26.6229,True,29606.75,rb,RB2-030430,60,163.0,5.0066,6.1225,
EP-46743-ENTRY_ON_IFVG_RETEST,EP-46743,NQU6,ENTRY_ON_IFVG_RETEST,IFVG_RETEST,1,C,NY_AM,3,3,False,True,,2026-07-15 10:06:00-04:00,2026-07-15 10:06:00-04:00,29838.75,27.7578,34.3121,29812.75,26.0,29810.9922,27.7578,True,29874.0,rb,RB2-023275,3,35.25,1.0273,1.2699,
EP-46744-ENTRY_ON_IFVG_RETEST,EP-46744,NQU6,ENTRY_ON_IFVG_RETEST,IFVG_RETEST,1,F,NY_AM,3,1,True,True,2026-07-15 10:05:00-04:00,2026-07-15 10:06:00-04:00,2026-07-15 10:06:00-04:00,29838.75,27.7578,34.3121,29812.75,26.0,29810.9922,27.7578,True,29874.0,rb,RB2-023275,3,35.25,1.0273,1.2699,
EP-46746-ENTRY_ON_TAP,EP-46746,NQU6,ENTRY_ON_TAP,TAP_ONLY,-1,B,NY_AM,5,1,True,True,2026-07-15 10:06:00-04:00,2026-07-15 10:07:00-04:00,2026-07-15 10:07:00-04:00,29886.75,28.8512,34.3121,29912.5,25.75,29915.6012,28.8512,True,29833.0,fvg,FVG2-004056,1,53.75,1.5665,1.863,
EP-46746-ENTRY_ON_FIRST_CLOSE_OUTSIDE,EP-46746,NQU6,ENTRY_ON_FIRST_CLOSE_OUTSIDE,CLOSE_BACK_OUTSIDE,-1,B,NY_AM,5,1,True,True,2026-07-15 10:06:00-04:00,2026-07-15 10:09:00-04:00,2026-07-15 10:09:00-04:00,29878.75,27.7688,34.3121,29912.5,33.75,29912.5,33.75,False,29833.0,fvg,FVG2-004056,1,45.75,1.3334,1.3556,
EP-46746-ENTRY_ON_MINIMAL_WICK_REJECTION,EP-46746,NQU6,ENTRY_ON_MINIMAL_WICK_REJECTION,MINIMAL_WICK_REJECTION,-1,B,NY_AM,5,1,True,True,2026-07-15 10:06:00-04:00,2026-07-15 10:09:00-04:00,2026-07-15 10:09:00-04:00,29878.75,27.7688,34.3121,29912.5,33.75,29912.5,33.75,False,29833.0,fvg,FVG2-004056,1,45.75,1.3334,1.3556,
EP-46761-ENTRY_ON_FIRST_CLOSE_OUTSIDE,EP-46761,NQU6,ENTRY_ON_FIRST_CLOSE_OUTSIDE,CLOSE_BACK_OUTSIDE,-1,C,NY_AM,3,3,False,True,,2026-07-15 10:21:00-04:00,2026-07-15 10:21:00-04:00,29759.25,29.1307,37.2418,29822.25,63.0,29822.25,63.0,False,29606.75,rb,RB2-030430,60,152.5,4.0949,2.4206,
EP-46761-ENTRY_ON_MINIMAL_WICK_REJECTION,EP-46761,NQU6,ENTRY_ON_MINIMAL_WICK_REJECTION,MINIMAL_WICK_REJECTION,-1,C,NY_AM,3,3,False,True,,2026-07-15 10:21:00-04:00,2026-07-15 10:21:00-04:00,29759.25,29.1307,37.2418,29822.25,63.0,29822.25,63.0,False,29606.75,rb,RB2-030430,60,152.5,4.0949,2.4206,
EP-46761-ENTRY_ON_IMMEDIATE_DISPLACEMENT,EP-46761,NQU6,ENTRY_ON_IMMEDIATE_DISPLACEMENT,IMMEDIATE_DISPLACEMENT,-1,C,NY_AM,3,3,False,True,,2026-07-15 10:21:00-04:00,2026-07-15 10:21:00-04:00,29759.25,29.1307,37.2418,29822.25,63.0,29822.25,63.0,False,29606.75,rb,RB2-030430,60,152.5,4.0949,2.4206,
EP-46765-ENTRY_ON_DELAYED_DISPLACEMENT,EP-46765,NQU6,ENTRY_ON_DELAYED_DISPLACEMENT,DELAYED_DISPLACEMENT,-1,B,NY_AM,1,1,False,True,2026-07-15 10:17:00-04:00,2026-07-15 10:21:00-04:00,2026-07-15 10:21:00-04:00,29759.25,29.1307,37.2418,29830.25,71.0,29830.25,71.0,False,29606.75,rb,RB2-030430,60,152.5,4.0949,2.1479,
EP-46768-ENTRY_ON_IFVG_RETEST,EP-46768,NQU6,ENTRY_ON_IFVG_RETEST,IFVG_RETEST,-1,F,NY_AM,5,1,True,True,2026-07-15 10:20:00-04:00,2026-07-15 10:21:00-04:00,2026-07-15 10:21:00-04:00,29759.25,29.1307,37.2418,29822.25,63.0,29822.25,63.0,False,29606.75,rb,RB2-030430,60,152.5,4.0949,2.4206,
EP-46768-ENTRY_ON_FIRST_CLOSE_OUTSIDE,EP-46768,NQU6,ENTRY_ON_FIRST_CLOSE_OUTSIDE,CLOSE_BACK_OUTSIDE,-1,F,NY_AM,5,1,True,True,2026-07-15 10:20:00-04:00,2026-07-15 10:23:00-04:00,2026-07-15 10:23:00-04:00,29751.0,29.4429,37.2418,29822.25,71.25,29822.25,71.25,False,29606.75,rb,RB2-030430,60,144.25,3.8733,2.0246,
EP-46788-ENTRY_ON_TAP,EP-46788,NQU6,ENTRY_ON_TAP,TAP_ONLY,1,B,NY_AM,1,1,False,True,2026-07-15 10:36:00-04:00,2026-07-15 10:37:00-04:00,2026-07-15 10:37:00-04:00,29621.0,34.3941,45.7864,29614.25,6.75,29586.6059,34.3941,True,29678.25,rb,RB2-023284,3,57.25,1.2504,1.6645,
EP-46762-ENTRY_ON_DELAYED_DISPLACEMENT,EP-46762,NQU6,ENTRY_ON_DELAYED_DISPLACEMENT,DELAYED_DISPLACEMENT,-1,C,NY_AM,5,5,False,True,,2026-07-15 10:40:00-04:00,2026-07-15 10:40:00-04:00,29602.75,33.3035,48.6599,29826.25,223.5,29826.25,223.5,False,29490.0,fvg,FVG2-007804,60,112.75,2.3171,0.5045,
EP-46769-ENTRY_ON_DELAYED_DISPLACEMENT,EP-46769,NQU6,ENTRY_ON_DELAYED_DISPLACEMENT,DELAYED_DISPLACEMENT,-1,C,NY_AM,5,5,False,True,,2026-07-15 10:40:00-04:00,2026-07-15 10:40:00-04:00,29602.75,33.3035,48.6599,29822.25,219.5,29822.25,219.5,False,29490.0,fvg,FVG2-007804,60,112.75,2.3171,0.5137,
EP-46791-ENTRY_ON_FIRST_CLOSE_OUTSIDE,EP-46791,NQU6,ENTRY_ON_FIRST_CLOSE_OUTSIDE,CLOSE_BACK_OUTSIDE,-1,A,NY_AM,1,1,False,True,2026-07-15 10:38:00-04:00,2026-07-15 10:40:00-04:00,2026-07-15 10:40:00-04:00,29602.75,33.3035,48.6599,29634.75,32.0,29636.0535,33.3035,True,29490.0,fvg,FVG2-007804,60,112.75,2.3171,3.3855,
EP-46789-ENTRY_ON_FIRST_CLOSE_OUTSIDE,EP-46789,NQU6,ENTRY_ON_FIRST_CLOSE_OUTSIDE,CLOSE_BACK_OUTSIDE,-1,A,NY_AM,3,3,False,True,,2026-07-15 10:42:00-04:00,2026-07-15 10:42:00-04:00,29603.5,33.5114,48.6599,29714.0,110.5,29714.0,110.5,False,29490.0,fvg,FVG2-007804,60,113.5,2.3325,1.0271,
EP-46791-ENTRY_ON_MINIMAL_WICK_REJECTION,EP-46791,NQU6,ENTRY_ON_MINIMAL_WICK_REJECTION,MINIMAL_WICK_REJECTION,-1,A,NY_AM,1,1,False,True,2026-07-15 10:38:00-04:00,2026-07-15 10:42:00-04:00,2026-07-15 10:42:00-04:00,29603.5,33.5114,48.6599,29634.75,31.25,29637.0114,33.5114,True,29490.0,fvg,FVG2-007804,60,113.5,2.3325,3.3869,
EP-46791-ENTRY_ON_DELAYED_DISPLACEMENT,EP-46791,NQU6,ENTRY_ON_DELAYED_DISPLACEMENT,DELAYED_DISPLACEMENT,-1,A,NY_AM,1,1,False,True,2026-07-15 10:38:00-04:00,2026-07-15 10:43:00-04:00,2026-07-15 10:43:00-04:00,29542.0,34.938,48.6599,29634.75,92.75,29634.75,92.75,False,29490.0,fvg,FVG2-007804,60,52.0,1.0686,0.5606,
EP-46795-ENTRY_ON_TAP,EP-46795,NQU6,ENTRY_ON_TAP,TAP_ONLY,1,F,NY_AM,3,1,True,True,2026-07-15 10:42:00-04:00,2026-07-15 10:43:00-04:00,2026-07-15 10:43:00-04:00,29542.0,34.938,48.6599,29534.75,7.25,29507.062,34.938,True,29621.0,rb,RB2-015914,1,79.0,1.6235,2.2611,
EP-46795-ENTRY_ON_FIRST_CLOSE_OUTSIDE,EP-46795,NQU6,ENTRY_ON_FIRST_CLOSE_OUTSIDE,CLOSE_BACK_OUTSIDE,1,F,NY_AM,3,1,True,True,2026-07-15 10:42:00-04:00,2026-07-15 10:44:00-04:00,2026-07-15 10:44:00-04:00,29570.75,35.0239,48.6599,29534.75,36.0,29534.75,36.0,False,29621.0,rb,RB2-015914,1,50.25,1.0327,1.3958,
EP-46795-ENTRY_ON_MINIMAL_WICK_REJECTION,EP-46795,NQU6,ENTRY_ON_MINIMAL_WICK_REJECTION,MINIMAL_WICK_REJECTION,1,F,NY_AM,3,1,True,True,2026-07-15 10:42:00-04:00,2026-07-15 10:44:00-04:00,2026-07-15 10:44:00-04:00,29570.75,35.0239,48.6599,29534.75,36.0,29534.75,36.0,False,29621.0,rb,RB2-015914,1,50.25,1.0327,1.3958,
EP-46795-ENTRY_ON_IMMEDIATE_DISPLACEMENT,EP-46795,NQU6,ENTRY_ON_IMMEDIATE_DISPLACEMENT,IMMEDIATE_DISPLACEMENT,1,F,NY_AM,3,1,True,True,2026-07-15 10:42:00-04:00,2026-07-15 10:44:00-04:00,2026-07-15 10:44:00-04:00,29570.75,35.0239,48.6599,29534.75,36.0,29534.75,36.0,False,29621.0,rb,RB2-015914,1,50.25,1.0327,1.3958,
EP-46797-ENTRY_ON_FIRST_CLOSE_OUTSIDE,EP-46797,NQU6,ENTRY_ON_FIRST_CLOSE_OUTSIDE,CLOSE_BACK_OUTSIDE,1,A,NY_AM,1,1,False,True,2026-07-15 10:42:00-04:00,2026-07-15 10:44:00-04:00,2026-07-15 10:44:00-04:00,29570.75,35.0239,48.6599,29561.75,9.0,29535.7261,35.0239,True,29621.0,rb,RB2-015914,1,50.25,1.0327,1.4347,
EP-46797-ENTRY_ON_MINIMAL_WICK_REJECTION,EP-46797,NQU6,ENTRY_ON_MINIMAL_WICK_REJECTION,MINIMAL_WICK_REJECTION,1,A,NY_AM,1,1,False,True,2026-07-15 10:42:00-04:00,2026-07-15 10:44:00-04:00,2026-07-15 10:44:00-04:00,29570.75,35.0239,48.6599,29561.75,9.0,29535.7261,35.0239,True,29621.0,rb,RB2-015914,1,50.25,1.0327,1.4347,
EP-46797-ENTRY_ON_IMMEDIATE_DISPLACEMENT,EP-46797,NQU6,ENTRY_ON_IMMEDIATE_DISPLACEMENT,IMMEDIATE_DISPLACEMENT,1,A,NY_AM,1,1,False,True,2026-07-15 10:42:00-04:00,2026-07-15 10:44:00-04:00,2026-07-15 10:44:00-04:00,29570.75,35.0239,48.6599,29561.75,9.0,29535.7261,35.0239,True,29621.0,rb,RB2-015914,1,50.25,1.0327,1.4347,
EP-46826-ENTRY_ON_NEW_FVG,EP-46826,NQU6,ENTRY_ON_NEW_FVG,NEW_FVG,-1,A,NY_AM,1,1,False,True,2026-07-15 11:09:00-04:00,2026-07-15 11:17:00-04:00,2026-07-15 11:17:00-04:00,29554.0,29.3007,54.0347,29648.0,94.0,29648.0,94.0,False,29490.0,fvg,FVG2-007804,60,64.0,1.1844,0.6809,
EP-46827-ENTRY_ON_NEW_FVG,EP-46827,NQU6,ENTRY_ON_NEW_FVG,NEW_FVG,-1,A,NY_AM,1,1,False,True,2026-07-15 11:10:00-04:00,2026-07-15 11:17:00-04:00,2026-07-15 11:17:00-04:00,29554.0,29.3007,54.0347,29655.0,101.0,29655.0,101.0,False,29490.0,fvg,FVG2-007804,60,64.0,1.1844,0.6337,
EP-46832-ENTRY_ON_DELAYED_DISPLACEMENT,EP-46832,NQU6,ENTRY_ON_DELAYED_DISPLACEMENT,DELAYED_DISPLACEMENT,-1,C,NY_AM,1,1,False,True,2026-07-15 11:13:00-04:00,2026-07-15 11:17:00-04:00,2026-07-15 11:17:00-04:00,29554.0,29.3007,54.0347,29627.5,73.5,29627.5,73.5,False,29490.0,fvg,FVG2-007804,60,64.0,1.1844,0.8707,
EP-46832-ENTRY_ON_NEW_FVG,EP-46832,NQU6,ENTRY_ON_NEW_FVG,NEW_FVG,-1,C,NY_AM,1,1,False,True,2026-07-15 11:13:00-04:00,2026-07-15 11:17:00-04:00,2026-07-15 11:17:00-04:00,29554.0,29.3007,54.0347,29627.5,73.5,29627.5,73.5,False,29490.0,fvg,FVG2-007804,60,64.0,1.1844,0.8707,
EP-46833-ENTRY_ON_DELAYED_DISPLACEMENT,EP-46833,NQU6,ENTRY_ON_DELAYED_DISPLACEMENT,DELAYED_DISPLACEMENT,-1,A,NY_AM,1,1,False,True,2026-07-15 11:13:00-04:00,2026-07-15 11:17:00-04:00,2026-07-15 11:17:00-04:00,29554.0,29.3007,54.0347,29637.25,83.25,29637.25,83.25,False,29490.0,fvg,FVG2-007804,60,64.0,1.1844,0.7688,
EP-46833-ENTRY_ON_NEW_FVG,EP-46833,NQU6,ENTRY_ON_NEW_FVG,NEW_FVG,-1,A,NY_AM,1,1,False,True,2026-07-15 11:13:00-04:00,2026-07-15 11:17:00-04:00,2026-07-15 11:17:00-04:00,29554.0,29.3007,54.0347,29637.25,83.25,29637.25,83.25,False,29490.0,fvg,FVG2-007804,60,64.0,1.1844,0.7688,
EP-46839-ENTRY_ON_NEW_FVG,EP-46839,NQU6,ENTRY_ON_NEW_FVG,NEW_FVG,-1,B,NY_AM,3,1,True,True,2026-07-15 11:18:00-04:00,2026-07-15 11:24:00-04:00,2026-07-15 11:24:00-04:00,29551.25,29.2772,55.3041,29623.0,71.75,29623.0,71.75,False,29490.0,fvg,FVG2-007804,60,61.25,1.1075,0.8537,
EP-46840-ENTRY_ON_FIRST_CLOSE_OUTSIDE,EP-46840,NQU6,ENTRY_ON_FIRST_CLOSE_OUTSIDE,CLOSE_BACK_OUTSIDE,-1,B,NY_AM,3,3,False,True,,2026-07-15 11:24:00-04:00,2026-07-15 11:24:00-04:00,29551.25,29.2772,55.3041,29623.0,71.75,29623.0,71.75,False,29490.0,fvg,FVG2-007804,60,61.25,1.1075,0.8537,
EP-46840-ENTRY_ON_MINIMAL_WICK_REJECTION,EP-46840,NQU6,ENTRY_ON_MINIMAL_WICK_REJECTION,MINIMAL_WICK_REJECTION,-1,B,NY_AM,3,3,False,True,,2026-07-15 11:24:00-04:00,2026-07-15 11:24:00-04:00,29551.25,29.2772,55.3041,29623.0,71.75,29623.0,71.75,False,29490.0,fvg,FVG2-007804,60,61.25,1.1075,0.8537,
EP-46840-ENTRY_ON_IMMEDIATE_DISPLACEMENT,EP-46840,NQU6,ENTRY_ON_IMMEDIATE_DISPLACEMENT,IMMEDIATE_DISPLACEMENT,-1,B,NY_AM,3,3,False,True,,2026-07-15 11:24:00-04:00,2026-07-15 11:24:00-04:00,29551.25,29.2772,55.3041,29623.0,71.75,29623.0,71.75,False,29490.0,fvg,FVG2-007804,60,61.25,1.1075,0.8537,
EP-46843-ENTRY_ON_NEW_FVG,EP-46843,NQU6,ENTRY_ON_NEW_FVG,NEW_FVG,-1,A,NY_AM,3,1,True,True,2026-07-15 11:21:00-04:00,2026-07-15 11:24:00-04:00,2026-07-15 11:24:00-04:00,29551.25,29.2772,55.3041,29611.0,59.75,29611.0,59.75,False,29490.0,fvg,FVG2-007804,60,61.25,1.1075,1.0251,
EP-46844-ENTRY_ON_TAP,EP-46844,NQU6,ENTRY_ON_TAP,TAP_ONLY,-1,A,NY_AM,3,3,False,True,,2026-07-15 11:24:00-04:00,2026-07-15 11:24:00-04:00,29551.25,29.2772,55.3041,29611.0,59.75,29611.0,59.75,False,29490.0,fvg,FVG2-007804,60,61.25,1.1075,1.0251,
EP-46886-ENTRY_ON_FIRST_CLOSE_OUTSIDE,EP-46886,NQU6,ENTRY_ON_FIRST_CLOSE_OUTSIDE,CLOSE_BACK_OUTSIDE,-1,B,NY_LUNCH,5,1,True,True,2026-07-15 12:00:00-04:00,2026-07-15 12:02:00-04:00,2026-07-15 12:02:00-04:00,29550.0,23.5255,53.4277,29605.0,55.0,29605.0,55.0,False,29490.0,fvg,FVG2-007804,60,60.0,1.123,1.0909,
EP-46886-ENTRY_ON_IMMEDIATE_DISPLACEMENT,EP-46886,NQU6,ENTRY_ON_IMMEDIATE_DISPLACEMENT,IMMEDIATE_DISPLACEMENT,-1,B,NY_LUNCH,5,1,True,True,2026-07-15 12:00:00-04:00,2026-07-15 12:02:00-04:00,2026-07-15 12:02:00-04:00,29550.0,23.5255,53.4277,29605.0,55.0,29605.0,55.0,False,29490.0,fvg,FVG2-007804,60,60.0,1.123,1.0909,
EP-46897-ENTRY_ON_TAP,EP-46897,NQU6,ENTRY_ON_TAP,TAP_ONLY,-1,A,NY_LUNCH,1,1,False,True,2026-07-15 12:01:00-04:00,2026-07-15 12:02:00-04:00,2026-07-15 12:02:00-04:00,29550.0,23.5255,53.4277,29599.5,49.5,29599.5,49.5,False,29490.0,fvg,FVG2-007804,60,60.0,1.123,1.2121,
EP-46898-ENTRY_ON_TAP,EP-46898,NQU6,ENTRY_ON_TAP,TAP_ONLY,1,B,NY_LUNCH,5,1,True,True,2026-07-15 12:03:00-04:00,2026-07-15 12:04:00-04:00,2026-07-15 12:04:00-04:00,29521.5,23.4002,53.4277,29514.25,7.25,29498.0998,23.4002,True,29580.5,rb,RB2-015954,1,59.0,1.1043,2.5213,
EP-46900-ENTRY_ON_TAP,EP-46900,NQU6,ENTRY_ON_TAP,TAP_ONLY,1,F,NY_LUNCH,30,1,True,True,2026-07-15 12:05:00-04:00,2026-07-15 12:06:00-04:00,2026-07-15 12:06:00-04:00,29506.5,23.3996,54.6807,29490.0,16.5,29483.1004,23.3996,True,29580.25,rb,RB2-027519,5,73.75,1.3487,3.1518,
EP-46886-ENTRY_ON_STRONG_REJECTION,EP-46886,NQU6,ENTRY_ON_STRONG_REJECTION,STRONG_REJECTION_DEPARTURE,-1,B,NY_LUNCH,5,1,True,True,2026-07-15 12:00:00-04:00,2026-07-15 12:08:00-04:00,2026-07-15 12:08:00-04:00,29486.0,23.3562,54.6807,29605.0,119.0,29605.0,119.0,False,29425.25,rb,RB2-030426,60,60.75,1.111,0.5105,
EP-46886-ENTRY_ON_NEW_FVG,EP-46886,NQU6,ENTRY_ON_NEW_FVG,NEW_FVG,-1,B,NY_LUNCH,5,1,True,True,2026-07-15 12:00:00-04:00,2026-07-15 12:08:00-04:00,2026-07-15 12:08:00-04:00,29486.0,23.3562,54.6807,29605.0,119.0,29605.0,119.0,False,29425.25,rb,RB2-030426,60,60.75,1.111,0.5105,
EP-46897-ENTRY_ON_STRONG_REJECTION,EP-46897,NQU6,ENTRY_ON_STRONG_REJECTION,STRONG_REJECTION_DEPARTURE,-1,A,NY_LUNCH,1,1,False,True,2026-07-15 12:01:00-04:00,2026-07-15 12:08:00-04:00,2026-07-15 12:08:00-04:00,29486.0,23.3562,54.6807,29599.5,113.5,29599.5,113.5,False,29425.25,rb,RB2-030426,60,60.75,1.111,0.5352,
EP-46897-ENTRY_ON_NEW_FVG,EP-46897,NQU6,ENTRY_ON_NEW_FVG,NEW_FVG,-1,A,NY_LUNCH,1,1,False,True,2026-07-15 12:01:00-04:00,2026-07-15 12:08:00-04:00,2026-07-15 12:08:00-04:00,29486.0,23.3562,54.6807,29599.5,113.5,29599.5,113.5,False,29425.25,rb,RB2-030426,60,60.75,1.111,0.5352,
EP-46911-ENTRY_ON_FIRST_CLOSE_OUTSIDE,EP-46911,NQU6,ENTRY_ON_FIRST_CLOSE_OUTSIDE,CLOSE_BACK_OUTSIDE,-1,A,NY_LUNCH,3,1,True,True,2026-07-15 12:12:00-04:00,2026-07-15 12:14:00-04:00,2026-07-15 12:14:00-04:00,29483.25,23.4108,54.7669,29523.0,39.75,29523.0,39.75,False,29425.25,rb,RB2-030426,60,58.0,1.059,1.4591,
EP-46911-ENTRY_ON_MINIMAL_WICK_REJECTION,EP-46911,NQU6,ENTRY_ON_MINIMAL_WICK_REJECTION,MINIMAL_WICK_REJECTION,-1,A,NY_LUNCH,3,1,True,True,2026-07-15 12:12:00-04:00,2026-07-15 12:14:00-04:00,2026-07-15 12:14:00-04:00,29483.25,23.4108,54.7669,29523.0,39.75,29523.0,39.75,False,29425.25,rb,RB2-030426,60,58.0,1.059,1.4591,
EP-46911-ENTRY_ON_IMMEDIATE_DISPLACEMENT,EP-46911,NQU6,ENTRY_ON_IMMEDIATE_DISPLACEMENT,IMMEDIATE_DISPLACEMENT,-1,A,NY_LUNCH,3,1,True,True,2026-07-15 12:12:00-04:00,2026-07-15 12:14:00-04:00,2026-07-15 12:14:00-04:00,29483.25,23.4108,54.7669,29523.0,39.75,29523.0,39.75,False,29425.25,rb,RB2-030426,60,58.0,1.059,1.4591,
EP-46934-ENTRY_ON_DELAYED_DISPLACEMENT,EP-46934,NQU6,ENTRY_ON_DELAYED_DISPLACEMENT,DELAYED_DISPLACEMENT,-1,A,NY_LUNCH,3,3,False,True,,2026-07-15 12:36:00-04:00,2026-07-15 12:36:00-04:00,29423.25,22.2045,53.0355,29478.5,55.25,29478.5,55.25,False,29096.25,rb,RB2-030389,60,327.0,6.1657,5.9186,
EP-46942-ENTRY_ON_NEW_FVG,EP-46942,NQU6,ENTRY_ON_NEW_FVG,NEW_FVG,-1,A,NY_LUNCH,3,1,True,True,2026-07-15 12:30:00-04:00,2026-07-15 12:36:00-04:00,2026-07-15 12:36:00-04:00,29423.25,22.2045,53.0355,29496.75,73.5,29496.75,73.5,False,29096.25,rb,RB2-030389,60,327.0,6.1657,4.449,
EP-46944-ENTRY_ON_FIRST_CLOSE_OUTSIDE,EP-46944,NQU6,ENTRY_ON_FIRST_CLOSE_OUTSIDE,CLOSE_BACK_OUTSIDE,-1,A,NY_LUNCH,3,3,False,True,,2026-07-15 12:36:00-04:00,2026-07-15 12:36:00-04:00,29423.25,22.2045,53.0355,29496.75,73.5,29496.75,73.5,False,29096.25,rb,RB2-030389,60,327.0,6.1657,4.449,
EP-46944-ENTRY_ON_IMMEDIATE_DISPLACEMENT,EP-46944,NQU6,ENTRY_ON_IMMEDIATE_DISPLACEMENT,IMMEDIATE_DISPLACEMENT,-1,A,NY_LUNCH,3,3,False,True,,2026-07-15 12:36:00-04:00,2026-07-15 12:36:00-04:00,29423.25,22.2045,53.0355,29496.75,73.5,29496.75,73.5,False,29096.25,rb,RB2-030389,60,327.0,6.1657,4.449,
EP-46914-ENTRY_ON_NEW_FVG,EP-46914,NQU6,ENTRY_ON_NEW_FVG,NEW_FVG,-1,A,NY_LUNCH,3,3,False,True,,2026-07-15 12:39:00-04:00,2026-07-15 12:39:00-04:00,29421.25,21.4111,53.0355,29523.0,101.75,29523.0,101.75,False,29096.25,rb,RB2-030389,60,325.0,6.128,3.1941,
EP-46934-ENTRY_ON_NEW_FVG,EP-46934,NQU6,ENTRY_ON_NEW_FVG,NEW_FVG,-1,A,NY_LUNCH,3,3,False,True,,2026-07-15 12:39:00-04:00,2026-07-15 12:39:00-04:00,29421.25,21.4111,53.0355,29478.5,57.25,29478.5,57.25,False,29096.25,rb,RB2-030389,60,325.0,6.128,5.6769,
EP-46944-ENTRY_ON_NEW_FVG,EP-46944,NQU6,ENTRY_ON_NEW_FVG,NEW_FVG,-1,A,NY_LUNCH,3,3,False,True,,2026-07-15 12:39:00-04:00,2026-07-15 12:39:00-04:00,29421.25,21.4111,53.0355,29496.75,75.5,29496.75,75.5,False,29096.25,rb,RB2-030389,60,325.0,6.128,4.3046,
EP-46956-ENTRY_ON_TAP,EP-46956,NQU6,ENTRY_ON_TAP,TAP_ONLY,-1,A,NY_LUNCH,1,1,False,True,2026-07-15 12:38:00-04:00,2026-07-15 12:39:00-04:00,2026-07-15 12:39:00-04:00,29421.25,21.4111,53.0355,29427.0,5.75,29442.6611,21.4111,True,29096.25,rb,RB2-030389,60,325.0,6.128,15.179,
EP-46956-ENTRY_ON_FIRST_CLOSE_OUTSIDE,EP-46956,NQU6,ENTRY_ON_FIRST_CLOSE_OUTSIDE,CLOSE_BACK_OUTSIDE,-1,A,NY_LUNCH,1,1,False,True,2026-07-15 12:38:00-04:00,2026-07-15 12:40:00-04:00,2026-07-15 12:40:00-04:00,29416.75,21.1335,51.9611,29427.0,10.25,29437.8835,21.1335,True,29096.25,rb,RB2-030389,60,320.5,6.1681,15.1655,
EP-46956-ENTRY_ON_MINIMAL_WICK_REJECTION,EP-46956,NQU6,ENTRY_ON_MINIMAL_WICK_REJECTION,MINIMAL_WICK_REJECTION,-1,A,NY_LUNCH,1,1,False,True,2026-07-15 12:38:00-04:00,2026-07-15 12:40:00-04:00,2026-07-15 12:40:00-04:00,29416.75,21.1335,51.9611,29427.0,10.25,29437.8835,21.1335,True,29096.25,rb,RB2-030389,60,320.5,6.1681,15.1655,
EP-46958-ENTRY_ON_TAP,EP-46958,NQU6,ENTRY_ON_TAP,TAP_ONLY,-1,B,NY_LUNCH,3,1,True,True,2026-07-15 12:39:00-04:00,2026-07-15 12:40:00-04:00,2026-07-15 12:40:00-04:00,29416.75,21.1335,51.9611,29451.0,34.25,29451.0,34.25,False,29096.25,rb,RB2-030389,60,320.5,6.1681,9.3577,
EP-46956-ENTRY_ON_DELAYED_DISPLACEMENT,EP-46956,NQU6,ENTRY_ON_DELAYED_DISPLACEMENT,DELAYED_DISPLACEMENT,-1,A,NY_LUNCH,1,1,False,True,2026-07-15 12:38:00-04:00,2026-07-15 12:41:00-04:00,2026-07-15 12:41:00-04:00,29407.0,20.9092,51.9611,29427.0,20.0,29427.9092,20.9092,True,29096.25,rb,RB2-030389,60,310.75,5.9804,14.8619,
EP-46957-ENTRY_ON_FIRST_CLOSE_OUTSIDE,EP-46957,NQU6,ENTRY_ON_FIRST_CLOSE_OUTSIDE,CLOSE_BACK_OUTSIDE,-1,A,NY_LUNCH,1,1,False,True,2026-07-15 12:38:00-04:00,2026-07-15 12:41:00-04:00,2026-07-15 12:41:00-04:00,29407.0,20.9092,51.9611,29418.75,11.75,29427.9092,20.9092,True,29096.25,rb,RB2-030389,60,310.75,5.9804,14.8619,
EP-46957-ENTRY_ON_MINIMAL_WICK_REJECTION,EP-46957,NQU6,ENTRY_ON_MINIMAL_WICK_REJECTION,MINIMAL_WICK_REJECTION,-1,A,NY_LUNCH,1,1,False,True,2026-07-15 12:38:00-04:00,2026-07-15 12:41:00-04:00,2026-07-15 12:41:00-04:00,29407.0,20.9092,51.9611,29418.75,11.75,29427.9092,20.9092,True,29096.25,rb,RB2-030389,60,310.75,5.9804,14.8619,
EP-46957-ENTRY_ON_DELAYED_DISPLACEMENT,EP-46957,NQU6,ENTRY_ON_DELAYED_DISPLACEMENT,DELAYED_DISPLACEMENT,-1,A,NY_LUNCH,1,1,False,True,2026-07-15 12:38:00-04:00,2026-07-15 12:41:00-04:00,2026-07-15 12:41:00-04:00,29407.0,20.9092,51.9611,29418.75,11.75,29427.9092,20.9092,True,29096.25,rb,RB2-030389,60,310.75,5.9804,14.8619,
EP-46958-ENTRY_ON_FIRST_CLOSE_OUTSIDE,EP-46958,NQU6,ENTRY_ON_FIRST_CLOSE_OUTSIDE,CLOSE_BACK_OUTSIDE,-1,B,NY_LUNCH,3,1,True,True,2026-07-15 12:39:00-04:00,2026-07-15 12:41:00-04:00,2026-07-15 12:41:00-04:00,29407.0,20.9092,51.9611,29451.0,44.0,29451.0,44.0,False,29096.25,rb,RB2-030389,60,310.75,5.9804,7.0625,
EP-46958-ENTRY_ON_IMMEDIATE_DISPLACEMENT,EP-46958,NQU6,ENTRY_ON_IMMEDIATE_DISPLACEMENT,IMMEDIATE_DISPLACEMENT,-1,B,NY_LUNCH,3,1,True,True,2026-07-15 12:39:00-04:00,2026-07-15 12:41:00-04:00,2026-07-15 12:41:00-04:00,29407.0,20.9092,51.9611,29451.0,44.0,29451.0,44.0,False,29096.25,rb,RB2-030389,60,310.75,5.9804,7.0625,
EP-47127-ENTRY_ON_TAP,EP-47127,NQU6,ENTRY_ON_TAP,TAP_ONLY,1,F,NY_PM,30,1,True,True,2026-07-15 14:51:00-04:00,2026-07-15 14:52:00-04:00,2026-07-15 14:52:00-04:00,29617.0,15.8986,40.4637,29540.25,76.75,29540.25,76.75,False,29657.75,rb,RB2-016033,1,40.75,1.0071,0.5309,
EP-47128-ENTRY_ON_TAP,EP-47128,NQU6,ENTRY_ON_TAP,TAP_ONLY,1,B,NY_PM,15,1,True,True,2026-07-15 14:51:00-04:00,2026-07-15 14:52:00-04:00,2026-07-15 14:52:00-04:00,29617.0,15.8986,40.4637,29608.25,8.75,29601.1014,15.8986,True,29657.75,rb,RB2-016033,1,40.75,1.0071,2.5631,
EP-47130-ENTRY_ON_TAP,EP-47130,NQU6,ENTRY_ON_TAP,TAP_ONLY,1,B,NY_PM,3,3,False,True,,2026-07-15 14:54:00-04:00,2026-07-15 14:54:00-04:00,29613.0,15.758,40.4637,29595.25,17.75,29595.25,17.75,False,29657.75,rb,RB2-016033,1,44.75,1.1059,2.5211,
EP-47310-ENTRY_ON_DELAYED_DISPLACEMENT,EP-47310,NQU6,ENTRY_ON_DELAYED_DISPLACEMENT,DELAYED_DISPLACEMENT,-1,A,GLOBEX_EVENING,15,15,False,True,,2026-07-15 18:45:00-04:00,2026-07-15 18:45:00-04:00,29684.25,6.9176,26.5994,29720.5,36.25,29720.5,36.25,False,29655.25,rb,RB2-027546,5,29.0,1.0903,0.8,
EP-47345-ENTRY_ON_NEW_FVG,EP-47345,NQU6,ENTRY_ON_NEW_FVG,NEW_FVG,-1,A,GLOBEX_EVENING,5,5,False,True,,2026-07-15 18:45:00-04:00,2026-07-15 18:45:00-04:00,29684.25,6.9176,26.5994,29721.0,36.75,29721.0,36.75,False,29655.25,rb,RB2-027546,5,29.0,1.0903,0.7891,
EP-47349-ENTRY_ON_STRONG_REJECTION,EP-47349,NQU6,ENTRY_ON_STRONG_REJECTION,STRONG_REJECTION_DEPARTURE,-1,A,GLOBEX_EVENING,3,3,False,True,,2026-07-15 18:45:00-04:00,2026-07-15 18:45:00-04:00,29684.25,6.9176,26.5994,29724.0,39.75,29724.0,39.75,False,29655.25,rb,RB2-027546,5,29.0,1.0903,0.7296,
EP-47353-ENTRY_ON_TAP,EP-47353,NQU6,ENTRY_ON_TAP,TAP_ONLY,-1,B,GLOBEX_EVENING,3,3,False,True,,2026-07-15 18:45:00-04:00,2026-07-15 18:45:00-04:00,29684.25,6.9176,26.5994,29702.75,18.5,29702.75,18.5,False,29655.25,rb,RB2-027546,5,29.0,1.0903,1.5676,
EP-47355-ENTRY_ON_FIRST_CLOSE_OUTSIDE,EP-47355,NQU6,ENTRY_ON_FIRST_CLOSE_OUTSIDE,CLOSE_BACK_OUTSIDE,-1,B,GLOBEX_EVENING,3,1,True,True,2026-07-15 18:43:00-04:00,2026-07-15 18:45:00-04:00,2026-07-15 18:45:00-04:00,29684.25,6.9176,26.5994,29702.75,18.5,29702.75,18.5,False,29655.25,rb,RB2-027546,5,29.0,1.0903,1.5676,
EP-47355-ENTRY_ON_MINIMAL_WICK_REJECTION,EP-47355,NQU6,ENTRY_ON_MINIMAL_WICK_REJECTION,MINIMAL_WICK_REJECTION,-1,B,GLOBEX_EVENING,3,1,True,True,2026-07-15 18:43:00-04:00,2026-07-15 18:45:00-04:00,2026-07-15 18:45:00-04:00,29684.25,6.9176,26.5994,29702.75,18.5,29702.75,18.5,False,29655.25,rb,RB2-027546,5,29.0,1.0903,1.5676,
EP-47355-ENTRY_ON_IMMEDIATE_DISPLACEMENT,EP-47355,NQU6,ENTRY_ON_IMMEDIATE_DISPLACEMENT,IMMEDIATE_DISPLACEMENT,-1,B,GLOBEX_EVENING,3,1,True,True,2026-07-15 18:43:00-04:00,2026-07-15 18:45:00-04:00,2026-07-15 18:45:00-04:00,29684.25,6.9176,26.5994,29702.75,18.5,29702.75,18.5,False,29655.25,rb,RB2-027546,5,29.0,1.0903,1.5676,
EP-47358-ENTRY_ON_TAP,EP-47358,NQU6,ENTRY_ON_TAP,TAP_ONLY,-1,F,GLOBEX_EVENING,5,5,False,True,,2026-07-15 18:50:00-04:00,2026-07-15 18:50:00-04:00,29682.0,7.0945,26.2932,29705.75,23.75,29705.75,23.75,False,29655.25,rb,RB2-027546,5,26.75,1.0174,1.1263,
EP-47445-ENTRY_ON_FIRST_CLOSE_OUTSIDE,EP-47445,NQU6,ENTRY_ON_FIRST_CLOSE_OUTSIDE,CLOSE_BACK_OUTSIDE,1,F,ASIA,3,1,True,True,2026-07-15 20:06:00-04:00,2026-07-15 20:13:00-04:00,2026-07-15 20:13:00-04:00,29732.25,12.6874,27.4214,29722.0,10.25,29719.5626,12.6874,True,29892.0,rb,RB2-030413,60,159.75,5.8257,12.5912,
EP-47445-ENTRY_ON_MINIMAL_WICK_REJECTION,EP-47445,NQU6,ENTRY_ON_MINIMAL_WICK_REJECTION,MINIMAL_WICK_REJECTION,1,F,ASIA,3,1,True,True,2026-07-15 20:06:00-04:00,2026-07-15 20:13:00-04:00,2026-07-15 20:13:00-04:00,29732.25,12.6874,27.4214,29722.0,10.25,29719.5626,12.6874,True,29892.0,rb,RB2-030413,60,159.75,5.8257,12.5912,
EP-47445-ENTRY_ON_STRONG_REJECTION,EP-47445,NQU6,ENTRY_ON_STRONG_REJECTION,STRONG_REJECTION_DEPARTURE,1,F,ASIA,3,1,True,True,2026-07-15 20:06:00-04:00,2026-07-15 20:13:00-04:00,2026-07-15 20:13:00-04:00,29732.25,12.6874,27.4214,29722.0,10.25,29719.5626,12.6874,True,29892.0,rb,RB2-030413,60,159.75,5.8257,12.5912,
EP-47448-ENTRY_ON_FIRST_CLOSE_OUTSIDE,EP-47448,NQU6,ENTRY_ON_FIRST_CLOSE_OUTSIDE,CLOSE_BACK_OUTSIDE,1,A,ASIA,5,1,True,True,2026-07-15 20:10:00-04:00,2026-07-15 20:13:00-04:00,2026-07-15 20:13:00-04:00,29732.25,12.6874,27.4214,29720.25,12.0,29719.5626,12.6874,True,29892.0,rb,RB2-030413,60,159.75,5.8257,12.5912,
EP-47448-ENTRY_ON_MINIMAL_WICK_REJECTION,EP-47448,NQU6,ENTRY_ON_MINIMAL_WICK_REJECTION,MINIMAL_WICK_REJECTION,1,A,ASIA,5,1,True,True,2026-07-15 20:10:00-04:00,2026-07-15 20:13:00-04:00,2026-07-15 20:13:00-04:00,29732.25,12.6874,27.4214,29720.25,12.0,29719.5626,12.6874,True,29892.0,rb,RB2-030413,60,159.75,5.8257,12.5912,
EP-47448-ENTRY_ON_STRONG_REJECTION,EP-47448,NQU6,ENTRY_ON_STRONG_REJECTION,STRONG_REJECTION_DEPARTURE,1,A,ASIA,5,1,True,True,2026-07-15 20:10:00-04:00,2026-07-15 20:13:00-04:00,2026-07-15 20:13:00-04:00,29732.25,12.6874,27.4214,29720.25,12.0,29719.5626,12.6874,True,29892.0,rb,RB2-030413,60,159.75,5.8257,12.5912,
EP-47435-ENTRY_ON_DELAYED_DISPLACEMENT,EP-47435,NQU6,ENTRY_ON_DELAYED_DISPLACEMENT,DELAYED_DISPLACEMENT,1,A,ASIA,3,3,False,True,,2026-07-15 20:15:00-04:00,2026-07-15 20:15:00-04:00,29753.0,13.0731,27.8205,29677.0,76.0,29677.0,76.0,False,29892.0,rb,RB2-030413,60,139.0,4.9963,1.8289,
EP-47445-ENTRY_ON_NEW_FVG,EP-47445,NQU6,ENTRY_ON_NEW_FVG,NEW_FVG,1,F,ASIA,3,1,True,True,2026-07-15 20:06:00-04:00,2026-07-15 20:15:00-04:00,2026-07-15 20:15:00-04:00,29753.0,13.0731,27.8205,29722.0,31.0,29722.0,31.0,False,29892.0,rb,RB2-030413,60,139.0,4.9963,4.4839,
EP-47446-ENTRY_ON_FIRST_CLOSE_OUTSIDE,EP-47446,NQU6,ENTRY_ON_FIRST_CLOSE_OUTSIDE,CLOSE_BACK_OUTSIDE,1,A,ASIA,3,3,False,True,,2026-07-15 20:15:00-04:00,2026-07-15 20:15:00-04:00,29753.0,13.0731,27.8205,29722.0,31.0,29722.0,31.0,False,29892.0,rb,RB2-030413,60,139.0,4.9963,4.4839,
EP-47446-ENTRY_ON_MINIMAL_WICK_REJECTION,EP-47446,NQU6,ENTRY_ON_MINIMAL_WICK_REJECTION,MINIMAL_WICK_REJECTION,1,A,ASIA,3,3,False,True,,2026-07-15 20:15:00-04:00,2026-07-15 20:15:00-04:00,29753.0,13.0731,27.8205,29722.0,31.0,29722.0,31.0,False,29892.0,rb,RB2-030413,60,139.0,4.9963,4.4839,
EP-47446-ENTRY_ON_DELAYED_DISPLACEMENT,EP-47446,NQU6,ENTRY_ON_DELAYED_DISPLACEMENT,DELAYED_DISPLACEMENT,1,A,ASIA,3,3,False,True,,2026-07-15 20:15:00-04:00,2026-07-15 20:15:00-04:00,29753.0,13.0731,27.8205,29722.0,31.0,29722.0,31.0,False,29892.0,rb,RB2-030413,60,139.0,4.9963,4.4839,
EP-47448-ENTRY_ON_DELAYED_DISPLACEMENT,EP-47448,NQU6,ENTRY_ON_DELAYED_DISPLACEMENT,DELAYED_DISPLACEMENT,1,A,ASIA,5,1,True,True,2026-07-15 20:10:00-04:00,2026-07-15 20:15:00-04:00,2026-07-15 20:15:00-04:00,29753.0,13.0731,27.8205,29720.25,32.75,29720.25,32.75,False,29892.0,rb,RB2-030413,60,139.0,4.9963,4.2443,
EP-47448-ENTRY_ON_NEW_FVG,EP-47448,NQU6,ENTRY_ON_NEW_FVG,NEW_FVG,1,A,ASIA,5,1,True,True,2026-07-15 20:10:00-04:00,2026-07-15 20:15:00-04:00,2026-07-15 20:15:00-04:00,29753.0,13.0731,27.8205,29720.25,32.75,29720.25,32.75,False,29892.0,rb,RB2-030413,60,139.0,4.9963,4.2443,
EP-47449-ENTRY_ON_TAP,EP-47449,NQU6,ENTRY_ON_TAP,TAP_ONLY,1,A,ASIA,5,5,False,True,,2026-07-15 20:15:00-04:00,2026-07-15 20:15:00-04:00,29753.0,13.0731,27.8205,29720.25,32.75,29720.25,32.75,False,29892.0,rb,RB2-030413,60,139.0,4.9963,4.2443,
EP-47734-ENTRY_ON_DELAYED_DISPLACEMENT,EP-47734,NQU6,ENTRY_ON_DELAYED_DISPLACEMENT,DELAYED_DISPLACEMENT,1,A,ASIA,5,5,False,True,,2026-07-16 00:15:00-04:00,2026-07-16 00:15:00-04:00,29754.5,8.9881,26.1464,29701.75,52.75,29701.75,52.75,False,29892.0,rb,RB2-030413,60,137.5,5.2588,2.6066,
EP-47745-ENTRY_ON_DELAYED_DISPLACEMENT,EP-47745,NQU6,ENTRY_ON_DELAYED_DISPLACEMENT,DELAYED_DISPLACEMENT,1,A,ASIA,3,3,False,True,,2026-07-16 00:15:00-04:00,2026-07-16 00:15:00-04:00,29754.5,8.9881,26.1464,29725.5,29.0,29725.5,29.0,False,29892.0,rb,RB2-030413,60,137.5,5.2588,4.7414,
EP-47746-ENTRY_ON_FIRST_CLOSE_OUTSIDE,EP-47746,NQU6,ENTRY_ON_FIRST_CLOSE_OUTSIDE,CLOSE_BACK_OUTSIDE,1,A,ASIA,3,3,False,True,,2026-07-16 00:15:00-04:00,2026-07-16 00:15:00-04:00,29754.5,8.9881,26.1464,29733.75,20.75,29733.75,20.75,False,29892.0,rb,RB2-030413,60,137.5,5.2588,6.6265,
EP-47746-ENTRY_ON_DELAYED_DISPLACEMENT,EP-47746,NQU6,ENTRY_ON_DELAYED_DISPLACEMENT,DELAYED_DISPLACEMENT,1,A,ASIA,3,3,False,True,,2026-07-16 00:15:00-04:00,2026-07-16 00:15:00-04:00,29754.5,8.9881,26.1464,29733.75,20.75,29733.75,20.75,False,29892.0,rb,RB2-030413,60,137.5,5.2588,6.6265,
EP-47817-ENTRY_ON_DELAYED_DISPLACEMENT,EP-47817,NQU6,ENTRY_ON_DELAYED_DISPLACEMENT,DELAYED_DISPLACEMENT,1,B,ASIA,1,1,False,True,2026-07-16 01:18:00-04:00,2026-07-16 01:23:00-04:00,2026-07-16 01:23:00-04:00,29762.25,9.2039,23.7753,29738.0,24.25,29738.0,24.25,False,29892.0,rb,RB2-030413,60,129.75,5.4573,5.3505,
EP-47817-ENTRY_ON_NEW_FVG,EP-47817,NQU6,ENTRY_ON_NEW_FVG,NEW_FVG,1,B,ASIA,1,1,False,True,2026-07-16 01:18:00-04:00,2026-07-16 01:24:00-04:00,2026-07-16 01:24:00-04:00,29769.25,9.2371,23.7753,29738.0,31.25,29738.0,31.25,False,29892.0,rb,RB2-030413,60,122.75,5.1629,3.928,
EP-47822-ENTRY_ON_TAP,EP-47822,NQU6,ENTRY_ON_TAP,TAP_ONLY,1,A,ASIA,1,1,False,True,2026-07-16 01:24:00-04:00,2026-07-16 01:25:00-04:00,2026-07-16 01:25:00-04:00,29763.5,9.1855,23.6909,29759.75,3.75,29754.3145,9.1855,True,29892.0,rb,RB2-030413,60,128.5,5.424,13.9894,
EP-47822-ENTRY_ON_FIRST_CLOSE_OUTSIDE,EP-47822,NQU6,ENTRY_ON_FIRST_CLOSE_OUTSIDE,CLOSE_BACK_OUTSIDE,1,A,ASIA,1,1,False,True,2026-07-16 01:24:00-04:00,2026-07-16 01:26:00-04:00,2026-07-16 01:26:00-04:00,29771.5,9.3757,23.6909,29759.75,11.75,29759.75,11.75,False,29892.0,rb,RB2-030413,60,120.5,5.0863,10.2553,
EP-47822-ENTRY_ON_MINIMAL_WICK_REJECTION,EP-47822,NQU6,ENTRY_ON_MINIMAL_WICK_REJECTION,MINIMAL_WICK_REJECTION,1,A,ASIA,1,1,False,True,2026-07-16 01:24:00-04:00,2026-07-16 01:26:00-04:00,2026-07-16 01:26:00-04:00,29771.5,9.3757,23.6909,29759.75,11.75,29759.75,11.75,False,29892.0,rb,RB2-030413,60,120.5,5.0863,10.2553,
EP-47822-ENTRY_ON_IMMEDIATE_DISPLACEMENT,EP-47822,NQU6,ENTRY_ON_IMMEDIATE_DISPLACEMENT,IMMEDIATE_DISPLACEMENT,1,A,ASIA,1,1,False,True,2026-07-16 01:24:00-04:00,2026-07-16 01:26:00-04:00,2026-07-16 01:26:00-04:00,29771.5,9.3757,23.6909,29759.75,11.75,29759.75,11.75,False,29892.0,rb,RB2-030413,60,120.5,5.0863,10.2553,
EP-47739-ENTRY_ON_FIRST_CLOSE_OUTSIDE,EP-47739,NQU6,ENTRY_ON_FIRST_CLOSE_OUTSIDE,CLOSE_BACK_OUTSIDE,1,A,ASIA,30,30,False,True,,2026-07-16 01:30:00-04:00,2026-07-16 01:30:00-04:00,29765.75,9.0742,23.4329,29701.75,64.0,29701.75,64.0,False,29892.0,rb,RB2-030413,60,126.25,5.3877,1.9727,
EP-47739-ENTRY_ON_MINIMAL_WICK_REJECTION,EP-47739,NQU6,ENTRY_ON_MINIMAL_WICK_REJECTION,MINIMAL_WICK_REJECTION,1,A,ASIA,30,30,False,True,,2026-07-16 01:30:00-04:00,2026-07-16 01:30:00-04:00,29765.75,9.0742,23.4329,29701.75,64.0,29701.75,64.0,False,29892.0,rb,RB2-030413,60,126.25,5.3877,1.9727,
EP-47739-ENTRY_ON_DELAYED_DISPLACEMENT,EP-47739,NQU6,ENTRY_ON_DELAYED_DISPLACEMENT,DELAYED_DISPLACEMENT,1,A,ASIA,30,30,False,True,,2026-07-16 01:30:00-04:00,2026-07-16 01:30:00-04:00,29765.75,9.0742,23.4329,29701.75,64.0,29701.75,64.0,False,29892.0,rb,RB2-030413,60,126.25,5.3877,1.9727,
EP-47758-ENTRY_ON_NEW_FVG,EP-47758,NQU6,ENTRY_ON_NEW_FVG,NEW_FVG,1,A,ASIA,15,15,False,True,,2026-07-16 01:30:00-04:00,2026-07-16 01:30:00-04:00,29765.75,9.0742,23.4329,29701.75,64.0,29701.75,64.0,False,29892.0,rb,RB2-030413,60,126.25,5.3877,1.9727,
EP-47776-ENTRY_ON_FIRST_CLOSE_OUTSIDE,EP-47776,NQU6,ENTRY_ON_FIRST_CLOSE_OUTSIDE,CLOSE_BACK_OUTSIDE,1,A,ASIA,30,30,False,True,,2026-07-16 01:30:00-04:00,2026-07-16 01:30:00-04:00,29765.75,9.0742,23.4329,29670.0,95.75,29670.0,95.75,False,29892.0,rb,RB2-030413,60,126.25,5.3877,1.3185,
EP-47776-ENTRY_ON_IMMEDIATE_DISPLACEMENT,EP-47776,NQU6,ENTRY_ON_IMMEDIATE_DISPLACEMENT,IMMEDIATE_DISPLACEMENT,1,A,ASIA,30,30,False,True,,2026-07-16 01:30:00-04:00,2026-07-16 01:30:00-04:00,29765.75,9.0742,23.4329,29670.0,95.75,29670.0,95.75,False,29892.0,rb,RB2-030413,60,126.25,5.3877,1.3185,
EP-47825-ENTRY_ON_TAP,EP-47825,NQU6,ENTRY_ON_TAP,TAP_ONLY,1,F,ASIA,3,3,False,True,,2026-07-16 01:30:00-04:00,2026-07-16 01:30:00-04:00,29765.75,9.0742,23.4329,29756.75,9.0,29756.6758,9.0742,True,29892.0,rb,RB2-030413,60,126.25,5.3877,13.9131,
EP-47826-ENTRY_ON_FIRST_CLOSE_OUTSIDE,EP-47826,NQU6,ENTRY_ON_FIRST_CLOSE_OUTSIDE,CLOSE_BACK_OUTSIDE,1,F,ASIA,3,1,True,True,2026-07-16 01:28:00-04:00,2026-07-16 01:30:00-04:00,2026-07-16 01:30:00-04:00,29765.75,9.0742,23.4329,29756.75,9.0,29756.6758,9.0742,True,29892.0,rb,RB2-030413,60,126.25,5.3877,13.9131,
EP-47826-ENTRY_ON_MINIMAL_WICK_REJECTION,EP-47826,NQU6,ENTRY_ON_MINIMAL_WICK_REJECTION,MINIMAL_WICK_REJECTION,1,F,ASIA,3,1,True,True,2026-07-16 01:28:00-04:00,2026-07-16 01:30:00-04:00,2026-07-16 01:30:00-04:00,29765.75,9.0742,23.4329,29756.75,9.0,29756.6758,9.0742,True,29892.0,rb,RB2-030413,60,126.25,5.3877,13.9131,
EP-47826-ENTRY_ON_IMMEDIATE_DISPLACEMENT,EP-47826,NQU6,ENTRY_ON_IMMEDIATE_DISPLACEMENT,IMMEDIATE_DISPLACEMENT,1,F,ASIA,3,1,True,True,2026-07-16 01:28:00-04:00,2026-07-16 01:30:00-04:00,2026-07-16 01:30:00-04:00,29765.75,9.0742,23.4329,29756.75,9.0,29756.6758,9.0742,True,29892.0,rb,RB2-030413,60,126.25,5.3877,13.9131,
EP-47826-ENTRY_ON_NEW_IFVG,EP-47826,NQU6,ENTRY_ON_NEW_IFVG,NEW_IFVG,1,F,ASIA,3,1,True,True,2026-07-16 01:28:00-04:00,2026-07-16 01:31:00-04:00,2026-07-16 01:31:00-04:00,29782.75,10.0607,23.4329,29756.75,26.0,29756.75,26.0,False,29892.0,rb,RB2-030413,60,109.25,4.6622,4.2019,
EP-47828-ENTRY_ON_DELAYED_DISPLACEMENT,EP-47828,NQU6,ENTRY_ON_DELAYED_DISPLACEMENT,DELAYED_DISPLACEMENT,-1,A,ASIA,15,1,True,True,2026-07-16 01:30:00-04:00,2026-07-16 01:34:00-04:00,2026-07-16 01:34:00-04:00,29736.0,11.1399,23.4329,29775.5,39.5,29775.5,39.5,False,29709.0,rb,RB2-029246,15,27.0,1.1522,0.6835,
EP-47828-ENTRY_ON_NEW_FVG,EP-47828,NQU6,ENTRY_ON_NEW_FVG,NEW_FVG,-1,A,ASIA,15,1,True,True,2026-07-16 01:30:00-04:00,2026-07-16 01:34:00-04:00,2026-07-16 01:34:00-04:00,29736.0,11.1399,23.4329,29775.5,39.5,29775.5,39.5,False,29709.0,rb,RB2-029246,15,27.0,1.1522,0.6835,
EP-47985-ENTRY_ON_NEW_IFVG,EP-47985,NQU6,ENTRY_ON_NEW_IFVG,NEW_IFVG,-1,A,LONDON,5,1,True,True,2026-07-16 03:25:00-04:00,2026-07-16 03:33:00-04:00,2026-07-16 03:33:00-04:00,29608.25,11.4308,29.0371,29649.5,41.25,29649.5,41.25,False,29425.25,rb,RB2-030426,60,183.0,6.3023,4.4364,
EP-47988-ENTRY_ON_MINIMAL_WICK_REJECTION,EP-47988,NQU6,ENTRY_ON_MINIMAL_WICK_REJECTION,MINIMAL_WICK_REJECTION,-1,A,LONDON,1,1,False,True,2026-07-16 03:27:00-04:00,2026-07-16 03:33:00-04:00,2026-07-16 03:33:00-04:00,29608.25,11.4308,29.0371,29629.5,21.25,29629.5,21.25,False,29425.25,rb,RB2-030426,60,183.0,6.3023,8.6118,
EP-47988-ENTRY_ON_DELAYED_DISPLACEMENT,EP-47988,NQU6,ENTRY_ON_DELAYED_DISPLACEMENT,DELAYED_DISPLACEMENT,-1,A,LONDON,1,1,False,True,2026-07-16 03:27:00-04:00,2026-07-16 03:33:00-04:00,2026-07-16 03:33:00-04:00,29608.25,11.4308,29.0371,29629.5,21.25,29629.5,21.25,False,29425.25,rb,RB2-030426,60,183.0,6.3023,8.6118,
EP-47988-ENTRY_ON_NEW_IFVG,EP-47988,NQU6,ENTRY_ON_NEW_IFVG,NEW_IFVG,-1,A,LONDON,1,1,False,True,2026-07-16 03:27:00-04:00,2026-07-16 03:33:00-04:00,2026-07-16 03:33:00-04:00,29608.25,11.4308,29.0371,29629.5,21.25,29629.5,21.25,False,29425.25,rb,RB2-030426,60,183.0,6.3023,8.6118,
EP-47989-ENTRY_ON_MINIMAL_WICK_REJECTION,EP-47989,NQU6,ENTRY_ON_MINIMAL_WICK_REJECTION,MINIMAL_WICK_REJECTION,-1,F,LONDON,15,1,True,True,2026-07-16 03:30:00-04:00,2026-07-16 03:33:00-04:00,2026-07-16 03:33:00-04:00,29608.25,11.4308,29.0371,29649.5,41.25,29649.5,41.25,False,29425.25,rb,RB2-030426,60,183.0,6.3023,4.4364,
EP-47989-ENTRY_ON_DELAYED_DISPLACEMENT,EP-47989,NQU6,ENTRY_ON_DELAYED_DISPLACEMENT,DELAYED_DISPLACEMENT,-1,F,LONDON,15,1,True,True,2026-07-16 03:30:00-04:00,2026-07-16 03:33:00-04:00,2026-07-16 03:33:00-04:00,29608.25,11.4308,29.0371,29649.5,41.25,29649.5,41.25,False,29425.25,rb,RB2-030426,60,183.0,6.3023,4.4364,
EP-47989-ENTRY_ON_NEW_IFVG,EP-47989,NQU6,ENTRY_ON_NEW_IFVG,NEW_IFVG,-1,F,LONDON,15,1,True,True,2026-07-16 03:30:00-04:00,2026-07-16 03:33:00-04:00,2026-07-16 03:33:00-04:00,29608.25,11.4308,29.0371,29649.5,41.25,29649.5,41.25,False,29425.25,rb,RB2-030426,60,183.0,6.3023,4.4364,
EP-47991-ENTRY_ON_TAP,EP-47991,NQU6,ENTRY_ON_TAP,TAP_ONLY,-1,B,LONDON,3,3,False,True,,2026-07-16 03:33:00-04:00,2026-07-16 03:33:00-04:00,29608.25,11.4308,29.0371,29634.0,25.75,29634.0,25.75,False,29425.25,rb,RB2-030426,60,183.0,6.3023,7.1068,
EP-47991-ENTRY_ON_FIRST_CLOSE_OUTSIDE,EP-47991,NQU6,ENTRY_ON_FIRST_CLOSE_OUTSIDE,CLOSE_BACK_OUTSIDE,-1,B,LONDON,3,3,False,True,,2026-07-16 03:36:00-04:00,2026-07-16 03:36:00-04:00,29604.25,11.6373,29.4523,29634.0,29.75,29634.0,29.75,False,29425.25,rb,RB2-030426,60,179.0,6.0776,6.0168,
EP-47995-ENTRY_ON_IMMEDIATE_DISPLACEMENT,EP-47995,NQU6,ENTRY_ON_IMMEDIATE_DISPLACEMENT,IMMEDIATE_DISPLACEMENT,-1,B,LONDON,1,1,False,True,2026-07-16 03:34:00-04:00,2026-07-16 03:36:00-04:00,2026-07-16 03:36:00-04:00,29604.25,11.6373,29.4523,29620.0,15.75,29620.0,15.75,False,29425.25,rb,RB2-030426,60,179.0,6.0776,11.3651,
EP-47994-ENTRY_ON_NEW_FVG,EP-47994,NQU6,ENTRY_ON_NEW_FVG,NEW_FVG,-1,C,LONDON,1,1,False,True,2026-07-16 03:33:00-04:00,2026-07-16 03:38:00-04:00,2026-07-16 03:38:00-04:00,29598.25,11.4798,29.4523,29617.0,18.75,29617.0,18.75,False,29425.25,rb,RB2-030426,60,173.0,5.8739,9.2267,
EP-47995-ENTRY_ON_NEW_FVG,EP-47995,NQU6,ENTRY_ON_NEW_FVG,NEW_FVG,-1,B,LONDON,1,1,False,True,2026-07-16 03:34:00-04:00,2026-07-16 03:38:00-04:00,2026-07-16 03:38:00-04:00,29598.25,11.4798,29.4523,29620.0,21.75,29620.0,21.75,False,29425.25,rb,RB2-030426,60,173.0,5.8739,7.954,
EP-47987-ENTRY_ON_DELAYED_DISPLACEMENT,EP-47987,NQU6,ENTRY_ON_DELAYED_DISPLACEMENT,DELAYED_DISPLACEMENT,-1,A,LONDON,5,5,False,True,,2026-07-16 03:40:00-04:00,2026-07-16 03:40:00-04:00,29583.75,11.5509,29.8292,29649.5,65.75,29649.5,65.75,False,29425.25,rb,RB2-030426,60,158.5,5.3136,2.4106,
EP-48001-ENTRY_ON_NEW_FVG,EP-48001,NQU6,ENTRY_ON_NEW_FVG,NEW_FVG,-1,A,LONDON,1,1,False,True,2026-07-16 03:38:00-04:00,2026-07-16 03:40:00-04:00,2026-07-16 03:40:00-04:00,29583.75,11.5509,29.8292,29604.75,21.0,29604.75,21.0,False,29425.25,rb,RB2-030426,60,158.5,5.3136,7.5476,
EP-47987-ENTRY_ON_NEW_FVG,EP-47987,NQU6,ENTRY_ON_NEW_FVG,NEW_FVG,-1,A,LONDON,5,5,False,True,,2026-07-16 03:45:00-04:00,2026-07-16 03:45:00-04:00,29571.25,11.7057,29.3676,29649.5,78.25,29649.5,78.25,False,29425.25,rb,RB2-030426,60,146.0,4.9715,1.8658,
EP-47991-ENTRY_ON_NEW_FVG,EP-47991,NQU6,ENTRY_ON_NEW_FVG,NEW_FVG,-1,B,LONDON,3,3,False,True,,2026-07-16 03:45:00-04:00,2026-07-16 03:45:00-04:00,29571.25,11.7057,29.3676,29634.0,62.75,29634.0,62.75,False,29425.25,rb,RB2-030426,60,146.0,4.9715,2.3267,
EP-47993-ENTRY_ON_TAP,EP-47993,NQU6,ENTRY_ON_TAP,TAP_ONLY,-1,A,LONDON,15,15,False,True,,2026-07-16 03:45:00-04:00,2026-07-16 03:45:00-04:00,29571.25,11.7057,29.3676,29649.5,78.25,29649.5,78.25,False,29425.25,rb,RB2-030426,60,146.0,4.9715,1.8658,
EP-48006-ENTRY_ON_DELAYED_DISPLACEMENT,EP-48006,NQU6,ENTRY_ON_DELAYED_DISPLACEMENT,DELAYED_DISPLACEMENT,-1,B,LONDON,1,1,False,True,2026-07-16 03:41:00-04:00,2026-07-16 03:45:00-04:00,2026-07-16 03:45:00-04:00,29571.25,11.7057,29.3676,29592.0,20.75,29592.0,20.75,False,29425.25,rb,RB2-030426,60,146.0,4.9715,7.0361,
EP-48007-ENTRY_ON_FIRST_CLOSE_OUTSIDE,EP-48007,NQU6,ENTRY_ON_FIRST_CLOSE_OUTSIDE,CLOSE_BACK_OUTSIDE,-1,A,LONDON,1,1,False,True,2026-07-16 03:42:00-04:00,2026-07-16 03:45:00-04:00,2026-07-16 03:45:00-04:00,29571.25,11.7057,29.3676,29587.25,16.0,29587.25,16.0,False,29425.25,rb,RB2-030426,60,146.0,4.9715,9.125,
EP-48007-ENTRY_ON_DELAYED_DISPLACEMENT,EP-48007,NQU6,ENTRY_ON_DELAYED_DISPLACEMENT,DELAYED_DISPLACEMENT,-1,A,LONDON,1,1,False,True,2026-07-16 03:42:00-04:00,2026-07-16 03:45:00-04:00,2026-07-16 03:45:00-04:00,29571.25,11.7057,29.3676,29587.25,16.0,29587.25,16.0,False,29425.25,rb,RB2-030426,60,146.0,4.9715,9.125,
EP-48006-ENTRY_ON_NEW_FVG,EP-48006,NQU6,ENTRY_ON_NEW_FVG,NEW_FVG,-1,B,LONDON,1,1,False,True,2026-07-16 03:41:00-04:00,2026-07-16 03:46:00-04:00,2026-07-16 03:46:00-04:00,29566.75,11.6138,29.3676,29592.0,25.25,29592.0,25.25,False,29425.25,rb,RB2-030426,60,141.5,4.8182,5.604,
EP-48007-ENTRY_ON_NEW_FVG,EP-48007,NQU6,ENTRY_ON_NEW_FVG,NEW_FVG,-1,A,LONDON,1,1,False,True,2026-07-16 03:42:00-04:00,2026-07-16 03:46:00-04:00,2026-07-16 03:46:00-04:00,29566.75,11.6138,29.3676,29587.25,20.5,29587.25,20.5,False,29425.25,rb,RB2-030426,60,141.5,4.8182,6.9024,
EP-48019-ENTRY_ON_FIRST_CLOSE_OUTSIDE,EP-48019,NQU6,ENTRY_ON_FIRST_CLOSE_OUTSIDE,CLOSE_BACK_OUTSIDE,-1,A,LONDON,3,3,False,True,,2026-07-16 03:54:00-04:00,2026-07-16 03:54:00-04:00,29569.5,11.9129,29.3002,29586.75,17.25,29586.75,17.25,False,29425.25,rb,RB2-030426,60,144.25,4.9232,8.3623,
EP-48029-ENTRY_ON_FIRST_CLOSE_OUTSIDE,EP-48029,NQU6,ENTRY_ON_FIRST_CLOSE_OUTSIDE,CLOSE_BACK_OUTSIDE,-1,A,LONDON,1,1,False,True,2026-07-16 03:54:00-04:00,2026-07-16 03:56:00-04:00,2026-07-16 03:56:00-04:00,29555.75,11.8631,29.2565,29571.0,15.25,29571.0,15.25,False,29425.25,rb,RB2-030426,60,130.5,4.4606,8.5574,
EP-48029-ENTRY_ON_IMMEDIATE_DISPLACEMENT,EP-48029,NQU6,ENTRY_ON_IMMEDIATE_DISPLACEMENT,IMMEDIATE_DISPLACEMENT,-1,A,LONDON,1,1,False,True,2026-07-16 03:54:00-04:00,2026-07-16 03:56:00-04:00,2026-07-16 03:56:00-04:00,29555.75,11.8631,29.2565,29571.0,15.25,29571.0,15.25,False,29425.25,rb,RB2-030426,60,130.5,4.4606,8.5574,
EP-48019-ENTRY_ON_DELAYED_DISPLACEMENT,EP-48019,NQU6,ENTRY_ON_DELAYED_DISPLACEMENT,DELAYED_DISPLACEMENT,-1,A,LONDON,3,3,False,True,,2026-07-16 03:57:00-04:00,2026-07-16 03:57:00-04:00,29554.0,11.7126,29.2565,29586.75,32.75,29586.75,32.75,False,29425.25,rb,RB2-030426,60,128.75,4.4007,3.9313,
EP-48020-ENTRY_ON_NEW_FVG,EP-48020,NQU6,ENTRY_ON_NEW_FVG,NEW_FVG,-1,F,LONDON,5,1,True,True,2026-07-16 03:49:00-04:00,2026-07-16 03:57:00-04:00,2026-07-16 03:57:00-04:00,29554.0,11.7126,29.2565,29587.25,33.25,29587.25,33.25,False,29425.25,rb,RB2-030426,60,128.75,4.4007,3.8722,
EP-48029-ENTRY_ON_NEW_FVG,EP-48029,NQU6,ENTRY_ON_NEW_FVG,NEW_FVG,-1,A,LONDON,1,1,False,True,2026-07-16 03:54:00-04:00,2026-07-16 03:57:00-04:00,2026-07-16 03:57:00-04:00,29554.0,11.7126,29.2565,29571.0,17.0,29571.0,17.0,False,29425.25,rb,RB2-030426,60,128.75,4.4007,7.5735,
EP-48036-ENTRY_ON_FIRST_CLOSE_OUTSIDE,EP-48036,NQU6,ENTRY_ON_FIRST_CLOSE_OUTSIDE,CLOSE_BACK_OUTSIDE,-1,A,LONDON,3,1,True,True,2026-07-16 04:00:00-04:00,2026-07-16 04:02:00-04:00,2026-07-16 04:02:00-04:00,29547.0,12.003,28.9437,29570.25,23.25,29570.25,23.25,False,29425.25,rb,RB2-030426,60,121.75,4.2064,5.2366,
EP-48036-ENTRY_ON_MINIMAL_WICK_REJECTION,EP-48036,NQU6,ENTRY_ON_MINIMAL_WICK_REJECTION,MINIMAL_WICK_REJECTION,-1,A,LONDON,3,1,True,True,2026-07-16 04:00:00-04:00,2026-07-16 04:02:00-04:00,2026-07-16 04:02:00-04:00,29547.0,12.003,28.9437,29570.25,23.25,29570.25,23.25,False,29425.25,rb,RB2-030426,60,121.75,4.2064,5.2366,
EP-48036-ENTRY_ON_IMMEDIATE_DISPLACEMENT,EP-48036,NQU6,ENTRY_ON_IMMEDIATE_DISPLACEMENT,IMMEDIATE_DISPLACEMENT,-1,A,LONDON,3,1,True,True,2026-07-16 04:00:00-04:00,2026-07-16 04:02:00-04:00,2026-07-16 04:02:00-04:00,29547.0,12.003,28.9437,29570.25,23.25,29570.25,23.25,False,29425.25,rb,RB2-030426,60,121.75,4.2064,5.2366,
EP-48041-ENTRY_ON_TAP,EP-48041,NQU6,ENTRY_ON_TAP,TAP_ONLY,-1,A,LONDON,1,1,False,True,2026-07-16 04:01:00-04:00,2026-07-16 04:02:00-04:00,2026-07-16 04:02:00-04:00,29547.0,12.003,28.9437,29572.75,25.75,29572.75,25.75,False,29425.25,rb,RB2-030426,60,121.75,4.2064,4.7282,
EP-48038-ENTRY_ON_TAP,EP-48038,NQU6,ENTRY_ON_TAP,TAP_ONLY,-1,A,LONDON,3,3,False,True,,2026-07-16 04:03:00-04:00,2026-07-16 04:03:00-04:00,29554.75,12.2633,28.9437,29570.25,15.5,29570.25,15.5,False,29425.25,rb,RB2-030426,60,129.5,4.4742,8.3548,
EP-48036-ENTRY_ON_DELAYED_DISPLACEMENT,EP-48036,NQU6,ENTRY_ON_DELAYED_DISPLACEMENT,DELAYED_DISPLACEMENT,-1,A,LONDON,3,1,True,True,2026-07-16 04:00:00-04:00,2026-07-16 04:04:00-04:00,2026-07-16 04:04:00-04:00,29526.0,13.2002,28.9437,29570.25,44.25,29570.25,44.25,False,29425.25,rb,RB2-030426,60,100.75,3.4809,2.2768,
EP-48041-ENTRY_ON_FIRST_CLOSE_OUTSIDE,EP-48041,NQU6,ENTRY_ON_FIRST_CLOSE_OUTSIDE,CLOSE_BACK_OUTSIDE,-1,A,LONDON,1,1,False,True,2026-07-16 04:01:00-04:00,2026-07-16 04:04:00-04:00,2026-07-16 04:04:00-04:00,29526.0,13.2002,28.9437,29572.75,46.75,29572.75,46.75,False,29425.25,rb,RB2-030426,60,100.75,3.4809,2.1551,
EP-48041-ENTRY_ON_DELAYED_DISPLACEMENT,EP-48041,NQU6,ENTRY_ON_DELAYED_DISPLACEMENT,DELAYED_DISPLACEMENT,-1,A,LONDON,1,1,False,True,2026-07-16 04:01:00-04:00,2026-07-16 04:04:00-04:00,2026-07-16 04:04:00-04:00,29526.0,13.2002,28.9437,29572.75,46.75,29572.75,46.75,False,29425.25,rb,RB2-030426,60,100.75,3.4809,2.1551,
EP-48048-ENTRY_ON_IMMEDIATE_DISPLACEMENT,EP-48048,NQU6,ENTRY_ON_IMMEDIATE_DISPLACEMENT,IMMEDIATE_DISPLACEMENT,-1,A,LONDON,1,1,False,True,2026-07-16 04:09:00-04:00,2026-07-16 04:11:00-04:00,2026-07-16 04:11:00-04:00,29511.75,13.3459,29.7421,29536.75,25.0,29536.75,25.0,False,29425.25,rb,RB2-030426,60,86.5,2.9083,3.46,
EP-48048-ENTRY_ON_DELAYED_DISPLACEMENT,EP-48048,NQU6,ENTRY_ON_DELAYED_DISPLACEMENT,DELAYED_DISPLACEMENT,-1,A,LONDON,1,1,False,True,2026-07-16 04:09:00-04:00,2026-07-16 04:12:00-04:00,2026-07-16 04:12:00-04:00,29505.0,13.3732,29.7421,29536.75,31.75,29536.75,31.75,False,29425.25,rb,RB2-030426,60,79.75,2.6814,2.5118,
EP-48048-ENTRY_ON_NEW_FVG,EP-48048,NQU6,ENTRY_ON_NEW_FVG,NEW_FVG,-1,A,LONDON,1,1,False,True,2026-07-16 04:09:00-04:00,2026-07-16 04:12:00-04:00,2026-07-16 04:12:00-04:00,29505.0,13.3732,29.7421,29536.75,31.75,29536.75,31.75,False,29425.25,rb,RB2-030426,60,79.75,2.6814,2.5118,
EP-48019-ENTRY_ON_NEW_FVG,EP-48019,NQU6,ENTRY_ON_NEW_FVG,NEW_FVG,-1,A,LONDON,3,3,False,True,,2026-07-16 04:15:00-04:00,2026-07-16 04:15:00-04:00,29493.75,14.0984,30.1695,29586.75,93.0,29586.75,93.0,False,29425.25,rb,RB2-030426,60,68.5,2.2705,0.7366,
EP-48038-ENTRY_ON_NEW_FVG,EP-48038,NQU6,ENTRY_ON_NEW_FVG,NEW_FVG,-1,A,LONDON,3,3,False,True,,2026-07-16 04:15:00-04:00,2026-07-16 04:15:00-04:00,29493.75,14.0984,30.1695,29570.25,76.5,29570.25,76.5,False,29425.25,rb,RB2-030426,60,68.5,2.2705,0.8954,
EP-48057-ENTRY_ON_MINIMAL_WICK_REJECTION,EP-48057,NQU6,ENTRY_ON_MINIMAL_WICK_REJECTION,MINIMAL_WICK_REJECTION,-1,B,LONDON,1,1,False,True,2026-07-16 04:13:00-04:00,2026-07-16 04:15:00-04:00,2026-07-16 04:15:00-04:00,29493.75,14.0984,30.1695,29508.75,15.0,29508.75,15.0,False,29425.25,rb,RB2-030426,60,68.5,2.2705,4.5667,
EP-48057-ENTRY_ON_IMMEDIATE_DISPLACEMENT,EP-48057,NQU6,ENTRY_ON_IMMEDIATE_DISPLACEMENT,IMMEDIATE_DISPLACEMENT,-1,B,LONDON,1,1,False,True,2026-07-16 04:13:00-04:00,2026-07-16 04:15:00-04:00,2026-07-16 04:15:00-04:00,29493.75,14.0984,30.1695,29508.75,15.0,29508.75,15.0,False,29425.25,rb,RB2-030426,60,68.5,2.2705,4.5667,
EP-48059-ENTRY_ON_FIRST_CLOSE_OUTSIDE,EP-48059,NQU6,ENTRY_ON_FIRST_CLOSE_OUTSIDE,CLOSE_BACK_OUTSIDE,-1,B,LONDON,1,1,False,True,2026-07-16 04:14:00-04:00,2026-07-16 04:16:00-04:00,2026-07-16 04:16:00-04:00,29487.75,13.9589,30.1695,29523.5,35.75,29523.5,35.75,False,29425.25,rb,RB2-030426,60,62.5,2.0716,1.7483,
EP-48292-ENTRY_ON_TAP,EP-48292,NQU6,ENTRY_ON_TAP,TAP_ONLY,1,F,LONDON,5,1,True,True,2026-07-16 07:00:00-04:00,2026-07-16 07:01:00-04:00,2026-07-16 07:01:00-04:00,29494.25,11.1641,27.2763,29478.75,15.5,29478.75,15.5,False,29522.0,ifvg,IFVG2-002361,1,27.75,1.0174,1.7903,
EP-48288-ENTRY_ON_NEW_FVG,EP-48288,NQU6,ENTRY_ON_NEW_FVG,NEW_FVG,-1,F,LONDON,15,1,True,True,2026-07-16 06:59:00-04:00,2026-07-16 07:02:00-04:00,2026-07-16 07:02:00-04:00,29484.75,11.751,27.2763,29555.75,71.0,29555.75,71.0,False,29425.25,rb,RB2-030426,60,59.5,2.1814,0.838,
EP-48290-ENTRY_ON_FIRST_CLOSE_OUTSIDE,EP-48290,NQU6,ENTRY_ON_FIRST_CLOSE_OUTSIDE,CLOSE_BACK_OUTSIDE,-1,F,LONDON,60,1,True,True,2026-07-16 07:00:00-04:00,2026-07-16 07:02:00-04:00,2026-07-16 07:02:00-04:00,29484.75,11.751,27.2763,29561.25,76.5,29561.25,76.5,False,29425.25,rb,RB2-030426,60,59.5,2.1814,0.7778,
EP-48290-ENTRY_ON_NEW_FVG,EP-48290,NQU6,ENTRY_ON_NEW_FVG,NEW_FVG,-1,F,LONDON,60,1,True,True,2026-07-16 07:00:00-04:00,2026-07-16 07:02:00-04:00,2026-07-16 07:02:00-04:00,29484.75,11.751,27.2763,29561.25,76.5,29561.25,76.5,False,29425.25,rb,RB2-030426,60,59.5,2.1814,0.7778,
EP-48254-ENTRY_ON_DELAYED_DISPLACEMENT,EP-48254,NQU6,ENTRY_ON_DELAYED_DISPLACEMENT,DELAYED_DISPLACEMENT,-1,A,LONDON,5,5,False,True,,2026-07-16 07:05:00-04:00,2026-07-16 07:05:00-04:00,29485.5,11.3783,28.7023,29555.75,70.25,29555.75,70.25,False,29425.25,rb,RB2-030426,60,60.25,2.0991,0.8577,
EP-48297-ENTRY_ON_TAP,EP-48297,NQU6,ENTRY_ON_TAP,TAP_ONLY,-1,A,LONDON,5,5,False,True,,2026-07-16 07:05:00-04:00,2026-07-16 07:05:00-04:00,29485.5,11.3783,28.7023,29537.75,52.25,29537.75,52.25,False,29425.25,rb,RB2-030426,60,60.25,2.0991,1.1531,
EP-48304-ENTRY_ON_FIRST_CLOSE_OUTSIDE,EP-48304,NQU6,ENTRY_ON_FIRST_CLOSE_OUTSIDE,CLOSE_BACK_OUTSIDE,-1,B,LONDON,1,1,False,True,2026-07-16 07:03:00-04:00,2026-07-16 07:05:00-04:00,2026-07-16 07:05:00-04:00,29485.5,11.3783,28.7023,29526.25,40.75,29526.25,40.75,False,29425.25,rb,RB2-030426,60,60.25,2.0991,1.4785,
EP-48305-ENTRY_ON_FIRST_CLOSE_OUTSIDE,EP-48305,NQU6,ENTRY_ON_FIRST_CLOSE_OUTSIDE,CLOSE_BACK_OUTSIDE,-1,A,LONDON,1,1,False,True,2026-07-16 07:05:00-04:00,2026-07-16 07:08:00-04:00,2026-07-16 07:08:00-04:00,29481.25,11.5024,28.7023,29490.0,8.75,29492.7524,11.5024,True,29425.25,rb,RB2-030426,60,56.0,1.9511,4.8685,
EP-48305-ENTRY_ON_NEW_FVG,EP-48305,NQU6,ENTRY_ON_NEW_FVG,NEW_FVG,-1,A,LONDON,1,1,False,True,2026-07-16 07:05:00-04:00,2026-07-16 07:11:00-04:00,2026-07-16 07:11:00-04:00,29468.25,11.6197,28.5793,29490.0,21.75,29490.0,21.75,False,29425.25,rb,RB2-030426,60,43.0,1.5046,1.977,
EP-48306-ENTRY_ON_NEW_FVG,EP-48306,NQU6,ENTRY_ON_NEW_FVG,NEW_FVG,-1,B,LONDON,1,1,False,True,2026-07-16 07:06:00-04:00,2026-07-16 07:11:00-04:00,2026-07-16 07:11:00-04:00,29468.25,11.6197,28.5793,29487.5,19.25,29487.5,19.25,False,29425.25,rb,RB2-030426,60,43.0,1.5046,2.2338,
EP-48312-ENTRY_ON_DELAYED_DISPLACEMENT,EP-48312,NQU6,ENTRY_ON_DELAYED_DISPLACEMENT,DELAYED_DISPLACEMENT,-1,F,LONDON,3,1,True,True,2026-07-16 07:11:00-04:00,2026-07-16 07:16:00-04:00,2026-07-16 07:16:00-04:00,29472.5,11.7895,28.5656,29490.0,17.5,29490.0,17.5,False,29425.25,rb,RB2-030426,60,47.25,1.6541,2.7,
EP-48322-ENTRY_ON_IFVG_RETEST,EP-48322,NQU6,ENTRY_ON_IFVG_RETEST,IFVG_RETEST,1,C,LONDON,3,1,True,True,2026-07-16 07:16:00-04:00,2026-07-16 07:17:00-04:00,2026-07-16 07:17:00-04:00,29451.0,12.3295,28.5656,29428.75,22.25,29428.75,22.25,False,29482.75,rb,RB2-023465,3,31.75,1.1115,1.427,
EP-48323-ENTRY_ON_TAP,EP-48323,NQU6,ENTRY_ON_TAP,TAP_ONLY,1,F,LONDON,3,1,True,True,2026-07-16 07:18:00-04:00,2026-07-16 07:19:00-04:00,2026-07-16 07:19:00-04:00,29449.75,12.9311,28.5656,29446.25,3.5,29436.8189,12.9311,True,29482.75,rb,RB2-023465,3,33.0,1.1552,2.552,
EP-48363-ENTRY_ON_TAP,EP-48363,NQU6,ENTRY_ON_TAP,TAP_ONLY,1,B,LONDON,1,1,False,True,2026-07-16 07:49:00-04:00,2026-07-16 07:50:00-04:00,2026-07-16 07:50:00-04:00,29385.25,16.4943,33.3561,29367.5,17.75,29367.5,17.75,False,29442.0,rb,RB2-023471,3,56.75,1.7013,3.1972,
EP-48408-ENTRY_ON_NEW_FVG,EP-48408,NQU6,ENTRY_ON_NEW_FVG,NEW_FVG,-1,F,NY_PREMARKET,3,1,True,True,2026-07-16 08:30:00-04:00,2026-07-16 08:38:00-04:00,2026-07-16 08:38:00-04:00,29371.75,16.198,35.4015,29428.25,56.5,29428.25,56.5,False,29096.25,rb,RB2-030389,60,275.5,7.7822,4.8761,
EP-48416-ENTRY_ON_FIRST_CLOSE_OUTSIDE,EP-48416,NQU6,ENTRY_ON_FIRST_CLOSE_OUTSIDE,CLOSE_BACK_OUTSIDE,-1,A,NY_PREMARKET,3,1,True,True,2026-07-16 08:36:00-04:00,2026-07-16 08:38:00-04:00,2026-07-16 08:38:00-04:00,29371.75,16.198,35.4015,29420.0,48.25,29420.0,48.25,False,29096.25,rb,RB2-030389,60,275.5,7.7822,5.7098,
EP-48416-ENTRY_ON_IMMEDIATE_DISPLACEMENT,EP-48416,NQU6,ENTRY_ON_IMMEDIATE_DISPLACEMENT,IMMEDIATE_DISPLACEMENT,-1,A,NY_PREMARKET,3,1,True,True,2026-07-16 08:36:00-04:00,2026-07-16 08:38:00-04:00,2026-07-16 08:38:00-04:00,29371.75,16.198,35.4015,29420.0,48.25,29420.0,48.25,False,29096.25,rb,RB2-030389,60,275.5,7.7822,5.7098,
EP-48416-ENTRY_ON_NEW_FVG,EP-48416,NQU6,ENTRY_ON_NEW_FVG,NEW_FVG,-1,A,NY_PREMARKET,3,1,True,True,2026-07-16 08:36:00-04:00,2026-07-16 08:38:00-04:00,2026-07-16 08:38:00-04:00,29371.75,16.198,35.4015,29420.0,48.25,29420.0,48.25,False,29096.25,rb,RB2-030389,60,275.5,7.7822,5.7098,
EP-48402-ENTRY_ON_DELAYED_DISPLACEMENT,EP-48402,NQU6,ENTRY_ON_DELAYED_DISPLACEMENT,DELAYED_DISPLACEMENT,-1,A,NY_PREMARKET,3,3,False,True,,2026-07-16 08:39:00-04:00,2026-07-16 08:39:00-04:00,29382.0,16.1481,35.4015,29439.75,57.75,29439.75,57.75,False,29096.25,rb,RB2-030389,60,285.75,8.0717,4.9481,
EP-48411-ENTRY_ON_FIRST_CLOSE_OUTSIDE,EP-48411,NQU6,ENTRY_ON_FIRST_CLOSE_OUTSIDE,CLOSE_BACK_OUTSIDE,-1,C,NY_PREMARKET,3,3,False,True,,2026-07-16 08:39:00-04:00,2026-07-16 08:39:00-04:00,29382.0,16.1481,35.4015,29428.25,46.25,29428.25,46.25,False,29096.25,rb,RB2-030389,60,285.75,8.0717,6.1784,
EP-48411-ENTRY_ON_DELAYED_DISPLACEMENT,EP-48411,NQU6,ENTRY_ON_DELAYED_DISPLACEMENT,DELAYED_DISPLACEMENT,-1,C,NY_PREMARKET,3,3,False,True,,2026-07-16 08:39:00-04:00,2026-07-16 08:39:00-04:00,29382.0,16.1481,35.4015,29428.25,46.25,29428.25,46.25,False,29096.25,rb,RB2-030389,60,285.75,8.0717,6.1784,
EP-48412-ENTRY_ON_FIRST_CLOSE_OUTSIDE,EP-48412,NQU6,ENTRY_ON_FIRST_CLOSE_OUTSIDE,CLOSE_BACK_OUTSIDE,-1,A,NY_PREMARKET,3,3,False,True,,2026-07-16 08:39:00-04:00,2026-07-16 08:39:00-04:00,29382.0,16.1481,35.4015,29411.75,29.75,29411.75,29.75,False,29096.25,rb,RB2-030389,60,285.75,8.0717,9.605,
EP-48412-ENTRY_ON_MINIMAL_WICK_REJECTION,EP-48412,NQU6,ENTRY_ON_MINIMAL_WICK_REJECTION,MINIMAL_WICK_REJECTION,-1,A,NY_PREMARKET,3,3,False,True,,2026-07-16 08:39:00-04:00,2026-07-16 08:39:00-04:00,29382.0,16.1481,35.4015,29411.75,29.75,29411.75,29.75,False,29096.25,rb,RB2-030389,60,285.75,8.0717,9.605,
EP-48412-ENTRY_ON_DELAYED_DISPLACEMENT,EP-48412,NQU6,ENTRY_ON_DELAYED_DISPLACEMENT,DELAYED_DISPLACEMENT,-1,A,NY_PREMARKET,3,3,False,True,,2026-07-16 08:39:00-04:00,2026-07-16 08:39:00-04:00,29382.0,16.1481,35.4015,29411.75,29.75,29411.75,29.75,False,29096.25,rb,RB2-030389,60,285.75,8.0717,9.605,
EP-48419-ENTRY_ON_TAP,EP-48419,NQU6,ENTRY_ON_TAP,TAP_ONLY,-1,A,NY_PREMARKET,3,3,False,True,,2026-07-16 08:39:00-04:00,2026-07-16 08:39:00-04:00,29382.0,16.1481,35.4015,29420.0,38.0,29420.0,38.0,False,29096.25,rb,RB2-030389,60,285.75,8.0717,7.5197,
EP-48420-ENTRY_ON_TAP,EP-48420,NQU6,ENTRY_ON_TAP,TAP_ONLY,-1,A,NY_PREMARKET,1,1,False,True,2026-07-16 08:39:00-04:00,2026-07-16 08:40:00-04:00,2026-07-16 08:40:00-04:00,29381.75,15.9128,36.1556,29385.25,3.5,29397.6628,15.9128,True,29096.25,rb,RB2-030389,60,285.5,7.8964,17.9415,
EP-48416-ENTRY_ON_STRONG_REJECTION,EP-48416,NQU6,ENTRY_ON_STRONG_REJECTION,STRONG_REJECTION_DEPARTURE,-1,A,NY_PREMARKET,3,1,True,True,2026-07-16 08:36:00-04:00,2026-07-16 08:41:00-04:00,2026-07-16 08:41:00-04:00,29377.0,16.0206,36.1556,29420.0,43.0,29420.0,43.0,False,29096.25,rb,RB2-030389,60,280.75,7.765,6.5291,
EP-48420-ENTRY_ON_FIRST_CLOSE_OUTSIDE,EP-48420,NQU6,ENTRY_ON_FIRST_CLOSE_OUTSIDE,CLOSE_BACK_OUTSIDE,-1,A,NY_PREMARKET,1,1,False,True,2026-07-16 08:39:00-04:00,2026-07-16 08:41:00-04:00,2026-07-16 08:41:00-04:00,29377.0,16.0206,36.1556,29385.25,8.25,29393.0206,16.0206,True,29096.25,rb,RB2-030389,60,280.75,7.765,17.5243,
EP-48420-ENTRY_ON_MINIMAL_WICK_REJECTION,EP-48420,NQU6,ENTRY_ON_MINIMAL_WICK_REJECTION,MINIMAL_WICK_REJECTION,-1,A,NY_PREMARKET,1,1,False,True,2026-07-16 08:39:00-04:00,2026-07-16 08:41:00-04:00,2026-07-16 08:41:00-04:00,29377.0,16.0206,36.1556,29385.25,8.25,29393.0206,16.0206,True,29096.25,rb,RB2-030389,60,280.75,7.765,17.5243,
EP-48420-ENTRY_ON_STRONG_REJECTION,EP-48420,NQU6,ENTRY_ON_STRONG_REJECTION,STRONG_REJECTION_DEPARTURE,-1,A,NY_PREMARKET,1,1,False,True,2026-07-16 08:39:00-04:00,2026-07-16 08:41:00-04:00,2026-07-16 08:41:00-04:00,29377.0,16.0206,36.1556,29385.25,8.25,29393.0206,16.0206,True,29096.25,rb,RB2-030389,60,280.75,7.765,17.5243,
EP-48419-ENTRY_ON_FIRST_CLOSE_OUTSIDE,EP-48419,NQU6,ENTRY_ON_FIRST_CLOSE_OUTSIDE,CLOSE_BACK_OUTSIDE,-1,A,NY_PREMARKET,3,3,False,True,,2026-07-16 08:42:00-04:00,2026-07-16 08:42:00-04:00,29373.5,15.853,36.1556,29420.0,46.5,29420.0,46.5,False,29096.25,rb,RB2-030389,60,277.25,7.6682,5.9624,
EP-48421-ENTRY_ON_TAP,EP-48421,NQU6,ENTRY_ON_TAP,TAP_ONLY,-1,A,NY_PREMARKET,1,1,False,True,2026-07-16 08:41:00-04:00,2026-07-16 08:42:00-04:00,2026-07-16 08:42:00-04:00,29373.5,15.853,36.1556,29390.25,16.75,29390.25,16.75,False,29096.25,rb,RB2-030389,60,277.25,7.6682,16.5522,
EP-48422-ENTRY_ON_TAP,EP-48422,NQU6,ENTRY_ON_TAP,TAP_ONLY,-1,A,NY_PREMARKET,3,1,True,True,2026-07-16 08:42:00-04:00,2026-07-16 08:43:00-04:00,2026-07-16 08:43:00-04:00,29375.75,15.7237,36.1556,29390.25,14.5,29391.4737,15.7237,True,29096.25,rb,RB2-030389,60,279.5,7.7305,17.7757,
EP-48421-ENTRY_ON_FIRST_CLOSE_OUTSIDE,EP-48421,NQU6,ENTRY_ON_FIRST_CLOSE_OUTSIDE,CLOSE_BACK_OUTSIDE,-1,A,NY_PREMARKET,1,1,False,True,2026-07-16 08:41:00-04:00,2026-07-16 08:45:00-04:00,2026-07-16 08:45:00-04:00,29374.75,15.2953,35.5449,29390.25,15.5,29390.25,15.5,False,29096.25,rb,RB2-030389,60,278.5,7.8352,17.9677,
EP-48422-ENTRY_ON_FIRST_CLOSE_OUTSIDE,EP-48422,NQU6,ENTRY_ON_FIRST_CLOSE_OUTSIDE,CLOSE_BACK_OUTSIDE,-1,A,NY_PREMARKET,3,1,True,True,2026-07-16 08:42:00-04:00,2026-07-16 08:45:00-04:00,2026-07-16 08:45:00-04:00,29374.75,15.2953,35.5449,29390.25,15.5,29390.25,15.5,False,29096.25,rb,RB2-030389,60,278.5,7.8352,17.9677,
EP-48423-ENTRY_ON_TAP,EP-48423,NQU6,ENTRY_ON_TAP,TAP_ONLY,-1,A,NY_PREMARKET,3,3,False,True,,2026-07-16 08:45:00-04:00,2026-07-16 08:45:00-04:00,29374.75,15.2953,35.5449,29390.25,15.5,29390.25,15.5,False,29096.25,rb,RB2-030389,60,278.5,7.8352,17.9677,
EP-48466-ENTRY_ON_DELAYED_DISPLACEMENT,EP-48466,NQU6,ENTRY_ON_DELAYED_DISPLACEMENT,DELAYED_DISPLACEMENT,-1,A,NY_AM,3,3,False,True,,2026-07-16 09:42:00-04:00,2026-07-16 09:42:00-04:00,29351.0,28.2187,39.1318,29488.5,137.5,29488.5,137.5,False,29096.25,rb,RB2-030389,60,254.75,6.51,1.8527,
EP-48485-ENTRY_ON_DELAYED_DISPLACEMENT,EP-48485,NQU6,ENTRY_ON_DELAYED_DISPLACEMENT,DELAYED_DISPLACEMENT,-1,A,NY_AM,1,1,False,True,2026-07-16 09:38:00-04:00,2026-07-16 09:42:00-04:00,2026-07-16 09:42:00-04:00,29351.0,28.2187,39.1318,29471.0,120.0,29471.0,120.0,False,29096.25,rb,RB2-030389,60,254.75,6.51,2.1229,
EP-48487-ENTRY_ON_FIRST_CLOSE_OUTSIDE,EP-48487,NQU6,ENTRY_ON_FIRST_CLOSE_OUTSIDE,CLOSE_BACK_OUTSIDE,-1,A,NY_AM,3,1,True,True,2026-07-16 09:39:00-04:00,2026-07-16 09:42:00-04:00,2026-07-16 09:42:00-04:00,29351.0,28.2187,39.1318,29471.0,120.0,29471.0,120.0,False,29096.25,rb,RB2-030389,60,254.75,6.51,2.1229,
EP-48487-ENTRY_ON_DELAYED_DISPLACEMENT,EP-48487,NQU6,ENTRY_ON_DELAYED_DISPLACEMENT,DELAYED_DISPLACEMENT,-1,A,NY_AM,3,1,True,True,2026-07-16 09:39:00-04:00,2026-07-16 09:42:00-04:00,2026-07-16 09:42:00-04:00,29351.0,28.2187,39.1318,29471.0,120.0,29471.0,120.0,False,29096.25,rb,RB2-030389,60,254.75,6.51,2.1229,
EP-48488-ENTRY_ON_TAP,EP-48488,NQU6,ENTRY_ON_TAP,TAP_ONLY,-1,A,NY_AM,3,3,False,True,,2026-07-16 09:42:00-04:00,2026-07-16 09:42:00-04:00,29351.0,28.2187,39.1318,29471.0,120.0,29471.0,120.0,False,29096.25,rb,RB2-030389,60,254.75,6.51,2.1229,
EP-48490-ENTRY_ON_IMMEDIATE_DISPLACEMENT,EP-48490,NQU6,ENTRY_ON_IMMEDIATE_DISPLACEMENT,IMMEDIATE_DISPLACEMENT,-1,A,NY_AM,1,1,False,True,2026-07-16 09:40:00-04:00,2026-07-16 09:42:00-04:00,2026-07-16 09:42:00-04:00,29351.0,28.2187,39.1318,29420.75,69.75,29420.75,69.75,False,29096.25,rb,RB2-030389,60,254.75,6.51,3.6523,
EP-48466-ENTRY_ON_NEW_FVG,EP-48466,NQU6,ENTRY_ON_NEW_FVG,NEW_FVG,-1,A,NY_AM,3,3,False,True,,2026-07-16 09:45:00-04:00,2026-07-16 09:45:00-04:00,29316.5,29.9518,42.7513,29488.5,172.0,29488.5,172.0,False,29096.25,rb,RB2-030389,60,220.25,5.1519,1.2805,
EP-48468-ENTRY_ON_TAP,EP-48468,NQU6,ENTRY_ON_TAP,TAP_ONLY,-1,A,NY_AM,15,15,False,True,,2026-07-16 09:45:00-04:00,2026-07-16 09:45:00-04:00,29316.5,29.9518,42.7513,29488.5,172.0,29488.5,172.0,False,29096.25,rb,RB2-030389,60,220.25,5.1519,1.2805,
EP-48483-ENTRY_ON_DELAYED_DISPLACEMENT,EP-48483,NQU6,ENTRY_ON_DELAYED_DISPLACEMENT,DELAYED_DISPLACEMENT,-1,C,NY_AM,3,3,False,True,,2026-07-16 09:45:00-04:00,2026-07-16 09:45:00-04:00,29316.5,29.9518,42.7513,29431.75,115.25,29431.75,115.25,False,29096.25,rb,RB2-030389,60,220.25,5.1519,1.9111,
EP-48483-ENTRY_ON_NEW_FVG,EP-48483,NQU6,ENTRY_ON_NEW_FVG,NEW_FVG,-1,C,NY_AM,3,3,False,True,,2026-07-16 09:45:00-04:00,2026-07-16 09:45:00-04:00,29316.5,29.9518,42.7513,29431.75,115.25,29431.75,115.25,False,29096.25,rb,RB2-030389,60,220.25,5.1519,1.9111,
EP-48488-ENTRY_ON_FIRST_CLOSE_OUTSIDE,EP-48488,NQU6,ENTRY_ON_FIRST_CLOSE_OUTSIDE,CLOSE_BACK_OUTSIDE,-1,A,NY_AM,3,3,False,True,,2026-07-16 09:45:00-04:00,2026-07-16 09:45:00-04:00,29316.5,29.9518,42.7513,29471.0,154.5,29471.0,154.5,False,29096.25,rb,RB2-030389,60,220.25,5.1519,1.4256,
EP-48488-ENTRY_ON_IMMEDIATE_DISPLACEMENT,EP-48488,NQU6,ENTRY_ON_IMMEDIATE_DISPLACEMENT,IMMEDIATE_DISPLACEMENT,-1,A,NY_AM,3,3,False,True,,2026-07-16 09:45:00-04:00,2026-07-16 09:45:00-04:00,29316.5,29.9518,42.7513,29471.0,154.5,29471.0,154.5,False,29096.25,rb,RB2-030389,60,220.25,5.1519,1.4256,
EP-48488-ENTRY_ON_NEW_FVG,EP-48488,NQU6,ENTRY_ON_NEW_FVG,NEW_FVG,-1,A,NY_AM,3,3,False,True,,2026-07-16 09:45:00-04:00,2026-07-16 09:45:00-04:00,29316.5,29.9518,42.7513,29471.0,154.5,29471.0,154.5,False,29096.25,rb,RB2-030389,60,220.25,5.1519,1.4256,
EP-48498-ENTRY_ON_MINIMAL_WICK_REJECTION,EP-48498,NQU6,ENTRY_ON_MINIMAL_WICK_REJECTION,MINIMAL_WICK_REJECTION,-1,A,NY_AM,1,1,False,True,2026-07-16 09:46:00-04:00,2026-07-16 09:48:00-04:00,2026-07-16 09:48:00-04:00,29304.0,30.1348,42.7513,29342.75,38.75,29342.75,38.75,False,29096.25,rb,RB2-030389,60,207.75,4.8595,5.3613,
EP-48498-ENTRY_ON_NEW_FVG,EP-48498,NQU6,ENTRY_ON_NEW_FVG,NEW_FVG,-1,A,NY_AM,1,1,False,True,2026-07-16 09:46:00-04:00,2026-07-16 09:50:00-04:00,2026-07-16 09:50:00-04:00,29272.0,30.7896,44.2409,29342.75,70.75,29342.75,70.75,False,29096.25,rb,RB2-030389,60,175.75,3.9726,2.4841,
EP-48499-ENTRY_ON_NEW_FVG,EP-48499,NQU6,ENTRY_ON_NEW_FVG,NEW_FVG,-1,A,NY_AM,3,1,True,True,2026-07-16 09:48:00-04:00,2026-07-16 09:50:00-04:00,2026-07-16 09:50:00-04:00,29272.0,30.7896,44.2409,29342.75,70.75,29342.75,70.75,False,29096.25,rb,RB2-030389,60,175.75,3.9726,2.4841,
EP-48498-ENTRY_ON_STRONG_REJECTION,EP-48498,NQU6,ENTRY_ON_STRONG_REJECTION,STRONG_REJECTION_DEPARTURE,-1,A,NY_AM,1,1,False,True,2026-07-16 09:46:00-04:00,2026-07-16 09:55:00-04:00,2026-07-16 09:55:00-04:00,29290.75,34.5027,46.085,29342.75,52.0,29342.75,52.0,False,29096.25,rb,RB2-030389,60,194.5,4.2205,3.7404,
EP-48499-ENTRY_ON_STRONG_REJECTION,EP-48499,NQU6,ENTRY_ON_STRONG_REJECTION,STRONG_REJECTION_DEPARTURE,-1,A,NY_AM,3,1,True,True,2026-07-16 09:48:00-04:00,2026-07-16 09:55:00-04:00,2026-07-16 09:55:00-04:00,29290.75,34.5027,46.085,29342.75,52.0,29342.75,52.0,False,29096.25,rb,RB2-030389,60,194.5,4.2205,3.7404,
EP-48503-ENTRY_ON_STRONG_REJECTION,EP-48503,NQU6,ENTRY_ON_STRONG_REJECTION,STRONG_REJECTION_DEPARTURE,-1,A,NY_AM,5,1,True,True,2026-07-16 09:50:00-04:00,2026-07-16 09:55:00-04:00,2026-07-16 09:55:00-04:00,29290.75,34.5027,46.085,29342.75,52.0,29342.75,52.0,False,29096.25,rb,RB2-030389,60,194.5,4.2205,3.7404,
EP-48505-ENTRY_ON_TAP,EP-48505,NQU6,ENTRY_ON_TAP,TAP_ONLY,-1,F,NY_AM,5,5,False,True,,2026-07-16 09:55:00-04:00,2026-07-16 09:55:00-04:00,29290.75,34.5027,46.085,29378.5,87.75,29378.5,87.75,False,29096.25,rb,RB2-030389,60,194.5,4.2205,2.2165,
EP-48510-ENTRY_ON_STRONG_REJECTION,EP-48510,NQU6,ENTRY_ON_STRONG_REJECTION,STRONG_REJECTION_DEPARTURE,-1,F,NY_AM,5,1,True,True,2026-07-16 09:52:00-04:00,2026-07-16 09:55:00-04:00,2026-07-16 09:55:00-04:00,29290.75,34.5027,46.085,29378.5,87.75,29378.5,87.75,False,29096.25,rb,RB2-030389,60,194.5,4.2205,2.2165,
EP-48510-ENTRY_ON_DELAYED_DISPLACEMENT,EP-48510,NQU6,ENTRY_ON_DELAYED_DISPLACEMENT,DELAYED_DISPLACEMENT,-1,F,NY_AM,5,1,True,True,2026-07-16 09:52:00-04:00,2026-07-16 09:55:00-04:00,2026-07-16 09:55:00-04:00,29290.75,34.5027,46.085,29378.5,87.75,29378.5,87.75,False,29096.25,rb,RB2-030389,60,194.5,4.2205,2.2165,
EP-48651-ENTRY_ON_NEW_FVG,EP-48651,NQU6,ENTRY_ON_NEW_FVG,NEW_FVG,-1,A,NY_LUNCH,3,3,False,True,,2026-07-16 12:18:00-04:00,2026-07-16 12:18:00-04:00,29287.5,22.8434,55.5996,29435.0,147.5,29435.0,147.5,False,29096.25,rb,RB2-030389,60,191.25,3.4398,1.2966,
EP-48662-ENTRY_ON_NEW_FVG,EP-48662,NQU6,ENTRY_ON_NEW_FVG,NEW_FVG,-1,A,NY_LUNCH,3,3,False,True,,2026-07-16 12:18:00-04:00,2026-07-16 12:18:00-04:00,29287.5,22.8434,55.5996,29412.5,125.0,29412.5,125.0,False,29096.25,rb,RB2-030389,60,191.25,3.4398,1.53,
EP-48667-ENTRY_ON_NEW_FVG,EP-48667,NQU6,ENTRY_ON_NEW_FVG,NEW_FVG,-1,A,NY_LUNCH,3,3,False,True,,2026-07-16 12:18:00-04:00,2026-07-16 12:18:00-04:00,29287.5,22.8434,55.5996,29374.0,86.5,29374.0,86.5,False,29096.25,rb,RB2-030389,60,191.25,3.4398,2.211,
EP-48673-ENTRY_ON_DELAYED_DISPLACEMENT,EP-48673,NQU6,ENTRY_ON_DELAYED_DISPLACEMENT,DELAYED_DISPLACEMENT,-1,B,NY_LUNCH,1,1,False,True,2026-07-16 12:13:00-04:00,2026-07-16 12:18:00-04:00,2026-07-16 12:18:00-04:00,29287.5,22.8434,55.5996,29317.0,29.5,29317.0,29.5,False,29096.25,rb,RB2-030389,60,191.25,3.4398,6.4831,
EP-48651-ENTRY_ON_STRONG_REJECTION,EP-48651,NQU6,ENTRY_ON_STRONG_REJECTION,STRONG_REJECTION_DEPARTURE,-1,A,NY_LUNCH,3,3,False,True,,2026-07-16 12:21:00-04:00,2026-07-16 12:21:00-04:00,29273.25,23.4368,54.7308,29435.0,161.75,29435.0,161.75,False,29096.25,rb,RB2-030389,60,177.0,3.234,1.0943,
EP-48662-ENTRY_ON_STRONG_REJECTION,EP-48662,NQU6,ENTRY_ON_STRONG_REJECTION,STRONG_REJECTION_DEPARTURE,-1,A,NY_LUNCH,3,3,False,True,,2026-07-16 12:21:00-04:00,2026-07-16 12:21:00-04:00,29273.25,23.4368,54.7308,29412.5,139.25,29412.5,139.25,False,29096.25,rb,RB2-030389,60,177.0,3.234,1.2711,
EP-48667-ENTRY_ON_STRONG_REJECTION,EP-48667,NQU6,ENTRY_ON_STRONG_REJECTION,STRONG_REJECTION_DEPARTURE,-1,A,NY_LUNCH,3,3,False,True,,2026-07-16 12:21:00-04:00,2026-07-16 12:21:00-04:00,29273.25,23.4368,54.7308,29374.0,100.75,29374.0,100.75,False,29096.25,rb,RB2-030389,60,177.0,3.234,1.7568,
EP-48675-ENTRY_ON_DELAYED_DISPLACEMENT,EP-48675,NQU6,ENTRY_ON_DELAYED_DISPLACEMENT,DELAYED_DISPLACEMENT,-1,F,NY_LUNCH,3,1,True,True,2026-07-16 12:18:00-04:00,2026-07-16 12:21:00-04:00,2026-07-16 12:21:00-04:00,29273.25,23.4368,54.7308,29307.25,34.0,29307.25,34.0,False,29096.25,rb,RB2-030389,60,177.0,3.234,5.2059,
EP-48676-ENTRY_ON_DELAYED_DISPLACEMENT,EP-48676,NQU6,ENTRY_ON_DELAYED_DISPLACEMENT,DELAYED_DISPLACEMENT,-1,A,NY_LUNCH,1,1,False,True,2026-07-16 12:18:00-04:00,2026-07-16 12:21:00-04:00,2026-07-16 12:21:00-04:00,29273.25,23.4368,54.7308,29314.0,40.75,29314.0,40.75,False,29096.25,rb,RB2-030389,60,177.0,3.234,4.3436,
EP-48677-ENTRY_ON_TAP,EP-48677,NQU6,ENTRY_ON_TAP,TAP_ONLY,-1,F,NY_LUNCH,3,3,False,True,,2026-07-16 12:21:00-04:00,2026-07-16 12:21:00-04:00,29273.25,23.4368,54.7308,29307.25,34.0,29307.25,34.0,False,29096.25,rb,RB2-030389,60,177.0,3.234,5.2059,
EP-48678-ENTRY_ON_TAP,EP-48678,NQU6,ENTRY_ON_TAP,TAP_ONLY,-1,A,NY_LUNCH,5,1,True,True,2026-07-16 12:20:00-04:00,2026-07-16 12:21:00-04:00,2026-07-16 12:21:00-04:00,29273.25,23.4368,54.7308,29313.75,40.5,29313.75,40.5,False,29096.25,rb,RB2-030389,60,177.0,3.234,4.3704,
EP-48678-ENTRY_ON_FIRST_CLOSE_OUTSIDE,EP-48678,NQU6,ENTRY_ON_FIRST_CLOSE_OUTSIDE,CLOSE_BACK_OUTSIDE,-1,A,NY_LUNCH,5,1,True,True,2026-07-16 12:20:00-04:00,2026-07-16 12:23:00-04:00,2026-07-16 12:23:00-04:00,29272.0,23.4784,54.7308,29313.75,41.75,29313.75,41.75,False,29096.25,rb,RB2-030389,60,175.75,3.2112,4.2096,
EP-48680-ENTRY_ON_TAP,EP-48680,NQU6,ENTRY_ON_TAP,TAP_ONLY,-1,A,NY_LUNCH,1,1,False,True,2026-07-16 12:22:00-04:00,2026-07-16 12:23:00-04:00,2026-07-16 12:23:00-04:00,29272.0,23.4784,54.7308,29292.75,20.75,29295.4784,23.4784,True,29096.25,rb,RB2-030389,60,175.75,3.2112,7.4856,
EP-48679-ENTRY_ON_TAP,EP-48679,NQU6,ENTRY_ON_TAP,TAP_ONLY,-1,A,NY_LUNCH,5,5,False,True,,2026-07-16 12:25:00-04:00,2026-07-16 12:25:00-04:00,29279.75,23.1759,54.065,29313.75,34.0,29313.75,34.0,False,29096.25,rb,RB2-030389,60,183.5,3.3941,5.3971,
EP-48681-ENTRY_ON_TAP,EP-48681,NQU6,ENTRY_ON_TAP,TAP_ONLY,-1,A,NY_LUNCH,3,1,True,True,2026-07-16 12:24:00-04:00,2026-07-16 12:25:00-04:00,2026-07-16 12:25:00-04:00,29279.75,23.1759,54.065,29292.75,13.0,29302.9259,23.1759,True,29096.25,rb,RB2-030389,60,183.5,3.3941,7.9177,
EP-48678-ENTRY_ON_MINIMAL_WICK_REJECTION,EP-48678,NQU6,ENTRY_ON_MINIMAL_WICK_REJECTION,MINIMAL_WICK_REJECTION,-1,A,NY_LUNCH,5,1,True,True,2026-07-16 12:20:00-04:00,2026-07-16 12:27:00-04:00,2026-07-16 12:27:00-04:00,29286.75,22.7635,54.065,29313.75,27.0,29313.75,27.0,False,29096.25,rb,RB2-030389,60,190.5,3.5235,7.0556,
EP-48682-ENTRY_ON_TAP,EP-48682,NQU6,ENTRY_ON_TAP,TAP_ONLY,-1,A,NY_LUNCH,3,3,False,True,,2026-07-16 12:27:00-04:00,2026-07-16 12:27:00-04:00,29286.75,22.7635,54.065,29292.75,6.0,29309.5135,22.7635,True,29096.25,rb,RB2-030389,60,190.5,3.5235,8.3687,
EP-48691-ENTRY_ON_STRONG_REJECTION,EP-48691,NQU6,ENTRY_ON_STRONG_REJECTION,STRONG_REJECTION_DEPARTURE,-1,C,NY_LUNCH,1,1,False,True,2026-07-16 12:37:00-04:00,2026-07-16 12:46:00-04:00,2026-07-16 12:46:00-04:00,29285.75,21.2518,51.9193,29317.75,32.0,29317.75,32.0,False,29096.25,rb,RB2-030389,60,189.5,3.6499,5.9219,
EP-48692-ENTRY_ON_STRONG_REJECTION,EP-48692,NQU6,ENTRY_ON_STRONG_REJECTION,STRONG_REJECTION_DEPARTURE,-1,A,NY_LUNCH,1,1,False,True,2026-07-16 12:38:00-04:00,2026-07-16 12:46:00-04:00,2026-07-16 12:46:00-04:00,29285.75,21.2518,51.9193,29321.5,35.75,29321.5,35.75,False,29096.25,rb,RB2-030389,60,189.5,3.6499,5.3007,
EP-48694-ENTRY_ON_MINIMAL_WICK_REJECTION,EP-48694,NQU6,ENTRY_ON_MINIMAL_WICK_REJECTION,MINIMAL_WICK_REJECTION,-1,A,NY_LUNCH,3,1,True,True,2026-07-16 12:39:00-04:00,2026-07-16 12:46:00-04:00,2026-07-16 12:46:00-04:00,29285.75,21.2518,51.9193,29321.5,35.75,29321.5,35.75,False,29096.25,rb,RB2-030389,60,189.5,3.6499,5.3007,
EP-48694-ENTRY_ON_STRONG_REJECTION,EP-48694,NQU6,ENTRY_ON_STRONG_REJECTION,STRONG_REJECTION_DEPARTURE,-1,A,NY_LUNCH,3,1,True,True,2026-07-16 12:39:00-04:00,2026-07-16 12:46:00-04:00,2026-07-16 12:46:00-04:00,29285.75,21.2518,51.9193,29321.5,35.75,29321.5,35.75,False,29096.25,rb,RB2-030389,60,189.5,3.6499,5.3007,
EP-48697-ENTRY_ON_STRONG_REJECTION,EP-48697,NQU6,ENTRY_ON_STRONG_REJECTION,STRONG_REJECTION_DEPARTURE,-1,A,NY_LUNCH,5,1,True,True,2026-07-16 12:41:00-04:00,2026-07-16 12:46:00-04:00,2026-07-16 12:46:00-04:00,29285.75,21.2518,51.9193,29321.5,35.75,29321.5,35.75,False,29096.25,rb,RB2-030389,60,189.5,3.6499,5.3007,
EP-48698-ENTRY_ON_FIRST_CLOSE_OUTSIDE,EP-48698,NQU6,ENTRY_ON_FIRST_CLOSE_OUTSIDE,CLOSE_BACK_OUTSIDE,-1,A,NY_LUNCH,1,1,False,True,2026-07-16 12:44:00-04:00,2026-07-16 12:46:00-04:00,2026-07-16 12:46:00-04:00,29285.75,21.2518,51.9193,29300.0,14.25,29307.0018,21.2518,True,29096.25,rb,RB2-030389,60,189.5,3.6499,8.9169,
EP-48698-ENTRY_ON_MINIMAL_WICK_REJECTION,EP-48698,NQU6,ENTRY_ON_MINIMAL_WICK_REJECTION,MINIMAL_WICK_REJECTION,-1,A,NY_LUNCH,1,1,False,True,2026-07-16 12:44:00-04:00,2026-07-16 12:46:00-04:00,2026-07-16 12:46:00-04:00,29285.75,21.2518,51.9193,29300.0,14.25,29307.0018,21.2518,True,29096.25,rb,RB2-030389,60,189.5,3.6499,8.9169,
EP-48698-ENTRY_ON_STRONG_REJECTION,EP-48698,NQU6,ENTRY_ON_STRONG_REJECTION,STRONG_REJECTION_DEPARTURE,-1,A,NY_LUNCH,1,1,False,True,2026-07-16 12:44:00-04:00,2026-07-16 12:46:00-04:00,2026-07-16 12:46:00-04:00,29285.75,21.2518,51.9193,29300.0,14.25,29307.0018,21.2518,True,29096.25,rb,RB2-030389,60,189.5,3.6499,8.9169,
EP-48699-ENTRY_ON_TAP,EP-48699,NQU6,ENTRY_ON_TAP,TAP_ONLY,-1,A,NY_LUNCH,15,1,True,True,2026-07-16 12:45:00-04:00,2026-07-16 12:46:00-04:00,2026-07-16 12:46:00-04:00,29285.75,21.2518,51.9193,29339.5,53.75,29339.5,53.75,False,29096.25,rb,RB2-030389,60,189.5,3.6499,3.5256,
EP-48692-ENTRY_ON_NEW_FVG,EP-48692,NQU6,ENTRY_ON_NEW_FVG,NEW_FVG,-1,A,NY_LUNCH,1,1,False,True,2026-07-16 12:38:00-04:00,2026-07-16 12:47:00-04:00,2026-07-16 12:47:00-04:00,29285.25,21.1059,51.9193,29321.5,36.25,29321.5,36.25,False,29096.25,rb,RB2-030389,60,189.0,3.6403,5.2138,
EP-48694-ENTRY_ON_NEW_FVG,EP-48694,NQU6,ENTRY_ON_NEW_FVG,NEW_FVG,-1,A,NY_LUNCH,3,1,True,True,2026-07-16 12:39:00-04:00,2026-07-16 12:47:00-04:00,2026-07-16 12:47:00-04:00,29285.25,21.1059,51.9193,29321.5,36.25,29321.5,36.25,False,29096.25,rb,RB2-030389,60,189.0,3.6403,5.2138,
EP-48697-ENTRY_ON_NEW_FVG,EP-48697,NQU6,ENTRY_ON_NEW_FVG,NEW_FVG,-1,A,NY_LUNCH,5,1,True,True,2026-07-16 12:41:00-04:00,2026-07-16 12:47:00-04:00,2026-07-16 12:47:00-04:00,29285.25,21.1059,51.9193,29321.5,36.25,29321.5,36.25,False,29096.25,rb,RB2-030389,60,189.0,3.6403,5.2138,
EP-48698-ENTRY_ON_NEW_FVG,EP-48698,NQU6,ENTRY_ON_NEW_FVG,NEW_FVG,-1,A,NY_LUNCH,1,1,False,True,2026-07-16 12:44:00-04:00,2026-07-16 12:47:00-04:00,2026-07-16 12:47:00-04:00,29285.25,21.1059,51.9193,29300.0,14.75,29306.3559,21.1059,True,29096.25,rb,RB2-030389,60,189.0,3.6403,8.9548,
EP-48699-ENTRY_ON_FIRST_CLOSE_OUTSIDE,EP-48699,NQU6,ENTRY_ON_FIRST_CLOSE_OUTSIDE,CLOSE_BACK_OUTSIDE,-1,A,NY_LUNCH,15,1,True,True,2026-07-16 12:45:00-04:00,2026-07-16 12:47:00-04:00,2026-07-16 12:47:00-04:00,29285.25,21.1059,51.9193,29339.5,54.25,29339.5,54.25,False,29096.25,rb,RB2-030389,60,189.0,3.6403,3.4839,
EP-48699-ENTRY_ON_NEW_FVG,EP-48699,NQU6,ENTRY_ON_NEW_FVG,NEW_FVG,-1,A,NY_LUNCH,15,1,True,True,2026-07-16 12:45:00-04:00,2026-07-16 12:47:00-04:00,2026-07-16 12:47:00-04:00,29285.25,21.1059,51.9193,29339.5,54.25,29339.5,54.25,False,29096.25,rb,RB2-030389,60,189.0,3.6403,3.4839,
EP-48685-ENTRY_ON_MINIMAL_WICK_REJECTION,EP-48685,NQU6,ENTRY_ON_MINIMAL_WICK_REJECTION,MINIMAL_WICK_REJECTION,-1,A,NY_LUNCH,3,3,False,True,,2026-07-16 12:48:00-04:00,2026-07-16 12:48:00-04:00,29277.25,20.7994,51.9193,29315.0,37.75,29315.0,37.75,False,29096.25,rb,RB2-030389,60,181.0,3.4862,4.7947,
EP-48695-ENTRY_ON_MINIMAL_WICK_REJECTION,EP-48695,NQU6,ENTRY_ON_MINIMAL_WICK_REJECTION,MINIMAL_WICK_REJECTION,-1,A,NY_LUNCH,3,3,False,True,,2026-07-16 12:48:00-04:00,2026-07-16 12:48:00-04:00,29277.25,20.7994,51.9193,29321.5,44.25,29321.5,44.25,False,29096.25,rb,RB2-030389,60,181.0,3.4862,4.0904,
EP-48696-ENTRY_ON_FIRST_CLOSE_OUTSIDE,EP-48696,NQU6,ENTRY_ON_FIRST_CLOSE_OUTSIDE,CLOSE_BACK_OUTSIDE,-1,A,NY_LUNCH,5,5,False,True,,2026-07-16 12:50:00-04:00,2026-07-16 12:50:00-04:00,29284.5,20.2867,51.2664,29321.5,37.0,29321.5,37.0,False,29096.25,rb,RB2-030389,60,188.25,3.672,5.0878,
EP-48703-ENTRY_ON_TAP,EP-48703,NQU6,ENTRY_ON_TAP,TAP_ONLY,-1,B,NY_LUNCH,1,1,False,True,2026-07-16 12:49:00-04:00,2026-07-16 12:50:00-04:00,2026-07-16 12:50:00-04:00,29284.5,20.2867,51.2664,29290.75,6.25,29304.7867,20.2867,True,29096.25,rb,RB2-030389,60,188.25,3.672,9.2795,
EP-48702-ENTRY_ON_FIRST_CLOSE_OUTSIDE,EP-48702,NQU6,ENTRY_ON_FIRST_CLOSE_OUTSIDE,CLOSE_BACK_OUTSIDE,-1,A,NY_PM,15,15,False,True,,2026-07-16 13:15:00-04:00,2026-07-16 13:15:00-04:00,29288.5,20.2699,50.6418,29339.5,51.0,29339.5,51.0,False,29096.25,rb,RB2-030389,60,192.25,3.7963,3.7696,
EP-48702-ENTRY_ON_MINIMAL_WICK_REJECTION,EP-48702,NQU6,ENTRY_ON_MINIMAL_WICK_REJECTION,MINIMAL_WICK_REJECTION,-1,A,NY_PM,15,15,False,True,,2026-07-16 13:15:00-04:00,2026-07-16 13:15:00-04:00,29288.5,20.2699,50.6418,29339.5,51.0,29339.5,51.0,False,29096.25,rb,RB2-030389,60,192.25,3.7963,3.7696,
EP-48702-ENTRY_ON_IMMEDIATE_DISPLACEMENT,EP-48702,NQU6,ENTRY_ON_IMMEDIATE_DISPLACEMENT,IMMEDIATE_DISPLACEMENT,-1,A,NY_PM,15,15,False,True,,2026-07-16 13:15:00-04:00,2026-07-16 13:15:00-04:00,29288.5,20.2699,50.6418,29339.5,51.0,29339.5,51.0,False,29096.25,rb,RB2-030389,60,192.25,3.7963,3.7696,
EP-48717-ENTRY_ON_FIRST_CLOSE_OUTSIDE,EP-48717,NQU6,ENTRY_ON_FIRST_CLOSE_OUTSIDE,CLOSE_BACK_OUTSIDE,-1,A,NY_PM,5,5,False,True,,2026-07-16 13:15:00-04:00,2026-07-16 13:15:00-04:00,29288.5,20.2699,50.6418,29352.5,64.0,29352.5,64.0,False,29096.25,rb,RB2-030389,60,192.25,3.7963,3.0039,
EP-48717-ENTRY_ON_DELAYED_DISPLACEMENT,EP-48717,NQU6,ENTRY_ON_DELAYED_DISPLACEMENT,DELAYED_DISPLACEMENT,-1,A,NY_PM,5,5,False,True,,2026-07-16 13:15:00-04:00,2026-07-16 13:15:00-04:00,29288.5,20.2699,50.6418,29352.5,64.0,29352.5,64.0,False,29096.25,rb,RB2-030389,60,192.25,3.7963,3.0039,
EP-48724-ENTRY_ON_FIRST_CLOSE_OUTSIDE,EP-48724,NQU6,ENTRY_ON_FIRST_CLOSE_OUTSIDE,CLOSE_BACK_OUTSIDE,-1,A,NY_PM,3,3,False,True,,2026-07-16 13:15:00-04:00,2026-07-16 13:15:00-04:00,29288.5,20.2699,50.6418,29322.5,34.0,29322.5,34.0,False,29096.25,rb,RB2-030389,60,192.25,3.7963,5.6544,
EP-48724-ENTRY_ON_MINIMAL_WICK_REJECTION,EP-48724,NQU6,ENTRY_ON_MINIMAL_WICK_REJECTION,MINIMAL_WICK_REJECTION,-1,A,NY_PM,3,3,False,True,,2026-07-16 13:15:00-04:00,2026-07-16 13:15:00-04:00,29288.5,20.2699,50.6418,29322.5,34.0,29322.5,34.0,False,29096.25,rb,RB2-030389,60,192.25,3.7963,5.6544,
EP-48724-ENTRY_ON_DELAYED_DISPLACEMENT,EP-48724,NQU6,ENTRY_ON_DELAYED_DISPLACEMENT,DELAYED_DISPLACEMENT,-1,A,NY_PM,3,3,False,True,,2026-07-16 13:15:00-04:00,2026-07-16 13:15:00-04:00,29288.5,20.2699,50.6418,29322.5,34.0,29322.5,34.0,False,29096.25,rb,RB2-030389,60,192.25,3.7963,5.6544,
EP-48726-ENTRY_ON_NEW_FVG,EP-48726,NQU6,ENTRY_ON_NEW_FVG,NEW_FVG,-1,A,NY_PM,1,1,False,True,2026-07-16 13:09:00-04:00,2026-07-16 13:15:00-04:00,2026-07-16 13:15:00-04:00,29288.5,20.2699,50.6418,29333.25,44.75,29333.25,44.75,False,29096.25,rb,RB2-030389,60,192.25,3.7963,4.2961,
EP-48730-ENTRY_ON_DELAYED_DISPLACEMENT,EP-48730,NQU6,ENTRY_ON_DELAYED_DISPLACEMENT,DELAYED_DISPLACEMENT,-1,B,NY_PM,1,1,False,True,2026-07-16 13:15:00-04:00,2026-07-16 13:18:00-04:00,2026-07-16 13:18:00-04:00,29281.0,20.5588,50.6418,29302.75,21.75,29302.75,21.75,False,29096.25,rb,RB2-030389,60,184.75,3.6482,8.4943,
EP-48731-ENTRY_ON_DELAYED_DISPLACEMENT,EP-48731,NQU6,ENTRY_ON_DELAYED_DISPLACEMENT,DELAYED_DISPLACEMENT,-1,A,NY_PM,1,1,False,True,2026-07-16 13:15:00-04:00,2026-07-16 13:18:00-04:00,2026-07-16 13:18:00-04:00,29281.0,20.5588,50.6418,29315.75,34.75,29315.75,34.75,False,29096.25,rb,RB2-030389,60,184.75,3.6482,5.3165,
EP-48734-ENTRY_ON_TAP,EP-48734,NQU6,ENTRY_ON_TAP,TAP_ONLY,-1,A,NY_PM,3,3,False,True,,2026-07-16 13:21:00-04:00,2026-07-16 13:21:00-04:00,29289.25,19.9041,49.9067,29310.5,21.25,29310.5,21.25,False,29096.25,rb,RB2-030389,60,193.0,3.8672,9.0824,
EP-48735-ENTRY_ON_TAP,EP-48735,NQU6,ENTRY_ON_TAP,TAP_ONLY,-1,F,NY_PM,5,1,True,True,2026-07-16 13:20:00-04:00,2026-07-16 13:21:00-04:00,2026-07-16 13:21:00-04:00,29289.25,19.9041,49.9067,29310.5,21.25,29310.5,21.25,False,29096.25,rb,RB2-030389,60,193.0,3.8672,9.0824,
EP-48733-ENTRY_ON_FIRST_CLOSE_OUTSIDE,EP-48733,NQU6,ENTRY_ON_FIRST_CLOSE_OUTSIDE,CLOSE_BACK_OUTSIDE,-1,A,NY_PM,3,1,True,True,2026-07-16 13:18:00-04:00,2026-07-16 13:22:00-04:00,2026-07-16 13:22:00-04:00,29286.0,19.5019,49.9067,29310.5,24.5,29310.5,24.5,False,29096.25,rb,RB2-030389,60,189.75,3.8021,7.7449,
EP-48733-ENTRY_ON_MINIMAL_WICK_REJECTION,EP-48733,NQU6,ENTRY_ON_MINIMAL_WICK_REJECTION,MINIMAL_WICK_REJECTION,-1,A,NY_PM,3,1,True,True,2026-07-16 13:18:00-04:00,2026-07-16 13:22:00-04:00,2026-07-16 13:22:00-04:00,29286.0,19.5019,49.9067,29310.5,24.5,29310.5,24.5,False,29096.25,rb,RB2-030389,60,189.75,3.8021,7.7449,
EP-48735-ENTRY_ON_FIRST_CLOSE_OUTSIDE,EP-48735,NQU6,ENTRY_ON_FIRST_CLOSE_OUTSIDE,CLOSE_BACK_OUTSIDE,-1,F,NY_PM,5,1,True,True,2026-07-16 13:20:00-04:00,2026-07-16 13:22:00-04:00,2026-07-16 13:22:00-04:00,29286.0,19.5019,49.9067,29310.5,24.5,29310.5,24.5,False,29096.25,rb,RB2-030389,60,189.75,3.8021,7.7449,
EP-48734-ENTRY_ON_FIRST_CLOSE_OUTSIDE,EP-48734,NQU6,ENTRY_ON_FIRST_CLOSE_OUTSIDE,CLOSE_BACK_OUTSIDE,-1,A,NY_PM,3,3,False,True,,2026-07-16 13:24:00-04:00,2026-07-16 13:24:00-04:00,29284.0,18.7374,49.9067,29310.5,26.5,29310.5,26.5,False,29096.25,rb,RB2-030389,60,187.75,3.762,7.0849,
EP-48734-ENTRY_ON_MINIMAL_WICK_REJECTION,EP-48734,NQU6,ENTRY_ON_MINIMAL_WICK_REJECTION,MINIMAL_WICK_REJECTION,-1,A,NY_PM,3,3,False,True,,2026-07-16 13:24:00-04:00,2026-07-16 13:24:00-04:00,29284.0,18.7374,49.9067,29310.5,26.5,29310.5,26.5,False,29096.25,rb,RB2-030389,60,187.75,3.762,7.0849,
EP-48733-ENTRY_ON_STRONG_REJECTION,EP-48733,NQU6,ENTRY_ON_STRONG_REJECTION,STRONG_REJECTION_DEPARTURE,-1,A,NY_PM,3,1,True,True,2026-07-16 13:18:00-04:00,2026-07-16 13:25:00-04:00,2026-07-16 13:25:00-04:00,29279.5,18.5921,48.9835,29310.5,31.0,29310.5,31.0,False,29096.25,rb,RB2-030389,60,183.25,3.7411,5.9113,
EP-48735-ENTRY_ON_STRONG_REJECTION,EP-48735,NQU6,ENTRY_ON_STRONG_REJECTION,STRONG_REJECTION_DEPARTURE,-1,F,NY_PM,5,1,True,True,2026-07-16 13:20:00-04:00,2026-07-16 13:25:00-04:00,2026-07-16 13:25:00-04:00,29279.5,18.5921,48.9835,29310.5,31.0,29310.5,31.0,False,29096.25,rb,RB2-030389,60,183.25,3.7411,5.9113,
EP-48736-ENTRY_ON_TAP,EP-48736,NQU6,ENTRY_ON_TAP,TAP_ONLY,-1,A,NY_PM,5,5,False,True,,2026-07-16 13:25:00-04:00,2026-07-16 13:25:00-04:00,29279.5,18.5921,48.9835,29310.5,31.0,29310.5,31.0,False,29096.25,rb,RB2-030389,60,183.25,3.7411,5.9113,
EP-48717-ENTRY_ON_MINIMAL_WICK_REJECTION,EP-48717,NQU6,ENTRY_ON_MINIMAL_WICK_REJECTION,MINIMAL_WICK_REJECTION,-1,A,NY_PM,5,5,False,True,,2026-07-16 13:35:00-04:00,2026-07-16 13:35:00-04:00,29288.25,19.0911,50.3894,29352.5,64.25,29352.5,64.25,False,29096.25,rb,RB2-030389,60,192.0,3.8103,2.9883,
EP-48740-ENTRY_ON_FIRST_CLOSE_OUTSIDE,EP-48740,NQU6,ENTRY_ON_FIRST_CLOSE_OUTSIDE,CLOSE_BACK_OUTSIDE,-1,A,NY_PM,5,5,False,True,,2026-07-16 13:35:00-04:00,2026-07-16 13:35:00-04:00,29288.25,19.0911,50.3894,29334.25,46.0,29334.25,46.0,False,29096.25,rb,RB2-030389,60,192.0,3.8103,4.1739,
EP-48740-ENTRY_ON_MINIMAL_WICK_REJECTION,EP-48740,NQU6,ENTRY_ON_MINIMAL_WICK_REJECTION,MINIMAL_WICK_REJECTION,-1,A,NY_PM,5,5,False,True,,2026-07-16 13:35:00-04:00,2026-07-16 13:35:00-04:00,29288.25,19.0911,50.3894,29334.25,46.0,29334.25,46.0,False,29096.25,rb,RB2-030389,60,192.0,3.8103,4.1739,
EP-48740-ENTRY_ON_IMMEDIATE_DISPLACEMENT,EP-48740,NQU6,ENTRY_ON_IMMEDIATE_DISPLACEMENT,IMMEDIATE_DISPLACEMENT,-1,A,NY_PM,5,5,False,True,,2026-07-16 13:35:00-04:00,2026-07-16 13:35:00-04:00,29288.25,19.0911,50.3894,29334.25,46.0,29334.25,46.0,False,29096.25,rb,RB2-030389,60,192.0,3.8103,4.1739,
EP-48748-ENTRY_ON_FIRST_CLOSE_OUTSIDE,EP-48748,NQU6,ENTRY_ON_FIRST_CLOSE_OUTSIDE,CLOSE_BACK_OUTSIDE,-1,A,NY_PM,1,1,False,True,2026-07-16 13:33:00-04:00,2026-07-16 13:35:00-04:00,2026-07-16 13:35:00-04:00,29288.25,19.0911,50.3894,29330.75,42.5,29330.75,42.5,False,29096.25,rb,RB2-030389,60,192.0,3.8103,4.5176,
EP-48741-ENTRY_ON_DELAYED_DISPLACEMENT,EP-48741,NQU6,ENTRY_ON_DELAYED_DISPLACEMENT,DELAYED_DISPLACEMENT,-1,A,NY_PM,3,3,False,True,,2026-07-16 13:36:00-04:00,2026-07-16 13:36:00-04:00,29284.25,18.7227,50.3894,29334.25,50.0,29334.25,50.0,False,29096.25,rb,RB2-030389,60,188.0,3.7309,3.76,
EP-48742-ENTRY_ON_NEW_FVG,EP-48742,NQU6,ENTRY_ON_NEW_FVG,NEW_FVG,-1,F,NY_PM,5,1,True,True,2026-07-16 13:28:00-04:00,2026-07-16 13:36:00-04:00,2026-07-16 13:36:00-04:00,29284.25,18.7227,50.3894,29334.25,50.0,29334.25,50.0,False,29096.25,rb,RB2-030389,60,188.0,3.7309,3.76,
EP-48748-ENTRY_ON_NEW_FVG,EP-48748,NQU6,ENTRY_ON_NEW_FVG,NEW_FVG,-1,A,NY_PM,1,1,False,True,2026-07-16 13:33:00-04:00,2026-07-16 13:36:00-04:00,2026-07-16 13:36:00-04:00,29284.25,18.7227,50.3894,29330.75,46.5,29330.75,46.5,False,29096.25,rb,RB2-030389,60,188.0,3.7309,4.043,
EP-48750-ENTRY_ON_TAP,EP-48750,NQU6,ENTRY_ON_TAP,TAP_ONLY,-1,F,NY_PM,1,1,False,True,2026-07-16 13:36:00-04:00,2026-07-16 13:37:00-04:00,2026-07-16 13:37:00-04:00,29289.0,18.5572,50.3894,29293.5,4.5,29307.5572,18.5572,True,29096.25,rb,RB2-030389,60,192.75,3.8252,10.3868,
EP-48748-ENTRY_ON_DELAYED_DISPLACEMENT,EP-48748,NQU6,ENTRY_ON_DELAYED_DISPLACEMENT,DELAYED_DISPLACEMENT,-1,A,NY_PM,1,1,False,True,2026-07-16 13:33:00-04:00,2026-07-16 13:38:00-04:00,2026-07-16 13:38:00-04:00,29275.25,18.5652,50.3894,29330.75,55.5,29330.75,55.5,False,29096.25,rb,RB2-030389,60,179.0,3.5523,3.2252,
EP-48750-ENTRY_ON_FIRST_CLOSE_OUTSIDE,EP-48750,NQU6,ENTRY_ON_FIRST_CLOSE_OUTSIDE,CLOSE_BACK_OUTSIDE,-1,F,NY_PM,1,1,False,True,2026-07-16 13:36:00-04:00,2026-07-16 13:38:00-04:00,2026-07-16 13:38:00-04:00,29275.25,18.5652,50.3894,29293.5,18.25,29293.8152,18.5652,True,29096.25,rb,RB2-030389,60,179.0,3.5523,9.6417,
EP-48750-ENTRY_ON_IMMEDIATE_DISPLACEMENT,EP-48750,NQU6,ENTRY_ON_IMMEDIATE_DISPLACEMENT,IMMEDIATE_DISPLACEMENT,-1,F,NY_PM,1,1,False,True,2026-07-16 13:36:00-04:00,2026-07-16 13:38:00-04:00,2026-07-16 13:38:00-04:00,29275.25,18.5652,50.3894,29293.5,18.25,29293.8152,18.5652,True,29096.25,rb,RB2-030389,60,179.0,3.5523,9.6417,
EP-48741-ENTRY_ON_NEW_FVG,EP-48741,NQU6,ENTRY_ON_NEW_FVG,NEW_FVG,-1,A,NY_PM,3,3,False,True,,2026-07-16 13:39:00-04:00,2026-07-16 13:39:00-04:00,29280.0,18.5104,50.3894,29334.25,54.25,29334.25,54.25,False,29096.25,rb,RB2-030389,60,183.75,3.6466,3.3871,
EP-48750-ENTRY_ON_DELAYED_DISPLACEMENT,EP-48750,NQU6,ENTRY_ON_DELAYED_DISPLACEMENT,DELAYED_DISPLACEMENT,-1,F,NY_PM,1,1,False,True,2026-07-16 13:36:00-04:00,2026-07-16 13:40:00-04:00,2026-07-16 13:40:00-04:00,29269.75,18.3016,49.5711,29293.5,23.75,29293.5,23.75,False,29096.25,rb,RB2-030389,60,173.5,3.5,7.3053,
EP-48751-ENTRY_ON_FIRST_CLOSE_OUTSIDE,EP-48751,NQU6,ENTRY_ON_FIRST_CLOSE_OUTSIDE,CLOSE_BACK_OUTSIDE,-1,A,NY_PM,1,1,False,True,2026-07-16 13:39:00-04:00,2026-07-16 13:41:00-04:00,2026-07-16 13:41:00-04:00,29251.75,18.5599,49.5711,29288.5,36.75,29288.5,36.75,False,29096.25,rb,RB2-030389,60,155.5,3.1369,4.2313,
EP-48751-ENTRY_ON_IMMEDIATE_DISPLACEMENT,EP-48751,NQU6,ENTRY_ON_IMMEDIATE_DISPLACEMENT,IMMEDIATE_DISPLACEMENT,-1,A,NY_PM,1,1,False,True,2026-07-16 13:39:00-04:00,2026-07-16 13:41:00-04:00,2026-07-16 13:41:00-04:00,29251.75,18.5599,49.5711,29288.5,36.75,29288.5,36.75,False,29096.25,rb,RB2-030389,60,155.5,3.1369,4.2313,
EP-48750-ENTRY_ON_NEW_FVG,EP-48750,NQU6,ENTRY_ON_NEW_FVG,NEW_FVG,-1,F,NY_PM,1,1,False,True,2026-07-16 13:36:00-04:00,2026-07-16 13:42:00-04:00,2026-07-16 13:42:00-04:00,29243.5,18.5678,49.5711,29293.5,50.0,29293.5,50.0,False,29096.25,rb,RB2-030389,60,147.25,2.9705,2.945,
EP-48751-ENTRY_ON_NEW_FVG,EP-48751,NQU6,ENTRY_ON_NEW_FVG,NEW_FVG,-1,A,NY_PM,1,1,False,True,2026-07-16 13:39:00-04:00,2026-07-16 13:42:00-04:00,2026-07-16 13:42:00-04:00,29243.5,18.5678,49.5711,29288.5,45.0,29288.5,45.0,False,29096.25,rb,RB2-030389,60,147.25,2.9705,3.2722,
EP-48755-ENTRY_ON_FIRST_CLOSE_OUTSIDE,EP-48755,NQU6,ENTRY_ON_FIRST_CLOSE_OUTSIDE,CLOSE_BACK_OUTSIDE,-1,A,NY_PM,1,1,False,True,2026-07-16 13:42:00-04:00,2026-07-16 13:44:00-04:00,2026-07-16 13:44:00-04:00,29235.75,18.2233,49.5711,29257.25,21.5,29257.25,21.5,False,29096.25,rb,RB2-030389,60,139.5,2.8141,6.4884,
EP-48755-ENTRY_ON_DELAYED_DISPLACEMENT,EP-48755,NQU6,ENTRY_ON_DELAYED_DISPLACEMENT,DELAYED_DISPLACEMENT,-1,A,NY_PM,1,1,False,True,2026-07-16 13:42:00-04:00,2026-07-16 13:46:00-04:00,2026-07-16 13:46:00-04:00,29226.25,18.2789,49.2244,29257.25,31.0,29257.25,31.0,False,29096.25,rb,RB2-030389,60,130.0,2.641,4.1935,
EP-48788-ENTRY_ON_FIRST_CLOSE_OUTSIDE,EP-48788,NQU6,ENTRY_ON_FIRST_CLOSE_OUTSIDE,CLOSE_BACK_OUTSIDE,-1,A,NY_PM,5,5,False,True,,2026-07-16 14:15:00-04:00,2026-07-16 14:15:00-04:00,29232.75,19.3544,46.1449,29260.5,27.75,29260.5,27.75,False,29096.25,rb,RB2-030389,60,136.5,2.9581,4.9189,
EP-48788-ENTRY_ON_MINIMAL_WICK_REJECTION,EP-48788,NQU6,ENTRY_ON_MINIMAL_WICK_REJECTION,MINIMAL_WICK_REJECTION,-1,A,NY_PM,5,5,False,True,,2026-07-16 14:15:00-04:00,2026-07-16 14:15:00-04:00,29232.75,19.3544,46.1449,29260.5,27.75,29260.5,27.75,False,29096.25,rb,RB2-030389,60,136.5,2.9581,4.9189,
EP-48792-ENTRY_ON_TAP,EP-48792,NQU6,ENTRY_ON_TAP,TAP_ONLY,-1,B,NY_PM,5,5,False,True,,2026-07-16 14:15:00-04:00,2026-07-16 14:15:00-04:00,29232.75,19.3544,46.1449,29280.5,47.75,29280.5,47.75,False,29096.25,rb,RB2-030389,60,136.5,2.9581,2.8586,
EP-48793-ENTRY_ON_DELAYED_DISPLACEMENT,EP-48793,NQU6,ENTRY_ON_DELAYED_DISPLACEMENT,DELAYED_DISPLACEMENT,-1,B,NY_PM,5,1,True,True,2026-07-16 14:11:00-04:00,2026-07-16 14:15:00-04:00,2026-07-16 14:15:00-04:00,29232.75,19.3544,46.1449,29280.5,47.75,29280.5,47.75,False,29096.25,rb,RB2-030389,60,136.5,2.9581,2.8586,
EP-48795-ENTRY_ON_TAP,EP-48795,NQU6,ENTRY_ON_TAP,TAP_ONLY,-1,A,NY_PM,1,1,False,True,2026-07-16 14:14:00-04:00,2026-07-16 14:15:00-04:00,2026-07-16 14:15:00-04:00,29232.75,19.3544,46.1449,29278.0,45.25,29278.0,45.25,False,29096.25,rb,RB2-030389,60,136.5,2.9581,3.0166,
EP-48795-ENTRY_ON_FIRST_CLOSE_OUTSIDE,EP-48795,NQU6,ENTRY_ON_FIRST_CLOSE_OUTSIDE,CLOSE_BACK_OUTSIDE,-1,A,NY_PM,1,1,False,True,2026-07-16 14:14:00-04:00,2026-07-16 14:16:00-04:00,2026-07-16 14:16:00-04:00,29228.5,19.2772,46.1449,29278.0,49.5,29278.0,49.5,False,29096.25,rb,RB2-030389,60,132.25,2.866,2.6717,
EP-48804-ENTRY_ON_NEW_FVG,EP-48804,NQU6,ENTRY_ON_NEW_FVG,NEW_FVG,-1,A,NY_PM,5,5,False,True,,2026-07-16 14:40:00-04:00,2026-07-16 14:40:00-04:00,29225.75,18.6147,44.8846,29297.25,71.5,29297.25,71.5,False,29096.25,rb,RB2-030389,60,129.5,2.8852,1.8112,
EP-48830-ENTRY_ON_FIRST_CLOSE_OUTSIDE,EP-48830,NQU6,ENTRY_ON_FIRST_CLOSE_OUTSIDE,CLOSE_BACK_OUTSIDE,-1,A,NY_PM,1,1,False,True,2026-07-16 14:38:00-04:00,2026-07-16 14:40:00-04:00,2026-07-16 14:40:00-04:00,29225.75,18.6147,44.8846,29241.75,16.0,29244.3647,18.6147,True,29096.25,rb,RB2-030389,60,129.5,2.8852,6.9569,
EP-48830-ENTRY_ON_MINIMAL_WICK_REJECTION,EP-48830,NQU6,ENTRY_ON_MINIMAL_WICK_REJECTION,MINIMAL_WICK_REJECTION,-1,A,NY_PM,1,1,False,True,2026-07-16 14:38:00-04:00,2026-07-16 14:40:00-04:00,2026-07-16 14:40:00-04:00,29225.75,18.6147,44.8846,29241.75,16.0,29244.3647,18.6147,True,29096.25,rb,RB2-030389,60,129.5,2.8852,6.9569,
EP-48830-ENTRY_ON_IMMEDIATE_DISPLACEMENT,EP-48830,NQU6,ENTRY_ON_IMMEDIATE_DISPLACEMENT,IMMEDIATE_DISPLACEMENT,-1,A,NY_PM,1,1,False,True,2026-07-16 14:38:00-04:00,2026-07-16 14:40:00-04:00,2026-07-16 14:40:00-04:00,29225.75,18.6147,44.8846,29241.75,16.0,29244.3647,18.6147,True,29096.25,rb,RB2-030389,60,129.5,2.8852,6.9569,
EP-48850-ENTRY_ON_TAP,EP-48850,NQU6,ENTRY_ON_TAP,TAP_ONLY,-1,B,NY_PM,1,1,False,True,2026-07-16 14:57:00-04:00,2026-07-16 14:58:00-04:00,2026-07-16 14:58:00-04:00,29203.0,17.1321,44.3924,29223.25,20.25,29223.25,20.25,False,29096.25,rb,RB2-030389,60,106.75,2.4047,5.2716,
EP-48859-ENTRY_ON_DELAYED_DISPLACEMENT,EP-48859,NQU6,ENTRY_ON_DELAYED_DISPLACEMENT,DELAYED_DISPLACEMENT,-1,A,NY_PM,15,1,True,True,2026-07-16 15:02:00-04:00,2026-07-16 15:07:00-04:00,2026-07-16 15:07:00-04:00,29206.0,18.9307,43.3339,29253.25,47.25,29253.25,47.25,False,29096.25,rb,RB2-030389,60,109.75,2.5327,2.3228,
EP-48861-ENTRY_ON_DELAYED_DISPLACEMENT,EP-48861,NQU6,ENTRY_ON_DELAYED_DISPLACEMENT,DELAYED_DISPLACEMENT,-1,A,NY_PM,1,1,False,True,2026-07-16 15:03:00-04:00,2026-07-16 15:07:00-04:00,2026-07-16 15:07:00-04:00,29206.0,18.9307,43.3339,29242.0,36.0,29242.0,36.0,False,29096.25,rb,RB2-030389,60,109.75,2.5327,3.0486,
EP-48863-ENTRY_ON_FIRST_CLOSE_OUTSIDE,EP-48863,NQU6,ENTRY_ON_FIRST_CLOSE_OUTSIDE,CLOSE_BACK_OUTSIDE,-1,A,NY_PM,5,1,True,True,2026-07-16 15:05:00-04:00,2026-07-16 15:07:00-04:00,2026-07-16 15:07:00-04:00,29206.0,18.9307,43.3339,29242.0,36.0,29242.0,36.0,False,29096.25,rb,RB2-030389,60,109.75,2.5327,3.0486,
EP-48863-ENTRY_ON_MINIMAL_WICK_REJECTION,EP-48863,NQU6,ENTRY_ON_MINIMAL_WICK_REJECTION,MINIMAL_WICK_REJECTION,-1,A,NY_PM,5,1,True,True,2026-07-16 15:05:00-04:00,2026-07-16 15:07:00-04:00,2026-07-16 15:07:00-04:00,29206.0,18.9307,43.3339,29242.0,36.0,29242.0,36.0,False,29096.25,rb,RB2-030389,60,109.75,2.5327,3.0486,
EP-48863-ENTRY_ON_IMMEDIATE_DISPLACEMENT,EP-48863,NQU6,ENTRY_ON_IMMEDIATE_DISPLACEMENT,IMMEDIATE_DISPLACEMENT,-1,A,NY_PM,5,1,True,True,2026-07-16 15:05:00-04:00,2026-07-16 15:07:00-04:00,2026-07-16 15:07:00-04:00,29206.0,18.9307,43.3339,29242.0,36.0,29242.0,36.0,False,29096.25,rb,RB2-030389,60,109.75,2.5327,3.0486,
EP-48863-ENTRY_ON_DELAYED_DISPLACEMENT,EP-48863,NQU6,ENTRY_ON_DELAYED_DISPLACEMENT,DELAYED_DISPLACEMENT,-1,A,NY_PM,5,1,True,True,2026-07-16 15:05:00-04:00,2026-07-16 15:08:00-04:00,2026-07-16 15:08:00-04:00,29192.25,19.142,43.3339,29242.0,49.75,29242.0,49.75,False,29096.25,rb,RB2-030389,60,96.0,2.2154,1.9296,
EP-48855-ENTRY_ON_FIRST_CLOSE_OUTSIDE,EP-48855,NQU6,ENTRY_ON_FIRST_CLOSE_OUTSIDE,CLOSE_BACK_OUTSIDE,-1,A,NY_PM,5,5,False,True,,2026-07-16 15:10:00-04:00,2026-07-16 15:10:00-04:00,29184.5,18.6916,44.2158,29223.5,39.0,29223.5,39.0,False,29096.25,rb,RB2-030389,60,88.25,1.9959,2.2628,
EP-48855-ENTRY_ON_MINIMAL_WICK_REJECTION,EP-48855,NQU6,ENTRY_ON_MINIMAL_WICK_REJECTION,MINIMAL_WICK_REJECTION,-1,A,NY_PM,5,5,False,True,,2026-07-16 15:10:00-04:00,2026-07-16 15:10:00-04:00,29184.5,18.6916,44.2158,29223.5,39.0,29223.5,39.0,False,29096.25,rb,RB2-030389,60,88.25,1.9959,2.2628,
EP-48855-ENTRY_ON_IMMEDIATE_DISPLACEMENT,EP-48855,NQU6,ENTRY_ON_IMMEDIATE_DISPLACEMENT,IMMEDIATE_DISPLACEMENT,-1,A,NY_PM,5,5,False,True,,2026-07-16 15:10:00-04:00,2026-07-16 15:10:00-04:00,29184.5,18.6916,44.2158,29223.5,39.0,29223.5,39.0,False,29096.25,rb,RB2-030389,60,88.25,1.9959,2.2628,
EP-48864-ENTRY_ON_TAP,EP-48864,NQU6,ENTRY_ON_TAP,TAP_ONLY,-1,A,NY_PM,5,5,False,True,,2026-07-16 15:10:00-04:00,2026-07-16 15:10:00-04:00,29184.5,18.6916,44.2158,29242.0,57.5,29242.0,57.5,False,29096.25,rb,RB2-030389,60,88.25,1.9959,1.5348,
EP-48875-ENTRY_ON_TAP,EP-48875,NQU6,ENTRY_ON_TAP,TAP_ONLY,-1,B,NY_PM,1,1,False,True,2026-07-16 15:11:00-04:00,2026-07-16 15:12:00-04:00,2026-07-16 15:12:00-04:00,29188.75,18.4281,44.2158,29202.25,13.5,29207.1781,18.4281,True,29096.25,rb,RB2-030389,60,92.5,2.092,5.0195,
EP-48875-ENTRY_ON_FIRST_CLOSE_OUTSIDE,EP-48875,NQU6,ENTRY_ON_FIRST_CLOSE_OUTSIDE,CLOSE_BACK_OUTSIDE,-1,B,NY_PM,1,1,False,True,2026-07-16 15:11:00-04:00,2026-07-16 15:13:00-04:00,2026-07-16 15:13:00-04:00,29183.0,18.2124,44.2158,29202.25,19.25,29202.25,19.25,False,29096.25,rb,RB2-030389,60,86.75,1.962,4.5065,
EP-48876-ENTRY_ON_FIRST_CLOSE_OUTSIDE,EP-48876,NQU6,ENTRY_ON_FIRST_CLOSE_OUTSIDE,CLOSE_BACK_OUTSIDE,-1,A,NY_PM,1,1,False,True,2026-07-16 15:11:00-04:00,2026-07-16 15:13:00-04:00,2026-07-16 15:13:00-04:00,29183.0,18.2124,44.2158,29195.25,12.25,29201.2124,18.2124,True,29096.25,rb,RB2-030389,60,86.75,1.962,4.7632,
EP-48876-ENTRY_ON_MINIMAL_WICK_REJECTION,EP-48876,NQU6,ENTRY_ON_MINIMAL_WICK_REJECTION,MINIMAL_WICK_REJECTION,-1,A,NY_PM,1,1,False,True,2026-07-16 15:11:00-04:00,2026-07-16 15:13:00-04:00,2026-07-16 15:13:00-04:00,29183.0,18.2124,44.2158,29195.25,12.25,29201.2124,18.2124,True,29096.25,rb,RB2-030389,60,86.75,1.962,4.7632,
EP-48798-ENTRY_ON_STRONG_REJECTION,EP-48798,NQU6,ENTRY_ON_STRONG_REJECTION,STRONG_REJECTION_DEPARTURE,-1,A,NY_PM,15,15,False,True,,2026-07-16 15:15:00-04:00,2026-07-16 15:15:00-04:00,29183.25,17.5488,43.2589,29279.5,96.25,29279.5,96.25,False,29096.25,rb,RB2-030389,60,87.0,2.0111,0.9039,
EP-48856-ENTRY_ON_TAP,EP-48856,NQU6,ENTRY_ON_TAP,TAP_ONLY,-1,A,NY_PM,15,15,False,True,,2026-07-16 15:15:00-04:00,2026-07-16 15:15:00-04:00,29183.25,17.5488,43.2589,29253.25,70.0,29253.25,70.0,False,29096.25,rb,RB2-030389,60,87.0,2.0111,1.2429,
EP-48864-ENTRY_ON_FIRST_CLOSE_OUTSIDE,EP-48864,NQU6,ENTRY_ON_FIRST_CLOSE_OUTSIDE,CLOSE_BACK_OUTSIDE,-1,A,NY_PM,5,5,False,True,,2026-07-16 15:15:00-04:00,2026-07-16 15:15:00-04:00,29183.25,17.5488,43.2589,29242.0,58.75,29242.0,58.75,False,29096.25,rb,RB2-030389,60,87.0,2.0111,1.4809,
EP-48878-ENTRY_ON_FIRST_CLOSE_OUTSIDE,EP-48878,NQU6,ENTRY_ON_FIRST_CLOSE_OUTSIDE,CLOSE_BACK_OUTSIDE,-1,A,NY_PM,1,1,False,True,2026-07-16 15:14:00-04:00,2026-07-16 15:16:00-04:00,2026-07-16 15:16:00-04:00,29174.0,17.6092,43.2589,29188.5,14.5,29191.6092,17.6092,True,29096.25,rb,RB2-030389,60,77.75,1.7973,4.4153,
EP-48878-ENTRY_ON_MINIMAL_WICK_REJECTION,EP-48878,NQU6,ENTRY_ON_MINIMAL_WICK_REJECTION,MINIMAL_WICK_REJECTION,-1,A,NY_PM,1,1,False,True,2026-07-16 15:14:00-04:00,2026-07-16 15:16:00-04:00,2026-07-16 15:16:00-04:00,29174.0,17.6092,43.2589,29188.5,14.5,29191.6092,17.6092,True,29096.25,rb,RB2-030389,60,77.75,1.7973,4.4153,
EP-48882-ENTRY_ON_TAP,EP-48882,NQU6,ENTRY_ON_TAP,TAP_ONLY,-1,A,NY_PM,5,1,True,True,2026-07-16 15:16:00-04:00,2026-07-16 15:17:00-04:00,2026-07-16 15:17:00-04:00,29174.5,17.438,43.2589,29197.25,22.75,29197.25,22.75,False,29096.25,rb,RB2-030389,60,78.25,1.8089,3.4396,
EP-48878-ENTRY_ON_DELAYED_DISPLACEMENT,EP-48878,NQU6,ENTRY_ON_DELAYED_DISPLACEMENT,DELAYED_DISPLACEMENT,-1,A,NY_PM,1,1,False,True,2026-07-16 15:14:00-04:00,2026-07-16 15:18:00-04:00,2026-07-16 15:18:00-04:00,29151.0,17.7843,43.2589,29188.5,37.5,29188.5,37.5,False,29096.25,rb,RB2-030389,60,54.75,1.2656,1.46,
EP-48882-ENTRY_ON_FIRST_CLOSE_OUTSIDE,EP-48882,NQU6,ENTRY_ON_FIRST_CLOSE_OUTSIDE,CLOSE_BACK_OUTSIDE,-1,A,NY_PM,5,1,True,True,2026-07-16 15:16:00-04:00,2026-07-16 15:18:00-04:00,2026-07-16 15:18:00-04:00,29151.0,17.7843,43.2589,29197.25,46.25,29197.25,46.25,False,29096.25,rb,RB2-030389,60,54.75,1.2656,1.1838,
EP-48882-ENTRY_ON_IMMEDIATE_DISPLACEMENT,EP-48882,NQU6,ENTRY_ON_IMMEDIATE_DISPLACEMENT,IMMEDIATE_DISPLACEMENT,-1,A,NY_PM,5,1,True,True,2026-07-16 15:16:00-04:00,2026-07-16 15:18:00-04:00,2026-07-16 15:18:00-04:00,29151.0,17.7843,43.2589,29197.25,46.25,29197.25,46.25,False,29096.25,rb,RB2-030389,60,54.75,1.2656,1.1838,
EP-48886-ENTRY_ON_DELAYED_DISPLACEMENT,EP-48886,NQU6,ENTRY_ON_DELAYED_DISPLACEMENT,DELAYED_DISPLACEMENT,-1,F,NY_PM,3,1,True,True,2026-07-16 15:21:00-04:00,2026-07-16 15:24:00-04:00,2026-07-16 15:24:00-04:00,29150.0,17.8335,43.1543,29170.0,20.0,29170.0,20.0,False,29096.25,rb,RB2-030389,60,53.75,1.2455,2.6875,
EP-48887-ENTRY_ON_TAP,EP-48887,NQU6,ENTRY_ON_TAP,TAP_ONLY,-1,A,NY_PM,3,3,False,True,,2026-07-16 15:24:00-04:00,2026-07-16 15:24:00-04:00,29150.0,17.8335,43.1543,29170.0,20.0,29170.0,20.0,False,29096.25,rb,RB2-030389,60,53.75,1.2455,2.6875,
EP-48855-ENTRY_ON_STRONG_REJECTION,EP-48855,NQU6,ENTRY_ON_STRONG_REJECTION,STRONG_REJECTION_DEPARTURE,-1,A,NY_PM,5,5,False,True,,2026-07-16 15:25:00-04:00,2026-07-16 15:25:00-04:00,29149.75,17.5592,42.8979,29223.5,73.75,29223.5,73.75,False,29096.25,rb,RB2-030389,60,53.5,1.2471,0.7254,
EP-48864-ENTRY_ON_STRONG_REJECTION,EP-48864,NQU6,ENTRY_ON_STRONG_REJECTION,STRONG_REJECTION_DEPARTURE,-1,A,NY_PM,5,5,False,True,,2026-07-16 15:25:00-04:00,2026-07-16 15:25:00-04:00,29149.75,17.5592,42.8979,29242.0,92.25,29242.0,92.25,False,29096.25,rb,RB2-030389,60,53.5,1.2471,0.5799,
EP-48880-ENTRY_ON_FIRST_CLOSE_OUTSIDE,EP-48880,NQU6,ENTRY_ON_FIRST_CLOSE_OUTSIDE,CLOSE_BACK_OUTSIDE,-1,A,NY_PM,5,5,False,True,,2026-07-16 15:25:00-04:00,2026-07-16 15:25:00-04:00,29149.75,17.5592,42.8979,29197.25,47.5,29197.25,47.5,False,29096.25,rb,RB2-030389,60,53.5,1.2471,1.1263,
EP-48880-ENTRY_ON_STRONG_REJECTION,EP-48880,NQU6,ENTRY_ON_STRONG_REJECTION,STRONG_REJECTION_DEPARTURE,-1,A,NY_PM,5,5,False,True,,2026-07-16 15:25:00-04:00,2026-07-16 15:25:00-04:00,29149.75,17.5592,42.8979,29197.25,47.5,29197.25,47.5,False,29096.25,rb,RB2-030389,60,53.5,1.2471,1.1263,
EP-48882-ENTRY_ON_NEW_FVG,EP-48882,NQU6,ENTRY_ON_NEW_FVG,NEW_FVG,-1,A,NY_PM,5,1,True,True,2026-07-16 15:16:00-04:00,2026-07-16 15:25:00-04:00,2026-07-16 15:25:00-04:00,29149.75,17.5592,42.8979,29197.25,47.5,29197.25,47.5,False,29096.25,rb,RB2-030389,60,53.5,1.2471,1.1263,
EP-48886-ENTRY_ON_NEW_FVG,EP-48886,NQU6,ENTRY_ON_NEW_FVG,NEW_FVG,-1,F,NY_PM,3,1,True,True,2026-07-16 15:21:00-04:00,2026-07-16 15:25:00-04:00,2026-07-16 15:25:00-04:00,29149.75,17.5592,42.8979,29170.0,20.25,29170.0,20.25,False,29096.25,rb,RB2-030389,60,53.5,1.2471,2.642,
EP-48889-ENTRY_ON_TAP,EP-48889,NQU6,ENTRY_ON_TAP,TAP_ONLY,-1,F,NY_PM,1,1,False,True,2026-07-16 15:25:00-04:00,2026-07-16 15:26:00-04:00,2026-07-16 15:26:00-04:00,29142.0,17.515,42.8979,29157.25,15.25,29159.515,17.515,True,29096.25,rb,RB2-030389,60,45.75,1.0665,2.612,
EP-48894-ENTRY_ON_TAP,EP-48894,NQU6,ENTRY_ON_TAP,TAP_ONLY,-1,B,NY_PM,1,1,False,True,2026-07-16 15:28:00-04:00,2026-07-16 15:29:00-04:00,2026-07-16 15:29:00-04:00,29143.0,17.4952,42.8979,29145.25,2.25,29160.4952,17.4952,True,29096.25,rb,RB2-030389,60,46.75,1.0898,2.6722,
EP-48897-ENTRY_ON_TAP,EP-48897,NQU6,ENTRY_ON_TAP,TAP_ONLY,-1,F,NY_PM,5,1,True,True,2026-07-16 15:30:00-04:00,2026-07-16 15:31:00-04:00,2026-07-16 15:31:00-04:00,29148.5,18.5581,42.8292,29182.25,33.75,29182.25,33.75,False,29096.25,rb,RB2-030389,60,52.25,1.22,1.5481,
EP-48916-ENTRY_ON_TAP,EP-48916,NQU6,ENTRY_ON_TAP,TAP_ONLY,1,A,NY_PM,5,5,False,True,,2026-07-16 15:50:00-04:00,2026-07-16 15:50:00-04:00,29094.0,18.944,43.3872,29061.0,33.0,29061.0,33.0,False,29138.5,fvg,FVG2-004272,1,44.5,1.0256,1.3485,
EP-48920-ENTRY_ON_FIRST_CLOSE_OUTSIDE,EP-48920,NQU6,ENTRY_ON_FIRST_CLOSE_OUTSIDE,CLOSE_BACK_OUTSIDE,1,A,NY_PM,5,1,True,True,2026-07-16 15:48:00-04:00,2026-07-16 15:50:00-04:00,2026-07-16 15:50:00-04:00,29094.0,18.944,43.3872,29061.0,33.0,29061.0,33.0,False,29138.5,fvg,FVG2-004272,1,44.5,1.0256,1.3485,
EP-48921-ENTRY_ON_FIRST_CLOSE_OUTSIDE,EP-48921,NQU6,ENTRY_ON_FIRST_CLOSE_OUTSIDE,CLOSE_BACK_OUTSIDE,1,B,NY_PM,1,1,False,True,2026-07-16 15:48:00-04:00,2026-07-16 15:50:00-04:00,2026-07-16 15:50:00-04:00,29094.0,18.944,43.3872,29080.5,13.5,29075.056,18.944,True,29138.5,fvg,FVG2-004272,1,44.5,1.0256,2.349,
EP-48921-ENTRY_ON_MINIMAL_WICK_REJECTION,EP-48921,NQU6,ENTRY_ON_MINIMAL_WICK_REJECTION,MINIMAL_WICK_REJECTION,1,B,NY_PM,1,1,False,True,2026-07-16 15:48:00-04:00,2026-07-16 15:50:00-04:00,2026-07-16 15:50:00-04:00,29094.0,18.944,43.3872,29080.5,13.5,29075.056,18.944,True,29138.5,fvg,FVG2-004272,1,44.5,1.0256,2.349,
EP-48922-ENTRY_ON_FIRST_CLOSE_OUTSIDE,EP-48922,NQU6,ENTRY_ON_FIRST_CLOSE_OUTSIDE,CLOSE_BACK_OUTSIDE,1,B,NY_PM,1,1,False,True,2026-07-16 15:48:00-04:00,2026-07-16 15:50:00-04:00,2026-07-16 15:50:00-04:00,29094.0,18.944,43.3872,29090.0,4.0,29075.056,18.944,True,29138.5,fvg,FVG2-004272,1,44.5,1.0256,2.349,
EP-48922-ENTRY_ON_MINIMAL_WICK_REJECTION,EP-48922,NQU6,ENTRY_ON_MINIMAL_WICK_REJECTION,MINIMAL_WICK_REJECTION,1,B,NY_PM,1,1,False,True,2026-07-16 15:48:00-04:00,2026-07-16 15:50:00-04:00,2026-07-16 15:50:00-04:00,29094.0,18.944,43.3872,29090.0,4.0,29075.056,18.944,True,29138.5,fvg,FVG2-004272,1,44.5,1.0256,2.349,
EP-48924-ENTRY_ON_TAP,EP-48924,NQU6,ENTRY_ON_TAP,TAP_ONLY,1,A,NY_PM,1,1,False,True,2026-07-16 15:49:00-04:00,2026-07-16 15:50:00-04:00,2026-07-16 15:50:00-04:00,29094.0,18.944,43.3872,29078.5,15.5,29075.056,18.944,True,29138.5,fvg,FVG2-004272,1,44.5,1.0256,2.349,
EP-49011-ENTRY_ON_DELAYED_DISPLACEMENT,EP-49011,NQU6,ENTRY_ON_DELAYED_DISPLACEMENT,DELAYED_DISPLACEMENT,-1,A,GLOBEX_EVENING,15,15,False,True,,2026-07-16 19:30:00-04:00,2026-07-16 19:30:00-04:00,29092.5,9.9591,30.6072,29231.25,138.75,29231.25,138.75,False,29020.75,rb,RB2-030386,60,71.75,2.3442,0.5171,
EP-49117-ENTRY_ON_FIRST_CLOSE_OUTSIDE,EP-49117,NQU6,ENTRY_ON_FIRST_CLOSE_OUTSIDE,CLOSE_BACK_OUTSIDE,-1,F,GLOBEX_EVENING,3,1,True,True,2026-07-16 19:27:00-04:00,2026-07-16 19:30:00-04:00,2026-07-16 19:30:00-04:00,29092.5,9.9591,30.6072,29105.25,12.75,29105.25,12.75,False,29020.75,rb,RB2-030386,60,71.75,2.3442,5.6275,
EP-49117-ENTRY_ON_MINIMAL_WICK_REJECTION,EP-49117,NQU6,ENTRY_ON_MINIMAL_WICK_REJECTION,MINIMAL_WICK_REJECTION,-1,F,GLOBEX_EVENING,3,1,True,True,2026-07-16 19:27:00-04:00,2026-07-16 19:30:00-04:00,2026-07-16 19:30:00-04:00,29092.5,9.9591,30.6072,29105.25,12.75,29105.25,12.75,False,29020.75,rb,RB2-030386,60,71.75,2.3442,5.6275,
EP-49117-ENTRY_ON_DELAYED_DISPLACEMENT,EP-49117,NQU6,ENTRY_ON_DELAYED_DISPLACEMENT,DELAYED_DISPLACEMENT,-1,F,GLOBEX_EVENING,3,1,True,True,2026-07-16 19:27:00-04:00,2026-07-16 19:30:00-04:00,2026-07-16 19:30:00-04:00,29092.5,9.9591,30.6072,29105.25,12.75,29105.25,12.75,False,29020.75,rb,RB2-030386,60,71.75,2.3442,5.6275,
EP-49119-ENTRY_ON_TAP,EP-49119,NQU6,ENTRY_ON_TAP,TAP_ONLY,-1,B,GLOBEX_EVENING,3,3,False,True,,2026-07-16 19:30:00-04:00,2026-07-16 19:30:00-04:00,29092.5,9.9591,30.6072,29105.25,12.75,29105.25,12.75,False,29020.75,rb,RB2-030386,60,71.75,2.3442,5.6275,
EP-49120-ENTRY_ON_TAP,EP-49120,NQU6,ENTRY_ON_TAP,TAP_ONLY,-1,A,GLOBEX_EVENING,1,1,False,True,2026-07-16 19:29:00-04:00,2026-07-16 19:30:00-04:00,2026-07-16 19:30:00-04:00,29092.5,9.9591,30.6072,29105.25,12.75,29105.25,12.75,False,29020.75,rb,RB2-030386,60,71.75,2.3442,5.6275,
EP-49120-ENTRY_ON_FIRST_CLOSE_OUTSIDE,EP-49120,NQU6,ENTRY_ON_FIRST_CLOSE_OUTSIDE,CLOSE_BACK_OUTSIDE,-1,A,GLOBEX_EVENING,1,1,False,True,2026-07-16 19:29:00-04:00,2026-07-16 19:31:00-04:00,2026-07-16 19:31:00-04:00,29089.0,9.9712,30.6072,29105.25,16.25,29105.25,16.25,False,29020.75,rb,RB2-030386,60,68.25,2.2299,4.2,
EP-49117-ENTRY_ON_STRONG_REJECTION,EP-49117,NQU6,ENTRY_ON_STRONG_REJECTION,STRONG_REJECTION_DEPARTURE,-1,F,GLOBEX_EVENING,3,1,True,True,2026-07-16 19:27:00-04:00,2026-07-16 19:32:00-04:00,2026-07-16 19:32:00-04:00,29083.25,10.1599,30.6072,29105.25,22.0,29105.25,22.0,False,29020.75,rb,RB2-030386,60,62.5,2.042,2.8409,
EP-49120-ENTRY_ON_STRONG_REJECTION,EP-49120,NQU6,ENTRY_ON_STRONG_REJECTION,STRONG_REJECTION_DEPARTURE,-1,A,GLOBEX_EVENING,1,1,False,True,2026-07-16 19:29:00-04:00,2026-07-16 19:32:00-04:00,2026-07-16 19:32:00-04:00,29083.25,10.1599,30.6072,29105.25,22.0,29105.25,22.0,False,29020.75,rb,RB2-030386,60,62.5,2.042,2.8409,
EP-49120-ENTRY_ON_DELAYED_DISPLACEMENT,EP-49120,NQU6,ENTRY_ON_DELAYED_DISPLACEMENT,DELAYED_DISPLACEMENT,-1,A,GLOBEX_EVENING,1,1,False,True,2026-07-16 19:29:00-04:00,2026-07-16 19:32:00-04:00,2026-07-16 19:32:00-04:00,29083.25,10.1599,30.6072,29105.25,22.0,29105.25,22.0,False,29020.75,rb,RB2-030386,60,62.5,2.042,2.8409,
EP-49122-ENTRY_ON_MINIMAL_WICK_REJECTION,EP-49122,NQU6,ENTRY_ON_MINIMAL_WICK_REJECTION,MINIMAL_WICK_REJECTION,-1,A,GLOBEX_EVENING,3,1,True,True,2026-07-16 19:30:00-04:00,2026-07-16 19:32:00-04:00,2026-07-16 19:32:00-04:00,29083.25,10.1599,30.6072,29105.25,22.0,29105.25,22.0,False,29020.75,rb,RB2-030386,60,62.5,2.042,2.8409,
EP-49122-ENTRY_ON_STRONG_REJECTION,EP-49122,NQU6,ENTRY_ON_STRONG_REJECTION,STRONG_REJECTION_DEPARTURE,-1,A,GLOBEX_EVENING,3,1,True,True,2026-07-16 19:30:00-04:00,2026-07-16 19:32:00-04:00,2026-07-16 19:32:00-04:00,29083.25,10.1599,30.6072,29105.25,22.0,29105.25,22.0,False,29020.75,rb,RB2-030386,60,62.5,2.042,2.8409,
EP-49119-ENTRY_ON_FIRST_CLOSE_OUTSIDE,EP-49119,NQU6,ENTRY_ON_FIRST_CLOSE_OUTSIDE,CLOSE_BACK_OUTSIDE,-1,B,GLOBEX_EVENING,3,3,False,True,,2026-07-16 19:33:00-04:00,2026-07-16 19:33:00-04:00,29071.25,10.4137,30.6072,29105.25,34.0,29105.25,34.0,False,29020.75,rb,RB2-030386,60,50.5,1.6499,1.4853,
EP-49119-ENTRY_ON_IMMEDIATE_DISPLACEMENT,EP-49119,NQU6,ENTRY_ON_IMMEDIATE_DISPLACEMENT,IMMEDIATE_DISPLACEMENT,-1,B,GLOBEX_EVENING,3,3,False,True,,2026-07-16 19:33:00-04:00,2026-07-16 19:33:00-04:00,29071.25,10.4137,30.6072,29105.25,34.0,29105.25,34.0,False,29020.75,rb,RB2-030386,60,50.5,1.6499,1.4853,
EP-49122-ENTRY_ON_DELAYED_DISPLACEMENT,EP-49122,NQU6,ENTRY_ON_DELAYED_DISPLACEMENT,DELAYED_DISPLACEMENT,-1,A,GLOBEX_EVENING,3,1,True,True,2026-07-16 19:30:00-04:00,2026-07-16 19:33:00-04:00,2026-07-16 19:33:00-04:00,29071.25,10.4137,30.6072,29105.25,34.0,29105.25,34.0,False,29020.75,rb,RB2-030386,60,50.5,1.6499,1.4853,
EP-49117-ENTRY_ON_NEW_FVG,EP-49117,NQU6,ENTRY_ON_NEW_FVG,NEW_FVG,-1,F,GLOBEX_EVENING,3,1,True,True,2026-07-16 19:27:00-04:00,2026-07-16 19:34:00-04:00,2026-07-16 19:34:00-04:00,29069.25,10.3756,30.6072,29105.25,36.0,29105.25,36.0,False,29020.75,rb,RB2-030386,60,48.5,1.5846,1.3472,
EP-49120-ENTRY_ON_NEW_FVG,EP-49120,NQU6,ENTRY_ON_NEW_FVG,NEW_FVG,-1,A,GLOBEX_EVENING,1,1,False,True,2026-07-16 19:29:00-04:00,2026-07-16 19:34:00-04:00,2026-07-16 19:34:00-04:00,29069.25,10.3756,30.6072,29105.25,36.0,29105.25,36.0,False,29020.75,rb,RB2-030386,60,48.5,1.5846,1.3472,
EP-49122-ENTRY_ON_NEW_FVG,EP-49122,NQU6,ENTRY_ON_NEW_FVG,NEW_FVG,-1,A,GLOBEX_EVENING,3,1,True,True,2026-07-16 19:30:00-04:00,2026-07-16 19:34:00-04:00,2026-07-16 19:34:00-04:00,29069.25,10.3756,30.6072,29105.25,36.0,29105.25,36.0,False,29020.75,rb,RB2-030386,60,48.5,1.5846,1.3472,
EP-49149-ENTRY_ON_DELAYED_DISPLACEMENT,EP-49149,NQU6,ENTRY_ON_DELAYED_DISPLACEMENT,DELAYED_DISPLACEMENT,-1,A,ASIA,5,5,False,True,,2026-07-16 20:10:00-04:00,2026-07-16 20:10:00-04:00,29063.25,14.8691,30.9295,29129.75,66.5,29129.75,66.5,False,29020.75,rb,RB2-030386,60,42.5,1.3741,0.6391,
EP-49068-ENTRY_ON_STRONG_REJECTION,EP-49068,NQU6,ENTRY_ON_STRONG_REJECTION,STRONG_REJECTION_DEPARTURE,-1,A,ASIA,15,15,False,True,,2026-07-16 20:30:00-04:00,2026-07-16 20:30:00-04:00,29017.75,16.747,31.4077,29159.25,141.5,29159.25,141.5,False,28914.5,rb,RB2-030190,60,103.25,3.2874,0.7297,
EP-49166-ENTRY_ON_TAP,EP-49166,NQU6,ENTRY_ON_TAP,TAP_ONLY,-1,A,ASIA,30,30,False,True,,2026-07-16 20:30:00-04:00,2026-07-16 20:30:00-04:00,29017.75,16.747,31.4077,29129.75,112.0,29129.75,112.0,False,28914.5,rb,RB2-030190,60,103.25,3.2874,0.9219,
EP-49192-ENTRY_ON_IMMEDIATE_DISPLACEMENT,EP-49192,NQU6,ENTRY_ON_IMMEDIATE_DISPLACEMENT,IMMEDIATE_DISPLACEMENT,-1,A,ASIA,5,5,False,True,,2026-07-16 20:30:00-04:00,2026-07-16 20:30:00-04:00,29017.75,16.747,31.4077,29076.0,58.25,29076.0,58.25,False,28914.5,rb,RB2-030190,60,103.25,3.2874,1.7725,
EP-49205-ENTRY_ON_FIRST_CLOSE_OUTSIDE,EP-49205,NQU6,ENTRY_ON_FIRST_CLOSE_OUTSIDE,CLOSE_BACK_OUTSIDE,-1,A,ASIA,1,1,False,True,2026-07-16 20:34:00-04:00,2026-07-16 20:36:00-04:00,2026-07-16 20:36:00-04:00,29002.25,16.5198,31.1095,29030.5,28.25,29030.5,28.25,False,28914.5,rb,RB2-030190,60,87.75,2.8207,3.1062,
EP-49205-ENTRY_ON_IMMEDIATE_DISPLACEMENT,EP-49205,NQU6,ENTRY_ON_IMMEDIATE_DISPLACEMENT,IMMEDIATE_DISPLACEMENT,-1,A,ASIA,1,1,False,True,2026-07-16 20:34:00-04:00,2026-07-16 20:36:00-04:00,2026-07-16 20:36:00-04:00,29002.25,16.5198,31.1095,29030.5,28.25,29030.5,28.25,False,28914.5,rb,RB2-030190,60,87.75,2.8207,3.1062,
EP-49206-ENTRY_ON_TAP,EP-49206,NQU6,ENTRY_ON_TAP,TAP_ONLY,-1,A,ASIA,5,1,True,True,2026-07-16 20:35:00-04:00,2026-07-16 20:36:00-04:00,2026-07-16 20:36:00-04:00,29002.25,16.5198,31.1095,29030.5,28.25,29030.5,28.25,False,28914.5,rb,RB2-030190,60,87.75,2.8207,3.1062,
EP-49206-ENTRY_ON_FIRST_CLOSE_OUTSIDE,EP-49206,NQU6,ENTRY_ON_FIRST_CLOSE_OUTSIDE,CLOSE_BACK_OUTSIDE,-1,A,ASIA,5,1,True,True,2026-07-16 20:35:00-04:00,2026-07-16 20:37:00-04:00,2026-07-16 20:37:00-04:00,29000.0,16.1752,31.1095,29030.5,30.5,29030.5,30.5,False,28914.5,rb,RB2-030190,60,85.5,2.7484,2.8033,
EP-49206-ENTRY_ON_NEW_FVG,EP-49206,NQU6,ENTRY_ON_NEW_FVG,NEW_FVG,-1,A,ASIA,5,1,True,True,2026-07-16 20:35:00-04:00,2026-07-16 20:37:00-04:00,2026-07-16 20:37:00-04:00,29000.0,16.1752,31.1095,29030.5,30.5,29030.5,30.5,False,28914.5,rb,RB2-030190,60,85.5,2.7484,2.8033,
EP-49261-ENTRY_ON_FIRST_CLOSE_OUTSIDE,EP-49261,NQU6,ENTRY_ON_FIRST_CLOSE_OUTSIDE,CLOSE_BACK_OUTSIDE,-1,A,ASIA,5,5,False,True,,2026-07-16 21:35:00-04:00,2026-07-16 21:35:00-04:00,28987.5,15.7322,33.2349,29046.0,58.5,29046.0,58.5,False,28914.5,rb,RB2-030190,60,73.0,2.1965,1.2479,
EP-49261-ENTRY_ON_MINIMAL_WICK_REJECTION,EP-49261,NQU6,ENTRY_ON_MINIMAL_WICK_REJECTION,MINIMAL_WICK_REJECTION,-1,A,ASIA,5,5,False,True,,2026-07-16 21:35:00-04:00,2026-07-16 21:35:00-04:00,28987.5,15.7322,33.2349,29046.0,58.5,29046.0,58.5,False,28914.5,rb,RB2-030190,60,73.0,2.1965,1.2479,
EP-49282-ENTRY_ON_TAP,EP-49282,NQU6,ENTRY_ON_TAP,TAP_ONLY,-1,F,ASIA,5,1,True,True,2026-07-16 21:40:00-04:00,2026-07-16 21:41:00-04:00,2026-07-16 21:41:00-04:00,28995.0,14.6968,33.0688,29011.25,16.25,29011.25,16.25,False,28914.5,rb,RB2-030190,60,80.5,2.4343,4.9538,
EP-49269-ENTRY_ON_DELAYED_DISPLACEMENT,EP-49269,NQU6,ENTRY_ON_DELAYED_DISPLACEMENT,DELAYED_DISPLACEMENT,-1,A,ASIA,3,3,False,True,,2026-07-16 21:42:00-04:00,2026-07-16 21:42:00-04:00,28984.0,14.7511,33.0688,29026.25,42.25,29026.25,42.25,False,28914.5,rb,RB2-030190,60,69.5,2.1017,1.645,
EP-49282-ENTRY_ON_FIRST_CLOSE_OUTSIDE,EP-49282,NQU6,ENTRY_ON_FIRST_CLOSE_OUTSIDE,CLOSE_BACK_OUTSIDE,-1,F,ASIA,5,1,True,True,2026-07-16 21:40:00-04:00,2026-07-16 21:42:00-04:00,2026-07-16 21:42:00-04:00,28984.0,14.7511,33.0688,29011.25,27.25,29011.25,27.25,False,28914.5,rb,RB2-030190,60,69.5,2.1017,2.5505,
EP-49282-ENTRY_ON_IMMEDIATE_DISPLACEMENT,EP-49282,NQU6,ENTRY_ON_IMMEDIATE_DISPLACEMENT,IMMEDIATE_DISPLACEMENT,-1,F,ASIA,5,1,True,True,2026-07-16 21:40:00-04:00,2026-07-16 21:42:00-04:00,2026-07-16 21:42:00-04:00,28984.0,14.7511,33.0688,29011.25,27.25,29011.25,27.25,False,28914.5,rb,RB2-030190,60,69.5,2.1017,2.5505,
EP-49282-ENTRY_ON_DELAYED_DISPLACEMENT,EP-49282,NQU6,ENTRY_ON_DELAYED_DISPLACEMENT,DELAYED_DISPLACEMENT,-1,F,ASIA,5,1,True,True,2026-07-16 21:40:00-04:00,2026-07-16 21:44:00-04:00,2026-07-16 21:44:00-04:00,28981.5,14.4788,33.0688,29011.25,29.75,29011.25,29.75,False,28914.5,rb,RB2-030190,60,67.0,2.0261,2.2521,
EP-49219-ENTRY_ON_DELAYED_DISPLACEMENT,EP-49219,NQU6,ENTRY_ON_DELAYED_DISPLACEMENT,DELAYED_DISPLACEMENT,-1,F,ASIA,15,15,False,True,,2026-07-16 21:45:00-04:00,2026-07-16 21:45:00-04:00,28972.25,14.6151,33.2951,29082.75,110.5,29082.75,110.5,False,28914.5,rb,RB2-030190,60,57.75,1.7345,0.5226,
EP-49260-ENTRY_ON_STRONG_REJECTION,EP-49260,NQU6,ENTRY_ON_STRONG_REJECTION,STRONG_REJECTION_DEPARTURE,-1,A,ASIA,3,3,False,True,,2026-07-16 21:45:00-04:00,2026-07-16 21:45:00-04:00,28972.25,14.6151,33.2951,29046.0,73.75,29046.0,73.75,False,28914.5,rb,RB2-030190,60,57.75,1.7345,0.7831,
EP-49260-ENTRY_ON_NEW_FVG,EP-49260,NQU6,ENTRY_ON_NEW_FVG,NEW_FVG,-1,A,ASIA,3,3,False,True,,2026-07-16 21:45:00-04:00,2026-07-16 21:45:00-04:00,28972.25,14.6151,33.2951,29046.0,73.75,29046.0,73.75,False,28914.5,rb,RB2-030190,60,57.75,1.7345,0.7831,
EP-49269-ENTRY_ON_STRONG_REJECTION,EP-49269,NQU6,ENTRY_ON_STRONG_REJECTION,STRONG_REJECTION_DEPARTURE,-1,A,ASIA,3,3,False,True,,2026-07-16 21:45:00-04:00,2026-07-16 21:45:00-04:00,28972.25,14.6151,33.2951,29026.25,54.0,29026.25,54.0,False,28914.5,rb,RB2-030190,60,57.75,1.7345,1.0694,
EP-49269-ENTRY_ON_NEW_FVG,EP-49269,NQU6,ENTRY_ON_NEW_FVG,NEW_FVG,-1,A,ASIA,3,3,False,True,,2026-07-16 21:45:00-04:00,2026-07-16 21:45:00-04:00,28972.25,14.6151,33.2951,29026.25,54.0,29026.25,54.0,False,28914.5,rb,RB2-030190,60,57.75,1.7345,1.0694,
EP-49281-ENTRY_ON_FIRST_CLOSE_OUTSIDE,EP-49281,NQU6,ENTRY_ON_FIRST_CLOSE_OUTSIDE,CLOSE_BACK_OUTSIDE,-1,A,ASIA,3,3,False,True,,2026-07-16 21:45:00-04:00,2026-07-16 21:45:00-04:00,28972.25,14.6151,33.2951,29011.25,39.0,29011.25,39.0,False,28914.5,rb,RB2-030190,60,57.75,1.7345,1.4808,
EP-49281-ENTRY_ON_STRONG_REJECTION,EP-49281,NQU6,ENTRY_ON_STRONG_REJECTION,STRONG_REJECTION_DEPARTURE,-1,A,ASIA,3,3,False,True,,2026-07-16 21:45:00-04:00,2026-07-16 21:45:00-04:00,28972.25,14.6151,33.2951,29011.25,39.0,29011.25,39.0,False,28914.5,rb,RB2-030190,60,57.75,1.7345,1.4808,
EP-49281-ENTRY_ON_NEW_FVG,EP-49281,NQU6,ENTRY_ON_NEW_FVG,NEW_FVG,-1,A,ASIA,3,3,False,True,,2026-07-16 21:45:00-04:00,2026-07-16 21:45:00-04:00,28972.25,14.6151,33.2951,29011.25,39.0,29011.25,39.0,False,28914.5,rb,RB2-030190,60,57.75,1.7345,1.4808,
EP-49283-ENTRY_ON_TAP,EP-49283,NQU6,ENTRY_ON_TAP,TAP_ONLY,-1,A,ASIA,5,5,False,True,,2026-07-16 21:45:00-04:00,2026-07-16 21:45:00-04:00,28972.25,14.6151,33.2951,29011.25,39.0,29011.25,39.0,False,28914.5,rb,RB2-030190,60,57.75,1.7345,1.4808,
EP-49282-ENTRY_ON_NEW_FVG,EP-49282,NQU6,ENTRY_ON_NEW_FVG,NEW_FVG,-1,F,ASIA,5,1,True,True,2026-07-16 21:40:00-04:00,2026-07-16 21:46:00-04:00,2026-07-16 21:46:00-04:00,28967.25,14.4541,33.2951,29011.25,44.0,29011.25,44.0,False,28914.5,rb,RB2-030190,60,52.75,1.5843,1.1989,
EP-49294-ENTRY_ON_TAP,EP-49294,NQU6,ENTRY_ON_TAP,TAP_ONLY,-1,F,ASIA,1,1,False,True,2026-07-16 21:47:00-04:00,2026-07-16 21:48:00-04:00,2026-07-16 21:48:00-04:00,28974.5,14.8489,33.2951,28980.0,5.5,28989.3489,14.8489,True,28914.5,rb,RB2-030190,60,60.0,1.8021,4.0407,
EP-49261-ENTRY_ON_STRONG_REJECTION,EP-49261,NQU6,ENTRY_ON_STRONG_REJECTION,STRONG_REJECTION_DEPARTURE,-1,A,ASIA,5,5,False,True,,2026-07-16 21:50:00-04:00,2026-07-16 21:50:00-04:00,28963.75,15.6564,33.5328,29046.0,82.25,29046.0,82.25,False,28914.5,rb,RB2-030190,60,49.25,1.4687,0.5988,
EP-49283-ENTRY_ON_STRONG_REJECTION,EP-49283,NQU6,ENTRY_ON_STRONG_REJECTION,STRONG_REJECTION_DEPARTURE,-1,A,ASIA,5,5,False,True,,2026-07-16 21:50:00-04:00,2026-07-16 21:50:00-04:00,28963.75,15.6564,33.5328,29011.25,47.5,29011.25,47.5,False,28914.5,rb,RB2-030190,60,49.25,1.4687,1.0368,
EP-49283-ENTRY_ON_DELAYED_DISPLACEMENT,EP-49283,NQU6,ENTRY_ON_DELAYED_DISPLACEMENT,DELAYED_DISPLACEMENT,-1,A,ASIA,5,5,False,True,,2026-07-16 22:10:00-04:00,2026-07-16 22:10:00-04:00,28951.5,13.4298,32.5237,29011.25,59.75,29011.25,59.75,False,28914.5,rb,RB2-030190,60,37.0,1.1376,0.6192,
EP-49304-ENTRY_ON_FIRST_CLOSE_OUTSIDE,EP-49304,NQU6,ENTRY_ON_FIRST_CLOSE_OUTSIDE,CLOSE_BACK_OUTSIDE,-1,A,ASIA,5,5,False,True,,2026-07-16 22:10:00-04:00,2026-07-16 22:10:00-04:00,28951.5,13.4298,32.5237,28990.75,39.25,28990.75,39.25,False,28914.5,rb,RB2-030190,60,37.0,1.1376,0.9427,
EP-49304-ENTRY_ON_MINIMAL_WICK_REJECTION,EP-49304,NQU6,ENTRY_ON_MINIMAL_WICK_REJECTION,MINIMAL_WICK_REJECTION,-1,A,ASIA,5,5,False,True,,2026-07-16 22:10:00-04:00,2026-07-16 22:10:00-04:00,28951.5,13.4298,32.5237,28990.75,39.25,28990.75,39.25,False,28914.5,rb,RB2-030190,60,37.0,1.1376,0.9427,
EP-49304-ENTRY_ON_DELAYED_DISPLACEMENT,EP-49304,NQU6,ENTRY_ON_DELAYED_DISPLACEMENT,DELAYED_DISPLACEMENT,-1,A,ASIA,5,5,False,True,,2026-07-16 22:10:00-04:00,2026-07-16 22:10:00-04:00,28951.5,13.4298,32.5237,28990.75,39.25,28990.75,39.25,False,28914.5,rb,RB2-030190,60,37.0,1.1376,0.9427,
EP-49312-ENTRY_ON_STRONG_REJECTION,EP-49312,NQU6,ENTRY_ON_STRONG_REJECTION,STRONG_REJECTION_DEPARTURE,-1,A,ASIA,1,1,False,True,2026-07-16 22:03:00-04:00,2026-07-16 22:10:00-04:00,2026-07-16 22:10:00-04:00,28951.5,13.4298,32.5237,28981.75,30.25,28981.75,30.25,False,28914.5,rb,RB2-030190,60,37.0,1.1376,1.2231,
EP-49323-ENTRY_ON_TAP,EP-49323,NQU6,ENTRY_ON_TAP,TAP_ONLY,-1,A,ASIA,5,1,True,True,2026-07-16 22:15:00-04:00,2026-07-16 22:16:00-04:00,2026-07-16 22:16:00-04:00,28955.0,12.3891,32.0018,28970.0,15.0,28970.0,15.0,False,28914.5,rb,RB2-030190,60,40.5,1.2656,2.7,
EP-49324-ENTRY_ON_TAP,EP-49324,NQU6,ENTRY_ON_TAP,TAP_ONLY,-1,A,ASIA,5,5,False,True,,2026-07-16 22:20:00-04:00,2026-07-16 22:20:00-04:00,28948.5,12.1552,31.7622,28970.0,21.5,28970.0,21.5,False,28914.5,rb,RB2-030190,60,34.0,1.0705,1.5814,
EP-49334-ENTRY_ON_TAP,EP-49334,NQU6,ENTRY_ON_TAP,TAP_ONLY,1,A,ASIA,1,1,False,True,2026-07-16 22:27:00-04:00,2026-07-16 22:28:00-04:00,2026-07-16 22:28:00-04:00,28922.75,11.3864,31.3867,28920.25,2.5,28911.3636,11.3864,True,28956.75,rb,RB2-027714,5,34.0,1.0833,2.986,
EP-49362-ENTRY_ON_TAP,EP-49362,NQU6,ENTRY_ON_TAP,TAP_ONLY,-1,A,ASIA,3,1,True,True,2026-07-16 22:54:00-04:00,2026-07-16 22:55:00-04:00,2026-07-16 22:55:00-04:00,28907.0,11.3911,29.5821,28921.25,14.25,28921.25,14.25,False,28856.25,ifvg,IFVG2-004209,60,50.75,1.7156,3.5614,
EP-49400-ENTRY_ON_FIRST_CLOSE_OUTSIDE,EP-49400,NQU6,ENTRY_ON_FIRST_CLOSE_OUTSIDE,CLOSE_BACK_OUTSIDE,1,A,ASIA,1,1,False,True,2026-07-16 23:22:00-04:00,2026-07-16 23:26:00-04:00,2026-07-16 23:26:00-04:00,29001.25,10.4404,29.1545,28985.25,16.0,28985.25,16.0,False,29031.75,rb,RB2-027707,5,30.5,1.0462,1.9062,
EP-49373-ENTRY_ON_FIRST_CLOSE_OUTSIDE,EP-49373,NQU6,ENTRY_ON_FIRST_CLOSE_OUTSIDE,CLOSE_BACK_OUTSIDE,-1,F,ASIA,30,30,False,True,,2026-07-17 00:00:00-04:00,2026-07-17 00:00:00-04:00,28911.0,10.6949,28.5622,29010.5,99.5,29010.5,99.5,False,28856.25,ifvg,IFVG2-004209,60,54.75,1.9169,0.5503,
EP-49373-ENTRY_ON_MINIMAL_WICK_REJECTION,EP-49373,NQU6,ENTRY_ON_MINIMAL_WICK_REJECTION,MINIMAL_WICK_REJECTION,-1,F,ASIA,30,30,False,True,,2026-07-17 00:00:00-04:00,2026-07-17 00:00:00-04:00,28911.0,10.6949,28.5622,29010.5,99.5,29010.5,99.5,False,28856.25,ifvg,IFVG2-004209,60,54.75,1.9169,0.5503,
EP-49373-ENTRY_ON_IMMEDIATE_DISPLACEMENT,EP-49373,NQU6,ENTRY_ON_IMMEDIATE_DISPLACEMENT,IMMEDIATE_DISPLACEMENT,-1,F,ASIA,30,30,False,True,,2026-07-17 00:00:00-04:00,2026-07-17 00:00:00-04:00,28911.0,10.6949,28.5622,29010.5,99.5,29010.5,99.5,False,28856.25,ifvg,IFVG2-004209,60,54.75,1.9169,0.5503,
EP-49374-ENTRY_ON_FIRST_CLOSE_OUTSIDE,EP-49374,NQU6,ENTRY_ON_FIRST_CLOSE_OUTSIDE,CLOSE_BACK_OUTSIDE,-1,B,ASIA,30,30,False,True,,2026-07-17 00:00:00-04:00,2026-07-17 00:00:00-04:00,28911.0,10.6949,28.5622,28945.75,34.75,28945.75,34.75,False,28856.25,ifvg,IFVG2-004209,60,54.75,1.9169,1.5755,
EP-49374-ENTRY_ON_MINIMAL_WICK_REJECTION,EP-49374,NQU6,ENTRY_ON_MINIMAL_WICK_REJECTION,MINIMAL_WICK_REJECTION,-1,B,ASIA,30,30,False,True,,2026-07-17 00:00:00-04:00,2026-07-17 00:00:00-04:00,28911.0,10.6949,28.5622,28945.75,34.75,28945.75,34.75,False,28856.25,ifvg,IFVG2-004209,60,54.75,1.9169,1.5755,
EP-49374-ENTRY_ON_IMMEDIATE_DISPLACEMENT,EP-49374,NQU6,ENTRY_ON_IMMEDIATE_DISPLACEMENT,IMMEDIATE_DISPLACEMENT,-1,B,ASIA,30,30,False,True,,2026-07-17 00:00:00-04:00,2026-07-17 00:00:00-04:00,28911.0,10.6949,28.5622,28945.75,34.75,28945.75,34.75,False,28856.25,ifvg,IFVG2-004209,60,54.75,1.9169,1.5755,
EP-49376-ENTRY_ON_TAP,EP-49376,NQU6,ENTRY_ON_TAP,TAP_ONLY,-1,B,ASIA,60,60,False,True,,2026-07-17 00:00:00-04:00,2026-07-17 00:00:00-04:00,28911.0,10.6949,28.5622,28993.5,82.5,28993.5,82.5,False,28856.25,ifvg,IFVG2-004209,60,54.75,1.9169,0.6636,
EP-49393-ENTRY_ON_DELAYED_DISPLACEMENT,EP-49393,NQU6,ENTRY_ON_DELAYED_DISPLACEMENT,DELAYED_DISPLACEMENT,-1,A,ASIA,15,15,False,True,,2026-07-17 00:00:00-04:00,2026-07-17 00:00:00-04:00,28911.0,10.6949,28.5622,28985.75,74.75,28985.75,74.75,False,28856.25,ifvg,IFVG2-004209,60,54.75,1.9169,0.7324,
EP-49456-ENTRY_ON_DELAYED_DISPLACEMENT,EP-49456,NQU6,ENTRY_ON_DELAYED_DISPLACEMENT,DELAYED_DISPLACEMENT,-1,F,ASIA,3,1,True,True,2026-07-16 23:54:00-04:00,2026-07-17 00:00:00-04:00,2026-07-17 00:00:00-04:00,28911.0,10.6949,28.5622,28941.0,30.0,28941.0,30.0,False,28856.25,ifvg,IFVG2-004209,60,54.75,1.9169,1.825,
EP-49457-ENTRY_ON_FIRST_CLOSE_OUTSIDE,EP-49457,NQU6,ENTRY_ON_FIRST_CLOSE_OUTSIDE,CLOSE_BACK_OUTSIDE,-1,A,ASIA,3,3,False,True,,2026-07-17 00:00:00-04:00,2026-07-17 00:00:00-04:00,28911.0,10.6949,28.5622,28941.0,30.0,28941.0,30.0,False,28856.25,ifvg,IFVG2-004209,60,54.75,1.9169,1.825,
EP-49457-ENTRY_ON_IMMEDIATE_DISPLACEMENT,EP-49457,NQU6,ENTRY_ON_IMMEDIATE_DISPLACEMENT,IMMEDIATE_DISPLACEMENT,-1,A,ASIA,3,3,False,True,,2026-07-17 00:00:00-04:00,2026-07-17 00:00:00-04:00,28911.0,10.6949,28.5622,28941.0,30.0,28941.0,30.0,False,28856.25,ifvg,IFVG2-004209,60,54.75,1.9169,1.825,
EP-49458-ENTRY_ON_FIRST_CLOSE_OUTSIDE,EP-49458,NQU6,ENTRY_ON_FIRST_CLOSE_OUTSIDE,CLOSE_BACK_OUTSIDE,-1,A,ASIA,1,1,False,True,2026-07-16 23:56:00-04:00,2026-07-17 00:00:00-04:00,2026-07-17 00:00:00-04:00,28911.0,10.6949,28.5622,28925.0,14.0,28925.0,14.0,False,28856.25,ifvg,IFVG2-004209,60,54.75,1.9169,3.9107,
EP-49458-ENTRY_ON_MINIMAL_WICK_REJECTION,EP-49458,NQU6,ENTRY_ON_MINIMAL_WICK_REJECTION,MINIMAL_WICK_REJECTION,-1,A,ASIA,1,1,False,True,2026-07-16 23:56:00-04:00,2026-07-17 00:00:00-04:00,2026-07-17 00:00:00-04:00,28911.0,10.6949,28.5622,28925.0,14.0,28925.0,14.0,False,28856.25,ifvg,IFVG2-004209,60,54.75,1.9169,3.9107,
EP-49458-ENTRY_ON_DELAYED_DISPLACEMENT,EP-49458,NQU6,ENTRY_ON_DELAYED_DISPLACEMENT,DELAYED_DISPLACEMENT,-1,A,ASIA,1,1,False,True,2026-07-16 23:56:00-04:00,2026-07-17 00:00:00-04:00,2026-07-17 00:00:00-04:00,28911.0,10.6949,28.5622,28925.0,14.0,28925.0,14.0,False,28856.25,ifvg,IFVG2-004209,60,54.75,1.9169,3.9107,
EP-49456-ENTRY_ON_STRONG_REJECTION,EP-49456,NQU6,ENTRY_ON_STRONG_REJECTION,STRONG_REJECTION_DEPARTURE,-1,F,ASIA,3,1,True,True,2026-07-16 23:54:00-04:00,2026-07-17 00:02:00-04:00,2026-07-17 00:02:00-04:00,28887.0,11.646,28.5622,28941.0,54.0,28941.0,54.0,False,28856.25,ifvg,IFVG2-004209,60,30.75,1.0766,0.5694,
EP-49456-ENTRY_ON_NEW_FVG,EP-49456,NQU6,ENTRY_ON_NEW_FVG,NEW_FVG,-1,F,ASIA,3,1,True,True,2026-07-16 23:54:00-04:00,2026-07-17 00:02:00-04:00,2026-07-17 00:02:00-04:00,28887.0,11.646,28.5622,28941.0,54.0,28941.0,54.0,False,28856.25,ifvg,IFVG2-004209,60,30.75,1.0766,0.5694,
EP-49458-ENTRY_ON_STRONG_REJECTION,EP-49458,NQU6,ENTRY_ON_STRONG_REJECTION,STRONG_REJECTION_DEPARTURE,-1,A,ASIA,1,1,False,True,2026-07-16 23:56:00-04:00,2026-07-17 00:02:00-04:00,2026-07-17 00:02:00-04:00,28887.0,11.646,28.5622,28925.0,38.0,28925.0,38.0,False,28856.25,ifvg,IFVG2-004209,60,30.75,1.0766,0.8092,
EP-49458-ENTRY_ON_NEW_FVG,EP-49458,NQU6,ENTRY_ON_NEW_FVG,NEW_FVG,-1,A,ASIA,1,1,False,True,2026-07-16 23:56:00-04:00,2026-07-17 00:02:00-04:00,2026-07-17 00:02:00-04:00,28887.0,11.646,28.5622,28925.0,38.0,28925.0,38.0,False,28856.25,ifvg,IFVG2-004209,60,30.75,1.0766,0.8092,
EP-49486-ENTRY_ON_FIRST_CLOSE_OUTSIDE,EP-49486,NQU6,ENTRY_ON_FIRST_CLOSE_OUTSIDE,CLOSE_BACK_OUTSIDE,-1,F,ASIA,5,1,True,True,2026-07-17 00:20:00-04:00,2026-07-17 00:22:00-04:00,2026-07-17 00:22:00-04:00,28833.0,14.1169,29.2038,28858.0,25.0,28858.0,25.0,False,28777.0,ifvg,IFVG2-004208,60,56.0,1.9176,2.24,
EP-49486-ENTRY_ON_IMMEDIATE_DISPLACEMENT,EP-49486,NQU6,ENTRY_ON_IMMEDIATE_DISPLACEMENT,IMMEDIATE_DISPLACEMENT,-1,F,ASIA,5,1,True,True,2026-07-17 00:20:00-04:00,2026-07-17 00:22:00-04:00,2026-07-17 00:22:00-04:00,28833.0,14.1169,29.2038,28858.0,25.0,28858.0,25.0,False,28777.0,ifvg,IFVG2-004208,60,56.0,1.9176,2.24,
EP-49472-ENTRY_ON_STRONG_REJECTION,EP-49472,NQU6,ENTRY_ON_STRONG_REJECTION,STRONG_REJECTION_DEPARTURE,-1,A,ASIA,5,5,False,True,,2026-07-17 00:25:00-04:00,2026-07-17 00:25:00-04:00,28829.0,13.5544,29.3932,28879.5,50.5,28879.5,50.5,False,28777.0,ifvg,IFVG2-004208,60,52.0,1.7691,1.0297,
EP-49488-ENTRY_ON_TAP,EP-49488,NQU6,ENTRY_ON_TAP,TAP_ONLY,-1,A,ASIA,5,5,False,True,,2026-07-17 00:25:00-04:00,2026-07-17 00:25:00-04:00,28829.0,13.5544,29.3932,28858.0,29.0,28858.0,29.0,False,28777.0,ifvg,IFVG2-004208,60,52.0,1.7691,1.7931,
EP-49486-ENTRY_ON_NEW_FVG,EP-49486,NQU6,ENTRY_ON_NEW_FVG,NEW_FVG,-1,F,ASIA,5,1,True,True,2026-07-17 00:20:00-04:00,2026-07-17 00:26:00-04:00,2026-07-17 00:26:00-04:00,28824.75,13.3646,29.3932,28858.0,33.25,28858.0,33.25,False,28777.0,ifvg,IFVG2-004208,60,47.75,1.6245,1.4361,
EP-49491-ENTRY_ON_NEW_FVG,EP-49491,NQU6,ENTRY_ON_NEW_FVG,NEW_FVG,-1,A,ASIA,1,1,False,True,2026-07-17 00:23:00-04:00,2026-07-17 00:26:00-04:00,2026-07-17 00:26:00-04:00,28824.75,13.3646,29.3932,28841.25,16.5,28841.25,16.5,False,28777.0,ifvg,IFVG2-004208,60,47.75,1.6245,2.8939,
EP-49484-ENTRY_ON_DELAYED_DISPLACEMENT,EP-49484,NQU6,ENTRY_ON_DELAYED_DISPLACEMENT,DELAYED_DISPLACEMENT,-1,A,ASIA,3,3,False,True,,2026-07-17 00:27:00-04:00,2026-07-17 00:27:00-04:00,28822.25,13.2973,29.3932,28858.0,35.75,28858.0,35.75,False,28777.0,ifvg,IFVG2-004208,60,45.25,1.5395,1.2657,
EP-49491-ENTRY_ON_DELAYED_DISPLACEMENT,EP-49491,NQU6,ENTRY_ON_DELAYED_DISPLACEMENT,DELAYED_DISPLACEMENT,-1,A,ASIA,1,1,False,True,2026-07-17 00:23:00-04:00,2026-07-17 00:28:00-04:00,2026-07-17 00:28:00-04:00,28809.0,13.4829,29.3932,28841.25,32.25,28841.25,32.25,False,28777.0,ifvg,IFVG2-004208,60,32.0,1.0887,0.9922,
EP-49484-ENTRY_ON_NEW_FVG,EP-49484,NQU6,ENTRY_ON_NEW_FVG,NEW_FVG,-1,A,ASIA,3,3,False,True,,2026-07-17 00:30:00-04:00,2026-07-17 00:30:00-04:00,28808.0,13.3384,29.2518,28858.0,50.0,28858.0,50.0,False,28777.0,ifvg,IFVG2-004208,60,31.0,1.0598,0.62,
EP-49488-ENTRY_ON_FIRST_CLOSE_OUTSIDE,EP-49488,NQU6,ENTRY_ON_FIRST_CLOSE_OUTSIDE,CLOSE_BACK_OUTSIDE,-1,A,ASIA,5,5,False,True,,2026-07-17 00:30:00-04:00,2026-07-17 00:30:00-04:00,28808.0,13.3384,29.2518,28858.0,50.0,28858.0,50.0,False,28777.0,ifvg,IFVG2-004208,60,31.0,1.0598,0.62,
EP-49488-ENTRY_ON_IMMEDIATE_DISPLACEMENT,EP-49488,NQU6,ENTRY_ON_IMMEDIATE_DISPLACEMENT,IMMEDIATE_DISPLACEMENT,-1,A,ASIA,5,5,False,True,,2026-07-17 00:30:00-04:00,2026-07-17 00:30:00-04:00,28808.0,13.3384,29.2518,28858.0,50.0,28858.0,50.0,False,28777.0,ifvg,IFVG2-004208,60,31.0,1.0598,0.62,
EP-49488-ENTRY_ON_NEW_FVG,EP-49488,NQU6,ENTRY_ON_NEW_FVG,NEW_FVG,-1,A,ASIA,5,5,False,True,,2026-07-17 00:30:00-04:00,2026-07-17 00:30:00-04:00,28808.0,13.3384,29.2518,28858.0,50.0,28858.0,50.0,False,28777.0,ifvg,IFVG2-004208,60,31.0,1.0598,0.62,
EP-49628-ENTRY_ON_TAP,EP-49628,NQU6,ENTRY_ON_TAP,TAP_ONLY,1,A,ASIA,3,1,True,True,2026-07-17 02:07:00-04:00,2026-07-17 02:08:00-04:00,2026-07-17 02:08:00-04:00,28734.5,15.2011,30.8755,28733.25,1.25,28719.2989,15.2011,True,28769.25,fvg,FVG2-006079,3,34.75,1.1255,2.286,
EP-49765-ENTRY_ON_TAP,EP-49765,NQU6,ENTRY_ON_TAP,TAP_ONLY,1,F,LONDON,1,1,False,True,2026-07-17 04:10:00-04:00,2026-07-17 04:11:00-04:00,2026-07-17 04:11:00-04:00,28677.0,16.9251,32.0106,28670.25,6.75,28660.0749,16.9251,True,28710.75,fvg,FVG2-004354,1,33.75,1.0543,1.9941,
EP-49777-ENTRY_ON_TAP,EP-49777,NQU6,ENTRY_ON_TAP,TAP_ONLY,1,F,LONDON,15,1,True,True,2026-07-17 04:16:00-04:00,2026-07-17 04:17:00-04:00,2026-07-17 04:17:00-04:00,28616.25,17.5177,32.4268,28613.75,2.5,28598.7323,17.5177,True,28678.0,rb,RB2-017006,1,61.75,1.9043,3.525,
EP-49782-ENTRY_ON_NEW_FVG,EP-49782,NQU6,ENTRY_ON_NEW_FVG,NEW_FVG,1,A,LONDON,1,1,False,True,2026-07-17 04:21:00-04:00,2026-07-17 04:29:00-04:00,2026-07-17 04:29:00-04:00,28628.75,19.5449,35.1736,28579.0,49.75,28579.0,49.75,False,28678.0,rb,RB2-017006,1,49.25,1.4002,0.9899,
EP-49786-ENTRY_ON_DELAYED_DISPLACEMENT,EP-49786,NQU6,ENTRY_ON_DELAYED_DISPLACEMENT,DELAYED_DISPLACEMENT,1,A,LONDON,1,1,False,True,2026-07-17 04:25:00-04:00,2026-07-17 04:29:00-04:00,2026-07-17 04:29:00-04:00,28628.75,19.5449,35.1736,28590.5,38.25,28590.5,38.25,False,28678.0,rb,RB2-017006,1,49.25,1.4002,1.2876,
EP-49786-ENTRY_ON_NEW_FVG,EP-49786,NQU6,ENTRY_ON_NEW_FVG,NEW_FVG,1,A,LONDON,1,1,False,True,2026-07-17 04:25:00-04:00,2026-07-17 04:29:00-04:00,2026-07-17 04:29:00-04:00,28628.75,19.5449,35.1736,28590.5,38.25,28590.5,38.25,False,28678.0,rb,RB2-017006,1,49.25,1.4002,1.2876,
EP-49790-ENTRY_ON_FIRST_CLOSE_OUTSIDE,EP-49790,NQU6,ENTRY_ON_FIRST_CLOSE_OUTSIDE,CLOSE_BACK_OUTSIDE,1,A,LONDON,3,1,True,True,2026-07-17 04:27:00-04:00,2026-07-17 04:29:00-04:00,2026-07-17 04:29:00-04:00,28628.75,19.5449,35.1736,28577.25,51.5,28577.25,51.5,False,28678.0,rb,RB2-017006,1,49.25,1.4002,0.9563,
EP-49790-ENTRY_ON_IMMEDIATE_DISPLACEMENT,EP-49790,NQU6,ENTRY_ON_IMMEDIATE_DISPLACEMENT,IMMEDIATE_DISPLACEMENT,1,A,LONDON,3,1,True,True,2026-07-17 04:27:00-04:00,2026-07-17 04:29:00-04:00,2026-07-17 04:29:00-04:00,28628.75,19.5449,35.1736,28577.25,51.5,28577.25,51.5,False,28678.0,rb,RB2-017006,1,49.25,1.4002,0.9563,
EP-49790-ENTRY_ON_NEW_FVG,EP-49790,NQU6,ENTRY_ON_NEW_FVG,NEW_FVG,1,A,LONDON,3,1,True,True,2026-07-17 04:27:00-04:00,2026-07-17 04:29:00-04:00,2026-07-17 04:29:00-04:00,28628.75,19.5449,35.1736,28577.25,51.5,28577.25,51.5,False,28678.0,rb,RB2-017006,1,49.25,1.4002,0.9563,
EP-49818-ENTRY_ON_NEW_FVG,EP-49818,NQU6,ENTRY_ON_NEW_FVG,NEW_FVG,1,B,LONDON,1,1,False,True,2026-07-17 04:47:00-04:00,2026-07-17 04:56:00-04:00,2026-07-17 04:56:00-04:00,28639.25,17.2267,36.3716,28592.0,47.25,28592.0,47.25,False,28678.0,rb,RB2-017006,1,38.75,1.0654,0.8201,
EP-49820-ENTRY_ON_NEW_FVG,EP-49820,NQU6,ENTRY_ON_NEW_FVG,NEW_FVG,1,C,LONDON,1,1,False,True,2026-07-17 04:49:00-04:00,2026-07-17 04:56:00-04:00,2026-07-17 04:56:00-04:00,28639.25,17.2267,36.3716,28589.5,49.75,28589.5,49.75,False,28678.0,rb,RB2-017006,1,38.75,1.0654,0.7789,
EP-49821-ENTRY_ON_NEW_FVG,EP-49821,NQU6,ENTRY_ON_NEW_FVG,NEW_FVG,1,A,LONDON,1,1,False,True,2026-07-17 04:50:00-04:00,2026-07-17 04:56:00-04:00,2026-07-17 04:56:00-04:00,28639.25,17.2267,36.3716,28590.75,48.5,28590.75,48.5,False,28678.0,rb,RB2-017006,1,38.75,1.0654,0.799,
EP-49823-ENTRY_ON_NEW_FVG,EP-49823,NQU6,ENTRY_ON_NEW_FVG,NEW_FVG,1,A,LONDON,3,1,True,True,2026-07-17 04:51:00-04:00,2026-07-17 04:56:00-04:00,2026-07-17 04:56:00-04:00,28639.25,17.2267,36.3716,28590.75,48.5,28590.75,48.5,False,28678.0,rb,RB2-017006,1,38.75,1.0654,0.799,
EP-50125-ENTRY_ON_TAP,EP-50125,NQU6,ENTRY_ON_TAP,TAP_ONLY,-1,A,NY_AM,15,1,True,True,2026-07-17 09:30:00-04:00,2026-07-17 09:31:00-04:00,2026-07-17 09:31:00-04:00,28644.25,18.5699,31.3775,28648.25,4.0,28662.8199,18.5699,True,28609.5,rb,RB2-030098,30,34.75,1.1075,1.8713,
EP-50126-ENTRY_ON_TAP,EP-50126,NQU6,ENTRY_ON_TAP,TAP_ONLY,-1,F,NY_AM,5,1,True,True,2026-07-17 09:30:00-04:00,2026-07-17 09:31:00-04:00,2026-07-17 09:31:00-04:00,28644.25,18.5699,31.3775,28660.0,15.75,28662.8199,18.5699,True,28609.5,rb,RB2-030098,30,34.75,1.1075,1.8713,
EP-50138-ENTRY_ON_MINIMAL_WICK_REJECTION,EP-50138,NQU6,ENTRY_ON_MINIMAL_WICK_REJECTION,MINIMAL_WICK_REJECTION,-1,B,NY_AM,1,1,False,True,2026-07-17 09:41:00-04:00,2026-07-17 09:50:00-04:00,2026-07-17 09:50:00-04:00,28498.5,33.1415,44.7735,28514.5,16.0,28531.6415,33.1415,True,28438.25,rb,RB2-017152,1,60.25,1.3457,1.818,
EP-50144-ENTRY_ON_TAP,EP-50144,NQU6,ENTRY_ON_TAP,TAP_ONLY,-1,F,NY_AM,5,5,False,True,,2026-07-17 09:50:00-04:00,2026-07-17 09:50:00-04:00,28498.5,33.1415,44.7735,28539.75,41.25,28539.75,41.25,False,28438.25,rb,RB2-017152,1,60.25,1.3457,1.4606,
EP-50147-ENTRY_ON_FIRST_CLOSE_OUTSIDE,EP-50147,NQU6,ENTRY_ON_FIRST_CLOSE_OUTSIDE,CLOSE_BACK_OUTSIDE,-1,F,NY_AM,5,1,True,True,2026-07-17 09:48:00-04:00,2026-07-17 09:50:00-04:00,2026-07-17 09:50:00-04:00,28498.5,33.1415,44.7735,28539.75,41.25,28539.75,41.25,False,28438.25,rb,RB2-017152,1,60.25,1.3457,1.4606,
EP-50147-ENTRY_ON_MINIMAL_WICK_REJECTION,EP-50147,NQU6,ENTRY_ON_MINIMAL_WICK_REJECTION,MINIMAL_WICK_REJECTION,-1,F,NY_AM,5,1,True,True,2026-07-17 09:48:00-04:00,2026-07-17 09:50:00-04:00,2026-07-17 09:50:00-04:00,28498.5,33.1415,44.7735,28539.75,41.25,28539.75,41.25,False,28438.25,rb,RB2-017152,1,60.25,1.3457,1.4606,
EP-50150-ENTRY_ON_DELAYED_DISPLACEMENT,EP-50150,NQU6,ENTRY_ON_DELAYED_DISPLACEMENT,DELAYED_DISPLACEMENT,1,A,NY_AM,1,1,False,True,2026-07-17 09:50:00-04:00,2026-07-17 09:54:00-04:00,2026-07-17 09:54:00-04:00,28589.0,35.0144,44.7735,28472.75,116.25,28472.75,116.25,False,28679.25,rb,RB2-023687,3,90.25,2.0157,0.7763,
EP-50150-ENTRY_ON_NEW_FVG,EP-50150,NQU6,ENTRY_ON_NEW_FVG,NEW_FVG,1,A,NY_AM,1,1,False,True,2026-07-17 09:50:00-04:00,2026-07-17 09:54:00-04:00,2026-07-17 09:54:00-04:00,28589.0,35.0144,44.7735,28472.75,116.25,28472.75,116.25,False,28679.25,rb,RB2-023687,3,90.25,2.0157,0.7763,
EP-50159-ENTRY_ON_TAP,EP-50159,NQU6,ENTRY_ON_TAP,TAP_ONLY,1,B,NY_AM,1,1,False,True,2026-07-17 09:55:00-04:00,2026-07-17 09:56:00-04:00,2026-07-17 09:56:00-04:00,28612.0,35.5536,48.2517,28569.5,42.5,28569.5,42.5,False,28679.25,rb,RB2-023687,3,67.25,1.3937,1.5824,
EP-50180-ENTRY_ON_DELAYED_DISPLACEMENT,EP-50180,NQU6,ENTRY_ON_DELAYED_DISPLACEMENT,DELAYED_DISPLACEMENT,1,C,NY_AM,1,1,False,True,2026-07-17 10:07:00-04:00,2026-07-17 10:11:00-04:00,2026-07-17 10:11:00-04:00,28858.75,38.9437,55.2855,28773.75,85.0,28773.75,85.0,False,28926.25,rb,RB2-030456,60,67.5,1.2209,0.7941,
EP-50181-ENTRY_ON_DELAYED_DISPLACEMENT,EP-50181,NQU6,ENTRY_ON_DELAYED_DISPLACEMENT,DELAYED_DISPLACEMENT,1,A,NY_AM,1,1,False,True,2026-07-17 10:08:00-04:00,2026-07-17 10:11:00-04:00,2026-07-17 10:11:00-04:00,28858.75,38.9437,55.2855,28783.5,75.25,28783.5,75.25,False,28926.25,rb,RB2-030456,60,67.5,1.2209,0.897,
EP-50184-ENTRY_ON_TAP,EP-50184,NQU6,ENTRY_ON_TAP,TAP_ONLY,-1,F,NY_AM,30,1,True,True,2026-07-17 10:10:00-04:00,2026-07-17 10:11:00-04:00,2026-07-17 10:11:00-04:00,28858.75,38.9437,55.2855,28910.0,51.25,28910.0,51.25,False,28794.25,rb,RB2-017162,1,64.5,1.1667,1.2585,
EP-50179-ENTRY_ON_IMMEDIATE_DISPLACEMENT,EP-50179,NQU6,ENTRY_ON_IMMEDIATE_DISPLACEMENT,IMMEDIATE_DISPLACEMENT,1,A,NY_AM,3,3,False,True,,2026-07-17 10:12:00-04:00,2026-07-17 10:12:00-04:00,28845.5,38.394,55.2855,28710.5,135.0,28710.5,135.0,False,28926.25,rb,RB2-030456,60,80.75,1.4606,0.5981,
EP-50179-ENTRY_ON_NEW_FVG,EP-50179,NQU6,ENTRY_ON_NEW_FVG,NEW_FVG,1,A,NY_AM,3,3,False,True,,2026-07-17 10:12:00-04:00,2026-07-17 10:12:00-04:00,28845.5,38.394,55.2855,28710.5,135.0,28710.5,135.0,False,28926.25,rb,RB2-030456,60,80.75,1.4606,0.5981,
EP-50193-ENTRY_ON_FIRST_CLOSE_OUTSIDE,EP-50193,NQU6,ENTRY_ON_FIRST_CLOSE_OUTSIDE,CLOSE_BACK_OUTSIDE,1,A,NY_AM,3,1,True,True,2026-07-17 10:15:00-04:00,2026-07-17 10:17:00-04:00,2026-07-17 10:17:00-04:00,28852.75,39.683,56.284,28783.0,69.75,28783.0,69.75,False,28926.25,rb,RB2-030456,60,73.5,1.3059,1.0538,
EP-50189-ENTRY_ON_FIRST_CLOSE_OUTSIDE,EP-50189,NQU6,ENTRY_ON_FIRST_CLOSE_OUTSIDE,CLOSE_BACK_OUTSIDE,1,B,NY_AM,3,3,False,True,,2026-07-17 10:18:00-04:00,2026-07-17 10:18:00-04:00,28854.75,39.6337,56.284,28783.75,71.0,28783.75,71.0,False,28926.25,rb,RB2-030456,60,71.5,1.2703,1.007,
EP-50189-ENTRY_ON_MINIMAL_WICK_REJECTION,EP-50189,NQU6,ENTRY_ON_MINIMAL_WICK_REJECTION,MINIMAL_WICK_REJECTION,1,B,NY_AM,3,3,False,True,,2026-07-17 10:18:00-04:00,2026-07-17 10:18:00-04:00,28854.75,39.6337,56.284,28783.75,71.0,28783.75,71.0,False,28926.25,rb,RB2-030456,60,71.5,1.2703,1.007,
EP-50189-ENTRY_ON_IMMEDIATE_DISPLACEMENT,EP-50189,NQU6,ENTRY_ON_IMMEDIATE_DISPLACEMENT,IMMEDIATE_DISPLACEMENT,1,B,NY_AM,3,3,False,True,,2026-07-17 10:18:00-04:00,2026-07-17 10:18:00-04:00,28854.75,39.6337,56.284,28783.75,71.0,28783.75,71.0,False,28926.25,rb,RB2-030456,60,71.5,1.2703,1.007,
EP-50194-ENTRY_ON_TAP,EP-50194,NQU6,ENTRY_ON_TAP,TAP_ONLY,1,A,NY_AM,3,3,False,True,,2026-07-17 10:18:00-04:00,2026-07-17 10:18:00-04:00,28854.75,39.6337,56.284,28783.0,71.75,28783.0,71.75,False,28926.25,rb,RB2-030456,60,71.5,1.2703,0.9965,
EP-50198-ENTRY_ON_TAP,EP-50198,NQU6,ENTRY_ON_TAP,TAP_ONLY,1,A,NY_AM,1,1,False,True,2026-07-17 10:18:00-04:00,2026-07-17 10:19:00-04:00,2026-07-17 10:19:00-04:00,28855.5,39.024,56.284,28819.0,36.5,28816.476,39.024,True,28926.25,rb,RB2-030456,60,70.75,1.257,1.813,
EP-50206-ENTRY_ON_FIRST_CLOSE_OUTSIDE,EP-50206,NQU6,ENTRY_ON_FIRST_CLOSE_OUTSIDE,CLOSE_BACK_OUTSIDE,1,A,NY_AM,5,1,True,True,2026-07-17 10:26:00-04:00,2026-07-17 10:28:00-04:00,2026-07-17 10:28:00-04:00,28855.75,38.3233,58.5598,28815.5,40.25,28815.5,40.25,False,28926.25,rb,RB2-030456,60,70.5,1.2039,1.7516,
EP-50206-ENTRY_ON_MINIMAL_WICK_REJECTION,EP-50206,NQU6,ENTRY_ON_MINIMAL_WICK_REJECTION,MINIMAL_WICK_REJECTION,1,A,NY_AM,5,1,True,True,2026-07-17 10:26:00-04:00,2026-07-17 10:28:00-04:00,2026-07-17 10:28:00-04:00,28855.75,38.3233,58.5598,28815.5,40.25,28815.5,40.25,False,28926.25,rb,RB2-030456,60,70.5,1.2039,1.7516,
EP-50218-ENTRY_ON_FIRST_CLOSE_OUTSIDE,EP-50218,NQU6,ENTRY_ON_FIRST_CLOSE_OUTSIDE,CLOSE_BACK_OUTSIDE,1,B,NY_AM,1,1,False,True,2026-07-17 10:37:00-04:00,2026-07-17 10:39:00-04:00,2026-07-17 10:39:00-04:00,28860.25,38.4148,60.3666,28815.0,45.25,28815.0,45.25,False,28926.25,rb,RB2-030456,60,66.0,1.0933,1.4586,
EP-50294-ENTRY_ON_FIRST_CLOSE_OUTSIDE,EP-50294,NQU6,ENTRY_ON_FIRST_CLOSE_OUTSIDE,CLOSE_BACK_OUTSIDE,1,A,NY_AM,3,3,False,True,,2026-07-17 11:54:00-04:00,2026-07-17 11:54:00-04:00,28845.25,30.2954,66.8979,28766.25,79.0,28766.25,79.0,False,28926.25,rb,RB2-030456,60,81.0,1.2108,1.0253,
EP-50294-ENTRY_ON_DELAYED_DISPLACEMENT,EP-50294,NQU6,ENTRY_ON_DELAYED_DISPLACEMENT,DELAYED_DISPLACEMENT,1,A,NY_AM,3,3,False,True,,2026-07-17 11:54:00-04:00,2026-07-17 11:54:00-04:00,28845.25,30.2954,66.8979,28766.25,79.0,28766.25,79.0,False,28926.25,rb,RB2-030456,60,81.0,1.2108,1.0253,
EP-50245-ENTRY_ON_FIRST_CLOSE_OUTSIDE,EP-50245,NQU6,ENTRY_ON_FIRST_CLOSE_OUTSIDE,CLOSE_BACK_OUTSIDE,1,C,NY_LUNCH,30,30,False,True,,2026-07-17 12:00:00-04:00,2026-07-17 12:00:00-04:00,28934.0,29.1304,67.6988,28690.75,243.25,28690.75,243.25,False,29059.75,rb,RB2-030455,60,125.75,1.8575,0.517,
EP-50245-ENTRY_ON_IMMEDIATE_DISPLACEMENT,EP-50245,NQU6,ENTRY_ON_IMMEDIATE_DISPLACEMENT,IMMEDIATE_DISPLACEMENT,1,C,NY_LUNCH,30,30,False,True,,2026-07-17 12:00:00-04:00,2026-07-17 12:00:00-04:00,28934.0,29.1304,67.6988,28690.75,243.25,28690.75,243.25,False,29059.75,rb,RB2-030455,60,125.75,1.8575,0.517,
EP-50294-ENTRY_ON_NEW_FVG,EP-50294,NQU6,ENTRY_ON_NEW_FVG,NEW_FVG,1,A,NY_LUNCH,3,3,False,True,,2026-07-17 12:00:00-04:00,2026-07-17 12:00:00-04:00,28934.0,29.1304,67.6988,28766.25,167.75,28766.25,167.75,False,29059.75,rb,RB2-030455,60,125.75,1.8575,0.7496,
EP-50295-ENTRY_ON_DELAYED_DISPLACEMENT,EP-50295,NQU6,ENTRY_ON_DELAYED_DISPLACEMENT,DELAYED_DISPLACEMENT,1,A,NY_LUNCH,5,5,False,True,,2026-07-17 12:00:00-04:00,2026-07-17 12:00:00-04:00,28934.0,29.1304,67.6988,28766.25,167.75,28766.25,167.75,False,29059.75,rb,RB2-030455,60,125.75,1.8575,0.7496,
EP-50295-ENTRY_ON_NEW_FVG,EP-50295,NQU6,ENTRY_ON_NEW_FVG,NEW_FVG,1,A,NY_LUNCH,5,5,False,True,,2026-07-17 12:00:00-04:00,2026-07-17 12:00:00-04:00,28934.0,29.1304,67.6988,28766.25,167.75,28766.25,167.75,False,29059.75,rb,RB2-030455,60,125.75,1.8575,0.7496,
EP-50319-ENTRY_ON_FIRST_CLOSE_OUTSIDE,EP-50319,NQU6,ENTRY_ON_FIRST_CLOSE_OUTSIDE,CLOSE_BACK_OUTSIDE,1,B,NY_LUNCH,3,3,False,True,,2026-07-17 12:15:00-04:00,2026-07-17 12:15:00-04:00,28939.75,29.8162,68.2059,28851.25,88.5,28851.25,88.5,False,29059.75,rb,RB2-030455,60,120.0,1.7594,1.3559,
EP-50319-ENTRY_ON_MINIMAL_WICK_REJECTION,EP-50319,NQU6,ENTRY_ON_MINIMAL_WICK_REJECTION,MINIMAL_WICK_REJECTION,1,B,NY_LUNCH,3,3,False,True,,2026-07-17 12:15:00-04:00,2026-07-17 12:15:00-04:00,28939.75,29.8162,68.2059,28851.25,88.5,28851.25,88.5,False,29059.75,rb,RB2-030455,60,120.0,1.7594,1.3559,
EP-50319-ENTRY_ON_DELAYED_DISPLACEMENT,EP-50319,NQU6,ENTRY_ON_DELAYED_DISPLACEMENT,DELAYED_DISPLACEMENT,1,B,NY_LUNCH,3,3,False,True,,2026-07-17 12:15:00-04:00,2026-07-17 12:15:00-04:00,28939.75,29.8162,68.2059,28851.25,88.5,28851.25,88.5,False,29059.75,rb,RB2-030455,60,120.0,1.7594,1.3559,
EP-50319-ENTRY_ON_NEW_FVG,EP-50319,NQU6,ENTRY_ON_NEW_FVG,NEW_FVG,1,B,NY_LUNCH,3,3,False,True,,2026-07-17 12:15:00-04:00,2026-07-17 12:15:00-04:00,28939.75,29.8162,68.2059,28851.25,88.5,28851.25,88.5,False,29059.75,rb,RB2-030455,60,120.0,1.7594,1.3559,
EP-50330-ENTRY_ON_DELAYED_DISPLACEMENT,EP-50330,NQU6,ENTRY_ON_DELAYED_DISPLACEMENT,DELAYED_DISPLACEMENT,1,A,NY_LUNCH,3,3,False,True,,2026-07-17 12:15:00-04:00,2026-07-17 12:15:00-04:00,28939.75,29.8162,68.2059,28856.75,83.0,28856.75,83.0,False,29059.75,rb,RB2-030455,60,120.0,1.7594,1.4458,
EP-50330-ENTRY_ON_NEW_FVG,EP-50330,NQU6,ENTRY_ON_NEW_FVG,NEW_FVG,1,A,NY_LUNCH,3,3,False,True,,2026-07-17 12:15:00-04:00,2026-07-17 12:15:00-04:00,28939.75,29.8162,68.2059,28856.75,83.0,28856.75,83.0,False,29059.75,rb,RB2-030455,60,120.0,1.7594,1.4458,
EP-50334-ENTRY_ON_NEW_FVG,EP-50334,NQU6,ENTRY_ON_NEW_FVG,NEW_FVG,1,B,NY_LUNCH,1,1,False,True,2026-07-17 12:11:00-04:00,2026-07-17 12:15:00-04:00,2026-07-17 12:15:00-04:00,28939.75,29.8162,68.2059,28876.75,63.0,28876.75,63.0,False,29059.75,rb,RB2-030455,60,120.0,1.7594,1.9048,
EP-50338-ENTRY_ON_TAP,EP-50338,NQU6,ENTRY_ON_TAP,TAP_ONLY,1,F,NY_LUNCH,15,1,True,True,2026-07-17 12:15:00-04:00,2026-07-17 12:16:00-04:00,2026-07-17 12:16:00-04:00,28947.0,29.5322,68.2059,28846.0,101.0,28846.0,101.0,False,29059.75,rb,RB2-030455,60,112.75,1.6531,1.1163,
EP-50338-ENTRY_ON_FIRST_CLOSE_OUTSIDE,EP-50338,NQU6,ENTRY_ON_FIRST_CLOSE_OUTSIDE,CLOSE_BACK_OUTSIDE,1,F,NY_LUNCH,15,1,True,True,2026-07-17 12:15:00-04:00,2026-07-17 12:18:00-04:00,2026-07-17 12:18:00-04:00,28939.25,29.3321,68.2059,28846.0,93.25,28846.0,93.25,False,29059.75,rb,RB2-030455,60,120.5,1.7667,1.2922,
EP-50338-ENTRY_ON_MINIMAL_WICK_REJECTION,EP-50338,NQU6,ENTRY_ON_MINIMAL_WICK_REJECTION,MINIMAL_WICK_REJECTION,1,F,NY_LUNCH,15,1,True,True,2026-07-17 12:15:00-04:00,2026-07-17 12:18:00-04:00,2026-07-17 12:18:00-04:00,28939.25,29.3321,68.2059,28846.0,93.25,28846.0,93.25,False,29059.75,rb,RB2-030455,60,120.5,1.7667,1.2922,
EP-50321-ENTRY_ON_NEW_FVG,EP-50321,NQU6,ENTRY_ON_NEW_FVG,NEW_FVG,1,B,NY_LUNCH,5,5,False,True,,2026-07-17 12:20:00-04:00,2026-07-17 12:20:00-04:00,28941.25,28.4959,66.6452,28828.0,113.25,28828.0,113.25,False,29059.75,rb,RB2-030455,60,118.5,1.7781,1.0464,
EP-50328-ENTRY_ON_NEW_FVG,EP-50328,NQU6,ENTRY_ON_NEW_FVG,NEW_FVG,1,A,NY_LUNCH,5,5,False,True,,2026-07-17 12:20:00-04:00,2026-07-17 12:20:00-04:00,28941.25,28.4959,66.6452,28856.75,84.5,28856.75,84.5,False,29059.75,rb,RB2-030455,60,118.5,1.7781,1.4024,
EP-50340-ENTRY_ON_FIRST_CLOSE_OUTSIDE,EP-50340,NQU6,ENTRY_ON_FIRST_CLOSE_OUTSIDE,CLOSE_BACK_OUTSIDE,1,A,NY_LUNCH,1,1,False,True,2026-07-17 12:16:00-04:00,2026-07-17 12:20:00-04:00,2026-07-17 12:20:00-04:00,28941.25,28.4959,66.6452,28925.5,15.75,28912.7541,28.4959,True,29059.75,rb,RB2-030455,60,118.5,1.7781,4.1585,
EP-50340-ENTRY_ON_MINIMAL_WICK_REJECTION,EP-50340,NQU6,ENTRY_ON_MINIMAL_WICK_REJECTION,MINIMAL_WICK_REJECTION,1,A,NY_LUNCH,1,1,False,True,2026-07-17 12:16:00-04:00,2026-07-17 12:20:00-04:00,2026-07-17 12:20:00-04:00,28941.25,28.4959,66.6452,28925.5,15.75,28912.7541,28.4959,True,29059.75,rb,RB2-030455,60,118.5,1.7781,4.1585,
EP-50339-ENTRY_ON_MINIMAL_WICK_REJECTION,EP-50339,NQU6,ENTRY_ON_MINIMAL_WICK_REJECTION,MINIMAL_WICK_REJECTION,1,A,NY_LUNCH,15,15,False,True,,2026-07-17 12:45:00-04:00,2026-07-17 12:45:00-04:00,28971.0,26.1434,66.0944,28846.0,125.0,28846.0,125.0,False,29059.75,rb,RB2-030455,60,88.75,1.3428,0.71,
EP-50339-ENTRY_ON_IMMEDIATE_DISPLACEMENT,EP-50339,NQU6,ENTRY_ON_IMMEDIATE_DISPLACEMENT,IMMEDIATE_DISPLACEMENT,1,A,NY_LUNCH,15,15,False,True,,2026-07-17 12:45:00-04:00,2026-07-17 12:45:00-04:00,28971.0,26.1434,66.0944,28846.0,125.0,28846.0,125.0,False,29059.75,rb,RB2-030455,60,88.75,1.3428,0.71,
EP-50346-ENTRY_ON_DELAYED_DISPLACEMENT,EP-50346,NQU6,ENTRY_ON_DELAYED_DISPLACEMENT,DELAYED_DISPLACEMENT,1,A,NY_LUNCH,5,5,False,True,,2026-07-17 12:45:00-04:00,2026-07-17 12:45:00-04:00,28971.0,26.1434,66.0944,28897.5,73.5,28897.5,73.5,False,29059.75,rb,RB2-030455,60,88.75,1.3428,1.2075,
EP-50368-ENTRY_ON_DELAYED_DISPLACEMENT,EP-50368,NQU6,ENTRY_ON_DELAYED_DISPLACEMENT,DELAYED_DISPLACEMENT,1,A,NY_LUNCH,3,3,False,True,,2026-07-17 12:45:00-04:00,2026-07-17 12:45:00-04:00,28971.0,26.1434,66.0944,28885.75,85.25,28885.75,85.25,False,29059.75,rb,RB2-030455,60,88.75,1.3428,1.0411,
EP-50371-ENTRY_ON_MINIMAL_WICK_REJECTION,EP-50371,NQU6,ENTRY_ON_MINIMAL_WICK_REJECTION,MINIMAL_WICK_REJECTION,1,A,NY_LUNCH,5,5,False,True,,2026-07-17 12:45:00-04:00,2026-07-17 12:45:00-04:00,28971.0,26.1434,66.0944,28885.75,85.25,28885.75,85.25,False,29059.75,rb,RB2-030455,60,88.75,1.3428,1.0411,
EP-50368-ENTRY_ON_NEW_FVG,EP-50368,NQU6,ENTRY_ON_NEW_FVG,NEW_FVG,1,A,NY_LUNCH,3,3,False,True,,2026-07-17 12:51:00-04:00,2026-07-17 12:51:00-04:00,28989.5,24.0546,65.0176,28885.75,103.75,28885.75,103.75,False,29059.75,rb,RB2-030455,60,70.25,1.0805,0.6771,
EP-50385-ENTRY_ON_TAP,EP-50385,NQU6,ENTRY_ON_TAP,TAP_ONLY,1,B,NY_LUNCH,1,1,False,True,2026-07-17 12:50:00-04:00,2026-07-17 12:51:00-04:00,2026-07-17 12:51:00-04:00,28989.5,24.0546,65.0176,28976.0,13.5,28965.4454,24.0546,True,29059.75,rb,RB2-030455,60,70.25,1.0805,2.9204,
