structure_id,timeframe,direction,activation_ts,active,deactivation_seq,deactivation_ts,deactivation_available_seq,deactivation_reason,active_until_seq
IFVG2-000001,1,bearish,2026-06-01 09:11:00-04:00,False,181,2026-06-01 09:38:00-04:00,182,DEACTIVATED_CLOSE_THROUGH,181
IFVG2-000002,1,bullish,2026-06-01 09:37:00-04:00,False,198,2026-06-01 09:56:00-04:00,199,DEACTIVATED_CLOSE_THROUGH,198
IFVG2-000003,1,bullish,2026-06-01 09:46:00-04:00,False,194,2026-06-01 09:51:00-04:00,195,DEACTIVATED_OVERSHOOT_LIMIT,194
IFVG2-000004,1,bearish,2026-06-01 09:54:00-04:00,False,217,2026-06-01 10:16:00-04:00,218,DEACTIVATED_CLOSE_THROUGH,217
IFVG2-000005,1,bullish,2026-06-01 10:05:00-04:00,False,449,2026-06-01 18:08:00-04:00,450,EXPIRED_ACTIVE_8H,449
IFVG2-000006,1,bearish,2026-06-01 10:25:00-04:00,False,229,2026-06-01 10:29:00-04:00,230,DEACTIVATED_OVERSHOOT_LIMIT,229
IFVG2-000007,1,bearish,2026-06-01 11:25:00-04:00,False,277,2026-06-01 11:29:00-04:00,278,DEACTIVATED_CLOSE_THROUGH,277
IFVG2-000008,1,bullish,2026-06-01 11:30:00-04:00,False,292,2026-06-01 11:50:00-04:00,293,DEACTIVATED_CLOSE_THROUGH,292
IFVG2-000009,1,bullish,2026-06-01 12:32:00-04:00,False,322,2026-06-01 12:45:00-04:00,323,DEACTIVATED_CLOSE_THROUGH,322
IFVG2-000010,1,bullish,2026-06-01 12:32:00-04:00,False,449,2026-06-01 18:08:00-04:00,450,DEACTIVATED_CLOSE_THROUGH,449
IFVG2-000011,1,bearish,2026-06-01 13:04:00-04:00,False,346,2026-06-01 13:29:00-04:00,347,DEACTIVATED_CLOSE_THROUGH,346
IFVG2-000012,1,bullish,2026-06-01 13:29:00-04:00,False,442,2026-06-01 16:46:00-04:00,443,DEACTIVATED_CLOSE_THROUGH,442
IFVG2-000013,1,bullish,2026-06-01 13:40:00-04:00,False,431,2026-06-01 15:50:00-04:00,432,DEACTIVATED_CLOSE_THROUGH,431
IFVG2-000014,1,bearish,2026-06-01 14:49:00-04:00,False,406,2026-06-01 14:58:00-04:00,407,DEACTIVATED_CLOSE_THROUGH,406
IFVG2-000015,1,bearish,2026-06-01 15:31:00-04:00,False,534,2026-06-01 23:31:00-04:00,535,EXPIRED_UNTOUCHED_8H,534
IFVG2-000016,1,bearish,2026-06-01 15:31:00-04:00,False,534,2026-06-01 23:31:00-04:00,535,EXPIRED_UNTOUCHED_8H,534
IFVG2-000017,1,bearish,2026-06-01 16:08:00-04:00,False,542,2026-06-02 00:09:00-04:00,543,EXPIRED_UNTOUCHED_8H,542
IFVG2-000018,1,bearish,2026-06-01 18:08:00-04:00,False,573,2026-06-02 02:08:00-04:00,574,EXPIRED_ACTIVE_8H,573
IFVG2-000019,1,bearish,2026-06-02 10:23:00-04:00,False,745,2026-06-02 10:44:00-04:00,746,DEACTIVATED_CLOSE_THROUGH,745
IFVG2-000020,1,bearish,2026-06-02 10:25:00-04:00,False,736,2026-06-02 10:33:00-04:00,737,DEACTIVATED_CLOSE_THROUGH,736
IFVG2-000021,1,bearish,2026-06-02 10:26:00-04:00,False,732,2026-06-02 10:29:00-04:00,733,DEACTIVATED_OVERSHOOT_LIMIT,732
IFVG2-000022,1,bullish,2026-06-02 10:33:00-04:00,False,954,2026-06-02 18:46:00-04:00,955,EXPIRED_ACTIVE_8H,954
IFVG2-000023,1,bullish,2026-06-02 10:44:00-04:00,False,954,2026-06-02 18:46:00-04:00,955,EXPIRED_ACTIVE_8H,954
IFVG2-000024,1,bearish,2026-06-02 11:06:00-04:00,False,760,2026-06-02 11:07:00-04:00,761,DEACTIVATED_CLOSE_THROUGH,760
IFVG2-000025,1,bullish,2026-06-02 13:41:00-04:00,False,892,2026-06-02 14:39:00-04:00,893,DEACTIVATED_CLOSE_THROUGH,892
IFVG2-000026,1,bullish,2026-06-02 13:42:00-04:00,False,892,2026-06-02 14:39:00-04:00,893,DEACTIVATED_CLOSE_THROUGH,892
IFVG2-000027,1,bullish,2026-06-02 15:00:00-04:00,False,969,2026-06-02 19:22:00-04:00,970,DEACTIVATED_CLOSE_THROUGH,969
IFVG2-000028,1,bearish,2026-06-02 18:02:00-04:00,False,952,2026-06-02 18:31:00-04:00,953,DEACTIVATED_CLOSE_THROUGH,952
IFVG2-000029,1,bearish,2026-06-02 19:17:00-04:00,False,984,2026-06-02 19:44:00-04:00,985,DEACTIVATED_CLOSE_THROUGH,984
IFVG2-000030,1,bullish,2026-06-02 19:36:00-04:00,False,1106,2026-06-03 03:41:00-04:00,1107,EXPIRED_ACTIVE_8H,1106
IFVG2-000031,1,bullish,2026-06-03 09:51:00-04:00,False,1248,2026-06-03 09:57:00-04:00,1249,DEACTIVATED_CLOSE_THROUGH,1248
IFVG2-000032,1,bullish,2026-06-03 09:52:00-04:00,False,1246,2026-06-03 09:55:00-04:00,1247,DEACTIVATED_OVERSHOOT_LIMIT,1246
IFVG2-000033,1,bullish,2026-06-03 10:02:00-04:00,False,1349,2026-06-03 11:45:00-04:00,1350,DEACTIVATED_CLOSE_THROUGH,1349
IFVG2-000034,1,bearish,2026-06-03 10:07:00-04:00,False,1259,2026-06-03 10:08:00-04:00,1260,DEACTIVATED_CLOSE_THROUGH,1259
IFVG2-000035,1,bullish,2026-06-03 10:13:00-04:00,False,1327,2026-06-03 11:23:00-04:00,1328,DEACTIVATED_CLOSE_THROUGH,1327
IFVG2-000036,1,bullish,2026-06-03 10:15:00-04:00,False,1300,2026-06-03 10:50:00-04:00,1301,DEACTIVATED_CLOSE_THROUGH,1300
IFVG2-000037,1,bearish,2026-06-03 10:23:00-04:00,False,1277,2026-06-03 10:26:00-04:00,1278,DEACTIVATED_CLOSE_THROUGH,1277
IFVG2-000038,1,bullish,2026-06-03 10:29:00-04:00,False,1286,2026-06-03 10:36:00-04:00,1287,DEACTIVATED_CLOSE_THROUGH,1286
IFVG2-000039,1,bearish,2026-06-03 10:36:00-04:00,False,1287,2026-06-03 10:37:00-04:00,1288,DEACTIVATED_CLOSE_THROUGH,1287
IFVG2-000040,1,bearish,2026-06-03 10:36:00-04:00,False,1287,2026-06-03 10:37:00-04:00,1288,DEACTIVATED_CLOSE_THROUGH,1287
IFVG2-000041,1,bearish,2026-06-03 10:50:00-04:00,False,1301,2026-06-03 10:51:00-04:00,1302,DEACTIVATED_CLOSE_THROUGH,1301
IFVG2-000042,1,bullish,2026-06-03 10:51:00-04:00,False,1305,2026-06-03 10:55:00-04:00,1306,DEACTIVATED_CLOSE_THROUGH,1305
IFVG2-000043,1,bearish,2026-06-03 11:22:00-04:00,False,1333,2026-06-03 11:29:00-04:00,1334,DEACTIVATED_CLOSE_THROUGH,1333
IFVG2-000044,1,bearish,2026-06-03 11:34:00-04:00,False,1477,2026-06-03 14:25:00-04:00,1478,DEACTIVATED_CLOSE_THROUGH,1477
IFVG2-000045,1,bearish,2026-06-03 11:34:00-04:00,False,1518,2026-06-03 15:37:00-04:00,1519,DEACTIVATED_CLOSE_THROUGH,1518
IFVG2-000046,1,bearish,2026-06-03 11:38:00-04:00,False,1454,2026-06-03 13:55:00-04:00,1455,DEACTIVATED_CLOSE_THROUGH,1454
IFVG2-000047,1,bullish,2026-06-03 11:49:00-04:00,False,1358,2026-06-03 11:55:00-04:00,1359,DEACTIVATED_OVERSHOOT_LIMIT,1358
IFVG2-000048,1,bullish,2026-06-03 11:49:00-04:00,False,1361,2026-06-03 12:01:00-04:00,1362,DEACTIVATED_CLOSE_THROUGH,1361
IFVG2-000049,1,bearish,2026-06-03 12:01:00-04:00,False,1448,2026-06-03 13:47:00-04:00,1449,DEACTIVATED_CLOSE_THROUGH,1448
IFVG2-000050,1,bearish,2026-06-03 12:18:00-04:00,False,1412,2026-06-03 12:58:00-04:00,1413,DEACTIVATED_CLOSE_THROUGH,1412
IFVG2-000051,1,bearish,2026-06-03 12:35:00-04:00,False,1402,2026-06-03 12:48:00-04:00,1403,DEACTIVATED_CLOSE_THROUGH,1402
IFVG2-000052,1,bearish,2026-06-03 12:41:00-04:00,False,1404,2026-06-03 12:50:00-04:00,1405,DEACTIVATED_CLOSE_THROUGH,1404
IFVG2-000053,1,bullish,2026-06-03 12:52:00-04:00,False,1419,2026-06-03 13:06:00-04:00,1420,DEACTIVATED_CLOSE_THROUGH,1419
IFVG2-000054,1,bearish,2026-06-03 13:13:00-04:00,False,1432,2026-06-03 13:25:00-04:00,1433,DEACTIVATED_CLOSE_THROUGH,1432
IFVG2-000055,1,bearish,2026-06-03 13:18:00-04:00,False,1431,2026-06-03 13:24:00-04:00,1432,DEACTIVATED_CLOSE_THROUGH,1431
IFVG2-000056,1,bearish,2026-06-03 14:13:00-04:00,False,1474,2026-06-03 14:21:00-04:00,1475,DEACTIVATED_CLOSE_THROUGH,1474
IFVG2-000057,1,bullish,2026-06-03 16:04:00-04:00,False,1541,2026-06-03 16:06:00-04:00,1542,DEACTIVATED_CLOSE_THROUGH,1541
IFVG2-000058,1,bearish,2026-06-03 16:41:00-04:00,False,1698,2026-06-04 01:11:00-04:00,1699,EXPIRED_ACTIVE_8H,1698
IFVG2-000059,1,bullish,2026-06-04 05:25:00-04:00,False,1821,2026-06-04 06:36:00-04:00,1822,DEACTIVATED_CLOSE_THROUGH,1821
IFVG2-000060,1,bullish,2026-06-04 05:34:00-04:00,False,1787,2026-06-04 05:39:00-04:00,1788,DEACTIVATED_CLOSE_THROUGH,1787
IFVG2-000061,1,bullish,2026-06-04 08:33:00-04:00,False,1910,2026-06-04 09:30:00-04:00,1911,DEACTIVATED_CLOSE_THROUGH,1910
IFVG2-000062,1,bearish,2026-06-04 09:27:00-04:00,False,1913,2026-06-04 09:33:00-04:00,1914,DEACTIVATED_CLOSE_THROUGH,1913
IFVG2-000063,1,bearish,2026-06-04 09:41:00-04:00,False,1932,2026-06-04 09:52:00-04:00,1933,DEACTIVATED_OVERSHOOT_LIMIT,1932
IFVG2-000064,1,bearish,2026-06-04 09:41:00-04:00,False,1964,2026-06-04 10:25:00-04:00,1965,DEACTIVATED_CLOSE_THROUGH,1964
IFVG2-000065,1,bullish,2026-06-04 09:47:00-04:00,False,1929,2026-06-04 09:49:00-04:00,1930,DEACTIVATED_OVERSHOOT_LIMIT,1929
IFVG2-000066,1,bullish,2026-06-04 09:48:00-04:00,False,1929,2026-06-04 09:49:00-04:00,1930,DEACTIVATED_CLOSE_THROUGH,1929
IFVG2-000067,1,bearish,2026-06-04 09:59:00-04:00,False,1951,2026-06-04 10:11:00-04:00,1952,DEACTIVATED_CLOSE_THROUGH,1951
IFVG2-000068,1,bearish,2026-06-04 09:59:00-04:00,False,1955,2026-06-04 10:15:00-04:00,1956,DEACTIVATED_CLOSE_THROUGH,1955
IFVG2-000069,1,bullish,2026-06-04 10:10:00-04:00,False,2247,2026-06-04 18:10:00-04:00,2248,EXPIRED_UNTOUCHED_8H,2247
IFVG2-000070,1,bullish,2026-06-04 10:10:00-04:00,False,2247,2026-06-04 18:10:00-04:00,2248,EXPIRED_UNTOUCHED_8H,2247
IFVG2-000071,1,bullish,2026-06-04 10:23:00-04:00,False,2254,2026-06-04 18:23:00-04:00,2255,EXPIRED_ACTIVE_8H,2254
IFVG2-000072,1,bearish,2026-06-04 11:20:00-04:00,False,2063,2026-06-04 12:17:00-04:00,2064,DEACTIVATED_CLOSE_THROUGH,2063
IFVG2-000073,1,bearish,2026-06-04 11:48:00-04:00,False,2055,2026-06-04 12:06:00-04:00,2056,DEACTIVATED_CLOSE_THROUGH,2055
IFVG2-000074,1,bearish,2026-06-04 13:00:00-04:00,False,2103,2026-06-04 13:09:00-04:00,2104,DEACTIVATED_CLOSE_THROUGH,2103
IFVG2-000075,1,bullish,2026-06-04 13:42:00-04:00,False,2213,2026-06-04 15:51:00-04:00,2214,DEACTIVATED_CLOSE_THROUGH,2213
IFVG2-000076,1,bullish,2026-06-04 14:25:00-04:00,False,2162,2026-06-04 14:33:00-04:00,2163,DEACTIVATED_CLOSE_THROUGH,2162
IFVG2-000077,1,bearish,2026-06-04 14:58:00-04:00,False,2176,2026-06-04 15:05:00-04:00,2177,DEACTIVATED_CLOSE_THROUGH,2176
IFVG2-000078,1,bearish,2026-06-04 15:45:00-04:00,False,2209,2026-06-04 15:46:00-04:00,2210,DEACTIVATED_CLOSE_THROUGH,2209
IFVG2-000079,1,bearish,2026-06-04 18:24:00-04:00,False,2263,2026-06-04 18:58:00-04:00,2264,DEACTIVATED_CLOSE_THROUGH,2263
IFVG2-000080,1,bullish,2026-06-05 03:38:00-04:00,False,2477,2026-06-05 03:40:00-04:00,2478,DEACTIVATED_CLOSE_THROUGH,2477
IFVG2-000081,1,bullish,2026-06-05 03:38:00-04:00,False,2477,2026-06-05 03:40:00-04:00,2478,DEACTIVATED_CLOSE_THROUGH,2477
IFVG2-000082,1,bearish,2026-06-05 07:06:00-04:00,False,2963,2026-06-05 15:06:00-04:00,2964,EXPIRED_UNTOUCHED_8H,2963
IFVG2-000083,1,bullish,2026-06-05 08:43:00-04:00,False,2599,2026-06-05 08:54:00-04:00,2600,DEACTIVATED_CLOSE_THROUGH,2599
IFVG2-000084,1,bearish,2026-06-05 08:50:00-04:00,False,3064,2026-06-05 16:50:00-04:00,3065,EXPIRED_UNTOUCHED_8H,3064
IFVG2-000085,1,bullish,2026-06-05 09:28:00-04:00,False,2627,2026-06-05 09:30:00-04:00,2628,DEACTIVATED_CLOSE_THROUGH,2627
IFVG2-000086,1,bullish,2026-06-05 09:28:00-04:00,False,2627,2026-06-05 09:30:00-04:00,2628,DEACTIVATED_CLOSE_THROUGH,2627
IFVG2-000087,1,bullish,2026-06-05 10:08:00-04:00,False,2668,2026-06-05 10:11:00-04:00,2669,DEACTIVATED_CLOSE_THROUGH,2668
IFVG2-000088,1,bullish,2026-06-05 10:08:00-04:00,False,2719,2026-06-05 11:02:00-04:00,2720,DEACTIVATED_CLOSE_THROUGH,2719
IFVG2-000089,1,bearish,2026-06-05 10:11:00-04:00,False,2670,2026-06-05 10:13:00-04:00,2671,DEACTIVATED_OVERSHOOT_LIMIT,2670
IFVG2-000090,1,bullish,2026-06-05 10:15:00-04:00,False,2682,2026-06-05 10:25:00-04:00,2683,DEACTIVATED_CLOSE_THROUGH,2682
IFVG2-000091,1,bearish,2026-06-05 10:22:00-04:00,False,2692,2026-06-05 10:35:00-04:00,2693,DEACTIVATED_CLOSE_THROUGH,2692
IFVG2-000092,1,bearish,2026-06-05 10:22:00-04:00,False,2692,2026-06-05 10:35:00-04:00,2693,DEACTIVATED_CLOSE_THROUGH,2692
IFVG2-000093,1,bearish,2026-06-05 10:25:00-04:00,False,2691,2026-06-05 10:34:00-04:00,2692,DEACTIVATED_CLOSE_THROUGH,2691
IFVG2-000094,1,bullish,2026-06-05 10:30:00-04:00,False,2704,2026-06-05 10:47:00-04:00,2705,DEACTIVATED_CLOSE_THROUGH,2704
IFVG2-000095,1,bearish,2026-06-05 10:41:00-04:00,False,3074,2026-06-07 18:00:00-04:00,3075,EXPIRED_ACTIVE_8H,3074
IFVG2-000096,1,bearish,2026-06-05 10:47:00-04:00,False,2707,2026-06-05 10:50:00-04:00,2708,DEACTIVATED_CLOSE_THROUGH,2707
IFVG2-000097,1,bullish,2026-06-05 10:50:00-04:00,False,2711,2026-06-05 10:54:00-04:00,2712,DEACTIVATED_OVERSHOOT_LIMIT,2711
IFVG2-000098,1,bullish,2026-06-05 10:56:00-04:00,False,2718,2026-06-05 11:01:00-04:00,2719,DEACTIVATED_CLOSE_THROUGH,2718
IFVG2-000099,1,bearish,2026-06-05 11:19:00-04:00,False,2737,2026-06-05 11:20:00-04:00,2738,DEACTIVATED_OVERSHOOT_LIMIT,2737
IFVG2-000100,1,bullish,2026-06-05 11:42:00-04:00,False,2765,2026-06-05 11:48:00-04:00,2766,DEACTIVATED_OVERSHOOT_LIMIT,2765
IFVG2-000101,1,bullish,2026-06-05 12:26:00-04:00,False,2805,2026-06-05 12:28:00-04:00,2806,DEACTIVATED_CLOSE_THROUGH,2805
IFVG2-000102,1,bearish,2026-06-05 12:27:00-04:00,False,3074,2026-06-07 18:00:00-04:00,3075,EXPIRED_UNTOUCHED_8H,3074
IFVG2-000103,1,bullish,2026-06-05 12:35:00-04:00,False,2813,2026-06-05 12:36:00-04:00,2814,DEACTIVATED_CLOSE_THROUGH,2813
IFVG2-000104,1,bullish,2026-06-05 12:52:00-04:00,False,2832,2026-06-05 12:55:00-04:00,2833,DEACTIVATED_CLOSE_THROUGH,2832
IFVG2-000105,1,bullish,2026-06-05 12:52:00-04:00,False,2839,2026-06-05 13:02:00-04:00,2840,DEACTIVATED_CLOSE_THROUGH,2839
IFVG2-000106,1,bullish,2026-06-05 13:22:00-04:00,False,2863,2026-06-05 13:26:00-04:00,2864,DEACTIVATED_OVERSHOOT_LIMIT,2863
IFVG2-000107,1,bearish,2026-06-05 13:32:00-04:00,False,2871,2026-06-05 13:34:00-04:00,2872,DEACTIVATED_CLOSE_THROUGH,2871
IFVG2-000108,1,bullish,2026-06-05 13:35:00-04:00,False,2878,2026-06-05 13:41:00-04:00,2879,DEACTIVATED_CLOSE_THROUGH,2878
IFVG2-000109,1,bearish,2026-06-05 13:41:00-04:00,False,3074,2026-06-07 18:00:00-04:00,3075,EXPIRED_ACTIVE_8H,3074
IFVG2-000110,1,bearish,2026-06-05 13:41:00-04:00,False,3074,2026-06-07 18:00:00-04:00,3075,EXPIRED_ACTIVE_8H,3074
IFVG2-000111,1,bearish,2026-06-05 13:44:00-04:00,False,2895,2026-06-05 13:58:00-04:00,2896,DEACTIVATED_CLOSE_THROUGH,2895
IFVG2-000112,1,bullish,2026-06-05 13:56:00-04:00,False,2900,2026-06-05 14:03:00-04:00,2901,DEACTIVATED_CLOSE_THROUGH,2900
IFVG2-000113,1,bearish,2026-06-05 14:02:00-04:00,False,3074,2026-06-07 18:00:00-04:00,3075,EXPIRED_UNTOUCHED_8H,3074
IFVG2-000114,1,bearish,2026-06-05 14:02:00-04:00,False,3074,2026-06-07 18:00:00-04:00,3075,EXPIRED_UNTOUCHED_8H,3074
IFVG2-000115,1,bearish,2026-06-05 14:02:00-04:00,False,3074,2026-06-07 18:00:00-04:00,3075,EXPIRED_UNTOUCHED_8H,3074
IFVG2-000116,1,bearish,2026-06-05 15:07:00-04:00,False,3074,2026-06-07 18:00:00-04:00,3075,EXPIRED_ACTIVE_8H,3074
IFVG2-000117,1,bearish,2026-06-05 15:08:00-04:00,False,3004,2026-06-05 15:48:00-04:00,3005,DEACTIVATED_OVERSHOOT_LIMIT,3004
IFVG2-000118,1,bullish,2026-06-05 15:20:00-04:00,False,2978,2026-06-05 15:22:00-04:00,2979,DEACTIVATED_CLOSE_THROUGH,2978
IFVG2-000119,1,bullish,2026-06-05 15:25:00-04:00,False,2982,2026-06-05 15:26:00-04:00,2983,DEACTIVATED_CLOSE_THROUGH,2982
IFVG2-000120,1,bullish,2026-06-05 15:27:00-04:00,False,2988,2026-06-05 15:32:00-04:00,2989,DEACTIVATED_CLOSE_THROUGH,2988
IFVG2-000121,1,bearish,2026-06-05 15:31:00-04:00,False,2991,2026-06-05 15:35:00-04:00,2992,DEACTIVATED_CLOSE_THROUGH,2991
IFVG2-000122,1,bearish,2026-06-05 15:41:00-04:00,False,3001,2026-06-05 15:45:00-04:00,3002,DEACTIVATED_CLOSE_THROUGH,3001
IFVG2-000123,1,bearish,2026-06-05 15:54:00-04:00,False,3074,2026-06-07 18:00:00-04:00,3075,EXPIRED_ACTIVE_8H,3074
IFVG2-000124,1,bearish,2026-06-05 15:57:00-04:00,False,3074,2026-06-07 18:00:00-04:00,3075,EXPIRED_UNTOUCHED_8H,3074
IFVG2-000125,1,bearish,2026-06-05 15:57:00-04:00,False,3074,2026-06-07 18:00:00-04:00,3075,EXPIRED_UNTOUCHED_8H,3074
IFVG2-000126,1,bearish,2026-06-05 15:59:00-04:00,False,3074,2026-06-07 18:00:00-04:00,3075,EXPIRED_ACTIVE_8H,3074
IFVG2-000127,1,bullish,2026-06-05 16:08:00-04:00,False,3026,2026-06-05 16:10:00-04:00,3027,DEACTIVATED_CLOSE_THROUGH,3026
IFVG2-000128,1,bullish,2026-06-05 16:28:00-04:00,False,3044,2026-06-05 16:30:00-04:00,3045,DEACTIVATED_CLOSE_THROUGH,3044
IFVG2-000129,1,bearish,2026-06-05 16:30:00-04:00,False,3074,2026-06-07 18:00:00-04:00,3075,DEACTIVATED_OVERSHOOT_LIMIT,3074
IFVG2-000130,1,bearish,2026-06-05 16:30:00-04:00,False,3074,2026-06-07 18:00:00-04:00,3075,DEACTIVATED_OVERSHOOT_LIMIT,3074
IFVG2-000131,1,bearish,2026-06-07 18:56:00-04:00,False,3124,2026-06-07 19:10:00-04:00,3125,DEACTIVATED_CLOSE_THROUGH,3124
IFVG2-000132,1,bullish,2026-06-07 20:02:00-04:00,False,3231,2026-06-07 21:30:00-04:00,3232,DEACTIVATED_CLOSE_THROUGH,3231
IFVG2-000133,1,bullish,2026-06-07 21:08:00-04:00,False,3211,2026-06-07 21:10:00-04:00,3212,DEACTIVATED_CLOSE_THROUGH,3211
IFVG2-000134,1,bullish,2026-06-07 21:08:00-04:00,False,3211,2026-06-07 21:10:00-04:00,3212,DEACTIVATED_CLOSE_THROUGH,3211
IFVG2-000135,1,bearish,2026-06-07 21:30:00-04:00,False,3232,2026-06-07 21:31:00-04:00,3233,DEACTIVATED_CLOSE_THROUGH,3232
IFVG2-000136,1,bullish,2026-06-07 21:31:00-04:00,False,3351,2026-06-08 01:14:00-04:00,3352,DEACTIVATED_CLOSE_THROUGH,3351
IFVG2-000137,1,bullish,2026-06-07 22:00:00-04:00,False,3254,2026-06-07 22:02:00-04:00,3255,DEACTIVATED_CLOSE_THROUGH,3254
IFVG2-000138,1,bullish,2026-06-07 22:25:00-04:00,False,3273,2026-06-07 22:31:00-04:00,3274,DEACTIVATED_CLOSE_THROUGH,3273
IFVG2-000139,1,bearish,2026-06-07 23:17:00-04:00,False,3307,2026-06-07 23:29:00-04:00,3308,DEACTIVATED_CLOSE_THROUGH,3307
IFVG2-000140,1,bullish,2026-06-08 00:01:00-04:00,False,3320,2026-06-08 00:04:00-04:00,3321,DEACTIVATED_CLOSE_THROUGH,3320
IFVG2-000141,1,bullish,2026-06-08 00:46:00-04:00,False,3342,2026-06-08 00:57:00-04:00,3343,DEACTIVATED_CLOSE_THROUGH,3342
IFVG2-000142,1,bearish,2026-06-08 01:53:00-04:00,False,3374,2026-06-08 01:56:00-04:00,3375,DEACTIVATED_CLOSE_THROUGH,3374
IFVG2-000143,1,bullish,2026-06-08 03:13:00-04:00,False,3781,2026-06-08 11:13:00-04:00,3782,EXPIRED_ACTIVE_8H,3781
IFVG2-000144,1,bullish,2026-06-08 03:13:00-04:00,False,3781,2026-06-08 11:13:00-04:00,3782,EXPIRED_ACTIVE_8H,3781
IFVG2-000145,1,bullish,2026-06-08 04:05:00-04:00,False,3480,2026-06-08 04:40:00-04:00,3481,DEACTIVATED_CLOSE_THROUGH,3480
IFVG2-000146,1,bullish,2026-06-08 05:36:00-04:00,False,3918,2026-06-08 13:36:00-04:00,3919,EXPIRED_ACTIVE_8H,3918
IFVG2-000147,1,bearish,2026-06-08 07:47:00-04:00,False,3600,2026-06-08 08:09:00-04:00,3601,DEACTIVATED_CLOSE_THROUGH,3600
IFVG2-000148,1,bearish,2026-06-08 07:47:00-04:00,False,3610,2026-06-08 08:19:00-04:00,3611,DEACTIVATED_CLOSE_THROUGH,3610
IFVG2-000149,1,bearish,2026-06-08 08:34:00-04:00,False,3629,2026-06-08 08:39:00-04:00,3630,DEACTIVATED_CLOSE_THROUGH,3629
IFVG2-000150,1,bearish,2026-06-08 09:15:00-04:00,False,3666,2026-06-08 09:18:00-04:00,3667,DEACTIVATED_OVERSHOOT_LIMIT,3666
IFVG2-000151,1,bearish,2026-06-08 09:29:00-04:00,False,3678,2026-06-08 09:30:00-04:00,3679,DEACTIVATED_CLOSE_THROUGH,3678
IFVG2-000152,1,bearish,2026-06-08 09:29:00-04:00,False,3678,2026-06-08 09:30:00-04:00,3679,DEACTIVATED_CLOSE_THROUGH,3678
IFVG2-000153,1,bearish,2026-06-08 09:29:00-04:00,False,3679,2026-06-08 09:31:00-04:00,3680,DEACTIVATED_OVERSHOOT_LIMIT,3679
IFVG2-000154,1,bullish,2026-06-08 09:30:00-04:00,False,3679,2026-06-08 09:31:00-04:00,3680,DEACTIVATED_CLOSE_THROUGH,3679
IFVG2-000155,1,bearish,2026-06-08 09:32:00-04:00,False,3691,2026-06-08 09:43:00-04:00,3692,DEACTIVATED_CLOSE_THROUGH,3691
IFVG2-000156,1,bearish,2026-06-08 09:33:00-04:00,False,3684,2026-06-08 09:36:00-04:00,3685,DEACTIVATED_OVERSHOOT_LIMIT,3684
IFVG2-000157,1,bearish,2026-06-08 09:33:00-04:00,False,3691,2026-06-08 09:43:00-04:00,3692,DEACTIVATED_CLOSE_THROUGH,3691
IFVG2-000158,1,bullish,2026-06-08 09:43:00-04:00,False,3692,2026-06-08 09:44:00-04:00,3693,DEACTIVATED_CLOSE_THROUGH,3692
IFVG2-000159,1,bullish,2026-06-08 09:43:00-04:00,False,3698,2026-06-08 09:50:00-04:00,3699,DEACTIVATED_CLOSE_THROUGH,3698
IFVG2-000160,1,bearish,2026-06-08 09:48:00-04:00,False,3701,2026-06-08 09:53:00-04:00,3702,DEACTIVATED_CLOSE_THROUGH,3701
IFVG2-000161,1,bearish,2026-06-08 09:55:00-04:00,False,3734,2026-06-08 10:26:00-04:00,3735,DEACTIVATED_CLOSE_THROUGH,3734
IFVG2-000162,1,bearish,2026-06-08 09:57:00-04:00,False,3710,2026-06-08 10:02:00-04:00,3711,DEACTIVATED_OVERSHOOT_LIMIT,3710
IFVG2-000163,1,bearish,2026-06-08 09:57:00-04:00,False,3719,2026-06-08 10:11:00-04:00,3720,DEACTIVATED_CLOSE_THROUGH,3719
IFVG2-000164,1,bearish,2026-06-08 09:58:00-04:00,False,3707,2026-06-08 09:59:00-04:00,3708,DEACTIVATED_OVERSHOOT_LIMIT,3707
IFVG2-000165,1,bullish,2026-06-08 10:09:00-04:00,False,4096,2026-06-08 18:07:00-04:00,4097,DEACTIVATED_CLOSE_THROUGH,4096
IFVG2-000166,1,bullish,2026-06-08 10:26:00-04:00,False,4005,2026-06-08 15:10:00-04:00,4006,DEACTIVATED_CLOSE_THROUGH,4005
IFVG2-000167,1,bearish,2026-06-08 10:42:00-04:00,False,3753,2026-06-08 10:45:00-04:00,3754,DEACTIVATED_CLOSE_THROUGH,3753
IFVG2-000168,1,bullish,2026-06-08 10:45:00-04:00,False,3802,2026-06-08 11:34:00-04:00,3803,DEACTIVATED_OVERSHOOT_LIMIT,3802
IFVG2-000169,1,bullish,2026-06-08 10:45:00-04:00,False,3883,2026-06-08 13:01:00-04:00,3884,DEACTIVATED_OVERSHOOT_LIMIT,3883
IFVG2-000170,1,bullish,2026-06-08 10:51:00-04:00,False,3764,2026-06-08 10:56:00-04:00,3765,DEACTIVATED_OVERSHOOT_LIMIT,3764
IFVG2-000171,1,bearish,2026-06-08 11:25:00-04:00,False,3815,2026-06-08 11:47:00-04:00,3816,DEACTIVATED_OVERSHOOT_LIMIT,3815
IFVG2-000172,1,bearish,2026-06-08 11:30:00-04:00,False,3808,2026-06-08 11:40:00-04:00,3809,DEACTIVATED_CLOSE_THROUGH,3808
IFVG2-000173,1,bearish,2026-06-08 11:31:00-04:00,False,3806,2026-06-08 11:38:00-04:00,3807,DEACTIVATED_CLOSE_THROUGH,3806
IFVG2-000174,1,bullish,2026-06-08 11:37:00-04:00,False,3860,2026-06-08 12:34:00-04:00,3861,DEACTIVATED_CLOSE_THROUGH,3860
IFVG2-000175,1,bullish,2026-06-08 11:38:00-04:00,False,3826,2026-06-08 11:58:00-04:00,3827,DEACTIVATED_CLOSE_THROUGH,3826
IFVG2-000176,1,bullish,2026-06-08 11:40:00-04:00,False,3823,2026-06-08 11:55:00-04:00,3824,DEACTIVATED_CLOSE_THROUGH,3823
IFVG2-000177,1,bearish,2026-06-08 11:48:00-04:00,False,3847,2026-06-08 12:21:00-04:00,3848,DEACTIVATED_CLOSE_THROUGH,3847
IFVG2-000178,1,bearish,2026-06-08 11:49:00-04:00,False,3820,2026-06-08 11:52:00-04:00,3821,DEACTIVATED_CLOSE_THROUGH,3820
IFVG2-000179,1,bearish,2026-06-08 11:56:00-04:00,False,3842,2026-06-08 12:15:00-04:00,3843,DEACTIVATED_CLOSE_THROUGH,3842
IFVG2-000180,1,bearish,2026-06-08 12:05:00-04:00,False,3834,2026-06-08 12:06:00-04:00,3835,DEACTIVATED_CLOSE_THROUGH,3834
IFVG2-000181,1,bullish,2026-06-08 12:15:00-04:00,False,3854,2026-06-08 12:28:00-04:00,3855,DEACTIVATED_CLOSE_THROUGH,3854
IFVG2-000182,1,bullish,2026-06-08 12:18:00-04:00,False,3849,2026-06-08 12:23:00-04:00,3850,DEACTIVATED_OVERSHOOT_LIMIT,3849
IFVG2-000183,1,bearish,2026-06-08 12:23:00-04:00,False,4142,2026-06-08 20:23:00-04:00,4143,EXPIRED_UNTOUCHED_8H,4142
IFVG2-000184,1,bearish,2026-06-08 12:28:00-04:00,False,4144,2026-06-08 20:28:00-04:00,4145,EXPIRED_UNTOUCHED_8H,4144
IFVG2-000185,1,bearish,2026-06-08 12:29:00-04:00,False,4145,2026-06-08 20:29:00-04:00,4146,EXPIRED_ACTIVE_8H,4145
IFVG2-000186,1,bullish,2026-06-08 12:35:00-04:00,False,3862,2026-06-08 12:36:00-04:00,3863,DEACTIVATED_OVERSHOOT_LIMIT,3862
IFVG2-000187,1,bullish,2026-06-08 12:41:00-04:00,False,3868,2026-06-08 12:42:00-04:00,3869,DEACTIVATED_CLOSE_THROUGH,3868
IFVG2-000188,1,bearish,2026-06-08 13:00:00-04:00,False,3911,2026-06-08 13:29:00-04:00,3912,DEACTIVATED_CLOSE_THROUGH,3911
IFVG2-000189,1,bullish,2026-06-08 13:07:00-04:00,False,3891,2026-06-08 13:09:00-04:00,3892,DEACTIVATED_CLOSE_THROUGH,3891
IFVG2-000190,1,bullish,2026-06-08 13:07:00-04:00,False,3892,2026-06-08 13:10:00-04:00,3893,DEACTIVATED_OVERSHOOT_LIMIT,3892
IFVG2-000191,1,bearish,2026-06-08 13:09:00-04:00,False,3899,2026-06-08 13:17:00-04:00,3900,DEACTIVATED_OVERSHOOT_LIMIT,3899
IFVG2-000192,1,bearish,2026-06-08 13:09:00-04:00,False,3899,2026-06-08 13:17:00-04:00,3900,DEACTIVATED_OVERSHOOT_LIMIT,3899
IFVG2-000193,1,bullish,2026-06-08 13:14:00-04:00,False,3900,2026-06-08 13:18:00-04:00,3901,DEACTIVATED_CLOSE_THROUGH,3900
IFVG2-000194,1,bearish,2026-06-08 13:18:00-04:00,False,3903,2026-06-08 13:21:00-04:00,3904,DEACTIVATED_CLOSE_THROUGH,3903
IFVG2-000195,1,bullish,2026-06-08 13:29:00-04:00,False,3915,2026-06-08 13:33:00-04:00,3916,DEACTIVATED_CLOSE_THROUGH,3915
IFVG2-000196,1,bearish,2026-06-08 13:35:00-04:00,False,3946,2026-06-08 14:06:00-04:00,3947,DEACTIVATED_CLOSE_THROUGH,3946
IFVG2-000197,1,bearish,2026-06-08 13:44:00-04:00,False,3927,2026-06-08 13:45:00-04:00,3928,DEACTIVATED_CLOSE_THROUGH,3927
IFVG2-000198,1,bullish,2026-06-08 13:49:00-04:00,False,3979,2026-06-08 14:40:00-04:00,3980,DEACTIVATED_CLOSE_THROUGH,3979
IFVG2-000199,1,bullish,2026-06-08 13:53:00-04:00,False,3937,2026-06-08 13:57:00-04:00,3938,DEACTIVATED_CLOSE_THROUGH,3937
IFVG2-000200,1,bullish,2026-06-08 14:01:00-04:00,False,3944,2026-06-08 14:04:00-04:00,3945,DEACTIVATED_CLOSE_THROUGH,3944
IFVG2-000201,1,bullish,2026-06-08 14:01:00-04:00,False,3952,2026-06-08 14:12:00-04:00,3953,DEACTIVATED_CLOSE_THROUGH,3952
IFVG2-000202,1,bullish,2026-06-08 14:01:00-04:00,False,3952,2026-06-08 14:12:00-04:00,3953,DEACTIVATED_CLOSE_THROUGH,3952
IFVG2-000203,1,bullish,2026-06-08 14:05:00-04:00,False,3952,2026-06-08 14:12:00-04:00,3953,DEACTIVATED_CLOSE_THROUGH,3952
IFVG2-000204,1,bearish,2026-06-08 15:10:00-04:00,False,4185,2026-06-08 21:45:00-04:00,4186,DEACTIVATED_CLOSE_THROUGH,4185
IFVG2-000205,1,bullish,2026-06-08 15:27:00-04:00,False,4070,2026-06-08 16:20:00-04:00,4071,DEACTIVATED_CLOSE_THROUGH,4070
IFVG2-000206,1,bullish,2026-06-08 15:27:00-04:00,False,4095,2026-06-08 18:06:00-04:00,4096,DEACTIVATED_CLOSE_THROUGH,4095
IFVG2-000207,1,bearish,2026-06-08 15:34:00-04:00,False,4182,2026-06-08 21:39:00-04:00,4183,DEACTIVATED_CLOSE_THROUGH,4182
IFVG2-000208,1,bullish,2026-06-08 15:37:00-04:00,False,4033,2026-06-08 15:39:00-04:00,4034,DEACTIVATED_CLOSE_THROUGH,4033
IFVG2-000209,1,bullish,2026-06-08 15:37:00-04:00,False,4034,2026-06-08 15:40:00-04:00,4035,DEACTIVATED_OVERSHOOT_LIMIT,4034
IFVG2-000210,1,bearish,2026-06-08 15:45:00-04:00,False,4040,2026-06-08 15:46:00-04:00,4041,DEACTIVATED_CLOSE_THROUGH,4040
IFVG2-000211,1,bearish,2026-06-08 16:02:00-04:00,False,4056,2026-06-08 16:03:00-04:00,4057,DEACTIVATED_CLOSE_THROUGH,4056
IFVG2-000212,1,bearish,2026-06-08 16:02:00-04:00,False,4056,2026-06-08 16:03:00-04:00,4057,DEACTIVATED_CLOSE_THROUGH,4056
IFVG2-000213,1,bullish,2026-06-08 16:25:00-04:00,False,4095,2026-06-08 18:06:00-04:00,4096,DEACTIVATED_CLOSE_THROUGH,4095
IFVG2-000214,1,bearish,2026-06-08 16:30:00-04:00,False,4077,2026-06-08 16:39:00-04:00,4078,DEACTIVATED_CLOSE_THROUGH,4077
IFVG2-000215,1,bullish,2026-06-08 21:40:00-04:00,False,4201,2026-06-08 22:26:00-04:00,4202,DEACTIVATED_CLOSE_THROUGH,4201
IFVG2-000216,1,bullish,2026-06-08 22:13:00-04:00,False,4197,2026-06-08 22:15:00-04:00,4198,DEACTIVATED_CLOSE_THROUGH,4197
IFVG2-000217,1,bullish,2026-06-08 22:45:00-04:00,False,4425,2026-06-09 06:50:00-04:00,4426,EXPIRED_ACTIVE_8H,4425
IFVG2-000218,1,bullish,2026-06-08 23:06:00-04:00,False,4434,2026-06-09 07:06:00-04:00,4435,EXPIRED_UNTOUCHED_8H,4434
IFVG2-000219,1,bearish,2026-06-08 23:51:00-04:00,False,4247,2026-06-09 00:08:00-04:00,4248,DEACTIVATED_CLOSE_THROUGH,4247
IFVG2-000220,1,bullish,2026-06-09 04:12:00-04:00,False,4551,2026-06-09 10:10:00-04:00,4552,DEACTIVATED_CLOSE_THROUGH,4551
IFVG2-000221,1,bullish,2026-06-09 04:13:00-04:00,False,4550,2026-06-09 10:09:00-04:00,4551,DEACTIVATED_OVERSHOOT_LIMIT,4550
IFVG2-000222,1,bullish,2026-06-09 08:03:00-04:00,False,4468,2026-06-09 08:14:00-04:00,4469,DEACTIVATED_CLOSE_THROUGH,4468
IFVG2-000223,1,bearish,2026-06-09 09:08:00-04:00,False,4511,2026-06-09 09:30:00-04:00,4512,DEACTIVATED_OVERSHOOT_LIMIT,4511
IFVG2-000224,1,bearish,2026-06-09 09:13:00-04:00,False,4510,2026-06-09 09:29:00-04:00,4511,DEACTIVATED_CLOSE_THROUGH,4510
IFVG2-000225,1,bullish,2026-06-09 09:35:00-04:00,False,4520,2026-06-09 09:39:00-04:00,4521,DEACTIVATED_CLOSE_THROUGH,4520
IFVG2-000226,1,bullish,2026-06-09 09:35:00-04:00,False,4521,2026-06-09 09:40:00-04:00,4522,DEACTIVATED_CLOSE_THROUGH,4521
IFVG2-000227,1,bearish,2026-06-09 09:38:00-04:00,False,4523,2026-06-09 09:42:00-04:00,4524,DEACTIVATED_CLOSE_THROUGH,4523
IFVG2-000228,1,bullish,2026-06-09 09:42:00-04:00,False,4538,2026-06-09 09:57:00-04:00,4539,DEACTIVATED_OVERSHOOT_LIMIT,4538
IFVG2-000229,1,bearish,2026-06-09 09:51:00-04:00,False,4533,2026-06-09 09:52:00-04:00,4534,DEACTIVATED_OVERSHOOT_LIMIT,4533
IFVG2-000230,1,bearish,2026-06-09 09:53:00-04:00,False,4941,2026-06-09 18:00:00-04:00,4942,EXPIRED_UNTOUCHED_8H,4941
IFVG2-000231,1,bearish,2026-06-09 09:54:00-04:00,False,4941,2026-06-09 18:00:00-04:00,4942,EXPIRED_UNTOUCHED_8H,4941
IFVG2-000232,1,bearish,2026-06-09 09:54:00-04:00,False,4941,2026-06-09 18:00:00-04:00,4942,EXPIRED_UNTOUCHED_8H,4941
IFVG2-000233,1,bearish,2026-06-09 09:55:00-04:00,False,4941,2026-06-09 18:00:00-04:00,4942,EXPIRED_ACTIVE_8H,4941
IFVG2-000234,1,bearish,2026-06-09 09:59:00-04:00,False,4941,2026-06-09 18:00:00-04:00,4942,EXPIRED_ACTIVE_8H,4941
IFVG2-000235,1,bearish,2026-06-09 10:00:00-04:00,False,4543,2026-06-09 10:02:00-04:00,4544,DEACTIVATED_CLOSE_THROUGH,4543
IFVG2-000236,1,bullish,2026-06-09 10:05:00-04:00,False,4547,2026-06-09 10:06:00-04:00,4548,DEACTIVATED_CLOSE_THROUGH,4547
IFVG2-000237,1,bearish,2026-06-09 10:10:00-04:00,False,4950,2026-06-09 18:10:00-04:00,4951,EXPIRED_UNTOUCHED_8H,4950
IFVG2-000238,1,bullish,2026-06-09 10:22:00-04:00,False,4571,2026-06-09 10:30:00-04:00,4572,DEACTIVATED_CLOSE_THROUGH,4571
IFVG2-000239,1,bullish,2026-06-09 10:24:00-04:00,False,4567,2026-06-09 10:26:00-04:00,4568,DEACTIVATED_CLOSE_THROUGH,4567
IFVG2-000240,1,bullish,2026-06-09 10:24:00-04:00,False,4568,2026-06-09 10:27:00-04:00,4569,DEACTIVATED_OVERSHOOT_LIMIT,4568
IFVG2-000241,1,bearish,2026-06-09 10:31:00-04:00,False,4573,2026-06-09 10:32:00-04:00,4574,DEACTIVATED_CLOSE_THROUGH,4573
IFVG2-000242,1,bullish,2026-06-09 10:32:00-04:00,False,4584,2026-06-09 10:43:00-04:00,4585,DEACTIVATED_CLOSE_THROUGH,4584
IFVG2-000243,1,bullish,2026-06-09 10:37:00-04:00,False,4579,2026-06-09 10:38:00-04:00,4580,DEACTIVATED_CLOSE_THROUGH,4579
IFVG2-000244,1,bullish,2026-06-09 10:51:00-04:00,False,4594,2026-06-09 10:53:00-04:00,4595,DEACTIVATED_OVERSHOOT_LIMIT,4594
IFVG2-000245,1,bullish,2026-06-09 11:03:00-04:00,False,4605,2026-06-09 11:04:00-04:00,4606,DEACTIVATED_CLOSE_THROUGH,4605
IFVG2-000246,1,bullish,2026-06-09 11:09:00-04:00,False,4613,2026-06-09 11:12:00-04:00,4614,DEACTIVATED_CLOSE_THROUGH,4613
IFVG2-000247,1,bullish,2026-06-09 11:10:00-04:00,False,4612,2026-06-09 11:11:00-04:00,4613,DEACTIVATED_OVERSHOOT_LIMIT,4612
IFVG2-000248,1,bearish,2026-06-09 11:12:00-04:00,False,4614,2026-06-09 11:13:00-04:00,4615,DEACTIVATED_CLOSE_THROUGH,4614
IFVG2-000249,1,bearish,2026-06-09 11:12:00-04:00,False,4992,2026-06-09 19:13:00-04:00,4993,EXPIRED_ACTIVE_8H,4992
IFVG2-000250,1,bullish,2026-06-09 11:39:00-04:00,False,4656,2026-06-09 11:55:00-04:00,4657,DEACTIVATED_CLOSE_THROUGH,4656
IFVG2-000251,1,bullish,2026-06-09 11:51:00-04:00,False,4655,2026-06-09 11:54:00-04:00,4656,DEACTIVATED_CLOSE_THROUGH,4655
IFVG2-000252,1,bullish,2026-06-09 12:25:00-04:00,False,4687,2026-06-09 12:26:00-04:00,4688,DEACTIVATED_CLOSE_THROUGH,4687
IFVG2-000253,1,bullish,2026-06-09 12:41:00-04:00,False,5050,2026-06-09 20:41:00-04:00,5051,EXPIRED_UNTOUCHED_8H,5050
IFVG2-000254,1,bearish,2026-06-09 12:46:00-04:00,False,4708,2026-06-09 12:47:00-04:00,4709,DEACTIVATED_CLOSE_THROUGH,4708
IFVG2-000255,1,bullish,2026-06-09 13:00:00-04:00,False,5063,2026-06-09 21:00:00-04:00,5064,EXPIRED_ACTIVE_8H,5063
IFVG2-000256,1,bullish,2026-06-09 13:04:00-04:00,False,5066,2026-06-09 21:04:00-04:00,5067,EXPIRED_ACTIVE_8H,5066
IFVG2-000257,1,bearish,2026-06-09 13:23:00-04:00,False,4745,2026-06-09 13:24:00-04:00,4746,DEACTIVATED_CLOSE_THROUGH,4745
IFVG2-000258,1,bearish,2026-06-09 13:23:00-04:00,False,4748,2026-06-09 13:27:00-04:00,4749,DEACTIVATED_CLOSE_THROUGH,4748
IFVG2-000259,1,bearish,2026-06-09 13:30:00-04:00,False,4753,2026-06-09 13:32:00-04:00,4754,DEACTIVATED_CLOSE_THROUGH,4753
IFVG2-000260,1,bearish,2026-06-09 13:35:00-04:00,False,4757,2026-06-09 13:36:00-04:00,4758,DEACTIVATED_CLOSE_THROUGH,4757
IFVG2-000261,1,bullish,2026-06-09 13:37:00-04:00,False,4768,2026-06-09 13:47:00-04:00,4769,DEACTIVATED_CLOSE_THROUGH,4768
IFVG2-000262,1,bullish,2026-06-09 13:41:00-04:00,False,4767,2026-06-09 13:46:00-04:00,4768,DEACTIVATED_CLOSE_THROUGH,4767
IFVG2-000263,1,bullish,2026-06-09 13:42:00-04:00,False,4766,2026-06-09 13:45:00-04:00,4767,DEACTIVATED_CLOSE_THROUGH,4766
IFVG2-000264,1,bearish,2026-06-09 13:44:00-04:00,False,4799,2026-06-09 14:18:00-04:00,4800,DEACTIVATED_CLOSE_THROUGH,4799
IFVG2-000265,1,bearish,2026-06-09 13:46:00-04:00,False,4772,2026-06-09 13:51:00-04:00,4773,DEACTIVATED_CLOSE_THROUGH,4772
IFVG2-000266,1,bearish,2026-06-09 13:46:00-04:00,False,4778,2026-06-09 13:57:00-04:00,4779,DEACTIVATED_CLOSE_THROUGH,4778
IFVG2-000267,1,bearish,2026-06-09 13:48:00-04:00,False,4771,2026-06-09 13:50:00-04:00,4772,DEACTIVATED_CLOSE_THROUGH,4771
IFVG2-000268,1,bullish,2026-06-09 13:50:00-04:00,False,5103,2026-06-09 21:50:00-04:00,5104,EXPIRED_UNTOUCHED_8H,5103
IFVG2-000269,1,bullish,2026-06-09 13:51:00-04:00,False,5104,2026-06-09 21:52:00-04:00,5105,EXPIRED_ACTIVE_8H,5104
IFVG2-000270,1,bullish,2026-06-09 13:55:00-04:00,False,5107,2026-06-09 21:56:00-04:00,5108,EXPIRED_ACTIVE_8H,5107
IFVG2-000271,1,bearish,2026-06-09 13:59:00-04:00,False,4781,2026-06-09 14:00:00-04:00,4782,DEACTIVATED_OVERSHOOT_LIMIT,4781
IFVG2-000272,1,bearish,2026-06-09 14:03:00-04:00,False,4785,2026-06-09 14:04:00-04:00,4786,DEACTIVATED_CLOSE_THROUGH,4785
IFVG2-000273,1,bullish,2026-06-09 14:08:00-04:00,False,4791,2026-06-09 14:10:00-04:00,4792,DEACTIVATED_OVERSHOOT_LIMIT,4791
IFVG2-000274,1,bullish,2026-06-09 14:30:00-04:00,False,4825,2026-06-09 14:44:00-04:00,4826,DEACTIVATED_CLOSE_THROUGH,4825
IFVG2-000275,1,bearish,2026-06-09 14:44:00-04:00,False,4828,2026-06-09 14:47:00-04:00,4829,DEACTIVATED_OVERSHOOT_LIMIT,4828
IFVG2-000276,1,bullish,2026-06-09 14:52:00-04:00,False,4855,2026-06-09 15:14:00-04:00,4856,DEACTIVATED_CLOSE_THROUGH,4855
IFVG2-000277,1,bullish,2026-06-09 14:56:00-04:00,False,4852,2026-06-09 15:11:00-04:00,4853,DEACTIVATED_CLOSE_THROUGH,4852
IFVG2-000278,1,bullish,2026-06-09 14:57:00-04:00,False,4842,2026-06-09 15:01:00-04:00,4843,DEACTIVATED_OVERSHOOT_LIMIT,4842
IFVG2-000279,1,bullish,2026-06-09 15:04:00-04:00,False,4850,2026-06-09 15:09:00-04:00,4851,DEACTIVATED_CLOSE_THROUGH,4850
IFVG2-000280,1,bearish,2026-06-09 15:09:00-04:00,False,4899,2026-06-09 15:58:00-04:00,4900,DEACTIVATED_CLOSE_THROUGH,4899
IFVG2-000281,1,bearish,2026-06-09 15:10:00-04:00,False,4896,2026-06-09 15:55:00-04:00,4897,DEACTIVATED_CLOSE_THROUGH,4896
IFVG2-000282,1,bearish,2026-06-09 15:10:00-04:00,False,4896,2026-06-09 15:55:00-04:00,4897,DEACTIVATED_CLOSE_THROUGH,4896
IFVG2-000283,1,bearish,2026-06-09 15:11:00-04:00,False,4895,2026-06-09 15:54:00-04:00,4896,DEACTIVATED_CLOSE_THROUGH,4895
IFVG2-000284,1,bearish,2026-06-09 15:14:00-04:00,False,4892,2026-06-09 15:51:00-04:00,4893,DEACTIVATED_CLOSE_THROUGH,4892
IFVG2-000285,1,bearish,2026-06-09 15:15:00-04:00,False,4870,2026-06-09 15:29:00-04:00,4871,DEACTIVATED_OVERSHOOT_LIMIT,4870
IFVG2-000286,1,bearish,2026-06-09 15:16:00-04:00,False,4858,2026-06-09 15:17:00-04:00,4859,DEACTIVATED_OVERSHOOT_LIMIT,4858
IFVG2-000287,1,bearish,2026-06-09 15:22:00-04:00,False,4864,2026-06-09 15:23:00-04:00,4865,DEACTIVATED_CLOSE_THROUGH,4864
IFVG2-000288,1,bullish,2026-06-09 15:31:00-04:00,False,4881,2026-06-09 15:40:00-04:00,4882,DEACTIVATED_CLOSE_THROUGH,4881
IFVG2-000289,1,bearish,2026-06-09 15:39:00-04:00,False,4891,2026-06-09 15:50:00-04:00,4892,DEACTIVATED_CLOSE_THROUGH,4891
IFVG2-000290,1,bearish,2026-06-09 15:40:00-04:00,False,4883,2026-06-09 15:42:00-04:00,4884,DEACTIVATED_CLOSE_THROUGH,4883
IFVG2-000291,1,bearish,2026-06-09 15:47:00-04:00,False,4891,2026-06-09 15:50:00-04:00,4892,DEACTIVATED_CLOSE_THROUGH,4891
IFVG2-000292,1,bullish,2026-06-09 15:51:00-04:00,False,5161,2026-06-09 23:54:00-04:00,5162,EXPIRED_ACTIVE_8H,5161
IFVG2-000293,1,bullish,2026-06-09 15:55:00-04:00,False,4971,2026-06-09 18:38:00-04:00,4972,DEACTIVATED_CLOSE_THROUGH,4971
IFVG2-000294,1,bearish,2026-06-09 16:02:00-04:00,False,4904,2026-06-09 16:03:00-04:00,4905,DEACTIVATED_CLOSE_THROUGH,4904
IFVG2-000295,1,bullish,2026-06-09 16:04:00-04:00,False,4909,2026-06-09 16:08:00-04:00,4910,DEACTIVATED_CLOSE_THROUGH,4909
IFVG2-000296,1,bullish,2026-06-09 16:42:00-04:00,False,4941,2026-06-09 18:00:00-04:00,4942,DEACTIVATED_CLOSE_THROUGH,4941
IFVG2-000297,1,bearish,2026-06-09 18:01:00-04:00,False,4953,2026-06-09 18:15:00-04:00,4954,DEACTIVATED_CLOSE_THROUGH,4953
IFVG2-000298,1,bullish,2026-06-09 18:04:00-04:00,False,4964,2026-06-09 18:31:00-04:00,4965,DEACTIVATED_CLOSE_THROUGH,4964
IFVG2-000299,1,bullish,2026-06-09 18:10:00-04:00,False,4963,2026-06-09 18:30:00-04:00,4964,DEACTIVATED_CLOSE_THROUGH,4963
IFVG2-000300,1,bearish,2026-06-09 18:38:00-04:00,False,4983,2026-06-09 19:03:00-04:00,4984,DEACTIVATED_CLOSE_THROUGH,4983
IFVG2-000301,1,bearish,2026-06-09 18:39:00-04:00,False,4973,2026-06-09 18:40:00-04:00,4974,DEACTIVATED_CLOSE_THROUGH,4973
IFVG2-000302,1,bearish,2026-06-09 20:08:00-04:00,False,5292,2026-06-10 04:08:00-04:00,5293,EXPIRED_ACTIVE_8H,5292
IFVG2-000303,1,bearish,2026-06-09 20:33:00-04:00,False,5058,2026-06-09 20:53:00-04:00,5059,DEACTIVATED_CLOSE_THROUGH,5058
IFVG2-000304,1,bullish,2026-06-09 20:38:00-04:00,False,5050,2026-06-09 20:41:00-04:00,5051,DEACTIVATED_CLOSE_THROUGH,5050
IFVG2-000305,1,bullish,2026-06-09 20:38:00-04:00,False,5050,2026-06-09 20:41:00-04:00,5051,DEACTIVATED_CLOSE_THROUGH,5050
IFVG2-000306,1,bullish,2026-06-09 20:38:00-04:00,False,5051,2026-06-09 20:43:00-04:00,5052,DEACTIVATED_CLOSE_THROUGH,5051
IFVG2-000307,1,bullish,2026-06-09 20:53:00-04:00,False,5087,2026-06-09 21:30:00-04:00,5088,DEACTIVATED_CLOSE_THROUGH,5087
IFVG2-000308,1,bullish,2026-06-09 21:28:00-04:00,False,5087,2026-06-09 21:30:00-04:00,5088,DEACTIVATED_CLOSE_THROUGH,5087
IFVG2-000309,1,bullish,2026-06-09 21:28:00-04:00,False,5087,2026-06-09 21:30:00-04:00,5088,DEACTIVATED_CLOSE_THROUGH,5087
IFVG2-000310,1,bullish,2026-06-09 21:48:00-04:00,False,5104,2026-06-09 21:52:00-04:00,5105,DEACTIVATED_CLOSE_THROUGH,5104
IFVG2-000311,1,bullish,2026-06-09 22:29:00-04:00,False,5133,2026-06-09 22:37:00-04:00,5134,DEACTIVATED_CLOSE_THROUGH,5133
IFVG2-000312,1,bullish,2026-06-10 01:56:00-04:00,False,5227,2026-06-10 01:58:00-04:00,5228,DEACTIVATED_OVERSHOOT_LIMIT,5227
IFVG2-000313,1,bearish,2026-06-10 03:04:00-04:00,False,5564,2026-06-10 09:38:00-04:00,5565,DEACTIVATED_CLOSE_THROUGH,5564
IFVG2-000314,1,bullish,2026-06-10 04:49:00-04:00,False,5334,2026-06-10 04:59:00-04:00,5335,DEACTIVATED_OVERSHOOT_LIMIT,5334
IFVG2-000315,1,bearish,2026-06-10 05:42:00-04:00,False,5377,2026-06-10 05:44:00-04:00,5378,DEACTIVATED_CLOSE_THROUGH,5377
IFVG2-000316,1,bearish,2026-06-10 06:19:00-04:00,False,5401,2026-06-10 06:25:00-04:00,5402,DEACTIVATED_CLOSE_THROUGH,5401
IFVG2-000317,1,bearish,2026-06-10 07:03:00-04:00,False,5505,2026-06-10 08:30:00-04:00,5506,DEACTIVATED_CLOSE_THROUGH,5505
IFVG2-000318,1,bearish,2026-06-10 07:03:00-04:00,False,5505,2026-06-10 08:30:00-04:00,5506,DEACTIVATED_CLOSE_THROUGH,5505
IFVG2-000319,1,bearish,2026-06-10 07:05:00-04:00,False,5433,2026-06-10 07:07:00-04:00,5434,DEACTIVATED_CLOSE_THROUGH,5433
IFVG2-000320,1,bearish,2026-06-10 07:05:00-04:00,False,5437,2026-06-10 07:11:00-04:00,5438,DEACTIVATED_CLOSE_THROUGH,5437
IFVG2-000321,1,bullish,2026-06-10 07:22:00-04:00,False,5450,2026-06-10 07:25:00-04:00,5451,DEACTIVATED_CLOSE_THROUGH,5450
IFVG2-000322,1,bullish,2026-06-10 08:30:00-04:00,False,5658,2026-06-10 11:12:00-04:00,5659,DEACTIVATED_CLOSE_THROUGH,5658
IFVG2-000323,1,bullish,2026-06-10 09:35:00-04:00,False,5654,2026-06-10 11:08:00-04:00,5655,DEACTIVATED_CLOSE_THROUGH,5654
IFVG2-000324,1,bearish,2026-06-10 09:41:00-04:00,False,5568,2026-06-10 09:42:00-04:00,5569,DEACTIVATED_CLOSE_THROUGH,5568
IFVG2-000325,1,bearish,2026-06-10 09:41:00-04:00,False,5569,2026-06-10 09:43:00-04:00,5570,DEACTIVATED_CLOSE_THROUGH,5569
IFVG2-000326,1,bullish,2026-06-10 09:42:00-04:00,False,5642,2026-06-10 10:56:00-04:00,5643,DEACTIVATED_OVERSHOOT_LIMIT,5642
IFVG2-000327,1,bullish,2026-06-10 09:56:00-04:00,False,5585,2026-06-10 09:59:00-04:00,5586,DEACTIVATED_CLOSE_THROUGH,5585
IFVG2-000328,1,bearish,2026-06-10 09:58:00-04:00,False,5588,2026-06-10 10:02:00-04:00,5589,DEACTIVATED_CLOSE_THROUGH,5588
IFVG2-000329,1,bearish,2026-06-10 09:59:00-04:00,False,5588,2026-06-10 10:02:00-04:00,5589,DEACTIVATED_CLOSE_THROUGH,5588
IFVG2-000330,1,bullish,2026-06-10 10:09:00-04:00,False,5601,2026-06-10 10:15:00-04:00,5602,DEACTIVATED_CLOSE_THROUGH,5601
IFVG2-000331,1,bearish,2026-06-10 10:31:00-04:00,False,5619,2026-06-10 10:33:00-04:00,5620,DEACTIVATED_CLOSE_THROUGH,5619
IFVG2-000332,1,bearish,2026-06-10 10:37:00-04:00,False,5627,2026-06-10 10:41:00-04:00,5628,DEACTIVATED_CLOSE_THROUGH,5627
IFVG2-000333,1,bullish,2026-06-10 10:41:00-04:00,False,5629,2026-06-10 10:43:00-04:00,5630,DEACTIVATED_CLOSE_THROUGH,5629
IFVG2-000334,1,bearish,2026-06-10 10:55:00-04:00,False,6028,2026-06-10 18:55:00-04:00,6029,EXPIRED_ACTIVE_8H,6028
IFVG2-000335,1,bullish,2026-06-10 11:13:00-04:00,False,5660,2026-06-10 11:14:00-04:00,5661,DEACTIVATED_CLOSE_THROUGH,5660
IFVG2-000336,1,bearish,2026-06-10 11:18:00-04:00,False,5665,2026-06-10 11:19:00-04:00,5666,DEACTIVATED_CLOSE_THROUGH,5665
IFVG2-000337,1,bullish,2026-06-10 11:23:00-04:00,False,5675,2026-06-10 11:29:00-04:00,5676,DEACTIVATED_CLOSE_THROUGH,5675
IFVG2-000338,1,bearish,2026-06-10 11:38:00-04:00,False,5685,2026-06-10 11:39:00-04:00,5686,DEACTIVATED_CLOSE_THROUGH,5685
IFVG2-000339,1,bullish,2026-06-10 11:41:00-04:00,False,5688,2026-06-10 11:42:00-04:00,5689,DEACTIVATED_CLOSE_THROUGH,5688
IFVG2-000340,1,bearish,2026-06-10 11:48:00-04:00,False,5700,2026-06-10 11:54:00-04:00,5701,DEACTIVATED_CLOSE_THROUGH,5700
IFVG2-000341,1,bearish,2026-06-10 12:41:00-04:00,False,6123,2026-06-10 20:41:00-04:00,6124,EXPIRED_ACTIVE_8H,6123
IFVG2-000342,1,bearish,2026-06-10 12:46:00-04:00,False,5758,2026-06-10 12:52:00-04:00,5759,DEACTIVATED_CLOSE_THROUGH,5758
IFVG2-000343,1,bullish,2026-06-10 12:51:00-04:00,False,5761,2026-06-10 12:55:00-04:00,5762,DEACTIVATED_CLOSE_THROUGH,5761
IFVG2-000344,1,bearish,2026-06-10 12:54:00-04:00,False,5769,2026-06-10 13:03:00-04:00,5770,DEACTIVATED_CLOSE_THROUGH,5769
IFVG2-000345,1,bearish,2026-06-10 12:55:00-04:00,False,5766,2026-06-10 13:00:00-04:00,5767,DEACTIVATED_CLOSE_THROUGH,5766
IFVG2-000346,1,bearish,2026-06-10 13:14:00-04:00,False,5783,2026-06-10 13:17:00-04:00,5784,DEACTIVATED_OVERSHOOT_LIMIT,5783
IFVG2-000347,1,bearish,2026-06-10 13:30:00-04:00,False,5810,2026-06-10 13:46:00-04:00,5811,DEACTIVATED_CLOSE_THROUGH,5810
IFVG2-000348,1,bullish,2026-06-10 13:46:00-04:00,False,5855,2026-06-10 14:31:00-04:00,5856,DEACTIVATED_CLOSE_THROUGH,5855
IFVG2-000349,1,bullish,2026-06-10 14:03:00-04:00,False,5831,2026-06-10 14:07:00-04:00,5832,DEACTIVATED_CLOSE_THROUGH,5831
IFVG2-000350,1,bearish,2026-06-10 14:07:00-04:00,False,6207,2026-06-10 22:07:00-04:00,6208,EXPIRED_ACTIVE_8H,6207
IFVG2-000351,1,bearish,2026-06-10 14:22:00-04:00,False,6166,2026-06-10 21:24:00-04:00,6167,DEACTIVATED_CLOSE_THROUGH,6166
IFVG2-000352,1,bearish,2026-06-10 15:00:00-04:00,False,5883,2026-06-10 15:02:00-04:00,5884,DEACTIVATED_CLOSE_THROUGH,5883
IFVG2-000353,1,bearish,2026-06-10 15:15:00-04:00,False,5918,2026-06-10 15:39:00-04:00,5919,DEACTIVATED_CLOSE_THROUGH,5918
IFVG2-000354,1,bullish,2026-06-10 15:31:00-04:00,False,5938,2026-06-10 15:59:00-04:00,5939,DEACTIVATED_CLOSE_THROUGH,5938
IFVG2-000355,1,bearish,2026-06-10 15:36:00-04:00,False,5917,2026-06-10 15:37:00-04:00,5918,DEACTIVATED_CLOSE_THROUGH,5917
IFVG2-000356,1,bearish,2026-06-10 15:59:00-04:00,False,6100,2026-06-10 20:17:00-04:00,6101,DEACTIVATED_CLOSE_THROUGH,6100
IFVG2-000357,1,bearish,2026-06-10 15:59:00-04:00,False,6144,2026-06-10 21:02:00-04:00,6145,DEACTIVATED_CLOSE_THROUGH,6144
IFVG2-000358,1,bearish,2026-06-10 16:05:00-04:00,False,5950,2026-06-10 16:11:00-04:00,5951,DEACTIVATED_CLOSE_THROUGH,5950
IFVG2-000359,1,bullish,2026-06-10 16:49:00-04:00,False,5979,2026-06-10 16:50:00-04:00,5980,DEACTIVATED_OVERSHOOT_LIMIT,5979
IFVG2-000360,1,bullish,2026-06-10 18:40:00-04:00,False,6020,2026-06-10 18:44:00-04:00,6021,DEACTIVATED_CLOSE_THROUGH,6020
IFVG2-000361,1,bearish,2026-06-10 19:08:00-04:00,False,6047,2026-06-10 19:19:00-04:00,6048,DEACTIVATED_CLOSE_THROUGH,6047
IFVG2-000362,1,bearish,2026-06-10 19:49:00-04:00,False,6098,2026-06-10 20:15:00-04:00,6099,DEACTIVATED_CLOSE_THROUGH,6098
IFVG2-000363,1,bullish,2026-06-10 20:00:00-04:00,False,6088,2026-06-10 20:04:00-04:00,6089,DEACTIVATED_CLOSE_THROUGH,6088
IFVG2-000364,1,bullish,2026-06-10 20:07:00-04:00,False,6093,2026-06-10 20:09:00-04:00,6094,DEACTIVATED_CLOSE_THROUGH,6093
IFVG2-000365,1,bullish,2026-06-10 20:15:00-04:00,False,6518,2026-06-11 04:15:00-04:00,6519,EXPIRED_UNTOUCHED_8H,6518
IFVG2-000366,1,bullish,2026-06-10 20:16:00-04:00,False,6118,2026-06-10 20:36:00-04:00,6119,DEACTIVATED_CLOSE_THROUGH,6118
IFVG2-000367,1,bullish,2026-06-10 20:17:00-04:00,False,6108,2026-06-10 20:25:00-04:00,6109,DEACTIVATED_CLOSE_THROUGH,6108
IFVG2-000368,1,bullish,2026-06-10 20:46:00-04:00,False,6545,2026-06-11 04:46:00-04:00,6546,EXPIRED_ACTIVE_8H,6545
IFVG2-000369,1,bullish,2026-06-10 20:46:00-04:00,False,6545,2026-06-11 04:46:00-04:00,6546,EXPIRED_UNTOUCHED_8H,6545
IFVG2-000370,1,bullish,2026-06-10 21:04:00-04:00,False,6222,2026-06-10 22:22:00-04:00,6223,DEACTIVATED_CLOSE_THROUGH,6222
IFVG2-000371,1,bearish,2026-06-10 21:30:00-04:00,False,6180,2026-06-10 21:38:00-04:00,6181,DEACTIVATED_CLOSE_THROUGH,6180
IFVG2-000372,1,bearish,2026-06-10 21:36:00-04:00,False,6180,2026-06-10 21:38:00-04:00,6181,DEACTIVATED_CLOSE_THROUGH,6180
IFVG2-000373,1,bearish,2026-06-10 21:52:00-04:00,False,6205,2026-06-10 22:05:00-04:00,6206,DEACTIVATED_CLOSE_THROUGH,6205
IFVG2-000374,1,bearish,2026-06-10 21:55:00-04:00,False,6202,2026-06-10 22:01:00-04:00,6203,DEACTIVATED_CLOSE_THROUGH,6202
IFVG2-000375,1,bearish,2026-06-10 21:55:00-04:00,False,6205,2026-06-10 22:05:00-04:00,6206,DEACTIVATED_CLOSE_THROUGH,6205
IFVG2-000376,1,bearish,2026-06-10 22:06:00-04:00,False,6207,2026-06-10 22:07:00-04:00,6208,DEACTIVATED_OVERSHOOT_LIMIT,6207
IFVG2-000377,1,bearish,2026-06-10 22:09:00-04:00,False,6210,2026-06-10 22:10:00-04:00,6211,DEACTIVATED_OVERSHOOT_LIMIT,6210
IFVG2-000378,1,bearish,2026-06-10 22:09:00-04:00,False,6210,2026-06-10 22:10:00-04:00,6211,DEACTIVATED_OVERSHOOT_LIMIT,6210
IFVG2-000379,1,bearish,2026-06-10 22:21:00-04:00,False,6254,2026-06-10 22:57:00-04:00,6255,DEACTIVATED_CLOSE_THROUGH,6254
IFVG2-000380,1,bearish,2026-06-10 22:22:00-04:00,False,6248,2026-06-10 22:50:00-04:00,6249,DEACTIVATED_CLOSE_THROUGH,6248
IFVG2-000381,1,bullish,2026-06-10 22:57:00-04:00,False,6271,2026-06-10 23:14:00-04:00,6272,DEACTIVATED_CLOSE_THROUGH,6271
IFVG2-000382,1,bullish,2026-06-10 23:09:00-04:00,False,6268,2026-06-10 23:11:00-04:00,6269,DEACTIVATED_CLOSE_THROUGH,6268
IFVG2-000383,1,bullish,2026-06-10 23:34:00-04:00,False,6687,2026-06-11 07:34:00-04:00,6688,EXPIRED_UNTOUCHED_8H,6687
IFVG2-000384,1,bullish,2026-06-10 23:50:00-04:00,False,6401,2026-06-11 02:06:00-04:00,6402,DEACTIVATED_CLOSE_THROUGH,6401
IFVG2-000385,1,bearish,2026-06-11 02:31:00-04:00,False,6429,2026-06-11 02:36:00-04:00,6430,DEACTIVATED_OVERSHOOT_LIMIT,6429
IFVG2-000386,1,bullish,2026-06-11 03:28:00-04:00,False,6662,2026-06-11 07:08:00-04:00,6663,DEACTIVATED_OVERSHOOT_LIMIT,6662
IFVG2-000387,1,bullish,2026-06-11 03:52:00-04:00,False,6497,2026-06-11 03:54:00-04:00,6498,DEACTIVATED_OVERSHOOT_LIMIT,6497
IFVG2-000388,1,bullish,2026-06-11 04:07:00-04:00,False,6567,2026-06-11 05:11:00-04:00,6568,DEACTIVATED_CLOSE_THROUGH,6567
IFVG2-000389,1,bullish,2026-06-11 04:18:00-04:00,False,6523,2026-06-11 04:20:00-04:00,6524,DEACTIVATED_CLOSE_THROUGH,6523
IFVG2-000390,1,bearish,2026-06-11 04:20:00-04:00,False,6525,2026-06-11 04:22:00-04:00,6526,DEACTIVATED_CLOSE_THROUGH,6525
IFVG2-000391,1,bullish,2026-06-11 04:23:00-04:00,False,6530,2026-06-11 04:29:00-04:00,6531,DEACTIVATED_CLOSE_THROUGH,6530
IFVG2-000392,1,bearish,2026-06-11 04:29:00-04:00,False,6531,2026-06-11 04:30:00-04:00,6532,DEACTIVATED_OVERSHOOT_LIMIT,6531
IFVG2-000393,1,bullish,2026-06-11 04:35:00-04:00,False,6548,2026-06-11 04:49:00-04:00,6549,DEACTIVATED_CLOSE_THROUGH,6548
IFVG2-000394,1,bearish,2026-06-11 04:49:00-04:00,False,6550,2026-06-11 04:52:00-04:00,6551,DEACTIVATED_CLOSE_THROUGH,6550
IFVG2-000395,1,bearish,2026-06-11 05:07:00-04:00,False,6818,2026-06-11 09:50:00-04:00,6819,DEACTIVATED_CLOSE_THROUGH,6818
IFVG2-000396,1,bullish,2026-06-11 05:14:00-04:00,False,6571,2026-06-11 05:15:00-04:00,6572,DEACTIVATED_OVERSHOOT_LIMIT,6571
IFVG2-000397,1,bearish,2026-06-11 06:19:00-04:00,False,6629,2026-06-11 06:32:00-04:00,6630,DEACTIVATED_CLOSE_THROUGH,6629
IFVG2-000398,1,bullish,2026-06-11 06:21:00-04:00,False,6623,2026-06-11 06:26:00-04:00,6624,DEACTIVATED_CLOSE_THROUGH,6623
IFVG2-000399,1,bullish,2026-06-11 06:31:00-04:00,False,6643,2026-06-11 06:47:00-04:00,6644,DEACTIVATED_OVERSHOOT_LIMIT,6643
IFVG2-000400,1,bearish,2026-06-11 06:35:00-04:00,False,6712,2026-06-11 08:02:00-04:00,6713,DEACTIVATED_CLOSE_THROUGH,6712
IFVG2-000401,1,bearish,2026-06-11 07:05:00-04:00,False,6683,2026-06-11 07:30:00-04:00,6684,DEACTIVATED_CLOSE_THROUGH,6683
IFVG2-000402,1,bullish,2026-06-11 07:30:00-04:00,False,6729,2026-06-11 08:21:00-04:00,6730,DEACTIVATED_CLOSE_THROUGH,6729
IFVG2-000403,1,bullish,2026-06-11 07:57:00-04:00,False,6709,2026-06-11 07:58:00-04:00,6710,DEACTIVATED_OVERSHOOT_LIMIT,6709
IFVG2-000404,1,bearish,2026-06-11 08:22:00-04:00,False,6814,2026-06-11 09:46:00-04:00,6815,DEACTIVATED_CLOSE_THROUGH,6814
IFVG2-000405,1,bullish,2026-06-11 08:30:00-04:00,False,6739,2026-06-11 08:31:00-04:00,6740,DEACTIVATED_CLOSE_THROUGH,6739
IFVG2-000406,1,bullish,2026-06-11 08:40:00-04:00,False,6752,2026-06-11 08:44:00-04:00,6753,DEACTIVATED_OVERSHOOT_LIMIT,6752
IFVG2-000407,1,bearish,2026-06-11 09:08:00-04:00,False,6780,2026-06-11 09:12:00-04:00,6781,DEACTIVATED_OVERSHOOT_LIMIT,6780
IFVG2-000408,1,bullish,2026-06-11 09:10:00-04:00,False,6779,2026-06-11 09:11:00-04:00,6780,DEACTIVATED_CLOSE_THROUGH,6779
IFVG2-000409,1,bearish,2026-06-11 09:38:00-04:00,False,6811,2026-06-11 09:43:00-04:00,6812,DEACTIVATED_OVERSHOOT_LIMIT,6811
IFVG2-000410,1,bullish,2026-06-11 09:45:00-04:00,False,6844,2026-06-11 10:16:00-04:00,6845,DEACTIVATED_OVERSHOOT_LIMIT,6844
IFVG2-000411,1,bullish,2026-06-11 09:45:00-04:00,False,6846,2026-06-11 10:18:00-04:00,6847,DEACTIVATED_CLOSE_THROUGH,6846
IFVG2-000412,1,bearish,2026-06-11 09:57:00-04:00,False,6826,2026-06-11 09:58:00-04:00,6827,DEACTIVATED_CLOSE_THROUGH,6826
IFVG2-000413,1,bearish,2026-06-11 10:16:00-04:00,False,6850,2026-06-11 10:22:00-04:00,6851,DEACTIVATED_CLOSE_THROUGH,6850
IFVG2-000414,1,bullish,2026-06-11 10:29:00-04:00,False,6858,2026-06-11 10:30:00-04:00,6859,DEACTIVATED_CLOSE_THROUGH,6858
IFVG2-000415,1,bearish,2026-06-11 10:44:00-04:00,False,6928,2026-06-11 11:40:00-04:00,6929,DEACTIVATED_CLOSE_THROUGH,6928
IFVG2-000416,1,bullish,2026-06-11 11:24:00-04:00,False,6916,2026-06-11 11:28:00-04:00,6917,DEACTIVATED_CLOSE_THROUGH,6916
IFVG2-000417,1,bullish,2026-06-11 11:35:00-04:00,False,7007,2026-06-11 12:59:00-04:00,7008,DEACTIVATED_CLOSE_THROUGH,7007
IFVG2-000418,1,bullish,2026-06-11 11:37:00-04:00,False,6931,2026-06-11 11:43:00-04:00,6932,DEACTIVATED_CLOSE_THROUGH,6931
IFVG2-000419,1,bearish,2026-06-11 11:43:00-04:00,False,6935,2026-06-11 11:47:00-04:00,6936,DEACTIVATED_CLOSE_THROUGH,6935
IFVG2-000420,1,bearish,2026-06-11 11:43:00-04:00,False,6935,2026-06-11 11:47:00-04:00,6936,DEACTIVATED_CLOSE_THROUGH,6935
IFVG2-000421,1,bearish,2026-06-11 11:53:00-04:00,False,6943,2026-06-11 11:55:00-04:00,6944,DEACTIVATED_CLOSE_THROUGH,6943
IFVG2-000422,1,bullish,2026-06-11 11:57:00-04:00,False,7000,2026-06-11 12:52:00-04:00,7001,DEACTIVATED_CLOSE_THROUGH,7000
IFVG2-000423,1,bearish,2026-06-11 12:03:00-04:00,False,6954,2026-06-11 12:06:00-04:00,6955,DEACTIVATED_CLOSE_THROUGH,6954
IFVG2-000424,1,bearish,2026-06-11 12:21:00-04:00,False,6982,2026-06-11 12:34:00-04:00,6983,DEACTIVATED_OVERSHOOT_LIMIT,6982
IFVG2-000425,1,bearish,2026-06-11 12:25:00-04:00,False,6974,2026-06-11 12:26:00-04:00,6975,DEACTIVATED_OVERSHOOT_LIMIT,6974
IFVG2-000426,1,bullish,2026-06-11 12:33:00-04:00,False,6998,2026-06-11 12:50:00-04:00,6999,DEACTIVATED_CLOSE_THROUGH,6998
IFVG2-000427,1,bearish,2026-06-11 12:39:00-04:00,False,7036,2026-06-11 13:28:00-04:00,7037,DEACTIVATED_OVERSHOOT_LIMIT,7036
IFVG2-000428,1,bearish,2026-06-11 13:03:00-04:00,False,7016,2026-06-11 13:08:00-04:00,7017,DEACTIVATED_OVERSHOOT_LIMIT,7016
IFVG2-000429,1,bullish,2026-06-11 13:29:00-04:00,False,7438,2026-06-11 21:29:00-04:00,7439,EXPIRED_UNTOUCHED_8H,7438
IFVG2-000430,1,bearish,2026-06-11 13:46:00-04:00,False,7055,2026-06-11 13:47:00-04:00,7056,DEACTIVATED_OVERSHOOT_LIMIT,7055
IFVG2-000431,1,bearish,2026-06-11 14:01:00-04:00,False,7084,2026-06-11 14:16:00-04:00,7085,DEACTIVATED_CLOSE_THROUGH,7084
IFVG2-000432,1,bearish,2026-06-11 14:02:00-04:00,False,7083,2026-06-11 14:15:00-04:00,7084,DEACTIVATED_CLOSE_THROUGH,7083
IFVG2-000433,1,bullish,2026-06-11 14:15:00-04:00,False,7090,2026-06-11 14:22:00-04:00,7091,DEACTIVATED_OVERSHOOT_LIMIT,7090
IFVG2-000434,1,bearish,2026-06-11 14:22:00-04:00,False,7099,2026-06-11 14:31:00-04:00,7100,DEACTIVATED_CLOSE_THROUGH,7099
IFVG2-000435,1,bearish,2026-06-11 14:55:00-04:00,False,7124,2026-06-11 14:56:00-04:00,7125,DEACTIVATED_OVERSHOOT_LIMIT,7124
IFVG2-000436,1,bullish,2026-06-11 15:42:00-04:00,False,7172,2026-06-11 15:44:00-04:00,7173,DEACTIVATED_OVERSHOOT_LIMIT,7172
IFVG2-000437,1,bullish,2026-06-11 15:53:00-04:00,False,7182,2026-06-11 15:54:00-04:00,7183,DEACTIVATED_CLOSE_THROUGH,7182
IFVG2-000438,1,bullish,2026-06-11 16:05:00-04:00,False,7217,2026-06-11 16:34:00-04:00,7218,DEACTIVATED_CLOSE_THROUGH,7217
IFVG2-000439,1,bullish,2026-06-11 16:32:00-04:00,False,7216,2026-06-11 16:33:00-04:00,7217,DEACTIVATED_CLOSE_THROUGH,7216
IFVG2-000440,1,bullish,2026-06-11 18:00:00-04:00,False,7698,2026-06-12 01:49:00-04:00,7699,DEACTIVATED_CLOSE_THROUGH,7698
IFVG2-000441,1,bearish,2026-06-11 18:18:00-04:00,False,7254,2026-06-11 18:20:00-04:00,7255,DEACTIVATED_CLOSE_THROUGH,7254
IFVG2-000442,1,bullish,2026-06-11 18:27:00-04:00,False,7265,2026-06-11 18:31:00-04:00,7266,DEACTIVATED_CLOSE_THROUGH,7265
IFVG2-000443,1,bearish,2026-06-11 19:07:00-04:00,False,7301,2026-06-11 19:08:00-04:00,7302,DEACTIVATED_OVERSHOOT_LIMIT,7301
IFVG2-000444,1,bullish,2026-06-11 19:12:00-04:00,False,7313,2026-06-11 19:21:00-04:00,7314,DEACTIVATED_CLOSE_THROUGH,7313
IFVG2-000445,1,bearish,2026-06-11 19:27:00-04:00,False,7321,2026-06-11 19:29:00-04:00,7322,DEACTIVATED_CLOSE_THROUGH,7321
IFVG2-000446,1,bearish,2026-06-11 20:08:00-04:00,False,7374,2026-06-11 20:25:00-04:00,7375,DEACTIVATED_CLOSE_THROUGH,7374
IFVG2-000447,1,bearish,2026-06-11 20:11:00-04:00,False,7361,2026-06-11 20:12:00-04:00,7362,DEACTIVATED_OVERSHOOT_LIMIT,7361
IFVG2-000448,1,bearish,2026-06-11 20:44:00-04:00,False,7394,2026-06-11 20:45:00-04:00,7395,DEACTIVATED_CLOSE_THROUGH,7394
IFVG2-000449,1,bullish,2026-06-11 20:45:00-04:00,False,7395,2026-06-11 20:46:00-04:00,7396,DEACTIVATED_CLOSE_THROUGH,7395
IFVG2-000450,1,bullish,2026-06-11 21:16:00-04:00,False,7426,2026-06-11 21:17:00-04:00,7427,DEACTIVATED_CLOSE_THROUGH,7426
IFVG2-000451,1,bearish,2026-06-11 21:17:00-04:00,False,7468,2026-06-11 21:59:00-04:00,7469,DEACTIVATED_OVERSHOOT_LIMIT,7468
IFVG2-000452,1,bullish,2026-06-11 21:34:00-04:00,False,7445,2026-06-11 21:36:00-04:00,7446,DEACTIVATED_CLOSE_THROUGH,7445
IFVG2-000453,1,bearish,2026-06-11 21:36:00-04:00,False,7452,2026-06-11 21:43:00-04:00,7453,DEACTIVATED_CLOSE_THROUGH,7452
IFVG2-000454,1,bearish,2026-06-11 21:36:00-04:00,False,7453,2026-06-11 21:44:00-04:00,7454,DEACTIVATED_OVERSHOOT_LIMIT,7453
IFVG2-000455,1,bullish,2026-06-11 21:42:00-04:00,False,7687,2026-06-12 01:38:00-04:00,7688,DEACTIVATED_CLOSE_THROUGH,7687
IFVG2-000456,1,bullish,2026-06-11 21:57:00-04:00,False,7495,2026-06-11 22:26:00-04:00,7496,DEACTIVATED_OVERSHOOT_LIMIT,7495
IFVG2-000457,1,bullish,2026-06-11 22:30:00-04:00,False,7500,2026-06-11 22:31:00-04:00,7501,DEACTIVATED_CLOSE_THROUGH,7500
IFVG2-000458,1,bullish,2026-06-11 22:45:00-04:00,False,7531,2026-06-11 23:02:00-04:00,7532,DEACTIVATED_CLOSE_THROUGH,7531
IFVG2-000459,1,bearish,2026-06-11 22:50:00-04:00,False,7520,2026-06-11 22:51:00-04:00,7521,DEACTIVATED_OVERSHOOT_LIMIT,7520
IFVG2-000460,1,bullish,2026-06-11 22:57:00-04:00,False,7527,2026-06-11 22:58:00-04:00,7528,DEACTIVATED_OVERSHOOT_LIMIT,7527
IFVG2-000461,1,bearish,2026-06-11 23:02:00-04:00,False,7532,2026-06-11 23:03:00-04:00,7533,DEACTIVATED_CLOSE_THROUGH,7532
IFVG2-000462,1,bearish,2026-06-11 23:17:00-04:00,False,7557,2026-06-11 23:28:00-04:00,7558,DEACTIVATED_OVERSHOOT_LIMIT,7557
IFVG2-000463,1,bullish,2026-06-11 23:25:00-04:00,False,7555,2026-06-11 23:26:00-04:00,7556,DEACTIVATED_OVERSHOOT_LIMIT,7555
IFVG2-000464,1,bullish,2026-06-11 23:25:00-04:00,False,7576,2026-06-11 23:47:00-04:00,7577,DEACTIVATED_OVERSHOOT_LIMIT,7576
IFVG2-000465,1,bullish,2026-06-11 23:25:00-04:00,False,7595,2026-06-12 00:06:00-04:00,7596,DEACTIVATED_CLOSE_THROUGH,7595
IFVG2-000466,1,bearish,2026-06-11 23:52:00-04:00,False,7582,2026-06-11 23:53:00-04:00,7583,DEACTIVATED_CLOSE_THROUGH,7582
IFVG2-000467,1,bullish,2026-06-12 00:14:00-04:00,False,7605,2026-06-12 00:16:00-04:00,7606,DEACTIVATED_CLOSE_THROUGH,7605
IFVG2-000468,1,bullish,2026-06-12 00:22:00-04:00,False,7682,2026-06-12 01:33:00-04:00,7683,DEACTIVATED_OVERSHOOT_LIMIT,7682
IFVG2-000469,1,bullish,2026-06-12 00:29:00-04:00,False,7619,2026-06-12 00:30:00-04:00,7620,DEACTIVATED_CLOSE_THROUGH,7619
IFVG2-000470,1,bullish,2026-06-12 00:29:00-04:00,False,7620,2026-06-12 00:31:00-04:00,7621,DEACTIVATED_OVERSHOOT_LIMIT,7620
IFVG2-000471,1,bullish,2026-06-12 00:50:00-04:00,False,7640,2026-06-12 00:51:00-04:00,7641,DEACTIVATED_OVERSHOOT_LIMIT,7640
IFVG2-000472,1,bearish,2026-06-12 01:05:00-04:00,False,7663,2026-06-12 01:14:00-04:00,7664,DEACTIVATED_OVERSHOOT_LIMIT,7663
IFVG2-000473,1,bearish,2026-06-12 01:05:00-04:00,False,7664,2026-06-12 01:15:00-04:00,7665,DEACTIVATED_CLOSE_THROUGH,7664
IFVG2-000474,1,bearish,2026-06-12 01:07:00-04:00,False,7658,2026-06-12 01:09:00-04:00,7659,DEACTIVATED_CLOSE_THROUGH,7658
IFVG2-000475,1,bearish,2026-06-12 01:07:00-04:00,False,7663,2026-06-12 01:14:00-04:00,7664,DEACTIVATED_OVERSHOOT_LIMIT,7663
IFVG2-000476,1,bearish,2026-06-12 01:11:00-04:00,False,7661,2026-06-12 01:12:00-04:00,7662,DEACTIVATED_CLOSE_THROUGH,7661
IFVG2-000477,1,bullish,2026-06-12 01:14:00-04:00,False,7666,2026-06-12 01:17:00-04:00,7667,DEACTIVATED_OVERSHOOT_LIMIT,7666
IFVG2-000478,1,bullish,2026-06-12 01:15:00-04:00,False,7666,2026-06-12 01:17:00-04:00,7667,DEACTIVATED_CLOSE_THROUGH,7666
IFVG2-000479,1,bullish,2026-06-12 01:15:00-04:00,False,7666,2026-06-12 01:17:00-04:00,7667,DEACTIVATED_OVERSHOOT_LIMIT,7666
IFVG2-000480,1,bearish,2026-06-12 01:21:00-04:00,False,7671,2026-06-12 01:22:00-04:00,7672,DEACTIVATED_CLOSE_THROUGH,7671
IFVG2-000481,1,bearish,2026-06-12 01:37:00-04:00,False,7691,2026-06-12 01:42:00-04:00,7692,DEACTIVATED_OVERSHOOT_LIMIT,7691
IFVG2-000482,1,bullish,2026-06-12 01:42:00-04:00,False,7692,2026-06-12 01:43:00-04:00,7693,DEACTIVATED_CLOSE_THROUGH,7692
IFVG2-000483,1,bearish,2026-06-12 01:43:00-04:00,False,7845,2026-06-12 04:16:00-04:00,7846,DEACTIVATED_CLOSE_THROUGH,7845
IFVG2-000484,1,bullish,2026-06-12 02:03:00-04:00,False,7717,2026-06-12 02:08:00-04:00,7718,DEACTIVATED_OVERSHOOT_LIMIT,7717
IFVG2-000485,1,bullish,2026-06-12 02:04:00-04:00,False,7714,2026-06-12 02:05:00-04:00,7715,DEACTIVATED_OVERSHOOT_LIMIT,7714
IFVG2-000486,1,bullish,2026-06-12 02:04:00-04:00,False,7716,2026-06-12 02:07:00-04:00,7717,DEACTIVATED_CLOSE_THROUGH,7716
IFVG2-000487,1,bearish,2026-06-12 03:00:00-04:00,False,7809,2026-06-12 03:40:00-04:00,7810,DEACTIVATED_OVERSHOOT_LIMIT,7809
IFVG2-000488,1,bullish,2026-06-12 03:35:00-04:00,False,8162,2026-06-12 09:33:00-04:00,8163,DEACTIVATED_CLOSE_THROUGH,8162
IFVG2-000489,1,bullish,2026-06-12 04:06:00-04:00,False,7837,2026-06-12 04:08:00-04:00,7838,DEACTIVATED_CLOSE_THROUGH,7837
IFVG2-000490,1,bullish,2026-06-12 04:16:00-04:00,False,7864,2026-06-12 04:35:00-04:00,7865,DEACTIVATED_CLOSE_THROUGH,7864
IFVG2-000491,1,bearish,2026-06-12 04:20:00-04:00,False,7850,2026-06-12 04:21:00-04:00,7851,DEACTIVATED_CLOSE_THROUGH,7850
IFVG2-000492,1,bearish,2026-06-12 04:34:00-04:00,False,7864,2026-06-12 04:35:00-04:00,7865,DEACTIVATED_OVERSHOOT_LIMIT,7864
IFVG2-000493,1,bullish,2026-06-12 05:19:00-04:00,False,7912,2026-06-12 05:23:00-04:00,7913,DEACTIVATED_OVERSHOOT_LIMIT,7912
IFVG2-000494,1,bearish,2026-06-12 05:22:00-04:00,False,7913,2026-06-12 05:24:00-04:00,7914,DEACTIVATED_OVERSHOOT_LIMIT,7913
IFVG2-000495,1,bearish,2026-06-12 05:31:00-04:00,False,7921,2026-06-12 05:32:00-04:00,7922,DEACTIVATED_CLOSE_THROUGH,7921
IFVG2-000496,1,bearish,2026-06-12 05:40:00-04:00,False,7931,2026-06-12 05:42:00-04:00,7932,DEACTIVATED_CLOSE_THROUGH,7931
IFVG2-000497,1,bullish,2026-06-12 05:42:00-04:00,False,7937,2026-06-12 05:48:00-04:00,7938,DEACTIVATED_CLOSE_THROUGH,7937
IFVG2-000498,1,bearish,2026-06-12 06:11:00-04:00,False,8032,2026-06-12 07:23:00-04:00,8033,DEACTIVATED_CLOSE_THROUGH,8032
IFVG2-000499,1,bearish,2026-06-12 06:18:00-04:00,False,7968,2026-06-12 06:19:00-04:00,7969,DEACTIVATED_CLOSE_THROUGH,7968
IFVG2-000500,1,bearish,2026-06-12 06:28:00-04:00,False,7978,2026-06-12 06:29:00-04:00,7979,DEACTIVATED_OVERSHOOT_LIMIT,7978
IFVG2-000501,1,bearish,2026-06-12 06:39:00-04:00,False,7989,2026-06-12 06:40:00-04:00,7990,DEACTIVATED_CLOSE_THROUGH,7989
IFVG2-000502,1,bullish,2026-06-12 07:00:00-04:00,False,8093,2026-06-12 08:24:00-04:00,8094,DEACTIVATED_CLOSE_THROUGH,8093
IFVG2-000503,1,bearish,2026-06-12 07:05:00-04:00,False,8020,2026-06-12 07:11:00-04:00,8021,DEACTIVATED_CLOSE_THROUGH,8020
IFVG2-000504,1,bullish,2026-06-12 07:12:00-04:00,False,8089,2026-06-12 08:20:00-04:00,8090,DEACTIVATED_CLOSE_THROUGH,8089
IFVG2-000505,1,bullish,2026-06-12 07:20:00-04:00,False,8073,2026-06-12 08:04:00-04:00,8074,DEACTIVATED_CLOSE_THROUGH,8073
IFVG2-000506,1,bullish,2026-06-12 07:25:00-04:00,False,8040,2026-06-12 07:31:00-04:00,8041,DEACTIVATED_CLOSE_THROUGH,8040
IFVG2-000507,1,bearish,2026-06-12 07:31:00-04:00,False,8051,2026-06-12 07:42:00-04:00,8052,DEACTIVATED_CLOSE_THROUGH,8051
IFVG2-000508,1,bearish,2026-06-12 07:32:00-04:00,False,8042,2026-06-12 07:33:00-04:00,8043,DEACTIVATED_CLOSE_THROUGH,8042
IFVG2-000509,1,bearish,2026-06-12 07:57:00-04:00,False,8249,2026-06-12 11:00:00-04:00,8250,DEACTIVATED_CLOSE_THROUGH,8249
IFVG2-000510,1,bearish,2026-06-12 08:03:00-04:00,False,8206,2026-06-12 10:17:00-04:00,8207,DEACTIVATED_OVERSHOOT_LIMIT,8206
IFVG2-000511,1,bearish,2026-06-12 08:13:00-04:00,False,8206,2026-06-12 10:17:00-04:00,8207,DEACTIVATED_CLOSE_THROUGH,8206
IFVG2-000512,1,bearish,2026-06-12 08:24:00-04:00,False,8198,2026-06-12 10:09:00-04:00,8199,DEACTIVATED_CLOSE_THROUGH,8198
IFVG2-000513,1,bearish,2026-06-12 08:39:00-04:00,False,8112,2026-06-12 08:43:00-04:00,8113,DEACTIVATED_CLOSE_THROUGH,8112
IFVG2-000514,1,bullish,2026-06-12 08:57:00-04:00,False,8127,2026-06-12 08:58:00-04:00,8128,DEACTIVATED_OVERSHOOT_LIMIT,8127
IFVG2-000515,1,bullish,2026-06-12 09:04:00-04:00,False,8159,2026-06-12 09:30:00-04:00,8160,DEACTIVATED_OVERSHOOT_LIMIT,8159
IFVG2-000516,1,bearish,2026-06-12 09:30:00-04:00,False,8168,2026-06-12 09:39:00-04:00,8169,DEACTIVATED_OVERSHOOT_LIMIT,8168
IFVG2-000517,1,bearish,2026-06-12 09:42:00-04:00,False,8172,2026-06-12 09:43:00-04:00,8173,DEACTIVATED_CLOSE_THROUGH,8172
IFVG2-000518,1,bearish,2026-06-12 09:42:00-04:00,False,8172,2026-06-12 09:43:00-04:00,8173,DEACTIVATED_CLOSE_THROUGH,8172
IFVG2-000519,1,bearish,2026-06-12 09:59:00-04:00,False,8189,2026-06-12 10:00:00-04:00,8190,DEACTIVATED_CLOSE_THROUGH,8189
IFVG2-000520,1,bullish,2026-06-12 10:07:00-04:00,False,8212,2026-06-12 10:23:00-04:00,8213,DEACTIVATED_CLOSE_THROUGH,8212
IFVG2-000521,1,bullish,2026-06-12 10:09:00-04:00,False,8201,2026-06-12 10:12:00-04:00,8202,DEACTIVATED_CLOSE_THROUGH,8201
IFVG2-000522,1,bullish,2026-06-12 10:09:00-04:00,False,8201,2026-06-12 10:12:00-04:00,8202,DEACTIVATED_CLOSE_THROUGH,8201
IFVG2-000523,1,bullish,2026-06-12 10:10:00-04:00,False,8201,2026-06-12 10:12:00-04:00,8202,DEACTIVATED_CLOSE_THROUGH,8201
IFVG2-000524,1,bullish,2026-06-12 10:15:00-04:00,False,8210,2026-06-12 10:21:00-04:00,8211,DEACTIVATED_CLOSE_THROUGH,8210
IFVG2-000525,1,bullish,2026-06-12 10:52:00-04:00,False,8308,2026-06-12 11:59:00-04:00,8309,DEACTIVATED_CLOSE_THROUGH,8308
IFVG2-000526,1,bullish,2026-06-12 11:52:00-04:00,False,8305,2026-06-12 11:56:00-04:00,8306,DEACTIVATED_CLOSE_THROUGH,8305
IFVG2-000527,1,bearish,2026-06-12 11:58:00-04:00,False,8320,2026-06-12 12:11:00-04:00,8321,DEACTIVATED_CLOSE_THROUGH,8320
IFVG2-000528,1,bullish,2026-06-12 12:08:00-04:00,False,8608,2026-06-14 18:00:00-04:00,8609,EXPIRED_ACTIVE_8H,8608
IFVG2-000529,1,bearish,2026-06-12 13:10:00-04:00,False,8384,2026-06-12 13:15:00-04:00,8385,DEACTIVATED_CLOSE_THROUGH,8384
IFVG2-000530,1,bearish,2026-06-12 14:00:00-04:00,False,8440,2026-06-12 14:11:00-04:00,8441,DEACTIVATED_CLOSE_THROUGH,8440
IFVG2-000531,1,bearish,2026-06-12 14:06:00-04:00,False,8439,2026-06-12 14:10:00-04:00,8440,DEACTIVATED_CLOSE_THROUGH,8439
IFVG2-000532,1,bearish,2026-06-12 14:13:00-04:00,False,8459,2026-06-12 14:30:00-04:00,8460,DEACTIVATED_OVERSHOOT_LIMIT,8459
IFVG2-000533,1,bearish,2026-06-12 14:14:00-04:00,False,8459,2026-06-12 14:30:00-04:00,8460,DEACTIVATED_CLOSE_THROUGH,8459
IFVG2-000534,1,bearish,2026-06-12 14:17:00-04:00,False,8447,2026-06-12 14:18:00-04:00,8448,DEACTIVATED_CLOSE_THROUGH,8447
IFVG2-000535,1,bearish,2026-06-12 14:50:00-04:00,False,8481,2026-06-12 14:52:00-04:00,8482,DEACTIVATED_CLOSE_THROUGH,8481
IFVG2-000536,1,bullish,2026-06-12 15:03:00-04:00,False,8499,2026-06-12 15:10:00-04:00,8500,DEACTIVATED_CLOSE_THROUGH,8499
IFVG2-000537,1,bearish,2026-06-12 15:10:00-04:00,False,8501,2026-06-12 15:12:00-04:00,8502,DEACTIVATED_OVERSHOOT_LIMIT,8501
IFVG2-000538,1,bearish,2026-06-12 15:30:00-04:00,False,8525,2026-06-12 15:36:00-04:00,8526,DEACTIVATED_OVERSHOOT_LIMIT,8525
IFVG2-000539,1,bearish,2026-06-12 15:31:00-04:00,False,8525,2026-06-12 15:36:00-04:00,8526,DEACTIVATED_OVERSHOOT_LIMIT,8525
IFVG2-000540,1,bearish,2026-06-12 16:18:00-04:00,False,8608,2026-06-14 18:00:00-04:00,8609,DEACTIVATED_CLOSE_THROUGH,8608
IFVG2-000541,1,bearish,2026-06-12 16:28:00-04:00,False,8589,2026-06-12 16:40:00-04:00,8590,DEACTIVATED_CLOSE_THROUGH,8589
IFVG2-000542,1,bearish,2026-06-12 16:28:00-04:00,False,8590,2026-06-12 16:41:00-04:00,8591,DEACTIVATED_CLOSE_THROUGH,8590
IFVG2-000543,1,bullish,2026-06-12 16:40:00-04:00,False,8593,2026-06-12 16:44:00-04:00,8594,DEACTIVATED_CLOSE_THROUGH,8593
IFVG2-000544,1,bullish,2026-06-14 18:18:00-04:00,False,8635,2026-06-14 18:27:00-04:00,8636,DEACTIVATED_CLOSE_THROUGH,8635
IFVG2-000545,1,bearish,2026-06-14 18:24:00-04:00,False,8634,2026-06-14 18:26:00-04:00,8635,DEACTIVATED_OVERSHOOT_LIMIT,8634
IFVG2-000546,1,bearish,2026-06-14 18:33:00-04:00,False,8646,2026-06-14 18:38:00-04:00,8647,DEACTIVATED_CLOSE_THROUGH,8646
IFVG2-000547,1,bullish,2026-06-14 18:38:00-04:00,False,8647,2026-06-14 18:39:00-04:00,8648,DEACTIVATED_CLOSE_THROUGH,8647
IFVG2-000548,1,bullish,2026-06-14 19:24:00-04:00,False,9172,2026-06-15 03:24:00-04:00,9173,EXPIRED_ACTIVE_8H,9172
IFVG2-000549,1,bullish,2026-06-14 21:02:00-04:00,False,8793,2026-06-14 21:05:00-04:00,8794,DEACTIVATED_CLOSE_THROUGH,8793
IFVG2-000550,1,bearish,2026-06-14 21:29:00-04:00,False,8820,2026-06-14 21:32:00-04:00,8821,DEACTIVATED_CLOSE_THROUGH,8820
IFVG2-000551,1,bullish,2026-06-14 22:00:00-04:00,False,8850,2026-06-14 22:02:00-04:00,8851,DEACTIVATED_CLOSE_THROUGH,8850
IFVG2-000552,1,bearish,2026-06-14 22:02:00-04:00,False,8853,2026-06-14 22:05:00-04:00,8854,DEACTIVATED_CLOSE_THROUGH,8853
IFVG2-000553,1,bearish,2026-06-14 22:32:00-04:00,False,8902,2026-06-14 22:54:00-04:00,8903,DEACTIVATED_CLOSE_THROUGH,8902
IFVG2-000554,1,bullish,2026-06-14 22:46:00-04:00,False,8901,2026-06-14 22:53:00-04:00,8902,DEACTIVATED_OVERSHOOT_LIMIT,8901
IFVG2-000555,1,bullish,2026-06-14 22:54:00-04:00,False,8904,2026-06-14 22:56:00-04:00,8905,DEACTIVATED_CLOSE_THROUGH,8904
IFVG2-000556,1,bearish,2026-06-14 23:12:00-04:00,False,8921,2026-06-14 23:13:00-04:00,8922,DEACTIVATED_CLOSE_THROUGH,8921
IFVG2-000557,1,bearish,2026-06-14 23:29:00-04:00,False,8941,2026-06-14 23:33:00-04:00,8942,DEACTIVATED_CLOSE_THROUGH,8941
IFVG2-000558,1,bullish,2026-06-15 00:14:00-04:00,False,9462,2026-06-15 08:14:00-04:00,9463,EXPIRED_UNTOUCHED_8H,9462
IFVG2-000559,1,bearish,2026-06-15 01:33:00-04:00,False,9066,2026-06-15 01:38:00-04:00,9067,DEACTIVATED_OVERSHOOT_LIMIT,9066
IFVG2-000560,1,bullish,2026-06-15 01:40:00-04:00,False,9069,2026-06-15 01:41:00-04:00,9070,DEACTIVATED_OVERSHOOT_LIMIT,9069
IFVG2-000561,1,bullish,2026-06-15 01:43:00-04:00,False,9072,2026-06-15 01:44:00-04:00,9073,DEACTIVATED_CLOSE_THROUGH,9072
IFVG2-000562,1,bearish,2026-06-15 01:50:00-04:00,False,9084,2026-06-15 01:56:00-04:00,9085,DEACTIVATED_OVERSHOOT_LIMIT,9084
IFVG2-000563,1,bullish,2026-06-15 01:53:00-04:00,False,9313,2026-06-15 05:45:00-04:00,9314,DEACTIVATED_OVERSHOOT_LIMIT,9313
IFVG2-000564,1,bearish,2026-06-15 02:15:00-04:00,False,9108,2026-06-15 02:20:00-04:00,9109,DEACTIVATED_CLOSE_THROUGH,9108
IFVG2-000565,1,bearish,2026-06-15 02:28:00-04:00,False,9118,2026-06-15 02:30:00-04:00,9119,DEACTIVATED_OVERSHOOT_LIMIT,9118
IFVG2-000566,1,bearish,2026-06-15 02:28:00-04:00,False,9130,2026-06-15 02:42:00-04:00,9131,DEACTIVATED_CLOSE_THROUGH,9130
IFVG2-000567,1,bullish,2026-06-15 03:27:00-04:00,False,9177,2026-06-15 03:29:00-04:00,9178,DEACTIVATED_OVERSHOOT_LIMIT,9177
IFVG2-000568,1,bearish,2026-06-15 03:48:00-04:00,False,9200,2026-06-15 03:52:00-04:00,9201,DEACTIVATED_CLOSE_THROUGH,9200
IFVG2-000569,1,bullish,2026-06-15 03:50:00-04:00,False,9204,2026-06-15 03:56:00-04:00,9205,DEACTIVATED_CLOSE_THROUGH,9204
IFVG2-000570,1,bullish,2026-06-15 03:51:00-04:00,False,9204,2026-06-15 03:56:00-04:00,9205,DEACTIVATED_CLOSE_THROUGH,9204
IFVG2-000571,1,bearish,2026-06-15 03:56:00-04:00,False,9205,2026-06-15 03:57:00-04:00,9206,DEACTIVATED_CLOSE_THROUGH,9205
IFVG2-000572,1,bearish,2026-06-15 03:56:00-04:00,False,9206,2026-06-15 03:58:00-04:00,9207,DEACTIVATED_OVERSHOOT_LIMIT,9206
IFVG2-000573,1,bullish,2026-06-15 04:09:00-04:00,False,9219,2026-06-15 04:11:00-04:00,9220,DEACTIVATED_OVERSHOOT_LIMIT,9219
IFVG2-000574,1,bullish,2026-06-15 04:09:00-04:00,False,9229,2026-06-15 04:21:00-04:00,9230,DEACTIVATED_OVERSHOOT_LIMIT,9229
IFVG2-000575,1,bearish,2026-06-15 04:21:00-04:00,False,9232,2026-06-15 04:24:00-04:00,9233,DEACTIVATED_OVERSHOOT_LIMIT,9232
IFVG2-000576,1,bullish,2026-06-15 04:50:00-04:00,False,9259,2026-06-15 04:51:00-04:00,9260,DEACTIVATED_CLOSE_THROUGH,9259
IFVG2-000577,1,bearish,2026-06-15 05:11:00-04:00,False,9399,2026-06-15 07:11:00-04:00,9400,DEACTIVATED_OVERSHOOT_LIMIT,9399
IFVG2-000578,1,bearish,2026-06-15 05:33:00-04:00,False,9303,2026-06-15 05:35:00-04:00,9304,DEACTIVATED_CLOSE_THROUGH,9303
IFVG2-000579,1,bullish,2026-06-15 05:35:00-04:00,False,9304,2026-06-15 05:36:00-04:00,9305,DEACTIVATED_OVERSHOOT_LIMIT,9304
IFVG2-000580,1,bullish,2026-06-15 05:49:00-04:00,False,9797,2026-06-15 13:49:00-04:00,9798,EXPIRED_ACTIVE_8H,9797
IFVG2-000581,1,bearish,2026-06-15 06:31:00-04:00,False,9360,2026-06-15 06:32:00-04:00,9361,DEACTIVATED_CLOSE_THROUGH,9360
IFVG2-000582,1,bullish,2026-06-15 06:44:00-04:00,False,9493,2026-06-15 08:45:00-04:00,9494,DEACTIVATED_OVERSHOOT_LIMIT,9493
IFVG2-000583,1,bearish,2026-06-15 07:27:00-04:00,False,9416,2026-06-15 07:28:00-04:00,9417,DEACTIVATED_CLOSE_THROUGH,9416
IFVG2-000584,1,bearish,2026-06-15 07:33:00-04:00,False,9442,2026-06-15 07:54:00-04:00,9443,DEACTIVATED_CLOSE_THROUGH,9442
IFVG2-000585,1,bullish,2026-06-15 07:41:00-04:00,False,9431,2026-06-15 07:43:00-04:00,9432,DEACTIVATED_CLOSE_THROUGH,9431
IFVG2-000586,1,bearish,2026-06-15 07:43:00-04:00,False,9434,2026-06-15 07:46:00-04:00,9435,DEACTIVATED_CLOSE_THROUGH,9434
IFVG2-000587,1,bearish,2026-06-15 07:43:00-04:00,False,9438,2026-06-15 07:50:00-04:00,9439,DEACTIVATED_CLOSE_THROUGH,9438
IFVG2-000588,1,bullish,2026-06-15 07:50:00-04:00,False,9464,2026-06-15 08:16:00-04:00,9465,DEACTIVATED_CLOSE_THROUGH,9464
IFVG2-000589,1,bullish,2026-06-15 07:54:00-04:00,False,9446,2026-06-15 07:58:00-04:00,9447,DEACTIVATED_CLOSE_THROUGH,9446
IFVG2-000590,1,bearish,2026-06-15 08:45:00-04:00,False,9494,2026-06-15 08:46:00-04:00,9495,DEACTIVATED_CLOSE_THROUGH,9494
IFVG2-000591,1,bullish,2026-06-15 08:56:00-04:00,False,9984,2026-06-15 16:56:00-04:00,9985,EXPIRED_ACTIVE_8H,9984
IFVG2-000592,1,bearish,2026-06-15 09:17:00-04:00,False,9526,2026-06-15 09:18:00-04:00,9527,DEACTIVATED_CLOSE_THROUGH,9526
IFVG2-000593,1,bearish,2026-06-15 09:34:00-04:00,False,9543,2026-06-15 09:35:00-04:00,9544,DEACTIVATED_CLOSE_THROUGH,9543
IFVG2-000594,1,bearish,2026-06-15 09:56:00-04:00,False,9565,2026-06-15 09:57:00-04:00,9566,DEACTIVATED_CLOSE_THROUGH,9565
IFVG2-000595,1,bullish,2026-06-15 10:01:00-04:00,False,9577,2026-06-15 10:09:00-04:00,9578,DEACTIVATED_OVERSHOOT_LIMIT,9577
IFVG2-000596,1,bearish,2026-06-15 12:02:00-04:00,False,9691,2026-06-15 12:03:00-04:00,9692,DEACTIVATED_OVERSHOOT_LIMIT,9691
IFVG2-000597,1,bullish,2026-06-15 12:42:00-04:00,False,9731,2026-06-15 12:43:00-04:00,9732,DEACTIVATED_CLOSE_THROUGH,9731
IFVG2-000598,1,bearish,2026-06-15 13:07:00-04:00,False,9764,2026-06-15 13:16:00-04:00,9765,DEACTIVATED_CLOSE_THROUGH,9764
IFVG2-000599,1,bullish,2026-06-15 13:16:00-04:00,False,9768,2026-06-15 13:20:00-04:00,9769,DEACTIVATED_CLOSE_THROUGH,9768
IFVG2-000600,1,bearish,2026-06-15 13:33:00-04:00,False,9782,2026-06-15 13:34:00-04:00,9783,DEACTIVATED_CLOSE_THROUGH,9782
IFVG2-000601,1,bearish,2026-06-15 13:54:00-04:00,False,9823,2026-06-15 14:15:00-04:00,9824,DEACTIVATED_OVERSHOOT_LIMIT,9823
IFVG2-000602,1,bullish,2026-06-15 14:06:00-04:00,False,9815,2026-06-15 14:07:00-04:00,9816,DEACTIVATED_CLOSE_THROUGH,9815
IFVG2-000603,1,bullish,2026-06-15 14:32:00-04:00,False,9872,2026-06-15 15:04:00-04:00,9873,DEACTIVATED_OVERSHOOT_LIMIT,9872
IFVG2-000604,1,bearish,2026-06-15 14:40:00-04:00,False,9849,2026-06-15 14:41:00-04:00,9850,DEACTIVATED_CLOSE_THROUGH,9849
IFVG2-000605,1,bullish,2026-06-15 15:59:00-04:00,False,9970,2026-06-15 16:42:00-04:00,9971,DEACTIVATED_CLOSE_THROUGH,9970
IFVG2-000606,1,bearish,2026-06-15 16:41:00-04:00,False,10389,2026-06-16 00:41:00-04:00,10390,EXPIRED_ACTIVE_8H,10389
IFVG2-000607,1,bullish,2026-06-15 16:48:00-04:00,False,9977,2026-06-15 16:49:00-04:00,9978,DEACTIVATED_CLOSE_THROUGH,9977
IFVG2-000608,1,bullish,2026-06-15 18:00:00-04:00,False,9989,2026-06-15 18:01:00-04:00,9990,DEACTIVATED_OVERSHOOT_LIMIT,9989
IFVG2-000609,1,bearish,2026-06-15 19:55:00-04:00,False,10107,2026-06-15 19:59:00-04:00,10108,DEACTIVATED_CLOSE_THROUGH,10107
IFVG2-000610,1,bullish,2026-06-15 20:27:00-04:00,False,10143,2026-06-15 20:35:00-04:00,10144,DEACTIVATED_CLOSE_THROUGH,10143
IFVG2-000611,1,bullish,2026-06-15 20:29:00-04:00,False,10143,2026-06-15 20:35:00-04:00,10144,DEACTIVATED_CLOSE_THROUGH,10143
IFVG2-000612,1,bullish,2026-06-15 20:30:00-04:00,False,10141,2026-06-15 20:33:00-04:00,10142,DEACTIVATED_CLOSE_THROUGH,10141
IFVG2-000613,1,bearish,2026-06-15 20:33:00-04:00,False,10142,2026-06-15 20:34:00-04:00,10143,DEACTIVATED_CLOSE_THROUGH,10142
IFVG2-000614,1,bearish,2026-06-15 20:35:00-04:00,False,10144,2026-06-15 20:36:00-04:00,10145,DEACTIVATED_OVERSHOOT_LIMIT,10144
IFVG2-000615,1,bearish,2026-06-15 21:18:00-04:00,False,10188,2026-06-15 21:20:00-04:00,10189,DEACTIVATED_OVERSHOOT_LIMIT,10188
IFVG2-000616,1,bearish,2026-06-15 21:33:00-04:00,False,10202,2026-06-15 21:34:00-04:00,10203,DEACTIVATED_OVERSHOOT_LIMIT,10202
IFVG2-000617,1,bullish,2026-06-15 22:00:00-04:00,False,10229,2026-06-15 22:01:00-04:00,10230,DEACTIVATED_CLOSE_THROUGH,10229
IFVG2-000618,1,bearish,2026-06-15 22:10:00-04:00,False,10243,2026-06-15 22:15:00-04:00,10244,DEACTIVATED_CLOSE_THROUGH,10243
IFVG2-000619,1,bullish,2026-06-15 22:15:00-04:00,False,10284,2026-06-15 22:56:00-04:00,10285,DEACTIVATED_OVERSHOOT_LIMIT,10284
IFVG2-000620,1,bullish,2026-06-15 23:06:00-04:00,False,10297,2026-06-15 23:09:00-04:00,10298,DEACTIVATED_OVERSHOOT_LIMIT,10297
IFVG2-000621,1,bearish,2026-06-15 23:13:00-04:00,False,10306,2026-06-15 23:18:00-04:00,10307,DEACTIVATED_CLOSE_THROUGH,10306
IFVG2-000622,1,bearish,2026-06-16 00:50:00-04:00,False,10403,2026-06-16 00:55:00-04:00,10404,DEACTIVATED_CLOSE_THROUGH,10403
IFVG2-000623,1,bearish,2026-06-16 00:50:00-04:00,False,10406,2026-06-16 00:58:00-04:00,10407,DEACTIVATED_CLOSE_THROUGH,10406
IFVG2-000624,1,bearish,2026-06-16 01:33:00-04:00,False,10442,2026-06-16 01:34:00-04:00,10443,DEACTIVATED_OVERSHOOT_LIMIT,10442
IFVG2-000625,1,bearish,2026-06-16 01:33:00-04:00,False,10453,2026-06-16 01:45:00-04:00,10454,DEACTIVATED_OVERSHOOT_LIMIT,10453
IFVG2-000626,1,bullish,2026-06-16 01:51:00-04:00,False,10460,2026-06-16 01:52:00-04:00,10461,DEACTIVATED_OVERSHOOT_LIMIT,10460
IFVG2-000627,1,bearish,2026-06-16 01:54:00-04:00,False,10463,2026-06-16 01:55:00-04:00,10464,DEACTIVATED_OVERSHOOT_LIMIT,10463
IFVG2-000628,1,bearish,2026-06-16 01:58:00-04:00,False,10470,2026-06-16 02:02:00-04:00,10471,DEACTIVATED_CLOSE_THROUGH,10470
IFVG2-000629,1,bearish,2026-06-16 03:11:00-04:00,False,10544,2026-06-16 03:16:00-04:00,10545,DEACTIVATED_CLOSE_THROUGH,10544
IFVG2-000630,1,bearish,2026-06-16 03:31:00-04:00,False,10560,2026-06-16 03:32:00-04:00,10561,DEACTIVATED_OVERSHOOT_LIMIT,10560
IFVG2-000631,1,bearish,2026-06-16 03:44:00-04:00,False,10574,2026-06-16 03:46:00-04:00,10575,DEACTIVATED_OVERSHOOT_LIMIT,10574
IFVG2-000632,1,bullish,2026-06-16 03:53:00-04:00,False,10877,2026-06-16 08:49:00-04:00,10878,DEACTIVATED_OVERSHOOT_LIMIT,10877
IFVG2-000633,1,bullish,2026-06-16 03:55:00-04:00,False,10584,2026-06-16 03:56:00-04:00,10585,DEACTIVATED_CLOSE_THROUGH,10584
IFVG2-000634,1,bullish,2026-06-16 04:40:00-04:00,False,10629,2026-06-16 04:41:00-04:00,10630,DEACTIVATED_CLOSE_THROUGH,10629
IFVG2-000635,1,bearish,2026-06-16 04:45:00-04:00,False,10637,2026-06-16 04:49:00-04:00,10638,DEACTIVATED_CLOSE_THROUGH,10637
IFVG2-000636,1,bullish,2026-06-16 04:51:00-04:00,False,10666,2026-06-16 05:18:00-04:00,10667,DEACTIVATED_OVERSHOOT_LIMIT,10666
IFVG2-000637,1,bearish,2026-06-16 04:57:00-04:00,False,10656,2026-06-16 05:08:00-04:00,10657,DEACTIVATED_OVERSHOOT_LIMIT,10656
IFVG2-000638,1,bearish,2026-06-16 04:58:00-04:00,False,10647,2026-06-16 04:59:00-04:00,10648,DEACTIVATED_CLOSE_THROUGH,10647
IFVG2-000639,1,bearish,2026-06-16 05:18:00-04:00,False,10671,2026-06-16 05:23:00-04:00,10672,DEACTIVATED_CLOSE_THROUGH,10671
IFVG2-000640,1,bearish,2026-06-16 05:18:00-04:00,False,10746,2026-06-16 06:38:00-04:00,10747,DEACTIVATED_CLOSE_THROUGH,10746
IFVG2-000641,1,bearish,2026-06-16 05:19:00-04:00,False,10669,2026-06-16 05:21:00-04:00,10670,DEACTIVATED_CLOSE_THROUGH,10669
IFVG2-000642,1,bullish,2026-06-16 05:30:00-04:00,False,10684,2026-06-16 05:36:00-04:00,10685,DEACTIVATED_CLOSE_THROUGH,10684
IFVG2-000643,1,bearish,2026-06-16 05:36:00-04:00,False,10724,2026-06-16 06:16:00-04:00,10725,DEACTIVATED_CLOSE_THROUGH,10724
IFVG2-000644,1,bearish,2026-06-16 05:42:00-04:00,False,10700,2026-06-16 05:52:00-04:00,10701,DEACTIVATED_CLOSE_THROUGH,10700
IFVG2-000645,1,bullish,2026-06-16 05:44:00-04:00,False,10693,2026-06-16 05:45:00-04:00,10694,DEACTIVATED_CLOSE_THROUGH,10693
IFVG2-000646,1,bullish,2026-06-16 06:23:00-04:00,False,10732,2026-06-16 06:24:00-04:00,10733,DEACTIVATED_OVERSHOOT_LIMIT,10732
IFVG2-000647,1,bullish,2026-06-16 06:23:00-04:00,False,10848,2026-06-16 08:20:00-04:00,10849,DEACTIVATED_CLOSE_THROUGH,10848
IFVG2-000648,1,bullish,2026-06-16 06:23:00-04:00,False,10846,2026-06-16 08:18:00-04:00,10847,DEACTIVATED_OVERSHOOT_LIMIT,10846
IFVG2-000649,1,bullish,2026-06-16 06:37:00-04:00,False,10846,2026-06-16 08:18:00-04:00,10847,DEACTIVATED_CLOSE_THROUGH,10846
IFVG2-000650,1,bearish,2026-06-16 08:10:00-04:00,False,11318,2026-06-16 16:10:00-04:00,11319,EXPIRED_ACTIVE_8H,11318
IFVG2-000651,1,bearish,2026-06-16 08:21:00-04:00,False,10943,2026-06-16 09:55:00-04:00,10944,DEACTIVATED_OVERSHOOT_LIMIT,10943
IFVG2-000652,1,bearish,2026-06-16 08:24:00-04:00,False,10853,2026-06-16 08:25:00-04:00,10854,DEACTIVATED_OVERSHOOT_LIMIT,10853
IFVG2-000653,1,bullish,2026-06-16 08:34:00-04:00,False,10864,2026-06-16 08:36:00-04:00,10865,DEACTIVATED_CLOSE_THROUGH,10864
IFVG2-000654,1,bearish,2026-06-16 08:43:00-04:00,False,10872,2026-06-16 08:44:00-04:00,10873,DEACTIVATED_CLOSE_THROUGH,10872
IFVG2-000655,1,bullish,2026-06-16 08:45:00-04:00,False,10874,2026-06-16 08:46:00-04:00,10875,DEACTIVATED_CLOSE_THROUGH,10874
IFVG2-000656,1,bullish,2026-06-16 09:11:00-04:00,False,10918,2026-06-16 09:30:00-04:00,10919,DEACTIVATED_OVERSHOOT_LIMIT,10918
IFVG2-000657,1,bullish,2026-06-16 09:12:00-04:00,False,10918,2026-06-16 09:30:00-04:00,10919,DEACTIVATED_OVERSHOOT_LIMIT,10918
IFVG2-000658,1,bullish,2026-06-16 09:13:00-04:00,False,10902,2026-06-16 09:14:00-04:00,10903,DEACTIVATED_OVERSHOOT_LIMIT,10902
IFVG2-000659,1,bullish,2026-06-16 09:35:00-04:00,False,10924,2026-06-16 09:36:00-04:00,10925,DEACTIVATED_OVERSHOOT_LIMIT,10924
IFVG2-000660,1,bearish,2026-06-16 09:56:00-04:00,False,11368,2026-06-16 18:00:00-04:00,11369,EXPIRED_ACTIVE_8H,11368
IFVG2-000661,1,bearish,2026-06-16 10:13:00-04:00,False,11381,2026-06-16 18:13:00-04:00,11382,EXPIRED_ACTIVE_8H,11381
IFVG2-000662,1,bullish,2026-06-16 10:40:00-04:00,False,10992,2026-06-16 10:44:00-04:00,10993,DEACTIVATED_CLOSE_THROUGH,10992
IFVG2-000663,1,bullish,2026-06-16 10:40:00-04:00,False,10993,2026-06-16 10:45:00-04:00,10994,DEACTIVATED_CLOSE_THROUGH,10993
IFVG2-000664,1,bearish,2026-06-16 10:45:00-04:00,False,10994,2026-06-16 10:46:00-04:00,10995,DEACTIVATED_CLOSE_THROUGH,10994
IFVG2-000665,1,bullish,2026-06-16 11:53:00-04:00,False,11062,2026-06-16 11:54:00-04:00,11063,DEACTIVATED_OVERSHOOT_LIMIT,11062
IFVG2-000666,1,bullish,2026-06-16 12:03:00-04:00,False,11072,2026-06-16 12:04:00-04:00,11073,DEACTIVATED_CLOSE_THROUGH,11072
IFVG2-000667,1,bullish,2026-06-16 12:09:00-04:00,False,11079,2026-06-16 12:11:00-04:00,11080,DEACTIVATED_OVERSHOOT_LIMIT,11079
IFVG2-000668,1,bearish,2026-06-16 12:31:00-04:00,False,11115,2026-06-16 12:47:00-04:00,11116,DEACTIVATED_OVERSHOOT_LIMIT,11115
IFVG2-000669,1,bearish,2026-06-16 12:36:00-04:00,False,11109,2026-06-16 12:41:00-04:00,11110,DEACTIVATED_CLOSE_THROUGH,11109
IFVG2-000670,1,bullish,2026-06-16 12:47:00-04:00,False,11117,2026-06-16 12:49:00-04:00,11118,DEACTIVATED_CLOSE_THROUGH,11117
IFVG2-000671,1,bullish,2026-06-16 13:23:00-04:00,False,11154,2026-06-16 13:26:00-04:00,11155,DEACTIVATED_OVERSHOOT_LIMIT,11154
IFVG2-000672,1,bearish,2026-06-16 13:35:00-04:00,False,11171,2026-06-16 13:43:00-04:00,11172,DEACTIVATED_CLOSE_THROUGH,11171
IFVG2-000673,1,bullish,2026-06-16 13:54:00-04:00,False,11185,2026-06-16 13:57:00-04:00,11186,DEACTIVATED_OVERSHOOT_LIMIT,11185
IFVG2-000674,1,bullish,2026-06-16 14:25:00-04:00,False,11216,2026-06-16 14:28:00-04:00,11217,DEACTIVATED_CLOSE_THROUGH,11216
IFVG2-000675,1,bullish,2026-06-16 14:26:00-04:00,False,11215,2026-06-16 14:27:00-04:00,11216,DEACTIVATED_CLOSE_THROUGH,11215
IFVG2-000676,1,bearish,2026-06-16 14:30:00-04:00,False,11252,2026-06-16 15:04:00-04:00,11253,DEACTIVATED_CLOSE_THROUGH,11252
IFVG2-000677,1,bullish,2026-06-16 15:03:00-04:00,False,11253,2026-06-16 15:05:00-04:00,11254,DEACTIVATED_CLOSE_THROUGH,11253
IFVG2-000678,1,bullish,2026-06-16 15:24:00-04:00,False,11274,2026-06-16 15:26:00-04:00,11275,DEACTIVATED_CLOSE_THROUGH,11274
IFVG2-000679,1,bearish,2026-06-16 15:26:00-04:00,False,11275,2026-06-16 15:27:00-04:00,11276,DEACTIVATED_CLOSE_THROUGH,11275
IFVG2-000680,1,bullish,2026-06-16 15:30:00-04:00,False,11279,2026-06-16 15:31:00-04:00,11280,DEACTIVATED_CLOSE_THROUGH,11279
IFVG2-000681,1,bearish,2026-06-16 16:09:00-04:00,False,11319,2026-06-16 16:11:00-04:00,11320,DEACTIVATED_OVERSHOOT_LIMIT,11319
IFVG2-000682,1,bullish,2026-06-16 16:25:00-04:00,False,11334,2026-06-16 16:26:00-04:00,11335,DEACTIVATED_OVERSHOOT_LIMIT,11334
IFVG2-000683,1,bearish,2026-06-16 19:20:00-04:00,False,11462,2026-06-16 19:34:00-04:00,11463,DEACTIVATED_OVERSHOOT_LIMIT,11462
IFVG2-000684,1,bearish,2026-06-16 19:37:00-04:00,False,11476,2026-06-16 19:48:00-04:00,11477,DEACTIVATED_OVERSHOOT_LIMIT,11476
IFVG2-000685,1,bullish,2026-06-16 19:48:00-04:00,False,11477,2026-06-16 19:49:00-04:00,11478,DEACTIVATED_CLOSE_THROUGH,11477
IFVG2-000686,1,bullish,2026-06-16 20:01:00-04:00,False,11969,2026-06-17 04:01:00-04:00,11970,EXPIRED_ACTIVE_8H,11969
IFVG2-000687,1,bullish,2026-06-16 20:03:00-04:00,False,11492,2026-06-16 20:04:00-04:00,11493,DEACTIVATED_CLOSE_THROUGH,11492
IFVG2-000688,1,bullish,2026-06-16 20:36:00-04:00,False,11526,2026-06-16 20:38:00-04:00,11527,DEACTIVATED_OVERSHOOT_LIMIT,11526
IFVG2-000689,1,bullish,2026-06-16 21:18:00-04:00,False,12046,2026-06-17 05:18:00-04:00,12047,EXPIRED_ACTIVE_8H,12046
IFVG2-000690,1,bearish,2026-06-16 22:29:00-04:00,False,11676,2026-06-16 23:08:00-04:00,11677,DEACTIVATED_OVERSHOOT_LIMIT,11676
IFVG2-000691,1,bearish,2026-06-16 22:29:00-04:00,False,11710,2026-06-16 23:42:00-04:00,11711,DEACTIVATED_CLOSE_THROUGH,11710
IFVG2-000692,1,bearish,2026-06-16 22:39:00-04:00,False,11649,2026-06-16 22:41:00-04:00,11650,DEACTIVATED_CLOSE_THROUGH,11649
IFVG2-000693,1,bullish,2026-06-16 22:41:00-04:00,False,11656,2026-06-16 22:48:00-04:00,11657,DEACTIVATED_CLOSE_THROUGH,11656
IFVG2-000694,1,bullish,2026-06-16 23:42:00-04:00,False,11769,2026-06-17 00:41:00-04:00,11770,DEACTIVATED_OVERSHOOT_LIMIT,11769
IFVG2-000695,1,bullish,2026-06-17 00:16:00-04:00,False,11760,2026-06-17 00:32:00-04:00,11761,DEACTIVATED_OVERSHOOT_LIMIT,11760
IFVG2-000696,1,bearish,2026-06-17 00:33:00-04:00,False,11774,2026-06-17 00:46:00-04:00,11775,DEACTIVATED_CLOSE_THROUGH,11774
IFVG2-000697,1,bullish,2026-06-17 00:46:00-04:00,False,11778,2026-06-17 00:50:00-04:00,11779,DEACTIVATED_OVERSHOOT_LIMIT,11778
IFVG2-000698,1,bullish,2026-06-17 00:46:00-04:00,False,12014,2026-06-17 04:46:00-04:00,12015,DEACTIVATED_OVERSHOOT_LIMIT,12014
IFVG2-000699,1,bearish,2026-06-17 01:05:00-04:00,False,11806,2026-06-17 01:18:00-04:00,11807,DEACTIVATED_OVERSHOOT_LIMIT,11806
IFVG2-000700,1,bearish,2026-06-17 01:53:00-04:00,False,11852,2026-06-17 02:04:00-04:00,11853,DEACTIVATED_OVERSHOOT_LIMIT,11852
IFVG2-000701,1,bearish,2026-06-17 01:53:00-04:00,False,11855,2026-06-17 02:07:00-04:00,11856,DEACTIVATED_CLOSE_THROUGH,11855
IFVG2-000702,1,bearish,2026-06-17 01:55:00-04:00,False,11844,2026-06-17 01:56:00-04:00,11845,DEACTIVATED_OVERSHOOT_LIMIT,11844
IFVG2-000703,1,bullish,2026-06-17 02:03:00-04:00,False,11852,2026-06-17 02:04:00-04:00,11853,DEACTIVATED_CLOSE_THROUGH,11852
IFVG2-000704,1,bullish,2026-06-17 02:07:00-04:00,False,11858,2026-06-17 02:10:00-04:00,11859,DEACTIVATED_CLOSE_THROUGH,11858
IFVG2-000705,1,bullish,2026-06-17 02:16:00-04:00,False,11866,2026-06-17 02:18:00-04:00,11867,DEACTIVATED_CLOSE_THROUGH,11866
IFVG2-000706,1,bullish,2026-06-17 02:34:00-04:00,False,11883,2026-06-17 02:35:00-04:00,11884,DEACTIVATED_OVERSHOOT_LIMIT,11883
IFVG2-000707,1,bullish,2026-06-17 02:34:00-04:00,False,11999,2026-06-17 04:31:00-04:00,12000,DEACTIVATED_CLOSE_THROUGH,11999
IFVG2-000708,1,bullish,2026-06-17 03:29:00-04:00,False,11942,2026-06-17 03:34:00-04:00,11943,DEACTIVATED_OVERSHOOT_LIMIT,11942
IFVG2-000709,1,bearish,2026-06-17 03:33:00-04:00,False,11943,2026-06-17 03:35:00-04:00,11944,DEACTIVATED_CLOSE_THROUGH,11943
IFVG2-000710,1,bullish,2026-06-17 03:35:00-04:00,False,11956,2026-06-17 03:48:00-04:00,11957,DEACTIVATED_CLOSE_THROUGH,11956
IFVG2-000711,1,bullish,2026-06-17 04:05:00-04:00,False,11978,2026-06-17 04:10:00-04:00,11979,DEACTIVATED_CLOSE_THROUGH,11978
IFVG2-000712,1,bullish,2026-06-17 04:52:00-04:00,False,12077,2026-06-17 05:49:00-04:00,12078,DEACTIVATED_OVERSHOOT_LIMIT,12077
IFVG2-000713,1,bearish,2026-06-17 05:10:00-04:00,False,12041,2026-06-17 05:13:00-04:00,12042,DEACTIVATED_OVERSHOOT_LIMIT,12041
IFVG2-000714,1,bullish,2026-06-17 05:21:00-04:00,False,12062,2026-06-17 05:34:00-04:00,12063,DEACTIVATED_CLOSE_THROUGH,12062
IFVG2-000715,1,bearish,2026-06-17 05:32:00-04:00,False,12297,2026-06-17 09:29:00-04:00,12298,DEACTIVATED_CLOSE_THROUGH,12297
IFVG2-000716,1,bearish,2026-06-17 05:51:00-04:00,False,12112,2026-06-17 06:24:00-04:00,12113,DEACTIVATED_OVERSHOOT_LIMIT,12112
IFVG2-000717,1,bearish,2026-06-17 06:01:00-04:00,False,12108,2026-06-17 06:20:00-04:00,12109,DEACTIVATED_CLOSE_THROUGH,12108
IFVG2-000718,1,bullish,2026-06-17 06:14:00-04:00,False,12107,2026-06-17 06:19:00-04:00,12108,DEACTIVATED_CLOSE_THROUGH,12107
IFVG2-000719,1,bullish,2026-06-17 06:44:00-04:00,False,12136,2026-06-17 06:48:00-04:00,12137,DEACTIVATED_CLOSE_THROUGH,12136
IFVG2-000720,1,bullish,2026-06-17 06:45:00-04:00,False,12134,2026-06-17 06:46:00-04:00,12135,DEACTIVATED_CLOSE_THROUGH,12134
IFVG2-000721,1,bearish,2026-06-17 06:48:00-04:00,False,12137,2026-06-17 06:49:00-04:00,12138,DEACTIVATED_CLOSE_THROUGH,12137
IFVG2-000722,1,bullish,2026-06-17 06:49:00-04:00,False,12141,2026-06-17 06:53:00-04:00,12142,DEACTIVATED_CLOSE_THROUGH,12141
IFVG2-000723,1,bullish,2026-06-17 06:50:00-04:00,False,12139,2026-06-17 06:51:00-04:00,12140,DEACTIVATED_CLOSE_THROUGH,12139
IFVG2-000724,1,bearish,2026-06-17 06:58:00-04:00,False,12148,2026-06-17 07:00:00-04:00,12149,DEACTIVATED_OVERSHOOT_LIMIT,12148
IFVG2-000725,1,bullish,2026-06-17 07:10:00-04:00,False,12159,2026-06-17 07:11:00-04:00,12160,DEACTIVATED_OVERSHOOT_LIMIT,12159
IFVG2-000726,1,bullish,2026-06-17 08:21:00-04:00,False,12299,2026-06-17 09:31:00-04:00,12300,DEACTIVATED_CLOSE_THROUGH,12299
IFVG2-000727,1,bullish,2026-06-17 08:22:00-04:00,False,12231,2026-06-17 08:23:00-04:00,12232,DEACTIVATED_CLOSE_THROUGH,12231
IFVG2-000728,1,bullish,2026-06-17 08:36:00-04:00,False,12246,2026-06-17 08:38:00-04:00,12247,DEACTIVATED_CLOSE_THROUGH,12246
IFVG2-000729,1,bullish,2026-06-17 08:44:00-04:00,False,12265,2026-06-17 08:57:00-04:00,12266,DEACTIVATED_CLOSE_THROUGH,12265
IFVG2-000730,1,bearish,2026-06-17 08:53:00-04:00,False,12286,2026-06-17 09:18:00-04:00,12287,DEACTIVATED_CLOSE_THROUGH,12286
IFVG2-000731,1,bearish,2026-06-17 08:57:00-04:00,False,12266,2026-06-17 08:58:00-04:00,12267,DEACTIVATED_OVERSHOOT_LIMIT,12266
IFVG2-000732,1,bullish,2026-06-17 09:25:00-04:00,False,12294,2026-06-17 09:26:00-04:00,12295,DEACTIVATED_OVERSHOOT_LIMIT,12294
IFVG2-000733,1,bearish,2026-06-17 09:38:00-04:00,False,12307,2026-06-17 09:39:00-04:00,12308,DEACTIVATED_OVERSHOOT_LIMIT,12307
IFVG2-000734,1,bearish,2026-06-17 09:38:00-04:00,False,12307,2026-06-17 09:39:00-04:00,12308,DEACTIVATED_OVERSHOOT_LIMIT,12307
IFVG2-000735,1,bearish,2026-06-17 09:50:00-04:00,False,12319,2026-06-17 09:51:00-04:00,12320,DEACTIVATED_CLOSE_THROUGH,12319
IFVG2-000736,1,bearish,2026-06-17 09:56:00-04:00,False,12340,2026-06-17 10:12:00-04:00,12341,DEACTIVATED_OVERSHOOT_LIMIT,12340
IFVG2-000737,1,bullish,2026-06-17 10:14:00-04:00,False,12366,2026-06-17 10:38:00-04:00,12367,DEACTIVATED_CLOSE_THROUGH,12366
IFVG2-000738,1,bearish,2026-06-17 10:32:00-04:00,False,12361,2026-06-17 10:33:00-04:00,12362,DEACTIVATED_OVERSHOOT_LIMIT,12361
IFVG2-000739,1,bullish,2026-06-17 10:34:00-04:00,False,12363,2026-06-17 10:35:00-04:00,12364,DEACTIVATED_OVERSHOOT_LIMIT,12363
IFVG2-000740,1,bearish,2026-06-17 10:47:00-04:00,False,12380,2026-06-17 10:52:00-04:00,12381,DEACTIVATED_CLOSE_THROUGH,12380
IFVG2-000741,1,bullish,2026-06-17 11:03:00-04:00,False,12392,2026-06-17 11:04:00-04:00,12393,DEACTIVATED_CLOSE_THROUGH,12392
IFVG2-000742,1,bullish,2026-06-17 11:49:00-04:00,False,12460,2026-06-17 12:12:00-04:00,12461,DEACTIVATED_CLOSE_THROUGH,12460
IFVG2-000743,1,bullish,2026-06-17 13:22:00-04:00,False,12538,2026-06-17 13:30:00-04:00,12539,DEACTIVATED_OVERSHOOT_LIMIT,12538
IFVG2-000744,1,bearish,2026-06-17 13:30:00-04:00,False,12547,2026-06-17 13:39:00-04:00,12548,DEACTIVATED_OVERSHOOT_LIMIT,12547
IFVG2-000745,1,bearish,2026-06-17 13:32:00-04:00,False,12541,2026-06-17 13:33:00-04:00,12542,DEACTIVATED_CLOSE_THROUGH,12541
IFVG2-000746,1,bullish,2026-06-17 13:51:00-04:00,False,12568,2026-06-17 14:00:00-04:00,12569,DEACTIVATED_CLOSE_THROUGH,12568
IFVG2-000747,1,bearish,2026-06-17 14:00:00-04:00,False,12606,2026-06-17 14:38:00-04:00,12607,DEACTIVATED_CLOSE_THROUGH,12606
IFVG2-000748,1,bearish,2026-06-17 14:00:00-04:00,False,12608,2026-06-17 14:40:00-04:00,12609,DEACTIVATED_OVERSHOOT_LIMIT,12608
IFVG2-000749,1,bearish,2026-06-17 14:00:00-04:00,False,12610,2026-06-17 14:42:00-04:00,12611,DEACTIVATED_CLOSE_THROUGH,12610
IFVG2-000750,1,bearish,2026-06-17 14:00:00-04:00,False,12611,2026-06-17 14:43:00-04:00,12612,DEACTIVATED_CLOSE_THROUGH,12611
IFVG2-000751,1,bullish,2026-06-17 14:08:00-04:00,False,12648,2026-06-17 15:20:00-04:00,12649,DEACTIVATED_CLOSE_THROUGH,12648
IFVG2-000752,1,bullish,2026-06-17 14:09:00-04:00,False,12578,2026-06-17 14:10:00-04:00,12579,DEACTIVATED_CLOSE_THROUGH,12578
IFVG2-000753,1,bearish,2026-06-17 14:46:00-04:00,False,12615,2026-06-17 14:47:00-04:00,12616,DEACTIVATED_CLOSE_THROUGH,12615
IFVG2-000754,1,bullish,2026-06-17 15:13:00-04:00,False,12643,2026-06-17 15:15:00-04:00,12644,DEACTIVATED_CLOSE_THROUGH,12643
IFVG2-000755,1,bullish,2026-06-17 15:13:00-04:00,False,12645,2026-06-17 15:17:00-04:00,12646,DEACTIVATED_CLOSE_THROUGH,12645
IFVG2-000756,1,bearish,2026-06-17 15:20:00-04:00,False,12650,2026-06-17 15:22:00-04:00,12651,DEACTIVATED_OVERSHOOT_LIMIT,12650
IFVG2-000757,1,bullish,2026-06-17 15:46:00-04:00,False,12678,2026-06-17 15:50:00-04:00,12679,DEACTIVATED_CLOSE_THROUGH,12678
IFVG2-000758,1,bullish,2026-06-17 15:55:00-04:00,False,13103,2026-06-17 23:55:00-04:00,13104,EXPIRED_ACTIVE_8H,13103
IFVG2-000759,1,bullish,2026-06-17 16:17:00-04:00,False,13125,2026-06-18 00:17:00-04:00,13126,EXPIRED_UNTOUCHED_8H,13125
IFVG2-000760,1,bearish,2026-06-17 16:42:00-04:00,False,12748,2026-06-17 18:00:00-04:00,12749,DEACTIVATED_OVERSHOOT_LIMIT,12748
IFVG2-000761,1,bullish,2026-06-17 18:20:00-04:00,False,13248,2026-06-18 02:20:00-04:00,13249,EXPIRED_ACTIVE_8H,13248
IFVG2-000762,1,bullish,2026-06-17 18:35:00-04:00,False,12789,2026-06-17 18:41:00-04:00,12790,DEACTIVATED_OVERSHOOT_LIMIT,12789
IFVG2-000763,1,bearish,2026-06-17 18:58:00-04:00,False,12809,2026-06-17 19:01:00-04:00,12810,DEACTIVATED_OVERSHOOT_LIMIT,12809
IFVG2-000764,1,bearish,2026-06-17 19:05:00-04:00,False,12814,2026-06-17 19:06:00-04:00,12815,DEACTIVATED_CLOSE_THROUGH,12814
IFVG2-000765,1,bearish,2026-06-17 19:05:00-04:00,False,12816,2026-06-17 19:08:00-04:00,12817,DEACTIVATED_OVERSHOOT_LIMIT,12816
IFVG2-000766,1,bullish,2026-06-17 19:20:00-04:00,False,13308,2026-06-18 03:20:00-04:00,13309,EXPIRED_ACTIVE_8H,13308
IFVG2-000767,1,bullish,2026-06-17 19:59:00-04:00,False,13153,2026-06-18 00:45:00-04:00,13154,DEACTIVATED_CLOSE_THROUGH,13153
IFVG2-000768,1,bullish,2026-06-17 20:00:00-04:00,False,13133,2026-06-18 00:25:00-04:00,13134,DEACTIVATED_OVERSHOOT_LIMIT,13133
IFVG2-000769,1,bearish,2026-06-17 20:25:00-04:00,False,12894,2026-06-17 20:26:00-04:00,12895,DEACTIVATED_OVERSHOOT_LIMIT,12894
IFVG2-000770,1,bullish,2026-06-17 20:29:00-04:00,False,12919,2026-06-17 20:51:00-04:00,12920,DEACTIVATED_OVERSHOOT_LIMIT,12919
IFVG2-000771,1,bearish,2026-06-17 20:35:00-04:00,False,12905,2026-06-17 20:37:00-04:00,12906,DEACTIVATED_CLOSE_THROUGH,12905
IFVG2-000772,1,bullish,2026-06-17 21:01:00-04:00,False,12975,2026-06-17 21:47:00-04:00,12976,DEACTIVATED_CLOSE_THROUGH,12975
IFVG2-000773,1,bearish,2026-06-17 21:46:00-04:00,False,12975,2026-06-17 21:47:00-04:00,12976,DEACTIVATED_OVERSHOOT_LIMIT,12975
IFVG2-000774,1,bearish,2026-06-17 21:47:00-04:00,False,12978,2026-06-17 21:50:00-04:00,12979,DEACTIVATED_CLOSE_THROUGH,12978
IFVG2-000775,1,bullish,2026-06-17 22:38:00-04:00,False,13034,2026-06-17 22:46:00-04:00,13035,DEACTIVATED_CLOSE_THROUGH,13034
IFVG2-000776,1,bullish,2026-06-17 22:50:00-04:00,False,13045,2026-06-17 22:57:00-04:00,13046,DEACTIVATED_CLOSE_THROUGH,13045
IFVG2-000777,1,bullish,2026-06-17 23:21:00-04:00,False,13084,2026-06-17 23:36:00-04:00,13085,DEACTIVATED_CLOSE_THROUGH,13084
IFVG2-000778,1,bearish,2026-06-17 23:36:00-04:00,False,13098,2026-06-17 23:50:00-04:00,13099,DEACTIVATED_CLOSE_THROUGH,13098
IFVG2-000779,1,bullish,2026-06-17 23:49:00-04:00,False,13113,2026-06-18 00:05:00-04:00,13114,DEACTIVATED_CLOSE_THROUGH,13113
IFVG2-000780,1,bullish,2026-06-17 23:50:00-04:00,False,13100,2026-06-17 23:52:00-04:00,13101,DEACTIVATED_OVERSHOOT_LIMIT,13100
IFVG2-000781,1,bullish,2026-06-17 23:56:00-04:00,False,13106,2026-06-17 23:58:00-04:00,13107,DEACTIVATED_CLOSE_THROUGH,13106
IFVG2-000782,1,bearish,2026-06-18 00:04:00-04:00,False,13285,2026-06-18 02:57:00-04:00,13286,DEACTIVATED_CLOSE_THROUGH,13285
IFVG2-000783,1,bearish,2026-06-18 00:05:00-04:00,False,13285,2026-06-18 02:57:00-04:00,13286,DEACTIVATED_CLOSE_THROUGH,13285
IFVG2-000784,1,bearish,2026-06-18 00:39:00-04:00,False,13164,2026-06-18 00:56:00-04:00,13165,DEACTIVATED_CLOSE_THROUGH,13164
IFVG2-000785,1,bearish,2026-06-18 00:45:00-04:00,False,13156,2026-06-18 00:48:00-04:00,13157,DEACTIVATED_CLOSE_THROUGH,13156
IFVG2-000786,1,bullish,2026-06-18 00:46:00-04:00,False,13155,2026-06-18 00:47:00-04:00,13156,DEACTIVATED_OVERSHOOT_LIMIT,13155
IFVG2-000787,1,bullish,2026-06-18 01:03:00-04:00,False,13181,2026-06-18 01:13:00-04:00,13182,DEACTIVATED_CLOSE_THROUGH,13181
IFVG2-000788,1,bullish,2026-06-18 01:15:00-04:00,False,13205,2026-06-18 01:37:00-04:00,13206,DEACTIVATED_CLOSE_THROUGH,13205
IFVG2-000789,1,bullish,2026-06-18 01:15:00-04:00,False,13205,2026-06-18 01:37:00-04:00,13206,DEACTIVATED_CLOSE_THROUGH,13205
IFVG2-000790,1,bearish,2026-06-18 02:00:00-04:00,False,13231,2026-06-18 02:03:00-04:00,13232,DEACTIVATED_CLOSE_THROUGH,13231
IFVG2-000791,1,bearish,2026-06-18 02:07:00-04:00,False,13243,2026-06-18 02:15:00-04:00,13244,DEACTIVATED_OVERSHOOT_LIMIT,13243
IFVG2-000792,1,bullish,2026-06-18 02:22:00-04:00,False,13730,2026-06-18 10:22:00-04:00,13731,EXPIRED_ACTIVE_8H,13730
IFVG2-000793,1,bullish,2026-06-18 02:57:00-04:00,False,13302,2026-06-18 03:14:00-04:00,13303,DEACTIVATED_CLOSE_THROUGH,13302
IFVG2-000794,1,bullish,2026-06-18 02:57:00-04:00,False,13305,2026-06-18 03:17:00-04:00,13306,DEACTIVATED_CLOSE_THROUGH,13305
IFVG2-000795,1,bullish,2026-06-18 03:23:00-04:00,False,13321,2026-06-18 03:33:00-04:00,13322,DEACTIVATED_OVERSHOOT_LIMIT,13321
IFVG2-000796,1,bullish,2026-06-18 03:37:00-04:00,False,13330,2026-06-18 03:42:00-04:00,13331,DEACTIVATED_OVERSHOOT_LIMIT,13330
IFVG2-000797,1,bullish,2026-06-18 04:33:00-04:00,False,13382,2026-06-18 04:34:00-04:00,13383,DEACTIVATED_CLOSE_THROUGH,13382
IFVG2-000798,1,bullish,2026-06-18 04:41:00-04:00,False,13391,2026-06-18 04:43:00-04:00,13392,DEACTIVATED_CLOSE_THROUGH,13391
IFVG2-000799,1,bearish,2026-06-18 04:56:00-04:00,False,13423,2026-06-18 05:15:00-04:00,13424,DEACTIVATED_CLOSE_THROUGH,13423
IFVG2-000800,1,bullish,2026-06-18 05:02:00-04:00,False,13411,2026-06-18 05:03:00-04:00,13412,DEACTIVATED_OVERSHOOT_LIMIT,13411
IFVG2-000801,1,bearish,2026-06-18 05:11:00-04:00,False,13420,2026-06-18 05:12:00-04:00,13421,DEACTIVATED_CLOSE_THROUGH,13420
IFVG2-000802,1,bullish,2026-06-18 05:13:00-04:00,False,13534,2026-06-18 07:06:00-04:00,13535,DEACTIVATED_CLOSE_THROUGH,13534
IFVG2-000803,1,bearish,2026-06-18 06:02:00-04:00,False,13472,2026-06-18 06:04:00-04:00,13473,DEACTIVATED_OVERSHOOT_LIMIT,13472
IFVG2-000804,1,bearish,2026-06-18 06:23:00-04:00,False,13493,2026-06-18 06:25:00-04:00,13494,DEACTIVATED_CLOSE_THROUGH,13493
IFVG2-000805,1,bullish,2026-06-18 06:25:00-04:00,False,13495,2026-06-18 06:27:00-04:00,13496,DEACTIVATED_CLOSE_THROUGH,13495
IFVG2-000806,1,bullish,2026-06-18 06:25:00-04:00,False,13495,2026-06-18 06:27:00-04:00,13496,DEACTIVATED_CLOSE_THROUGH,13495
IFVG2-000807,1,bearish,2026-06-18 06:32:00-04:00,False,13618,2026-06-18 08:30:00-04:00,13619,DEACTIVATED_OVERSHOOT_LIMIT,13618
IFVG2-000808,1,bearish,2026-06-18 06:42:00-04:00,False,13531,2026-06-18 07:03:00-04:00,13532,DEACTIVATED_CLOSE_THROUGH,13531
IFVG2-000809,1,bearish,2026-06-18 06:44:00-04:00,False,13516,2026-06-18 06:48:00-04:00,13517,DEACTIVATED_OVERSHOOT_LIMIT,13516
IFVG2-000810,1,bearish,2026-06-18 06:44:00-04:00,False,13528,2026-06-18 07:00:00-04:00,13529,DEACTIVATED_OVERSHOOT_LIMIT,13528
IFVG2-000811,1,bullish,2026-06-18 07:03:00-04:00,False,13532,2026-06-18 07:04:00-04:00,13533,DEACTIVATED_CLOSE_THROUGH,13532
IFVG2-000812,1,bearish,2026-06-18 07:21:00-04:00,False,13553,2026-06-18 07:25:00-04:00,13554,DEACTIVATED_CLOSE_THROUGH,13553
IFVG2-000813,1,bearish,2026-06-18 07:38:00-04:00,False,13578,2026-06-18 07:50:00-04:00,13579,DEACTIVATED_CLOSE_THROUGH,13578
IFVG2-000814,1,bullish,2026-06-18 08:20:00-04:00,False,13684,2026-06-18 09:36:00-04:00,13685,DEACTIVATED_CLOSE_THROUGH,13684
IFVG2-000815,1,bullish,2026-06-18 08:35:00-04:00,False,13629,2026-06-18 08:41:00-04:00,13630,DEACTIVATED_OVERSHOOT_LIMIT,13629
IFVG2-000816,1,bullish,2026-06-18 09:11:00-04:00,False,13682,2026-06-18 09:34:00-04:00,13683,DEACTIVATED_CLOSE_THROUGH,13682
IFVG2-000817,1,bearish,2026-06-18 09:34:00-04:00,False,13698,2026-06-18 09:50:00-04:00,13699,DEACTIVATED_OVERSHOOT_LIMIT,13698
IFVG2-000818,1,bearish,2026-06-18 09:36:00-04:00,False,13685,2026-06-18 09:37:00-04:00,13686,DEACTIVATED_CLOSE_THROUGH,13685
IFVG2-000819,1,bullish,2026-06-18 10:06:00-04:00,False,13738,2026-06-18 10:30:00-04:00,13739,DEACTIVATED_CLOSE_THROUGH,13738
IFVG2-000820,1,bearish,2026-06-18 10:14:00-04:00,False,13724,2026-06-18 10:16:00-04:00,13725,DEACTIVATED_CLOSE_THROUGH,13724
IFVG2-000821,1,bearish,2026-06-18 10:28:00-04:00,False,13744,2026-06-18 10:36:00-04:00,13745,DEACTIVATED_OVERSHOOT_LIMIT,13744
IFVG2-000822,1,bullish,2026-06-18 10:34:00-04:00,False,13743,2026-06-18 10:35:00-04:00,13744,DEACTIVATED_CLOSE_THROUGH,13743
IFVG2-000823,1,bullish,2026-06-18 10:37:00-04:00,False,13804,2026-06-18 11:36:00-04:00,13805,DEACTIVATED_CLOSE_THROUGH,13804
IFVG2-000824,1,bearish,2026-06-18 10:41:00-04:00,False,13751,2026-06-18 10:43:00-04:00,13752,DEACTIVATED_OVERSHOOT_LIMIT,13751
IFVG2-000825,1,bullish,2026-06-18 10:58:00-04:00,False,13767,2026-06-18 10:59:00-04:00,13768,DEACTIVATED_CLOSE_THROUGH,13767
IFVG2-000826,1,bullish,2026-06-18 11:47:00-04:00,False,13816,2026-06-18 11:48:00-04:00,13817,DEACTIVATED_OVERSHOOT_LIMIT,13816
IFVG2-000827,1,bullish,2026-06-18 13:30:00-04:00,False,13928,2026-06-18 13:40:00-04:00,13929,DEACTIVATED_OVERSHOOT_LIMIT,13928
IFVG2-000828,1,bearish,2026-06-18 13:46:00-04:00,False,13935,2026-06-18 13:47:00-04:00,13936,DEACTIVATED_CLOSE_THROUGH,13935
IFVG2-000829,1,bullish,2026-06-18 14:22:00-04:00,False,13971,2026-06-18 14:23:00-04:00,13972,DEACTIVATED_OVERSHOOT_LIMIT,13971
IFVG2-000830,1,bullish,2026-06-18 14:48:00-04:00,False,14005,2026-06-18 14:57:00-04:00,14006,DEACTIVATED_CLOSE_THROUGH,14005
IFVG2-000831,1,bearish,2026-06-18 15:01:00-04:00,False,14010,2026-06-18 15:02:00-04:00,14011,DEACTIVATED_OVERSHOOT_LIMIT,14010
IFVG2-000832,1,bullish,2026-06-18 15:19:00-04:00,False,14041,2026-06-18 15:33:00-04:00,14042,DEACTIVATED_OVERSHOOT_LIMIT,14041
IFVG2-000833,1,bearish,2026-06-18 15:50:00-04:00,False,14059,2026-06-18 15:51:00-04:00,14060,DEACTIVATED_CLOSE_THROUGH,14059
IFVG2-000834,1,bearish,2026-06-18 15:50:00-04:00,False,14065,2026-06-18 15:57:00-04:00,14066,DEACTIVATED_OVERSHOOT_LIMIT,14065
IFVG2-000835,1,bearish,2026-06-18 15:59:00-04:00,False,14068,2026-06-18 16:00:00-04:00,14069,DEACTIVATED_OVERSHOOT_LIMIT,14068
IFVG2-000836,1,bearish,2026-06-18 16:33:00-04:00,False,14102,2026-06-18 16:34:00-04:00,14103,DEACTIVATED_OVERSHOOT_LIMIT,14102
IFVG2-000837,1,bearish,2026-06-18 16:41:00-04:00,False,14128,2026-06-18 18:00:00-04:00,14129,DEACTIVATED_CLOSE_THROUGH,14128
IFVG2-000838,1,bearish,2026-06-18 16:48:00-04:00,False,14128,2026-06-18 18:00:00-04:00,14129,DEACTIVATED_CLOSE_THROUGH,14128
IFVG2-000839,1,bearish,2026-06-18 18:19:00-04:00,False,14627,2026-06-19 02:19:00-04:00,14628,EXPIRED_UNTOUCHED_8H,14627
IFVG2-000840,1,bearish,2026-06-18 19:12:00-04:00,False,14209,2026-06-18 19:21:00-04:00,14210,DEACTIVATED_CLOSE_THROUGH,14209
IFVG2-000841,1,bearish,2026-06-18 19:25:00-04:00,False,14215,2026-06-18 19:27:00-04:00,14216,DEACTIVATED_OVERSHOOT_LIMIT,14215
IFVG2-000842,1,bullish,2026-06-18 19:27:00-04:00,False,14219,2026-06-18 19:31:00-04:00,14220,DEACTIVATED_CLOSE_THROUGH,14219
IFVG2-000843,1,bearish,2026-06-18 19:31:00-04:00,False,14220,2026-06-18 19:32:00-04:00,14221,DEACTIVATED_CLOSE_THROUGH,14220
IFVG2-000844,1,bullish,2026-06-18 20:23:00-04:00,False,14285,2026-06-18 20:37:00-04:00,14286,DEACTIVATED_CLOSE_THROUGH,14285
IFVG2-000845,1,bearish,2026-06-18 22:14:00-04:00,False,14383,2026-06-18 22:15:00-04:00,14384,DEACTIVATED_OVERSHOOT_LIMIT,14383
IFVG2-000846,1,bullish,2026-06-18 22:42:00-04:00,False,14411,2026-06-18 22:43:00-04:00,14412,DEACTIVATED_OVERSHOOT_LIMIT,14411
IFVG2-000847,1,bearish,2026-06-18 22:45:00-04:00,False,14698,2026-06-19 03:30:00-04:00,14699,DEACTIVATED_CLOSE_THROUGH,14698
IFVG2-000848,1,bearish,2026-06-18 22:51:00-04:00,False,14423,2026-06-18 22:55:00-04:00,14424,DEACTIVATED_CLOSE_THROUGH,14423
IFVG2-000849,1,bearish,2026-06-18 23:42:00-04:00,False,14660,2026-06-19 02:52:00-04:00,14661,DEACTIVATED_CLOSE_THROUGH,14660
IFVG2-000850,1,bearish,2026-06-19 00:15:00-04:00,False,14504,2026-06-19 00:16:00-04:00,14505,DEACTIVATED_OVERSHOOT_LIMIT,14504
IFVG2-000851,1,bearish,2026-06-19 00:30:00-04:00,False,14608,2026-06-19 02:00:00-04:00,14609,DEACTIVATED_CLOSE_THROUGH,14608
IFVG2-000852,1,bullish,2026-06-19 01:50:00-04:00,False,15078,2026-06-19 09:50:00-04:00,15079,EXPIRED_UNTOUCHED_8H,15078
IFVG2-000853,1,bullish,2026-06-19 02:00:00-04:00,False,15088,2026-06-19 10:00:00-04:00,15089,EXPIRED_UNTOUCHED_8H,15088
IFVG2-000854,1,bullish,2026-06-19 02:55:00-04:00,False,14664,2026-06-19 02:56:00-04:00,14665,DEACTIVATED_CLOSE_THROUGH,14664
IFVG2-000855,1,bullish,2026-06-19 03:14:00-04:00,False,14872,2026-06-19 06:24:00-04:00,14873,DEACTIVATED_OVERSHOOT_LIMIT,14872
IFVG2-000856,1,bullish,2026-06-19 03:30:00-04:00,False,14699,2026-06-19 03:31:00-04:00,14700,DEACTIVATED_CLOSE_THROUGH,14699
IFVG2-000857,1,bullish,2026-06-19 03:51:00-04:00,False,14853,2026-06-19 06:05:00-04:00,14854,DEACTIVATED_OVERSHOOT_LIMIT,14853
IFVG2-000858,1,bullish,2026-06-19 04:04:00-04:00,False,14811,2026-06-19 05:23:00-04:00,14812,DEACTIVATED_CLOSE_THROUGH,14811
IFVG2-000859,1,bearish,2026-06-19 05:04:00-04:00,False,14828,2026-06-19 05:40:00-04:00,14829,DEACTIVATED_OVERSHOOT_LIMIT,14828
IFVG2-000860,1,bearish,2026-06-19 05:22:00-04:00,False,14820,2026-06-19 05:32:00-04:00,14821,DEACTIVATED_CLOSE_THROUGH,14820
IFVG2-000861,1,bullish,2026-06-19 06:09:00-04:00,False,14863,2026-06-19 06:15:00-04:00,14864,DEACTIVATED_OVERSHOOT_LIMIT,14863
IFVG2-000862,1,bearish,2026-06-19 06:53:00-04:00,False,14941,2026-06-19 07:33:00-04:00,14942,DEACTIVATED_CLOSE_THROUGH,14941
IFVG2-000863,1,bullish,2026-06-19 07:31:00-04:00,False,14986,2026-06-19 08:18:00-04:00,14987,DEACTIVATED_OVERSHOOT_LIMIT,14986
IFVG2-000864,1,bullish,2026-06-19 07:32:00-04:00,False,14963,2026-06-19 07:55:00-04:00,14964,DEACTIVATED_OVERSHOOT_LIMIT,14963
IFVG2-000865,1,bearish,2026-06-19 07:48:00-04:00,False,14957,2026-06-19 07:49:00-04:00,14958,DEACTIVATED_OVERSHOOT_LIMIT,14957
IFVG2-000866,1,bullish,2026-06-19 07:50:00-04:00,False,14959,2026-06-19 07:51:00-04:00,14960,DEACTIVATED_CLOSE_THROUGH,14959
IFVG2-000867,1,bullish,2026-06-19 07:59:00-04:00,False,14974,2026-06-19 08:06:00-04:00,14975,DEACTIVATED_CLOSE_THROUGH,14974
IFVG2-000868,1,bearish,2026-06-19 08:02:00-04:00,False,14971,2026-06-19 08:03:00-04:00,14972,DEACTIVATED_OVERSHOOT_LIMIT,14971
IFVG2-000869,1,bearish,2026-06-19 08:07:00-04:00,False,14977,2026-06-19 08:09:00-04:00,14978,DEACTIVATED_CLOSE_THROUGH,14977
IFVG2-000870,1,bullish,2026-06-19 08:09:00-04:00,False,14978,2026-06-19 08:10:00-04:00,14979,DEACTIVATED_OVERSHOOT_LIMIT,14978
IFVG2-000871,1,bearish,2026-06-19 08:30:00-04:00,False,15014,2026-06-19 08:46:00-04:00,15015,DEACTIVATED_CLOSE_THROUGH,15014
IFVG2-000872,1,bullish,2026-06-19 08:50:00-04:00,False,15268,2026-06-21 18:00:00-04:00,15269,DEACTIVATED_CLOSE_THROUGH,15268
IFVG2-000873,1,bullish,2026-06-19 08:51:00-04:00,False,15268,2026-06-21 18:00:00-04:00,15269,DEACTIVATED_CLOSE_THROUGH,15268
IFVG2-000874,1,bullish,2026-06-19 09:08:00-04:00,False,15043,2026-06-19 09:15:00-04:00,15044,DEACTIVATED_CLOSE_THROUGH,15043
IFVG2-000875,1,bearish,2026-06-19 10:00:00-04:00,False,15134,2026-06-19 10:46:00-04:00,15135,DEACTIVATED_CLOSE_THROUGH,15134
IFVG2-000876,1,bullish,2026-06-19 10:46:00-04:00,False,15184,2026-06-19 11:36:00-04:00,15185,DEACTIVATED_CLOSE_THROUGH,15184
IFVG2-000877,1,bearish,2026-06-19 11:13:00-04:00,False,15162,2026-06-19 11:14:00-04:00,15163,DEACTIVATED_OVERSHOOT_LIMIT,15162
IFVG2-000878,1,bullish,2026-06-19 11:20:00-04:00,False,15170,2026-06-19 11:22:00-04:00,15171,DEACTIVATED_CLOSE_THROUGH,15170
IFVG2-000879,1,bearish,2026-06-19 11:23:00-04:00,False,15172,2026-06-19 11:24:00-04:00,15173,DEACTIVATED_OVERSHOOT_LIMIT,15172
IFVG2-000880,1,bullish,2026-06-19 11:49:00-04:00,False,15198,2026-06-19 11:50:00-04:00,15199,DEACTIVATED_OVERSHOOT_LIMIT,15198
IFVG2-000881,1,bearish,2026-06-19 12:08:00-04:00,False,15221,2026-06-19 12:13:00-04:00,15222,DEACTIVATED_OVERSHOOT_LIMIT,15221
IFVG2-000882,1,bullish,2026-06-19 12:12:00-04:00,False,15222,2026-06-19 12:14:00-04:00,15223,DEACTIVATED_OVERSHOOT_LIMIT,15222
IFVG2-000883,1,bullish,2026-06-19 12:13:00-04:00,False,15222,2026-06-19 12:14:00-04:00,15223,DEACTIVATED_CLOSE_THROUGH,15222
IFVG2-000884,1,bearish,2026-06-21 18:00:00-04:00,False,15443,2026-06-21 20:55:00-04:00,15444,DEACTIVATED_OVERSHOOT_LIMIT,15443
IFVG2-000885,1,bullish,2026-06-21 18:43:00-04:00,False,15326,2026-06-21 18:58:00-04:00,15327,DEACTIVATED_CLOSE_THROUGH,15326
IFVG2-000886,1,bearish,2026-06-21 18:57:00-04:00,False,15417,2026-06-21 20:29:00-04:00,15418,DEACTIVATED_CLOSE_THROUGH,15417
IFVG2-000887,1,bearish,2026-06-21 18:58:00-04:00,False,15406,2026-06-21 20:18:00-04:00,15407,DEACTIVATED_CLOSE_THROUGH,15406
IFVG2-000888,1,bearish,2026-06-21 18:58:00-04:00,False,15415,2026-06-21 20:27:00-04:00,15416,DEACTIVATED_CLOSE_THROUGH,15415
IFVG2-000889,1,bearish,2026-06-21 19:25:00-04:00,False,15358,2026-06-21 19:30:00-04:00,15359,DEACTIVATED_OVERSHOOT_LIMIT,15358
IFVG2-000890,1,bullish,2026-06-21 20:00:00-04:00,False,15868,2026-06-22 04:00:00-04:00,15869,EXPIRED_UNTOUCHED_8H,15868
IFVG2-000891,1,bullish,2026-06-21 20:01:00-04:00,False,15869,2026-06-22 04:01:00-04:00,15870,EXPIRED_ACTIVE_8H,15869
IFVG2-000892,1,bullish,2026-06-21 20:01:00-04:00,False,15869,2026-06-22 04:01:00-04:00,15870,EXPIRED_UNTOUCHED_8H,15869
IFVG2-000893,1,bearish,2026-06-21 20:08:00-04:00,False,15398,2026-06-21 20:10:00-04:00,15399,DEACTIVATED_OVERSHOOT_LIMIT,15398
IFVG2-000894,1,bullish,2026-06-21 20:29:00-04:00,False,15420,2026-06-21 20:32:00-04:00,15421,DEACTIVATED_OVERSHOOT_LIMIT,15420
IFVG2-000895,1,bullish,2026-06-21 20:49:00-04:00,False,15569,2026-06-21 23:01:00-04:00,15570,DEACTIVATED_CLOSE_THROUGH,15569
IFVG2-000896,1,bearish,2026-06-21 21:12:00-04:00,False,15465,2026-06-21 21:17:00-04:00,15466,DEACTIVATED_CLOSE_THROUGH,15465
IFVG2-000897,1,bullish,2026-06-21 21:25:00-04:00,False,15501,2026-06-21 21:53:00-04:00,15502,DEACTIVATED_CLOSE_THROUGH,15501
IFVG2-000898,1,bullish,2026-06-21 21:34:00-04:00,False,15484,2026-06-21 21:36:00-04:00,15485,DEACTIVATED_OVERSHOOT_LIMIT,15484
IFVG2-000899,1,bullish,2026-06-21 21:51:00-04:00,False,15500,2026-06-21 21:52:00-04:00,15501,DEACTIVATED_CLOSE_THROUGH,15500
IFVG2-000900,1,bearish,2026-06-21 21:52:00-04:00,False,15696,2026-06-22 01:08:00-04:00,15697,DEACTIVATED_CLOSE_THROUGH,15696
IFVG2-000901,1,bearish,2026-06-21 21:59:00-04:00,False,15508,2026-06-21 22:00:00-04:00,15509,DEACTIVATED_CLOSE_THROUGH,15508
IFVG2-000902,1,bearish,2026-06-21 22:10:00-04:00,False,15519,2026-06-21 22:11:00-04:00,15520,DEACTIVATED_OVERSHOOT_LIMIT,15519
IFVG2-000903,1,bearish,2026-06-21 23:01:00-04:00,False,15572,2026-06-21 23:04:00-04:00,15573,DEACTIVATED_CLOSE_THROUGH,15572
IFVG2-000904,1,bearish,2026-06-21 23:01:00-04:00,False,15583,2026-06-21 23:15:00-04:00,15584,DEACTIVATED_CLOSE_THROUGH,15583
IFVG2-000905,1,bullish,2026-06-21 23:18:00-04:00,False,15622,2026-06-21 23:54:00-04:00,15623,DEACTIVATED_CLOSE_THROUGH,15622
IFVG2-000906,1,bullish,2026-06-21 23:23:00-04:00,False,15595,2026-06-21 23:27:00-04:00,15596,DEACTIVATED_OVERSHOOT_LIMIT,15595
IFVG2-000907,1,bullish,2026-06-21 23:47:00-04:00,False,15619,2026-06-21 23:51:00-04:00,15620,DEACTIVATED_CLOSE_THROUGH,15619
IFVG2-000908,1,bearish,2026-06-21 23:51:00-04:00,False,15694,2026-06-22 01:06:00-04:00,15695,DEACTIVATED_CLOSE_THROUGH,15694
IFVG2-000909,1,bearish,2026-06-21 23:54:00-04:00,False,15687,2026-06-22 00:59:00-04:00,15688,DEACTIVATED_OVERSHOOT_LIMIT,15687
IFVG2-000910,1,bullish,2026-06-22 00:20:00-04:00,False,15651,2026-06-22 00:23:00-04:00,15652,DEACTIVATED_CLOSE_THROUGH,15651
IFVG2-000911,1,bearish,2026-06-22 00:43:00-04:00,False,15674,2026-06-22 00:46:00-04:00,15675,DEACTIVATED_CLOSE_THROUGH,15674
IFVG2-000912,1,bullish,2026-06-22 00:46:00-04:00,False,16154,2026-06-22 08:46:00-04:00,16155,EXPIRED_UNTOUCHED_8H,16154
IFVG2-000913,1,bullish,2026-06-22 01:06:00-04:00,False,16174,2026-06-22 09:06:00-04:00,16175,EXPIRED_UNTOUCHED_8H,16174
IFVG2-000914,1,bullish,2026-06-22 01:06:00-04:00,False,16174,2026-06-22 09:06:00-04:00,16175,EXPIRED_UNTOUCHED_8H,16174
IFVG2-000915,1,bullish,2026-06-22 01:06:00-04:00,False,16174,2026-06-22 09:06:00-04:00,16175,EXPIRED_UNTOUCHED_8H,16174
IFVG2-000916,1,bearish,2026-06-22 01:31:00-04:00,False,15722,2026-06-22 01:34:00-04:00,15723,DEACTIVATED_OVERSHOOT_LIMIT,15722
IFVG2-000917,1,bearish,2026-06-22 01:38:00-04:00,False,15728,2026-06-22 01:40:00-04:00,15729,DEACTIVATED_OVERSHOOT_LIMIT,15728
IFVG2-000918,1,bearish,2026-06-22 02:30:00-04:00,False,15779,2026-06-22 02:31:00-04:00,15780,DEACTIVATED_CLOSE_THROUGH,15779
IFVG2-000919,1,bearish,2026-06-22 02:48:00-04:00,False,15802,2026-06-22 02:54:00-04:00,15803,DEACTIVATED_CLOSE_THROUGH,15802
IFVG2-000920,1,bearish,2026-06-22 02:57:00-04:00,False,15806,2026-06-22 02:58:00-04:00,15807,DEACTIVATED_OVERSHOOT_LIMIT,15806
IFVG2-000921,1,bearish,2026-06-22 03:24:00-04:00,False,15834,2026-06-22 03:26:00-04:00,15835,DEACTIVATED_CLOSE_THROUGH,15834
IFVG2-000922,1,bullish,2026-06-22 03:29:00-04:00,False,15838,2026-06-22 03:30:00-04:00,15839,DEACTIVATED_CLOSE_THROUGH,15838
IFVG2-000923,1,bullish,2026-06-22 03:47:00-04:00,False,15862,2026-06-22 03:54:00-04:00,15863,DEACTIVATED_CLOSE_THROUGH,15862
IFVG2-000924,1,bearish,2026-06-22 03:54:00-04:00,False,15868,2026-06-22 04:00:00-04:00,15869,DEACTIVATED_CLOSE_THROUGH,15868
IFVG2-000925,1,bullish,2026-06-22 04:00:00-04:00,False,15869,2026-06-22 04:01:00-04:00,15870,DEACTIVATED_CLOSE_THROUGH,15869
IFVG2-000926,1,bullish,2026-06-22 04:12:00-04:00,False,15885,2026-06-22 04:17:00-04:00,15886,DEACTIVATED_CLOSE_THROUGH,15885
IFVG2-000927,1,bearish,2026-06-22 04:48:00-04:00,False,15917,2026-06-22 04:49:00-04:00,15918,DEACTIVATED_CLOSE_THROUGH,15917
IFVG2-000928,1,bearish,2026-06-22 05:27:00-04:00,False,15956,2026-06-22 05:28:00-04:00,15957,DEACTIVATED_OVERSHOOT_LIMIT,15956
IFVG2-000929,1,bearish,2026-06-22 05:27:00-04:00,False,15992,2026-06-22 06:04:00-04:00,15993,DEACTIVATED_CLOSE_THROUGH,15992
IFVG2-000930,1,bullish,2026-06-22 06:02:00-04:00,False,16018,2026-06-22 06:30:00-04:00,16019,DEACTIVATED_CLOSE_THROUGH,16018
IFVG2-000931,1,bearish,2026-06-22 06:30:00-04:00,False,16034,2026-06-22 06:46:00-04:00,16035,DEACTIVATED_CLOSE_THROUGH,16034
IFVG2-000932,1,bearish,2026-06-22 06:30:00-04:00,False,16037,2026-06-22 06:49:00-04:00,16038,DEACTIVATED_OVERSHOOT_LIMIT,16037
IFVG2-000933,1,bearish,2026-06-22 06:52:00-04:00,False,16048,2026-06-22 07:00:00-04:00,16049,DEACTIVATED_OVERSHOOT_LIMIT,16048
IFVG2-000934,1,bullish,2026-06-22 07:04:00-04:00,False,16058,2026-06-22 07:10:00-04:00,16059,DEACTIVATED_CLOSE_THROUGH,16058
IFVG2-000935,1,bullish,2026-06-22 07:33:00-04:00,False,16096,2026-06-22 07:48:00-04:00,16097,DEACTIVATED_OVERSHOOT_LIMIT,16096
IFVG2-000936,1,bearish,2026-06-22 07:51:00-04:00,False,16103,2026-06-22 07:55:00-04:00,16104,DEACTIVATED_CLOSE_THROUGH,16103
IFVG2-000937,1,bullish,2026-06-22 08:13:00-04:00,False,16255,2026-06-22 10:27:00-04:00,16256,DEACTIVATED_CLOSE_THROUGH,16255
IFVG2-000938,1,bearish,2026-06-22 08:51:00-04:00,False,16160,2026-06-22 08:52:00-04:00,16161,DEACTIVATED_CLOSE_THROUGH,16160
IFVG2-000939,1,bearish,2026-06-22 08:59:00-04:00,False,16168,2026-06-22 09:00:00-04:00,16169,DEACTIVATED_CLOSE_THROUGH,16168
IFVG2-000940,1,bullish,2026-06-22 09:30:00-04:00,False,16199,2026-06-22 09:31:00-04:00,16200,DEACTIVATED_CLOSE_THROUGH,16199
IFVG2-000941,1,bullish,2026-06-22 09:30:00-04:00,False,16199,2026-06-22 09:31:00-04:00,16200,DEACTIVATED_CLOSE_THROUGH,16199
IFVG2-000942,1,bearish,2026-06-22 09:33:00-04:00,False,16202,2026-06-22 09:34:00-04:00,16203,DEACTIVATED_CLOSE_THROUGH,16202
IFVG2-000943,1,bearish,2026-06-22 09:33:00-04:00,False,16202,2026-06-22 09:34:00-04:00,16203,DEACTIVATED_OVERSHOOT_LIMIT,16202
IFVG2-000944,1,bearish,2026-06-22 09:33:00-04:00,False,16203,2026-06-22 09:35:00-04:00,16204,DEACTIVATED_CLOSE_THROUGH,16203
IFVG2-000945,1,bullish,2026-06-22 09:35:00-04:00,False,16210,2026-06-22 09:42:00-04:00,16211,DEACTIVATED_CLOSE_THROUGH,16210
IFVG2-000946,1,bearish,2026-06-22 09:41:00-04:00,False,16215,2026-06-22 09:47:00-04:00,16216,DEACTIVATED_CLOSE_THROUGH,16215
IFVG2-000947,1,bearish,2026-06-22 09:41:00-04:00,False,16217,2026-06-22 09:49:00-04:00,16218,DEACTIVATED_OVERSHOOT_LIMIT,16217
IFVG2-000948,1,bearish,2026-06-22 09:43:00-04:00,False,16215,2026-06-22 09:47:00-04:00,16216,DEACTIVATED_CLOSE_THROUGH,16215
IFVG2-000949,1,bearish,2026-06-22 10:17:00-04:00,False,16665,2026-06-22 18:17:00-04:00,16666,EXPIRED_ACTIVE_8H,16665
IFVG2-000950,1,bullish,2026-06-22 10:57:00-04:00,False,16317,2026-06-22 11:29:00-04:00,16318,DEACTIVATED_OVERSHOOT_LIMIT,16317
IFVG2-000951,1,bearish,2026-06-22 11:05:00-04:00,False,16330,2026-06-22 11:42:00-04:00,16331,DEACTIVATED_OVERSHOOT_LIMIT,16330
IFVG2-000952,1,bearish,2026-06-22 11:06:00-04:00,False,16296,2026-06-22 11:08:00-04:00,16297,DEACTIVATED_CLOSE_THROUGH,16296
IFVG2-000953,1,bearish,2026-06-22 11:47:00-04:00,False,16462,2026-06-22 13:54:00-04:00,16463,DEACTIVATED_OVERSHOOT_LIMIT,16462
IFVG2-000954,1,bearish,2026-06-22 11:49:00-04:00,False,16461,2026-06-22 13:53:00-04:00,16462,DEACTIVATED_CLOSE_THROUGH,16461
IFVG2-000955,1,bearish,2026-06-22 12:22:00-04:00,False,16371,2026-06-22 12:23:00-04:00,16372,DEACTIVATED_OVERSHOOT_LIMIT,16371
IFVG2-000956,1,bearish,2026-06-22 12:35:00-04:00,False,16384,2026-06-22 12:36:00-04:00,16385,DEACTIVATED_OVERSHOOT_LIMIT,16384
IFVG2-000957,1,bearish,2026-06-22 13:05:00-04:00,False,16423,2026-06-22 13:15:00-04:00,16424,DEACTIVATED_CLOSE_THROUGH,16423
IFVG2-000958,1,bullish,2026-06-22 13:14:00-04:00,False,16536,2026-06-22 15:08:00-04:00,16537,DEACTIVATED_OVERSHOOT_LIMIT,16536
IFVG2-000959,1,bullish,2026-06-22 13:18:00-04:00,False,16444,2026-06-22 13:36:00-04:00,16445,DEACTIVATED_CLOSE_THROUGH,16444
IFVG2-000960,1,bearish,2026-06-22 13:21:00-04:00,False,16430,2026-06-22 13:22:00-04:00,16431,DEACTIVATED_OVERSHOOT_LIMIT,16430
IFVG2-000961,1,bullish,2026-06-22 13:53:00-04:00,False,16467,2026-06-22 13:59:00-04:00,16468,DEACTIVATED_CLOSE_THROUGH,16467
IFVG2-000962,1,bearish,2026-06-22 13:58:00-04:00,False,16484,2026-06-22 14:16:00-04:00,16485,DEACTIVATED_CLOSE_THROUGH,16484
IFVG2-000963,1,bullish,2026-06-22 14:20:00-04:00,False,16494,2026-06-22 14:26:00-04:00,16495,DEACTIVATED_CLOSE_THROUGH,16494
IFVG2-000964,1,bearish,2026-06-22 14:44:00-04:00,False,16515,2026-06-22 14:47:00-04:00,16516,DEACTIVATED_CLOSE_THROUGH,16515
IFVG2-000965,1,bullish,2026-06-22 14:47:00-04:00,False,16516,2026-06-22 14:48:00-04:00,16517,DEACTIVATED_OVERSHOOT_LIMIT,16516
IFVG2-000966,1,bearish,2026-06-22 15:07:00-04:00,False,16560,2026-06-22 15:32:00-04:00,16561,DEACTIVATED_CLOSE_THROUGH,16560
IFVG2-000967,1,bearish,2026-06-22 15:20:00-04:00,False,16559,2026-06-22 15:31:00-04:00,16560,DEACTIVATED_OVERSHOOT_LIMIT,16559
IFVG2-000968,1,bullish,2026-06-22 15:31:00-04:00,False,16572,2026-06-22 15:44:00-04:00,16573,DEACTIVATED_OVERSHOOT_LIMIT,16572
IFVG2-000969,1,bearish,2026-06-22 15:35:00-04:00,False,16566,2026-06-22 15:38:00-04:00,16567,DEACTIVATED_OVERSHOOT_LIMIT,16566
IFVG2-000970,1,bullish,2026-06-22 15:50:00-04:00,False,16584,2026-06-22 15:56:00-04:00,16585,DEACTIVATED_OVERSHOOT_LIMIT,16584
IFVG2-000971,1,bullish,2026-06-22 15:59:00-04:00,False,16588,2026-06-22 16:00:00-04:00,16589,DEACTIVATED_OVERSHOOT_LIMIT,16588
IFVG2-000972,1,bearish,2026-06-22 16:05:00-04:00,False,16607,2026-06-22 16:19:00-04:00,16608,DEACTIVATED_CLOSE_THROUGH,16607
IFVG2-000973,1,bullish,2026-06-22 16:17:00-04:00,False,16613,2026-06-22 16:25:00-04:00,16614,DEACTIVATED_CLOSE_THROUGH,16613
IFVG2-000974,1,bearish,2026-06-22 16:21:00-04:00,False,16646,2026-06-22 16:58:00-04:00,16647,DEACTIVATED_CLOSE_THROUGH,16646
IFVG2-000975,1,bearish,2026-06-22 16:25:00-04:00,False,16646,2026-06-22 16:58:00-04:00,16647,DEACTIVATED_CLOSE_THROUGH,16646
IFVG2-000976,1,bullish,2026-06-22 16:32:00-04:00,False,16623,2026-06-22 16:35:00-04:00,16624,DEACTIVATED_CLOSE_THROUGH,16623
IFVG2-000977,1,bearish,2026-06-22 16:34:00-04:00,False,16623,2026-06-22 16:35:00-04:00,16624,DEACTIVATED_OVERSHOOT_LIMIT,16623
IFVG2-000978,1,bullish,2026-06-22 16:58:00-04:00,False,16647,2026-06-22 16:59:00-04:00,16648,DEACTIVATED_CLOSE_THROUGH,16647
IFVG2-000979,1,bullish,2026-06-22 18:09:00-04:00,False,16659,2026-06-22 18:11:00-04:00,16660,DEACTIVATED_OVERSHOOT_LIMIT,16659
IFVG2-000980,1,bearish,2026-06-22 18:36:00-04:00,False,16813,2026-06-22 20:45:00-04:00,16814,DEACTIVATED_CLOSE_THROUGH,16813
IFVG2-000981,1,bullish,2026-06-22 19:01:00-04:00,False,16710,2026-06-22 19:02:00-04:00,16711,DEACTIVATED_CLOSE_THROUGH,16710
IFVG2-000982,1,bearish,2026-06-22 19:03:00-04:00,False,16768,2026-06-22 20:00:00-04:00,16769,DEACTIVATED_CLOSE_THROUGH,16768
IFVG2-000983,1,bullish,2026-06-22 19:35:00-04:00,False,16745,2026-06-22 19:37:00-04:00,16746,DEACTIVATED_OVERSHOOT_LIMIT,16745
IFVG2-000984,1,bullish,2026-06-22 19:55:00-04:00,False,16776,2026-06-22 20:08:00-04:00,16777,DEACTIVATED_OVERSHOOT_LIMIT,16776
IFVG2-000985,1,bullish,2026-06-22 20:38:00-04:00,False,16862,2026-06-22 21:34:00-04:00,16863,DEACTIVATED_OVERSHOOT_LIMIT,16862
IFVG2-000986,1,bullish,2026-06-22 20:39:00-04:00,False,16861,2026-06-22 21:33:00-04:00,16862,DEACTIVATED_OVERSHOOT_LIMIT,16861
IFVG2-000987,1,bullish,2026-06-22 20:45:00-04:00,False,16814,2026-06-22 20:46:00-04:00,16815,DEACTIVATED_CLOSE_THROUGH,16814
IFVG2-000988,1,bullish,2026-06-22 20:45:00-04:00,False,16814,2026-06-22 20:46:00-04:00,16815,DEACTIVATED_CLOSE_THROUGH,16814
IFVG2-000989,1,bearish,2026-06-22 21:16:00-04:00,False,17324,2026-06-23 05:16:00-04:00,17325,EXPIRED_ACTIVE_8H,17324
IFVG2-000990,1,bearish,2026-06-22 21:34:00-04:00,False,17342,2026-06-23 05:34:00-04:00,17343,EXPIRED_ACTIVE_8H,17342
IFVG2-000991,1,bearish,2026-06-22 21:35:00-04:00,False,17343,2026-06-23 05:35:00-04:00,17344,EXPIRED_ACTIVE_8H,17343
IFVG2-000992,1,bearish,2026-06-22 21:36:00-04:00,False,16865,2026-06-22 21:37:00-04:00,16866,DEACTIVATED_OVERSHOOT_LIMIT,16865
IFVG2-000993,1,bearish,2026-06-22 21:42:00-04:00,False,17350,2026-06-23 05:42:00-04:00,17351,EXPIRED_UNTOUCHED_8H,17350
IFVG2-000994,1,bearish,2026-06-22 21:42:00-04:00,False,17350,2026-06-23 05:42:00-04:00,17351,EXPIRED_UNTOUCHED_8H,17350
IFVG2-000995,1,bullish,2026-06-22 21:57:00-04:00,False,16886,2026-06-22 21:58:00-04:00,16887,DEACTIVATED_CLOSE_THROUGH,16886
IFVG2-000996,1,bullish,2026-06-22 21:57:00-04:00,False,16886,2026-06-22 21:58:00-04:00,16887,DEACTIVATED_OVERSHOOT_LIMIT,16886
IFVG2-000997,1,bullish,2026-06-22 22:04:00-04:00,False,16893,2026-06-22 22:05:00-04:00,16894,DEACTIVATED_CLOSE_THROUGH,16893
IFVG2-000998,1,bullish,2026-06-22 22:15:00-04:00,False,16905,2026-06-22 22:17:00-04:00,16906,DEACTIVATED_OVERSHOOT_LIMIT,16905
IFVG2-000999,1,bullish,2026-06-22 23:17:00-04:00,False,16966,2026-06-22 23:18:00-04:00,16967,DEACTIVATED_CLOSE_THROUGH,16966
IFVG2-001000,1,bullish,2026-06-22 23:26:00-04:00,False,16975,2026-06-22 23:27:00-04:00,16976,DEACTIVATED_CLOSE_THROUGH,16975
IFVG2-001001,1,bearish,2026-06-22 23:30:00-04:00,False,16981,2026-06-22 23:33:00-04:00,16982,DEACTIVATED_OVERSHOOT_LIMIT,16981
IFVG2-001002,1,bearish,2026-06-22 23:46:00-04:00,False,16996,2026-06-22 23:48:00-04:00,16997,DEACTIVATED_CLOSE_THROUGH,16996
IFVG2-001003,1,bullish,2026-06-22 23:52:00-04:00,False,17018,2026-06-23 00:10:00-04:00,17019,DEACTIVATED_OVERSHOOT_LIMIT,17018
IFVG2-001004,1,bullish,2026-06-22 23:59:00-04:00,False,17013,2026-06-23 00:05:00-04:00,17014,DEACTIVATED_CLOSE_THROUGH,17013
IFVG2-001005,1,bearish,2026-06-23 00:06:00-04:00,False,17494,2026-06-23 08:06:00-04:00,17495,EXPIRED_ACTIVE_8H,17494
IFVG2-001006,1,bearish,2026-06-23 00:18:00-04:00,False,17037,2026-06-23 00:29:00-04:00,17038,DEACTIVATED_OVERSHOOT_LIMIT,17037
IFVG2-001007,1,bullish,2026-06-23 01:11:00-04:00,False,17081,2026-06-23 01:13:00-04:00,17082,DEACTIVATED_CLOSE_THROUGH,17081
IFVG2-001008,1,bearish,2026-06-23 01:55:00-04:00,False,17603,2026-06-23 09:55:00-04:00,17604,EXPIRED_ACTIVE_8H,17603
IFVG2-001009,1,bearish,2026-06-23 02:06:00-04:00,False,17614,2026-06-23 10:06:00-04:00,17615,EXPIRED_ACTIVE_8H,17614
IFVG2-001010,1,bullish,2026-06-23 03:06:00-04:00,False,17214,2026-06-23 03:26:00-04:00,17215,DEACTIVATED_OVERSHOOT_LIMIT,17214
IFVG2-001011,1,bullish,2026-06-23 03:21:00-04:00,False,17210,2026-06-23 03:22:00-04:00,17211,DEACTIVATED_OVERSHOOT_LIMIT,17210
IFVG2-001012,1,bearish,2026-06-23 03:23:00-04:00,False,17217,2026-06-23 03:29:00-04:00,17218,DEACTIVATED_CLOSE_THROUGH,17217
IFVG2-001013,1,bullish,2026-06-23 03:34:00-04:00,False,17223,2026-06-23 03:35:00-04:00,17224,DEACTIVATED_CLOSE_THROUGH,17223
IFVG2-001014,1,bearish,2026-06-23 03:41:00-04:00,False,17610,2026-06-23 10:02:00-04:00,17611,DEACTIVATED_OVERSHOOT_LIMIT,17610
IFVG2-001015,1,bullish,2026-06-23 04:49:00-04:00,False,17402,2026-06-23 06:34:00-04:00,17403,DEACTIVATED_CLOSE_THROUGH,17402
IFVG2-001016,1,bearish,2026-06-23 05:26:00-04:00,False,17335,2026-06-23 05:27:00-04:00,17336,DEACTIVATED_CLOSE_THROUGH,17335
IFVG2-001017,1,bearish,2026-06-23 05:43:00-04:00,False,17356,2026-06-23 05:48:00-04:00,17357,DEACTIVATED_OVERSHOOT_LIMIT,17356
IFVG2-001018,1,bullish,2026-06-23 05:46:00-04:00,False,17355,2026-06-23 05:47:00-04:00,17356,DEACTIVATED_CLOSE_THROUGH,17355
IFVG2-001019,1,bearish,2026-06-23 06:07:00-04:00,False,17489,2026-06-23 08:01:00-04:00,17490,DEACTIVATED_CLOSE_THROUGH,17489
IFVG2-001020,1,bearish,2026-06-23 06:27:00-04:00,False,17442,2026-06-23 07:14:00-04:00,17443,DEACTIVATED_CLOSE_THROUGH,17442
IFVG2-001021,1,bullish,2026-06-23 06:45:00-04:00,False,17414,2026-06-23 06:46:00-04:00,17415,DEACTIVATED_OVERSHOOT_LIMIT,17414
IFVG2-001022,1,bullish,2026-06-23 06:45:00-04:00,False,17510,2026-06-23 08:22:00-04:00,17511,DEACTIVATED_OVERSHOOT_LIMIT,17510
IFVG2-001023,1,bullish,2026-06-23 07:07:00-04:00,False,17505,2026-06-23 08:17:00-04:00,17506,DEACTIVATED_CLOSE_THROUGH,17505
IFVG2-001024,1,bearish,2026-06-23 08:11:00-04:00,False,17596,2026-06-23 09:48:00-04:00,17597,DEACTIVATED_OVERSHOOT_LIMIT,17596
IFVG2-001025,1,bearish,2026-06-23 09:25:00-04:00,False,17579,2026-06-23 09:31:00-04:00,17580,DEACTIVATED_CLOSE_THROUGH,17579
IFVG2-001026,1,bullish,2026-06-23 09:47:00-04:00,False,17673,2026-06-23 11:05:00-04:00,17674,DEACTIVATED_CLOSE_THROUGH,17673
IFVG2-001027,1,bullish,2026-06-23 09:52:00-04:00,False,17602,2026-06-23 09:54:00-04:00,17603,DEACTIVATED_CLOSE_THROUGH,17602
IFVG2-001028,1,bullish,2026-06-23 09:52:00-04:00,False,17603,2026-06-23 09:55:00-04:00,17604,DEACTIVATED_OVERSHOOT_LIMIT,17603
IFVG2-001029,1,bearish,2026-06-23 10:31:00-04:00,False,17644,2026-06-23 10:36:00-04:00,17645,DEACTIVATED_CLOSE_THROUGH,17644
IFVG2-001030,1,bearish,2026-06-23 10:32:00-04:00,False,17641,2026-06-23 10:33:00-04:00,17642,DEACTIVATED_CLOSE_THROUGH,17641
IFVG2-001031,1,bullish,2026-06-23 10:51:00-04:00,False,17660,2026-06-23 10:52:00-04:00,17661,DEACTIVATED_CLOSE_THROUGH,17660
IFVG2-001032,1,bearish,2026-06-23 10:53:00-04:00,False,17739,2026-06-23 12:11:00-04:00,17740,DEACTIVATED_CLOSE_THROUGH,17739
IFVG2-001033,1,bearish,2026-06-23 11:38:00-04:00,False,17711,2026-06-23 11:43:00-04:00,17712,DEACTIVATED_OVERSHOOT_LIMIT,17711
IFVG2-001034,1,bullish,2026-06-23 11:48:00-04:00,False,17855,2026-06-23 14:07:00-04:00,17856,DEACTIVATED_CLOSE_THROUGH,17855
IFVG2-001035,1,bullish,2026-06-23 11:51:00-04:00,False,17843,2026-06-23 13:55:00-04:00,17844,DEACTIVATED_CLOSE_THROUGH,17843
IFVG2-001036,1,bearish,2026-06-23 11:55:00-04:00,False,17724,2026-06-23 11:56:00-04:00,17725,DEACTIVATED_CLOSE_THROUGH,17724
IFVG2-001037,1,bearish,2026-06-23 12:17:00-04:00,False,17746,2026-06-23 12:18:00-04:00,17747,DEACTIVATED_CLOSE_THROUGH,17746
IFVG2-001038,1,bearish,2026-06-23 12:20:00-04:00,False,17751,2026-06-23 12:23:00-04:00,17752,DEACTIVATED_CLOSE_THROUGH,17751
IFVG2-001039,1,bearish,2026-06-23 12:26:00-04:00,False,17756,2026-06-23 12:28:00-04:00,17757,DEACTIVATED_CLOSE_THROUGH,17756
IFVG2-001040,1,bearish,2026-06-23 12:47:00-04:00,False,17800,2026-06-23 13:12:00-04:00,17801,DEACTIVATED_OVERSHOOT_LIMIT,17800
IFVG2-001041,1,bearish,2026-06-23 13:00:00-04:00,False,17789,2026-06-23 13:01:00-04:00,17790,DEACTIVATED_OVERSHOOT_LIMIT,17789
IFVG2-001042,1,bearish,2026-06-23 13:05:00-04:00,False,17797,2026-06-23 13:09:00-04:00,17798,DEACTIVATED_CLOSE_THROUGH,17797
IFVG2-001043,1,bullish,2026-06-23 13:33:00-04:00,False,17822,2026-06-23 13:34:00-04:00,17823,DEACTIVATED_OVERSHOOT_LIMIT,17822
IFVG2-001044,1,bearish,2026-06-23 13:37:00-04:00,False,18180,2026-06-23 20:32:00-04:00,18181,DEACTIVATED_OVERSHOOT_LIMIT,18180
IFVG2-001045,1,bearish,2026-06-23 14:18:00-04:00,False,17867,2026-06-23 14:19:00-04:00,17868,DEACTIVATED_CLOSE_THROUGH,17867
IFVG2-001046,1,bullish,2026-06-23 14:50:00-04:00,False,17901,2026-06-23 14:53:00-04:00,17902,DEACTIVATED_CLOSE_THROUGH,17901
IFVG2-001047,1,bullish,2026-06-23 15:04:00-04:00,False,17914,2026-06-23 15:06:00-04:00,17915,DEACTIVATED_CLOSE_THROUGH,17914
IFVG2-001048,1,bearish,2026-06-23 15:06:00-04:00,False,17931,2026-06-23 15:23:00-04:00,17932,DEACTIVATED_OVERSHOOT_LIMIT,17931
IFVG2-001049,1,bullish,2026-06-23 15:23:00-04:00,False,17933,2026-06-23 15:25:00-04:00,17934,DEACTIVATED_OVERSHOOT_LIMIT,17933
IFVG2-001050,1,bullish,2026-06-23 15:23:00-04:00,False,17956,2026-06-23 15:48:00-04:00,17957,DEACTIVATED_OVERSHOOT_LIMIT,17956
IFVG2-001051,1,bullish,2026-06-23 15:49:00-04:00,False,17961,2026-06-23 15:53:00-04:00,17962,DEACTIVATED_OVERSHOOT_LIMIT,17961
IFVG2-001052,1,bullish,2026-06-23 15:54:00-04:00,False,17963,2026-06-23 15:55:00-04:00,17964,DEACTIVATED_OVERSHOOT_LIMIT,17963
IFVG2-001053,1,bearish,2026-06-23 16:40:00-04:00,False,18010,2026-06-23 16:42:00-04:00,18011,DEACTIVATED_OVERSHOOT_LIMIT,18010
IFVG2-001054,1,bullish,2026-06-23 16:56:00-04:00,False,18051,2026-06-23 18:23:00-04:00,18052,DEACTIVATED_CLOSE_THROUGH,18051
IFVG2-001055,1,bearish,2026-06-23 18:19:00-04:00,False,18148,2026-06-23 20:00:00-04:00,18149,DEACTIVATED_CLOSE_THROUGH,18148
IFVG2-001056,1,bearish,2026-06-23 18:21:00-04:00,False,18148,2026-06-23 20:00:00-04:00,18149,DEACTIVATED_CLOSE_THROUGH,18148
IFVG2-001057,1,bearish,2026-06-23 18:23:00-04:00,False,18134,2026-06-23 19:46:00-04:00,18135,DEACTIVATED_CLOSE_THROUGH,18134
IFVG2-001058,1,bearish,2026-06-23 18:24:00-04:00,False,18056,2026-06-23 18:28:00-04:00,18057,DEACTIVATED_OVERSHOOT_LIMIT,18056
IFVG2-001059,1,bearish,2026-06-23 18:33:00-04:00,False,18133,2026-06-23 19:45:00-04:00,18134,DEACTIVATED_CLOSE_THROUGH,18133
IFVG2-001060,1,bearish,2026-06-23 18:34:00-04:00,False,18085,2026-06-23 18:57:00-04:00,18086,DEACTIVATED_OVERSHOOT_LIMIT,18085
IFVG2-001061,1,bearish,2026-06-23 18:34:00-04:00,False,18133,2026-06-23 19:45:00-04:00,18134,DEACTIVATED_CLOSE_THROUGH,18133
IFVG2-001062,1,bearish,2026-06-23 18:35:00-04:00,False,18064,2026-06-23 18:36:00-04:00,18065,DEACTIVATED_CLOSE_THROUGH,18064
IFVG2-001063,1,bullish,2026-06-23 18:50:00-04:00,False,18080,2026-06-23 18:52:00-04:00,18081,DEACTIVATED_CLOSE_THROUGH,18080
IFVG2-001064,1,bearish,2026-06-23 19:05:00-04:00,False,18099,2026-06-23 19:11:00-04:00,18100,DEACTIVATED_CLOSE_THROUGH,18099
IFVG2-001065,1,bullish,2026-06-23 19:12:00-04:00,False,18125,2026-06-23 19:37:00-04:00,18126,DEACTIVATED_CLOSE_THROUGH,18125
IFVG2-001066,1,bullish,2026-06-23 19:13:00-04:00,False,18122,2026-06-23 19:34:00-04:00,18123,DEACTIVATED_CLOSE_THROUGH,18122
IFVG2-001067,1,bearish,2026-06-23 19:37:00-04:00,False,18126,2026-06-23 19:38:00-04:00,18127,DEACTIVATED_OVERSHOOT_LIMIT,18126
IFVG2-001068,1,bullish,2026-06-23 19:45:00-04:00,False,18325,2026-06-23 22:57:00-04:00,18326,DEACTIVATED_CLOSE_THROUGH,18325
IFVG2-001069,1,bullish,2026-06-23 19:46:00-04:00,False,18137,2026-06-23 19:49:00-04:00,18138,DEACTIVATED_CLOSE_THROUGH,18137
IFVG2-001070,1,bullish,2026-06-23 19:46:00-04:00,False,18138,2026-06-23 19:50:00-04:00,18139,DEACTIVATED_CLOSE_THROUGH,18138
IFVG2-001071,1,bullish,2026-06-23 20:00:00-04:00,False,18149,2026-06-23 20:01:00-04:00,18150,DEACTIVATED_OVERSHOOT_LIMIT,18149
IFVG2-001072,1,bullish,2026-06-23 20:00:00-04:00,False,18152,2026-06-23 20:04:00-04:00,18153,DEACTIVATED_CLOSE_THROUGH,18152
IFVG2-001073,1,bullish,2026-06-23 20:01:00-04:00,False,18150,2026-06-23 20:02:00-04:00,18151,DEACTIVATED_CLOSE_THROUGH,18150
IFVG2-001074,1,bearish,2026-06-23 20:04:00-04:00,False,18154,2026-06-23 20:06:00-04:00,18155,DEACTIVATED_CLOSE_THROUGH,18154
IFVG2-001075,1,bullish,2026-06-23 20:06:00-04:00,False,18307,2026-06-23 22:39:00-04:00,18308,DEACTIVATED_CLOSE_THROUGH,18307
IFVG2-001076,1,bullish,2026-06-23 20:11:00-04:00,False,18160,2026-06-23 20:12:00-04:00,18161,DEACTIVATED_CLOSE_THROUGH,18160
IFVG2-001077,1,bullish,2026-06-23 20:32:00-04:00,False,18181,2026-06-23 20:33:00-04:00,18182,DEACTIVATED_CLOSE_THROUGH,18181
IFVG2-001078,1,bullish,2026-06-23 21:06:00-04:00,False,18217,2026-06-23 21:09:00-04:00,18218,DEACTIVATED_CLOSE_THROUGH,18217
IFVG2-001079,1,bullish,2026-06-23 21:23:00-04:00,False,18285,2026-06-23 22:17:00-04:00,18286,DEACTIVATED_CLOSE_THROUGH,18285
IFVG2-001080,1,bearish,2026-06-23 21:27:00-04:00,False,18236,2026-06-23 21:28:00-04:00,18237,DEACTIVATED_OVERSHOOT_LIMIT,18236
IFVG2-001081,1,bullish,2026-06-23 21:50:00-04:00,False,18260,2026-06-23 21:52:00-04:00,18261,DEACTIVATED_OVERSHOOT_LIMIT,18260
IFVG2-001082,1,bullish,2026-06-23 22:09:00-04:00,False,18281,2026-06-23 22:13:00-04:00,18282,DEACTIVATED_OVERSHOOT_LIMIT,18281
IFVG2-001083,1,bearish,2026-06-23 22:15:00-04:00,False,18459,2026-06-24 01:11:00-04:00,18460,DEACTIVATED_CLOSE_THROUGH,18459
IFVG2-001084,1,bearish,2026-06-23 22:17:00-04:00,False,18287,2026-06-23 22:19:00-04:00,18288,DEACTIVATED_CLOSE_THROUGH,18287
IFVG2-001085,1,bearish,2026-06-23 22:22:00-04:00,False,18293,2026-06-23 22:25:00-04:00,18294,DEACTIVATED_CLOSE_THROUGH,18293
IFVG2-001086,1,bullish,2026-06-23 22:25:00-04:00,False,18295,2026-06-23 22:27:00-04:00,18296,DEACTIVATED_OVERSHOOT_LIMIT,18295
IFVG2-001087,1,bullish,2026-06-23 22:29:00-04:00,False,18300,2026-06-23 22:32:00-04:00,18301,DEACTIVATED_CLOSE_THROUGH,18300
IFVG2-001088,1,bearish,2026-06-23 22:58:00-04:00,False,18339,2026-06-23 23:11:00-04:00,18340,DEACTIVATED_CLOSE_THROUGH,18339
IFVG2-001089,1,bullish,2026-06-23 23:09:00-04:00,False,18408,2026-06-24 00:20:00-04:00,18409,DEACTIVATED_CLOSE_THROUGH,18408
IFVG2-001090,1,bullish,2026-06-23 23:09:00-04:00,False,18817,2026-06-24 07:09:00-04:00,18818,EXPIRED_ACTIVE_8H,18817
IFVG2-001091,1,bullish,2026-06-23 23:11:00-04:00,False,18343,2026-06-23 23:15:00-04:00,18344,DEACTIVATED_OVERSHOOT_LIMIT,18343
IFVG2-001092,1,bearish,2026-06-23 23:16:00-04:00,False,18355,2026-06-23 23:27:00-04:00,18356,DEACTIVATED_CLOSE_THROUGH,18355
IFVG2-001093,1,bullish,2026-06-23 23:26:00-04:00,False,18393,2026-06-24 00:05:00-04:00,18394,DEACTIVATED_CLOSE_THROUGH,18393
IFVG2-001094,1,bearish,2026-06-23 23:46:00-04:00,False,18386,2026-06-23 23:58:00-04:00,18387,DEACTIVATED_CLOSE_THROUGH,18386
IFVG2-001095,1,bearish,2026-06-23 23:50:00-04:00,False,18380,2026-06-23 23:52:00-04:00,18381,DEACTIVATED_CLOSE_THROUGH,18380
IFVG2-001096,1,bearish,2026-06-24 00:00:00-04:00,False,18425,2026-06-24 00:37:00-04:00,18426,DEACTIVATED_CLOSE_THROUGH,18425
IFVG2-001097,1,bearish,2026-06-24 00:03:00-04:00,False,18392,2026-06-24 00:04:00-04:00,18393,DEACTIVATED_OVERSHOOT_LIMIT,18392
IFVG2-001098,1,bearish,2026-06-24 00:03:00-04:00,False,18424,2026-06-24 00:36:00-04:00,18425,DEACTIVATED_CLOSE_THROUGH,18424
IFVG2-001099,1,bullish,2026-06-24 00:36:00-04:00,False,18904,2026-06-24 08:36:00-04:00,18905,EXPIRED_UNTOUCHED_8H,18904
IFVG2-001100,1,bullish,2026-06-24 00:36:00-04:00,False,18904,2026-06-24 08:36:00-04:00,18905,EXPIRED_UNTOUCHED_8H,18904
IFVG2-001101,1,bullish,2026-06-24 01:11:00-04:00,False,18460,2026-06-24 01:12:00-04:00,18461,DEACTIVATED_OVERSHOOT_LIMIT,18460
IFVG2-001102,1,bullish,2026-06-24 01:16:00-04:00,False,18500,2026-06-24 01:52:00-04:00,18501,DEACTIVATED_OVERSHOOT_LIMIT,18500
IFVG2-001103,1,bearish,2026-06-24 01:29:00-04:00,False,18478,2026-06-24 01:30:00-04:00,18479,DEACTIVATED_CLOSE_THROUGH,18478
IFVG2-001104,1,bearish,2026-06-24 01:34:00-04:00,False,18483,2026-06-24 01:35:00-04:00,18484,DEACTIVATED_CLOSE_THROUGH,18483
IFVG2-001105,1,bullish,2026-06-24 02:10:00-04:00,False,18523,2026-06-24 02:15:00-04:00,18524,DEACTIVATED_CLOSE_THROUGH,18523
IFVG2-001106,1,bearish,2026-06-24 02:16:00-04:00,False,18539,2026-06-24 02:31:00-04:00,18540,DEACTIVATED_OVERSHOOT_LIMIT,18539
IFVG2-001107,1,bearish,2026-06-24 02:20:00-04:00,False,18539,2026-06-24 02:31:00-04:00,18540,DEACTIVATED_CLOSE_THROUGH,18539
IFVG2-001108,1,bullish,2026-06-24 02:34:00-04:00,False,18547,2026-06-24 02:39:00-04:00,18548,DEACTIVATED_OVERSHOOT_LIMIT,18547
IFVG2-001109,1,bullish,2026-06-24 02:56:00-04:00,False,18565,2026-06-24 02:57:00-04:00,18566,DEACTIVATED_CLOSE_THROUGH,18565
IFVG2-001110,1,bullish,2026-06-24 03:04:00-04:00,False,18573,2026-06-24 03:05:00-04:00,18574,DEACTIVATED_CLOSE_THROUGH,18573
IFVG2-001111,1,bearish,2026-06-24 03:25:00-04:00,False,18612,2026-06-24 03:44:00-04:00,18613,DEACTIVATED_CLOSE_THROUGH,18612
IFVG2-001112,1,bullish,2026-06-24 03:41:00-04:00,False,18624,2026-06-24 03:56:00-04:00,18625,DEACTIVATED_CLOSE_THROUGH,18624
IFVG2-001113,1,bullish,2026-06-24 04:01:00-04:00,False,18728,2026-06-24 05:40:00-04:00,18729,DEACTIVATED_CLOSE_THROUGH,18728
IFVG2-001114,1,bullish,2026-06-24 04:04:00-04:00,False,18675,2026-06-24 04:47:00-04:00,18676,DEACTIVATED_CLOSE_THROUGH,18675
IFVG2-001115,1,bullish,2026-06-24 04:04:00-04:00,False,18690,2026-06-24 05:02:00-04:00,18691,DEACTIVATED_CLOSE_THROUGH,18690
IFVG2-001116,1,bullish,2026-06-24 04:13:00-04:00,False,18642,2026-06-24 04:14:00-04:00,18643,DEACTIVATED_OVERSHOOT_LIMIT,18642
IFVG2-001117,1,bearish,2026-06-24 06:00:00-04:00,False,18751,2026-06-24 06:03:00-04:00,18752,DEACTIVATED_CLOSE_THROUGH,18751
IFVG2-001118,1,bullish,2026-06-24 06:03:00-04:00,False,18815,2026-06-24 07:07:00-04:00,18816,DEACTIVATED_OVERSHOOT_LIMIT,18815
IFVG2-001119,1,bullish,2026-06-24 06:26:00-04:00,False,18799,2026-06-24 06:51:00-04:00,18800,DEACTIVATED_CLOSE_THROUGH,18799
IFVG2-001120,1,bullish,2026-06-24 06:43:00-04:00,False,18792,2026-06-24 06:44:00-04:00,18793,DEACTIVATED_CLOSE_THROUGH,18792
IFVG2-001121,1,bearish,2026-06-24 06:46:00-04:00,False,18856,2026-06-24 07:48:00-04:00,18857,DEACTIVATED_OVERSHOOT_LIMIT,18856
IFVG2-001122,1,bearish,2026-06-24 07:20:00-04:00,False,18831,2026-06-24 07:23:00-04:00,18832,DEACTIVATED_CLOSE_THROUGH,18831
IFVG2-001123,1,bullish,2026-06-24 07:36:00-04:00,False,18909,2026-06-24 08:41:00-04:00,18910,DEACTIVATED_CLOSE_THROUGH,18909
IFVG2-001124,1,bullish,2026-06-24 07:37:00-04:00,False,18909,2026-06-24 08:41:00-04:00,18910,DEACTIVATED_CLOSE_THROUGH,18909
IFVG2-001125,1,bearish,2026-06-24 07:40:00-04:00,False,18851,2026-06-24 07:43:00-04:00,18852,DEACTIVATED_OVERSHOOT_LIMIT,18851
IFVG2-001126,1,bullish,2026-06-24 07:49:00-04:00,False,18869,2026-06-24 08:01:00-04:00,18870,DEACTIVATED_OVERSHOOT_LIMIT,18869
IFVG2-001127,1,bullish,2026-06-24 07:59:00-04:00,False,18868,2026-06-24 08:00:00-04:00,18869,DEACTIVATED_CLOSE_THROUGH,18868
IFVG2-001128,1,bullish,2026-06-24 08:17:00-04:00,False,18902,2026-06-24 08:34:00-04:00,18903,DEACTIVATED_CLOSE_THROUGH,18902
IFVG2-001129,1,bearish,2026-06-24 08:41:00-04:00,False,18960,2026-06-24 09:32:00-04:00,18961,DEACTIVATED_OVERSHOOT_LIMIT,18960
IFVG2-001130,1,bearish,2026-06-24 09:40:00-04:00,False,19033,2026-06-24 10:45:00-04:00,19034,DEACTIVATED_CLOSE_THROUGH,19033
IFVG2-001131,1,bullish,2026-06-24 09:50:00-04:00,False,18985,2026-06-24 09:57:00-04:00,18986,DEACTIVATED_CLOSE_THROUGH,18985
IFVG2-001132,1,bullish,2026-06-24 09:51:00-04:00,False,18983,2026-06-24 09:55:00-04:00,18984,DEACTIVATED_CLOSE_THROUGH,18983
IFVG2-001133,1,bullish,2026-06-24 10:21:00-04:00,False,19011,2026-06-24 10:23:00-04:00,19012,DEACTIVATED_OVERSHOOT_LIMIT,19011
IFVG2-001134,1,bullish,2026-06-24 10:31:00-04:00,False,19027,2026-06-24 10:39:00-04:00,19028,DEACTIVATED_CLOSE_THROUGH,19027
IFVG2-001135,1,bullish,2026-06-24 10:46:00-04:00,False,19035,2026-06-24 10:47:00-04:00,19036,DEACTIVATED_OVERSHOOT_LIMIT,19035
IFVG2-001136,1,bearish,2026-06-24 10:54:00-04:00,False,19046,2026-06-24 10:58:00-04:00,19047,DEACTIVATED_CLOSE_THROUGH,19046
IFVG2-001137,1,bullish,2026-06-24 10:58:00-04:00,False,19055,2026-06-24 11:07:00-04:00,19056,DEACTIVATED_CLOSE_THROUGH,19055
IFVG2-001138,1,bearish,2026-06-24 11:07:00-04:00,False,19056,2026-06-24 11:08:00-04:00,19057,DEACTIVATED_OVERSHOOT_LIMIT,19056
IFVG2-001139,1,bearish,2026-06-24 11:25:00-04:00,False,19077,2026-06-24 11:29:00-04:00,19078,DEACTIVATED_CLOSE_THROUGH,19077
IFVG2-001140,1,bullish,2026-06-24 11:49:00-04:00,False,19108,2026-06-24 12:00:00-04:00,19109,DEACTIVATED_OVERSHOOT_LIMIT,19108
IFVG2-001141,1,bullish,2026-06-24 11:50:00-04:00,False,19100,2026-06-24 11:52:00-04:00,19101,DEACTIVATED_OVERSHOOT_LIMIT,19100
IFVG2-001142,1,bullish,2026-06-24 12:35:00-04:00,False,19144,2026-06-24 12:36:00-04:00,19145,DEACTIVATED_CLOSE_THROUGH,19144
IFVG2-001143,1,bullish,2026-06-24 13:02:00-04:00,False,19174,2026-06-24 13:06:00-04:00,19175,DEACTIVATED_CLOSE_THROUGH,19174
IFVG2-001144,1,bearish,2026-06-24 13:06:00-04:00,False,19349,2026-06-24 16:01:00-04:00,19350,DEACTIVATED_CLOSE_THROUGH,19349
IFVG2-001145,1,bearish,2026-06-24 13:36:00-04:00,False,19207,2026-06-24 13:39:00-04:00,19208,DEACTIVATED_CLOSE_THROUGH,19207
IFVG2-001146,1,bearish,2026-06-24 14:33:00-04:00,False,19348,2026-06-24 16:00:00-04:00,19349,DEACTIVATED_CLOSE_THROUGH,19348
IFVG2-001147,1,bearish,2026-06-24 14:40:00-04:00,False,19341,2026-06-24 15:53:00-04:00,19342,DEACTIVATED_CLOSE_THROUGH,19341
IFVG2-001148,1,bullish,2026-06-24 14:56:00-04:00,False,19285,2026-06-24 14:57:00-04:00,19286,DEACTIVATED_CLOSE_THROUGH,19285
IFVG2-001149,1,bullish,2026-06-24 15:24:00-04:00,False,19732,2026-06-24 23:24:00-04:00,19733,EXPIRED_UNTOUCHED_8H,19732
IFVG2-001150,1,bullish,2026-06-24 15:36:00-04:00,False,19325,2026-06-24 15:37:00-04:00,19326,DEACTIVATED_CLOSE_THROUGH,19325
IFVG2-001151,1,bullish,2026-06-24 15:45:00-04:00,False,19334,2026-06-24 15:46:00-04:00,19335,DEACTIVATED_CLOSE_THROUGH,19334
IFVG2-001152,1,bullish,2026-06-24 16:01:00-04:00,False,19769,2026-06-25 00:01:00-04:00,19770,EXPIRED_ACTIVE_8H,19769
IFVG2-001153,1,bullish,2026-06-24 16:01:00-04:00,False,19769,2026-06-25 00:01:00-04:00,19770,EXPIRED_UNTOUCHED_8H,19769
IFVG2-001154,1,bullish,2026-06-24 16:05:00-04:00,False,19773,2026-06-25 00:05:00-04:00,19774,EXPIRED_UNTOUCHED_8H,19773
IFVG2-001155,1,bullish,2026-06-24 16:05:00-04:00,False,19773,2026-06-25 00:05:00-04:00,19774,EXPIRED_UNTOUCHED_8H,19773
IFVG2-001156,1,bullish,2026-06-24 16:08:00-04:00,False,19360,2026-06-24 16:12:00-04:00,19361,DEACTIVATED_OVERSHOOT_LIMIT,19360
IFVG2-001157,1,bearish,2026-06-24 16:33:00-04:00,False,19383,2026-06-24 16:35:00-04:00,19384,DEACTIVATED_CLOSE_THROUGH,19383
IFVG2-001158,1,bearish,2026-06-24 16:34:00-04:00,False,19383,2026-06-24 16:35:00-04:00,19384,DEACTIVATED_CLOSE_THROUGH,19383
IFVG2-001159,1,bullish,2026-06-24 16:35:00-04:00,False,19563,2026-06-24 20:35:00-04:00,19564,DEACTIVATED_CLOSE_THROUGH,19563
IFVG2-001160,1,bullish,2026-06-24 18:20:00-04:00,False,19429,2026-06-24 18:21:00-04:00,19430,DEACTIVATED_OVERSHOOT_LIMIT,19429
IFVG2-001161,1,bearish,2026-06-24 18:26:00-04:00,False,19493,2026-06-24 19:25:00-04:00,19494,DEACTIVATED_CLOSE_THROUGH,19493
IFVG2-001162,1,bearish,2026-06-24 19:28:00-04:00,False,19497,2026-06-24 19:29:00-04:00,19498,DEACTIVATED_OVERSHOOT_LIMIT,19497
IFVG2-001163,1,bullish,2026-06-24 19:38:00-04:00,False,19518,2026-06-24 19:50:00-04:00,19519,DEACTIVATED_CLOSE_THROUGH,19518
IFVG2-001164,1,bearish,2026-06-24 19:50:00-04:00,False,19522,2026-06-24 19:54:00-04:00,19523,DEACTIVATED_CLOSE_THROUGH,19522
IFVG2-001165,1,bullish,2026-06-24 19:54:00-04:00,False,19523,2026-06-24 19:55:00-04:00,19524,DEACTIVATED_OVERSHOOT_LIMIT,19523
IFVG2-001166,1,bullish,2026-06-24 21:00:00-04:00,False,19592,2026-06-24 21:04:00-04:00,19593,DEACTIVATED_CLOSE_THROUGH,19592
IFVG2-001167,1,bearish,2026-06-24 21:25:00-04:00,False,19620,2026-06-24 21:32:00-04:00,19621,DEACTIVATED_OVERSHOOT_LIMIT,19620
IFVG2-001168,1,bullish,2026-06-24 22:01:00-04:00,False,19655,2026-06-24 22:07:00-04:00,19656,DEACTIVATED_CLOSE_THROUGH,19655
IFVG2-001169,1,bullish,2026-06-24 22:19:00-04:00,False,20147,2026-06-25 06:19:00-04:00,20148,EXPIRED_ACTIVE_8H,20147
IFVG2-001170,1,bullish,2026-06-24 22:22:00-04:00,False,20150,2026-06-25 06:22:00-04:00,20151,EXPIRED_ACTIVE_8H,20150
IFVG2-001171,1,bullish,2026-06-25 00:37:00-04:00,False,19809,2026-06-25 00:41:00-04:00,19810,DEACTIVATED_OVERSHOOT_LIMIT,19809
IFVG2-001172,1,bullish,2026-06-25 00:37:00-04:00,False,20285,2026-06-25 08:37:00-04:00,20286,EXPIRED_ACTIVE_8H,20285
IFVG2-001173,1,bearish,2026-06-25 00:41:00-04:00,False,19810,2026-06-25 00:42:00-04:00,19811,DEACTIVATED_CLOSE_THROUGH,19810
IFVG2-001174,1,bullish,2026-06-25 00:44:00-04:00,False,20292,2026-06-25 08:44:00-04:00,20293,EXPIRED_ACTIVE_8H,20292
IFVG2-001175,1,bullish,2026-06-25 01:21:00-04:00,False,20329,2026-06-25 09:21:00-04:00,20330,EXPIRED_ACTIVE_8H,20329
IFVG2-001176,1,bullish,2026-06-25 02:07:00-04:00,False,20339,2026-06-25 09:31:00-04:00,20340,DEACTIVATED_CLOSE_THROUGH,20339
IFVG2-001177,1,bullish,2026-06-25 03:27:00-04:00,False,19976,2026-06-25 03:28:00-04:00,19977,DEACTIVATED_CLOSE_THROUGH,19976
IFVG2-001178,1,bullish,2026-06-25 03:39:00-04:00,False,19999,2026-06-25 03:51:00-04:00,20000,DEACTIVATED_CLOSE_THROUGH,19999
IFVG2-001179,1,bearish,2026-06-25 03:51:00-04:00,False,20001,2026-06-25 03:53:00-04:00,20002,DEACTIVATED_CLOSE_THROUGH,20001
IFVG2-001180,1,bearish,2026-06-25 04:15:00-04:00,False,20188,2026-06-25 07:00:00-04:00,20189,DEACTIVATED_OVERSHOOT_LIMIT,20188
IFVG2-001181,1,bearish,2026-06-25 04:42:00-04:00,False,20165,2026-06-25 06:37:00-04:00,20166,DEACTIVATED_CLOSE_THROUGH,20165
IFVG2-001182,1,bearish,2026-06-25 04:51:00-04:00,False,20073,2026-06-25 05:05:00-04:00,20074,DEACTIVATED_CLOSE_THROUGH,20073
IFVG2-001183,1,bullish,2026-06-25 05:28:00-04:00,False,20127,2026-06-25 05:59:00-04:00,20128,DEACTIVATED_CLOSE_THROUGH,20127
IFVG2-001184,1,bullish,2026-06-25 06:12:00-04:00,False,20141,2026-06-25 06:13:00-04:00,20142,DEACTIVATED_CLOSE_THROUGH,20141
IFVG2-001185,1,bullish,2026-06-25 06:37:00-04:00,False,20168,2026-06-25 06:40:00-04:00,20169,DEACTIVATED_CLOSE_THROUGH,20168
IFVG2-001186,1,bullish,2026-06-25 06:51:00-04:00,False,20186,2026-06-25 06:58:00-04:00,20187,DEACTIVATED_CLOSE_THROUGH,20186
IFVG2-001187,1,bullish,2026-06-25 07:00:00-04:00,False,20194,2026-06-25 07:06:00-04:00,20195,DEACTIVATED_CLOSE_THROUGH,20194
IFVG2-001188,1,bullish,2026-06-25 07:00:00-04:00,False,20194,2026-06-25 07:06:00-04:00,20195,DEACTIVATED_CLOSE_THROUGH,20194
IFVG2-001189,1,bearish,2026-06-25 07:06:00-04:00,False,20278,2026-06-25 08:30:00-04:00,20279,DEACTIVATED_CLOSE_THROUGH,20278
IFVG2-001190,1,bullish,2026-06-25 07:45:00-04:00,False,20235,2026-06-25 07:47:00-04:00,20236,DEACTIVATED_CLOSE_THROUGH,20235
IFVG2-001191,1,bullish,2026-06-25 07:57:00-04:00,False,20271,2026-06-25 08:23:00-04:00,20272,DEACTIVATED_OVERSHOOT_LIMIT,20271
IFVG2-001192,1,bullish,2026-06-25 08:04:00-04:00,False,20262,2026-06-25 08:14:00-04:00,20263,DEACTIVATED_OVERSHOOT_LIMIT,20262
IFVG2-001193,1,bullish,2026-06-25 08:08:00-04:00,False,20258,2026-06-25 08:10:00-04:00,20259,DEACTIVATED_CLOSE_THROUGH,20258
IFVG2-001194,1,bearish,2026-06-25 08:13:00-04:00,False,20262,2026-06-25 08:14:00-04:00,20263,DEACTIVATED_OVERSHOOT_LIMIT,20262
IFVG2-001195,1,bullish,2026-06-25 08:30:00-04:00,False,20280,2026-06-25 08:32:00-04:00,20281,DEACTIVATED_OVERSHOOT_LIMIT,20280
IFVG2-001196,1,bullish,2026-06-25 08:34:00-04:00,False,20283,2026-06-25 08:35:00-04:00,20284,DEACTIVATED_OVERSHOOT_LIMIT,20283
IFVG2-001197,1,bearish,2026-06-25 08:49:00-04:00,False,20298,2026-06-25 08:50:00-04:00,20299,DEACTIVATED_OVERSHOOT_LIMIT,20298
IFVG2-001198,1,bearish,2026-06-25 09:28:00-04:00,False,20338,2026-06-25 09:30:00-04:00,20339,DEACTIVATED_OVERSHOOT_LIMIT,20338
IFVG2-001199,1,bearish,2026-06-25 10:13:00-04:00,False,20388,2026-06-25 10:20:00-04:00,20389,DEACTIVATED_CLOSE_THROUGH,20388
IFVG2-001200,1,bullish,2026-06-25 10:20:00-04:00,False,20390,2026-06-25 10:22:00-04:00,20391,DEACTIVATED_CLOSE_THROUGH,20390
IFVG2-001201,1,bearish,2026-06-25 10:22:00-04:00,False,20400,2026-06-25 10:32:00-04:00,20401,DEACTIVATED_CLOSE_THROUGH,20400
IFVG2-001202,1,bullish,2026-06-25 10:49:00-04:00,False,20418,2026-06-25 10:50:00-04:00,20419,DEACTIVATED_OVERSHOOT_LIMIT,20418
IFVG2-001203,1,bullish,2026-06-25 10:52:00-04:00,False,20425,2026-06-25 10:57:00-04:00,20426,DEACTIVATED_CLOSE_THROUGH,20425
IFVG2-001204,1,bullish,2026-06-25 11:04:00-04:00,False,20434,2026-06-25 11:06:00-04:00,20435,DEACTIVATED_CLOSE_THROUGH,20434
IFVG2-001205,1,bearish,2026-06-25 11:11:00-04:00,False,20452,2026-06-25 11:24:00-04:00,20453,DEACTIVATED_OVERSHOOT_LIMIT,20452
IFVG2-001206,1,bullish,2026-06-25 11:19:00-04:00,False,20448,2026-06-25 11:20:00-04:00,20449,DEACTIVATED_CLOSE_THROUGH,20448
IFVG2-001207,1,bearish,2026-06-25 11:34:00-04:00,False,20463,2026-06-25 11:35:00-04:00,20464,DEACTIVATED_OVERSHOOT_LIMIT,20463
IFVG2-001208,1,bearish,2026-06-25 11:48:00-04:00,False,20494,2026-06-25 12:06:00-04:00,20495,DEACTIVATED_CLOSE_THROUGH,20494
IFVG2-001209,1,bullish,2026-06-25 12:15:00-04:00,False,20509,2026-06-25 12:21:00-04:00,20510,DEACTIVATED_OVERSHOOT_LIMIT,20509
IFVG2-001210,1,bearish,2026-06-25 12:23:00-04:00,False,20563,2026-06-25 13:15:00-04:00,20564,DEACTIVATED_CLOSE_THROUGH,20563
IFVG2-001211,1,bullish,2026-06-25 13:00:00-04:00,False,20550,2026-06-25 13:02:00-04:00,20551,DEACTIVATED_OVERSHOOT_LIMIT,20550
IFVG2-001212,1,bearish,2026-06-25 13:06:00-04:00,False,20555,2026-06-25 13:07:00-04:00,20556,DEACTIVATED_CLOSE_THROUGH,20555
IFVG2-001213,1,bearish,2026-06-25 13:19:00-04:00,False,20573,2026-06-25 13:25:00-04:00,20574,DEACTIVATED_OVERSHOOT_LIMIT,20573
IFVG2-001214,1,bullish,2026-06-25 13:26:00-04:00,False,20576,2026-06-25 13:28:00-04:00,20577,DEACTIVATED_OVERSHOOT_LIMIT,20576
IFVG2-001215,1,bullish,2026-06-25 13:40:00-04:00,False,20589,2026-06-25 13:41:00-04:00,20590,DEACTIVATED_CLOSE_THROUGH,20589
IFVG2-001216,1,bullish,2026-06-25 13:53:00-04:00,False,20603,2026-06-25 13:55:00-04:00,20604,DEACTIVATED_OVERSHOOT_LIMIT,20603
IFVG2-001217,1,bullish,2026-06-25 13:57:00-04:00,False,20610,2026-06-25 14:02:00-04:00,20611,DEACTIVATED_CLOSE_THROUGH,20610
IFVG2-001218,1,bearish,2026-06-25 14:02:00-04:00,False,20614,2026-06-25 14:06:00-04:00,20615,DEACTIVATED_CLOSE_THROUGH,20614
IFVG2-001219,1,bearish,2026-06-25 14:02:00-04:00,False,20615,2026-06-25 14:07:00-04:00,20616,DEACTIVATED_CLOSE_THROUGH,20615
IFVG2-001220,1,bearish,2026-06-25 14:30:00-04:00,False,20729,2026-06-25 16:01:00-04:00,20730,DEACTIVATED_CLOSE_THROUGH,20729
IFVG2-001221,1,bullish,2026-06-25 14:52:00-04:00,False,20661,2026-06-25 14:53:00-04:00,20662,DEACTIVATED_CLOSE_THROUGH,20661
IFVG2-001222,1,bullish,2026-06-25 14:52:00-04:00,False,20662,2026-06-25 14:54:00-04:00,20663,DEACTIVATED_OVERSHOOT_LIMIT,20662
IFVG2-001223,1,bearish,2026-06-25 15:01:00-04:00,False,20728,2026-06-25 16:00:00-04:00,20729,DEACTIVATED_CLOSE_THROUGH,20728
IFVG2-001224,1,bearish,2026-06-25 15:02:00-04:00,False,20727,2026-06-25 15:59:00-04:00,20728,DEACTIVATED_CLOSE_THROUGH,20727
IFVG2-001225,1,bullish,2026-06-25 15:34:00-04:00,False,20703,2026-06-25 15:35:00-04:00,20704,DEACTIVATED_CLOSE_THROUGH,20703
IFVG2-001226,1,bullish,2026-06-25 15:59:00-04:00,False,20788,2026-06-25 18:00:00-04:00,20789,DEACTIVATED_CLOSE_THROUGH,20788
IFVG2-001227,1,bullish,2026-06-25 16:00:00-04:00,False,20788,2026-06-25 18:00:00-04:00,20789,DEACTIVATED_CLOSE_THROUGH,20788
IFVG2-001228,1,bearish,2026-06-25 18:00:00-04:00,False,20867,2026-06-25 19:19:00-04:00,20868,DEACTIVATED_CLOSE_THROUGH,20867
IFVG2-001229,1,bullish,2026-06-25 18:16:00-04:00,False,20807,2026-06-25 18:19:00-04:00,20808,DEACTIVATED_CLOSE_THROUGH,20807
IFVG2-001230,1,bullish,2026-06-25 18:17:00-04:00,False,20807,2026-06-25 18:19:00-04:00,20808,DEACTIVATED_CLOSE_THROUGH,20807
IFVG2-001231,1,bearish,2026-06-25 18:19:00-04:00,False,20840,2026-06-25 18:52:00-04:00,20841,DEACTIVATED_CLOSE_THROUGH,20840
IFVG2-001232,1,bullish,2026-06-25 18:34:00-04:00,False,20964,2026-06-25 20:56:00-04:00,20965,DEACTIVATED_CLOSE_THROUGH,20964
IFVG2-001233,1,bearish,2026-06-25 18:47:00-04:00,False,20838,2026-06-25 18:50:00-04:00,20839,DEACTIVATED_OVERSHOOT_LIMIT,20838
IFVG2-001234,1,bullish,2026-06-25 18:54:00-04:00,False,20964,2026-06-25 20:56:00-04:00,20965,DEACTIVATED_CLOSE_THROUGH,20964
IFVG2-001235,1,bullish,2026-06-25 19:12:00-04:00,False,20898,2026-06-25 19:50:00-04:00,20899,DEACTIVATED_CLOSE_THROUGH,20898
IFVG2-001236,1,bullish,2026-06-25 19:16:00-04:00,False,20895,2026-06-25 19:47:00-04:00,20896,DEACTIVATED_CLOSE_THROUGH,20895
IFVG2-001237,1,bullish,2026-06-25 19:17:00-04:00,False,20890,2026-06-25 19:42:00-04:00,20891,DEACTIVATED_CLOSE_THROUGH,20890
IFVG2-001238,1,bullish,2026-06-25 19:18:00-04:00,False,20887,2026-06-25 19:39:00-04:00,20888,DEACTIVATED_CLOSE_THROUGH,20887
IFVG2-001239,1,bullish,2026-06-25 19:18:00-04:00,False,20889,2026-06-25 19:41:00-04:00,20890,DEACTIVATED_CLOSE_THROUGH,20889
IFVG2-001240,1,bearish,2026-06-25 19:41:00-04:00,False,21369,2026-06-26 03:41:00-04:00,21370,EXPIRED_UNTOUCHED_8H,21369
IFVG2-001241,1,bearish,2026-06-25 19:44:00-04:00,False,21372,2026-06-26 03:44:00-04:00,21373,EXPIRED_ACTIVE_8H,21372
IFVG2-001242,1,bearish,2026-06-25 19:50:00-04:00,False,20906,2026-06-25 19:58:00-04:00,20907,DEACTIVATED_OVERSHOOT_LIMIT,20906
IFVG2-001243,1,bearish,2026-06-25 19:50:00-04:00,False,20908,2026-06-25 20:00:00-04:00,20909,DEACTIVATED_CLOSE_THROUGH,20908
IFVG2-001244,1,bullish,2026-06-25 20:06:00-04:00,False,20916,2026-06-25 20:08:00-04:00,20917,DEACTIVATED_CLOSE_THROUGH,20916
IFVG2-001245,1,bullish,2026-06-25 20:29:00-04:00,False,20939,2026-06-25 20:31:00-04:00,20940,DEACTIVATED_OVERSHOOT_LIMIT,20939
IFVG2-001246,1,bearish,2026-06-25 20:49:00-04:00,False,20959,2026-06-25 20:51:00-04:00,20960,DEACTIVATED_OVERSHOOT_LIMIT,20959
IFVG2-001247,1,bullish,2026-06-25 21:11:00-04:00,False,20996,2026-06-25 21:28:00-04:00,20997,DEACTIVATED_OVERSHOOT_LIMIT,20996
IFVG2-001248,1,bearish,2026-06-25 21:25:00-04:00,False,21473,2026-06-26 05:25:00-04:00,21474,EXPIRED_UNTOUCHED_8H,21473
IFVG2-001249,1,bearish,2026-06-25 21:51:00-04:00,False,21323,2026-06-26 02:55:00-04:00,21324,DEACTIVATED_OVERSHOOT_LIMIT,21323
IFVG2-001250,1,bearish,2026-06-25 22:09:00-04:00,False,21314,2026-06-26 02:46:00-04:00,21315,DEACTIVATED_OVERSHOOT_LIMIT,21314
IFVG2-001251,1,bullish,2026-06-25 22:59:00-04:00,False,21088,2026-06-25 23:00:00-04:00,21089,DEACTIVATED_OVERSHOOT_LIMIT,21088
IFVG2-001252,1,bullish,2026-06-25 23:54:00-04:00,False,21173,2026-06-26 00:25:00-04:00,21174,DEACTIVATED_CLOSE_THROUGH,21173
IFVG2-001253,1,bearish,2026-06-26 00:24:00-04:00,False,21177,2026-06-26 00:29:00-04:00,21178,DEACTIVATED_OVERSHOOT_LIMIT,21177
IFVG2-001254,1,bearish,2026-06-26 00:25:00-04:00,False,21176,2026-06-26 00:28:00-04:00,21177,DEACTIVATED_CLOSE_THROUGH,21176
IFVG2-001255,1,bearish,2026-06-26 01:22:00-04:00,False,21233,2026-06-26 01:25:00-04:00,21234,DEACTIVATED_CLOSE_THROUGH,21233
IFVG2-001256,1,bearish,2026-06-26 01:40:00-04:00,False,21259,2026-06-26 01:51:00-04:00,21260,DEACTIVATED_OVERSHOOT_LIMIT,21259
IFVG2-001257,1,bearish,2026-06-26 01:42:00-04:00,False,21258,2026-06-26 01:50:00-04:00,21259,DEACTIVATED_OVERSHOOT_LIMIT,21258
IFVG2-001258,1,bearish,2026-06-26 02:19:00-04:00,False,21288,2026-06-26 02:20:00-04:00,21289,DEACTIVATED_CLOSE_THROUGH,21288
IFVG2-001259,1,bullish,2026-06-26 02:20:00-04:00,False,21509,2026-06-26 06:01:00-04:00,21510,DEACTIVATED_CLOSE_THROUGH,21509
IFVG2-001260,1,bullish,2026-06-26 02:54:00-04:00,False,21329,2026-06-26 03:01:00-04:00,21330,DEACTIVATED_CLOSE_THROUGH,21329
IFVG2-001261,1,bearish,2026-06-26 03:01:00-04:00,False,21345,2026-06-26 03:17:00-04:00,21346,DEACTIVATED_CLOSE_THROUGH,21345
IFVG2-001262,1,bullish,2026-06-26 03:16:00-04:00,False,21392,2026-06-26 04:04:00-04:00,21393,DEACTIVATED_CLOSE_THROUGH,21392
IFVG2-001263,1,bearish,2026-06-26 03:18:00-04:00,False,21347,2026-06-26 03:19:00-04:00,21348,DEACTIVATED_CLOSE_THROUGH,21347
IFVG2-001264,1,bearish,2026-06-26 04:13:00-04:00,False,21405,2026-06-26 04:17:00-04:00,21406,DEACTIVATED_CLOSE_THROUGH,21405
IFVG2-001265,1,bullish,2026-06-26 04:16:00-04:00,False,21406,2026-06-26 04:18:00-04:00,21407,DEACTIVATED_CLOSE_THROUGH,21406
IFVG2-001266,1,bearish,2026-06-26 04:18:00-04:00,False,21410,2026-06-26 04:22:00-04:00,21411,DEACTIVATED_CLOSE_THROUGH,21410
IFVG2-001267,1,bearish,2026-06-26 04:34:00-04:00,False,21426,2026-06-26 04:38:00-04:00,21427,DEACTIVATED_CLOSE_THROUGH,21426
IFVG2-001268,1,bullish,2026-06-26 04:36:00-04:00,False,21425,2026-06-26 04:37:00-04:00,21426,DEACTIVATED_OVERSHOOT_LIMIT,21425
IFVG2-001269,1,bearish,2026-06-26 05:16:00-04:00,False,21465,2026-06-26 05:17:00-04:00,21466,DEACTIVATED_CLOSE_THROUGH,21465
IFVG2-001270,1,bullish,2026-06-26 06:05:00-04:00,False,21620,2026-06-26 07:52:00-04:00,21621,DEACTIVATED_CLOSE_THROUGH,21620
IFVG2-001271,1,bullish,2026-06-26 06:07:00-04:00,False,21516,2026-06-26 06:08:00-04:00,21517,DEACTIVATED_OVERSHOOT_LIMIT,21516
IFVG2-001272,1,bullish,2026-06-26 06:13:00-04:00,False,21522,2026-06-26 06:14:00-04:00,21523,DEACTIVATED_OVERSHOOT_LIMIT,21522
IFVG2-001273,1,bearish,2026-06-26 06:21:00-04:00,False,21534,2026-06-26 06:26:00-04:00,21535,DEACTIVATED_CLOSE_THROUGH,21534
IFVG2-001274,1,bullish,2026-06-26 06:26:00-04:00,False,21544,2026-06-26 06:36:00-04:00,21545,DEACTIVATED_OVERSHOOT_LIMIT,21544
IFVG2-001275,1,bearish,2026-06-26 06:57:00-04:00,False,21567,2026-06-26 06:59:00-04:00,21568,DEACTIVATED_OVERSHOOT_LIMIT,21567
IFVG2-001276,1,bullish,2026-06-26 07:11:00-04:00,False,21583,2026-06-26 07:15:00-04:00,21584,DEACTIVATED_CLOSE_THROUGH,21583
IFVG2-001277,1,bullish,2026-06-26 07:12:00-04:00,False,21581,2026-06-26 07:13:00-04:00,21582,DEACTIVATED_CLOSE_THROUGH,21581
IFVG2-001278,1,bullish,2026-06-26 07:22:00-04:00,False,21591,2026-06-26 07:23:00-04:00,21592,DEACTIVATED_OVERSHOOT_LIMIT,21591
IFVG2-001279,1,bearish,2026-06-26 07:52:00-04:00,False,21627,2026-06-26 07:59:00-04:00,21628,DEACTIVATED_CLOSE_THROUGH,21627
IFVG2-001280,1,bullish,2026-06-26 07:55:00-04:00,False,21673,2026-06-26 08:45:00-04:00,21674,DEACTIVATED_OVERSHOOT_LIMIT,21673
IFVG2-001281,1,bullish,2026-06-26 07:59:00-04:00,False,21670,2026-06-26 08:42:00-04:00,21671,DEACTIVATED_CLOSE_THROUGH,21670
IFVG2-001282,1,bullish,2026-06-26 08:01:00-04:00,False,21667,2026-06-26 08:39:00-04:00,21668,DEACTIVATED_CLOSE_THROUGH,21667
IFVG2-001283,1,bullish,2026-06-26 08:02:00-04:00,False,21663,2026-06-26 08:35:00-04:00,21664,DEACTIVATED_CLOSE_THROUGH,21663
IFVG2-001284,1,bullish,2026-06-26 08:05:00-04:00,False,21634,2026-06-26 08:06:00-04:00,21635,DEACTIVATED_CLOSE_THROUGH,21634
IFVG2-001285,1,bearish,2026-06-26 08:30:00-04:00,False,21659,2026-06-26 08:31:00-04:00,21660,DEACTIVATED_CLOSE_THROUGH,21659
IFVG2-001286,1,bearish,2026-06-26 08:35:00-04:00,False,21664,2026-06-26 08:36:00-04:00,21665,DEACTIVATED_CLOSE_THROUGH,21664
IFVG2-001287,1,bearish,2026-06-26 08:39:00-04:00,False,21717,2026-06-26 09:29:00-04:00,21718,DEACTIVATED_OVERSHOOT_LIMIT,21717
IFVG2-001288,1,bearish,2026-06-26 08:43:00-04:00,False,21672,2026-06-26 08:44:00-04:00,21673,DEACTIVATED_OVERSHOOT_LIMIT,21672
IFVG2-001289,1,bullish,2026-06-26 08:46:00-04:00,False,21675,2026-06-26 08:47:00-04:00,21676,DEACTIVATED_CLOSE_THROUGH,21675
IFVG2-001290,1,bullish,2026-06-26 09:27:00-04:00,False,21716,2026-06-26 09:28:00-04:00,21717,DEACTIVATED_CLOSE_THROUGH,21716
IFVG2-001291,1,bearish,2026-06-26 09:33:00-04:00,False,21723,2026-06-26 09:35:00-04:00,21724,DEACTIVATED_CLOSE_THROUGH,21723
IFVG2-001292,1,bearish,2026-06-26 09:45:00-04:00,False,21734,2026-06-26 09:46:00-04:00,21735,DEACTIVATED_CLOSE_THROUGH,21734
IFVG2-001293,1,bearish,2026-06-26 09:45:00-04:00,False,21734,2026-06-26 09:46:00-04:00,21735,DEACTIVATED_CLOSE_THROUGH,21734
IFVG2-001294,1,bullish,2026-06-26 09:56:00-04:00,False,22107,2026-06-26 15:59:00-04:00,22108,DEACTIVATED_CLOSE_THROUGH,22107
IFVG2-001295,1,bullish,2026-06-26 09:56:00-04:00,False,22107,2026-06-26 15:59:00-04:00,22108,DEACTIVATED_CLOSE_THROUGH,22107
IFVG2-001296,1,bullish,2026-06-26 10:00:00-04:00,False,21820,2026-06-26 11:12:00-04:00,21821,DEACTIVATED_CLOSE_THROUGH,21820
IFVG2-001297,1,bullish,2026-06-26 10:41:00-04:00,False,21792,2026-06-26 10:44:00-04:00,21793,DEACTIVATED_OVERSHOOT_LIMIT,21792
IFVG2-001298,1,bullish,2026-06-26 11:07:00-04:00,False,21816,2026-06-26 11:08:00-04:00,21817,DEACTIVATED_CLOSE_THROUGH,21816
IFVG2-001299,1,bearish,2026-06-26 11:51:00-04:00,False,21860,2026-06-26 11:52:00-04:00,21861,DEACTIVATED_OVERSHOOT_LIMIT,21860
IFVG2-001300,1,bearish,2026-06-26 11:51:00-04:00,False,21865,2026-06-26 11:57:00-04:00,21866,DEACTIVATED_CLOSE_THROUGH,21865
IFVG2-001301,1,bearish,2026-06-26 12:02:00-04:00,False,21901,2026-06-26 12:33:00-04:00,21902,DEACTIVATED_OVERSHOOT_LIMIT,21901
IFVG2-001302,1,bullish,2026-06-26 12:16:00-04:00,False,21885,2026-06-26 12:17:00-04:00,21886,DEACTIVATED_OVERSHOOT_LIMIT,21885
IFVG2-001303,1,bullish,2026-06-26 13:00:00-04:00,False,21945,2026-06-26 13:17:00-04:00,21946,DEACTIVATED_CLOSE_THROUGH,21945
IFVG2-001304,1,bullish,2026-06-26 13:08:00-04:00,False,21943,2026-06-26 13:15:00-04:00,21944,DEACTIVATED_CLOSE_THROUGH,21943
IFVG2-001305,1,bullish,2026-06-26 14:33:00-04:00,False,22022,2026-06-26 14:34:00-04:00,22023,DEACTIVATED_OVERSHOOT_LIMIT,22022
IFVG2-001306,1,bullish,2026-06-26 14:33:00-04:00,False,22023,2026-06-26 14:35:00-04:00,22024,DEACTIVATED_CLOSE_THROUGH,22023
IFVG2-001307,1,bullish,2026-06-26 15:06:00-04:00,False,22107,2026-06-26 15:59:00-04:00,22108,DEACTIVATED_CLOSE_THROUGH,22107
IFVG2-001308,1,bullish,2026-06-26 15:33:00-04:00,False,22098,2026-06-26 15:50:00-04:00,22099,DEACTIVATED_CLOSE_THROUGH,22098
IFVG2-001309,1,bullish,2026-06-26 15:43:00-04:00,False,22097,2026-06-26 15:49:00-04:00,22098,DEACTIVATED_CLOSE_THROUGH,22097
IFVG2-001310,1,bearish,2026-06-26 15:49:00-04:00,False,22098,2026-06-26 15:50:00-04:00,22099,DEACTIVATED_OVERSHOOT_LIMIT,22098
IFVG2-001311,1,bearish,2026-06-26 15:50:00-04:00,False,22168,2026-06-28 18:00:00-04:00,22169,EXPIRED_ACTIVE_8H,22168
IFVG2-001312,1,bearish,2026-06-26 15:59:00-04:00,False,22168,2026-06-28 18:00:00-04:00,22169,EXPIRED_UNTOUCHED_8H,22168
IFVG2-001313,1,bearish,2026-06-26 16:26:00-04:00,False,22168,2026-06-28 18:00:00-04:00,22169,EXPIRED_ACTIVE_8H,22168
IFVG2-001314,1,bearish,2026-06-26 16:30:00-04:00,False,22168,2026-06-28 18:00:00-04:00,22169,DEACTIVATED_CLOSE_THROUGH,22168
IFVG2-001315,1,bearish,2026-06-26 16:36:00-04:00,False,22145,2026-06-26 16:37:00-04:00,22146,DEACTIVATED_OVERSHOOT_LIMIT,22145
IFVG2-001316,1,bullish,2026-06-28 18:36:00-04:00,False,22205,2026-06-28 18:37:00-04:00,22206,DEACTIVATED_CLOSE_THROUGH,22205
IFVG2-001317,1,bullish,2026-06-28 19:00:00-04:00,False,22288,2026-06-28 20:00:00-04:00,22289,DEACTIVATED_OVERSHOOT_LIMIT,22288
IFVG2-001318,1,bearish,2026-06-28 20:00:00-04:00,False,22632,2026-06-29 01:44:00-04:00,22633,DEACTIVATED_CLOSE_THROUGH,22632
IFVG2-001319,1,bearish,2026-06-28 20:02:00-04:00,False,22291,2026-06-28 20:03:00-04:00,22292,DEACTIVATED_CLOSE_THROUGH,22291
IFVG2-001320,1,bearish,2026-06-28 20:16:00-04:00,False,22305,2026-06-28 20:17:00-04:00,22306,DEACTIVATED_CLOSE_THROUGH,22305
IFVG2-001321,1,bullish,2026-06-28 20:18:00-04:00,False,22307,2026-06-28 20:19:00-04:00,22308,DEACTIVATED_CLOSE_THROUGH,22307
IFVG2-001322,1,bearish,2026-06-28 20:28:00-04:00,False,22332,2026-06-28 20:44:00-04:00,22333,DEACTIVATED_CLOSE_THROUGH,22332
IFVG2-001323,1,bearish,2026-06-28 20:46:00-04:00,False,22338,2026-06-28 20:50:00-04:00,22339,DEACTIVATED_OVERSHOOT_LIMIT,22338
IFVG2-001324,1,bullish,2026-06-28 20:56:00-04:00,False,22350,2026-06-28 21:02:00-04:00,22351,DEACTIVATED_OVERSHOOT_LIMIT,22350
IFVG2-001325,1,bearish,2026-06-28 21:17:00-04:00,False,22366,2026-06-28 21:18:00-04:00,22367,DEACTIVATED_OVERSHOOT_LIMIT,22366
IFVG2-001326,1,bullish,2026-06-28 21:41:00-04:00,False,22392,2026-06-28 21:44:00-04:00,22393,DEACTIVATED_OVERSHOOT_LIMIT,22392
IFVG2-001327,1,bullish,2026-06-28 21:41:00-04:00,False,22393,2026-06-28 21:45:00-04:00,22394,DEACTIVATED_CLOSE_THROUGH,22393
IFVG2-001328,1,bearish,2026-06-28 21:45:00-04:00,False,22454,2026-06-28 22:46:00-04:00,22455,DEACTIVATED_OVERSHOOT_LIMIT,22454
IFVG2-001329,1,bearish,2026-06-28 22:14:00-04:00,False,22424,2026-06-28 22:16:00-04:00,22425,DEACTIVATED_CLOSE_THROUGH,22424
IFVG2-001330,1,bullish,2026-06-28 23:02:00-04:00,False,22483,2026-06-28 23:15:00-04:00,22484,DEACTIVATED_OVERSHOOT_LIMIT,22483
IFVG2-001331,1,bearish,2026-06-28 23:31:00-04:00,False,22517,2026-06-28 23:49:00-04:00,22518,DEACTIVATED_CLOSE_THROUGH,22517
IFVG2-001332,1,bearish,2026-06-28 23:36:00-04:00,False,22514,2026-06-28 23:46:00-04:00,22515,DEACTIVATED_CLOSE_THROUGH,22514
IFVG2-001333,1,bearish,2026-06-28 23:38:00-04:00,False,22507,2026-06-28 23:39:00-04:00,22508,DEACTIVATED_CLOSE_THROUGH,22507
IFVG2-001334,1,bullish,2026-06-28 23:46:00-04:00,False,22588,2026-06-29 01:00:00-04:00,22589,DEACTIVATED_CLOSE_THROUGH,22588
IFVG2-001335,1,bullish,2026-06-28 23:48:00-04:00,False,22549,2026-06-29 00:21:00-04:00,22550,DEACTIVATED_OVERSHOOT_LIMIT,22549
IFVG2-001336,1,bullish,2026-06-28 23:49:00-04:00,False,22544,2026-06-29 00:16:00-04:00,22545,DEACTIVATED_OVERSHOOT_LIMIT,22544
IFVG2-001337,1,bearish,2026-06-29 00:05:00-04:00,False,22535,2026-06-29 00:07:00-04:00,22536,DEACTIVATED_CLOSE_THROUGH,22535
IFVG2-001338,1,bullish,2026-06-29 00:14:00-04:00,False,22543,2026-06-29 00:15:00-04:00,22544,DEACTIVATED_CLOSE_THROUGH,22543
IFVG2-001339,1,bearish,2026-06-29 00:16:00-04:00,False,22545,2026-06-29 00:17:00-04:00,22546,DEACTIVATED_OVERSHOOT_LIMIT,22545
IFVG2-001340,1,bullish,2026-06-29 00:24:00-04:00,False,22555,2026-06-29 00:27:00-04:00,22556,DEACTIVATED_OVERSHOOT_LIMIT,22555
IFVG2-001341,1,bullish,2026-06-29 00:24:00-04:00,False,22562,2026-06-29 00:34:00-04:00,22563,DEACTIVATED_OVERSHOOT_LIMIT,22562
IFVG2-001342,1,bullish,2026-06-29 00:49:00-04:00,False,22579,2026-06-29 00:51:00-04:00,22580,DEACTIVATED_OVERSHOOT_LIMIT,22579
IFVG2-001343,1,bearish,2026-06-29 01:00:00-04:00,False,22589,2026-06-29 01:01:00-04:00,22590,DEACTIVATED_CLOSE_THROUGH,22589
IFVG2-001344,1,bearish,2026-06-29 01:18:00-04:00,False,22612,2026-06-29 01:24:00-04:00,22613,DEACTIVATED_CLOSE_THROUGH,22612
IFVG2-001345,1,bullish,2026-06-29 01:39:00-04:00,False,23098,2026-06-29 09:30:00-04:00,23099,DEACTIVATED_OVERSHOOT_LIMIT,23098
IFVG2-001346,1,bullish,2026-06-29 01:43:00-04:00,False,22711,2026-06-29 03:03:00-04:00,22712,DEACTIVATED_OVERSHOOT_LIMIT,22711
IFVG2-001347,1,bearish,2026-06-29 02:02:00-04:00,False,22671,2026-06-29 02:23:00-04:00,22672,DEACTIVATED_CLOSE_THROUGH,22671
IFVG2-001348,1,bearish,2026-06-29 03:10:00-04:00,False,22721,2026-06-29 03:13:00-04:00,22722,DEACTIVATED_OVERSHOOT_LIMIT,22721
IFVG2-001349,1,bullish,2026-06-29 03:34:00-04:00,False,22744,2026-06-29 03:36:00-04:00,22745,DEACTIVATED_OVERSHOOT_LIMIT,22744
IFVG2-001350,1,bullish,2026-06-29 03:39:00-04:00,False,22766,2026-06-29 03:58:00-04:00,22767,DEACTIVATED_OVERSHOOT_LIMIT,22766
IFVG2-001351,1,bearish,2026-06-29 04:03:00-04:00,False,22772,2026-06-29 04:04:00-04:00,22773,DEACTIVATED_CLOSE_THROUGH,22772
IFVG2-001352,1,bearish,2026-06-29 04:07:00-04:00,False,22777,2026-06-29 04:09:00-04:00,22778,DEACTIVATED_CLOSE_THROUGH,22777
IFVG2-001353,1,bearish,2026-06-29 04:26:00-04:00,False,22799,2026-06-29 04:31:00-04:00,22800,DEACTIVATED_CLOSE_THROUGH,22799
IFVG2-001354,1,bullish,2026-06-29 04:48:00-04:00,False,22817,2026-06-29 04:49:00-04:00,22818,DEACTIVATED_CLOSE_THROUGH,22817
IFVG2-001355,1,bearish,2026-06-29 04:49:00-04:00,False,22820,2026-06-29 04:52:00-04:00,22821,DEACTIVATED_OVERSHOOT_LIMIT,22820
IFVG2-001356,1,bearish,2026-06-29 05:07:00-04:00,False,22838,2026-06-29 05:10:00-04:00,22839,DEACTIVATED_CLOSE_THROUGH,22838
IFVG2-001357,1,bearish,2026-06-29 05:35:00-04:00,False,22867,2026-06-29 05:39:00-04:00,22868,DEACTIVATED_OVERSHOOT_LIMIT,22867
IFVG2-001358,1,bullish,2026-06-29 05:38:00-04:00,False,22868,2026-06-29 05:40:00-04:00,22869,DEACTIVATED_CLOSE_THROUGH,22868
IFVG2-001359,1,bearish,2026-06-29 05:48:00-04:00,False,22877,2026-06-29 05:49:00-04:00,22878,DEACTIVATED_OVERSHOOT_LIMIT,22877
IFVG2-001360,1,bearish,2026-06-29 06:15:00-04:00,False,22911,2026-06-29 06:23:00-04:00,22912,DEACTIVATED_CLOSE_THROUGH,22911
IFVG2-001361,1,bullish,2026-06-29 06:18:00-04:00,False,23048,2026-06-29 08:40:00-04:00,23049,DEACTIVATED_CLOSE_THROUGH,23048
IFVG2-001362,1,bullish,2026-06-29 06:20:00-04:00,False,22913,2026-06-29 06:25:00-04:00,22914,DEACTIVATED_OVERSHOOT_LIMIT,22913
IFVG2-001363,1,bullish,2026-06-29 07:31:00-04:00,False,22980,2026-06-29 07:32:00-04:00,22981,DEACTIVATED_CLOSE_THROUGH,22980
IFVG2-001364,1,bullish,2026-06-29 07:41:00-04:00,False,22991,2026-06-29 07:43:00-04:00,22992,DEACTIVATED_CLOSE_THROUGH,22991
IFVG2-001365,1,bullish,2026-06-29 08:34:00-04:00,False,23045,2026-06-29 08:37:00-04:00,23046,DEACTIVATED_CLOSE_THROUGH,23045
IFVG2-001366,1,bearish,2026-06-29 08:41:00-04:00,False,23051,2026-06-29 08:43:00-04:00,23052,DEACTIVATED_CLOSE_THROUGH,23051
IFVG2-001367,1,bullish,2026-06-29 08:55:00-04:00,False,23089,2026-06-29 09:21:00-04:00,23090,DEACTIVATED_OVERSHOOT_LIMIT,23089
IFVG2-001368,1,bearish,2026-06-29 09:02:00-04:00,False,23071,2026-06-29 09:03:00-04:00,23072,DEACTIVATED_OVERSHOOT_LIMIT,23071
IFVG2-001369,1,bearish,2026-06-29 09:03:00-04:00,False,23072,2026-06-29 09:04:00-04:00,23073,DEACTIVATED_CLOSE_THROUGH,23072
IFVG2-001370,1,bullish,2026-06-29 09:32:00-04:00,False,23104,2026-06-29 09:36:00-04:00,23105,DEACTIVATED_CLOSE_THROUGH,23104
IFVG2-001371,1,bearish,2026-06-29 09:36:00-04:00,False,23107,2026-06-29 09:39:00-04:00,23108,DEACTIVATED_CLOSE_THROUGH,23107
IFVG2-001372,1,bullish,2026-06-29 09:40:00-04:00,False,23123,2026-06-29 09:55:00-04:00,23124,DEACTIVATED_CLOSE_THROUGH,23123
IFVG2-001373,1,bearish,2026-06-29 09:54:00-04:00,False,23232,2026-06-29 11:44:00-04:00,23233,DEACTIVATED_CLOSE_THROUGH,23232
IFVG2-001374,1,bullish,2026-06-29 10:50:00-04:00,False,23598,2026-06-29 18:50:00-04:00,23599,EXPIRED_UNTOUCHED_8H,23598
IFVG2-001375,1,bullish,2026-06-29 10:54:00-04:00,False,23183,2026-06-29 10:55:00-04:00,23184,DEACTIVATED_OVERSHOOT_LIMIT,23183
IFVG2-001376,1,bullish,2026-06-29 11:29:00-04:00,False,23637,2026-06-29 19:29:00-04:00,23638,EXPIRED_ACTIVE_8H,23637
IFVG2-001377,1,bullish,2026-06-29 11:41:00-04:00,False,23649,2026-06-29 19:41:00-04:00,23650,EXPIRED_ACTIVE_8H,23649
IFVG2-001378,1,bearish,2026-06-29 12:33:00-04:00,False,23283,2026-06-29 12:35:00-04:00,23284,DEACTIVATED_CLOSE_THROUGH,23283
IFVG2-001379,1,bullish,2026-06-29 12:35:00-04:00,False,23284,2026-06-29 12:36:00-04:00,23285,DEACTIVATED_OVERSHOOT_LIMIT,23284
IFVG2-001380,1,bearish,2026-06-29 13:32:00-04:00,False,23355,2026-06-29 13:47:00-04:00,23356,DEACTIVATED_CLOSE_THROUGH,23355
IFVG2-001381,1,bearish,2026-06-29 14:16:00-04:00,False,23386,2026-06-29 14:18:00-04:00,23387,DEACTIVATED_OVERSHOOT_LIMIT,23386
IFVG2-001382,1,bullish,2026-06-29 15:58:00-04:00,False,23488,2026-06-29 16:00:00-04:00,23489,DEACTIVATED_CLOSE_THROUGH,23488
IFVG2-001383,1,bearish,2026-06-29 16:00:00-04:00,False,23489,2026-06-29 16:01:00-04:00,23490,DEACTIVATED_CLOSE_THROUGH,23489
IFVG2-001384,1,bearish,2026-06-29 16:00:00-04:00,False,23491,2026-06-29 16:03:00-04:00,23492,DEACTIVATED_CLOSE_THROUGH,23491
IFVG2-001385,1,bullish,2026-06-29 16:55:00-04:00,False,23545,2026-06-29 16:57:00-04:00,23546,DEACTIVATED_OVERSHOOT_LIMIT,23545
IFVG2-001386,1,bullish,2026-06-29 18:19:00-04:00,False,23574,2026-06-29 18:26:00-04:00,23575,DEACTIVATED_CLOSE_THROUGH,23574
IFVG2-001387,1,bearish,2026-06-29 18:24:00-04:00,False,23573,2026-06-29 18:25:00-04:00,23574,DEACTIVATED_OVERSHOOT_LIMIT,23573
IFVG2-001388,1,bearish,2026-06-29 18:31:00-04:00,False,23590,2026-06-29 18:42:00-04:00,23591,DEACTIVATED_OVERSHOOT_LIMIT,23590
IFVG2-001389,1,bullish,2026-06-29 18:41:00-04:00,False,23696,2026-06-29 20:28:00-04:00,23697,DEACTIVATED_CLOSE_THROUGH,23696
IFVG2-001390,1,bullish,2026-06-29 19:27:00-04:00,False,23638,2026-06-29 19:30:00-04:00,23639,DEACTIVATED_OVERSHOOT_LIMIT,23638
IFVG2-001391,1,bearish,2026-06-29 20:41:00-04:00,False,23714,2026-06-29 20:46:00-04:00,23715,DEACTIVATED_CLOSE_THROUGH,23714
IFVG2-001392,1,bearish,2026-06-29 21:37:00-04:00,False,23769,2026-06-29 21:41:00-04:00,23770,DEACTIVATED_CLOSE_THROUGH,23769
IFVG2-001393,1,bullish,2026-06-29 21:41:00-04:00,False,23774,2026-06-29 21:46:00-04:00,23775,DEACTIVATED_CLOSE_THROUGH,23774
IFVG2-001394,1,bearish,2026-06-29 21:46:00-04:00,False,23781,2026-06-29 21:53:00-04:00,23782,DEACTIVATED_CLOSE_THROUGH,23781
IFVG2-001395,1,bearish,2026-06-29 23:00:00-04:00,False,23852,2026-06-29 23:04:00-04:00,23853,DEACTIVATED_CLOSE_THROUGH,23852
IFVG2-001396,1,bearish,2026-06-29 23:53:00-04:00,False,23909,2026-06-30 00:01:00-04:00,23910,DEACTIVATED_CLOSE_THROUGH,23909
IFVG2-001397,1,bullish,2026-06-30 00:01:00-04:00,False,24061,2026-06-30 02:33:00-04:00,24062,DEACTIVATED_CLOSE_THROUGH,24061
IFVG2-001398,1,bullish,2026-06-30 00:01:00-04:00,False,24061,2026-06-30 02:33:00-04:00,24062,DEACTIVATED_OVERSHOOT_LIMIT,24061
IFVG2-001399,1,bearish,2026-06-30 00:46:00-04:00,False,23959,2026-06-30 00:51:00-04:00,23960,DEACTIVATED_OVERSHOOT_LIMIT,23959
IFVG2-001400,1,bearish,2026-06-30 01:25:00-04:00,False,24473,2026-06-30 09:25:00-04:00,24474,EXPIRED_UNTOUCHED_8H,24473
IFVG2-001401,1,bearish,2026-06-30 01:32:00-04:00,False,24009,2026-06-30 01:41:00-04:00,24010,DEACTIVATED_CLOSE_THROUGH,24009
IFVG2-001402,1,bullish,2026-06-30 01:39:00-04:00,False,24054,2026-06-30 02:26:00-04:00,24055,DEACTIVATED_OVERSHOOT_LIMIT,24054
IFVG2-001403,1,bullish,2026-06-30 01:40:00-04:00,False,24044,2026-06-30 02:16:00-04:00,24045,DEACTIVATED_OVERSHOOT_LIMIT,24044
IFVG2-001404,1,bearish,2026-06-30 01:43:00-04:00,False,24012,2026-06-30 01:44:00-04:00,24013,DEACTIVATED_OVERSHOOT_LIMIT,24012
IFVG2-001405,1,bullish,2026-06-30 02:36:00-04:00,False,24065,2026-06-30 02:37:00-04:00,24066,DEACTIVATED_CLOSE_THROUGH,24065
IFVG2-001406,1,bearish,2026-06-30 03:04:00-04:00,False,24093,2026-06-30 03:05:00-04:00,24094,DEACTIVATED_CLOSE_THROUGH,24093
IFVG2-001407,1,bearish,2026-06-30 03:27:00-04:00,False,24116,2026-06-30 03:28:00-04:00,24117,DEACTIVATED_CLOSE_THROUGH,24116
IFVG2-001408,1,bearish,2026-06-30 03:38:00-04:00,False,24156,2026-06-30 04:08:00-04:00,24157,DEACTIVATED_OVERSHOOT_LIMIT,24156
IFVG2-001409,1,bullish,2026-06-30 04:20:00-04:00,False,24181,2026-06-30 04:33:00-04:00,24182,DEACTIVATED_CLOSE_THROUGH,24181
IFVG2-001410,1,bullish,2026-06-30 04:21:00-04:00,False,24180,2026-06-30 04:32:00-04:00,24181,DEACTIVATED_CLOSE_THROUGH,24180
IFVG2-001411,1,bearish,2026-06-30 04:33:00-04:00,False,24282,2026-06-30 06:14:00-04:00,24283,DEACTIVATED_CLOSE_THROUGH,24282
IFVG2-001412,1,bearish,2026-06-30 04:39:00-04:00,False,24202,2026-06-30 04:54:00-04:00,24203,DEACTIVATED_CLOSE_THROUGH,24202
IFVG2-001413,1,bullish,2026-06-30 04:54:00-04:00,False,24239,2026-06-30 05:31:00-04:00,24240,DEACTIVATED_OVERSHOOT_LIMIT,24239
IFVG2-001414,1,bearish,2026-06-30 05:23:00-04:00,False,24233,2026-06-30 05:25:00-04:00,24234,DEACTIVATED_CLOSE_THROUGH,24233
IFVG2-001415,1,bullish,2026-06-30 05:37:00-04:00,False,24414,2026-06-30 08:26:00-04:00,24415,DEACTIVATED_CLOSE_THROUGH,24414
IFVG2-001416,1,bullish,2026-06-30 05:40:00-04:00,False,24251,2026-06-30 05:43:00-04:00,24252,DEACTIVATED_OVERSHOOT_LIMIT,24251
IFVG2-001417,1,bullish,2026-06-30 05:40:00-04:00,False,24279,2026-06-30 06:11:00-04:00,24280,DEACTIVATED_OVERSHOOT_LIMIT,24279
IFVG2-001418,1,bearish,2026-06-30 07:08:00-04:00,False,24337,2026-06-30 07:09:00-04:00,24338,DEACTIVATED_CLOSE_THROUGH,24337
IFVG2-001419,1,bearish,2026-06-30 07:23:00-04:00,False,24371,2026-06-30 07:43:00-04:00,24372,DEACTIVATED_CLOSE_THROUGH,24371
IFVG2-001420,1,bullish,2026-06-30 07:27:00-04:00,False,24361,2026-06-30 07:33:00-04:00,24362,DEACTIVATED_OVERSHOOT_LIMIT,24361
IFVG2-001421,1,bullish,2026-06-30 07:45:00-04:00,False,24383,2026-06-30 07:55:00-04:00,24384,DEACTIVATED_CLOSE_THROUGH,24383
IFVG2-001422,1,bearish,2026-06-30 08:00:00-04:00,False,24479,2026-06-30 09:31:00-04:00,24480,DEACTIVATED_OVERSHOOT_LIMIT,24479
IFVG2-001423,1,bullish,2026-06-30 09:31:00-04:00,False,24480,2026-06-30 09:32:00-04:00,24481,DEACTIVATED_OVERSHOOT_LIMIT,24480
IFVG2-001424,1,bearish,2026-06-30 10:06:00-04:00,False,24519,2026-06-30 10:11:00-04:00,24520,DEACTIVATED_OVERSHOOT_LIMIT,24519
IFVG2-001425,1,bearish,2026-06-30 10:42:00-04:00,False,24552,2026-06-30 10:44:00-04:00,24553,DEACTIVATED_CLOSE_THROUGH,24552
IFVG2-001426,1,bullish,2026-06-30 10:44:00-04:00,False,24553,2026-06-30 10:45:00-04:00,24554,DEACTIVATED_CLOSE_THROUGH,24553
IFVG2-001427,1,bearish,2026-06-30 10:46:00-04:00,False,24556,2026-06-30 10:48:00-04:00,24557,DEACTIVATED_OVERSHOOT_LIMIT,24556
IFVG2-001428,1,bearish,2026-06-30 12:55:00-04:00,False,24690,2026-06-30 13:02:00-04:00,24691,DEACTIVATED_CLOSE_THROUGH,24690
IFVG2-001429,1,bearish,2026-06-30 13:15:00-04:00,False,24704,2026-06-30 13:16:00-04:00,24705,DEACTIVATED_CLOSE_THROUGH,24704
IFVG2-001430,1,bullish,2026-06-30 13:16:00-04:00,False,24706,2026-06-30 13:18:00-04:00,24707,DEACTIVATED_OVERSHOOT_LIMIT,24706
IFVG2-001431,1,bullish,2026-06-30 13:20:00-04:00,False,24709,2026-06-30 13:21:00-04:00,24710,DEACTIVATED_CLOSE_THROUGH,24709
IFVG2-001432,1,bearish,2026-06-30 13:36:00-04:00,False,24726,2026-06-30 13:38:00-04:00,24727,DEACTIVATED_OVERSHOOT_LIMIT,24726
IFVG2-001433,1,bearish,2026-06-30 14:06:00-04:00,False,24755,2026-06-30 14:07:00-04:00,24756,DEACTIVATED_CLOSE_THROUGH,24755
IFVG2-001434,1,bearish,2026-06-30 14:22:00-04:00,False,24789,2026-06-30 14:41:00-04:00,24790,DEACTIVATED_CLOSE_THROUGH,24789
IFVG2-001435,1,bearish,2026-06-30 14:54:00-04:00,False,24804,2026-06-30 14:56:00-04:00,24805,DEACTIVATED_OVERSHOOT_LIMIT,24804
IFVG2-001436,1,bearish,2026-06-30 15:19:00-04:00,False,24830,2026-06-30 15:22:00-04:00,24831,DEACTIVATED_OVERSHOOT_LIMIT,24830
IFVG2-001437,1,bearish,2026-06-30 15:50:00-04:00,False,24860,2026-06-30 15:52:00-04:00,24861,DEACTIVATED_OVERSHOOT_LIMIT,24860
IFVG2-001438,1,bearish,2026-06-30 15:59:00-04:00,False,24873,2026-06-30 16:05:00-04:00,24874,DEACTIVATED_OVERSHOOT_LIMIT,24873
IFVG2-001439,1,bearish,2026-06-30 15:59:00-04:00,False,24873,2026-06-30 16:05:00-04:00,24874,DEACTIVATED_OVERSHOOT_LIMIT,24873
IFVG2-001440,1,bullish,2026-06-30 16:22:00-04:00,False,24899,2026-06-30 16:31:00-04:00,24900,DEACTIVATED_OVERSHOOT_LIMIT,24899
IFVG2-001441,1,bullish,2026-06-30 18:18:00-04:00,False,24947,2026-06-30 18:19:00-04:00,24948,DEACTIVATED_OVERSHOOT_LIMIT,24947
IFVG2-001442,1,bearish,2026-06-30 19:11:00-04:00,False,25000,2026-06-30 19:12:00-04:00,25001,DEACTIVATED_OVERSHOOT_LIMIT,25000
IFVG2-001443,1,bullish,2026-06-30 19:18:00-04:00,False,25007,2026-06-30 19:19:00-04:00,25008,DEACTIVATED_CLOSE_THROUGH,25007
IFVG2-001444,1,bullish,2026-06-30 19:34:00-04:00,False,25025,2026-06-30 19:37:00-04:00,25026,DEACTIVATED_OVERSHOOT_LIMIT,25025
IFVG2-001445,1,bullish,2026-06-30 21:14:00-04:00,False,25124,2026-06-30 21:16:00-04:00,25125,DEACTIVATED_CLOSE_THROUGH,25124
IFVG2-001446,1,bearish,2026-06-30 21:57:00-04:00,False,25279,2026-06-30 23:51:00-04:00,25280,DEACTIVATED_CLOSE_THROUGH,25279
IFVG2-001447,1,bullish,2026-06-30 22:42:00-04:00,False,25411,2026-07-01 02:03:00-04:00,25412,DEACTIVATED_CLOSE_THROUGH,25411
IFVG2-001448,1,bullish,2026-06-30 23:07:00-04:00,False,25237,2026-06-30 23:09:00-04:00,25238,DEACTIVATED_OVERSHOOT_LIMIT,25237
IFVG2-001449,1,bearish,2026-06-30 23:16:00-04:00,False,25264,2026-06-30 23:36:00-04:00,25265,DEACTIVATED_CLOSE_THROUGH,25264
IFVG2-001450,1,bearish,2026-06-30 23:17:00-04:00,False,25247,2026-06-30 23:19:00-04:00,25248,DEACTIVATED_OVERSHOOT_LIMIT,25247
IFVG2-001451,1,bearish,2026-06-30 23:55:00-04:00,False,25339,2026-07-01 00:51:00-04:00,25340,DEACTIVATED_CLOSE_THROUGH,25339
IFVG2-001452,1,bearish,2026-07-01 00:00:00-04:00,False,25333,2026-07-01 00:45:00-04:00,25334,DEACTIVATED_CLOSE_THROUGH,25333
IFVG2-001453,1,bearish,2026-07-01 00:11:00-04:00,False,25312,2026-07-01 00:24:00-04:00,25313,DEACTIVATED_OVERSHOOT_LIMIT,25312
IFVG2-001454,1,bearish,2026-07-01 00:35:00-04:00,False,25328,2026-07-01 00:40:00-04:00,25329,DEACTIVATED_CLOSE_THROUGH,25328
IFVG2-001455,1,bullish,2026-07-01 00:51:00-04:00,False,25340,2026-07-01 00:52:00-04:00,25341,DEACTIVATED_CLOSE_THROUGH,25340
IFVG2-001456,1,bullish,2026-07-01 01:03:00-04:00,False,25352,2026-07-01 01:04:00-04:00,25353,DEACTIVATED_OVERSHOOT_LIMIT,25352
IFVG2-001457,1,bearish,2026-07-01 01:09:00-04:00,False,25837,2026-07-01 09:09:00-04:00,25838,EXPIRED_UNTOUCHED_8H,25837
IFVG2-001458,1,bearish,2026-07-01 01:09:00-04:00,False,25837,2026-07-01 09:09:00-04:00,25838,EXPIRED_UNTOUCHED_8H,25837
IFVG2-001459,1,bearish,2026-07-01 01:10:00-04:00,False,25390,2026-07-01 01:42:00-04:00,25391,DEACTIVATED_OVERSHOOT_LIMIT,25390
IFVG2-001460,1,bullish,2026-07-01 01:24:00-04:00,False,25373,2026-07-01 01:25:00-04:00,25374,DEACTIVATED_OVERSHOOT_LIMIT,25373
IFVG2-001461,1,bullish,2026-07-01 01:39:00-04:00,False,25394,2026-07-01 01:46:00-04:00,25395,DEACTIVATED_OVERSHOOT_LIMIT,25394
IFVG2-001462,1,bearish,2026-07-01 02:02:00-04:00,False,25713,2026-07-01 07:05:00-04:00,25714,DEACTIVATED_CLOSE_THROUGH,25713
IFVG2-001463,1,bullish,2026-07-01 02:27:00-04:00,False,25464,2026-07-01 02:56:00-04:00,25465,DEACTIVATED_OVERSHOOT_LIMIT,25464
IFVG2-001464,1,bearish,2026-07-01 02:41:00-04:00,False,25451,2026-07-01 02:43:00-04:00,25452,DEACTIVATED_CLOSE_THROUGH,25451
IFVG2-001465,1,bearish,2026-07-01 03:01:00-04:00,False,25647,2026-07-01 05:59:00-04:00,25648,DEACTIVATED_CLOSE_THROUGH,25647
IFVG2-001466,1,bullish,2026-07-01 03:21:00-04:00,False,25802,2026-07-01 08:34:00-04:00,25803,DEACTIVATED_CLOSE_THROUGH,25802
IFVG2-001467,1,bullish,2026-07-01 03:39:00-04:00,False,25514,2026-07-01 03:46:00-04:00,25515,DEACTIVATED_OVERSHOOT_LIMIT,25514
IFVG2-001468,1,bullish,2026-07-01 04:07:00-04:00,False,25539,2026-07-01 04:11:00-04:00,25540,DEACTIVATED_CLOSE_THROUGH,25539
IFVG2-001469,1,bearish,2026-07-01 04:11:00-04:00,False,25540,2026-07-01 04:12:00-04:00,25541,DEACTIVATED_CLOSE_THROUGH,25540
IFVG2-001470,1,bearish,2026-07-01 05:01:00-04:00,False,25590,2026-07-01 05:02:00-04:00,25591,DEACTIVATED_OVERSHOOT_LIMIT,25590
IFVG2-001471,1,bearish,2026-07-01 05:04:00-04:00,False,25633,2026-07-01 05:45:00-04:00,25634,DEACTIVATED_CLOSE_THROUGH,25633
IFVG2-001472,1,bullish,2026-07-01 05:12:00-04:00,False,25601,2026-07-01 05:13:00-04:00,25602,DEACTIVATED_OVERSHOOT_LIMIT,25601
IFVG2-001473,1,bullish,2026-07-01 05:12:00-04:00,False,25602,2026-07-01 05:14:00-04:00,25603,DEACTIVATED_CLOSE_THROUGH,25602
IFVG2-001474,1,bearish,2026-07-01 06:10:00-04:00,False,25659,2026-07-01 06:11:00-04:00,25660,DEACTIVATED_CLOSE_THROUGH,25659
IFVG2-001475,1,bearish,2026-07-01 06:10:00-04:00,False,25660,2026-07-01 06:12:00-04:00,25661,DEACTIVATED_CLOSE_THROUGH,25660
IFVG2-001476,1,bearish,2026-07-01 06:31:00-04:00,False,25682,2026-07-01 06:34:00-04:00,25683,DEACTIVATED_CLOSE_THROUGH,25682
IFVG2-001477,1,bullish,2026-07-01 06:37:00-04:00,False,25689,2026-07-01 06:41:00-04:00,25690,DEACTIVATED_CLOSE_THROUGH,25689
IFVG2-001478,1,bullish,2026-07-01 06:52:00-04:00,False,25737,2026-07-01 07:29:00-04:00,25738,DEACTIVATED_OVERSHOOT_LIMIT,25737
IFVG2-001479,1,bearish,2026-07-01 07:23:00-04:00,False,25732,2026-07-01 07:24:00-04:00,25733,DEACTIVATED_CLOSE_THROUGH,25732
IFVG2-001480,1,bearish,2026-07-01 07:29:00-04:00,False,26217,2026-07-01 15:29:00-04:00,26218,EXPIRED_UNTOUCHED_8H,26217
IFVG2-001481,1,bearish,2026-07-01 07:48:00-04:00,False,25791,2026-07-01 08:23:00-04:00,25792,DEACTIVATED_CLOSE_THROUGH,25791
IFVG2-001482,1,bullish,2026-07-01 08:10:00-04:00,False,25779,2026-07-01 08:11:00-04:00,25780,DEACTIVATED_OVERSHOOT_LIMIT,25779
IFVG2-001483,1,bearish,2026-07-01 10:45:00-04:00,False,25935,2026-07-01 10:47:00-04:00,25936,DEACTIVATED_OVERSHOOT_LIMIT,25935
IFVG2-001484,1,bearish,2026-07-01 10:56:00-04:00,False,25949,2026-07-01 11:01:00-04:00,25950,DEACTIVATED_CLOSE_THROUGH,25949
IFVG2-001485,1,bearish,2026-07-01 10:57:00-04:00,False,25947,2026-07-01 10:59:00-04:00,25948,DEACTIVATED_CLOSE_THROUGH,25947
IFVG2-001486,1,bullish,2026-07-01 10:59:00-04:00,False,26067,2026-07-01 12:59:00-04:00,26068,DEACTIVATED_OVERSHOOT_LIMIT,26067
IFVG2-001487,1,bullish,2026-07-01 11:01:00-04:00,False,25957,2026-07-01 11:09:00-04:00,25958,DEACTIVATED_OVERSHOOT_LIMIT,25957
IFVG2-001488,1,bullish,2026-07-01 11:03:00-04:00,False,25956,2026-07-01 11:08:00-04:00,25957,DEACTIVATED_CLOSE_THROUGH,25956
IFVG2-001489,1,bearish,2026-07-01 11:08:00-04:00,False,25960,2026-07-01 11:12:00-04:00,25961,DEACTIVATED_CLOSE_THROUGH,25960
IFVG2-001490,1,bearish,2026-07-01 11:08:00-04:00,False,25961,2026-07-01 11:13:00-04:00,25962,DEACTIVATED_CLOSE_THROUGH,25961
IFVG2-001491,1,bearish,2026-07-01 11:34:00-04:00,False,26402,2026-07-01 19:34:00-04:00,26403,EXPIRED_ACTIVE_8H,26402
IFVG2-001492,1,bearish,2026-07-01 11:35:00-04:00,False,25990,2026-07-01 11:42:00-04:00,25991,DEACTIVATED_OVERSHOOT_LIMIT,25990
IFVG2-001493,1,bearish,2026-07-01 11:49:00-04:00,False,25998,2026-07-01 11:50:00-04:00,25999,DEACTIVATED_OVERSHOOT_LIMIT,25998
IFVG2-001494,1,bearish,2026-07-01 12:04:00-04:00,False,26014,2026-07-01 12:06:00-04:00,26015,DEACTIVATED_CLOSE_THROUGH,26014
IFVG2-001495,1,bearish,2026-07-01 12:13:00-04:00,False,26027,2026-07-01 12:19:00-04:00,26028,DEACTIVATED_CLOSE_THROUGH,26027
IFVG2-001496,1,bearish,2026-07-01 13:32:00-04:00,False,26108,2026-07-01 13:40:00-04:00,26109,DEACTIVATED_OVERSHOOT_LIMIT,26108
IFVG2-001497,1,bullish,2026-07-01 14:19:00-04:00,False,26158,2026-07-01 14:30:00-04:00,26159,DEACTIVATED_CLOSE_THROUGH,26158
IFVG2-001498,1,bearish,2026-07-01 14:30:00-04:00,False,26161,2026-07-01 14:33:00-04:00,26162,DEACTIVATED_CLOSE_THROUGH,26161
IFVG2-001499,1,bearish,2026-07-01 15:18:00-04:00,False,26207,2026-07-01 15:19:00-04:00,26208,DEACTIVATED_CLOSE_THROUGH,26207
IFVG2-001500,1,bullish,2026-07-01 15:30:00-04:00,False,26219,2026-07-01 15:31:00-04:00,26220,DEACTIVATED_CLOSE_THROUGH,26219
IFVG2-001501,1,bearish,2026-07-01 15:38:00-04:00,False,26497,2026-07-01 21:09:00-04:00,26498,DEACTIVATED_CLOSE_THROUGH,26497
IFVG2-001502,1,bearish,2026-07-01 15:41:00-04:00,False,26238,2026-07-01 15:50:00-04:00,26239,DEACTIVATED_OVERSHOOT_LIMIT,26238
IFVG2-001503,1,bearish,2026-07-01 15:52:00-04:00,False,26241,2026-07-01 15:53:00-04:00,26242,DEACTIVATED_CLOSE_THROUGH,26241
IFVG2-001504,1,bullish,2026-07-01 16:06:00-04:00,False,26255,2026-07-01 16:07:00-04:00,26256,DEACTIVATED_OVERSHOOT_LIMIT,26255
IFVG2-001505,1,bearish,2026-07-01 16:15:00-04:00,False,26272,2026-07-01 16:24:00-04:00,26273,DEACTIVATED_OVERSHOOT_LIMIT,26272
IFVG2-001506,1,bullish,2026-07-01 16:39:00-04:00,False,26414,2026-07-01 19:46:00-04:00,26415,DEACTIVATED_CLOSE_THROUGH,26414
IFVG2-001507,1,bullish,2026-07-01 18:00:00-04:00,False,26413,2026-07-01 19:45:00-04:00,26414,DEACTIVATED_OVERSHOOT_LIMIT,26413
IFVG2-001508,1,bullish,2026-07-01 18:19:00-04:00,False,26381,2026-07-01 19:13:00-04:00,26382,DEACTIVATED_OVERSHOOT_LIMIT,26381
IFVG2-001509,1,bullish,2026-07-01 18:19:00-04:00,False,26382,2026-07-01 19:14:00-04:00,26383,DEACTIVATED_OVERSHOOT_LIMIT,26382
IFVG2-001510,1,bullish,2026-07-01 18:20:00-04:00,False,26381,2026-07-01 19:13:00-04:00,26382,DEACTIVATED_CLOSE_THROUGH,26381
IFVG2-001511,1,bullish,2026-07-01 18:20:00-04:00,False,26381,2026-07-01 19:13:00-04:00,26382,DEACTIVATED_CLOSE_THROUGH,26381
IFVG2-001512,1,bullish,2026-07-01 18:56:00-04:00,False,26373,2026-07-01 19:05:00-04:00,26374,DEACTIVATED_CLOSE_THROUGH,26373
IFVG2-001513,1,bearish,2026-07-01 19:13:00-04:00,False,26481,2026-07-01 20:53:00-04:00,26482,DEACTIVATED_CLOSE_THROUGH,26481
IFVG2-001514,1,bearish,2026-07-01 19:14:00-04:00,False,26404,2026-07-01 19:36:00-04:00,26405,DEACTIVATED_OVERSHOOT_LIMIT,26404
IFVG2-001515,1,bearish,2026-07-01 19:24:00-04:00,False,26393,2026-07-01 19:25:00-04:00,26394,DEACTIVATED_CLOSE_THROUGH,26393
IFVG2-001516,1,bearish,2026-07-01 19:24:00-04:00,False,26393,2026-07-01 19:25:00-04:00,26394,DEACTIVATED_OVERSHOOT_LIMIT,26393
IFVG2-001517,1,bullish,2026-07-01 19:52:00-04:00,False,26428,2026-07-01 20:00:00-04:00,26429,DEACTIVATED_CLOSE_THROUGH,26428
IFVG2-001518,1,bearish,2026-07-01 19:55:00-04:00,False,26424,2026-07-01 19:56:00-04:00,26425,DEACTIVATED_CLOSE_THROUGH,26424
IFVG2-001519,1,bearish,2026-07-01 20:00:00-04:00,False,26451,2026-07-01 20:23:00-04:00,26452,DEACTIVATED_OVERSHOOT_LIMIT,26451
IFVG2-001520,1,bearish,2026-07-01 20:19:00-04:00,False,26448,2026-07-01 20:20:00-04:00,26449,DEACTIVATED_CLOSE_THROUGH,26448
IFVG2-001521,1,bullish,2026-07-01 20:22:00-04:00,False,26473,2026-07-01 20:45:00-04:00,26474,DEACTIVATED_CLOSE_THROUGH,26473
IFVG2-001522,1,bearish,2026-07-01 20:43:00-04:00,False,26477,2026-07-01 20:49:00-04:00,26478,DEACTIVATED_CLOSE_THROUGH,26477
IFVG2-001523,1,bullish,2026-07-01 20:46:00-04:00,False,26475,2026-07-01 20:47:00-04:00,26476,DEACTIVATED_CLOSE_THROUGH,26475
IFVG2-001524,1,bullish,2026-07-01 20:49:00-04:00,False,26775,2026-07-02 01:47:00-04:00,26776,DEACTIVATED_OVERSHOOT_LIMIT,26775
IFVG2-001525,1,bullish,2026-07-01 20:49:00-04:00,False,26791,2026-07-02 02:03:00-04:00,26792,DEACTIVATED_CLOSE_THROUGH,26791
IFVG2-001526,1,bearish,2026-07-01 21:27:00-04:00,False,26517,2026-07-01 21:29:00-04:00,26518,DEACTIVATED_OVERSHOOT_LIMIT,26517
IFVG2-001527,1,bearish,2026-07-01 21:58:00-04:00,False,26554,2026-07-01 22:06:00-04:00,26555,DEACTIVATED_CLOSE_THROUGH,26554
IFVG2-001528,1,bearish,2026-07-01 22:23:00-04:00,False,26574,2026-07-01 22:26:00-04:00,26575,DEACTIVATED_CLOSE_THROUGH,26574
IFVG2-001529,1,bullish,2026-07-01 22:32:00-04:00,False,26584,2026-07-01 22:36:00-04:00,26585,DEACTIVATED_CLOSE_THROUGH,26584
IFVG2-001530,1,bullish,2026-07-01 22:32:00-04:00,False,26601,2026-07-01 22:53:00-04:00,26602,DEACTIVATED_CLOSE_THROUGH,26601
IFVG2-001531,1,bearish,2026-07-01 22:36:00-04:00,False,26585,2026-07-01 22:37:00-04:00,26586,DEACTIVATED_OVERSHOOT_LIMIT,26585
IFVG2-001532,1,bearish,2026-07-01 22:49:00-04:00,False,27077,2026-07-02 06:49:00-04:00,27078,EXPIRED_ACTIVE_8H,27077
IFVG2-001533,1,bearish,2026-07-01 23:17:00-04:00,False,26640,2026-07-01 23:32:00-04:00,26641,DEACTIVATED_OVERSHOOT_LIMIT,26640
IFVG2-001534,1,bearish,2026-07-01 23:17:00-04:00,False,26640,2026-07-01 23:32:00-04:00,26641,DEACTIVATED_OVERSHOOT_LIMIT,26640
IFVG2-001535,1,bullish,2026-07-01 23:30:00-04:00,False,26649,2026-07-01 23:41:00-04:00,26650,DEACTIVATED_CLOSE_THROUGH,26649
IFVG2-001536,1,bullish,2026-07-01 23:33:00-04:00,False,26643,2026-07-01 23:35:00-04:00,26644,DEACTIVATED_OVERSHOOT_LIMIT,26643
IFVG2-001537,1,bullish,2026-07-01 23:33:00-04:00,False,26645,2026-07-01 23:37:00-04:00,26646,DEACTIVATED_CLOSE_THROUGH,26645
IFVG2-001538,1,bullish,2026-07-01 23:33:00-04:00,False,26645,2026-07-01 23:37:00-04:00,26646,DEACTIVATED_OVERSHOOT_LIMIT,26645
IFVG2-001539,1,bearish,2026-07-01 23:37:00-04:00,False,26670,2026-07-02 00:02:00-04:00,26671,DEACTIVATED_CLOSE_THROUGH,26670
IFVG2-001540,1,bearish,2026-07-02 00:05:00-04:00,False,27153,2026-07-02 08:05:00-04:00,27154,EXPIRED_UNTOUCHED_8H,27153
IFVG2-001541,1,bearish,2026-07-02 00:14:00-04:00,False,26685,2026-07-02 00:17:00-04:00,26686,DEACTIVATED_OVERSHOOT_LIMIT,26685
IFVG2-001542,1,bullish,2026-07-02 00:25:00-04:00,False,26695,2026-07-02 00:27:00-04:00,26696,DEACTIVATED_OVERSHOOT_LIMIT,26695
IFVG2-001543,1,bullish,2026-07-02 01:09:00-04:00,False,26740,2026-07-02 01:12:00-04:00,26741,DEACTIVATED_OVERSHOOT_LIMIT,26740
IFVG2-001544,1,bearish,2026-07-02 01:11:00-04:00,False,26740,2026-07-02 01:12:00-04:00,26741,DEACTIVATED_CLOSE_THROUGH,26740
IFVG2-001545,1,bearish,2026-07-02 01:29:00-04:00,False,27161,2026-07-02 08:13:00-04:00,27162,DEACTIVATED_CLOSE_THROUGH,27161
IFVG2-001546,1,bearish,2026-07-02 01:35:00-04:00,False,26764,2026-07-02 01:36:00-04:00,26765,DEACTIVATED_OVERSHOOT_LIMIT,26764
IFVG2-001547,1,bullish,2026-07-02 02:25:00-04:00,False,26814,2026-07-02 02:26:00-04:00,26815,DEACTIVATED_CLOSE_THROUGH,26814
IFVG2-001548,1,bullish,2026-07-02 02:30:00-04:00,False,26831,2026-07-02 02:43:00-04:00,26832,DEACTIVATED_OVERSHOOT_LIMIT,26831
IFVG2-001549,1,bullish,2026-07-02 02:52:00-04:00,False,26842,2026-07-02 02:54:00-04:00,26843,DEACTIVATED_OVERSHOOT_LIMIT,26842
IFVG2-001550,1,bullish,2026-07-02 02:55:00-04:00,False,26847,2026-07-02 02:59:00-04:00,26848,DEACTIVATED_CLOSE_THROUGH,26847
IFVG2-001551,1,bullish,2026-07-02 02:57:00-04:00,False,26846,2026-07-02 02:58:00-04:00,26847,DEACTIVATED_CLOSE_THROUGH,26846
IFVG2-001552,1,bearish,2026-07-02 03:25:00-04:00,False,26876,2026-07-02 03:28:00-04:00,26877,DEACTIVATED_CLOSE_THROUGH,26876
IFVG2-001553,1,bearish,2026-07-02 03:32:00-04:00,False,26881,2026-07-02 03:33:00-04:00,26882,DEACTIVATED_CLOSE_THROUGH,26881
IFVG2-001554,1,bearish,2026-07-02 03:55:00-04:00,False,26913,2026-07-02 04:05:00-04:00,26914,DEACTIVATED_CLOSE_THROUGH,26913
IFVG2-001555,1,bearish,2026-07-02 03:58:00-04:00,False,26907,2026-07-02 03:59:00-04:00,26908,DEACTIVATED_CLOSE_THROUGH,26907
IFVG2-001556,1,bullish,2026-07-02 04:05:00-04:00,False,26914,2026-07-02 04:06:00-04:00,26915,DEACTIVATED_CLOSE_THROUGH,26914
IFVG2-001557,1,bullish,2026-07-02 04:15:00-04:00,False,27309,2026-07-02 10:41:00-04:00,27310,DEACTIVATED_CLOSE_THROUGH,27309
IFVG2-001558,1,bullish,2026-07-02 04:16:00-04:00,False,27309,2026-07-02 10:41:00-04:00,27310,DEACTIVATED_CLOSE_THROUGH,27309
IFVG2-001559,1,bullish,2026-07-02 04:31:00-04:00,False,27029,2026-07-02 06:01:00-04:00,27030,DEACTIVATED_CLOSE_THROUGH,27029
IFVG2-001560,1,bullish,2026-07-02 04:34:00-04:00,False,26974,2026-07-02 05:06:00-04:00,26975,DEACTIVATED_OVERSHOOT_LIMIT,26974
IFVG2-001561,1,bullish,2026-07-02 04:35:00-04:00,False,26945,2026-07-02 04:37:00-04:00,26946,DEACTIVATED_CLOSE_THROUGH,26945
IFVG2-001562,1,bullish,2026-07-02 04:52:00-04:00,False,26969,2026-07-02 05:01:00-04:00,26970,DEACTIVATED_CLOSE_THROUGH,26969
IFVG2-001563,1,bearish,2026-07-02 05:00:00-04:00,False,27126,2026-07-02 07:38:00-04:00,27127,DEACTIVATED_CLOSE_THROUGH,27126
IFVG2-001564,1,bearish,2026-07-02 05:56:00-04:00,False,27061,2026-07-02 06:33:00-04:00,27062,DEACTIVATED_CLOSE_THROUGH,27061
IFVG2-001565,1,bearish,2026-07-02 06:28:00-04:00,False,27058,2026-07-02 06:30:00-04:00,27059,DEACTIVATED_CLOSE_THROUGH,27058
IFVG2-001566,1,bullish,2026-07-02 06:33:00-04:00,False,27093,2026-07-02 07:05:00-04:00,27094,DEACTIVATED_CLOSE_THROUGH,27093
IFVG2-001567,1,bullish,2026-07-02 06:39:00-04:00,False,27072,2026-07-02 06:44:00-04:00,27073,DEACTIVATED_CLOSE_THROUGH,27072
IFVG2-001568,1,bullish,2026-07-02 06:54:00-04:00,False,27083,2026-07-02 06:55:00-04:00,27084,DEACTIVATED_OVERSHOOT_LIMIT,27083
IFVG2-001569,1,bearish,2026-07-02 07:03:00-04:00,False,27113,2026-07-02 07:25:00-04:00,27114,DEACTIVATED_CLOSE_THROUGH,27113
IFVG2-001570,1,bearish,2026-07-02 07:17:00-04:00,False,27107,2026-07-02 07:19:00-04:00,27108,DEACTIVATED_OVERSHOOT_LIMIT,27107
IFVG2-001571,1,bearish,2026-07-02 07:17:00-04:00,False,27110,2026-07-02 07:22:00-04:00,27111,DEACTIVATED_OVERSHOOT_LIMIT,27110
IFVG2-001572,1,bullish,2026-07-02 07:23:00-04:00,False,27295,2026-07-02 10:27:00-04:00,27296,DEACTIVATED_CLOSE_THROUGH,27295
IFVG2-001573,1,bearish,2026-07-02 07:54:00-04:00,False,27144,2026-07-02 07:56:00-04:00,27145,DEACTIVATED_OVERSHOOT_LIMIT,27144
IFVG2-001574,1,bullish,2026-07-02 08:02:00-04:00,False,27238,2026-07-02 09:30:00-04:00,27239,DEACTIVATED_OVERSHOOT_LIMIT,27238
IFVG2-001575,1,bullish,2026-07-02 08:04:00-04:00,False,27238,2026-07-02 09:30:00-04:00,27239,DEACTIVATED_OVERSHOOT_LIMIT,27238
IFVG2-001576,1,bullish,2026-07-02 08:13:00-04:00,False,27235,2026-07-02 09:27:00-04:00,27236,DEACTIVATED_CLOSE_THROUGH,27235
IFVG2-001577,1,bearish,2026-07-02 08:27:00-04:00,False,27176,2026-07-02 08:28:00-04:00,27177,DEACTIVATED_CLOSE_THROUGH,27176
IFVG2-001578,1,bearish,2026-07-02 08:41:00-04:00,False,27190,2026-07-02 08:42:00-04:00,27191,DEACTIVATED_OVERSHOOT_LIMIT,27190
IFVG2-001579,1,bearish,2026-07-02 08:57:00-04:00,False,27207,2026-07-02 08:59:00-04:00,27208,DEACTIVATED_CLOSE_THROUGH,27207
IFVG2-001580,1,bearish,2026-07-02 09:27:00-04:00,False,27242,2026-07-02 09:34:00-04:00,27243,DEACTIVATED_CLOSE_THROUGH,27242
IFVG2-001581,1,bullish,2026-07-02 09:51:00-04:00,False,27261,2026-07-02 09:53:00-04:00,27262,DEACTIVATED_CLOSE_THROUGH,27261
IFVG2-001582,1,bullish,2026-07-02 09:51:00-04:00,False,27262,2026-07-02 09:54:00-04:00,27263,DEACTIVATED_OVERSHOOT_LIMIT,27262
IFVG2-001583,1,bearish,2026-07-02 10:16:00-04:00,False,27704,2026-07-02 18:16:00-04:00,27705,EXPIRED_UNTOUCHED_8H,27704
IFVG2-001584,1,bearish,2026-07-02 10:27:00-04:00,False,27715,2026-07-02 18:27:00-04:00,27716,EXPIRED_UNTOUCHED_8H,27715
IFVG2-001585,1,bearish,2026-07-02 10:27:00-04:00,False,27715,2026-07-02 18:27:00-04:00,27716,EXPIRED_UNTOUCHED_8H,27715
IFVG2-001586,1,bearish,2026-07-02 10:41:00-04:00,False,27315,2026-07-02 10:47:00-04:00,27316,DEACTIVATED_OVERSHOOT_LIMIT,27315
IFVG2-001587,1,bearish,2026-07-02 11:03:00-04:00,False,27365,2026-07-02 11:37:00-04:00,27366,DEACTIVATED_OVERSHOOT_LIMIT,27365
IFVG2-001588,1,bullish,2026-07-02 11:11:00-04:00,False,27340,2026-07-02 11:12:00-04:00,27341,DEACTIVATED_CLOSE_THROUGH,27340
IFVG2-001589,1,bullish,2026-07-02 11:24:00-04:00,False,27353,2026-07-02 11:25:00-04:00,27354,DEACTIVATED_CLOSE_THROUGH,27353
IFVG2-001590,1,bullish,2026-07-02 11:37:00-04:00,False,27370,2026-07-02 11:42:00-04:00,27371,DEACTIVATED_CLOSE_THROUGH,27370
IFVG2-001591,1,bearish,2026-07-02 11:42:00-04:00,False,27790,2026-07-02 19:42:00-04:00,27791,EXPIRED_UNTOUCHED_8H,27790
IFVG2-001592,1,bearish,2026-07-02 11:43:00-04:00,False,27372,2026-07-02 11:44:00-04:00,27373,DEACTIVATED_OVERSHOOT_LIMIT,27372
IFVG2-001593,1,bearish,2026-07-02 11:43:00-04:00,False,27373,2026-07-02 11:45:00-04:00,27374,DEACTIVATED_OVERSHOOT_LIMIT,27373
IFVG2-001594,1,bearish,2026-07-02 11:43:00-04:00,False,27373,2026-07-02 11:45:00-04:00,27374,DEACTIVATED_OVERSHOOT_LIMIT,27373
IFVG2-001595,1,bearish,2026-07-02 12:00:00-04:00,False,27808,2026-07-02 20:00:00-04:00,27809,EXPIRED_ACTIVE_8H,27808
IFVG2-001596,1,bearish,2026-07-02 12:55:00-04:00,False,27518,2026-07-02 14:10:00-04:00,27519,DEACTIVATED_CLOSE_THROUGH,27518
IFVG2-001597,1,bullish,2026-07-02 13:05:00-04:00,False,27483,2026-07-02 13:35:00-04:00,27484,DEACTIVATED_OVERSHOOT_LIMIT,27483
IFVG2-001598,1,bullish,2026-07-02 13:21:00-04:00,False,27471,2026-07-02 13:23:00-04:00,27472,DEACTIVATED_OVERSHOOT_LIMIT,27471
IFVG2-001599,1,bearish,2026-07-02 13:45:00-04:00,False,27513,2026-07-02 14:05:00-04:00,27514,DEACTIVATED_CLOSE_THROUGH,27513
IFVG2-001600,1,bullish,2026-07-02 13:54:00-04:00,False,27504,2026-07-02 13:56:00-04:00,27505,DEACTIVATED_CLOSE_THROUGH,27504
IFVG2-001601,1,bullish,2026-07-02 14:06:00-04:00,False,27525,2026-07-02 14:17:00-04:00,27526,DEACTIVATED_CLOSE_THROUGH,27525
IFVG2-001602,1,bearish,2026-07-02 14:14:00-04:00,False,27523,2026-07-02 14:15:00-04:00,27524,DEACTIVATED_OVERSHOOT_LIMIT,27523
IFVG2-001603,1,bearish,2026-07-02 14:34:00-04:00,False,27543,2026-07-02 14:35:00-04:00,27544,DEACTIVATED_OVERSHOOT_LIMIT,27543
IFVG2-001604,1,bearish,2026-07-02 14:45:00-04:00,False,27555,2026-07-02 14:47:00-04:00,27556,DEACTIVATED_CLOSE_THROUGH,27555
IFVG2-001605,1,bullish,2026-07-02 14:48:00-04:00,False,27569,2026-07-02 15:01:00-04:00,27570,DEACTIVATED_OVERSHOOT_LIMIT,27569
IFVG2-001606,1,bearish,2026-07-02 14:53:00-04:00,False,27562,2026-07-02 14:54:00-04:00,27563,DEACTIVATED_OVERSHOOT_LIMIT,27562
IFVG2-001607,1,bearish,2026-07-02 14:56:00-04:00,False,27566,2026-07-02 14:58:00-04:00,27567,DEACTIVATED_OVERSHOOT_LIMIT,27566
IFVG2-001608,1,bearish,2026-07-02 15:20:00-04:00,False,27596,2026-07-02 15:28:00-04:00,27597,DEACTIVATED_CLOSE_THROUGH,27596
IFVG2-001609,1,bullish,2026-07-02 15:33:00-04:00,False,28021,2026-07-02 23:33:00-04:00,28022,EXPIRED_ACTIVE_8H,28021
IFVG2-001610,1,bullish,2026-07-02 15:57:00-04:00,False,27627,2026-07-02 15:59:00-04:00,27628,DEACTIVATED_CLOSE_THROUGH,27627
IFVG2-001611,1,bearish,2026-07-02 15:59:00-04:00,False,27646,2026-07-02 16:18:00-04:00,27647,DEACTIVATED_CLOSE_THROUGH,27646
IFVG2-001612,1,bullish,2026-07-02 16:07:00-04:00,False,27637,2026-07-02 16:09:00-04:00,27638,DEACTIVATED_OVERSHOOT_LIMIT,27637
IFVG2-001613,1,bearish,2026-07-02 16:19:00-04:00,False,27653,2026-07-02 16:25:00-04:00,27654,DEACTIVATED_CLOSE_THROUGH,27653
IFVG2-001614,1,bearish,2026-07-02 16:38:00-04:00,False,27676,2026-07-02 16:48:00-04:00,27677,DEACTIVATED_OVERSHOOT_LIMIT,27676
IFVG2-001615,1,bullish,2026-07-02 18:15:00-04:00,False,27717,2026-07-02 18:29:00-04:00,27718,DEACTIVATED_CLOSE_THROUGH,27717
IFVG2-001616,1,bearish,2026-07-02 18:29:00-04:00,False,27722,2026-07-02 18:34:00-04:00,27723,DEACTIVATED_CLOSE_THROUGH,27722
IFVG2-001617,1,bullish,2026-07-02 19:16:00-04:00,False,27765,2026-07-02 19:17:00-04:00,27766,DEACTIVATED_CLOSE_THROUGH,27765
IFVG2-001618,1,bearish,2026-07-02 20:27:00-04:00,False,27872,2026-07-02 21:04:00-04:00,27873,DEACTIVATED_CLOSE_THROUGH,27872
IFVG2-001619,1,bullish,2026-07-02 21:18:00-04:00,False,27895,2026-07-02 21:27:00-04:00,27896,DEACTIVATED_OVERSHOOT_LIMIT,27895
IFVG2-001620,1,bearish,2026-07-02 21:42:00-04:00,False,27911,2026-07-02 21:43:00-04:00,27912,DEACTIVATED_CLOSE_THROUGH,27911
IFVG2-001621,1,bearish,2026-07-02 21:58:00-04:00,False,27927,2026-07-02 21:59:00-04:00,27928,DEACTIVATED_OVERSHOOT_LIMIT,27927
IFVG2-001622,1,bullish,2026-07-02 22:01:00-04:00,False,27930,2026-07-02 22:02:00-04:00,27931,DEACTIVATED_OVERSHOOT_LIMIT,27930
IFVG2-001623,1,bearish,2026-07-02 22:10:00-04:00,False,27945,2026-07-02 22:17:00-04:00,27946,DEACTIVATED_CLOSE_THROUGH,27945
IFVG2-001624,1,bearish,2026-07-02 23:35:00-04:00,False,28039,2026-07-02 23:51:00-04:00,28040,DEACTIVATED_CLOSE_THROUGH,28039
IFVG2-001625,1,bearish,2026-07-02 23:37:00-04:00,False,28036,2026-07-02 23:48:00-04:00,28037,DEACTIVATED_OVERSHOOT_LIMIT,28036
IFVG2-001626,1,bullish,2026-07-02 23:58:00-04:00,False,28048,2026-07-03 00:00:00-04:00,28049,DEACTIVATED_OVERSHOOT_LIMIT,28048
IFVG2-001627,1,bearish,2026-07-03 01:02:00-04:00,False,28111,2026-07-03 01:03:00-04:00,28112,DEACTIVATED_CLOSE_THROUGH,28111
IFVG2-001628,1,bullish,2026-07-03 01:30:00-04:00,False,28155,2026-07-03 01:47:00-04:00,28156,DEACTIVATED_CLOSE_THROUGH,28155
IFVG2-001629,1,bullish,2026-07-03 02:00:00-04:00,False,28169,2026-07-03 02:01:00-04:00,28170,DEACTIVATED_OVERSHOOT_LIMIT,28169
IFVG2-001630,1,bearish,2026-07-03 02:20:00-04:00,False,28362,2026-07-03 05:14:00-04:00,28363,DEACTIVATED_CLOSE_THROUGH,28362
IFVG2-001631,1,bearish,2026-07-03 02:48:00-04:00,False,28252,2026-07-03 03:24:00-04:00,28253,DEACTIVATED_CLOSE_THROUGH,28252
IFVG2-001632,1,bullish,2026-07-03 03:07:00-04:00,False,28238,2026-07-03 03:10:00-04:00,28239,DEACTIVATED_CLOSE_THROUGH,28238
IFVG2-001633,1,bullish,2026-07-03 03:14:00-04:00,False,28243,2026-07-03 03:15:00-04:00,28244,DEACTIVATED_OVERSHOOT_LIMIT,28243
IFVG2-001634,1,bullish,2026-07-03 03:20:00-04:00,False,28290,2026-07-03 04:02:00-04:00,28291,DEACTIVATED_CLOSE_THROUGH,28290
IFVG2-001635,1,bearish,2026-07-03 03:28:00-04:00,False,28258,2026-07-03 03:30:00-04:00,28259,DEACTIVATED_CLOSE_THROUGH,28258
IFVG2-001636,1,bearish,2026-07-03 03:31:00-04:00,False,28263,2026-07-03 03:35:00-04:00,28264,DEACTIVATED_CLOSE_THROUGH,28263
IFVG2-001637,1,bearish,2026-07-03 04:00:00-04:00,False,28293,2026-07-03 04:05:00-04:00,28294,DEACTIVATED_CLOSE_THROUGH,28293
IFVG2-001638,1,bullish,2026-07-03 04:04:00-04:00,False,28296,2026-07-03 04:08:00-04:00,28297,DEACTIVATED_CLOSE_THROUGH,28296
IFVG2-001639,1,bullish,2026-07-03 04:05:00-04:00,False,28295,2026-07-03 04:07:00-04:00,28296,DEACTIVATED_OVERSHOOT_LIMIT,28295
IFVG2-001640,1,bearish,2026-07-03 04:08:00-04:00,False,28307,2026-07-03 04:19:00-04:00,28308,DEACTIVATED_CLOSE_THROUGH,28307
IFVG2-001641,1,bearish,2026-07-03 04:08:00-04:00,False,28307,2026-07-03 04:19:00-04:00,28308,DEACTIVATED_CLOSE_THROUGH,28307
IFVG2-001642,1,bullish,2026-07-03 04:38:00-04:00,False,28334,2026-07-03 04:46:00-04:00,28335,DEACTIVATED_CLOSE_THROUGH,28334
IFVG2-001643,1,bearish,2026-07-03 04:46:00-04:00,False,28335,2026-07-03 04:47:00-04:00,28336,DEACTIVATED_OVERSHOOT_LIMIT,28335
IFVG2-001644,1,bearish,2026-07-03 05:06:00-04:00,False,28355,2026-07-03 05:07:00-04:00,28356,DEACTIVATED_CLOSE_THROUGH,28355
IFVG2-001645,1,bullish,2026-07-03 05:11:00-04:00,False,28827,2026-07-05 18:00:00-04:00,28828,EXPIRED_UNTOUCHED_8H,28827
IFVG2-001646,1,bearish,2026-07-03 05:16:00-04:00,False,28365,2026-07-03 05:17:00-04:00,28366,DEACTIVATED_CLOSE_THROUGH,28365
IFVG2-001647,1,bullish,2026-07-03 05:36:00-04:00,False,28385,2026-07-03 05:37:00-04:00,28386,DEACTIVATED_OVERSHOOT_LIMIT,28385
IFVG2-001648,1,bullish,2026-07-03 06:21:00-04:00,False,28432,2026-07-03 06:24:00-04:00,28433,DEACTIVATED_OVERSHOOT_LIMIT,28432
IFVG2-001649,1,bullish,2026-07-03 06:33:00-04:00,False,28442,2026-07-03 06:35:00-04:00,28443,DEACTIVATED_OVERSHOOT_LIMIT,28442
IFVG2-001650,1,bullish,2026-07-03 06:44:00-04:00,False,28454,2026-07-03 06:47:00-04:00,28455,DEACTIVATED_CLOSE_THROUGH,28454
IFVG2-001651,1,bullish,2026-07-03 06:44:00-04:00,False,28454,2026-07-03 06:47:00-04:00,28455,DEACTIVATED_CLOSE_THROUGH,28454
IFVG2-001652,1,bearish,2026-07-03 07:00:00-04:00,False,28469,2026-07-03 07:02:00-04:00,28470,DEACTIVATED_CLOSE_THROUGH,28469
IFVG2-001653,1,bearish,2026-07-03 07:00:00-04:00,False,28479,2026-07-03 07:12:00-04:00,28480,DEACTIVATED_CLOSE_THROUGH,28479
IFVG2-001654,1,bearish,2026-07-03 07:05:00-04:00,False,28473,2026-07-03 07:06:00-04:00,28474,DEACTIVATED_OVERSHOOT_LIMIT,28473
IFVG2-001655,1,bullish,2026-07-03 07:13:00-04:00,False,28482,2026-07-03 07:15:00-04:00,28483,DEACTIVATED_OVERSHOOT_LIMIT,28482
IFVG2-001656,1,bearish,2026-07-03 07:19:00-04:00,False,28487,2026-07-03 07:20:00-04:00,28488,DEACTIVATED_OVERSHOOT_LIMIT,28487
IFVG2-001657,1,bullish,2026-07-03 07:32:00-04:00,False,28511,2026-07-03 07:44:00-04:00,28512,DEACTIVATED_OVERSHOOT_LIMIT,28511
IFVG2-001658,1,bullish,2026-07-03 07:41:00-04:00,False,28509,2026-07-03 07:42:00-04:00,28510,DEACTIVATED_CLOSE_THROUGH,28509
IFVG2-001659,1,bearish,2026-07-03 07:44:00-04:00,False,28518,2026-07-03 07:51:00-04:00,28519,DEACTIVATED_OVERSHOOT_LIMIT,28518
IFVG2-001660,1,bullish,2026-07-03 07:54:00-04:00,False,28539,2026-07-03 08:12:00-04:00,28540,DEACTIVATED_CLOSE_THROUGH,28539
IFVG2-001661,1,bullish,2026-07-03 07:59:00-04:00,False,28539,2026-07-03 08:12:00-04:00,28540,DEACTIVATED_CLOSE_THROUGH,28539
IFVG2-001662,1,bearish,2026-07-03 08:11:00-04:00,False,28587,2026-07-03 09:00:00-04:00,28588,DEACTIVATED_OVERSHOOT_LIMIT,28587
IFVG2-001663,1,bearish,2026-07-03 08:12:00-04:00,False,28540,2026-07-03 08:13:00-04:00,28541,DEACTIVATED_CLOSE_THROUGH,28540
IFVG2-001664,1,bearish,2026-07-03 08:12:00-04:00,False,28540,2026-07-03 08:13:00-04:00,28541,DEACTIVATED_OVERSHOOT_LIMIT,28540
IFVG2-001665,1,bearish,2026-07-03 08:18:00-04:00,False,28563,2026-07-03 08:36:00-04:00,28564,DEACTIVATED_OVERSHOOT_LIMIT,28563
IFVG2-001666,1,bullish,2026-07-03 09:00:00-04:00,False,28592,2026-07-03 09:05:00-04:00,28593,DEACTIVATED_CLOSE_THROUGH,28592
IFVG2-001667,1,bearish,2026-07-03 09:05:00-04:00,False,28607,2026-07-03 09:20:00-04:00,28608,DEACTIVATED_CLOSE_THROUGH,28607
IFVG2-001668,1,bearish,2026-07-03 09:38:00-04:00,False,28627,2026-07-03 09:40:00-04:00,28628,DEACTIVATED_CLOSE_THROUGH,28627
IFVG2-001669,1,bearish,2026-07-03 09:38:00-04:00,False,28627,2026-07-03 09:40:00-04:00,28628,DEACTIVATED_CLOSE_THROUGH,28627
IFVG2-001670,1,bearish,2026-07-03 09:38:00-04:00,False,28629,2026-07-03 09:42:00-04:00,28630,DEACTIVATED_OVERSHOOT_LIMIT,28629
IFVG2-001671,1,bullish,2026-07-03 09:42:00-04:00,False,28635,2026-07-03 09:48:00-04:00,28636,DEACTIVATED_CLOSE_THROUGH,28635
IFVG2-001672,1,bullish,2026-07-03 09:51:00-04:00,False,28641,2026-07-03 09:54:00-04:00,28642,DEACTIVATED_CLOSE_THROUGH,28641
IFVG2-001673,1,bullish,2026-07-03 09:59:00-04:00,False,28650,2026-07-03 10:03:00-04:00,28651,DEACTIVATED_CLOSE_THROUGH,28650
IFVG2-001674,1,bullish,2026-07-03 10:42:00-04:00,False,28690,2026-07-03 10:43:00-04:00,28691,DEACTIVATED_CLOSE_THROUGH,28690
IFVG2-001675,1,bullish,2026-07-03 11:16:00-04:00,False,28727,2026-07-03 11:20:00-04:00,28728,DEACTIVATED_OVERSHOOT_LIMIT,28727
IFVG2-001676,1,bullish,2026-07-03 11:25:00-04:00,False,28733,2026-07-03 11:26:00-04:00,28734,DEACTIVATED_CLOSE_THROUGH,28733
IFVG2-001677,1,bearish,2026-07-03 12:14:00-04:00,False,28783,2026-07-03 12:16:00-04:00,28784,DEACTIVATED_CLOSE_THROUGH,28783
IFVG2-001678,1,bullish,2026-07-05 19:12:00-04:00,False,28932,2026-07-05 19:45:00-04:00,28933,DEACTIVATED_OVERSHOOT_LIMIT,28932
IFVG2-001679,1,bearish,2026-07-05 19:36:00-04:00,False,28937,2026-07-05 19:50:00-04:00,28938,DEACTIVATED_OVERSHOOT_LIMIT,28937
IFVG2-001680,1,bullish,2026-07-05 20:15:00-04:00,False,28965,2026-07-05 20:18:00-04:00,28966,DEACTIVATED_CLOSE_THROUGH,28965
IFVG2-001681,1,bullish,2026-07-05 20:15:00-04:00,False,28972,2026-07-05 20:25:00-04:00,28973,DEACTIVATED_CLOSE_THROUGH,28972
IFVG2-001682,1,bearish,2026-07-05 20:22:00-04:00,False,28993,2026-07-05 20:46:00-04:00,28994,DEACTIVATED_OVERSHOOT_LIMIT,28993
IFVG2-001683,1,bullish,2026-07-05 20:43:00-04:00,False,28991,2026-07-05 20:44:00-04:00,28992,DEACTIVATED_CLOSE_THROUGH,28991
IFVG2-001684,1,bullish,2026-07-05 20:45:00-04:00,False,28997,2026-07-05 20:50:00-04:00,28998,DEACTIVATED_CLOSE_THROUGH,28997
IFVG2-001685,1,bearish,2026-07-05 21:10:00-04:00,False,29020,2026-07-05 21:13:00-04:00,29021,DEACTIVATED_OVERSHOOT_LIMIT,29020
IFVG2-001686,1,bullish,2026-07-05 21:30:00-04:00,False,29052,2026-07-05 21:45:00-04:00,29053,DEACTIVATED_OVERSHOOT_LIMIT,29052
IFVG2-001687,1,bearish,2026-07-05 21:45:00-04:00,False,29228,2026-07-06 00:41:00-04:00,29229,DEACTIVATED_OVERSHOOT_LIMIT,29228
IFVG2-001688,1,bearish,2026-07-05 22:11:00-04:00,False,29157,2026-07-05 23:30:00-04:00,29158,DEACTIVATED_OVERSHOOT_LIMIT,29157
IFVG2-001689,1,bearish,2026-07-05 22:12:00-04:00,False,29082,2026-07-05 22:15:00-04:00,29083,DEACTIVATED_CLOSE_THROUGH,29082
IFVG2-001690,1,bullish,2026-07-05 23:04:00-04:00,False,29169,2026-07-05 23:42:00-04:00,29170,DEACTIVATED_OVERSHOOT_LIMIT,29169
IFVG2-001691,1,bullish,2026-07-05 23:10:00-04:00,False,29140,2026-07-05 23:13:00-04:00,29141,DEACTIVATED_CLOSE_THROUGH,29140
IFVG2-001692,1,bullish,2026-07-05 23:11:00-04:00,False,29139,2026-07-05 23:12:00-04:00,29140,DEACTIVATED_CLOSE_THROUGH,29139
IFVG2-001693,1,bearish,2026-07-05 23:13:00-04:00,False,29141,2026-07-05 23:14:00-04:00,29142,DEACTIVATED_OVERSHOOT_LIMIT,29141
IFVG2-001694,1,bearish,2026-07-05 23:42:00-04:00,False,29201,2026-07-06 00:14:00-04:00,29202,DEACTIVATED_CLOSE_THROUGH,29201
IFVG2-001695,1,bearish,2026-07-06 00:00:00-04:00,False,29188,2026-07-06 00:01:00-04:00,29189,DEACTIVATED_OVERSHOOT_LIMIT,29188
IFVG2-001696,1,bearish,2026-07-06 00:09:00-04:00,False,29197,2026-07-06 00:10:00-04:00,29198,DEACTIVATED_CLOSE_THROUGH,29197
IFVG2-001697,1,bullish,2026-07-06 00:13:00-04:00,False,29680,2026-07-06 08:13:00-04:00,29681,EXPIRED_ACTIVE_8H,29680
IFVG2-001698,1,bullish,2026-07-06 01:07:00-04:00,False,29255,2026-07-06 01:08:00-04:00,29256,DEACTIVATED_CLOSE_THROUGH,29255
IFVG2-001699,1,bullish,2026-07-06 01:36:00-04:00,False,29317,2026-07-06 02:10:00-04:00,29318,DEACTIVATED_CLOSE_THROUGH,29317
IFVG2-001700,1,bullish,2026-07-06 01:37:00-04:00,False,29294,2026-07-06 01:47:00-04:00,29295,DEACTIVATED_CLOSE_THROUGH,29294
IFVG2-001701,1,bullish,2026-07-06 01:52:00-04:00,False,29313,2026-07-06 02:06:00-04:00,29314,DEACTIVATED_OVERSHOOT_LIMIT,29313
IFVG2-001702,1,bullish,2026-07-06 02:25:00-04:00,False,29337,2026-07-06 02:30:00-04:00,29338,DEACTIVATED_OVERSHOOT_LIMIT,29337
IFVG2-001703,1,bullish,2026-07-06 02:33:00-04:00,False,29443,2026-07-06 04:16:00-04:00,29444,DEACTIVATED_CLOSE_THROUGH,29443
IFVG2-001704,1,bullish,2026-07-06 02:51:00-04:00,False,29360,2026-07-06 02:53:00-04:00,29361,DEACTIVATED_CLOSE_THROUGH,29360
IFVG2-001705,1,bearish,2026-07-06 02:53:00-04:00,False,29362,2026-07-06 02:55:00-04:00,29363,DEACTIVATED_CLOSE_THROUGH,29362
IFVG2-001706,1,bullish,2026-07-06 03:04:00-04:00,False,29380,2026-07-06 03:13:00-04:00,29381,DEACTIVATED_OVERSHOOT_LIMIT,29380
IFVG2-001707,1,bearish,2026-07-06 03:21:00-04:00,False,29409,2026-07-06 03:42:00-04:00,29410,DEACTIVATED_CLOSE_THROUGH,29409
IFVG2-001708,1,bearish,2026-07-06 03:22:00-04:00,False,29408,2026-07-06 03:41:00-04:00,29409,DEACTIVATED_OVERSHOOT_LIMIT,29408
IFVG2-001709,1,bullish,2026-07-06 03:33:00-04:00,False,29405,2026-07-06 03:38:00-04:00,29406,DEACTIVATED_CLOSE_THROUGH,29405
IFVG2-001710,1,bullish,2026-07-06 03:40:00-04:00,False,29438,2026-07-06 04:11:00-04:00,29439,DEACTIVATED_CLOSE_THROUGH,29438
IFVG2-001711,1,bearish,2026-07-06 03:55:00-04:00,False,29427,2026-07-06 04:00:00-04:00,29428,DEACTIVATED_CLOSE_THROUGH,29427
IFVG2-001712,1,bearish,2026-07-06 04:12:00-04:00,False,29467,2026-07-06 04:40:00-04:00,29468,DEACTIVATED_CLOSE_THROUGH,29467
IFVG2-001713,1,bearish,2026-07-06 04:12:00-04:00,False,29467,2026-07-06 04:40:00-04:00,29468,DEACTIVATED_CLOSE_THROUGH,29467
IFVG2-001714,1,bearish,2026-07-06 04:12:00-04:00,False,29467,2026-07-06 04:40:00-04:00,29468,DEACTIVATED_CLOSE_THROUGH,29467
IFVG2-001715,1,bearish,2026-07-06 04:16:00-04:00,False,29446,2026-07-06 04:19:00-04:00,29447,DEACTIVATED_CLOSE_THROUGH,29446
IFVG2-001716,1,bullish,2026-07-06 04:40:00-04:00,False,29757,2026-07-06 09:30:00-04:00,29758,DEACTIVATED_OVERSHOOT_LIMIT,29757
IFVG2-001717,1,bullish,2026-07-06 04:55:00-04:00,False,29533,2026-07-06 05:46:00-04:00,29534,DEACTIVATED_CLOSE_THROUGH,29533
IFVG2-001718,1,bearish,2026-07-06 05:00:00-04:00,False,29488,2026-07-06 05:01:00-04:00,29489,DEACTIVATED_CLOSE_THROUGH,29488
IFVG2-001719,1,bearish,2026-07-06 05:45:00-04:00,False,29538,2026-07-06 05:51:00-04:00,29539,DEACTIVATED_CLOSE_THROUGH,29538
IFVG2-001720,1,bullish,2026-07-06 05:51:00-04:00,False,29592,2026-07-06 06:45:00-04:00,29593,DEACTIVATED_OVERSHOOT_LIMIT,29592
IFVG2-001721,1,bullish,2026-07-06 05:51:00-04:00,False,29613,2026-07-06 07:06:00-04:00,29614,DEACTIVATED_OVERSHOOT_LIMIT,29613
IFVG2-001722,1,bullish,2026-07-06 06:14:00-04:00,False,29571,2026-07-06 06:24:00-04:00,29572,DEACTIVATED_CLOSE_THROUGH,29571
IFVG2-001723,1,bullish,2026-07-06 06:50:00-04:00,False,29609,2026-07-06 07:02:00-04:00,29610,DEACTIVATED_CLOSE_THROUGH,29609
IFVG2-001724,1,bullish,2026-07-06 07:45:00-04:00,False,29655,2026-07-06 07:48:00-04:00,29656,DEACTIVATED_OVERSHOOT_LIMIT,29655
IFVG2-001725,1,bearish,2026-07-06 07:57:00-04:00,False,29668,2026-07-06 08:01:00-04:00,29669,DEACTIVATED_CLOSE_THROUGH,29668
IFVG2-001726,1,bearish,2026-07-06 07:58:00-04:00,False,29667,2026-07-06 08:00:00-04:00,29668,DEACTIVATED_OVERSHOOT_LIMIT,29667
IFVG2-001727,1,bullish,2026-07-06 08:14:00-04:00,False,29682,2026-07-06 08:15:00-04:00,29683,DEACTIVATED_OVERSHOOT_LIMIT,29682
IFVG2-001728,1,bullish,2026-07-06 08:37:00-04:00,False,29707,2026-07-06 08:40:00-04:00,29708,DEACTIVATED_CLOSE_THROUGH,29707
IFVG2-001729,1,bearish,2026-07-06 08:41:00-04:00,False,29709,2026-07-06 08:42:00-04:00,29710,DEACTIVATED_OVERSHOOT_LIMIT,29709
IFVG2-001730,1,bullish,2026-07-06 08:54:00-04:00,False,29728,2026-07-06 09:01:00-04:00,29729,DEACTIVATED_CLOSE_THROUGH,29728
IFVG2-001731,1,bearish,2026-07-06 09:00:00-04:00,False,29761,2026-07-06 09:34:00-04:00,29762,DEACTIVATED_OVERSHOOT_LIMIT,29761
IFVG2-001732,1,bearish,2026-07-06 09:02:00-04:00,False,29761,2026-07-06 09:34:00-04:00,29762,DEACTIVATED_CLOSE_THROUGH,29761
IFVG2-001733,1,bullish,2026-07-06 09:34:00-04:00,False,29762,2026-07-06 09:35:00-04:00,29763,DEACTIVATED_CLOSE_THROUGH,29762
IFVG2-001734,1,bullish,2026-07-06 09:34:00-04:00,False,29762,2026-07-06 09:35:00-04:00,29763,DEACTIVATED_OVERSHOOT_LIMIT,29762
IFVG2-001735,1,bullish,2026-07-06 09:39:00-04:00,False,29767,2026-07-06 09:40:00-04:00,29768,DEACTIVATED_OVERSHOOT_LIMIT,29767
IFVG2-001736,1,bearish,2026-07-06 09:52:00-04:00,False,29780,2026-07-06 09:53:00-04:00,29781,DEACTIVATED_OVERSHOOT_LIMIT,29780
IFVG2-001737,1,bullish,2026-07-06 10:01:00-04:00,False,29789,2026-07-06 10:02:00-04:00,29790,DEACTIVATED_CLOSE_THROUGH,29789
IFVG2-001738,1,bearish,2026-07-06 10:56:00-04:00,False,29848,2026-07-06 11:01:00-04:00,29849,DEACTIVATED_OVERSHOOT_LIMIT,29848
IFVG2-001739,1,bearish,2026-07-06 11:00:00-04:00,False,29848,2026-07-06 11:01:00-04:00,29849,DEACTIVATED_CLOSE_THROUGH,29848
IFVG2-001740,1,bearish,2026-07-06 12:03:00-04:00,False,29915,2026-07-06 12:08:00-04:00,29916,DEACTIVATED_CLOSE_THROUGH,29915
IFVG2-001741,1,bearish,2026-07-06 12:14:00-04:00,False,29922,2026-07-06 12:15:00-04:00,29923,DEACTIVATED_CLOSE_THROUGH,29922
IFVG2-001742,1,bearish,2026-07-06 12:38:00-04:00,False,29946,2026-07-06 12:39:00-04:00,29947,DEACTIVATED_CLOSE_THROUGH,29946
IFVG2-001743,1,bullish,2026-07-06 13:05:00-04:00,False,29985,2026-07-06 13:18:00-04:00,29986,DEACTIVATED_CLOSE_THROUGH,29985
IFVG2-001744,1,bullish,2026-07-06 13:06:00-04:00,False,29981,2026-07-06 13:14:00-04:00,29982,DEACTIVATED_OVERSHOOT_LIMIT,29981
IFVG2-001745,1,bearish,2026-07-06 13:27:00-04:00,False,30043,2026-07-06 14:16:00-04:00,30044,DEACTIVATED_OVERSHOOT_LIMIT,30043
IFVG2-001746,1,bearish,2026-07-06 13:52:00-04:00,False,30029,2026-07-06 14:02:00-04:00,30030,DEACTIVATED_OVERSHOOT_LIMIT,30029
IFVG2-001747,1,bullish,2026-07-06 14:08:00-04:00,False,30036,2026-07-06 14:09:00-04:00,30037,DEACTIVATED_OVERSHOOT_LIMIT,30036
IFVG2-001748,1,bullish,2026-07-06 14:16:00-04:00,False,30045,2026-07-06 14:18:00-04:00,30046,DEACTIVATED_OVERSHOOT_LIMIT,30045
IFVG2-001749,1,bearish,2026-07-06 14:39:00-04:00,False,30067,2026-07-06 14:40:00-04:00,30068,DEACTIVATED_CLOSE_THROUGH,30067
IFVG2-001750,1,bearish,2026-07-06 14:49:00-04:00,False,30078,2026-07-06 14:51:00-04:00,30079,DEACTIVATED_OVERSHOOT_LIMIT,30078
IFVG2-001751,1,bullish,2026-07-06 15:00:00-04:00,False,30088,2026-07-06 15:01:00-04:00,30089,DEACTIVATED_CLOSE_THROUGH,30088
IFVG2-001752,1,bullish,2026-07-06 15:12:00-04:00,False,30101,2026-07-06 15:14:00-04:00,30102,DEACTIVATED_CLOSE_THROUGH,30101
IFVG2-001753,1,bearish,2026-07-06 16:21:00-04:00,False,30171,2026-07-06 16:24:00-04:00,30172,DEACTIVATED_OVERSHOOT_LIMIT,30171
IFVG2-001754,1,bearish,2026-07-06 16:33:00-04:00,False,30207,2026-07-06 18:00:00-04:00,30208,DEACTIVATED_CLOSE_THROUGH,30207
IFVG2-001755,1,bearish,2026-07-06 18:35:00-04:00,False,30247,2026-07-06 18:40:00-04:00,30248,DEACTIVATED_CLOSE_THROUGH,30247
IFVG2-001756,1,bearish,2026-07-06 18:46:00-04:00,False,30255,2026-07-06 18:48:00-04:00,30256,DEACTIVATED_OVERSHOOT_LIMIT,30255
IFVG2-001757,1,bullish,2026-07-06 19:43:00-04:00,False,30311,2026-07-06 19:44:00-04:00,30312,DEACTIVATED_OVERSHOOT_LIMIT,30311
IFVG2-001758,1,bullish,2026-07-06 20:19:00-04:00,False,30361,2026-07-06 20:34:00-04:00,30362,DEACTIVATED_CLOSE_THROUGH,30361
IFVG2-001759,1,bullish,2026-07-06 20:19:00-04:00,False,30362,2026-07-06 20:35:00-04:00,30363,DEACTIVATED_CLOSE_THROUGH,30362
IFVG2-001760,1,bullish,2026-07-06 20:21:00-04:00,False,30349,2026-07-06 20:22:00-04:00,30350,DEACTIVATED_OVERSHOOT_LIMIT,30349
IFVG2-001761,1,bearish,2026-07-06 20:33:00-04:00,False,30840,2026-07-07 04:33:00-04:00,30841,EXPIRED_UNTOUCHED_8H,30840
IFVG2-001762,1,bearish,2026-07-06 20:46:00-04:00,False,30374,2026-07-06 20:47:00-04:00,30375,DEACTIVATED_CLOSE_THROUGH,30374
IFVG2-001763,1,bullish,2026-07-06 21:35:00-04:00,False,30423,2026-07-06 21:36:00-04:00,30424,DEACTIVATED_OVERSHOOT_LIMIT,30423
IFVG2-001764,1,bullish,2026-07-06 21:44:00-04:00,False,30446,2026-07-06 21:59:00-04:00,30447,DEACTIVATED_CLOSE_THROUGH,30446
IFVG2-001765,1,bullish,2026-07-06 21:45:00-04:00,False,30445,2026-07-06 21:58:00-04:00,30446,DEACTIVATED_CLOSE_THROUGH,30445
IFVG2-001766,1,bearish,2026-07-06 21:58:00-04:00,False,30454,2026-07-06 22:07:00-04:00,30455,DEACTIVATED_CLOSE_THROUGH,30454
IFVG2-001767,1,bearish,2026-07-06 21:59:00-04:00,False,30448,2026-07-06 22:01:00-04:00,30449,DEACTIVATED_CLOSE_THROUGH,30448
IFVG2-001768,1,bearish,2026-07-06 22:21:00-04:00,False,30948,2026-07-07 06:21:00-04:00,30949,EXPIRED_ACTIVE_8H,30948
IFVG2-001769,1,bullish,2026-07-06 22:39:00-04:00,False,30489,2026-07-06 22:42:00-04:00,30490,DEACTIVATED_CLOSE_THROUGH,30489
IFVG2-001770,1,bearish,2026-07-06 22:51:00-04:00,False,30503,2026-07-06 22:56:00-04:00,30504,DEACTIVATED_OVERSHOOT_LIMIT,30503
IFVG2-001771,1,bullish,2026-07-06 23:59:00-04:00,False,30567,2026-07-07 00:00:00-04:00,30568,DEACTIVATED_CLOSE_THROUGH,30567
IFVG2-001772,1,bullish,2026-07-07 00:05:00-04:00,False,30573,2026-07-07 00:06:00-04:00,30574,DEACTIVATED_CLOSE_THROUGH,30573
IFVG2-001773,1,bullish,2026-07-07 00:58:00-04:00,False,30628,2026-07-07 01:01:00-04:00,30629,DEACTIVATED_CLOSE_THROUGH,30628
IFVG2-001774,1,bearish,2026-07-07 01:01:00-04:00,False,30659,2026-07-07 01:32:00-04:00,30660,DEACTIVATED_CLOSE_THROUGH,30659
IFVG2-001775,1,bullish,2026-07-07 01:30:00-04:00,False,31022,2026-07-07 07:35:00-04:00,31023,DEACTIVATED_OVERSHOOT_LIMIT,31022
IFVG2-001776,1,bullish,2026-07-07 01:30:00-04:00,False,31134,2026-07-07 09:27:00-04:00,31135,DEACTIVATED_OVERSHOOT_LIMIT,31134
IFVG2-001777,1,bullish,2026-07-07 01:31:00-04:00,False,30990,2026-07-07 07:03:00-04:00,30991,DEACTIVATED_OVERSHOOT_LIMIT,30990
IFVG2-001778,1,bullish,2026-07-07 01:32:00-04:00,False,30660,2026-07-07 01:33:00-04:00,30661,DEACTIVATED_OVERSHOOT_LIMIT,30660
IFVG2-001779,1,bullish,2026-07-07 01:51:00-04:00,False,30679,2026-07-07 01:52:00-04:00,30680,DEACTIVATED_CLOSE_THROUGH,30679
IFVG2-001780,1,bullish,2026-07-07 01:54:00-04:00,False,30687,2026-07-07 02:00:00-04:00,30688,DEACTIVATED_OVERSHOOT_LIMIT,30687
IFVG2-001781,1,bullish,2026-07-07 01:55:00-04:00,False,30685,2026-07-07 01:58:00-04:00,30686,DEACTIVATED_CLOSE_THROUGH,30685
IFVG2-001782,1,bullish,2026-07-07 01:56:00-04:00,False,30684,2026-07-07 01:57:00-04:00,30685,DEACTIVATED_CLOSE_THROUGH,30684
IFVG2-001783,1,bearish,2026-07-07 02:10:00-04:00,False,30710,2026-07-07 02:23:00-04:00,30711,DEACTIVATED_OVERSHOOT_LIMIT,30710
IFVG2-001784,1,bullish,2026-07-07 02:15:00-04:00,False,30705,2026-07-07 02:18:00-04:00,30706,DEACTIVATED_CLOSE_THROUGH,30705
IFVG2-001785,1,bullish,2026-07-07 02:21:00-04:00,False,30713,2026-07-07 02:26:00-04:00,30714,DEACTIVATED_CLOSE_THROUGH,30713
IFVG2-001786,1,bullish,2026-07-07 02:52:00-04:00,False,30747,2026-07-07 03:00:00-04:00,30748,DEACTIVATED_OVERSHOOT_LIMIT,30747
IFVG2-001787,1,bearish,2026-07-07 03:00:00-04:00,False,30748,2026-07-07 03:01:00-04:00,30749,DEACTIVATED_CLOSE_THROUGH,30748
IFVG2-001788,1,bullish,2026-07-07 03:01:00-04:00,False,30757,2026-07-07 03:10:00-04:00,30758,DEACTIVATED_OVERSHOOT_LIMIT,30757
IFVG2-001789,1,bearish,2026-07-07 03:24:00-04:00,False,30772,2026-07-07 03:25:00-04:00,30773,DEACTIVATED_CLOSE_THROUGH,30772
IFVG2-001790,1,bullish,2026-07-07 04:39:00-04:00,False,30850,2026-07-07 04:43:00-04:00,30851,DEACTIVATED_OVERSHOOT_LIMIT,30850
IFVG2-001791,1,bearish,2026-07-07 04:42:00-04:00,False,31054,2026-07-07 08:07:00-04:00,31055,DEACTIVATED_OVERSHOOT_LIMIT,31054
IFVG2-001792,1,bearish,2026-07-07 04:53:00-04:00,False,30875,2026-07-07 05:08:00-04:00,30876,DEACTIVATED_CLOSE_THROUGH,30875
IFVG2-001793,1,bearish,2026-07-07 04:55:00-04:00,False,30863,2026-07-07 04:56:00-04:00,30864,DEACTIVATED_OVERSHOOT_LIMIT,30863
IFVG2-001794,1,bearish,2026-07-07 05:43:00-04:00,False,30920,2026-07-07 05:53:00-04:00,30921,DEACTIVATED_OVERSHOOT_LIMIT,30920
IFVG2-001795,1,bullish,2026-07-07 05:51:00-04:00,False,30976,2026-07-07 06:49:00-04:00,30977,DEACTIVATED_CLOSE_THROUGH,30976
IFVG2-001796,1,bullish,2026-07-07 05:59:00-04:00,False,30936,2026-07-07 06:09:00-04:00,30937,DEACTIVATED_CLOSE_THROUGH,30936
IFVG2-001797,1,bearish,2026-07-07 06:09:00-04:00,False,30937,2026-07-07 06:10:00-04:00,30938,DEACTIVATED_OVERSHOOT_LIMIT,30937
IFVG2-001798,1,bullish,2026-07-07 06:16:00-04:00,False,30961,2026-07-07 06:34:00-04:00,30962,DEACTIVATED_CLOSE_THROUGH,30961
IFVG2-001799,1,bullish,2026-07-07 06:17:00-04:00,False,30961,2026-07-07 06:34:00-04:00,30962,DEACTIVATED_CLOSE_THROUGH,30961
IFVG2-001800,1,bearish,2026-07-07 06:49:00-04:00,False,30984,2026-07-07 06:57:00-04:00,30985,DEACTIVATED_CLOSE_THROUGH,30984
IFVG2-001801,1,bearish,2026-07-07 07:00:00-04:00,False,31009,2026-07-07 07:22:00-04:00,31010,DEACTIVATED_CLOSE_THROUGH,31009
IFVG2-001802,1,bearish,2026-07-07 07:00:00-04:00,False,31048,2026-07-07 08:01:00-04:00,31049,DEACTIVATED_CLOSE_THROUGH,31048
IFVG2-001803,1,bullish,2026-07-07 07:45:00-04:00,False,31033,2026-07-07 07:46:00-04:00,31034,DEACTIVATED_OVERSHOOT_LIMIT,31033
IFVG2-001804,1,bullish,2026-07-07 07:49:00-04:00,False,31037,2026-07-07 07:50:00-04:00,31038,DEACTIVATED_OVERSHOOT_LIMIT,31037
IFVG2-001805,1,bullish,2026-07-07 07:55:00-04:00,False,31112,2026-07-07 09:05:00-04:00,31113,DEACTIVATED_OVERSHOOT_LIMIT,31112
IFVG2-001806,1,bullish,2026-07-07 07:57:00-04:00,False,31101,2026-07-07 08:54:00-04:00,31102,DEACTIVATED_CLOSE_THROUGH,31101
IFVG2-001807,1,bullish,2026-07-07 08:05:00-04:00,False,31095,2026-07-07 08:48:00-04:00,31096,DEACTIVATED_CLOSE_THROUGH,31095
IFVG2-001808,1,bullish,2026-07-07 08:27:00-04:00,False,31078,2026-07-07 08:31:00-04:00,31079,DEACTIVATED_CLOSE_THROUGH,31078
IFVG2-001809,1,bullish,2026-07-07 08:30:00-04:00,False,31078,2026-07-07 08:31:00-04:00,31079,DEACTIVATED_CLOSE_THROUGH,31078
IFVG2-001810,1,bearish,2026-07-07 08:45:00-04:00,False,31572,2026-07-07 16:45:00-04:00,31573,EXPIRED_ACTIVE_8H,31572
IFVG2-001811,1,bearish,2026-07-07 08:46:00-04:00,False,31094,2026-07-07 08:47:00-04:00,31095,DEACTIVATED_OVERSHOOT_LIMIT,31094
IFVG2-001812,1,bearish,2026-07-07 08:48:00-04:00,False,31137,2026-07-07 09:30:00-04:00,31138,DEACTIVATED_OVERSHOOT_LIMIT,31137
IFVG2-001813,1,bearish,2026-07-07 08:53:00-04:00,False,31103,2026-07-07 08:56:00-04:00,31104,DEACTIVATED_OVERSHOOT_LIMIT,31103
IFVG2-001814,1,bullish,2026-07-07 09:07:00-04:00,False,31123,2026-07-07 09:16:00-04:00,31124,DEACTIVATED_CLOSE_THROUGH,31123
IFVG2-001815,1,bullish,2026-07-07 09:11:00-04:00,False,31119,2026-07-07 09:12:00-04:00,31120,DEACTIVATED_OVERSHOOT_LIMIT,31119
IFVG2-001816,1,bullish,2026-07-07 09:30:00-04:00,False,31138,2026-07-07 09:31:00-04:00,31139,DEACTIVATED_OVERSHOOT_LIMIT,31138
IFVG2-001817,1,bullish,2026-07-07 09:30:00-04:00,False,31139,2026-07-07 09:32:00-04:00,31140,DEACTIVATED_OVERSHOOT_LIMIT,31139
IFVG2-001818,1,bearish,2026-07-07 11:55:00-04:00,False,31283,2026-07-07 11:56:00-04:00,31284,DEACTIVATED_OVERSHOOT_LIMIT,31283
IFVG2-001819,1,bullish,2026-07-07 12:01:00-04:00,False,31295,2026-07-07 12:08:00-04:00,31296,DEACTIVATED_OVERSHOOT_LIMIT,31295
IFVG2-001820,1,bearish,2026-07-07 12:55:00-04:00,False,31343,2026-07-07 12:56:00-04:00,31344,DEACTIVATED_OVERSHOOT_LIMIT,31343
IFVG2-001821,1,bullish,2026-07-07 12:59:00-04:00,False,31347,2026-07-07 13:00:00-04:00,31348,DEACTIVATED_OVERSHOOT_LIMIT,31347
IFVG2-001822,1,bullish,2026-07-07 13:21:00-04:00,False,31373,2026-07-07 13:26:00-04:00,31374,DEACTIVATED_CLOSE_THROUGH,31373
IFVG2-001823,1,bullish,2026-07-07 13:31:00-04:00,False,31379,2026-07-07 13:32:00-04:00,31380,DEACTIVATED_CLOSE_THROUGH,31379
IFVG2-001824,1,bearish,2026-07-07 14:06:00-04:00,False,31419,2026-07-07 14:12:00-04:00,31420,DEACTIVATED_CLOSE_THROUGH,31419
IFVG2-001825,1,bullish,2026-07-07 15:05:00-04:00,False,31474,2026-07-07 15:07:00-04:00,31475,DEACTIVATED_CLOSE_THROUGH,31474
IFVG2-001826,1,bullish,2026-07-07 15:13:00-04:00,False,31481,2026-07-07 15:14:00-04:00,31482,DEACTIVATED_OVERSHOOT_LIMIT,31481
IFVG2-001827,1,bearish,2026-07-07 15:16:00-04:00,False,31495,2026-07-07 15:28:00-04:00,31496,DEACTIVATED_OVERSHOOT_LIMIT,31495
IFVG2-001828,1,bullish,2026-07-07 15:30:00-04:00,False,31502,2026-07-07 15:35:00-04:00,31503,DEACTIVATED_OVERSHOOT_LIMIT,31502
IFVG2-001829,1,bullish,2026-07-07 15:30:00-04:00,False,31507,2026-07-07 15:40:00-04:00,31508,DEACTIVATED_OVERSHOOT_LIMIT,31507
IFVG2-001830,1,bullish,2026-07-07 15:55:00-04:00,False,31587,2026-07-07 18:00:00-04:00,31588,DEACTIVATED_CLOSE_THROUGH,31587
IFVG2-001831,1,bullish,2026-07-07 16:08:00-04:00,False,31536,2026-07-07 16:09:00-04:00,31537,DEACTIVATED_CLOSE_THROUGH,31536
IFVG2-001832,1,bearish,2026-07-07 16:28:00-04:00,False,31557,2026-07-07 16:30:00-04:00,31558,DEACTIVATED_CLOSE_THROUGH,31557
IFVG2-001833,1,bearish,2026-07-07 18:00:00-04:00,False,31588,2026-07-07 18:01:00-04:00,31589,DEACTIVATED_OVERSHOOT_LIMIT,31588
IFVG2-001834,1,bearish,2026-07-07 18:20:00-04:00,False,31609,2026-07-07 18:22:00-04:00,31610,DEACTIVATED_CLOSE_THROUGH,31609
IFVG2-001835,1,bullish,2026-07-07 18:34:00-04:00,False,31632,2026-07-07 18:45:00-04:00,31633,DEACTIVATED_OVERSHOOT_LIMIT,31632
IFVG2-001836,1,bearish,2026-07-07 18:41:00-04:00,False,31629,2026-07-07 18:42:00-04:00,31630,DEACTIVATED_CLOSE_THROUGH,31629
IFVG2-001837,1,bullish,2026-07-07 19:14:00-04:00,False,31683,2026-07-07 19:36:00-04:00,31684,DEACTIVATED_OVERSHOOT_LIMIT,31683
IFVG2-001838,1,bearish,2026-07-07 19:33:00-04:00,False,31716,2026-07-07 20:09:00-04:00,31717,DEACTIVATED_CLOSE_THROUGH,31716
IFVG2-001839,1,bullish,2026-07-07 20:09:00-04:00,False,31717,2026-07-07 20:10:00-04:00,31718,DEACTIVATED_CLOSE_THROUGH,31717
IFVG2-001840,1,bullish,2026-07-07 20:09:00-04:00,False,32037,2026-07-08 01:30:00-04:00,32038,DEACTIVATED_CLOSE_THROUGH,32037
IFVG2-001841,1,bearish,2026-07-07 20:17:00-04:00,False,31725,2026-07-07 20:18:00-04:00,31726,DEACTIVATED_OVERSHOOT_LIMIT,31725
IFVG2-001842,1,bullish,2026-07-07 20:24:00-04:00,False,31736,2026-07-07 20:29:00-04:00,31737,DEACTIVATED_CLOSE_THROUGH,31736
IFVG2-001843,1,bearish,2026-07-07 20:33:00-04:00,False,31743,2026-07-07 20:36:00-04:00,31744,DEACTIVATED_CLOSE_THROUGH,31743
IFVG2-001844,1,bullish,2026-07-07 20:39:00-04:00,False,31800,2026-07-07 21:33:00-04:00,31801,DEACTIVATED_CLOSE_THROUGH,31800
IFVG2-001845,1,bullish,2026-07-07 20:39:00-04:00,False,31803,2026-07-07 21:36:00-04:00,31804,DEACTIVATED_CLOSE_THROUGH,31803
IFVG2-001846,1,bearish,2026-07-07 21:06:00-04:00,False,31775,2026-07-07 21:08:00-04:00,31776,DEACTIVATED_CLOSE_THROUGH,31775
IFVG2-001847,1,bullish,2026-07-07 21:08:00-04:00,False,31789,2026-07-07 21:22:00-04:00,31790,DEACTIVATED_OVERSHOOT_LIMIT,31789
IFVG2-001848,1,bullish,2026-07-07 21:10:00-04:00,False,31788,2026-07-07 21:21:00-04:00,31789,DEACTIVATED_CLOSE_THROUGH,31788
IFVG2-001849,1,bearish,2026-07-07 21:15:00-04:00,False,31783,2026-07-07 21:16:00-04:00,31784,DEACTIVATED_OVERSHOOT_LIMIT,31783
IFVG2-001850,1,bearish,2026-07-07 21:36:00-04:00,False,31807,2026-07-07 21:40:00-04:00,31808,DEACTIVATED_CLOSE_THROUGH,31807
IFVG2-001851,1,bearish,2026-07-07 21:38:00-04:00,False,31806,2026-07-07 21:39:00-04:00,31807,DEACTIVATED_CLOSE_THROUGH,31806
IFVG2-001852,1,bearish,2026-07-07 22:27:00-04:00,False,31871,2026-07-07 22:44:00-04:00,31872,DEACTIVATED_CLOSE_THROUGH,31871
IFVG2-001853,1,bearish,2026-07-07 22:32:00-04:00,False,31861,2026-07-07 22:34:00-04:00,31862,DEACTIVATED_CLOSE_THROUGH,31861
IFVG2-001854,1,bearish,2026-07-07 23:32:00-04:00,False,32399,2026-07-08 07:32:00-04:00,32400,EXPIRED_UNTOUCHED_8H,32399
IFVG2-001855,1,bearish,2026-07-07 23:40:00-04:00,False,32407,2026-07-08 07:40:00-04:00,32408,EXPIRED_ACTIVE_8H,32407
IFVG2-001856,1,bullish,2026-07-07 23:57:00-04:00,False,31945,2026-07-07 23:58:00-04:00,31946,DEACTIVATED_CLOSE_THROUGH,31945
IFVG2-001857,1,bearish,2026-07-08 00:27:00-04:00,False,32454,2026-07-08 08:27:00-04:00,32455,EXPIRED_UNTOUCHED_8H,32454
IFVG2-001858,1,bearish,2026-07-08 00:28:00-04:00,False,32455,2026-07-08 08:28:00-04:00,32456,EXPIRED_ACTIVE_8H,32455
IFVG2-001859,1,bullish,2026-07-08 00:56:00-04:00,False,32030,2026-07-08 01:23:00-04:00,32031,DEACTIVATED_CLOSE_THROUGH,32030
IFVG2-001860,1,bullish,2026-07-08 00:56:00-04:00,False,32036,2026-07-08 01:29:00-04:00,32037,DEACTIVATED_CLOSE_THROUGH,32036
IFVG2-001861,1,bullish,2026-07-08 01:00:00-04:00,False,32008,2026-07-08 01:01:00-04:00,32009,DEACTIVATED_CLOSE_THROUGH,32008
IFVG2-001862,1,bullish,2026-07-08 01:06:00-04:00,False,32014,2026-07-08 01:07:00-04:00,32015,DEACTIVATED_CLOSE_THROUGH,32014
IFVG2-001863,1,bullish,2026-07-08 01:06:00-04:00,False,32015,2026-07-08 01:08:00-04:00,32016,DEACTIVATED_CLOSE_THROUGH,32015
IFVG2-001864,1,bearish,2026-07-08 01:37:00-04:00,False,32049,2026-07-08 01:42:00-04:00,32050,DEACTIVATED_CLOSE_THROUGH,32049
IFVG2-001865,1,bearish,2026-07-08 01:47:00-04:00,False,32157,2026-07-08 03:30:00-04:00,32158,DEACTIVATED_CLOSE_THROUGH,32157
IFVG2-001866,1,bearish,2026-07-08 01:58:00-04:00,False,32071,2026-07-08 02:04:00-04:00,32072,DEACTIVATED_CLOSE_THROUGH,32071
IFVG2-001867,1,bearish,2026-07-08 02:00:00-04:00,False,32069,2026-07-08 02:02:00-04:00,32070,DEACTIVATED_CLOSE_THROUGH,32069
IFVG2-001868,1,bullish,2026-07-08 02:14:00-04:00,False,32082,2026-07-08 02:15:00-04:00,32083,DEACTIVATED_CLOSE_THROUGH,32082
IFVG2-001869,1,bullish,2026-07-08 02:24:00-04:00,False,32092,2026-07-08 02:25:00-04:00,32093,DEACTIVATED_CLOSE_THROUGH,32092
IFVG2-001870,1,bearish,2026-07-08 02:44:00-04:00,False,32114,2026-07-08 02:47:00-04:00,32115,DEACTIVATED_CLOSE_THROUGH,32114
IFVG2-001871,1,bearish,2026-07-08 03:00:00-04:00,False,32138,2026-07-08 03:11:00-04:00,32139,DEACTIVATED_CLOSE_THROUGH,32138
IFVG2-001872,1,bearish,2026-07-08 03:00:00-04:00,False,32151,2026-07-08 03:24:00-04:00,32152,DEACTIVATED_CLOSE_THROUGH,32151
IFVG2-001873,1,bearish,2026-07-08 03:05:00-04:00,False,32138,2026-07-08 03:11:00-04:00,32139,DEACTIVATED_CLOSE_THROUGH,32138
IFVG2-001874,1,bullish,2026-07-08 03:44:00-04:00,False,32172,2026-07-08 03:45:00-04:00,32173,DEACTIVATED_OVERSHOOT_LIMIT,32172
IFVG2-001875,1,bullish,2026-07-08 03:44:00-04:00,False,32177,2026-07-08 03:50:00-04:00,32178,DEACTIVATED_CLOSE_THROUGH,32177
IFVG2-001876,1,bearish,2026-07-08 04:04:00-04:00,False,32197,2026-07-08 04:10:00-04:00,32198,DEACTIVATED_CLOSE_THROUGH,32197
IFVG2-001877,1,bearish,2026-07-08 04:16:00-04:00,False,32204,2026-07-08 04:17:00-04:00,32205,DEACTIVATED_OVERSHOOT_LIMIT,32204
IFVG2-001878,1,bearish,2026-07-08 04:16:00-04:00,False,32527,2026-07-08 09:40:00-04:00,32528,DEACTIVATED_CLOSE_THROUGH,32527
IFVG2-001879,1,bearish,2026-07-08 04:16:00-04:00,False,32527,2026-07-08 09:40:00-04:00,32528,DEACTIVATED_CLOSE_THROUGH,32527
IFVG2-001880,1,bearish,2026-07-08 04:16:00-04:00,False,32527,2026-07-08 09:40:00-04:00,32528,DEACTIVATED_OVERSHOOT_LIMIT,32527
IFVG2-001881,1,bearish,2026-07-08 04:16:00-04:00,False,32533,2026-07-08 09:46:00-04:00,32534,DEACTIVATED_OVERSHOOT_LIMIT,32533
IFVG2-001882,1,bearish,2026-07-08 04:54:00-04:00,False,32242,2026-07-08 04:55:00-04:00,32243,DEACTIVATED_CLOSE_THROUGH,32242
IFVG2-001883,1,bearish,2026-07-08 04:57:00-04:00,False,32410,2026-07-08 07:43:00-04:00,32411,DEACTIVATED_CLOSE_THROUGH,32410
IFVG2-001884,1,bearish,2026-07-08 05:37:00-04:00,False,32300,2026-07-08 05:53:00-04:00,32301,DEACTIVATED_OVERSHOOT_LIMIT,32300
IFVG2-001885,1,bullish,2026-07-08 07:05:00-04:00,False,32374,2026-07-08 07:07:00-04:00,32375,DEACTIVATED_OVERSHOOT_LIMIT,32374
IFVG2-001886,1,bullish,2026-07-08 07:12:00-04:00,False,32383,2026-07-08 07:16:00-04:00,32384,DEACTIVATED_OVERSHOOT_LIMIT,32383
IFVG2-001887,1,bullish,2026-07-08 07:33:00-04:00,False,32880,2026-07-08 15:33:00-04:00,32881,EXPIRED_ACTIVE_8H,32880
IFVG2-001888,1,bearish,2026-07-08 07:38:00-04:00,False,32410,2026-07-08 07:43:00-04:00,32411,DEACTIVATED_CLOSE_THROUGH,32410
IFVG2-001889,1,bullish,2026-07-08 07:43:00-04:00,False,32633,2026-07-08 11:26:00-04:00,32634,DEACTIVATED_OVERSHOOT_LIMIT,32633
IFVG2-001890,1,bearish,2026-07-08 07:56:00-04:00,False,32430,2026-07-08 08:03:00-04:00,32431,DEACTIVATED_CLOSE_THROUGH,32430
IFVG2-001891,1,bullish,2026-07-08 08:07:00-04:00,False,32449,2026-07-08 08:22:00-04:00,32450,DEACTIVATED_CLOSE_THROUGH,32449
IFVG2-001892,1,bullish,2026-07-08 08:27:00-04:00,False,32621,2026-07-08 11:14:00-04:00,32622,DEACTIVATED_CLOSE_THROUGH,32621
IFVG2-001893,1,bearish,2026-07-08 08:46:00-04:00,False,32474,2026-07-08 08:47:00-04:00,32475,DEACTIVATED_CLOSE_THROUGH,32474
IFVG2-001894,1,bearish,2026-07-08 08:56:00-04:00,False,32500,2026-07-08 09:13:00-04:00,32501,DEACTIVATED_OVERSHOOT_LIMIT,32500
IFVG2-001895,1,bearish,2026-07-08 08:59:00-04:00,False,32487,2026-07-08 09:00:00-04:00,32488,DEACTIVATED_OVERSHOOT_LIMIT,32487
IFVG2-001896,1,bullish,2026-07-08 09:27:00-04:00,False,32516,2026-07-08 09:29:00-04:00,32517,DEACTIVATED_CLOSE_THROUGH,32516
IFVG2-001897,1,bullish,2026-07-08 09:27:00-04:00,False,32516,2026-07-08 09:29:00-04:00,32517,DEACTIVATED_OVERSHOOT_LIMIT,32516
IFVG2-001898,1,bullish,2026-07-08 09:27:00-04:00,False,32516,2026-07-08 09:29:00-04:00,32517,DEACTIVATED_OVERSHOOT_LIMIT,32516
IFVG2-001899,1,bearish,2026-07-08 10:02:00-04:00,False,32551,2026-07-08 10:04:00-04:00,32552,DEACTIVATED_OVERSHOOT_LIMIT,32551
IFVG2-001900,1,bullish,2026-07-08 10:52:00-04:00,False,32605,2026-07-08 10:58:00-04:00,32606,DEACTIVATED_CLOSE_THROUGH,32605
IFVG2-001901,1,bearish,2026-07-08 11:14:00-04:00,False,32622,2026-07-08 11:15:00-04:00,32623,DEACTIVATED_OVERSHOOT_LIMIT,32622
IFVG2-001902,1,bearish,2026-07-08 11:16:00-04:00,False,32626,2026-07-08 11:19:00-04:00,32627,DEACTIVATED_CLOSE_THROUGH,32626
IFVG2-001903,1,bearish,2026-07-08 11:16:00-04:00,False,32626,2026-07-08 11:19:00-04:00,32627,DEACTIVATED_CLOSE_THROUGH,32626
IFVG2-001904,1,bearish,2026-07-08 11:17:00-04:00,False,32625,2026-07-08 11:18:00-04:00,32626,DEACTIVATED_CLOSE_THROUGH,32625
IFVG2-001905,1,bullish,2026-07-08 11:33:00-04:00,False,32657,2026-07-08 11:50:00-04:00,32658,DEACTIVATED_OVERSHOOT_LIMIT,32657
IFVG2-001906,1,bullish,2026-07-08 11:35:00-04:00,False,32652,2026-07-08 11:45:00-04:00,32653,DEACTIVATED_OVERSHOOT_LIMIT,32652
IFVG2-001907,1,bearish,2026-07-08 11:56:00-04:00,False,32664,2026-07-08 11:57:00-04:00,32665,DEACTIVATED_CLOSE_THROUGH,32664
IFVG2-001908,1,bullish,2026-07-08 12:20:00-04:00,False,33107,2026-07-08 20:20:00-04:00,33108,EXPIRED_ACTIVE_8H,33107
IFVG2-001909,1,bearish,2026-07-08 13:41:00-04:00,False,32769,2026-07-08 13:42:00-04:00,32770,DEACTIVATED_OVERSHOOT_LIMIT,32769
IFVG2-001910,1,bearish,2026-07-08 13:41:00-04:00,False,32791,2026-07-08 14:04:00-04:00,32792,DEACTIVATED_OVERSHOOT_LIMIT,32791
IFVG2-001911,1,bullish,2026-07-08 14:00:00-04:00,False,32817,2026-07-08 14:30:00-04:00,32818,DEACTIVATED_CLOSE_THROUGH,32817
IFVG2-001912,1,bullish,2026-07-08 14:00:00-04:00,False,33207,2026-07-08 22:00:00-04:00,33208,EXPIRED_ACTIVE_8H,33207
IFVG2-001913,1,bullish,2026-07-08 14:01:00-04:00,False,32792,2026-07-08 14:05:00-04:00,32793,DEACTIVATED_OVERSHOOT_LIMIT,32792
IFVG2-001914,1,bearish,2026-07-08 14:41:00-04:00,False,32831,2026-07-08 14:44:00-04:00,32832,DEACTIVATED_CLOSE_THROUGH,32831
IFVG2-001915,1,bullish,2026-07-08 14:44:00-04:00,False,32832,2026-07-08 14:45:00-04:00,32833,DEACTIVATED_OVERSHOOT_LIMIT,32832
IFVG2-001916,1,bearish,2026-07-08 15:41:00-04:00,False,32891,2026-07-08 15:44:00-04:00,32892,DEACTIVATED_CLOSE_THROUGH,32891
IFVG2-001917,1,bearish,2026-07-08 16:01:00-04:00,False,32913,2026-07-08 16:06:00-04:00,32914,DEACTIVATED_OVERSHOOT_LIMIT,32913
IFVG2-001918,1,bullish,2026-07-08 16:40:00-04:00,False,32963,2026-07-08 16:56:00-04:00,32964,DEACTIVATED_OVERSHOOT_LIMIT,32963
IFVG2-001919,1,bullish,2026-07-08 16:57:00-04:00,False,32966,2026-07-08 16:59:00-04:00,32967,DEACTIVATED_OVERSHOOT_LIMIT,32966
IFVG2-001920,1,bullish,2026-07-08 18:00:00-04:00,False,33447,2026-07-09 02:00:00-04:00,33448,EXPIRED_ACTIVE_8H,33447
IFVG2-001921,1,bearish,2026-07-08 18:18:00-04:00,False,33033,2026-07-08 19:06:00-04:00,33034,DEACTIVATED_CLOSE_THROUGH,33033
IFVG2-001922,1,bullish,2026-07-08 18:56:00-04:00,False,33044,2026-07-08 19:17:00-04:00,33045,DEACTIVATED_OVERSHOOT_LIMIT,33044
IFVG2-001923,1,bearish,2026-07-08 19:16:00-04:00,False,33060,2026-07-08 19:33:00-04:00,33061,DEACTIVATED_CLOSE_THROUGH,33060
IFVG2-001924,1,bearish,2026-07-08 19:17:00-04:00,False,33056,2026-07-08 19:29:00-04:00,33057,DEACTIVATED_CLOSE_THROUGH,33056
IFVG2-001925,1,bullish,2026-07-08 19:23:00-04:00,False,33053,2026-07-08 19:26:00-04:00,33054,DEACTIVATED_CLOSE_THROUGH,33053
IFVG2-001926,1,bearish,2026-07-08 19:26:00-04:00,False,33055,2026-07-08 19:28:00-04:00,33056,DEACTIVATED_CLOSE_THROUGH,33055
IFVG2-001927,1,bullish,2026-07-08 19:35:00-04:00,False,33063,2026-07-08 19:36:00-04:00,33064,DEACTIVATED_CLOSE_THROUGH,33063
IFVG2-001928,1,bullish,2026-07-08 20:21:00-04:00,False,33111,2026-07-08 20:24:00-04:00,33112,DEACTIVATED_OVERSHOOT_LIMIT,33111
IFVG2-001929,1,bearish,2026-07-08 20:31:00-04:00,False,33228,2026-07-08 22:21:00-04:00,33229,DEACTIVATED_CLOSE_THROUGH,33228
IFVG2-001930,1,bearish,2026-07-08 20:33:00-04:00,False,33123,2026-07-08 20:36:00-04:00,33124,DEACTIVATED_CLOSE_THROUGH,33123
IFVG2-001931,1,bearish,2026-07-08 20:51:00-04:00,False,33165,2026-07-08 21:18:00-04:00,33166,DEACTIVATED_OVERSHOOT_LIMIT,33165
IFVG2-001932,1,bullish,2026-07-08 20:56:00-04:00,False,33144,2026-07-08 20:57:00-04:00,33145,DEACTIVATED_CLOSE_THROUGH,33144
IFVG2-001933,1,bullish,2026-07-08 21:07:00-04:00,False,33201,2026-07-08 21:54:00-04:00,33202,DEACTIVATED_CLOSE_THROUGH,33201
IFVG2-001934,1,bearish,2026-07-08 21:21:00-04:00,False,33169,2026-07-08 21:22:00-04:00,33170,DEACTIVATED_CLOSE_THROUGH,33169
IFVG2-001935,1,bullish,2026-07-08 21:44:00-04:00,False,33192,2026-07-08 21:45:00-04:00,33193,DEACTIVATED_OVERSHOOT_LIMIT,33192
IFVG2-001936,1,bearish,2026-07-08 21:53:00-04:00,False,33215,2026-07-08 22:08:00-04:00,33216,DEACTIVATED_OVERSHOOT_LIMIT,33215
IFVG2-001937,1,bearish,2026-07-08 21:54:00-04:00,False,33215,2026-07-08 22:08:00-04:00,33216,DEACTIVATED_CLOSE_THROUGH,33215
IFVG2-001938,1,bullish,2026-07-08 22:07:00-04:00,False,33251,2026-07-08 22:44:00-04:00,33252,DEACTIVATED_CLOSE_THROUGH,33251
IFVG2-001939,1,bullish,2026-07-08 22:07:00-04:00,False,33251,2026-07-08 22:44:00-04:00,33252,DEACTIVATED_CLOSE_THROUGH,33251
IFVG2-001940,1,bullish,2026-07-08 22:08:00-04:00,False,33242,2026-07-08 22:35:00-04:00,33243,DEACTIVATED_CLOSE_THROUGH,33242
IFVG2-001941,1,bearish,2026-07-08 22:35:00-04:00,False,33244,2026-07-08 22:37:00-04:00,33245,DEACTIVATED_OVERSHOOT_LIMIT,33244
IFVG2-001942,1,bearish,2026-07-08 22:48:00-04:00,False,33256,2026-07-08 22:49:00-04:00,33257,DEACTIVATED_OVERSHOOT_LIMIT,33256
IFVG2-001943,1,bearish,2026-07-08 23:00:00-04:00,False,33269,2026-07-08 23:02:00-04:00,33270,DEACTIVATED_OVERSHOOT_LIMIT,33269
IFVG2-001944,1,bullish,2026-07-08 23:29:00-04:00,False,33352,2026-07-09 00:25:00-04:00,33353,DEACTIVATED_CLOSE_THROUGH,33352
IFVG2-001945,1,bullish,2026-07-08 23:33:00-04:00,False,33301,2026-07-08 23:34:00-04:00,33302,DEACTIVATED_CLOSE_THROUGH,33301
IFVG2-001946,1,bearish,2026-07-09 00:06:00-04:00,False,33336,2026-07-09 00:09:00-04:00,33337,DEACTIVATED_OVERSHOOT_LIMIT,33336
IFVG2-001947,1,bearish,2026-07-09 00:25:00-04:00,False,33355,2026-07-09 00:28:00-04:00,33356,DEACTIVATED_OVERSHOOT_LIMIT,33355
IFVG2-001948,1,bullish,2026-07-09 00:30:00-04:00,False,33419,2026-07-09 01:32:00-04:00,33420,DEACTIVATED_CLOSE_THROUGH,33419
IFVG2-001949,1,bullish,2026-07-09 00:30:00-04:00,False,33419,2026-07-09 01:32:00-04:00,33420,DEACTIVATED_OVERSHOOT_LIMIT,33419
IFVG2-001950,1,bullish,2026-07-09 00:31:00-04:00,False,33417,2026-07-09 01:30:00-04:00,33418,DEACTIVATED_CLOSE_THROUGH,33417
IFVG2-001951,1,bullish,2026-07-09 00:32:00-04:00,False,33360,2026-07-09 00:33:00-04:00,33361,DEACTIVATED_OVERSHOOT_LIMIT,33360
IFVG2-001952,1,bullish,2026-07-09 01:11:00-04:00,False,33405,2026-07-09 01:18:00-04:00,33406,DEACTIVATED_CLOSE_THROUGH,33405
IFVG2-001953,1,bearish,2026-07-09 01:22:00-04:00,False,33422,2026-07-09 01:35:00-04:00,33423,DEACTIVATED_OVERSHOOT_LIMIT,33422
IFVG2-001954,1,bearish,2026-07-09 01:30:00-04:00,False,33421,2026-07-09 01:34:00-04:00,33422,DEACTIVATED_CLOSE_THROUGH,33421
IFVG2-001955,1,bullish,2026-07-09 01:33:00-04:00,False,33900,2026-07-09 09:33:00-04:00,33901,EXPIRED_UNTOUCHED_8H,33900
IFVG2-001956,1,bullish,2026-07-09 01:34:00-04:00,False,33901,2026-07-09 09:34:00-04:00,33902,EXPIRED_ACTIVE_8H,33901
IFVG2-001957,1,bullish,2026-07-09 02:08:00-04:00,False,33739,2026-07-09 06:52:00-04:00,33740,DEACTIVATED_CLOSE_THROUGH,33739
IFVG2-001958,1,bearish,2026-07-09 03:29:00-04:00,False,33539,2026-07-09 03:32:00-04:00,33540,DEACTIVATED_OVERSHOOT_LIMIT,33539
IFVG2-001959,1,bearish,2026-07-09 03:57:00-04:00,False,33566,2026-07-09 03:59:00-04:00,33567,DEACTIVATED_OVERSHOOT_LIMIT,33566
IFVG2-001960,1,bearish,2026-07-09 04:18:00-04:00,False,33818,2026-07-09 08:11:00-04:00,33819,DEACTIVATED_OVERSHOOT_LIMIT,33818
IFVG2-001961,1,bearish,2026-07-09 04:32:00-04:00,False,33797,2026-07-09 07:50:00-04:00,33798,DEACTIVATED_CLOSE_THROUGH,33797
IFVG2-001962,1,bearish,2026-07-09 04:34:00-04:00,False,33790,2026-07-09 07:43:00-04:00,33791,DEACTIVATED_CLOSE_THROUGH,33790
IFVG2-001963,1,bearish,2026-07-09 04:46:00-04:00,False,33618,2026-07-09 04:51:00-04:00,33619,DEACTIVATED_OVERSHOOT_LIMIT,33618
IFVG2-001964,1,bearish,2026-07-09 04:46:00-04:00,False,33623,2026-07-09 04:56:00-04:00,33624,DEACTIVATED_OVERSHOOT_LIMIT,33623
IFVG2-001965,1,bullish,2026-07-09 04:52:00-04:00,False,33624,2026-07-09 04:57:00-04:00,33625,DEACTIVATED_CLOSE_THROUGH,33624
IFVG2-001966,1,bullish,2026-07-09 05:18:00-04:00,False,33652,2026-07-09 05:25:00-04:00,33653,DEACTIVATED_OVERSHOOT_LIMIT,33652
IFVG2-001967,1,bullish,2026-07-09 05:39:00-04:00,False,33668,2026-07-09 05:41:00-04:00,33669,DEACTIVATED_CLOSE_THROUGH,33668
IFVG2-001968,1,bearish,2026-07-09 06:13:00-04:00,False,33701,2026-07-09 06:14:00-04:00,33702,DEACTIVATED_CLOSE_THROUGH,33701
IFVG2-001969,1,bearish,2026-07-09 06:24:00-04:00,False,33723,2026-07-09 06:36:00-04:00,33724,DEACTIVATED_CLOSE_THROUGH,33723
IFVG2-001970,1,bearish,2026-07-09 06:24:00-04:00,False,33779,2026-07-09 07:32:00-04:00,33780,DEACTIVATED_CLOSE_THROUGH,33779
IFVG2-001971,1,bearish,2026-07-09 06:30:00-04:00,False,33722,2026-07-09 06:35:00-04:00,33723,DEACTIVATED_CLOSE_THROUGH,33722
IFVG2-001972,1,bearish,2026-07-09 06:46:00-04:00,False,33749,2026-07-09 07:02:00-04:00,33750,DEACTIVATED_OVERSHOOT_LIMIT,33749
IFVG2-001973,1,bearish,2026-07-09 07:07:00-04:00,False,33758,2026-07-09 07:11:00-04:00,33759,DEACTIVATED_CLOSE_THROUGH,33758
IFVG2-001974,1,bullish,2026-07-09 07:11:00-04:00,False,34238,2026-07-09 15:11:00-04:00,34239,EXPIRED_ACTIVE_8H,34238
IFVG2-001975,1,bullish,2026-07-09 07:50:00-04:00,False,33802,2026-07-09 07:55:00-04:00,33803,DEACTIVATED_OVERSHOOT_LIMIT,33802
IFVG2-001976,1,bearish,2026-07-09 09:03:00-04:00,False,33872,2026-07-09 09:05:00-04:00,33873,DEACTIVATED_OVERSHOOT_LIMIT,33872
IFVG2-001977,1,bearish,2026-07-09 09:15:00-04:00,False,33884,2026-07-09 09:17:00-04:00,33885,DEACTIVATED_CLOSE_THROUGH,33884
IFVG2-001978,1,bearish,2026-07-09 09:30:00-04:00,False,33898,2026-07-09 09:31:00-04:00,33899,DEACTIVATED_OVERSHOOT_LIMIT,33898
IFVG2-001979,1,bullish,2026-07-09 09:34:00-04:00,False,33902,2026-07-09 09:35:00-04:00,33903,DEACTIVATED_OVERSHOOT_LIMIT,33902
IFVG2-001980,1,bullish,2026-07-09 09:34:00-04:00,False,33942,2026-07-09 10:15:00-04:00,33943,DEACTIVATED_CLOSE_THROUGH,33942
IFVG2-001981,1,bullish,2026-07-09 09:34:00-04:00,False,33942,2026-07-09 10:15:00-04:00,33943,DEACTIVATED_CLOSE_THROUGH,33942
IFVG2-001982,1,bearish,2026-07-09 09:40:00-04:00,False,33909,2026-07-09 09:42:00-04:00,33910,DEACTIVATED_CLOSE_THROUGH,33909
IFVG2-001983,1,bearish,2026-07-09 10:15:00-04:00,False,33955,2026-07-09 10:28:00-04:00,33956,DEACTIVATED_CLOSE_THROUGH,33955
IFVG2-001984,1,bearish,2026-07-09 10:44:00-04:00,False,33973,2026-07-09 10:46:00-04:00,33974,DEACTIVATED_CLOSE_THROUGH,33973
IFVG2-001985,1,bullish,2026-07-09 10:54:00-04:00,False,34401,2026-07-09 18:54:00-04:00,34402,EXPIRED_ACTIVE_8H,34401
IFVG2-001986,1,bullish,2026-07-09 11:06:00-04:00,False,33995,2026-07-09 11:08:00-04:00,33996,DEACTIVATED_OVERSHOOT_LIMIT,33995
IFVG2-001987,1,bullish,2026-07-09 11:22:00-04:00,False,34429,2026-07-09 19:22:00-04:00,34430,EXPIRED_ACTIVE_8H,34429
IFVG2-001988,1,bullish,2026-07-09 11:50:00-04:00,False,34042,2026-07-09 11:55:00-04:00,34043,DEACTIVATED_CLOSE_THROUGH,34042
IFVG2-001989,1,bullish,2026-07-09 12:40:00-04:00,False,34474,2026-07-09 20:07:00-04:00,34475,DEACTIVATED_CLOSE_THROUGH,34474
IFVG2-001990,1,bullish,2026-07-09 12:51:00-04:00,False,34099,2026-07-09 12:52:00-04:00,34100,DEACTIVATED_OVERSHOOT_LIMIT,34099
IFVG2-001991,1,bearish,2026-07-09 13:38:00-04:00,False,34150,2026-07-09 13:43:00-04:00,34151,DEACTIVATED_OVERSHOOT_LIMIT,34150
IFVG2-001992,1,bearish,2026-07-09 13:50:00-04:00,False,34158,2026-07-09 13:51:00-04:00,34159,DEACTIVATED_OVERSHOOT_LIMIT,34158
IFVG2-001993,1,bearish,2026-07-09 14:55:00-04:00,False,34226,2026-07-09 14:59:00-04:00,34227,DEACTIVATED_OVERSHOOT_LIMIT,34226
IFVG2-001994,1,bearish,2026-07-09 15:00:00-04:00,False,34245,2026-07-09 15:18:00-04:00,34246,DEACTIVATED_CLOSE_THROUGH,34245
IFVG2-001995,1,bearish,2026-07-09 15:25:00-04:00,False,34254,2026-07-09 15:27:00-04:00,34255,DEACTIVATED_OVERSHOOT_LIMIT,34254
IFVG2-001996,1,bearish,2026-07-09 15:50:00-04:00,False,34278,2026-07-09 15:51:00-04:00,34279,DEACTIVATED_OVERSHOOT_LIMIT,34278
IFVG2-001997,1,bullish,2026-07-09 15:57:00-04:00,False,34285,2026-07-09 15:58:00-04:00,34286,DEACTIVATED_CLOSE_THROUGH,34285
IFVG2-001998,1,bearish,2026-07-09 16:24:00-04:00,False,34312,2026-07-09 16:25:00-04:00,34313,DEACTIVATED_OVERSHOOT_LIMIT,34312
IFVG2-001999,1,bearish,2026-07-09 16:35:00-04:00,False,34323,2026-07-09 16:36:00-04:00,34324,DEACTIVATED_CLOSE_THROUGH,34323
IFVG2-002000,1,bullish,2026-07-09 18:49:00-04:00,False,34400,2026-07-09 18:53:00-04:00,34401,DEACTIVATED_CLOSE_THROUGH,34400
IFVG2-002001,1,bearish,2026-07-09 18:53:00-04:00,False,34401,2026-07-09 18:54:00-04:00,34402,DEACTIVATED_OVERSHOOT_LIMIT,34401
IFVG2-002002,1,bearish,2026-07-09 19:30:00-04:00,False,34439,2026-07-09 19:32:00-04:00,34440,DEACTIVATED_OVERSHOOT_LIMIT,34439
IFVG2-002003,1,bearish,2026-07-09 19:45:00-04:00,False,34459,2026-07-09 19:52:00-04:00,34460,DEACTIVATED_CLOSE_THROUGH,34459
IFVG2-002004,1,bearish,2026-07-09 20:01:00-04:00,False,34637,2026-07-09 22:50:00-04:00,34638,DEACTIVATED_CLOSE_THROUGH,34637
IFVG2-002005,1,bearish,2026-07-09 20:07:00-04:00,False,34475,2026-07-09 20:08:00-04:00,34476,DEACTIVATED_OVERSHOOT_LIMIT,34475
IFVG2-002006,1,bullish,2026-07-09 20:59:00-04:00,False,34528,2026-07-09 21:01:00-04:00,34529,DEACTIVATED_CLOSE_THROUGH,34528
IFVG2-002007,1,bearish,2026-07-09 21:03:00-04:00,False,34544,2026-07-09 21:17:00-04:00,34545,DEACTIVATED_CLOSE_THROUGH,34544
IFVG2-002008,1,bearish,2026-07-09 21:04:00-04:00,False,34534,2026-07-09 21:07:00-04:00,34535,DEACTIVATED_CLOSE_THROUGH,34534
IFVG2-002009,1,bearish,2026-07-09 21:04:00-04:00,False,34535,2026-07-09 21:08:00-04:00,34536,DEACTIVATED_OVERSHOOT_LIMIT,34535
IFVG2-002010,1,bearish,2026-07-09 21:05:00-04:00,False,34533,2026-07-09 21:06:00-04:00,34534,DEACTIVATED_CLOSE_THROUGH,34533
IFVG2-002011,1,bearish,2026-07-09 21:09:00-04:00,False,34538,2026-07-09 21:11:00-04:00,34539,DEACTIVATED_CLOSE_THROUGH,34538
IFVG2-002012,1,bullish,2026-07-09 21:19:00-04:00,False,34823,2026-07-10 01:56:00-04:00,34824,DEACTIVATED_OVERSHOOT_LIMIT,34823
IFVG2-002013,1,bearish,2026-07-09 21:26:00-04:00,False,34557,2026-07-09 21:30:00-04:00,34558,DEACTIVATED_CLOSE_THROUGH,34557
IFVG2-002014,1,bearish,2026-07-09 21:59:00-04:00,False,34626,2026-07-09 22:39:00-04:00,34627,DEACTIVATED_CLOSE_THROUGH,34626
IFVG2-002015,1,bearish,2026-07-09 22:00:00-04:00,False,34594,2026-07-09 22:07:00-04:00,34595,DEACTIVATED_CLOSE_THROUGH,34594
IFVG2-002016,1,bullish,2026-07-09 22:07:00-04:00,False,34600,2026-07-09 22:13:00-04:00,34601,DEACTIVATED_CLOSE_THROUGH,34600
IFVG2-002017,1,bullish,2026-07-09 22:19:00-04:00,False,34608,2026-07-09 22:21:00-04:00,34609,DEACTIVATED_CLOSE_THROUGH,34608
IFVG2-002018,1,bearish,2026-07-09 23:24:00-04:00,False,34707,2026-07-10 00:00:00-04:00,34708,DEACTIVATED_OVERSHOOT_LIMIT,34707
IFVG2-002019,1,bearish,2026-07-09 23:24:00-04:00,False,34711,2026-07-10 00:04:00-04:00,34712,DEACTIVATED_CLOSE_THROUGH,34711
IFVG2-002020,1,bearish,2026-07-09 23:41:00-04:00,False,34689,2026-07-09 23:42:00-04:00,34690,DEACTIVATED_OVERSHOOT_LIMIT,34689
IFVG2-002021,1,bearish,2026-07-10 00:50:00-04:00,False,35237,2026-07-10 08:50:00-04:00,35238,EXPIRED_UNTOUCHED_8H,35237
IFVG2-002022,1,bearish,2026-07-10 00:51:00-04:00,False,35238,2026-07-10 08:51:00-04:00,35239,EXPIRED_ACTIVE_8H,35238
IFVG2-002023,1,bearish,2026-07-10 00:56:00-04:00,False,34782,2026-07-10 01:15:00-04:00,34783,DEACTIVATED_CLOSE_THROUGH,34782
IFVG2-002024,1,bearish,2026-07-10 01:08:00-04:00,False,34777,2026-07-10 01:10:00-04:00,34778,DEACTIVATED_CLOSE_THROUGH,34777
IFVG2-002025,1,bearish,2026-07-10 01:08:00-04:00,False,34777,2026-07-10 01:10:00-04:00,34778,DEACTIVATED_CLOSE_THROUGH,34777
IFVG2-002026,1,bearish,2026-07-10 01:30:00-04:00,False,34798,2026-07-10 01:31:00-04:00,34799,DEACTIVATED_CLOSE_THROUGH,34798
IFVG2-002027,1,bullish,2026-07-10 02:08:00-04:00,False,34836,2026-07-10 02:09:00-04:00,34837,DEACTIVATED_CLOSE_THROUGH,34836
IFVG2-002028,1,bullish,2026-07-10 02:30:00-04:00,False,34865,2026-07-10 02:38:00-04:00,34866,DEACTIVATED_CLOSE_THROUGH,34865
IFVG2-002029,1,bullish,2026-07-10 03:17:00-04:00,False,34905,2026-07-10 03:18:00-04:00,34906,DEACTIVATED_OVERSHOOT_LIMIT,34905
IFVG2-002030,1,bullish,2026-07-10 03:24:00-04:00,False,34914,2026-07-10 03:27:00-04:00,34915,DEACTIVATED_CLOSE_THROUGH,34914
IFVG2-002031,1,bullish,2026-07-10 04:07:00-04:00,False,35008,2026-07-10 05:01:00-04:00,35009,DEACTIVATED_CLOSE_THROUGH,35008
IFVG2-002032,1,bullish,2026-07-10 04:15:00-04:00,False,34963,2026-07-10 04:16:00-04:00,34964,DEACTIVATED_CLOSE_THROUGH,34963
IFVG2-002033,1,bearish,2026-07-10 04:18:00-04:00,False,34996,2026-07-10 04:49:00-04:00,34997,DEACTIVATED_OVERSHOOT_LIMIT,34996
IFVG2-002034,1,bearish,2026-07-10 04:21:00-04:00,False,34986,2026-07-10 04:39:00-04:00,34987,DEACTIVATED_OVERSHOOT_LIMIT,34986
IFVG2-002035,1,bearish,2026-07-10 04:22:00-04:00,False,34972,2026-07-10 04:25:00-04:00,34973,DEACTIVATED_CLOSE_THROUGH,34972
IFVG2-002036,1,bullish,2026-07-10 04:38:00-04:00,False,34987,2026-07-10 04:40:00-04:00,34988,DEACTIVATED_CLOSE_THROUGH,34987
IFVG2-002037,1,bullish,2026-07-10 04:44:00-04:00,False,35008,2026-07-10 05:01:00-04:00,35009,DEACTIVATED_CLOSE_THROUGH,35008
IFVG2-002038,1,bearish,2026-07-10 05:36:00-04:00,False,35045,2026-07-10 05:38:00-04:00,35046,DEACTIVATED_CLOSE_THROUGH,35045
IFVG2-002039,1,bearish,2026-07-10 05:48:00-04:00,False,35064,2026-07-10 05:57:00-04:00,35065,DEACTIVATED_CLOSE_THROUGH,35064
IFVG2-002040,1,bearish,2026-07-10 07:25:00-04:00,False,35278,2026-07-10 09:31:00-04:00,35279,DEACTIVATED_OVERSHOOT_LIMIT,35278
IFVG2-002041,1,bearish,2026-07-10 07:30:00-04:00,False,35200,2026-07-10 08:13:00-04:00,35201,DEACTIVATED_CLOSE_THROUGH,35200
IFVG2-002042,1,bullish,2026-07-10 08:13:00-04:00,False,35201,2026-07-10 08:14:00-04:00,35202,DEACTIVATED_CLOSE_THROUGH,35201
IFVG2-002043,1,bullish,2026-07-10 08:13:00-04:00,False,35201,2026-07-10 08:14:00-04:00,35202,DEACTIVATED_OVERSHOOT_LIMIT,35201
IFVG2-002044,1,bullish,2026-07-10 08:39:00-04:00,False,35228,2026-07-10 08:41:00-04:00,35229,DEACTIVATED_OVERSHOOT_LIMIT,35228
IFVG2-002045,1,bullish,2026-07-10 09:30:00-04:00,False,35287,2026-07-10 09:40:00-04:00,35288,DEACTIVATED_CLOSE_THROUGH,35287
IFVG2-002046,1,bearish,2026-07-10 09:40:00-04:00,False,35289,2026-07-10 09:42:00-04:00,35290,DEACTIVATED_CLOSE_THROUGH,35289
IFVG2-002047,1,bullish,2026-07-10 09:46:00-04:00,False,35328,2026-07-10 10:21:00-04:00,35329,DEACTIVATED_CLOSE_THROUGH,35328
IFVG2-002048,1,bullish,2026-07-10 09:58:00-04:00,False,35306,2026-07-10 09:59:00-04:00,35307,DEACTIVATED_CLOSE_THROUGH,35306
IFVG2-002049,1,bullish,2026-07-10 10:27:00-04:00,False,35336,2026-07-10 10:29:00-04:00,35337,DEACTIVATED_CLOSE_THROUGH,35336
IFVG2-002050,1,bearish,2026-07-10 10:32:00-04:00,False,35383,2026-07-10 11:16:00-04:00,35384,DEACTIVATED_CLOSE_THROUGH,35383
IFVG2-002051,1,bullish,2026-07-10 11:08:00-04:00,False,35727,2026-07-12 18:00:00-04:00,35728,EXPIRED_ACTIVE_8H,35727
IFVG2-002052,1,bullish,2026-07-10 11:10:00-04:00,False,35378,2026-07-10 11:11:00-04:00,35379,DEACTIVATED_OVERSHOOT_LIMIT,35378
IFVG2-002053,1,bullish,2026-07-10 11:20:00-04:00,False,35389,2026-07-10 11:22:00-04:00,35390,DEACTIVATED_OVERSHOOT_LIMIT,35389
IFVG2-002054,1,bullish,2026-07-10 11:59:00-04:00,False,35727,2026-07-12 18:00:00-04:00,35728,EXPIRED_ACTIVE_8H,35727
IFVG2-002055,1,bullish,2026-07-10 12:40:00-04:00,False,35471,2026-07-10 12:44:00-04:00,35472,DEACTIVATED_OVERSHOOT_LIMIT,35471
IFVG2-002056,1,bearish,2026-07-10 13:01:00-04:00,False,35495,2026-07-10 13:08:00-04:00,35496,DEACTIVATED_OVERSHOOT_LIMIT,35495
IFVG2-002057,1,bullish,2026-07-10 13:06:00-04:00,False,35494,2026-07-10 13:07:00-04:00,35495,DEACTIVATED_OVERSHOOT_LIMIT,35494
IFVG2-002058,1,bearish,2026-07-10 13:57:00-04:00,False,35548,2026-07-10 14:01:00-04:00,35549,DEACTIVATED_OVERSHOOT_LIMIT,35548
IFVG2-002059,1,bearish,2026-07-10 13:58:00-04:00,False,35547,2026-07-10 14:00:00-04:00,35548,DEACTIVATED_CLOSE_THROUGH,35547
IFVG2-002060,1,bullish,2026-07-10 14:00:00-04:00,False,35551,2026-07-10 14:04:00-04:00,35552,DEACTIVATED_OVERSHOOT_LIMIT,35551
IFVG2-002061,1,bullish,2026-07-10 14:40:00-04:00,False,35589,2026-07-10 14:42:00-04:00,35590,DEACTIVATED_OVERSHOOT_LIMIT,35589
IFVG2-002062,1,bullish,2026-07-10 15:14:00-04:00,False,35622,2026-07-10 15:15:00-04:00,35623,DEACTIVATED_CLOSE_THROUGH,35622
IFVG2-002063,1,bearish,2026-07-10 16:03:00-04:00,False,35671,2026-07-10 16:04:00-04:00,35672,DEACTIVATED_CLOSE_THROUGH,35671
IFVG2-002064,1,bearish,2026-07-12 18:00:00-04:00,False,35857,2026-07-12 20:10:00-04:00,35858,DEACTIVATED_CLOSE_THROUGH,35857
IFVG2-002065,1,bearish,2026-07-12 19:00:00-04:00,False,35848,2026-07-12 20:01:00-04:00,35849,DEACTIVATED_OVERSHOOT_LIMIT,35848
IFVG2-002066,1,bullish,2026-07-12 19:51:00-04:00,False,35839,2026-07-12 19:52:00-04:00,35840,DEACTIVATED_CLOSE_THROUGH,35839
IFVG2-002067,1,bullish,2026-07-12 20:02:00-04:00,False,35880,2026-07-12 20:33:00-04:00,35881,DEACTIVATED_CLOSE_THROUGH,35880
IFVG2-002068,1,bearish,2026-07-12 20:34:00-04:00,False,36361,2026-07-13 04:34:00-04:00,36362,EXPIRED_ACTIVE_8H,36361
IFVG2-002069,1,bullish,2026-07-12 21:29:00-04:00,False,35937,2026-07-12 21:30:00-04:00,35938,DEACTIVATED_CLOSE_THROUGH,35937
IFVG2-002070,1,bullish,2026-07-12 21:36:00-04:00,False,35949,2026-07-12 21:42:00-04:00,35950,DEACTIVATED_CLOSE_THROUGH,35949
IFVG2-002071,1,bearish,2026-07-12 22:31:00-04:00,False,36000,2026-07-12 22:33:00-04:00,36001,DEACTIVATED_OVERSHOOT_LIMIT,36000
IFVG2-002072,1,bearish,2026-07-12 22:51:00-04:00,False,36412,2026-07-13 05:25:00-04:00,36413,DEACTIVATED_CLOSE_THROUGH,36412
IFVG2-002073,1,bullish,2026-07-12 23:38:00-04:00,False,36066,2026-07-12 23:39:00-04:00,36067,DEACTIVATED_CLOSE_THROUGH,36066
IFVG2-002074,1,bullish,2026-07-12 23:49:00-04:00,False,36078,2026-07-12 23:51:00-04:00,36079,DEACTIVATED_CLOSE_THROUGH,36078
IFVG2-002075,1,bullish,2026-07-13 00:28:00-04:00,False,36116,2026-07-13 00:29:00-04:00,36117,DEACTIVATED_OVERSHOOT_LIMIT,36116
IFVG2-002076,1,bullish,2026-07-13 00:38:00-04:00,False,36126,2026-07-13 00:39:00-04:00,36127,DEACTIVATED_OVERSHOOT_LIMIT,36126
IFVG2-002077,1,bearish,2026-07-13 01:15:00-04:00,False,36291,2026-07-13 03:24:00-04:00,36292,DEACTIVATED_CLOSE_THROUGH,36291
IFVG2-002078,1,bearish,2026-07-13 01:16:00-04:00,False,36165,2026-07-13 01:18:00-04:00,36166,DEACTIVATED_OVERSHOOT_LIMIT,36165
IFVG2-002079,1,bearish,2026-07-13 01:16:00-04:00,False,36188,2026-07-13 01:41:00-04:00,36189,DEACTIVATED_CLOSE_THROUGH,36188
IFVG2-002080,1,bearish,2026-07-13 01:19:00-04:00,False,36186,2026-07-13 01:39:00-04:00,36187,DEACTIVATED_CLOSE_THROUGH,36186
IFVG2-002081,1,bullish,2026-07-13 01:34:00-04:00,False,36218,2026-07-13 02:11:00-04:00,36219,DEACTIVATED_CLOSE_THROUGH,36218
IFVG2-002082,1,bullish,2026-07-13 01:35:00-04:00,False,36195,2026-07-13 01:48:00-04:00,36196,DEACTIVATED_CLOSE_THROUGH,36195
IFVG2-002083,1,bullish,2026-07-13 01:49:00-04:00,False,36202,2026-07-13 01:55:00-04:00,36203,DEACTIVATED_OVERSHOOT_LIMIT,36202
IFVG2-002084,1,bearish,2026-07-13 02:03:00-04:00,False,36212,2026-07-13 02:05:00-04:00,36213,DEACTIVATED_OVERSHOOT_LIMIT,36212
IFVG2-002085,1,bearish,2026-07-13 02:12:00-04:00,False,36232,2026-07-13 02:25:00-04:00,36233,DEACTIVATED_CLOSE_THROUGH,36232
IFVG2-002086,1,bullish,2026-07-13 02:20:00-04:00,False,36228,2026-07-13 02:21:00-04:00,36229,DEACTIVATED_OVERSHOOT_LIMIT,36228
IFVG2-002087,1,bullish,2026-07-13 02:25:00-04:00,False,36234,2026-07-13 02:27:00-04:00,36235,DEACTIVATED_CLOSE_THROUGH,36234
IFVG2-002088,1,bearish,2026-07-13 02:27:00-04:00,False,36235,2026-07-13 02:28:00-04:00,36236,DEACTIVATED_CLOSE_THROUGH,36235
IFVG2-002089,1,bearish,2026-07-13 02:32:00-04:00,False,36249,2026-07-13 02:42:00-04:00,36250,DEACTIVATED_CLOSE_THROUGH,36249
IFVG2-002090,1,bearish,2026-07-13 03:17:00-04:00,False,36288,2026-07-13 03:21:00-04:00,36289,DEACTIVATED_CLOSE_THROUGH,36288
IFVG2-002091,1,bullish,2026-07-13 03:22:00-04:00,False,36297,2026-07-13 03:30:00-04:00,36298,DEACTIVATED_CLOSE_THROUGH,36297
IFVG2-002092,1,bearish,2026-07-13 03:30:00-04:00,False,36304,2026-07-13 03:37:00-04:00,36305,DEACTIVATED_CLOSE_THROUGH,36304
IFVG2-002093,1,bearish,2026-07-13 03:30:00-04:00,False,36307,2026-07-13 03:40:00-04:00,36308,DEACTIVATED_OVERSHOOT_LIMIT,36307
IFVG2-002094,1,bearish,2026-07-13 03:33:00-04:00,False,36303,2026-07-13 03:36:00-04:00,36304,DEACTIVATED_OVERSHOOT_LIMIT,36303
IFVG2-002095,1,bullish,2026-07-13 04:16:00-04:00,False,36364,2026-07-13 04:37:00-04:00,36365,DEACTIVATED_CLOSE_THROUGH,36364
IFVG2-002096,1,bearish,2026-07-13 04:36:00-04:00,False,36366,2026-07-13 04:39:00-04:00,36367,DEACTIVATED_CLOSE_THROUGH,36366
IFVG2-002097,1,bullish,2026-07-13 04:39:00-04:00,False,36579,2026-07-13 08:12:00-04:00,36580,DEACTIVATED_OVERSHOOT_LIMIT,36579
IFVG2-002098,1,bearish,2026-07-13 04:54:00-04:00,False,36384,2026-07-13 04:57:00-04:00,36385,DEACTIVATED_OVERSHOOT_LIMIT,36384
IFVG2-002099,1,bearish,2026-07-13 04:58:00-04:00,False,36386,2026-07-13 04:59:00-04:00,36387,DEACTIVATED_CLOSE_THROUGH,36386
IFVG2-002100,1,bearish,2026-07-13 06:41:00-04:00,False,36495,2026-07-13 06:48:00-04:00,36496,DEACTIVATED_CLOSE_THROUGH,36495
IFVG2-002101,1,bullish,2026-07-13 07:00:00-04:00,False,36517,2026-07-13 07:10:00-04:00,36518,DEACTIVATED_CLOSE_THROUGH,36517
IFVG2-002102,1,bullish,2026-07-13 07:13:00-04:00,False,36521,2026-07-13 07:14:00-04:00,36522,DEACTIVATED_OVERSHOOT_LIMIT,36521
IFVG2-002103,1,bullish,2026-07-13 07:21:00-04:00,False,36553,2026-07-13 07:46:00-04:00,36554,DEACTIVATED_CLOSE_THROUGH,36553
IFVG2-002104,1,bearish,2026-07-13 07:29:00-04:00,False,36537,2026-07-13 07:30:00-04:00,36538,DEACTIVATED_CLOSE_THROUGH,36537
IFVG2-002105,1,bullish,2026-07-13 07:34:00-04:00,False,36543,2026-07-13 07:36:00-04:00,36544,DEACTIVATED_CLOSE_THROUGH,36543
IFVG2-002106,1,bearish,2026-07-13 07:46:00-04:00,False,37033,2026-07-13 15:46:00-04:00,37034,EXPIRED_ACTIVE_8H,37033
IFVG2-002107,1,bearish,2026-07-13 08:11:00-04:00,False,36580,2026-07-13 08:13:00-04:00,36581,DEACTIVATED_CLOSE_THROUGH,36580
IFVG2-002108,1,bullish,2026-07-13 08:40:00-04:00,False,36608,2026-07-13 08:41:00-04:00,36609,DEACTIVATED_OVERSHOOT_LIMIT,36608
IFVG2-002109,1,bearish,2026-07-13 09:19:00-04:00,False,36649,2026-07-13 09:22:00-04:00,36650,DEACTIVATED_OVERSHOOT_LIMIT,36649
IFVG2-002110,1,bearish,2026-07-13 09:19:00-04:00,False,36652,2026-07-13 09:25:00-04:00,36653,DEACTIVATED_CLOSE_THROUGH,36652
IFVG2-002111,1,bearish,2026-07-13 09:40:00-04:00,False,36686,2026-07-13 09:59:00-04:00,36687,DEACTIVATED_CLOSE_THROUGH,36686
IFVG2-002112,1,bullish,2026-07-13 09:59:00-04:00,False,36689,2026-07-13 10:02:00-04:00,36690,DEACTIVATED_CLOSE_THROUGH,36689
IFVG2-002113,1,bearish,2026-07-13 10:02:00-04:00,False,36690,2026-07-13 10:03:00-04:00,36691,DEACTIVATED_OVERSHOOT_LIMIT,36690
IFVG2-002114,1,bearish,2026-07-13 10:16:00-04:00,False,36706,2026-07-13 10:19:00-04:00,36707,DEACTIVATED_OVERSHOOT_LIMIT,36706
IFVG2-002115,1,bullish,2026-07-13 10:30:00-04:00,False,36723,2026-07-13 10:36:00-04:00,36724,DEACTIVATED_CLOSE_THROUGH,36723
IFVG2-002116,1,bearish,2026-07-13 10:36:00-04:00,False,36746,2026-07-13 10:59:00-04:00,36747,DEACTIVATED_CLOSE_THROUGH,36746
IFVG2-002117,1,bearish,2026-07-13 10:52:00-04:00,False,36743,2026-07-13 10:56:00-04:00,36744,DEACTIVATED_CLOSE_THROUGH,36743
IFVG2-002118,1,bearish,2026-07-13 11:08:00-04:00,False,36770,2026-07-13 11:23:00-04:00,36771,DEACTIVATED_CLOSE_THROUGH,36770
IFVG2-002119,1,bullish,2026-07-13 11:37:00-04:00,False,36786,2026-07-13 11:39:00-04:00,36787,DEACTIVATED_OVERSHOOT_LIMIT,36786
IFVG2-002120,1,bearish,2026-07-13 11:43:00-04:00,False,37210,2026-07-13 19:43:00-04:00,37211,EXPIRED_ACTIVE_8H,37210
IFVG2-002121,1,bullish,2026-07-13 12:07:00-04:00,False,36821,2026-07-13 12:14:00-04:00,36822,DEACTIVATED_OVERSHOOT_LIMIT,36821
IFVG2-002122,1,bullish,2026-07-13 12:39:00-04:00,False,36857,2026-07-13 12:50:00-04:00,36858,DEACTIVATED_CLOSE_THROUGH,36857
IFVG2-002123,1,bullish,2026-07-13 12:57:00-04:00,False,36865,2026-07-13 12:58:00-04:00,36866,DEACTIVATED_OVERSHOOT_LIMIT,36865
IFVG2-002124,1,bearish,2026-07-13 13:25:00-04:00,False,36894,2026-07-13 13:27:00-04:00,36895,DEACTIVATED_OVERSHOOT_LIMIT,36894
IFVG2-002125,1,bullish,2026-07-13 13:30:00-04:00,False,36898,2026-07-13 13:31:00-04:00,36899,DEACTIVATED_CLOSE_THROUGH,36898
IFVG2-002126,1,bullish,2026-07-13 14:00:00-04:00,False,36937,2026-07-13 14:10:00-04:00,36938,DEACTIVATED_CLOSE_THROUGH,36937
IFVG2-002127,1,bullish,2026-07-13 14:13:00-04:00,False,36945,2026-07-13 14:18:00-04:00,36946,DEACTIVATED_CLOSE_THROUGH,36945
IFVG2-002128,1,bullish,2026-07-13 15:42:00-04:00,False,37063,2026-07-13 16:16:00-04:00,37064,DEACTIVATED_OVERSHOOT_LIMIT,37063
IFVG2-002129,1,bullish,2026-07-13 15:50:00-04:00,False,37040,2026-07-13 15:53:00-04:00,37041,DEACTIVATED_OVERSHOOT_LIMIT,37040
IFVG2-002130,1,bullish,2026-07-13 15:57:00-04:00,False,37046,2026-07-13 15:59:00-04:00,37047,DEACTIVATED_CLOSE_THROUGH,37046
IFVG2-002131,1,bullish,2026-07-13 16:12:00-04:00,False,37060,2026-07-13 16:13:00-04:00,37061,DEACTIVATED_CLOSE_THROUGH,37060
IFVG2-002132,1,bearish,2026-07-13 16:15:00-04:00,False,37067,2026-07-13 16:20:00-04:00,37068,DEACTIVATED_CLOSE_THROUGH,37067
IFVG2-002133,1,bearish,2026-07-13 16:15:00-04:00,False,37072,2026-07-13 16:25:00-04:00,37073,DEACTIVATED_OVERSHOOT_LIMIT,37072
IFVG2-002134,1,bullish,2026-07-13 16:52:00-04:00,False,37159,2026-07-13 18:52:00-04:00,37160,DEACTIVATED_OVERSHOOT_LIMIT,37159
IFVG2-002135,1,bullish,2026-07-13 18:05:00-04:00,False,37117,2026-07-13 18:10:00-04:00,37118,DEACTIVATED_OVERSHOOT_LIMIT,37117
IFVG2-002136,1,bearish,2026-07-13 18:50:00-04:00,False,37228,2026-07-13 20:01:00-04:00,37229,DEACTIVATED_OVERSHOOT_LIMIT,37228
IFVG2-002137,1,bullish,2026-07-13 19:35:00-04:00,False,37204,2026-07-13 19:37:00-04:00,37205,DEACTIVATED_OVERSHOOT_LIMIT,37204
IFVG2-002138,1,bullish,2026-07-13 19:58:00-04:00,False,37227,2026-07-13 20:00:00-04:00,37228,DEACTIVATED_OVERSHOOT_LIMIT,37227
IFVG2-002139,1,bullish,2026-07-13 19:59:00-04:00,False,37227,2026-07-13 20:00:00-04:00,37228,DEACTIVATED_OVERSHOOT_LIMIT,37227
IFVG2-002140,1,bearish,2026-07-13 20:03:00-04:00,False,37237,2026-07-13 20:10:00-04:00,37238,DEACTIVATED_CLOSE_THROUGH,37237
IFVG2-002141,1,bearish,2026-07-13 20:04:00-04:00,False,37232,2026-07-13 20:05:00-04:00,37233,DEACTIVATED_OVERSHOOT_LIMIT,37232
IFVG2-002142,1,bullish,2026-07-13 20:10:00-04:00,False,37238,2026-07-13 20:11:00-04:00,37239,DEACTIVATED_OVERSHOOT_LIMIT,37238
IFVG2-002143,1,bullish,2026-07-13 20:10:00-04:00,False,37247,2026-07-13 20:20:00-04:00,37248,DEACTIVATED_OVERSHOOT_LIMIT,37247
IFVG2-002144,1,bullish,2026-07-13 20:10:00-04:00,False,37247,2026-07-13 20:20:00-04:00,37248,DEACTIVATED_OVERSHOOT_LIMIT,37247
IFVG2-002145,1,bullish,2026-07-13 20:33:00-04:00,False,37269,2026-07-13 20:42:00-04:00,37270,DEACTIVATED_OVERSHOOT_LIMIT,37269
IFVG2-002146,1,bearish,2026-07-13 21:12:00-04:00,False,37302,2026-07-13 21:15:00-04:00,37303,DEACTIVATED_OVERSHOOT_LIMIT,37302
IFVG2-002147,1,bearish,2026-07-13 21:28:00-04:00,False,37317,2026-07-13 21:30:00-04:00,37318,DEACTIVATED_OVERSHOOT_LIMIT,37317
IFVG2-002148,1,bullish,2026-07-13 22:37:00-04:00,False,37407,2026-07-13 23:00:00-04:00,37408,DEACTIVATED_CLOSE_THROUGH,37407
IFVG2-002149,1,bearish,2026-07-13 22:52:00-04:00,False,37460,2026-07-13 23:53:00-04:00,37461,DEACTIVATED_OVERSHOOT_LIMIT,37460
IFVG2-002150,1,bearish,2026-07-13 23:12:00-04:00,False,37436,2026-07-13 23:29:00-04:00,37437,DEACTIVATED_CLOSE_THROUGH,37436
IFVG2-002151,1,bullish,2026-07-13 23:23:00-04:00,False,37431,2026-07-13 23:24:00-04:00,37432,DEACTIVATED_CLOSE_THROUGH,37431
IFVG2-002152,1,bearish,2026-07-13 23:32:00-04:00,False,37454,2026-07-13 23:47:00-04:00,37455,DEACTIVATED_OVERSHOOT_LIMIT,37454
IFVG2-002153,1,bullish,2026-07-13 23:53:00-04:00,False,37476,2026-07-14 00:09:00-04:00,37477,DEACTIVATED_CLOSE_THROUGH,37476
IFVG2-002154,1,bearish,2026-07-14 00:08:00-04:00,False,37487,2026-07-14 00:20:00-04:00,37488,DEACTIVATED_CLOSE_THROUGH,37487
IFVG2-002155,1,bullish,2026-07-14 00:33:00-04:00,False,37980,2026-07-14 08:33:00-04:00,37981,EXPIRED_UNTOUCHED_8H,37980
IFVG2-002156,1,bullish,2026-07-14 00:38:00-04:00,False,37985,2026-07-14 08:38:00-04:00,37986,EXPIRED_ACTIVE_8H,37985
IFVG2-002157,1,bearish,2026-07-14 00:40:00-04:00,False,37508,2026-07-14 00:41:00-04:00,37509,DEACTIVATED_OVERSHOOT_LIMIT,37508
IFVG2-002158,1,bearish,2026-07-14 01:01:00-04:00,False,37529,2026-07-14 01:02:00-04:00,37530,DEACTIVATED_OVERSHOOT_LIMIT,37529
IFVG2-002159,1,bearish,2026-07-14 02:22:00-04:00,False,37744,2026-07-14 04:37:00-04:00,37745,DEACTIVATED_OVERSHOOT_LIMIT,37744
IFVG2-002160,1,bearish,2026-07-14 02:35:00-04:00,False,37734,2026-07-14 04:27:00-04:00,37735,DEACTIVATED_OVERSHOOT_LIMIT,37734
IFVG2-002161,1,bearish,2026-07-14 02:54:00-04:00,False,37651,2026-07-14 03:04:00-04:00,37652,DEACTIVATED_CLOSE_THROUGH,37651
IFVG2-002162,1,bearish,2026-07-14 03:00:00-04:00,False,37651,2026-07-14 03:04:00-04:00,37652,DEACTIVATED_CLOSE_THROUGH,37651
IFVG2-002163,1,bullish,2026-07-14 03:04:00-04:00,False,37652,2026-07-14 03:05:00-04:00,37653,DEACTIVATED_OVERSHOOT_LIMIT,37652
IFVG2-002164,1,bullish,2026-07-14 03:04:00-04:00,False,37693,2026-07-14 03:46:00-04:00,37694,DEACTIVATED_OVERSHOOT_LIMIT,37693
IFVG2-002165,1,bearish,2026-07-14 03:10:00-04:00,False,37659,2026-07-14 03:12:00-04:00,37660,DEACTIVATED_OVERSHOOT_LIMIT,37659
IFVG2-002166,1,bullish,2026-07-14 03:26:00-04:00,False,37674,2026-07-14 03:27:00-04:00,37675,DEACTIVATED_CLOSE_THROUGH,37674
IFVG2-002167,1,bullish,2026-07-14 03:50:00-04:00,False,37703,2026-07-14 03:56:00-04:00,37704,DEACTIVATED_CLOSE_THROUGH,37703
IFVG2-002168,1,bearish,2026-07-14 03:56:00-04:00,False,37709,2026-07-14 04:02:00-04:00,37710,DEACTIVATED_CLOSE_THROUGH,37709
IFVG2-002169,1,bearish,2026-07-14 04:07:00-04:00,False,37720,2026-07-14 04:13:00-04:00,37721,DEACTIVATED_CLOSE_THROUGH,37720
IFVG2-002170,1,bullish,2026-07-14 04:54:00-04:00,False,37763,2026-07-14 04:56:00-04:00,37764,DEACTIVATED_OVERSHOOT_LIMIT,37763
IFVG2-002171,1,bullish,2026-07-14 05:11:00-04:00,False,37784,2026-07-14 05:17:00-04:00,37785,DEACTIVATED_CLOSE_THROUGH,37784
IFVG2-002172,1,bullish,2026-07-14 05:26:00-04:00,False,37794,2026-07-14 05:27:00-04:00,37795,DEACTIVATED_CLOSE_THROUGH,37794
IFVG2-002173,1,bullish,2026-07-14 05:48:00-04:00,False,37818,2026-07-14 05:51:00-04:00,37819,DEACTIVATED_CLOSE_THROUGH,37818
IFVG2-002174,1,bearish,2026-07-14 05:51:00-04:00,False,37837,2026-07-14 06:10:00-04:00,37838,DEACTIVATED_CLOSE_THROUGH,37837
IFVG2-002175,1,bullish,2026-07-14 06:10:00-04:00,False,37840,2026-07-14 06:13:00-04:00,37841,DEACTIVATED_CLOSE_THROUGH,37840
IFVG2-002176,1,bearish,2026-07-14 06:13:00-04:00,False,37864,2026-07-14 06:37:00-04:00,37865,DEACTIVATED_CLOSE_THROUGH,37864
IFVG2-002177,1,bullish,2026-07-14 06:18:00-04:00,False,37846,2026-07-14 06:19:00-04:00,37847,DEACTIVATED_CLOSE_THROUGH,37846
IFVG2-002178,1,bullish,2026-07-14 06:37:00-04:00,False,37867,2026-07-14 06:40:00-04:00,37868,DEACTIVATED_CLOSE_THROUGH,37867
IFVG2-002179,1,bearish,2026-07-14 06:41:00-04:00,False,37873,2026-07-14 06:46:00-04:00,37874,DEACTIVATED_CLOSE_THROUGH,37873
IFVG2-002180,1,bullish,2026-07-14 06:49:00-04:00,False,37882,2026-07-14 06:55:00-04:00,37883,DEACTIVATED_CLOSE_THROUGH,37882
IFVG2-002181,1,bullish,2026-07-14 06:50:00-04:00,False,37878,2026-07-14 06:51:00-04:00,37879,DEACTIVATED_CLOSE_THROUGH,37878
IFVG2-002182,1,bearish,2026-07-14 06:55:00-04:00,False,37883,2026-07-14 06:56:00-04:00,37884,DEACTIVATED_OVERSHOOT_LIMIT,37883
IFVG2-002183,1,bearish,2026-07-14 07:01:00-04:00,False,37901,2026-07-14 07:14:00-04:00,37902,DEACTIVATED_CLOSE_THROUGH,37901
IFVG2-002184,1,bullish,2026-07-14 07:14:00-04:00,False,37954,2026-07-14 08:07:00-04:00,37955,DEACTIVATED_CLOSE_THROUGH,37954
IFVG2-002185,1,bearish,2026-07-14 07:57:00-04:00,False,37970,2026-07-14 08:23:00-04:00,37971,DEACTIVATED_CLOSE_THROUGH,37970
IFVG2-002186,1,bearish,2026-07-14 07:58:00-04:00,False,37946,2026-07-14 07:59:00-04:00,37947,DEACTIVATED_OVERSHOOT_LIMIT,37946
IFVG2-002187,1,bullish,2026-07-14 08:08:00-04:00,False,37956,2026-07-14 08:09:00-04:00,37957,DEACTIVATED_CLOSE_THROUGH,37956
IFVG2-002188,1,bearish,2026-07-14 08:11:00-04:00,False,37966,2026-07-14 08:19:00-04:00,37967,DEACTIVATED_CLOSE_THROUGH,37966
IFVG2-002189,1,bearish,2026-07-14 08:15:00-04:00,False,37963,2026-07-14 08:16:00-04:00,37964,DEACTIVATED_CLOSE_THROUGH,37963
IFVG2-002190,1,bullish,2026-07-14 08:22:00-04:00,False,38082,2026-07-14 10:15:00-04:00,38083,DEACTIVATED_OVERSHOOT_LIMIT,38082
IFVG2-002191,1,bullish,2026-07-14 08:23:00-04:00,False,38082,2026-07-14 10:15:00-04:00,38083,DEACTIVATED_CLOSE_THROUGH,38082
IFVG2-002192,1,bullish,2026-07-14 08:57:00-04:00,False,38010,2026-07-14 09:03:00-04:00,38011,DEACTIVATED_OVERSHOOT_LIMIT,38010
IFVG2-002193,1,bearish,2026-07-14 09:30:00-04:00,False,38038,2026-07-14 09:31:00-04:00,38039,DEACTIVATED_OVERSHOOT_LIMIT,38038
IFVG2-002194,1,bearish,2026-07-14 09:42:00-04:00,False,38051,2026-07-14 09:44:00-04:00,38052,DEACTIVATED_CLOSE_THROUGH,38051
IFVG2-002195,1,bearish,2026-07-14 10:04:00-04:00,False,38142,2026-07-14 11:15:00-04:00,38143,DEACTIVATED_CLOSE_THROUGH,38142
IFVG2-002196,1,bearish,2026-07-14 10:15:00-04:00,False,38086,2026-07-14 10:19:00-04:00,38087,DEACTIVATED_OVERSHOOT_LIMIT,38086
IFVG2-002197,1,bearish,2026-07-14 10:24:00-04:00,False,38092,2026-07-14 10:25:00-04:00,38093,DEACTIVATED_CLOSE_THROUGH,38092
IFVG2-002198,1,bullish,2026-07-14 10:34:00-04:00,False,38110,2026-07-14 10:43:00-04:00,38111,DEACTIVATED_CLOSE_THROUGH,38110
IFVG2-002199,1,bearish,2026-07-14 10:43:00-04:00,False,38121,2026-07-14 10:54:00-04:00,38122,DEACTIVATED_CLOSE_THROUGH,38121
IFVG2-002200,1,bullish,2026-07-14 11:04:00-04:00,False,38181,2026-07-14 11:54:00-04:00,38182,DEACTIVATED_OVERSHOOT_LIMIT,38181
IFVG2-002201,1,bearish,2026-07-14 11:33:00-04:00,False,38161,2026-07-14 11:34:00-04:00,38162,DEACTIVATED_OVERSHOOT_LIMIT,38161
IFVG2-002202,1,bullish,2026-07-14 11:44:00-04:00,False,38176,2026-07-14 11:49:00-04:00,38177,DEACTIVATED_CLOSE_THROUGH,38176
IFVG2-002203,1,bullish,2026-07-14 12:42:00-04:00,False,38233,2026-07-14 12:46:00-04:00,38234,DEACTIVATED_OVERSHOOT_LIMIT,38233
IFVG2-002204,1,bearish,2026-07-14 12:44:00-04:00,False,38232,2026-07-14 12:45:00-04:00,38233,DEACTIVATED_OVERSHOOT_LIMIT,38232
IFVG2-002205,1,bullish,2026-07-14 12:49:00-04:00,False,38237,2026-07-14 12:50:00-04:00,38238,DEACTIVATED_OVERSHOOT_LIMIT,38237
IFVG2-002206,1,bearish,2026-07-14 13:04:00-04:00,False,38253,2026-07-14 13:06:00-04:00,38254,DEACTIVATED_CLOSE_THROUGH,38253
IFVG2-002207,1,bearish,2026-07-14 13:14:00-04:00,False,38266,2026-07-14 13:19:00-04:00,38267,DEACTIVATED_CLOSE_THROUGH,38266
IFVG2-002208,1,bullish,2026-07-14 13:19:00-04:00,False,38281,2026-07-14 13:34:00-04:00,38282,DEACTIVATED_CLOSE_THROUGH,38281
IFVG2-002209,1,bullish,2026-07-14 13:19:00-04:00,False,38282,2026-07-14 13:35:00-04:00,38283,DEACTIVATED_OVERSHOOT_LIMIT,38282
IFVG2-002210,1,bearish,2026-07-14 13:32:00-04:00,False,38286,2026-07-14 13:39:00-04:00,38287,DEACTIVATED_CLOSE_THROUGH,38286
IFVG2-002211,1,bearish,2026-07-14 13:33:00-04:00,False,38284,2026-07-14 13:37:00-04:00,38285,DEACTIVATED_CLOSE_THROUGH,38284
IFVG2-002212,1,bearish,2026-07-14 13:41:00-04:00,False,38289,2026-07-14 13:42:00-04:00,38290,DEACTIVATED_OVERSHOOT_LIMIT,38289
IFVG2-002213,1,bearish,2026-07-14 14:06:00-04:00,False,38315,2026-07-14 14:08:00-04:00,38316,DEACTIVATED_CLOSE_THROUGH,38315
IFVG2-002214,1,bullish,2026-07-14 14:47:00-04:00,False,38355,2026-07-14 14:48:00-04:00,38356,DEACTIVATED_CLOSE_THROUGH,38355
IFVG2-002215,1,bullish,2026-07-14 15:22:00-04:00,False,38390,2026-07-14 15:23:00-04:00,38391,DEACTIVATED_CLOSE_THROUGH,38390
IFVG2-002216,1,bearish,2026-07-14 15:29:00-04:00,False,38397,2026-07-14 15:30:00-04:00,38398,DEACTIVATED_OVERSHOOT_LIMIT,38397
IFVG2-002217,1,bearish,2026-07-14 15:29:00-04:00,False,38403,2026-07-14 15:36:00-04:00,38404,DEACTIVATED_CLOSE_THROUGH,38403
IFVG2-002218,1,bullish,2026-07-14 16:13:00-04:00,False,38446,2026-07-14 16:19:00-04:00,38447,DEACTIVATED_OVERSHOOT_LIMIT,38446
IFVG2-002219,1,bearish,2026-07-14 16:20:00-04:00,False,38463,2026-07-14 16:36:00-04:00,38464,DEACTIVATED_CLOSE_THROUGH,38463
IFVG2-002220,1,bearish,2026-07-14 16:50:00-04:00,False,38478,2026-07-14 16:51:00-04:00,38479,DEACTIVATED_CLOSE_THROUGH,38478
IFVG2-002221,1,bearish,2026-07-14 18:08:00-04:00,False,38497,2026-07-14 18:10:00-04:00,38498,DEACTIVATED_OVERSHOOT_LIMIT,38497
IFVG2-002222,1,bearish,2026-07-14 18:10:00-04:00,False,38508,2026-07-14 18:21:00-04:00,38509,DEACTIVATED_CLOSE_THROUGH,38508
IFVG2-002223,1,bearish,2026-07-14 18:51:00-04:00,False,38552,2026-07-14 19:05:00-04:00,38553,DEACTIVATED_CLOSE_THROUGH,38552
IFVG2-002224,1,bearish,2026-07-14 18:52:00-04:00,False,38540,2026-07-14 18:53:00-04:00,38541,DEACTIVATED_OVERSHOOT_LIMIT,38540
IFVG2-002225,1,bullish,2026-07-14 19:29:00-04:00,False,38590,2026-07-14 19:43:00-04:00,38591,DEACTIVATED_CLOSE_THROUGH,38590
IFVG2-002226,1,bearish,2026-07-14 19:43:00-04:00,False,38594,2026-07-14 19:47:00-04:00,38595,DEACTIVATED_CLOSE_THROUGH,38594
IFVG2-002227,1,bearish,2026-07-14 20:05:00-04:00,False,38613,2026-07-14 20:06:00-04:00,38614,DEACTIVATED_OVERSHOOT_LIMIT,38613
IFVG2-002228,1,bearish,2026-07-14 20:37:00-04:00,False,38645,2026-07-14 20:38:00-04:00,38646,DEACTIVATED_CLOSE_THROUGH,38645
IFVG2-002229,1,bullish,2026-07-14 20:40:00-04:00,False,38648,2026-07-14 20:41:00-04:00,38649,DEACTIVATED_CLOSE_THROUGH,38648
IFVG2-002230,1,bullish,2026-07-14 20:40:00-04:00,False,38648,2026-07-14 20:41:00-04:00,38649,DEACTIVATED_CLOSE_THROUGH,38648
IFVG2-002231,1,bullish,2026-07-14 20:46:00-04:00,False,38678,2026-07-14 21:11:00-04:00,38679,DEACTIVATED_OVERSHOOT_LIMIT,38678
IFVG2-002232,1,bullish,2026-07-14 20:51:00-04:00,False,38660,2026-07-14 20:53:00-04:00,38661,DEACTIVATED_OVERSHOOT_LIMIT,38660
IFVG2-002233,1,bullish,2026-07-14 20:55:00-04:00,False,38667,2026-07-14 21:00:00-04:00,38668,DEACTIVATED_CLOSE_THROUGH,38667
IFVG2-002234,1,bullish,2026-07-14 20:57:00-04:00,False,38667,2026-07-14 21:00:00-04:00,38668,DEACTIVATED_CLOSE_THROUGH,38667
IFVG2-002235,1,bearish,2026-07-14 21:02:00-04:00,False,38672,2026-07-14 21:05:00-04:00,38673,DEACTIVATED_OVERSHOOT_LIMIT,38672
IFVG2-002236,1,bullish,2026-07-14 21:04:00-04:00,False,38672,2026-07-14 21:05:00-04:00,38673,DEACTIVATED_CLOSE_THROUGH,38672
IFVG2-002237,1,bullish,2026-07-14 21:15:00-04:00,False,39109,2026-07-15 04:22:00-04:00,39110,DEACTIVATED_OVERSHOOT_LIMIT,39109
IFVG2-002238,1,bullish,2026-07-14 21:23:00-04:00,False,38711,2026-07-14 21:44:00-04:00,38712,DEACTIVATED_CLOSE_THROUGH,38711
IFVG2-002239,1,bearish,2026-07-14 21:42:00-04:00,False,38716,2026-07-14 21:49:00-04:00,38717,DEACTIVATED_CLOSE_THROUGH,38716
IFVG2-002240,1,bullish,2026-07-14 23:16:00-04:00,False,39053,2026-07-15 03:26:00-04:00,39054,DEACTIVATED_CLOSE_THROUGH,39053
IFVG2-002241,1,bearish,2026-07-15 00:08:00-04:00,False,38867,2026-07-15 00:20:00-04:00,38868,DEACTIVATED_CLOSE_THROUGH,38867
IFVG2-002242,1,bullish,2026-07-15 00:16:00-04:00,False,38864,2026-07-15 00:17:00-04:00,38865,DEACTIVATED_OVERSHOOT_LIMIT,38864
IFVG2-002243,1,bearish,2026-07-15 00:29:00-04:00,False,38880,2026-07-15 00:33:00-04:00,38881,DEACTIVATED_OVERSHOOT_LIMIT,38880
IFVG2-002244,1,bearish,2026-07-15 00:34:00-04:00,False,38882,2026-07-15 00:35:00-04:00,38883,DEACTIVATED_CLOSE_THROUGH,38882
IFVG2-002245,1,bullish,2026-07-15 00:36:00-04:00,False,38884,2026-07-15 00:37:00-04:00,38885,DEACTIVATED_OVERSHOOT_LIMIT,38884
IFVG2-002246,1,bullish,2026-07-15 00:36:00-04:00,False,38932,2026-07-15 01:25:00-04:00,38933,DEACTIVATED_CLOSE_THROUGH,38932
IFVG2-002247,1,bullish,2026-07-15 01:08:00-04:00,False,38917,2026-07-15 01:10:00-04:00,38918,DEACTIVATED_CLOSE_THROUGH,38917
IFVG2-002248,1,bearish,2026-07-15 01:10:00-04:00,False,38920,2026-07-15 01:13:00-04:00,38921,DEACTIVATED_OVERSHOOT_LIMIT,38920
IFVG2-002249,1,bearish,2026-07-15 01:21:00-04:00,False,38962,2026-07-15 01:55:00-04:00,38963,DEACTIVATED_CLOSE_THROUGH,38962
IFVG2-002250,1,bearish,2026-07-15 01:31:00-04:00,False,38939,2026-07-15 01:32:00-04:00,38940,DEACTIVATED_CLOSE_THROUGH,38939
IFVG2-002251,1,bullish,2026-07-15 01:37:00-04:00,False,38952,2026-07-15 01:45:00-04:00,38953,DEACTIVATED_CLOSE_THROUGH,38952
IFVG2-002252,1,bullish,2026-07-15 01:52:00-04:00,False,39048,2026-07-15 03:21:00-04:00,39049,DEACTIVATED_OVERSHOOT_LIMIT,39048
IFVG2-002253,1,bullish,2026-07-15 02:24:00-04:00,False,38997,2026-07-15 02:30:00-04:00,38998,DEACTIVATED_CLOSE_THROUGH,38997
IFVG2-002254,1,bearish,2026-07-15 03:15:00-04:00,False,39522,2026-07-15 11:15:00-04:00,39523,EXPIRED_ACTIVE_8H,39522
IFVG2-002255,1,bearish,2026-07-15 03:18:00-04:00,False,39525,2026-07-15 11:18:00-04:00,39526,EXPIRED_ACTIVE_8H,39525
IFVG2-002256,1,bullish,2026-07-15 03:48:00-04:00,False,39082,2026-07-15 03:55:00-04:00,39083,DEACTIVATED_OVERSHOOT_LIMIT,39082
IFVG2-002257,1,bullish,2026-07-15 03:48:00-04:00,False,39089,2026-07-15 04:02:00-04:00,39090,DEACTIVATED_CLOSE_THROUGH,39089
IFVG2-002258,1,bearish,2026-07-15 04:00:00-04:00,False,39089,2026-07-15 04:02:00-04:00,39090,DEACTIVATED_OVERSHOOT_LIMIT,39089
IFVG2-002259,1,bullish,2026-07-15 04:29:00-04:00,False,39234,2026-07-15 06:27:00-04:00,39235,DEACTIVATED_CLOSE_THROUGH,39234
IFVG2-002260,1,bearish,2026-07-15 04:31:00-04:00,False,39119,2026-07-15 04:32:00-04:00,39120,DEACTIVATED_CLOSE_THROUGH,39119
IFVG2-002261,1,bearish,2026-07-15 04:50:00-04:00,False,39145,2026-07-15 04:58:00-04:00,39146,DEACTIVATED_OVERSHOOT_LIMIT,39145
IFVG2-002262,1,bearish,2026-07-15 04:53:00-04:00,False,39143,2026-07-15 04:56:00-04:00,39144,DEACTIVATED_CLOSE_THROUGH,39143
IFVG2-002263,1,bullish,2026-07-15 04:57:00-04:00,False,39183,2026-07-15 05:36:00-04:00,39184,DEACTIVATED_CLOSE_THROUGH,39183
IFVG2-002264,1,bearish,2026-07-15 05:56:00-04:00,False,39208,2026-07-15 06:01:00-04:00,39209,DEACTIVATED_CLOSE_THROUGH,39208
IFVG2-002265,1,bullish,2026-07-15 06:45:00-04:00,False,39318,2026-07-15 07:51:00-04:00,39319,DEACTIVATED_OVERSHOOT_LIMIT,39318
IFVG2-002266,1,bullish,2026-07-15 06:54:00-04:00,False,39294,2026-07-15 07:27:00-04:00,39295,DEACTIVATED_CLOSE_THROUGH,39294
IFVG2-002267,1,bullish,2026-07-15 06:56:00-04:00,False,39264,2026-07-15 06:57:00-04:00,39265,DEACTIVATED_CLOSE_THROUGH,39264
IFVG2-002268,1,bullish,2026-07-15 07:00:00-04:00,False,39268,2026-07-15 07:01:00-04:00,39269,DEACTIVATED_CLOSE_THROUGH,39268
IFVG2-002269,1,bullish,2026-07-15 07:08:00-04:00,False,39277,2026-07-15 07:10:00-04:00,39278,DEACTIVATED_OVERSHOOT_LIMIT,39277
IFVG2-002270,1,bearish,2026-07-15 07:27:00-04:00,False,39295,2026-07-15 07:28:00-04:00,39296,DEACTIVATED_CLOSE_THROUGH,39295
IFVG2-002271,1,bearish,2026-07-15 07:44:00-04:00,False,39357,2026-07-15 08:30:00-04:00,39358,DEACTIVATED_OVERSHOOT_LIMIT,39357
IFVG2-002272,1,bullish,2026-07-15 08:30:00-04:00,False,39424,2026-07-15 09:37:00-04:00,39425,DEACTIVATED_CLOSE_THROUGH,39424
IFVG2-002273,1,bullish,2026-07-15 08:30:00-04:00,False,39424,2026-07-15 09:37:00-04:00,39425,DEACTIVATED_CLOSE_THROUGH,39424
IFVG2-002274,1,bullish,2026-07-15 08:35:00-04:00,False,39363,2026-07-15 08:36:00-04:00,39364,DEACTIVATED_CLOSE_THROUGH,39363
IFVG2-002275,1,bullish,2026-07-15 08:42:00-04:00,False,39372,2026-07-15 08:45:00-04:00,39373,DEACTIVATED_CLOSE_THROUGH,39372
IFVG2-002276,1,bullish,2026-07-15 08:48:00-04:00,False,39400,2026-07-15 09:13:00-04:00,39401,DEACTIVATED_CLOSE_THROUGH,39400
IFVG2-002277,1,bearish,2026-07-15 09:07:00-04:00,False,39867,2026-07-15 18:00:00-04:00,39868,EXPIRED_UNTOUCHED_8H,39867
IFVG2-002278,1,bearish,2026-07-15 09:13:00-04:00,False,39416,2026-07-15 09:29:00-04:00,39417,DEACTIVATED_OVERSHOOT_LIMIT,39416
IFVG2-002279,1,bearish,2026-07-15 09:37:00-04:00,False,39867,2026-07-15 18:00:00-04:00,39868,EXPIRED_ACTIVE_8H,39867
IFVG2-002280,1,bearish,2026-07-15 10:14:00-04:00,False,39462,2026-07-15 10:15:00-04:00,39463,DEACTIVATED_OVERSHOOT_LIMIT,39462
IFVG2-002281,1,bearish,2026-07-15 10:14:00-04:00,False,39881,2026-07-15 18:14:00-04:00,39882,EXPIRED_ACTIVE_8H,39881
IFVG2-002282,1,bullish,2026-07-15 10:28:00-04:00,False,39478,2026-07-15 10:31:00-04:00,39479,DEACTIVATED_CLOSE_THROUGH,39478
IFVG2-002283,1,bearish,2026-07-15 10:31:00-04:00,False,39480,2026-07-15 10:33:00-04:00,39481,DEACTIVATED_CLOSE_THROUGH,39480
IFVG2-002284,1,bearish,2026-07-15 10:51:00-04:00,False,39499,2026-07-15 10:52:00-04:00,39500,DEACTIVATED_OVERSHOOT_LIMIT,39499
IFVG2-002285,1,bearish,2026-07-15 11:12:00-04:00,False,39520,2026-07-15 11:13:00-04:00,39521,DEACTIVATED_OVERSHOOT_LIMIT,39520
IFVG2-002286,1,bullish,2026-07-15 11:18:00-04:00,False,39527,2026-07-15 11:20:00-04:00,39528,DEACTIVATED_OVERSHOOT_LIMIT,39527
IFVG2-002287,1,bullish,2026-07-15 11:24:00-04:00,False,39558,2026-07-15 11:51:00-04:00,39559,DEACTIVATED_OVERSHOOT_LIMIT,39558
IFVG2-002288,1,bullish,2026-07-15 12:09:00-04:00,False,39577,2026-07-15 12:10:00-04:00,39578,DEACTIVATED_OVERSHOOT_LIMIT,39577
IFVG2-002289,1,bullish,2026-07-15 12:44:00-04:00,False,39613,2026-07-15 12:46:00-04:00,39614,DEACTIVATED_OVERSHOOT_LIMIT,39613
IFVG2-002290,1,bullish,2026-07-15 12:57:00-04:00,False,40044,2026-07-15 20:57:00-04:00,40045,EXPIRED_UNTOUCHED_8H,40044
IFVG2-002291,1,bullish,2026-07-15 13:47:00-04:00,False,39738,2026-07-15 14:51:00-04:00,39739,DEACTIVATED_CLOSE_THROUGH,39738
IFVG2-002292,1,bullish,2026-07-15 13:52:00-04:00,False,39729,2026-07-15 14:42:00-04:00,39730,DEACTIVATED_CLOSE_THROUGH,39729
IFVG2-002293,1,bullish,2026-07-15 14:20:00-04:00,False,39723,2026-07-15 14:36:00-04:00,39724,DEACTIVATED_CLOSE_THROUGH,39723
IFVG2-002294,1,bullish,2026-07-15 14:23:00-04:00,False,39723,2026-07-15 14:36:00-04:00,39724,DEACTIVATED_CLOSE_THROUGH,39723
IFVG2-002295,1,bearish,2026-07-15 15:19:00-04:00,False,39776,2026-07-15 15:29:00-04:00,39777,DEACTIVATED_CLOSE_THROUGH,39776
IFVG2-002296,1,bullish,2026-07-15 15:27:00-04:00,False,40065,2026-07-15 21:18:00-04:00,40066,DEACTIVATED_CLOSE_THROUGH,40065
IFVG2-002297,1,bearish,2026-07-15 15:32:00-04:00,False,39780,2026-07-15 15:33:00-04:00,39781,DEACTIVATED_CLOSE_THROUGH,39780
IFVG2-002298,1,bearish,2026-07-15 15:32:00-04:00,False,39780,2026-07-15 15:33:00-04:00,39781,DEACTIVATED_OVERSHOOT_LIMIT,39780
IFVG2-002299,1,bearish,2026-07-15 15:32:00-04:00,False,39785,2026-07-15 15:38:00-04:00,39786,DEACTIVATED_OVERSHOOT_LIMIT,39785
IFVG2-002300,1,bullish,2026-07-15 15:40:00-04:00,False,39793,2026-07-15 15:46:00-04:00,39794,DEACTIVATED_OVERSHOOT_LIMIT,39793
IFVG2-002301,1,bearish,2026-07-15 15:48:00-04:00,False,39796,2026-07-15 15:49:00-04:00,39797,DEACTIVATED_CLOSE_THROUGH,39796
IFVG2-002302,1,bearish,2026-07-15 16:08:00-04:00,False,39827,2026-07-15 16:20:00-04:00,39828,DEACTIVATED_OVERSHOOT_LIMIT,39827
IFVG2-002303,1,bullish,2026-07-15 16:38:00-04:00,False,39846,2026-07-15 16:39:00-04:00,39847,DEACTIVATED_OVERSHOOT_LIMIT,39846
IFVG2-002304,1,bearish,2026-07-15 18:22:00-04:00,False,39939,2026-07-15 19:12:00-04:00,39940,DEACTIVATED_CLOSE_THROUGH,39939
IFVG2-002305,1,bearish,2026-07-15 19:14:00-04:00,False,39954,2026-07-15 19:27:00-04:00,39955,DEACTIVATED_OVERSHOOT_LIMIT,39954
IFVG2-002306,1,bullish,2026-07-15 19:27:00-04:00,False,39958,2026-07-15 19:31:00-04:00,39959,DEACTIVATED_CLOSE_THROUGH,39958
IFVG2-002307,1,bearish,2026-07-15 19:38:00-04:00,False,39989,2026-07-15 20:02:00-04:00,39990,DEACTIVATED_CLOSE_THROUGH,39989
IFVG2-002308,1,bullish,2026-07-15 19:44:00-04:00,False,39974,2026-07-15 19:47:00-04:00,39975,DEACTIVATED_CLOSE_THROUGH,39974
IFVG2-002309,1,bearish,2026-07-15 19:49:00-04:00,False,39988,2026-07-15 20:01:00-04:00,39989,DEACTIVATED_CLOSE_THROUGH,39988
IFVG2-002310,1,bearish,2026-07-15 19:57:00-04:00,False,39987,2026-07-15 20:00:00-04:00,39988,DEACTIVATED_OVERSHOOT_LIMIT,39987
IFVG2-002311,1,bullish,2026-07-15 20:01:00-04:00,False,40003,2026-07-15 20:16:00-04:00,40004,DEACTIVATED_OVERSHOOT_LIMIT,40003
IFVG2-002312,1,bearish,2026-07-15 20:16:00-04:00,False,40173,2026-07-15 23:06:00-04:00,40174,DEACTIVATED_OVERSHOOT_LIMIT,40173
IFVG2-002313,1,bearish,2026-07-15 20:19:00-04:00,False,40160,2026-07-15 22:53:00-04:00,40161,DEACTIVATED_CLOSE_THROUGH,40160
IFVG2-002314,1,bullish,2026-07-15 21:46:00-04:00,False,40110,2026-07-15 22:03:00-04:00,40111,DEACTIVATED_OVERSHOOT_LIMIT,40110
IFVG2-002315,1,bullish,2026-07-15 21:47:00-04:00,False,40105,2026-07-15 21:58:00-04:00,40106,DEACTIVATED_OVERSHOOT_LIMIT,40105
IFVG2-002316,1,bearish,2026-07-15 21:51:00-04:00,False,40099,2026-07-15 21:52:00-04:00,40100,DEACTIVATED_CLOSE_THROUGH,40099
IFVG2-002317,1,bearish,2026-07-15 21:58:00-04:00,False,40126,2026-07-15 22:19:00-04:00,40127,DEACTIVATED_CLOSE_THROUGH,40126
IFVG2-002318,1,bearish,2026-07-15 22:03:00-04:00,False,40122,2026-07-15 22:15:00-04:00,40123,DEACTIVATED_CLOSE_THROUGH,40122
IFVG2-002319,1,bullish,2026-07-15 22:22:00-04:00,False,40353,2026-07-16 02:06:00-04:00,40354,DEACTIVATED_OVERSHOOT_LIMIT,40353
IFVG2-002320,1,bearish,2026-07-15 22:37:00-04:00,False,40145,2026-07-15 22:38:00-04:00,40146,DEACTIVATED_CLOSE_THROUGH,40145
IFVG2-002321,1,bearish,2026-07-15 22:37:00-04:00,False,40145,2026-07-15 22:38:00-04:00,40146,DEACTIVATED_OVERSHOOT_LIMIT,40145
IFVG2-002322,1,bullish,2026-07-15 23:05:00-04:00,False,40186,2026-07-15 23:19:00-04:00,40187,DEACTIVATED_CLOSE_THROUGH,40186
IFVG2-002323,1,bullish,2026-07-15 23:30:00-04:00,False,40210,2026-07-15 23:43:00-04:00,40211,DEACTIVATED_OVERSHOOT_LIMIT,40210
IFVG2-002324,1,bearish,2026-07-16 00:04:00-04:00,False,40234,2026-07-16 00:07:00-04:00,40235,DEACTIVATED_CLOSE_THROUGH,40234
IFVG2-002325,1,bearish,2026-07-16 00:17:00-04:00,False,40300,2026-07-16 01:13:00-04:00,40301,DEACTIVATED_CLOSE_THROUGH,40300
IFVG2-002326,1,bearish,2026-07-16 00:51:00-04:00,False,40279,2026-07-16 00:52:00-04:00,40280,DEACTIVATED_CLOSE_THROUGH,40279
IFVG2-002327,1,bullish,2026-07-16 01:14:00-04:00,False,40320,2026-07-16 01:33:00-04:00,40321,DEACTIVATED_OVERSHOOT_LIMIT,40320
IFVG2-002328,1,bearish,2026-07-16 01:17:00-04:00,False,40305,2026-07-16 01:18:00-04:00,40306,DEACTIVATED_OVERSHOOT_LIMIT,40305
IFVG2-002329,1,bullish,2026-07-16 01:30:00-04:00,False,40318,2026-07-16 01:31:00-04:00,40319,DEACTIVATED_CLOSE_THROUGH,40318
IFVG2-002330,1,bearish,2026-07-16 01:32:00-04:00,False,40799,2026-07-16 09:32:00-04:00,40800,EXPIRED_UNTOUCHED_8H,40799
IFVG2-002331,1,bearish,2026-07-16 01:33:00-04:00,False,40364,2026-07-16 02:17:00-04:00,40365,DEACTIVATED_OVERSHOOT_LIMIT,40364
IFVG2-002332,1,bearish,2026-07-16 01:34:00-04:00,False,40355,2026-07-16 02:08:00-04:00,40356,DEACTIVATED_OVERSHOOT_LIMIT,40355
IFVG2-002333,1,bearish,2026-07-16 01:34:00-04:00,False,40356,2026-07-16 02:09:00-04:00,40357,DEACTIVATED_OVERSHOOT_LIMIT,40356
IFVG2-002334,1,bearish,2026-07-16 01:35:00-04:00,False,40324,2026-07-16 01:37:00-04:00,40325,DEACTIVATED_CLOSE_THROUGH,40324
IFVG2-002335,1,bullish,2026-07-16 01:41:00-04:00,False,40341,2026-07-16 01:54:00-04:00,40342,DEACTIVATED_OVERSHOOT_LIMIT,40341
IFVG2-002336,1,bullish,2026-07-16 01:55:00-04:00,False,40343,2026-07-16 01:56:00-04:00,40344,DEACTIVATED_CLOSE_THROUGH,40343
IFVG2-002337,1,bearish,2026-07-16 02:07:00-04:00,False,40355,2026-07-16 02:08:00-04:00,40356,DEACTIVATED_CLOSE_THROUGH,40355
IFVG2-002338,1,bullish,2026-07-16 02:08:00-04:00,False,40380,2026-07-16 02:33:00-04:00,40381,DEACTIVATED_CLOSE_THROUGH,40380
IFVG2-002339,1,bullish,2026-07-16 02:08:00-04:00,False,40381,2026-07-16 02:34:00-04:00,40382,DEACTIVATED_CLOSE_THROUGH,40381
IFVG2-002340,1,bullish,2026-07-16 02:38:00-04:00,False,40393,2026-07-16 02:46:00-04:00,40394,DEACTIVATED_OVERSHOOT_LIMIT,40393
IFVG2-002341,1,bearish,2026-07-16 02:46:00-04:00,False,40396,2026-07-16 02:49:00-04:00,40397,DEACTIVATED_CLOSE_THROUGH,40396
IFVG2-002342,1,bullish,2026-07-16 02:49:00-04:00,False,40400,2026-07-16 02:53:00-04:00,40401,DEACTIVATED_CLOSE_THROUGH,40400
IFVG2-002343,1,bullish,2026-07-16 02:55:00-04:00,False,40407,2026-07-16 03:00:00-04:00,40408,DEACTIVATED_CLOSE_THROUGH,40407
IFVG2-002344,1,bearish,2026-07-16 03:00:00-04:00,False,40887,2026-07-16 11:00:00-04:00,40888,EXPIRED_UNTOUCHED_8H,40887
IFVG2-002345,1,bullish,2026-07-16 03:17:00-04:00,False,40425,2026-07-16 03:18:00-04:00,40426,DEACTIVATED_OVERSHOOT_LIMIT,40425
IFVG2-002346,1,bearish,2026-07-16 03:32:00-04:00,False,40527,2026-07-16 05:00:00-04:00,40528,DEACTIVATED_CLOSE_THROUGH,40527
IFVG2-002347,1,bullish,2026-07-16 03:49:00-04:00,False,40457,2026-07-16 03:50:00-04:00,40458,DEACTIVATED_CLOSE_THROUGH,40457
IFVG2-002348,1,bullish,2026-07-16 03:58:00-04:00,False,40468,2026-07-16 04:01:00-04:00,40469,DEACTIVATED_CLOSE_THROUGH,40468
IFVG2-002349,1,bullish,2026-07-16 04:13:00-04:00,False,40481,2026-07-16 04:14:00-04:00,40482,DEACTIVATED_CLOSE_THROUGH,40481
IFVG2-002350,1,bullish,2026-07-16 04:21:00-04:00,False,40490,2026-07-16 04:23:00-04:00,40491,DEACTIVATED_OVERSHOOT_LIMIT,40490
IFVG2-002351,1,bearish,2026-07-16 04:24:00-04:00,False,40497,2026-07-16 04:30:00-04:00,40498,DEACTIVATED_OVERSHOOT_LIMIT,40497
IFVG2-002352,1,bullish,2026-07-16 04:45:00-04:00,False,40582,2026-07-16 05:55:00-04:00,40583,DEACTIVATED_CLOSE_THROUGH,40582
IFVG2-002353,1,bullish,2026-07-16 04:46:00-04:00,False,40578,2026-07-16 05:51:00-04:00,40579,DEACTIVATED_OVERSHOOT_LIMIT,40578
IFVG2-002354,1,bullish,2026-07-16 05:00:00-04:00,False,40528,2026-07-16 05:01:00-04:00,40529,DEACTIVATED_CLOSE_THROUGH,40528
IFVG2-002355,1,bullish,2026-07-16 05:00:00-04:00,False,40567,2026-07-16 05:40:00-04:00,40568,DEACTIVATED_OVERSHOOT_LIMIT,40567
IFVG2-002356,1,bullish,2026-07-16 06:06:00-04:00,False,40603,2026-07-16 06:16:00-04:00,40604,DEACTIVATED_CLOSE_THROUGH,40603
IFVG2-002357,1,bullish,2026-07-16 06:08:00-04:00,False,40597,2026-07-16 06:10:00-04:00,40598,DEACTIVATED_OVERSHOOT_LIMIT,40597
IFVG2-002358,1,bullish,2026-07-16 06:18:00-04:00,False,40606,2026-07-16 06:19:00-04:00,40607,DEACTIVATED_CLOSE_THROUGH,40606
IFVG2-002359,1,bullish,2026-07-16 06:29:00-04:00,False,40623,2026-07-16 06:36:00-04:00,40624,DEACTIVATED_CLOSE_THROUGH,40623
IFVG2-002360,1,bullish,2026-07-16 06:29:00-04:00,False,40626,2026-07-16 06:39:00-04:00,40627,DEACTIVATED_CLOSE_THROUGH,40626
IFVG2-002361,1,bearish,2026-07-16 07:00:00-04:00,False,40797,2026-07-16 09:30:00-04:00,40798,DEACTIVATED_OVERSHOOT_LIMIT,40797
IFVG2-002362,1,bullish,2026-07-16 07:11:00-04:00,False,40662,2026-07-16 07:15:00-04:00,40663,DEACTIVATED_CLOSE_THROUGH,40662
IFVG2-002363,1,bearish,2026-07-16 07:29:00-04:00,False,40797,2026-07-16 09:30:00-04:00,40798,DEACTIVATED_CLOSE_THROUGH,40797
IFVG2-002364,1,bearish,2026-07-16 07:30:00-04:00,False,40683,2026-07-16 07:36:00-04:00,40684,DEACTIVATED_OVERSHOOT_LIMIT,40683
IFVG2-002365,1,bearish,2026-07-16 07:31:00-04:00,False,40682,2026-07-16 07:35:00-04:00,40683,DEACTIVATED_OVERSHOOT_LIMIT,40682
IFVG2-002366,1,bearish,2026-07-16 07:38:00-04:00,False,40686,2026-07-16 07:39:00-04:00,40687,DEACTIVATED_CLOSE_THROUGH,40686
IFVG2-002367,1,bullish,2026-07-16 08:18:00-04:00,False,40728,2026-07-16 08:21:00-04:00,40729,DEACTIVATED_CLOSE_THROUGH,40728
IFVG2-002368,1,bearish,2026-07-16 08:21:00-04:00,False,40768,2026-07-16 09:01:00-04:00,40769,DEACTIVATED_OVERSHOOT_LIMIT,40768
IFVG2-002369,1,bullish,2026-07-16 08:29:00-04:00,False,40737,2026-07-16 08:30:00-04:00,40738,DEACTIVATED_OVERSHOOT_LIMIT,40737
IFVG2-002370,1,bullish,2026-07-16 08:53:00-04:00,False,40762,2026-07-16 08:55:00-04:00,40763,DEACTIVATED_CLOSE_THROUGH,40762
IFVG2-002371,1,bullish,2026-07-16 09:30:00-04:00,False,40800,2026-07-16 09:33:00-04:00,40801,DEACTIVATED_OVERSHOOT_LIMIT,40800
IFVG2-002372,1,bearish,2026-07-16 10:31:00-04:00,False,40859,2026-07-16 10:32:00-04:00,40860,DEACTIVATED_CLOSE_THROUGH,40859
IFVG2-002373,1,bearish,2026-07-16 11:13:00-04:00,False,40902,2026-07-16 11:15:00-04:00,40903,DEACTIVATED_OVERSHOOT_LIMIT,40902
IFVG2-002374,1,bullish,2026-07-16 11:18:00-04:00,False,40908,2026-07-16 11:21:00-04:00,40909,DEACTIVATED_OVERSHOOT_LIMIT,40908
IFVG2-002375,1,bullish,2026-07-16 11:25:00-04:00,False,40915,2026-07-16 11:28:00-04:00,40916,DEACTIVATED_CLOSE_THROUGH,40915
IFVG2-002376,1,bearish,2026-07-16 11:28:00-04:00,False,40918,2026-07-16 11:31:00-04:00,40919,DEACTIVATED_CLOSE_THROUGH,40918
IFVG2-002377,1,bearish,2026-07-16 11:55:00-04:00,False,41362,2026-07-16 19:55:00-04:00,41363,EXPIRED_ACTIVE_8H,41362
IFVG2-002378,1,bullish,2026-07-16 12:31:00-04:00,False,40981,2026-07-16 12:34:00-04:00,40982,DEACTIVATED_CLOSE_THROUGH,40981
IFVG2-002379,1,bearish,2026-07-16 12:35:00-04:00,False,40985,2026-07-16 12:38:00-04:00,40986,DEACTIVATED_OVERSHOOT_LIMIT,40985
IFVG2-002380,1,bullish,2026-07-16 12:55:00-04:00,False,41005,2026-07-16 12:58:00-04:00,41006,DEACTIVATED_OVERSHOOT_LIMIT,41005
IFVG2-002381,1,bearish,2026-07-16 13:00:00-04:00,False,41011,2026-07-16 13:04:00-04:00,41012,DEACTIVATED_OVERSHOOT_LIMIT,41011
IFVG2-002382,1,bullish,2026-07-16 13:15:00-04:00,False,41023,2026-07-16 13:16:00-04:00,41024,DEACTIVATED_CLOSE_THROUGH,41023
IFVG2-002383,1,bearish,2026-07-16 13:33:00-04:00,False,41460,2026-07-16 21:33:00-04:00,41461,EXPIRED_UNTOUCHED_8H,41460
IFVG2-002384,1,bullish,2026-07-16 13:53:00-04:00,False,41062,2026-07-16 13:55:00-04:00,41063,DEACTIVATED_CLOSE_THROUGH,41062
IFVG2-002385,1,bullish,2026-07-16 14:00:00-04:00,False,41069,2026-07-16 14:02:00-04:00,41070,DEACTIVATED_OVERSHOOT_LIMIT,41069
IFVG2-002386,1,bullish,2026-07-16 15:00:00-04:00,False,41128,2026-07-16 15:01:00-04:00,41129,DEACTIVATED_CLOSE_THROUGH,41128
IFVG2-002387,1,bullish,2026-07-16 15:29:00-04:00,False,41157,2026-07-16 15:30:00-04:00,41158,DEACTIVATED_OVERSHOOT_LIMIT,41157
IFVG2-002388,1,bullish,2026-07-16 15:50:00-04:00,False,41331,2026-07-16 19:24:00-04:00,41332,DEACTIVATED_CLOSE_THROUGH,41331
IFVG2-002389,1,bullish,2026-07-16 15:51:00-04:00,False,41276,2026-07-16 18:29:00-04:00,41277,DEACTIVATED_OVERSHOOT_LIMIT,41276
IFVG2-002390,1,bearish,2026-07-16 16:13:00-04:00,False,41203,2026-07-16 16:16:00-04:00,41204,DEACTIVATED_CLOSE_THROUGH,41203
IFVG2-002391,1,bearish,2026-07-16 16:13:00-04:00,False,41205,2026-07-16 16:18:00-04:00,41206,DEACTIVATED_CLOSE_THROUGH,41205
IFVG2-002392,1,bullish,2026-07-16 18:00:00-04:00,False,41248,2026-07-16 18:01:00-04:00,41249,DEACTIVATED_CLOSE_THROUGH,41248
IFVG2-002393,1,bearish,2026-07-16 18:29:00-04:00,False,41279,2026-07-16 18:32:00-04:00,41280,DEACTIVATED_CLOSE_THROUGH,41279
IFVG2-002394,1,bullish,2026-07-16 18:32:00-04:00,False,41281,2026-07-16 18:34:00-04:00,41282,DEACTIVATED_CLOSE_THROUGH,41281
IFVG2-002395,1,bullish,2026-07-16 18:37:00-04:00,False,41288,2026-07-16 18:41:00-04:00,41289,DEACTIVATED_CLOSE_THROUGH,41288
IFVG2-002396,1,bearish,2026-07-16 18:40:00-04:00,False,41767,2026-07-17 02:40:00-04:00,41768,EXPIRED_ACTIVE_8H,41767
IFVG2-002397,1,bullish,2026-07-16 18:44:00-04:00,False,41292,2026-07-16 18:45:00-04:00,41293,DEACTIVATED_OVERSHOOT_LIMIT,41292
IFVG2-002398,1,bearish,2026-07-16 19:18:00-04:00,False,41347,2026-07-16 19:40:00-04:00,41348,DEACTIVATED_CLOSE_THROUGH,41347
IFVG2-002399,1,bearish,2026-07-16 19:24:00-04:00,False,41811,2026-07-17 03:24:00-04:00,41812,EXPIRED_ACTIVE_8H,41811
IFVG2-002400,1,bullish,2026-07-16 19:27:00-04:00,False,41336,2026-07-16 19:29:00-04:00,41337,DEACTIVATED_CLOSE_THROUGH,41336
IFVG2-002401,1,bullish,2026-07-16 19:40:00-04:00,False,41348,2026-07-16 19:41:00-04:00,41349,DEACTIVATED_CLOSE_THROUGH,41348
IFVG2-002402,1,bullish,2026-07-16 19:40:00-04:00,False,41350,2026-07-16 19:43:00-04:00,41351,DEACTIVATED_CLOSE_THROUGH,41350
IFVG2-002403,1,bullish,2026-07-16 19:40:00-04:00,False,41351,2026-07-16 19:44:00-04:00,41352,DEACTIVATED_OVERSHOOT_LIMIT,41351
IFVG2-002404,1,bullish,2026-07-16 19:50:00-04:00,False,41358,2026-07-16 19:51:00-04:00,41359,DEACTIVATED_CLOSE_THROUGH,41358
IFVG2-002405,1,bullish,2026-07-16 20:00:00-04:00,False,41368,2026-07-16 20:01:00-04:00,41369,DEACTIVATED_OVERSHOOT_LIMIT,41368
IFVG2-002406,1,bullish,2026-07-16 20:38:00-04:00,False,41406,2026-07-16 20:39:00-04:00,41407,DEACTIVATED_CLOSE_THROUGH,41406
IFVG2-002407,1,bearish,2026-07-16 21:06:00-04:00,False,41913,2026-07-17 05:06:00-04:00,41914,EXPIRED_UNTOUCHED_8H,41913
IFVG2-002408,1,bearish,2026-07-16 21:13:00-04:00,False,41920,2026-07-17 05:13:00-04:00,41921,EXPIRED_ACTIVE_8H,41920
IFVG2-002409,1,bullish,2026-07-16 21:48:00-04:00,False,41476,2026-07-16 21:49:00-04:00,41477,DEACTIVATED_CLOSE_THROUGH,41476
IFVG2-002410,1,bearish,2026-07-16 23:01:00-04:00,False,41549,2026-07-16 23:02:00-04:00,41550,DEACTIVATED_CLOSE_THROUGH,41549
IFVG2-002411,1,bullish,2026-07-16 23:18:00-04:00,False,41587,2026-07-16 23:40:00-04:00,41588,DEACTIVATED_CLOSE_THROUGH,41587
IFVG2-002412,1,bearish,2026-07-16 23:30:00-04:00,False,42057,2026-07-17 07:30:00-04:00,42058,EXPIRED_UNTOUCHED_8H,42057
IFVG2-002413,1,bearish,2026-07-16 23:33:00-04:00,False,41582,2026-07-16 23:35:00-04:00,41583,DEACTIVATED_CLOSE_THROUGH,41582
IFVG2-002414,1,bearish,2026-07-16 23:34:00-04:00,False,41582,2026-07-16 23:35:00-04:00,41583,DEACTIVATED_CLOSE_THROUGH,41582
IFVG2-002415,1,bullish,2026-07-16 23:35:00-04:00,False,41584,2026-07-16 23:37:00-04:00,41585,DEACTIVATED_CLOSE_THROUGH,41584
IFVG2-002416,1,bearish,2026-07-16 23:40:00-04:00,False,42067,2026-07-17 07:40:00-04:00,42068,EXPIRED_UNTOUCHED_8H,42067
IFVG2-002417,1,bearish,2026-07-16 23:53:00-04:00,False,42080,2026-07-17 07:53:00-04:00,42081,EXPIRED_ACTIVE_8H,42080
IFVG2-002418,1,bullish,2026-07-17 00:48:00-04:00,False,41656,2026-07-17 00:49:00-04:00,41657,DEACTIVATED_CLOSE_THROUGH,41656
IFVG2-002419,1,bearish,2026-07-17 00:59:00-04:00,False,41667,2026-07-17 01:00:00-04:00,41668,DEACTIVATED_OVERSHOOT_LIMIT,41667
IFVG2-002420,1,bullish,2026-07-17 01:03:00-04:00,False,41672,2026-07-17 01:05:00-04:00,41673,DEACTIVATED_OVERSHOOT_LIMIT,41672
IFVG2-002421,1,bearish,2026-07-17 01:11:00-04:00,False,41680,2026-07-17 01:13:00-04:00,41681,DEACTIVATED_CLOSE_THROUGH,41680
IFVG2-002422,1,bearish,2026-07-17 02:01:00-04:00,False,41729,2026-07-17 02:02:00-04:00,41730,DEACTIVATED_CLOSE_THROUGH,41729
IFVG2-002423,1,bullish,2026-07-17 02:11:00-04:00,False,41773,2026-07-17 02:46:00-04:00,41774,DEACTIVATED_OVERSHOOT_LIMIT,41773
IFVG2-002424,1,bearish,2026-07-17 02:37:00-04:00,False,42002,2026-07-17 06:35:00-04:00,42003,DEACTIVATED_CLOSE_THROUGH,42002
IFVG2-002425,1,bearish,2026-07-17 02:41:00-04:00,False,42001,2026-07-17 06:34:00-04:00,42002,DEACTIVATED_CLOSE_THROUGH,42001
IFVG2-002426,1,bearish,2026-07-17 02:53:00-04:00,False,41781,2026-07-17 02:54:00-04:00,41782,DEACTIVATED_CLOSE_THROUGH,41781
IFVG2-002427,1,bullish,2026-07-17 03:12:00-04:00,False,41800,2026-07-17 03:13:00-04:00,41801,DEACTIVATED_CLOSE_THROUGH,41800
IFVG2-002428,1,bullish,2026-07-17 03:26:00-04:00,False,41821,2026-07-17 03:34:00-04:00,41822,DEACTIVATED_CLOSE_THROUGH,41821
IFVG2-002429,1,bearish,2026-07-17 03:34:00-04:00,False,41977,2026-07-17 06:10:00-04:00,41978,DEACTIVATED_CLOSE_THROUGH,41977
IFVG2-002430,1,bullish,2026-07-17 03:43:00-04:00,False,41832,2026-07-17 03:45:00-04:00,41833,DEACTIVATED_CLOSE_THROUGH,41832
IFVG2-002431,1,bearish,2026-07-17 04:31:00-04:00,False,41895,2026-07-17 04:48:00-04:00,41896,DEACTIVATED_OVERSHOOT_LIMIT,41895
IFVG2-002432,1,bullish,2026-07-17 04:47:00-04:00,False,42175,2026-07-17 09:28:00-04:00,42176,DEACTIVATED_OVERSHOOT_LIMIT,42175
IFVG2-002433,1,bearish,2026-07-17 04:58:00-04:00,False,41906,2026-07-17 04:59:00-04:00,41907,DEACTIVATED_OVERSHOOT_LIMIT,41906
IFVG2-002434,1,bullish,2026-07-17 05:14:00-04:00,False,42166,2026-07-17 09:19:00-04:00,42167,DEACTIVATED_CLOSE_THROUGH,42166
IFVG2-002435,1,bearish,2026-07-17 05:17:00-04:00,False,41931,2026-07-17 05:24:00-04:00,41932,DEACTIVATED_CLOSE_THROUGH,41931
IFVG2-002436,1,bearish,2026-07-17 05:33:00-04:00,False,41942,2026-07-17 05:35:00-04:00,41943,DEACTIVATED_CLOSE_THROUGH,41942
IFVG2-002437,1,bullish,2026-07-17 05:35:00-04:00,False,41944,2026-07-17 05:37:00-04:00,41945,DEACTIVATED_OVERSHOOT_LIMIT,41944
IFVG2-002438,1,bearish,2026-07-17 06:02:00-04:00,False,41972,2026-07-17 06:05:00-04:00,41973,DEACTIVATED_CLOSE_THROUGH,41972
IFVG2-002439,1,bearish,2026-07-17 06:18:00-04:00,False,41996,2026-07-17 06:29:00-04:00,41997,DEACTIVATED_OVERSHOOT_LIMIT,41996
IFVG2-002440,1,bearish,2026-07-17 06:21:00-04:00,False,41996,2026-07-17 06:29:00-04:00,41997,DEACTIVATED_CLOSE_THROUGH,41996
IFVG2-002441,1,bullish,2026-07-17 06:28:00-04:00,False,41996,2026-07-17 06:29:00-04:00,41997,DEACTIVATED_OVERSHOOT_LIMIT,41996
IFVG2-002442,1,bullish,2026-07-17 07:11:00-04:00,False,42040,2026-07-17 07:13:00-04:00,42041,DEACTIVATED_CLOSE_THROUGH,42040
IFVG2-002443,1,bullish,2026-07-17 07:48:00-04:00,False,42078,2026-07-17 07:51:00-04:00,42079,DEACTIVATED_OVERSHOOT_LIMIT,42078
IFVG2-002444,1,bullish,2026-07-17 07:52:00-04:00,False,42080,2026-07-17 07:53:00-04:00,42081,DEACTIVATED_OVERSHOOT_LIMIT,42080
IFVG2-002445,1,bearish,2026-07-17 08:41:00-04:00,False,42131,2026-07-17 08:44:00-04:00,42132,DEACTIVATED_CLOSE_THROUGH,42131
IFVG2-002446,1,bullish,2026-07-17 08:46:00-04:00,False,42135,2026-07-17 08:48:00-04:00,42136,DEACTIVATED_CLOSE_THROUGH,42135
IFVG2-002447,1,bearish,2026-07-17 08:49:00-04:00,False,42138,2026-07-17 08:51:00-04:00,42139,DEACTIVATED_OVERSHOOT_LIMIT,42138
IFVG2-002448,1,bearish,2026-07-17 08:49:00-04:00,False,42140,2026-07-17 08:53:00-04:00,42141,DEACTIVATED_CLOSE_THROUGH,42140
IFVG2-002449,1,bullish,2026-07-17 08:56:00-04:00,False,42145,2026-07-17 08:58:00-04:00,42146,DEACTIVATED_CLOSE_THROUGH,42145
IFVG2-002450,1,bearish,2026-07-17 09:19:00-04:00,False,42167,2026-07-17 09:20:00-04:00,42168,DEACTIVATED_CLOSE_THROUGH,42167
IFVG2-002451,1,bullish,2026-07-17 09:25:00-04:00,False,42174,2026-07-17 09:27:00-04:00,42175,DEACTIVATED_CLOSE_THROUGH,42174
IFVG2-002452,1,bullish,2026-07-17 09:31:00-04:00,False,42179,2026-07-17 09:32:00-04:00,42180,DEACTIVATED_CLOSE_THROUGH,42179
IFVG2-002453,1,bullish,2026-07-17 09:31:00-04:00,False,42179,2026-07-17 09:32:00-04:00,42180,DEACTIVATED_CLOSE_THROUGH,42179
IFVG2-002454,1,bearish,2026-07-17 09:33:00-04:00,False,42200,2026-07-17 09:53:00-04:00,42201,DEACTIVATED_CLOSE_THROUGH,42200
IFVG2-002455,1,bullish,2026-07-17 09:56:00-04:00,False,42626,2026-07-17 16:59:00-04:00,42627,DATA_END_ACTIVE,42626
IFVG2-002456,1,bullish,2026-07-17 10:00:00-04:00,False,42208,2026-07-17 10:01:00-04:00,42209,DEACTIVATED_OVERSHOOT_LIMIT,42208
IFVG2-002457,1,bullish,2026-07-17 10:00:00-04:00,False,42268,2026-07-17 11:01:00-04:00,42269,DEACTIVATED_OVERSHOOT_LIMIT,42268
IFVG2-002458,1,bullish,2026-07-17 10:06:00-04:00,False,42240,2026-07-17 10:33:00-04:00,42241,DEACTIVATED_OVERSHOOT_LIMIT,42240
IFVG2-002459,1,bearish,2026-07-17 10:43:00-04:00,False,42254,2026-07-17 10:47:00-04:00,42255,DEACTIVATED_CLOSE_THROUGH,42254
IFVG2-002460,1,bearish,2026-07-17 12:02:00-04:00,False,42336,2026-07-17 12:09:00-04:00,42337,DEACTIVATED_CLOSE_THROUGH,42336
IFVG2-002461,1,bearish,2026-07-17 12:21:00-04:00,False,42354,2026-07-17 12:27:00-04:00,42355,DEACTIVATED_CLOSE_THROUGH,42354
IFVG2-002462,1,bearish,2026-07-17 12:23:00-04:00,False,42354,2026-07-17 12:27:00-04:00,42355,DEACTIVATED_CLOSE_THROUGH,42354
IFVG2-002463,1,bullish,2026-07-17 12:26:00-04:00,False,42453,2026-07-17 14:06:00-04:00,42454,DEACTIVATED_OVERSHOOT_LIMIT,42453
IFVG2-002464,1,bullish,2026-07-17 12:27:00-04:00,False,42357,2026-07-17 12:30:00-04:00,42358,DEACTIVATED_CLOSE_THROUGH,42357
IFVG2-002465,1,bearish,2026-07-17 12:30:00-04:00,False,42358,2026-07-17 12:31:00-04:00,42359,DEACTIVATED_CLOSE_THROUGH,42358
IFVG2-002466,1,bullish,2026-07-17 13:00:00-04:00,False,42407,2026-07-17 13:20:00-04:00,42408,DEACTIVATED_OVERSHOOT_LIMIT,42407
IFVG2-002467,1,bullish,2026-07-17 13:16:00-04:00,False,42406,2026-07-17 13:19:00-04:00,42407,DEACTIVATED_CLOSE_THROUGH,42406
IFVG2-002468,1,bullish,2026-07-17 13:22:00-04:00,False,42410,2026-07-17 13:23:00-04:00,42411,DEACTIVATED_CLOSE_THROUGH,42410
IFVG2-002469,1,bullish,2026-07-17 13:26:00-04:00,False,42421,2026-07-17 13:34:00-04:00,42422,DEACTIVATED_CLOSE_THROUGH,42421
IFVG2-002470,1,bullish,2026-07-17 13:26:00-04:00,False,42422,2026-07-17 13:35:00-04:00,42423,DEACTIVATED_CLOSE_THROUGH,42422
IFVG2-002471,1,bearish,2026-07-17 13:50:00-04:00,False,42438,2026-07-17 13:51:00-04:00,42439,DEACTIVATED_OVERSHOOT_LIMIT,42438
IFVG2-002472,1,bullish,2026-07-17 14:03:00-04:00,False,42451,2026-07-17 14:04:00-04:00,42452,DEACTIVATED_CLOSE_THROUGH,42451
IFVG2-002473,1,bearish,2026-07-17 14:04:00-04:00,False,42626,2026-07-17 16:59:00-04:00,42627,DATA_END_ACTIVE,42626
IFVG2-002474,1,bearish,2026-07-17 14:15:00-04:00,False,42477,2026-07-17 14:30:00-04:00,42478,DEACTIVATED_OVERSHOOT_LIMIT,42477
IFVG2-002475,1,bearish,2026-07-17 14:33:00-04:00,False,42482,2026-07-17 14:35:00-04:00,42483,DEACTIVATED_OVERSHOOT_LIMIT,42482
IFVG2-002476,1,bullish,2026-07-17 14:47:00-04:00,False,42514,2026-07-17 15:07:00-04:00,42515,DEACTIVATED_CLOSE_THROUGH,42514
IFVG2-002477,1,bearish,2026-07-17 15:06:00-04:00,False,42537,2026-07-17 15:30:00-04:00,42538,DEACTIVATED_OVERSHOOT_LIMIT,42537
IFVG2-002478,1,bearish,2026-07-17 15:07:00-04:00,False,42515,2026-07-17 15:08:00-04:00,42516,DEACTIVATED_OVERSHOOT_LIMIT,42515
IFVG2-002479,1,bullish,2026-07-17 15:28:00-04:00,False,42546,2026-07-17 15:39:00-04:00,42547,DEACTIVATED_CLOSE_THROUGH,42546
IFVG2-002480,1,bearish,2026-07-17 15:39:00-04:00,False,42548,2026-07-17 15:41:00-04:00,42549,DEACTIVATED_CLOSE_THROUGH,42548
IFVG2-002481,3,bearish,2026-06-01 03:23:00-04:00,False,149,2026-06-01 11:24:00-04:00,275,EXPIRED_UNTOUCHED_8H,149
IFVG2-002482,3,bullish,2026-06-01 09:33:00-04:00,False,122,2026-06-01 10:03:00-04:00,205,DEACTIVATED_OVERSHOOT_LIMIT,122
IFVG2-002483,3,bearish,2026-06-01 10:00:00-04:00,False,129,2026-06-01 10:24:00-04:00,224,DEACTIVATED_CLOSE_THROUGH,129
IFVG2-002484,3,bullish,2026-06-01 10:24:00-04:00,False,244,2026-06-01 18:24:00-04:00,456,EXPIRED_ACTIVE_8H,244
IFVG2-002485,3,bearish,2026-06-01 10:39:00-04:00,False,135,2026-06-01 10:42:00-04:00,242,DEACTIVATED_CLOSE_THROUGH,135
IFVG2-002486,3,bearish,2026-06-01 12:12:00-04:00,False,172,2026-06-01 12:41:00-04:00,319,DEACTIVATED_CLOSE_THROUGH,172
IFVG2-002487,3,bullish,2026-06-01 13:30:00-04:00,False,236,2026-06-01 16:47:00-04:00,443,DEACTIVATED_CLOSE_THROUGH,236
IFVG2-002488,3,bearish,2026-06-01 15:33:00-04:00,False,302,2026-06-01 23:35:00-04:00,536,EXPIRED_UNTOUCHED_8H,302
IFVG2-002489,3,bearish,2026-06-01 15:36:00-04:00,False,303,2026-06-01 23:37:00-04:00,537,EXPIRED_ACTIVE_8H,303
IFVG2-002490,3,bearish,2026-06-01 18:09:00-04:00,False,329,2026-06-02 02:09:00-04:00,574,EXPIRED_ACTIVE_8H,329
IFVG2-002491,3,bearish,2026-06-01 21:24:00-04:00,False,312,2026-06-02 00:30:00-04:00,549,DEACTIVATED_CLOSE_THROUGH,312
IFVG2-002492,3,bullish,2026-06-01 23:41:00-04:00,False,388,2026-06-02 07:42:00-04:00,656,EXPIRED_UNTOUCHED_8H,388
IFVG2-002493,3,bullish,2026-06-02 00:03:00-04:00,False,390,2026-06-02 08:04:00-04:00,658,EXPIRED_UNTOUCHED_8H,390
IFVG2-002494,3,bullish,2026-06-02 09:45:00-04:00,False,536,2026-06-02 18:03:00-04:00,945,EXPIRED_UNTOUCHED_8H,536
IFVG2-002495,3,bearish,2026-06-02 10:18:00-04:00,False,435,2026-06-02 10:54:00-04:00,753,DEACTIVATED_CLOSE_THROUGH,435
IFVG2-002496,3,bearish,2026-06-02 10:24:00-04:00,False,432,2026-06-02 10:45:00-04:00,746,DEACTIVATED_CLOSE_THROUGH,432
IFVG2-002497,3,bearish,2026-06-02 10:27:00-04:00,False,432,2026-06-02 10:45:00-04:00,746,DEACTIVATED_CLOSE_THROUGH,432
IFVG2-002498,3,bearish,2026-06-02 12:19:00-04:00,False,476,2026-06-02 13:03:00-04:00,838,DEACTIVATED_CLOSE_THROUGH,476
IFVG2-002499,3,bearish,2026-06-02 16:03:00-04:00,False,526,2026-06-02 16:06:00-04:00,928,DEACTIVATED_CLOSE_THROUGH,526
IFVG2-002500,3,bearish,2026-06-02 19:18:00-04:00,False,558,2026-06-02 19:45:00-04:00,985,DEACTIVATED_CLOSE_THROUGH,558
IFVG2-002501,3,bullish,2026-06-02 19:45:00-04:00,False,643,2026-06-03 03:45:00-04:00,1108,EXPIRED_UNTOUCHED_8H,643
IFVG2-002502,3,bearish,2026-06-02 21:48:00-04:00,False,588,2026-06-02 21:59:00-04:00,1027,DEACTIVATED_CLOSE_THROUGH,588
IFVG2-002503,3,bearish,2026-06-03 03:42:00-04:00,False,646,2026-06-03 03:54:00-04:00,1112,DEACTIVATED_CLOSE_THROUGH,646
IFVG2-002504,3,bearish,2026-06-03 09:36:00-04:00,False,872,2026-06-03 18:02:00-04:00,1578,EXPIRED_ACTIVE_8H,872
IFVG2-002505,3,bullish,2026-06-03 10:03:00-04:00,False,783,2026-06-03 12:27:00-04:00,1383,DEACTIVATED_CLOSE_THROUGH,783
IFVG2-002506,3,bearish,2026-06-03 10:51:00-04:00,False,752,2026-06-03 10:54:00-04:00,1304,DEACTIVATED_CLOSE_THROUGH,752
IFVG2-002507,3,bearish,2026-06-03 11:24:00-04:00,False,764,2026-06-03 11:30:00-04:00,1334,DEACTIVATED_CLOSE_THROUGH,764
IFVG2-002508,3,bullish,2026-06-03 11:51:00-04:00,False,772,2026-06-03 11:53:00-04:00,1357,DEACTIVATED_CLOSE_THROUGH,772
IFVG2-002509,3,bullish,2026-06-03 11:51:00-04:00,False,773,2026-06-03 11:57:00-04:00,1360,DEACTIVATED_OVERSHOOT_LIMIT,773
IFVG2-002510,3,bullish,2026-06-03 13:57:00-04:00,False,819,2026-06-03 14:15:00-04:00,1470,DEACTIVATED_CLOSE_THROUGH,819
IFVG2-002511,3,bullish,2026-06-03 14:24:00-04:00,False,828,2026-06-03 14:42:00-04:00,1488,DEACTIVATED_CLOSE_THROUGH,828
IFVG2-002512,3,bullish,2026-06-03 14:24:00-04:00,False,853,2026-06-03 16:03:00-04:00,1538,DEACTIVATED_CLOSE_THROUGH,853
IFVG2-002513,3,bullish,2026-06-03 14:27:00-04:00,False,828,2026-06-03 14:42:00-04:00,1488,DEACTIVATED_CLOSE_THROUGH,828
IFVG2-002514,3,bearish,2026-06-03 14:42:00-04:00,False,845,2026-06-03 15:39:00-04:00,1520,DEACTIVATED_CLOSE_THROUGH,845
IFVG2-002515,3,bearish,2026-06-03 16:42:00-04:00,False,955,2026-06-04 01:12:00-04:00,1699,EXPIRED_ACTIVE_8H,955
IFVG2-002516,3,bullish,2026-06-04 04:32:00-04:00,False,992,2026-06-04 04:51:00-04:00,1751,DEACTIVATED_CLOSE_THROUGH,992
IFVG2-002517,3,bullish,2026-06-04 05:48:00-04:00,False,1019,2026-06-04 06:17:00-04:00,1812,DEACTIVATED_CLOSE_THROUGH,1019
IFVG2-002518,3,bearish,2026-06-04 06:21:00-04:00,False,1021,2026-06-04 06:24:00-04:00,1815,DEACTIVATED_CLOSE_THROUGH,1021
IFVG2-002519,3,bearish,2026-06-04 06:29:00-04:00,False,1063,2026-06-04 08:45:00-04:00,1884,DEACTIVATED_CLOSE_THROUGH,1063
IFVG2-002520,3,bearish,2026-06-04 06:37:00-04:00,False,1061,2026-06-04 08:39:00-04:00,1879,DEACTIVATED_OVERSHOOT_LIMIT,1061
IFVG2-002521,3,bearish,2026-06-04 07:39:00-04:00,False,1048,2026-06-04 07:52:00-04:00,1854,DEACTIVATED_CLOSE_THROUGH,1048
IFVG2-002522,3,bullish,2026-06-04 08:09:00-04:00,False,1083,2026-06-04 09:48:00-04:00,1928,DEACTIVATED_OVERSHOOT_LIMIT,1083
IFVG2-002523,3,bearish,2026-06-04 09:27:00-04:00,False,1079,2026-06-04 09:36:00-04:00,1916,DEACTIVATED_CLOSE_THROUGH,1079
IFVG2-002524,3,bearish,2026-06-04 09:27:00-04:00,False,1079,2026-06-04 09:36:00-04:00,1916,DEACTIVATED_OVERSHOOT_LIMIT,1079
IFVG2-002525,3,bearish,2026-06-04 09:42:00-04:00,False,1096,2026-06-04 10:27:00-04:00,1966,DEACTIVATED_CLOSE_THROUGH,1096
IFVG2-002526,3,bullish,2026-06-04 10:12:00-04:00,False,1223,2026-06-04 18:12:00-04:00,2249,EXPIRED_ACTIVE_8H,1223
IFVG2-002527,3,bearish,2026-06-04 10:21:00-04:00,False,1095,2026-06-04 10:24:00-04:00,1963,DEACTIVATED_CLOSE_THROUGH,1095
IFVG2-002528,3,bearish,2026-06-04 11:21:00-04:00,False,1116,2026-06-04 11:27:00-04:00,2024,DEACTIVATED_CLOSE_THROUGH,1116
IFVG2-002529,3,bearish,2026-06-04 11:45:00-04:00,False,1131,2026-06-04 12:12:00-04:00,2058,DEACTIVATED_CLOSE_THROUGH,1131
IFVG2-002530,3,bearish,2026-06-04 13:18:00-04:00,False,1156,2026-06-04 13:27:00-04:00,2116,DEACTIVATED_CLOSE_THROUGH,1156
IFVG2-002531,3,bullish,2026-06-04 13:45:00-04:00,False,1202,2026-06-04 15:51:00-04:00,2213,DEACTIVATED_CLOSE_THROUGH,1202
IFVG2-002532,3,bearish,2026-06-04 14:42:00-04:00,False,1181,2026-06-04 14:45:00-04:00,2169,DEACTIVATED_CLOSE_THROUGH,1181
IFVG2-002533,3,bearish,2026-06-04 15:42:00-04:00,False,1305,2026-06-04 23:47:00-04:00,2371,EXPIRED_UNTOUCHED_8H,1305
IFVG2-002534,3,bearish,2026-06-04 15:42:00-04:00,False,1305,2026-06-04 23:47:00-04:00,2371,EXPIRED_UNTOUCHED_8H,1305
IFVG2-002535,3,bearish,2026-06-04 15:47:00-04:00,False,1305,2026-06-04 23:47:00-04:00,2371,EXPIRED_UNTOUCHED_8H,1305
IFVG2-002536,3,bearish,2026-06-04 18:15:00-04:00,False,1337,2026-06-05 02:15:00-04:00,2422,EXPIRED_ACTIVE_8H,1337
IFVG2-002537,3,bearish,2026-06-04 18:26:00-04:00,False,1232,2026-06-04 18:59:00-04:00,2264,DEACTIVATED_CLOSE_THROUGH,1232
IFVG2-002538,3,bearish,2026-06-04 18:26:00-04:00,False,1232,2026-06-04 18:59:00-04:00,2264,DEACTIVATED_CLOSE_THROUGH,1232
IFVG2-002539,3,bullish,2026-06-04 21:32:00-04:00,False,1354,2026-06-05 03:15:00-04:00,2459,DEACTIVATED_CLOSE_THROUGH,1354
IFVG2-002540,3,bearish,2026-06-05 02:15:00-04:00,False,1376,2026-06-05 04:33:00-04:00,2501,DEACTIVATED_CLOSE_THROUGH,1376
IFVG2-002541,3,bearish,2026-06-05 02:20:00-04:00,False,1374,2026-06-05 04:23:00-04:00,2497,DEACTIVATED_CLOSE_THROUGH,1374
IFVG2-002542,3,bearish,2026-06-05 02:20:00-04:00,False,1376,2026-06-05 04:33:00-04:00,2501,DEACTIVATED_CLOSE_THROUGH,1376
IFVG2-002543,3,bullish,2026-06-05 03:33:00-04:00,False,1423,2026-06-05 08:13:00-04:00,2568,DEACTIVATED_CLOSE_THROUGH,1423
IFVG2-002544,3,bullish,2026-06-05 03:39:00-04:00,False,1363,2026-06-05 03:41:00-04:00,2478,DEACTIVATED_CLOSE_THROUGH,1363
IFVG2-002545,3,bullish,2026-06-05 03:39:00-04:00,False,1365,2026-06-05 03:48:00-04:00,2481,DEACTIVATED_CLOSE_THROUGH,1365
IFVG2-002546,3,bullish,2026-06-05 04:23:00-04:00,False,1420,2026-06-05 08:05:00-04:00,2564,DEACTIVATED_CLOSE_THROUGH,1420
IFVG2-002547,3,bearish,2026-06-05 04:44:00-04:00,False,1385,2026-06-05 05:15:00-04:00,2512,DEACTIVATED_CLOSE_THROUGH,1385
IFVG2-002548,3,bullish,2026-06-05 05:52:00-04:00,False,1408,2026-06-05 07:07:00-04:00,2543,DEACTIVATED_CLOSE_THROUGH,1408
IFVG2-002549,3,bullish,2026-06-05 05:52:00-04:00,False,1409,2026-06-05 07:18:00-04:00,2544,DEACTIVATED_CLOSE_THROUGH,1409
IFVG2-002550,3,bullish,2026-06-05 06:24:00-04:00,False,1408,2026-06-05 07:07:00-04:00,2543,DEACTIVATED_CLOSE_THROUGH,1408
IFVG2-002551,3,bearish,2026-06-05 07:07:00-04:00,False,1561,2026-06-05 15:09:00-04:00,2966,EXPIRED_UNTOUCHED_8H,1561
IFVG2-002552,3,bullish,2026-06-05 07:30:00-04:00,False,1417,2026-06-05 07:56:00-04:00,2561,DEACTIVATED_CLOSE_THROUGH,1417
IFVG2-002553,3,bullish,2026-06-05 08:20:00-04:00,False,1428,2026-06-05 08:30:00-04:00,2577,DEACTIVATED_CLOSE_THROUGH,1428
IFVG2-002554,3,bearish,2026-06-05 08:30:00-04:00,False,1588,2026-06-05 16:30:00-04:00,3044,EXPIRED_ACTIVE_8H,1588
IFVG2-002555,3,bullish,2026-06-05 10:21:00-04:00,False,1466,2026-06-05 10:24:00-04:00,2681,DEACTIVATED_CLOSE_THROUGH,1466
IFVG2-002556,3,bearish,2026-06-05 10:27:00-04:00,False,1470,2026-06-05 10:36:00-04:00,2693,DEACTIVATED_CLOSE_THROUGH,1470
IFVG2-002557,3,bearish,2026-06-05 10:48:00-04:00,False,1478,2026-06-05 11:00:00-04:00,2717,DEACTIVATED_OVERSHOOT_LIMIT,1478
IFVG2-002558,3,bullish,2026-06-05 12:54:00-04:00,False,1519,2026-06-05 13:03:00-04:00,2840,DEACTIVATED_CLOSE_THROUGH,1519
IFVG2-002559,3,bullish,2026-06-05 12:54:00-04:00,False,1519,2026-06-05 13:03:00-04:00,2840,DEACTIVATED_CLOSE_THROUGH,1519
IFVG2-002560,3,bearish,2026-06-05 14:03:00-04:00,False,1599,2026-06-07 18:03:00-04:00,3077,EXPIRED_ACTIVE_8H,1599
IFVG2-002561,3,bearish,2026-06-05 16:00:00-04:00,False,1599,2026-06-07 18:03:00-04:00,3077,EXPIRED_UNTOUCHED_8H,1599
IFVG2-002562,3,bearish,2026-06-05 16:33:00-04:00,False,1596,2026-06-05 16:54:00-04:00,3068,DEACTIVATED_CLOSE_THROUGH,1596
IFVG2-002563,3,bearish,2026-06-07 18:30:00-04:00,False,1610,2026-06-07 18:36:00-04:00,3104,DEACTIVATED_CLOSE_THROUGH,1610
IFVG2-002564,3,bullish,2026-06-07 18:36:00-04:00,False,1613,2026-06-07 18:43:00-04:00,3109,DEACTIVATED_CLOSE_THROUGH,1613
IFVG2-002565,3,bullish,2026-06-07 18:39:00-04:00,False,1614,2026-06-07 18:48:00-04:00,3112,DEACTIVATED_OVERSHOOT_LIMIT,1614
IFVG2-002566,3,bearish,2026-06-07 20:54:00-04:00,False,1657,2026-06-07 21:06:00-04:00,3207,DEACTIVATED_OVERSHOOT_LIMIT,1657
IFVG2-002567,3,bearish,2026-06-07 20:57:00-04:00,False,1655,2026-06-07 21:00:00-04:00,3202,DEACTIVATED_CLOSE_THROUGH,1655
IFVG2-002568,3,bearish,2026-06-07 20:57:00-04:00,False,1657,2026-06-07 21:06:00-04:00,3207,DEACTIVATED_OVERSHOOT_LIMIT,1657
IFVG2-002569,3,bearish,2026-06-07 21:18:00-04:00,False,1676,2026-06-07 22:03:00-04:00,3255,DEACTIVATED_OVERSHOOT_LIMIT,1676
IFVG2-002570,3,bullish,2026-06-07 22:39:00-04:00,False,1716,2026-06-08 00:36:00-04:00,3335,DEACTIVATED_CLOSE_THROUGH,1716
IFVG2-002571,3,bullish,2026-06-07 22:39:00-04:00,False,1717,2026-06-08 00:39:00-04:00,3336,DEACTIVATED_CLOSE_THROUGH,1717
IFVG2-002572,3,bearish,2026-06-07 23:14:00-04:00,False,1702,2026-06-07 23:31:00-04:00,3309,DEACTIVATED_CLOSE_THROUGH,1702
IFVG2-002573,3,bearish,2026-06-07 23:18:00-04:00,False,1701,2026-06-07 23:30:00-04:00,3308,DEACTIVATED_CLOSE_THROUGH,1701
IFVG2-002574,3,bearish,2026-06-08 00:45:00-04:00,False,1760,2026-06-08 03:14:00-04:00,3420,DEACTIVATED_CLOSE_THROUGH,1760
IFVG2-002575,3,bullish,2026-06-08 02:02:00-04:00,False,1879,2026-06-08 10:03:00-04:00,3711,EXPIRED_ACTIVE_8H,1879
IFVG2-002576,3,bullish,2026-06-08 02:27:00-04:00,False,1887,2026-06-08 10:27:00-04:00,3735,EXPIRED_ACTIVE_8H,1887
IFVG2-002577,3,bearish,2026-06-08 02:51:00-04:00,False,1754,2026-06-08 02:57:00-04:00,3408,DEACTIVATED_CLOSE_THROUGH,1754
IFVG2-002578,3,bearish,2026-06-08 02:51:00-04:00,False,1754,2026-06-08 02:57:00-04:00,3408,DEACTIVATED_CLOSE_THROUGH,1754
IFVG2-002579,3,bullish,2026-06-08 03:14:00-04:00,False,1903,2026-06-08 11:15:00-04:00,3783,EXPIRED_ACTIVE_8H,1903
IFVG2-002580,3,bearish,2026-06-08 03:36:00-04:00,False,1770,2026-06-08 03:48:00-04:00,3444,DEACTIVATED_CLOSE_THROUGH,1770
IFVG2-002581,3,bearish,2026-06-08 04:03:00-04:00,False,1784,2026-06-08 04:33:00-04:00,3474,DEACTIVATED_CLOSE_THROUGH,1784
IFVG2-002582,3,bearish,2026-06-08 04:48:00-04:00,False,1793,2026-06-08 05:06:00-04:00,3492,DEACTIVATED_CLOSE_THROUGH,1793
IFVG2-002583,3,bearish,2026-06-08 04:48:00-04:00,False,1795,2026-06-08 05:21:00-04:00,3498,DEACTIVATED_CLOSE_THROUGH,1795
IFVG2-002584,3,bearish,2026-06-08 05:36:00-04:00,False,1800,2026-06-08 05:39:00-04:00,3508,DEACTIVATED_OVERSHOOT_LIMIT,1800
IFVG2-002585,3,bullish,2026-06-08 06:36:00-04:00,False,1970,2026-06-08 14:36:00-04:00,3975,EXPIRED_UNTOUCHED_8H,1970
IFVG2-002586,3,bearish,2026-06-08 07:48:00-04:00,False,1842,2026-06-08 08:12:00-04:00,3603,DEACTIVATED_CLOSE_THROUGH,1842
IFVG2-002587,3,bullish,2026-06-08 08:21:00-04:00,False,1870,2026-06-08 09:36:00-04:00,3684,DEACTIVATED_OVERSHOOT_LIMIT,1870
IFVG2-002588,3,bearish,2026-06-08 09:36:00-04:00,False,1873,2026-06-08 09:45:00-04:00,3693,DEACTIVATED_OVERSHOOT_LIMIT,1873
IFVG2-002589,3,bearish,2026-06-08 11:27:00-04:00,False,1914,2026-06-08 11:48:00-04:00,3816,DEACTIVATED_CLOSE_THROUGH,1914
IFVG2-002590,3,bearish,2026-06-08 11:27:00-04:00,False,1914,2026-06-08 11:48:00-04:00,3816,DEACTIVATED_OVERSHOOT_LIMIT,1914
IFVG2-002591,3,bullish,2026-06-08 11:45:00-04:00,False,1917,2026-06-08 11:57:00-04:00,3825,DEACTIVATED_CLOSE_THROUGH,1917
IFVG2-002592,3,bullish,2026-06-08 11:48:00-04:00,False,1915,2026-06-08 11:51:00-04:00,3819,DEACTIVATED_OVERSHOOT_LIMIT,1915
IFVG2-002593,3,bearish,2026-06-08 11:51:00-04:00,False,1916,2026-06-08 11:54:00-04:00,3822,DEACTIVATED_OVERSHOOT_LIMIT,1916
IFVG2-002594,3,bearish,2026-06-08 12:30:00-04:00,False,2052,2026-06-08 20:30:00-04:00,4146,EXPIRED_ACTIVE_8H,2052
IFVG2-002595,3,bearish,2026-06-08 16:21:00-04:00,False,2006,2026-06-08 16:27:00-04:00,4073,DEACTIVATED_CLOSE_THROUGH,2006
IFVG2-002596,3,bearish,2026-06-08 18:03:00-04:00,False,2034,2026-06-08 19:14:00-04:00,4123,DEACTIVATED_CLOSE_THROUGH,2034
IFVG2-002597,3,bullish,2026-06-08 21:41:00-04:00,False,2204,2026-06-09 05:47:00-04:00,4403,EXPIRED_ACTIVE_8H,2204
IFVG2-002598,3,bullish,2026-06-08 22:42:00-04:00,False,2217,2026-06-09 06:45:00-04:00,4425,EXPIRED_ACTIVE_8H,2217
IFVG2-002599,3,bearish,2026-06-08 22:52:00-04:00,False,2097,2026-06-08 22:57:00-04:00,4223,DEACTIVATED_CLOSE_THROUGH,2097
IFVG2-002600,3,bearish,2026-06-08 23:54:00-04:00,False,2115,2026-06-09 00:12:00-04:00,4251,DEACTIVATED_CLOSE_THROUGH,2115
IFVG2-002601,3,bearish,2026-06-08 23:54:00-04:00,False,2114,2026-06-09 00:09:00-04:00,4248,DEACTIVATED_CLOSE_THROUGH,2114
IFVG2-002602,3,bullish,2026-06-09 01:33:00-04:00,False,2169,2026-06-09 03:39:00-04:00,4345,DEACTIVATED_OVERSHOOT_LIMIT,2169
IFVG2-002603,3,bearish,2026-06-09 02:27:00-04:00,False,2160,2026-06-09 03:02:00-04:00,4325,DEACTIVATED_CLOSE_THROUGH,2160
IFVG2-002604,3,bearish,2026-06-09 02:27:00-04:00,False,2161,2026-06-09 03:06:00-04:00,4328,DEACTIVATED_CLOSE_THROUGH,2161
IFVG2-002605,3,bearish,2026-06-09 02:30:00-04:00,False,2160,2026-06-09 03:02:00-04:00,4325,DEACTIVATED_CLOSE_THROUGH,2160
IFVG2-002606,3,bearish,2026-06-09 04:39:00-04:00,False,2188,2026-06-09 04:41:00-04:00,4379,DEACTIVATED_CLOSE_THROUGH,2188
IFVG2-002607,3,bullish,2026-06-09 05:28:00-04:00,False,2209,2026-06-09 06:09:00-04:00,4412,DEACTIVATED_OVERSHOOT_LIMIT,2209
IFVG2-002608,3,bearish,2026-06-09 10:12:00-04:00,False,2421,2026-06-09 18:14:00-04:00,4953,EXPIRED_UNTOUCHED_8H,2421
IFVG2-002609,3,bullish,2026-06-09 13:00:00-04:00,False,2472,2026-06-09 21:02:00-04:00,5065,EXPIRED_ACTIVE_8H,2472
IFVG2-002610,3,bullish,2026-06-09 13:06:00-04:00,False,2473,2026-06-09 21:06:00-04:00,5068,EXPIRED_ACTIVE_8H,2473
IFVG2-002611,3,bearish,2026-06-09 13:48:00-04:00,False,2354,2026-06-09 13:51:00-04:00,4772,DEACTIVATED_CLOSE_THROUGH,2354
IFVG2-002612,3,bearish,2026-06-09 13:48:00-04:00,False,2355,2026-06-09 13:54:00-04:00,4775,DEACTIVATED_OVERSHOOT_LIMIT,2355
IFVG2-002613,3,bullish,2026-06-09 15:00:00-04:00,False,2383,2026-06-09 15:18:00-04:00,4859,DEACTIVATED_CLOSE_THROUGH,2383
IFVG2-002614,3,bearish,2026-06-09 15:12:00-04:00,False,2396,2026-06-09 15:57:00-04:00,4898,DEACTIVATED_CLOSE_THROUGH,2396
IFVG2-002615,3,bearish,2026-06-09 15:12:00-04:00,False,2395,2026-06-09 15:54:00-04:00,4895,DEACTIVATED_OVERSHOOT_LIMIT,2395
IFVG2-002616,3,bullish,2026-06-09 15:33:00-04:00,False,2391,2026-06-09 15:42:00-04:00,4883,DEACTIVATED_CLOSE_THROUGH,2391
IFVG2-002617,3,bearish,2026-06-09 15:42:00-04:00,False,2394,2026-06-09 15:51:00-04:00,4892,DEACTIVATED_CLOSE_THROUGH,2394
IFVG2-002618,3,bullish,2026-06-09 15:57:00-04:00,False,2429,2026-06-09 18:42:00-04:00,4975,DEACTIVATED_CLOSE_THROUGH,2429
IFVG2-002619,3,bullish,2026-06-09 16:06:00-04:00,False,2417,2026-06-09 18:03:00-04:00,4944,DEACTIVATED_CLOSE_THROUGH,2417
IFVG2-002620,3,bearish,2026-06-09 16:54:00-04:00,False,2453,2026-06-09 20:06:00-04:00,5019,DEACTIVATED_CLOSE_THROUGH,2453
IFVG2-002621,3,bearish,2026-06-09 18:39:00-04:00,False,2436,2026-06-09 19:06:00-04:00,4986,DEACTIVATED_CLOSE_THROUGH,2436
IFVG2-002622,3,bullish,2026-06-09 19:06:00-04:00,False,2438,2026-06-09 19:12:00-04:00,4992,DEACTIVATED_CLOSE_THROUGH,2438
IFVG2-002623,3,bullish,2026-06-09 19:06:00-04:00,False,2440,2026-06-09 19:17:00-04:00,4996,DEACTIVATED_CLOSE_THROUGH,2440
IFVG2-002624,3,bullish,2026-06-09 19:06:00-04:00,False,2440,2026-06-09 19:17:00-04:00,4996,DEACTIVATED_CLOSE_THROUGH,2440
IFVG2-002625,3,bearish,2026-06-09 21:02:00-04:00,False,2473,2026-06-09 21:06:00-04:00,5068,DEACTIVATED_OVERSHOOT_LIMIT,2473
IFVG2-002626,3,bearish,2026-06-09 21:24:00-04:00,False,2481,2026-06-09 21:30:00-04:00,5087,DEACTIVATED_OVERSHOOT_LIMIT,2481
IFVG2-002627,3,bullish,2026-06-09 21:36:00-04:00,False,2484,2026-06-09 21:38:00-04:00,5093,DEACTIVATED_CLOSE_THROUGH,2484
IFVG2-002628,3,bullish,2026-06-09 23:17:00-04:00,False,2519,2026-06-09 23:42:00-04:00,5160,DEACTIVATED_CLOSE_THROUGH,2519
IFVG2-002629,3,bullish,2026-06-10 01:57:00-04:00,False,2554,2026-06-10 02:00:00-04:00,5229,DEACTIVATED_CLOSE_THROUGH,2554
IFVG2-002630,3,bullish,2026-06-10 01:57:00-04:00,False,2554,2026-06-10 02:00:00-04:00,5229,DEACTIVATED_OVERSHOOT_LIMIT,2554
IFVG2-002631,3,bullish,2026-06-10 02:09:00-04:00,False,2562,2026-06-10 02:27:00-04:00,5244,DEACTIVATED_OVERSHOOT_LIMIT,2562
IFVG2-002632,3,bullish,2026-06-10 03:02:00-04:00,False,2572,2026-06-10 03:05:00-04:00,5266,DEACTIVATED_CLOSE_THROUGH,2572
IFVG2-002633,3,bearish,2026-06-10 04:13:00-04:00,False,2679,2026-06-10 08:33:00-04:00,5508,DEACTIVATED_OVERSHOOT_LIMIT,2679
IFVG2-002634,3,bullish,2026-06-10 05:06:00-04:00,False,2613,2026-06-10 05:15:00-04:00,5349,DEACTIVATED_CLOSE_THROUGH,2613
IFVG2-002635,3,bullish,2026-06-10 05:36:00-04:00,False,2622,2026-06-10 05:42:00-04:00,5375,DEACTIVATED_CLOSE_THROUGH,2622
IFVG2-002636,3,bearish,2026-06-10 07:06:00-04:00,False,2656,2026-06-10 07:24:00-04:00,5449,DEACTIVATED_CLOSE_THROUGH,2656
IFVG2-002637,3,bearish,2026-06-10 07:06:00-04:00,False,2679,2026-06-10 08:33:00-04:00,5508,DEACTIVATED_CLOSE_THROUGH,2679
IFVG2-002638,3,bearish,2026-06-10 07:06:00-04:00,False,2679,2026-06-10 08:33:00-04:00,5508,DEACTIVATED_CLOSE_THROUGH,2679
IFVG2-002639,3,bullish,2026-06-10 08:33:00-04:00,False,2699,2026-06-10 09:36:00-04:00,5562,DEACTIVATED_OVERSHOOT_LIMIT,2699
IFVG2-002640,3,bullish,2026-06-10 08:33:00-04:00,False,2699,2026-06-10 09:36:00-04:00,5562,DEACTIVATED_OVERSHOOT_LIMIT,2699
IFVG2-002641,3,bearish,2026-06-10 12:12:00-04:00,False,2759,2026-06-10 12:36:00-04:00,5742,DEACTIVATED_OVERSHOOT_LIMIT,2759
IFVG2-002642,3,bearish,2026-06-10 12:48:00-04:00,False,2786,2026-06-10 13:57:00-04:00,5821,DEACTIVATED_OVERSHOOT_LIMIT,2786
IFVG2-002643,3,bullish,2026-06-10 13:48:00-04:00,False,2798,2026-06-10 14:33:00-04:00,5857,DEACTIVATED_CLOSE_THROUGH,2798
IFVG2-002644,3,bullish,2026-06-10 15:33:00-04:00,False,2828,2026-06-10 16:03:00-04:00,5942,DEACTIVATED_CLOSE_THROUGH,2828
IFVG2-002645,3,bearish,2026-06-10 16:00:00-04:00,False,2908,2026-06-10 21:03:00-04:00,6145,DEACTIVATED_CLOSE_THROUGH,2908
IFVG2-002646,3,bullish,2026-06-10 18:42:00-04:00,False,2865,2026-06-10 18:54:00-04:00,6027,DEACTIVATED_CLOSE_THROUGH,2865
IFVG2-002647,3,bullish,2026-06-10 19:21:00-04:00,False,2875,2026-06-10 19:24:00-04:00,6052,DEACTIVATED_OVERSHOOT_LIMIT,2875
IFVG2-002648,3,bullish,2026-06-10 19:21:00-04:00,False,3034,2026-06-11 03:21:00-04:00,6464,EXPIRED_ACTIVE_8H,3034
IFVG2-002649,3,bullish,2026-06-10 19:42:00-04:00,False,2884,2026-06-10 19:51:00-04:00,6076,DEACTIVATED_OVERSHOOT_LIMIT,2884
IFVG2-002650,3,bullish,2026-06-10 20:18:00-04:00,False,2895,2026-06-10 20:24:00-04:00,6107,DEACTIVATED_OVERSHOOT_LIMIT,2895
IFVG2-002651,3,bullish,2026-06-10 20:18:00-04:00,False,2900,2026-06-10 20:39:00-04:00,6121,DEACTIVATED_OVERSHOOT_LIMIT,2900
IFVG2-002652,3,bullish,2026-06-10 21:03:00-04:00,False,3068,2026-06-11 05:03:00-04:00,6559,EXPIRED_ACTIVE_8H,3068
IFVG2-002653,3,bearish,2026-06-10 21:33:00-04:00,False,2920,2026-06-10 21:39:00-04:00,6181,DEACTIVATED_CLOSE_THROUGH,2920
IFVG2-002654,3,bullish,2026-06-10 22:06:00-04:00,False,2930,2026-06-10 22:09:00-04:00,6209,DEACTIVATED_CLOSE_THROUGH,2930
IFVG2-002655,3,bearish,2026-06-10 22:12:00-04:00,False,2948,2026-06-10 23:03:00-04:00,6260,DEACTIVATED_OVERSHOOT_LIMIT,2948
IFVG2-002656,3,bullish,2026-06-10 22:42:00-04:00,False,2943,2026-06-10 22:48:00-04:00,6246,DEACTIVATED_OVERSHOOT_LIMIT,2943
IFVG2-002657,3,bullish,2026-06-10 22:57:00-04:00,False,3104,2026-06-11 06:57:00-04:00,6651,EXPIRED_ACTIVE_8H,3104
IFVG2-002658,3,bearish,2026-06-10 23:09:00-04:00,False,2959,2026-06-10 23:35:00-04:00,6290,DEACTIVATED_CLOSE_THROUGH,2959
IFVG2-002659,3,bearish,2026-06-10 23:12:00-04:00,False,2958,2026-06-10 23:33:00-04:00,6288,DEACTIVATED_CLOSE_THROUGH,2958
IFVG2-002660,3,bearish,2026-06-10 23:21:00-04:00,False,2958,2026-06-10 23:33:00-04:00,6288,DEACTIVATED_CLOSE_THROUGH,2958
IFVG2-002661,3,bullish,2026-06-10 23:33:00-04:00,False,3116,2026-06-11 07:33:00-04:00,6686,EXPIRED_UNTOUCHED_8H,3116
IFVG2-002662,3,bearish,2026-06-11 00:06:00-04:00,False,2970,2026-06-11 00:07:00-04:00,6314,DEACTIVATED_CLOSE_THROUGH,2970
IFVG2-002663,3,bullish,2026-06-11 00:24:00-04:00,False,2997,2026-06-11 01:30:00-04:00,6377,DEACTIVATED_OVERSHOOT_LIMIT,2997
IFVG2-002664,3,bullish,2026-06-11 01:36:00-04:00,False,3004,2026-06-11 01:51:00-04:00,6390,DEACTIVATED_CLOSE_THROUGH,3004
IFVG2-002665,3,bullish,2026-06-11 02:12:00-04:00,False,3012,2026-06-11 02:15:00-04:00,6409,DEACTIVATED_OVERSHOOT_LIMIT,3012
IFVG2-002666,3,bearish,2026-06-11 04:30:00-04:00,False,3059,2026-06-11 04:36:00-04:00,6537,DEACTIVATED_CLOSE_THROUGH,3059
IFVG2-002667,3,bearish,2026-06-11 05:09:00-04:00,False,3162,2026-06-11 09:51:00-04:00,6819,DEACTIVATED_CLOSE_THROUGH,3162
IFVG2-002668,3,bullish,2026-06-11 05:30:00-04:00,False,3078,2026-06-11 05:33:00-04:00,6586,DEACTIVATED_CLOSE_THROUGH,3078
IFVG2-002669,3,bullish,2026-06-11 06:33:00-04:00,False,3101,2026-06-11 06:48:00-04:00,6644,DEACTIVATED_OVERSHOOT_LIMIT,3101
IFVG2-002670,3,bearish,2026-06-11 07:06:00-04:00,False,3108,2026-06-11 07:09:00-04:00,6663,DEACTIVATED_OVERSHOOT_LIMIT,3108
IFVG2-002671,3,bullish,2026-06-11 07:33:00-04:00,False,3133,2026-06-11 08:24:00-04:00,6732,DEACTIVATED_CLOSE_THROUGH,3133
IFVG2-002672,3,bullish,2026-06-11 07:54:00-04:00,False,3128,2026-06-11 08:09:00-04:00,6719,DEACTIVATED_OVERSHOOT_LIMIT,3128
IFVG2-002673,3,bullish,2026-06-11 07:54:00-04:00,False,3132,2026-06-11 08:21:00-04:00,6729,DEACTIVATED_CLOSE_THROUGH,3132
IFVG2-002674,3,bullish,2026-06-11 08:03:00-04:00,False,3128,2026-06-11 08:09:00-04:00,6719,DEACTIVATED_OVERSHOOT_LIMIT,3128
IFVG2-002675,3,bearish,2026-06-11 08:24:00-04:00,False,3143,2026-06-11 08:54:00-04:00,6762,DEACTIVATED_OVERSHOOT_LIMIT,3143
IFVG2-002676,3,bearish,2026-06-11 08:24:00-04:00,False,3161,2026-06-11 09:48:00-04:00,6816,DEACTIVATED_CLOSE_THROUGH,3161
IFVG2-002677,3,bullish,2026-06-11 08:42:00-04:00,False,3140,2026-06-11 08:45:00-04:00,6753,DEACTIVATED_OVERSHOOT_LIMIT,3140
IFVG2-002678,3,bullish,2026-06-11 09:48:00-04:00,False,3162,2026-06-11 09:51:00-04:00,6819,DEACTIVATED_OVERSHOOT_LIMIT,3162
IFVG2-002679,3,bullish,2026-06-11 10:24:00-04:00,False,3175,2026-06-11 10:30:00-04:00,6858,DEACTIVATED_OVERSHOOT_LIMIT,3175
IFVG2-002680,3,bearish,2026-06-11 10:54:00-04:00,False,3192,2026-06-11 11:21:00-04:00,6909,DEACTIVATED_CLOSE_THROUGH,3192
IFVG2-002681,3,bearish,2026-06-11 10:57:00-04:00,False,3188,2026-06-11 11:09:00-04:00,6897,DEACTIVATED_CLOSE_THROUGH,3188
IFVG2-002682,3,bullish,2026-06-11 11:15:00-04:00,False,3232,2026-06-11 13:21:00-04:00,7029,DEACTIVATED_OVERSHOOT_LIMIT,3232
IFVG2-002683,3,bullish,2026-06-11 11:39:00-04:00,False,3200,2026-06-11 11:45:00-04:00,6933,DEACTIVATED_CLOSE_THROUGH,3200
IFVG2-002684,3,bearish,2026-06-11 11:54:00-04:00,False,3204,2026-06-11 11:57:00-04:00,6945,DEACTIVATED_OVERSHOOT_LIMIT,3204
IFVG2-002685,3,bearish,2026-06-11 12:24:00-04:00,False,3217,2026-06-11 12:36:00-04:00,6984,DEACTIVATED_CLOSE_THROUGH,3217
IFVG2-002686,3,bullish,2026-06-11 12:36:00-04:00,False,3219,2026-06-11 12:42:00-04:00,6990,DEACTIVATED_CLOSE_THROUGH,3219
IFVG2-002687,3,bullish,2026-06-11 12:36:00-04:00,False,3219,2026-06-11 12:42:00-04:00,6990,DEACTIVATED_CLOSE_THROUGH,3219
IFVG2-002688,3,bearish,2026-06-11 12:57:00-04:00,False,3235,2026-06-11 13:30:00-04:00,7038,DEACTIVATED_CLOSE_THROUGH,3235
IFVG2-002689,3,bullish,2026-06-11 13:27:00-04:00,False,3374,2026-06-11 21:27:00-04:00,7436,EXPIRED_UNTOUCHED_8H,3374
IFVG2-002690,3,bullish,2026-06-11 13:30:00-04:00,False,3375,2026-06-11 21:30:00-04:00,7439,EXPIRED_UNTOUCHED_8H,3375
IFVG2-002691,3,bullish,2026-06-11 13:30:00-04:00,False,3375,2026-06-11 21:30:00-04:00,7439,EXPIRED_UNTOUCHED_8H,3375
IFVG2-002692,3,bullish,2026-06-11 13:30:00-04:00,False,3375,2026-06-11 21:30:00-04:00,7439,EXPIRED_UNTOUCHED_8H,3375
IFVG2-002693,3,bearish,2026-06-11 13:51:00-04:00,False,3245,2026-06-11 14:00:00-04:00,7068,DEACTIVATED_CLOSE_THROUGH,3245
IFVG2-002694,3,bearish,2026-06-11 15:51:00-04:00,False,3283,2026-06-11 15:54:00-04:00,7182,DEACTIVATED_CLOSE_THROUGH,3283
IFVG2-002695,3,bearish,2026-06-11 15:51:00-04:00,False,3288,2026-06-11 16:09:00-04:00,7197,DEACTIVATED_CLOSE_THROUGH,3288
IFVG2-002696,3,bullish,2026-06-11 15:54:00-04:00,False,3284,2026-06-11 15:57:00-04:00,7185,DEACTIVATED_OVERSHOOT_LIMIT,3284
IFVG2-002697,3,bullish,2026-06-11 18:02:00-04:00,False,3462,2026-06-12 01:51:00-04:00,7700,DEACTIVATED_CLOSE_THROUGH,3462
IFVG2-002698,3,bearish,2026-06-11 19:03:00-04:00,False,3341,2026-06-11 19:48:00-04:00,7337,DEACTIVATED_CLOSE_THROUGH,3341
IFVG2-002699,3,bearish,2026-06-11 19:06:00-04:00,False,3332,2026-06-11 19:21:00-04:00,7313,DEACTIVATED_OVERSHOOT_LIMIT,3332
IFVG2-002700,3,bullish,2026-06-11 19:15:00-04:00,False,3332,2026-06-11 19:21:00-04:00,7313,DEACTIVATED_OVERSHOOT_LIMIT,3332
IFVG2-002701,3,bullish,2026-06-11 19:18:00-04:00,False,3332,2026-06-11 19:21:00-04:00,7313,DEACTIVATED_CLOSE_THROUGH,3332
IFVG2-002702,3,bullish,2026-06-11 19:36:00-04:00,False,3373,2026-06-11 21:24:00-04:00,7433,DEACTIVATED_CLOSE_THROUGH,3373
IFVG2-002703,3,bullish,2026-06-11 19:45:00-04:00,False,3346,2026-06-11 20:03:00-04:00,7352,DEACTIVATED_OVERSHOOT_LIMIT,3346
IFVG2-002704,3,bullish,2026-06-11 19:48:00-04:00,False,3343,2026-06-11 19:54:00-04:00,7343,DEACTIVATED_OVERSHOOT_LIMIT,3343
IFVG2-002705,3,bearish,2026-06-11 20:45:00-04:00,False,3361,2026-06-11 20:48:00-04:00,7397,DEACTIVATED_OVERSHOOT_LIMIT,3361
IFVG2-002706,3,bearish,2026-06-11 21:03:00-04:00,False,3526,2026-06-12 05:03:00-04:00,7892,EXPIRED_ACTIVE_8H,3526
IFVG2-002707,3,bearish,2026-06-11 21:39:00-04:00,False,3380,2026-06-11 21:45:00-04:00,7454,DEACTIVATED_CLOSE_THROUGH,3380
IFVG2-002708,3,bullish,2026-06-11 21:51:00-04:00,False,3395,2026-06-11 22:30:00-04:00,7499,DEACTIVATED_CLOSE_THROUGH,3395
IFVG2-002709,3,bullish,2026-06-11 22:00:00-04:00,False,3395,2026-06-11 22:30:00-04:00,7499,DEACTIVATED_CLOSE_THROUGH,3395
IFVG2-002710,3,bearish,2026-06-11 22:27:00-04:00,False,3401,2026-06-11 22:48:00-04:00,7517,DEACTIVATED_OVERSHOOT_LIMIT,3401
IFVG2-002711,3,bullish,2026-06-11 22:48:00-04:00,False,3406,2026-06-11 23:03:00-04:00,7532,DEACTIVATED_OVERSHOOT_LIMIT,3406
IFVG2-002712,3,bullish,2026-06-11 23:30:00-04:00,False,3421,2026-06-11 23:48:00-04:00,7577,DEACTIVATED_CLOSE_THROUGH,3421
IFVG2-002713,3,bearish,2026-06-11 23:48:00-04:00,False,3422,2026-06-11 23:51:00-04:00,7580,DEACTIVATED_CLOSE_THROUGH,3422
IFVG2-002714,3,bearish,2026-06-11 23:48:00-04:00,False,3422,2026-06-11 23:51:00-04:00,7580,DEACTIVATED_OVERSHOOT_LIMIT,3422
IFVG2-002715,3,bullish,2026-06-12 00:30:00-04:00,False,3448,2026-06-12 01:09:00-04:00,7658,DEACTIVATED_CLOSE_THROUGH,3448
IFVG2-002716,3,bearish,2026-06-12 01:09:00-04:00,False,3450,2026-06-12 01:15:00-04:00,7664,DEACTIVATED_OVERSHOOT_LIMIT,3450
IFVG2-002717,3,bullish,2026-06-12 01:15:00-04:00,False,3451,2026-06-12 01:18:00-04:00,7667,DEACTIVATED_OVERSHOOT_LIMIT,3451
IFVG2-002718,3,bearish,2026-06-12 01:39:00-04:00,False,3459,2026-06-12 01:42:00-04:00,7691,DEACTIVATED_CLOSE_THROUGH,3459
IFVG2-002719,3,bearish,2026-06-12 01:39:00-04:00,False,3511,2026-06-12 04:18:00-04:00,7847,DEACTIVATED_CLOSE_THROUGH,3511
IFVG2-002720,3,bullish,2026-06-12 03:36:00-04:00,False,3617,2026-06-12 09:36:00-04:00,8165,DEACTIVATED_OVERSHOOT_LIMIT,3617
IFVG2-002721,3,bullish,2026-06-12 03:57:00-04:00,False,3505,2026-06-12 04:00:00-04:00,7829,DEACTIVATED_OVERSHOOT_LIMIT,3505
IFVG2-002722,3,bullish,2026-06-12 03:57:00-04:00,False,3604,2026-06-12 08:57:00-04:00,8126,DEACTIVATED_CLOSE_THROUGH,3604
IFVG2-002723,3,bullish,2026-06-12 03:57:00-04:00,False,3604,2026-06-12 08:57:00-04:00,8126,DEACTIVATED_CLOSE_THROUGH,3604
IFVG2-002724,3,bullish,2026-06-12 03:57:00-04:00,False,3606,2026-06-12 09:03:00-04:00,8132,DEACTIVATED_CLOSE_THROUGH,3606
IFVG2-002725,3,bullish,2026-06-12 04:03:00-04:00,False,3604,2026-06-12 08:57:00-04:00,8126,DEACTIVATED_CLOSE_THROUGH,3604
IFVG2-002726,3,bearish,2026-06-12 05:42:00-04:00,False,3540,2026-06-12 05:45:00-04:00,7934,DEACTIVATED_CLOSE_THROUGH,3540
IFVG2-002727,3,bearish,2026-06-12 06:21:00-04:00,False,3553,2026-06-12 06:24:00-04:00,7973,DEACTIVATED_OVERSHOOT_LIMIT,3553
IFVG2-002728,3,bullish,2026-06-12 07:18:00-04:00,False,3587,2026-06-12 08:06:00-04:00,8075,DEACTIVATED_OVERSHOOT_LIMIT,3587
IFVG2-002729,3,bearish,2026-06-12 07:33:00-04:00,False,3577,2026-06-12 07:36:00-04:00,8045,DEACTIVATED_CLOSE_THROUGH,3577
IFVG2-002730,3,bullish,2026-06-12 10:12:00-04:00,False,3630,2026-06-12 10:15:00-04:00,8204,DEACTIVATED_CLOSE_THROUGH,3630
IFVG2-002731,3,bullish,2026-06-12 10:54:00-04:00,False,3662,2026-06-12 11:51:00-04:00,8300,DEACTIVATED_CLOSE_THROUGH,3662
IFVG2-002732,3,bullish,2026-06-12 10:54:00-04:00,False,3665,2026-06-12 12:00:00-04:00,8309,DEACTIVATED_CLOSE_THROUGH,3665
IFVG2-002733,3,bearish,2026-06-12 11:51:00-04:00,False,3670,2026-06-12 12:15:00-04:00,8324,DEACTIVATED_CLOSE_THROUGH,3670
IFVG2-002734,3,bullish,2026-06-12 12:09:00-04:00,False,3669,2026-06-12 12:12:00-04:00,8321,DEACTIVATED_OVERSHOOT_LIMIT,3669
IFVG2-002735,3,bearish,2026-06-12 12:57:00-04:00,False,3685,2026-06-12 13:00:00-04:00,8369,DEACTIVATED_CLOSE_THROUGH,3685
IFVG2-002736,3,bullish,2026-06-12 14:12:00-04:00,False,3710,2026-06-12 14:15:00-04:00,8444,DEACTIVATED_CLOSE_THROUGH,3710
IFVG2-002737,3,bearish,2026-06-12 14:51:00-04:00,False,3723,2026-06-12 14:54:00-04:00,8483,DEACTIVATED_OVERSHOOT_LIMIT,3723
IFVG2-002738,3,bearish,2026-06-12 15:33:00-04:00,False,3738,2026-06-12 15:39:00-04:00,8528,DEACTIVATED_OVERSHOOT_LIMIT,3738
IFVG2-002739,3,bearish,2026-06-12 16:30:00-04:00,False,3759,2026-06-12 16:42:00-04:00,8591,DEACTIVATED_CLOSE_THROUGH,3759
IFVG2-002740,3,bullish,2026-06-14 18:03:00-04:00,False,3926,2026-06-15 02:03:00-04:00,9091,EXPIRED_UNTOUCHED_8H,3926
IFVG2-002741,3,bearish,2026-06-14 19:48:00-04:00,False,3802,2026-06-14 19:51:00-04:00,8719,DEACTIVATED_OVERSHOOT_LIMIT,3802
IFVG2-002742,3,bullish,2026-06-14 23:12:00-04:00,False,3870,2026-06-14 23:15:00-04:00,8923,DEACTIVATED_OVERSHOOT_LIMIT,3870
IFVG2-002743,3,bearish,2026-06-15 01:36:00-04:00,False,3918,2026-06-15 01:39:00-04:00,9067,DEACTIVATED_OVERSHOOT_LIMIT,3918
IFVG2-002744,3,bullish,2026-06-15 02:00:00-04:00,False,3931,2026-06-15 02:18:00-04:00,9106,DEACTIVATED_CLOSE_THROUGH,3931
IFVG2-002745,3,bearish,2026-06-15 04:54:00-04:00,False,3984,2026-06-15 04:57:00-04:00,9265,DEACTIVATED_OVERSHOOT_LIMIT,3984
IFVG2-002746,3,bullish,2026-06-15 07:03:00-04:00,False,4041,2026-06-15 07:48:00-04:00,9436,DEACTIVATED_OVERSHOOT_LIMIT,4041
IFVG2-002747,3,bullish,2026-06-15 07:09:00-04:00,False,4029,2026-06-15 07:12:00-04:00,9400,DEACTIVATED_OVERSHOOT_LIMIT,4029
IFVG2-002748,3,bullish,2026-06-15 09:15:00-04:00,False,4226,2026-06-15 18:03:00-04:00,9991,EXPIRED_ACTIVE_8H,4226
IFVG2-002749,3,bullish,2026-06-15 10:57:00-04:00,False,4235,2026-06-15 18:30:00-04:00,10018,DEACTIVATED_OVERSHOOT_LIMIT,4235
IFVG2-002750,3,bullish,2026-06-15 18:03:00-04:00,False,4227,2026-06-15 18:06:00-04:00,9994,DEACTIVATED_CLOSE_THROUGH,4227
IFVG2-002751,3,bullish,2026-06-15 20:30:00-04:00,False,4277,2026-06-15 20:36:00-04:00,10144,DEACTIVATED_CLOSE_THROUGH,4277
IFVG2-002752,3,bearish,2026-06-15 22:42:00-04:00,False,4321,2026-06-15 22:48:00-04:00,10276,DEACTIVATED_OVERSHOOT_LIMIT,4321
IFVG2-002753,3,bullish,2026-06-15 23:06:00-04:00,False,4487,2026-06-16 07:06:00-04:00,10774,EXPIRED_ACTIVE_8H,4487
IFVG2-002754,3,bullish,2026-06-15 23:09:00-04:00,False,4329,2026-06-15 23:12:00-04:00,10300,DEACTIVATED_CLOSE_THROUGH,4329
IFVG2-002755,3,bearish,2026-06-15 23:15:00-04:00,False,4332,2026-06-15 23:21:00-04:00,10309,DEACTIVATED_CLOSE_THROUGH,4332
IFVG2-002756,3,bullish,2026-06-16 00:24:00-04:00,False,4354,2026-06-16 00:27:00-04:00,10375,DEACTIVATED_OVERSHOOT_LIMIT,4354
IFVG2-002757,3,bearish,2026-06-16 00:45:00-04:00,False,4366,2026-06-16 01:03:00-04:00,10411,DEACTIVATED_CLOSE_THROUGH,4366
IFVG2-002758,3,bearish,2026-06-16 00:51:00-04:00,False,4364,2026-06-16 00:57:00-04:00,10405,DEACTIVATED_CLOSE_THROUGH,4364
IFVG2-002759,3,bearish,2026-06-16 01:36:00-04:00,False,4378,2026-06-16 01:39:00-04:00,10447,DEACTIVATED_OVERSHOOT_LIMIT,4378
IFVG2-002760,3,bearish,2026-06-16 01:36:00-04:00,False,4381,2026-06-16 01:48:00-04:00,10456,DEACTIVATED_CLOSE_THROUGH,4381
IFVG2-002761,3,bullish,2026-06-16 02:06:00-04:00,False,4392,2026-06-16 02:21:00-04:00,10489,DEACTIVATED_CLOSE_THROUGH,4392
IFVG2-002762,3,bearish,2026-06-16 05:21:00-04:00,False,4479,2026-06-16 06:42:00-04:00,10750,DEACTIVATED_CLOSE_THROUGH,4479
IFVG2-002763,3,bullish,2026-06-16 06:39:00-04:00,False,4483,2026-06-16 06:54:00-04:00,10762,DEACTIVATED_OVERSHOOT_LIMIT,4483
IFVG2-002764,3,bearish,2026-06-16 07:36:00-04:00,False,4498,2026-06-16 07:39:00-04:00,10807,DEACTIVATED_CLOSE_THROUGH,4498
IFVG2-002765,3,bearish,2026-06-16 08:21:00-04:00,False,4672,2026-06-16 16:21:00-04:00,11329,EXPIRED_UNTOUCHED_8H,4672
IFVG2-002766,3,bearish,2026-06-16 08:24:00-04:00,False,4542,2026-06-16 09:51:00-04:00,10939,DEACTIVATED_OVERSHOOT_LIMIT,4542
IFVG2-002767,3,bullish,2026-06-16 08:51:00-04:00,False,4523,2026-06-16 08:54:00-04:00,10882,DEACTIVATED_CLOSE_THROUGH,4523
IFVG2-002768,3,bearish,2026-06-16 09:30:00-04:00,False,4537,2026-06-16 09:36:00-04:00,10924,DEACTIVATED_CLOSE_THROUGH,4537
IFVG2-002769,3,bearish,2026-06-16 09:33:00-04:00,False,4537,2026-06-16 09:36:00-04:00,10924,DEACTIVATED_CLOSE_THROUGH,4537
IFVG2-002770,3,bullish,2026-06-16 09:51:00-04:00,False,4543,2026-06-16 09:54:00-04:00,10942,DEACTIVATED_CLOSE_THROUGH,4543
IFVG2-002771,3,bearish,2026-06-16 10:48:00-04:00,False,4562,2026-06-16 10:51:00-04:00,10999,DEACTIVATED_OVERSHOOT_LIMIT,4562
IFVG2-002772,3,bullish,2026-06-16 11:06:00-04:00,False,4568,2026-06-16 11:09:00-04:00,11017,DEACTIVATED_OVERSHOOT_LIMIT,4568
IFVG2-002773,3,bullish,2026-06-16 11:57:00-04:00,False,4585,2026-06-16 12:00:00-04:00,11068,DEACTIVATED_CLOSE_THROUGH,4585
IFVG2-002774,3,bearish,2026-06-16 14:00:00-04:00,False,4626,2026-06-16 14:03:00-04:00,11191,DEACTIVATED_CLOSE_THROUGH,4626
IFVG2-002775,3,bearish,2026-06-16 14:18:00-04:00,False,4634,2026-06-16 14:27:00-04:00,11215,DEACTIVATED_CLOSE_THROUGH,4634
IFVG2-002776,3,bullish,2026-06-16 14:27:00-04:00,False,4635,2026-06-16 14:30:00-04:00,11218,DEACTIVATED_CLOSE_THROUGH,4635
IFVG2-002777,3,bullish,2026-06-16 14:27:00-04:00,False,4635,2026-06-16 14:30:00-04:00,11218,DEACTIVATED_OVERSHOOT_LIMIT,4635
IFVG2-002778,3,bullish,2026-06-16 15:21:00-04:00,False,4658,2026-06-16 15:39:00-04:00,11287,DEACTIVATED_CLOSE_THROUGH,4658
IFVG2-002779,3,bullish,2026-06-16 15:45:00-04:00,False,4662,2026-06-16 15:51:00-04:00,11299,DEACTIVATED_CLOSE_THROUGH,4662
IFVG2-002780,3,bearish,2026-06-16 19:03:00-04:00,False,4727,2026-06-16 20:06:00-04:00,11494,DEACTIVATED_OVERSHOOT_LIMIT,4727
IFVG2-002781,3,bullish,2026-06-16 21:03:00-04:00,False,4747,2026-06-16 21:06:00-04:00,11554,DEACTIVATED_OVERSHOOT_LIMIT,4747
IFVG2-002782,3,bearish,2026-06-16 22:30:00-04:00,False,4800,2026-06-16 23:45:00-04:00,11713,DEACTIVATED_OVERSHOOT_LIMIT,4800
IFVG2-002783,3,bullish,2026-06-16 22:45:00-04:00,False,4781,2026-06-16 22:48:00-04:00,11656,DEACTIVATED_CLOSE_THROUGH,4781
IFVG2-002784,3,bullish,2026-06-16 23:39:00-04:00,False,4926,2026-06-17 06:03:00-04:00,12091,DEACTIVATED_CLOSE_THROUGH,4926
IFVG2-002785,3,bearish,2026-06-17 00:30:00-04:00,False,4816,2026-06-17 00:33:00-04:00,11761,DEACTIVATED_OVERSHOOT_LIMIT,4816
IFVG2-002786,3,bullish,2026-06-17 00:48:00-04:00,False,4902,2026-06-17 04:51:00-04:00,12019,DEACTIVATED_OVERSHOOT_LIMIT,4902
IFVG2-002787,3,bullish,2026-06-17 00:48:00-04:00,False,4923,2026-06-17 05:54:00-04:00,12082,DEACTIVATED_CLOSE_THROUGH,4923
IFVG2-002788,3,bearish,2026-06-17 01:30:00-04:00,False,4836,2026-06-17 01:33:00-04:00,11821,DEACTIVATED_OVERSHOOT_LIMIT,4836
IFVG2-002789,3,bullish,2026-06-17 02:36:00-04:00,False,4896,2026-06-17 04:33:00-04:00,12001,DEACTIVATED_OVERSHOOT_LIMIT,4896
IFVG2-002790,3,bearish,2026-06-17 03:27:00-04:00,False,4876,2026-06-17 03:33:00-04:00,11941,DEACTIVATED_CLOSE_THROUGH,4876
IFVG2-002791,3,bullish,2026-06-17 04:54:00-04:00,False,4922,2026-06-17 05:51:00-04:00,12079,DEACTIVATED_CLOSE_THROUGH,4922
IFVG2-002792,3,bearish,2026-06-17 05:12:00-04:00,False,4910,2026-06-17 05:15:00-04:00,12043,DEACTIVATED_OVERSHOOT_LIMIT,4910
IFVG2-002793,3,bearish,2026-06-17 05:39:00-04:00,False,4921,2026-06-17 05:48:00-04:00,12076,DEACTIVATED_OVERSHOOT_LIMIT,4921
IFVG2-002794,3,bearish,2026-06-17 06:03:00-04:00,False,4927,2026-06-17 06:06:00-04:00,12094,DEACTIVATED_OVERSHOOT_LIMIT,4927
IFVG2-002795,3,bearish,2026-06-17 06:03:00-04:00,False,4929,2026-06-17 06:12:00-04:00,12100,DEACTIVATED_OVERSHOOT_LIMIT,4929
IFVG2-002796,3,bearish,2026-06-17 06:03:00-04:00,False,4930,2026-06-17 06:15:00-04:00,12103,DEACTIVATED_OVERSHOOT_LIMIT,4930
IFVG2-002797,3,bullish,2026-06-17 06:51:00-04:00,False,4943,2026-06-17 06:54:00-04:00,12142,DEACTIVATED_CLOSE_THROUGH,4943
IFVG2-002798,3,bearish,2026-06-17 09:39:00-04:00,False,4999,2026-06-17 09:42:00-04:00,12310,DEACTIVATED_CLOSE_THROUGH,4999
IFVG2-002799,3,bearish,2026-06-17 10:33:00-04:00,False,5100,2026-06-17 14:45:00-04:00,12613,DEACTIVATED_CLOSE_THROUGH,5100
IFVG2-002800,3,bearish,2026-06-17 13:03:00-04:00,False,5073,2026-06-17 13:24:00-04:00,12532,DEACTIVATED_CLOSE_THROUGH,5073
IFVG2-002801,3,bearish,2026-06-17 13:33:00-04:00,False,5077,2026-06-17 13:36:00-04:00,12544,DEACTIVATED_OVERSHOOT_LIMIT,5077
IFVG2-002802,3,bullish,2026-06-17 13:51:00-04:00,False,5086,2026-06-17 14:03:00-04:00,12571,DEACTIVATED_CLOSE_THROUGH,5086
IFVG2-002803,3,bearish,2026-06-17 14:57:00-04:00,False,5188,2026-06-17 20:09:00-04:00,12877,DEACTIVATED_OVERSHOOT_LIMIT,5188
IFVG2-002804,3,bullish,2026-06-17 16:03:00-04:00,False,5128,2026-06-17 16:09:00-04:00,12697,DEACTIVATED_CLOSE_THROUGH,5128
IFVG2-002805,3,bullish,2026-06-17 16:57:00-04:00,False,5145,2026-06-17 17:00:00-04:00,12748,DEACTIVATED_OVERSHOOT_LIMIT,5145
IFVG2-002806,3,bullish,2026-06-17 17:00:00-04:00,False,5146,2026-06-17 18:03:00-04:00,12751,DEACTIVATED_CLOSE_THROUGH,5146
IFVG2-002807,3,bullish,2026-06-17 18:51:00-04:00,False,5322,2026-06-18 02:51:00-04:00,13279,EXPIRED_ACTIVE_8H,5322
IFVG2-002808,3,bullish,2026-06-17 20:15:00-04:00,False,5276,2026-06-18 00:33:00-04:00,13141,DEACTIVATED_CLOSE_THROUGH,5276
IFVG2-002809,3,bearish,2026-06-17 20:27:00-04:00,False,5195,2026-06-17 20:30:00-04:00,12898,DEACTIVATED_CLOSE_THROUGH,5195
IFVG2-002810,3,bearish,2026-06-17 20:27:00-04:00,False,5196,2026-06-17 20:33:00-04:00,12901,DEACTIVATED_CLOSE_THROUGH,5196
IFVG2-002811,3,bullish,2026-06-17 20:33:00-04:00,False,5197,2026-06-17 20:36:00-04:00,12904,DEACTIVATED_CLOSE_THROUGH,5197
IFVG2-002812,3,bearish,2026-06-17 21:48:00-04:00,False,5223,2026-06-17 21:54:00-04:00,12982,DEACTIVATED_CLOSE_THROUGH,5223
IFVG2-002813,3,bullish,2026-06-17 23:24:00-04:00,False,5258,2026-06-17 23:39:00-04:00,13087,DEACTIVATED_CLOSE_THROUGH,5258
IFVG2-002814,3,bearish,2026-06-17 23:39:00-04:00,False,5262,2026-06-17 23:51:00-04:00,13099,DEACTIVATED_CLOSE_THROUGH,5262
IFVG2-002815,3,bullish,2026-06-17 23:51:00-04:00,False,5267,2026-06-18 00:06:00-04:00,13114,DEACTIVATED_CLOSE_THROUGH,5267
IFVG2-002816,3,bearish,2026-06-18 00:06:00-04:00,False,5268,2026-06-18 00:09:00-04:00,13117,DEACTIVATED_OVERSHOOT_LIMIT,5268
IFVG2-002817,3,bearish,2026-06-18 00:42:00-04:00,False,5287,2026-06-18 01:06:00-04:00,13174,DEACTIVATED_CLOSE_THROUGH,5287
IFVG2-002818,3,bullish,2026-06-18 01:57:00-04:00,False,5306,2026-06-18 02:03:00-04:00,13231,DEACTIVATED_CLOSE_THROUGH,5306
IFVG2-002819,3,bullish,2026-06-18 02:48:00-04:00,False,5419,2026-06-18 07:42:00-04:00,13570,DEACTIVATED_OVERSHOOT_LIMIT,5419
IFVG2-002820,3,bullish,2026-06-18 02:48:00-04:00,False,5481,2026-06-18 10:48:00-04:00,13756,EXPIRED_ACTIVE_8H,5481
IFVG2-002821,3,bearish,2026-06-18 03:33:00-04:00,False,5338,2026-06-18 03:39:00-04:00,13327,DEACTIVATED_CLOSE_THROUGH,5338
IFVG2-002822,3,bearish,2026-06-18 04:21:00-04:00,False,5382,2026-06-18 05:51:00-04:00,13459,DEACTIVATED_CLOSE_THROUGH,5382
IFVG2-002823,3,bullish,2026-06-18 04:42:00-04:00,False,5361,2026-06-18 04:48:00-04:00,13396,DEACTIVATED_CLOSE_THROUGH,5361
IFVG2-002824,3,bearish,2026-06-18 04:57:00-04:00,False,5371,2026-06-18 05:18:00-04:00,13426,DEACTIVATED_CLOSE_THROUGH,5371
IFVG2-002825,3,bullish,2026-06-18 05:06:00-04:00,False,5369,2026-06-18 05:12:00-04:00,13420,DEACTIVATED_CLOSE_THROUGH,5369
IFVG2-002826,3,bearish,2026-06-18 05:12:00-04:00,False,5370,2026-06-18 05:15:00-04:00,13423,DEACTIVATED_CLOSE_THROUGH,5370
IFVG2-002827,3,bearish,2026-06-18 06:03:00-04:00,False,5387,2026-06-18 06:06:00-04:00,13474,DEACTIVATED_OVERSHOOT_LIMIT,5387
IFVG2-002828,3,bullish,2026-06-18 07:51:00-04:00,False,5582,2026-06-18 15:51:00-04:00,14059,EXPIRED_ACTIVE_8H,5582
IFVG2-002829,3,bearish,2026-06-18 09:03:00-04:00,False,5450,2026-06-18 09:15:00-04:00,13663,DEACTIVATED_CLOSE_THROUGH,5450
IFVG2-002830,3,bearish,2026-06-18 09:36:00-04:00,False,5462,2026-06-18 09:51:00-04:00,13699,DEACTIVATED_OVERSHOOT_LIMIT,5462
IFVG2-002831,3,bearish,2026-06-18 09:36:00-04:00,False,5463,2026-06-18 09:54:00-04:00,13702,DEACTIVATED_CLOSE_THROUGH,5463
IFVG2-002832,3,bullish,2026-06-18 10:09:00-04:00,False,5476,2026-06-18 10:33:00-04:00,13741,DEACTIVATED_OVERSHOOT_LIMIT,5476
IFVG2-002833,3,bullish,2026-06-18 10:39:00-04:00,False,5498,2026-06-18 11:39:00-04:00,13807,DEACTIVATED_CLOSE_THROUGH,5498
IFVG2-002834,3,bearish,2026-06-18 15:33:00-04:00,False,5577,2026-06-18 15:36:00-04:00,14044,DEACTIVATED_CLOSE_THROUGH,5577
IFVG2-002835,3,bearish,2026-06-18 16:00:00-04:00,False,5586,2026-06-18 16:03:00-04:00,14071,DEACTIVATED_OVERSHOOT_LIMIT,5586
IFVG2-002836,3,bearish,2026-06-18 16:00:00-04:00,False,5590,2026-06-18 16:15:00-04:00,14083,DEACTIVATED_OVERSHOOT_LIMIT,5590
IFVG2-002837,3,bullish,2026-06-18 17:00:00-04:00,False,5607,2026-06-18 18:06:00-04:00,14134,DEACTIVATED_OVERSHOOT_LIMIT,5607
IFVG2-002838,3,bullish,2026-06-18 18:03:00-04:00,False,5607,2026-06-18 18:06:00-04:00,14134,DEACTIVATED_OVERSHOOT_LIMIT,5607
IFVG2-002839,3,bearish,2026-06-18 19:27:00-04:00,False,5635,2026-06-18 19:30:00-04:00,14218,DEACTIVATED_CLOSE_THROUGH,5635
IFVG2-002840,3,bearish,2026-06-18 22:48:00-04:00,False,5796,2026-06-19 03:33:00-04:00,14701,DEACTIVATED_OVERSHOOT_LIMIT,5796
IFVG2-002841,3,bullish,2026-06-19 01:48:00-04:00,False,5921,2026-06-19 09:48:00-04:00,15076,EXPIRED_UNTOUCHED_8H,5921
IFVG2-002842,3,bullish,2026-06-19 07:33:00-04:00,False,5892,2026-06-19 08:21:00-04:00,14989,DEACTIVATED_OVERSHOOT_LIMIT,5892
IFVG2-002843,3,bullish,2026-06-19 08:00:00-04:00,False,5888,2026-06-19 08:09:00-04:00,14977,DEACTIVATED_CLOSE_THROUGH,5888
IFVG2-002844,3,bullish,2026-06-19 08:54:00-04:00,False,5986,2026-06-21 18:03:00-04:00,15271,DEACTIVATED_OVERSHOOT_LIMIT,5986
IFVG2-002845,3,bearish,2026-06-19 12:06:00-04:00,False,5972,2026-06-19 12:21:00-04:00,15229,DEACTIVATED_OVERSHOOT_LIMIT,5972
IFVG2-002846,3,bearish,2026-06-21 18:03:00-04:00,False,6047,2026-06-21 21:06:00-04:00,15454,DEACTIVATED_CLOSE_THROUGH,6047
IFVG2-002847,3,bullish,2026-06-21 18:45:00-04:00,False,6005,2026-06-21 19:00:00-04:00,15328,DEACTIVATED_CLOSE_THROUGH,6005
IFVG2-002848,3,bullish,2026-06-21 18:48:00-04:00,False,6005,2026-06-21 19:00:00-04:00,15328,DEACTIVATED_CLOSE_THROUGH,6005
IFVG2-002849,3,bearish,2026-06-21 19:00:00-04:00,False,6034,2026-06-21 20:27:00-04:00,15415,DEACTIVATED_CLOSE_THROUGH,6034
IFVG2-002850,3,bearish,2026-06-21 19:00:00-04:00,False,6035,2026-06-21 20:30:00-04:00,15418,DEACTIVATED_CLOSE_THROUGH,6035
IFVG2-002851,3,bullish,2026-06-21 20:03:00-04:00,False,6186,2026-06-22 04:03:00-04:00,15871,EXPIRED_UNTOUCHED_8H,6186
IFVG2-002852,3,bullish,2026-06-21 20:30:00-04:00,False,6195,2026-06-22 04:30:00-04:00,15898,EXPIRED_ACTIVE_8H,6195
IFVG2-002853,3,bearish,2026-06-21 23:03:00-04:00,False,6091,2026-06-21 23:18:00-04:00,15586,DEACTIVATED_CLOSE_THROUGH,6091
IFVG2-002854,3,bullish,2026-06-22 01:09:00-04:00,False,6288,2026-06-22 09:09:00-04:00,16177,EXPIRED_UNTOUCHED_8H,6288
IFVG2-002855,3,bearish,2026-06-22 01:33:00-04:00,False,6137,2026-06-22 01:36:00-04:00,15724,DEACTIVATED_CLOSE_THROUGH,6137
IFVG2-002856,3,bullish,2026-06-22 03:30:00-04:00,False,6176,2026-06-22 03:33:00-04:00,15841,DEACTIVATED_CLOSE_THROUGH,6176
IFVG2-002857,3,bullish,2026-06-22 04:45:00-04:00,False,6201,2026-06-22 04:48:00-04:00,15916,DEACTIVATED_CLOSE_THROUGH,6201
IFVG2-002858,3,bearish,2026-06-22 06:33:00-04:00,False,6246,2026-06-22 07:03:00-04:00,16051,DEACTIVATED_CLOSE_THROUGH,6246
IFVG2-002859,3,bearish,2026-06-22 06:54:00-04:00,False,6246,2026-06-22 07:03:00-04:00,16051,DEACTIVATED_CLOSE_THROUGH,6246
IFVG2-002860,3,bullish,2026-06-22 07:06:00-04:00,False,6249,2026-06-22 07:12:00-04:00,16060,DEACTIVATED_CLOSE_THROUGH,6249
IFVG2-002861,3,bearish,2026-06-22 08:45:00-04:00,False,6282,2026-06-22 08:51:00-04:00,16159,DEACTIVATED_OVERSHOOT_LIMIT,6282
IFVG2-002862,3,bullish,2026-06-22 09:03:00-04:00,False,6296,2026-06-22 09:33:00-04:00,16201,DEACTIVATED_CLOSE_THROUGH,6296
IFVG2-002863,3,bullish,2026-06-22 12:12:00-04:00,False,6358,2026-06-22 12:39:00-04:00,16387,DEACTIVATED_OVERSHOOT_LIMIT,6358
IFVG2-002864,3,bearish,2026-06-22 12:36:00-04:00,False,6358,2026-06-22 12:39:00-04:00,16387,DEACTIVATED_OVERSHOOT_LIMIT,6358
IFVG2-002865,3,bullish,2026-06-22 13:18:00-04:00,False,6378,2026-06-22 13:39:00-04:00,16447,DEACTIVATED_OVERSHOOT_LIMIT,6378
IFVG2-002866,3,bullish,2026-06-22 13:54:00-04:00,False,6400,2026-06-22 14:45:00-04:00,16513,DEACTIVATED_CLOSE_THROUGH,6400
IFVG2-002867,3,bearish,2026-06-22 14:00:00-04:00,False,6389,2026-06-22 14:12:00-04:00,16480,DEACTIVATED_OVERSHOOT_LIMIT,6389
IFVG2-002868,3,bearish,2026-06-22 14:27:00-04:00,False,6396,2026-06-22 14:33:00-04:00,16501,DEACTIVATED_OVERSHOOT_LIMIT,6396
IFVG2-002869,3,bullish,2026-06-22 15:33:00-04:00,False,6420,2026-06-22 15:45:00-04:00,16573,DEACTIVATED_CLOSE_THROUGH,6420
IFVG2-002870,3,bearish,2026-06-22 16:27:00-04:00,False,6445,2026-06-22 17:00:00-04:00,16648,DEACTIVATED_CLOSE_THROUGH,6445
IFVG2-002871,3,bullish,2026-06-22 17:00:00-04:00,False,6446,2026-06-22 18:03:00-04:00,16651,DEACTIVATED_OVERSHOOT_LIMIT,6446
IFVG2-002872,3,bearish,2026-06-22 18:36:00-04:00,False,6501,2026-06-22 20:48:00-04:00,16816,DEACTIVATED_OVERSHOOT_LIMIT,6501
IFVG2-002873,3,bearish,2026-06-22 20:09:00-04:00,False,6500,2026-06-22 20:45:00-04:00,16813,DEACTIVATED_CLOSE_THROUGH,6500
IFVG2-002874,3,bullish,2026-06-22 20:42:00-04:00,False,6517,2026-06-22 21:36:00-04:00,16864,DEACTIVATED_CLOSE_THROUGH,6517
IFVG2-002875,3,bearish,2026-06-22 21:21:00-04:00,False,6672,2026-06-23 05:21:00-04:00,17329,EXPIRED_ACTIVE_8H,6672
IFVG2-002876,3,bearish,2026-06-22 21:36:00-04:00,False,6677,2026-06-23 05:36:00-04:00,17344,EXPIRED_UNTOUCHED_8H,6677
IFVG2-002877,3,bearish,2026-06-22 22:36:00-04:00,False,6538,2026-06-22 22:39:00-04:00,16927,DEACTIVATED_CLOSE_THROUGH,6538
IFVG2-002878,3,bullish,2026-06-23 00:00:00-04:00,False,6568,2026-06-23 00:09:00-04:00,17017,DEACTIVATED_CLOSE_THROUGH,6568
IFVG2-002879,3,bearish,2026-06-23 00:12:00-04:00,False,6729,2026-06-23 08:12:00-04:00,17500,EXPIRED_ACTIVE_8H,6729
IFVG2-002880,3,bearish,2026-06-23 03:18:00-04:00,False,6633,2026-06-23 03:24:00-04:00,17212,DEACTIVATED_OVERSHOOT_LIMIT,6633
IFVG2-002881,3,bearish,2026-06-23 03:33:00-04:00,False,6772,2026-06-23 10:21:00-04:00,17629,DEACTIVATED_CLOSE_THROUGH,6772
IFVG2-002882,3,bullish,2026-06-23 04:36:00-04:00,False,6658,2026-06-23 04:39:00-04:00,17287,DEACTIVATED_CLOSE_THROUGH,6658
IFVG2-002883,3,bullish,2026-06-23 04:42:00-04:00,False,6660,2026-06-23 04:45:00-04:00,17293,DEACTIVATED_CLOSE_THROUGH,6660
IFVG2-002884,3,bullish,2026-06-23 07:45:00-04:00,False,6729,2026-06-23 08:12:00-04:00,17500,DEACTIVATED_CLOSE_THROUGH,6729
IFVG2-002885,3,bullish,2026-06-23 08:03:00-04:00,False,6727,2026-06-23 08:06:00-04:00,17494,DEACTIVATED_CLOSE_THROUGH,6727
IFVG2-002886,3,bearish,2026-06-23 08:12:00-04:00,False,6763,2026-06-23 09:54:00-04:00,17602,DEACTIVATED_CLOSE_THROUGH,6763
IFVG2-002887,3,bullish,2026-06-23 08:42:00-04:00,False,6740,2026-06-23 08:45:00-04:00,17533,DEACTIVATED_CLOSE_THROUGH,6740
IFVG2-002888,3,bullish,2026-06-23 09:48:00-04:00,False,6762,2026-06-23 09:51:00-04:00,17599,DEACTIVATED_OVERSHOOT_LIMIT,6762
IFVG2-002889,3,bullish,2026-06-23 09:51:00-04:00,False,6784,2026-06-23 10:57:00-04:00,17665,DEACTIVATED_OVERSHOOT_LIMIT,6784
IFVG2-002890,3,bullish,2026-06-23 09:54:00-04:00,False,6784,2026-06-23 10:57:00-04:00,17665,DEACTIVATED_CLOSE_THROUGH,6784
IFVG2-002891,3,bearish,2026-06-23 12:48:00-04:00,False,6834,2026-06-23 13:27:00-04:00,17815,DEACTIVATED_OVERSHOOT_LIMIT,6834
IFVG2-002892,3,bearish,2026-06-23 13:06:00-04:00,False,6829,2026-06-23 13:12:00-04:00,17800,DEACTIVATED_CLOSE_THROUGH,6829
IFVG2-002893,3,bullish,2026-06-23 15:03:00-04:00,False,6872,2026-06-23 15:21:00-04:00,17929,DEACTIVATED_CLOSE_THROUGH,6872
IFVG2-002894,3,bullish,2026-06-23 15:06:00-04:00,False,6868,2026-06-23 15:09:00-04:00,17917,DEACTIVATED_CLOSE_THROUGH,6868
IFVG2-002895,3,bullish,2026-06-23 15:06:00-04:00,False,6868,2026-06-23 15:09:00-04:00,17917,DEACTIVATED_CLOSE_THROUGH,6868
IFVG2-002896,3,bullish,2026-06-23 15:06:00-04:00,False,6868,2026-06-23 15:09:00-04:00,17917,DEACTIVATED_CLOSE_THROUGH,6868
IFVG2-002897,3,bearish,2026-06-23 15:21:00-04:00,False,6873,2026-06-23 15:24:00-04:00,17932,DEACTIVATED_CLOSE_THROUGH,6873
IFVG2-002898,3,bearish,2026-06-23 18:24:00-04:00,False,6941,2026-06-23 19:48:00-04:00,18136,DEACTIVATED_CLOSE_THROUGH,6941
IFVG2-002899,3,bearish,2026-06-23 18:27:00-04:00,False,6916,2026-06-23 18:33:00-04:00,18061,DEACTIVATED_OVERSHOOT_LIMIT,6916
IFVG2-002900,3,bearish,2026-06-23 19:06:00-04:00,False,6929,2026-06-23 19:12:00-04:00,18100,DEACTIVATED_CLOSE_THROUGH,6929
IFVG2-002901,3,bullish,2026-06-23 19:24:00-04:00,False,6936,2026-06-23 19:33:00-04:00,18121,DEACTIVATED_OVERSHOOT_LIMIT,6936
IFVG2-002902,3,bearish,2026-06-23 19:39:00-04:00,False,6940,2026-06-23 19:45:00-04:00,18133,DEACTIVATED_CLOSE_THROUGH,6940
IFVG2-002903,3,bullish,2026-06-23 19:45:00-04:00,False,7005,2026-06-23 23:00:00-04:00,18328,DEACTIVATED_CLOSE_THROUGH,7005
IFVG2-002904,3,bullish,2026-06-23 19:48:00-04:00,False,7005,2026-06-23 23:00:00-04:00,18328,DEACTIVATED_CLOSE_THROUGH,7005
IFVG2-002905,3,bullish,2026-06-23 20:03:00-04:00,False,7000,2026-06-23 22:45:00-04:00,18313,DEACTIVATED_CLOSE_THROUGH,7000
IFVG2-002906,3,bullish,2026-06-23 20:09:00-04:00,False,6967,2026-06-23 21:06:00-04:00,18214,DEACTIVATED_OVERSHOOT_LIMIT,6967
IFVG2-002907,3,bullish,2026-06-23 20:33:00-04:00,False,6964,2026-06-23 20:57:00-04:00,18205,DEACTIVATED_CLOSE_THROUGH,6964
IFVG2-002908,3,bearish,2026-06-23 23:00:00-04:00,False,7006,2026-06-23 23:03:00-04:00,18331,DEACTIVATED_OVERSHOOT_LIMIT,7006
IFVG2-002909,3,bullish,2026-06-23 23:15:00-04:00,False,7011,2026-06-23 23:18:00-04:00,18346,DEACTIVATED_CLOSE_THROUGH,7011
IFVG2-002910,3,bullish,2026-06-23 23:33:00-04:00,False,7021,2026-06-23 23:48:00-04:00,18376,DEACTIVATED_CLOSE_THROUGH,7021
IFVG2-002911,3,bullish,2026-06-24 00:00:00-04:00,False,7026,2026-06-24 00:03:00-04:00,18391,DEACTIVATED_CLOSE_THROUGH,7026
IFVG2-002912,3,bearish,2026-06-24 00:06:00-04:00,False,7039,2026-06-24 00:42:00-04:00,18430,DEACTIVATED_CLOSE_THROUGH,7039
IFVG2-002913,3,bullish,2026-06-24 00:39:00-04:00,False,7198,2026-06-24 08:39:00-04:00,18907,EXPIRED_UNTOUCHED_8H,7198
IFVG2-002914,3,bullish,2026-06-24 02:36:00-04:00,False,7081,2026-06-24 02:48:00-04:00,18556,DEACTIVATED_CLOSE_THROUGH,7081
IFVG2-002915,3,bearish,2026-06-24 03:54:00-04:00,False,7107,2026-06-24 04:06:00-04:00,18634,DEACTIVATED_CLOSE_THROUGH,7107
IFVG2-002916,3,bullish,2026-06-24 04:03:00-04:00,False,7139,2026-06-24 05:42:00-04:00,18730,DEACTIVATED_CLOSE_THROUGH,7139
IFVG2-002917,3,bullish,2026-06-24 04:06:00-04:00,False,7126,2026-06-24 05:03:00-04:00,18691,DEACTIVATED_CLOSE_THROUGH,7126
IFVG2-002918,3,bearish,2026-06-24 04:21:00-04:00,False,7116,2026-06-24 04:33:00-04:00,18661,DEACTIVATED_CLOSE_THROUGH,7116
IFVG2-002919,3,bearish,2026-06-24 05:03:00-04:00,False,7129,2026-06-24 05:12:00-04:00,18700,DEACTIVATED_OVERSHOOT_LIMIT,7129
IFVG2-002920,3,bullish,2026-06-24 05:48:00-04:00,False,7142,2026-06-24 05:51:00-04:00,18739,DEACTIVATED_OVERSHOOT_LIMIT,7142
IFVG2-002921,3,bullish,2026-06-24 07:03:00-04:00,False,7167,2026-06-24 07:06:00-04:00,18814,DEACTIVATED_CLOSE_THROUGH,7167
IFVG2-002922,3,bullish,2026-06-24 07:03:00-04:00,False,7167,2026-06-24 07:06:00-04:00,18814,DEACTIVATED_CLOSE_THROUGH,7167
IFVG2-002923,3,bullish,2026-06-24 07:39:00-04:00,False,7199,2026-06-24 08:42:00-04:00,18910,DEACTIVATED_CLOSE_THROUGH,7199
IFVG2-002924,3,bearish,2026-06-24 08:57:00-04:00,False,7206,2026-06-24 09:03:00-04:00,18931,DEACTIVATED_CLOSE_THROUGH,7206
IFVG2-002925,3,bullish,2026-06-24 09:21:00-04:00,False,7213,2026-06-24 09:24:00-04:00,18952,DEACTIVATED_CLOSE_THROUGH,7213
IFVG2-002926,3,bullish,2026-06-24 09:21:00-04:00,False,7213,2026-06-24 09:24:00-04:00,18952,DEACTIVATED_CLOSE_THROUGH,7213
IFVG2-002927,3,bullish,2026-06-24 10:24:00-04:00,False,7284,2026-06-24 12:57:00-04:00,19165,DEACTIVATED_CLOSE_THROUGH,7284
IFVG2-002928,3,bullish,2026-06-24 12:51:00-04:00,False,7283,2026-06-24 12:54:00-04:00,19162,DEACTIVATED_CLOSE_THROUGH,7283
IFVG2-002929,3,bullish,2026-06-24 13:03:00-04:00,False,7288,2026-06-24 13:09:00-04:00,19177,DEACTIVATED_CLOSE_THROUGH,7288
IFVG2-002930,3,bullish,2026-06-24 14:18:00-04:00,False,7312,2026-06-24 14:21:00-04:00,19249,DEACTIVATED_OVERSHOOT_LIMIT,7312
IFVG2-002931,3,bullish,2026-06-24 14:27:00-04:00,False,7317,2026-06-24 14:36:00-04:00,19264,DEACTIVATED_CLOSE_THROUGH,7317
IFVG2-002932,3,bearish,2026-06-24 14:42:00-04:00,False,7320,2026-06-24 14:45:00-04:00,19273,DEACTIVATED_OVERSHOOT_LIMIT,7320
IFVG2-002933,3,bullish,2026-06-24 16:09:00-04:00,False,7349,2026-06-24 16:12:00-04:00,19360,DEACTIVATED_OVERSHOOT_LIMIT,7349
IFVG2-002934,3,bullish,2026-06-24 16:09:00-04:00,False,7488,2026-06-25 00:09:00-04:00,19777,EXPIRED_ACTIVE_8H,7488
IFVG2-002935,3,bearish,2026-06-24 20:03:00-04:00,False,7408,2026-06-24 20:09:00-04:00,19537,DEACTIVATED_OVERSHOOT_LIMIT,7408
IFVG2-002936,3,bearish,2026-06-24 20:33:00-04:00,False,7502,2026-06-25 00:51:00-04:00,19819,DEACTIVATED_CLOSE_THROUGH,7502
IFVG2-002937,3,bullish,2026-06-24 21:57:00-04:00,False,7445,2026-06-24 22:00:00-04:00,19648,DEACTIVATED_CLOSE_THROUGH,7445
IFVG2-002938,3,bearish,2026-06-24 22:00:00-04:00,False,7446,2026-06-24 22:03:00-04:00,19651,DEACTIVATED_CLOSE_THROUGH,7446
IFVG2-002939,3,bearish,2026-06-24 22:12:00-04:00,False,7465,2026-06-24 23:00:00-04:00,19708,DEACTIVATED_CLOSE_THROUGH,7465
IFVG2-002940,3,bullish,2026-06-24 23:18:00-04:00,False,7472,2026-06-24 23:21:00-04:00,19729,DEACTIVATED_OVERSHOOT_LIMIT,7472
IFVG2-002941,3,bearish,2026-06-25 00:18:00-04:00,False,7492,2026-06-25 00:21:00-04:00,19789,DEACTIVATED_OVERSHOOT_LIMIT,7492
IFVG2-002942,3,bearish,2026-06-25 04:54:00-04:00,False,7596,2026-06-25 05:33:00-04:00,20101,DEACTIVATED_OVERSHOOT_LIMIT,7596
IFVG2-002943,3,bullish,2026-06-25 05:06:00-04:00,False,7589,2026-06-25 05:12:00-04:00,20080,DEACTIVATED_OVERSHOOT_LIMIT,7589
IFVG2-002944,3,bullish,2026-06-25 06:33:00-04:00,False,7619,2026-06-25 06:42:00-04:00,20170,DEACTIVATED_CLOSE_THROUGH,7619
IFVG2-002945,3,bearish,2026-06-25 07:00:00-04:00,False,7626,2026-06-25 07:03:00-04:00,20191,DEACTIVATED_CLOSE_THROUGH,7626
IFVG2-002946,3,bullish,2026-06-25 08:00:00-04:00,False,7646,2026-06-25 08:03:00-04:00,20251,DEACTIVATED_OVERSHOOT_LIMIT,7646
IFVG2-002947,3,bullish,2026-06-25 08:33:00-04:00,False,7669,2026-06-25 09:12:00-04:00,20320,DEACTIVATED_OVERSHOOT_LIMIT,7669
IFVG2-002948,3,bearish,2026-06-25 10:15:00-04:00,False,7691,2026-06-25 10:18:00-04:00,20386,DEACTIVATED_OVERSHOOT_LIMIT,7691
IFVG2-002949,3,bearish,2026-06-25 12:24:00-04:00,False,7751,2026-06-25 13:18:00-04:00,20566,DEACTIVATED_OVERSHOOT_LIMIT,7751
IFVG2-002950,3,bearish,2026-06-25 12:33:00-04:00,False,7749,2026-06-25 13:12:00-04:00,20560,DEACTIVATED_OVERSHOOT_LIMIT,7749
IFVG2-002951,3,bullish,2026-06-25 13:54:00-04:00,False,7766,2026-06-25 14:03:00-04:00,20611,DEACTIVATED_CLOSE_THROUGH,7766
IFVG2-002952,3,bullish,2026-06-25 13:57:00-04:00,False,7766,2026-06-25 14:03:00-04:00,20611,DEACTIVATED_CLOSE_THROUGH,7766
IFVG2-002953,3,bearish,2026-06-25 14:03:00-04:00,False,7768,2026-06-25 14:09:00-04:00,20617,DEACTIVATED_CLOSE_THROUGH,7768
IFVG2-002954,3,bullish,2026-06-25 15:27:00-04:00,False,7795,2026-06-25 15:30:00-04:00,20698,DEACTIVATED_OVERSHOOT_LIMIT,7795
IFVG2-002955,3,bullish,2026-06-25 16:03:00-04:00,False,7826,2026-06-25 18:03:00-04:00,20791,DEACTIVATED_CLOSE_THROUGH,7826
IFVG2-002956,3,bullish,2026-06-25 19:15:00-04:00,False,7862,2026-06-25 19:51:00-04:00,20899,DEACTIVATED_CLOSE_THROUGH,7862
IFVG2-002957,3,bullish,2026-06-25 19:18:00-04:00,False,7860,2026-06-25 19:45:00-04:00,20893,DEACTIVATED_CLOSE_THROUGH,7860
IFVG2-002958,3,bullish,2026-06-25 19:18:00-04:00,False,7861,2026-06-25 19:48:00-04:00,20896,DEACTIVATED_CLOSE_THROUGH,7861
IFVG2-002959,3,bearish,2026-06-25 19:42:00-04:00,False,8019,2026-06-26 03:42:00-04:00,21370,EXPIRED_UNTOUCHED_8H,8019
IFVG2-002960,3,bearish,2026-06-25 19:48:00-04:00,False,8021,2026-06-26 03:48:00-04:00,21376,EXPIRED_ACTIVE_8H,8021
IFVG2-002961,3,bearish,2026-06-25 19:51:00-04:00,False,7867,2026-06-25 20:06:00-04:00,20914,DEACTIVATED_CLOSE_THROUGH,7867
IFVG2-002962,3,bearish,2026-06-25 20:27:00-04:00,False,8034,2026-06-26 04:27:00-04:00,21415,EXPIRED_ACTIVE_8H,8034
IFVG2-002963,3,bearish,2026-06-25 20:57:00-04:00,False,7885,2026-06-25 21:00:00-04:00,20968,DEACTIVATED_OVERSHOOT_LIMIT,7885
IFVG2-002964,3,bullish,2026-06-25 23:57:00-04:00,False,7954,2026-06-26 00:27:00-04:00,21175,DEACTIVATED_OVERSHOOT_LIMIT,7954
IFVG2-002965,3,bearish,2026-06-26 00:27:00-04:00,False,7956,2026-06-26 00:33:00-04:00,21181,DEACTIVATED_OVERSHOOT_LIMIT,7956
IFVG2-002966,3,bearish,2026-06-26 01:39:00-04:00,False,7995,2026-06-26 02:30:00-04:00,21298,DEACTIVATED_CLOSE_THROUGH,7995
IFVG2-002967,3,bearish,2026-06-26 01:42:00-04:00,False,7993,2026-06-26 02:24:00-04:00,21292,DEACTIVATED_OVERSHOOT_LIMIT,7993
IFVG2-002968,3,bullish,2026-06-26 01:51:00-04:00,False,7986,2026-06-26 02:03:00-04:00,21271,DEACTIVATED_OVERSHOOT_LIMIT,7986
IFVG2-002969,3,bullish,2026-06-26 03:18:00-04:00,False,8027,2026-06-26 04:06:00-04:00,21394,DEACTIVATED_CLOSE_THROUGH,8027
IFVG2-002970,3,bullish,2026-06-26 05:42:00-04:00,False,8063,2026-06-26 05:54:00-04:00,21502,DEACTIVATED_CLOSE_THROUGH,8063
IFVG2-002971,3,bearish,2026-06-26 06:24:00-04:00,False,8074,2026-06-26 06:27:00-04:00,21535,DEACTIVATED_CLOSE_THROUGH,8074
IFVG2-002972,3,bullish,2026-06-26 07:12:00-04:00,False,8092,2026-06-26 07:21:00-04:00,21589,DEACTIVATED_CLOSE_THROUGH,8092
IFVG2-002973,3,bearish,2026-06-26 08:42:00-04:00,False,8136,2026-06-26 09:33:00-04:00,21721,DEACTIVATED_OVERSHOOT_LIMIT,8136
IFVG2-002974,3,bullish,2026-06-26 09:15:00-04:00,False,8131,2026-06-26 09:18:00-04:00,21706,DEACTIVATED_OVERSHOOT_LIMIT,8131
IFVG2-002975,3,bullish,2026-06-26 09:30:00-04:00,False,8136,2026-06-26 09:33:00-04:00,21721,DEACTIVATED_CLOSE_THROUGH,8136
IFVG2-002976,3,bearish,2026-06-26 13:18:00-04:00,False,8215,2026-06-26 13:30:00-04:00,21958,DEACTIVATED_OVERSHOOT_LIMIT,8215
IFVG2-002977,3,bullish,2026-06-28 18:03:00-04:00,False,8333,2026-06-28 20:24:00-04:00,22312,DEACTIVATED_CLOSE_THROUGH,8333
IFVG2-002978,3,bullish,2026-06-28 18:03:00-04:00,False,8446,2026-06-29 02:03:00-04:00,22651,EXPIRED_UNTOUCHED_8H,8446
IFVG2-002979,3,bearish,2026-06-28 20:03:00-04:00,False,8443,2026-06-29 01:54:00-04:00,22642,DEACTIVATED_CLOSE_THROUGH,8443
IFVG2-002980,3,bearish,2026-06-28 20:48:00-04:00,False,8342,2026-06-28 20:51:00-04:00,22339,DEACTIVATED_OVERSHOOT_LIMIT,8342
IFVG2-002981,3,bearish,2026-06-28 21:18:00-04:00,False,8353,2026-06-28 21:24:00-04:00,22372,DEACTIVATED_OVERSHOOT_LIMIT,8353
IFVG2-002982,3,bearish,2026-06-28 22:09:00-04:00,False,8373,2026-06-28 22:24:00-04:00,22432,DEACTIVATED_OVERSHOOT_LIMIT,8373
IFVG2-002983,3,bullish,2026-06-28 23:48:00-04:00,False,8426,2026-06-29 01:03:00-04:00,22591,DEACTIVATED_CLOSE_THROUGH,8426
IFVG2-002984,3,bearish,2026-06-29 00:24:00-04:00,False,8414,2026-06-29 00:27:00-04:00,22555,DEACTIVATED_OVERSHOOT_LIMIT,8414
IFVG2-002985,3,bullish,2026-06-29 01:45:00-04:00,False,8600,2026-06-29 09:45:00-04:00,23113,EXPIRED_ACTIVE_8H,8600
IFVG2-002986,3,bullish,2026-06-29 02:24:00-04:00,False,8466,2026-06-29 03:03:00-04:00,22711,DEACTIVATED_CLOSE_THROUGH,8466
IFVG2-002987,3,bearish,2026-06-29 03:03:00-04:00,False,8469,2026-06-29 03:12:00-04:00,22720,DEACTIVATED_OVERSHOOT_LIMIT,8469
IFVG2-002988,3,bullish,2026-06-29 03:42:00-04:00,False,8480,2026-06-29 03:45:00-04:00,22753,DEACTIVATED_OVERSHOOT_LIMIT,8480
IFVG2-002989,3,bearish,2026-06-29 04:27:00-04:00,False,8495,2026-06-29 04:30:00-04:00,22798,DEACTIVATED_OVERSHOOT_LIMIT,8495
IFVG2-002990,3,bullish,2026-06-29 06:30:00-04:00,False,8553,2026-06-29 07:24:00-04:00,22972,DEACTIVATED_OVERSHOOT_LIMIT,8553
IFVG2-002991,3,bullish,2026-06-29 07:27:00-04:00,False,8556,2026-06-29 07:33:00-04:00,22981,DEACTIVATED_OVERSHOOT_LIMIT,8556
IFVG2-002992,3,bearish,2026-06-29 08:42:00-04:00,False,8580,2026-06-29 08:45:00-04:00,23053,DEACTIVATED_CLOSE_THROUGH,8580
IFVG2-002993,3,bearish,2026-06-29 09:24:00-04:00,False,8596,2026-06-29 09:33:00-04:00,23101,DEACTIVATED_CLOSE_THROUGH,8596
IFVG2-002994,3,bullish,2026-06-29 09:33:00-04:00,False,8598,2026-06-29 09:39:00-04:00,23107,DEACTIVATED_CLOSE_THROUGH,8598
IFVG2-002995,3,bullish,2026-06-29 09:33:00-04:00,False,8598,2026-06-29 09:39:00-04:00,23107,DEACTIVATED_CLOSE_THROUGH,8598
IFVG2-002996,3,bearish,2026-06-29 10:48:00-04:00,False,8622,2026-06-29 10:51:00-04:00,23179,DEACTIVATED_CLOSE_THROUGH,8622
IFVG2-002997,3,bearish,2026-06-29 13:24:00-04:00,False,8674,2026-06-29 13:27:00-04:00,23335,DEACTIVATED_CLOSE_THROUGH,8674
IFVG2-002998,3,bullish,2026-06-29 15:09:00-04:00,False,8709,2026-06-29 15:12:00-04:00,23440,DEACTIVATED_OVERSHOOT_LIMIT,8709
IFVG2-002999,3,bearish,2026-06-29 15:30:00-04:00,False,8719,2026-06-29 15:42:00-04:00,23470,DEACTIVATED_OVERSHOOT_LIMIT,8719
IFVG2-003000,3,bearish,2026-06-29 16:30:00-04:00,False,8747,2026-06-29 18:06:00-04:00,23554,DEACTIVATED_OVERSHOOT_LIMIT,8747
IFVG2-003001,3,bearish,2026-06-29 18:27:00-04:00,False,8760,2026-06-29 18:45:00-04:00,23593,DEACTIVATED_OVERSHOOT_LIMIT,8760
IFVG2-003002,3,bullish,2026-06-29 18:42:00-04:00,False,8795,2026-06-29 20:30:00-04:00,23698,DEACTIVATED_CLOSE_THROUGH,8795
IFVG2-003003,3,bullish,2026-06-29 19:57:00-04:00,False,8786,2026-06-29 20:03:00-04:00,23671,DEACTIVATED_CLOSE_THROUGH,8786
IFVG2-003004,3,bearish,2026-06-29 20:30:00-04:00,False,8803,2026-06-29 20:54:00-04:00,23722,DEACTIVATED_OVERSHOOT_LIMIT,8803
IFVG2-003005,3,bearish,2026-06-29 22:03:00-04:00,False,8836,2026-06-29 22:33:00-04:00,23821,DEACTIVATED_OVERSHOOT_LIMIT,8836
IFVG2-003006,3,bullish,2026-06-29 23:06:00-04:00,False,8959,2026-06-30 04:42:00-04:00,24190,DEACTIVATED_OVERSHOOT_LIMIT,8959
IFVG2-003007,3,bullish,2026-06-30 00:03:00-04:00,False,8917,2026-06-30 02:36:00-04:00,24064,DEACTIVATED_CLOSE_THROUGH,8917
IFVG2-003008,3,bearish,2026-06-30 01:27:00-04:00,False,9054,2026-06-30 09:27:00-04:00,24475,EXPIRED_ACTIVE_8H,9054
IFVG2-003009,3,bearish,2026-06-30 01:33:00-04:00,False,8899,2026-06-30 01:42:00-04:00,24010,DEACTIVATED_CLOSE_THROUGH,8899
IFVG2-003010,3,bearish,2026-06-30 03:51:00-04:00,False,8946,2026-06-30 04:03:00-04:00,24151,DEACTIVATED_CLOSE_THROUGH,8946
IFVG2-003011,3,bullish,2026-06-30 04:03:00-04:00,False,8947,2026-06-30 04:06:00-04:00,24154,DEACTIVATED_OVERSHOOT_LIMIT,8947
IFVG2-003012,3,bullish,2026-06-30 04:03:00-04:00,False,8947,2026-06-30 04:06:00-04:00,24154,DEACTIVATED_OVERSHOOT_LIMIT,8947
IFVG2-003013,3,bearish,2026-06-30 04:33:00-04:00,False,8994,2026-06-30 06:27:00-04:00,24295,DEACTIVATED_CLOSE_THROUGH,8994
IFVG2-003014,3,bearish,2026-06-30 04:39:00-04:00,False,8964,2026-06-30 04:57:00-04:00,24205,DEACTIVATED_CLOSE_THROUGH,8964
IFVG2-003015,3,bullish,2026-06-30 04:57:00-04:00,False,8976,2026-06-30 05:33:00-04:00,24241,DEACTIVATED_CLOSE_THROUGH,8976
IFVG2-003016,3,bearish,2026-06-30 05:33:00-04:00,False,8978,2026-06-30 05:39:00-04:00,24247,DEACTIVATED_CLOSE_THROUGH,8978
IFVG2-003017,3,bullish,2026-06-30 06:15:00-04:00,False,9032,2026-06-30 08:21:00-04:00,24409,DEACTIVATED_OVERSHOOT_LIMIT,9032
IFVG2-003018,3,bearish,2026-06-30 07:27:00-04:00,False,9015,2026-06-30 07:30:00-04:00,24358,DEACTIVATED_CLOSE_THROUGH,9015
IFVG2-003019,3,bullish,2026-06-30 07:48:00-04:00,False,9025,2026-06-30 08:00:00-04:00,24388,DEACTIVATED_CLOSE_THROUGH,9025
IFVG2-003020,3,bearish,2026-06-30 08:06:00-04:00,False,9029,2026-06-30 08:12:00-04:00,24400,DEACTIVATED_CLOSE_THROUGH,9029
IFVG2-003021,3,bearish,2026-06-30 08:27:00-04:00,False,9056,2026-06-30 09:33:00-04:00,24481,DEACTIVATED_CLOSE_THROUGH,9056
IFVG2-003022,3,bullish,2026-06-30 09:33:00-04:00,False,9206,2026-06-30 18:03:00-04:00,24931,EXPIRED_UNTOUCHED_8H,9206
IFVG2-003023,3,bullish,2026-06-30 09:33:00-04:00,False,9206,2026-06-30 18:03:00-04:00,24931,EXPIRED_UNTOUCHED_8H,9206
IFVG2-003024,3,bullish,2026-06-30 09:36:00-04:00,False,9060,2026-06-30 09:45:00-04:00,24493,DEACTIVATED_OVERSHOOT_LIMIT,9060
IFVG2-003025,3,bullish,2026-06-30 09:36:00-04:00,False,9206,2026-06-30 18:03:00-04:00,24931,EXPIRED_UNTOUCHED_8H,9206
IFVG2-003026,3,bullish,2026-06-30 11:03:00-04:00,False,9226,2026-06-30 19:03:00-04:00,24991,EXPIRED_UNTOUCHED_8H,9226
IFVG2-003027,3,bearish,2026-06-30 13:00:00-04:00,False,9126,2026-06-30 13:03:00-04:00,24691,DEACTIVATED_CLOSE_THROUGH,9126
IFVG2-003028,3,bearish,2026-06-30 13:15:00-04:00,False,9132,2026-06-30 13:21:00-04:00,24709,DEACTIVATED_CLOSE_THROUGH,9132
IFVG2-003029,3,bullish,2026-06-30 13:36:00-04:00,False,9138,2026-06-30 13:39:00-04:00,24727,DEACTIVATED_CLOSE_THROUGH,9138
IFVG2-003030,3,bearish,2026-06-30 18:36:00-04:00,False,9226,2026-06-30 19:03:00-04:00,24991,DEACTIVATED_OVERSHOOT_LIMIT,9226
IFVG2-003031,3,bullish,2026-06-30 22:45:00-04:00,False,9367,2026-07-01 02:06:00-04:00,25414,DEACTIVATED_OVERSHOOT_LIMIT,9367
IFVG2-003032,3,bullish,2026-06-30 23:09:00-04:00,False,9312,2026-06-30 23:21:00-04:00,25249,DEACTIVATED_OVERSHOOT_LIMIT,9312
IFVG2-003033,3,bearish,2026-06-30 23:18:00-04:00,False,9312,2026-06-30 23:21:00-04:00,25249,DEACTIVATED_OVERSHOOT_LIMIT,9312
IFVG2-003034,3,bearish,2026-06-30 23:18:00-04:00,False,9318,2026-06-30 23:39:00-04:00,25267,DEACTIVATED_CLOSE_THROUGH,9318
IFVG2-003035,3,bearish,2026-06-30 23:45:00-04:00,False,9321,2026-06-30 23:48:00-04:00,25276,DEACTIVATED_CLOSE_THROUGH,9321
IFVG2-003036,3,bullish,2026-07-01 01:09:00-04:00,False,9349,2026-07-01 01:12:00-04:00,25360,DEACTIVATED_CLOSE_THROUGH,9349
IFVG2-003037,3,bearish,2026-07-01 02:03:00-04:00,False,9467,2026-07-01 07:06:00-04:00,25714,DEACTIVATED_CLOSE_THROUGH,9467
IFVG2-003038,3,bullish,2026-07-01 02:30:00-04:00,False,9377,2026-07-01 02:36:00-04:00,25444,DEACTIVATED_CLOSE_THROUGH,9377
IFVG2-003039,3,bullish,2026-07-01 02:30:00-04:00,False,9379,2026-07-01 02:42:00-04:00,25450,DEACTIVATED_OVERSHOOT_LIMIT,9379
IFVG2-003040,3,bullish,2026-07-01 03:24:00-04:00,False,9415,2026-07-01 04:30:00-04:00,25558,DEACTIVATED_OVERSHOOT_LIMIT,9415
IFVG2-003041,3,bearish,2026-07-01 06:09:00-04:00,False,9449,2026-07-01 06:12:00-04:00,25660,DEACTIVATED_OVERSHOOT_LIMIT,9449
IFVG2-003042,3,bullish,2026-07-01 06:57:00-04:00,False,9473,2026-07-01 07:24:00-04:00,25732,DEACTIVATED_CLOSE_THROUGH,9473
IFVG2-003043,3,bearish,2026-07-01 07:24:00-04:00,False,9474,2026-07-01 07:27:00-04:00,25735,DEACTIVATED_CLOSE_THROUGH,9474
IFVG2-003044,3,bullish,2026-07-01 09:51:00-04:00,False,9541,2026-07-01 10:48:00-04:00,25936,DEACTIVATED_CLOSE_THROUGH,9541
IFVG2-003045,3,bullish,2026-07-01 10:00:00-04:00,False,9526,2026-07-01 10:03:00-04:00,25891,DEACTIVATED_CLOSE_THROUGH,9526
IFVG2-003046,3,bearish,2026-07-01 10:36:00-04:00,False,9538,2026-07-01 10:39:00-04:00,25927,DEACTIVATED_CLOSE_THROUGH,9538
IFVG2-003047,3,bullish,2026-07-01 10:51:00-04:00,False,9544,2026-07-01 10:57:00-04:00,25945,DEACTIVATED_CLOSE_THROUGH,9544
IFVG2-003048,3,bullish,2026-07-01 11:18:00-04:00,False,9563,2026-07-01 11:54:00-04:00,26002,DEACTIVATED_OVERSHOOT_LIMIT,9563
IFVG2-003049,3,bullish,2026-07-01 11:30:00-04:00,False,9557,2026-07-01 11:36:00-04:00,25984,DEACTIVATED_CLOSE_THROUGH,9557
IFVG2-003050,3,bearish,2026-07-01 11:51:00-04:00,False,9702,2026-07-01 19:51:00-04:00,26419,EXPIRED_ACTIVE_8H,9702
IFVG2-003051,3,bearish,2026-07-01 13:00:00-04:00,False,9594,2026-07-01 13:27:00-04:00,26095,DEACTIVATED_OVERSHOOT_LIMIT,9594
IFVG2-003052,3,bearish,2026-07-01 15:39:00-04:00,False,9729,2026-07-01 21:12:00-04:00,26500,DEACTIVATED_OVERSHOOT_LIMIT,9729
IFVG2-003053,3,bearish,2026-07-01 15:48:00-04:00,False,9642,2026-07-01 15:51:00-04:00,26239,DEACTIVATED_OVERSHOOT_LIMIT,9642
IFVG2-003054,3,bullish,2026-07-01 18:57:00-04:00,False,9687,2026-07-01 19:06:00-04:00,26374,DEACTIVATED_CLOSE_THROUGH,9687
IFVG2-003055,3,bearish,2026-07-01 19:18:00-04:00,False,9723,2026-07-01 20:54:00-04:00,26482,DEACTIVATED_CLOSE_THROUGH,9723
IFVG2-003056,3,bullish,2026-07-01 20:57:00-04:00,False,9725,2026-07-01 21:00:00-04:00,26488,DEACTIVATED_OVERSHOOT_LIMIT,9725
IFVG2-003057,3,bearish,2026-07-01 23:24:00-04:00,False,9776,2026-07-01 23:33:00-04:00,26641,DEACTIVATED_OVERSHOOT_LIMIT,9776
IFVG2-003058,3,bullish,2026-07-01 23:33:00-04:00,False,9779,2026-07-01 23:42:00-04:00,26650,DEACTIVATED_CLOSE_THROUGH,9779
IFVG2-003059,3,bullish,2026-07-01 23:33:00-04:00,False,9780,2026-07-01 23:45:00-04:00,26653,DEACTIVATED_OVERSHOOT_LIMIT,9780
IFVG2-003060,3,bearish,2026-07-01 23:42:00-04:00,False,9783,2026-07-01 23:54:00-04:00,26662,DEACTIVATED_CLOSE_THROUGH,9783
IFVG2-003061,3,bearish,2026-07-02 00:15:00-04:00,False,9809,2026-07-02 01:12:00-04:00,26740,DEACTIVATED_CLOSE_THROUGH,9809
IFVG2-003062,3,bearish,2026-07-02 00:21:00-04:00,False,9794,2026-07-02 00:27:00-04:00,26695,DEACTIVATED_CLOSE_THROUGH,9794
IFVG2-003063,3,bearish,2026-07-02 00:33:00-04:00,False,9805,2026-07-02 01:00:00-04:00,26728,DEACTIVATED_OVERSHOOT_LIMIT,9805
IFVG2-003064,3,bearish,2026-07-02 00:39:00-04:00,False,9803,2026-07-02 00:54:00-04:00,26722,DEACTIVATED_CLOSE_THROUGH,9803
IFVG2-003065,3,bullish,2026-07-02 00:54:00-04:00,False,9817,2026-07-02 01:36:00-04:00,26764,DEACTIVATED_CLOSE_THROUGH,9817
IFVG2-003066,3,bearish,2026-07-02 01:36:00-04:00,False,9948,2026-07-02 08:09:00-04:00,27157,DEACTIVATED_CLOSE_THROUGH,9948
IFVG2-003067,3,bearish,2026-07-02 02:06:00-04:00,False,9940,2026-07-02 07:45:00-04:00,27133,DEACTIVATED_CLOSE_THROUGH,9940
IFVG2-003068,3,bullish,2026-07-02 03:36:00-04:00,False,9866,2026-07-02 04:03:00-04:00,26911,DEACTIVATED_OVERSHOOT_LIMIT,9866
IFVG2-003069,3,bullish,2026-07-02 04:06:00-04:00,False,9868,2026-07-02 04:09:00-04:00,26917,DEACTIVATED_CLOSE_THROUGH,9868
IFVG2-003070,3,bullish,2026-07-02 04:06:00-04:00,False,9868,2026-07-02 04:09:00-04:00,26917,DEACTIVATED_CLOSE_THROUGH,9868
IFVG2-003071,3,bullish,2026-07-02 04:06:00-04:00,False,9868,2026-07-02 04:09:00-04:00,26917,DEACTIVATED_CLOSE_THROUGH,9868
IFVG2-003072,3,bullish,2026-07-02 04:18:00-04:00,False,9999,2026-07-02 10:42:00-04:00,27310,DEACTIVATED_CLOSE_THROUGH,9999
IFVG2-003073,3,bullish,2026-07-02 04:33:00-04:00,False,9907,2026-07-02 06:06:00-04:00,27034,DEACTIVATED_CLOSE_THROUGH,9907
IFVG2-003074,3,bullish,2026-07-02 04:36:00-04:00,False,9879,2026-07-02 04:42:00-04:00,26950,DEACTIVATED_CLOSE_THROUGH,9879
IFVG2-003075,3,bullish,2026-07-02 04:36:00-04:00,False,9880,2026-07-02 04:45:00-04:00,26953,DEACTIVATED_OVERSHOOT_LIMIT,9880
IFVG2-003076,3,bullish,2026-07-02 05:00:00-04:00,False,9886,2026-07-02 05:03:00-04:00,26971,DEACTIVATED_CLOSE_THROUGH,9886
IFVG2-003077,3,bearish,2026-07-02 05:06:00-04:00,False,9896,2026-07-02 05:33:00-04:00,27001,DEACTIVATED_CLOSE_THROUGH,9896
IFVG2-003078,3,bullish,2026-07-02 05:33:00-04:00,False,9901,2026-07-02 05:48:00-04:00,27016,DEACTIVATED_OVERSHOOT_LIMIT,9901
IFVG2-003079,3,bearish,2026-07-02 07:06:00-04:00,False,9930,2026-07-02 07:15:00-04:00,27103,DEACTIVATED_CLOSE_THROUGH,9930
IFVG2-003080,3,bearish,2026-07-02 07:18:00-04:00,False,9932,2026-07-02 07:21:00-04:00,27109,DEACTIVATED_OVERSHOOT_LIMIT,9932
IFVG2-003081,3,bullish,2026-07-02 07:45:00-04:00,False,9945,2026-07-02 08:00:00-04:00,27148,DEACTIVATED_CLOSE_THROUGH,9945
IFVG2-003082,3,bullish,2026-07-02 08:06:00-04:00,False,9976,2026-07-02 09:33:00-04:00,27241,DEACTIVATED_OVERSHOOT_LIMIT,9976
IFVG2-003083,3,bullish,2026-07-02 08:09:00-04:00,False,9975,2026-07-02 09:30:00-04:00,27238,DEACTIVATED_CLOSE_THROUGH,9975
IFVG2-003084,3,bullish,2026-07-02 08:12:00-04:00,False,9975,2026-07-02 09:30:00-04:00,27238,DEACTIVATED_CLOSE_THROUGH,9975
IFVG2-003085,3,bullish,2026-07-02 08:15:00-04:00,False,9975,2026-07-02 09:30:00-04:00,27238,DEACTIVATED_CLOSE_THROUGH,9975
IFVG2-003086,3,bullish,2026-07-02 08:18:00-04:00,False,9952,2026-07-02 08:21:00-04:00,27169,DEACTIVATED_OVERSHOOT_LIMIT,9952
IFVG2-003087,3,bearish,2026-07-02 08:57:00-04:00,False,9983,2026-07-02 09:54:00-04:00,27262,DEACTIVATED_CLOSE_THROUGH,9983
IFVG2-003088,3,bearish,2026-07-02 09:30:00-04:00,False,9976,2026-07-02 09:33:00-04:00,27241,DEACTIVATED_OVERSHOOT_LIMIT,9976
IFVG2-003089,3,bearish,2026-07-02 09:30:00-04:00,False,9977,2026-07-02 09:36:00-04:00,27244,DEACTIVATED_CLOSE_THROUGH,9977
IFVG2-003090,3,bearish,2026-07-02 10:30:00-04:00,False,9996,2026-07-02 10:33:00-04:00,27301,DEACTIVATED_OVERSHOOT_LIMIT,9996
IFVG2-003091,3,bullish,2026-07-02 11:39:00-04:00,False,10022,2026-07-02 11:51:00-04:00,27379,DEACTIVATED_CLOSE_THROUGH,10022
IFVG2-003092,3,bearish,2026-07-02 11:45:00-04:00,False,10160,2026-07-02 19:45:00-04:00,27793,EXPIRED_ACTIVE_8H,10160
IFVG2-003093,3,bearish,2026-07-02 14:18:00-04:00,False,10074,2026-07-02 14:27:00-04:00,27535,DEACTIVATED_CLOSE_THROUGH,10074
IFVG2-003094,3,bearish,2026-07-02 15:24:00-04:00,False,10095,2026-07-02 15:30:00-04:00,27598,DEACTIVATED_CLOSE_THROUGH,10095
IFVG2-003095,3,bullish,2026-07-02 15:30:00-04:00,False,10235,2026-07-02 23:30:00-04:00,28018,EXPIRED_UNTOUCHED_8H,10235
IFVG2-003096,3,bullish,2026-07-02 19:48:00-04:00,False,10164,2026-07-02 19:57:00-04:00,27805,DEACTIVATED_OVERSHOOT_LIMIT,10164
IFVG2-003097,3,bullish,2026-07-02 20:39:00-04:00,False,10179,2026-07-02 20:42:00-04:00,27850,DEACTIVATED_OVERSHOOT_LIMIT,10179
IFVG2-003098,3,bearish,2026-07-02 23:36:00-04:00,False,10245,2026-07-03 00:00:00-04:00,28048,DEACTIVATED_CLOSE_THROUGH,10245
IFVG2-003099,3,bearish,2026-07-03 00:36:00-04:00,False,10258,2026-07-03 00:39:00-04:00,28087,DEACTIVATED_CLOSE_THROUGH,10258
IFVG2-003100,3,bullish,2026-07-03 00:54:00-04:00,False,10264,2026-07-03 00:57:00-04:00,28105,DEACTIVATED_OVERSHOOT_LIMIT,10264
IFVG2-003101,3,bullish,2026-07-03 01:27:00-04:00,False,10275,2026-07-03 01:30:00-04:00,28138,DEACTIVATED_CLOSE_THROUGH,10275
IFVG2-003102,3,bullish,2026-07-03 02:30:00-04:00,False,10296,2026-07-03 02:33:00-04:00,28201,DEACTIVATED_OVERSHOOT_LIMIT,10296
IFVG2-003103,3,bearish,2026-07-03 02:54:00-04:00,False,10350,2026-07-03 05:15:00-04:00,28363,DEACTIVATED_CLOSE_THROUGH,10350
IFVG2-003104,3,bullish,2026-07-03 04:06:00-04:00,False,10328,2026-07-03 04:09:00-04:00,28297,DEACTIVATED_CLOSE_THROUGH,10328
IFVG2-003105,3,bullish,2026-07-03 04:39:00-04:00,False,10342,2026-07-03 04:51:00-04:00,28339,DEACTIVATED_CLOSE_THROUGH,10342
IFVG2-003106,3,bearish,2026-07-03 04:48:00-04:00,False,10350,2026-07-03 05:15:00-04:00,28363,DEACTIVATED_CLOSE_THROUGH,10350
IFVG2-003107,3,bearish,2026-07-03 04:48:00-04:00,False,10350,2026-07-03 05:15:00-04:00,28363,DEACTIVATED_CLOSE_THROUGH,10350
IFVG2-003108,3,bullish,2026-07-03 04:57:00-04:00,False,10345,2026-07-03 05:00:00-04:00,28348,DEACTIVATED_OVERSHOOT_LIMIT,10345
IFVG2-003109,3,bullish,2026-07-03 05:12:00-04:00,False,10506,2026-07-05 18:03:00-04:00,28830,EXPIRED_UNTOUCHED_8H,10506
IFVG2-003110,3,bullish,2026-07-03 06:24:00-04:00,False,10374,2026-07-03 06:27:00-04:00,28435,DEACTIVATED_CLOSE_THROUGH,10374
IFVG2-003111,3,bullish,2026-07-03 06:45:00-04:00,False,10386,2026-07-03 07:03:00-04:00,28470,DEACTIVATED_CLOSE_THROUGH,10386
IFVG2-003112,3,bearish,2026-07-03 09:39:00-04:00,False,10439,2026-07-03 09:42:00-04:00,28629,DEACTIVATED_OVERSHOOT_LIMIT,10439
IFVG2-003113,3,bearish,2026-07-03 12:15:00-04:00,False,10491,2026-07-03 12:18:00-04:00,28785,DEACTIVATED_CLOSE_THROUGH,10491
IFVG2-003114,3,bearish,2026-07-03 12:51:00-04:00,False,10504,2026-07-03 12:57:00-04:00,28824,DEACTIVATED_CLOSE_THROUGH,10504
IFVG2-003115,3,bearish,2026-07-03 12:51:00-04:00,False,10506,2026-07-05 18:03:00-04:00,28830,DEACTIVATED_CLOSE_THROUGH,10506
IFVG2-003116,3,bullish,2026-07-03 12:57:00-04:00,False,10505,2026-07-03 13:00:00-04:00,28827,DEACTIVATED_CLOSE_THROUGH,10505
IFVG2-003117,3,bearish,2026-07-05 18:51:00-04:00,False,10530,2026-07-05 19:15:00-04:00,28902,DEACTIVATED_CLOSE_THROUGH,10530
IFVG2-003118,3,bullish,2026-07-05 19:03:00-04:00,False,10527,2026-07-05 19:06:00-04:00,28893,DEACTIVATED_OVERSHOOT_LIMIT,10527
IFVG2-003119,3,bullish,2026-07-05 19:51:00-04:00,False,10544,2026-07-05 19:57:00-04:00,28944,DEACTIVATED_CLOSE_THROUGH,10544
IFVG2-003120,3,bullish,2026-07-05 20:48:00-04:00,False,10562,2026-07-05 20:51:00-04:00,28998,DEACTIVATED_OVERSHOOT_LIMIT,10562
IFVG2-003121,3,bearish,2026-07-05 21:06:00-04:00,False,10727,2026-07-06 05:06:00-04:00,29493,EXPIRED_ACTIVE_8H,10727
IFVG2-003122,3,bullish,2026-07-05 22:24:00-04:00,False,10594,2026-07-05 22:27:00-04:00,29094,DEACTIVATED_CLOSE_THROUGH,10594
IFVG2-003123,3,bullish,2026-07-05 23:12:00-04:00,False,10620,2026-07-05 23:45:00-04:00,29172,DEACTIVATED_CLOSE_THROUGH,10620
IFVG2-003124,3,bearish,2026-07-05 23:48:00-04:00,False,10629,2026-07-06 00:12:00-04:00,29199,DEACTIVATED_CLOSE_THROUGH,10629
IFVG2-003125,3,bullish,2026-07-06 00:15:00-04:00,False,10790,2026-07-06 08:15:00-04:00,29682,EXPIRED_ACTIVE_8H,10790
IFVG2-003126,3,bullish,2026-07-06 00:21:00-04:00,False,10655,2026-07-06 01:30:00-04:00,29277,DEACTIVATED_CLOSE_THROUGH,10655
IFVG2-003127,3,bullish,2026-07-06 01:12:00-04:00,False,10650,2026-07-06 01:15:00-04:00,29262,DEACTIVATED_CLOSE_THROUGH,10650
IFVG2-003128,3,bullish,2026-07-06 01:39:00-04:00,False,10661,2026-07-06 01:48:00-04:00,29295,DEACTIVATED_CLOSE_THROUGH,10661
IFVG2-003129,3,bullish,2026-07-06 01:39:00-04:00,False,10661,2026-07-06 01:48:00-04:00,29295,DEACTIVATED_OVERSHOOT_LIMIT,10661
IFVG2-003130,3,bearish,2026-07-06 02:09:00-04:00,False,10674,2026-07-06 02:27:00-04:00,29334,DEACTIVATED_CLOSE_THROUGH,10674
IFVG2-003131,3,bullish,2026-07-06 02:27:00-04:00,False,10834,2026-07-06 10:27:00-04:00,29814,EXPIRED_ACTIVE_8H,10834
IFVG2-003132,3,bearish,2026-07-06 02:48:00-04:00,False,10682,2026-07-06 02:51:00-04:00,29358,DEACTIVATED_CLOSE_THROUGH,10682
IFVG2-003133,3,bearish,2026-07-06 03:30:00-04:00,False,10696,2026-07-06 03:33:00-04:00,29400,DEACTIVATED_CLOSE_THROUGH,10696
IFVG2-003134,3,bullish,2026-07-06 04:03:00-04:00,False,10707,2026-07-06 04:06:00-04:00,29433,DEACTIVATED_OVERSHOOT_LIMIT,10707
IFVG2-003135,3,bullish,2026-07-06 04:42:00-04:00,False,10815,2026-07-06 09:30:00-04:00,29757,DEACTIVATED_OVERSHOOT_LIMIT,10815
IFVG2-003136,3,bullish,2026-07-06 05:54:00-04:00,False,10761,2026-07-06 06:48:00-04:00,29595,DEACTIVATED_OVERSHOOT_LIMIT,10761
IFVG2-003137,3,bullish,2026-07-06 07:48:00-04:00,False,10782,2026-07-06 07:51:00-04:00,29658,DEACTIVATED_OVERSHOOT_LIMIT,10782
IFVG2-003138,3,bullish,2026-07-06 08:39:00-04:00,False,10807,2026-07-06 09:06:00-04:00,29733,DEACTIVATED_OVERSHOOT_LIMIT,10807
IFVG2-003139,3,bearish,2026-07-06 09:03:00-04:00,False,10817,2026-07-06 09:36:00-04:00,29763,DEACTIVATED_OVERSHOOT_LIMIT,10817
IFVG2-003140,3,bearish,2026-07-06 09:15:00-04:00,False,10811,2026-07-06 09:18:00-04:00,29745,DEACTIVATED_OVERSHOOT_LIMIT,10811
IFVG2-003141,3,bearish,2026-07-06 09:21:00-04:00,False,10816,2026-07-06 09:33:00-04:00,29760,DEACTIVATED_CLOSE_THROUGH,10816
IFVG2-003142,3,bullish,2026-07-06 09:27:00-04:00,False,10815,2026-07-06 09:30:00-04:00,29757,DEACTIVATED_CLOSE_THROUGH,10815
IFVG2-003143,3,bullish,2026-07-06 09:33:00-04:00,False,10818,2026-07-06 09:39:00-04:00,29766,DEACTIVATED_CLOSE_THROUGH,10818
IFVG2-003144,3,bullish,2026-07-06 11:24:00-04:00,False,10884,2026-07-06 12:57:00-04:00,29964,DEACTIVATED_OVERSHOOT_LIMIT,10884
IFVG2-003145,3,bearish,2026-07-06 11:36:00-04:00,False,10858,2026-07-06 11:39:00-04:00,29886,DEACTIVATED_CLOSE_THROUGH,10858
IFVG2-003146,3,bearish,2026-07-06 12:15:00-04:00,False,10871,2026-07-06 12:18:00-04:00,29925,DEACTIVATED_OVERSHOOT_LIMIT,10871
IFVG2-003147,3,bearish,2026-07-06 12:57:00-04:00,False,10889,2026-07-06 13:12:00-04:00,29979,DEACTIVATED_CLOSE_THROUGH,10889
IFVG2-003148,3,bullish,2026-07-06 13:48:00-04:00,False,10902,2026-07-06 13:51:00-04:00,30018,DEACTIVATED_OVERSHOOT_LIMIT,10902
IFVG2-003149,3,bullish,2026-07-06 14:09:00-04:00,False,10945,2026-07-06 16:00:00-04:00,30147,DEACTIVATED_OVERSHOOT_LIMIT,10945
IFVG2-003150,3,bullish,2026-07-06 15:12:00-04:00,False,10942,2026-07-06 15:51:00-04:00,30138,DEACTIVATED_CLOSE_THROUGH,10942
IFVG2-003151,3,bearish,2026-07-06 15:33:00-04:00,False,10941,2026-07-06 15:48:00-04:00,30135,DEACTIVATED_OVERSHOOT_LIMIT,10941
IFVG2-003152,3,bearish,2026-07-06 19:18:00-04:00,False,11151,2026-07-07 03:18:00-04:00,30765,EXPIRED_ACTIVE_8H,11151
IFVG2-003153,3,bullish,2026-07-06 20:21:00-04:00,False,11017,2026-07-06 20:36:00-04:00,30363,DEACTIVATED_CLOSE_THROUGH,11017
IFVG2-003154,3,bullish,2026-07-06 20:24:00-04:00,False,11014,2026-07-06 20:27:00-04:00,30354,DEACTIVATED_OVERSHOOT_LIMIT,11014
IFVG2-003155,3,bearish,2026-07-06 20:36:00-04:00,False,11177,2026-07-07 04:36:00-04:00,30843,EXPIRED_ACTIVE_8H,11177
IFVG2-003156,3,bullish,2026-07-06 21:36:00-04:00,False,11038,2026-07-06 21:39:00-04:00,30426,DEACTIVATED_OVERSHOOT_LIMIT,11038
IFVG2-003157,3,bullish,2026-07-06 21:45:00-04:00,False,11045,2026-07-06 22:00:00-04:00,30447,DEACTIVATED_CLOSE_THROUGH,11045
IFVG2-003158,3,bearish,2026-07-06 22:00:00-04:00,False,11047,2026-07-06 22:06:00-04:00,30453,DEACTIVATED_OVERSHOOT_LIMIT,11047
IFVG2-003159,3,bullish,2026-07-06 23:09:00-04:00,False,11069,2026-07-06 23:12:00-04:00,30519,DEACTIVATED_CLOSE_THROUGH,11069
IFVG2-003160,3,bullish,2026-07-07 00:00:00-04:00,False,11086,2026-07-07 00:03:00-04:00,30570,DEACTIVATED_CLOSE_THROUGH,11086
IFVG2-003161,3,bullish,2026-07-07 01:36:00-04:00,False,11226,2026-07-07 07:03:00-04:00,30990,DEACTIVATED_CLOSE_THROUGH,11226
IFVG2-003162,3,bearish,2026-07-07 02:06:00-04:00,False,11138,2026-07-07 02:39:00-04:00,30726,DEACTIVATED_CLOSE_THROUGH,11138
IFVG2-003163,3,bearish,2026-07-07 02:48:00-04:00,False,11142,2026-07-07 02:51:00-04:00,30738,DEACTIVATED_OVERSHOOT_LIMIT,11142
IFVG2-003164,3,bullish,2026-07-07 04:12:00-04:00,False,11183,2026-07-07 04:54:00-04:00,30861,DEACTIVATED_CLOSE_THROUGH,11183
IFVG2-003165,3,bullish,2026-07-07 04:15:00-04:00,False,11176,2026-07-07 04:33:00-04:00,30840,DEACTIVATED_OVERSHOOT_LIMIT,11176
IFVG2-003166,3,bullish,2026-07-07 05:06:00-04:00,False,11195,2026-07-07 05:30:00-04:00,30897,DEACTIVATED_CLOSE_THROUGH,11195
IFVG2-003167,3,bullish,2026-07-07 05:42:00-04:00,False,11200,2026-07-07 05:45:00-04:00,30912,DEACTIVATED_CLOSE_THROUGH,11200
IFVG2-003168,3,bullish,2026-07-07 06:18:00-04:00,False,11217,2026-07-07 06:36:00-04:00,30963,DEACTIVATED_CLOSE_THROUGH,11217
IFVG2-003169,3,bearish,2026-07-07 06:51:00-04:00,False,11225,2026-07-07 07:00:00-04:00,30987,DEACTIVATED_CLOSE_THROUGH,11225
IFVG2-003170,3,bullish,2026-07-07 08:06:00-04:00,False,11252,2026-07-07 08:21:00-04:00,31068,DEACTIVATED_OVERSHOOT_LIMIT,11252
IFVG2-003171,3,bullish,2026-07-07 08:06:00-04:00,False,11262,2026-07-07 08:51:00-04:00,31098,DEACTIVATED_CLOSE_THROUGH,11262
IFVG2-003172,3,bearish,2026-07-07 08:48:00-04:00,False,11421,2026-07-07 16:48:00-04:00,31575,EXPIRED_ACTIVE_8H,11421
IFVG2-003173,3,bearish,2026-07-07 09:27:00-04:00,False,11276,2026-07-07 09:33:00-04:00,31140,DEACTIVATED_OVERSHOOT_LIMIT,11276
IFVG2-003174,3,bullish,2026-07-07 12:00:00-04:00,False,11388,2026-07-07 15:09:00-04:00,31476,DEACTIVATED_CLOSE_THROUGH,11388
IFVG2-003175,3,bullish,2026-07-07 12:03:00-04:00,False,11328,2026-07-07 12:09:00-04:00,31296,DEACTIVATED_OVERSHOOT_LIMIT,11328
IFVG2-003176,3,bullish,2026-07-07 12:24:00-04:00,False,11380,2026-07-07 14:45:00-04:00,31452,DEACTIVATED_CLOSE_THROUGH,11380
IFVG2-003177,3,bullish,2026-07-07 15:51:00-04:00,False,11403,2026-07-07 15:54:00-04:00,31521,DEACTIVATED_OVERSHOOT_LIMIT,11403
IFVG2-003178,3,bearish,2026-07-07 19:36:00-04:00,False,11469,2026-07-07 20:12:00-04:00,31719,DEACTIVATED_CLOSE_THROUGH,11469
IFVG2-003179,3,bullish,2026-07-07 20:06:00-04:00,False,11582,2026-07-08 01:51:00-04:00,32058,DEACTIVATED_OVERSHOOT_LIMIT,11582
IFVG2-003180,3,bullish,2026-07-07 20:12:00-04:00,False,11576,2026-07-08 01:33:00-04:00,32040,DEACTIVATED_CLOSE_THROUGH,11576
IFVG2-003181,3,bullish,2026-07-07 20:27:00-04:00,False,11477,2026-07-07 20:36:00-04:00,31743,DEACTIVATED_CLOSE_THROUGH,11477
IFVG2-003182,3,bearish,2026-07-07 20:36:00-04:00,False,11478,2026-07-07 20:39:00-04:00,31746,DEACTIVATED_CLOSE_THROUGH,11478
IFVG2-003183,3,bullish,2026-07-07 20:45:00-04:00,False,11496,2026-07-07 21:33:00-04:00,31800,DEACTIVATED_OVERSHOOT_LIMIT,11496
IFVG2-003184,3,bearish,2026-07-07 21:21:00-04:00,False,11652,2026-07-08 05:21:00-04:00,32268,EXPIRED_ACTIVE_8H,11652
IFVG2-003185,3,bearish,2026-07-07 21:30:00-04:00,False,11534,2026-07-07 23:27:00-04:00,31914,DEACTIVATED_CLOSE_THROUGH,11534
IFVG2-003186,3,bearish,2026-07-07 21:39:00-04:00,False,11529,2026-07-07 23:12:00-04:00,31899,DEACTIVATED_CLOSE_THROUGH,11529
IFVG2-003187,3,bullish,2026-07-07 21:48:00-04:00,False,11502,2026-07-07 21:51:00-04:00,31818,DEACTIVATED_OVERSHOOT_LIMIT,11502
IFVG2-003188,3,bearish,2026-07-07 22:30:00-04:00,False,11519,2026-07-07 22:42:00-04:00,31869,DEACTIVATED_OVERSHOOT_LIMIT,11519
IFVG2-003189,3,bullish,2026-07-07 22:48:00-04:00,False,11550,2026-07-08 00:15:00-04:00,31962,DEACTIVATED_CLOSE_THROUGH,11550
IFVG2-003190,3,bearish,2026-07-07 23:42:00-04:00,False,11699,2026-07-08 07:42:00-04:00,32409,EXPIRED_ACTIVE_8H,11699
IFVG2-003191,3,bullish,2026-07-08 01:57:00-04:00,False,11593,2026-07-08 02:24:00-04:00,32091,DEACTIVATED_OVERSHOOT_LIMIT,11593
IFVG2-003192,3,bullish,2026-07-08 02:51:00-04:00,False,11604,2026-07-08 02:57:00-04:00,32124,DEACTIVATED_OVERSHOOT_LIMIT,11604
IFVG2-003193,3,bullish,2026-07-08 02:51:00-04:00,False,11606,2026-07-08 03:03:00-04:00,32130,DEACTIVATED_CLOSE_THROUGH,11606
IFVG2-003194,3,bearish,2026-07-08 03:03:00-04:00,False,11614,2026-07-08 03:27:00-04:00,32154,DEACTIVATED_CLOSE_THROUGH,11614
IFVG2-003195,3,bullish,2026-07-08 04:12:00-04:00,False,11631,2026-07-08 04:18:00-04:00,32205,DEACTIVATED_CLOSE_THROUGH,11631
IFVG2-003196,3,bearish,2026-07-08 04:18:00-04:00,False,11737,2026-07-08 09:36:00-04:00,32523,DEACTIVATED_OVERSHOOT_LIMIT,11737
IFVG2-003197,3,bearish,2026-07-08 04:18:00-04:00,False,11738,2026-07-08 09:39:00-04:00,32526,DEACTIVATED_OVERSHOOT_LIMIT,11738
IFVG2-003198,3,bearish,2026-07-08 04:18:00-04:00,False,11741,2026-07-08 09:48:00-04:00,32535,DEACTIVATED_OVERSHOOT_LIMIT,11741
IFVG2-003199,3,bullish,2026-07-08 04:48:00-04:00,False,11645,2026-07-08 05:00:00-04:00,32247,DEACTIVATED_CLOSE_THROUGH,11645
IFVG2-003200,3,bearish,2026-07-08 05:39:00-04:00,False,11659,2026-07-08 05:42:00-04:00,32289,DEACTIVATED_CLOSE_THROUGH,11659
IFVG2-003201,3,bearish,2026-07-08 07:00:00-04:00,False,11697,2026-07-08 07:36:00-04:00,32403,DEACTIVATED_OVERSHOOT_LIMIT,11697
IFVG2-003202,3,bullish,2026-07-08 08:09:00-04:00,False,11771,2026-07-08 11:18:00-04:00,32625,DEACTIVATED_CLOSE_THROUGH,11771
IFVG2-003203,3,bullish,2026-07-08 08:30:00-04:00,False,11717,2026-07-08 08:36:00-04:00,32463,DEACTIVATED_CLOSE_THROUGH,11717
IFVG2-003204,3,bullish,2026-07-08 09:33:00-04:00,False,11738,2026-07-08 09:39:00-04:00,32526,DEACTIVATED_OVERSHOOT_LIMIT,11738
IFVG2-003205,3,bullish,2026-07-08 09:33:00-04:00,False,11762,2026-07-08 10:51:00-04:00,32598,DEACTIVATED_CLOSE_THROUGH,11762
IFVG2-003206,3,bearish,2026-07-08 10:48:00-04:00,False,11762,2026-07-08 10:51:00-04:00,32598,DEACTIVATED_OVERSHOOT_LIMIT,11762
IFVG2-003207,3,bullish,2026-07-08 10:54:00-04:00,False,11765,2026-07-08 11:00:00-04:00,32607,DEACTIVATED_OVERSHOOT_LIMIT,11765
IFVG2-003208,3,bearish,2026-07-08 11:24:00-04:00,False,11778,2026-07-08 11:39:00-04:00,32646,DEACTIVATED_OVERSHOOT_LIMIT,11778
IFVG2-003209,3,bullish,2026-07-08 12:12:00-04:00,False,11929,2026-07-08 20:12:00-04:00,33099,EXPIRED_UNTOUCHED_8H,11929
IFVG2-003210,3,bearish,2026-07-08 13:42:00-04:00,False,11827,2026-07-08 14:06:00-04:00,32793,DEACTIVATED_OVERSHOOT_LIMIT,11827
IFVG2-003211,3,bearish,2026-07-08 13:48:00-04:00,False,11823,2026-07-08 13:54:00-04:00,32781,DEACTIVATED_OVERSHOOT_LIMIT,11823
IFVG2-003212,3,bullish,2026-07-08 16:42:00-04:00,False,12019,2026-07-09 00:42:00-04:00,33369,EXPIRED_ACTIVE_8H,12019
IFVG2-003213,3,bearish,2026-07-08 19:18:00-04:00,False,11915,2026-07-08 19:30:00-04:00,33057,DEACTIVATED_CLOSE_THROUGH,11915
IFVG2-003214,3,bearish,2026-07-08 19:18:00-04:00,False,11917,2026-07-08 19:36:00-04:00,33063,DEACTIVATED_CLOSE_THROUGH,11917
IFVG2-003215,3,bearish,2026-07-08 19:18:00-04:00,False,11917,2026-07-08 19:36:00-04:00,33063,DEACTIVATED_CLOSE_THROUGH,11917
IFVG2-003216,3,bullish,2026-07-08 19:36:00-04:00,False,11986,2026-07-08 23:03:00-04:00,33270,DEACTIVATED_OVERSHOOT_LIMIT,11986
IFVG2-003217,3,bearish,2026-07-08 21:57:00-04:00,False,11969,2026-07-08 22:12:00-04:00,33219,DEACTIVATED_CLOSE_THROUGH,11969
IFVG2-003218,3,bullish,2026-07-08 22:09:00-04:00,False,11980,2026-07-08 22:45:00-04:00,33252,DEACTIVATED_CLOSE_THROUGH,11980
IFVG2-003219,3,bullish,2026-07-08 22:12:00-04:00,False,11977,2026-07-08 22:36:00-04:00,33243,DEACTIVATED_CLOSE_THROUGH,11977
IFVG2-003220,3,bearish,2026-07-08 22:45:00-04:00,False,12000,2026-07-08 23:45:00-04:00,33312,DEACTIVATED_CLOSE_THROUGH,12000
IFVG2-003221,3,bullish,2026-07-08 23:27:00-04:00,False,12154,2026-07-09 07:27:00-04:00,33774,EXPIRED_UNTOUCHED_8H,12154
IFVG2-003222,3,bullish,2026-07-08 23:33:00-04:00,False,12015,2026-07-09 00:30:00-04:00,33357,DEACTIVATED_OVERSHOOT_LIMIT,12015
IFVG2-003223,3,bearish,2026-07-09 00:27:00-04:00,False,12015,2026-07-09 00:30:00-04:00,33357,DEACTIVATED_CLOSE_THROUGH,12015
IFVG2-003224,3,bearish,2026-07-09 00:27:00-04:00,False,12016,2026-07-09 00:33:00-04:00,33360,DEACTIVATED_CLOSE_THROUGH,12016
IFVG2-003225,3,bullish,2026-07-09 00:33:00-04:00,False,12036,2026-07-09 01:33:00-04:00,33420,DEACTIVATED_CLOSE_THROUGH,12036
IFVG2-003226,3,bullish,2026-07-09 01:12:00-04:00,False,12033,2026-07-09 01:24:00-04:00,33411,DEACTIVATED_CLOSE_THROUGH,12033
IFVG2-003227,3,bullish,2026-07-09 01:36:00-04:00,False,12038,2026-07-09 01:39:00-04:00,33426,DEACTIVATED_CLOSE_THROUGH,12038
IFVG2-003228,3,bullish,2026-07-09 01:51:00-04:00,False,12202,2026-07-09 09:51:00-04:00,33918,EXPIRED_ACTIVE_8H,12202
IFVG2-003229,3,bullish,2026-07-09 03:03:00-04:00,False,12067,2026-07-09 03:06:00-04:00,33513,DEACTIVATED_CLOSE_THROUGH,12067
IFVG2-003230,3,bearish,2026-07-09 03:57:00-04:00,False,12087,2026-07-09 04:06:00-04:00,33573,DEACTIVATED_CLOSE_THROUGH,12087
IFVG2-003231,3,bearish,2026-07-09 04:33:00-04:00,False,12162,2026-07-09 07:51:00-04:00,33798,DEACTIVATED_CLOSE_THROUGH,12162
IFVG2-003232,3,bearish,2026-07-09 04:48:00-04:00,False,12160,2026-07-09 07:45:00-04:00,33792,DEACTIVATED_CLOSE_THROUGH,12160
IFVG2-003233,3,bearish,2026-07-09 05:09:00-04:00,False,12110,2026-07-09 05:15:00-04:00,33642,DEACTIVATED_OVERSHOOT_LIMIT,12110
IFVG2-003234,3,bearish,2026-07-09 06:54:00-04:00,False,12144,2026-07-09 06:57:00-04:00,33744,DEACTIVATED_CLOSE_THROUGH,12144
IFVG2-003235,3,bearish,2026-07-09 06:54:00-04:00,False,12145,2026-07-09 07:00:00-04:00,33747,DEACTIVATED_CLOSE_THROUGH,12145
IFVG2-003236,3,bullish,2026-07-09 07:00:00-04:00,False,12148,2026-07-09 07:09:00-04:00,33756,DEACTIVATED_OVERSHOOT_LIMIT,12148
IFVG2-003237,3,bullish,2026-07-09 07:48:00-04:00,False,12162,2026-07-09 07:51:00-04:00,33798,DEACTIVATED_OVERSHOOT_LIMIT,12162
IFVG2-003238,3,bearish,2026-07-09 08:45:00-04:00,False,12190,2026-07-09 09:15:00-04:00,33882,DEACTIVATED_CLOSE_THROUGH,12190
IFVG2-003239,3,bullish,2026-07-09 09:36:00-04:00,False,12211,2026-07-09 10:18:00-04:00,33945,DEACTIVATED_CLOSE_THROUGH,12211
IFVG2-003240,3,bearish,2026-07-09 10:21:00-04:00,False,12213,2026-07-09 10:24:00-04:00,33951,DEACTIVATED_CLOSE_THROUGH,12213
IFVG2-003241,3,bullish,2026-07-09 11:42:00-04:00,False,12257,2026-07-09 12:36:00-04:00,34083,DEACTIVATED_CLOSE_THROUGH,12257
IFVG2-003242,3,bearish,2026-07-09 15:03:00-04:00,False,12312,2026-07-09 15:21:00-04:00,34248,DEACTIVATED_CLOSE_THROUGH,12312
IFVG2-003243,3,bearish,2026-07-09 15:27:00-04:00,False,12318,2026-07-09 15:39:00-04:00,34266,DEACTIVATED_OVERSHOOT_LIMIT,12318
IFVG2-003244,3,bearish,2026-07-09 16:45:00-04:00,False,12346,2026-07-09 18:03:00-04:00,34350,DEACTIVATED_OVERSHOOT_LIMIT,12346
IFVG2-003245,3,bullish,2026-07-09 19:57:00-04:00,False,12385,2026-07-09 20:00:00-04:00,34467,DEACTIVATED_CLOSE_THROUGH,12385
IFVG2-003246,3,bearish,2026-07-09 20:00:00-04:00,False,12386,2026-07-09 20:03:00-04:00,34470,DEACTIVATED_OVERSHOOT_LIMIT,12386
IFVG2-003247,3,bearish,2026-07-09 21:06:00-04:00,False,12411,2026-07-09 21:18:00-04:00,34545,DEACTIVATED_CLOSE_THROUGH,12411
IFVG2-003248,3,bullish,2026-07-09 22:51:00-04:00,False,12461,2026-07-09 23:48:00-04:00,34695,DEACTIVATED_OVERSHOOT_LIMIT,12461
IFVG2-003249,3,bearish,2026-07-09 23:27:00-04:00,False,12466,2026-07-10 00:03:00-04:00,34710,DEACTIVATED_OVERSHOOT_LIMIT,12466
IFVG2-003250,3,bearish,2026-07-09 23:27:00-04:00,False,12466,2026-07-10 00:03:00-04:00,34710,DEACTIVATED_OVERSHOOT_LIMIT,12466
IFVG2-003251,3,bullish,2026-07-10 00:06:00-04:00,False,12473,2026-07-10 00:24:00-04:00,34731,DEACTIVATED_CLOSE_THROUGH,12473
IFVG2-003252,3,bullish,2026-07-10 02:33:00-04:00,False,12517,2026-07-10 02:36:00-04:00,34863,DEACTIVATED_CLOSE_THROUGH,12517
IFVG2-003253,3,bearish,2026-07-10 03:09:00-04:00,False,12530,2026-07-10 03:15:00-04:00,34902,DEACTIVATED_CLOSE_THROUGH,12530
IFVG2-003254,3,bullish,2026-07-10 06:45:00-04:00,False,12601,2026-07-10 06:48:00-04:00,35115,DEACTIVATED_CLOSE_THROUGH,12601
IFVG2-003255,3,bullish,2026-07-10 07:00:00-04:00,False,12616,2026-07-10 07:33:00-04:00,35160,DEACTIVATED_CLOSE_THROUGH,12616
IFVG2-003256,3,bearish,2026-07-10 07:27:00-04:00,False,12630,2026-07-10 08:15:00-04:00,35202,DEACTIVATED_OVERSHOOT_LIMIT,12630
IFVG2-003257,3,bearish,2026-07-10 07:30:00-04:00,False,12630,2026-07-10 08:15:00-04:00,35202,DEACTIVATED_OVERSHOOT_LIMIT,12630
IFVG2-003258,3,bearish,2026-07-10 07:33:00-04:00,False,12630,2026-07-10 08:15:00-04:00,35202,DEACTIVATED_OVERSHOOT_LIMIT,12630
IFVG2-003259,3,bearish,2026-07-10 08:06:00-04:00,False,12630,2026-07-10 08:15:00-04:00,35202,DEACTIVATED_CLOSE_THROUGH,12630
IFVG2-003260,3,bearish,2026-07-10 11:36:00-04:00,False,12698,2026-07-10 11:39:00-04:00,35406,DEACTIVATED_OVERSHOOT_LIMIT,12698
IFVG2-003261,3,bullish,2026-07-10 12:00:00-04:00,False,12806,2026-07-12 18:03:00-04:00,35730,EXPIRED_ACTIVE_8H,12806
IFVG2-003262,3,bullish,2026-07-10 12:03:00-04:00,False,12806,2026-07-12 18:03:00-04:00,35730,DEACTIVATED_OVERSHOOT_LIMIT,12806
IFVG2-003263,3,bullish,2026-07-10 14:27:00-04:00,False,12755,2026-07-10 14:30:00-04:00,35577,DEACTIVATED_OVERSHOOT_LIMIT,12755
IFVG2-003264,3,bearish,2026-07-12 18:03:00-04:00,False,12848,2026-07-12 20:09:00-04:00,35856,DEACTIVATED_OVERSHOOT_LIMIT,12848
IFVG2-003265,3,bearish,2026-07-12 18:39:00-04:00,False,12819,2026-07-12 18:42:00-04:00,35769,DEACTIVATED_OVERSHOOT_LIMIT,12819
IFVG2-003266,3,bearish,2026-07-12 20:42:00-04:00,False,13019,2026-07-13 04:42:00-04:00,36369,EXPIRED_ACTIVE_8H,13019
IFVG2-003267,3,bullish,2026-07-13 01:12:00-04:00,False,12951,2026-07-13 01:18:00-04:00,36165,DEACTIVATED_CLOSE_THROUGH,12951
IFVG2-003268,3,bearish,2026-07-13 01:18:00-04:00,False,12993,2026-07-13 03:24:00-04:00,36291,DEACTIVATED_CLOSE_THROUGH,12993
IFVG2-003269,3,bearish,2026-07-13 01:21:00-04:00,False,12959,2026-07-13 01:42:00-04:00,36189,DEACTIVATED_CLOSE_THROUGH,12959
IFVG2-003270,3,bullish,2026-07-13 01:36:00-04:00,False,12969,2026-07-13 02:12:00-04:00,36219,DEACTIVATED_CLOSE_THROUGH,12969
IFVG2-003271,3,bullish,2026-07-13 01:36:00-04:00,False,12970,2026-07-13 02:15:00-04:00,36222,DEACTIVATED_CLOSE_THROUGH,12970
IFVG2-003272,3,bullish,2026-07-13 01:36:00-04:00,False,13117,2026-07-13 09:36:00-04:00,36663,EXPIRED_ACTIVE_8H,13117
IFVG2-003273,3,bullish,2026-07-13 01:42:00-04:00,False,12960,2026-07-13 01:45:00-04:00,36192,DEACTIVATED_OVERSHOOT_LIMIT,12960
IFVG2-003274,3,bullish,2026-07-13 02:27:00-04:00,False,12978,2026-07-13 02:39:00-04:00,36246,DEACTIVATED_CLOSE_THROUGH,12978
IFVG2-003275,3,bullish,2026-07-13 02:42:00-04:00,False,12984,2026-07-13 02:57:00-04:00,36264,DEACTIVATED_CLOSE_THROUGH,12984
IFVG2-003276,3,bearish,2026-07-13 02:54:00-04:00,False,12984,2026-07-13 02:57:00-04:00,36264,DEACTIVATED_OVERSHOOT_LIMIT,12984
IFVG2-003277,3,bearish,2026-07-13 03:18:00-04:00,False,12993,2026-07-13 03:24:00-04:00,36291,DEACTIVATED_CLOSE_THROUGH,12993
IFVG2-003278,3,bullish,2026-07-13 04:15:00-04:00,False,13018,2026-07-13 04:39:00-04:00,36366,DEACTIVATED_OVERSHOOT_LIMIT,13018
IFVG2-003279,3,bullish,2026-07-13 04:15:00-04:00,False,13094,2026-07-13 08:27:00-04:00,36594,DEACTIVATED_OVERSHOOT_LIMIT,13094
IFVG2-003280,3,bullish,2026-07-13 06:21:00-04:00,False,13053,2026-07-13 06:24:00-04:00,36471,DEACTIVATED_OVERSHOOT_LIMIT,13053
IFVG2-003281,3,bearish,2026-07-13 06:27:00-04:00,False,13062,2026-07-13 06:51:00-04:00,36498,DEACTIVATED_OVERSHOOT_LIMIT,13062
IFVG2-003282,3,bullish,2026-07-13 08:48:00-04:00,False,13112,2026-07-13 09:21:00-04:00,36648,DEACTIVATED_CLOSE_THROUGH,13112
IFVG2-003283,3,bearish,2026-07-13 09:21:00-04:00,False,13113,2026-07-13 09:24:00-04:00,36651,DEACTIVATED_OVERSHOOT_LIMIT,13113
IFVG2-003284,3,bullish,2026-07-13 09:27:00-04:00,False,13115,2026-07-13 09:30:00-04:00,36657,DEACTIVATED_OVERSHOOT_LIMIT,13115
IFVG2-003285,3,bearish,2026-07-13 10:18:00-04:00,False,13133,2026-07-13 10:24:00-04:00,36711,DEACTIVATED_OVERSHOOT_LIMIT,13133
IFVG2-003286,3,bearish,2026-07-13 12:51:00-04:00,False,13185,2026-07-13 13:00:00-04:00,36867,DEACTIVATED_CLOSE_THROUGH,13185
IFVG2-003287,3,bullish,2026-07-13 18:48:00-04:00,False,13282,2026-07-13 18:51:00-04:00,37158,DEACTIVATED_CLOSE_THROUGH,13282
IFVG2-003288,3,bearish,2026-07-13 20:06:00-04:00,False,13309,2026-07-13 20:12:00-04:00,37239,DEACTIVATED_CLOSE_THROUGH,13309
IFVG2-003289,3,bearish,2026-07-13 20:09:00-04:00,False,13309,2026-07-13 20:12:00-04:00,37239,DEACTIVATED_CLOSE_THROUGH,13309
IFVG2-003290,3,bullish,2026-07-13 20:12:00-04:00,False,13357,2026-07-13 22:36:00-04:00,37383,DEACTIVATED_OVERSHOOT_LIMIT,13357
IFVG2-003291,3,bearish,2026-07-13 20:45:00-04:00,False,13321,2026-07-13 20:48:00-04:00,37275,DEACTIVATED_CLOSE_THROUGH,13321
IFVG2-003292,3,bullish,2026-07-13 20:51:00-04:00,False,13339,2026-07-13 21:42:00-04:00,37329,DEACTIVATED_CLOSE_THROUGH,13339
IFVG2-003293,3,bearish,2026-07-13 22:12:00-04:00,False,13398,2026-07-14 00:39:00-04:00,37506,DEACTIVATED_CLOSE_THROUGH,13398
IFVG2-003294,3,bearish,2026-07-13 22:54:00-04:00,False,13387,2026-07-14 00:06:00-04:00,37473,DEACTIVATED_OVERSHOOT_LIMIT,13387
IFVG2-003295,3,bullish,2026-07-13 23:24:00-04:00,False,13374,2026-07-13 23:27:00-04:00,37434,DEACTIVATED_OVERSHOOT_LIMIT,13374
IFVG2-003296,3,bullish,2026-07-13 23:30:00-04:00,False,13378,2026-07-13 23:39:00-04:00,37446,DEACTIVATED_OVERSHOOT_LIMIT,13378
IFVG2-003297,3,bullish,2026-07-14 00:03:00-04:00,False,13389,2026-07-14 00:12:00-04:00,37479,DEACTIVATED_CLOSE_THROUGH,13389
IFVG2-003298,3,bearish,2026-07-14 00:12:00-04:00,False,13390,2026-07-14 00:15:00-04:00,37482,DEACTIVATED_CLOSE_THROUGH,13390
IFVG2-003299,3,bullish,2026-07-14 00:24:00-04:00,False,13553,2026-07-14 08:24:00-04:00,37971,EXPIRED_ACTIVE_8H,13553
IFVG2-003300,3,bullish,2026-07-14 00:33:00-04:00,False,13556,2026-07-14 08:33:00-04:00,37980,EXPIRED_ACTIVE_8H,13556
IFVG2-003301,3,bullish,2026-07-14 02:33:00-04:00,False,13438,2026-07-14 02:39:00-04:00,37626,DEACTIVATED_OVERSHOOT_LIMIT,13438
IFVG2-003302,3,bearish,2026-07-14 03:03:00-04:00,False,13447,2026-07-14 03:06:00-04:00,37653,DEACTIVATED_CLOSE_THROUGH,13447
IFVG2-003303,3,bullish,2026-07-14 03:06:00-04:00,False,13460,2026-07-14 03:45:00-04:00,37692,DEACTIVATED_CLOSE_THROUGH,13460
IFVG2-003304,3,bullish,2026-07-14 03:06:00-04:00,False,13461,2026-07-14 03:48:00-04:00,37695,DEACTIVATED_OVERSHOOT_LIMIT,13461
IFVG2-003305,3,bullish,2026-07-14 03:27:00-04:00,False,13456,2026-07-14 03:33:00-04:00,37680,DEACTIVATED_CLOSE_THROUGH,13456
IFVG2-003306,3,bearish,2026-07-14 03:57:00-04:00,False,13466,2026-07-14 04:03:00-04:00,37710,DEACTIVATED_CLOSE_THROUGH,13466
IFVG2-003307,3,bullish,2026-07-14 05:12:00-04:00,False,13491,2026-07-14 05:18:00-04:00,37785,DEACTIVATED_OVERSHOOT_LIMIT,13491
IFVG2-003308,3,bearish,2026-07-14 05:18:00-04:00,False,13502,2026-07-14 05:51:00-04:00,37818,DEACTIVATED_CLOSE_THROUGH,13502
IFVG2-003309,3,bearish,2026-07-14 05:54:00-04:00,False,13508,2026-07-14 06:09:00-04:00,37836,DEACTIVATED_CLOSE_THROUGH,13508
IFVG2-003310,3,bullish,2026-07-14 06:39:00-04:00,False,13519,2026-07-14 06:42:00-04:00,37869,DEACTIVATED_CLOSE_THROUGH,13519
IFVG2-003311,3,bearish,2026-07-14 08:03:00-04:00,False,13553,2026-07-14 08:24:00-04:00,37971,DEACTIVATED_CLOSE_THROUGH,13553
IFVG2-003312,3,bullish,2026-07-14 08:24:00-04:00,False,13554,2026-07-14 08:27:00-04:00,37974,DEACTIVATED_OVERSHOOT_LIMIT,13554
IFVG2-003313,3,bearish,2026-07-14 09:33:00-04:00,False,13578,2026-07-14 09:39:00-04:00,38046,DEACTIVATED_OVERSHOOT_LIMIT,13578
IFVG2-003314,3,bearish,2026-07-14 10:18:00-04:00,False,13592,2026-07-14 10:21:00-04:00,38088,DEACTIVATED_CLOSE_THROUGH,13592
IFVG2-003315,3,bearish,2026-07-14 10:45:00-04:00,False,13604,2026-07-14 10:57:00-04:00,38124,DEACTIVATED_CLOSE_THROUGH,13604
IFVG2-003316,3,bullish,2026-07-14 10:54:00-04:00,False,13628,2026-07-14 12:09:00-04:00,38196,DEACTIVATED_OVERSHOOT_LIMIT,13628
IFVG2-003317,3,bullish,2026-07-14 11:09:00-04:00,False,13612,2026-07-14 11:21:00-04:00,38148,DEACTIVATED_OVERSHOOT_LIMIT,13612
IFVG2-003318,3,bearish,2026-07-14 12:03:00-04:00,False,13629,2026-07-14 12:12:00-04:00,38199,DEACTIVATED_OVERSHOOT_LIMIT,13629
IFVG2-003319,3,bullish,2026-07-14 12:27:00-04:00,False,13774,2026-07-14 20:27:00-04:00,38634,EXPIRED_ACTIVE_8H,13774
IFVG2-003320,3,bearish,2026-07-14 13:33:00-04:00,False,13659,2026-07-14 13:42:00-04:00,38289,DEACTIVATED_OVERSHOOT_LIMIT,13659
IFVG2-003321,3,bearish,2026-07-14 15:30:00-04:00,False,13700,2026-07-14 15:45:00-04:00,38412,DEACTIVATED_OVERSHOOT_LIMIT,13700
IFVG2-003322,3,bullish,2026-07-14 16:36:00-04:00,False,13728,2026-07-14 18:09:00-04:00,38496,DEACTIVATED_CLOSE_THROUGH,13728
IFVG2-003323,3,bearish,2026-07-14 16:51:00-04:00,False,13723,2026-07-14 16:54:00-04:00,38481,DEACTIVATED_CLOSE_THROUGH,13723
IFVG2-003324,3,bearish,2026-07-14 18:03:00-04:00,False,13727,2026-07-14 18:06:00-04:00,38493,DEACTIVATED_OVERSHOOT_LIMIT,13727
IFVG2-003325,3,bearish,2026-07-14 18:42:00-04:00,False,13748,2026-07-14 19:09:00-04:00,38556,DEACTIVATED_CLOSE_THROUGH,13748
IFVG2-003326,3,bearish,2026-07-14 19:45:00-04:00,False,13761,2026-07-14 19:48:00-04:00,38595,DEACTIVATED_CLOSE_THROUGH,13761
IFVG2-003327,3,bearish,2026-07-14 20:03:00-04:00,False,13769,2026-07-14 20:12:00-04:00,38619,DEACTIVATED_CLOSE_THROUGH,13769
IFVG2-003328,3,bearish,2026-07-14 21:03:00-04:00,False,13787,2026-07-14 21:06:00-04:00,38673,DEACTIVATED_OVERSHOOT_LIMIT,13787
IFVG2-003329,3,bearish,2026-07-14 21:03:00-04:00,False,13791,2026-07-14 21:18:00-04:00,38685,DEACTIVATED_CLOSE_THROUGH,13791
IFVG2-003330,3,bullish,2026-07-15 00:21:00-04:00,False,13853,2026-07-15 00:24:00-04:00,38871,DEACTIVATED_OVERSHOOT_LIMIT,13853
IFVG2-003331,3,bullish,2026-07-15 01:36:00-04:00,False,13881,2026-07-15 01:48:00-04:00,38955,DEACTIVATED_OVERSHOOT_LIMIT,13881
IFVG2-003332,3,bearish,2026-07-15 03:24:00-04:00,False,14073,2026-07-15 11:24:00-04:00,39531,EXPIRED_UNTOUCHED_8H,14073
IFVG2-003333,3,bearish,2026-07-15 03:27:00-04:00,False,13917,2026-07-15 03:36:00-04:00,39063,DEACTIVATED_CLOSE_THROUGH,13917
IFVG2-003334,3,bearish,2026-07-15 05:54:00-04:00,False,13970,2026-07-15 06:15:00-04:00,39222,DEACTIVATED_CLOSE_THROUGH,13970
IFVG2-003335,3,bullish,2026-07-15 08:33:00-04:00,False,14037,2026-07-15 09:36:00-04:00,39423,DEACTIVATED_OVERSHOOT_LIMIT,14037
IFVG2-003336,3,bearish,2026-07-15 09:39:00-04:00,False,14186,2026-07-15 18:03:00-04:00,39870,EXPIRED_ACTIVE_8H,14186
IFVG2-003337,3,bullish,2026-07-15 10:03:00-04:00,False,14050,2026-07-15 10:15:00-04:00,39462,DEACTIVATED_CLOSE_THROUGH,14050
IFVG2-003338,3,bearish,2026-07-15 10:15:00-04:00,False,14051,2026-07-15 10:18:00-04:00,39465,DEACTIVATED_OVERSHOOT_LIMIT,14051
IFVG2-003339,3,bullish,2026-07-15 11:30:00-04:00,False,14077,2026-07-15 11:36:00-04:00,39543,DEACTIVATED_OVERSHOOT_LIMIT,14077
IFVG2-003340,3,bullish,2026-07-15 12:48:00-04:00,False,14241,2026-07-15 20:48:00-04:00,40035,EXPIRED_UNTOUCHED_8H,14241
IFVG2-003341,3,bullish,2026-07-15 13:09:00-04:00,False,14248,2026-07-15 21:09:00-04:00,40056,EXPIRED_ACTIVE_8H,14248
IFVG2-003342,3,bearish,2026-07-15 14:18:00-04:00,False,14132,2026-07-15 14:21:00-04:00,39708,DEACTIVATED_CLOSE_THROUGH,14132
IFVG2-003343,3,bullish,2026-07-15 15:30:00-04:00,False,14252,2026-07-15 21:21:00-04:00,40068,DEACTIVATED_OVERSHOOT_LIMIT,14252
IFVG2-003344,3,bullish,2026-07-15 18:57:00-04:00,False,14211,2026-07-15 19:18:00-04:00,39945,DEACTIVATED_CLOSE_THROUGH,14211
IFVG2-003345,3,bullish,2026-07-15 18:57:00-04:00,False,14222,2026-07-15 19:51:00-04:00,39978,DEACTIVATED_OVERSHOOT_LIMIT,14222
IFVG2-003346,3,bullish,2026-07-15 20:54:00-04:00,False,14244,2026-07-15 20:57:00-04:00,40044,DEACTIVATED_OVERSHOOT_LIMIT,14244
IFVG2-003347,3,bullish,2026-07-15 21:42:00-04:00,False,14260,2026-07-15 21:45:00-04:00,40092,DEACTIVATED_CLOSE_THROUGH,14260
IFVG2-003348,3,bearish,2026-07-15 21:45:00-04:00,False,14261,2026-07-15 21:48:00-04:00,40095,DEACTIVATED_CLOSE_THROUGH,14261
IFVG2-003349,3,bullish,2026-07-15 22:18:00-04:00,False,14370,2026-07-16 03:15:00-04:00,40422,DEACTIVATED_CLOSE_THROUGH,14370
IFVG2-003350,3,bearish,2026-07-15 23:21:00-04:00,False,14296,2026-07-15 23:33:00-04:00,40200,DEACTIVATED_OVERSHOOT_LIMIT,14296
IFVG2-003351,3,bearish,2026-07-15 23:45:00-04:00,False,14304,2026-07-15 23:57:00-04:00,40224,DEACTIVATED_CLOSE_THROUGH,14304
IFVG2-003352,3,bearish,2026-07-16 01:33:00-04:00,False,14496,2026-07-16 09:33:00-04:00,40800,EXPIRED_UNTOUCHED_8H,14496
IFVG2-003353,3,bearish,2026-07-16 01:36:00-04:00,False,14338,2026-07-16 01:39:00-04:00,40326,DEACTIVATED_OVERSHOOT_LIMIT,14338
IFVG2-003354,3,bullish,2026-07-16 04:24:00-04:00,False,14439,2026-07-16 06:42:00-04:00,40629,DEACTIVATED_OVERSHOOT_LIMIT,14439
IFVG2-003355,3,bearish,2026-07-16 04:45:00-04:00,False,14401,2026-07-16 04:48:00-04:00,40515,DEACTIVATED_CLOSE_THROUGH,14401
IFVG2-003356,3,bullish,2026-07-16 05:18:00-04:00,False,14412,2026-07-16 05:21:00-04:00,40548,DEACTIVATED_CLOSE_THROUGH,14412
IFVG2-003357,3,bearish,2026-07-16 05:45:00-04:00,False,14580,2026-07-16 13:45:00-04:00,41052,EXPIRED_UNTOUCHED_8H,14580
IFVG2-003358,3,bearish,2026-07-16 06:00:00-04:00,False,14427,2026-07-16 06:06:00-04:00,40593,DEACTIVATED_OVERSHOOT_LIMIT,14427
IFVG2-003359,3,bullish,2026-07-16 06:09:00-04:00,False,14429,2026-07-16 06:12:00-04:00,40599,DEACTIVATED_CLOSE_THROUGH,14429
IFVG2-003360,3,bullish,2026-07-16 06:09:00-04:00,False,14431,2026-07-16 06:18:00-04:00,40605,DEACTIVATED_CLOSE_THROUGH,14431
IFVG2-003361,3,bearish,2026-07-16 06:42:00-04:00,False,14445,2026-07-16 07:00:00-04:00,40647,DEACTIVATED_OVERSHOOT_LIMIT,14445
IFVG2-003362,3,bullish,2026-07-16 06:54:00-04:00,False,14444,2026-07-16 06:57:00-04:00,40644,DEACTIVATED_OVERSHOOT_LIMIT,14444
IFVG2-003363,3,bearish,2026-07-16 08:06:00-04:00,False,14488,2026-07-16 09:09:00-04:00,40776,DEACTIVATED_OVERSHOOT_LIMIT,14488
IFVG2-003364,3,bearish,2026-07-16 08:24:00-04:00,False,14486,2026-07-16 09:03:00-04:00,40770,DEACTIVATED_OVERSHOOT_LIMIT,14486
IFVG2-003365,3,bearish,2026-07-16 09:36:00-04:00,False,14498,2026-07-16 09:39:00-04:00,40806,DEACTIVATED_OVERSHOOT_LIMIT,14498
IFVG2-003366,3,bullish,2026-07-16 11:03:00-04:00,False,14527,2026-07-16 11:06:00-04:00,40893,DEACTIVATED_CLOSE_THROUGH,14527
IFVG2-003367,3,bearish,2026-07-16 11:15:00-04:00,False,14532,2026-07-16 11:21:00-04:00,40908,DEACTIVATED_OVERSHOOT_LIMIT,14532
IFVG2-003368,3,bearish,2026-07-16 13:03:00-04:00,False,14567,2026-07-16 13:06:00-04:00,41013,DEACTIVATED_OVERSHOOT_LIMIT,14567
IFVG2-003369,3,bullish,2026-07-16 14:21:00-04:00,False,14593,2026-07-16 14:24:00-04:00,41091,DEACTIVATED_OVERSHOOT_LIMIT,14593
IFVG2-003370,3,bearish,2026-07-16 16:15:00-04:00,False,14632,2026-07-16 16:21:00-04:00,41208,DEACTIVATED_OVERSHOOT_LIMIT,14632
IFVG2-003371,3,bullish,2026-07-16 16:39:00-04:00,False,14640,2026-07-16 16:45:00-04:00,41232,DEACTIVATED_CLOSE_THROUGH,14640
IFVG2-003372,3,bearish,2026-07-16 18:30:00-04:00,False,14656,2026-07-16 18:33:00-04:00,41280,DEACTIVATED_CLOSE_THROUGH,14656
IFVG2-003373,3,bullish,2026-07-16 19:15:00-04:00,False,14672,2026-07-16 19:21:00-04:00,41328,DEACTIVATED_CLOSE_THROUGH,14672
IFVG2-003374,3,bullish,2026-07-16 19:42:00-04:00,False,14681,2026-07-16 19:48:00-04:00,41355,DEACTIVATED_OVERSHOOT_LIMIT,14681
IFVG2-003375,3,bullish,2026-07-16 19:42:00-04:00,False,14681,2026-07-16 19:48:00-04:00,41355,DEACTIVATED_OVERSHOOT_LIMIT,14681
IFVG2-003376,3,bearish,2026-07-16 21:15:00-04:00,False,14870,2026-07-17 05:15:00-04:00,41922,EXPIRED_ACTIVE_8H,14870
IFVG2-003377,3,bullish,2026-07-16 23:24:00-04:00,False,14756,2026-07-16 23:33:00-04:00,41580,DEACTIVATED_CLOSE_THROUGH,14756
IFVG2-003378,3,bearish,2026-07-16 23:42:00-04:00,False,14919,2026-07-17 07:42:00-04:00,42069,EXPIRED_ACTIVE_8H,14919
IFVG2-003379,3,bearish,2026-07-17 01:00:00-04:00,False,14787,2026-07-17 01:06:00-04:00,41673,DEACTIVATED_OVERSHOOT_LIMIT,14787
IFVG2-003380,3,bearish,2026-07-17 01:00:00-04:00,False,14787,2026-07-17 01:06:00-04:00,41673,DEACTIVATED_OVERSHOOT_LIMIT,14787
IFVG2-003381,3,bullish,2026-07-17 01:51:00-04:00,False,14803,2026-07-17 01:54:00-04:00,41721,DEACTIVATED_OVERSHOOT_LIMIT,14803
IFVG2-003382,3,bearish,2026-07-17 02:09:00-04:00,False,14810,2026-07-17 02:15:00-04:00,41742,DEACTIVATED_OVERSHOOT_LIMIT,14810
IFVG2-003383,3,bullish,2026-07-17 02:24:00-04:00,False,14819,2026-07-17 02:42:00-04:00,41769,DEACTIVATED_OVERSHOOT_LIMIT,14819
IFVG2-003384,3,bearish,2026-07-17 02:39:00-04:00,False,14897,2026-07-17 06:36:00-04:00,42003,DEACTIVATED_CLOSE_THROUGH,14897
IFVG2-003385,3,bearish,2026-07-17 02:42:00-04:00,False,14897,2026-07-17 06:36:00-04:00,42003,DEACTIVATED_CLOSE_THROUGH,14897
IFVG2-003386,3,bearish,2026-07-17 03:09:00-04:00,False,14830,2026-07-17 03:15:00-04:00,41802,DEACTIVATED_CLOSE_THROUGH,14830
IFVG2-003387,3,bearish,2026-07-17 06:21:00-04:00,False,14895,2026-07-17 06:30:00-04:00,41997,DEACTIVATED_CLOSE_THROUGH,14895
IFVG2-003388,3,bullish,2026-07-17 06:39:00-04:00,False,14904,2026-07-17 06:57:00-04:00,42024,DEACTIVATED_OVERSHOOT_LIMIT,14904
IFVG2-003389,3,bearish,2026-07-17 06:45:00-04:00,False,14901,2026-07-17 06:48:00-04:00,42015,DEACTIVATED_CLOSE_THROUGH,14901
IFVG2-003390,3,bearish,2026-07-17 08:42:00-04:00,False,14941,2026-07-17 08:48:00-04:00,42135,DEACTIVATED_OVERSHOOT_LIMIT,14941
IFVG2-003391,3,bearish,2026-07-17 09:36:00-04:00,False,14963,2026-07-17 09:54:00-04:00,42201,DEACTIVATED_CLOSE_THROUGH,14963
IFVG2-003392,3,bearish,2026-07-17 12:24:00-04:00,False,15015,2026-07-17 12:30:00-04:00,42357,DEACTIVATED_CLOSE_THROUGH,15015
IFVG2-003393,3,bearish,2026-07-17 13:36:00-04:00,False,15105,2026-07-17 17:00:00-04:00,42627,DATA_END_ACTIVE,15105
IFVG2-003394,3,bearish,2026-07-17 14:18:00-04:00,False,15105,2026-07-17 17:00:00-04:00,42627,DATA_END_ACTIVE,15105
IFVG2-003395,3,bullish,2026-07-17 15:30:00-04:00,False,15079,2026-07-17 15:42:00-04:00,42549,DEACTIVATED_OVERSHOOT_LIMIT,15079
IFVG2-003396,5,bearish,2026-06-01 09:00:00-04:00,False,106,2026-06-01 11:24:00-04:00,275,DEACTIVATED_CLOSE_THROUGH,106
IFVG2-003397,5,bearish,2026-06-01 09:00:00-04:00,False,106,2026-06-01 11:24:00-04:00,275,DEACTIVATED_CLOSE_THROUGH,106
IFVG2-003398,5,bearish,2026-06-01 09:15:00-04:00,False,85,2026-06-01 09:40:00-04:00,183,DEACTIVATED_OVERSHOOT_LIMIT,85
IFVG2-003399,5,bearish,2026-06-01 10:00:00-04:00,False,94,2026-06-01 10:25:00-04:00,225,DEACTIVATED_CLOSE_THROUGH,94
IFVG2-003400,5,bullish,2026-06-01 10:10:00-04:00,False,167,2026-06-01 18:15:00-04:00,452,EXPIRED_ACTIVE_8H,167
IFVG2-003401,5,bearish,2026-06-01 12:15:00-04:00,False,123,2026-06-01 12:54:00-04:00,329,DEACTIVATED_CLOSE_THROUGH,123
IFVG2-003402,5,bullish,2026-06-01 12:30:00-04:00,False,166,2026-06-01 18:09:00-04:00,450,DEACTIVATED_CLOSE_THROUGH,166
IFVG2-003403,5,bullish,2026-06-01 12:30:00-04:00,False,166,2026-06-01 18:09:00-04:00,450,DEACTIVATED_CLOSE_THROUGH,166
IFVG2-003404,5,bearish,2026-06-01 15:35:00-04:00,False,213,2026-06-01 23:35:00-04:00,536,EXPIRED_UNTOUCHED_8H,213
IFVG2-003405,5,bearish,2026-06-01 18:09:00-04:00,False,234,2026-06-02 02:09:00-04:00,574,EXPIRED_ACTIVE_8H,234
IFVG2-003406,5,bullish,2026-06-02 10:45:00-04:00,False,380,2026-06-02 18:50:00-04:00,956,EXPIRED_ACTIVE_8H,380
IFVG2-003407,5,bullish,2026-06-02 11:39:00-04:00,False,319,2026-06-02 11:50:00-04:00,794,DEACTIVATED_OVERSHOOT_LIMIT,319
IFVG2-003408,5,bearish,2026-06-02 12:04:00-04:00,False,323,2026-06-02 12:10:00-04:00,808,DEACTIVATED_CLOSE_THROUGH,323
IFVG2-003409,5,bullish,2026-06-02 12:49:00-04:00,False,338,2026-06-02 13:24:00-04:00,855,DEACTIVATED_CLOSE_THROUGH,338
IFVG2-003410,5,bullish,2026-06-02 13:49:00-04:00,False,353,2026-06-02 14:40:00-04:00,893,DEACTIVATED_CLOSE_THROUGH,353
IFVG2-003411,5,bullish,2026-06-02 15:05:00-04:00,False,385,2026-06-02 19:20:00-04:00,967,DEACTIVATED_CLOSE_THROUGH,385
IFVG2-003412,5,bullish,2026-06-02 15:05:00-04:00,False,385,2026-06-02 19:20:00-04:00,967,DEACTIVATED_CLOSE_THROUGH,385
IFVG2-003413,5,bearish,2026-06-02 18:50:00-04:00,False,454,2026-06-03 03:04:00-04:00,1093,EXPIRED_UNTOUCHED_8H,454
IFVG2-003414,5,bearish,2026-06-02 18:50:00-04:00,False,454,2026-06-03 03:04:00-04:00,1093,EXPIRED_UNTOUCHED_8H,454
IFVG2-003415,5,bearish,2026-06-02 18:55:00-04:00,False,454,2026-06-03 03:04:00-04:00,1093,EXPIRED_ACTIVE_8H,454
IFVG2-003416,5,bearish,2026-06-02 19:20:00-04:00,False,390,2026-06-02 19:45:00-04:00,985,DEACTIVATED_CLOSE_THROUGH,390
IFVG2-003417,5,bearish,2026-06-02 19:20:00-04:00,False,390,2026-06-02 19:45:00-04:00,985,DEACTIVATED_CLOSE_THROUGH,390
IFVG2-003418,5,bearish,2026-06-02 19:20:00-04:00,False,390,2026-06-02 19:45:00-04:00,985,DEACTIVATED_CLOSE_THROUGH,390
IFVG2-003419,5,bearish,2026-06-02 19:25:00-04:00,False,389,2026-06-02 19:38:00-04:00,980,DEACTIVATED_OVERSHOOT_LIMIT,389
IFVG2-003420,5,bearish,2026-06-02 19:25:00-04:00,False,390,2026-06-02 19:45:00-04:00,985,DEACTIVATED_CLOSE_THROUGH,390
IFVG2-003421,5,bearish,2026-06-02 21:04:00-04:00,False,428,2026-06-03 00:15:00-04:00,1050,DEACTIVATED_CLOSE_THROUGH,428
IFVG2-003422,5,bearish,2026-06-02 21:04:00-04:00,False,428,2026-06-03 00:15:00-04:00,1050,DEACTIVATED_CLOSE_THROUGH,428
IFVG2-003423,5,bullish,2026-06-02 23:24:00-04:00,False,498,2026-06-03 07:29:00-04:00,1185,EXPIRED_ACTIVE_8H,498
IFVG2-003424,5,bullish,2026-06-03 00:15:00-04:00,False,434,2026-06-03 00:54:00-04:00,1061,DEACTIVATED_CLOSE_THROUGH,434
IFVG2-003425,5,bearish,2026-06-03 04:27:00-04:00,False,468,2026-06-03 04:40:00-04:00,1129,DEACTIVATED_OVERSHOOT_LIMIT,468
IFVG2-003426,5,bearish,2026-06-03 04:27:00-04:00,False,473,2026-06-03 05:09:00-04:00,1140,DEACTIVATED_CLOSE_THROUGH,473
IFVG2-003427,5,bullish,2026-06-03 07:05:00-04:00,False,507,2026-06-03 08:30:00-04:00,1198,DEACTIVATED_CLOSE_THROUGH,507
IFVG2-003428,5,bullish,2026-06-03 14:00:00-04:00,False,575,2026-06-03 14:15:00-04:00,1470,DEACTIVATED_CLOSE_THROUGH,575
IFVG2-003429,5,bearish,2026-06-03 14:15:00-04:00,False,577,2026-06-03 14:25:00-04:00,1477,DEACTIVATED_CLOSE_THROUGH,577
IFVG2-003430,5,bearish,2026-06-03 14:15:00-04:00,False,577,2026-06-03 14:25:00-04:00,1477,DEACTIVATED_CLOSE_THROUGH,577
IFVG2-003431,5,bearish,2026-06-03 14:18:00-04:00,False,577,2026-06-03 14:25:00-04:00,1477,DEACTIVATED_CLOSE_THROUGH,577
IFVG2-003432,5,bullish,2026-06-03 14:25:00-04:00,False,597,2026-06-03 16:05:00-04:00,1540,DEACTIVATED_OVERSHOOT_LIMIT,597
IFVG2-003433,5,bearish,2026-06-03 14:40:00-04:00,False,592,2026-06-03 15:39:00-04:00,1520,DEACTIVATED_OVERSHOOT_LIMIT,592
IFVG2-003434,5,bullish,2026-06-03 15:20:00-04:00,False,597,2026-06-03 16:05:00-04:00,1540,DEACTIVATED_OVERSHOOT_LIMIT,597
IFVG2-003435,5,bearish,2026-06-03 16:00:00-04:00,False,669,2026-06-04 00:00:00-04:00,1690,EXPIRED_UNTOUCHED_8H,669
IFVG2-003436,5,bearish,2026-06-03 16:20:00-04:00,False,601,2026-06-03 16:25:00-04:00,1552,DEACTIVATED_OVERSHOOT_LIMIT,601
IFVG2-003437,5,bearish,2026-06-03 16:20:00-04:00,False,673,2026-06-04 00:25:00-04:00,1695,EXPIRED_ACTIVE_8H,673
IFVG2-003438,5,bullish,2026-06-03 21:03:00-04:00,False,643,2026-06-03 21:20:00-04:00,1640,DEACTIVATED_CLOSE_THROUGH,643
IFVG2-003439,5,bearish,2026-06-03 22:14:00-04:00,False,663,2026-06-03 23:11:00-04:00,1682,DEACTIVATED_CLOSE_THROUGH,663
IFVG2-003440,5,bearish,2026-06-04 04:24:00-04:00,False,779,2026-06-04 11:10:00-04:00,2008,DEACTIVATED_CLOSE_THROUGH,779
IFVG2-003441,5,bearish,2026-06-04 09:05:00-04:00,False,756,2026-06-04 09:15:00-04:00,1897,DEACTIVATED_CLOSE_THROUGH,756
IFVG2-003442,5,bearish,2026-06-04 09:30:00-04:00,False,760,2026-06-04 09:35:00-04:00,1915,DEACTIVATED_CLOSE_THROUGH,760
IFVG2-003443,5,bearish,2026-06-04 09:30:00-04:00,False,760,2026-06-04 09:35:00-04:00,1915,DEACTIVATED_CLOSE_THROUGH,760
IFVG2-003444,5,bearish,2026-06-04 13:18:00-04:00,False,807,2026-06-04 13:30:00-04:00,2119,DEACTIVATED_CLOSE_THROUGH,807
IFVG2-003445,5,bullish,2026-06-04 15:30:00-04:00,False,835,2026-06-04 15:50:00-04:00,2212,DEACTIVATED_CLOSE_THROUGH,835
IFVG2-003446,5,bearish,2026-06-04 16:00:00-04:00,False,911,2026-06-05 00:00:00-04:00,2379,EXPIRED_UNTOUCHED_8H,911
IFVG2-003447,5,bearish,2026-06-04 16:30:00-04:00,False,916,2026-06-05 00:34:00-04:00,2386,EXPIRED_ACTIVE_8H,916
IFVG2-003448,5,bullish,2026-06-04 22:23:00-04:00,False,902,2026-06-04 23:03:00-04:00,2361,DEACTIVATED_CLOSE_THROUGH,902
IFVG2-003449,5,bearish,2026-06-04 23:31:00-04:00,False,915,2026-06-05 00:29:00-04:00,2385,DEACTIVATED_OVERSHOOT_LIMIT,915
IFVG2-003450,5,bearish,2026-06-04 23:55:00-04:00,False,914,2026-06-05 00:16:00-04:00,2383,DEACTIVATED_CLOSE_THROUGH,914
IFVG2-003451,5,bullish,2026-06-05 00:10:00-04:00,False,929,2026-06-05 01:55:00-04:00,2409,DEACTIVATED_CLOSE_THROUGH,929
IFVG2-003452,5,bearish,2026-06-05 03:05:00-04:00,False,949,2026-06-05 03:34:00-04:00,2475,DEACTIVATED_CLOSE_THROUGH,949
IFVG2-003453,5,bullish,2026-06-05 03:39:00-04:00,False,952,2026-06-05 03:48:00-04:00,2481,DEACTIVATED_CLOSE_THROUGH,952
IFVG2-003454,5,bullish,2026-06-05 04:25:00-04:00,False,993,2026-06-05 08:05:00-04:00,2564,DEACTIVATED_CLOSE_THROUGH,993
IFVG2-003455,5,bullish,2026-06-05 06:24:00-04:00,False,985,2026-06-05 07:07:00-04:00,2543,DEACTIVATED_CLOSE_THROUGH,985
IFVG2-003456,5,bearish,2026-06-05 07:07:00-04:00,False,1078,2026-06-05 15:10:00-04:00,2967,EXPIRED_UNTOUCHED_8H,1078
IFVG2-003457,5,bearish,2026-06-05 07:25:00-04:00,False,988,2026-06-05 07:30:00-04:00,2552,DEACTIVATED_CLOSE_THROUGH,988
IFVG2-003458,5,bullish,2026-06-05 08:20:00-04:00,False,998,2026-06-05 08:30:00-04:00,2577,DEACTIVATED_CLOSE_THROUGH,998
IFVG2-003459,5,bearish,2026-06-05 08:30:00-04:00,False,1001,2026-06-05 08:45:00-04:00,2590,DEACTIVATED_CLOSE_THROUGH,1001
IFVG2-003460,5,bearish,2026-06-05 08:30:00-04:00,False,1094,2026-06-05 16:30:00-04:00,3044,EXPIRED_ACTIVE_8H,1094
IFVG2-003461,5,bearish,2026-06-05 08:35:00-04:00,False,1001,2026-06-05 08:45:00-04:00,2590,DEACTIVATED_CLOSE_THROUGH,1001
IFVG2-003462,5,bearish,2026-06-05 08:55:00-04:00,False,1099,2026-06-05 16:55:00-04:00,3069,EXPIRED_ACTIVE_8H,1099
IFVG2-003463,5,bearish,2026-06-05 10:30:00-04:00,False,1023,2026-06-05 10:35:00-04:00,2692,DEACTIVATED_CLOSE_THROUGH,1023
IFVG2-003464,5,bullish,2026-06-05 13:40:00-04:00,False,1061,2026-06-05 13:45:00-04:00,2882,DEACTIVATED_CLOSE_THROUGH,1061
IFVG2-003465,5,bearish,2026-06-05 13:45:00-04:00,False,1064,2026-06-05 14:00:00-04:00,2897,DEACTIVATED_CLOSE_THROUGH,1064
IFVG2-003466,5,bullish,2026-06-05 15:00:00-04:00,False,1077,2026-06-05 15:05:00-04:00,2962,DEACTIVATED_OVERSHOOT_LIMIT,1077
IFVG2-003467,5,bullish,2026-06-05 15:30:00-04:00,False,1088,2026-06-05 16:00:00-04:00,3016,DEACTIVATED_CLOSE_THROUGH,1088
IFVG2-003468,5,bearish,2026-06-07 21:20:00-04:00,False,1141,2026-06-07 21:25:00-04:00,3226,DEACTIVATED_OVERSHOOT_LIMIT,1141
IFVG2-003469,5,bearish,2026-06-07 21:20:00-04:00,False,1156,2026-06-07 22:40:00-04:00,3281,DEACTIVATED_CLOSE_THROUGH,1156
IFVG2-003470,5,bearish,2026-06-07 21:30:00-04:00,False,1143,2026-06-07 21:35:00-04:00,3236,DEACTIVATED_OVERSHOOT_LIMIT,1143
IFVG2-003471,5,bearish,2026-06-08 00:08:00-04:00,False,1208,2026-06-08 03:25:00-04:00,3428,DEACTIVATED_CLOSE_THROUGH,1208
IFVG2-003472,5,bearish,2026-06-08 00:45:00-04:00,False,1198,2026-06-08 02:35:00-04:00,3398,DEACTIVATED_OVERSHOOT_LIMIT,1198
IFVG2-003473,5,bullish,2026-06-08 01:54:00-04:00,False,1192,2026-06-08 01:59:00-04:00,3376,DEACTIVATED_CLOSE_THROUGH,1192
IFVG2-003474,5,bullish,2026-06-08 02:25:00-04:00,False,1290,2026-06-08 10:25:00-04:00,3733,EXPIRED_ACTIVE_8H,1290
IFVG2-003475,5,bullish,2026-06-08 03:25:00-04:00,False,1225,2026-06-08 04:48:00-04:00,3487,DEACTIVATED_CLOSE_THROUGH,1225
IFVG2-003476,5,bullish,2026-06-08 04:35:00-04:00,False,1223,2026-06-08 04:40:00-04:00,3480,DEACTIVATED_CLOSE_THROUGH,1223
IFVG2-003477,5,bearish,2026-06-08 04:48:00-04:00,False,1231,2026-06-08 05:23:00-04:00,3500,DEACTIVATED_CLOSE_THROUGH,1231
IFVG2-003478,5,bullish,2026-06-08 05:20:00-04:00,False,1233,2026-06-08 05:35:00-04:00,3504,DEACTIVATED_CLOSE_THROUGH,1233
IFVG2-003479,5,bullish,2026-06-08 05:23:00-04:00,False,1233,2026-06-08 05:35:00-04:00,3504,DEACTIVATED_CLOSE_THROUGH,1233
IFVG2-003480,5,bearish,2026-06-08 07:50:00-04:00,False,1263,2026-06-08 08:10:00-04:00,3601,DEACTIVATED_CLOSE_THROUGH,1263
IFVG2-003481,5,bearish,2026-06-08 07:50:00-04:00,False,1265,2026-06-08 08:20:00-04:00,3611,DEACTIVATED_CLOSE_THROUGH,1265
IFVG2-003482,5,bullish,2026-06-08 08:10:00-04:00,False,1285,2026-06-08 10:00:00-04:00,3708,DEACTIVATED_CLOSE_THROUGH,1285
IFVG2-003483,5,bearish,2026-06-08 09:30:00-04:00,False,1280,2026-06-08 09:35:00-04:00,3683,DEACTIVATED_OVERSHOOT_LIMIT,1280
IFVG2-003484,5,bearish,2026-06-08 09:35:00-04:00,False,1281,2026-06-08 09:40:00-04:00,3688,DEACTIVATED_OVERSHOOT_LIMIT,1281
IFVG2-003485,5,bearish,2026-06-08 09:35:00-04:00,False,1282,2026-06-08 09:45:00-04:00,3693,DEACTIVATED_OVERSHOOT_LIMIT,1282
IFVG2-003486,5,bearish,2026-06-08 10:00:00-04:00,False,1286,2026-06-08 10:05:00-04:00,3713,DEACTIVATED_OVERSHOOT_LIMIT,1286
IFVG2-003487,5,bearish,2026-06-08 11:30:00-04:00,False,1306,2026-06-08 11:45:00-04:00,3813,DEACTIVATED_CLOSE_THROUGH,1306
IFVG2-003488,5,bearish,2026-06-08 11:30:00-04:00,False,1307,2026-06-08 11:50:00-04:00,3818,DEACTIVATED_OVERSHOOT_LIMIT,1307
IFVG2-003489,5,bearish,2026-06-08 13:05:00-04:00,False,1323,2026-06-08 13:10:00-04:00,3892,DEACTIVATED_OVERSHOOT_LIMIT,1323
IFVG2-003490,5,bullish,2026-06-08 13:30:00-04:00,False,1328,2026-06-08 13:35:00-04:00,3917,DEACTIVATED_OVERSHOOT_LIMIT,1328
IFVG2-003491,5,bearish,2026-06-08 15:15:00-04:00,False,1412,2026-06-08 21:49:00-04:00,4188,DEACTIVATED_CLOSE_THROUGH,1412
IFVG2-003492,5,bullish,2026-06-08 18:58:00-04:00,False,1396,2026-06-08 20:24:00-04:00,4143,DEACTIVATED_CLOSE_THROUGH,1396
IFVG2-003493,5,bullish,2026-06-08 19:14:00-04:00,False,1390,2026-06-08 19:50:00-04:00,4133,DEACTIVATED_CLOSE_THROUGH,1390
IFVG2-003494,5,bullish,2026-06-08 21:40:00-04:00,False,1501,2026-06-09 05:50:00-04:00,4404,EXPIRED_ACTIVE_8H,1501
IFVG2-003495,5,bullish,2026-06-08 21:49:00-04:00,False,1501,2026-06-09 05:50:00-04:00,4404,EXPIRED_ACTIVE_8H,1501
IFVG2-003496,5,bearish,2026-06-08 23:54:00-04:00,False,1439,2026-06-09 00:10:00-04:00,4249,DEACTIVATED_CLOSE_THROUGH,1439
IFVG2-003497,5,bearish,2026-06-09 02:30:00-04:00,False,1471,2026-06-09 03:05:00-04:00,4327,DEACTIVATED_CLOSE_THROUGH,1471
IFVG2-003498,5,bearish,2026-06-09 02:35:00-04:00,False,1471,2026-06-09 03:05:00-04:00,4327,DEACTIVATED_CLOSE_THROUGH,1471
IFVG2-003499,5,bullish,2026-06-09 03:05:00-04:00,False,1475,2026-06-09 03:25:00-04:00,4338,DEACTIVATED_CLOSE_THROUGH,1475
IFVG2-003500,5,bearish,2026-06-09 03:28:00-04:00,False,1487,2026-06-09 04:30:00-04:00,4371,DEACTIVATED_CLOSE_THROUGH,1487
IFVG2-003501,5,bullish,2026-06-09 04:10:00-04:00,False,1550,2026-06-09 10:15:00-04:00,4556,DEACTIVATED_CLOSE_THROUGH,1550
IFVG2-003502,5,bullish,2026-06-09 05:13:00-04:00,False,1505,2026-06-09 06:10:00-04:00,4413,DEACTIVATED_CLOSE_THROUGH,1505
IFVG2-003503,5,bearish,2026-06-09 06:10:00-04:00,False,1506,2026-06-09 06:15:00-04:00,4415,DEACTIVATED_CLOSE_THROUGH,1506
IFVG2-003504,5,bullish,2026-06-09 08:35:00-04:00,False,1533,2026-06-09 08:49:00-04:00,4485,DEACTIVATED_CLOSE_THROUGH,1533
IFVG2-003505,5,bearish,2026-06-09 09:35:00-04:00,False,1543,2026-06-09 09:40:00-04:00,4521,DEACTIVATED_OVERSHOOT_LIMIT,1543
IFVG2-003506,5,bearish,2026-06-09 09:35:00-04:00,False,1543,2026-06-09 09:40:00-04:00,4521,DEACTIVATED_OVERSHOOT_LIMIT,1543
IFVG2-003507,5,bearish,2026-06-09 10:00:00-04:00,False,1632,2026-06-09 18:05:00-04:00,4946,EXPIRED_UNTOUCHED_8H,1632
IFVG2-003508,5,bearish,2026-06-09 10:15:00-04:00,False,1635,2026-06-09 18:20:00-04:00,4957,EXPIRED_UNTOUCHED_8H,1635
IFVG2-003509,5,bearish,2026-06-09 11:55:00-04:00,False,1592,2026-06-09 13:45:00-04:00,4766,DEACTIVATED_OVERSHOOT_LIMIT,1592
IFVG2-003510,5,bearish,2026-06-09 13:50:00-04:00,False,1594,2026-06-09 13:55:00-04:00,4776,DEACTIVATED_OVERSHOOT_LIMIT,1594
IFVG2-003511,5,bullish,2026-06-09 15:00:00-04:00,False,1611,2026-06-09 15:20:00-04:00,4861,DEACTIVATED_CLOSE_THROUGH,1611
IFVG2-003512,5,bearish,2026-06-09 15:15:00-04:00,False,1618,2026-06-09 15:55:00-04:00,4896,DEACTIVATED_CLOSE_THROUGH,1618
IFVG2-003513,5,bearish,2026-06-09 15:20:00-04:00,False,1612,2026-06-09 15:25:00-04:00,4866,DEACTIVATED_OVERSHOOT_LIMIT,1612
IFVG2-003514,5,bullish,2026-06-09 16:00:00-04:00,False,1701,2026-06-10 00:02:00-04:00,5163,EXPIRED_ACTIVE_8H,1701
IFVG2-003515,5,bullish,2026-06-09 16:05:00-04:00,False,1639,2026-06-09 18:40:00-04:00,4973,DEACTIVATED_CLOSE_THROUGH,1639
IFVG2-003516,5,bearish,2026-06-09 16:54:00-04:00,False,1657,2026-06-09 20:10:00-04:00,5023,DEACTIVATED_CLOSE_THROUGH,1657
IFVG2-003517,5,bearish,2026-06-09 18:05:00-04:00,False,1656,2026-06-09 20:05:00-04:00,5018,DEACTIVATED_OVERSHOOT_LIMIT,1656
IFVG2-003518,5,bearish,2026-06-09 18:40:00-04:00,False,1656,2026-06-09 20:05:00-04:00,5018,DEACTIVATED_CLOSE_THROUGH,1656
IFVG2-003519,5,bullish,2026-06-09 19:05:00-04:00,False,1646,2026-06-09 19:15:00-04:00,4994,DEACTIVATED_CLOSE_THROUGH,1646
IFVG2-003520,5,bullish,2026-06-09 19:10:00-04:00,False,1646,2026-06-09 19:15:00-04:00,4994,DEACTIVATED_CLOSE_THROUGH,1646
IFVG2-003521,5,bearish,2026-06-09 19:35:00-04:00,False,1654,2026-06-09 19:55:00-04:00,5011,DEACTIVATED_CLOSE_THROUGH,1654
IFVG2-003522,5,bullish,2026-06-09 20:05:00-04:00,False,1662,2026-06-09 20:35:00-04:00,5044,DEACTIVATED_CLOSE_THROUGH,1662
IFVG2-003523,5,bearish,2026-06-09 21:25:00-04:00,False,1762,2026-06-10 05:25:00-04:00,5359,EXPIRED_ACTIVE_8H,1762
IFVG2-003524,5,bearish,2026-06-09 22:55:00-04:00,False,1693,2026-06-09 23:07:00-04:00,5150,DEACTIVATED_CLOSE_THROUGH,1693
IFVG2-003525,5,bullish,2026-06-10 02:10:00-04:00,False,1727,2026-06-10 02:25:00-04:00,5242,DEACTIVATED_CLOSE_THROUGH,1727
IFVG2-003526,5,bearish,2026-06-10 02:25:00-04:00,False,1729,2026-06-10 02:33:00-04:00,5247,DEACTIVATED_OVERSHOOT_LIMIT,1729
IFVG2-003527,5,bearish,2026-06-10 04:20:00-04:00,False,1800,2026-06-10 08:35:00-04:00,5510,DEACTIVATED_CLOSE_THROUGH,1800
IFVG2-003528,5,bearish,2026-06-10 06:20:00-04:00,False,1775,2026-06-10 06:30:00-04:00,5405,DEACTIVATED_CLOSE_THROUGH,1775
IFVG2-003529,5,bearish,2026-06-10 07:05:00-04:00,False,1800,2026-06-10 08:35:00-04:00,5510,DEACTIVATED_CLOSE_THROUGH,1800
IFVG2-003530,5,bearish,2026-06-10 07:05:00-04:00,False,1800,2026-06-10 08:35:00-04:00,5510,DEACTIVATED_CLOSE_THROUGH,1800
IFVG2-003531,5,bullish,2026-06-10 11:25:00-04:00,False,1837,2026-06-10 11:40:00-04:00,5686,DEACTIVATED_OVERSHOOT_LIMIT,1837
IFVG2-003532,5,bullish,2026-06-10 12:35:00-04:00,False,1849,2026-06-10 12:40:00-04:00,5746,DEACTIVATED_OVERSHOOT_LIMIT,1849
IFVG2-003533,5,bearish,2026-06-10 12:50:00-04:00,False,1854,2026-06-10 13:05:00-04:00,5771,DEACTIVATED_OVERSHOOT_LIMIT,1854
IFVG2-003534,5,bullish,2026-06-10 13:30:00-04:00,False,1860,2026-06-10 13:35:00-04:00,5801,DEACTIVATED_CLOSE_THROUGH,1860
IFVG2-003535,5,bullish,2026-06-10 15:35:00-04:00,False,1889,2026-06-10 16:00:00-04:00,5939,DEACTIVATED_CLOSE_THROUGH,1889
IFVG2-003536,5,bearish,2026-06-10 16:00:00-04:00,False,1938,2026-06-10 21:05:00-04:00,6147,DEACTIVATED_CLOSE_THROUGH,1938
IFVG2-003537,5,bearish,2026-06-10 21:35:00-04:00,False,1945,2026-06-10 21:40:00-04:00,6182,DEACTIVATED_OVERSHOOT_LIMIT,1945
IFVG2-003538,5,bearish,2026-06-10 22:00:00-04:00,False,1972,2026-06-10 23:55:00-04:00,6303,DEACTIVATED_CLOSE_THROUGH,1972
IFVG2-003539,5,bearish,2026-06-10 22:15:00-04:00,False,1961,2026-06-10 23:00:00-04:00,6257,DEACTIVATED_OVERSHOOT_LIMIT,1961
IFVG2-003540,5,bearish,2026-06-10 22:30:00-04:00,False,1961,2026-06-10 23:00:00-04:00,6257,DEACTIVATED_CLOSE_THROUGH,1961
IFVG2-003541,5,bullish,2026-06-10 23:35:00-04:00,False,2064,2026-06-11 07:35:00-04:00,6688,EXPIRED_UNTOUCHED_8H,2064
IFVG2-003542,5,bullish,2026-06-10 23:45:00-04:00,False,2066,2026-06-11 07:45:00-04:00,6698,EXPIRED_ACTIVE_8H,2066
IFVG2-003543,5,bullish,2026-06-10 23:55:00-04:00,False,1999,2026-06-11 02:10:00-04:00,6405,DEACTIVATED_OVERSHOOT_LIMIT,1999
IFVG2-003544,5,bearish,2026-06-11 01:30:00-04:00,False,1992,2026-06-11 01:35:00-04:00,6379,DEACTIVATED_CLOSE_THROUGH,1992
IFVG2-003545,5,bearish,2026-06-11 03:08:00-04:00,False,2012,2026-06-11 03:15:00-04:00,6458,DEACTIVATED_CLOSE_THROUGH,2012
IFVG2-003546,5,bearish,2026-06-11 03:08:00-04:00,False,2012,2026-06-11 03:15:00-04:00,6458,DEACTIVATED_CLOSE_THROUGH,2012
IFVG2-003547,5,bullish,2026-06-11 06:55:00-04:00,False,2057,2026-06-11 07:00:00-04:00,6654,DEACTIVATED_CLOSE_THROUGH,2057
IFVG2-003548,5,bearish,2026-06-11 07:10:00-04:00,False,2064,2026-06-11 07:35:00-04:00,6688,DEACTIVATED_CLOSE_THROUGH,2064
IFVG2-003549,5,bullish,2026-06-11 08:05:00-04:00,False,2071,2026-06-11 08:10:00-04:00,6720,DEACTIVATED_OVERSHOOT_LIMIT,2071
IFVG2-003550,5,bearish,2026-06-11 08:25:00-04:00,False,2091,2026-06-11 09:50:00-04:00,6818,DEACTIVATED_OVERSHOOT_LIMIT,2091
IFVG2-003551,5,bearish,2026-06-11 09:35:00-04:00,False,2089,2026-06-11 09:40:00-04:00,6808,DEACTIVATED_OVERSHOOT_LIMIT,2089
IFVG2-003552,5,bullish,2026-06-11 09:55:00-04:00,False,2096,2026-06-11 10:15:00-04:00,6843,DEACTIVATED_CLOSE_THROUGH,2096
IFVG2-003553,5,bullish,2026-06-11 09:55:00-04:00,False,2097,2026-06-11 10:20:00-04:00,6848,DEACTIVATED_CLOSE_THROUGH,2097
IFVG2-003554,5,bearish,2026-06-11 10:20:00-04:00,False,2098,2026-06-11 10:25:00-04:00,6853,DEACTIVATED_CLOSE_THROUGH,2098
IFVG2-003555,5,bullish,2026-06-11 12:35:00-04:00,False,2126,2026-06-11 12:45:00-04:00,6993,DEACTIVATED_CLOSE_THROUGH,2126
IFVG2-003556,5,bullish,2026-06-11 13:30:00-04:00,False,2219,2026-06-11 21:30:00-04:00,7439,EXPIRED_UNTOUCHED_8H,2219
IFVG2-003557,5,bullish,2026-06-11 13:30:00-04:00,False,2219,2026-06-11 21:30:00-04:00,7439,EXPIRED_UNTOUCHED_8H,2219
IFVG2-003558,5,bullish,2026-06-11 13:30:00-04:00,False,2219,2026-06-11 21:30:00-04:00,7439,EXPIRED_UNTOUCHED_8H,2219
IFVG2-003559,5,bullish,2026-06-11 18:05:00-04:00,False,2271,2026-06-12 01:50:00-04:00,7699,DEACTIVATED_CLOSE_THROUGH,2271
IFVG2-003560,5,bullish,2026-06-11 18:05:00-04:00,False,2271,2026-06-12 01:50:00-04:00,7699,DEACTIVATED_CLOSE_THROUGH,2271
IFVG2-003561,5,bearish,2026-06-11 19:05:00-04:00,False,2199,2026-06-11 19:50:00-04:00,7339,DEACTIVATED_CLOSE_THROUGH,2199
IFVG2-003562,5,bearish,2026-06-11 19:09:00-04:00,False,2193,2026-06-11 19:20:00-04:00,7312,DEACTIVATED_OVERSHOOT_LIMIT,2193
IFVG2-003563,5,bullish,2026-06-11 19:45:00-04:00,False,2202,2026-06-11 20:05:00-04:00,7354,DEACTIVATED_OVERSHOOT_LIMIT,2202
IFVG2-003564,5,bearish,2026-06-11 20:45:00-04:00,False,2211,2026-06-11 20:50:00-04:00,7399,DEACTIVATED_OVERSHOOT_LIMIT,2211
IFVG2-003565,5,bearish,2026-06-11 21:20:00-04:00,False,2225,2026-06-11 22:00:00-04:00,7469,DEACTIVATED_CLOSE_THROUGH,2225
IFVG2-003566,5,bearish,2026-06-11 21:25:00-04:00,False,2225,2026-06-11 22:00:00-04:00,7469,DEACTIVATED_CLOSE_THROUGH,2225
IFVG2-003567,5,bullish,2026-06-11 21:50:00-04:00,False,2242,2026-06-11 23:25:00-04:00,7554,DEACTIVATED_CLOSE_THROUGH,2242
IFVG2-003568,5,bullish,2026-06-11 22:40:00-04:00,False,2240,2026-06-11 23:15:00-04:00,7544,DEACTIVATED_CLOSE_THROUGH,2240
IFVG2-003569,5,bullish,2026-06-11 23:30:00-04:00,False,2247,2026-06-11 23:50:00-04:00,7579,DEACTIVATED_OVERSHOOT_LIMIT,2247
IFVG2-003570,5,bullish,2026-06-12 04:00:00-04:00,False,2357,2026-06-12 09:00:00-04:00,8129,DEACTIVATED_OVERSHOOT_LIMIT,2357
IFVG2-003571,5,bullish,2026-06-12 04:00:00-04:00,False,2357,2026-06-12 09:00:00-04:00,8129,DEACTIVATED_OVERSHOOT_LIMIT,2357
IFVG2-003572,5,bullish,2026-06-12 04:55:00-04:00,False,2309,2026-06-12 05:00:00-04:00,7889,DEACTIVATED_CLOSE_THROUGH,2309
IFVG2-003573,5,bullish,2026-06-12 05:15:00-04:00,False,2353,2026-06-12 08:40:00-04:00,8109,DEACTIVATED_CLOSE_THROUGH,2353
IFVG2-003574,5,bullish,2026-06-12 07:45:00-04:00,False,2343,2026-06-12 07:50:00-04:00,8059,DEACTIVATED_CLOSE_THROUGH,2343
IFVG2-003575,5,bearish,2026-06-12 08:05:00-04:00,False,2347,2026-06-12 08:10:00-04:00,8079,DEACTIVATED_CLOSE_THROUGH,2347
IFVG2-003576,5,bearish,2026-06-12 09:35:00-04:00,False,2365,2026-06-12 09:40:00-04:00,8169,DEACTIVATED_CLOSE_THROUGH,2365
IFVG2-003577,5,bearish,2026-06-12 09:35:00-04:00,False,2365,2026-06-12 09:40:00-04:00,8169,DEACTIVATED_CLOSE_THROUGH,2365
IFVG2-003578,5,bearish,2026-06-12 09:45:00-04:00,False,2368,2026-06-12 09:55:00-04:00,8184,DEACTIVATED_OVERSHOOT_LIMIT,2368
IFVG2-003579,5,bullish,2026-06-12 10:10:00-04:00,False,2372,2026-06-12 10:15:00-04:00,8204,DEACTIVATED_CLOSE_THROUGH,2372
IFVG2-003580,5,bullish,2026-06-12 10:10:00-04:00,False,2374,2026-06-12 10:25:00-04:00,8214,DEACTIVATED_CLOSE_THROUGH,2374
IFVG2-003581,5,bearish,2026-06-12 10:50:00-04:00,False,2380,2026-06-12 10:55:00-04:00,8244,DEACTIVATED_CLOSE_THROUGH,2380
IFVG2-003582,5,bullish,2026-06-12 13:05:00-04:00,False,2417,2026-06-12 14:00:00-04:00,8429,DEACTIVATED_OVERSHOOT_LIMIT,2417
IFVG2-003583,5,bearish,2026-06-12 15:00:00-04:00,False,2430,2026-06-12 15:05:00-04:00,8494,DEACTIVATED_CLOSE_THROUGH,2430
IFVG2-003584,5,bearish,2026-06-12 16:25:00-04:00,False,2454,2026-06-14 18:05:00-04:00,8613,DEACTIVATED_CLOSE_THROUGH,2454
IFVG2-003585,5,bullish,2026-06-14 23:15:00-04:00,False,2520,2026-06-14 23:35:00-04:00,8943,DEACTIVATED_OVERSHOOT_LIMIT,2520
IFVG2-003586,5,bullish,2026-06-15 00:30:00-04:00,False,2627,2026-06-15 08:30:00-04:00,9478,EXPIRED_ACTIVE_8H,2627
IFVG2-003587,5,bullish,2026-06-15 02:45:00-04:00,False,2562,2026-06-15 03:05:00-04:00,9153,DEACTIVATED_OVERSHOOT_LIMIT,2562
IFVG2-003588,5,bearish,2026-06-15 05:15:00-04:00,False,2612,2026-06-15 07:15:00-04:00,9403,DEACTIVATED_OVERSHOOT_LIMIT,2612
IFVG2-003589,5,bullish,2026-06-15 07:05:00-04:00,False,2628,2026-06-15 08:35:00-04:00,9483,DEACTIVATED_CLOSE_THROUGH,2628
IFVG2-003590,5,bullish,2026-06-15 09:15:00-04:00,False,2730,2026-06-15 18:05:00-04:00,9993,EXPIRED_ACTIVE_8H,2730
IFVG2-003591,5,bearish,2026-06-15 15:00:00-04:00,False,2706,2026-06-15 15:05:00-04:00,9873,DEACTIVATED_OVERSHOOT_LIMIT,2706
IFVG2-003592,5,bullish,2026-06-15 23:25:00-04:00,False,2890,2026-06-16 07:25:00-04:00,10793,EXPIRED_ACTIVE_8H,2890
IFVG2-003593,5,bearish,2026-06-16 00:10:00-04:00,False,2816,2026-06-16 01:15:00-04:00,10423,DEACTIVATED_OVERSHOOT_LIMIT,2816
IFVG2-003594,5,bearish,2026-06-16 00:55:00-04:00,False,2813,2026-06-16 01:00:00-04:00,10408,DEACTIVATED_CLOSE_THROUGH,2813
IFVG2-003595,5,bearish,2026-06-16 08:25:00-04:00,False,2921,2026-06-16 10:00:00-04:00,10948,DEACTIVATED_OVERSHOOT_LIMIT,2921
IFVG2-003596,5,bullish,2026-06-16 09:20:00-04:00,False,2915,2026-06-16 09:30:00-04:00,10918,DEACTIVATED_CLOSE_THROUGH,2915
IFVG2-003597,5,bearish,2026-06-16 09:30:00-04:00,False,2917,2026-06-16 09:40:00-04:00,10928,DEACTIVATED_OVERSHOOT_LIMIT,2917
IFVG2-003598,5,bullish,2026-06-16 15:25:00-04:00,False,2989,2026-06-16 15:40:00-04:00,11288,DEACTIVATED_CLOSE_THROUGH,2989
IFVG2-003599,5,bearish,2026-06-16 16:55:00-04:00,False,3005,2026-06-16 17:00:00-04:00,11368,DEACTIVATED_OVERSHOOT_LIMIT,3005
IFVG2-003600,5,bullish,2026-06-16 21:05:00-04:00,False,3138,2026-06-17 05:05:00-04:00,12033,EXPIRED_UNTOUCHED_8H,3138
IFVG2-003601,5,bullish,2026-06-16 22:45:00-04:00,False,3063,2026-06-16 22:50:00-04:00,11658,DEACTIVATED_CLOSE_THROUGH,3063
IFVG2-003602,5,bullish,2026-06-16 23:40:00-04:00,False,3150,2026-06-17 06:05:00-04:00,12093,DEACTIVATED_OVERSHOOT_LIMIT,3150
IFVG2-003603,5,bullish,2026-06-17 00:50:00-04:00,False,3135,2026-06-17 04:50:00-04:00,12018,DEACTIVATED_OVERSHOOT_LIMIT,3135
IFVG2-003604,5,bearish,2026-06-17 03:25:00-04:00,False,3120,2026-06-17 03:35:00-04:00,11943,DEACTIVATED_OVERSHOOT_LIMIT,3120
IFVG2-003605,5,bearish,2026-06-17 04:30:00-04:00,False,3191,2026-06-17 09:30:00-04:00,12298,DEACTIVATED_OVERSHOOT_LIMIT,3191
IFVG2-003606,5,bullish,2026-06-17 05:05:00-04:00,False,3140,2026-06-17 05:15:00-04:00,12043,DEACTIVATED_OVERSHOOT_LIMIT,3140
IFVG2-003607,5,bearish,2026-06-17 06:05:00-04:00,False,3151,2026-06-17 06:10:00-04:00,12098,DEACTIVATED_CLOSE_THROUGH,3151
IFVG2-003608,5,bearish,2026-06-17 06:05:00-04:00,False,3153,2026-06-17 06:20:00-04:00,12108,DEACTIVATED_OVERSHOOT_LIMIT,3153
IFVG2-003609,5,bullish,2026-06-17 08:15:00-04:00,False,3177,2026-06-17 08:20:00-04:00,12228,DEACTIVATED_OVERSHOOT_LIMIT,3177
IFVG2-003610,5,bearish,2026-06-17 09:40:00-04:00,False,3194,2026-06-17 09:45:00-04:00,12313,DEACTIVATED_CLOSE_THROUGH,3194
IFVG2-003611,5,bearish,2026-06-17 14:05:00-04:00,False,3254,2026-06-17 14:45:00-04:00,12613,DEACTIVATED_CLOSE_THROUGH,3254
IFVG2-003612,5,bullish,2026-06-17 14:45:00-04:00,False,3255,2026-06-17 14:50:00-04:00,12618,DEACTIVATED_CLOSE_THROUGH,3255
IFVG2-003613,5,bullish,2026-06-17 21:05:00-04:00,False,3327,2026-06-17 21:50:00-04:00,12978,DEACTIVATED_CLOSE_THROUGH,3327
IFVG2-003614,5,bearish,2026-06-17 23:40:00-04:00,False,3352,2026-06-17 23:55:00-04:00,13103,DEACTIVATED_CLOSE_THROUGH,3352
IFVG2-003615,5,bearish,2026-06-18 00:05:00-04:00,False,3389,2026-06-18 03:00:00-04:00,13288,DEACTIVATED_CLOSE_THROUGH,3389
IFVG2-003616,5,bearish,2026-06-18 00:10:00-04:00,False,3389,2026-06-18 03:00:00-04:00,13288,DEACTIVATED_CLOSE_THROUGH,3389
IFVG2-003617,5,bearish,2026-06-18 00:40:00-04:00,False,3369,2026-06-18 01:20:00-04:00,13188,DEACTIVATED_CLOSE_THROUGH,3369
IFVG2-003618,5,bearish,2026-06-18 00:45:00-04:00,False,3363,2026-06-18 00:50:00-04:00,13158,DEACTIVATED_CLOSE_THROUGH,3363
IFVG2-003619,5,bullish,2026-06-18 02:50:00-04:00,False,3483,2026-06-18 10:50:00-04:00,13758,EXPIRED_ACTIVE_8H,3483
IFVG2-003620,5,bullish,2026-06-18 03:00:00-04:00,False,3441,2026-06-18 07:20:00-04:00,13548,DEACTIVATED_OVERSHOOT_LIMIT,3441
IFVG2-003621,5,bearish,2026-06-18 04:25:00-04:00,False,3409,2026-06-18 04:40:00-04:00,13388,DEACTIVATED_CLOSE_THROUGH,3409
IFVG2-003622,5,bullish,2026-06-18 05:50:00-04:00,False,3427,2026-06-18 06:10:00-04:00,13478,DEACTIVATED_CLOSE_THROUGH,3427
IFVG2-003623,5,bearish,2026-06-18 06:35:00-04:00,False,3456,2026-06-18 08:35:00-04:00,13623,DEACTIVATED_OVERSHOOT_LIMIT,3456
IFVG2-003624,5,bearish,2026-06-18 09:35:00-04:00,False,3472,2026-06-18 09:55:00-04:00,13703,DEACTIVATED_OVERSHOOT_LIMIT,3472
IFVG2-003625,5,bearish,2026-06-18 09:35:00-04:00,False,3472,2026-06-18 09:55:00-04:00,13703,DEACTIVATED_OVERSHOOT_LIMIT,3472
IFVG2-003626,5,bullish,2026-06-18 14:50:00-04:00,False,3533,2026-06-18 15:00:00-04:00,14008,DEACTIVATED_OVERSHOOT_LIMIT,3533
IFVG2-003627,5,bullish,2026-06-18 18:05:00-04:00,False,3559,2026-06-18 18:10:00-04:00,14138,DEACTIVATED_CLOSE_THROUGH,3559
IFVG2-003628,5,bullish,2026-06-19 03:15:00-04:00,False,3707,2026-06-19 06:30:00-04:00,14878,DEACTIVATED_CLOSE_THROUGH,3707
IFVG2-003629,5,bullish,2026-06-19 03:15:00-04:00,False,3708,2026-06-19 06:35:00-04:00,14883,DEACTIVATED_OVERSHOOT_LIMIT,3708
IFVG2-003630,5,bearish,2026-06-19 06:40:00-04:00,False,3710,2026-06-19 06:45:00-04:00,14893,DEACTIVATED_CLOSE_THROUGH,3710
IFVG2-003631,5,bullish,2026-06-19 08:55:00-04:00,False,3786,2026-06-21 18:05:00-04:00,15273,DEACTIVATED_CLOSE_THROUGH,3786
IFVG2-003632,5,bullish,2026-06-19 08:55:00-04:00,False,3786,2026-06-21 18:05:00-04:00,15273,DEACTIVATED_OVERSHOOT_LIMIT,3786
IFVG2-003633,5,bullish,2026-06-19 08:55:00-04:00,False,3786,2026-06-21 18:05:00-04:00,15273,DEACTIVATED_OVERSHOOT_LIMIT,3786
IFVG2-003634,5,bearish,2026-06-19 12:55:00-04:00,False,3786,2026-06-21 18:05:00-04:00,15273,EXPIRED_UNTOUCHED_8H,3786
IFVG2-003635,5,bullish,2026-06-21 20:05:00-04:00,False,3906,2026-06-22 04:05:00-04:00,15873,EXPIRED_UNTOUCHED_8H,3906
IFVG2-003636,5,bullish,2026-06-21 20:30:00-04:00,False,3911,2026-06-22 04:30:00-04:00,15898,EXPIRED_ACTIVE_8H,3911
IFVG2-003637,5,bearish,2026-06-21 22:00:00-04:00,False,3834,2026-06-21 22:05:00-04:00,15513,DEACTIVATED_OVERSHOOT_LIMIT,3834
IFVG2-003638,5,bullish,2026-06-21 23:20:00-04:00,False,3856,2026-06-21 23:55:00-04:00,15623,DEACTIVATED_CLOSE_THROUGH,3856
IFVG2-003639,5,bullish,2026-06-22 07:05:00-04:00,False,3944,2026-06-22 07:15:00-04:00,16063,DEACTIVATED_OVERSHOOT_LIMIT,3944
IFVG2-003640,5,bearish,2026-06-22 08:45:00-04:00,False,3963,2026-06-22 08:50:00-04:00,16158,DEACTIVATED_OVERSHOOT_LIMIT,3963
IFVG2-003641,5,bullish,2026-06-22 15:55:00-04:00,False,4049,2026-06-22 16:00:00-04:00,16588,DEACTIVATED_OVERSHOOT_LIMIT,4049
IFVG2-003642,5,bearish,2026-06-22 18:40:00-04:00,False,4095,2026-06-22 20:50:00-04:00,16818,DEACTIVATED_CLOSE_THROUGH,4095
IFVG2-003643,5,bearish,2026-06-22 20:10:00-04:00,False,4094,2026-06-22 20:45:00-04:00,16813,DEACTIVATED_CLOSE_THROUGH,4094
IFVG2-003644,5,bullish,2026-06-22 20:35:00-04:00,False,4105,2026-06-22 21:40:00-04:00,16868,DEACTIVATED_CLOSE_THROUGH,4105
IFVG2-003645,5,bullish,2026-06-22 20:45:00-04:00,False,4104,2026-06-22 21:35:00-04:00,16863,DEACTIVATED_CLOSE_THROUGH,4104
IFVG2-003646,5,bearish,2026-06-22 21:25:00-04:00,False,4198,2026-06-23 05:25:00-04:00,17333,EXPIRED_ACTIVE_8H,4198
IFVG2-003647,5,bearish,2026-06-22 21:35:00-04:00,False,4200,2026-06-23 05:35:00-04:00,17343,EXPIRED_UNTOUCHED_8H,4200
IFVG2-003648,5,bullish,2026-06-23 00:00:00-04:00,False,4135,2026-06-23 00:10:00-04:00,17018,DEACTIVATED_CLOSE_THROUGH,4135
IFVG2-003649,5,bearish,2026-06-23 00:20:00-04:00,False,4139,2026-06-23 00:30:00-04:00,17038,DEACTIVATED_OVERSHOOT_LIMIT,4139
IFVG2-003650,5,bullish,2026-06-23 07:15:00-04:00,False,4222,2026-06-23 07:25:00-04:00,17453,DEACTIVATED_OVERSHOOT_LIMIT,4222
IFVG2-003651,5,bearish,2026-06-23 08:15:00-04:00,False,4251,2026-06-23 09:50:00-04:00,17598,DEACTIVATED_OVERSHOOT_LIMIT,4251
IFVG2-003652,5,bullish,2026-06-23 09:50:00-04:00,False,4267,2026-06-23 11:10:00-04:00,17678,DEACTIVATED_CLOSE_THROUGH,4267
IFVG2-003653,5,bullish,2026-06-23 15:05:00-04:00,False,4317,2026-06-23 15:20:00-04:00,17928,DEACTIVATED_CLOSE_THROUGH,4317
IFVG2-003654,5,bullish,2026-06-23 15:55:00-04:00,False,4325,2026-06-23 16:00:00-04:00,17968,DEACTIVATED_CLOSE_THROUGH,4325
IFVG2-003655,5,bearish,2026-06-23 18:25:00-04:00,False,4359,2026-06-23 19:50:00-04:00,18138,DEACTIVATED_CLOSE_THROUGH,4359
IFVG2-003656,5,bearish,2026-06-23 18:35:00-04:00,False,4359,2026-06-23 19:50:00-04:00,18138,DEACTIVATED_CLOSE_THROUGH,4359
IFVG2-003657,5,bearish,2026-06-23 19:05:00-04:00,False,4353,2026-06-23 19:20:00-04:00,18108,DEACTIVATED_OVERSHOOT_LIMIT,4353
IFVG2-003658,5,bullish,2026-06-23 19:50:00-04:00,False,4396,2026-06-23 22:55:00-04:00,18323,DEACTIVATED_CLOSE_THROUGH,4396
IFVG2-003659,5,bullish,2026-06-23 19:50:00-04:00,False,4397,2026-06-23 23:00:00-04:00,18328,DEACTIVATED_CLOSE_THROUGH,4397
IFVG2-003660,5,bullish,2026-06-23 20:10:00-04:00,False,4393,2026-06-23 22:40:00-04:00,18308,DEACTIVATED_CLOSE_THROUGH,4393
IFVG2-003661,5,bearish,2026-06-23 20:55:00-04:00,False,4426,2026-06-24 01:25:00-04:00,18473,DEACTIVATED_CLOSE_THROUGH,4426
IFVG2-003662,5,bullish,2026-06-23 23:15:00-04:00,False,4401,2026-06-23 23:20:00-04:00,18348,DEACTIVATED_CLOSE_THROUGH,4401
IFVG2-003663,5,bullish,2026-06-24 00:55:00-04:00,False,4498,2026-06-24 07:25:00-04:00,18833,DEACTIVATED_OVERSHOOT_LIMIT,4498
IFVG2-003664,5,bullish,2026-06-24 01:10:00-04:00,False,4434,2026-06-24 02:05:00-04:00,18513,DEACTIVATED_CLOSE_THROUGH,4434
IFVG2-003665,5,bullish,2026-06-24 05:55:00-04:00,False,4482,2026-06-24 06:05:00-04:00,18753,DEACTIVATED_OVERSHOOT_LIMIT,4482
IFVG2-003666,5,bearish,2026-06-24 08:40:00-04:00,False,4539,2026-06-24 10:50:00-04:00,19038,DEACTIVATED_OVERSHOOT_LIMIT,4539
IFVG2-003667,5,bullish,2026-06-24 09:55:00-04:00,False,4529,2026-06-24 10:00:00-04:00,18988,DEACTIVATED_CLOSE_THROUGH,4529
IFVG2-003668,5,bearish,2026-06-24 12:40:00-04:00,False,4602,2026-06-24 16:05:00-04:00,19353,DEACTIVATED_CLOSE_THROUGH,4602
IFVG2-003669,5,bullish,2026-06-24 14:20:00-04:00,False,4585,2026-06-24 14:40:00-04:00,19268,DEACTIVATED_OVERSHOOT_LIMIT,4585
IFVG2-003670,5,bullish,2026-06-24 14:30:00-04:00,False,4585,2026-06-24 14:40:00-04:00,19268,DEACTIVATED_CLOSE_THROUGH,4585
IFVG2-003671,5,bearish,2026-06-24 14:35:00-04:00,False,4602,2026-06-24 16:05:00-04:00,19353,DEACTIVATED_CLOSE_THROUGH,4602
IFVG2-003672,5,bullish,2026-06-24 15:55:00-04:00,False,4601,2026-06-24 16:00:00-04:00,19348,DEACTIVATED_OVERSHOOT_LIMIT,4601
IFVG2-003673,5,bullish,2026-06-24 16:00:00-04:00,False,4685,2026-06-25 00:00:00-04:00,19768,EXPIRED_ACTIVE_8H,4685
IFVG2-003674,5,bullish,2026-06-24 16:05:00-04:00,False,4603,2026-06-24 16:10:00-04:00,19358,DEACTIVATED_OVERSHOOT_LIMIT,4603
IFVG2-003675,5,bullish,2026-06-24 16:05:00-04:00,False,4686,2026-06-25 00:05:00-04:00,19773,EXPIRED_UNTOUCHED_8H,4686
IFVG2-003676,5,bullish,2026-06-24 16:10:00-04:00,False,4687,2026-06-25 00:10:00-04:00,19778,EXPIRED_ACTIVE_8H,4687
IFVG2-003677,5,bearish,2026-06-24 20:35:00-04:00,False,4702,2026-06-25 01:25:00-04:00,19853,DEACTIVATED_CLOSE_THROUGH,4702
IFVG2-003678,5,bullish,2026-06-24 20:55:00-04:00,False,4649,2026-06-24 21:00:00-04:00,19588,DEACTIVATED_CLOSE_THROUGH,4649
IFVG2-003679,5,bullish,2026-06-24 23:25:00-04:00,False,4774,2026-06-25 07:25:00-04:00,20213,EXPIRED_ACTIVE_8H,4774
IFVG2-003680,5,bullish,2026-06-24 23:50:00-04:00,False,4689,2026-06-25 00:20:00-04:00,19788,DEACTIVATED_OVERSHOOT_LIMIT,4689
IFVG2-003681,5,bearish,2026-06-25 04:20:00-04:00,False,4770,2026-06-25 07:05:00-04:00,20193,DEACTIVATED_CLOSE_THROUGH,4770
IFVG2-003682,5,bullish,2026-06-25 05:40:00-04:00,False,4754,2026-06-25 05:45:00-04:00,20113,DEACTIVATED_OVERSHOOT_LIMIT,4754
IFVG2-003683,5,bearish,2026-06-25 07:55:00-04:00,False,4781,2026-06-25 08:00:00-04:00,20248,DEACTIVATED_CLOSE_THROUGH,4781
IFVG2-003684,5,bullish,2026-06-25 10:55:00-04:00,False,4817,2026-06-25 11:00:00-04:00,20428,DEACTIVATED_CLOSE_THROUGH,4817
IFVG2-003685,5,bearish,2026-06-25 12:40:00-04:00,False,4845,2026-06-25 13:20:00-04:00,20568,DEACTIVATED_OVERSHOOT_LIMIT,4845
IFVG2-003686,5,bearish,2026-06-25 18:05:00-04:00,False,4905,2026-06-25 19:20:00-04:00,20868,DEACTIVATED_CLOSE_THROUGH,4905
IFVG2-003687,5,bullish,2026-06-25 19:15:00-04:00,False,4919,2026-06-25 20:30:00-04:00,20938,DEACTIVATED_OVERSHOOT_LIMIT,4919
IFVG2-003688,5,bullish,2026-06-25 19:20:00-04:00,False,4910,2026-06-25 19:45:00-04:00,20893,DEACTIVATED_CLOSE_THROUGH,4910
IFVG2-003689,5,bullish,2026-06-25 19:20:00-04:00,False,4912,2026-06-25 19:55:00-04:00,20903,DEACTIVATED_CLOSE_THROUGH,4912
IFVG2-003690,5,bearish,2026-06-25 19:35:00-04:00,False,5004,2026-06-26 03:35:00-04:00,21363,EXPIRED_ACTIVE_8H,5004
IFVG2-003691,5,bearish,2026-06-25 19:50:00-04:00,False,5007,2026-06-26 03:50:00-04:00,21378,EXPIRED_ACTIVE_8H,5007
IFVG2-003692,5,bullish,2026-06-25 20:10:00-04:00,False,4918,2026-06-25 20:25:00-04:00,20933,DEACTIVATED_CLOSE_THROUGH,4918
IFVG2-003693,5,bearish,2026-06-25 20:25:00-04:00,False,5014,2026-06-26 04:25:00-04:00,21413,EXPIRED_ACTIVE_8H,5014
IFVG2-003694,5,bearish,2026-06-25 21:30:00-04:00,False,5027,2026-06-26 05:30:00-04:00,21478,EXPIRED_UNTOUCHED_8H,5027
IFVG2-003695,5,bullish,2026-06-26 00:00:00-04:00,False,4966,2026-06-26 00:25:00-04:00,21173,DEACTIVATED_CLOSE_THROUGH,4966
IFVG2-003696,5,bullish,2026-06-26 02:45:00-04:00,False,4999,2026-06-26 03:10:00-04:00,21338,DEACTIVATED_CLOSE_THROUGH,4999
IFVG2-003697,5,bullish,2026-06-26 03:20:00-04:00,False,5011,2026-06-26 04:10:00-04:00,21398,DEACTIVATED_OVERSHOOT_LIMIT,5011
IFVG2-003698,5,bearish,2026-06-26 03:45:00-04:00,False,5008,2026-06-26 03:55:00-04:00,21383,DEACTIVATED_CLOSE_THROUGH,5008
IFVG2-003699,5,bearish,2026-06-26 04:50:00-04:00,False,5081,2026-06-26 10:00:00-04:00,21748,DEACTIVATED_OVERSHOOT_LIMIT,5081
IFVG2-003700,5,bearish,2026-06-26 04:55:00-04:00,False,5024,2026-06-26 05:15:00-04:00,21463,DEACTIVATED_OVERSHOOT_LIMIT,5024
IFVG2-003701,5,bearish,2026-06-26 05:55:00-04:00,False,5048,2026-06-26 07:15:00-04:00,21583,DEACTIVATED_OVERSHOOT_LIMIT,5048
IFVG2-003702,5,bearish,2026-06-26 06:00:00-04:00,False,5037,2026-06-26 06:20:00-04:00,21528,DEACTIVATED_OVERSHOOT_LIMIT,5037
IFVG2-003703,5,bearish,2026-06-26 08:25:00-04:00,False,5063,2026-06-26 08:30:00-04:00,21658,DEACTIVATED_CLOSE_THROUGH,5063
IFVG2-003704,5,bearish,2026-06-26 08:40:00-04:00,False,5081,2026-06-26 10:00:00-04:00,21748,DEACTIVATED_CLOSE_THROUGH,5081
IFVG2-003705,5,bullish,2026-06-26 09:30:00-04:00,False,5076,2026-06-26 09:35:00-04:00,21723,DEACTIVATED_CLOSE_THROUGH,5076
IFVG2-003706,5,bearish,2026-06-26 16:00:00-04:00,False,5166,2026-06-28 18:05:00-04:00,22173,DEACTIVATED_CLOSE_THROUGH,5166
IFVG2-003707,5,bearish,2026-06-26 16:35:00-04:00,False,5166,2026-06-28 18:05:00-04:00,22173,DEACTIVATED_CLOSE_THROUGH,5166
IFVG2-003708,5,bullish,2026-06-28 18:05:00-04:00,False,5194,2026-06-28 20:25:00-04:00,22313,DEACTIVATED_CLOSE_THROUGH,5194
IFVG2-003709,5,bullish,2026-06-28 18:05:00-04:00,False,5262,2026-06-29 02:05:00-04:00,22653,EXPIRED_UNTOUCHED_8H,5262
IFVG2-003710,5,bullish,2026-06-28 21:00:00-04:00,False,5208,2026-06-28 21:35:00-04:00,22383,DEACTIVATED_OVERSHOOT_LIMIT,5208
IFVG2-003711,5,bearish,2026-06-28 22:10:00-04:00,False,5219,2026-06-28 22:30:00-04:00,22438,DEACTIVATED_CLOSE_THROUGH,5219
IFVG2-003712,5,bullish,2026-06-28 22:25:00-04:00,False,5314,2026-06-29 06:25:00-04:00,22913,EXPIRED_ACTIVE_8H,5314
IFVG2-003713,5,bullish,2026-06-28 22:30:00-04:00,False,5233,2026-06-28 23:40:00-04:00,22508,DEACTIVATED_OVERSHOOT_LIMIT,5233
IFVG2-003714,5,bearish,2026-06-29 01:05:00-04:00,False,5256,2026-06-29 01:35:00-04:00,22623,DEACTIVATED_CLOSE_THROUGH,5256
IFVG2-003715,5,bullish,2026-06-29 01:45:00-04:00,False,5354,2026-06-29 09:45:00-04:00,23113,EXPIRED_ACTIVE_8H,5354
IFVG2-003716,5,bullish,2026-06-29 01:55:00-04:00,False,5262,2026-06-29 02:05:00-04:00,22653,DEACTIVATED_CLOSE_THROUGH,5262
IFVG2-003717,5,bullish,2026-06-29 01:55:00-04:00,False,5262,2026-06-29 02:05:00-04:00,22653,DEACTIVATED_CLOSE_THROUGH,5262
IFVG2-003718,5,bearish,2026-06-29 03:00:00-04:00,False,5277,2026-06-29 03:20:00-04:00,22728,DEACTIVATED_CLOSE_THROUGH,5277
IFVG2-003719,5,bearish,2026-06-29 05:00:00-04:00,False,5303,2026-06-29 05:30:00-04:00,22858,DEACTIVATED_CLOSE_THROUGH,5303
IFVG2-003720,5,bearish,2026-06-29 09:25:00-04:00,False,5352,2026-06-29 09:35:00-04:00,23103,DEACTIVATED_CLOSE_THROUGH,5352
IFVG2-003721,5,bullish,2026-06-29 09:35:00-04:00,False,5353,2026-06-29 09:40:00-04:00,23108,DEACTIVATED_OVERSHOOT_LIMIT,5353
IFVG2-003722,5,bullish,2026-06-29 10:30:00-04:00,False,5367,2026-06-29 10:50:00-04:00,23178,DEACTIVATED_OVERSHOOT_LIMIT,5367
IFVG2-003723,5,bullish,2026-06-29 10:35:00-04:00,False,5367,2026-06-29 10:50:00-04:00,23178,DEACTIVATED_OVERSHOOT_LIMIT,5367
IFVG2-003724,5,bullish,2026-06-29 11:15:00-04:00,False,5456,2026-06-29 19:15:00-04:00,23623,EXPIRED_ACTIVE_8H,5456
IFVG2-003725,5,bullish,2026-06-29 14:35:00-04:00,False,5419,2026-06-29 15:10:00-04:00,23438,DEACTIVATED_OVERSHOOT_LIMIT,5419
IFVG2-003726,5,bearish,2026-06-29 15:05:00-04:00,False,5422,2026-06-29 15:25:00-04:00,23453,DEACTIVATED_CLOSE_THROUGH,5422
IFVG2-003727,5,bullish,2026-06-29 18:10:00-04:00,False,5444,2026-06-29 18:15:00-04:00,23563,DEACTIVATED_CLOSE_THROUGH,5444
IFVG2-003728,5,bullish,2026-06-29 18:45:00-04:00,False,5451,2026-06-29 18:50:00-04:00,23598,DEACTIVATED_CLOSE_THROUGH,5451
IFVG2-003729,5,bullish,2026-06-29 21:30:00-04:00,False,5484,2026-06-29 21:35:00-04:00,23763,DEACTIVATED_OVERSHOOT_LIMIT,5484
IFVG2-003730,5,bullish,2026-06-29 21:30:00-04:00,False,5493,2026-06-29 22:20:00-04:00,23808,DEACTIVATED_CLOSE_THROUGH,5493
IFVG2-003731,5,bullish,2026-06-30 00:05:00-04:00,False,5544,2026-06-30 02:35:00-04:00,24063,DEACTIVATED_OVERSHOOT_LIMIT,5544
IFVG2-003732,5,bearish,2026-06-30 01:20:00-04:00,False,5530,2026-06-30 01:25:00-04:00,23993,DEACTIVATED_CLOSE_THROUGH,5530
IFVG2-003733,5,bearish,2026-06-30 01:30:00-04:00,False,5627,2026-06-30 09:30:00-04:00,24478,EXPIRED_ACTIVE_8H,5627
IFVG2-003734,5,bullish,2026-06-30 04:05:00-04:00,False,5564,2026-06-30 04:15:00-04:00,24163,DEACTIVATED_CLOSE_THROUGH,5564
IFVG2-003735,5,bearish,2026-06-30 04:35:00-04:00,False,5591,2026-06-30 06:30:00-04:00,24298,DEACTIVATED_CLOSE_THROUGH,5591
IFVG2-003736,5,bearish,2026-06-30 04:40:00-04:00,False,5573,2026-06-30 05:00:00-04:00,24208,DEACTIVATED_OVERSHOOT_LIMIT,5573
IFVG2-003737,5,bullish,2026-06-30 05:40:00-04:00,False,5614,2026-06-30 08:25:00-04:00,24413,DEACTIVATED_OVERSHOOT_LIMIT,5614
IFVG2-003738,5,bearish,2026-06-30 06:40:00-04:00,False,5594,2026-06-30 06:45:00-04:00,24313,DEACTIVATED_CLOSE_THROUGH,5594
IFVG2-003739,5,bearish,2026-06-30 07:25:00-04:00,False,5603,2026-06-30 07:30:00-04:00,24358,DEACTIVATED_CLOSE_THROUGH,5603
IFVG2-003740,5,bearish,2026-06-30 08:05:00-04:00,False,5612,2026-06-30 08:15:00-04:00,24403,DEACTIVATED_OVERSHOOT_LIMIT,5612
IFVG2-003741,5,bullish,2026-06-30 09:35:00-04:00,False,5718,2026-06-30 18:05:00-04:00,24933,EXPIRED_ACTIVE_8H,5718
IFVG2-003742,5,bullish,2026-06-30 09:35:00-04:00,False,5718,2026-06-30 18:05:00-04:00,24933,EXPIRED_UNTOUCHED_8H,5718
IFVG2-003743,5,bullish,2026-06-30 09:35:00-04:00,False,5718,2026-06-30 18:05:00-04:00,24933,EXPIRED_UNTOUCHED_8H,5718
IFVG2-003744,5,bearish,2026-06-30 16:00:00-04:00,False,5742,2026-06-30 20:05:00-04:00,25053,DEACTIVATED_OVERSHOOT_LIMIT,5742
IFVG2-003745,5,bullish,2026-06-30 22:45:00-04:00,False,5814,2026-07-01 02:05:00-04:00,25413,DEACTIVATED_OVERSHOOT_LIMIT,5814
IFVG2-003746,5,bullish,2026-06-30 23:10:00-04:00,False,5809,2026-07-01 01:40:00-04:00,25388,DEACTIVATED_OVERSHOOT_LIMIT,5809
IFVG2-003747,5,bullish,2026-07-01 00:50:00-04:00,False,5801,2026-07-01 01:00:00-04:00,25348,DEACTIVATED_CLOSE_THROUGH,5801
IFVG2-003748,5,bearish,2026-07-01 01:00:00-04:00,False,5897,2026-07-01 09:00:00-04:00,25828,EXPIRED_ACTIVE_8H,5897
IFVG2-003749,5,bearish,2026-07-01 02:55:00-04:00,False,5872,2026-07-01 06:55:00-04:00,25703,DEACTIVATED_CLOSE_THROUGH,5872
IFVG2-003750,5,bullish,2026-07-01 03:25:00-04:00,False,5839,2026-07-01 04:10:00-04:00,25538,DEACTIVATED_OVERSHOOT_LIMIT,5839
IFVG2-003751,5,bullish,2026-07-01 03:35:00-04:00,False,5833,2026-07-01 03:40:00-04:00,25508,DEACTIVATED_OVERSHOOT_LIMIT,5833
IFVG2-003752,5,bearish,2026-07-01 06:10:00-04:00,False,5865,2026-07-01 06:20:00-04:00,25668,DEACTIVATED_CLOSE_THROUGH,5865
IFVG2-003753,5,bullish,2026-07-01 06:20:00-04:00,False,5870,2026-07-01 06:45:00-04:00,25693,DEACTIVATED_OVERSHOOT_LIMIT,5870
IFVG2-003754,5,bullish,2026-07-01 07:45:00-04:00,False,5883,2026-07-01 07:50:00-04:00,25758,DEACTIVATED_CLOSE_THROUGH,5883
IFVG2-003755,5,bearish,2026-07-01 08:35:00-04:00,False,5988,2026-07-01 16:35:00-04:00,26283,EXPIRED_UNTOUCHED_8H,5988
IFVG2-003756,5,bearish,2026-07-01 11:50:00-04:00,False,6015,2026-07-01 19:50:00-04:00,26418,EXPIRED_ACTIVE_8H,6015
IFVG2-003757,5,bullish,2026-07-01 15:05:00-04:00,False,5978,2026-07-01 15:45:00-04:00,26233,DEACTIVATED_CLOSE_THROUGH,5978
IFVG2-003758,5,bearish,2026-07-01 15:50:00-04:00,False,6031,2026-07-01 21:10:00-04:00,26498,DEACTIVATED_CLOSE_THROUGH,6031
IFVG2-003759,5,bearish,2026-07-01 16:55:00-04:00,False,5993,2026-07-01 17:00:00-04:00,26308,DEACTIVATED_CLOSE_THROUGH,5993
IFVG2-003760,5,bullish,2026-07-01 19:00:00-04:00,False,6006,2026-07-01 19:05:00-04:00,26373,DEACTIVATED_CLOSE_THROUGH,6006
IFVG2-003761,5,bearish,2026-07-01 19:15:00-04:00,False,6028,2026-07-01 20:55:00-04:00,26483,DEACTIVATED_CLOSE_THROUGH,6028
IFVG2-003762,5,bullish,2026-07-01 20:55:00-04:00,False,6073,2026-07-02 00:40:00-04:00,26708,DEACTIVATED_CLOSE_THROUGH,6073
IFVG2-003763,5,bullish,2026-07-01 21:05:00-04:00,False,6069,2026-07-02 00:20:00-04:00,26688,DEACTIVATED_CLOSE_THROUGH,6069
IFVG2-003764,5,bullish,2026-07-01 21:10:00-04:00,False,6058,2026-07-01 23:25:00-04:00,26633,DEACTIVATED_OVERSHOOT_LIMIT,6058
IFVG2-003765,5,bearish,2026-07-01 22:25:00-04:00,False,6048,2026-07-01 22:35:00-04:00,26583,DEACTIVATED_CLOSE_THROUGH,6048
IFVG2-003766,5,bearish,2026-07-02 00:10:00-04:00,False,6163,2026-07-02 08:10:00-04:00,27158,EXPIRED_ACTIVE_8H,6163
IFVG2-003767,5,bearish,2026-07-02 00:20:00-04:00,False,6079,2026-07-02 01:10:00-04:00,26738,DEACTIVATED_CLOSE_THROUGH,6079
IFVG2-003768,5,bullish,2026-07-02 00:55:00-04:00,False,6085,2026-07-02 01:40:00-04:00,26768,DEACTIVATED_CLOSE_THROUGH,6085
IFVG2-003769,5,bullish,2026-07-02 01:10:00-04:00,False,6083,2026-07-02 01:30:00-04:00,26758,DEACTIVATED_CLOSE_THROUGH,6083
IFVG2-003770,5,bearish,2026-07-02 01:30:00-04:00,False,6164,2026-07-02 08:15:00-04:00,27163,DEACTIVATED_CLOSE_THROUGH,6164
IFVG2-003771,5,bearish,2026-07-02 01:35:00-04:00,False,6163,2026-07-02 08:10:00-04:00,27158,DEACTIVATED_CLOSE_THROUGH,6163
IFVG2-003772,5,bearish,2026-07-02 01:40:00-04:00,False,6163,2026-07-02 08:10:00-04:00,27158,DEACTIVATED_CLOSE_THROUGH,6163
IFVG2-003773,5,bullish,2026-07-02 03:45:00-04:00,False,6113,2026-07-02 04:00:00-04:00,26908,DEACTIVATED_CLOSE_THROUGH,6113
IFVG2-003774,5,bullish,2026-07-02 04:35:00-04:00,False,6122,2026-07-02 04:45:00-04:00,26953,DEACTIVATED_OVERSHOOT_LIMIT,6122
IFVG2-003775,5,bearish,2026-07-02 05:05:00-04:00,False,6132,2026-07-02 05:35:00-04:00,27003,DEACTIVATED_OVERSHOOT_LIMIT,6132
IFVG2-003776,5,bearish,2026-07-02 06:05:00-04:00,False,6144,2026-07-02 06:35:00-04:00,27063,DEACTIVATED_OVERSHOOT_LIMIT,6144
IFVG2-003777,5,bullish,2026-07-02 06:35:00-04:00,False,6191,2026-07-02 10:30:00-04:00,27298,DEACTIVATED_CLOSE_THROUGH,6191
IFVG2-003778,5,bullish,2026-07-02 07:45:00-04:00,False,6162,2026-07-02 08:05:00-04:00,27153,DEACTIVATED_OVERSHOOT_LIMIT,6162
IFVG2-003779,5,bearish,2026-07-02 08:00:00-04:00,False,6162,2026-07-02 08:05:00-04:00,27153,DEACTIVATED_CLOSE_THROUGH,6162
IFVG2-003780,5,bullish,2026-07-02 08:15:00-04:00,False,6179,2026-07-02 09:30:00-04:00,27238,DEACTIVATED_CLOSE_THROUGH,6179
IFVG2-003781,5,bearish,2026-07-02 09:00:00-04:00,False,6186,2026-07-02 10:05:00-04:00,27273,DEACTIVATED_OVERSHOOT_LIMIT,6186
IFVG2-003782,5,bearish,2026-07-02 09:30:00-04:00,False,6180,2026-07-02 09:35:00-04:00,27243,DEACTIVATED_CLOSE_THROUGH,6180
IFVG2-003783,5,bearish,2026-07-02 09:30:00-04:00,False,6180,2026-07-02 09:35:00-04:00,27243,DEACTIVATED_CLOSE_THROUGH,6180
IFVG2-003784,5,bearish,2026-07-02 10:30:00-04:00,False,6192,2026-07-02 10:35:00-04:00,27303,DEACTIVATED_OVERSHOOT_LIMIT,6192
IFVG2-003785,5,bearish,2026-07-02 19:05:00-04:00,False,6288,2026-07-02 19:35:00-04:00,27783,DEACTIVATED_CLOSE_THROUGH,6288
IFVG2-003786,5,bullish,2026-07-02 19:25:00-04:00,False,6288,2026-07-02 19:35:00-04:00,27783,DEACTIVATED_OVERSHOOT_LIMIT,6288
IFVG2-003787,5,bearish,2026-07-02 22:40:00-04:00,False,6326,2026-07-02 22:45:00-04:00,27973,DEACTIVATED_CLOSE_THROUGH,6326
IFVG2-003788,5,bearish,2026-07-02 23:45:00-04:00,False,6339,2026-07-02 23:50:00-04:00,28038,DEACTIVATED_CLOSE_THROUGH,6339
IFVG2-003789,5,bullish,2026-07-03 00:00:00-04:00,False,6437,2026-07-03 08:00:00-04:00,28527,EXPIRED_UNTOUCHED_8H,6437
IFVG2-003790,5,bullish,2026-07-03 07:15:00-04:00,False,6431,2026-07-03 07:30:00-04:00,28497,DEACTIVATED_CLOSE_THROUGH,6431
IFVG2-003791,5,bearish,2026-07-03 08:15:00-04:00,False,6448,2026-07-03 08:55:00-04:00,28582,DEACTIVATED_OVERSHOOT_LIMIT,6448
IFVG2-003792,5,bullish,2026-07-03 09:05:00-04:00,False,6451,2026-07-03 09:10:00-04:00,28597,DEACTIVATED_OVERSHOOT_LIMIT,6451
IFVG2-003793,5,bullish,2026-07-03 11:50:00-04:00,False,6486,2026-07-03 12:05:00-04:00,28772,DEACTIVATED_CLOSE_THROUGH,6486
IFVG2-003794,5,bearish,2026-07-03 12:15:00-04:00,False,6489,2026-07-03 12:20:00-04:00,28787,DEACTIVATED_OVERSHOOT_LIMIT,6489
IFVG2-003795,5,bearish,2026-07-03 12:50:00-04:00,False,6498,2026-07-05 18:05:00-04:00,28832,DEACTIVATED_OVERSHOOT_LIMIT,6498
IFVG2-003796,5,bullish,2026-07-05 22:05:00-04:00,False,6548,2026-07-05 22:15:00-04:00,29082,DEACTIVATED_CLOSE_THROUGH,6548
IFVG2-003797,5,bearish,2026-07-05 23:50:00-04:00,False,6572,2026-07-06 00:15:00-04:00,29202,DEACTIVATED_CLOSE_THROUGH,6572
IFVG2-003798,5,bullish,2026-07-06 00:20:00-04:00,False,6669,2026-07-06 08:20:00-04:00,29687,EXPIRED_ACTIVE_8H,6669
IFVG2-003799,5,bullish,2026-07-06 01:45:00-04:00,False,6591,2026-07-06 01:50:00-04:00,29297,DEACTIVATED_OVERSHOOT_LIMIT,6591
IFVG2-003800,5,bullish,2026-07-06 02:30:00-04:00,False,6695,2026-07-06 10:30:00-04:00,29817,EXPIRED_ACTIVE_8H,6695
IFVG2-003801,5,bullish,2026-07-06 06:15:00-04:00,False,6645,2026-07-06 06:20:00-04:00,29567,DEACTIVATED_OVERSHOOT_LIMIT,6645
IFVG2-003802,5,bearish,2026-07-06 07:05:00-04:00,False,6657,2026-07-06 07:20:00-04:00,29627,DEACTIVATED_CLOSE_THROUGH,6657
IFVG2-003803,5,bearish,2026-07-06 09:05:00-04:00,False,6684,2026-07-06 09:35:00-04:00,29762,DEACTIVATED_CLOSE_THROUGH,6684
IFVG2-003804,5,bullish,2026-07-06 09:35:00-04:00,False,6685,2026-07-06 09:40:00-04:00,29767,DEACTIVATED_OVERSHOOT_LIMIT,6685
IFVG2-003805,5,bullish,2026-07-06 11:25:00-04:00,False,6725,2026-07-06 13:00:00-04:00,29967,DEACTIVATED_OVERSHOOT_LIMIT,6725
IFVG2-003806,5,bullish,2026-07-06 14:10:00-04:00,False,6761,2026-07-06 16:00:00-04:00,30147,DEACTIVATED_OVERSHOOT_LIMIT,6761
IFVG2-003807,5,bullish,2026-07-06 15:15:00-04:00,False,6757,2026-07-06 15:40:00-04:00,30127,DEACTIVATED_OVERSHOOT_LIMIT,6757
IFVG2-003808,5,bullish,2026-07-06 19:05:00-04:00,False,6787,2026-07-06 19:10:00-04:00,30277,DEACTIVATED_OVERSHOOT_LIMIT,6787
IFVG2-003809,5,bullish,2026-07-06 21:50:00-04:00,False,6828,2026-07-06 22:35:00-04:00,30482,DEACTIVATED_CLOSE_THROUGH,6828
IFVG2-003810,5,bearish,2026-07-06 22:00:00-04:00,False,6822,2026-07-06 22:05:00-04:00,30452,DEACTIVATED_CLOSE_THROUGH,6822
IFVG2-003811,5,bearish,2026-07-06 22:00:00-04:00,False,6822,2026-07-06 22:05:00-04:00,30452,DEACTIVATED_OVERSHOOT_LIMIT,6822
IFVG2-003812,5,bearish,2026-07-06 22:25:00-04:00,False,6922,2026-07-07 06:25:00-04:00,30952,EXPIRED_UNTOUCHED_8H,6922
IFVG2-003813,5,bullish,2026-07-06 22:45:00-04:00,False,6831,2026-07-06 22:50:00-04:00,30497,DEACTIVATED_CLOSE_THROUGH,6831
IFVG2-003814,5,bullish,2026-07-07 00:00:00-04:00,False,6846,2026-07-07 00:05:00-04:00,30572,DEACTIVATED_OVERSHOOT_LIMIT,6846
IFVG2-003815,5,bullish,2026-07-07 00:30:00-04:00,False,6853,2026-07-07 00:40:00-04:00,30607,DEACTIVATED_OVERSHOOT_LIMIT,6853
IFVG2-003816,5,bullish,2026-07-07 01:45:00-04:00,False,6872,2026-07-07 02:15:00-04:00,30702,DEACTIVATED_CLOSE_THROUGH,6872
IFVG2-003817,5,bearish,2026-07-07 02:50:00-04:00,False,6880,2026-07-07 02:55:00-04:00,30742,DEACTIVATED_CLOSE_THROUGH,6880
IFVG2-003818,5,bullish,2026-07-07 04:15:00-04:00,False,6904,2026-07-07 04:55:00-04:00,30862,DEACTIVATED_OVERSHOOT_LIMIT,6904
IFVG2-003819,5,bullish,2026-07-07 06:05:00-04:00,False,6919,2026-07-07 06:10:00-04:00,30937,DEACTIVATED_CLOSE_THROUGH,6919
IFVG2-003820,5,bearish,2026-07-07 06:10:00-04:00,False,6920,2026-07-07 06:15:00-04:00,30942,DEACTIVATED_OVERSHOOT_LIMIT,6920
IFVG2-003821,5,bearish,2026-07-07 07:35:00-04:00,False,6939,2026-07-07 07:50:00-04:00,31037,DEACTIVATED_CLOSE_THROUGH,6939
IFVG2-003822,5,bearish,2026-07-07 08:50:00-04:00,False,7047,2026-07-07 16:50:00-04:00,31577,EXPIRED_ACTIVE_8H,7047
IFVG2-003823,5,bearish,2026-07-07 14:45:00-04:00,False,7082,2026-07-07 20:45:00-04:00,31752,DEACTIVATED_CLOSE_THROUGH,7082
IFVG2-003824,5,bullish,2026-07-07 15:35:00-04:00,False,7033,2026-07-07 15:40:00-04:00,31507,DEACTIVATED_CLOSE_THROUGH,7033
IFVG2-003825,5,bearish,2026-07-07 18:05:00-04:00,False,7056,2026-07-07 18:35:00-04:00,31622,DEACTIVATED_CLOSE_THROUGH,7056
IFVG2-003826,5,bullish,2026-07-07 20:05:00-04:00,False,7143,2026-07-08 01:50:00-04:00,32057,DEACTIVATED_CLOSE_THROUGH,7143
IFVG2-003827,5,bullish,2026-07-07 20:10:00-04:00,False,7140,2026-07-08 01:35:00-04:00,32042,DEACTIVATED_OVERSHOOT_LIMIT,7140
IFVG2-003828,5,bearish,2026-07-07 21:10:00-04:00,False,7088,2026-07-07 21:15:00-04:00,31782,DEACTIVATED_CLOSE_THROUGH,7088
IFVG2-003829,5,bearish,2026-07-07 21:35:00-04:00,False,7115,2026-07-07 23:30:00-04:00,31917,DEACTIVATED_CLOSE_THROUGH,7115
IFVG2-003830,5,bullish,2026-07-07 23:25:00-04:00,False,7118,2026-07-07 23:45:00-04:00,31932,DEACTIVATED_CLOSE_THROUGH,7118
IFVG2-003831,5,bearish,2026-07-08 00:35:00-04:00,False,7224,2026-07-08 08:35:00-04:00,32462,EXPIRED_ACTIVE_8H,7224
IFVG2-003832,5,bearish,2026-07-08 01:50:00-04:00,False,7164,2026-07-08 03:35:00-04:00,32162,DEACTIVATED_CLOSE_THROUGH,7164
IFVG2-003833,5,bullish,2026-07-08 03:35:00-04:00,False,7165,2026-07-08 03:40:00-04:00,32167,DEACTIVATED_CLOSE_THROUGH,7165
IFVG2-003834,5,bearish,2026-07-08 04:20:00-04:00,False,7238,2026-07-08 09:45:00-04:00,32532,DEACTIVATED_CLOSE_THROUGH,7238
IFVG2-003835,5,bullish,2026-07-08 05:35:00-04:00,False,7189,2026-07-08 05:40:00-04:00,32287,DEACTIVATED_OVERSHOOT_LIMIT,7189
IFVG2-003836,5,bearish,2026-07-08 07:00:00-04:00,False,7213,2026-07-08 07:40:00-04:00,32407,DEACTIVATED_OVERSHOOT_LIMIT,7213
IFVG2-003837,5,bearish,2026-07-08 09:25:00-04:00,False,7235,2026-07-08 09:30:00-04:00,32517,DEACTIVATED_CLOSE_THROUGH,7235
IFVG2-003838,5,bullish,2026-07-08 09:35:00-04:00,False,7257,2026-07-08 11:20:00-04:00,32627,DEACTIVATED_OVERSHOOT_LIMIT,7257
IFVG2-003839,5,bearish,2026-07-08 13:50:00-04:00,False,7290,2026-07-08 14:05:00-04:00,32792,DEACTIVATED_OVERSHOOT_LIMIT,7290
IFVG2-003840,5,bullish,2026-07-08 14:40:00-04:00,False,7298,2026-07-08 14:45:00-04:00,32832,DEACTIVATED_OVERSHOOT_LIMIT,7298
IFVG2-003841,5,bullish,2026-07-08 18:05:00-04:00,False,7327,2026-07-08 18:10:00-04:00,32977,DEACTIVATED_CLOSE_THROUGH,7327
IFVG2-003842,5,bearish,2026-07-08 20:55:00-04:00,False,7362,2026-07-08 21:05:00-04:00,33152,DEACTIVATED_OVERSHOOT_LIMIT,7362
IFVG2-003843,5,bullish,2026-07-08 22:15:00-04:00,False,7382,2026-07-08 22:45:00-04:00,33252,DEACTIVATED_CLOSE_THROUGH,7382
IFVG2-003844,5,bearish,2026-07-08 22:35:00-04:00,False,7401,2026-07-09 00:20:00-04:00,33347,DEACTIVATED_OVERSHOOT_LIMIT,7401
IFVG2-003845,5,bearish,2026-07-08 22:45:00-04:00,False,7394,2026-07-08 23:45:00-04:00,33312,DEACTIVATED_CLOSE_THROUGH,7394
IFVG2-003846,5,bullish,2026-07-08 23:30:00-04:00,False,7487,2026-07-09 07:30:00-04:00,33777,EXPIRED_UNTOUCHED_8H,7487
IFVG2-003847,5,bullish,2026-07-08 23:35:00-04:00,False,7403,2026-07-09 00:30:00-04:00,33357,DEACTIVATED_OVERSHOOT_LIMIT,7403
IFVG2-003848,5,bullish,2026-07-08 23:45:00-04:00,False,7395,2026-07-08 23:50:00-04:00,33317,DEACTIVATED_OVERSHOOT_LIMIT,7395
IFVG2-003849,5,bearish,2026-07-09 00:25:00-04:00,False,7404,2026-07-09 00:35:00-04:00,33362,DEACTIVATED_CLOSE_THROUGH,7404
IFVG2-003850,5,bullish,2026-07-09 00:35:00-04:00,False,7416,2026-07-09 01:35:00-04:00,33422,DEACTIVATED_OVERSHOOT_LIMIT,7416
IFVG2-003851,5,bullish,2026-07-09 01:35:00-04:00,False,7417,2026-07-09 01:40:00-04:00,33427,DEACTIVATED_CLOSE_THROUGH,7417
IFVG2-003852,5,bearish,2026-07-09 02:35:00-04:00,False,7429,2026-07-09 02:40:00-04:00,33487,DEACTIVATED_CLOSE_THROUGH,7429
IFVG2-003853,5,bullish,2026-07-09 07:30:00-04:00,False,7583,2026-07-09 15:30:00-04:00,34257,EXPIRED_ACTIVE_8H,7583
IFVG2-003854,5,bullish,2026-07-09 07:50:00-04:00,False,7512,2026-07-09 09:35:00-04:00,33902,DEACTIVATED_OVERSHOOT_LIMIT,7512
IFVG2-003855,5,bearish,2026-07-09 08:45:00-04:00,False,7512,2026-07-09 09:35:00-04:00,33902,DEACTIVATED_CLOSE_THROUGH,7512
IFVG2-003856,5,bearish,2026-07-09 08:50:00-04:00,False,7504,2026-07-09 08:55:00-04:00,33862,DEACTIVATED_CLOSE_THROUGH,7504
IFVG2-003857,5,bearish,2026-07-09 10:20:00-04:00,False,7523,2026-07-09 10:30:00-04:00,33957,DEACTIVATED_OVERSHOOT_LIMIT,7523
IFVG2-003858,5,bearish,2026-07-09 10:20:00-04:00,False,7529,2026-07-09 11:00:00-04:00,33987,DEACTIVATED_OVERSHOOT_LIMIT,7529
IFVG2-003859,5,bullish,2026-07-09 11:10:00-04:00,False,7615,2026-07-09 19:10:00-04:00,34417,EXPIRED_ACTIVE_8H,7615
IFVG2-003860,5,bearish,2026-07-09 14:25:00-04:00,False,7571,2026-07-09 14:30:00-04:00,34197,DEACTIVATED_CLOSE_THROUGH,7571
IFVG2-003861,5,bearish,2026-07-09 15:05:00-04:00,False,7581,2026-07-09 15:20:00-04:00,34247,DEACTIVATED_CLOSE_THROUGH,7581
IFVG2-003862,5,bullish,2026-07-09 15:20:00-04:00,False,7582,2026-07-09 15:25:00-04:00,34252,DEACTIVATED_CLOSE_THROUGH,7582
IFVG2-003863,5,bullish,2026-07-09 15:40:00-04:00,False,7586,2026-07-09 15:45:00-04:00,34272,DEACTIVATED_OVERSHOOT_LIMIT,7586
IFVG2-003864,5,bearish,2026-07-09 19:35:00-04:00,False,7621,2026-07-09 19:40:00-04:00,34447,DEACTIVATED_OVERSHOOT_LIMIT,7621
IFVG2-003865,5,bearish,2026-07-09 20:05:00-04:00,False,7659,2026-07-09 22:50:00-04:00,34637,DEACTIVATED_CLOSE_THROUGH,7659
IFVG2-003866,5,bullish,2026-07-09 21:00:00-04:00,False,7638,2026-07-09 21:05:00-04:00,34532,DEACTIVATED_CLOSE_THROUGH,7638
IFVG2-003867,5,bullish,2026-07-09 22:55:00-04:00,False,7671,2026-07-09 23:50:00-04:00,34697,DEACTIVATED_OVERSHOOT_LIMIT,7671
IFVG2-003868,5,bearish,2026-07-09 23:25:00-04:00,False,7674,2026-07-10 00:05:00-04:00,34712,DEACTIVATED_CLOSE_THROUGH,7674
IFVG2-003869,5,bullish,2026-07-10 00:05:00-04:00,False,7678,2026-07-10 00:25:00-04:00,34732,DEACTIVATED_CLOSE_THROUGH,7678
IFVG2-003870,5,bearish,2026-07-10 01:00:00-04:00,False,7689,2026-07-10 01:20:00-04:00,34787,DEACTIVATED_OVERSHOOT_LIMIT,7689
IFVG2-003871,5,bearish,2026-07-10 03:00:00-04:00,False,7710,2026-07-10 03:05:00-04:00,34892,DEACTIVATED_OVERSHOOT_LIMIT,7710
IFVG2-003872,5,bullish,2026-07-10 06:45:00-04:00,False,7755,2026-07-10 06:50:00-04:00,35117,DEACTIVATED_CLOSE_THROUGH,7755
IFVG2-003873,5,bearish,2026-07-10 07:30:00-04:00,False,7772,2026-07-10 08:15:00-04:00,35202,DEACTIVATED_OVERSHOOT_LIMIT,7772
IFVG2-003874,5,bullish,2026-07-10 11:10:00-04:00,False,7878,2026-07-12 18:05:00-04:00,35732,EXPIRED_ACTIVE_8H,7878
IFVG2-003875,5,bearish,2026-07-10 11:40:00-04:00,False,7818,2026-07-10 12:05:00-04:00,35432,DEACTIVATED_CLOSE_THROUGH,7818
IFVG2-003876,5,bearish,2026-07-10 11:45:00-04:00,False,7816,2026-07-10 11:55:00-04:00,35422,DEACTIVATED_CLOSE_THROUGH,7816
IFVG2-003877,5,bearish,2026-07-12 18:05:00-04:00,False,7902,2026-07-12 20:05:00-04:00,35852,DEACTIVATED_CLOSE_THROUGH,7902
IFVG2-003878,5,bearish,2026-07-12 18:05:00-04:00,False,7974,2026-07-13 02:05:00-04:00,36212,EXPIRED_UNTOUCHED_8H,7974
IFVG2-003879,5,bearish,2026-07-12 20:20:00-04:00,False,7906,2026-07-12 20:25:00-04:00,35872,DEACTIVATED_OVERSHOOT_LIMIT,7906
IFVG2-003880,5,bearish,2026-07-12 20:40:00-04:00,False,8005,2026-07-13 04:40:00-04:00,36367,EXPIRED_ACTIVE_8H,8005
IFVG2-003881,5,bullish,2026-07-13 01:05:00-04:00,False,7963,2026-07-13 01:10:00-04:00,36157,DEACTIVATED_OVERSHOOT_LIMIT,7963
IFVG2-003882,5,bullish,2026-07-13 01:15:00-04:00,False,7965,2026-07-13 01:20:00-04:00,36167,DEACTIVATED_CLOSE_THROUGH,7965
IFVG2-003883,5,bearish,2026-07-13 01:25:00-04:00,False,7988,2026-07-13 03:15:00-04:00,36282,DEACTIVATED_CLOSE_THROUGH,7988
IFVG2-003884,5,bullish,2026-07-13 01:40:00-04:00,False,7976,2026-07-13 02:15:00-04:00,36222,DEACTIVATED_CLOSE_THROUGH,7976
IFVG2-003885,5,bearish,2026-07-13 03:20:00-04:00,False,7990,2026-07-13 03:25:00-04:00,36292,DEACTIVATED_CLOSE_THROUGH,7990
IFVG2-003886,5,bullish,2026-07-13 04:15:00-04:00,False,8051,2026-07-13 08:30:00-04:00,36597,DEACTIVATED_CLOSE_THROUGH,8051
IFVG2-003887,5,bearish,2026-07-13 05:05:00-04:00,False,8013,2026-07-13 05:20:00-04:00,36407,DEACTIVATED_CLOSE_THROUGH,8013
IFVG2-003888,5,bearish,2026-07-13 08:30:00-04:00,False,8055,2026-07-13 08:50:00-04:00,36617,DEACTIVATED_CLOSE_THROUGH,8055
IFVG2-003889,5,bullish,2026-07-13 08:50:00-04:00,False,8061,2026-07-13 09:20:00-04:00,36647,DEACTIVATED_CLOSE_THROUGH,8061
IFVG2-003890,5,bullish,2026-07-13 08:50:00-04:00,False,8064,2026-07-13 09:35:00-04:00,36662,DEACTIVATED_CLOSE_THROUGH,8064
IFVG2-003891,5,bearish,2026-07-13 09:35:00-04:00,False,8075,2026-07-13 10:30:00-04:00,36717,DEACTIVATED_CLOSE_THROUGH,8075
IFVG2-003892,5,bullish,2026-07-13 10:00:00-04:00,False,8070,2026-07-13 10:05:00-04:00,36692,DEACTIVATED_CLOSE_THROUGH,8070
IFVG2-003893,5,bullish,2026-07-13 18:45:00-04:00,False,8164,2026-07-13 18:55:00-04:00,37162,DEACTIVATED_CLOSE_THROUGH,8164
IFVG2-003894,5,bearish,2026-07-13 18:55:00-04:00,False,8178,2026-07-13 20:05:00-04:00,37232,DEACTIVATED_OVERSHOOT_LIMIT,8178
IFVG2-003895,5,bullish,2026-07-13 20:00:00-04:00,False,8178,2026-07-13 20:05:00-04:00,37232,DEACTIVATED_CLOSE_THROUGH,8178
IFVG2-003896,5,bullish,2026-07-13 22:40:00-04:00,False,8212,2026-07-13 22:55:00-04:00,37402,DEACTIVATED_CLOSE_THROUGH,8212
IFVG2-003897,5,bullish,2026-07-13 23:30:00-04:00,False,8315,2026-07-14 07:30:00-04:00,37917,EXPIRED_ACTIVE_8H,8315
IFVG2-003898,5,bullish,2026-07-14 00:05:00-04:00,False,8227,2026-07-14 00:10:00-04:00,37477,DEACTIVATED_CLOSE_THROUGH,8227
IFVG2-003899,5,bearish,2026-07-14 00:10:00-04:00,False,8230,2026-07-14 00:25:00-04:00,37492,DEACTIVATED_CLOSE_THROUGH,8230
IFVG2-003900,5,bearish,2026-07-14 08:05:00-04:00,False,8326,2026-07-14 08:25:00-04:00,37972,DEACTIVATED_CLOSE_THROUGH,8326
IFVG2-003901,5,bearish,2026-07-14 08:10:00-04:00,False,8325,2026-07-14 08:20:00-04:00,37967,DEACTIVATED_CLOSE_THROUGH,8325
IFVG2-003902,5,bullish,2026-07-14 08:25:00-04:00,False,8349,2026-07-14 10:20:00-04:00,38087,DEACTIVATED_OVERSHOOT_LIMIT,8349
IFVG2-003903,5,bearish,2026-07-14 10:45:00-04:00,False,8356,2026-07-14 10:55:00-04:00,38122,DEACTIVATED_CLOSE_THROUGH,8356
IFVG2-003904,5,bearish,2026-07-14 11:55:00-04:00,False,8369,2026-07-14 12:00:00-04:00,38187,DEACTIVATED_OVERSHOOT_LIMIT,8369
IFVG2-003905,5,bearish,2026-07-14 21:05:00-04:00,False,8469,2026-07-14 21:20:00-04:00,38687,DEACTIVATED_CLOSE_THROUGH,8469
IFVG2-003906,5,bearish,2026-07-15 03:25:00-04:00,False,8638,2026-07-15 11:25:00-04:00,39532,EXPIRED_UNTOUCHED_8H,8638
IFVG2-003907,5,bullish,2026-07-15 03:50:00-04:00,False,8550,2026-07-15 04:05:00-04:00,39092,DEACTIVATED_CLOSE_THROUGH,8550
IFVG2-003908,5,bearish,2026-07-15 04:25:00-04:00,False,8555,2026-07-15 04:30:00-04:00,39117,DEACTIVATED_CLOSE_THROUGH,8555
IFVG2-003909,5,bearish,2026-07-15 04:55:00-04:00,False,8561,2026-07-15 05:00:00-04:00,39147,DEACTIVATED_CLOSE_THROUGH,8561
IFVG2-003910,5,bearish,2026-07-15 05:35:00-04:00,False,8569,2026-07-15 05:40:00-04:00,39187,DEACTIVATED_OVERSHOOT_LIMIT,8569
IFVG2-003911,5,bullish,2026-07-15 07:05:00-04:00,False,8596,2026-07-15 07:55:00-04:00,39322,DEACTIVATED_OVERSHOOT_LIMIT,8596
IFVG2-003912,5,bullish,2026-07-15 08:35:00-04:00,False,8617,2026-07-15 09:40:00-04:00,39427,DEACTIVATED_CLOSE_THROUGH,8617
IFVG2-003913,5,bearish,2026-07-15 10:15:00-04:00,False,8625,2026-07-15 10:20:00-04:00,39467,DEACTIVATED_OVERSHOOT_LIMIT,8625
IFVG2-003914,5,bearish,2026-07-15 10:20:00-04:00,False,8709,2026-07-15 18:20:00-04:00,39887,EXPIRED_ACTIVE_8H,8709
IFVG2-003915,5,bullish,2026-07-15 11:10:00-04:00,False,8636,2026-07-15 11:15:00-04:00,39522,DEACTIVATED_CLOSE_THROUGH,8636
IFVG2-003916,5,bullish,2026-07-15 13:20:00-04:00,False,8745,2026-07-15 21:20:00-04:00,40067,EXPIRED_UNTOUCHED_8H,8745
IFVG2-003917,5,bearish,2026-07-15 14:55:00-04:00,False,8690,2026-07-15 15:45:00-04:00,39792,DEACTIVATED_CLOSE_THROUGH,8690
IFVG2-003918,5,bullish,2026-07-15 16:05:00-04:00,False,8695,2026-07-15 16:10:00-04:00,39817,DEACTIVATED_CLOSE_THROUGH,8695
IFVG2-003919,5,bearish,2026-07-15 16:10:00-04:00,False,8696,2026-07-15 16:15:00-04:00,39822,DEACTIVATED_CLOSE_THROUGH,8696
IFVG2-003920,5,bearish,2026-07-15 16:35:00-04:00,False,8701,2026-07-15 16:40:00-04:00,39847,DEACTIVATED_CLOSE_THROUGH,8701
IFVG2-003921,5,bullish,2026-07-15 22:20:00-04:00,False,8803,2026-07-16 02:10:00-04:00,40357,DEACTIVATED_OVERSHOOT_LIMIT,8803
IFVG2-003922,5,bearish,2026-07-15 23:25:00-04:00,False,8771,2026-07-15 23:30:00-04:00,40197,DEACTIVATED_OVERSHOOT_LIMIT,8771
IFVG2-003923,5,bearish,2026-07-16 06:00:00-04:00,False,8850,2026-07-16 06:05:00-04:00,40592,DEACTIVATED_OVERSHOOT_LIMIT,8850
IFVG2-003924,5,bullish,2026-07-16 10:05:00-04:00,False,8922,2026-07-16 12:05:00-04:00,40952,DEACTIVATED_CLOSE_THROUGH,8922
IFVG2-003925,5,bearish,2026-07-16 11:15:00-04:00,False,8913,2026-07-16 11:20:00-04:00,40907,DEACTIVATED_CLOSE_THROUGH,8913
IFVG2-003926,5,bullish,2026-07-16 11:30:00-04:00,False,8916,2026-07-16 11:35:00-04:00,40922,DEACTIVATED_OVERSHOOT_LIMIT,8916
IFVG2-003927,5,bullish,2026-07-16 14:25:00-04:00,False,8951,2026-07-16 14:30:00-04:00,41097,DEACTIVATED_CLOSE_THROUGH,8951
IFVG2-003928,5,bullish,2026-07-16 16:25:00-04:00,False,8975,2026-07-16 16:30:00-04:00,41217,DEACTIVATED_CLOSE_THROUGH,8975
IFVG2-003929,5,bearish,2026-07-16 21:15:00-04:00,False,9021,2026-07-16 21:20:00-04:00,41447,DEACTIVATED_OVERSHOOT_LIMIT,9021
IFVG2-003930,5,bearish,2026-07-16 23:35:00-04:00,False,9144,2026-07-17 07:35:00-04:00,42062,EXPIRED_ACTIVE_8H,9144
IFVG2-003931,5,bearish,2026-07-16 23:45:00-04:00,False,9146,2026-07-17 07:45:00-04:00,42072,EXPIRED_UNTOUCHED_8H,9146
IFVG2-003932,5,bearish,2026-07-16 23:55:00-04:00,False,9148,2026-07-17 07:55:00-04:00,42082,EXPIRED_UNTOUCHED_8H,9148
IFVG2-003933,5,bullish,2026-07-17 00:55:00-04:00,False,9065,2026-07-17 01:00:00-04:00,41667,DEACTIVATED_CLOSE_THROUGH,9065
IFVG2-003934,5,bearish,2026-07-17 01:00:00-04:00,False,9066,2026-07-17 01:05:00-04:00,41672,DEACTIVATED_OVERSHOOT_LIMIT,9066
IFVG2-003935,5,bullish,2026-07-17 05:40:00-04:00,False,9152,2026-07-17 08:15:00-04:00,42102,DEACTIVATED_OVERSHOOT_LIMIT,9152
IFVG2-003936,5,bearish,2026-07-17 09:20:00-04:00,False,9166,2026-07-17 09:25:00-04:00,42172,DEACTIVATED_OVERSHOOT_LIMIT,9166
IFVG2-003937,5,bullish,2026-07-17 09:55:00-04:00,False,9257,2026-07-17 17:00:00-04:00,42627,DATA_END_ACTIVE,9257
IFVG2-003938,5,bearish,2026-07-17 12:25:00-04:00,False,9203,2026-07-17 12:30:00-04:00,42357,DEACTIVATED_OVERSHOOT_LIMIT,9203
IFVG2-003939,5,bearish,2026-07-17 13:55:00-04:00,False,9257,2026-07-17 17:00:00-04:00,42627,DATA_END_ACTIVE,9257
IFVG2-003940,5,bearish,2026-07-17 14:45:00-04:00,False,9232,2026-07-17 14:55:00-04:00,42502,DEACTIVATED_CLOSE_THROUGH,9232
IFVG2-003941,15,bearish,2026-06-01 01:29:00-04:00,False,6,2026-06-01 02:14:00-04:00,26,DEACTIVATED_CLOSE_THROUGH,6
IFVG2-003942,15,bearish,2026-06-01 05:40:00-04:00,False,44,2026-06-01 11:45:00-04:00,289,DEACTIVATED_CLOSE_THROUGH,44
IFVG2-003943,15,bullish,2026-06-01 06:15:00-04:00,False,30,2026-06-01 08:13:00-04:00,122,DEACTIVATED_CLOSE_THROUGH,30
IFVG2-003944,15,bearish,2026-06-01 07:11:00-04:00,False,44,2026-06-01 11:45:00-04:00,289,DEACTIVATED_CLOSE_THROUGH,44
IFVG2-003945,15,bullish,2026-06-01 11:30:00-04:00,False,70,2026-06-01 19:41:00-04:00,472,EXPIRED_ACTIVE_8H,70
IFVG2-003946,15,bearish,2026-06-01 15:45:00-04:00,False,87,2026-06-01 23:54:00-04:00,539,EXPIRED_UNTOUCHED_8H,87
IFVG2-003947,15,bearish,2026-06-01 18:30:00-04:00,False,96,2026-06-02 02:20:00-04:00,577,DEACTIVATED_CLOSE_THROUGH,96
IFVG2-003948,15,bullish,2026-06-01 19:41:00-04:00,False,72,2026-06-01 20:13:00-04:00,478,DEACTIVATED_CLOSE_THROUGH,72
IFVG2-003949,15,bullish,2026-06-01 22:25:00-04:00,False,84,2026-06-01 23:12:00-04:00,529,DEACTIVATED_CLOSE_THROUGH,84
IFVG2-003950,15,bearish,2026-06-01 23:12:00-04:00,False,88,2026-06-02 00:10:00-04:00,543,DEACTIVATED_CLOSE_THROUGH,88
IFVG2-003951,15,bearish,2026-06-02 09:11:00-04:00,False,123,2026-06-02 09:30:00-04:00,683,DEACTIVATED_CLOSE_THROUGH,123
IFVG2-003952,15,bearish,2026-06-02 09:11:00-04:00,False,123,2026-06-02 09:30:00-04:00,683,DEACTIVATED_CLOSE_THROUGH,123
IFVG2-003953,15,bearish,2026-06-02 13:45:00-04:00,False,142,2026-06-02 14:13:00-04:00,879,DEACTIVATED_OVERSHOOT_LIMIT,142
IFVG2-003954,15,bearish,2026-06-02 18:58:00-04:00,False,186,2026-06-03 03:14:00-04:00,1102,EXPIRED_ACTIVE_8H,186
IFVG2-003955,15,bearish,2026-06-02 19:13:00-04:00,False,160,2026-06-02 19:59:00-04:00,989,DEACTIVATED_CLOSE_THROUGH,160
IFVG2-003956,15,bullish,2026-06-02 19:59:00-04:00,False,189,2026-06-03 04:00:00-04:00,1115,EXPIRED_ACTIVE_8H,189
IFVG2-003957,15,bearish,2026-06-02 21:12:00-04:00,False,175,2026-06-03 00:15:00-04:00,1050,DEACTIVATED_CLOSE_THROUGH,175
IFVG2-003958,15,bullish,2026-06-02 23:24:00-04:00,False,203,2026-06-03 07:29:00-04:00,1185,EXPIRED_ACTIVE_8H,203
IFVG2-003959,15,bearish,2026-06-03 09:45:00-04:00,False,215,2026-06-03 10:30:00-04:00,1281,DEACTIVATED_CLOSE_THROUGH,215
IFVG2-003960,15,bearish,2026-06-03 16:30:00-04:00,False,268,2026-06-04 00:37:00-04:00,1698,EXPIRED_UNTOUCHED_8H,268
IFVG2-003961,15,bearish,2026-06-03 21:30:00-04:00,False,256,2026-06-03 21:45:00-04:00,1649,DEACTIVATED_OVERSHOOT_LIMIT,256
IFVG2-003962,15,bearish,2026-06-03 21:56:00-04:00,False,264,2026-06-03 23:32:00-04:00,1687,DEACTIVATED_CLOSE_THROUGH,264
IFVG2-003963,15,bearish,2026-06-03 21:56:00-04:00,False,267,2026-06-04 00:27:00-04:00,1697,DEACTIVATED_CLOSE_THROUGH,267
IFVG2-003964,15,bearish,2026-06-03 22:14:00-04:00,False,261,2026-06-03 22:58:00-04:00,1680,DEACTIVATED_OVERSHOOT_LIMIT,261
IFVG2-003965,15,bullish,2026-06-03 23:32:00-04:00,False,280,2026-06-04 04:15:00-04:00,1737,DEACTIVATED_CLOSE_THROUGH,280
IFVG2-003966,15,bearish,2026-06-04 03:56:00-04:00,False,311,2026-06-04 12:00:00-04:00,2050,EXPIRED_UNTOUCHED_8H,311
IFVG2-003967,15,bearish,2026-06-04 04:15:00-04:00,False,312,2026-06-04 12:15:00-04:00,2061,EXPIRED_ACTIVE_8H,312
IFVG2-003968,15,bullish,2026-06-04 08:45:00-04:00,False,301,2026-06-04 09:30:00-04:00,1910,DEACTIVATED_OVERSHOOT_LIMIT,301
IFVG2-003969,15,bullish,2026-06-04 08:45:00-04:00,False,302,2026-06-04 09:45:00-04:00,1925,DEACTIVATED_CLOSE_THROUGH,302
IFVG2-003970,15,bullish,2026-06-04 11:15:00-04:00,False,311,2026-06-04 12:00:00-04:00,2050,DEACTIVATED_OVERSHOOT_LIMIT,311
IFVG2-003971,15,bearish,2026-06-04 16:00:00-04:00,False,355,2026-06-05 00:00:00-04:00,2379,EXPIRED_UNTOUCHED_8H,355
IFVG2-003972,15,bearish,2026-06-04 16:00:00-04:00,False,355,2026-06-05 00:00:00-04:00,2379,EXPIRED_UNTOUCHED_8H,355
IFVG2-003973,15,bearish,2026-06-04 16:30:00-04:00,False,358,2026-06-05 00:45:00-04:00,2390,EXPIRED_ACTIVE_8H,358
IFVG2-003974,15,bullish,2026-06-04 21:44:00-04:00,False,366,2026-06-05 02:45:00-04:00,2439,DEACTIVATED_CLOSE_THROUGH,366
IFVG2-003975,15,bullish,2026-06-04 21:58:00-04:00,False,355,2026-06-05 00:00:00-04:00,2379,DEACTIVATED_CLOSE_THROUGH,355
IFVG2-003976,15,bullish,2026-06-04 21:58:00-04:00,False,365,2026-06-05 02:30:00-04:00,2430,DEACTIVATED_CLOSE_THROUGH,365
IFVG2-003977,15,bearish,2026-06-04 23:36:00-04:00,False,359,2026-06-05 01:00:00-04:00,2395,DEACTIVATED_CLOSE_THROUGH,359
IFVG2-003978,15,bullish,2026-06-05 00:29:00-04:00,False,358,2026-06-05 00:45:00-04:00,2390,DEACTIVATED_OVERSHOOT_LIMIT,358
IFVG2-003979,15,bullish,2026-06-05 00:45:00-04:00,False,363,2026-06-05 01:59:00-04:00,2412,DEACTIVATED_CLOSE_THROUGH,363
IFVG2-003980,15,bearish,2026-06-05 02:30:00-04:00,False,374,2026-06-05 04:44:00-04:00,2504,DEACTIVATED_OVERSHOOT_LIMIT,374
IFVG2-003981,15,bullish,2026-06-05 04:27:00-04:00,False,375,2026-06-05 04:54:00-04:00,2508,DEACTIVATED_CLOSE_THROUGH,375
IFVG2-003982,15,bullish,2026-06-05 04:27:00-04:00,False,385,2026-06-05 07:30:00-04:00,2552,DEACTIVATED_OVERSHOOT_LIMIT,385
IFVG2-003983,15,bearish,2026-06-05 08:30:00-04:00,False,391,2026-06-05 09:00:00-04:00,2604,DEACTIVATED_OVERSHOOT_LIMIT,391
IFVG2-003984,15,bearish,2026-06-07 21:30:00-04:00,False,438,2026-06-07 21:43:00-04:00,3242,DEACTIVATED_CLOSE_THROUGH,438
IFVG2-003985,15,bearish,2026-06-07 21:30:00-04:00,False,443,2026-06-07 22:57:00-04:00,3295,DEACTIVATED_CLOSE_THROUGH,443
IFVG2-003986,15,bearish,2026-06-08 01:45:00-04:00,False,457,2026-06-08 02:30:00-04:00,3393,DEACTIVATED_CLOSE_THROUGH,457
IFVG2-003987,15,bullish,2026-06-08 05:29:00-04:00,False,470,2026-06-08 05:44:00-04:00,3512,DEACTIVATED_OVERSHOOT_LIMIT,470
IFVG2-003988,15,bearish,2026-06-08 15:15:00-04:00,False,531,2026-06-08 21:59:00-04:00,4194,DEACTIVATED_OVERSHOOT_LIMIT,531
IFVG2-003989,15,bullish,2026-06-09 03:15:00-04:00,False,553,2026-06-09 03:28:00-04:00,4341,DEACTIVATED_CLOSE_THROUGH,553
IFVG2-003990,15,bullish,2026-06-09 08:45:00-04:00,False,575,2026-06-09 09:00:00-04:00,4491,DEACTIVATED_OVERSHOOT_LIMIT,575
IFVG2-003991,15,bullish,2026-06-09 13:15:00-04:00,False,621,2026-06-09 21:30:00-04:00,5087,EXPIRED_UNTOUCHED_8H,621
IFVG2-003992,15,bullish,2026-06-09 13:30:00-04:00,False,621,2026-06-09 21:30:00-04:00,5087,EXPIRED_UNTOUCHED_8H,621
IFVG2-003993,15,bearish,2026-06-09 20:45:00-04:00,False,619,2026-06-09 20:59:00-04:00,5063,DEACTIVATED_CLOSE_THROUGH,619
IFVG2-003994,15,bearish,2026-06-09 20:45:00-04:00,False,619,2026-06-09 20:59:00-04:00,5063,DEACTIVATED_CLOSE_THROUGH,619
IFVG2-003995,15,bearish,2026-06-10 04:13:00-04:00,False,666,2026-06-10 08:45:00-04:00,5520,DEACTIVATED_OVERSHOOT_LIMIT,666
IFVG2-003996,15,bullish,2026-06-10 08:45:00-04:00,False,667,2026-06-10 09:00:00-04:00,5534,DEACTIVATED_CLOSE_THROUGH,667
IFVG2-003997,15,bullish,2026-06-10 08:45:00-04:00,False,670,2026-06-10 09:45:00-04:00,5571,DEACTIVATED_OVERSHOOT_LIMIT,670
IFVG2-003998,15,bullish,2026-06-10 19:30:00-04:00,False,707,2026-06-10 19:59:00-04:00,6084,DEACTIVATED_CLOSE_THROUGH,707
IFVG2-003999,15,bullish,2026-06-10 21:15:00-04:00,False,715,2026-06-10 22:00:00-04:00,6201,DEACTIVATED_CLOSE_THROUGH,715
IFVG2-004000,15,bullish,2026-06-10 21:30:00-04:00,False,714,2026-06-10 21:45:00-04:00,6186,DEACTIVATED_CLOSE_THROUGH,714
IFVG2-004001,15,bearish,2026-06-10 22:30:00-04:00,False,723,2026-06-11 00:00:00-04:00,6307,DEACTIVATED_CLOSE_THROUGH,723
IFVG2-004002,15,bullish,2026-06-11 00:00:00-04:00,False,732,2026-06-11 02:15:00-04:00,6409,DEACTIVATED_OVERSHOOT_LIMIT,732
IFVG2-004003,15,bearish,2026-06-11 08:30:00-04:00,False,763,2026-06-11 10:00:00-04:00,6828,DEACTIVATED_CLOSE_THROUGH,763
IFVG2-004004,15,bearish,2026-06-11 08:30:00-04:00,False,763,2026-06-11 10:00:00-04:00,6828,DEACTIVATED_CLOSE_THROUGH,763
IFVG2-004005,15,bullish,2026-06-11 10:00:00-04:00,False,765,2026-06-11 10:30:00-04:00,6858,DEACTIVATED_OVERSHOOT_LIMIT,765
IFVG2-004006,15,bearish,2026-06-11 19:15:00-04:00,False,797,2026-06-11 19:30:00-04:00,7322,DEACTIVATED_OVERSHOOT_LIMIT,797
IFVG2-004007,15,bearish,2026-06-11 22:30:00-04:00,False,811,2026-06-11 23:00:00-04:00,7529,DEACTIVATED_CLOSE_THROUGH,811
IFVG2-004008,15,bearish,2026-06-12 02:00:00-04:00,False,833,2026-06-12 04:30:00-04:00,7859,DEACTIVATED_CLOSE_THROUGH,833
IFVG2-004009,15,bullish,2026-06-12 03:45:00-04:00,False,831,2026-06-12 04:00:00-04:00,7829,DEACTIVATED_OVERSHOOT_LIMIT,831
IFVG2-004010,15,bullish,2026-06-12 04:00:00-04:00,False,852,2026-06-12 09:15:00-04:00,8144,DEACTIVATED_OVERSHOOT_LIMIT,852
IFVG2-004011,15,bearish,2026-06-12 06:30:00-04:00,False,844,2026-06-12 07:15:00-04:00,8024,DEACTIVATED_CLOSE_THROUGH,844
IFVG2-004012,15,bearish,2026-06-12 08:15:00-04:00,False,849,2026-06-12 08:30:00-04:00,8099,DEACTIVATED_OVERSHOOT_LIMIT,849
IFVG2-004013,15,bearish,2026-06-12 08:45:00-04:00,False,856,2026-06-12 10:15:00-04:00,8204,DEACTIVATED_CLOSE_THROUGH,856
IFVG2-004014,15,bearish,2026-06-12 09:45:00-04:00,False,855,2026-06-12 10:00:00-04:00,8189,DEACTIVATED_OVERSHOOT_LIMIT,855
IFVG2-004015,15,bullish,2026-06-12 10:15:00-04:00,False,858,2026-06-12 10:45:00-04:00,8234,DEACTIVATED_CLOSE_THROUGH,858
IFVG2-004016,15,bearish,2026-06-12 11:45:00-04:00,False,867,2026-06-12 13:00:00-04:00,8369,DEACTIVATED_CLOSE_THROUGH,867
IFVG2-004017,15,bullish,2026-06-15 07:15:00-04:00,False,938,2026-06-15 07:45:00-04:00,9433,DEACTIVATED_OVERSHOOT_LIMIT,938
IFVG2-004018,15,bullish,2026-06-15 07:15:00-04:00,False,968,2026-06-15 15:15:00-04:00,9883,EXPIRED_ACTIVE_8H,968
IFVG2-004019,15,bullish,2026-06-15 09:15:00-04:00,False,976,2026-06-15 18:15:00-04:00,10003,EXPIRED_UNTOUCHED_8H,976
IFVG2-004020,15,bearish,2026-06-15 18:15:00-04:00,False,977,2026-06-15 18:30:00-04:00,10018,DEACTIVATED_OVERSHOOT_LIMIT,977
IFVG2-004021,15,bullish,2026-06-15 19:30:00-04:00,False,984,2026-06-15 20:15:00-04:00,10123,DEACTIVATED_OVERSHOOT_LIMIT,984
IFVG2-004022,15,bearish,2026-06-16 08:45:00-04:00,False,1039,2026-06-16 10:00:00-04:00,10948,DEACTIVATED_OVERSHOOT_LIMIT,1039
IFVG2-004023,15,bearish,2026-06-17 04:30:00-04:00,False,1133,2026-06-17 10:30:00-04:00,12358,DEACTIVATED_OVERSHOOT_LIMIT,1133
IFVG2-004024,15,bullish,2026-06-17 06:45:00-04:00,False,1119,2026-06-17 07:00:00-04:00,12148,DEACTIVATED_CLOSE_THROUGH,1119
IFVG2-004025,15,bullish,2026-06-17 08:30:00-04:00,False,1130,2026-06-17 09:45:00-04:00,12313,DEACTIVATED_OVERSHOOT_LIMIT,1130
IFVG2-004026,15,bullish,2026-06-17 13:30:00-04:00,False,1146,2026-06-17 13:45:00-04:00,12553,DEACTIVATED_CLOSE_THROUGH,1146
IFVG2-004027,15,bearish,2026-06-18 06:45:00-04:00,False,1217,2026-06-18 08:30:00-04:00,13618,DEACTIVATED_CLOSE_THROUGH,1217
IFVG2-004028,15,bearish,2026-06-18 09:45:00-04:00,False,1223,2026-06-18 10:00:00-04:00,13708,DEACTIVATED_CLOSE_THROUGH,1223
IFVG2-004029,15,bullish,2026-06-18 22:30:00-04:00,False,1271,2026-06-18 23:00:00-04:00,14428,DEACTIVATED_CLOSE_THROUGH,1271
IFVG2-004030,15,bullish,2026-06-19 02:15:00-04:00,False,1316,2026-06-19 10:15:00-04:00,15103,EXPIRED_UNTOUCHED_8H,1316
IFVG2-004031,15,bullish,2026-06-19 03:15:00-04:00,False,1302,2026-06-19 06:45:00-04:00,14893,DEACTIVATED_OVERSHOOT_LIMIT,1302
IFVG2-004032,15,bullish,2026-06-19 03:30:00-04:00,False,1301,2026-06-19 06:30:00-04:00,14878,DEACTIVATED_CLOSE_THROUGH,1301
IFVG2-004033,15,bearish,2026-06-19 06:30:00-04:00,False,1306,2026-06-19 07:45:00-04:00,14953,DEACTIVATED_CLOSE_THROUGH,1306
IFVG2-004034,15,bearish,2026-06-19 06:45:00-04:00,False,1303,2026-06-19 07:00:00-04:00,14908,DEACTIVATED_OVERSHOOT_LIMIT,1303
IFVG2-004035,15,bullish,2026-06-19 09:00:00-04:00,False,1328,2026-06-21 18:15:00-04:00,15283,DEACTIVATED_CLOSE_THROUGH,1328
IFVG2-004036,15,bullish,2026-06-19 09:00:00-04:00,False,1328,2026-06-21 18:15:00-04:00,15283,DEACTIVATED_CLOSE_THROUGH,1328
IFVG2-004037,15,bearish,2026-06-19 11:45:00-04:00,False,1323,2026-06-19 12:00:00-04:00,15208,DEACTIVATED_OVERSHOOT_LIMIT,1323
IFVG2-004038,15,bullish,2026-06-21 20:15:00-04:00,False,1368,2026-06-22 04:15:00-04:00,15883,EXPIRED_UNTOUCHED_8H,1368
IFVG2-004039,15,bearish,2026-06-21 23:15:00-04:00,False,1349,2026-06-21 23:30:00-04:00,15598,DEACTIVATED_CLOSE_THROUGH,1349
IFVG2-004040,15,bearish,2026-06-21 23:15:00-04:00,False,1356,2026-06-22 01:15:00-04:00,15703,DEACTIVATED_CLOSE_THROUGH,1356
IFVG2-004041,15,bearish,2026-06-22 00:45:00-04:00,False,1355,2026-06-22 01:00:00-04:00,15688,DEACTIVATED_CLOSE_THROUGH,1355
IFVG2-004042,15,bullish,2026-06-22 01:15:00-04:00,False,1388,2026-06-22 09:15:00-04:00,16183,EXPIRED_ACTIVE_8H,1388
IFVG2-004043,15,bearish,2026-06-22 04:15:00-04:00,False,1376,2026-06-22 06:15:00-04:00,16003,DEACTIVATED_OVERSHOOT_LIMIT,1376
IFVG2-004044,15,bullish,2026-06-22 06:15:00-04:00,False,1378,2026-06-22 06:45:00-04:00,16033,DEACTIVATED_OVERSHOOT_LIMIT,1378
IFVG2-004045,15,bullish,2026-06-23 05:15:00-04:00,False,1469,2026-06-23 06:30:00-04:00,17398,DEACTIVATED_CLOSE_THROUGH,1469
IFVG2-004046,15,bullish,2026-06-23 10:00:00-04:00,False,1488,2026-06-23 11:15:00-04:00,17683,DEACTIVATED_OVERSHOOT_LIMIT,1488
IFVG2-004047,15,bullish,2026-06-23 10:15:00-04:00,False,1485,2026-06-23 10:30:00-04:00,17638,DEACTIVATED_OVERSHOOT_LIMIT,1485
IFVG2-004048,15,bullish,2026-06-23 10:15:00-04:00,False,1486,2026-06-23 10:45:00-04:00,17653,DEACTIVATED_CLOSE_THROUGH,1486
IFVG2-004049,15,bearish,2026-06-23 11:15:00-04:00,False,1516,2026-06-23 19:15:00-04:00,18103,EXPIRED_ACTIVE_8H,1516
IFVG2-004050,15,bearish,2026-06-23 14:00:00-04:00,False,1512,2026-06-23 18:15:00-04:00,18043,DEACTIVATED_OVERSHOOT_LIMIT,1512
IFVG2-004051,15,bearish,2026-06-23 22:45:00-04:00,False,1540,2026-06-24 01:15:00-04:00,18463,DEACTIVATED_CLOSE_THROUGH,1540
IFVG2-004052,15,bearish,2026-06-24 02:00:00-04:00,False,1544,2026-06-24 02:15:00-04:00,18523,DEACTIVATED_CLOSE_THROUGH,1544
IFVG2-004053,15,bullish,2026-06-24 07:45:00-04:00,False,1571,2026-06-24 09:00:00-04:00,18928,DEACTIVATED_CLOSE_THROUGH,1571
IFVG2-004054,15,bullish,2026-06-24 14:30:00-04:00,False,1594,2026-06-24 14:45:00-04:00,19273,DEACTIVATED_CLOSE_THROUGH,1594
IFVG2-004055,15,bullish,2026-06-24 16:15:00-04:00,False,1628,2026-06-25 00:15:00-04:00,19783,EXPIRED_UNTOUCHED_8H,1628
IFVG2-004056,15,bullish,2026-06-24 16:15:00-04:00,False,1628,2026-06-25 00:15:00-04:00,19783,EXPIRED_UNTOUCHED_8H,1628
IFVG2-004057,15,bearish,2026-06-24 20:45:00-04:00,False,1633,2026-06-25 01:30:00-04:00,19858,DEACTIVATED_CLOSE_THROUGH,1633
IFVG2-004058,15,bearish,2026-06-25 05:00:00-04:00,False,1650,2026-06-25 05:45:00-04:00,20113,DEACTIVATED_CLOSE_THROUGH,1650
IFVG2-004059,15,bullish,2026-06-25 06:15:00-04:00,False,1653,2026-06-25 06:30:00-04:00,20158,DEACTIVATED_OVERSHOOT_LIMIT,1653
IFVG2-004060,15,bearish,2026-06-25 09:45:00-04:00,False,1696,2026-06-25 18:15:00-04:00,20803,EXPIRED_UNTOUCHED_8H,1696
IFVG2-004061,15,bearish,2026-06-25 18:15:00-04:00,False,1701,2026-06-25 19:30:00-04:00,20878,DEACTIVATED_CLOSE_THROUGH,1701
IFVG2-004062,15,bullish,2026-06-25 19:30:00-04:00,False,1703,2026-06-25 20:00:00-04:00,20908,DEACTIVATED_CLOSE_THROUGH,1703
IFVG2-004063,15,bullish,2026-06-25 19:30:00-04:00,False,1703,2026-06-25 20:00:00-04:00,20908,DEACTIVATED_OVERSHOOT_LIMIT,1703
IFVG2-004064,15,bullish,2026-06-26 00:00:00-04:00,False,1723,2026-06-26 01:00:00-04:00,21208,DEACTIVATED_OVERSHOOT_LIMIT,1723
IFVG2-004065,15,bullish,2026-06-26 02:45:00-04:00,False,1739,2026-06-26 05:00:00-04:00,21448,DEACTIVATED_CLOSE_THROUGH,1739
IFVG2-004066,15,bullish,2026-06-26 10:00:00-04:00,False,1783,2026-06-26 16:00:00-04:00,22108,DEACTIVATED_CLOSE_THROUGH,1783
IFVG2-004067,15,bearish,2026-06-26 11:15:00-04:00,False,1765,2026-06-26 11:30:00-04:00,21838,DEACTIVATED_CLOSE_THROUGH,1765
IFVG2-004068,15,bullish,2026-06-29 01:45:00-04:00,False,1850,2026-06-29 09:45:00-04:00,23113,EXPIRED_ACTIVE_8H,1850
IFVG2-004069,15,bullish,2026-06-29 05:30:00-04:00,False,1834,2026-06-29 05:45:00-04:00,22873,DEACTIVATED_CLOSE_THROUGH,1834
IFVG2-004070,15,bearish,2026-06-30 01:45:00-04:00,False,1911,2026-06-30 02:00:00-04:00,24028,DEACTIVATED_CLOSE_THROUGH,1911
IFVG2-004071,15,bullish,2026-06-30 09:45:00-04:00,False,1972,2026-06-30 18:15:00-04:00,24943,EXPIRED_UNTOUCHED_8H,1972
IFVG2-004072,15,bullish,2026-07-01 11:15:00-04:00,False,2043,2026-07-01 12:00:00-04:00,26008,DEACTIVATED_OVERSHOOT_LIMIT,2043
IFVG2-004073,15,bullish,2026-07-01 21:15:00-04:00,False,2090,2026-07-02 00:45:00-04:00,26713,DEACTIVATED_CLOSE_THROUGH,2090
IFVG2-004074,15,bearish,2026-07-02 06:15:00-04:00,False,2114,2026-07-02 06:45:00-04:00,27073,DEACTIVATED_CLOSE_THROUGH,2114
IFVG2-004075,15,bullish,2026-07-02 07:45:00-04:00,False,2129,2026-07-02 10:30:00-04:00,27298,DEACTIVATED_CLOSE_THROUGH,2129
IFVG2-004076,15,bullish,2026-07-02 08:15:00-04:00,False,2126,2026-07-02 09:45:00-04:00,27253,DEACTIVATED_OVERSHOOT_LIMIT,2126
IFVG2-004077,15,bearish,2026-07-02 10:30:00-04:00,False,2130,2026-07-02 10:45:00-04:00,27313,DEACTIVATED_OVERSHOOT_LIMIT,2130
IFVG2-004078,15,bullish,2026-07-02 14:15:00-04:00,False,2148,2026-07-02 15:15:00-04:00,27583,DEACTIVATED_OVERSHOOT_LIMIT,2148
IFVG2-004079,15,bullish,2026-07-05 23:15:00-04:00,False,2254,2026-07-05 23:45:00-04:00,29172,DEACTIVATED_CLOSE_THROUGH,2254
IFVG2-004080,15,bearish,2026-07-06 00:00:00-04:00,False,2256,2026-07-06 00:15:00-04:00,29202,DEACTIVATED_CLOSE_THROUGH,2256
IFVG2-004081,15,bearish,2026-07-06 01:30:00-04:00,False,2262,2026-07-06 01:45:00-04:00,29292,DEACTIVATED_OVERSHOOT_LIMIT,2262
IFVG2-004082,15,bullish,2026-07-06 14:15:00-04:00,False,2319,2026-07-06 16:00:00-04:00,30147,DEACTIVATED_OVERSHOOT_LIMIT,2319
IFVG2-004083,15,bullish,2026-07-07 12:15:00-04:00,False,2408,2026-07-07 15:15:00-04:00,31482,DEACTIVATED_CLOSE_THROUGH,2408
IFVG2-004084,15,bearish,2026-07-07 15:15:00-04:00,False,2425,2026-07-07 20:30:00-04:00,31737,DEACTIVATED_CLOSE_THROUGH,2425
IFVG2-004085,15,bullish,2026-07-07 16:00:00-04:00,False,2416,2026-07-07 18:15:00-04:00,31602,DEACTIVATED_OVERSHOOT_LIMIT,2416
IFVG2-004086,15,bullish,2026-07-07 20:30:00-04:00,False,2432,2026-07-07 22:15:00-04:00,31842,DEACTIVATED_CLOSE_THROUGH,2432
IFVG2-004087,15,bullish,2026-07-07 20:45:00-04:00,False,2430,2026-07-07 21:45:00-04:00,31812,DEACTIVATED_CLOSE_THROUGH,2430
IFVG2-004088,15,bearish,2026-07-07 21:45:00-04:00,False,2437,2026-07-07 23:30:00-04:00,31917,DEACTIVATED_CLOSE_THROUGH,2437
IFVG2-004089,15,bearish,2026-07-08 00:00:00-04:00,False,2471,2026-07-08 08:00:00-04:00,32427,EXPIRED_UNTOUCHED_8H,2471
IFVG2-004090,15,bearish,2026-07-08 00:15:00-04:00,False,2441,2026-07-08 00:30:00-04:00,31977,DEACTIVATED_OVERSHOOT_LIMIT,2441
IFVG2-004091,15,bullish,2026-07-08 03:45:00-04:00,False,2456,2026-07-08 04:15:00-04:00,32202,DEACTIVATED_OVERSHOOT_LIMIT,2456
IFVG2-004092,15,bearish,2026-07-08 11:30:00-04:00,False,2486,2026-07-08 11:45:00-04:00,32652,DEACTIVATED_OVERSHOOT_LIMIT,2486
IFVG2-004093,15,bullish,2026-07-08 23:30:00-04:00,False,2561,2026-07-09 07:30:00-04:00,33777,EXPIRED_UNTOUCHED_8H,2561
IFVG2-004094,15,bullish,2026-07-09 08:00:00-04:00,False,2570,2026-07-09 09:45:00-04:00,33912,DEACTIVATED_OVERSHOOT_LIMIT,2570
IFVG2-004095,15,bullish,2026-07-09 21:00:00-04:00,False,2612,2026-07-09 21:15:00-04:00,34542,DEACTIVATED_OVERSHOOT_LIMIT,2612
IFVG2-004096,15,bullish,2026-07-09 23:00:00-04:00,False,2627,2026-07-10 01:00:00-04:00,34767,DEACTIVATED_CLOSE_THROUGH,2627
IFVG2-004097,15,bullish,2026-07-10 00:15:00-04:00,False,2625,2026-07-10 00:30:00-04:00,34737,DEACTIVATED_CLOSE_THROUGH,2625
IFVG2-004098,15,bearish,2026-07-10 01:00:00-04:00,False,2659,2026-07-10 09:00:00-04:00,35247,EXPIRED_ACTIVE_8H,2659
IFVG2-004099,15,bullish,2026-07-10 06:45:00-04:00,False,2654,2026-07-10 07:45:00-04:00,35172,DEACTIVATED_OVERSHOOT_LIMIT,2654
IFVG2-004100,15,bearish,2026-07-12 18:15:00-04:00,False,2700,2026-07-12 20:15:00-04:00,35862,DEACTIVATED_CLOSE_THROUGH,2700
IFVG2-004101,15,bearish,2026-07-12 18:15:00-04:00,False,2700,2026-07-12 20:15:00-04:00,35862,DEACTIVATED_CLOSE_THROUGH,2700
IFVG2-004102,15,bullish,2026-07-13 01:15:00-04:00,False,2721,2026-07-13 01:30:00-04:00,36177,DEACTIVATED_CLOSE_THROUGH,2721
IFVG2-004103,15,bullish,2026-07-13 05:00:00-04:00,False,2748,2026-07-13 08:15:00-04:00,36582,DEACTIVATED_OVERSHOOT_LIMIT,2748
IFVG2-004104,15,bullish,2026-07-13 22:45:00-04:00,False,2803,2026-07-13 23:00:00-04:00,37407,DEACTIVATED_CLOSE_THROUGH,2803
IFVG2-004105,15,bullish,2026-07-14 12:45:00-04:00,False,2859,2026-07-14 13:00:00-04:00,38247,DEACTIVATED_OVERSHOOT_LIMIT,2859
IFVG2-004106,15,bullish,2026-07-14 19:30:00-04:00,False,2884,2026-07-14 20:15:00-04:00,38622,DEACTIVATED_OVERSHOOT_LIMIT,2884
IFVG2-004107,15,bearish,2026-07-15 03:30:00-04:00,False,2945,2026-07-15 11:30:00-04:00,39537,EXPIRED_UNTOUCHED_8H,2945
IFVG2-004108,15,bearish,2026-07-15 06:00:00-04:00,False,2924,2026-07-15 06:15:00-04:00,39222,DEACTIVATED_CLOSE_THROUGH,2924
IFVG2-004109,15,bullish,2026-07-15 08:45:00-04:00,False,2938,2026-07-15 09:45:00-04:00,39432,DEACTIVATED_CLOSE_THROUGH,2938
IFVG2-004110,15,bullish,2026-07-15 13:30:00-04:00,False,2981,2026-07-15 21:30:00-04:00,40077,EXPIRED_UNTOUCHED_8H,2981
IFVG2-004111,15,bearish,2026-07-15 15:00:00-04:00,False,2962,2026-07-15 15:45:00-04:00,39792,DEACTIVATED_CLOSE_THROUGH,2962
IFVG2-004112,15,bearish,2026-07-16 01:45:00-04:00,False,3001,2026-07-16 02:30:00-04:00,40377,DEACTIVATED_OVERSHOOT_LIMIT,3001
IFVG2-004113,15,bearish,2026-07-16 06:00:00-04:00,False,3047,2026-07-16 14:00:00-04:00,41067,EXPIRED_UNTOUCHED_8H,3047
IFVG2-004114,15,bearish,2026-07-16 09:45:00-04:00,False,3032,2026-07-16 10:15:00-04:00,40842,DEACTIVATED_CLOSE_THROUGH,3032
IFVG2-004115,15,bearish,2026-07-16 11:15:00-04:00,False,3037,2026-07-16 11:30:00-04:00,40917,DEACTIVATED_CLOSE_THROUGH,3037
IFVG2-004116,15,bullish,2026-07-16 16:00:00-04:00,False,3056,2026-07-16 16:15:00-04:00,41202,DEACTIVATED_CLOSE_THROUGH,3056
IFVG2-004117,15,bullish,2026-07-16 16:00:00-04:00,False,3056,2026-07-16 16:15:00-04:00,41202,DEACTIVATED_CLOSE_THROUGH,3056
IFVG2-004118,15,bullish,2026-07-17 02:30:00-04:00,False,3094,2026-07-17 02:45:00-04:00,41772,DEACTIVATED_OVERSHOOT_LIMIT,3094
IFVG2-004119,15,bullish,2026-07-17 05:15:00-04:00,False,3121,2026-07-17 09:30:00-04:00,42177,DEACTIVATED_CLOSE_THROUGH,3121
IFVG2-004120,15,bullish,2026-07-17 05:30:00-04:00,False,3106,2026-07-17 05:45:00-04:00,41952,DEACTIVATED_OVERSHOOT_LIMIT,3106
IFVG2-004121,15,bullish,2026-07-17 11:45:00-04:00,False,3145,2026-07-17 15:30:00-04:00,42537,DEACTIVATED_OVERSHOOT_LIMIT,3145
IFVG2-004122,30,bearish,2026-06-01 20:30:00-04:00,False,49,2026-06-02 02:20:00-04:00,577,DEACTIVATED_CLOSE_THROUGH,49
IFVG2-004123,30,bullish,2026-06-02 01:30:00-04:00,False,63,2026-06-02 09:30:00-04:00,683,EXPIRED_UNTOUCHED_8H,63
IFVG2-004124,30,bullish,2026-06-02 01:30:00-04:00,False,63,2026-06-02 09:30:00-04:00,683,EXPIRED_UNTOUCHED_8H,63
IFVG2-004125,30,bearish,2026-06-02 13:56:00-04:00,False,75,2026-06-02 15:29:00-04:00,910,DEACTIVATED_CLOSE_THROUGH,75
IFVG2-004126,30,bearish,2026-06-02 19:30:00-04:00,False,82,2026-06-02 19:59:00-04:00,989,DEACTIVATED_CLOSE_THROUGH,82
IFVG2-004127,30,bullish,2026-06-04 00:27:00-04:00,False,145,2026-06-04 04:27:00-04:00,1745,DEACTIVATED_CLOSE_THROUGH,145
IFVG2-004128,30,bearish,2026-06-04 16:00:00-04:00,False,182,2026-06-05 00:00:00-04:00,2379,EXPIRED_UNTOUCHED_8H,182
IFVG2-004129,30,bearish,2026-06-04 16:00:00-04:00,False,182,2026-06-05 00:00:00-04:00,2379,EXPIRED_UNTOUCHED_8H,182
IFVG2-004130,30,bearish,2026-06-04 18:26:00-04:00,False,172,2026-06-04 18:59:00-04:00,2264,DEACTIVATED_CLOSE_THROUGH,172
IFVG2-004131,30,bullish,2026-06-04 21:58:00-04:00,False,187,2026-06-05 02:30:00-04:00,2430,DEACTIVATED_CLOSE_THROUGH,187
IFVG2-004132,30,bullish,2026-06-05 01:00:00-04:00,False,186,2026-06-05 01:59:00-04:00,2412,DEACTIVATED_CLOSE_THROUGH,186
IFVG2-004133,30,bullish,2026-06-05 04:00:00-04:00,False,199,2026-06-05 08:30:00-04:00,2577,DEACTIVATED_CLOSE_THROUGH,199
IFVG2-004134,30,bullish,2026-06-05 04:27:00-04:00,False,197,2026-06-05 07:30:00-04:00,2552,DEACTIVATED_OVERSHOOT_LIMIT,197
IFVG2-004135,30,bearish,2026-06-08 01:59:00-04:00,False,233,2026-06-08 02:30:00-04:00,3393,DEACTIVATED_CLOSE_THROUGH,233
IFVG2-004136,30,bullish,2026-06-08 02:30:00-04:00,False,234,2026-06-08 03:00:00-04:00,3411,DEACTIVATED_OVERSHOOT_LIMIT,234
IFVG2-004137,30,bullish,2026-06-08 03:30:00-04:00,False,251,2026-06-08 11:30:00-04:00,3798,EXPIRED_ACTIVE_8H,251
IFVG2-004138,30,bullish,2026-06-08 03:30:00-04:00,False,251,2026-06-08 11:30:00-04:00,3798,EXPIRED_ACTIVE_8H,251
IFVG2-004139,30,bearish,2026-06-08 10:00:00-04:00,False,249,2026-06-08 10:30:00-04:00,3738,DEACTIVATED_CLOSE_THROUGH,249
IFVG2-004140,30,bullish,2026-06-08 21:29:00-04:00,False,286,2026-06-09 05:57:00-04:00,4406,EXPIRED_UNTOUCHED_8H,286
IFVG2-004141,30,bearish,2026-06-09 03:58:00-04:00,False,283,2026-06-09 04:30:00-04:00,4371,DEACTIVATED_CLOSE_THROUGH,283
IFVG2-004142,30,bullish,2026-06-09 13:30:00-04:00,False,315,2026-06-09 21:30:00-04:00,5087,EXPIRED_UNTOUCHED_8H,315
IFVG2-004143,30,bearish,2026-06-10 11:30:00-04:00,False,357,2026-06-10 19:30:00-04:00,6058,EXPIRED_ACTIVE_8H,357
IFVG2-004144,30,bullish,2026-06-10 21:30:00-04:00,False,362,2026-06-10 22:00:00-04:00,6201,DEACTIVATED_CLOSE_THROUGH,362
IFVG2-004145,30,bullish,2026-06-11 08:00:00-04:00,False,383,2026-06-11 08:30:00-04:00,6738,DEACTIVATED_CLOSE_THROUGH,383
IFVG2-004146,30,bearish,2026-06-12 08:30:00-04:00,False,433,2026-06-12 10:30:00-04:00,8219,DEACTIVATED_OVERSHOOT_LIMIT,433
IFVG2-004147,30,bearish,2026-06-15 18:30:00-04:00,False,494,2026-06-15 19:00:00-04:00,10048,DEACTIVATED_CLOSE_THROUGH,494
IFVG2-004148,30,bearish,2026-06-16 08:30:00-04:00,False,537,2026-06-16 16:30:00-04:00,11338,EXPIRED_UNTOUCHED_8H,537
IFVG2-004149,30,bullish,2026-06-18 08:30:00-04:00,False,616,2026-06-18 10:00:00-04:00,13708,DEACTIVATED_OVERSHOOT_LIMIT,616
IFVG2-004150,30,bullish,2026-06-19 02:00:00-04:00,False,662,2026-06-19 10:00:00-04:00,15088,EXPIRED_UNTOUCHED_8H,662
IFVG2-004151,30,bullish,2026-06-19 02:30:00-04:00,False,648,2026-06-19 03:00:00-04:00,14668,DEACTIVATED_OVERSHOOT_LIMIT,648
IFVG2-004152,30,bullish,2026-06-19 03:00:00-04:00,False,664,2026-06-19 11:00:00-04:00,15148,EXPIRED_ACTIVE_8H,664
IFVG2-004153,30,bullish,2026-06-19 03:30:00-04:00,False,657,2026-06-19 07:30:00-04:00,14938,DEACTIVATED_OVERSHOOT_LIMIT,657
IFVG2-004154,30,bullish,2026-06-19 04:30:00-04:00,False,652,2026-06-19 05:00:00-04:00,14788,DEACTIVATED_OVERSHOOT_LIMIT,652
IFVG2-004155,30,bearish,2026-06-19 06:30:00-04:00,False,660,2026-06-19 09:00:00-04:00,15028,DEACTIVATED_CLOSE_THROUGH,660
IFVG2-004156,30,bullish,2026-06-21 20:30:00-04:00,False,689,2026-06-22 04:30:00-04:00,15898,EXPIRED_UNTOUCHED_8H,689
IFVG2-004157,30,bullish,2026-06-21 21:30:00-04:00,False,679,2026-06-21 23:30:00-04:00,15598,DEACTIVATED_OVERSHOOT_LIMIT,679
IFVG2-004158,30,bullish,2026-06-22 01:30:00-04:00,False,699,2026-06-22 09:30:00-04:00,16198,EXPIRED_ACTIVE_8H,699
IFVG2-004159,30,bearish,2026-06-23 23:00:00-04:00,False,771,2026-06-23 23:30:00-04:00,18358,DEACTIVATED_CLOSE_THROUGH,771
IFVG2-004160,30,bullish,2026-06-24 16:30:00-04:00,False,819,2026-06-25 00:30:00-04:00,19798,EXPIRED_UNTOUCHED_8H,819
IFVG2-004161,30,bullish,2026-06-24 16:30:00-04:00,False,819,2026-06-25 00:30:00-04:00,19798,EXPIRED_UNTOUCHED_8H,819
IFVG2-004162,30,bullish,2026-06-26 02:30:00-04:00,False,883,2026-06-26 09:30:00-04:00,21718,DEACTIVATED_OVERSHOOT_LIMIT,883
IFVG2-004163,30,bullish,2026-06-26 03:00:00-04:00,False,874,2026-06-26 05:00:00-04:00,21448,DEACTIVATED_CLOSE_THROUGH,874
IFVG2-004164,30,bullish,2026-06-26 10:30:00-04:00,False,894,2026-06-26 15:00:00-04:00,22048,DEACTIVATED_OVERSHOOT_LIMIT,894
IFVG2-004165,30,bearish,2026-06-26 16:00:00-04:00,False,899,2026-06-28 18:30:00-04:00,22198,DEACTIVATED_CLOSE_THROUGH,899
IFVG2-004166,30,bearish,2026-06-30 16:00:00-04:00,False,995,2026-06-30 20:30:00-04:00,25078,DEACTIVATED_OVERSHOOT_LIMIT,995
IFVG2-004167,30,bullish,2026-07-01 00:00:00-04:00,False,1003,2026-07-01 00:30:00-04:00,25318,DEACTIVATED_CLOSE_THROUGH,1003
IFVG2-004168,30,bearish,2026-07-01 19:30:00-04:00,False,1042,2026-07-01 21:00:00-04:00,26488,DEACTIVATED_CLOSE_THROUGH,1042
IFVG2-004169,30,bullish,2026-07-02 05:00:00-04:00,False,1061,2026-07-02 06:30:00-04:00,27058,DEACTIVATED_OVERSHOOT_LIMIT,1061
IFVG2-004170,30,bearish,2026-07-05 20:30:00-04:00,False,1126,2026-07-05 21:00:00-04:00,29007,DEACTIVATED_OVERSHOOT_LIMIT,1126
IFVG2-004171,30,bullish,2026-07-05 23:30:00-04:00,False,1132,2026-07-06 00:00:00-04:00,29187,DEACTIVATED_CLOSE_THROUGH,1132
IFVG2-004172,30,bullish,2026-07-07 12:30:00-04:00,False,1209,2026-07-07 15:30:00-04:00,31497,DEACTIVATED_CLOSE_THROUGH,1209
IFVG2-004173,30,bearish,2026-07-07 15:30:00-04:00,False,1210,2026-07-07 16:00:00-04:00,31527,DEACTIVATED_CLOSE_THROUGH,1210
IFVG2-004174,30,bearish,2026-07-07 15:30:00-04:00,False,1218,2026-07-07 21:00:00-04:00,31767,DEACTIVATED_CLOSE_THROUGH,1218
IFVG2-004175,30,bearish,2026-07-07 18:30:00-04:00,False,1217,2026-07-07 20:30:00-04:00,31737,DEACTIVATED_CLOSE_THROUGH,1217
IFVG2-004176,30,bullish,2026-07-07 21:00:00-04:00,False,1221,2026-07-07 22:30:00-04:00,31857,DEACTIVATED_OVERSHOOT_LIMIT,1221
IFVG2-004177,30,bullish,2026-07-07 23:30:00-04:00,False,1225,2026-07-08 00:30:00-04:00,31977,DEACTIVATED_CLOSE_THROUGH,1225
IFVG2-004178,30,bullish,2026-07-08 04:00:00-04:00,False,1233,2026-07-08 04:30:00-04:00,32217,DEACTIVATED_CLOSE_THROUGH,1233
IFVG2-004179,30,bullish,2026-07-08 08:00:00-04:00,False,1256,2026-07-08 16:00:00-04:00,32907,EXPIRED_ACTIVE_8H,1256
IFVG2-004180,30,bullish,2026-07-08 12:30:00-04:00,False,1263,2026-07-08 20:30:00-04:00,33117,EXPIRED_UNTOUCHED_8H,1263
IFVG2-004181,30,bearish,2026-07-08 22:00:00-04:00,False,1267,2026-07-08 22:30:00-04:00,33237,DEACTIVATED_CLOSE_THROUGH,1267
IFVG2-004182,30,bearish,2026-07-10 08:00:00-04:00,False,1333,2026-07-10 08:30:00-04:00,35217,DEACTIVATED_CLOSE_THROUGH,1333
IFVG2-004183,30,bearish,2026-07-10 08:00:00-04:00,False,1333,2026-07-10 08:30:00-04:00,35217,DEACTIVATED_CLOSE_THROUGH,1333
IFVG2-004184,30,bearish,2026-07-14 10:30:00-04:00,False,1430,2026-07-14 11:00:00-04:00,38127,DEACTIVATED_CLOSE_THROUGH,1430
IFVG2-004185,30,bullish,2026-07-14 19:30:00-04:00,False,1461,2026-07-15 03:30:00-04:00,39057,EXPIRED_ACTIVE_8H,1461
IFVG2-004186,30,bullish,2026-07-16 05:30:00-04:00,False,1512,2026-07-16 06:00:00-04:00,40587,DEACTIVATED_CLOSE_THROUGH,1512
IFVG2-004187,30,bullish,2026-07-16 23:30:00-04:00,False,1546,2026-07-17 00:00:00-04:00,41607,DEACTIVATED_CLOSE_THROUGH,1546
IFVG2-004188,30,bullish,2026-07-16 23:30:00-04:00,False,1546,2026-07-17 00:00:00-04:00,41607,DEACTIVATED_CLOSE_THROUGH,1546
IFVG2-004189,30,bearish,2026-07-17 08:30:00-04:00,False,1567,2026-07-17 10:30:00-04:00,42237,DEACTIVATED_CLOSE_THROUGH,1567
IFVG2-004190,30,bullish,2026-07-17 10:30:00-04:00,False,1569,2026-07-17 11:30:00-04:00,42297,DEACTIVATED_OVERSHOOT_LIMIT,1569
IFVG2-004191,60,bullish,2026-06-01 13:00:00-04:00,False,17,2026-06-01 18:59:00-04:00,462,DEACTIVATED_CLOSE_THROUGH,17
IFVG2-004192,60,bearish,2026-06-01 20:50:00-04:00,False,24,2026-06-02 01:45:00-04:00,571,DEACTIVATED_CLOSE_THROUGH,24
IFVG2-004193,60,bullish,2026-06-02 01:45:00-04:00,False,64,2026-06-03 19:55:00-04:00,1615,DEACTIVATED_OVERSHOOT_LIMIT,64
IFVG2-004194,60,bullish,2026-06-02 02:58:00-04:00,False,32,2026-06-02 10:00:00-04:00,709,DEACTIVATED_OVERSHOOT_LIMIT,32
IFVG2-004195,60,bullish,2026-06-02 10:59:00-04:00,False,55,2026-06-03 10:00:00-04:00,1251,DEACTIVATED_CLOSE_THROUGH,55
IFVG2-004196,60,bearish,2026-06-04 16:59:00-04:00,False,239,2026-06-15 10:00:00-04:00,9568,DEACTIVATED_OVERSHOOT_LIMIT,239
IFVG2-004197,60,bearish,2026-06-05 08:00:00-04:00,False,226,2026-06-14 21:00:00-04:00,8788,DEACTIVATED_OVERSHOOT_LIMIT,226
IFVG2-004198,60,bullish,2026-06-07 21:00:00-04:00,False,112,2026-06-07 21:58:00-04:00,3253,DEACTIVATED_OVERSHOOT_LIMIT,112
IFVG2-004199,60,bearish,2026-06-08 01:59:00-04:00,False,117,2026-06-08 03:00:00-04:00,3411,DEACTIVATED_CLOSE_THROUGH,117
IFVG2-004200,60,bullish,2026-06-08 03:59:00-04:00,False,148,2026-06-09 11:00:00-04:00,4601,DEACTIVATED_OVERSHOOT_LIMIT,148
IFVG2-004201,60,bullish,2026-06-08 08:00:00-04:00,False,148,2026-06-09 11:00:00-04:00,4601,DEACTIVATED_OVERSHOOT_LIMIT,148
IFVG2-004202,60,bullish,2026-06-08 11:00:00-04:00,False,130,2026-06-08 16:00:00-04:00,4054,DEACTIVATED_CLOSE_THROUGH,130
IFVG2-004203,60,bearish,2026-06-09 03:58:00-04:00,False,142,2026-06-09 04:59:00-04:00,4389,DEACTIVATED_CLOSE_THROUGH,142
IFVG2-004204,60,bearish,2026-06-09 11:00:00-04:00,False,199,2026-06-11 16:00:00-04:00,7188,DEACTIVATED_CLOSE_THROUGH,199
IFVG2-004205,60,bearish,2026-06-09 11:00:00-04:00,False,203,2026-06-11 21:00:00-04:00,7409,DEACTIVATED_CLOSE_THROUGH,203
IFVG2-004206,60,bullish,2026-06-09 16:00:00-04:00,False,165,2026-06-10 05:00:00-04:00,5335,DEACTIVATED_CLOSE_THROUGH,165
IFVG2-004207,60,bearish,2026-06-09 19:00:00-04:00,False,156,2026-06-09 20:00:00-04:00,5013,DEACTIVATED_OVERSHOOT_LIMIT,156
IFVG2-004208,60,bullish,2026-06-10 21:00:00-04:00,False,775,2026-07-17 02:00:00-04:00,41727,DEACTIVATED_OVERSHOOT_LIMIT,775
IFVG2-004209,60,bullish,2026-06-10 22:00:00-04:00,False,774,2026-07-17 01:00:00-04:00,41667,DEACTIVATED_CLOSE_THROUGH,774
IFVG2-004210,60,bearish,2026-06-12 09:00:00-04:00,False,216,2026-06-12 10:00:00-04:00,8189,DEACTIVATED_OVERSHOOT_LIMIT,216
IFVG2-004211,60,bullish,2026-06-15 10:00:00-04:00,False,263,2026-06-16 11:00:00-04:00,11008,DEACTIVATED_CLOSE_THROUGH,263
IFVG2-004212,60,bullish,2026-06-15 10:00:00-04:00,False,264,2026-06-16 12:00:00-04:00,11068,DEACTIVATED_CLOSE_THROUGH,264
IFVG2-004213,60,bullish,2026-06-15 12:00:00-04:00,False,247,2026-06-15 19:00:00-04:00,10048,DEACTIVATED_OVERSHOOT_LIMIT,247
IFVG2-004214,60,bullish,2026-06-16 22:00:00-04:00,False,286,2026-06-17 11:00:00-04:00,12388,DEACTIVATED_OVERSHOOT_LIMIT,286
IFVG2-004215,60,bearish,2026-06-17 05:00:00-04:00,False,285,2026-06-17 10:00:00-04:00,12328,DEACTIVATED_OVERSHOOT_LIMIT,285
IFVG2-004216,60,bearish,2026-06-17 16:00:00-04:00,False,293,2026-06-17 19:00:00-04:00,12808,DEACTIVATED_CLOSE_THROUGH,293
IFVG2-004217,60,bullish,2026-06-19 04:00:00-04:00,False,326,2026-06-19 05:00:00-04:00,14788,DEACTIVATED_OVERSHOOT_LIMIT,326
IFVG2-004218,60,bullish,2026-06-19 04:00:00-04:00,False,335,2026-06-21 19:00:00-04:00,15328,DEACTIVATED_CLOSE_THROUGH,335
IFVG2-004219,60,bearish,2026-06-21 19:00:00-04:00,False,338,2026-06-21 22:00:00-04:00,15508,DEACTIVATED_OVERSHOOT_LIMIT,338
IFVG2-004220,60,bullish,2026-06-22 02:00:00-04:00,False,360,2026-06-22 21:00:00-04:00,16828,DEACTIVATED_OVERSHOOT_LIMIT,360
IFVG2-004221,60,bearish,2026-06-22 11:00:00-04:00,False,790,2026-07-17 17:00:00-04:00,42627,DATA_END_ACTIVE,790
IFVG2-004222,60,bearish,2026-06-23 01:00:00-04:00,False,488,2026-06-30 10:00:00-04:00,24508,DEACTIVATED_CLOSE_THROUGH,488
IFVG2-004223,60,bearish,2026-06-23 02:00:00-04:00,False,418,2026-06-25 09:00:00-04:00,20308,DEACTIVATED_OVERSHOOT_LIMIT,418
IFVG2-004224,60,bearish,2026-06-24 04:00:00-04:00,False,391,2026-06-24 05:00:00-04:00,18688,DEACTIVATED_CLOSE_THROUGH,391
IFVG2-004225,60,bearish,2026-06-24 04:00:00-04:00,False,391,2026-06-24 05:00:00-04:00,18688,DEACTIVATED_CLOSE_THROUGH,391
IFVG2-004226,60,bullish,2026-06-24 17:00:00-04:00,False,404,2026-06-24 19:00:00-04:00,19468,DEACTIVATED_CLOSE_THROUGH,404
IFVG2-004227,60,bullish,2026-06-24 17:00:00-04:00,False,419,2026-06-25 10:00:00-04:00,20368,DEACTIVATED_CLOSE_THROUGH,419
IFVG2-004228,60,bullish,2026-06-24 17:00:00-04:00,False,419,2026-06-25 10:00:00-04:00,20368,DEACTIVATED_CLOSE_THROUGH,419
IFVG2-004229,60,bearish,2026-06-25 10:00:00-04:00,False,475,2026-06-29 21:00:00-04:00,23728,DEACTIVATED_OVERSHOOT_LIMIT,475
IFVG2-004230,60,bearish,2026-06-26 05:00:00-04:00,False,438,2026-06-26 06:00:00-04:00,21508,DEACTIVATED_OVERSHOOT_LIMIT,438
IFVG2-004231,60,bullish,2026-06-30 10:00:00-04:00,False,510,2026-07-01 09:00:00-04:00,25828,DEACTIVATED_OVERSHOOT_LIMIT,510
IFVG2-004232,60,bullish,2026-07-01 19:00:00-04:00,False,520,2026-07-01 20:00:00-04:00,26428,DEACTIVATED_CLOSE_THROUGH,520
IFVG2-004233,60,bearish,2026-07-02 01:00:00-04:00,False,533,2026-07-02 09:00:00-04:00,27208,DEACTIVATED_CLOSE_THROUGH,533
IFVG2-004234,60,bearish,2026-07-02 03:00:00-04:00,False,529,2026-07-02 05:00:00-04:00,26968,DEACTIVATED_CLOSE_THROUGH,529
IFVG2-004235,60,bearish,2026-07-02 11:00:00-04:00,False,577,2026-07-06 11:00:00-04:00,29847,DEACTIVATED_CLOSE_THROUGH,577
IFVG2-004236,60,bearish,2026-07-02 12:00:00-04:00,False,550,2026-07-03 03:00:00-04:00,28228,DEACTIVATED_CLOSE_THROUGH,550
IFVG2-004237,60,bullish,2026-07-02 19:00:00-04:00,False,599,2026-07-07 10:00:00-04:00,31167,DEACTIVATED_CLOSE_THROUGH,599
IFVG2-004238,60,bullish,2026-07-02 23:00:00-04:00,False,589,2026-07-07 00:00:00-04:00,30567,DEACTIVATED_CLOSE_THROUGH,589
IFVG2-004239,60,bearish,2026-07-05 22:00:00-04:00,False,567,2026-07-06 01:00:00-04:00,29247,DEACTIVATED_CLOSE_THROUGH,567
IFVG2-004240,60,bullish,2026-07-06 03:00:00-04:00,False,571,2026-07-06 05:00:00-04:00,29487,DEACTIVATED_OVERSHOOT_LIMIT,571
IFVG2-004241,60,bullish,2026-07-08 04:00:00-04:00,False,617,2026-07-08 05:00:00-04:00,32247,DEACTIVATED_CLOSE_THROUGH,617
IFVG2-004242,60,bearish,2026-07-08 12:00:00-04:00,False,625,2026-07-08 13:00:00-04:00,32727,DEACTIVATED_CLOSE_THROUGH,625
IFVG2-004243,60,bearish,2026-07-08 22:00:00-04:00,False,634,2026-07-08 23:00:00-04:00,33267,DEACTIVATED_OVERSHOOT_LIMIT,634
IFVG2-004244,60,bullish,2026-07-09 10:00:00-04:00,False,646,2026-07-09 11:00:00-04:00,33987,DEACTIVATED_CLOSE_THROUGH,646
IFVG2-004245,60,bullish,2026-07-09 14:00:00-04:00,False,651,2026-07-09 16:00:00-04:00,34287,DEACTIVATED_OVERSHOOT_LIMIT,651
IFVG2-004246,60,bullish,2026-07-10 07:00:00-04:00,False,666,2026-07-10 08:00:00-04:00,35187,DEACTIVATED_CLOSE_THROUGH,666
IFVG2-004247,60,bullish,2026-07-10 10:00:00-04:00,False,669,2026-07-10 11:00:00-04:00,35367,DEACTIVATED_CLOSE_THROUGH,669
IFVG2-004248,60,bearish,2026-07-12 19:00:00-04:00,False,678,2026-07-12 21:00:00-04:00,35907,DEACTIVATED_OVERSHOOT_LIMIT,678
IFVG2-004249,60,bullish,2026-07-13 05:00:00-04:00,False,687,2026-07-13 06:00:00-04:00,36447,DEACTIVATED_OVERSHOOT_LIMIT,687
IFVG2-004250,60,bullish,2026-07-13 05:00:00-04:00,False,690,2026-07-13 09:00:00-04:00,36627,DEACTIVATED_OVERSHOOT_LIMIT,690
IFVG2-004251,60,bearish,2026-07-17 04:00:00-04:00,False,784,2026-07-17 11:00:00-04:00,42267,DEACTIVATED_OVERSHOOT_LIMIT,784
IFVG2-004252,60,bullish,2026-07-17 12:00:00-04:00,False,788,2026-07-17 15:00:00-04:00,42507,DEACTIVATED_OVERSHOOT_LIMIT,788
