week,variant_id,trigger_ts,structure_id,activation_ts,deactivation_ts,deactivation_reason,exclusion_reason
historical,EP-00012-ENTRY_ON_TAP,2026-06-01 03:55:00-04:00,IFVG2-003941,2026-06-01 01:29:00-04:00,2026-06-01 02:14:00-04:00,DEACTIVATED_CLOSE_THROUGH,inactive_or_traversed
historical,EP-00015-ENTRY_ON_FIRST_CLOSE_OUTSIDE,2026-06-01 04:45:00-04:00,IFVG2-003941,2026-06-01 01:29:00-04:00,2026-06-01 02:14:00-04:00,DEACTIVATED_CLOSE_THROUGH,inactive_or_traversed
historical,EP-00016-ENTRY_ON_FIRST_CLOSE_OUTSIDE,2026-06-01 04:50:00-04:00,IFVG2-003941,2026-06-01 01:29:00-04:00,2026-06-01 02:14:00-04:00,DEACTIVATED_CLOSE_THROUGH,inactive_or_traversed
historical,EP-00017-ENTRY_ON_FIRST_CLOSE_OUTSIDE,2026-06-01 04:50:00-04:00,IFVG2-003941,2026-06-01 01:29:00-04:00,2026-06-01 02:14:00-04:00,DEACTIVATED_CLOSE_THROUGH,inactive_or_traversed
historical,EP-00022-ENTRY_ON_FIRST_CLOSE_OUTSIDE,2026-06-01 06:11:00-04:00,IFVG2-003942,2026-06-01 05:40:00-04:00,2026-06-01 11:45:00-04:00,DEACTIVATED_CLOSE_THROUGH,behind_entry
historical,EP-00026-ENTRY_ON_TAP,2026-06-01 06:21:00-04:00,IFVG2-003943,2026-06-01 06:15:00-04:00,2026-06-01 08:13:00-04:00,DEACTIVATED_CLOSE_THROUGH,behind_entry
historical,EP-00028-ENTRY_ON_TAP,2026-06-01 06:11:00-04:00,IFVG2-003942,2026-06-01 05:40:00-04:00,2026-06-01 11:45:00-04:00,DEACTIVATED_CLOSE_THROUGH,behind_entry
historical,EP-00029-ENTRY_ON_IFVG_RETEST,2026-06-01 06:14:00-04:00,IFVG2-003942,2026-06-01 05:40:00-04:00,2026-06-01 11:45:00-04:00,DEACTIVATED_CLOSE_THROUGH,component
historical,EP-00034-ENTRY_ON_TAP,2026-06-01 07:00:00-04:00,IFVG2-003942,2026-06-01 05:40:00-04:00,2026-06-01 11:45:00-04:00,DEACTIVATED_CLOSE_THROUGH,behind_entry
historical,EP-00278-ENTRY_ON_TAP,2026-06-01 12:58:00-04:00,IFVG2-003941,2026-06-01 01:29:00-04:00,2026-06-01 02:14:00-04:00,DEACTIVATED_CLOSE_THROUGH,same_direction
historical,EP-00278-ENTRY_ON_FIRST_CLOSE_OUTSIDE,2026-06-01 13:04:00-04:00,IFVG2-004191,2026-06-01 13:00:00-04:00,2026-06-01 18:59:00-04:00,DEACTIVATED_CLOSE_THROUGH,behind_entry
historical,EP-00282-ENTRY_ON_FIRST_CLOSE_OUTSIDE,2026-06-01 13:04:00-04:00,IFVG2-004191,2026-06-01 13:00:00-04:00,2026-06-01 18:59:00-04:00,DEACTIVATED_CLOSE_THROUGH,behind_entry
historical,EP-00282-ENTRY_ON_DELAYED_DISPLACEMENT,2026-06-01 13:04:00-04:00,IFVG2-004191,2026-06-01 13:00:00-04:00,2026-06-01 18:59:00-04:00,DEACTIVATED_CLOSE_THROUGH,behind_entry
historical,EP-00283-ENTRY_ON_FIRST_CLOSE_OUTSIDE,2026-06-01 13:04:00-04:00,IFVG2-004191,2026-06-01 13:00:00-04:00,2026-06-01 18:59:00-04:00,DEACTIVATED_CLOSE_THROUGH,behind_entry
historical,EP-00283-ENTRY_ON_DELAYED_DISPLACEMENT,2026-06-01 13:04:00-04:00,IFVG2-004191,2026-06-01 13:00:00-04:00,2026-06-01 18:59:00-04:00,DEACTIVATED_CLOSE_THROUGH,behind_entry
historical,EP-00347-ENTRY_ON_IFVG_RETEST,2026-06-01 15:51:00-04:00,IFVG2-003941,2026-06-01 01:29:00-04:00,2026-06-01 02:14:00-04:00,DEACTIVATED_CLOSE_THROUGH,inactive_or_traversed
historical,EP-00347-ENTRY_ON_IFVG_RETEST,2026-06-01 15:51:00-04:00,IFVG2-002487,2026-06-01 13:30:00-04:00,2026-06-01 16:47:00-04:00,DEACTIVATED_CLOSE_THROUGH,component
historical,EP-00348-ENTRY_ON_IFVG_RETEST,2026-06-01 15:51:00-04:00,IFVG2-003941,2026-06-01 01:29:00-04:00,2026-06-01 02:14:00-04:00,DEACTIVATED_CLOSE_THROUGH,inactive_or_traversed
historical,EP-00348-ENTRY_ON_IFVG_RETEST,2026-06-01 15:51:00-04:00,IFVG2-002487,2026-06-01 13:30:00-04:00,2026-06-01 16:47:00-04:00,DEACTIVATED_CLOSE_THROUGH,component
historical,EP-00348-ENTRY_ON_FIRST_CLOSE_OUTSIDE,2026-06-01 15:54:00-04:00,IFVG2-000013,2026-06-01 13:40:00-04:00,2026-06-01 15:50:00-04:00,DEACTIVATED_CLOSE_THROUGH,same_direction
historical,EP-00348-ENTRY_ON_FIRST_CLOSE_OUTSIDE,2026-06-01 15:54:00-04:00,IFVG2-002487,2026-06-01 13:30:00-04:00,2026-06-01 16:47:00-04:00,DEACTIVATED_CLOSE_THROUGH,component
historical,EP-00349-ENTRY_ON_TAP,2026-06-01 15:54:00-04:00,IFVG2-000013,2026-06-01 13:40:00-04:00,2026-06-01 15:50:00-04:00,DEACTIVATED_CLOSE_THROUGH,same_direction
historical,EP-00358-ENTRY_ON_TAP,2026-06-01 18:00:00-04:00,IFVG2-000009,2026-06-01 12:32:00-04:00,2026-06-01 12:45:00-04:00,DEACTIVATED_CLOSE_THROUGH,same_direction
historical,EP-00366-ENTRY_ON_TAP,2026-06-01 18:00:00-04:00,IFVG2-000009,2026-06-01 12:32:00-04:00,2026-06-01 12:45:00-04:00,DEACTIVATED_CLOSE_THROUGH,same_direction
historical,EP-00366-ENTRY_ON_TAP,2026-06-01 18:00:00-04:00,IFVG2-003403,2026-06-01 12:30:00-04:00,2026-06-01 18:09:00-04:00,DEACTIVATED_CLOSE_THROUGH,component
historical,EP-00369-ENTRY_ON_TAP,2026-06-01 18:00:00-04:00,IFVG2-000009,2026-06-01 12:32:00-04:00,2026-06-01 12:45:00-04:00,DEACTIVATED_CLOSE_THROUGH,same_direction
historical,EP-00377-ENTRY_ON_IFVG_RETEST,2026-06-01 18:14:00-04:00,IFVG2-000018,2026-06-01 18:08:00-04:00,2026-06-02 02:08:00-04:00,EXPIRED_ACTIVE_8H,component
historical,EP-00380-ENTRY_ON_TAP,2026-06-01 18:17:00-04:00,IFVG2-000018,2026-06-01 18:08:00-04:00,2026-06-02 02:08:00-04:00,EXPIRED_ACTIVE_8H,behind_entry
historical,EP-00412-ENTRY_ON_TAP,2026-06-01 21:33:00-04:00,IFVG2-000004,2026-06-01 09:54:00-04:00,2026-06-01 10:16:00-04:00,DEACTIVATED_CLOSE_THROUGH,inactive_or_traversed
historical,EP-00412-ENTRY_ON_TAP,2026-06-01 21:33:00-04:00,IFVG2-002491,2026-06-01 21:24:00-04:00,2026-06-02 00:30:00-04:00,DEACTIVATED_CLOSE_THROUGH,behind_entry
historical,EP-00415-ENTRY_ON_TAP,2026-06-01 21:33:00-04:00,IFVG2-000004,2026-06-01 09:54:00-04:00,2026-06-01 10:16:00-04:00,DEACTIVATED_CLOSE_THROUGH,inactive_or_traversed
historical,EP-00415-ENTRY_ON_TAP,2026-06-01 21:33:00-04:00,IFVG2-002491,2026-06-01 21:24:00-04:00,2026-06-02 00:30:00-04:00,DEACTIVATED_CLOSE_THROUGH,behind_entry
historical,EP-00416-ENTRY_ON_TAP,2026-06-01 21:33:00-04:00,IFVG2-000004,2026-06-01 09:54:00-04:00,2026-06-01 10:16:00-04:00,DEACTIVATED_CLOSE_THROUGH,inactive_or_traversed
historical,EP-00416-ENTRY_ON_TAP,2026-06-01 21:33:00-04:00,IFVG2-002491,2026-06-01 21:24:00-04:00,2026-06-02 00:30:00-04:00,DEACTIVATED_CLOSE_THROUGH,behind_entry
historical,EP-00422-ENTRY_ON_TAP,2026-06-01 22:15:00-04:00,IFVG2-003400,2026-06-01 10:10:00-04:00,2026-06-01 18:15:00-04:00,EXPIRED_ACTIVE_8H,same_direction
historical,EP-00423-ENTRY_ON_TAP,2026-06-01 22:15:00-04:00,IFVG2-003400,2026-06-01 10:10:00-04:00,2026-06-01 18:15:00-04:00,EXPIRED_ACTIVE_8H,same_direction
historical,EP-00460-ENTRY_ON_FIRST_CLOSE_OUTSIDE,2026-06-02 00:39:00-04:00,IFVG2-002485,2026-06-01 10:39:00-04:00,2026-06-01 10:42:00-04:00,DEACTIVATED_CLOSE_THROUGH,same_direction
historical,EP-00461-ENTRY_ON_FIRST_CLOSE_OUTSIDE,2026-06-02 00:39:00-04:00,IFVG2-002485,2026-06-01 10:39:00-04:00,2026-06-01 10:42:00-04:00,DEACTIVATED_CLOSE_THROUGH,same_direction
historical,EP-00480-ENTRY_ON_TAP,2026-06-02 03:34:00-04:00,IFVG2-000009,2026-06-01 12:32:00-04:00,2026-06-01 12:45:00-04:00,DEACTIVATED_CLOSE_THROUGH,inactive_or_traversed
historical,EP-00482-ENTRY_ON_TAP,2026-06-02 03:09:00-04:00,IFVG2-000012,2026-06-01 13:29:00-04:00,2026-06-01 16:46:00-04:00,DEACTIVATED_CLOSE_THROUGH,same_direction
historical,EP-00486-ENTRY_ON_TAP,2026-06-02 03:34:00-04:00,IFVG2-000009,2026-06-01 12:32:00-04:00,2026-06-01 12:45:00-04:00,DEACTIVATED_CLOSE_THROUGH,inactive_or_traversed
historical,EP-00488-ENTRY_ON_FIRST_CLOSE_OUTSIDE,2026-06-02 04:01:00-04:00,IFVG2-000012,2026-06-01 13:29:00-04:00,2026-06-01 16:46:00-04:00,DEACTIVATED_CLOSE_THROUGH,same_direction
historical,EP-00488-ENTRY_ON_COMPRESSION_BREAK,2026-06-02 04:01:00-04:00,IFVG2-000012,2026-06-01 13:29:00-04:00,2026-06-01 16:46:00-04:00,DEACTIVATED_CLOSE_THROUGH,same_direction
historical,EP-00498-ENTRY_ON_TAP,2026-06-02 04:01:00-04:00,IFVG2-000012,2026-06-01 13:29:00-04:00,2026-06-01 16:46:00-04:00,DEACTIVATED_CLOSE_THROUGH,same_direction
historical,EP-00499-ENTRY_ON_TAP,2026-06-02 04:01:00-04:00,IFVG2-000012,2026-06-01 13:29:00-04:00,2026-06-01 16:46:00-04:00,DEACTIVATED_CLOSE_THROUGH,same_direction
historical,EP-00500-ENTRY_ON_TAP,2026-06-02 04:05:00-04:00,IFVG2-003941,2026-06-01 01:29:00-04:00,2026-06-01 02:14:00-04:00,DEACTIVATED_CLOSE_THROUGH,inactive_or_traversed
historical,EP-00506-ENTRY_ON_FIRST_CLOSE_OUTSIDE,2026-06-02 04:21:00-04:00,IFVG2-000012,2026-06-01 13:29:00-04:00,2026-06-01 16:46:00-04:00,DEACTIVATED_CLOSE_THROUGH,inactive_or_traversed
historical,EP-00506-ENTRY_ON_DELAYED_DISPLACEMENT,2026-06-02 04:33:00-04:00,IFVG2-002481,2026-06-01 03:23:00-04:00,2026-06-01 11:24:00-04:00,EXPIRED_UNTOUCHED_8H,same_direction
historical,EP-00509-ENTRY_ON_FIRST_CLOSE_OUTSIDE,2026-06-02 05:40:00-04:00,IFVG2-000012,2026-06-01 13:29:00-04:00,2026-06-01 16:46:00-04:00,DEACTIVATED_CLOSE_THROUGH,inactive_or_traversed
historical,EP-00509-ENTRY_ON_MINIMAL_WICK_REJECTION,2026-06-02 05:40:00-04:00,IFVG2-000012,2026-06-01 13:29:00-04:00,2026-06-01 16:46:00-04:00,DEACTIVATED_CLOSE_THROUGH,inactive_or_traversed
historical,EP-00533-ENTRY_ON_TAP,2026-06-02 07:12:00-04:00,IFVG2-000012,2026-06-01 13:29:00-04:00,2026-06-01 16:46:00-04:00,DEACTIVATED_CLOSE_THROUGH,same_direction
historical,EP-00543-ENTRY_ON_TAP,2026-06-02 07:41:00-04:00,IFVG2-000012,2026-06-01 13:29:00-04:00,2026-06-01 16:46:00-04:00,DEACTIVATED_CLOSE_THROUGH,inactive_or_traversed
historical,EP-00573-ENTRY_ON_COMPRESSION_BREAK,2026-06-02 09:41:00-04:00,IFVG2-000002,2026-06-01 09:37:00-04:00,2026-06-01 09:56:00-04:00,DEACTIVATED_CLOSE_THROUGH,inactive_or_traversed
historical,EP-00573-ENTRY_ON_COMPRESSION_BREAK,2026-06-02 09:41:00-04:00,IFVG2-004193,2026-06-02 01:45:00-04:00,2026-06-03 19:55:00-04:00,DEACTIVATED_OVERSHOOT_LIMIT,behind_entry
historical,EP-00574-ENTRY_ON_COMPRESSION_BREAK,2026-06-02 09:41:00-04:00,IFVG2-000002,2026-06-01 09:37:00-04:00,2026-06-01 09:56:00-04:00,DEACTIVATED_CLOSE_THROUGH,inactive_or_traversed
historical,EP-00574-ENTRY_ON_COMPRESSION_BREAK,2026-06-02 09:41:00-04:00,IFVG2-004193,2026-06-02 01:45:00-04:00,2026-06-03 19:55:00-04:00,DEACTIVATED_OVERSHOOT_LIMIT,behind_entry
historical,EP-00575-ENTRY_ON_COMPRESSION_BREAK,2026-06-02 09:41:00-04:00,IFVG2-000002,2026-06-01 09:37:00-04:00,2026-06-01 09:56:00-04:00,DEACTIVATED_CLOSE_THROUGH,inactive_or_traversed
historical,EP-00575-ENTRY_ON_COMPRESSION_BREAK,2026-06-02 09:41:00-04:00,IFVG2-004193,2026-06-02 01:45:00-04:00,2026-06-03 19:55:00-04:00,DEACTIVATED_OVERSHOOT_LIMIT,behind_entry
historical,EP-00586-ENTRY_ON_TAP,2026-06-02 09:35:00-04:00,IFVG2-003944,2026-06-01 07:11:00-04:00,2026-06-01 11:45:00-04:00,DEACTIVATED_CLOSE_THROUGH,inactive_or_traversed
historical,EP-00588-ENTRY_ON_FIRST_CLOSE_OUTSIDE,2026-06-02 09:37:00-04:00,IFVG2-003943,2026-06-01 06:15:00-04:00,2026-06-01 08:13:00-04:00,DEACTIVATED_CLOSE_THROUGH,same_direction
historical,EP-00588-ENTRY_ON_MINIMAL_WICK_REJECTION,2026-06-02 09:37:00-04:00,IFVG2-003943,2026-06-01 06:15:00-04:00,2026-06-01 08:13:00-04:00,DEACTIVATED_CLOSE_THROUGH,same_direction
historical,EP-00588-ENTRY_ON_IMMEDIATE_DISPLACEMENT,2026-06-02 09:37:00-04:00,IFVG2-003943,2026-06-01 06:15:00-04:00,2026-06-01 08:13:00-04:00,DEACTIVATED_CLOSE_THROUGH,same_direction
historical,EP-00590-ENTRY_ON_IFVG_RETEST,2026-06-02 09:37:00-04:00,IFVG2-003943,2026-06-01 06:15:00-04:00,2026-06-01 08:13:00-04:00,DEACTIVATED_CLOSE_THROUGH,same_direction
historical,EP-00590-ENTRY_ON_IFVG_RETEST,2026-06-02 09:37:00-04:00,IFVG2-004123,2026-06-02 01:30:00-04:00,2026-06-02 09:30:00-04:00,EXPIRED_UNTOUCHED_8H,component
historical,EP-00592-ENTRY_ON_FIRST_CLOSE_OUTSIDE,2026-06-02 09:41:00-04:00,IFVG2-000002,2026-06-01 09:37:00-04:00,2026-06-01 09:56:00-04:00,DEACTIVATED_CLOSE_THROUGH,inactive_or_traversed
historical,EP-00592-ENTRY_ON_FIRST_CLOSE_OUTSIDE,2026-06-02 09:41:00-04:00,IFVG2-004193,2026-06-02 01:45:00-04:00,2026-06-03 19:55:00-04:00,DEACTIVATED_OVERSHOOT_LIMIT,behind_entry
historical,EP-00592-ENTRY_ON_IMMEDIATE_DISPLACEMENT,2026-06-02 09:41:00-04:00,IFVG2-000002,2026-06-01 09:37:00-04:00,2026-06-01 09:56:00-04:00,DEACTIVATED_CLOSE_THROUGH,inactive_or_traversed
historical,EP-00592-ENTRY_ON_IMMEDIATE_DISPLACEMENT,2026-06-02 09:41:00-04:00,IFVG2-004193,2026-06-02 01:45:00-04:00,2026-06-03 19:55:00-04:00,DEACTIVATED_OVERSHOOT_LIMIT,behind_entry
historical,EP-00595-ENTRY_ON_IFVG_RETEST,2026-06-02 09:41:00-04:00,IFVG2-003398,2026-06-01 09:15:00-04:00,2026-06-01 09:40:00-04:00,DEACTIVATED_OVERSHOOT_LIMIT,inactive_or_traversed
historical,EP-00651-ENTRY_ON_IFVG_RETEST,2026-06-02 10:34:00-04:00,IFVG2-000017,2026-06-01 16:08:00-04:00,2026-06-02 00:09:00-04:00,EXPIRED_UNTOUCHED_8H,same_direction
historical,EP-00651-ENTRY_ON_IFVG_RETEST,2026-06-02 10:34:00-04:00,IFVG2-002496,2026-06-02 10:24:00-04:00,2026-06-02 10:45:00-04:00,DEACTIVATED_CLOSE_THROUGH,component
historical,EP-00651-ENTRY_ON_IFVG_RETEST,2026-06-02 10:34:00-04:00,IFVG2-000022,2026-06-02 10:33:00-04:00,2026-06-02 18:46:00-04:00,EXPIRED_ACTIVE_8H,behind_entry
historical,EP-00754-ENTRY_ON_IFVG_RETEST,2026-06-02 12:51:00-04:00,IFVG2-002498,2026-06-02 12:19:00-04:00,2026-06-02 13:03:00-04:00,DEACTIVATED_CLOSE_THROUGH,component
historical,EP-00754-ENTRY_ON_FIRST_CLOSE_OUTSIDE,2026-06-02 12:54:00-04:00,IFVG2-002498,2026-06-02 12:19:00-04:00,2026-06-02 13:03:00-04:00,DEACTIVATED_CLOSE_THROUGH,component
historical,EP-00754-ENTRY_ON_IMMEDIATE_DISPLACEMENT,2026-06-02 12:54:00-04:00,IFVG2-002498,2026-06-02 12:19:00-04:00,2026-06-02 13:03:00-04:00,DEACTIVATED_CLOSE_THROUGH,component
historical,EP-00755-ENTRY_ON_TAP,2026-06-02 12:51:00-04:00,IFVG2-002498,2026-06-02 12:19:00-04:00,2026-06-02 13:03:00-04:00,DEACTIVATED_CLOSE_THROUGH,component
historical,EP-00760-ENTRY_ON_TAP,2026-06-02 13:04:00-04:00,IFVG2-002498,2026-06-02 12:19:00-04:00,2026-06-02 13:03:00-04:00,DEACTIVATED_CLOSE_THROUGH,same_direction
historical,EP-00799-ENTRY_ON_FIRST_CLOSE_OUTSIDE,2026-06-02 15:00:00-04:00,IFVG2-004125,2026-06-02 13:56:00-04:00,2026-06-02 15:29:00-04:00,DEACTIVATED_CLOSE_THROUGH,component
historical,EP-00819-ENTRY_ON_TAP,2026-06-02 15:24:00-04:00,IFVG2-003408,2026-06-02 12:04:00-04:00,2026-06-02 12:10:00-04:00,DEACTIVATED_CLOSE_THROUGH,inactive_or_traversed
historical,EP-00854-ENTRY_ON_IFVG_RETEST,2026-06-02 18:05:00-04:00,IFVG2-000028,2026-06-02 18:02:00-04:00,2026-06-02 18:31:00-04:00,DEACTIVATED_CLOSE_THROUGH,component
historical,EP-00864-ENTRY_ON_TAP,2026-06-02 19:12:00-04:00,IFVG2-002498,2026-06-02 12:19:00-04:00,2026-06-02 13:03:00-04:00,DEACTIVATED_CLOSE_THROUGH,inactive_or_traversed
historical,EP-00872-ENTRY_ON_TAP,2026-06-02 19:18:00-04:00,IFVG2-003411,2026-06-02 15:05:00-04:00,2026-06-02 19:20:00-04:00,DEACTIVATED_CLOSE_THROUGH,component
historical,EP-00882-ENTRY_ON_TAP,2026-06-02 19:24:00-04:00,IFVG2-002489,2026-06-01 15:36:00-04:00,2026-06-01 23:37:00-04:00,EXPIRED_ACTIVE_8H,inactive_or_traversed
historical,EP-00885-ENTRY_ON_TAP,2026-06-02 19:27:00-04:00,IFVG2-000022,2026-06-02 10:33:00-04:00,2026-06-02 18:46:00-04:00,EXPIRED_ACTIVE_8H,same_direction
historical,EP-00886-ENTRY_ON_TAP,2026-06-02 19:26:00-04:00,IFVG2-000022,2026-06-02 10:33:00-04:00,2026-06-02 18:46:00-04:00,EXPIRED_ACTIVE_8H,same_direction
historical,EP-00893-ENTRY_ON_TAP,2026-06-02 19:46:00-04:00,IFVG2-003955,2026-06-02 19:13:00-04:00,2026-06-02 19:59:00-04:00,DEACTIVATED_CLOSE_THROUGH,component
historical,EP-00900-ENTRY_ON_IFVG_RETEST,2026-06-02 19:46:00-04:00,IFVG2-003417,2026-06-02 19:20:00-04:00,2026-06-02 19:45:00-04:00,DEACTIVATED_CLOSE_THROUGH,component
historical,EP-00903-ENTRY_ON_IFVG_RETEST,2026-06-02 19:46:00-04:00,IFVG2-002500,2026-06-02 19:18:00-04:00,2026-06-02 19:45:00-04:00,DEACTIVATED_CLOSE_THROUGH,component
historical,EP-00906-ENTRY_ON_IFVG_RETEST,2026-06-02 19:46:00-04:00,IFVG2-003955,2026-06-02 19:13:00-04:00,2026-06-02 19:59:00-04:00,DEACTIVATED_CLOSE_THROUGH,component
historical,EP-00907-ENTRY_ON_IFVG_RETEST,2026-06-02 19:48:00-04:00,IFVG2-003417,2026-06-02 19:20:00-04:00,2026-06-02 19:45:00-04:00,DEACTIVATED_CLOSE_THROUGH,component
historical,EP-00908-ENTRY_ON_TAP,2026-06-02 19:54:00-04:00,IFVG2-004126,2026-06-02 19:30:00-04:00,2026-06-02 19:59:00-04:00,DEACTIVATED_CLOSE_THROUGH,behind_entry
historical,EP-00909-ENTRY_ON_TAP,2026-06-02 19:54:00-04:00,IFVG2-004126,2026-06-02 19:30:00-04:00,2026-06-02 19:59:00-04:00,DEACTIVATED_CLOSE_THROUGH,behind_entry
historical,EP-00912-ENTRY_ON_IFVG_RETEST,2026-06-02 20:15:00-04:00,IFVG2-003956,2026-06-02 19:59:00-04:00,2026-06-03 04:00:00-04:00,EXPIRED_ACTIVE_8H,component
historical,EP-00913-ENTRY_ON_IFVG_RETEST,2026-06-02 20:15:00-04:00,IFVG2-003956,2026-06-02 19:59:00-04:00,2026-06-03 04:00:00-04:00,EXPIRED_ACTIVE_8H,component
historical,EP-00918-ENTRY_ON_NEW_FVG,2026-06-02 23:17:00-04:00,IFVG2-003954,2026-06-02 18:58:00-04:00,2026-06-03 03:14:00-04:00,EXPIRED_ACTIVE_8H,component
historical,EP-00918-ENTRY_ON_NEW_FVG,2026-06-02 23:17:00-04:00,IFVG2-003956,2026-06-02 19:59:00-04:00,2026-06-03 04:00:00-04:00,EXPIRED_ACTIVE_8H,behind_entry
historical,EP-00940-ENTRY_ON_IFVG_RETEST,2026-06-02 21:32:00-04:00,IFVG2-002498,2026-06-02 12:19:00-04:00,2026-06-02 13:03:00-04:00,DEACTIVATED_CLOSE_THROUGH,same_direction
historical,EP-00940-ENTRY_ON_IFVG_RETEST,2026-06-02 21:32:00-04:00,IFVG2-003957,2026-06-02 21:12:00-04:00,2026-06-03 00:15:00-04:00,DEACTIVATED_CLOSE_THROUGH,component
historical,EP-00941-ENTRY_ON_FIRST_CLOSE_OUTSIDE,2026-06-02 22:15:00-04:00,IFVG2-000029,2026-06-02 19:17:00-04:00,2026-06-02 19:44:00-04:00,DEACTIVATED_CLOSE_THROUGH,same_direction
historical,EP-00941-ENTRY_ON_FIRST_CLOSE_OUTSIDE,2026-06-02 22:15:00-04:00,IFVG2-003956,2026-06-02 19:59:00-04:00,2026-06-03 04:00:00-04:00,EXPIRED_ACTIVE_8H,behind_entry
historical,EP-00941-ENTRY_ON_FIRST_CLOSE_OUTSIDE,2026-06-02 22:15:00-04:00,IFVG2-003957,2026-06-02 21:12:00-04:00,2026-06-03 00:15:00-04:00,DEACTIVATED_CLOSE_THROUGH,component
historical,EP-00941-ENTRY_ON_NEW_FVG,2026-06-02 23:17:00-04:00,IFVG2-003956,2026-06-02 19:59:00-04:00,2026-06-03 04:00:00-04:00,EXPIRED_ACTIVE_8H,behind_entry
historical,EP-00941-ENTRY_ON_NEW_FVG,2026-06-02 23:17:00-04:00,IFVG2-003957,2026-06-02 21:12:00-04:00,2026-06-03 00:15:00-04:00,DEACTIVATED_CLOSE_THROUGH,component
historical,EP-00947-ENTRY_ON_TAP,2026-06-02 22:00:00-04:00,IFVG2-003956,2026-06-02 19:59:00-04:00,2026-06-03 04:00:00-04:00,EXPIRED_ACTIVE_8H,behind_entry
historical,EP-00948-ENTRY_ON_TAP,2026-06-02 22:00:00-04:00,IFVG2-003956,2026-06-02 19:59:00-04:00,2026-06-03 04:00:00-04:00,EXPIRED_ACTIVE_8H,behind_entry
historical,EP-00960-ENTRY_ON_TAP,2026-06-03 00:20:00-04:00,IFVG2-003424,2026-06-03 00:15:00-04:00,2026-06-03 00:54:00-04:00,DEACTIVATED_CLOSE_THROUGH,behind_entry
historical,EP-00975-ENTRY_ON_IFVG_RETEST,2026-06-03 01:08:00-04:00,IFVG2-003423,2026-06-02 23:24:00-04:00,2026-06-03 07:29:00-04:00,EXPIRED_ACTIVE_8H,component
historical,EP-00979-ENTRY_ON_TAP,2026-06-03 01:46:00-04:00,IFVG2-003423,2026-06-02 23:24:00-04:00,2026-06-03 07:29:00-04:00,EXPIRED_ACTIVE_8H,behind_entry
historical,EP-00980-ENTRY_ON_FIRST_CLOSE_OUTSIDE,2026-06-03 03:02:00-04:00,IFVG2-003423,2026-06-02 23:24:00-04:00,2026-06-03 07:29:00-04:00,EXPIRED_ACTIVE_8H,behind_entry
historical,EP-00980-ENTRY_ON_MINIMAL_WICK_REJECTION,2026-06-03 03:02:00-04:00,IFVG2-003423,2026-06-02 23:24:00-04:00,2026-06-03 07:29:00-04:00,EXPIRED_ACTIVE_8H,behind_entry
historical,EP-00988-ENTRY_ON_TAP,2026-06-03 03:02:00-04:00,IFVG2-003423,2026-06-02 23:24:00-04:00,2026-06-03 07:29:00-04:00,EXPIRED_ACTIVE_8H,behind_entry
historical,EP-00992-ENTRY_ON_FIRST_CLOSE_OUTSIDE,2026-06-03 03:02:00-04:00,IFVG2-003423,2026-06-02 23:24:00-04:00,2026-06-03 07:29:00-04:00,EXPIRED_ACTIVE_8H,behind_entry
historical,EP-00993-ENTRY_ON_FIRST_CLOSE_OUTSIDE,2026-06-03 03:02:00-04:00,IFVG2-003423,2026-06-02 23:24:00-04:00,2026-06-03 07:29:00-04:00,EXPIRED_ACTIVE_8H,behind_entry
historical,EP-00998-ENTRY_ON_FIRST_CLOSE_OUTSIDE,2026-06-03 02:47:00-04:00,IFVG2-003423,2026-06-02 23:24:00-04:00,2026-06-03 07:29:00-04:00,EXPIRED_ACTIVE_8H,behind_entry
historical,EP-01002-ENTRY_ON_MINIMAL_WICK_REJECTION,2026-06-03 03:45:00-04:00,IFVG2-002503,2026-06-03 03:42:00-04:00,2026-06-03 03:54:00-04:00,DEACTIVATED_CLOSE_THROUGH,behind_entry
historical,EP-01011-ENTRY_ON_TAP,2026-06-03 03:13:00-04:00,IFVG2-003413,2026-06-02 18:50:00-04:00,2026-06-03 03:04:00-04:00,EXPIRED_UNTOUCHED_8H,same_direction
historical,EP-01036-ENTRY_ON_IFVG_RETEST,2026-06-03 04:48:00-04:00,IFVG2-003425,2026-06-03 04:27:00-04:00,2026-06-03 04:40:00-04:00,DEACTIVATED_OVERSHOOT_LIMIT,component
historical,EP-01079-ENTRY_ON_TAP,2026-06-03 08:48:00-04:00,IFVG2-000028,2026-06-02 18:02:00-04:00,2026-06-02 18:31:00-04:00,DEACTIVATED_CLOSE_THROUGH,inactive_or_traversed
historical,EP-01082-ENTRY_ON_TAP,2026-06-03 08:48:00-04:00,IFVG2-000028,2026-06-02 18:02:00-04:00,2026-06-02 18:31:00-04:00,DEACTIVATED_CLOSE_THROUGH,inactive_or_traversed
historical,EP-01116-ENTRY_ON_TAP,2026-06-03 09:37:00-04:00,IFVG2-004126,2026-06-02 19:30:00-04:00,2026-06-02 19:59:00-04:00,DEACTIVATED_CLOSE_THROUGH,inactive_or_traversed
historical,EP-01121-ENTRY_ON_IFVG_RETEST,2026-06-03 09:40:00-04:00,IFVG2-003426,2026-06-03 04:27:00-04:00,2026-06-03 05:09:00-04:00,DEACTIVATED_CLOSE_THROUGH,same_direction
historical,EP-01121-ENTRY_ON_IFVG_RETEST,2026-06-03 09:40:00-04:00,IFVG2-002504,2026-06-03 09:36:00-04:00,2026-06-03 18:02:00-04:00,EXPIRED_ACTIVE_8H,component
historical,EP-01121-ENTRY_ON_DELAYED_DISPLACEMENT,2026-06-03 09:43:00-04:00,IFVG2-002504,2026-06-03 09:36:00-04:00,2026-06-03 18:02:00-04:00,EXPIRED_ACTIVE_8H,component
historical,EP-01123-ENTRY_ON_DELAYED_DISPLACEMENT,2026-06-03 09:44:00-04:00,IFVG2-003411,2026-06-02 15:05:00-04:00,2026-06-02 19:20:00-04:00,DEACTIVATED_CLOSE_THROUGH,inactive_or_traversed
historical,EP-01123-ENTRY_ON_NEW_FVG,2026-06-03 09:44:00-04:00,IFVG2-003411,2026-06-02 15:05:00-04:00,2026-06-02 19:20:00-04:00,DEACTIVATED_CLOSE_THROUGH,inactive_or_traversed
historical,EP-01125-ENTRY_ON_FIRST_CLOSE_OUTSIDE,2026-06-03 09:44:00-04:00,IFVG2-003411,2026-06-02 15:05:00-04:00,2026-06-02 19:20:00-04:00,DEACTIVATED_CLOSE_THROUGH,inactive_or_traversed
historical,EP-01125-ENTRY_ON_IMMEDIATE_DISPLACEMENT,2026-06-03 09:44:00-04:00,IFVG2-003411,2026-06-02 15:05:00-04:00,2026-06-02 19:20:00-04:00,DEACTIVATED_CLOSE_THROUGH,inactive_or_traversed
historical,EP-01125-ENTRY_ON_NEW_FVG,2026-06-03 09:44:00-04:00,IFVG2-003411,2026-06-02 15:05:00-04:00,2026-06-02 19:20:00-04:00,DEACTIVATED_CLOSE_THROUGH,inactive_or_traversed
historical,EP-01127-ENTRY_ON_IFVG_RETEST,2026-06-03 09:45:00-04:00,IFVG2-003411,2026-06-02 15:05:00-04:00,2026-06-02 19:20:00-04:00,DEACTIVATED_CLOSE_THROUGH,same_direction
historical,EP-01127-ENTRY_ON_IFVG_RETEST,2026-06-03 09:45:00-04:00,IFVG2-002501,2026-06-02 19:45:00-04:00,2026-06-03 03:45:00-04:00,EXPIRED_UNTOUCHED_8H,component
historical,EP-01129-ENTRY_ON_IFVG_RETEST,2026-06-03 09:45:00-04:00,IFVG2-003411,2026-06-02 15:05:00-04:00,2026-06-02 19:20:00-04:00,DEACTIVATED_CLOSE_THROUGH,same_direction
historical,EP-01131-ENTRY_ON_TAP,2026-06-03 09:50:00-04:00,IFVG2-003951,2026-06-02 09:11:00-04:00,2026-06-02 09:30:00-04:00,DEACTIVATED_CLOSE_THROUGH,same_direction
historical,EP-01136-ENTRY_ON_TAP,2026-06-03 09:47:00-04:00,IFVG2-002497,2026-06-02 10:27:00-04:00,2026-06-02 10:45:00-04:00,DEACTIVATED_CLOSE_THROUGH,inactive_or_traversed
historical,EP-01150-ENTRY_ON_FIRST_CLOSE_OUTSIDE,2026-06-03 09:57:00-04:00,IFVG2-004191,2026-06-01 13:00:00-04:00,2026-06-01 18:59:00-04:00,DEACTIVATED_CLOSE_THROUGH,inactive_or_traversed
historical,EP-01150-ENTRY_ON_IMMEDIATE_DISPLACEMENT,2026-06-03 09:57:00-04:00,IFVG2-004191,2026-06-01 13:00:00-04:00,2026-06-01 18:59:00-04:00,DEACTIVATED_CLOSE_THROUGH,inactive_or_traversed
historical,EP-01157-ENTRY_ON_DELAYED_DISPLACEMENT,2026-06-03 10:08:00-04:00,IFVG2-002495,2026-06-02 10:18:00-04:00,2026-06-02 10:54:00-04:00,DEACTIVATED_CLOSE_THROUGH,same_direction
historical,EP-01157-ENTRY_ON_DELAYED_DISPLACEMENT,2026-06-03 10:08:00-04:00,IFVG2-000033,2026-06-03 10:02:00-04:00,2026-06-03 11:45:00-04:00,DEACTIVATED_CLOSE_THROUGH,behind_entry
historical,EP-01157-ENTRY_ON_NEW_IFVG,2026-06-03 10:08:00-04:00,IFVG2-002495,2026-06-02 10:18:00-04:00,2026-06-02 10:54:00-04:00,DEACTIVATED_CLOSE_THROUGH,same_direction
historical,EP-01157-ENTRY_ON_NEW_IFVG,2026-06-03 10:08:00-04:00,IFVG2-000033,2026-06-03 10:02:00-04:00,2026-06-03 11:45:00-04:00,DEACTIVATED_CLOSE_THROUGH,behind_entry
historical,EP-01161-ENTRY_ON_TAP,2026-06-03 10:06:00-04:00,IFVG2-000033,2026-06-03 10:02:00-04:00,2026-06-03 11:45:00-04:00,DEACTIVATED_CLOSE_THROUGH,behind_entry
historical,EP-01161-ENTRY_ON_FIRST_CLOSE_OUTSIDE,2026-06-03 10:08:00-04:00,IFVG2-002495,2026-06-02 10:18:00-04:00,2026-06-02 10:54:00-04:00,DEACTIVATED_CLOSE_THROUGH,same_direction
historical,EP-01161-ENTRY_ON_FIRST_CLOSE_OUTSIDE,2026-06-03 10:08:00-04:00,IFVG2-000033,2026-06-03 10:02:00-04:00,2026-06-03 11:45:00-04:00,DEACTIVATED_CLOSE_THROUGH,behind_entry
historical,EP-01161-ENTRY_ON_DELAYED_DISPLACEMENT,2026-06-03 10:08:00-04:00,IFVG2-002495,2026-06-02 10:18:00-04:00,2026-06-02 10:54:00-04:00,DEACTIVATED_CLOSE_THROUGH,same_direction
historical,EP-01161-ENTRY_ON_DELAYED_DISPLACEMENT,2026-06-03 10:08:00-04:00,IFVG2-000033,2026-06-03 10:02:00-04:00,2026-06-03 11:45:00-04:00,DEACTIVATED_CLOSE_THROUGH,behind_entry
historical,EP-01161-ENTRY_ON_NEW_IFVG,2026-06-03 10:08:00-04:00,IFVG2-002495,2026-06-02 10:18:00-04:00,2026-06-02 10:54:00-04:00,DEACTIVATED_CLOSE_THROUGH,same_direction
historical,EP-01161-ENTRY_ON_NEW_IFVG,2026-06-03 10:08:00-04:00,IFVG2-000033,2026-06-03 10:02:00-04:00,2026-06-03 11:45:00-04:00,DEACTIVATED_CLOSE_THROUGH,behind_entry
historical,EP-01283-ENTRY_ON_DELAYED_DISPLACEMENT,2026-06-03 12:42:00-04:00,IFVG2-004194,2026-06-02 02:58:00-04:00,2026-06-02 10:00:00-04:00,DEACTIVATED_OVERSHOOT_LIMIT,inactive_or_traversed
historical,EP-01286-ENTRY_ON_DELAYED_DISPLACEMENT,2026-06-03 12:42:00-04:00,IFVG2-004194,2026-06-02 02:58:00-04:00,2026-06-02 10:00:00-04:00,DEACTIVATED_OVERSHOOT_LIMIT,inactive_or_traversed
historical,EP-01286-ENTRY_ON_DELAYED_DISPLACEMENT,2026-06-03 12:42:00-04:00,IFVG2-000051,2026-06-03 12:35:00-04:00,2026-06-03 12:48:00-04:00,DEACTIVATED_CLOSE_THROUGH,component
historical,EP-01286-ENTRY_ON_NEW_IFVG,2026-06-03 12:42:00-04:00,IFVG2-004194,2026-06-02 02:58:00-04:00,2026-06-02 10:00:00-04:00,DEACTIVATED_OVERSHOOT_LIMIT,inactive_or_traversed
historical,EP-01286-ENTRY_ON_NEW_IFVG,2026-06-03 12:42:00-04:00,IFVG2-000051,2026-06-03 12:35:00-04:00,2026-06-03 12:48:00-04:00,DEACTIVATED_CLOSE_THROUGH,component
historical,EP-01288-ENTRY_ON_TAP,2026-06-03 12:42:00-04:00,IFVG2-004194,2026-06-02 02:58:00-04:00,2026-06-02 10:00:00-04:00,DEACTIVATED_OVERSHOOT_LIMIT,inactive_or_traversed
historical,EP-01290-ENTRY_ON_FIRST_CLOSE_OUTSIDE,2026-06-03 12:42:00-04:00,IFVG2-004194,2026-06-02 02:58:00-04:00,2026-06-02 10:00:00-04:00,DEACTIVATED_OVERSHOOT_LIMIT,inactive_or_traversed
historical,EP-01290-ENTRY_ON_IMMEDIATE_DISPLACEMENT,2026-06-03 12:42:00-04:00,IFVG2-004194,2026-06-02 02:58:00-04:00,2026-06-02 10:00:00-04:00,DEACTIVATED_OVERSHOOT_LIMIT,inactive_or_traversed
historical,EP-01290-ENTRY_ON_NEW_IFVG,2026-06-03 12:42:00-04:00,IFVG2-004194,2026-06-02 02:58:00-04:00,2026-06-02 10:00:00-04:00,DEACTIVATED_OVERSHOOT_LIMIT,inactive_or_traversed
historical,EP-01409-ENTRY_ON_TAP,2026-06-03 15:50:00-04:00,IFVG2-003433,2026-06-03 14:40:00-04:00,2026-06-03 15:39:00-04:00,DEACTIVATED_OVERSHOOT_LIMIT,same_direction
historical,EP-01410-ENTRY_ON_FIRST_CLOSE_OUTSIDE,2026-06-03 15:52:00-04:00,IFVG2-000041,2026-06-03 10:50:00-04:00,2026-06-03 10:51:00-04:00,DEACTIVATED_CLOSE_THROUGH,same_direction
historical,EP-01410-ENTRY_ON_STRONG_REJECTION,2026-06-03 15:52:00-04:00,IFVG2-000041,2026-06-03 10:50:00-04:00,2026-06-03 10:51:00-04:00,DEACTIVATED_CLOSE_THROUGH,same_direction
historical,EP-01411-ENTRY_ON_TAP,2026-06-03 15:52:00-04:00,IFVG2-000041,2026-06-03 10:50:00-04:00,2026-06-03 10:51:00-04:00,DEACTIVATED_CLOSE_THROUGH,same_direction
historical,EP-01435-ENTRY_ON_TAP,2026-06-03 16:16:00-04:00,IFVG2-000031,2026-06-03 09:51:00-04:00,2026-06-03 09:57:00-04:00,DEACTIVATED_CLOSE_THROUGH,same_direction
historical,EP-01444-ENTRY_ON_FIRST_CLOSE_OUTSIDE,2026-06-03 16:31:00-04:00,IFVG2-000055,2026-06-03 13:18:00-04:00,2026-06-03 13:24:00-04:00,DEACTIVATED_CLOSE_THROUGH,same_direction
historical,EP-01444-ENTRY_ON_FIRST_CLOSE_OUTSIDE,2026-06-03 16:31:00-04:00,IFVG2-003436,2026-06-03 16:20:00-04:00,2026-06-03 16:25:00-04:00,DEACTIVATED_OVERSHOOT_LIMIT,component
historical,EP-01444-ENTRY_ON_IMMEDIATE_DISPLACEMENT,2026-06-03 16:31:00-04:00,IFVG2-000055,2026-06-03 13:18:00-04:00,2026-06-03 13:24:00-04:00,DEACTIVATED_CLOSE_THROUGH,same_direction
historical,EP-01444-ENTRY_ON_IMMEDIATE_DISPLACEMENT,2026-06-03 16:31:00-04:00,IFVG2-003436,2026-06-03 16:20:00-04:00,2026-06-03 16:25:00-04:00,DEACTIVATED_OVERSHOOT_LIMIT,component
historical,EP-01444-ENTRY_ON_DELAYED_DISPLACEMENT,2026-06-03 16:45:00-04:00,IFVG2-004194,2026-06-02 02:58:00-04:00,2026-06-02 10:00:00-04:00,DEACTIVATED_OVERSHOOT_LIMIT,inactive_or_traversed
historical,EP-01444-ENTRY_ON_DELAYED_DISPLACEMENT,2026-06-03 16:45:00-04:00,IFVG2-003436,2026-06-03 16:20:00-04:00,2026-06-03 16:25:00-04:00,DEACTIVATED_OVERSHOOT_LIMIT,component
historical,EP-01445-ENTRY_ON_FIRST_CLOSE_OUTSIDE,2026-06-03 16:31:00-04:00,IFVG2-000055,2026-06-03 13:18:00-04:00,2026-06-03 13:24:00-04:00,DEACTIVATED_CLOSE_THROUGH,same_direction
historical,EP-01445-ENTRY_ON_FIRST_CLOSE_OUTSIDE,2026-06-03 16:31:00-04:00,IFVG2-003437,2026-06-03 16:20:00-04:00,2026-06-04 00:25:00-04:00,EXPIRED_ACTIVE_8H,component
historical,EP-01445-ENTRY_ON_IMMEDIATE_DISPLACEMENT,2026-06-03 16:31:00-04:00,IFVG2-000055,2026-06-03 13:18:00-04:00,2026-06-03 13:24:00-04:00,DEACTIVATED_CLOSE_THROUGH,same_direction
historical,EP-01445-ENTRY_ON_IMMEDIATE_DISPLACEMENT,2026-06-03 16:31:00-04:00,IFVG2-003437,2026-06-03 16:20:00-04:00,2026-06-04 00:25:00-04:00,EXPIRED_ACTIVE_8H,component
historical,EP-01445-ENTRY_ON_DELAYED_DISPLACEMENT,2026-06-03 16:45:00-04:00,IFVG2-004194,2026-06-02 02:58:00-04:00,2026-06-02 10:00:00-04:00,DEACTIVATED_OVERSHOOT_LIMIT,inactive_or_traversed
historical,EP-01445-ENTRY_ON_DELAYED_DISPLACEMENT,2026-06-03 16:45:00-04:00,IFVG2-003437,2026-06-03 16:20:00-04:00,2026-06-04 00:25:00-04:00,EXPIRED_ACTIVE_8H,component
historical,EP-01447-ENTRY_ON_FIRST_CLOSE_OUTSIDE,2026-06-03 16:31:00-04:00,IFVG2-000055,2026-06-03 13:18:00-04:00,2026-06-03 13:24:00-04:00,DEACTIVATED_CLOSE_THROUGH,same_direction
historical,EP-01447-ENTRY_ON_DELAYED_DISPLACEMENT,2026-06-03 16:42:00-04:00,IFVG2-004194,2026-06-02 02:58:00-04:00,2026-06-02 10:00:00-04:00,DEACTIVATED_OVERSHOOT_LIMIT,inactive_or_traversed
historical,EP-01447-ENTRY_ON_NEW_IFVG,2026-06-03 16:42:00-04:00,IFVG2-004194,2026-06-02 02:58:00-04:00,2026-06-02 10:00:00-04:00,DEACTIVATED_OVERSHOOT_LIMIT,inactive_or_traversed
historical,EP-01453-ENTRY_ON_IFVG_RETEST,2026-06-03 16:47:00-04:00,IFVG2-000058,2026-06-03 16:41:00-04:00,2026-06-04 01:11:00-04:00,EXPIRED_ACTIVE_8H,component
historical,EP-01453-ENTRY_ON_FIRST_CLOSE_OUTSIDE,2026-06-03 16:53:00-04:00,IFVG2-000058,2026-06-03 16:41:00-04:00,2026-06-04 01:11:00-04:00,EXPIRED_ACTIVE_8H,component
historical,EP-01459-ENTRY_ON_TAP,2026-06-03 18:00:00-04:00,IFVG2-004193,2026-06-02 01:45:00-04:00,2026-06-03 19:55:00-04:00,DEACTIVATED_OVERSHOOT_LIMIT,behind_entry
historical,EP-01462-ENTRY_ON_FIRST_CLOSE_OUTSIDE,2026-06-03 18:04:00-04:00,IFVG2-004194,2026-06-02 02:58:00-04:00,2026-06-02 10:00:00-04:00,DEACTIVATED_OVERSHOOT_LIMIT,same_direction
historical,EP-01463-ENTRY_ON_TAP,2026-06-03 18:04:00-04:00,IFVG2-004194,2026-06-02 02:58:00-04:00,2026-06-02 10:00:00-04:00,DEACTIVATED_OVERSHOOT_LIMIT,same_direction
historical,EP-01466-ENTRY_ON_FIRST_CLOSE_OUTSIDE,2026-06-03 19:08:00-04:00,IFVG2-004192,2026-06-01 20:50:00-04:00,2026-06-02 01:45:00-04:00,DEACTIVATED_CLOSE_THROUGH,inactive_or_traversed
historical,EP-01466-ENTRY_ON_MINIMAL_WICK_REJECTION,2026-06-03 19:08:00-04:00,IFVG2-004192,2026-06-01 20:50:00-04:00,2026-06-02 01:45:00-04:00,DEACTIVATED_CLOSE_THROUGH,inactive_or_traversed
historical,EP-01466-ENTRY_ON_DELAYED_DISPLACEMENT,2026-06-03 19:08:00-04:00,IFVG2-004192,2026-06-01 20:50:00-04:00,2026-06-02 01:45:00-04:00,DEACTIVATED_CLOSE_THROUGH,inactive_or_traversed
historical,EP-01467-ENTRY_ON_TAP,2026-06-03 18:22:00-04:00,IFVG2-004192,2026-06-01 20:50:00-04:00,2026-06-02 01:45:00-04:00,DEACTIVATED_CLOSE_THROUGH,inactive_or_traversed
historical,EP-01475-ENTRY_ON_TAP,2026-06-03 19:08:00-04:00,IFVG2-004192,2026-06-01 20:50:00-04:00,2026-06-02 01:45:00-04:00,DEACTIVATED_CLOSE_THROUGH,inactive_or_traversed
historical,EP-01477-ENTRY_ON_TAP,2026-06-03 18:53:00-04:00,IFVG2-004193,2026-06-02 01:45:00-04:00,2026-06-03 19:55:00-04:00,DEACTIVATED_OVERSHOOT_LIMIT,same_direction
historical,EP-01479-ENTRY_ON_TAP,2026-06-03 19:10:00-04:00,IFVG2-004192,2026-06-01 20:50:00-04:00,2026-06-02 01:45:00-04:00,DEACTIVATED_CLOSE_THROUGH,inactive_or_traversed
historical,EP-01480-ENTRY_ON_TAP,2026-06-03 19:18:00-04:00,IFVG2-004193,2026-06-02 01:45:00-04:00,2026-06-03 19:55:00-04:00,DEACTIVATED_OVERSHOOT_LIMIT,same_direction
historical,EP-01497-ENTRY_ON_TAP,2026-06-03 20:54:00-04:00,IFVG2-004194,2026-06-02 02:58:00-04:00,2026-06-02 10:00:00-04:00,DEACTIVATED_OVERSHOOT_LIMIT,inactive_or_traversed
historical,EP-01498-ENTRY_ON_TAP,2026-06-03 20:54:00-04:00,IFVG2-004194,2026-06-02 02:58:00-04:00,2026-06-02 10:00:00-04:00,DEACTIVATED_OVERSHOOT_LIMIT,inactive_or_traversed
historical,EP-01515-ENTRY_ON_TAP,2026-06-03 22:05:00-04:00,IFVG2-004192,2026-06-01 20:50:00-04:00,2026-06-02 01:45:00-04:00,DEACTIVATED_CLOSE_THROUGH,inactive_or_traversed
historical,EP-01519-ENTRY_ON_TAP,2026-06-03 21:50:00-04:00,IFVG2-004194,2026-06-02 02:58:00-04:00,2026-06-02 10:00:00-04:00,DEACTIVATED_OVERSHOOT_LIMIT,same_direction
historical,EP-01520-ENTRY_ON_TAP,2026-06-03 22:09:00-04:00,IFVG2-004192,2026-06-01 20:50:00-04:00,2026-06-02 01:45:00-04:00,DEACTIVATED_CLOSE_THROUGH,inactive_or_traversed
historical,EP-01522-ENTRY_ON_DELAYED_DISPLACEMENT,2026-06-04 03:00:00-04:00,IFVG2-000055,2026-06-03 13:18:00-04:00,2026-06-03 13:24:00-04:00,DEACTIVATED_CLOSE_THROUGH,inactive_or_traversed
historical,EP-01522-ENTRY_ON_COMPRESSION_BREAK,2026-06-04 03:00:00-04:00,IFVG2-000055,2026-06-03 13:18:00-04:00,2026-06-03 13:24:00-04:00,DEACTIVATED_CLOSE_THROUGH,inactive_or_traversed
historical,EP-01525-ENTRY_ON_TAP,2026-06-03 22:13:00-04:00,IFVG2-004193,2026-06-02 01:45:00-04:00,2026-06-03 19:55:00-04:00,DEACTIVATED_OVERSHOOT_LIMIT,same_direction
historical,EP-01530-ENTRY_ON_IFVG_RETEST,2026-06-03 22:29:00-04:00,IFVG2-003964,2026-06-03 22:14:00-04:00,2026-06-03 22:58:00-04:00,DEACTIVATED_OVERSHOOT_LIMIT,component
historical,EP-01534-ENTRY_ON_TAP,2026-06-03 22:34:00-04:00,IFVG2-004193,2026-06-02 01:45:00-04:00,2026-06-03 19:55:00-04:00,DEACTIVATED_OVERSHOOT_LIMIT,same_direction
historical,EP-01535-ENTRY_ON_FIRST_CLOSE_OUTSIDE,2026-06-03 23:19:00-04:00,IFVG2-003962,2026-06-03 21:56:00-04:00,2026-06-03 23:32:00-04:00,DEACTIVATED_CLOSE_THROUGH,behind_entry
historical,EP-01536-ENTRY_ON_FIRST_CLOSE_OUTSIDE,2026-06-03 23:19:00-04:00,IFVG2-003962,2026-06-03 21:56:00-04:00,2026-06-03 23:32:00-04:00,DEACTIVATED_CLOSE_THROUGH,behind_entry
historical,EP-01537-ENTRY_ON_STRONG_REJECTION,2026-06-03 23:26:00-04:00,IFVG2-003962,2026-06-03 21:56:00-04:00,2026-06-03 23:32:00-04:00,DEACTIVATED_CLOSE_THROUGH,behind_entry
historical,EP-01540-ENTRY_ON_FIRST_CLOSE_OUTSIDE,2026-06-03 23:19:00-04:00,IFVG2-003962,2026-06-03 21:56:00-04:00,2026-06-03 23:32:00-04:00,DEACTIVATED_CLOSE_THROUGH,behind_entry
historical,EP-01541-ENTRY_ON_TAP,2026-06-03 22:51:00-04:00,IFVG2-004192,2026-06-01 20:50:00-04:00,2026-06-02 01:45:00-04:00,DEACTIVATED_CLOSE_THROUGH,inactive_or_traversed
historical,EP-01544-ENTRY_ON_IFVG_RETEST,2026-06-03 23:24:00-04:00,IFVG2-004192,2026-06-01 20:50:00-04:00,2026-06-02 01:45:00-04:00,DEACTIVATED_CLOSE_THROUGH,same_direction
historical,EP-01544-ENTRY_ON_IFVG_RETEST,2026-06-03 23:24:00-04:00,IFVG2-003962,2026-06-03 21:56:00-04:00,2026-06-03 23:32:00-04:00,DEACTIVATED_CLOSE_THROUGH,component
historical,EP-01546-ENTRY_ON_TAP,2026-06-03 23:58:00-04:00,IFVG2-004194,2026-06-02 02:58:00-04:00,2026-06-02 10:00:00-04:00,DEACTIVATED_OVERSHOOT_LIMIT,same_direction
historical,EP-01546-ENTRY_ON_TAP,2026-06-03 23:58:00-04:00,IFVG2-003963,2026-06-03 21:56:00-04:00,2026-06-04 00:27:00-04:00,DEACTIVATED_CLOSE_THROUGH,behind_entry
historical,EP-01555-ENTRY_ON_IFVG_RETEST,2026-06-04 01:20:00-04:00,IFVG2-004127,2026-06-04 00:27:00-04:00,2026-06-04 04:27:00-04:00,DEACTIVATED_CLOSE_THROUGH,component
historical,EP-01555-ENTRY_ON_FIRST_CLOSE_OUTSIDE,2026-06-04 01:51:00-04:00,IFVG2-004127,2026-06-04 00:27:00-04:00,2026-06-04 04:27:00-04:00,DEACTIVATED_CLOSE_THROUGH,component
historical,EP-01556-ENTRY_ON_IFVG_RETEST,2026-06-04 01:32:00-04:00,IFVG2-004127,2026-06-04 00:27:00-04:00,2026-06-04 04:27:00-04:00,DEACTIVATED_CLOSE_THROUGH,component
historical,EP-01556-ENTRY_ON_FIRST_CLOSE_OUTSIDE,2026-06-04 03:00:00-04:00,IFVG2-000055,2026-06-03 13:18:00-04:00,2026-06-03 13:24:00-04:00,DEACTIVATED_CLOSE_THROUGH,inactive_or_traversed
historical,EP-01556-ENTRY_ON_FIRST_CLOSE_OUTSIDE,2026-06-04 03:00:00-04:00,IFVG2-004127,2026-06-04 00:27:00-04:00,2026-06-04 04:27:00-04:00,DEACTIVATED_CLOSE_THROUGH,component
historical,EP-01556-ENTRY_ON_DELAYED_DISPLACEMENT,2026-06-04 03:00:00-04:00,IFVG2-000055,2026-06-03 13:18:00-04:00,2026-06-03 13:24:00-04:00,DEACTIVATED_CLOSE_THROUGH,inactive_or_traversed
historical,EP-01556-ENTRY_ON_DELAYED_DISPLACEMENT,2026-06-04 03:00:00-04:00,IFVG2-004127,2026-06-04 00:27:00-04:00,2026-06-04 04:27:00-04:00,DEACTIVATED_CLOSE_THROUGH,component
historical,EP-01557-ENTRY_ON_TAP,2026-06-04 02:20:00-04:00,IFVG2-004194,2026-06-02 02:58:00-04:00,2026-06-02 10:00:00-04:00,DEACTIVATED_OVERSHOOT_LIMIT,same_direction
historical,EP-01557-ENTRY_ON_FIRST_CLOSE_OUTSIDE,2026-06-04 03:00:00-04:00,IFVG2-000055,2026-06-03 13:18:00-04:00,2026-06-03 13:24:00-04:00,DEACTIVATED_CLOSE_THROUGH,inactive_or_traversed
historical,EP-01557-ENTRY_ON_MINIMAL_WICK_REJECTION,2026-06-04 03:00:00-04:00,IFVG2-000055,2026-06-03 13:18:00-04:00,2026-06-03 13:24:00-04:00,DEACTIVATED_CLOSE_THROUGH,inactive_or_traversed
historical,EP-01557-ENTRY_ON_IMMEDIATE_DISPLACEMENT,2026-06-04 03:00:00-04:00,IFVG2-000055,2026-06-03 13:18:00-04:00,2026-06-03 13:24:00-04:00,DEACTIVATED_CLOSE_THROUGH,inactive_or_traversed
historical,EP-01561-ENTRY_ON_TAP,2026-06-04 02:20:00-04:00,IFVG2-004194,2026-06-02 02:58:00-04:00,2026-06-02 10:00:00-04:00,DEACTIVATED_OVERSHOOT_LIMIT,same_direction
historical,EP-01568-ENTRY_ON_TAP,2026-06-04 02:46:00-04:00,IFVG2-004194,2026-06-02 02:58:00-04:00,2026-06-02 10:00:00-04:00,DEACTIVATED_OVERSHOOT_LIMIT,inactive_or_traversed
historical,EP-01586-ENTRY_ON_IFVG_RETEST,2026-06-04 04:31:00-04:00,IFVG2-003440,2026-06-04 04:24:00-04:00,2026-06-04 11:10:00-04:00,DEACTIVATED_CLOSE_THROUGH,component
historical,EP-01587-ENTRY_ON_TAP,2026-06-04 04:33:00-04:00,IFVG2-002516,2026-06-04 04:32:00-04:00,2026-06-04 04:51:00-04:00,DEACTIVATED_CLOSE_THROUGH,behind_entry
historical,EP-01588-ENTRY_ON_IFVG_RETEST,2026-06-04 04:44:00-04:00,IFVG2-002516,2026-06-04 04:32:00-04:00,2026-06-04 04:51:00-04:00,DEACTIVATED_CLOSE_THROUGH,behind_entry
historical,EP-01588-ENTRY_ON_IFVG_RETEST,2026-06-04 04:44:00-04:00,IFVG2-003440,2026-06-04 04:24:00-04:00,2026-06-04 11:10:00-04:00,DEACTIVATED_CLOSE_THROUGH,component
historical,EP-01622-ENTRY_ON_NEW_FVG,2026-06-04 05:54:00-04:00,IFVG2-002516,2026-06-04 04:32:00-04:00,2026-06-04 04:51:00-04:00,DEACTIVATED_CLOSE_THROUGH,same_direction
historical,EP-01651-ENTRY_ON_FIRST_CLOSE_OUTSIDE,2026-06-04 06:23:00-04:00,IFVG2-002518,2026-06-04 06:21:00-04:00,2026-06-04 06:24:00-04:00,DEACTIVATED_CLOSE_THROUGH,behind_entry
historical,EP-01654-ENTRY_ON_TAP,2026-06-04 06:23:00-04:00,IFVG2-002518,2026-06-04 06:21:00-04:00,2026-06-04 06:24:00-04:00,DEACTIVATED_CLOSE_THROUGH,behind_entry
historical,EP-01675-ENTRY_ON_MINIMAL_WICK_REJECTION,2026-06-04 08:16:00-04:00,IFVG2-002521,2026-06-04 07:39:00-04:00,2026-06-04 07:52:00-04:00,DEACTIVATED_CLOSE_THROUGH,same_direction
historical,EP-01675-ENTRY_ON_MINIMAL_WICK_REJECTION,2026-06-04 08:16:00-04:00,IFVG2-002522,2026-06-04 08:09:00-04:00,2026-06-04 09:48:00-04:00,DEACTIVATED_OVERSHOOT_LIMIT,behind_entry
historical,EP-01675-ENTRY_ON_DELAYED_DISPLACEMENT,2026-06-04 08:16:00-04:00,IFVG2-002521,2026-06-04 07:39:00-04:00,2026-06-04 07:52:00-04:00,DEACTIVATED_CLOSE_THROUGH,same_direction
historical,EP-01675-ENTRY_ON_DELAYED_DISPLACEMENT,2026-06-04 08:16:00-04:00,IFVG2-002522,2026-06-04 08:09:00-04:00,2026-06-04 09:48:00-04:00,DEACTIVATED_OVERSHOOT_LIMIT,behind_entry
historical,EP-01693-ENTRY_ON_FIRST_CLOSE_OUTSIDE,2026-06-04 08:02:00-04:00,IFVG2-002521,2026-06-04 07:39:00-04:00,2026-06-04 07:52:00-04:00,DEACTIVATED_CLOSE_THROUGH,same_direction
historical,EP-01694-ENTRY_ON_FIRST_CLOSE_OUTSIDE,2026-06-04 08:12:00-04:00,IFVG2-002521,2026-06-04 07:39:00-04:00,2026-06-04 07:52:00-04:00,DEACTIVATED_CLOSE_THROUGH,same_direction
historical,EP-01694-ENTRY_ON_DELAYED_DISPLACEMENT,2026-06-04 08:12:00-04:00,IFVG2-002521,2026-06-04 07:39:00-04:00,2026-06-04 07:52:00-04:00,DEACTIVATED_CLOSE_THROUGH,same_direction
historical,EP-01695-ENTRY_ON_FIRST_CLOSE_OUTSIDE,2026-06-04 08:16:00-04:00,IFVG2-002521,2026-06-04 07:39:00-04:00,2026-06-04 07:52:00-04:00,DEACTIVATED_CLOSE_THROUGH,same_direction
historical,EP-01695-ENTRY_ON_FIRST_CLOSE_OUTSIDE,2026-06-04 08:16:00-04:00,IFVG2-002522,2026-06-04 08:09:00-04:00,2026-06-04 09:48:00-04:00,DEACTIVATED_OVERSHOOT_LIMIT,behind_entry
historical,EP-01695-ENTRY_ON_DELAYED_DISPLACEMENT,2026-06-04 08:16:00-04:00,IFVG2-002521,2026-06-04 07:39:00-04:00,2026-06-04 07:52:00-04:00,DEACTIVATED_CLOSE_THROUGH,same_direction
historical,EP-01695-ENTRY_ON_DELAYED_DISPLACEMENT,2026-06-04 08:16:00-04:00,IFVG2-002522,2026-06-04 08:09:00-04:00,2026-06-04 09:48:00-04:00,DEACTIVATED_OVERSHOOT_LIMIT,behind_entry
historical,EP-01696-ENTRY_ON_FIRST_CLOSE_OUTSIDE,2026-06-04 08:11:00-04:00,IFVG2-002521,2026-06-04 07:39:00-04:00,2026-06-04 07:52:00-04:00,DEACTIVATED_CLOSE_THROUGH,same_direction
historical,EP-01696-ENTRY_ON_DELAYED_DISPLACEMENT,2026-06-04 08:11:00-04:00,IFVG2-002521,2026-06-04 07:39:00-04:00,2026-06-04 07:52:00-04:00,DEACTIVATED_CLOSE_THROUGH,same_direction
historical,EP-01696-ENTRY_ON_NEW_FVG,2026-06-04 08:16:00-04:00,IFVG2-002521,2026-06-04 07:39:00-04:00,2026-06-04 07:52:00-04:00,DEACTIVATED_CLOSE_THROUGH,same_direction
historical,EP-01696-ENTRY_ON_NEW_FVG,2026-06-04 08:16:00-04:00,IFVG2-002522,2026-06-04 08:09:00-04:00,2026-06-04 09:48:00-04:00,DEACTIVATED_OVERSHOOT_LIMIT,behind_entry
historical,EP-01702-ENTRY_ON_TAP,2026-06-04 08:26:00-04:00,IFVG2-002521,2026-06-04 07:39:00-04:00,2026-06-04 07:52:00-04:00,DEACTIVATED_CLOSE_THROUGH,same_direction
historical,EP-01702-ENTRY_ON_TAP,2026-06-04 08:26:00-04:00,IFVG2-002522,2026-06-04 08:09:00-04:00,2026-06-04 09:48:00-04:00,DEACTIVATED_OVERSHOOT_LIMIT,behind_entry
historical,EP-01895-ENTRY_ON_DELAYED_DISPLACEMENT,2026-06-04 12:30:00-04:00,IFVG2-003970,2026-06-04 11:15:00-04:00,2026-06-04 12:00:00-04:00,DEACTIVATED_OVERSHOOT_LIMIT,component
historical,EP-01895-ENTRY_ON_NEW_FVG,2026-06-04 12:30:00-04:00,IFVG2-003970,2026-06-04 11:15:00-04:00,2026-06-04 12:00:00-04:00,DEACTIVATED_OVERSHOOT_LIMIT,component
historical,EP-01922-ENTRY_ON_TAP,2026-06-04 12:18:00-04:00,IFVG2-000072,2026-06-04 11:20:00-04:00,2026-06-04 12:17:00-04:00,DEACTIVATED_CLOSE_THROUGH,same_direction
historical,EP-01927-ENTRY_ON_TAP,2026-06-04 12:31:00-04:00,IFVG2-003967,2026-06-04 04:15:00-04:00,2026-06-04 12:15:00-04:00,EXPIRED_ACTIVE_8H,inactive_or_traversed
historical,EP-01928-ENTRY_ON_TAP,2026-06-04 12:33:00-04:00,IFVG2-000072,2026-06-04 11:20:00-04:00,2026-06-04 12:17:00-04:00,DEACTIVATED_CLOSE_THROUGH,inactive_or_traversed
historical,EP-01931-ENTRY_ON_FIRST_CLOSE_OUTSIDE,2026-06-04 12:46:00-04:00,IFVG2-004194,2026-06-02 02:58:00-04:00,2026-06-02 10:00:00-04:00,DEACTIVATED_OVERSHOOT_LIMIT,same_direction
historical,EP-01931-ENTRY_ON_MINIMAL_WICK_REJECTION,2026-06-04 12:46:00-04:00,IFVG2-004194,2026-06-02 02:58:00-04:00,2026-06-02 10:00:00-04:00,DEACTIVATED_OVERSHOOT_LIMIT,same_direction
historical,EP-01931-ENTRY_ON_IMMEDIATE_DISPLACEMENT,2026-06-04 12:46:00-04:00,IFVG2-004194,2026-06-02 02:58:00-04:00,2026-06-02 10:00:00-04:00,DEACTIVATED_OVERSHOOT_LIMIT,same_direction
historical,EP-01932-ENTRY_ON_FIRST_CLOSE_OUTSIDE,2026-06-04 12:46:00-04:00,IFVG2-004194,2026-06-02 02:58:00-04:00,2026-06-02 10:00:00-04:00,DEACTIVATED_OVERSHOOT_LIMIT,same_direction
historical,EP-01932-ENTRY_ON_IMMEDIATE_DISPLACEMENT,2026-06-04 12:46:00-04:00,IFVG2-004194,2026-06-02 02:58:00-04:00,2026-06-02 10:00:00-04:00,DEACTIVATED_OVERSHOOT_LIMIT,same_direction
historical,EP-01934-ENTRY_ON_TAP,2026-06-04 12:42:00-04:00,IFVG2-004194,2026-06-02 02:58:00-04:00,2026-06-02 10:00:00-04:00,DEACTIVATED_OVERSHOOT_LIMIT,same_direction
historical,EP-01934-ENTRY_ON_FIRST_CLOSE_OUTSIDE,2026-06-04 12:46:00-04:00,IFVG2-004194,2026-06-02 02:58:00-04:00,2026-06-02 10:00:00-04:00,DEACTIVATED_OVERSHOOT_LIMIT,same_direction
historical,EP-01936-ENTRY_ON_TAP,2026-06-04 12:51:00-04:00,IFVG2-003438,2026-06-03 21:03:00-04:00,2026-06-03 21:20:00-04:00,DEACTIVATED_CLOSE_THROUGH,same_direction
historical,EP-01937-ENTRY_ON_TAP,2026-06-04 12:51:00-04:00,IFVG2-003438,2026-06-03 21:03:00-04:00,2026-06-03 21:20:00-04:00,DEACTIVATED_CLOSE_THROUGH,same_direction
historical,EP-01938-ENTRY_ON_TAP,2026-06-04 12:51:00-04:00,IFVG2-003438,2026-06-03 21:03:00-04:00,2026-06-03 21:20:00-04:00,DEACTIVATED_CLOSE_THROUGH,same_direction
historical,EP-01990-ENTRY_ON_TAP,2026-06-04 13:59:00-04:00,IFVG2-004195,2026-06-02 10:59:00-04:00,2026-06-03 10:00:00-04:00,DEACTIVATED_CLOSE_THROUGH,same_direction
historical,EP-01990-ENTRY_ON_TAP,2026-06-04 13:59:00-04:00,IFVG2-003960,2026-06-03 16:30:00-04:00,2026-06-04 00:37:00-04:00,EXPIRED_UNTOUCHED_8H,inactive_or_traversed
historical,EP-01994-ENTRY_ON_TAP,2026-06-04 14:01:00-04:00,IFVG2-004195,2026-06-02 10:59:00-04:00,2026-06-03 10:00:00-04:00,DEACTIVATED_CLOSE_THROUGH,same_direction
historical,EP-01995-ENTRY_ON_TAP,2026-06-04 14:01:00-04:00,IFVG2-004195,2026-06-02 10:59:00-04:00,2026-06-03 10:00:00-04:00,DEACTIVATED_CLOSE_THROUGH,same_direction
historical,EP-02016-ENTRY_ON_TAP,2026-06-04 15:01:00-04:00,IFVG2-000077,2026-06-04 14:58:00-04:00,2026-06-04 15:05:00-04:00,DEACTIVATED_CLOSE_THROUGH,behind_entry
historical,EP-02026-ENTRY_ON_TAP,2026-06-04 15:01:00-04:00,IFVG2-000077,2026-06-04 14:58:00-04:00,2026-06-04 15:05:00-04:00,DEACTIVATED_CLOSE_THROUGH,behind_entry
historical,EP-02027-ENTRY_ON_TAP,2026-06-04 15:01:00-04:00,IFVG2-000077,2026-06-04 14:58:00-04:00,2026-06-04 15:05:00-04:00,DEACTIVATED_CLOSE_THROUGH,behind_entry
historical,EP-02029-ENTRY_ON_TAP,2026-06-04 15:01:00-04:00,IFVG2-000077,2026-06-04 14:58:00-04:00,2026-06-04 15:05:00-04:00,DEACTIVATED_CLOSE_THROUGH,behind_entry
historical,EP-02030-ENTRY_ON_TAP,2026-06-04 15:01:00-04:00,IFVG2-000077,2026-06-04 14:58:00-04:00,2026-06-04 15:05:00-04:00,DEACTIVATED_CLOSE_THROUGH,behind_entry
historical,EP-02031-ENTRY_ON_TAP,2026-06-04 15:01:00-04:00,IFVG2-000077,2026-06-04 14:58:00-04:00,2026-06-04 15:05:00-04:00,DEACTIVATED_CLOSE_THROUGH,behind_entry
historical,EP-02087-ENTRY_ON_TAP,2026-06-04 15:57:00-04:00,IFVG2-003438,2026-06-03 21:03:00-04:00,2026-06-03 21:20:00-04:00,DEACTIVATED_CLOSE_THROUGH,same_direction
historical,EP-02113-ENTRY_ON_COMPRESSION_BREAK,2026-06-04 19:15:00-04:00,IFVG2-003973,2026-06-04 16:30:00-04:00,2026-06-05 00:45:00-04:00,EXPIRED_ACTIVE_8H,component
historical,EP-02122-ENTRY_ON_TAP,2026-06-04 18:11:00-04:00,IFVG2-003440,2026-06-04 04:24:00-04:00,2026-06-04 11:10:00-04:00,DEACTIVATED_CLOSE_THROUGH,inactive_or_traversed
historical,EP-02132-ENTRY_ON_FIRST_CLOSE_OUTSIDE,2026-06-04 18:36:00-04:00,IFVG2-002537,2026-06-04 18:26:00-04:00,2026-06-04 18:59:00-04:00,DEACTIVATED_CLOSE_THROUGH,component
historical,EP-02132-ENTRY_ON_IMMEDIATE_DISPLACEMENT,2026-06-04 18:36:00-04:00,IFVG2-002537,2026-06-04 18:26:00-04:00,2026-06-04 18:59:00-04:00,DEACTIVATED_CLOSE_THROUGH,component
historical,EP-02133-ENTRY_ON_FIRST_CLOSE_OUTSIDE,2026-06-04 19:30:00-04:00,IFVG2-003442,2026-06-04 09:30:00-04:00,2026-06-04 09:35:00-04:00,DEACTIVATED_CLOSE_THROUGH,same_direction
historical,EP-02133-ENTRY_ON_FIRST_CLOSE_OUTSIDE,2026-06-04 19:30:00-04:00,IFVG2-004130,2026-06-04 18:26:00-04:00,2026-06-04 18:59:00-04:00,DEACTIVATED_CLOSE_THROUGH,component
historical,EP-02133-ENTRY_ON_IMMEDIATE_DISPLACEMENT,2026-06-04 19:30:00-04:00,IFVG2-003442,2026-06-04 09:30:00-04:00,2026-06-04 09:35:00-04:00,DEACTIVATED_CLOSE_THROUGH,same_direction
historical,EP-02133-ENTRY_ON_IMMEDIATE_DISPLACEMENT,2026-06-04 19:30:00-04:00,IFVG2-004130,2026-06-04 18:26:00-04:00,2026-06-04 18:59:00-04:00,DEACTIVATED_CLOSE_THROUGH,component
historical,EP-02141-ENTRY_ON_FIRST_CLOSE_OUTSIDE,2026-06-04 19:15:00-04:00,IFVG2-002538,2026-06-04 18:26:00-04:00,2026-06-04 18:59:00-04:00,DEACTIVATED_CLOSE_THROUGH,component
historical,EP-02141-ENTRY_ON_IMMEDIATE_DISPLACEMENT,2026-06-04 19:15:00-04:00,IFVG2-002538,2026-06-04 18:26:00-04:00,2026-06-04 18:59:00-04:00,DEACTIVATED_CLOSE_THROUGH,component
historical,EP-02143-ENTRY_ON_FIRST_CLOSE_OUTSIDE,2026-06-04 19:15:00-04:00,IFVG2-002538,2026-06-04 18:26:00-04:00,2026-06-04 18:59:00-04:00,DEACTIVATED_CLOSE_THROUGH,component
historical,EP-02143-ENTRY_ON_IMMEDIATE_DISPLACEMENT,2026-06-04 19:15:00-04:00,IFVG2-002538,2026-06-04 18:26:00-04:00,2026-06-04 18:59:00-04:00,DEACTIVATED_CLOSE_THROUGH,component
historical,EP-02145-ENTRY_ON_TAP,2026-06-04 19:30:00-04:00,IFVG2-003442,2026-06-04 09:30:00-04:00,2026-06-04 09:35:00-04:00,DEACTIVATED_CLOSE_THROUGH,same_direction
historical,EP-02146-ENTRY_ON_TAP,2026-06-04 19:30:00-04:00,IFVG2-003442,2026-06-04 09:30:00-04:00,2026-06-04 09:35:00-04:00,DEACTIVATED_CLOSE_THROUGH,same_direction
historical,EP-02147-ENTRY_ON_TAP,2026-06-04 19:30:00-04:00,IFVG2-003442,2026-06-04 09:30:00-04:00,2026-06-04 09:35:00-04:00,DEACTIVATED_CLOSE_THROUGH,same_direction
historical,EP-02155-ENTRY_ON_TAP,2026-06-04 19:55:00-04:00,IFVG2-003969,2026-06-04 08:45:00-04:00,2026-06-04 09:45:00-04:00,DEACTIVATED_CLOSE_THROUGH,inactive_or_traversed
historical,EP-02166-ENTRY_ON_FIRST_CLOSE_OUTSIDE,2026-06-04 20:19:00-04:00,IFVG2-000070,2026-06-04 10:10:00-04:00,2026-06-04 18:10:00-04:00,EXPIRED_UNTOUCHED_8H,component
historical,EP-02166-ENTRY_ON_IMMEDIATE_DISPLACEMENT,2026-06-04 20:19:00-04:00,IFVG2-000070,2026-06-04 10:10:00-04:00,2026-06-04 18:10:00-04:00,EXPIRED_UNTOUCHED_8H,component
historical,EP-02224-ENTRY_ON_IFVG_RETEST,2026-06-04 23:51:00-04:00,IFVG2-003975,2026-06-04 21:58:00-04:00,2026-06-05 00:00:00-04:00,DEACTIVATED_CLOSE_THROUGH,component
historical,EP-02284-ENTRY_ON_DELAYED_DISPLACEMENT,2026-06-05 02:45:00-04:00,IFVG2-003974,2026-06-04 21:44:00-04:00,2026-06-05 02:45:00-04:00,DEACTIVATED_CLOSE_THROUGH,inactive_or_traversed
historical,EP-02284-ENTRY_ON_NEW_FVG,2026-06-05 02:45:00-04:00,IFVG2-003974,2026-06-04 21:44:00-04:00,2026-06-05 02:45:00-04:00,DEACTIVATED_CLOSE_THROUGH,inactive_or_traversed
historical,EP-02306-ENTRY_ON_FIRST_CLOSE_OUTSIDE,2026-06-05 03:20:00-04:00,IFVG2-002539,2026-06-04 21:32:00-04:00,2026-06-05 03:15:00-04:00,DEACTIVATED_CLOSE_THROUGH,same_direction
historical,EP-02306-ENTRY_ON_IMMEDIATE_DISPLACEMENT,2026-06-05 03:20:00-04:00,IFVG2-002539,2026-06-04 21:32:00-04:00,2026-06-05 03:15:00-04:00,DEACTIVATED_CLOSE_THROUGH,same_direction
historical,EP-02312-ENTRY_ON_FIRST_CLOSE_OUTSIDE,2026-06-05 03:20:00-04:00,IFVG2-002539,2026-06-04 21:32:00-04:00,2026-06-05 03:15:00-04:00,DEACTIVATED_CLOSE_THROUGH,same_direction
historical,EP-02345-ENTRY_ON_TAP,2026-06-05 04:30:00-04:00,IFVG2-002540,2026-06-05 02:15:00-04:00,2026-06-05 04:33:00-04:00,DEACTIVATED_CLOSE_THROUGH,same_direction
historical,EP-02345-ENTRY_ON_FIRST_CLOSE_OUTSIDE,2026-06-05 05:05:00-04:00,IFVG2-003981,2026-06-05 04:27:00-04:00,2026-06-05 04:54:00-04:00,DEACTIVATED_CLOSE_THROUGH,inactive_or_traversed
historical,EP-02345-ENTRY_ON_FIRST_CLOSE_OUTSIDE,2026-06-05 05:05:00-04:00,IFVG2-004134,2026-06-05 04:27:00-04:00,2026-06-05 07:30:00-04:00,DEACTIVATED_OVERSHOOT_LIMIT,behind_entry
historical,EP-02345-ENTRY_ON_MINIMAL_WICK_REJECTION,2026-06-05 05:05:00-04:00,IFVG2-003981,2026-06-05 04:27:00-04:00,2026-06-05 04:54:00-04:00,DEACTIVATED_CLOSE_THROUGH,inactive_or_traversed
historical,EP-02345-ENTRY_ON_MINIMAL_WICK_REJECTION,2026-06-05 05:05:00-04:00,IFVG2-004134,2026-06-05 04:27:00-04:00,2026-06-05 07:30:00-04:00,DEACTIVATED_OVERSHOOT_LIMIT,behind_entry
historical,EP-02345-ENTRY_ON_IMMEDIATE_DISPLACEMENT,2026-06-05 05:05:00-04:00,IFVG2-003981,2026-06-05 04:27:00-04:00,2026-06-05 04:54:00-04:00,DEACTIVATED_CLOSE_THROUGH,inactive_or_traversed
historical,EP-02345-ENTRY_ON_IMMEDIATE_DISPLACEMENT,2026-06-05 05:05:00-04:00,IFVG2-004134,2026-06-05 04:27:00-04:00,2026-06-05 07:30:00-04:00,DEACTIVATED_OVERSHOOT_LIMIT,behind_entry
historical,EP-02348-ENTRY_ON_TAP,2026-06-05 05:05:00-04:00,IFVG2-003981,2026-06-05 04:27:00-04:00,2026-06-05 04:54:00-04:00,DEACTIVATED_CLOSE_THROUGH,inactive_or_traversed
historical,EP-02348-ENTRY_ON_TAP,2026-06-05 05:05:00-04:00,IFVG2-004134,2026-06-05 04:27:00-04:00,2026-06-05 07:30:00-04:00,DEACTIVATED_OVERSHOOT_LIMIT,behind_entry
historical,EP-02351-ENTRY_ON_TAP,2026-06-05 04:30:00-04:00,IFVG2-002540,2026-06-05 02:15:00-04:00,2026-06-05 04:33:00-04:00,DEACTIVATED_CLOSE_THROUGH,same_direction
historical,EP-02356-ENTRY_ON_IFVG_RETEST,2026-06-05 04:30:00-04:00,IFVG2-002540,2026-06-05 02:15:00-04:00,2026-06-05 04:33:00-04:00,DEACTIVATED_CLOSE_THROUGH,component
historical,EP-02358-ENTRY_ON_IFVG_RETEST,2026-06-05 04:30:00-04:00,IFVG2-002540,2026-06-05 02:15:00-04:00,2026-06-05 04:33:00-04:00,DEACTIVATED_CLOSE_THROUGH,component
historical,EP-02360-ENTRY_ON_FIRST_CLOSE_OUTSIDE,2026-06-05 05:05:00-04:00,IFVG2-003981,2026-06-05 04:27:00-04:00,2026-06-05 04:54:00-04:00,DEACTIVATED_CLOSE_THROUGH,inactive_or_traversed
historical,EP-02360-ENTRY_ON_FIRST_CLOSE_OUTSIDE,2026-06-05 05:05:00-04:00,IFVG2-004134,2026-06-05 04:27:00-04:00,2026-06-05 07:30:00-04:00,DEACTIVATED_OVERSHOOT_LIMIT,behind_entry
historical,EP-02367-ENTRY_ON_IFVG_RETEST,2026-06-05 04:53:00-04:00,IFVG2-003454,2026-06-05 04:25:00-04:00,2026-06-05 08:05:00-04:00,DEACTIVATED_CLOSE_THROUGH,component
historical,EP-02369-ENTRY_ON_FIRST_CLOSE_OUTSIDE,2026-06-05 05:14:00-04:00,IFVG2-004134,2026-06-05 04:27:00-04:00,2026-06-05 07:30:00-04:00,DEACTIVATED_OVERSHOOT_LIMIT,component
historical,EP-02369-ENTRY_ON_DELAYED_DISPLACEMENT,2026-06-05 05:14:00-04:00,IFVG2-004134,2026-06-05 04:27:00-04:00,2026-06-05 07:30:00-04:00,DEACTIVATED_OVERSHOOT_LIMIT,component
historical,EP-02369-ENTRY_ON_COMPRESSION_BREAK,2026-06-05 05:14:00-04:00,IFVG2-004134,2026-06-05 04:27:00-04:00,2026-06-05 07:30:00-04:00,DEACTIVATED_OVERSHOOT_LIMIT,component
historical,EP-02370-ENTRY_ON_FIRST_CLOSE_OUTSIDE,2026-06-05 05:14:00-04:00,IFVG2-003981,2026-06-05 04:27:00-04:00,2026-06-05 04:54:00-04:00,DEACTIVATED_CLOSE_THROUGH,component
historical,EP-02370-ENTRY_ON_DELAYED_DISPLACEMENT,2026-06-05 05:14:00-04:00,IFVG2-003981,2026-06-05 04:27:00-04:00,2026-06-05 04:54:00-04:00,DEACTIVATED_CLOSE_THROUGH,component
historical,EP-02405-ENTRY_ON_TAP,2026-06-05 06:31:00-04:00,IFVG2-000069,2026-06-04 10:10:00-04:00,2026-06-04 18:10:00-04:00,EXPIRED_UNTOUCHED_8H,inactive_or_traversed
historical,EP-02407-ENTRY_ON_FIRST_CLOSE_OUTSIDE,2026-06-05 06:31:00-04:00,IFVG2-000069,2026-06-04 10:10:00-04:00,2026-06-04 18:10:00-04:00,EXPIRED_UNTOUCHED_8H,inactive_or_traversed
historical,EP-02407-ENTRY_ON_MINIMAL_WICK_REJECTION,2026-06-05 06:31:00-04:00,IFVG2-000069,2026-06-04 10:10:00-04:00,2026-06-04 18:10:00-04:00,EXPIRED_UNTOUCHED_8H,inactive_or_traversed
historical,EP-02407-ENTRY_ON_IMMEDIATE_DISPLACEMENT,2026-06-05 06:31:00-04:00,IFVG2-000069,2026-06-04 10:10:00-04:00,2026-06-04 18:10:00-04:00,EXPIRED_UNTOUCHED_8H,inactive_or_traversed
historical,EP-02414-ENTRY_ON_TAP,2026-06-05 07:25:00-04:00,IFVG2-003450,2026-06-04 23:55:00-04:00,2026-06-05 00:16:00-04:00,DEACTIVATED_CLOSE_THROUGH,inactive_or_traversed
historical,EP-02414-ENTRY_ON_TAP,2026-06-05 07:25:00-04:00,IFVG2-003457,2026-06-05 07:25:00-04:00,2026-06-05 07:30:00-04:00,DEACTIVATED_CLOSE_THROUGH,behind_entry
historical,EP-02415-ENTRY_ON_TAP,2026-06-05 07:25:00-04:00,IFVG2-003450,2026-06-04 23:55:00-04:00,2026-06-05 00:16:00-04:00,DEACTIVATED_CLOSE_THROUGH,inactive_or_traversed
historical,EP-02415-ENTRY_ON_TAP,2026-06-05 07:25:00-04:00,IFVG2-003457,2026-06-05 07:25:00-04:00,2026-06-05 07:30:00-04:00,DEACTIVATED_CLOSE_THROUGH,behind_entry
historical,EP-02416-ENTRY_ON_TAP,2026-06-05 07:25:00-04:00,IFVG2-003450,2026-06-04 23:55:00-04:00,2026-06-05 00:16:00-04:00,DEACTIVATED_CLOSE_THROUGH,inactive_or_traversed
historical,EP-02416-ENTRY_ON_TAP,2026-06-05 07:25:00-04:00,IFVG2-003457,2026-06-05 07:25:00-04:00,2026-06-05 07:30:00-04:00,DEACTIVATED_CLOSE_THROUGH,behind_entry
historical,EP-02417-ENTRY_ON_IFVG_RETEST,2026-06-05 07:26:00-04:00,IFVG2-003457,2026-06-05 07:25:00-04:00,2026-06-05 07:30:00-04:00,DEACTIVATED_CLOSE_THROUGH,component
historical,EP-02426-ENTRY_ON_TAP,2026-06-05 07:55:00-04:00,IFVG2-003457,2026-06-05 07:25:00-04:00,2026-06-05 07:30:00-04:00,DEACTIVATED_CLOSE_THROUGH,inactive_or_traversed
historical,EP-02431-ENTRY_ON_TAP,2026-06-05 07:55:00-04:00,IFVG2-003457,2026-06-05 07:25:00-04:00,2026-06-05 07:30:00-04:00,DEACTIVATED_CLOSE_THROUGH,inactive_or_traversed
historical,EP-03019-ENTRY_ON_TAP,2026-06-07 19:12:00-04:00,IFVG2-000131,2026-06-07 18:56:00-04:00,2026-06-07 19:10:00-04:00,DEACTIVATED_CLOSE_THROUGH,same_direction
historical,EP-03034-ENTRY_ON_NEW_FVG,2026-06-07 20:03:00-04:00,IFVG2-000121,2026-06-05 15:31:00-04:00,2026-06-05 15:35:00-04:00,DEACTIVATED_CLOSE_THROUGH,inactive_or_traversed
historical,EP-03043-ENTRY_ON_TAP,2026-06-07 19:47:00-04:00,IFVG2-000126,2026-06-05 15:59:00-04:00,2026-06-07 18:00:00-04:00,EXPIRED_ACTIVE_8H,same_direction
historical,EP-03046-ENTRY_ON_FIRST_CLOSE_OUTSIDE,2026-06-07 19:54:00-04:00,IFVG2-000126,2026-06-05 15:59:00-04:00,2026-06-07 18:00:00-04:00,EXPIRED_ACTIVE_8H,same_direction
historical,EP-03046-ENTRY_ON_IMMEDIATE_DISPLACEMENT,2026-06-07 19:54:00-04:00,IFVG2-000126,2026-06-05 15:59:00-04:00,2026-06-07 18:00:00-04:00,EXPIRED_ACTIVE_8H,same_direction
historical,EP-03048-ENTRY_ON_TAP,2026-06-07 19:57:00-04:00,IFVG2-000119,2026-06-05 15:25:00-04:00,2026-06-05 15:26:00-04:00,DEACTIVATED_CLOSE_THROUGH,same_direction
historical,EP-03048-ENTRY_ON_FIRST_CLOSE_OUTSIDE,2026-06-07 19:58:00-04:00,IFVG2-000119,2026-06-05 15:25:00-04:00,2026-06-05 15:26:00-04:00,DEACTIVATED_CLOSE_THROUGH,same_direction
historical,EP-03048-ENTRY_ON_IMMEDIATE_DISPLACEMENT,2026-06-07 19:58:00-04:00,IFVG2-000119,2026-06-05 15:25:00-04:00,2026-06-05 15:26:00-04:00,DEACTIVATED_CLOSE_THROUGH,same_direction
historical,EP-03048-ENTRY_ON_NEW_IFVG,2026-06-07 20:03:00-04:00,IFVG2-000121,2026-06-05 15:31:00-04:00,2026-06-05 15:35:00-04:00,DEACTIVATED_CLOSE_THROUGH,inactive_or_traversed
historical,EP-03054-ENTRY_ON_DELAYED_DISPLACEMENT,2026-06-07 20:15:00-04:00,IFVG2-000117,2026-06-05 15:08:00-04:00,2026-06-05 15:48:00-04:00,DEACTIVATED_OVERSHOOT_LIMIT,inactive_or_traversed
historical,EP-03054-ENTRY_ON_NEW_FVG,2026-06-07 20:03:00-04:00,IFVG2-000121,2026-06-05 15:31:00-04:00,2026-06-05 15:35:00-04:00,DEACTIVATED_CLOSE_THROUGH,inactive_or_traversed
historical,EP-03063-ENTRY_ON_FIRST_CLOSE_OUTSIDE,2026-06-07 20:15:00-04:00,IFVG2-000117,2026-06-05 15:08:00-04:00,2026-06-05 15:48:00-04:00,DEACTIVATED_OVERSHOOT_LIMIT,inactive_or_traversed
historical,EP-03063-ENTRY_ON_DELAYED_DISPLACEMENT,2026-06-07 20:15:00-04:00,IFVG2-000117,2026-06-05 15:08:00-04:00,2026-06-05 15:48:00-04:00,DEACTIVATED_OVERSHOOT_LIMIT,inactive_or_traversed
historical,EP-03066-ENTRY_ON_FIRST_CLOSE_OUTSIDE,2026-06-07 20:15:00-04:00,IFVG2-000117,2026-06-05 15:08:00-04:00,2026-06-05 15:48:00-04:00,DEACTIVATED_OVERSHOOT_LIMIT,inactive_or_traversed
historical,EP-03066-ENTRY_ON_IMMEDIATE_DISPLACEMENT,2026-06-07 20:15:00-04:00,IFVG2-000117,2026-06-05 15:08:00-04:00,2026-06-05 15:48:00-04:00,DEACTIVATED_OVERSHOOT_LIMIT,inactive_or_traversed
historical,EP-03068-ENTRY_ON_TAP,2026-06-07 20:15:00-04:00,IFVG2-000117,2026-06-05 15:08:00-04:00,2026-06-05 15:48:00-04:00,DEACTIVATED_OVERSHOOT_LIMIT,inactive_or_traversed
historical,EP-03252-ENTRY_ON_TAP,2026-06-08 00:38:00-04:00,IFVG2-000117,2026-06-05 15:08:00-04:00,2026-06-05 15:48:00-04:00,DEACTIVATED_OVERSHOOT_LIMIT,inactive_or_traversed
historical,EP-03253-ENTRY_ON_TAP,2026-06-08 00:38:00-04:00,IFVG2-000117,2026-06-05 15:08:00-04:00,2026-06-05 15:48:00-04:00,DEACTIVATED_OVERSHOOT_LIMIT,inactive_or_traversed
historical,EP-03259-ENTRY_ON_FIRST_CLOSE_OUTSIDE,2026-06-08 01:30:00-04:00,IFVG2-000132,2026-06-07 20:02:00-04:00,2026-06-07 21:30:00-04:00,DEACTIVATED_CLOSE_THROUGH,same_direction
historical,EP-03259-ENTRY_ON_MINIMAL_WICK_REJECTION,2026-06-08 01:30:00-04:00,IFVG2-000132,2026-06-07 20:02:00-04:00,2026-06-07 21:30:00-04:00,DEACTIVATED_CLOSE_THROUGH,same_direction
historical,EP-03259-ENTRY_ON_IMMEDIATE_DISPLACEMENT,2026-06-08 01:30:00-04:00,IFVG2-000132,2026-06-07 20:02:00-04:00,2026-06-07 21:30:00-04:00,DEACTIVATED_CLOSE_THROUGH,same_direction
historical,EP-03260-ENTRY_ON_TAP,2026-06-08 01:30:00-04:00,IFVG2-000132,2026-06-07 20:02:00-04:00,2026-06-07 21:30:00-04:00,DEACTIVATED_CLOSE_THROUGH,same_direction
historical,EP-03283-ENTRY_ON_IFVG_RETEST,2026-06-08 02:01:00-04:00,IFVG2-003986,2026-06-08 01:45:00-04:00,2026-06-08 02:30:00-04:00,DEACTIVATED_CLOSE_THROUGH,component
historical,EP-03287-ENTRY_ON_TAP,2026-06-08 02:30:00-04:00,IFVG2-002561,2026-06-05 16:00:00-04:00,2026-06-07 18:03:00-04:00,EXPIRED_UNTOUCHED_8H,same_direction
historical,EP-03305-ENTRY_ON_TAP,2026-06-08 02:30:00-04:00,IFVG2-002561,2026-06-05 16:00:00-04:00,2026-06-07 18:03:00-04:00,EXPIRED_UNTOUCHED_8H,same_direction
historical,EP-03319-ENTRY_ON_TAP,2026-06-08 02:50:00-04:00,IFVG2-004199,2026-06-08 01:59:00-04:00,2026-06-08 03:00:00-04:00,DEACTIVATED_CLOSE_THROUGH,behind_entry
historical,EP-03324-ENTRY_ON_TAP,2026-06-08 02:50:00-04:00,IFVG2-004199,2026-06-08 01:59:00-04:00,2026-06-08 03:00:00-04:00,DEACTIVATED_CLOSE_THROUGH,behind_entry
historical,EP-03343-ENTRY_ON_IFVG_RETEST,2026-06-08 03:22:00-04:00,IFVG2-000139,2026-06-07 23:17:00-04:00,2026-06-07 23:29:00-04:00,DEACTIVATED_CLOSE_THROUGH,component
historical,EP-03354-ENTRY_ON_FIRST_CLOSE_OUTSIDE,2026-06-08 06:00:00-04:00,IFVG2-004137,2026-06-08 03:30:00-04:00,2026-06-08 11:30:00-04:00,EXPIRED_ACTIVE_8H,component
historical,EP-03354-ENTRY_ON_MINIMAL_WICK_REJECTION,2026-06-08 06:00:00-04:00,IFVG2-004137,2026-06-08 03:30:00-04:00,2026-06-08 11:30:00-04:00,EXPIRED_ACTIVE_8H,component
historical,EP-03358-ENTRY_ON_DELAYED_DISPLACEMENT,2026-06-08 03:50:00-04:00,IFVG2-003475,2026-06-08 03:25:00-04:00,2026-06-08 04:48:00-04:00,DEACTIVATED_CLOSE_THROUGH,component
historical,EP-03358-ENTRY_ON_NEW_FVG,2026-06-08 03:50:00-04:00,IFVG2-003475,2026-06-08 03:25:00-04:00,2026-06-08 04:48:00-04:00,DEACTIVATED_CLOSE_THROUGH,component
historical,EP-03435-ENTRY_ON_DELAYED_DISPLACEMENT,2026-06-08 05:48:00-04:00,IFVG2-003478,2026-06-08 05:20:00-04:00,2026-06-08 05:35:00-04:00,DEACTIVATED_CLOSE_THROUGH,component
historical,EP-03438-ENTRY_ON_IFVG_RETEST,2026-06-08 05:48:00-04:00,IFVG2-003987,2026-06-08 05:29:00-04:00,2026-06-08 05:44:00-04:00,DEACTIVATED_OVERSHOOT_LIMIT,component
historical,EP-03438-ENTRY_ON_FIRST_CLOSE_OUTSIDE,2026-06-08 06:00:00-04:00,IFVG2-003987,2026-06-08 05:29:00-04:00,2026-06-08 05:44:00-04:00,DEACTIVATED_OVERSHOOT_LIMIT,component
historical,EP-03457-ENTRY_ON_TAP,2026-06-08 06:01:00-04:00,IFVG2-000134,2026-06-07 21:08:00-04:00,2026-06-07 21:10:00-04:00,DEACTIVATED_CLOSE_THROUGH,same_direction
historical,EP-03477-ENTRY_ON_TAP,2026-06-08 07:12:00-04:00,IFVG2-003476,2026-06-08 04:35:00-04:00,2026-06-08 04:40:00-04:00,DEACTIVATED_CLOSE_THROUGH,inactive_or_traversed
historical,EP-03480-ENTRY_ON_TAP,2026-06-08 07:15:00-04:00,IFVG2-003476,2026-06-08 04:35:00-04:00,2026-06-08 04:40:00-04:00,DEACTIVATED_CLOSE_THROUGH,inactive_or_traversed
historical,EP-03482-ENTRY_ON_TAP,2026-06-08 07:12:00-04:00,IFVG2-003476,2026-06-08 04:35:00-04:00,2026-06-08 04:40:00-04:00,DEACTIVATED_CLOSE_THROUGH,inactive_or_traversed
historical,EP-03546-ENTRY_ON_DELAYED_DISPLACEMENT,2026-06-08 08:30:00-04:00,IFVG2-003482,2026-06-08 08:10:00-04:00,2026-06-08 10:00:00-04:00,DEACTIVATED_CLOSE_THROUGH,component
historical,EP-03546-ENTRY_ON_NEW_FVG,2026-06-08 08:30:00-04:00,IFVG2-003482,2026-06-08 08:10:00-04:00,2026-06-08 10:00:00-04:00,DEACTIVATED_CLOSE_THROUGH,component
historical,EP-03559-ENTRY_ON_IFVG_RETEST,2026-06-08 08:24:00-04:00,IFVG2-002587,2026-06-08 08:21:00-04:00,2026-06-08 09:36:00-04:00,DEACTIVATED_OVERSHOOT_LIMIT,component
historical,EP-03559-ENTRY_ON_FIRST_CLOSE_OUTSIDE,2026-06-08 08:27:00-04:00,IFVG2-002587,2026-06-08 08:21:00-04:00,2026-06-08 09:36:00-04:00,DEACTIVATED_OVERSHOOT_LIMIT,component
historical,EP-03559-ENTRY_ON_IMMEDIATE_DISPLACEMENT,2026-06-08 08:27:00-04:00,IFVG2-002587,2026-06-08 08:21:00-04:00,2026-06-08 09:36:00-04:00,DEACTIVATED_OVERSHOOT_LIMIT,component
historical,EP-03559-ENTRY_ON_DELAYED_DISPLACEMENT,2026-06-08 08:30:00-04:00,IFVG2-002587,2026-06-08 08:21:00-04:00,2026-06-08 09:36:00-04:00,DEACTIVATED_OVERSHOOT_LIMIT,component
historical,EP-03561-ENTRY_ON_IFVG_RETEST,2026-06-08 08:24:00-04:00,IFVG2-002587,2026-06-08 08:21:00-04:00,2026-06-08 09:36:00-04:00,DEACTIVATED_OVERSHOOT_LIMIT,component
historical,EP-03561-ENTRY_ON_FIRST_CLOSE_OUTSIDE,2026-06-08 08:26:00-04:00,IFVG2-002587,2026-06-08 08:21:00-04:00,2026-06-08 09:36:00-04:00,DEACTIVATED_OVERSHOOT_LIMIT,component
historical,EP-03561-ENTRY_ON_DELAYED_DISPLACEMENT,2026-06-08 08:28:00-04:00,IFVG2-002587,2026-06-08 08:21:00-04:00,2026-06-08 09:36:00-04:00,DEACTIVATED_OVERSHOOT_LIMIT,component
historical,EP-03561-ENTRY_ON_COMPRESSION_BREAK,2026-06-08 08:28:00-04:00,IFVG2-002587,2026-06-08 08:21:00-04:00,2026-06-08 09:36:00-04:00,DEACTIVATED_OVERSHOOT_LIMIT,component
historical,EP-03661-ENTRY_ON_FIRST_CLOSE_OUTSIDE,2026-06-08 09:38:00-04:00,IFVG2-000156,2026-06-08 09:33:00-04:00,2026-06-08 09:36:00-04:00,DEACTIVATED_OVERSHOOT_LIMIT,component
historical,EP-03661-ENTRY_ON_MINIMAL_WICK_REJECTION,2026-06-08 09:38:00-04:00,IFVG2-000156,2026-06-08 09:33:00-04:00,2026-06-08 09:36:00-04:00,DEACTIVATED_OVERSHOOT_LIMIT,component
historical,EP-03768-ENTRY_ON_IFVG_RETEST,2026-06-08 10:57:00-04:00,IFVG2-000170,2026-06-08 10:51:00-04:00,2026-06-08 10:56:00-04:00,DEACTIVATED_OVERSHOOT_LIMIT,component
historical,EP-03768-ENTRY_ON_FIRST_CLOSE_OUTSIDE,2026-06-08 10:58:00-04:00,IFVG2-000170,2026-06-08 10:51:00-04:00,2026-06-08 10:56:00-04:00,DEACTIVATED_OVERSHOOT_LIMIT,component
historical,EP-03768-ENTRY_ON_IMMEDIATE_DISPLACEMENT,2026-06-08 10:58:00-04:00,IFVG2-000170,2026-06-08 10:51:00-04:00,2026-06-08 10:56:00-04:00,DEACTIVATED_OVERSHOOT_LIMIT,component
historical,EP-03768-ENTRY_ON_NEW_FVG,2026-06-08 10:59:00-04:00,IFVG2-000170,2026-06-08 10:51:00-04:00,2026-06-08 10:56:00-04:00,DEACTIVATED_OVERSHOOT_LIMIT,component
historical,EP-04152-ENTRY_ON_FIRST_CLOSE_OUTSIDE,2026-06-08 18:40:00-04:00,IFVG2-000164,2026-06-08 09:58:00-04:00,2026-06-08 09:59:00-04:00,DEACTIVATED_OVERSHOOT_LIMIT,inactive_or_traversed
historical,EP-04152-ENTRY_ON_DELAYED_DISPLACEMENT,2026-06-08 18:40:00-04:00,IFVG2-000164,2026-06-08 09:58:00-04:00,2026-06-08 09:59:00-04:00,DEACTIVATED_OVERSHOOT_LIMIT,inactive_or_traversed
historical,EP-04153-ENTRY_ON_TAP,2026-06-08 18:40:00-04:00,IFVG2-000164,2026-06-08 09:58:00-04:00,2026-06-08 09:59:00-04:00,DEACTIVATED_OVERSHOOT_LIMIT,inactive_or_traversed
historical,EP-04154-ENTRY_ON_TAP,2026-06-08 18:40:00-04:00,IFVG2-000164,2026-06-08 09:58:00-04:00,2026-06-08 09:59:00-04:00,DEACTIVATED_OVERSHOOT_LIMIT,inactive_or_traversed
historical,EP-04168-ENTRY_ON_TAP,2026-06-08 19:54:00-04:00,IFVG2-000205,2026-06-08 15:27:00-04:00,2026-06-08 16:20:00-04:00,DEACTIVATED_CLOSE_THROUGH,same_direction
historical,EP-04169-ENTRY_ON_IFVG_RETEST,2026-06-08 19:55:00-04:00,IFVG2-003492,2026-06-08 18:58:00-04:00,2026-06-08 20:24:00-04:00,DEACTIVATED_CLOSE_THROUGH,component
historical,EP-04204-ENTRY_ON_IFVG_RETEST,2026-06-08 21:57:00-04:00,IFVG2-003988,2026-06-08 15:15:00-04:00,2026-06-08 21:59:00-04:00,DEACTIVATED_OVERSHOOT_LIMIT,behind_entry
historical,EP-04204-ENTRY_ON_IFVG_RETEST,2026-06-08 21:57:00-04:00,IFVG2-003495,2026-06-08 21:49:00-04:00,2026-06-09 05:50:00-04:00,EXPIRED_ACTIVE_8H,component
historical,EP-04207-ENTRY_ON_TAP,2026-06-08 22:06:00-04:00,IFVG2-003494,2026-06-08 21:40:00-04:00,2026-06-09 05:50:00-04:00,EXPIRED_ACTIVE_8H,behind_entry
historical,EP-04230-ENTRY_ON_FIRST_CLOSE_OUTSIDE,2026-06-08 23:05:00-04:00,IFVG2-000217,2026-06-08 22:45:00-04:00,2026-06-09 06:50:00-04:00,EXPIRED_ACTIVE_8H,component
historical,EP-04231-ENTRY_ON_FIRST_CLOSE_OUTSIDE,2026-06-08 23:05:00-04:00,IFVG2-002598,2026-06-08 22:42:00-04:00,2026-06-09 06:45:00-04:00,EXPIRED_ACTIVE_8H,component
historical,EP-04246-ENTRY_ON_NEW_FVG,2026-06-08 23:51:00-04:00,IFVG2-000201,2026-06-08 14:01:00-04:00,2026-06-08 14:12:00-04:00,DEACTIVATED_CLOSE_THROUGH,same_direction
historical,EP-04255-ENTRY_ON_NEW_IFVG,2026-06-08 23:59:00-04:00,IFVG2-000199,2026-06-08 13:53:00-04:00,2026-06-08 13:57:00-04:00,DEACTIVATED_CLOSE_THROUGH,inactive_or_traversed
historical,EP-04260-ENTRY_ON_TAP,2026-06-09 00:00:00-04:00,IFVG2-000219,2026-06-08 23:51:00-04:00,2026-06-09 00:08:00-04:00,DEACTIVATED_CLOSE_THROUGH,behind_entry
historical,EP-04263-ENTRY_ON_TAP,2026-06-09 00:00:00-04:00,IFVG2-000219,2026-06-08 23:51:00-04:00,2026-06-09 00:08:00-04:00,DEACTIVATED_CLOSE_THROUGH,behind_entry
historical,EP-04267-ENTRY_ON_FIRST_CLOSE_OUTSIDE,2026-06-09 00:09:00-04:00,IFVG2-000175,2026-06-08 11:38:00-04:00,2026-06-08 11:58:00-04:00,DEACTIVATED_CLOSE_THROUGH,same_direction
historical,EP-04267-ENTRY_ON_IMMEDIATE_DISPLACEMENT,2026-06-09 00:09:00-04:00,IFVG2-000175,2026-06-08 11:38:00-04:00,2026-06-08 11:58:00-04:00,DEACTIVATED_CLOSE_THROUGH,same_direction
historical,EP-04268-ENTRY_ON_TAP,2026-06-09 00:15:00-04:00,IFVG2-000185,2026-06-08 12:29:00-04:00,2026-06-08 20:29:00-04:00,EXPIRED_ACTIVE_8H,inactive_or_traversed
historical,EP-04270-ENTRY_ON_FIRST_CLOSE_OUTSIDE,2026-06-09 00:09:00-04:00,IFVG2-000175,2026-06-08 11:38:00-04:00,2026-06-08 11:58:00-04:00,DEACTIVATED_CLOSE_THROUGH,same_direction
historical,EP-04270-ENTRY_ON_IMMEDIATE_DISPLACEMENT,2026-06-09 00:09:00-04:00,IFVG2-000175,2026-06-08 11:38:00-04:00,2026-06-08 11:58:00-04:00,DEACTIVATED_CLOSE_THROUGH,same_direction
historical,EP-04278-ENTRY_ON_TAP,2026-06-09 00:48:00-04:00,IFVG2-000185,2026-06-08 12:29:00-04:00,2026-06-08 20:29:00-04:00,EXPIRED_ACTIVE_8H,same_direction
historical,EP-04279-ENTRY_ON_TAP,2026-06-09 00:42:00-04:00,IFVG2-004202,2026-06-08 11:00:00-04:00,2026-06-08 16:00:00-04:00,DEACTIVATED_CLOSE_THROUGH,inactive_or_traversed
historical,EP-04280-ENTRY_ON_TAP,2026-06-09 00:42:00-04:00,IFVG2-004202,2026-06-08 11:00:00-04:00,2026-06-08 16:00:00-04:00,DEACTIVATED_CLOSE_THROUGH,inactive_or_traversed
historical,EP-04280-ENTRY_ON_FIRST_CLOSE_OUTSIDE,2026-06-09 00:51:00-04:00,IFVG2-000170,2026-06-08 10:51:00-04:00,2026-06-08 10:56:00-04:00,DEACTIVATED_OVERSHOOT_LIMIT,inactive_or_traversed
historical,EP-04289-ENTRY_ON_DELAYED_DISPLACEMENT,2026-06-09 01:33:00-04:00,IFVG2-000176,2026-06-08 11:40:00-04:00,2026-06-08 11:55:00-04:00,DEACTIVATED_CLOSE_THROUGH,same_direction
historical,EP-04289-ENTRY_ON_NEW_IFVG,2026-06-09 01:33:00-04:00,IFVG2-000176,2026-06-08 11:40:00-04:00,2026-06-08 11:55:00-04:00,DEACTIVATED_CLOSE_THROUGH,same_direction
historical,EP-04294-ENTRY_ON_TAP,2026-06-09 01:32:00-04:00,IFVG2-000180,2026-06-08 12:05:00-04:00,2026-06-08 12:06:00-04:00,DEACTIVATED_CLOSE_THROUGH,same_direction
historical,EP-04296-ENTRY_ON_IFVG_RETEST,2026-06-09 01:34:00-04:00,IFVG2-002602,2026-06-09 01:33:00-04:00,2026-06-09 03:39:00-04:00,DEACTIVATED_OVERSHOOT_LIMIT,component
historical,EP-04296-ENTRY_ON_FIRST_CLOSE_OUTSIDE,2026-06-09 01:50:00-04:00,IFVG2-002602,2026-06-09 01:33:00-04:00,2026-06-09 03:39:00-04:00,DEACTIVATED_OVERSHOOT_LIMIT,component
historical,EP-04297-ENTRY_ON_FIRST_CLOSE_OUTSIDE,2026-06-09 01:50:00-04:00,IFVG2-002602,2026-06-09 01:33:00-04:00,2026-06-09 03:39:00-04:00,DEACTIVATED_OVERSHOOT_LIMIT,component
historical,EP-04311-ENTRY_ON_TAP,2026-06-09 02:03:00-04:00,IFVG2-000184,2026-06-08 12:28:00-04:00,2026-06-08 20:28:00-04:00,EXPIRED_UNTOUCHED_8H,inactive_or_traversed
historical,EP-04331-ENTRY_ON_TAP,2026-06-09 02:57:00-04:00,IFVG2-000170,2026-06-08 10:51:00-04:00,2026-06-08 10:56:00-04:00,DEACTIVATED_OVERSHOOT_LIMIT,same_direction
historical,EP-04348-ENTRY_ON_TAP,2026-06-09 03:15:00-04:00,IFVG2-003499,2026-06-09 03:05:00-04:00,2026-06-09 03:25:00-04:00,DEACTIVATED_CLOSE_THROUGH,component
historical,EP-04349-ENTRY_ON_IFVG_RETEST,2026-06-09 03:15:00-04:00,IFVG2-003499,2026-06-09 03:05:00-04:00,2026-06-09 03:25:00-04:00,DEACTIVATED_CLOSE_THROUGH,component
historical,EP-04362-ENTRY_ON_COMPRESSION_BREAK,2026-06-09 04:40:00-04:00,IFVG2-002589,2026-06-08 11:27:00-04:00,2026-06-08 11:48:00-04:00,DEACTIVATED_CLOSE_THROUGH,inactive_or_traversed
historical,EP-04371-ENTRY_ON_IFVG_RETEST,2026-06-09 04:09:00-04:00,IFVG2-002602,2026-06-09 01:33:00-04:00,2026-06-09 03:39:00-04:00,DEACTIVATED_OVERSHOOT_LIMIT,inactive_or_traversed
historical,EP-04371-ENTRY_ON_IFVG_RETEST,2026-06-09 04:09:00-04:00,IFVG2-003500,2026-06-09 03:28:00-04:00,2026-06-09 04:30:00-04:00,DEACTIVATED_CLOSE_THROUGH,component
historical,EP-04380-ENTRY_ON_IFVG_RETEST,2026-06-09 04:22:00-04:00,IFVG2-000221,2026-06-09 04:13:00-04:00,2026-06-09 10:09:00-04:00,DEACTIVATED_OVERSHOOT_LIMIT,component
historical,EP-04382-ENTRY_ON_FIRST_CLOSE_OUTSIDE,2026-06-09 04:40:00-04:00,IFVG2-002589,2026-06-08 11:27:00-04:00,2026-06-08 11:48:00-04:00,DEACTIVATED_CLOSE_THROUGH,inactive_or_traversed
historical,EP-04382-ENTRY_ON_DELAYED_DISPLACEMENT,2026-06-09 04:44:00-04:00,IFVG2-002589,2026-06-08 11:27:00-04:00,2026-06-08 11:48:00-04:00,DEACTIVATED_CLOSE_THROUGH,inactive_or_traversed
historical,EP-04384-ENTRY_ON_TAP,2026-06-09 04:40:00-04:00,IFVG2-002589,2026-06-08 11:27:00-04:00,2026-06-08 11:48:00-04:00,DEACTIVATED_CLOSE_THROUGH,inactive_or_traversed
historical,EP-04385-ENTRY_ON_FIRST_CLOSE_OUTSIDE,2026-06-09 04:40:00-04:00,IFVG2-002589,2026-06-08 11:27:00-04:00,2026-06-08 11:48:00-04:00,DEACTIVATED_CLOSE_THROUGH,inactive_or_traversed
historical,EP-04385-ENTRY_ON_DELAYED_DISPLACEMENT,2026-06-09 04:44:00-04:00,IFVG2-002589,2026-06-08 11:27:00-04:00,2026-06-08 11:48:00-04:00,DEACTIVATED_CLOSE_THROUGH,inactive_or_traversed
historical,EP-04388-ENTRY_ON_TAP,2026-06-09 04:45:00-04:00,IFVG2-000178,2026-06-08 11:49:00-04:00,2026-06-08 11:52:00-04:00,DEACTIVATED_CLOSE_THROUGH,same_direction
historical,EP-04402-ENTRY_ON_TAP,2026-06-09 05:12:00-04:00,IFVG2-002606,2026-06-09 04:39:00-04:00,2026-06-09 04:41:00-04:00,DEACTIVATED_CLOSE_THROUGH,component
historical,EP-04407-ENTRY_ON_TAP,2026-06-09 05:27:00-04:00,IFVG2-003488,2026-06-08 11:30:00-04:00,2026-06-08 11:50:00-04:00,DEACTIVATED_OVERSHOOT_LIMIT,inactive_or_traversed
historical,EP-04429-ENTRY_ON_TAP,2026-06-09 06:07:00-04:00,IFVG2-000220,2026-06-09 04:12:00-04:00,2026-06-09 10:10:00-04:00,DEACTIVATED_CLOSE_THROUGH,component
historical,EP-04484-ENTRY_ON_IFVG_RETEST,2026-06-09 08:42:00-04:00,IFVG2-003504,2026-06-09 08:35:00-04:00,2026-06-09 08:49:00-04:00,DEACTIVATED_CLOSE_THROUGH,component
historical,EP-04485-ENTRY_ON_IFVG_RETEST,2026-06-09 08:42:00-04:00,IFVG2-003504,2026-06-09 08:35:00-04:00,2026-06-09 08:49:00-04:00,DEACTIVATED_CLOSE_THROUGH,component
historical,EP-04489-ENTRY_ON_IFVG_RETEST,2026-06-09 09:00:00-04:00,IFVG2-003990,2026-06-09 08:45:00-04:00,2026-06-09 09:00:00-04:00,DEACTIVATED_OVERSHOOT_LIMIT,component
historical,EP-04489-ENTRY_ON_FIRST_CLOSE_OUTSIDE,2026-06-09 09:30:00-04:00,IFVG2-003990,2026-06-09 08:45:00-04:00,2026-06-09 09:00:00-04:00,DEACTIVATED_OVERSHOOT_LIMIT,component
historical,EP-04489-ENTRY_ON_MINIMAL_WICK_REJECTION,2026-06-09 09:45:00-04:00,IFVG2-003990,2026-06-09 08:45:00-04:00,2026-06-09 09:00:00-04:00,DEACTIVATED_OVERSHOOT_LIMIT,component
historical,EP-04489-ENTRY_ON_STRONG_REJECTION,2026-06-09 09:45:00-04:00,IFVG2-003990,2026-06-09 08:45:00-04:00,2026-06-09 09:00:00-04:00,DEACTIVATED_OVERSHOOT_LIMIT,component
historical,EP-04489-ENTRY_ON_DELAYED_DISPLACEMENT,2026-06-09 09:30:00-04:00,IFVG2-003990,2026-06-09 08:45:00-04:00,2026-06-09 09:00:00-04:00,DEACTIVATED_OVERSHOOT_LIMIT,component
historical,EP-04533-ENTRY_ON_NEW_FVG,2026-06-09 09:44:00-04:00,IFVG2-000223,2026-06-09 09:08:00-04:00,2026-06-09 09:30:00-04:00,DEACTIVATED_OVERSHOOT_LIMIT,inactive_or_traversed
historical,EP-04540-ENTRY_ON_NEW_FVG,2026-06-09 09:44:00-04:00,IFVG2-000223,2026-06-09 09:08:00-04:00,2026-06-09 09:30:00-04:00,DEACTIVATED_OVERSHOOT_LIMIT,inactive_or_traversed
historical,EP-04580-ENTRY_ON_IFVG_RETEST,2026-06-09 10:11:00-04:00,IFVG2-004203,2026-06-09 03:58:00-04:00,2026-06-09 04:59:00-04:00,DEACTIVATED_CLOSE_THROUGH,component
historical,EP-04589-ENTRY_ON_TAP,2026-06-09 10:14:00-04:00,IFVG2-000218,2026-06-08 23:06:00-04:00,2026-06-09 07:06:00-04:00,EXPIRED_UNTOUCHED_8H,component
historical,EP-04594-ENTRY_ON_TAP,2026-06-09 10:18:00-04:00,IFVG2-000205,2026-06-08 15:27:00-04:00,2026-06-08 16:20:00-04:00,DEACTIVATED_CLOSE_THROUGH,same_direction
historical,EP-04601-ENTRY_ON_TAP,2026-06-09 10:18:00-04:00,IFVG2-000205,2026-06-08 15:27:00-04:00,2026-06-08 16:20:00-04:00,DEACTIVATED_CLOSE_THROUGH,same_direction
historical,EP-04636-ENTRY_ON_FIRST_CLOSE_OUTSIDE,2026-06-09 10:50:00-04:00,IFVG2-004200,2026-06-08 03:59:00-04:00,2026-06-09 11:00:00-04:00,DEACTIVATED_OVERSHOOT_LIMIT,behind_entry
historical,EP-04636-ENTRY_ON_IMMEDIATE_DISPLACEMENT,2026-06-09 10:50:00-04:00,IFVG2-004200,2026-06-08 03:59:00-04:00,2026-06-09 11:00:00-04:00,DEACTIVATED_OVERSHOOT_LIMIT,behind_entry
historical,EP-04640-ENTRY_ON_FIRST_CLOSE_OUTSIDE,2026-06-09 10:48:00-04:00,IFVG2-004200,2026-06-08 03:59:00-04:00,2026-06-09 11:00:00-04:00,DEACTIVATED_OVERSHOOT_LIMIT,behind_entry
historical,EP-04640-ENTRY_ON_IMMEDIATE_DISPLACEMENT,2026-06-09 10:48:00-04:00,IFVG2-004200,2026-06-08 03:59:00-04:00,2026-06-09 11:00:00-04:00,DEACTIVATED_OVERSHOOT_LIMIT,behind_entry
historical,EP-04646-ENTRY_ON_TAP,2026-06-09 10:48:00-04:00,IFVG2-004200,2026-06-08 03:59:00-04:00,2026-06-09 11:00:00-04:00,DEACTIVATED_OVERSHOOT_LIMIT,behind_entry
historical,EP-04660-ENTRY_ON_TAP,2026-06-09 10:48:00-04:00,IFVG2-004200,2026-06-08 03:59:00-04:00,2026-06-09 11:00:00-04:00,DEACTIVATED_OVERSHOOT_LIMIT,behind_entry
historical,EP-04660-ENTRY_ON_FIRST_CLOSE_OUTSIDE,2026-06-09 10:49:00-04:00,IFVG2-004200,2026-06-08 03:59:00-04:00,2026-06-09 11:00:00-04:00,DEACTIVATED_OVERSHOOT_LIMIT,behind_entry
historical,EP-04660-ENTRY_ON_IMMEDIATE_DISPLACEMENT,2026-06-09 10:49:00-04:00,IFVG2-004200,2026-06-08 03:59:00-04:00,2026-06-09 11:00:00-04:00,DEACTIVATED_OVERSHOOT_LIMIT,behind_entry
historical,EP-04660-ENTRY_ON_NEW_FVG,2026-06-09 10:49:00-04:00,IFVG2-004200,2026-06-08 03:59:00-04:00,2026-06-09 11:00:00-04:00,DEACTIVATED_OVERSHOOT_LIMIT,behind_entry
historical,EP-04665-ENTRY_ON_TAP,2026-06-09 10:49:00-04:00,IFVG2-004200,2026-06-08 03:59:00-04:00,2026-06-09 11:00:00-04:00,DEACTIVATED_OVERSHOOT_LIMIT,behind_entry
historical,EP-04665-ENTRY_ON_FIRST_CLOSE_OUTSIDE,2026-06-09 10:50:00-04:00,IFVG2-004200,2026-06-08 03:59:00-04:00,2026-06-09 11:00:00-04:00,DEACTIVATED_OVERSHOOT_LIMIT,behind_entry
historical,EP-04665-ENTRY_ON_MINIMAL_WICK_REJECTION,2026-06-09 10:50:00-04:00,IFVG2-004200,2026-06-08 03:59:00-04:00,2026-06-09 11:00:00-04:00,DEACTIVATED_OVERSHOOT_LIMIT,behind_entry
historical,EP-04665-ENTRY_ON_NEW_FVG,2026-06-09 10:50:00-04:00,IFVG2-004200,2026-06-08 03:59:00-04:00,2026-06-09 11:00:00-04:00,DEACTIVATED_OVERSHOOT_LIMIT,behind_entry
historical,EP-04712-ENTRY_ON_NEW_FVG,2026-06-09 11:24:00-04:00,IFVG2-004199,2026-06-08 01:59:00-04:00,2026-06-08 03:00:00-04:00,DEACTIVATED_CLOSE_THROUGH,same_direction
historical,EP-04716-ENTRY_ON_IFVG_RETEST,2026-06-09 11:24:00-04:00,IFVG2-004199,2026-06-08 01:59:00-04:00,2026-06-08 03:00:00-04:00,DEACTIVATED_CLOSE_THROUGH,same_direction
historical,EP-04719-ENTRY_ON_TAP,2026-06-09 11:23:00-04:00,IFVG2-004200,2026-06-08 03:59:00-04:00,2026-06-09 11:00:00-04:00,DEACTIVATED_OVERSHOOT_LIMIT,same_direction
historical,EP-04721-ENTRY_ON_IFVG_RETEST,2026-06-09 11:24:00-04:00,IFVG2-004199,2026-06-08 01:59:00-04:00,2026-06-08 03:00:00-04:00,DEACTIVATED_CLOSE_THROUGH,same_direction
historical,EP-05243-ENTRY_ON_TAP,2026-06-09 20:33:00-04:00,IFVG2-000282,2026-06-09 15:10:00-04:00,2026-06-09 15:55:00-04:00,DEACTIVATED_CLOSE_THROUGH,inactive_or_traversed
historical,EP-05243-ENTRY_ON_TAP,2026-06-09 20:33:00-04:00,IFVG2-003522,2026-06-09 20:05:00-04:00,2026-06-09 20:35:00-04:00,DEACTIVATED_CLOSE_THROUGH,component
historical,EP-05255-ENTRY_ON_FIRST_CLOSE_OUTSIDE,2026-06-09 20:54:00-04:00,IFVG2-003994,2026-06-09 20:45:00-04:00,2026-06-09 20:59:00-04:00,DEACTIVATED_CLOSE_THROUGH,behind_entry
historical,EP-05255-ENTRY_ON_IMMEDIATE_DISPLACEMENT,2026-06-09 20:54:00-04:00,IFVG2-003994,2026-06-09 20:45:00-04:00,2026-06-09 20:59:00-04:00,DEACTIVATED_CLOSE_THROUGH,behind_entry
historical,EP-05255-ENTRY_ON_NEW_IFVG,2026-06-09 20:54:00-04:00,IFVG2-003994,2026-06-09 20:45:00-04:00,2026-06-09 20:59:00-04:00,DEACTIVATED_CLOSE_THROUGH,behind_entry
historical,EP-05256-ENTRY_ON_TAP,2026-06-09 20:54:00-04:00,IFVG2-003994,2026-06-09 20:45:00-04:00,2026-06-09 20:59:00-04:00,DEACTIVATED_CLOSE_THROUGH,behind_entry
historical,EP-05301-ENTRY_ON_COMPRESSION_BREAK,2026-06-10 00:15:00-04:00,IFVG2-000251,2026-06-09 11:51:00-04:00,2026-06-09 11:54:00-04:00,DEACTIVATED_CLOSE_THROUGH,inactive_or_traversed
historical,EP-05335-ENTRY_ON_NEW_FVG,2026-06-10 00:15:00-04:00,IFVG2-000251,2026-06-09 11:51:00-04:00,2026-06-09 11:54:00-04:00,DEACTIVATED_CLOSE_THROUGH,inactive_or_traversed
historical,EP-05336-ENTRY_ON_DELAYED_DISPLACEMENT,2026-06-10 00:15:00-04:00,IFVG2-000251,2026-06-09 11:51:00-04:00,2026-06-09 11:54:00-04:00,DEACTIVATED_CLOSE_THROUGH,inactive_or_traversed
historical,EP-05336-ENTRY_ON_COMPRESSION_BREAK,2026-06-10 00:15:00-04:00,IFVG2-000251,2026-06-09 11:51:00-04:00,2026-06-09 11:54:00-04:00,DEACTIVATED_CLOSE_THROUGH,inactive_or_traversed
historical,EP-05346-ENTRY_ON_DELAYED_DISPLACEMENT,2026-06-10 00:13:00-04:00,IFVG2-000289,2026-06-09 15:39:00-04:00,2026-06-09 15:50:00-04:00,DEACTIVATED_CLOSE_THROUGH,same_direction
historical,EP-05346-ENTRY_ON_NEW_FVG,2026-06-10 00:28:00-04:00,IFVG2-000289,2026-06-09 15:39:00-04:00,2026-06-09 15:50:00-04:00,DEACTIVATED_CLOSE_THROUGH,same_direction
historical,EP-05348-ENTRY_ON_FIRST_CLOSE_OUTSIDE,2026-06-10 00:13:00-04:00,IFVG2-000289,2026-06-09 15:39:00-04:00,2026-06-09 15:50:00-04:00,DEACTIVATED_CLOSE_THROUGH,same_direction
historical,EP-05348-ENTRY_ON_MINIMAL_WICK_REJECTION,2026-06-10 00:13:00-04:00,IFVG2-000289,2026-06-09 15:39:00-04:00,2026-06-09 15:50:00-04:00,DEACTIVATED_CLOSE_THROUGH,same_direction
historical,EP-05348-ENTRY_ON_STRONG_REJECTION,2026-06-10 00:13:00-04:00,IFVG2-000289,2026-06-09 15:39:00-04:00,2026-06-09 15:50:00-04:00,DEACTIVATED_CLOSE_THROUGH,same_direction
historical,EP-05348-ENTRY_ON_NEW_FVG,2026-06-10 00:13:00-04:00,IFVG2-000289,2026-06-09 15:39:00-04:00,2026-06-09 15:50:00-04:00,DEACTIVATED_CLOSE_THROUGH,same_direction
historical,EP-05369-ENTRY_ON_DELAYED_DISPLACEMENT,2026-06-10 01:21:00-04:00,IFVG2-000266,2026-06-09 13:46:00-04:00,2026-06-09 13:57:00-04:00,DEACTIVATED_CLOSE_THROUGH,same_direction
historical,EP-05370-ENTRY_ON_TAP,2026-06-10 01:07:00-04:00,IFVG2-000251,2026-06-09 11:51:00-04:00,2026-06-09 11:54:00-04:00,DEACTIVATED_CLOSE_THROUGH,inactive_or_traversed
historical,EP-05371-ENTRY_ON_DELAYED_DISPLACEMENT,2026-06-10 01:21:00-04:00,IFVG2-000266,2026-06-09 13:46:00-04:00,2026-06-09 13:57:00-04:00,DEACTIVATED_CLOSE_THROUGH,same_direction
historical,EP-05372-ENTRY_ON_DELAYED_DISPLACEMENT,2026-06-10 01:21:00-04:00,IFVG2-000266,2026-06-09 13:46:00-04:00,2026-06-09 13:57:00-04:00,DEACTIVATED_CLOSE_THROUGH,same_direction
historical,EP-05373-ENTRY_ON_FIRST_CLOSE_OUTSIDE,2026-06-10 01:20:00-04:00,IFVG2-000266,2026-06-09 13:46:00-04:00,2026-06-09 13:57:00-04:00,DEACTIVATED_CLOSE_THROUGH,same_direction
historical,EP-05373-ENTRY_ON_IMMEDIATE_DISPLACEMENT,2026-06-10 01:20:00-04:00,IFVG2-000266,2026-06-09 13:46:00-04:00,2026-06-09 13:57:00-04:00,DEACTIVATED_CLOSE_THROUGH,same_direction
historical,EP-05375-ENTRY_ON_COMPRESSION_BREAK,2026-06-10 01:23:00-04:00,IFVG2-000273,2026-06-09 14:08:00-04:00,2026-06-09 14:10:00-04:00,DEACTIVATED_OVERSHOOT_LIMIT,inactive_or_traversed
historical,EP-05382-ENTRY_ON_TAP,2026-06-10 01:25:00-04:00,IFVG2-000287,2026-06-09 15:22:00-04:00,2026-06-09 15:23:00-04:00,DEACTIVATED_CLOSE_THROUGH,same_direction
historical,EP-05438-ENTRY_ON_NEW_FVG,2026-06-10 04:45:00-04:00,IFVG2-002611,2026-06-09 13:48:00-04:00,2026-06-09 13:51:00-04:00,DEACTIVATED_CLOSE_THROUGH,same_direction
historical,EP-05458-ENTRY_ON_TAP,2026-06-10 04:06:00-04:00,IFVG2-000291,2026-06-09 15:47:00-04:00,2026-06-09 15:50:00-04:00,DEACTIVATED_CLOSE_THROUGH,inactive_or_traversed
historical,EP-05461-ENTRY_ON_FIRST_CLOSE_OUTSIDE,2026-06-10 04:06:00-04:00,IFVG2-000291,2026-06-09 15:47:00-04:00,2026-06-09 15:50:00-04:00,DEACTIVATED_CLOSE_THROUGH,inactive_or_traversed
historical,EP-05473-ENTRY_ON_DELAYED_DISPLACEMENT,2026-06-10 04:45:00-04:00,IFVG2-002611,2026-06-09 13:48:00-04:00,2026-06-09 13:51:00-04:00,DEACTIVATED_CLOSE_THROUGH,same_direction
historical,EP-05473-ENTRY_ON_DELAYED_DISPLACEMENT,2026-06-10 04:45:00-04:00,IFVG2-003527,2026-06-10 04:20:00-04:00,2026-06-10 08:35:00-04:00,DEACTIVATED_CLOSE_THROUGH,component
historical,EP-05474-ENTRY_ON_FIRST_CLOSE_OUTSIDE,2026-06-10 04:26:00-04:00,IFVG2-000273,2026-06-09 14:08:00-04:00,2026-06-09 14:10:00-04:00,DEACTIVATED_OVERSHOOT_LIMIT,inactive_or_traversed
historical,EP-05474-ENTRY_ON_IMMEDIATE_DISPLACEMENT,2026-06-10 04:26:00-04:00,IFVG2-000273,2026-06-09 14:08:00-04:00,2026-06-09 14:10:00-04:00,DEACTIVATED_OVERSHOOT_LIMIT,inactive_or_traversed
historical,EP-05474-ENTRY_ON_DELAYED_DISPLACEMENT,2026-06-10 04:31:00-04:00,IFVG2-000262,2026-06-09 13:41:00-04:00,2026-06-09 13:46:00-04:00,DEACTIVATED_CLOSE_THROUGH,inactive_or_traversed
historical,EP-05474-ENTRY_ON_COMPRESSION_BREAK,2026-06-10 04:31:00-04:00,IFVG2-000262,2026-06-09 13:41:00-04:00,2026-06-09 13:46:00-04:00,DEACTIVATED_CLOSE_THROUGH,inactive_or_traversed
historical,EP-05476-ENTRY_ON_MINIMAL_WICK_REJECTION,2026-06-10 04:39:00-04:00,IFVG2-000262,2026-06-09 13:41:00-04:00,2026-06-09 13:46:00-04:00,DEACTIVATED_CLOSE_THROUGH,inactive_or_traversed
historical,EP-05476-ENTRY_ON_NEW_FVG,2026-06-10 04:45:00-04:00,IFVG2-002611,2026-06-09 13:48:00-04:00,2026-06-09 13:51:00-04:00,DEACTIVATED_CLOSE_THROUGH,same_direction
historical,EP-05477-ENTRY_ON_TAP,2026-06-10 04:26:00-04:00,IFVG2-000273,2026-06-09 14:08:00-04:00,2026-06-09 14:10:00-04:00,DEACTIVATED_OVERSHOOT_LIMIT,inactive_or_traversed
historical,EP-05477-ENTRY_ON_FIRST_CLOSE_OUTSIDE,2026-06-10 04:31:00-04:00,IFVG2-000262,2026-06-09 13:41:00-04:00,2026-06-09 13:46:00-04:00,DEACTIVATED_CLOSE_THROUGH,inactive_or_traversed
historical,EP-05477-ENTRY_ON_DELAYED_DISPLACEMENT,2026-06-10 04:31:00-04:00,IFVG2-000262,2026-06-09 13:41:00-04:00,2026-06-09 13:46:00-04:00,DEACTIVATED_CLOSE_THROUGH,inactive_or_traversed
historical,EP-05477-ENTRY_ON_COMPRESSION_BREAK,2026-06-10 04:31:00-04:00,IFVG2-000262,2026-06-09 13:41:00-04:00,2026-06-09 13:46:00-04:00,DEACTIVATED_CLOSE_THROUGH,inactive_or_traversed
historical,EP-05479-ENTRY_ON_FIRST_CLOSE_OUTSIDE,2026-06-10 04:35:00-04:00,IFVG2-000271,2026-06-09 13:59:00-04:00,2026-06-09 14:00:00-04:00,DEACTIVATED_OVERSHOOT_LIMIT,same_direction
historical,EP-05479-ENTRY_ON_DELAYED_DISPLACEMENT,2026-06-10 04:45:00-04:00,IFVG2-002611,2026-06-09 13:48:00-04:00,2026-06-09 13:51:00-04:00,DEACTIVATED_CLOSE_THROUGH,same_direction
historical,EP-05486-ENTRY_ON_TAP,2026-06-10 04:35:00-04:00,IFVG2-000271,2026-06-09 13:59:00-04:00,2026-06-09 14:00:00-04:00,DEACTIVATED_OVERSHOOT_LIMIT,same_direction
historical,EP-05487-ENTRY_ON_TAP,2026-06-10 04:35:00-04:00,IFVG2-000271,2026-06-09 13:59:00-04:00,2026-06-09 14:00:00-04:00,DEACTIVATED_OVERSHOOT_LIMIT,same_direction
historical,EP-05490-ENTRY_ON_FIRST_CLOSE_OUTSIDE,2026-06-10 04:45:00-04:00,IFVG2-002611,2026-06-09 13:48:00-04:00,2026-06-09 13:51:00-04:00,DEACTIVATED_CLOSE_THROUGH,same_direction
historical,EP-05490-ENTRY_ON_IMMEDIATE_DISPLACEMENT,2026-06-10 04:45:00-04:00,IFVG2-002611,2026-06-09 13:48:00-04:00,2026-06-09 13:51:00-04:00,DEACTIVATED_CLOSE_THROUGH,same_direction
historical,EP-05491-ENTRY_ON_FIRST_CLOSE_OUTSIDE,2026-06-10 04:39:00-04:00,IFVG2-000262,2026-06-09 13:41:00-04:00,2026-06-09 13:46:00-04:00,DEACTIVATED_CLOSE_THROUGH,inactive_or_traversed
historical,EP-05491-ENTRY_ON_DELAYED_DISPLACEMENT,2026-06-10 04:39:00-04:00,IFVG2-000262,2026-06-09 13:41:00-04:00,2026-06-09 13:46:00-04:00,DEACTIVATED_CLOSE_THROUGH,inactive_or_traversed
historical,EP-05492-ENTRY_ON_TAP,2026-06-10 04:39:00-04:00,IFVG2-000262,2026-06-09 13:41:00-04:00,2026-06-09 13:46:00-04:00,DEACTIVATED_CLOSE_THROUGH,inactive_or_traversed
historical,EP-05493-ENTRY_ON_TAP,2026-06-10 04:39:00-04:00,IFVG2-000262,2026-06-09 13:41:00-04:00,2026-06-09 13:46:00-04:00,DEACTIVATED_CLOSE_THROUGH,inactive_or_traversed
historical,EP-05494-ENTRY_ON_TAP,2026-06-10 04:43:00-04:00,IFVG2-000265,2026-06-09 13:46:00-04:00,2026-06-09 13:51:00-04:00,DEACTIVATED_CLOSE_THROUGH,inactive_or_traversed
historical,EP-05500-ENTRY_ON_TAP,2026-06-10 04:47:00-04:00,IFVG2-000268,2026-06-09 13:50:00-04:00,2026-06-09 21:50:00-04:00,EXPIRED_UNTOUCHED_8H,inactive_or_traversed
historical,EP-05500-ENTRY_ON_FIRST_CLOSE_OUTSIDE,2026-06-10 04:48:00-04:00,IFVG2-000267,2026-06-09 13:48:00-04:00,2026-06-09 13:50:00-04:00,DEACTIVATED_CLOSE_THROUGH,same_direction
historical,EP-05500-ENTRY_ON_IMMEDIATE_DISPLACEMENT,2026-06-10 04:48:00-04:00,IFVG2-000267,2026-06-09 13:48:00-04:00,2026-06-09 13:50:00-04:00,DEACTIVATED_CLOSE_THROUGH,same_direction
historical,EP-05500-ENTRY_ON_NEW_FVG,2026-06-10 04:48:00-04:00,IFVG2-000267,2026-06-09 13:48:00-04:00,2026-06-09 13:50:00-04:00,DEACTIVATED_CLOSE_THROUGH,same_direction
historical,EP-05514-ENTRY_ON_TAP,2026-06-10 05:04:00-04:00,IFVG2-000267,2026-06-09 13:48:00-04:00,2026-06-09 13:50:00-04:00,DEACTIVATED_CLOSE_THROUGH,same_direction
historical,EP-05521-ENTRY_ON_TAP,2026-06-10 05:12:00-04:00,IFVG2-000259,2026-06-09 13:30:00-04:00,2026-06-09 13:32:00-04:00,DEACTIVATED_CLOSE_THROUGH,same_direction
historical,EP-05521-ENTRY_ON_DELAYED_DISPLACEMENT,2026-06-10 05:16:00-04:00,IFVG2-003992,2026-06-09 13:30:00-04:00,2026-06-09 21:30:00-04:00,EXPIRED_UNTOUCHED_8H,inactive_or_traversed
historical,EP-05524-ENTRY_ON_TAP,2026-06-10 05:13:00-04:00,IFVG2-000259,2026-06-09 13:30:00-04:00,2026-06-09 13:32:00-04:00,DEACTIVATED_CLOSE_THROUGH,inactive_or_traversed
historical,EP-05525-ENTRY_ON_TAP,2026-06-10 05:15:00-04:00,IFVG2-000259,2026-06-09 13:30:00-04:00,2026-06-09 13:32:00-04:00,DEACTIVATED_CLOSE_THROUGH,same_direction
historical,EP-05525-ENTRY_ON_FIRST_CLOSE_OUTSIDE,2026-06-10 05:16:00-04:00,IFVG2-003992,2026-06-09 13:30:00-04:00,2026-06-09 21:30:00-04:00,EXPIRED_UNTOUCHED_8H,inactive_or_traversed
historical,EP-05525-ENTRY_ON_IMMEDIATE_DISPLACEMENT,2026-06-10 05:16:00-04:00,IFVG2-003992,2026-06-09 13:30:00-04:00,2026-06-09 21:30:00-04:00,EXPIRED_UNTOUCHED_8H,inactive_or_traversed
historical,EP-05557-ENTRY_ON_TAP,2026-06-10 05:48:00-04:00,IFVG2-000315,2026-06-10 05:42:00-04:00,2026-06-10 05:44:00-04:00,DEACTIVATED_CLOSE_THROUGH,inactive_or_traversed
historical,EP-05558-ENTRY_ON_TAP,2026-06-10 05:48:00-04:00,IFVG2-000315,2026-06-10 05:42:00-04:00,2026-06-10 05:44:00-04:00,DEACTIVATED_CLOSE_THROUGH,inactive_or_traversed
historical,EP-05577-ENTRY_ON_IFVG_RETEST,2026-06-10 06:25:00-04:00,IFVG2-000316,2026-06-10 06:19:00-04:00,2026-06-10 06:25:00-04:00,DEACTIVATED_CLOSE_THROUGH,same_direction
historical,EP-05577-ENTRY_ON_IFVG_RETEST,2026-06-10 06:25:00-04:00,IFVG2-003528,2026-06-10 06:20:00-04:00,2026-06-10 06:30:00-04:00,DEACTIVATED_CLOSE_THROUGH,component
historical,EP-05580-ENTRY_ON_IFVG_RETEST,2026-06-10 06:25:00-04:00,IFVG2-000316,2026-06-10 06:19:00-04:00,2026-06-10 06:25:00-04:00,DEACTIVATED_CLOSE_THROUGH,component
historical,EP-05590-ENTRY_ON_NEW_IFVG,2026-06-10 07:06:00-04:00,IFVG2-000319,2026-06-10 07:05:00-04:00,2026-06-10 07:07:00-04:00,DEACTIVATED_CLOSE_THROUGH,same_direction
historical,EP-05598-ENTRY_ON_FIRST_CLOSE_OUTSIDE,2026-06-10 07:06:00-04:00,IFVG2-000319,2026-06-10 07:05:00-04:00,2026-06-10 07:07:00-04:00,DEACTIVATED_CLOSE_THROUGH,same_direction
historical,EP-05598-ENTRY_ON_DELAYED_DISPLACEMENT,2026-06-10 07:06:00-04:00,IFVG2-000319,2026-06-10 07:05:00-04:00,2026-06-10 07:07:00-04:00,DEACTIVATED_CLOSE_THROUGH,same_direction
historical,EP-05598-ENTRY_ON_NEW_IFVG,2026-06-10 07:06:00-04:00,IFVG2-000319,2026-06-10 07:05:00-04:00,2026-06-10 07:07:00-04:00,DEACTIVATED_CLOSE_THROUGH,same_direction
historical,EP-05606-ENTRY_ON_DELAYED_DISPLACEMENT,2026-06-10 07:06:00-04:00,IFVG2-000319,2026-06-10 07:05:00-04:00,2026-06-10 07:07:00-04:00,DEACTIVATED_CLOSE_THROUGH,same_direction
historical,EP-05606-ENTRY_ON_NEW_IFVG,2026-06-10 07:06:00-04:00,IFVG2-000319,2026-06-10 07:05:00-04:00,2026-06-10 07:07:00-04:00,DEACTIVATED_CLOSE_THROUGH,same_direction
historical,EP-05607-ENTRY_ON_DELAYED_DISPLACEMENT,2026-06-10 07:06:00-04:00,IFVG2-000319,2026-06-10 07:05:00-04:00,2026-06-10 07:07:00-04:00,DEACTIVATED_CLOSE_THROUGH,same_direction
historical,EP-05607-ENTRY_ON_NEW_IFVG,2026-06-10 07:06:00-04:00,IFVG2-000319,2026-06-10 07:05:00-04:00,2026-06-10 07:07:00-04:00,DEACTIVATED_CLOSE_THROUGH,same_direction
historical,EP-05615-ENTRY_ON_FIRST_CLOSE_OUTSIDE,2026-06-10 07:06:00-04:00,IFVG2-000319,2026-06-10 07:05:00-04:00,2026-06-10 07:07:00-04:00,DEACTIVATED_CLOSE_THROUGH,same_direction
historical,EP-05615-ENTRY_ON_IMMEDIATE_DISPLACEMENT,2026-06-10 07:06:00-04:00,IFVG2-000319,2026-06-10 07:05:00-04:00,2026-06-10 07:07:00-04:00,DEACTIVATED_CLOSE_THROUGH,same_direction
historical,EP-05615-ENTRY_ON_NEW_FVG,2026-06-10 07:06:00-04:00,IFVG2-000319,2026-06-10 07:05:00-04:00,2026-06-10 07:07:00-04:00,DEACTIVATED_CLOSE_THROUGH,same_direction
historical,EP-05615-ENTRY_ON_NEW_IFVG,2026-06-10 07:06:00-04:00,IFVG2-000319,2026-06-10 07:05:00-04:00,2026-06-10 07:07:00-04:00,DEACTIVATED_CLOSE_THROUGH,same_direction
historical,EP-05625-ENTRY_ON_IFVG_RETEST,2026-06-10 07:25:00-04:00,IFVG2-000319,2026-06-10 07:05:00-04:00,2026-06-10 07:07:00-04:00,DEACTIVATED_CLOSE_THROUGH,same_direction
historical,EP-05625-ENTRY_ON_IFVG_RETEST,2026-06-10 07:25:00-04:00,IFVG2-003529,2026-06-10 07:05:00-04:00,2026-06-10 08:35:00-04:00,DEACTIVATED_CLOSE_THROUGH,component
historical,EP-05626-ENTRY_ON_DELAYED_DISPLACEMENT,2026-06-10 07:33:00-04:00,IFVG2-002636,2026-06-10 07:06:00-04:00,2026-06-10 07:24:00-04:00,DEACTIVATED_CLOSE_THROUGH,component
historical,EP-05627-ENTRY_ON_DELAYED_DISPLACEMENT,2026-06-10 07:33:00-04:00,IFVG2-002637,2026-06-10 07:06:00-04:00,2026-06-10 08:33:00-04:00,DEACTIVATED_CLOSE_THROUGH,component
historical,EP-05628-ENTRY_ON_FIRST_CLOSE_OUTSIDE,2026-06-10 07:25:00-04:00,IFVG2-000319,2026-06-10 07:05:00-04:00,2026-06-10 07:07:00-04:00,DEACTIVATED_CLOSE_THROUGH,same_direction
historical,EP-05628-ENTRY_ON_FIRST_CLOSE_OUTSIDE,2026-06-10 07:25:00-04:00,IFVG2-002636,2026-06-10 07:06:00-04:00,2026-06-10 07:24:00-04:00,DEACTIVATED_CLOSE_THROUGH,component
historical,EP-05628-ENTRY_ON_DELAYED_DISPLACEMENT,2026-06-10 07:25:00-04:00,IFVG2-000319,2026-06-10 07:05:00-04:00,2026-06-10 07:07:00-04:00,DEACTIVATED_CLOSE_THROUGH,same_direction
historical,EP-05628-ENTRY_ON_DELAYED_DISPLACEMENT,2026-06-10 07:25:00-04:00,IFVG2-002636,2026-06-10 07:06:00-04:00,2026-06-10 07:24:00-04:00,DEACTIVATED_CLOSE_THROUGH,component
historical,EP-05677-ENTRY_ON_FIRST_CLOSE_OUTSIDE,2026-06-10 08:32:00-04:00,IFVG2-000318,2026-06-10 07:03:00-04:00,2026-06-10 08:30:00-04:00,DEACTIVATED_CLOSE_THROUGH,same_direction
historical,EP-05677-ENTRY_ON_FIRST_CLOSE_OUTSIDE,2026-06-10 08:32:00-04:00,IFVG2-000322,2026-06-10 08:30:00-04:00,2026-06-10 11:12:00-04:00,DEACTIVATED_CLOSE_THROUGH,behind_entry
historical,EP-05677-ENTRY_ON_IMMEDIATE_DISPLACEMENT,2026-06-10 08:32:00-04:00,IFVG2-000318,2026-06-10 07:03:00-04:00,2026-06-10 08:30:00-04:00,DEACTIVATED_CLOSE_THROUGH,same_direction
historical,EP-05677-ENTRY_ON_IMMEDIATE_DISPLACEMENT,2026-06-10 08:32:00-04:00,IFVG2-000322,2026-06-10 08:30:00-04:00,2026-06-10 11:12:00-04:00,DEACTIVATED_CLOSE_THROUGH,behind_entry
historical,EP-05678-ENTRY_ON_IFVG_RETEST,2026-06-10 08:31:00-04:00,IFVG2-003995,2026-06-10 04:13:00-04:00,2026-06-10 08:45:00-04:00,DEACTIVATED_OVERSHOOT_LIMIT,component
historical,EP-05679-ENTRY_ON_IFVG_RETEST,2026-06-10 08:31:00-04:00,IFVG2-002633,2026-06-10 04:13:00-04:00,2026-06-10 08:33:00-04:00,DEACTIVATED_OVERSHOOT_LIMIT,component
historical,EP-05679-ENTRY_ON_FIRST_CLOSE_OUTSIDE,2026-06-10 08:32:00-04:00,IFVG2-000318,2026-06-10 07:03:00-04:00,2026-06-10 08:30:00-04:00,DEACTIVATED_CLOSE_THROUGH,same_direction
historical,EP-05679-ENTRY_ON_FIRST_CLOSE_OUTSIDE,2026-06-10 08:32:00-04:00,IFVG2-002633,2026-06-10 04:13:00-04:00,2026-06-10 08:33:00-04:00,DEACTIVATED_OVERSHOOT_LIMIT,component
historical,EP-05679-ENTRY_ON_FIRST_CLOSE_OUTSIDE,2026-06-10 08:32:00-04:00,IFVG2-000322,2026-06-10 08:30:00-04:00,2026-06-10 11:12:00-04:00,DEACTIVATED_CLOSE_THROUGH,behind_entry
historical,EP-05679-ENTRY_ON_IMMEDIATE_DISPLACEMENT,2026-06-10 08:32:00-04:00,IFVG2-000318,2026-06-10 07:03:00-04:00,2026-06-10 08:30:00-04:00,DEACTIVATED_CLOSE_THROUGH,same_direction
historical,EP-05679-ENTRY_ON_IMMEDIATE_DISPLACEMENT,2026-06-10 08:32:00-04:00,IFVG2-002633,2026-06-10 04:13:00-04:00,2026-06-10 08:33:00-04:00,DEACTIVATED_OVERSHOOT_LIMIT,component
historical,EP-05679-ENTRY_ON_IMMEDIATE_DISPLACEMENT,2026-06-10 08:32:00-04:00,IFVG2-000322,2026-06-10 08:30:00-04:00,2026-06-10 11:12:00-04:00,DEACTIVATED_CLOSE_THROUGH,behind_entry
historical,EP-05705-ENTRY_ON_IFVG_RETEST,2026-06-10 09:00:00-04:00,IFVG2-002639,2026-06-10 08:33:00-04:00,2026-06-10 09:36:00-04:00,DEACTIVATED_OVERSHOOT_LIMIT,same_direction
historical,EP-05705-ENTRY_ON_IFVG_RETEST,2026-06-10 09:00:00-04:00,IFVG2-003997,2026-06-10 08:45:00-04:00,2026-06-10 09:45:00-04:00,DEACTIVATED_OVERSHOOT_LIMIT,component
historical,EP-05711-ENTRY_ON_TAP,2026-06-10 09:00:00-04:00,IFVG2-002639,2026-06-10 08:33:00-04:00,2026-06-10 09:36:00-04:00,DEACTIVATED_OVERSHOOT_LIMIT,same_direction
historical,EP-05714-ENTRY_ON_IFVG_RETEST,2026-06-10 09:00:00-04:00,IFVG2-002639,2026-06-10 08:33:00-04:00,2026-06-10 09:36:00-04:00,DEACTIVATED_OVERSHOOT_LIMIT,same_direction
historical,EP-05717-ENTRY_ON_IFVG_RETEST,2026-06-10 09:00:00-04:00,IFVG2-002639,2026-06-10 08:33:00-04:00,2026-06-10 09:36:00-04:00,DEACTIVATED_OVERSHOOT_LIMIT,same_direction
historical,EP-05717-ENTRY_ON_IFVG_RETEST,2026-06-10 09:00:00-04:00,IFVG2-003997,2026-06-10 08:45:00-04:00,2026-06-10 09:45:00-04:00,DEACTIVATED_OVERSHOOT_LIMIT,component
historical,EP-05734-ENTRY_ON_TAP,2026-06-10 09:35:00-04:00,IFVG2-002635,2026-06-10 05:36:00-04:00,2026-06-10 05:42:00-04:00,DEACTIVATED_CLOSE_THROUGH,same_direction
historical,EP-05747-ENTRY_ON_TAP,2026-06-10 09:35:00-04:00,IFVG2-002635,2026-06-10 05:36:00-04:00,2026-06-10 05:42:00-04:00,DEACTIVATED_CLOSE_THROUGH,same_direction
historical,EP-05780-ENTRY_ON_FIRST_CLOSE_OUTSIDE,2026-06-10 09:52:00-04:00,IFVG2-000306,2026-06-09 20:38:00-04:00,2026-06-09 20:43:00-04:00,DEACTIVATED_CLOSE_THROUGH,inactive_or_traversed
historical,EP-05780-ENTRY_ON_IMMEDIATE_DISPLACEMENT,2026-06-10 09:52:00-04:00,IFVG2-000306,2026-06-09 20:38:00-04:00,2026-06-09 20:43:00-04:00,DEACTIVATED_CLOSE_THROUGH,inactive_or_traversed
historical,EP-05780-ENTRY_ON_NEW_FVG,2026-06-10 09:52:00-04:00,IFVG2-000306,2026-06-09 20:38:00-04:00,2026-06-09 20:43:00-04:00,DEACTIVATED_CLOSE_THROUGH,inactive_or_traversed
historical,EP-05991-ENTRY_ON_NEW_FVG,2026-06-10 13:12:00-04:00,IFVG2-002642,2026-06-10 12:48:00-04:00,2026-06-10 13:57:00-04:00,DEACTIVATED_OVERSHOOT_LIMIT,component
historical,EP-06003-ENTRY_ON_NEW_FVG,2026-06-10 13:20:00-04:00,IFVG2-003533,2026-06-10 12:50:00-04:00,2026-06-10 13:05:00-04:00,DEACTIVATED_OVERSHOOT_LIMIT,component
historical,EP-06007-ENTRY_ON_COMPRESSION_BREAK,2026-06-10 13:11:00-04:00,IFVG2-003533,2026-06-10 12:50:00-04:00,2026-06-10 13:05:00-04:00,DEACTIVATED_OVERSHOOT_LIMIT,component
historical,EP-06015-ENTRY_ON_TAP,2026-06-10 13:16:00-04:00,IFVG2-000346,2026-06-10 13:14:00-04:00,2026-06-10 13:17:00-04:00,DEACTIVATED_OVERSHOOT_LIMIT,component
historical,EP-06015-ENTRY_ON_FIRST_CLOSE_OUTSIDE,2026-06-10 13:18:00-04:00,IFVG2-000346,2026-06-10 13:14:00-04:00,2026-06-10 13:17:00-04:00,DEACTIVATED_OVERSHOOT_LIMIT,component
historical,EP-06015-ENTRY_ON_MINIMAL_WICK_REJECTION,2026-06-10 13:18:00-04:00,IFVG2-000346,2026-06-10 13:14:00-04:00,2026-06-10 13:17:00-04:00,DEACTIVATED_OVERSHOOT_LIMIT,component
historical,EP-06015-ENTRY_ON_DELAYED_DISPLACEMENT,2026-06-10 13:18:00-04:00,IFVG2-000346,2026-06-10 13:14:00-04:00,2026-06-10 13:17:00-04:00,DEACTIVATED_OVERSHOOT_LIMIT,component
historical,EP-06114-ENTRY_ON_TAP,2026-06-10 15:01:00-04:00,IFVG2-000352,2026-06-10 15:00:00-04:00,2026-06-10 15:02:00-04:00,DEACTIVATED_CLOSE_THROUGH,same_direction
historical,EP-06135-ENTRY_ON_IFVG_RETEST,2026-06-10 15:17:00-04:00,IFVG2-000353,2026-06-10 15:15:00-04:00,2026-06-10 15:39:00-04:00,DEACTIVATED_CLOSE_THROUGH,component
historical,EP-06421-ENTRY_ON_NEW_FVG,2026-06-10 21:24:00-04:00,IFVG2-003999,2026-06-10 21:15:00-04:00,2026-06-10 22:00:00-04:00,DEACTIVATED_CLOSE_THROUGH,component
historical,EP-06630-ENTRY_ON_FIRST_CLOSE_OUTSIDE,2026-06-11 00:40:00-04:00,IFVG2-003532,2026-06-10 12:35:00-04:00,2026-06-10 12:40:00-04:00,DEACTIVATED_OVERSHOOT_LIMIT,same_direction
historical,EP-06630-ENTRY_ON_IMMEDIATE_DISPLACEMENT,2026-06-11 00:40:00-04:00,IFVG2-003532,2026-06-10 12:35:00-04:00,2026-06-10 12:40:00-04:00,DEACTIVATED_OVERSHOOT_LIMIT,same_direction
historical,EP-06707-ENTRY_ON_DELAYED_DISPLACEMENT,2026-06-11 03:30:00-04:00,IFVG2-004002,2026-06-11 00:00:00-04:00,2026-06-11 02:15:00-04:00,DEACTIVATED_OVERSHOOT_LIMIT,component
historical,EP-06721-ENTRY_ON_TAP,2026-06-11 02:08:00-04:00,IFVG2-000384,2026-06-10 23:50:00-04:00,2026-06-11 02:06:00-04:00,DEACTIVATED_CLOSE_THROUGH,same_direction
historical,EP-06784-ENTRY_ON_IFVG_RETEST,2026-06-11 03:30:00-04:00,IFVG2-000386,2026-06-11 03:28:00-04:00,2026-06-11 07:08:00-04:00,DEACTIVATED_OVERSHOOT_LIMIT,component
historical,EP-06812-ENTRY_ON_NEW_IFVG,2026-06-11 04:08:00-04:00,IFVG2-000388,2026-06-11 04:07:00-04:00,2026-06-11 05:11:00-04:00,DEACTIVATED_CLOSE_THROUGH,same_direction
historical,EP-06818-ENTRY_ON_NEW_IFVG,2026-06-11 04:08:00-04:00,IFVG2-000388,2026-06-11 04:07:00-04:00,2026-06-11 05:11:00-04:00,DEACTIVATED_CLOSE_THROUGH,same_direction
historical,EP-06834-ENTRY_ON_NEW_IFVG,2026-06-11 04:24:00-04:00,IFVG2-000391,2026-06-11 04:23:00-04:00,2026-06-11 04:29:00-04:00,DEACTIVATED_CLOSE_THROUGH,same_direction
historical,EP-06835-ENTRY_ON_FIRST_CLOSE_OUTSIDE,2026-06-11 04:24:00-04:00,IFVG2-000391,2026-06-11 04:23:00-04:00,2026-06-11 04:29:00-04:00,DEACTIVATED_CLOSE_THROUGH,same_direction
historical,EP-06835-ENTRY_ON_MINIMAL_WICK_REJECTION,2026-06-11 04:24:00-04:00,IFVG2-000391,2026-06-11 04:23:00-04:00,2026-06-11 04:29:00-04:00,DEACTIVATED_CLOSE_THROUGH,same_direction
historical,EP-06835-ENTRY_ON_IMMEDIATE_DISPLACEMENT,2026-06-11 04:24:00-04:00,IFVG2-000391,2026-06-11 04:23:00-04:00,2026-06-11 04:29:00-04:00,DEACTIVATED_CLOSE_THROUGH,same_direction
historical,EP-06836-ENTRY_ON_FIRST_CLOSE_OUTSIDE,2026-06-11 04:24:00-04:00,IFVG2-000391,2026-06-11 04:23:00-04:00,2026-06-11 04:29:00-04:00,DEACTIVATED_CLOSE_THROUGH,same_direction
historical,EP-06836-ENTRY_ON_FIRST_CLOSE_OUTSIDE,2026-06-11 04:24:00-04:00,IFVG2-000389,2026-06-11 04:18:00-04:00,2026-06-11 04:20:00-04:00,DEACTIVATED_CLOSE_THROUGH,component
historical,EP-06836-ENTRY_ON_DELAYED_DISPLACEMENT,2026-06-11 04:24:00-04:00,IFVG2-000391,2026-06-11 04:23:00-04:00,2026-06-11 04:29:00-04:00,DEACTIVATED_CLOSE_THROUGH,same_direction
historical,EP-06836-ENTRY_ON_DELAYED_DISPLACEMENT,2026-06-11 04:24:00-04:00,IFVG2-000389,2026-06-11 04:18:00-04:00,2026-06-11 04:20:00-04:00,DEACTIVATED_CLOSE_THROUGH,component
historical,EP-06836-ENTRY_ON_NEW_FVG,2026-06-11 04:24:00-04:00,IFVG2-000391,2026-06-11 04:23:00-04:00,2026-06-11 04:29:00-04:00,DEACTIVATED_CLOSE_THROUGH,same_direction
historical,EP-06836-ENTRY_ON_NEW_FVG,2026-06-11 04:24:00-04:00,IFVG2-000389,2026-06-11 04:18:00-04:00,2026-06-11 04:20:00-04:00,DEACTIVATED_CLOSE_THROUGH,component
historical,EP-06836-ENTRY_ON_NEW_IFVG,2026-06-11 04:24:00-04:00,IFVG2-000391,2026-06-11 04:23:00-04:00,2026-06-11 04:29:00-04:00,DEACTIVATED_CLOSE_THROUGH,same_direction
historical,EP-06836-ENTRY_ON_NEW_IFVG,2026-06-11 04:24:00-04:00,IFVG2-000389,2026-06-11 04:18:00-04:00,2026-06-11 04:20:00-04:00,DEACTIVATED_CLOSE_THROUGH,component
historical,EP-06837-ENTRY_ON_TAP,2026-06-11 04:26:00-04:00,IFVG2-000391,2026-06-11 04:23:00-04:00,2026-06-11 04:29:00-04:00,DEACTIVATED_CLOSE_THROUGH,same_direction
historical,EP-06843-ENTRY_ON_IFVG_RETEST,2026-06-11 04:26:00-04:00,IFVG2-000391,2026-06-11 04:23:00-04:00,2026-06-11 04:29:00-04:00,DEACTIVATED_CLOSE_THROUGH,component
historical,EP-06843-ENTRY_ON_FIRST_CLOSE_OUTSIDE,2026-06-11 04:27:00-04:00,IFVG2-000391,2026-06-11 04:23:00-04:00,2026-06-11 04:29:00-04:00,DEACTIVATED_CLOSE_THROUGH,component
historical,EP-06978-ENTRY_ON_FIRST_CLOSE_OUTSIDE,2026-06-11 10:00:00-04:00,IFVG2-000393,2026-06-11 04:35:00-04:00,2026-06-11 04:49:00-04:00,DEACTIVATED_CLOSE_THROUGH,same_direction
historical,EP-06978-ENTRY_ON_MINIMAL_WICK_REJECTION,2026-06-11 10:00:00-04:00,IFVG2-000393,2026-06-11 04:35:00-04:00,2026-06-11 04:49:00-04:00,DEACTIVATED_CLOSE_THROUGH,same_direction
historical,EP-06978-ENTRY_ON_STRONG_REJECTION,2026-06-11 10:00:00-04:00,IFVG2-000393,2026-06-11 04:35:00-04:00,2026-06-11 04:49:00-04:00,DEACTIVATED_CLOSE_THROUGH,same_direction
historical,EP-06978-ENTRY_ON_DELAYED_DISPLACEMENT,2026-06-11 10:00:00-04:00,IFVG2-000393,2026-06-11 04:35:00-04:00,2026-06-11 04:49:00-04:00,DEACTIVATED_CLOSE_THROUGH,same_direction
historical,EP-06989-ENTRY_ON_IFVG_RETEST,2026-06-11 07:09:00-04:00,IFVG2-002670,2026-06-11 07:06:00-04:00,2026-06-11 07:09:00-04:00,DEACTIVATED_OVERSHOOT_LIMIT,component
historical,EP-07080-ENTRY_ON_IFVG_RETEST,2026-06-11 08:25:00-04:00,IFVG2-003545,2026-06-11 03:08:00-04:00,2026-06-11 03:15:00-04:00,DEACTIVATED_CLOSE_THROUGH,same_direction
historical,EP-07080-ENTRY_ON_IFVG_RETEST,2026-06-11 08:25:00-04:00,IFVG2-002675,2026-06-11 08:24:00-04:00,2026-06-11 08:54:00-04:00,DEACTIVATED_OVERSHOOT_LIMIT,component
historical,EP-07080-ENTRY_ON_NEW_FVG,2026-06-11 08:30:00-04:00,IFVG2-004000,2026-06-10 21:30:00-04:00,2026-06-10 21:45:00-04:00,DEACTIVATED_CLOSE_THROUGH,inactive_or_traversed
historical,EP-07080-ENTRY_ON_NEW_FVG,2026-06-11 08:30:00-04:00,IFVG2-002675,2026-06-11 08:24:00-04:00,2026-06-11 08:54:00-04:00,DEACTIVATED_OVERSHOOT_LIMIT,component
historical,EP-07081-ENTRY_ON_FIRST_CLOSE_OUTSIDE,2026-06-11 08:30:00-04:00,IFVG2-004000,2026-06-10 21:30:00-04:00,2026-06-10 21:45:00-04:00,DEACTIVATED_CLOSE_THROUGH,inactive_or_traversed
historical,EP-07081-ENTRY_ON_FIRST_CLOSE_OUTSIDE,2026-06-11 08:30:00-04:00,IFVG2-002675,2026-06-11 08:24:00-04:00,2026-06-11 08:54:00-04:00,DEACTIVATED_OVERSHOOT_LIMIT,component
historical,EP-07081-ENTRY_ON_IMMEDIATE_DISPLACEMENT,2026-06-11 08:30:00-04:00,IFVG2-004000,2026-06-10 21:30:00-04:00,2026-06-10 21:45:00-04:00,DEACTIVATED_CLOSE_THROUGH,inactive_or_traversed
historical,EP-07081-ENTRY_ON_IMMEDIATE_DISPLACEMENT,2026-06-11 08:30:00-04:00,IFVG2-002675,2026-06-11 08:24:00-04:00,2026-06-11 08:54:00-04:00,DEACTIVATED_OVERSHOOT_LIMIT,component
historical,EP-07082-ENTRY_ON_NEW_FVG,2026-06-11 08:30:00-04:00,IFVG2-004000,2026-06-10 21:30:00-04:00,2026-06-10 21:45:00-04:00,DEACTIVATED_CLOSE_THROUGH,inactive_or_traversed
historical,EP-07095-ENTRY_ON_FIRST_CLOSE_OUTSIDE,2026-06-11 08:39:00-04:00,IFVG2-003537,2026-06-10 21:35:00-04:00,2026-06-10 21:40:00-04:00,DEACTIVATED_OVERSHOOT_LIMIT,inactive_or_traversed
historical,EP-07095-ENTRY_ON_IMMEDIATE_DISPLACEMENT,2026-06-11 08:39:00-04:00,IFVG2-003537,2026-06-10 21:35:00-04:00,2026-06-10 21:40:00-04:00,DEACTIVATED_OVERSHOOT_LIMIT,inactive_or_traversed
historical,EP-07096-ENTRY_ON_FIRST_CLOSE_OUTSIDE,2026-06-11 08:39:00-04:00,IFVG2-003537,2026-06-10 21:35:00-04:00,2026-06-10 21:40:00-04:00,DEACTIVATED_OVERSHOOT_LIMIT,inactive_or_traversed
historical,EP-07096-ENTRY_ON_IMMEDIATE_DISPLACEMENT,2026-06-11 08:39:00-04:00,IFVG2-003537,2026-06-10 21:35:00-04:00,2026-06-10 21:40:00-04:00,DEACTIVATED_OVERSHOOT_LIMIT,inactive_or_traversed
historical,EP-07192-ENTRY_ON_DELAYED_DISPLACEMENT,2026-06-11 09:51:00-04:00,IFVG2-000410,2026-06-11 09:45:00-04:00,2026-06-11 10:16:00-04:00,DEACTIVATED_OVERSHOOT_LIMIT,component
historical,EP-07195-ENTRY_ON_IFVG_RETEST,2026-06-11 09:51:00-04:00,IFVG2-002678,2026-06-11 09:48:00-04:00,2026-06-11 09:51:00-04:00,DEACTIVATED_OVERSHOOT_LIMIT,component
historical,EP-07195-ENTRY_ON_FIRST_CLOSE_OUTSIDE,2026-06-11 09:54:00-04:00,IFVG2-002678,2026-06-11 09:48:00-04:00,2026-06-11 09:51:00-04:00,DEACTIVATED_OVERSHOOT_LIMIT,component
historical,EP-07195-ENTRY_ON_IMMEDIATE_DISPLACEMENT,2026-06-11 09:54:00-04:00,IFVG2-002678,2026-06-11 09:48:00-04:00,2026-06-11 09:51:00-04:00,DEACTIVATED_OVERSHOOT_LIMIT,component
historical,EP-07195-ENTRY_ON_DELAYED_DISPLACEMENT,2026-06-11 10:03:00-04:00,IFVG2-004199,2026-06-08 01:59:00-04:00,2026-06-08 03:00:00-04:00,DEACTIVATED_CLOSE_THROUGH,inactive_or_traversed
historical,EP-07195-ENTRY_ON_DELAYED_DISPLACEMENT,2026-06-11 10:03:00-04:00,IFVG2-002678,2026-06-11 09:48:00-04:00,2026-06-11 09:51:00-04:00,DEACTIVATED_OVERSHOOT_LIMIT,component
historical,EP-07195-ENTRY_ON_NEW_FVG,2026-06-11 09:54:00-04:00,IFVG2-002678,2026-06-11 09:48:00-04:00,2026-06-11 09:51:00-04:00,DEACTIVATED_OVERSHOOT_LIMIT,component
historical,EP-07202-ENTRY_ON_TAP,2026-06-11 09:52:00-04:00,IFVG2-000391,2026-06-11 04:23:00-04:00,2026-06-11 04:29:00-04:00,DEACTIVATED_CLOSE_THROUGH,inactive_or_traversed
historical,EP-07210-ENTRY_ON_IFVG_RETEST,2026-06-11 10:00:00-04:00,IFVG2-000393,2026-06-11 04:35:00-04:00,2026-06-11 04:49:00-04:00,DEACTIVATED_CLOSE_THROUGH,same_direction
historical,EP-07210-ENTRY_ON_IFVG_RETEST,2026-06-11 10:00:00-04:00,IFVG2-003552,2026-06-11 09:55:00-04:00,2026-06-11 10:15:00-04:00,DEACTIVATED_CLOSE_THROUGH,component
historical,EP-07210-ENTRY_ON_FIRST_CLOSE_OUTSIDE,2026-06-11 10:05:00-04:00,IFVG2-004198,2026-06-07 21:00:00-04:00,2026-06-07 21:58:00-04:00,DEACTIVATED_OVERSHOOT_LIMIT,same_direction
historical,EP-07210-ENTRY_ON_FIRST_CLOSE_OUTSIDE,2026-06-11 10:05:00-04:00,IFVG2-003552,2026-06-11 09:55:00-04:00,2026-06-11 10:15:00-04:00,DEACTIVATED_CLOSE_THROUGH,component
historical,EP-07210-ENTRY_ON_IMMEDIATE_DISPLACEMENT,2026-06-11 10:05:00-04:00,IFVG2-004198,2026-06-07 21:00:00-04:00,2026-06-07 21:58:00-04:00,DEACTIVATED_OVERSHOOT_LIMIT,same_direction
historical,EP-07210-ENTRY_ON_IMMEDIATE_DISPLACEMENT,2026-06-11 10:05:00-04:00,IFVG2-003552,2026-06-11 09:55:00-04:00,2026-06-11 10:15:00-04:00,DEACTIVATED_CLOSE_THROUGH,component
historical,EP-07213-ENTRY_ON_TAP,2026-06-11 10:00:00-04:00,IFVG2-000393,2026-06-11 04:35:00-04:00,2026-06-11 04:49:00-04:00,DEACTIVATED_CLOSE_THROUGH,same_direction
historical,EP-07213-ENTRY_ON_FIRST_CLOSE_OUTSIDE,2026-06-11 10:03:00-04:00,IFVG2-004199,2026-06-08 01:59:00-04:00,2026-06-08 03:00:00-04:00,DEACTIVATED_CLOSE_THROUGH,inactive_or_traversed
historical,EP-07213-ENTRY_ON_MINIMAL_WICK_REJECTION,2026-06-11 10:03:00-04:00,IFVG2-004199,2026-06-08 01:59:00-04:00,2026-06-08 03:00:00-04:00,DEACTIVATED_CLOSE_THROUGH,inactive_or_traversed
historical,EP-07213-ENTRY_ON_IMMEDIATE_DISPLACEMENT,2026-06-11 10:03:00-04:00,IFVG2-004199,2026-06-08 01:59:00-04:00,2026-06-08 03:00:00-04:00,DEACTIVATED_CLOSE_THROUGH,inactive_or_traversed
historical,EP-07215-ENTRY_ON_IFVG_RETEST,2026-06-11 10:00:00-04:00,IFVG2-000393,2026-06-11 04:35:00-04:00,2026-06-11 04:49:00-04:00,DEACTIVATED_CLOSE_THROUGH,same_direction
historical,EP-07215-ENTRY_ON_IFVG_RETEST,2026-06-11 10:00:00-04:00,IFVG2-003552,2026-06-11 09:55:00-04:00,2026-06-11 10:15:00-04:00,DEACTIVATED_CLOSE_THROUGH,component
historical,EP-07215-ENTRY_ON_DELAYED_DISPLACEMENT,2026-06-11 10:02:00-04:00,IFVG2-004198,2026-06-07 21:00:00-04:00,2026-06-07 21:58:00-04:00,DEACTIVATED_OVERSHOOT_LIMIT,same_direction
historical,EP-07215-ENTRY_ON_DELAYED_DISPLACEMENT,2026-06-11 10:02:00-04:00,IFVG2-003552,2026-06-11 09:55:00-04:00,2026-06-11 10:15:00-04:00,DEACTIVATED_CLOSE_THROUGH,component
historical,EP-07216-ENTRY_ON_FIRST_CLOSE_OUTSIDE,2026-06-11 10:02:00-04:00,IFVG2-004198,2026-06-07 21:00:00-04:00,2026-06-07 21:58:00-04:00,DEACTIVATED_OVERSHOOT_LIMIT,same_direction
historical,EP-07216-ENTRY_ON_IMMEDIATE_DISPLACEMENT,2026-06-11 10:02:00-04:00,IFVG2-004198,2026-06-07 21:00:00-04:00,2026-06-07 21:58:00-04:00,DEACTIVATED_OVERSHOOT_LIMIT,same_direction
historical,EP-07216-ENTRY_ON_DELAYED_DISPLACEMENT,2026-06-11 10:05:00-04:00,IFVG2-004198,2026-06-07 21:00:00-04:00,2026-06-07 21:58:00-04:00,DEACTIVATED_OVERSHOOT_LIMIT,same_direction
historical,EP-07218-ENTRY_ON_TAP,2026-06-11 10:03:00-04:00,IFVG2-004199,2026-06-08 01:59:00-04:00,2026-06-08 03:00:00-04:00,DEACTIVATED_CLOSE_THROUGH,inactive_or_traversed
historical,EP-07222-ENTRY_ON_FIRST_CLOSE_OUTSIDE,2026-06-11 10:05:00-04:00,IFVG2-004198,2026-06-07 21:00:00-04:00,2026-06-07 21:58:00-04:00,DEACTIVATED_OVERSHOOT_LIMIT,same_direction
historical,EP-07222-ENTRY_ON_MINIMAL_WICK_REJECTION,2026-06-11 10:05:00-04:00,IFVG2-004198,2026-06-07 21:00:00-04:00,2026-06-07 21:58:00-04:00,DEACTIVATED_OVERSHOOT_LIMIT,same_direction
historical,EP-07222-ENTRY_ON_IMMEDIATE_DISPLACEMENT,2026-06-11 10:05:00-04:00,IFVG2-004198,2026-06-07 21:00:00-04:00,2026-06-07 21:58:00-04:00,DEACTIVATED_OVERSHOOT_LIMIT,same_direction
historical,EP-07229-ENTRY_ON_TAP,2026-06-11 10:12:00-04:00,IFVG2-000389,2026-06-11 04:18:00-04:00,2026-06-11 04:20:00-04:00,DEACTIVATED_CLOSE_THROUGH,same_direction
historical,EP-07232-ENTRY_ON_IFVG_RETEST,2026-06-11 10:12:00-04:00,IFVG2-000389,2026-06-11 04:18:00-04:00,2026-06-11 04:20:00-04:00,DEACTIVATED_CLOSE_THROUGH,same_direction
historical,EP-07499-ENTRY_ON_TAP,2026-06-11 13:29:00-04:00,IFVG2-002666,2026-06-11 04:30:00-04:00,2026-06-11 04:36:00-04:00,DEACTIVATED_CLOSE_THROUGH,same_direction
historical,EP-07658-ENTRY_ON_STRONG_REJECTION,2026-06-11 15:36:00-04:00,IFVG2-004205,2026-06-09 11:00:00-04:00,2026-06-11 21:00:00-04:00,DEACTIVATED_CLOSE_THROUGH,behind_entry
historical,EP-07660-ENTRY_ON_FIRST_CLOSE_OUTSIDE,2026-06-11 15:35:00-04:00,IFVG2-004205,2026-06-09 11:00:00-04:00,2026-06-11 21:00:00-04:00,DEACTIVATED_CLOSE_THROUGH,behind_entry
historical,EP-07660-ENTRY_ON_IMMEDIATE_DISPLACEMENT,2026-06-11 15:35:00-04:00,IFVG2-004205,2026-06-09 11:00:00-04:00,2026-06-11 21:00:00-04:00,DEACTIVATED_CLOSE_THROUGH,behind_entry
historical,EP-07674-ENTRY_ON_TAP,2026-06-11 15:35:00-04:00,IFVG2-004205,2026-06-09 11:00:00-04:00,2026-06-11 21:00:00-04:00,DEACTIVATED_CLOSE_THROUGH,behind_entry
historical,EP-07674-ENTRY_ON_FIRST_CLOSE_OUTSIDE,2026-06-11 15:36:00-04:00,IFVG2-004205,2026-06-09 11:00:00-04:00,2026-06-11 21:00:00-04:00,DEACTIVATED_CLOSE_THROUGH,behind_entry
historical,EP-07674-ENTRY_ON_MINIMAL_WICK_REJECTION,2026-06-11 15:36:00-04:00,IFVG2-004205,2026-06-09 11:00:00-04:00,2026-06-11 21:00:00-04:00,DEACTIVATED_CLOSE_THROUGH,behind_entry
historical,EP-07893-ENTRY_ON_NEW_FVG,2026-06-11 20:07:00-04:00,IFVG2-004203,2026-06-09 03:58:00-04:00,2026-06-09 04:59:00-04:00,DEACTIVATED_CLOSE_THROUGH,inactive_or_traversed
historical,EP-07895-ENTRY_ON_NEW_FVG,2026-06-11 20:27:00-04:00,IFVG2-000446,2026-06-11 20:08:00-04:00,2026-06-11 20:25:00-04:00,DEACTIVATED_CLOSE_THROUGH,inactive_or_traversed
historical,EP-07900-ENTRY_ON_NEW_FVG,2026-06-11 20:07:00-04:00,IFVG2-004203,2026-06-09 03:58:00-04:00,2026-06-09 04:59:00-04:00,DEACTIVATED_CLOSE_THROUGH,inactive_or_traversed
historical,EP-07916-ENTRY_ON_NEW_FVG,2026-06-11 20:27:00-04:00,IFVG2-000446,2026-06-11 20:08:00-04:00,2026-06-11 20:25:00-04:00,DEACTIVATED_CLOSE_THROUGH,inactive_or_traversed
historical,EP-07922-ENTRY_ON_DELAYED_DISPLACEMENT,2026-06-11 20:26:00-04:00,IFVG2-004203,2026-06-09 03:58:00-04:00,2026-06-09 04:59:00-04:00,DEACTIVATED_CLOSE_THROUGH,inactive_or_traversed
historical,EP-07926-ENTRY_ON_FIRST_CLOSE_OUTSIDE,2026-06-11 20:29:00-04:00,IFVG2-004203,2026-06-09 03:58:00-04:00,2026-06-09 04:59:00-04:00,DEACTIVATED_CLOSE_THROUGH,inactive_or_traversed
historical,EP-07926-ENTRY_ON_IMMEDIATE_DISPLACEMENT,2026-06-11 20:29:00-04:00,IFVG2-004203,2026-06-09 03:58:00-04:00,2026-06-09 04:59:00-04:00,DEACTIVATED_CLOSE_THROUGH,inactive_or_traversed
historical,EP-08319-ENTRY_ON_NEW_FVG,2026-06-12 01:51:00-04:00,IFVG2-002718,2026-06-12 01:39:00-04:00,2026-06-12 01:42:00-04:00,DEACTIVATED_CLOSE_THROUGH,component
historical,EP-08320-ENTRY_ON_NEW_FVG,2026-06-12 01:51:00-04:00,IFVG2-002719,2026-06-12 01:39:00-04:00,2026-06-12 04:18:00-04:00,DEACTIVATED_CLOSE_THROUGH,component
historical,EP-08326-ENTRY_ON_DELAYED_DISPLACEMENT,2026-06-12 01:50:00-04:00,IFVG2-002697,2026-06-11 18:02:00-04:00,2026-06-12 01:51:00-04:00,DEACTIVATED_CLOSE_THROUGH,behind_entry
historical,EP-08330-ENTRY_ON_TAP,2026-06-12 01:50:00-04:00,IFVG2-002697,2026-06-11 18:02:00-04:00,2026-06-12 01:51:00-04:00,DEACTIVATED_CLOSE_THROUGH,behind_entry
historical,EP-08338-ENTRY_ON_TAP,2026-06-12 01:50:00-04:00,IFVG2-002697,2026-06-11 18:02:00-04:00,2026-06-12 01:51:00-04:00,DEACTIVATED_CLOSE_THROUGH,behind_entry
historical,EP-08343-ENTRY_ON_DELAYED_DISPLACEMENT,2026-06-12 01:56:00-04:00,IFVG2-002694,2026-06-11 15:51:00-04:00,2026-06-11 15:54:00-04:00,DEACTIVATED_CLOSE_THROUGH,same_direction
historical,EP-08351-ENTRY_ON_DELAYED_DISPLACEMENT,2026-06-12 02:45:00-04:00,IFVG2-004008,2026-06-12 02:00:00-04:00,2026-06-12 04:30:00-04:00,DEACTIVATED_CLOSE_THROUGH,component
historical,EP-08394-ENTRY_ON_FIRST_CLOSE_OUTSIDE,2026-06-12 02:51:00-04:00,IFVG2-004201,2026-06-08 08:00:00-04:00,2026-06-09 11:00:00-04:00,DEACTIVATED_OVERSHOOT_LIMIT,inactive_or_traversed
historical,EP-08394-ENTRY_ON_MINIMAL_WICK_REJECTION,2026-06-12 02:51:00-04:00,IFVG2-004201,2026-06-08 08:00:00-04:00,2026-06-09 11:00:00-04:00,DEACTIVATED_OVERSHOOT_LIMIT,inactive_or_traversed
historical,EP-08394-ENTRY_ON_IMMEDIATE_DISPLACEMENT,2026-06-12 02:51:00-04:00,IFVG2-004201,2026-06-08 08:00:00-04:00,2026-06-09 11:00:00-04:00,DEACTIVATED_OVERSHOOT_LIMIT,inactive_or_traversed
historical,EP-08394-ENTRY_ON_DELAYED_DISPLACEMENT,2026-06-12 02:54:00-04:00,IFVG2-004204,2026-06-09 11:00:00-04:00,2026-06-11 16:00:00-04:00,DEACTIVATED_CLOSE_THROUGH,same_direction
historical,EP-08398-ENTRY_ON_DELAYED_DISPLACEMENT,2026-06-12 02:53:00-04:00,IFVG2-004204,2026-06-09 11:00:00-04:00,2026-06-11 16:00:00-04:00,DEACTIVATED_CLOSE_THROUGH,same_direction
historical,EP-08400-ENTRY_ON_TAP,2026-06-12 02:52:00-04:00,IFVG2-004201,2026-06-08 08:00:00-04:00,2026-06-09 11:00:00-04:00,DEACTIVATED_OVERSHOOT_LIMIT,inactive_or_traversed
historical,EP-08400-ENTRY_ON_FIRST_CLOSE_OUTSIDE,2026-06-12 02:53:00-04:00,IFVG2-004204,2026-06-09 11:00:00-04:00,2026-06-11 16:00:00-04:00,DEACTIVATED_CLOSE_THROUGH,same_direction
historical,EP-08400-ENTRY_ON_IMMEDIATE_DISPLACEMENT,2026-06-12 02:53:00-04:00,IFVG2-004204,2026-06-09 11:00:00-04:00,2026-06-11 16:00:00-04:00,DEACTIVATED_CLOSE_THROUGH,same_direction
historical,EP-08400-ENTRY_ON_DELAYED_DISPLACEMENT,2026-06-12 02:54:00-04:00,IFVG2-004204,2026-06-09 11:00:00-04:00,2026-06-11 16:00:00-04:00,DEACTIVATED_CLOSE_THROUGH,same_direction
historical,EP-08420-ENTRY_ON_FIRST_CLOSE_OUTSIDE,2026-06-12 03:03:00-04:00,IFVG2-000487,2026-06-12 03:00:00-04:00,2026-06-12 03:40:00-04:00,DEACTIVATED_OVERSHOOT_LIMIT,component
historical,EP-08420-ENTRY_ON_IMMEDIATE_DISPLACEMENT,2026-06-12 03:03:00-04:00,IFVG2-000487,2026-06-12 03:00:00-04:00,2026-06-12 03:40:00-04:00,DEACTIVATED_OVERSHOOT_LIMIT,component
historical,EP-08420-ENTRY_ON_DELAYED_DISPLACEMENT,2026-06-12 03:04:00-04:00,IFVG2-000487,2026-06-12 03:00:00-04:00,2026-06-12 03:40:00-04:00,DEACTIVATED_OVERSHOOT_LIMIT,component
historical,EP-08420-ENTRY_ON_NEW_FVG,2026-06-12 03:05:00-04:00,IFVG2-000487,2026-06-12 03:00:00-04:00,2026-06-12 03:40:00-04:00,DEACTIVATED_OVERSHOOT_LIMIT,component
historical,EP-08473-ENTRY_ON_TAP,2026-06-12 03:44:00-04:00,IFVG2-004201,2026-06-08 08:00:00-04:00,2026-06-09 11:00:00-04:00,DEACTIVATED_OVERSHOOT_LIMIT,inactive_or_traversed
historical,EP-08508-ENTRY_ON_NEW_FVG,2026-06-12 05:30:00-04:00,IFVG2-004010,2026-06-12 04:00:00-04:00,2026-06-12 09:15:00-04:00,DEACTIVATED_OVERSHOOT_LIMIT,component
historical,EP-08537-ENTRY_ON_TAP,2026-06-12 04:23:00-04:00,IFVG2-000460,2026-06-11 22:57:00-04:00,2026-06-11 22:58:00-04:00,DEACTIVATED_OVERSHOOT_LIMIT,inactive_or_traversed
historical,EP-08551-ENTRY_ON_TAP,2026-06-12 04:39:00-04:00,IFVG2-000454,2026-06-11 21:36:00-04:00,2026-06-11 21:44:00-04:00,DEACTIVATED_OVERSHOOT_LIMIT,inactive_or_traversed
historical,EP-08599-ENTRY_ON_FIRST_CLOSE_OUTSIDE,2026-06-12 05:27:00-04:00,IFVG2-002705,2026-06-11 20:45:00-04:00,2026-06-11 20:48:00-04:00,DEACTIVATED_OVERSHOOT_LIMIT,inactive_or_traversed
historical,EP-08599-ENTRY_ON_IMMEDIATE_DISPLACEMENT,2026-06-12 05:27:00-04:00,IFVG2-002705,2026-06-11 20:45:00-04:00,2026-06-11 20:48:00-04:00,DEACTIVATED_OVERSHOOT_LIMIT,inactive_or_traversed
historical,EP-08601-ENTRY_ON_DELAYED_DISPLACEMENT,2026-06-12 05:27:00-04:00,IFVG2-002705,2026-06-11 20:45:00-04:00,2026-06-11 20:48:00-04:00,DEACTIVATED_OVERSHOOT_LIMIT,inactive_or_traversed
historical,EP-08601-ENTRY_ON_NEW_FVG,2026-06-12 05:29:00-04:00,IFVG2-000449,2026-06-11 20:45:00-04:00,2026-06-11 20:46:00-04:00,DEACTIVATED_CLOSE_THROUGH,same_direction
historical,EP-08602-ENTRY_ON_DELAYED_DISPLACEMENT,2026-06-12 05:27:00-04:00,IFVG2-002705,2026-06-11 20:45:00-04:00,2026-06-11 20:48:00-04:00,DEACTIVATED_OVERSHOOT_LIMIT,inactive_or_traversed
historical,EP-08602-ENTRY_ON_NEW_FVG,2026-06-12 05:29:00-04:00,IFVG2-000449,2026-06-11 20:45:00-04:00,2026-06-11 20:46:00-04:00,DEACTIVATED_CLOSE_THROUGH,same_direction
historical,EP-08792-ENTRY_ON_FIRST_CLOSE_OUTSIDE,2026-06-12 07:55:00-04:00,IFVG2-003574,2026-06-12 07:45:00-04:00,2026-06-12 07:50:00-04:00,DEACTIVATED_CLOSE_THROUGH,component
historical,EP-08792-ENTRY_ON_MINIMAL_WICK_REJECTION,2026-06-12 07:55:00-04:00,IFVG2-003574,2026-06-12 07:45:00-04:00,2026-06-12 07:50:00-04:00,DEACTIVATED_CLOSE_THROUGH,component
historical,EP-08792-ENTRY_ON_IMMEDIATE_DISPLACEMENT,2026-06-12 07:55:00-04:00,IFVG2-003574,2026-06-12 07:45:00-04:00,2026-06-12 07:50:00-04:00,DEACTIVATED_CLOSE_THROUGH,component
historical,EP-08905-ENTRY_ON_TAP,2026-06-12 09:30:00-04:00,IFVG2-003572,2026-06-12 04:55:00-04:00,2026-06-12 05:00:00-04:00,DEACTIVATED_CLOSE_THROUGH,inactive_or_traversed
historical,EP-08918-ENTRY_ON_TAP,2026-06-12 09:30:00-04:00,IFVG2-003572,2026-06-12 04:55:00-04:00,2026-06-12 05:00:00-04:00,DEACTIVATED_CLOSE_THROUGH,inactive_or_traversed
historical,EP-08919-ENTRY_ON_TAP,2026-06-12 09:30:00-04:00,IFVG2-003572,2026-06-12 04:55:00-04:00,2026-06-12 05:00:00-04:00,DEACTIVATED_CLOSE_THROUGH,inactive_or_traversed
historical,EP-08928-ENTRY_ON_TAP,2026-06-12 09:33:00-04:00,IFVG2-002724,2026-06-12 03:57:00-04:00,2026-06-12 09:03:00-04:00,DEACTIVATED_CLOSE_THROUGH,same_direction
historical,EP-08943-ENTRY_ON_TAP,2026-06-12 09:41:00-04:00,IFVG2-004009,2026-06-12 03:45:00-04:00,2026-06-12 04:00:00-04:00,DEACTIVATED_OVERSHOOT_LIMIT,same_direction
historical,EP-08946-ENTRY_ON_FIRST_CLOSE_OUTSIDE,2026-06-12 09:44:00-04:00,IFVG2-000488,2026-06-12 03:35:00-04:00,2026-06-12 09:33:00-04:00,DEACTIVATED_CLOSE_THROUGH,same_direction
historical,EP-08946-ENTRY_ON_MINIMAL_WICK_REJECTION,2026-06-12 09:44:00-04:00,IFVG2-000488,2026-06-12 03:35:00-04:00,2026-06-12 09:33:00-04:00,DEACTIVATED_CLOSE_THROUGH,same_direction
historical,EP-08946-ENTRY_ON_IMMEDIATE_DISPLACEMENT,2026-06-12 09:44:00-04:00,IFVG2-000488,2026-06-12 03:35:00-04:00,2026-06-12 09:33:00-04:00,DEACTIVATED_CLOSE_THROUGH,same_direction
historical,EP-08947-ENTRY_ON_FIRST_CLOSE_OUTSIDE,2026-06-12 09:44:00-04:00,IFVG2-000488,2026-06-12 03:35:00-04:00,2026-06-12 09:33:00-04:00,DEACTIVATED_CLOSE_THROUGH,same_direction
historical,EP-08947-ENTRY_ON_MINIMAL_WICK_REJECTION,2026-06-12 09:44:00-04:00,IFVG2-000488,2026-06-12 03:35:00-04:00,2026-06-12 09:33:00-04:00,DEACTIVATED_CLOSE_THROUGH,same_direction
historical,EP-08947-ENTRY_ON_IMMEDIATE_DISPLACEMENT,2026-06-12 09:44:00-04:00,IFVG2-000488,2026-06-12 03:35:00-04:00,2026-06-12 09:33:00-04:00,DEACTIVATED_CLOSE_THROUGH,same_direction
historical,EP-08948-ENTRY_ON_DELAYED_DISPLACEMENT,2026-06-12 09:57:00-04:00,IFVG2-004014,2026-06-12 09:45:00-04:00,2026-06-12 10:00:00-04:00,DEACTIVATED_OVERSHOOT_LIMIT,behind_entry
historical,EP-08952-ENTRY_ON_IFVG_RETEST,2026-06-12 09:50:00-04:00,IFVG2-000518,2026-06-12 09:42:00-04:00,2026-06-12 09:43:00-04:00,DEACTIVATED_CLOSE_THROUGH,same_direction
historical,EP-08952-ENTRY_ON_IFVG_RETEST,2026-06-12 09:50:00-04:00,IFVG2-003578,2026-06-12 09:45:00-04:00,2026-06-12 09:55:00-04:00,DEACTIVATED_OVERSHOOT_LIMIT,component
historical,EP-08956-ENTRY_ON_TAP,2026-06-12 09:50:00-04:00,IFVG2-000518,2026-06-12 09:42:00-04:00,2026-06-12 09:43:00-04:00,DEACTIVATED_CLOSE_THROUGH,same_direction
historical,EP-08957-ENTRY_ON_FIRST_CLOSE_OUTSIDE,2026-06-12 09:53:00-04:00,IFVG2-004014,2026-06-12 09:45:00-04:00,2026-06-12 10:00:00-04:00,DEACTIVATED_OVERSHOOT_LIMIT,behind_entry
historical,EP-08957-ENTRY_ON_MINIMAL_WICK_REJECTION,2026-06-12 09:53:00-04:00,IFVG2-004014,2026-06-12 09:45:00-04:00,2026-06-12 10:00:00-04:00,DEACTIVATED_OVERSHOOT_LIMIT,behind_entry
historical,EP-08957-ENTRY_ON_IMMEDIATE_DISPLACEMENT,2026-06-12 09:53:00-04:00,IFVG2-004014,2026-06-12 09:45:00-04:00,2026-06-12 10:00:00-04:00,DEACTIVATED_OVERSHOOT_LIMIT,behind_entry
historical,EP-08957-ENTRY_ON_DELAYED_DISPLACEMENT,2026-06-12 09:56:00-04:00,IFVG2-004014,2026-06-12 09:45:00-04:00,2026-06-12 10:00:00-04:00,DEACTIVATED_OVERSHOOT_LIMIT,behind_entry
historical,EP-08957-ENTRY_ON_NEW_FVG,2026-06-12 09:58:00-04:00,IFVG2-004014,2026-06-12 09:45:00-04:00,2026-06-12 10:00:00-04:00,DEACTIVATED_OVERSHOOT_LIMIT,behind_entry
historical,EP-08958-ENTRY_ON_FIRST_CLOSE_OUTSIDE,2026-06-12 09:57:00-04:00,IFVG2-004014,2026-06-12 09:45:00-04:00,2026-06-12 10:00:00-04:00,DEACTIVATED_OVERSHOOT_LIMIT,behind_entry
historical,EP-08958-ENTRY_ON_MINIMAL_WICK_REJECTION,2026-06-12 09:57:00-04:00,IFVG2-004014,2026-06-12 09:45:00-04:00,2026-06-12 10:00:00-04:00,DEACTIVATED_OVERSHOOT_LIMIT,behind_entry
historical,EP-08958-ENTRY_ON_IMMEDIATE_DISPLACEMENT,2026-06-12 09:57:00-04:00,IFVG2-004014,2026-06-12 09:45:00-04:00,2026-06-12 10:00:00-04:00,DEACTIVATED_OVERSHOOT_LIMIT,behind_entry
historical,EP-08962-ENTRY_ON_TAP,2026-06-12 09:56:00-04:00,IFVG2-004014,2026-06-12 09:45:00-04:00,2026-06-12 10:00:00-04:00,DEACTIVATED_OVERSHOOT_LIMIT,behind_entry
historical,EP-08962-ENTRY_ON_FIRST_CLOSE_OUTSIDE,2026-06-12 09:57:00-04:00,IFVG2-004014,2026-06-12 09:45:00-04:00,2026-06-12 10:00:00-04:00,DEACTIVATED_OVERSHOOT_LIMIT,behind_entry
historical,EP-08962-ENTRY_ON_NEW_FVG,2026-06-12 09:58:00-04:00,IFVG2-004014,2026-06-12 09:45:00-04:00,2026-06-12 10:00:00-04:00,DEACTIVATED_OVERSHOOT_LIMIT,behind_entry
historical,EP-09815-ENTRY_ON_STRONG_REJECTION,2026-06-14 23:19:00-04:00,IFVG2-002742,2026-06-14 23:12:00-04:00,2026-06-14 23:15:00-04:00,DEACTIVATED_OVERSHOOT_LIMIT,component
historical,EP-09815-ENTRY_ON_NEW_FVG,2026-06-14 23:19:00-04:00,IFVG2-002742,2026-06-14 23:12:00-04:00,2026-06-14 23:15:00-04:00,DEACTIVATED_OVERSHOOT_LIMIT,component
historical,EP-09818-ENTRY_ON_FIRST_CLOSE_OUTSIDE,2026-06-14 23:18:00-04:00,IFVG2-002742,2026-06-14 23:12:00-04:00,2026-06-14 23:15:00-04:00,DEACTIVATED_OVERSHOOT_LIMIT,component
historical,EP-09818-ENTRY_ON_IMMEDIATE_DISPLACEMENT,2026-06-14 23:18:00-04:00,IFVG2-002742,2026-06-14 23:12:00-04:00,2026-06-14 23:15:00-04:00,DEACTIVATED_OVERSHOOT_LIMIT,component
historical,EP-09839-ENTRY_ON_IFVG_RETEST,2026-06-14 23:35:00-04:00,IFVG2-003585,2026-06-14 23:15:00-04:00,2026-06-14 23:35:00-04:00,DEACTIVATED_OVERSHOOT_LIMIT,component
historical,EP-09904-ENTRY_ON_DELAYED_DISPLACEMENT,2026-06-15 00:34:00-04:00,IFVG2-003586,2026-06-15 00:30:00-04:00,2026-06-15 08:30:00-04:00,EXPIRED_ACTIVE_8H,component
historical,EP-09907-ENTRY_ON_FIRST_CLOSE_OUTSIDE,2026-06-15 00:45:00-04:00,IFVG2-003586,2026-06-15 00:30:00-04:00,2026-06-15 08:30:00-04:00,EXPIRED_ACTIVE_8H,component
historical,EP-10400-ENTRY_ON_FIRST_CLOSE_OUTSIDE,2026-06-15 07:55:00-04:00,IFVG2-003589,2026-06-15 07:05:00-04:00,2026-06-15 08:35:00-04:00,DEACTIVATED_CLOSE_THROUGH,component
historical,EP-10400-ENTRY_ON_IMMEDIATE_DISPLACEMENT,2026-06-15 07:55:00-04:00,IFVG2-003589,2026-06-15 07:05:00-04:00,2026-06-15 08:35:00-04:00,DEACTIVATED_CLOSE_THROUGH,component
historical,EP-10513-ENTRY_ON_FIRST_CLOSE_OUTSIDE,2026-06-15 09:27:00-04:00,IFVG2-002748,2026-06-15 09:15:00-04:00,2026-06-15 18:03:00-04:00,EXPIRED_ACTIVE_8H,component
historical,EP-10513-ENTRY_ON_IMMEDIATE_DISPLACEMENT,2026-06-15 09:27:00-04:00,IFVG2-002748,2026-06-15 09:15:00-04:00,2026-06-15 18:03:00-04:00,EXPIRED_ACTIVE_8H,component
historical,EP-10514-ENTRY_ON_NEW_FVG,2026-06-15 09:26:00-04:00,IFVG2-002748,2026-06-15 09:15:00-04:00,2026-06-15 18:03:00-04:00,EXPIRED_ACTIVE_8H,component
historical,EP-10579-ENTRY_ON_TAP,2026-06-15 09:56:00-04:00,IFVG2-004196,2026-06-04 16:59:00-04:00,2026-06-15 10:00:00-04:00,DEACTIVATED_OVERSHOOT_LIMIT,same_direction
historical,EP-10643-ENTRY_ON_FIRST_CLOSE_OUTSIDE,2026-06-15 11:03:00-04:00,IFVG2-002749,2026-06-15 10:57:00-04:00,2026-06-15 18:30:00-04:00,DEACTIVATED_OVERSHOOT_LIMIT,component
historical,EP-10644-ENTRY_ON_IFVG_RETEST,2026-06-15 10:59:00-04:00,IFVG2-002749,2026-06-15 10:57:00-04:00,2026-06-15 18:30:00-04:00,DEACTIVATED_OVERSHOOT_LIMIT,component
historical,EP-10644-ENTRY_ON_FIRST_CLOSE_OUTSIDE,2026-06-15 11:01:00-04:00,IFVG2-002749,2026-06-15 10:57:00-04:00,2026-06-15 18:30:00-04:00,DEACTIVATED_OVERSHOOT_LIMIT,component
historical,EP-10644-ENTRY_ON_DELAYED_DISPLACEMENT,2026-06-15 11:01:00-04:00,IFVG2-002749,2026-06-15 10:57:00-04:00,2026-06-15 18:30:00-04:00,DEACTIVATED_OVERSHOOT_LIMIT,component
historical,EP-10645-ENTRY_ON_DELAYED_DISPLACEMENT,2026-06-15 11:04:00-04:00,IFVG2-004191,2026-06-01 13:00:00-04:00,2026-06-01 18:59:00-04:00,DEACTIVATED_CLOSE_THROUGH,same_direction
historical,EP-10652-ENTRY_ON_TAP,2026-06-15 11:04:00-04:00,IFVG2-004191,2026-06-01 13:00:00-04:00,2026-06-01 18:59:00-04:00,DEACTIVATED_CLOSE_THROUGH,same_direction
historical,EP-10689-ENTRY_ON_DELAYED_DISPLACEMENT,2026-06-15 11:50:00-04:00,IFVG2-004195,2026-06-02 10:59:00-04:00,2026-06-03 10:00:00-04:00,DEACTIVATED_CLOSE_THROUGH,same_direction
historical,EP-10705-ENTRY_ON_FIRST_CLOSE_OUTSIDE,2026-06-15 11:49:00-04:00,IFVG2-004195,2026-06-02 10:59:00-04:00,2026-06-03 10:00:00-04:00,DEACTIVATED_CLOSE_THROUGH,same_direction
historical,EP-10705-ENTRY_ON_DELAYED_DISPLACEMENT,2026-06-15 11:50:00-04:00,IFVG2-004195,2026-06-02 10:59:00-04:00,2026-06-03 10:00:00-04:00,DEACTIVATED_CLOSE_THROUGH,same_direction
historical,EP-10707-ENTRY_ON_FIRST_CLOSE_OUTSIDE,2026-06-15 11:50:00-04:00,IFVG2-004195,2026-06-02 10:59:00-04:00,2026-06-03 10:00:00-04:00,DEACTIVATED_CLOSE_THROUGH,same_direction
historical,EP-10707-ENTRY_ON_MINIMAL_WICK_REJECTION,2026-06-15 11:50:00-04:00,IFVG2-004195,2026-06-02 10:59:00-04:00,2026-06-03 10:00:00-04:00,DEACTIVATED_CLOSE_THROUGH,same_direction
historical,EP-10707-ENTRY_ON_IMMEDIATE_DISPLACEMENT,2026-06-15 11:50:00-04:00,IFVG2-004195,2026-06-02 10:59:00-04:00,2026-06-03 10:00:00-04:00,DEACTIVATED_CLOSE_THROUGH,same_direction
historical,EP-10708-ENTRY_ON_FIRST_CLOSE_OUTSIDE,2026-06-15 11:50:00-04:00,IFVG2-004195,2026-06-02 10:59:00-04:00,2026-06-03 10:00:00-04:00,DEACTIVATED_CLOSE_THROUGH,same_direction
historical,EP-10708-ENTRY_ON_MINIMAL_WICK_REJECTION,2026-06-15 11:50:00-04:00,IFVG2-004195,2026-06-02 10:59:00-04:00,2026-06-03 10:00:00-04:00,DEACTIVATED_CLOSE_THROUGH,same_direction
historical,EP-10708-ENTRY_ON_IMMEDIATE_DISPLACEMENT,2026-06-15 11:50:00-04:00,IFVG2-004195,2026-06-02 10:59:00-04:00,2026-06-03 10:00:00-04:00,DEACTIVATED_CLOSE_THROUGH,same_direction
historical,EP-10726-ENTRY_ON_FIRST_CLOSE_OUTSIDE,2026-06-15 12:04:00-04:00,IFVG2-000596,2026-06-15 12:02:00-04:00,2026-06-15 12:03:00-04:00,DEACTIVATED_OVERSHOOT_LIMIT,inactive_or_traversed
historical,EP-10729-ENTRY_ON_TAP,2026-06-15 12:04:00-04:00,IFVG2-000596,2026-06-15 12:02:00-04:00,2026-06-15 12:03:00-04:00,DEACTIVATED_OVERSHOOT_LIMIT,inactive_or_traversed
historical,EP-11712-ENTRY_ON_FIRST_CLOSE_OUTSIDE,2026-06-16 04:08:00-04:00,IFVG2-004195,2026-06-02 10:59:00-04:00,2026-06-03 10:00:00-04:00,DEACTIVATED_CLOSE_THROUGH,same_direction
historical,EP-11712-ENTRY_ON_IMMEDIATE_DISPLACEMENT,2026-06-16 04:08:00-04:00,IFVG2-004195,2026-06-02 10:59:00-04:00,2026-06-03 10:00:00-04:00,DEACTIVATED_CLOSE_THROUGH,same_direction
historical,EP-11713-ENTRY_ON_FIRST_CLOSE_OUTSIDE,2026-06-16 04:08:00-04:00,IFVG2-004195,2026-06-02 10:59:00-04:00,2026-06-03 10:00:00-04:00,DEACTIVATED_CLOSE_THROUGH,same_direction
historical,EP-11713-ENTRY_ON_IMMEDIATE_DISPLACEMENT,2026-06-16 04:08:00-04:00,IFVG2-004195,2026-06-02 10:59:00-04:00,2026-06-03 10:00:00-04:00,DEACTIVATED_CLOSE_THROUGH,same_direction
historical,EP-11716-ENTRY_ON_TAP,2026-06-16 04:10:00-04:00,IFVG2-004195,2026-06-02 10:59:00-04:00,2026-06-03 10:00:00-04:00,DEACTIVATED_CLOSE_THROUGH,same_direction
historical,EP-12130-ENTRY_ON_DELAYED_DISPLACEMENT,2026-06-16 09:34:00-04:00,IFVG2-004196,2026-06-04 16:59:00-04:00,2026-06-15 10:00:00-04:00,DEACTIVATED_OVERSHOOT_LIMIT,same_direction
historical,EP-12139-ENTRY_ON_IFVG_RETEST,2026-06-16 09:34:00-04:00,IFVG2-004196,2026-06-04 16:59:00-04:00,2026-06-15 10:00:00-04:00,DEACTIVATED_OVERSHOOT_LIMIT,same_direction
historical,EP-12139-ENTRY_ON_IFVG_RETEST,2026-06-16 09:34:00-04:00,IFVG2-002769,2026-06-16 09:33:00-04:00,2026-06-16 09:36:00-04:00,DEACTIVATED_CLOSE_THROUGH,component
historical,EP-12140-ENTRY_ON_TAP,2026-06-16 09:34:00-04:00,IFVG2-004196,2026-06-04 16:59:00-04:00,2026-06-15 10:00:00-04:00,DEACTIVATED_OVERSHOOT_LIMIT,same_direction
historical,EP-12150-ENTRY_ON_TAP,2026-06-16 09:40:00-04:00,IFVG2-004213,2026-06-15 12:00:00-04:00,2026-06-15 19:00:00-04:00,DEACTIVATED_OVERSHOOT_LIMIT,same_direction
historical,EP-12158-ENTRY_ON_IFVG_RETEST,2026-06-16 09:50:00-04:00,IFVG2-003595,2026-06-16 08:25:00-04:00,2026-06-16 10:00:00-04:00,DEACTIVATED_OVERSHOOT_LIMIT,component
historical,EP-12164-ENTRY_ON_IFVG_RETEST,2026-06-16 09:50:00-04:00,IFVG2-002766,2026-06-16 08:24:00-04:00,2026-06-16 09:51:00-04:00,DEACTIVATED_OVERSHOOT_LIMIT,component
historical,EP-12164-ENTRY_ON_DELAYED_DISPLACEMENT,2026-06-16 09:53:00-04:00,IFVG2-002766,2026-06-16 08:24:00-04:00,2026-06-16 09:51:00-04:00,DEACTIVATED_OVERSHOOT_LIMIT,component
historical,EP-12197-ENTRY_ON_STRONG_REJECTION,2026-06-16 10:19:00-04:00,IFVG2-000661,2026-06-16 10:13:00-04:00,2026-06-16 18:13:00-04:00,EXPIRED_ACTIVE_8H,component
historical,EP-12204-ENTRY_ON_DELAYED_DISPLACEMENT,2026-06-16 10:24:00-04:00,IFVG2-004211,2026-06-15 10:00:00-04:00,2026-06-16 11:00:00-04:00,DEACTIVATED_CLOSE_THROUGH,behind_entry
historical,EP-12204-ENTRY_ON_NEW_FVG,2026-06-16 10:24:00-04:00,IFVG2-004211,2026-06-15 10:00:00-04:00,2026-06-16 11:00:00-04:00,DEACTIVATED_CLOSE_THROUGH,behind_entry
historical,EP-12214-ENTRY_ON_FIRST_CLOSE_OUTSIDE,2026-06-16 10:30:00-04:00,IFVG2-004211,2026-06-15 10:00:00-04:00,2026-06-16 11:00:00-04:00,DEACTIVATED_CLOSE_THROUGH,behind_entry
historical,EP-12214-ENTRY_ON_IMMEDIATE_DISPLACEMENT,2026-06-16 10:30:00-04:00,IFVG2-004211,2026-06-15 10:00:00-04:00,2026-06-16 11:00:00-04:00,DEACTIVATED_CLOSE_THROUGH,behind_entry
historical,EP-12219-ENTRY_ON_TAP,2026-06-16 10:28:00-04:00,IFVG2-004193,2026-06-02 01:45:00-04:00,2026-06-03 19:55:00-04:00,DEACTIVATED_OVERSHOOT_LIMIT,same_direction
historical,EP-12220-ENTRY_ON_TAP,2026-06-16 10:30:00-04:00,IFVG2-004211,2026-06-15 10:00:00-04:00,2026-06-16 11:00:00-04:00,DEACTIVATED_CLOSE_THROUGH,behind_entry
historical,EP-12342-ENTRY_ON_DELAYED_DISPLACEMENT,2026-06-16 11:46:00-04:00,IFVG2-004197,2026-06-05 08:00:00-04:00,2026-06-14 21:00:00-04:00,DEACTIVATED_OVERSHOOT_LIMIT,same_direction
historical,EP-12347-ENTRY_ON_FIRST_CLOSE_OUTSIDE,2026-06-16 11:46:00-04:00,IFVG2-004197,2026-06-05 08:00:00-04:00,2026-06-14 21:00:00-04:00,DEACTIVATED_OVERSHOOT_LIMIT,same_direction
historical,EP-12347-ENTRY_ON_MINIMAL_WICK_REJECTION,2026-06-16 11:46:00-04:00,IFVG2-004197,2026-06-05 08:00:00-04:00,2026-06-14 21:00:00-04:00,DEACTIVATED_OVERSHOOT_LIMIT,same_direction
historical,EP-12347-ENTRY_ON_IMMEDIATE_DISPLACEMENT,2026-06-16 11:46:00-04:00,IFVG2-004197,2026-06-05 08:00:00-04:00,2026-06-14 21:00:00-04:00,DEACTIVATED_OVERSHOOT_LIMIT,same_direction
historical,EP-12659-ENTRY_ON_NEW_FVG,2026-06-16 16:10:00-04:00,IFVG2-000681,2026-06-16 16:09:00-04:00,2026-06-16 16:11:00-04:00,DEACTIVATED_OVERSHOOT_LIMIT,same_direction
historical,EP-12659-ENTRY_ON_NEW_IFVG,2026-06-16 16:10:00-04:00,IFVG2-000681,2026-06-16 16:09:00-04:00,2026-06-16 16:11:00-04:00,DEACTIVATED_OVERSHOOT_LIMIT,same_direction
historical,EP-12663-ENTRY_ON_DELAYED_DISPLACEMENT,2026-06-16 16:16:00-04:00,IFVG2-000681,2026-06-16 16:09:00-04:00,2026-06-16 16:11:00-04:00,DEACTIVATED_OVERSHOOT_LIMIT,component
historical,EP-12663-ENTRY_ON_NEW_FVG,2026-06-16 16:17:00-04:00,IFVG2-000681,2026-06-16 16:09:00-04:00,2026-06-16 16:11:00-04:00,DEACTIVATED_OVERSHOOT_LIMIT,component
historical,EP-12666-ENTRY_ON_TAP,2026-06-16 16:15:00-04:00,IFVG2-000681,2026-06-16 16:09:00-04:00,2026-06-16 16:11:00-04:00,DEACTIVATED_OVERSHOOT_LIMIT,same_direction
historical,EP-12666-ENTRY_ON_FIRST_CLOSE_OUTSIDE,2026-06-16 16:16:00-04:00,IFVG2-000681,2026-06-16 16:09:00-04:00,2026-06-16 16:11:00-04:00,DEACTIVATED_OVERSHOOT_LIMIT,same_direction
historical,EP-12666-ENTRY_ON_IMMEDIATE_DISPLACEMENT,2026-06-16 16:16:00-04:00,IFVG2-000681,2026-06-16 16:09:00-04:00,2026-06-16 16:11:00-04:00,DEACTIVATED_OVERSHOOT_LIMIT,same_direction
historical,EP-12786-ENTRY_ON_DELAYED_DISPLACEMENT,2026-06-16 19:21:00-04:00,IFVG2-002780,2026-06-16 19:03:00-04:00,2026-06-16 20:06:00-04:00,DEACTIVATED_OVERSHOOT_LIMIT,component
historical,EP-12800-ENTRY_ON_IFVG_RETEST,2026-06-16 19:22:00-04:00,IFVG2-000683,2026-06-16 19:20:00-04:00,2026-06-16 19:34:00-04:00,DEACTIVATED_OVERSHOOT_LIMIT,component
historical,EP-12857-ENTRY_ON_NEW_FVG,2026-06-16 20:40:00-04:00,IFVG2-000688,2026-06-16 20:36:00-04:00,2026-06-16 20:38:00-04:00,DEACTIVATED_OVERSHOOT_LIMIT,same_direction
historical,EP-12872-ENTRY_ON_FIRST_CLOSE_OUTSIDE,2026-06-16 20:39:00-04:00,IFVG2-000688,2026-06-16 20:36:00-04:00,2026-06-16 20:38:00-04:00,DEACTIVATED_OVERSHOOT_LIMIT,same_direction
historical,EP-12881-ENTRY_ON_IFVG_RETEST,2026-06-16 20:39:00-04:00,IFVG2-002779,2026-06-16 15:45:00-04:00,2026-06-16 15:51:00-04:00,DEACTIVATED_CLOSE_THROUGH,same_direction
historical,EP-12881-ENTRY_ON_IFVG_RETEST,2026-06-16 20:39:00-04:00,IFVG2-000688,2026-06-16 20:36:00-04:00,2026-06-16 20:38:00-04:00,DEACTIVATED_OVERSHOOT_LIMIT,component
historical,EP-13090-ENTRY_ON_TAP,2026-06-16 23:56:00-04:00,IFVG2-000674,2026-06-16 14:25:00-04:00,2026-06-16 14:28:00-04:00,DEACTIVATED_CLOSE_THROUGH,same_direction
historical,EP-13099-ENTRY_ON_TAP,2026-06-17 00:05:00-04:00,IFVG2-002775,2026-06-16 14:18:00-04:00,2026-06-16 14:27:00-04:00,DEACTIVATED_CLOSE_THROUGH,inactive_or_traversed
historical,EP-13099-ENTRY_ON_FIRST_CLOSE_OUTSIDE,2026-06-17 00:20:00-04:00,IFVG2-000675,2026-06-16 14:26:00-04:00,2026-06-16 14:27:00-04:00,DEACTIVATED_CLOSE_THROUGH,same_direction
historical,EP-13099-ENTRY_ON_DELAYED_DISPLACEMENT,2026-06-17 00:20:00-04:00,IFVG2-000675,2026-06-16 14:26:00-04:00,2026-06-16 14:27:00-04:00,DEACTIVATED_CLOSE_THROUGH,same_direction
historical,EP-13100-ENTRY_ON_TAP,2026-06-17 00:05:00-04:00,IFVG2-002775,2026-06-16 14:18:00-04:00,2026-06-16 14:27:00-04:00,DEACTIVATED_CLOSE_THROUGH,inactive_or_traversed
historical,EP-13100-ENTRY_ON_FIRST_CLOSE_OUTSIDE,2026-06-17 00:20:00-04:00,IFVG2-000675,2026-06-16 14:26:00-04:00,2026-06-16 14:27:00-04:00,DEACTIVATED_CLOSE_THROUGH,same_direction
historical,EP-13100-ENTRY_ON_MINIMAL_WICK_REJECTION,2026-06-17 00:20:00-04:00,IFVG2-000675,2026-06-16 14:26:00-04:00,2026-06-16 14:27:00-04:00,DEACTIVATED_CLOSE_THROUGH,same_direction
historical,EP-13100-ENTRY_ON_DELAYED_DISPLACEMENT,2026-06-17 00:20:00-04:00,IFVG2-000675,2026-06-16 14:26:00-04:00,2026-06-16 14:27:00-04:00,DEACTIVATED_CLOSE_THROUGH,same_direction
historical,EP-13109-ENTRY_ON_DELAYED_DISPLACEMENT,2026-06-17 00:20:00-04:00,IFVG2-000675,2026-06-16 14:26:00-04:00,2026-06-16 14:27:00-04:00,DEACTIVATED_CLOSE_THROUGH,same_direction
historical,EP-13110-ENTRY_ON_FIRST_CLOSE_OUTSIDE,2026-06-17 00:21:00-04:00,IFVG2-000675,2026-06-16 14:26:00-04:00,2026-06-16 14:27:00-04:00,DEACTIVATED_CLOSE_THROUGH,same_direction
historical,EP-13154-ENTRY_ON_DELAYED_DISPLACEMENT,2026-06-17 00:52:00-04:00,IFVG2-002774,2026-06-16 14:00:00-04:00,2026-06-16 14:03:00-04:00,DEACTIVATED_CLOSE_THROUGH,inactive_or_traversed
historical,EP-13154-ENTRY_ON_DELAYED_DISPLACEMENT,2026-06-17 00:52:00-04:00,IFVG2-000697,2026-06-17 00:46:00-04:00,2026-06-17 00:50:00-04:00,DEACTIVATED_OVERSHOOT_LIMIT,component
historical,EP-13155-ENTRY_ON_FIRST_CLOSE_OUTSIDE,2026-06-17 00:52:00-04:00,IFVG2-002774,2026-06-16 14:00:00-04:00,2026-06-16 14:03:00-04:00,DEACTIVATED_CLOSE_THROUGH,inactive_or_traversed
historical,EP-13155-ENTRY_ON_DELAYED_DISPLACEMENT,2026-06-17 00:52:00-04:00,IFVG2-002774,2026-06-16 14:00:00-04:00,2026-06-16 14:03:00-04:00,DEACTIVATED_CLOSE_THROUGH,inactive_or_traversed
historical,EP-13159-ENTRY_ON_FIRST_CLOSE_OUTSIDE,2026-06-17 00:52:00-04:00,IFVG2-002774,2026-06-16 14:00:00-04:00,2026-06-16 14:03:00-04:00,DEACTIVATED_CLOSE_THROUGH,inactive_or_traversed
historical,EP-13159-ENTRY_ON_FIRST_CLOSE_OUTSIDE,2026-06-17 00:52:00-04:00,IFVG2-003603,2026-06-17 00:50:00-04:00,2026-06-17 04:50:00-04:00,DEACTIVATED_OVERSHOOT_LIMIT,component
historical,EP-13159-ENTRY_ON_IMMEDIATE_DISPLACEMENT,2026-06-17 00:52:00-04:00,IFVG2-002774,2026-06-16 14:00:00-04:00,2026-06-16 14:03:00-04:00,DEACTIVATED_CLOSE_THROUGH,inactive_or_traversed
historical,EP-13159-ENTRY_ON_IMMEDIATE_DISPLACEMENT,2026-06-17 00:52:00-04:00,IFVG2-003603,2026-06-17 00:50:00-04:00,2026-06-17 04:50:00-04:00,DEACTIVATED_OVERSHOOT_LIMIT,component
historical,EP-13296-ENTRY_ON_NEW_FVG,2026-06-17 02:48:00-04:00,IFVG2-004212,2026-06-15 10:00:00-04:00,2026-06-16 12:00:00-04:00,DEACTIVATED_CLOSE_THROUGH,same_direction
historical,EP-13302-ENTRY_ON_NEW_FVG,2026-06-17 02:48:00-04:00,IFVG2-004212,2026-06-15 10:00:00-04:00,2026-06-16 12:00:00-04:00,DEACTIVATED_CLOSE_THROUGH,same_direction
historical,EP-13306-ENTRY_ON_FIRST_CLOSE_OUTSIDE,2026-06-17 02:48:00-04:00,IFVG2-004212,2026-06-15 10:00:00-04:00,2026-06-16 12:00:00-04:00,DEACTIVATED_CLOSE_THROUGH,same_direction
historical,EP-13306-ENTRY_ON_MINIMAL_WICK_REJECTION,2026-06-17 02:48:00-04:00,IFVG2-004212,2026-06-15 10:00:00-04:00,2026-06-16 12:00:00-04:00,DEACTIVATED_CLOSE_THROUGH,same_direction
historical,EP-13318-ENTRY_ON_TAP,2026-06-17 03:01:00-04:00,IFVG2-004212,2026-06-15 10:00:00-04:00,2026-06-16 12:00:00-04:00,DEACTIVATED_CLOSE_THROUGH,same_direction
historical,EP-13318-ENTRY_ON_FIRST_CLOSE_OUTSIDE,2026-06-17 03:02:00-04:00,IFVG2-004212,2026-06-15 10:00:00-04:00,2026-06-16 12:00:00-04:00,DEACTIVATED_CLOSE_THROUGH,same_direction
historical,EP-13318-ENTRY_ON_MINIMAL_WICK_REJECTION,2026-06-17 03:02:00-04:00,IFVG2-004212,2026-06-15 10:00:00-04:00,2026-06-16 12:00:00-04:00,DEACTIVATED_CLOSE_THROUGH,same_direction
historical,EP-13318-ENTRY_ON_DELAYED_DISPLACEMENT,2026-06-17 03:03:00-04:00,IFVG2-004212,2026-06-15 10:00:00-04:00,2026-06-16 12:00:00-04:00,DEACTIVATED_CLOSE_THROUGH,same_direction
historical,EP-13363-ENTRY_ON_TAP,2026-06-17 03:31:00-04:00,IFVG2-000708,2026-06-17 03:29:00-04:00,2026-06-17 03:34:00-04:00,DEACTIVATED_OVERSHOOT_LIMIT,component
historical,EP-13407-ENTRY_ON_DELAYED_DISPLACEMENT,2026-06-17 04:09:00-04:00,IFVG2-000711,2026-06-17 04:05:00-04:00,2026-06-17 04:10:00-04:00,DEACTIVATED_CLOSE_THROUGH,component
historical,EP-13481-ENTRY_ON_MINIMAL_WICK_REJECTION,2026-06-17 10:00:00-04:00,IFVG2-004215,2026-06-17 05:00:00-04:00,2026-06-17 10:00:00-04:00,DEACTIVATED_OVERSHOOT_LIMIT,component
historical,EP-13481-ENTRY_ON_DELAYED_DISPLACEMENT,2026-06-17 10:00:00-04:00,IFVG2-004215,2026-06-17 05:00:00-04:00,2026-06-17 10:00:00-04:00,DEACTIVATED_OVERSHOOT_LIMIT,component
historical,EP-13697-ENTRY_ON_TAP,2026-06-17 07:52:00-04:00,IFVG2-004214,2026-06-16 22:00:00-04:00,2026-06-17 11:00:00-04:00,DEACTIVATED_OVERSHOOT_LIMIT,behind_entry
historical,EP-13697-ENTRY_ON_FIRST_CLOSE_OUTSIDE,2026-06-17 07:53:00-04:00,IFVG2-004214,2026-06-16 22:00:00-04:00,2026-06-17 11:00:00-04:00,DEACTIVATED_OVERSHOOT_LIMIT,behind_entry
historical,EP-13697-ENTRY_ON_IMMEDIATE_DISPLACEMENT,2026-06-17 07:53:00-04:00,IFVG2-004214,2026-06-16 22:00:00-04:00,2026-06-17 11:00:00-04:00,DEACTIVATED_OVERSHOOT_LIMIT,behind_entry
historical,EP-13715-ENTRY_ON_TAP,2026-06-17 07:59:00-04:00,IFVG2-004214,2026-06-16 22:00:00-04:00,2026-06-17 11:00:00-04:00,DEACTIVATED_OVERSHOOT_LIMIT,behind_entry
historical,EP-13733-ENTRY_ON_TAP,2026-06-17 08:08:00-04:00,IFVG2-002783,2026-06-16 22:45:00-04:00,2026-06-16 22:48:00-04:00,DEACTIVATED_CLOSE_THROUGH,inactive_or_traversed
historical,EP-13774-ENTRY_ON_TAP,2026-06-17 08:33:00-04:00,IFVG2-000699,2026-06-17 01:05:00-04:00,2026-06-17 01:18:00-04:00,DEACTIVATED_OVERSHOOT_LIMIT,same_direction
historical,EP-13779-ENTRY_ON_FIRST_CLOSE_OUTSIDE,2026-06-17 08:39:00-04:00,IFVG2-000715,2026-06-17 05:32:00-04:00,2026-06-17 09:29:00-04:00,DEACTIVATED_CLOSE_THROUGH,component
historical,EP-13779-ENTRY_ON_MINIMAL_WICK_REJECTION,2026-06-17 08:39:00-04:00,IFVG2-000715,2026-06-17 05:32:00-04:00,2026-06-17 09:29:00-04:00,DEACTIVATED_CLOSE_THROUGH,component
historical,EP-13779-ENTRY_ON_IMMEDIATE_DISPLACEMENT,2026-06-17 08:39:00-04:00,IFVG2-000715,2026-06-17 05:32:00-04:00,2026-06-17 09:29:00-04:00,DEACTIVATED_CLOSE_THROUGH,component
historical,EP-13842-ENTRY_ON_TAP,2026-06-17 09:32:00-04:00,IFVG2-000726,2026-06-17 08:21:00-04:00,2026-06-17 09:31:00-04:00,DEACTIVATED_CLOSE_THROUGH,component
historical,EP-13849-ENTRY_ON_TAP,2026-06-17 09:37:00-04:00,IFVG2-000696,2026-06-17 00:33:00-04:00,2026-06-17 00:46:00-04:00,DEACTIVATED_CLOSE_THROUGH,inactive_or_traversed
historical,EP-13866-ENTRY_ON_IFVG_RETEST,2026-06-17 10:00:00-04:00,IFVG2-004023,2026-06-17 04:30:00-04:00,2026-06-17 10:30:00-04:00,DEACTIVATED_OVERSHOOT_LIMIT,component
historical,EP-13899-ENTRY_ON_TAP,2026-06-17 10:09:00-04:00,IFVG2-000736,2026-06-17 09:56:00-04:00,2026-06-17 10:12:00-04:00,DEACTIVATED_OVERSHOOT_LIMIT,component
historical,EP-13899-ENTRY_ON_TAP,2026-06-17 10:09:00-04:00,IFVG2-004214,2026-06-16 22:00:00-04:00,2026-06-17 11:00:00-04:00,DEACTIVATED_OVERSHOOT_LIMIT,behind_entry
historical,EP-14175-ENTRY_ON_IFVG_RETEST,2026-06-17 14:10:00-04:00,IFVG2-000752,2026-06-17 14:09:00-04:00,2026-06-17 14:10:00-04:00,DEACTIVATED_CLOSE_THROUGH,same_direction
historical,EP-14175-ENTRY_ON_IFVG_RETEST,2026-06-17 14:10:00-04:00,IFVG2-000751,2026-06-17 14:08:00-04:00,2026-06-17 15:20:00-04:00,DEACTIVATED_CLOSE_THROUGH,component
historical,EP-14216-ENTRY_ON_IFVG_RETEST,2026-06-17 14:44:00-04:00,IFVG2-002799,2026-06-17 10:33:00-04:00,2026-06-17 14:45:00-04:00,DEACTIVATED_CLOSE_THROUGH,component
historical,EP-14261-ENTRY_ON_FIRST_CLOSE_OUTSIDE,2026-06-17 15:24:00-04:00,IFVG2-000756,2026-06-17 15:20:00-04:00,2026-06-17 15:22:00-04:00,DEACTIVATED_OVERSHOOT_LIMIT,component
historical,EP-14261-ENTRY_ON_MINIMAL_WICK_REJECTION,2026-06-17 15:24:00-04:00,IFVG2-000756,2026-06-17 15:20:00-04:00,2026-06-17 15:22:00-04:00,DEACTIVATED_OVERSHOOT_LIMIT,component
historical,EP-14261-ENTRY_ON_DELAYED_DISPLACEMENT,2026-06-17 15:25:00-04:00,IFVG2-000756,2026-06-17 15:20:00-04:00,2026-06-17 15:22:00-04:00,DEACTIVATED_OVERSHOOT_LIMIT,component
historical,EP-14261-ENTRY_ON_NEW_FVG,2026-06-17 15:30:00-04:00,IFVG2-000756,2026-06-17 15:20:00-04:00,2026-06-17 15:22:00-04:00,DEACTIVATED_OVERSHOOT_LIMIT,component
historical,EP-15019-ENTRY_ON_DELAYED_DISPLACEMENT,2026-06-18 03:30:00-04:00,IFVG2-003620,2026-06-18 03:00:00-04:00,2026-06-18 07:20:00-04:00,DEACTIVATED_OVERSHOOT_LIMIT,component
historical,EP-15019-ENTRY_ON_NEW_FVG,2026-06-18 03:30:00-04:00,IFVG2-003620,2026-06-18 03:00:00-04:00,2026-06-18 07:20:00-04:00,DEACTIVATED_OVERSHOOT_LIMIT,component
historical,EP-15031-ENTRY_ON_FIRST_CLOSE_OUTSIDE,2026-06-18 03:27:00-04:00,IFVG2-000795,2026-06-18 03:23:00-04:00,2026-06-18 03:33:00-04:00,DEACTIVATED_OVERSHOOT_LIMIT,component
historical,EP-15031-ENTRY_ON_IMMEDIATE_DISPLACEMENT,2026-06-18 03:27:00-04:00,IFVG2-000795,2026-06-18 03:23:00-04:00,2026-06-18 03:33:00-04:00,DEACTIVATED_OVERSHOOT_LIMIT,component
historical,EP-15036-ENTRY_ON_NEW_IFVG,2026-06-18 03:38:00-04:00,IFVG2-002821,2026-06-18 03:33:00-04:00,2026-06-18 03:39:00-04:00,DEACTIVATED_CLOSE_THROUGH,behind_entry
historical,EP-15043-ENTRY_ON_DELAYED_DISPLACEMENT,2026-06-18 03:38:00-04:00,IFVG2-002821,2026-06-18 03:33:00-04:00,2026-06-18 03:39:00-04:00,DEACTIVATED_CLOSE_THROUGH,behind_entry
historical,EP-15043-ENTRY_ON_NEW_IFVG,2026-06-18 03:38:00-04:00,IFVG2-002821,2026-06-18 03:33:00-04:00,2026-06-18 03:39:00-04:00,DEACTIVATED_CLOSE_THROUGH,behind_entry
historical,EP-15047-ENTRY_ON_FIRST_CLOSE_OUTSIDE,2026-06-18 03:37:00-04:00,IFVG2-002821,2026-06-18 03:33:00-04:00,2026-06-18 03:39:00-04:00,DEACTIVATED_CLOSE_THROUGH,behind_entry
historical,EP-15047-ENTRY_ON_DELAYED_DISPLACEMENT,2026-06-18 03:38:00-04:00,IFVG2-002821,2026-06-18 03:33:00-04:00,2026-06-18 03:39:00-04:00,DEACTIVATED_CLOSE_THROUGH,behind_entry
historical,EP-15047-ENTRY_ON_NEW_IFVG,2026-06-18 03:38:00-04:00,IFVG2-002821,2026-06-18 03:33:00-04:00,2026-06-18 03:39:00-04:00,DEACTIVATED_CLOSE_THROUGH,behind_entry
historical,EP-15049-ENTRY_ON_IFVG_RETEST,2026-06-18 03:39:00-04:00,IFVG2-000796,2026-06-18 03:37:00-04:00,2026-06-18 03:42:00-04:00,DEACTIVATED_OVERSHOOT_LIMIT,component
historical,EP-15322-ENTRY_ON_FIRST_CLOSE_OUTSIDE,2026-06-18 07:20:00-04:00,IFVG2-003616,2026-06-18 00:10:00-04:00,2026-06-18 03:00:00-04:00,DEACTIVATED_CLOSE_THROUGH,inactive_or_traversed
historical,EP-15322-ENTRY_ON_MINIMAL_WICK_REJECTION,2026-06-18 07:20:00-04:00,IFVG2-003616,2026-06-18 00:10:00-04:00,2026-06-18 03:00:00-04:00,DEACTIVATED_CLOSE_THROUGH,inactive_or_traversed
historical,EP-15326-ENTRY_ON_TAP,2026-06-18 07:25:00-04:00,IFVG2-000812,2026-06-18 07:21:00-04:00,2026-06-18 07:25:00-04:00,DEACTIVATED_CLOSE_THROUGH,behind_entry
historical,EP-15327-ENTRY_ON_TAP,2026-06-18 07:25:00-04:00,IFVG2-000812,2026-06-18 07:21:00-04:00,2026-06-18 07:25:00-04:00,DEACTIVATED_CLOSE_THROUGH,behind_entry
historical,EP-15328-ENTRY_ON_FIRST_CLOSE_OUTSIDE,2026-06-18 07:25:00-04:00,IFVG2-000812,2026-06-18 07:21:00-04:00,2026-06-18 07:25:00-04:00,DEACTIVATED_CLOSE_THROUGH,behind_entry
historical,EP-15328-ENTRY_ON_MINIMAL_WICK_REJECTION,2026-06-18 07:25:00-04:00,IFVG2-000812,2026-06-18 07:21:00-04:00,2026-06-18 07:25:00-04:00,DEACTIVATED_CLOSE_THROUGH,behind_entry
historical,EP-15328-ENTRY_ON_DELAYED_DISPLACEMENT,2026-06-18 07:25:00-04:00,IFVG2-000812,2026-06-18 07:21:00-04:00,2026-06-18 07:25:00-04:00,DEACTIVATED_CLOSE_THROUGH,behind_entry
historical,EP-15331-ENTRY_ON_TAP,2026-06-18 07:25:00-04:00,IFVG2-000812,2026-06-18 07:21:00-04:00,2026-06-18 07:25:00-04:00,DEACTIVATED_CLOSE_THROUGH,behind_entry
historical,EP-15445-ENTRY_ON_DELAYED_DISPLACEMENT,2026-06-18 08:58:00-04:00,IFVG2-004215,2026-06-17 05:00:00-04:00,2026-06-17 10:00:00-04:00,DEACTIVATED_OVERSHOOT_LIMIT,inactive_or_traversed
historical,EP-15447-ENTRY_ON_TAP,2026-06-18 08:58:00-04:00,IFVG2-004215,2026-06-17 05:00:00-04:00,2026-06-17 10:00:00-04:00,DEACTIVATED_OVERSHOOT_LIMIT,inactive_or_traversed
historical,EP-15491-ENTRY_ON_TAP,2026-06-18 09:27:00-04:00,IFVG2-004212,2026-06-15 10:00:00-04:00,2026-06-16 12:00:00-04:00,DEACTIVATED_CLOSE_THROUGH,inactive_or_traversed
historical,EP-15713-ENTRY_ON_NEW_FVG,2026-06-18 12:22:00-04:00,IFVG2-004193,2026-06-02 01:45:00-04:00,2026-06-03 19:55:00-04:00,DEACTIVATED_OVERSHOOT_LIMIT,same_direction
historical,EP-15720-ENTRY_ON_DELAYED_DISPLACEMENT,2026-06-18 12:22:00-04:00,IFVG2-004193,2026-06-02 01:45:00-04:00,2026-06-03 19:55:00-04:00,DEACTIVATED_OVERSHOOT_LIMIT,same_direction
historical,EP-15720-ENTRY_ON_NEW_FVG,2026-06-18 12:22:00-04:00,IFVG2-004193,2026-06-02 01:45:00-04:00,2026-06-03 19:55:00-04:00,DEACTIVATED_OVERSHOOT_LIMIT,same_direction
historical,EP-15736-ENTRY_ON_DELAYED_DISPLACEMENT,2026-06-18 12:38:00-04:00,IFVG2-004193,2026-06-02 01:45:00-04:00,2026-06-03 19:55:00-04:00,DEACTIVATED_OVERSHOOT_LIMIT,same_direction
historical,EP-15772-ENTRY_ON_DELAYED_DISPLACEMENT,2026-06-18 13:17:00-04:00,IFVG2-004192,2026-06-01 20:50:00-04:00,2026-06-02 01:45:00-04:00,DEACTIVATED_CLOSE_THROUGH,inactive_or_traversed
historical,EP-15773-ENTRY_ON_FIRST_CLOSE_OUTSIDE,2026-06-18 13:17:00-04:00,IFVG2-004192,2026-06-01 20:50:00-04:00,2026-06-02 01:45:00-04:00,DEACTIVATED_CLOSE_THROUGH,inactive_or_traversed
historical,EP-15773-ENTRY_ON_MINIMAL_WICK_REJECTION,2026-06-18 13:17:00-04:00,IFVG2-004192,2026-06-01 20:50:00-04:00,2026-06-02 01:45:00-04:00,DEACTIVATED_CLOSE_THROUGH,inactive_or_traversed
historical,EP-15773-ENTRY_ON_IMMEDIATE_DISPLACEMENT,2026-06-18 13:17:00-04:00,IFVG2-004192,2026-06-01 20:50:00-04:00,2026-06-02 01:45:00-04:00,DEACTIVATED_CLOSE_THROUGH,inactive_or_traversed
historical,EP-15800-ENTRY_ON_NEW_FVG,2026-06-18 13:46:00-04:00,IFVG2-004192,2026-06-01 20:50:00-04:00,2026-06-02 01:45:00-04:00,DEACTIVATED_CLOSE_THROUGH,inactive_or_traversed
historical,EP-15800-ENTRY_ON_NEW_FVG,2026-06-18 13:46:00-04:00,IFVG2-000827,2026-06-18 13:30:00-04:00,2026-06-18 13:40:00-04:00,DEACTIVATED_OVERSHOOT_LIMIT,component
historical,EP-15803-ENTRY_ON_DELAYED_DISPLACEMENT,2026-06-18 13:46:00-04:00,IFVG2-004192,2026-06-01 20:50:00-04:00,2026-06-02 01:45:00-04:00,DEACTIVATED_CLOSE_THROUGH,inactive_or_traversed
historical,EP-15803-ENTRY_ON_NEW_FVG,2026-06-18 13:46:00-04:00,IFVG2-004192,2026-06-01 20:50:00-04:00,2026-06-02 01:45:00-04:00,DEACTIVATED_CLOSE_THROUGH,inactive_or_traversed
historical,EP-15806-ENTRY_ON_DELAYED_DISPLACEMENT,2026-06-18 13:46:00-04:00,IFVG2-004192,2026-06-01 20:50:00-04:00,2026-06-02 01:45:00-04:00,DEACTIVATED_CLOSE_THROUGH,inactive_or_traversed
historical,EP-15806-ENTRY_ON_NEW_FVG,2026-06-18 13:46:00-04:00,IFVG2-004192,2026-06-01 20:50:00-04:00,2026-06-02 01:45:00-04:00,DEACTIVATED_CLOSE_THROUGH,inactive_or_traversed
historical,EP-15933-ENTRY_ON_TAP,2026-06-18 15:44:00-04:00,IFVG2-004192,2026-06-01 20:50:00-04:00,2026-06-02 01:45:00-04:00,DEACTIVATED_CLOSE_THROUGH,inactive_or_traversed
historical,EP-15933-ENTRY_ON_DELAYED_DISPLACEMENT,2026-06-18 15:46:00-04:00,IFVG2-004196,2026-06-04 16:59:00-04:00,2026-06-15 10:00:00-04:00,DEACTIVATED_OVERSHOOT_LIMIT,inactive_or_traversed
historical,EP-15933-ENTRY_ON_NEW_FVG,2026-06-18 15:46:00-04:00,IFVG2-004196,2026-06-04 16:59:00-04:00,2026-06-15 10:00:00-04:00,DEACTIVATED_OVERSHOOT_LIMIT,inactive_or_traversed
historical,EP-15958-ENTRY_ON_FIRST_CLOSE_OUTSIDE,2026-06-18 16:06:00-04:00,IFVG2-002836,2026-06-18 16:00:00-04:00,2026-06-18 16:15:00-04:00,DEACTIVATED_OVERSHOOT_LIMIT,behind_entry
historical,EP-15958-ENTRY_ON_MINIMAL_WICK_REJECTION,2026-06-18 16:06:00-04:00,IFVG2-002836,2026-06-18 16:00:00-04:00,2026-06-18 16:15:00-04:00,DEACTIVATED_OVERSHOOT_LIMIT,behind_entry
historical,EP-15972-ENTRY_ON_TAP,2026-06-18 16:06:00-04:00,IFVG2-002836,2026-06-18 16:00:00-04:00,2026-06-18 16:15:00-04:00,DEACTIVATED_OVERSHOOT_LIMIT,behind_entry
historical,EP-16246-ENTRY_ON_FIRST_CLOSE_OUTSIDE,2026-06-18 21:31:00-04:00,IFVG2-004212,2026-06-15 10:00:00-04:00,2026-06-16 12:00:00-04:00,DEACTIVATED_CLOSE_THROUGH,inactive_or_traversed
historical,EP-16246-ENTRY_ON_DELAYED_DISPLACEMENT,2026-06-18 21:31:00-04:00,IFVG2-004212,2026-06-15 10:00:00-04:00,2026-06-16 12:00:00-04:00,DEACTIVATED_CLOSE_THROUGH,inactive_or_traversed
historical,EP-16253-ENTRY_ON_TAP,2026-06-18 21:34:00-04:00,IFVG2-004212,2026-06-15 10:00:00-04:00,2026-06-16 12:00:00-04:00,DEACTIVATED_CLOSE_THROUGH,inactive_or_traversed
historical,EP-16394-ENTRY_ON_DELAYED_DISPLACEMENT,2026-06-18 23:29:00-04:00,IFVG2-004215,2026-06-17 05:00:00-04:00,2026-06-17 10:00:00-04:00,DEACTIVATED_OVERSHOOT_LIMIT,same_direction
historical,EP-16397-ENTRY_ON_FIRST_CLOSE_OUTSIDE,2026-06-18 23:32:00-04:00,IFVG2-004215,2026-06-17 05:00:00-04:00,2026-06-17 10:00:00-04:00,DEACTIVATED_OVERSHOOT_LIMIT,same_direction
historical,EP-16397-ENTRY_ON_IMMEDIATE_DISPLACEMENT,2026-06-18 23:32:00-04:00,IFVG2-004215,2026-06-17 05:00:00-04:00,2026-06-17 10:00:00-04:00,DEACTIVATED_OVERSHOOT_LIMIT,same_direction
historical,EP-16476-ENTRY_ON_TAP,2026-06-19 00:52:00-04:00,IFVG2-004197,2026-06-05 08:00:00-04:00,2026-06-14 21:00:00-04:00,DEACTIVATED_OVERSHOOT_LIMIT,same_direction
historical,EP-16478-ENTRY_ON_FIRST_CLOSE_OUTSIDE,2026-06-19 00:57:00-04:00,IFVG2-004214,2026-06-16 22:00:00-04:00,2026-06-17 11:00:00-04:00,DEACTIVATED_OVERSHOOT_LIMIT,inactive_or_traversed
historical,EP-16478-ENTRY_ON_IMMEDIATE_DISPLACEMENT,2026-06-19 00:57:00-04:00,IFVG2-004214,2026-06-16 22:00:00-04:00,2026-06-17 11:00:00-04:00,DEACTIVATED_OVERSHOOT_LIMIT,inactive_or_traversed
historical,EP-16483-ENTRY_ON_FIRST_CLOSE_OUTSIDE,2026-06-19 00:57:00-04:00,IFVG2-004214,2026-06-16 22:00:00-04:00,2026-06-17 11:00:00-04:00,DEACTIVATED_OVERSHOOT_LIMIT,inactive_or_traversed
historical,EP-16486-ENTRY_ON_TAP,2026-06-19 00:58:00-04:00,IFVG2-004214,2026-06-16 22:00:00-04:00,2026-06-17 11:00:00-04:00,DEACTIVATED_OVERSHOOT_LIMIT,inactive_or_traversed
historical,EP-16684-ENTRY_ON_IFVG_RETEST,2026-06-19 05:00:00-04:00,IFVG2-004217,2026-06-19 04:00:00-04:00,2026-06-19 05:00:00-04:00,DEACTIVATED_OVERSHOOT_LIMIT,component
historical,EP-16709-ENTRY_ON_IFVG_RETEST,2026-06-19 05:00:00-04:00,IFVG2-004154,2026-06-19 04:30:00-04:00,2026-06-19 05:00:00-04:00,DEACTIVATED_OVERSHOOT_LIMIT,component
historical,EP-17050-ENTRY_ON_FIRST_CLOSE_OUTSIDE,2026-06-19 09:36:00-04:00,IFVG2-004211,2026-06-15 10:00:00-04:00,2026-06-16 11:00:00-04:00,DEACTIVATED_CLOSE_THROUGH,same_direction
historical,EP-17050-ENTRY_ON_MINIMAL_WICK_REJECTION,2026-06-19 09:36:00-04:00,IFVG2-004211,2026-06-15 10:00:00-04:00,2026-06-16 11:00:00-04:00,DEACTIVATED_CLOSE_THROUGH,same_direction
historical,EP-17050-ENTRY_ON_DELAYED_DISPLACEMENT,2026-06-19 09:36:00-04:00,IFVG2-004211,2026-06-15 10:00:00-04:00,2026-06-16 11:00:00-04:00,DEACTIVATED_CLOSE_THROUGH,same_direction
historical,EP-17055-ENTRY_ON_FIRST_CLOSE_OUTSIDE,2026-06-19 09:36:00-04:00,IFVG2-004211,2026-06-15 10:00:00-04:00,2026-06-16 11:00:00-04:00,DEACTIVATED_CLOSE_THROUGH,same_direction
historical,EP-17055-ENTRY_ON_IMMEDIATE_DISPLACEMENT,2026-06-19 09:36:00-04:00,IFVG2-004211,2026-06-15 10:00:00-04:00,2026-06-16 11:00:00-04:00,DEACTIVATED_CLOSE_THROUGH,same_direction
historical,EP-17129-ENTRY_ON_FIRST_CLOSE_OUTSIDE,2026-06-19 11:01:00-04:00,IFVG2-004193,2026-06-02 01:45:00-04:00,2026-06-03 19:55:00-04:00,DEACTIVATED_OVERSHOOT_LIMIT,same_direction
historical,EP-17129-ENTRY_ON_MINIMAL_WICK_REJECTION,2026-06-19 11:01:00-04:00,IFVG2-004193,2026-06-02 01:45:00-04:00,2026-06-03 19:55:00-04:00,DEACTIVATED_OVERSHOOT_LIMIT,same_direction
historical,EP-17130-ENTRY_ON_TAP,2026-06-19 11:01:00-04:00,IFVG2-004193,2026-06-02 01:45:00-04:00,2026-06-03 19:55:00-04:00,DEACTIVATED_OVERSHOOT_LIMIT,same_direction
historical,EP-17131-ENTRY_ON_TAP,2026-06-19 11:05:00-04:00,IFVG2-004193,2026-06-02 01:45:00-04:00,2026-06-03 19:55:00-04:00,DEACTIVATED_OVERSHOOT_LIMIT,same_direction
historical,EP-17132-ENTRY_ON_FIRST_CLOSE_OUTSIDE,2026-06-19 11:03:00-04:00,IFVG2-004193,2026-06-02 01:45:00-04:00,2026-06-03 19:55:00-04:00,DEACTIVATED_OVERSHOOT_LIMIT,same_direction
historical,EP-17132-ENTRY_ON_MINIMAL_WICK_REJECTION,2026-06-19 11:03:00-04:00,IFVG2-004193,2026-06-02 01:45:00-04:00,2026-06-03 19:55:00-04:00,DEACTIVATED_OVERSHOOT_LIMIT,same_direction
historical,EP-17132-ENTRY_ON_IMMEDIATE_DISPLACEMENT,2026-06-19 11:03:00-04:00,IFVG2-004193,2026-06-02 01:45:00-04:00,2026-06-03 19:55:00-04:00,DEACTIVATED_OVERSHOOT_LIMIT,same_direction
historical,EP-17133-ENTRY_ON_TAP,2026-06-19 11:03:00-04:00,IFVG2-004193,2026-06-02 01:45:00-04:00,2026-06-03 19:55:00-04:00,DEACTIVATED_OVERSHOOT_LIMIT,same_direction
historical,EP-17376-ENTRY_ON_FIRST_CLOSE_OUTSIDE,2026-06-21 19:07:00-04:00,IFVG2-004197,2026-06-05 08:00:00-04:00,2026-06-14 21:00:00-04:00,DEACTIVATED_OVERSHOOT_LIMIT,same_direction
historical,EP-17376-ENTRY_ON_MINIMAL_WICK_REJECTION,2026-06-21 19:07:00-04:00,IFVG2-004197,2026-06-05 08:00:00-04:00,2026-06-14 21:00:00-04:00,DEACTIVATED_OVERSHOOT_LIMIT,same_direction
historical,EP-17376-ENTRY_ON_IMMEDIATE_DISPLACEMENT,2026-06-21 19:07:00-04:00,IFVG2-004197,2026-06-05 08:00:00-04:00,2026-06-14 21:00:00-04:00,DEACTIVATED_OVERSHOOT_LIMIT,same_direction
historical,EP-17407-ENTRY_ON_FIRST_CLOSE_OUTSIDE,2026-06-21 19:31:00-04:00,IFVG2-000889,2026-06-21 19:25:00-04:00,2026-06-21 19:30:00-04:00,DEACTIVATED_OVERSHOOT_LIMIT,component
historical,EP-17407-ENTRY_ON_MINIMAL_WICK_REJECTION,2026-06-21 19:31:00-04:00,IFVG2-000889,2026-06-21 19:25:00-04:00,2026-06-21 19:30:00-04:00,DEACTIVATED_OVERSHOOT_LIMIT,component
historical,EP-17407-ENTRY_ON_IMMEDIATE_DISPLACEMENT,2026-06-21 19:31:00-04:00,IFVG2-000889,2026-06-21 19:25:00-04:00,2026-06-21 19:30:00-04:00,DEACTIVATED_OVERSHOOT_LIMIT,component
historical,EP-17407-ENTRY_ON_DELAYED_DISPLACEMENT,2026-06-21 19:32:00-04:00,IFVG2-000889,2026-06-21 19:25:00-04:00,2026-06-21 19:30:00-04:00,DEACTIVATED_OVERSHOOT_LIMIT,component
historical,EP-17407-ENTRY_ON_NEW_FVG,2026-06-21 19:32:00-04:00,IFVG2-000889,2026-06-21 19:25:00-04:00,2026-06-21 19:30:00-04:00,DEACTIVATED_OVERSHOOT_LIMIT,component
historical,EP-17458-ENTRY_ON_FIRST_CLOSE_OUTSIDE,2026-06-21 20:04:00-04:00,IFVG2-000891,2026-06-21 20:01:00-04:00,2026-06-22 04:01:00-04:00,EXPIRED_ACTIVE_8H,component
historical,EP-17458-ENTRY_ON_IMMEDIATE_DISPLACEMENT,2026-06-21 20:04:00-04:00,IFVG2-000891,2026-06-21 20:01:00-04:00,2026-06-22 04:01:00-04:00,EXPIRED_ACTIVE_8H,component
historical,EP-17458-ENTRY_ON_NEW_FVG,2026-06-21 20:04:00-04:00,IFVG2-000891,2026-06-21 20:01:00-04:00,2026-06-22 04:01:00-04:00,EXPIRED_ACTIVE_8H,component
historical,EP-17518-ENTRY_ON_IFVG_RETEST,2026-06-21 21:00:00-04:00,IFVG2-004217,2026-06-19 04:00:00-04:00,2026-06-19 05:00:00-04:00,DEACTIVATED_OVERSHOOT_LIMIT,same_direction
historical,EP-17518-ENTRY_ON_IFVG_RETEST,2026-06-21 21:00:00-04:00,IFVG2-004035,2026-06-19 09:00:00-04:00,2026-06-21 18:15:00-04:00,DEACTIVATED_CLOSE_THROUGH,component
historical,EP-17525-ENTRY_ON_NEW_FVG,2026-06-21 21:00:00-04:00,IFVG2-004217,2026-06-19 04:00:00-04:00,2026-06-19 05:00:00-04:00,DEACTIVATED_OVERSHOOT_LIMIT,same_direction
historical,EP-17530-ENTRY_ON_TAP,2026-06-21 20:59:00-04:00,IFVG2-004217,2026-06-19 04:00:00-04:00,2026-06-19 05:00:00-04:00,DEACTIVATED_OVERSHOOT_LIMIT,same_direction
historical,EP-17530-ENTRY_ON_FIRST_CLOSE_OUTSIDE,2026-06-21 21:03:00-04:00,IFVG2-004217,2026-06-19 04:00:00-04:00,2026-06-19 05:00:00-04:00,DEACTIVATED_OVERSHOOT_LIMIT,same_direction
historical,EP-17530-ENTRY_ON_MINIMAL_WICK_REJECTION,2026-06-21 21:03:00-04:00,IFVG2-004217,2026-06-19 04:00:00-04:00,2026-06-19 05:00:00-04:00,DEACTIVATED_OVERSHOOT_LIMIT,same_direction
historical,EP-17549-ENTRY_ON_NEW_FVG,2026-06-21 21:23:00-04:00,IFVG2-000874,2026-06-19 09:08:00-04:00,2026-06-19 09:15:00-04:00,DEACTIVATED_CLOSE_THROUGH,same_direction
historical,EP-17554-ENTRY_ON_NEW_FVG,2026-06-21 21:23:00-04:00,IFVG2-000874,2026-06-19 09:08:00-04:00,2026-06-19 09:15:00-04:00,DEACTIVATED_CLOSE_THROUGH,same_direction
historical,EP-17557-ENTRY_ON_IFVG_RETEST,2026-06-21 21:27:00-04:00,IFVG2-000897,2026-06-21 21:25:00-04:00,2026-06-21 21:53:00-04:00,DEACTIVATED_CLOSE_THROUGH,component
historical,EP-17903-ENTRY_ON_DELAYED_DISPLACEMENT,2026-06-22 02:27:00-04:00,IFVG2-004192,2026-06-01 20:50:00-04:00,2026-06-02 01:45:00-04:00,DEACTIVATED_CLOSE_THROUGH,inactive_or_traversed
historical,EP-17918-ENTRY_ON_NEW_FVG,2026-06-22 02:27:00-04:00,IFVG2-004192,2026-06-01 20:50:00-04:00,2026-06-02 01:45:00-04:00,DEACTIVATED_CLOSE_THROUGH,inactive_or_traversed
historical,EP-17919-ENTRY_ON_NEW_FVG,2026-06-22 02:27:00-04:00,IFVG2-004192,2026-06-01 20:50:00-04:00,2026-06-02 01:45:00-04:00,DEACTIVATED_CLOSE_THROUGH,inactive_or_traversed
historical,EP-17920-ENTRY_ON_FIRST_CLOSE_OUTSIDE,2026-06-22 02:27:00-04:00,IFVG2-004192,2026-06-01 20:50:00-04:00,2026-06-02 01:45:00-04:00,DEACTIVATED_CLOSE_THROUGH,inactive_or_traversed
historical,EP-17920-ENTRY_ON_IMMEDIATE_DISPLACEMENT,2026-06-22 02:27:00-04:00,IFVG2-004192,2026-06-01 20:50:00-04:00,2026-06-02 01:45:00-04:00,DEACTIVATED_CLOSE_THROUGH,inactive_or_traversed
historical,EP-17924-ENTRY_ON_TAP,2026-06-22 02:29:00-04:00,IFVG2-004192,2026-06-01 20:50:00-04:00,2026-06-02 01:45:00-04:00,DEACTIVATED_CLOSE_THROUGH,inactive_or_traversed
historical,EP-17944-ENTRY_ON_DELAYED_DISPLACEMENT,2026-06-22 02:47:00-04:00,IFVG2-004192,2026-06-01 20:50:00-04:00,2026-06-02 01:45:00-04:00,DEACTIVATED_CLOSE_THROUGH,inactive_or_traversed
historical,EP-17944-ENTRY_ON_NEW_FVG,2026-06-22 02:48:00-04:00,IFVG2-004192,2026-06-01 20:50:00-04:00,2026-06-02 01:45:00-04:00,DEACTIVATED_CLOSE_THROUGH,inactive_or_traversed
historical,EP-17946-ENTRY_ON_FIRST_CLOSE_OUTSIDE,2026-06-22 02:47:00-04:00,IFVG2-004192,2026-06-01 20:50:00-04:00,2026-06-02 01:45:00-04:00,DEACTIVATED_CLOSE_THROUGH,inactive_or_traversed
historical,EP-17946-ENTRY_ON_IMMEDIATE_DISPLACEMENT,2026-06-22 02:47:00-04:00,IFVG2-004192,2026-06-01 20:50:00-04:00,2026-06-02 01:45:00-04:00,DEACTIVATED_CLOSE_THROUGH,inactive_or_traversed
historical,EP-17946-ENTRY_ON_NEW_FVG,2026-06-22 02:48:00-04:00,IFVG2-004192,2026-06-01 20:50:00-04:00,2026-06-02 01:45:00-04:00,DEACTIVATED_CLOSE_THROUGH,inactive_or_traversed
historical,EP-17961-ENTRY_ON_DELAYED_DISPLACEMENT,2026-06-22 03:18:00-04:00,IFVG2-004194,2026-06-02 02:58:00-04:00,2026-06-02 10:00:00-04:00,DEACTIVATED_OVERSHOOT_LIMIT,same_direction
historical,EP-17968-ENTRY_ON_FIRST_CLOSE_OUTSIDE,2026-06-22 03:18:00-04:00,IFVG2-004194,2026-06-02 02:58:00-04:00,2026-06-02 10:00:00-04:00,DEACTIVATED_OVERSHOOT_LIMIT,same_direction
historical,EP-17968-ENTRY_ON_MINIMAL_WICK_REJECTION,2026-06-22 03:18:00-04:00,IFVG2-004194,2026-06-02 02:58:00-04:00,2026-06-02 10:00:00-04:00,DEACTIVATED_OVERSHOOT_LIMIT,same_direction
historical,EP-17968-ENTRY_ON_DELAYED_DISPLACEMENT,2026-06-22 03:18:00-04:00,IFVG2-004194,2026-06-02 02:58:00-04:00,2026-06-02 10:00:00-04:00,DEACTIVATED_OVERSHOOT_LIMIT,same_direction
historical,EP-17998-ENTRY_ON_FIRST_CLOSE_OUTSIDE,2026-06-22 03:38:00-04:00,IFVG2-004213,2026-06-15 12:00:00-04:00,2026-06-15 19:00:00-04:00,DEACTIVATED_OVERSHOOT_LIMIT,same_direction
historical,EP-18256-ENTRY_ON_TAP,2026-06-22 07:08:00-04:00,IFVG2-004213,2026-06-15 12:00:00-04:00,2026-06-15 19:00:00-04:00,DEACTIVATED_OVERSHOOT_LIMIT,same_direction
historical,EP-18279-ENTRY_ON_NEW_IFVG,2026-06-22 07:34:00-04:00,IFVG2-000924,2026-06-22 03:54:00-04:00,2026-06-22 04:00:00-04:00,DEACTIVATED_CLOSE_THROUGH,inactive_or_traversed
historical,EP-18281-ENTRY_ON_NEW_IFVG,2026-06-22 07:34:00-04:00,IFVG2-000924,2026-06-22 03:54:00-04:00,2026-06-22 04:00:00-04:00,DEACTIVATED_CLOSE_THROUGH,inactive_or_traversed
historical,EP-18286-ENTRY_ON_FIRST_CLOSE_OUTSIDE,2026-06-22 07:34:00-04:00,IFVG2-000924,2026-06-22 03:54:00-04:00,2026-06-22 04:00:00-04:00,DEACTIVATED_CLOSE_THROUGH,inactive_or_traversed
historical,EP-18286-ENTRY_ON_NEW_IFVG,2026-06-22 07:34:00-04:00,IFVG2-000924,2026-06-22 03:54:00-04:00,2026-06-22 04:00:00-04:00,DEACTIVATED_CLOSE_THROUGH,inactive_or_traversed
historical,EP-18387-ENTRY_ON_FIRST_CLOSE_OUTSIDE,2026-06-22 09:01:00-04:00,IFVG2-004195,2026-06-02 10:59:00-04:00,2026-06-03 10:00:00-04:00,DEACTIVATED_CLOSE_THROUGH,same_direction
historical,EP-18387-ENTRY_ON_IMMEDIATE_DISPLACEMENT,2026-06-22 09:01:00-04:00,IFVG2-004195,2026-06-02 10:59:00-04:00,2026-06-03 10:00:00-04:00,DEACTIVATED_CLOSE_THROUGH,same_direction
historical,EP-18395-ENTRY_ON_TAP,2026-06-22 09:03:00-04:00,IFVG2-004195,2026-06-02 10:59:00-04:00,2026-06-03 10:00:00-04:00,DEACTIVATED_CLOSE_THROUGH,same_direction
historical,EP-18395-ENTRY_ON_FIRST_CLOSE_OUTSIDE,2026-06-22 09:04:00-04:00,IFVG2-004195,2026-06-02 10:59:00-04:00,2026-06-03 10:00:00-04:00,DEACTIVATED_CLOSE_THROUGH,same_direction
historical,EP-18395-ENTRY_ON_MINIMAL_WICK_REJECTION,2026-06-22 09:04:00-04:00,IFVG2-004195,2026-06-02 10:59:00-04:00,2026-06-03 10:00:00-04:00,DEACTIVATED_CLOSE_THROUGH,same_direction
historical,EP-18402-ENTRY_ON_DELAYED_DISPLACEMENT,2026-06-22 09:24:00-04:00,IFVG2-004195,2026-06-02 10:59:00-04:00,2026-06-03 10:00:00-04:00,DEACTIVATED_CLOSE_THROUGH,same_direction
historical,EP-18404-ENTRY_ON_FIRST_CLOSE_OUTSIDE,2026-06-22 09:25:00-04:00,IFVG2-004195,2026-06-02 10:59:00-04:00,2026-06-03 10:00:00-04:00,DEACTIVATED_CLOSE_THROUGH,same_direction
historical,EP-18411-ENTRY_ON_FIRST_CLOSE_OUTSIDE,2026-06-22 09:24:00-04:00,IFVG2-004195,2026-06-02 10:59:00-04:00,2026-06-03 10:00:00-04:00,DEACTIVATED_CLOSE_THROUGH,same_direction
historical,EP-18411-ENTRY_ON_IMMEDIATE_DISPLACEMENT,2026-06-22 09:24:00-04:00,IFVG2-004195,2026-06-02 10:59:00-04:00,2026-06-03 10:00:00-04:00,DEACTIVATED_CLOSE_THROUGH,same_direction
historical,EP-18412-ENTRY_ON_FIRST_CLOSE_OUTSIDE,2026-06-22 09:22:00-04:00,IFVG2-004195,2026-06-02 10:59:00-04:00,2026-06-03 10:00:00-04:00,DEACTIVATED_CLOSE_THROUGH,same_direction
historical,EP-18412-ENTRY_ON_MINIMAL_WICK_REJECTION,2026-06-22 09:23:00-04:00,IFVG2-004195,2026-06-02 10:59:00-04:00,2026-06-03 10:00:00-04:00,DEACTIVATED_CLOSE_THROUGH,same_direction
historical,EP-18412-ENTRY_ON_DELAYED_DISPLACEMENT,2026-06-22 09:23:00-04:00,IFVG2-004195,2026-06-02 10:59:00-04:00,2026-06-03 10:00:00-04:00,DEACTIVATED_CLOSE_THROUGH,same_direction
historical,EP-18413-ENTRY_ON_FIRST_CLOSE_OUTSIDE,2026-06-22 09:22:00-04:00,IFVG2-004195,2026-06-02 10:59:00-04:00,2026-06-03 10:00:00-04:00,DEACTIVATED_CLOSE_THROUGH,same_direction
historical,EP-18413-ENTRY_ON_MINIMAL_WICK_REJECTION,2026-06-22 09:23:00-04:00,IFVG2-004195,2026-06-02 10:59:00-04:00,2026-06-03 10:00:00-04:00,DEACTIVATED_CLOSE_THROUGH,same_direction
historical,EP-18413-ENTRY_ON_DELAYED_DISPLACEMENT,2026-06-22 09:23:00-04:00,IFVG2-004195,2026-06-02 10:59:00-04:00,2026-06-03 10:00:00-04:00,DEACTIVATED_CLOSE_THROUGH,same_direction
historical,EP-18414-ENTRY_ON_TAP,2026-06-22 09:25:00-04:00,IFVG2-004195,2026-06-02 10:59:00-04:00,2026-06-03 10:00:00-04:00,DEACTIVATED_CLOSE_THROUGH,same_direction
historical,EP-18415-ENTRY_ON_TAP,2026-06-22 09:25:00-04:00,IFVG2-004195,2026-06-02 10:59:00-04:00,2026-06-03 10:00:00-04:00,DEACTIVATED_CLOSE_THROUGH,same_direction
historical,EP-18416-ENTRY_ON_TAP,2026-06-22 09:25:00-04:00,IFVG2-004195,2026-06-02 10:59:00-04:00,2026-06-03 10:00:00-04:00,DEACTIVATED_CLOSE_THROUGH,same_direction
historical,EP-18421-ENTRY_ON_DELAYED_DISPLACEMENT,2026-06-22 09:31:00-04:00,IFVG2-002862,2026-06-22 09:03:00-04:00,2026-06-22 09:33:00-04:00,DEACTIVATED_CLOSE_THROUGH,component
historical,EP-18421-ENTRY_ON_NEW_IFVG,2026-06-22 09:31:00-04:00,IFVG2-002862,2026-06-22 09:03:00-04:00,2026-06-22 09:33:00-04:00,DEACTIVATED_CLOSE_THROUGH,component
historical,EP-18435-ENTRY_ON_DELAYED_DISPLACEMENT,2026-06-22 09:48:00-04:00,IFVG2-000947,2026-06-22 09:41:00-04:00,2026-06-22 09:49:00-04:00,DEACTIVATED_OVERSHOOT_LIMIT,behind_entry
historical,EP-18436-ENTRY_ON_DELAYED_DISPLACEMENT,2026-06-22 09:48:00-04:00,IFVG2-000947,2026-06-22 09:41:00-04:00,2026-06-22 09:49:00-04:00,DEACTIVATED_OVERSHOOT_LIMIT,behind_entry
historical,EP-18441-ENTRY_ON_STRONG_REJECTION,2026-06-22 09:55:00-04:00,IFVG2-000940,2026-06-22 09:30:00-04:00,2026-06-22 09:31:00-04:00,DEACTIVATED_CLOSE_THROUGH,inactive_or_traversed
historical,EP-18459-ENTRY_ON_FIRST_CLOSE_OUTSIDE,2026-06-22 09:48:00-04:00,IFVG2-000947,2026-06-22 09:41:00-04:00,2026-06-22 09:49:00-04:00,DEACTIVATED_OVERSHOOT_LIMIT,behind_entry
historical,EP-18459-ENTRY_ON_DELAYED_DISPLACEMENT,2026-06-22 09:48:00-04:00,IFVG2-000947,2026-06-22 09:41:00-04:00,2026-06-22 09:49:00-04:00,DEACTIVATED_OVERSHOOT_LIMIT,behind_entry
historical,EP-18460-ENTRY_ON_TAP,2026-06-22 09:48:00-04:00,IFVG2-000947,2026-06-22 09:41:00-04:00,2026-06-22 09:49:00-04:00,DEACTIVATED_OVERSHOOT_LIMIT,behind_entry
historical,EP-18466-ENTRY_ON_DELAYED_DISPLACEMENT,2026-06-22 09:55:00-04:00,IFVG2-000940,2026-06-22 09:30:00-04:00,2026-06-22 09:31:00-04:00,DEACTIVATED_CLOSE_THROUGH,inactive_or_traversed
historical,EP-18467-ENTRY_ON_TAP,2026-06-22 09:55:00-04:00,IFVG2-000940,2026-06-22 09:30:00-04:00,2026-06-22 09:31:00-04:00,DEACTIVATED_CLOSE_THROUGH,inactive_or_traversed
historical,EP-18470-ENTRY_ON_TAP,2026-06-22 09:55:00-04:00,IFVG2-000940,2026-06-22 09:30:00-04:00,2026-06-22 09:31:00-04:00,DEACTIVATED_CLOSE_THROUGH,inactive_or_traversed
historical,EP-18503-ENTRY_ON_IFVG_RETEST,2026-06-22 10:19:00-04:00,IFVG2-000949,2026-06-22 10:17:00-04:00,2026-06-22 18:17:00-04:00,EXPIRED_ACTIVE_8H,component
historical,EP-18617-ENTRY_ON_FIRST_CLOSE_OUTSIDE,2026-06-22 11:50:00-04:00,IFVG2-000953,2026-06-22 11:47:00-04:00,2026-06-22 13:54:00-04:00,DEACTIVATED_OVERSHOOT_LIMIT,component
historical,EP-18617-ENTRY_ON_IMMEDIATE_DISPLACEMENT,2026-06-22 11:50:00-04:00,IFVG2-000953,2026-06-22 11:47:00-04:00,2026-06-22 13:54:00-04:00,DEACTIVATED_OVERSHOOT_LIMIT,component
historical,EP-18617-ENTRY_ON_NEW_FVG,2026-06-22 11:50:00-04:00,IFVG2-000953,2026-06-22 11:47:00-04:00,2026-06-22 13:54:00-04:00,DEACTIVATED_OVERSHOOT_LIMIT,component
historical,EP-18617-ENTRY_ON_NEW_IFVG,2026-06-22 11:50:00-04:00,IFVG2-000953,2026-06-22 11:47:00-04:00,2026-06-22 13:54:00-04:00,DEACTIVATED_OVERSHOOT_LIMIT,component
historical,EP-18622-ENTRY_ON_FIRST_CLOSE_OUTSIDE,2026-06-22 12:02:00-04:00,IFVG2-004215,2026-06-17 05:00:00-04:00,2026-06-17 10:00:00-04:00,DEACTIVATED_OVERSHOOT_LIMIT,same_direction
historical,EP-18622-ENTRY_ON_MINIMAL_WICK_REJECTION,2026-06-22 12:02:00-04:00,IFVG2-004215,2026-06-17 05:00:00-04:00,2026-06-17 10:00:00-04:00,DEACTIVATED_OVERSHOOT_LIMIT,same_direction
historical,EP-18627-ENTRY_ON_FIRST_CLOSE_OUTSIDE,2026-06-22 12:02:00-04:00,IFVG2-004215,2026-06-17 05:00:00-04:00,2026-06-17 10:00:00-04:00,DEACTIVATED_OVERSHOOT_LIMIT,same_direction
historical,EP-18820-ENTRY_ON_TAP,2026-06-22 14:53:00-04:00,IFVG2-002865,2026-06-22 13:18:00-04:00,2026-06-22 13:39:00-04:00,DEACTIVATED_OVERSHOOT_LIMIT,same_direction
historical,EP-19087-ENTRY_ON_STRONG_REJECTION,2026-06-22 20:18:00-04:00,IFVG2-002872,2026-06-22 18:36:00-04:00,2026-06-22 20:48:00-04:00,DEACTIVATED_OVERSHOOT_LIMIT,component
historical,EP-19104-ENTRY_ON_NEW_FVG,2026-06-22 20:14:00-04:00,IFVG2-002873,2026-06-22 20:09:00-04:00,2026-06-22 20:45:00-04:00,DEACTIVATED_CLOSE_THROUGH,component
historical,EP-19105-ENTRY_ON_STRONG_REJECTION,2026-06-22 20:18:00-04:00,IFVG2-002873,2026-06-22 20:09:00-04:00,2026-06-22 20:45:00-04:00,DEACTIVATED_CLOSE_THROUGH,component
historical,EP-19105-ENTRY_ON_DELAYED_DISPLACEMENT,2026-06-22 20:24:00-04:00,IFVG2-002873,2026-06-22 20:09:00-04:00,2026-06-22 20:45:00-04:00,DEACTIVATED_CLOSE_THROUGH,component
historical,EP-19232-ENTRY_ON_NEW_FVG,2026-06-22 21:46:00-04:00,IFVG2-004197,2026-06-05 08:00:00-04:00,2026-06-14 21:00:00-04:00,DEACTIVATED_OVERSHOOT_LIMIT,same_direction
historical,EP-19235-ENTRY_ON_NEW_FVG,2026-06-22 21:46:00-04:00,IFVG2-004197,2026-06-05 08:00:00-04:00,2026-06-14 21:00:00-04:00,DEACTIVATED_OVERSHOOT_LIMIT,same_direction
historical,EP-19237-ENTRY_ON_NEW_FVG,2026-06-22 21:46:00-04:00,IFVG2-004197,2026-06-05 08:00:00-04:00,2026-06-14 21:00:00-04:00,DEACTIVATED_OVERSHOOT_LIMIT,same_direction
historical,EP-19238-ENTRY_ON_NEW_FVG,2026-06-22 21:46:00-04:00,IFVG2-004197,2026-06-05 08:00:00-04:00,2026-06-14 21:00:00-04:00,DEACTIVATED_OVERSHOOT_LIMIT,same_direction
historical,EP-19359-ENTRY_ON_DELAYED_DISPLACEMENT,2026-06-22 23:35:00-04:00,IFVG2-001001,2026-06-22 23:30:00-04:00,2026-06-22 23:33:00-04:00,DEACTIVATED_OVERSHOOT_LIMIT,same_direction
historical,EP-19369-ENTRY_ON_FIRST_CLOSE_OUTSIDE,2026-06-22 23:35:00-04:00,IFVG2-001001,2026-06-22 23:30:00-04:00,2026-06-22 23:33:00-04:00,DEACTIVATED_OVERSHOOT_LIMIT,same_direction
historical,EP-19369-ENTRY_ON_DELAYED_DISPLACEMENT,2026-06-22 23:35:00-04:00,IFVG2-001001,2026-06-22 23:30:00-04:00,2026-06-22 23:33:00-04:00,DEACTIVATED_OVERSHOOT_LIMIT,same_direction
historical,EP-19385-ENTRY_ON_FIRST_CLOSE_OUTSIDE,2026-06-22 23:35:00-04:00,IFVG2-001001,2026-06-22 23:30:00-04:00,2026-06-22 23:33:00-04:00,DEACTIVATED_OVERSHOOT_LIMIT,component
historical,EP-19385-ENTRY_ON_IMMEDIATE_DISPLACEMENT,2026-06-22 23:35:00-04:00,IFVG2-001001,2026-06-22 23:30:00-04:00,2026-06-22 23:33:00-04:00,DEACTIVATED_OVERSHOOT_LIMIT,component
historical,EP-19388-ENTRY_ON_TAP,2026-06-22 23:35:00-04:00,IFVG2-001001,2026-06-22 23:30:00-04:00,2026-06-22 23:33:00-04:00,DEACTIVATED_OVERSHOOT_LIMIT,same_direction
historical,EP-19528-ENTRY_ON_IFVG_RETEST,2026-06-23 02:00:00-04:00,IFVG2-004222,2026-06-23 01:00:00-04:00,2026-06-30 10:00:00-04:00,DEACTIVATED_CLOSE_THROUGH,component
historical,EP-19528-ENTRY_ON_FIRST_CLOSE_OUTSIDE,2026-06-23 03:00:00-04:00,IFVG2-004222,2026-06-23 01:00:00-04:00,2026-06-30 10:00:00-04:00,DEACTIVATED_CLOSE_THROUGH,component
historical,EP-19528-ENTRY_ON_IMMEDIATE_DISPLACEMENT,2026-06-23 03:00:00-04:00,IFVG2-004222,2026-06-23 01:00:00-04:00,2026-06-30 10:00:00-04:00,DEACTIVATED_CLOSE_THROUGH,component
historical,EP-19528-ENTRY_ON_NEW_FVG,2026-06-23 03:00:00-04:00,IFVG2-004222,2026-06-23 01:00:00-04:00,2026-06-30 10:00:00-04:00,DEACTIVATED_CLOSE_THROUGH,component
historical,EP-19544-ENTRY_ON_DELAYED_DISPLACEMENT,2026-06-23 01:30:00-04:00,IFVG2-004216,2026-06-17 16:00:00-04:00,2026-06-17 19:00:00-04:00,DEACTIVATED_CLOSE_THROUGH,same_direction
historical,EP-19544-ENTRY_ON_NEW_FVG,2026-06-23 01:30:00-04:00,IFVG2-004216,2026-06-17 16:00:00-04:00,2026-06-17 19:00:00-04:00,DEACTIVATED_CLOSE_THROUGH,same_direction
historical,EP-19549-ENTRY_ON_DELAYED_DISPLACEMENT,2026-06-23 01:27:00-04:00,IFVG2-004216,2026-06-17 16:00:00-04:00,2026-06-17 19:00:00-04:00,DEACTIVATED_CLOSE_THROUGH,same_direction
historical,EP-19549-ENTRY_ON_NEW_FVG,2026-06-23 01:30:00-04:00,IFVG2-004216,2026-06-17 16:00:00-04:00,2026-06-17 19:00:00-04:00,DEACTIVATED_CLOSE_THROUGH,same_direction
historical,EP-19550-ENTRY_ON_NEW_FVG,2026-06-23 01:27:00-04:00,IFVG2-004216,2026-06-17 16:00:00-04:00,2026-06-17 19:00:00-04:00,DEACTIVATED_CLOSE_THROUGH,same_direction
historical,EP-19561-ENTRY_ON_TAP,2026-06-23 01:31:00-04:00,IFVG2-004216,2026-06-17 16:00:00-04:00,2026-06-17 19:00:00-04:00,DEACTIVATED_CLOSE_THROUGH,same_direction
historical,EP-19590-ENTRY_ON_NEW_IFVG,2026-06-23 01:56:00-04:00,IFVG2-001008,2026-06-23 01:55:00-04:00,2026-06-23 09:55:00-04:00,EXPIRED_ACTIVE_8H,same_direction
historical,EP-19595-ENTRY_ON_NEW_IFVG,2026-06-23 01:56:00-04:00,IFVG2-001008,2026-06-23 01:55:00-04:00,2026-06-23 09:55:00-04:00,EXPIRED_ACTIVE_8H,same_direction
historical,EP-19597-ENTRY_ON_NEW_IFVG,2026-06-23 01:56:00-04:00,IFVG2-001008,2026-06-23 01:55:00-04:00,2026-06-23 09:55:00-04:00,EXPIRED_ACTIVE_8H,same_direction
historical,EP-19601-ENTRY_ON_IFVG_RETEST,2026-06-23 01:57:00-04:00,IFVG2-001008,2026-06-23 01:55:00-04:00,2026-06-23 09:55:00-04:00,EXPIRED_ACTIVE_8H,component
historical,EP-19601-ENTRY_ON_FIRST_CLOSE_OUTSIDE,2026-06-23 01:58:00-04:00,IFVG2-001008,2026-06-23 01:55:00-04:00,2026-06-23 09:55:00-04:00,EXPIRED_ACTIVE_8H,component
historical,EP-19601-ENTRY_ON_IMMEDIATE_DISPLACEMENT,2026-06-23 01:58:00-04:00,IFVG2-001008,2026-06-23 01:55:00-04:00,2026-06-23 09:55:00-04:00,EXPIRED_ACTIVE_8H,component
historical,EP-19601-ENTRY_ON_DELAYED_DISPLACEMENT,2026-06-23 02:01:00-04:00,IFVG2-001008,2026-06-23 01:55:00-04:00,2026-06-23 09:55:00-04:00,EXPIRED_ACTIVE_8H,component
historical,EP-19601-ENTRY_ON_NEW_FVG,2026-06-23 01:58:00-04:00,IFVG2-001008,2026-06-23 01:55:00-04:00,2026-06-23 09:55:00-04:00,EXPIRED_ACTIVE_8H,component
historical,EP-19636-ENTRY_ON_FIRST_CLOSE_OUTSIDE,2026-06-23 02:18:00-04:00,IFVG2-001009,2026-06-23 02:06:00-04:00,2026-06-23 10:06:00-04:00,EXPIRED_ACTIVE_8H,component
historical,EP-19636-ENTRY_ON_DELAYED_DISPLACEMENT,2026-06-23 02:18:00-04:00,IFVG2-001009,2026-06-23 02:06:00-04:00,2026-06-23 10:06:00-04:00,EXPIRED_ACTIVE_8H,component
historical,EP-19674-ENTRY_ON_TAP,2026-06-23 02:44:00-04:00,IFVG2-004216,2026-06-17 16:00:00-04:00,2026-06-17 19:00:00-04:00,DEACTIVATED_CLOSE_THROUGH,inactive_or_traversed
historical,EP-19721-ENTRY_ON_DELAYED_DISPLACEMENT,2026-06-23 03:33:00-04:00,IFVG2-002880,2026-06-23 03:18:00-04:00,2026-06-23 03:24:00-04:00,DEACTIVATED_OVERSHOOT_LIMIT,component
historical,EP-19721-ENTRY_ON_NEW_IFVG,2026-06-23 03:33:00-04:00,IFVG2-002880,2026-06-23 03:18:00-04:00,2026-06-23 03:24:00-04:00,DEACTIVATED_OVERSHOOT_LIMIT,component
historical,EP-19738-ENTRY_ON_IFVG_RETEST,2026-06-23 03:36:00-04:00,IFVG2-002881,2026-06-23 03:33:00-04:00,2026-06-23 10:21:00-04:00,DEACTIVATED_CLOSE_THROUGH,component
historical,EP-19739-ENTRY_ON_FIRST_CLOSE_OUTSIDE,2026-06-23 03:36:00-04:00,IFVG2-002881,2026-06-23 03:33:00-04:00,2026-06-23 10:21:00-04:00,DEACTIVATED_CLOSE_THROUGH,component
historical,EP-19739-ENTRY_ON_MINIMAL_WICK_REJECTION,2026-06-23 03:36:00-04:00,IFVG2-002881,2026-06-23 03:33:00-04:00,2026-06-23 10:21:00-04:00,DEACTIVATED_CLOSE_THROUGH,component
historical,EP-19739-ENTRY_ON_IMMEDIATE_DISPLACEMENT,2026-06-23 03:36:00-04:00,IFVG2-002881,2026-06-23 03:33:00-04:00,2026-06-23 10:21:00-04:00,DEACTIVATED_CLOSE_THROUGH,component
historical,EP-19753-ENTRY_ON_DELAYED_DISPLACEMENT,2026-06-23 03:56:00-04:00,IFVG2-004202,2026-06-08 11:00:00-04:00,2026-06-08 16:00:00-04:00,DEACTIVATED_CLOSE_THROUGH,inactive_or_traversed
historical,EP-19780-ENTRY_ON_DELAYED_DISPLACEMENT,2026-06-23 04:24:00-04:00,IFVG2-004210,2026-06-12 09:00:00-04:00,2026-06-12 10:00:00-04:00,DEACTIVATED_OVERSHOOT_LIMIT,same_direction
historical,EP-19781-ENTRY_ON_DELAYED_DISPLACEMENT,2026-06-23 04:24:00-04:00,IFVG2-004210,2026-06-12 09:00:00-04:00,2026-06-12 10:00:00-04:00,DEACTIVATED_OVERSHOOT_LIMIT,same_direction
historical,EP-19782-ENTRY_ON_DELAYED_DISPLACEMENT,2026-06-23 04:24:00-04:00,IFVG2-004210,2026-06-12 09:00:00-04:00,2026-06-12 10:00:00-04:00,DEACTIVATED_OVERSHOOT_LIMIT,same_direction
historical,EP-19783-ENTRY_ON_TAP,2026-06-23 04:24:00-04:00,IFVG2-004210,2026-06-12 09:00:00-04:00,2026-06-12 10:00:00-04:00,DEACTIVATED_OVERSHOOT_LIMIT,same_direction
historical,EP-19784-ENTRY_ON_TAP,2026-06-23 04:24:00-04:00,IFVG2-004210,2026-06-12 09:00:00-04:00,2026-06-12 10:00:00-04:00,DEACTIVATED_OVERSHOOT_LIMIT,same_direction
historical,EP-19935-ENTRY_ON_STRONG_REJECTION,2026-06-23 06:37:00-04:00,IFVG2-001020,2026-06-23 06:27:00-04:00,2026-06-23 07:14:00-04:00,DEACTIVATED_CLOSE_THROUGH,component
historical,EP-19936-ENTRY_ON_TAP,2026-06-23 06:29:00-04:00,IFVG2-001020,2026-06-23 06:27:00-04:00,2026-06-23 07:14:00-04:00,DEACTIVATED_CLOSE_THROUGH,behind_entry
historical,EP-19939-ENTRY_ON_NEW_FVG,2026-06-23 06:42:00-04:00,IFVG2-004210,2026-06-12 09:00:00-04:00,2026-06-12 10:00:00-04:00,DEACTIVATED_OVERSHOOT_LIMIT,same_direction
historical,EP-19942-ENTRY_ON_NEW_FVG,2026-06-23 06:42:00-04:00,IFVG2-004210,2026-06-12 09:00:00-04:00,2026-06-12 10:00:00-04:00,DEACTIVATED_OVERSHOOT_LIMIT,same_direction
historical,EP-19943-ENTRY_ON_FIRST_CLOSE_OUTSIDE,2026-06-23 06:42:00-04:00,IFVG2-004210,2026-06-12 09:00:00-04:00,2026-06-12 10:00:00-04:00,DEACTIVATED_OVERSHOOT_LIMIT,same_direction
historical,EP-19943-ENTRY_ON_MINIMAL_WICK_REJECTION,2026-06-23 06:42:00-04:00,IFVG2-004210,2026-06-12 09:00:00-04:00,2026-06-12 10:00:00-04:00,DEACTIVATED_OVERSHOOT_LIMIT,same_direction
historical,EP-19943-ENTRY_ON_IMMEDIATE_DISPLACEMENT,2026-06-23 06:42:00-04:00,IFVG2-004210,2026-06-12 09:00:00-04:00,2026-06-12 10:00:00-04:00,DEACTIVATED_OVERSHOOT_LIMIT,same_direction
historical,EP-20136-ENTRY_ON_IFVG_RETEST,2026-06-23 09:30:00-04:00,IFVG2-001025,2026-06-23 09:25:00-04:00,2026-06-23 09:31:00-04:00,DEACTIVATED_CLOSE_THROUGH,component
historical,EP-20136-ENTRY_ON_FIRST_CLOSE_OUTSIDE,2026-06-23 09:31:00-04:00,IFVG2-001025,2026-06-23 09:25:00-04:00,2026-06-23 09:31:00-04:00,DEACTIVATED_CLOSE_THROUGH,component
historical,EP-20136-ENTRY_ON_MINIMAL_WICK_REJECTION,2026-06-23 09:31:00-04:00,IFVG2-001025,2026-06-23 09:25:00-04:00,2026-06-23 09:31:00-04:00,DEACTIVATED_CLOSE_THROUGH,component
historical,EP-20136-ENTRY_ON_IMMEDIATE_DISPLACEMENT,2026-06-23 09:31:00-04:00,IFVG2-001025,2026-06-23 09:25:00-04:00,2026-06-23 09:31:00-04:00,DEACTIVATED_CLOSE_THROUGH,component
historical,EP-20517-ENTRY_ON_STRONG_REJECTION,2026-06-23 14:44:00-04:00,IFVG2-004204,2026-06-09 11:00:00-04:00,2026-06-11 16:00:00-04:00,DEACTIVATED_CLOSE_THROUGH,same_direction
historical,EP-20518-ENTRY_ON_STRONG_REJECTION,2026-06-23 14:44:00-04:00,IFVG2-004204,2026-06-09 11:00:00-04:00,2026-06-11 16:00:00-04:00,DEACTIVATED_CLOSE_THROUGH,same_direction
historical,EP-20519-ENTRY_ON_TAP,2026-06-23 14:43:00-04:00,IFVG2-004204,2026-06-09 11:00:00-04:00,2026-06-11 16:00:00-04:00,DEACTIVATED_CLOSE_THROUGH,same_direction
historical,EP-20519-ENTRY_ON_FIRST_CLOSE_OUTSIDE,2026-06-23 14:44:00-04:00,IFVG2-004204,2026-06-09 11:00:00-04:00,2026-06-11 16:00:00-04:00,DEACTIVATED_CLOSE_THROUGH,same_direction
historical,EP-20519-ENTRY_ON_STRONG_REJECTION,2026-06-23 14:44:00-04:00,IFVG2-004204,2026-06-09 11:00:00-04:00,2026-06-11 16:00:00-04:00,DEACTIVATED_CLOSE_THROUGH,same_direction
historical,EP-20525-ENTRY_ON_FIRST_CLOSE_OUTSIDE,2026-06-23 14:53:00-04:00,IFVG2-001046,2026-06-23 14:50:00-04:00,2026-06-23 14:53:00-04:00,DEACTIVATED_CLOSE_THROUGH,behind_entry
historical,EP-20525-ENTRY_ON_MINIMAL_WICK_REJECTION,2026-06-23 14:53:00-04:00,IFVG2-001046,2026-06-23 14:50:00-04:00,2026-06-23 14:53:00-04:00,DEACTIVATED_CLOSE_THROUGH,behind_entry
historical,EP-20525-ENTRY_ON_DELAYED_DISPLACEMENT,2026-06-23 14:53:00-04:00,IFVG2-001046,2026-06-23 14:50:00-04:00,2026-06-23 14:53:00-04:00,DEACTIVATED_CLOSE_THROUGH,behind_entry
historical,EP-20935-ENTRY_ON_TAP,2026-06-23 21:06:00-04:00,IFVG2-002906,2026-06-23 20:09:00-04:00,2026-06-23 21:06:00-04:00,DEACTIVATED_OVERSHOOT_LIMIT,same_direction
historical,EP-20946-ENTRY_ON_DELAYED_DISPLACEMENT,2026-06-23 21:24:00-04:00,IFVG2-001042,2026-06-23 13:05:00-04:00,2026-06-23 13:09:00-04:00,DEACTIVATED_CLOSE_THROUGH,inactive_or_traversed
historical,EP-20946-ENTRY_ON_NEW_FVG,2026-06-23 21:24:00-04:00,IFVG2-001042,2026-06-23 13:05:00-04:00,2026-06-23 13:09:00-04:00,DEACTIVATED_CLOSE_THROUGH,inactive_or_traversed
historical,EP-20946-ENTRY_ON_NEW_IFVG,2026-06-23 21:24:00-04:00,IFVG2-001042,2026-06-23 13:05:00-04:00,2026-06-23 13:09:00-04:00,DEACTIVATED_CLOSE_THROUGH,inactive_or_traversed
historical,EP-20947-ENTRY_ON_DELAYED_DISPLACEMENT,2026-06-23 21:24:00-04:00,IFVG2-001042,2026-06-23 13:05:00-04:00,2026-06-23 13:09:00-04:00,DEACTIVATED_CLOSE_THROUGH,inactive_or_traversed
historical,EP-20947-ENTRY_ON_NEW_FVG,2026-06-23 21:24:00-04:00,IFVG2-001042,2026-06-23 13:05:00-04:00,2026-06-23 13:09:00-04:00,DEACTIVATED_CLOSE_THROUGH,inactive_or_traversed
historical,EP-20947-ENTRY_ON_NEW_IFVG,2026-06-23 21:24:00-04:00,IFVG2-001042,2026-06-23 13:05:00-04:00,2026-06-23 13:09:00-04:00,DEACTIVATED_CLOSE_THROUGH,inactive_or_traversed
historical,EP-20950-ENTRY_ON_DELAYED_DISPLACEMENT,2026-06-23 21:24:00-04:00,IFVG2-001042,2026-06-23 13:05:00-04:00,2026-06-23 13:09:00-04:00,DEACTIVATED_CLOSE_THROUGH,inactive_or_traversed
historical,EP-20950-ENTRY_ON_NEW_FVG,2026-06-23 21:24:00-04:00,IFVG2-001042,2026-06-23 13:05:00-04:00,2026-06-23 13:09:00-04:00,DEACTIVATED_CLOSE_THROUGH,inactive_or_traversed
historical,EP-20950-ENTRY_ON_NEW_IFVG,2026-06-23 21:24:00-04:00,IFVG2-001042,2026-06-23 13:05:00-04:00,2026-06-23 13:09:00-04:00,DEACTIVATED_CLOSE_THROUGH,inactive_or_traversed
historical,EP-20951-ENTRY_ON_TAP,2026-06-23 21:24:00-04:00,IFVG2-001042,2026-06-23 13:05:00-04:00,2026-06-23 13:09:00-04:00,DEACTIVATED_CLOSE_THROUGH,inactive_or_traversed
historical,EP-21790-ENTRY_ON_NEW_FVG,2026-06-24 09:12:00-04:00,IFVG2-002909,2026-06-23 23:15:00-04:00,2026-06-23 23:18:00-04:00,DEACTIVATED_CLOSE_THROUGH,inactive_or_traversed
historical,EP-21790-ENTRY_ON_NEW_FVG,2026-06-24 09:12:00-04:00,IFVG2-001098,2026-06-24 00:03:00-04:00,2026-06-24 00:36:00-04:00,DEACTIVATED_CLOSE_THROUGH,same_direction
historical,EP-21809-ENTRY_ON_NEW_FVG,2026-06-24 09:12:00-04:00,IFVG2-002909,2026-06-23 23:15:00-04:00,2026-06-23 23:18:00-04:00,DEACTIVATED_CLOSE_THROUGH,inactive_or_traversed
historical,EP-21809-ENTRY_ON_NEW_FVG,2026-06-24 09:12:00-04:00,IFVG2-001098,2026-06-24 00:03:00-04:00,2026-06-24 00:36:00-04:00,DEACTIVATED_CLOSE_THROUGH,same_direction
historical,EP-21810-ENTRY_ON_FIRST_CLOSE_OUTSIDE,2026-06-24 09:08:00-04:00,IFVG2-002911,2026-06-24 00:00:00-04:00,2026-06-24 00:03:00-04:00,DEACTIVATED_CLOSE_THROUGH,inactive_or_traversed
historical,EP-21810-ENTRY_ON_DELAYED_DISPLACEMENT,2026-06-24 09:11:00-04:00,IFVG2-001099,2026-06-24 00:36:00-04:00,2026-06-24 08:36:00-04:00,EXPIRED_UNTOUCHED_8H,inactive_or_traversed
historical,EP-21814-ENTRY_ON_DELAYED_DISPLACEMENT,2026-06-24 09:11:00-04:00,IFVG2-001099,2026-06-24 00:36:00-04:00,2026-06-24 08:36:00-04:00,EXPIRED_UNTOUCHED_8H,inactive_or_traversed
historical,EP-21824-ENTRY_ON_TAP,2026-06-24 09:14:00-04:00,IFVG2-001092,2026-06-23 23:16:00-04:00,2026-06-23 23:27:00-04:00,DEACTIVATED_CLOSE_THROUGH,same_direction
historical,EP-21831-ENTRY_ON_FIRST_CLOSE_OUTSIDE,2026-06-24 09:24:00-04:00,IFVG2-001100,2026-06-24 00:36:00-04:00,2026-06-24 08:36:00-04:00,EXPIRED_UNTOUCHED_8H,inactive_or_traversed
historical,EP-21831-ENTRY_ON_MINIMAL_WICK_REJECTION,2026-06-24 09:24:00-04:00,IFVG2-001100,2026-06-24 00:36:00-04:00,2026-06-24 08:36:00-04:00,EXPIRED_UNTOUCHED_8H,inactive_or_traversed
historical,EP-21831-ENTRY_ON_IMMEDIATE_DISPLACEMENT,2026-06-24 09:24:00-04:00,IFVG2-001100,2026-06-24 00:36:00-04:00,2026-06-24 08:36:00-04:00,EXPIRED_UNTOUCHED_8H,inactive_or_traversed
historical,EP-21833-ENTRY_ON_DELAYED_DISPLACEMENT,2026-06-24 09:24:00-04:00,IFVG2-001100,2026-06-24 00:36:00-04:00,2026-06-24 08:36:00-04:00,EXPIRED_UNTOUCHED_8H,inactive_or_traversed
historical,EP-21834-ENTRY_ON_DELAYED_DISPLACEMENT,2026-06-24 09:24:00-04:00,IFVG2-001100,2026-06-24 00:36:00-04:00,2026-06-24 08:36:00-04:00,EXPIRED_UNTOUCHED_8H,inactive_or_traversed
historical,EP-21852-ENTRY_ON_TAP,2026-06-24 09:31:00-04:00,IFVG2-004201,2026-06-08 08:00:00-04:00,2026-06-09 11:00:00-04:00,DEACTIVATED_OVERSHOOT_LIMIT,inactive_or_traversed
historical,EP-21856-ENTRY_ON_FIRST_CLOSE_OUTSIDE,2026-06-24 09:40:00-04:00,IFVG2-001095,2026-06-23 23:50:00-04:00,2026-06-23 23:52:00-04:00,DEACTIVATED_CLOSE_THROUGH,same_direction
historical,EP-21856-ENTRY_ON_MINIMAL_WICK_REJECTION,2026-06-24 09:40:00-04:00,IFVG2-001095,2026-06-23 23:50:00-04:00,2026-06-23 23:52:00-04:00,DEACTIVATED_CLOSE_THROUGH,same_direction
historical,EP-21856-ENTRY_ON_IMMEDIATE_DISPLACEMENT,2026-06-24 09:40:00-04:00,IFVG2-001095,2026-06-23 23:50:00-04:00,2026-06-23 23:52:00-04:00,DEACTIVATED_CLOSE_THROUGH,same_direction
historical,EP-21857-ENTRY_ON_FIRST_CLOSE_OUTSIDE,2026-06-24 09:40:00-04:00,IFVG2-001095,2026-06-23 23:50:00-04:00,2026-06-23 23:52:00-04:00,DEACTIVATED_CLOSE_THROUGH,same_direction
historical,EP-21857-ENTRY_ON_MINIMAL_WICK_REJECTION,2026-06-24 09:40:00-04:00,IFVG2-001095,2026-06-23 23:50:00-04:00,2026-06-23 23:52:00-04:00,DEACTIVATED_CLOSE_THROUGH,same_direction
historical,EP-21857-ENTRY_ON_IMMEDIATE_DISPLACEMENT,2026-06-24 09:40:00-04:00,IFVG2-001095,2026-06-23 23:50:00-04:00,2026-06-23 23:52:00-04:00,DEACTIVATED_CLOSE_THROUGH,same_direction
historical,EP-21858-ENTRY_ON_FIRST_CLOSE_OUTSIDE,2026-06-24 09:40:00-04:00,IFVG2-001095,2026-06-23 23:50:00-04:00,2026-06-23 23:52:00-04:00,DEACTIVATED_CLOSE_THROUGH,same_direction
historical,EP-21858-ENTRY_ON_MINIMAL_WICK_REJECTION,2026-06-24 09:40:00-04:00,IFVG2-001095,2026-06-23 23:50:00-04:00,2026-06-23 23:52:00-04:00,DEACTIVATED_CLOSE_THROUGH,same_direction
historical,EP-21858-ENTRY_ON_IMMEDIATE_DISPLACEMENT,2026-06-24 09:40:00-04:00,IFVG2-001095,2026-06-23 23:50:00-04:00,2026-06-23 23:52:00-04:00,DEACTIVATED_CLOSE_THROUGH,same_direction
historical,EP-21859-ENTRY_ON_FIRST_CLOSE_OUTSIDE,2026-06-24 09:40:00-04:00,IFVG2-001095,2026-06-23 23:50:00-04:00,2026-06-23 23:52:00-04:00,DEACTIVATED_CLOSE_THROUGH,same_direction
historical,EP-21859-ENTRY_ON_MINIMAL_WICK_REJECTION,2026-06-24 09:40:00-04:00,IFVG2-001095,2026-06-23 23:50:00-04:00,2026-06-23 23:52:00-04:00,DEACTIVATED_CLOSE_THROUGH,same_direction
historical,EP-21859-ENTRY_ON_IMMEDIATE_DISPLACEMENT,2026-06-24 09:40:00-04:00,IFVG2-001095,2026-06-23 23:50:00-04:00,2026-06-23 23:52:00-04:00,DEACTIVATED_CLOSE_THROUGH,same_direction
historical,EP-21873-ENTRY_ON_FIRST_CLOSE_OUTSIDE,2026-06-24 09:42:00-04:00,IFVG2-004204,2026-06-09 11:00:00-04:00,2026-06-11 16:00:00-04:00,DEACTIVATED_CLOSE_THROUGH,same_direction
historical,EP-21873-ENTRY_ON_IMMEDIATE_DISPLACEMENT,2026-06-24 09:42:00-04:00,IFVG2-004204,2026-06-09 11:00:00-04:00,2026-06-11 16:00:00-04:00,DEACTIVATED_CLOSE_THROUGH,same_direction
historical,EP-21877-ENTRY_ON_IFVG_RETEST,2026-06-24 09:42:00-04:00,IFVG2-004204,2026-06-09 11:00:00-04:00,2026-06-11 16:00:00-04:00,DEACTIVATED_CLOSE_THROUGH,same_direction
historical,EP-21877-ENTRY_ON_IFVG_RETEST,2026-06-24 09:42:00-04:00,IFVG2-001130,2026-06-24 09:40:00-04:00,2026-06-24 10:45:00-04:00,DEACTIVATED_CLOSE_THROUGH,component
historical,EP-21877-ENTRY_ON_FIRST_CLOSE_OUTSIDE,2026-06-24 09:43:00-04:00,IFVG2-004204,2026-06-09 11:00:00-04:00,2026-06-11 16:00:00-04:00,DEACTIVATED_CLOSE_THROUGH,same_direction
historical,EP-21877-ENTRY_ON_FIRST_CLOSE_OUTSIDE,2026-06-24 09:43:00-04:00,IFVG2-001130,2026-06-24 09:40:00-04:00,2026-06-24 10:45:00-04:00,DEACTIVATED_CLOSE_THROUGH,component
historical,EP-21877-ENTRY_ON_NEW_FVG,2026-06-24 09:43:00-04:00,IFVG2-004204,2026-06-09 11:00:00-04:00,2026-06-11 16:00:00-04:00,DEACTIVATED_CLOSE_THROUGH,same_direction
historical,EP-21877-ENTRY_ON_NEW_FVG,2026-06-24 09:43:00-04:00,IFVG2-001130,2026-06-24 09:40:00-04:00,2026-06-24 10:45:00-04:00,DEACTIVATED_CLOSE_THROUGH,component
historical,EP-21900-ENTRY_ON_FIRST_CLOSE_OUTSIDE,2026-06-24 09:56:00-04:00,IFVG2-001100,2026-06-24 00:36:00-04:00,2026-06-24 08:36:00-04:00,EXPIRED_UNTOUCHED_8H,inactive_or_traversed
historical,EP-21900-ENTRY_ON_FIRST_CLOSE_OUTSIDE,2026-06-24 09:56:00-04:00,IFVG2-001098,2026-06-24 00:03:00-04:00,2026-06-24 00:36:00-04:00,DEACTIVATED_CLOSE_THROUGH,same_direction
historical,EP-21900-ENTRY_ON_FIRST_CLOSE_OUTSIDE,2026-06-24 09:56:00-04:00,IFVG2-001131,2026-06-24 09:50:00-04:00,2026-06-24 09:57:00-04:00,DEACTIVATED_CLOSE_THROUGH,behind_entry
historical,EP-21900-ENTRY_ON_MINIMAL_WICK_REJECTION,2026-06-24 09:56:00-04:00,IFVG2-001100,2026-06-24 00:36:00-04:00,2026-06-24 08:36:00-04:00,EXPIRED_UNTOUCHED_8H,inactive_or_traversed
historical,EP-21900-ENTRY_ON_MINIMAL_WICK_REJECTION,2026-06-24 09:56:00-04:00,IFVG2-001098,2026-06-24 00:03:00-04:00,2026-06-24 00:36:00-04:00,DEACTIVATED_CLOSE_THROUGH,same_direction
historical,EP-21900-ENTRY_ON_MINIMAL_WICK_REJECTION,2026-06-24 09:56:00-04:00,IFVG2-001131,2026-06-24 09:50:00-04:00,2026-06-24 09:57:00-04:00,DEACTIVATED_CLOSE_THROUGH,behind_entry
historical,EP-21900-ENTRY_ON_DELAYED_DISPLACEMENT,2026-06-24 09:56:00-04:00,IFVG2-001100,2026-06-24 00:36:00-04:00,2026-06-24 08:36:00-04:00,EXPIRED_UNTOUCHED_8H,inactive_or_traversed
historical,EP-21900-ENTRY_ON_DELAYED_DISPLACEMENT,2026-06-24 09:56:00-04:00,IFVG2-001098,2026-06-24 00:03:00-04:00,2026-06-24 00:36:00-04:00,DEACTIVATED_CLOSE_THROUGH,same_direction
historical,EP-21900-ENTRY_ON_DELAYED_DISPLACEMENT,2026-06-24 09:56:00-04:00,IFVG2-001131,2026-06-24 09:50:00-04:00,2026-06-24 09:57:00-04:00,DEACTIVATED_CLOSE_THROUGH,behind_entry
historical,EP-21900-ENTRY_ON_NEW_FVG,2026-06-24 09:57:00-04:00,IFVG2-001131,2026-06-24 09:50:00-04:00,2026-06-24 09:57:00-04:00,DEACTIVATED_CLOSE_THROUGH,behind_entry
historical,EP-21904-ENTRY_ON_FIRST_CLOSE_OUTSIDE,2026-06-24 09:56:00-04:00,IFVG2-001100,2026-06-24 00:36:00-04:00,2026-06-24 08:36:00-04:00,EXPIRED_UNTOUCHED_8H,inactive_or_traversed
historical,EP-21904-ENTRY_ON_FIRST_CLOSE_OUTSIDE,2026-06-24 09:56:00-04:00,IFVG2-001098,2026-06-24 00:03:00-04:00,2026-06-24 00:36:00-04:00,DEACTIVATED_CLOSE_THROUGH,same_direction
historical,EP-21904-ENTRY_ON_FIRST_CLOSE_OUTSIDE,2026-06-24 09:56:00-04:00,IFVG2-001131,2026-06-24 09:50:00-04:00,2026-06-24 09:57:00-04:00,DEACTIVATED_CLOSE_THROUGH,behind_entry
historical,EP-21904-ENTRY_ON_MINIMAL_WICK_REJECTION,2026-06-24 09:56:00-04:00,IFVG2-001100,2026-06-24 00:36:00-04:00,2026-06-24 08:36:00-04:00,EXPIRED_UNTOUCHED_8H,inactive_or_traversed
historical,EP-21904-ENTRY_ON_MINIMAL_WICK_REJECTION,2026-06-24 09:56:00-04:00,IFVG2-001098,2026-06-24 00:03:00-04:00,2026-06-24 00:36:00-04:00,DEACTIVATED_CLOSE_THROUGH,same_direction
historical,EP-21904-ENTRY_ON_MINIMAL_WICK_REJECTION,2026-06-24 09:56:00-04:00,IFVG2-001131,2026-06-24 09:50:00-04:00,2026-06-24 09:57:00-04:00,DEACTIVATED_CLOSE_THROUGH,behind_entry
historical,EP-21904-ENTRY_ON_IMMEDIATE_DISPLACEMENT,2026-06-24 09:56:00-04:00,IFVG2-001100,2026-06-24 00:36:00-04:00,2026-06-24 08:36:00-04:00,EXPIRED_UNTOUCHED_8H,inactive_or_traversed
historical,EP-21904-ENTRY_ON_IMMEDIATE_DISPLACEMENT,2026-06-24 09:56:00-04:00,IFVG2-001098,2026-06-24 00:03:00-04:00,2026-06-24 00:36:00-04:00,DEACTIVATED_CLOSE_THROUGH,same_direction
historical,EP-21904-ENTRY_ON_IMMEDIATE_DISPLACEMENT,2026-06-24 09:56:00-04:00,IFVG2-001131,2026-06-24 09:50:00-04:00,2026-06-24 09:57:00-04:00,DEACTIVATED_CLOSE_THROUGH,behind_entry
historical,EP-21904-ENTRY_ON_NEW_FVG,2026-06-24 09:57:00-04:00,IFVG2-001131,2026-06-24 09:50:00-04:00,2026-06-24 09:57:00-04:00,DEACTIVATED_CLOSE_THROUGH,behind_entry
historical,EP-21905-ENTRY_ON_TAP,2026-06-24 09:57:00-04:00,IFVG2-001131,2026-06-24 09:50:00-04:00,2026-06-24 09:57:00-04:00,DEACTIVATED_CLOSE_THROUGH,behind_entry
historical,EP-21906-ENTRY_ON_TAP,2026-06-24 09:56:00-04:00,IFVG2-001100,2026-06-24 00:36:00-04:00,2026-06-24 08:36:00-04:00,EXPIRED_UNTOUCHED_8H,inactive_or_traversed
historical,EP-21906-ENTRY_ON_TAP,2026-06-24 09:56:00-04:00,IFVG2-001098,2026-06-24 00:03:00-04:00,2026-06-24 00:36:00-04:00,DEACTIVATED_CLOSE_THROUGH,same_direction
historical,EP-21906-ENTRY_ON_TAP,2026-06-24 09:56:00-04:00,IFVG2-001131,2026-06-24 09:50:00-04:00,2026-06-24 09:57:00-04:00,DEACTIVATED_CLOSE_THROUGH,behind_entry
historical,EP-21906-ENTRY_ON_FIRST_CLOSE_OUTSIDE,2026-06-24 09:57:00-04:00,IFVG2-001131,2026-06-24 09:50:00-04:00,2026-06-24 09:57:00-04:00,DEACTIVATED_CLOSE_THROUGH,behind_entry
historical,EP-21906-ENTRY_ON_NEW_FVG,2026-06-24 09:57:00-04:00,IFVG2-001131,2026-06-24 09:50:00-04:00,2026-06-24 09:57:00-04:00,DEACTIVATED_CLOSE_THROUGH,behind_entry
historical,EP-21911-ENTRY_ON_TAP,2026-06-24 09:58:00-04:00,IFVG2-003667,2026-06-24 09:55:00-04:00,2026-06-24 10:00:00-04:00,DEACTIVATED_CLOSE_THROUGH,behind_entry
historical,EP-22138-ENTRY_ON_DELAYED_DISPLACEMENT,2026-06-24 13:21:00-04:00,IFVG2-004200,2026-06-08 03:59:00-04:00,2026-06-09 11:00:00-04:00,DEACTIVATED_OVERSHOOT_LIMIT,inactive_or_traversed
historical,EP-22138-ENTRY_ON_NEW_FVG,2026-06-24 13:21:00-04:00,IFVG2-004200,2026-06-08 03:59:00-04:00,2026-06-09 11:00:00-04:00,DEACTIVATED_OVERSHOOT_LIMIT,inactive_or_traversed
historical,EP-22146-ENTRY_ON_FIRST_CLOSE_OUTSIDE,2026-06-24 13:21:00-04:00,IFVG2-004200,2026-06-08 03:59:00-04:00,2026-06-09 11:00:00-04:00,DEACTIVATED_OVERSHOOT_LIMIT,inactive_or_traversed
historical,EP-22146-ENTRY_ON_DELAYED_DISPLACEMENT,2026-06-24 13:21:00-04:00,IFVG2-004200,2026-06-08 03:59:00-04:00,2026-06-09 11:00:00-04:00,DEACTIVATED_OVERSHOOT_LIMIT,inactive_or_traversed
historical,EP-22148-ENTRY_ON_TAP,2026-06-24 13:21:00-04:00,IFVG2-004200,2026-06-08 03:59:00-04:00,2026-06-09 11:00:00-04:00,DEACTIVATED_OVERSHOOT_LIMIT,inactive_or_traversed
historical,EP-22148-ENTRY_ON_NEW_FVG,2026-06-24 13:29:00-04:00,IFVG2-004198,2026-06-07 21:00:00-04:00,2026-06-07 21:58:00-04:00,DEACTIVATED_OVERSHOOT_LIMIT,inactive_or_traversed
historical,EP-22149-ENTRY_ON_TAP,2026-06-24 13:23:00-04:00,IFVG2-004200,2026-06-08 03:59:00-04:00,2026-06-09 11:00:00-04:00,DEACTIVATED_OVERSHOOT_LIMIT,inactive_or_traversed
historical,EP-22149-ENTRY_ON_NEW_FVG,2026-06-24 13:29:00-04:00,IFVG2-004198,2026-06-07 21:00:00-04:00,2026-06-07 21:58:00-04:00,DEACTIVATED_OVERSHOOT_LIMIT,inactive_or_traversed
historical,EP-22150-ENTRY_ON_DELAYED_DISPLACEMENT,2026-06-24 13:29:00-04:00,IFVG2-004198,2026-06-07 21:00:00-04:00,2026-06-07 21:58:00-04:00,DEACTIVATED_OVERSHOOT_LIMIT,inactive_or_traversed
historical,EP-22150-ENTRY_ON_NEW_FVG,2026-06-24 13:29:00-04:00,IFVG2-004198,2026-06-07 21:00:00-04:00,2026-06-07 21:58:00-04:00,DEACTIVATED_OVERSHOOT_LIMIT,inactive_or_traversed
historical,EP-22153-ENTRY_ON_DELAYED_DISPLACEMENT,2026-06-24 13:29:00-04:00,IFVG2-004198,2026-06-07 21:00:00-04:00,2026-06-07 21:58:00-04:00,DEACTIVATED_OVERSHOOT_LIMIT,inactive_or_traversed
historical,EP-22153-ENTRY_ON_NEW_FVG,2026-06-24 13:29:00-04:00,IFVG2-004198,2026-06-07 21:00:00-04:00,2026-06-07 21:58:00-04:00,DEACTIVATED_OVERSHOOT_LIMIT,inactive_or_traversed
historical,EP-22189-ENTRY_ON_NEW_FVG,2026-06-24 13:59:00-04:00,IFVG2-004198,2026-06-07 21:00:00-04:00,2026-06-07 21:58:00-04:00,DEACTIVATED_OVERSHOOT_LIMIT,inactive_or_traversed
historical,EP-22234-ENTRY_ON_DELAYED_DISPLACEMENT,2026-06-24 14:50:00-04:00,IFVG2-004199,2026-06-08 01:59:00-04:00,2026-06-08 03:00:00-04:00,DEACTIVATED_CLOSE_THROUGH,same_direction
historical,EP-22246-ENTRY_ON_STRONG_REJECTION,2026-06-24 15:00:00-04:00,IFVG2-003671,2026-06-24 14:35:00-04:00,2026-06-24 16:05:00-04:00,DEACTIVATED_CLOSE_THROUGH,component
historical,EP-22246-ENTRY_ON_DELAYED_DISPLACEMENT,2026-06-24 14:50:00-04:00,IFVG2-004199,2026-06-08 01:59:00-04:00,2026-06-08 03:00:00-04:00,DEACTIVATED_CLOSE_THROUGH,same_direction
historical,EP-22246-ENTRY_ON_DELAYED_DISPLACEMENT,2026-06-24 14:50:00-04:00,IFVG2-003671,2026-06-24 14:35:00-04:00,2026-06-24 16:05:00-04:00,DEACTIVATED_CLOSE_THROUGH,component
historical,EP-22256-ENTRY_ON_NEW_FVG,2026-06-24 14:48:00-04:00,IFVG2-001147,2026-06-24 14:40:00-04:00,2026-06-24 15:53:00-04:00,DEACTIVATED_CLOSE_THROUGH,component
historical,EP-22258-ENTRY_ON_NEW_FVG,2026-06-24 14:48:00-04:00,IFVG2-002932,2026-06-24 14:42:00-04:00,2026-06-24 14:45:00-04:00,DEACTIVATED_OVERSHOOT_LIMIT,component
historical,EP-22260-ENTRY_ON_FIRST_CLOSE_OUTSIDE,2026-06-24 14:48:00-04:00,IFVG2-002932,2026-06-24 14:42:00-04:00,2026-06-24 14:45:00-04:00,DEACTIVATED_OVERSHOOT_LIMIT,component
historical,EP-22260-ENTRY_ON_MINIMAL_WICK_REJECTION,2026-06-24 14:48:00-04:00,IFVG2-002932,2026-06-24 14:42:00-04:00,2026-06-24 14:45:00-04:00,DEACTIVATED_OVERSHOOT_LIMIT,component
historical,EP-22260-ENTRY_ON_IMMEDIATE_DISPLACEMENT,2026-06-24 14:48:00-04:00,IFVG2-002932,2026-06-24 14:42:00-04:00,2026-06-24 14:45:00-04:00,DEACTIVATED_OVERSHOOT_LIMIT,component
historical,EP-22260-ENTRY_ON_DELAYED_DISPLACEMENT,2026-06-24 14:51:00-04:00,IFVG2-004199,2026-06-08 01:59:00-04:00,2026-06-08 03:00:00-04:00,DEACTIVATED_CLOSE_THROUGH,same_direction
historical,EP-22260-ENTRY_ON_DELAYED_DISPLACEMENT,2026-06-24 14:51:00-04:00,IFVG2-002932,2026-06-24 14:42:00-04:00,2026-06-24 14:45:00-04:00,DEACTIVATED_OVERSHOOT_LIMIT,component
historical,EP-22274-ENTRY_ON_FIRST_CLOSE_OUTSIDE,2026-06-24 14:58:00-04:00,IFVG2-004206,2026-06-09 16:00:00-04:00,2026-06-10 05:00:00-04:00,DEACTIVATED_CLOSE_THROUGH,inactive_or_traversed
historical,EP-22274-ENTRY_ON_MINIMAL_WICK_REJECTION,2026-06-24 14:58:00-04:00,IFVG2-004206,2026-06-09 16:00:00-04:00,2026-06-10 05:00:00-04:00,DEACTIVATED_CLOSE_THROUGH,inactive_or_traversed
historical,EP-22274-ENTRY_ON_STRONG_REJECTION,2026-06-24 14:58:00-04:00,IFVG2-004206,2026-06-09 16:00:00-04:00,2026-06-10 05:00:00-04:00,DEACTIVATED_CLOSE_THROUGH,inactive_or_traversed
historical,EP-22276-ENTRY_ON_TAP,2026-06-24 14:58:00-04:00,IFVG2-004206,2026-06-09 16:00:00-04:00,2026-06-10 05:00:00-04:00,DEACTIVATED_CLOSE_THROUGH,inactive_or_traversed
historical,EP-22828-ENTRY_ON_DELAYED_DISPLACEMENT,2026-06-24 23:29:00-04:00,IFVG2-003677,2026-06-24 20:35:00-04:00,2026-06-25 01:25:00-04:00,DEACTIVATED_CLOSE_THROUGH,component
historical,EP-23051-ENTRY_ON_TAP,2026-06-25 03:24:00-04:00,IFVG2-004223,2026-06-23 02:00:00-04:00,2026-06-25 09:00:00-04:00,DEACTIVATED_OVERSHOOT_LIMIT,behind_entry
historical,EP-23082-ENTRY_ON_TAP,2026-06-25 04:00:00-04:00,IFVG2-001177,2026-06-25 03:27:00-04:00,2026-06-25 03:28:00-04:00,DEACTIVATED_CLOSE_THROUGH,same_direction
historical,EP-23086-ENTRY_ON_FIRST_CLOSE_OUTSIDE,2026-06-25 04:00:00-04:00,IFVG2-001177,2026-06-25 03:27:00-04:00,2026-06-25 03:28:00-04:00,DEACTIVATED_CLOSE_THROUGH,same_direction
historical,EP-23086-ENTRY_ON_DELAYED_DISPLACEMENT,2026-06-25 04:00:00-04:00,IFVG2-001177,2026-06-25 03:27:00-04:00,2026-06-25 03:28:00-04:00,DEACTIVATED_CLOSE_THROUGH,same_direction
historical,EP-23088-ENTRY_ON_FIRST_CLOSE_OUTSIDE,2026-06-25 04:00:00-04:00,IFVG2-001177,2026-06-25 03:27:00-04:00,2026-06-25 03:28:00-04:00,DEACTIVATED_CLOSE_THROUGH,same_direction
historical,EP-23088-ENTRY_ON_MINIMAL_WICK_REJECTION,2026-06-25 04:00:00-04:00,IFVG2-001177,2026-06-25 03:27:00-04:00,2026-06-25 03:28:00-04:00,DEACTIVATED_CLOSE_THROUGH,same_direction
historical,EP-23088-ENTRY_ON_IMMEDIATE_DISPLACEMENT,2026-06-25 04:00:00-04:00,IFVG2-001177,2026-06-25 03:27:00-04:00,2026-06-25 03:28:00-04:00,DEACTIVATED_CLOSE_THROUGH,same_direction
historical,EP-23095-ENTRY_ON_FIRST_CLOSE_OUTSIDE,2026-06-25 04:00:00-04:00,IFVG2-001177,2026-06-25 03:27:00-04:00,2026-06-25 03:28:00-04:00,DEACTIVATED_CLOSE_THROUGH,same_direction
historical,EP-23095-ENTRY_ON_IMMEDIATE_DISPLACEMENT,2026-06-25 04:00:00-04:00,IFVG2-001177,2026-06-25 03:27:00-04:00,2026-06-25 03:28:00-04:00,DEACTIVATED_CLOSE_THROUGH,same_direction
historical,EP-23096-ENTRY_ON_STRONG_REJECTION,2026-06-25 04:01:00-04:00,IFVG2-001177,2026-06-25 03:27:00-04:00,2026-06-25 03:28:00-04:00,DEACTIVATED_CLOSE_THROUGH,same_direction
historical,EP-23097-ENTRY_ON_TAP,2026-06-25 04:00:00-04:00,IFVG2-001177,2026-06-25 03:27:00-04:00,2026-06-25 03:28:00-04:00,DEACTIVATED_CLOSE_THROUGH,same_direction
historical,EP-23102-ENTRY_ON_TAP,2026-06-25 04:01:00-04:00,IFVG2-001177,2026-06-25 03:27:00-04:00,2026-06-25 03:28:00-04:00,DEACTIVATED_CLOSE_THROUGH,same_direction
historical,EP-23103-ENTRY_ON_TAP,2026-06-25 04:01:00-04:00,IFVG2-001177,2026-06-25 03:27:00-04:00,2026-06-25 03:28:00-04:00,DEACTIVATED_CLOSE_THROUGH,same_direction
historical,EP-23443-ENTRY_ON_IFVG_RETEST,2026-06-25 08:36:00-04:00,IFVG2-001196,2026-06-25 08:34:00-04:00,2026-06-25 08:35:00-04:00,DEACTIVATED_OVERSHOOT_LIMIT,component
historical,EP-23443-ENTRY_ON_FIRST_CLOSE_OUTSIDE,2026-06-25 08:37:00-04:00,IFVG2-001196,2026-06-25 08:34:00-04:00,2026-06-25 08:35:00-04:00,DEACTIVATED_OVERSHOOT_LIMIT,component
historical,EP-23443-ENTRY_ON_IMMEDIATE_DISPLACEMENT,2026-06-25 08:37:00-04:00,IFVG2-001196,2026-06-25 08:34:00-04:00,2026-06-25 08:35:00-04:00,DEACTIVATED_OVERSHOOT_LIMIT,component
historical,EP-23474-ENTRY_ON_TAP,2026-06-25 10:00:00-04:00,IFVG2-004198,2026-06-07 21:00:00-04:00,2026-06-07 21:58:00-04:00,DEACTIVATED_OVERSHOOT_LIMIT,same_direction
historical,EP-23479-ENTRY_ON_FIRST_CLOSE_OUTSIDE,2026-06-25 09:10:00-04:00,IFVG2-002947,2026-06-25 08:33:00-04:00,2026-06-25 09:12:00-04:00,DEACTIVATED_OVERSHOOT_LIMIT,behind_entry
historical,EP-23479-ENTRY_ON_MINIMAL_WICK_REJECTION,2026-06-25 09:10:00-04:00,IFVG2-002947,2026-06-25 08:33:00-04:00,2026-06-25 09:12:00-04:00,DEACTIVATED_OVERSHOOT_LIMIT,behind_entry
historical,EP-23479-ENTRY_ON_DELAYED_DISPLACEMENT,2026-06-25 09:10:00-04:00,IFVG2-002947,2026-06-25 08:33:00-04:00,2026-06-25 09:12:00-04:00,DEACTIVATED_OVERSHOOT_LIMIT,behind_entry
historical,EP-23480-ENTRY_ON_TAP,2026-06-25 09:10:00-04:00,IFVG2-002947,2026-06-25 08:33:00-04:00,2026-06-25 09:12:00-04:00,DEACTIVATED_OVERSHOOT_LIMIT,behind_entry
historical,EP-23514-ENTRY_ON_TAP,2026-06-25 10:00:00-04:00,IFVG2-004198,2026-06-07 21:00:00-04:00,2026-06-07 21:58:00-04:00,DEACTIVATED_OVERSHOOT_LIMIT,same_direction
historical,EP-23527-ENTRY_ON_TAP,2026-06-25 09:38:00-04:00,IFVG2-001174,2026-06-25 00:44:00-04:00,2026-06-25 08:44:00-04:00,EXPIRED_ACTIVE_8H,same_direction
historical,EP-23533-ENTRY_ON_FIRST_CLOSE_OUTSIDE,2026-06-25 09:42:00-04:00,IFVG2-004202,2026-06-08 11:00:00-04:00,2026-06-08 16:00:00-04:00,DEACTIVATED_CLOSE_THROUGH,inactive_or_traversed
historical,EP-23533-ENTRY_ON_IMMEDIATE_DISPLACEMENT,2026-06-25 09:42:00-04:00,IFVG2-004202,2026-06-08 11:00:00-04:00,2026-06-08 16:00:00-04:00,DEACTIVATED_CLOSE_THROUGH,inactive_or_traversed
historical,EP-23533-ENTRY_ON_NEW_FVG,2026-06-25 09:42:00-04:00,IFVG2-004202,2026-06-08 11:00:00-04:00,2026-06-08 16:00:00-04:00,DEACTIVATED_CLOSE_THROUGH,inactive_or_traversed
historical,EP-23544-ENTRY_ON_DELAYED_DISPLACEMENT,2026-06-25 09:49:00-04:00,IFVG2-004228,2026-06-24 17:00:00-04:00,2026-06-25 10:00:00-04:00,DEACTIVATED_CLOSE_THROUGH,behind_entry
historical,EP-23545-ENTRY_ON_IFVG_RETEST,2026-06-25 09:46:00-04:00,IFVG2-004227,2026-06-24 17:00:00-04:00,2026-06-25 10:00:00-04:00,DEACTIVATED_CLOSE_THROUGH,component
historical,EP-23551-ENTRY_ON_TAP,2026-06-25 10:00:00-04:00,IFVG2-004198,2026-06-07 21:00:00-04:00,2026-06-07 21:58:00-04:00,DEACTIVATED_OVERSHOOT_LIMIT,same_direction
historical,EP-23552-ENTRY_ON_IFVG_RETEST,2026-06-25 09:47:00-04:00,IFVG2-004228,2026-06-24 17:00:00-04:00,2026-06-25 10:00:00-04:00,DEACTIVATED_CLOSE_THROUGH,component
historical,EP-23554-ENTRY_ON_TAP,2026-06-25 09:49:00-04:00,IFVG2-004228,2026-06-24 17:00:00-04:00,2026-06-25 10:00:00-04:00,DEACTIVATED_CLOSE_THROUGH,behind_entry
historical,EP-23554-ENTRY_ON_FIRST_CLOSE_OUTSIDE,2026-06-25 09:52:00-04:00,IFVG2-004228,2026-06-24 17:00:00-04:00,2026-06-25 10:00:00-04:00,DEACTIVATED_CLOSE_THROUGH,behind_entry
historical,EP-23554-ENTRY_ON_MINIMAL_WICK_REJECTION,2026-06-25 09:52:00-04:00,IFVG2-004228,2026-06-24 17:00:00-04:00,2026-06-25 10:00:00-04:00,DEACTIVATED_CLOSE_THROUGH,behind_entry
historical,EP-23554-ENTRY_ON_DELAYED_DISPLACEMENT,2026-06-25 09:52:00-04:00,IFVG2-004228,2026-06-24 17:00:00-04:00,2026-06-25 10:00:00-04:00,DEACTIVATED_CLOSE_THROUGH,behind_entry
historical,EP-23555-ENTRY_ON_FIRST_CLOSE_OUTSIDE,2026-06-25 09:52:00-04:00,IFVG2-004228,2026-06-24 17:00:00-04:00,2026-06-25 10:00:00-04:00,DEACTIVATED_CLOSE_THROUGH,behind_entry
historical,EP-23555-ENTRY_ON_IMMEDIATE_DISPLACEMENT,2026-06-25 09:52:00-04:00,IFVG2-004228,2026-06-24 17:00:00-04:00,2026-06-25 10:00:00-04:00,DEACTIVATED_CLOSE_THROUGH,behind_entry
historical,EP-23560-ENTRY_ON_TAP,2026-06-25 09:52:00-04:00,IFVG2-004204,2026-06-09 11:00:00-04:00,2026-06-11 16:00:00-04:00,DEACTIVATED_CLOSE_THROUGH,inactive_or_traversed
historical,EP-23580-ENTRY_ON_TAP,2026-06-25 10:00:00-04:00,IFVG2-004198,2026-06-07 21:00:00-04:00,2026-06-07 21:58:00-04:00,DEACTIVATED_OVERSHOOT_LIMIT,same_direction
historical,EP-23589-ENTRY_ON_DELAYED_DISPLACEMENT,2026-06-25 10:07:00-04:00,IFVG2-004204,2026-06-09 11:00:00-04:00,2026-06-11 16:00:00-04:00,DEACTIVATED_CLOSE_THROUGH,inactive_or_traversed
historical,EP-23591-ENTRY_ON_FIRST_CLOSE_OUTSIDE,2026-06-25 10:07:00-04:00,IFVG2-004204,2026-06-09 11:00:00-04:00,2026-06-11 16:00:00-04:00,DEACTIVATED_CLOSE_THROUGH,inactive_or_traversed
historical,EP-23591-ENTRY_ON_IMMEDIATE_DISPLACEMENT,2026-06-25 10:07:00-04:00,IFVG2-004204,2026-06-09 11:00:00-04:00,2026-06-11 16:00:00-04:00,DEACTIVATED_CLOSE_THROUGH,inactive_or_traversed
historical,EP-24312-ENTRY_ON_NEW_FVG,2026-06-25 21:06:00-04:00,IFVG2-002948,2026-06-25 10:15:00-04:00,2026-06-25 10:18:00-04:00,DEACTIVATED_OVERSHOOT_LIMIT,same_direction
historical,EP-24314-ENTRY_ON_NEW_FVG,2026-06-25 21:06:00-04:00,IFVG2-002948,2026-06-25 10:15:00-04:00,2026-06-25 10:18:00-04:00,DEACTIVATED_OVERSHOOT_LIMIT,same_direction
historical,EP-24316-ENTRY_ON_FIRST_CLOSE_OUTSIDE,2026-06-25 21:06:00-04:00,IFVG2-002948,2026-06-25 10:15:00-04:00,2026-06-25 10:18:00-04:00,DEACTIVATED_OVERSHOOT_LIMIT,same_direction
historical,EP-24316-ENTRY_ON_MINIMAL_WICK_REJECTION,2026-06-25 21:06:00-04:00,IFVG2-002948,2026-06-25 10:15:00-04:00,2026-06-25 10:18:00-04:00,DEACTIVATED_OVERSHOOT_LIMIT,same_direction
historical,EP-24316-ENTRY_ON_IMMEDIATE_DISPLACEMENT,2026-06-25 21:06:00-04:00,IFVG2-002948,2026-06-25 10:15:00-04:00,2026-06-25 10:18:00-04:00,DEACTIVATED_OVERSHOOT_LIMIT,same_direction
historical,EP-24319-ENTRY_ON_NEW_FVG,2026-06-25 21:06:00-04:00,IFVG2-002948,2026-06-25 10:15:00-04:00,2026-06-25 10:18:00-04:00,DEACTIVATED_OVERSHOOT_LIMIT,same_direction
historical,EP-24371-ENTRY_ON_DELAYED_DISPLACEMENT,2026-06-25 21:55:00-04:00,IFVG2-001249,2026-06-25 21:51:00-04:00,2026-06-26 02:55:00-04:00,DEACTIVATED_OVERSHOOT_LIMIT,component
historical,EP-24383-ENTRY_ON_NEW_FVG,2026-06-25 22:25:00-04:00,IFVG2-004198,2026-06-07 21:00:00-04:00,2026-06-07 21:58:00-04:00,DEACTIVATED_OVERSHOOT_LIMIT,inactive_or_traversed
historical,EP-24403-ENTRY_ON_FIRST_CLOSE_OUTSIDE,2026-06-25 22:25:00-04:00,IFVG2-004198,2026-06-07 21:00:00-04:00,2026-06-07 21:58:00-04:00,DEACTIVATED_OVERSHOOT_LIMIT,inactive_or_traversed
historical,EP-24403-ENTRY_ON_IMMEDIATE_DISPLACEMENT,2026-06-25 22:25:00-04:00,IFVG2-004198,2026-06-07 21:00:00-04:00,2026-06-07 21:58:00-04:00,DEACTIVATED_OVERSHOOT_LIMIT,inactive_or_traversed
historical,EP-25238-ENTRY_ON_NEW_IFVG,2026-06-26 09:34:00-04:00,IFVG2-001287,2026-06-26 08:39:00-04:00,2026-06-26 09:29:00-04:00,DEACTIVATED_OVERSHOOT_LIMIT,component
historical,EP-25243-ENTRY_ON_TAP,2026-06-26 09:33:00-04:00,IFVG2-001252,2026-06-25 23:54:00-04:00,2026-06-26 00:25:00-04:00,DEACTIVATED_CLOSE_THROUGH,same_direction
historical,EP-25844-ENTRY_ON_DELAYED_DISPLACEMENT,2026-06-28 19:10:00-04:00,IFVG2-001304,2026-06-26 13:08:00-04:00,2026-06-26 13:15:00-04:00,DEACTIVATED_CLOSE_THROUGH,same_direction
historical,EP-26467-ENTRY_ON_DELAYED_DISPLACEMENT,2026-06-29 03:40:00-04:00,IFVG2-001349,2026-06-29 03:34:00-04:00,2026-06-29 03:36:00-04:00,DEACTIVATED_OVERSHOOT_LIMIT,component
historical,EP-26467-ENTRY_ON_NEW_IFVG,2026-06-29 03:40:00-04:00,IFVG2-001349,2026-06-29 03:34:00-04:00,2026-06-29 03:36:00-04:00,DEACTIVATED_OVERSHOOT_LIMIT,component
historical,EP-26693-ENTRY_ON_TAP,2026-06-29 06:32:00-04:00,IFVG2-001353,2026-06-29 04:26:00-04:00,2026-06-29 04:31:00-04:00,DEACTIVATED_CLOSE_THROUGH,inactive_or_traversed
historical,EP-26892-ENTRY_ON_IFVG_RETEST,2026-06-29 09:31:00-04:00,IFVG2-001345,2026-06-29 01:39:00-04:00,2026-06-29 09:30:00-04:00,DEACTIVATED_OVERSHOOT_LIMIT,component
historical,EP-26902-ENTRY_ON_FIRST_CLOSE_OUTSIDE,2026-06-29 09:45:00-04:00,IFVG2-003721,2026-06-29 09:35:00-04:00,2026-06-29 09:40:00-04:00,DEACTIVATED_OVERSHOOT_LIMIT,component
historical,EP-26902-ENTRY_ON_MINIMAL_WICK_REJECTION,2026-06-29 09:45:00-04:00,IFVG2-003721,2026-06-29 09:35:00-04:00,2026-06-29 09:40:00-04:00,DEACTIVATED_OVERSHOOT_LIMIT,component
historical,EP-26902-ENTRY_ON_IMMEDIATE_DISPLACEMENT,2026-06-29 09:45:00-04:00,IFVG2-003721,2026-06-29 09:35:00-04:00,2026-06-29 09:40:00-04:00,DEACTIVATED_OVERSHOOT_LIMIT,component
historical,EP-26908-ENTRY_ON_STRONG_REJECTION,2026-06-29 09:48:00-04:00,IFVG2-002994,2026-06-29 09:33:00-04:00,2026-06-29 09:39:00-04:00,DEACTIVATED_CLOSE_THROUGH,component
historical,EP-26908-ENTRY_ON_DELAYED_DISPLACEMENT,2026-06-29 09:45:00-04:00,IFVG2-002994,2026-06-29 09:33:00-04:00,2026-06-29 09:39:00-04:00,DEACTIVATED_CLOSE_THROUGH,component
historical,EP-26909-ENTRY_ON_STRONG_REJECTION,2026-06-29 09:48:00-04:00,IFVG2-002995,2026-06-29 09:33:00-04:00,2026-06-29 09:39:00-04:00,DEACTIVATED_CLOSE_THROUGH,component
historical,EP-26909-ENTRY_ON_DELAYED_DISPLACEMENT,2026-06-29 09:45:00-04:00,IFVG2-002995,2026-06-29 09:33:00-04:00,2026-06-29 09:39:00-04:00,DEACTIVATED_CLOSE_THROUGH,component
historical,EP-26917-ENTRY_ON_DELAYED_DISPLACEMENT,2026-06-29 09:45:00-04:00,IFVG2-001372,2026-06-29 09:40:00-04:00,2026-06-29 09:55:00-04:00,DEACTIVATED_CLOSE_THROUGH,component
historical,EP-26919-ENTRY_ON_DELAYED_DISPLACEMENT,2026-06-29 09:57:00-04:00,IFVG2-001347,2026-06-29 02:02:00-04:00,2026-06-29 02:23:00-04:00,DEACTIVATED_CLOSE_THROUGH,same_direction
historical,EP-26922-ENTRY_ON_DELAYED_DISPLACEMENT,2026-06-29 09:57:00-04:00,IFVG2-001347,2026-06-29 02:02:00-04:00,2026-06-29 02:23:00-04:00,DEACTIVATED_CLOSE_THROUGH,same_direction
historical,EP-26933-ENTRY_ON_FIRST_CLOSE_OUTSIDE,2026-06-29 09:57:00-04:00,IFVG2-001347,2026-06-29 02:02:00-04:00,2026-06-29 02:23:00-04:00,DEACTIVATED_CLOSE_THROUGH,same_direction
historical,EP-26933-ENTRY_ON_IMMEDIATE_DISPLACEMENT,2026-06-29 09:57:00-04:00,IFVG2-001347,2026-06-29 02:02:00-04:00,2026-06-29 02:23:00-04:00,DEACTIVATED_CLOSE_THROUGH,same_direction
historical,EP-26937-ENTRY_ON_DELAYED_DISPLACEMENT,2026-06-29 09:57:00-04:00,IFVG2-001347,2026-06-29 02:02:00-04:00,2026-06-29 02:23:00-04:00,DEACTIVATED_CLOSE_THROUGH,same_direction
historical,EP-26938-ENTRY_ON_TAP,2026-06-29 09:57:00-04:00,IFVG2-001347,2026-06-29 02:02:00-04:00,2026-06-29 02:23:00-04:00,DEACTIVATED_CLOSE_THROUGH,same_direction
historical,EP-26942-ENTRY_ON_STRONG_REJECTION,2026-06-29 10:08:00-04:00,IFVG2-004200,2026-06-08 03:59:00-04:00,2026-06-09 11:00:00-04:00,DEACTIVATED_OVERSHOOT_LIMIT,inactive_or_traversed
historical,EP-26955-ENTRY_ON_TAP,2026-06-29 10:08:00-04:00,IFVG2-004200,2026-06-08 03:59:00-04:00,2026-06-09 11:00:00-04:00,DEACTIVATED_OVERSHOOT_LIMIT,inactive_or_traversed
historical,EP-26967-ENTRY_ON_FIRST_CLOSE_OUTSIDE,2026-06-29 10:14:00-04:00,IFVG2-004199,2026-06-08 01:59:00-04:00,2026-06-08 03:00:00-04:00,DEACTIVATED_CLOSE_THROUGH,same_direction
historical,EP-26967-ENTRY_ON_IMMEDIATE_DISPLACEMENT,2026-06-29 10:14:00-04:00,IFVG2-004199,2026-06-08 01:59:00-04:00,2026-06-08 03:00:00-04:00,DEACTIVATED_CLOSE_THROUGH,same_direction
historical,EP-26975-ENTRY_ON_TAP,2026-06-29 10:17:00-04:00,IFVG2-004199,2026-06-08 01:59:00-04:00,2026-06-08 03:00:00-04:00,DEACTIVATED_CLOSE_THROUGH,inactive_or_traversed
historical,EP-27104-ENTRY_ON_NEW_FVG,2026-06-29 12:17:00-04:00,IFVG2-004203,2026-06-09 03:58:00-04:00,2026-06-09 04:59:00-04:00,DEACTIVATED_CLOSE_THROUGH,inactive_or_traversed
historical,EP-27105-ENTRY_ON_DELAYED_DISPLACEMENT,2026-06-29 12:17:00-04:00,IFVG2-004203,2026-06-09 03:58:00-04:00,2026-06-09 04:59:00-04:00,DEACTIVATED_CLOSE_THROUGH,inactive_or_traversed
historical,EP-27105-ENTRY_ON_NEW_FVG,2026-06-29 12:17:00-04:00,IFVG2-004203,2026-06-09 03:58:00-04:00,2026-06-09 04:59:00-04:00,DEACTIVATED_CLOSE_THROUGH,inactive_or_traversed
historical,EP-27107-ENTRY_ON_FIRST_CLOSE_OUTSIDE,2026-06-29 12:17:00-04:00,IFVG2-004203,2026-06-09 03:58:00-04:00,2026-06-09 04:59:00-04:00,DEACTIVATED_CLOSE_THROUGH,inactive_or_traversed
historical,EP-27107-ENTRY_ON_IMMEDIATE_DISPLACEMENT,2026-06-29 12:17:00-04:00,IFVG2-004203,2026-06-09 03:58:00-04:00,2026-06-09 04:59:00-04:00,DEACTIVATED_CLOSE_THROUGH,inactive_or_traversed
historical,EP-27107-ENTRY_ON_NEW_FVG,2026-06-29 12:17:00-04:00,IFVG2-004203,2026-06-09 03:58:00-04:00,2026-06-09 04:59:00-04:00,DEACTIVATED_CLOSE_THROUGH,inactive_or_traversed
historical,EP-27110-ENTRY_ON_FIRST_CLOSE_OUTSIDE,2026-06-29 12:19:00-04:00,IFVG2-004203,2026-06-09 03:58:00-04:00,2026-06-09 04:59:00-04:00,DEACTIVATED_CLOSE_THROUGH,inactive_or_traversed
historical,EP-27110-ENTRY_ON_MINIMAL_WICK_REJECTION,2026-06-29 12:19:00-04:00,IFVG2-004203,2026-06-09 03:58:00-04:00,2026-06-09 04:59:00-04:00,DEACTIVATED_CLOSE_THROUGH,inactive_or_traversed
historical,EP-27111-ENTRY_ON_TAP,2026-06-29 12:19:00-04:00,IFVG2-004203,2026-06-09 03:58:00-04:00,2026-06-09 04:59:00-04:00,DEACTIVATED_CLOSE_THROUGH,inactive_or_traversed
historical,EP-27535-ENTRY_ON_STRONG_REJECTION,2026-06-29 20:12:00-04:00,IFVG2-004229,2026-06-25 10:00:00-04:00,2026-06-29 21:00:00-04:00,DEACTIVATED_OVERSHOOT_LIMIT,behind_entry
historical,EP-27541-ENTRY_ON_STRONG_REJECTION,2026-06-29 20:12:00-04:00,IFVG2-004229,2026-06-25 10:00:00-04:00,2026-06-29 21:00:00-04:00,DEACTIVATED_OVERSHOOT_LIMIT,behind_entry
historical,EP-27550-ENTRY_ON_STRONG_REJECTION,2026-06-29 20:12:00-04:00,IFVG2-004229,2026-06-25 10:00:00-04:00,2026-06-29 21:00:00-04:00,DEACTIVATED_OVERSHOOT_LIMIT,behind_entry
historical,EP-27551-ENTRY_ON_STRONG_REJECTION,2026-06-29 20:12:00-04:00,IFVG2-004229,2026-06-25 10:00:00-04:00,2026-06-29 21:00:00-04:00,DEACTIVATED_OVERSHOOT_LIMIT,behind_entry
historical,EP-27551-ENTRY_ON_STRONG_REJECTION,2026-06-29 20:12:00-04:00,IFVG2-003003,2026-06-29 19:57:00-04:00,2026-06-29 20:03:00-04:00,DEACTIVATED_CLOSE_THROUGH,component
historical,EP-27551-ENTRY_ON_DELAYED_DISPLACEMENT,2026-06-29 20:18:00-04:00,IFVG2-003003,2026-06-29 19:57:00-04:00,2026-06-29 20:03:00-04:00,DEACTIVATED_CLOSE_THROUGH,component
historical,EP-27563-ENTRY_ON_FIRST_CLOSE_OUTSIDE,2026-06-29 20:12:00-04:00,IFVG2-004229,2026-06-25 10:00:00-04:00,2026-06-29 21:00:00-04:00,DEACTIVATED_OVERSHOOT_LIMIT,behind_entry
historical,EP-27563-ENTRY_ON_MINIMAL_WICK_REJECTION,2026-06-29 20:12:00-04:00,IFVG2-004229,2026-06-25 10:00:00-04:00,2026-06-29 21:00:00-04:00,DEACTIVATED_OVERSHOOT_LIMIT,behind_entry
historical,EP-27563-ENTRY_ON_DELAYED_DISPLACEMENT,2026-06-29 20:12:00-04:00,IFVG2-004229,2026-06-25 10:00:00-04:00,2026-06-29 21:00:00-04:00,DEACTIVATED_OVERSHOOT_LIMIT,behind_entry
historical,EP-27596-ENTRY_ON_FIRST_CLOSE_OUTSIDE,2026-06-29 20:40:00-04:00,IFVG2-002997,2026-06-29 13:24:00-04:00,2026-06-29 13:27:00-04:00,DEACTIVATED_CLOSE_THROUGH,inactive_or_traversed
historical,EP-27596-ENTRY_ON_MINIMAL_WICK_REJECTION,2026-06-29 20:40:00-04:00,IFVG2-002997,2026-06-29 13:24:00-04:00,2026-06-29 13:27:00-04:00,DEACTIVATED_CLOSE_THROUGH,inactive_or_traversed
historical,EP-27598-ENTRY_ON_FIRST_CLOSE_OUTSIDE,2026-06-29 20:40:00-04:00,IFVG2-002997,2026-06-29 13:24:00-04:00,2026-06-29 13:27:00-04:00,DEACTIVATED_CLOSE_THROUGH,inactive_or_traversed
historical,EP-27598-ENTRY_ON_MINIMAL_WICK_REJECTION,2026-06-29 20:40:00-04:00,IFVG2-002997,2026-06-29 13:24:00-04:00,2026-06-29 13:27:00-04:00,DEACTIVATED_CLOSE_THROUGH,inactive_or_traversed
historical,EP-27647-ENTRY_ON_FIRST_CLOSE_OUTSIDE,2026-06-29 21:33:00-04:00,IFVG2-003729,2026-06-29 21:30:00-04:00,2026-06-29 21:35:00-04:00,DEACTIVATED_OVERSHOOT_LIMIT,component
historical,EP-27647-ENTRY_ON_DELAYED_DISPLACEMENT,2026-06-29 21:33:00-04:00,IFVG2-003729,2026-06-29 21:30:00-04:00,2026-06-29 21:35:00-04:00,DEACTIVATED_OVERSHOOT_LIMIT,component
historical,EP-27788-ENTRY_ON_TAP,2026-06-29 23:37:00-04:00,IFVG2-004226,2026-06-24 17:00:00-04:00,2026-06-24 19:00:00-04:00,DEACTIVATED_CLOSE_THROUGH,inactive_or_traversed
historical,EP-27805-ENTRY_ON_IFVG_RETEST,2026-06-29 23:55:00-04:00,IFVG2-001396,2026-06-29 23:53:00-04:00,2026-06-30 00:01:00-04:00,DEACTIVATED_CLOSE_THROUGH,component
historical,EP-27834-ENTRY_ON_STRONG_REJECTION,2026-06-30 00:27:00-04:00,IFVG2-004223,2026-06-23 02:00:00-04:00,2026-06-25 09:00:00-04:00,DEACTIVATED_OVERSHOOT_LIMIT,inactive_or_traversed
historical,EP-27834-ENTRY_ON_DELAYED_DISPLACEMENT,2026-06-30 00:24:00-04:00,IFVG2-004223,2026-06-23 02:00:00-04:00,2026-06-25 09:00:00-04:00,DEACTIVATED_OVERSHOOT_LIMIT,inactive_or_traversed
historical,EP-27834-ENTRY_ON_NEW_FVG,2026-06-30 00:27:00-04:00,IFVG2-004223,2026-06-23 02:00:00-04:00,2026-06-25 09:00:00-04:00,DEACTIVATED_OVERSHOOT_LIMIT,inactive_or_traversed
historical,EP-27839-ENTRY_ON_DELAYED_DISPLACEMENT,2026-06-30 00:22:00-04:00,IFVG2-004223,2026-06-23 02:00:00-04:00,2026-06-25 09:00:00-04:00,DEACTIVATED_OVERSHOOT_LIMIT,inactive_or_traversed
historical,EP-27840-ENTRY_ON_FIRST_CLOSE_OUTSIDE,2026-06-30 00:22:00-04:00,IFVG2-004223,2026-06-23 02:00:00-04:00,2026-06-25 09:00:00-04:00,DEACTIVATED_OVERSHOOT_LIMIT,inactive_or_traversed
historical,EP-27840-ENTRY_ON_IMMEDIATE_DISPLACEMENT,2026-06-30 00:22:00-04:00,IFVG2-004223,2026-06-23 02:00:00-04:00,2026-06-25 09:00:00-04:00,DEACTIVATED_OVERSHOOT_LIMIT,inactive_or_traversed
historical,EP-27840-ENTRY_ON_DELAYED_DISPLACEMENT,2026-06-30 00:24:00-04:00,IFVG2-004223,2026-06-23 02:00:00-04:00,2026-06-25 09:00:00-04:00,DEACTIVATED_OVERSHOOT_LIMIT,inactive_or_traversed
historical,EP-27846-ENTRY_ON_TAP,2026-06-30 00:24:00-04:00,IFVG2-004223,2026-06-23 02:00:00-04:00,2026-06-25 09:00:00-04:00,DEACTIVATED_OVERSHOOT_LIMIT,inactive_or_traversed
historical,EP-27847-ENTRY_ON_DELAYED_DISPLACEMENT,2026-06-30 00:27:00-04:00,IFVG2-004223,2026-06-23 02:00:00-04:00,2026-06-25 09:00:00-04:00,DEACTIVATED_OVERSHOOT_LIMIT,inactive_or_traversed
historical,EP-27848-ENTRY_ON_FIRST_CLOSE_OUTSIDE,2026-06-30 00:27:00-04:00,IFVG2-004223,2026-06-23 02:00:00-04:00,2026-06-25 09:00:00-04:00,DEACTIVATED_OVERSHOOT_LIMIT,inactive_or_traversed
historical,EP-27848-ENTRY_ON_IMMEDIATE_DISPLACEMENT,2026-06-30 00:27:00-04:00,IFVG2-004223,2026-06-23 02:00:00-04:00,2026-06-25 09:00:00-04:00,DEACTIVATED_OVERSHOOT_LIMIT,inactive_or_traversed
historical,EP-28539-ENTRY_ON_FIRST_CLOSE_OUTSIDE,2026-06-30 09:34:00-04:00,IFVG2-001423,2026-06-30 09:31:00-04:00,2026-06-30 09:32:00-04:00,DEACTIVATED_OVERSHOOT_LIMIT,component
historical,EP-28539-ENTRY_ON_IMMEDIATE_DISPLACEMENT,2026-06-30 09:34:00-04:00,IFVG2-001423,2026-06-30 09:31:00-04:00,2026-06-30 09:32:00-04:00,DEACTIVATED_OVERSHOOT_LIMIT,component
historical,EP-28539-ENTRY_ON_DELAYED_DISPLACEMENT,2026-06-30 09:35:00-04:00,IFVG2-001423,2026-06-30 09:31:00-04:00,2026-06-30 09:32:00-04:00,DEACTIVATED_OVERSHOOT_LIMIT,component
historical,EP-28539-ENTRY_ON_NEW_FVG,2026-06-30 09:35:00-04:00,IFVG2-001423,2026-06-30 09:31:00-04:00,2026-06-30 09:32:00-04:00,DEACTIVATED_OVERSHOOT_LIMIT,component
historical,EP-28550-ENTRY_ON_NEW_FVG,2026-06-30 09:57:00-04:00,IFVG2-004214,2026-06-16 22:00:00-04:00,2026-06-17 11:00:00-04:00,DEACTIVATED_OVERSHOOT_LIMIT,same_direction
historical,EP-28555-ENTRY_ON_STRONG_REJECTION,2026-06-30 10:05:00-04:00,IFVG2-003741,2026-06-30 09:35:00-04:00,2026-06-30 18:05:00-04:00,EXPIRED_ACTIVE_8H,component
historical,EP-28556-ENTRY_ON_TAP,2026-06-30 09:42:00-04:00,IFVG2-004223,2026-06-23 02:00:00-04:00,2026-06-25 09:00:00-04:00,DEACTIVATED_OVERSHOOT_LIMIT,same_direction
historical,EP-28558-ENTRY_ON_NEW_FVG,2026-06-30 09:57:00-04:00,IFVG2-004214,2026-06-16 22:00:00-04:00,2026-06-17 11:00:00-04:00,DEACTIVATED_OVERSHOOT_LIMIT,same_direction
historical,EP-28558-ENTRY_ON_NEW_FVG,2026-06-30 09:57:00-04:00,IFVG2-003024,2026-06-30 09:36:00-04:00,2026-06-30 09:45:00-04:00,DEACTIVATED_OVERSHOOT_LIMIT,component
historical,EP-28560-ENTRY_ON_NEW_FVG,2026-06-30 09:53:00-04:00,IFVG2-003024,2026-06-30 09:36:00-04:00,2026-06-30 09:45:00-04:00,DEACTIVATED_OVERSHOOT_LIMIT,component
historical,EP-28563-ENTRY_ON_NEW_FVG,2026-06-30 09:57:00-04:00,IFVG2-004214,2026-06-16 22:00:00-04:00,2026-06-17 11:00:00-04:00,DEACTIVATED_OVERSHOOT_LIMIT,same_direction
historical,EP-28589-ENTRY_ON_TAP,2026-06-30 09:59:00-04:00,IFVG2-004214,2026-06-16 22:00:00-04:00,2026-06-17 11:00:00-04:00,DEACTIVATED_OVERSHOOT_LIMIT,same_direction
historical,EP-28771-ENTRY_ON_NEW_FVG,2026-06-30 12:47:00-04:00,IFVG2-004218,2026-06-19 04:00:00-04:00,2026-06-21 19:00:00-04:00,DEACTIVATED_CLOSE_THROUGH,same_direction
historical,EP-28777-ENTRY_ON_TAP,2026-06-30 12:48:00-04:00,IFVG2-004220,2026-06-22 02:00:00-04:00,2026-06-22 21:00:00-04:00,DEACTIVATED_OVERSHOOT_LIMIT,same_direction
historical,EP-28784-ENTRY_ON_DELAYED_DISPLACEMENT,2026-06-30 12:54:00-04:00,IFVG2-004212,2026-06-15 10:00:00-04:00,2026-06-16 12:00:00-04:00,DEACTIVATED_CLOSE_THROUGH,same_direction
historical,EP-28787-ENTRY_ON_FIRST_CLOSE_OUTSIDE,2026-06-30 12:54:00-04:00,IFVG2-004212,2026-06-15 10:00:00-04:00,2026-06-16 12:00:00-04:00,DEACTIVATED_CLOSE_THROUGH,same_direction
historical,EP-28787-ENTRY_ON_IMMEDIATE_DISPLACEMENT,2026-06-30 12:54:00-04:00,IFVG2-004212,2026-06-15 10:00:00-04:00,2026-06-16 12:00:00-04:00,DEACTIVATED_CLOSE_THROUGH,same_direction
historical,EP-29205-ENTRY_ON_NEW_FVG,2026-06-30 22:00:00-04:00,IFVG2-004166,2026-06-30 16:00:00-04:00,2026-06-30 20:30:00-04:00,DEACTIVATED_OVERSHOOT_LIMIT,component
historical,EP-29265-ENTRY_ON_STRONG_REJECTION,2026-06-30 21:16:00-04:00,IFVG2-001445,2026-06-30 21:14:00-04:00,2026-06-30 21:16:00-04:00,DEACTIVATED_CLOSE_THROUGH,behind_entry
historical,EP-29274-ENTRY_ON_TAP,2026-06-30 21:16:00-04:00,IFVG2-001445,2026-06-30 21:14:00-04:00,2026-06-30 21:16:00-04:00,DEACTIVATED_CLOSE_THROUGH,behind_entry
historical,EP-29311-ENTRY_ON_FIRST_CLOSE_OUTSIDE,2026-06-30 21:49:00-04:00,IFVG2-004197,2026-06-05 08:00:00-04:00,2026-06-14 21:00:00-04:00,DEACTIVATED_OVERSHOOT_LIMIT,same_direction
historical,EP-29311-ENTRY_ON_IMMEDIATE_DISPLACEMENT,2026-06-30 21:49:00-04:00,IFVG2-004197,2026-06-05 08:00:00-04:00,2026-06-14 21:00:00-04:00,DEACTIVATED_OVERSHOOT_LIMIT,same_direction
historical,EP-29311-ENTRY_ON_DELAYED_DISPLACEMENT,2026-06-30 21:51:00-04:00,IFVG2-004197,2026-06-05 08:00:00-04:00,2026-06-14 21:00:00-04:00,DEACTIVATED_OVERSHOOT_LIMIT,same_direction
historical,EP-29315-ENTRY_ON_TAP,2026-06-30 21:53:00-04:00,IFVG2-004197,2026-06-05 08:00:00-04:00,2026-06-14 21:00:00-04:00,DEACTIVATED_OVERSHOOT_LIMIT,same_direction
historical,EP-29321-ENTRY_ON_FIRST_CLOSE_OUTSIDE,2026-06-30 21:58:00-04:00,IFVG2-004197,2026-06-05 08:00:00-04:00,2026-06-14 21:00:00-04:00,DEACTIVATED_OVERSHOOT_LIMIT,same_direction
historical,EP-29321-ENTRY_ON_DELAYED_DISPLACEMENT,2026-06-30 21:58:00-04:00,IFVG2-004197,2026-06-05 08:00:00-04:00,2026-06-14 21:00:00-04:00,DEACTIVATED_OVERSHOOT_LIMIT,same_direction
historical,EP-29321-ENTRY_ON_NEW_IFVG,2026-06-30 21:58:00-04:00,IFVG2-004197,2026-06-05 08:00:00-04:00,2026-06-14 21:00:00-04:00,DEACTIVATED_OVERSHOOT_LIMIT,same_direction
historical,EP-29696-ENTRY_ON_TAP,2026-07-01 03:17:00-04:00,IFVG2-004222,2026-06-23 01:00:00-04:00,2026-06-30 10:00:00-04:00,DEACTIVATED_CLOSE_THROUGH,same_direction
historical,EP-30059-ENTRY_ON_MINIMAL_WICK_REJECTION,2026-07-01 08:35:00-04:00,IFVG2-004231,2026-06-30 10:00:00-04:00,2026-07-01 09:00:00-04:00,DEACTIVATED_OVERSHOOT_LIMIT,behind_entry
historical,EP-30059-ENTRY_ON_DELAYED_DISPLACEMENT,2026-07-01 08:35:00-04:00,IFVG2-004231,2026-06-30 10:00:00-04:00,2026-07-01 09:00:00-04:00,DEACTIVATED_OVERSHOOT_LIMIT,behind_entry
historical,EP-30059-ENTRY_ON_NEW_IFVG,2026-07-01 08:35:00-04:00,IFVG2-004231,2026-06-30 10:00:00-04:00,2026-07-01 09:00:00-04:00,DEACTIVATED_OVERSHOOT_LIMIT,behind_entry
historical,EP-30073-ENTRY_ON_FIRST_CLOSE_OUTSIDE,2026-07-01 08:35:00-04:00,IFVG2-004231,2026-06-30 10:00:00-04:00,2026-07-01 09:00:00-04:00,DEACTIVATED_OVERSHOOT_LIMIT,behind_entry
historical,EP-30073-ENTRY_ON_MINIMAL_WICK_REJECTION,2026-07-01 08:35:00-04:00,IFVG2-004231,2026-06-30 10:00:00-04:00,2026-07-01 09:00:00-04:00,DEACTIVATED_OVERSHOOT_LIMIT,behind_entry
historical,EP-30073-ENTRY_ON_DELAYED_DISPLACEMENT,2026-07-01 08:35:00-04:00,IFVG2-004231,2026-06-30 10:00:00-04:00,2026-07-01 09:00:00-04:00,DEACTIVATED_OVERSHOOT_LIMIT,behind_entry
historical,EP-30075-ENTRY_ON_FIRST_CLOSE_OUTSIDE,2026-07-01 08:35:00-04:00,IFVG2-004231,2026-06-30 10:00:00-04:00,2026-07-01 09:00:00-04:00,DEACTIVATED_OVERSHOOT_LIMIT,behind_entry
historical,EP-30075-ENTRY_ON_MINIMAL_WICK_REJECTION,2026-07-01 08:35:00-04:00,IFVG2-004231,2026-06-30 10:00:00-04:00,2026-07-01 09:00:00-04:00,DEACTIVATED_OVERSHOOT_LIMIT,behind_entry
historical,EP-30075-ENTRY_ON_IMMEDIATE_DISPLACEMENT,2026-07-01 08:35:00-04:00,IFVG2-004231,2026-06-30 10:00:00-04:00,2026-07-01 09:00:00-04:00,DEACTIVATED_OVERSHOOT_LIMIT,behind_entry
historical,EP-30075-ENTRY_ON_DELAYED_DISPLACEMENT,2026-07-01 08:38:00-04:00,IFVG2-004231,2026-06-30 10:00:00-04:00,2026-07-01 09:00:00-04:00,DEACTIVATED_OVERSHOOT_LIMIT,behind_entry
historical,EP-30076-ENTRY_ON_FIRST_CLOSE_OUTSIDE,2026-07-01 08:35:00-04:00,IFVG2-004231,2026-06-30 10:00:00-04:00,2026-07-01 09:00:00-04:00,DEACTIVATED_OVERSHOOT_LIMIT,behind_entry
historical,EP-30076-ENTRY_ON_MINIMAL_WICK_REJECTION,2026-07-01 08:35:00-04:00,IFVG2-004231,2026-06-30 10:00:00-04:00,2026-07-01 09:00:00-04:00,DEACTIVATED_OVERSHOOT_LIMIT,behind_entry
historical,EP-30076-ENTRY_ON_IMMEDIATE_DISPLACEMENT,2026-07-01 08:35:00-04:00,IFVG2-004231,2026-06-30 10:00:00-04:00,2026-07-01 09:00:00-04:00,DEACTIVATED_OVERSHOOT_LIMIT,behind_entry
historical,EP-30076-ENTRY_ON_DELAYED_DISPLACEMENT,2026-07-01 08:38:00-04:00,IFVG2-004231,2026-06-30 10:00:00-04:00,2026-07-01 09:00:00-04:00,DEACTIVATED_OVERSHOOT_LIMIT,behind_entry
historical,EP-30077-ENTRY_ON_FIRST_CLOSE_OUTSIDE,2026-07-01 08:35:00-04:00,IFVG2-004231,2026-06-30 10:00:00-04:00,2026-07-01 09:00:00-04:00,DEACTIVATED_OVERSHOOT_LIMIT,behind_entry
historical,EP-30077-ENTRY_ON_MINIMAL_WICK_REJECTION,2026-07-01 08:35:00-04:00,IFVG2-004231,2026-06-30 10:00:00-04:00,2026-07-01 09:00:00-04:00,DEACTIVATED_OVERSHOOT_LIMIT,behind_entry
historical,EP-30077-ENTRY_ON_IMMEDIATE_DISPLACEMENT,2026-07-01 08:35:00-04:00,IFVG2-004231,2026-06-30 10:00:00-04:00,2026-07-01 09:00:00-04:00,DEACTIVATED_OVERSHOOT_LIMIT,behind_entry
historical,EP-30077-ENTRY_ON_DELAYED_DISPLACEMENT,2026-07-01 08:38:00-04:00,IFVG2-004231,2026-06-30 10:00:00-04:00,2026-07-01 09:00:00-04:00,DEACTIVATED_OVERSHOOT_LIMIT,behind_entry
historical,EP-30081-ENTRY_ON_TAP,2026-07-01 08:35:00-04:00,IFVG2-004231,2026-06-30 10:00:00-04:00,2026-07-01 09:00:00-04:00,DEACTIVATED_OVERSHOOT_LIMIT,behind_entry
historical,EP-30081-ENTRY_ON_FIRST_CLOSE_OUTSIDE,2026-07-01 08:37:00-04:00,IFVG2-004231,2026-06-30 10:00:00-04:00,2026-07-01 09:00:00-04:00,DEACTIVATED_OVERSHOOT_LIMIT,behind_entry
historical,EP-30081-ENTRY_ON_DELAYED_DISPLACEMENT,2026-07-01 08:38:00-04:00,IFVG2-004231,2026-06-30 10:00:00-04:00,2026-07-01 09:00:00-04:00,DEACTIVATED_OVERSHOOT_LIMIT,behind_entry
historical,EP-30082-ENTRY_ON_TAP,2026-07-01 08:37:00-04:00,IFVG2-004231,2026-06-30 10:00:00-04:00,2026-07-01 09:00:00-04:00,DEACTIVATED_OVERSHOOT_LIMIT,behind_entry
historical,EP-30082-ENTRY_ON_FIRST_CLOSE_OUTSIDE,2026-07-01 08:38:00-04:00,IFVG2-004231,2026-06-30 10:00:00-04:00,2026-07-01 09:00:00-04:00,DEACTIVATED_OVERSHOOT_LIMIT,behind_entry
historical,EP-30082-ENTRY_ON_IMMEDIATE_DISPLACEMENT,2026-07-01 08:38:00-04:00,IFVG2-004231,2026-06-30 10:00:00-04:00,2026-07-01 09:00:00-04:00,DEACTIVATED_OVERSHOOT_LIMIT,behind_entry
historical,EP-30084-ENTRY_ON_MINIMAL_WICK_REJECTION,2026-07-01 08:43:00-04:00,IFVG2-004231,2026-06-30 10:00:00-04:00,2026-07-01 09:00:00-04:00,DEACTIVATED_OVERSHOOT_LIMIT,behind_entry
historical,EP-30084-ENTRY_ON_DELAYED_DISPLACEMENT,2026-07-01 08:43:00-04:00,IFVG2-004231,2026-06-30 10:00:00-04:00,2026-07-01 09:00:00-04:00,DEACTIVATED_OVERSHOOT_LIMIT,behind_entry
historical,EP-30088-ENTRY_ON_FIRST_CLOSE_OUTSIDE,2026-07-01 08:44:00-04:00,IFVG2-004231,2026-06-30 10:00:00-04:00,2026-07-01 09:00:00-04:00,DEACTIVATED_OVERSHOOT_LIMIT,same_direction
historical,EP-30088-ENTRY_ON_MINIMAL_WICK_REJECTION,2026-07-01 08:44:00-04:00,IFVG2-004231,2026-06-30 10:00:00-04:00,2026-07-01 09:00:00-04:00,DEACTIVATED_OVERSHOOT_LIMIT,same_direction
historical,EP-30088-ENTRY_ON_IMMEDIATE_DISPLACEMENT,2026-07-01 08:44:00-04:00,IFVG2-004231,2026-06-30 10:00:00-04:00,2026-07-01 09:00:00-04:00,DEACTIVATED_OVERSHOOT_LIMIT,same_direction
historical,EP-30120-ENTRY_ON_TAP,2026-07-01 09:18:00-04:00,IFVG2-004231,2026-06-30 10:00:00-04:00,2026-07-01 09:00:00-04:00,DEACTIVATED_OVERSHOOT_LIMIT,inactive_or_traversed
historical,EP-30123-ENTRY_ON_TAP,2026-07-01 09:18:00-04:00,IFVG2-004231,2026-06-30 10:00:00-04:00,2026-07-01 09:00:00-04:00,DEACTIVATED_OVERSHOOT_LIMIT,inactive_or_traversed
historical,EP-30132-ENTRY_ON_FIRST_CLOSE_OUTSIDE,2026-07-01 09:35:00-04:00,IFVG2-004226,2026-06-24 17:00:00-04:00,2026-06-24 19:00:00-04:00,DEACTIVATED_CLOSE_THROUGH,inactive_or_traversed
historical,EP-30132-ENTRY_ON_IMMEDIATE_DISPLACEMENT,2026-07-01 09:35:00-04:00,IFVG2-004226,2026-06-24 17:00:00-04:00,2026-06-24 19:00:00-04:00,DEACTIVATED_CLOSE_THROUGH,inactive_or_traversed
historical,EP-30133-ENTRY_ON_STRONG_REJECTION,2026-07-01 09:36:00-04:00,IFVG2-004226,2026-06-24 17:00:00-04:00,2026-06-24 19:00:00-04:00,DEACTIVATED_CLOSE_THROUGH,inactive_or_traversed
historical,EP-30133-ENTRY_ON_NEW_FVG,2026-07-01 09:35:00-04:00,IFVG2-004226,2026-06-24 17:00:00-04:00,2026-06-24 19:00:00-04:00,DEACTIVATED_CLOSE_THROUGH,inactive_or_traversed
historical,EP-30135-ENTRY_ON_STRONG_REJECTION,2026-07-01 09:36:00-04:00,IFVG2-004226,2026-06-24 17:00:00-04:00,2026-06-24 19:00:00-04:00,DEACTIVATED_CLOSE_THROUGH,inactive_or_traversed
historical,EP-30135-ENTRY_ON_NEW_FVG,2026-07-01 09:35:00-04:00,IFVG2-004226,2026-06-24 17:00:00-04:00,2026-06-24 19:00:00-04:00,DEACTIVATED_CLOSE_THROUGH,inactive_or_traversed
historical,EP-30149-ENTRY_ON_TAP,2026-07-01 09:36:00-04:00,IFVG2-004226,2026-06-24 17:00:00-04:00,2026-06-24 19:00:00-04:00,DEACTIVATED_CLOSE_THROUGH,inactive_or_traversed
historical,EP-30470-ENTRY_ON_FIRST_CLOSE_OUTSIDE,2026-07-01 16:00:00-04:00,IFVG2-004229,2026-06-25 10:00:00-04:00,2026-06-29 21:00:00-04:00,DEACTIVATED_OVERSHOOT_LIMIT,same_direction
historical,EP-30470-ENTRY_ON_MINIMAL_WICK_REJECTION,2026-07-01 16:00:00-04:00,IFVG2-004229,2026-06-25 10:00:00-04:00,2026-06-29 21:00:00-04:00,DEACTIVATED_OVERSHOOT_LIMIT,same_direction
historical,EP-30470-ENTRY_ON_DELAYED_DISPLACEMENT,2026-07-01 16:00:00-04:00,IFVG2-004229,2026-06-25 10:00:00-04:00,2026-06-29 21:00:00-04:00,DEACTIVATED_OVERSHOOT_LIMIT,same_direction
historical,EP-30488-ENTRY_ON_DELAYED_DISPLACEMENT,2026-07-01 14:55:00-04:00,IFVG2-004226,2026-06-24 17:00:00-04:00,2026-06-24 19:00:00-04:00,DEACTIVATED_CLOSE_THROUGH,inactive_or_traversed
historical,EP-30489-ENTRY_ON_DELAYED_DISPLACEMENT,2026-07-01 14:55:00-04:00,IFVG2-004226,2026-06-24 17:00:00-04:00,2026-06-24 19:00:00-04:00,DEACTIVATED_CLOSE_THROUGH,inactive_or_traversed
historical,EP-30538-ENTRY_ON_FIRST_CLOSE_OUTSIDE,2026-07-01 16:00:00-04:00,IFVG2-004229,2026-06-25 10:00:00-04:00,2026-06-29 21:00:00-04:00,DEACTIVATED_OVERSHOOT_LIMIT,same_direction
historical,EP-30538-ENTRY_ON_IMMEDIATE_DISPLACEMENT,2026-07-01 16:00:00-04:00,IFVG2-004229,2026-06-25 10:00:00-04:00,2026-06-29 21:00:00-04:00,DEACTIVATED_OVERSHOOT_LIMIT,same_direction
historical,EP-30566-ENTRY_ON_FIRST_CLOSE_OUTSIDE,2026-07-01 16:00:00-04:00,IFVG2-004229,2026-06-25 10:00:00-04:00,2026-06-29 21:00:00-04:00,DEACTIVATED_OVERSHOOT_LIMIT,same_direction
historical,EP-30566-ENTRY_ON_NEW_FVG,2026-07-01 16:00:00-04:00,IFVG2-004229,2026-06-25 10:00:00-04:00,2026-06-29 21:00:00-04:00,DEACTIVATED_OVERSHOOT_LIMIT,same_direction
historical,EP-30569-ENTRY_ON_DELAYED_DISPLACEMENT,2026-07-01 15:58:00-04:00,IFVG2-004229,2026-06-25 10:00:00-04:00,2026-06-29 21:00:00-04:00,DEACTIVATED_OVERSHOOT_LIMIT,same_direction
historical,EP-30569-ENTRY_ON_DELAYED_DISPLACEMENT,2026-07-01 15:58:00-04:00,IFVG2-001503,2026-07-01 15:52:00-04:00,2026-07-01 15:53:00-04:00,DEACTIVATED_CLOSE_THROUGH,component
historical,EP-30573-ENTRY_ON_TAP,2026-07-01 15:58:00-04:00,IFVG2-004229,2026-06-25 10:00:00-04:00,2026-06-29 21:00:00-04:00,DEACTIVATED_OVERSHOOT_LIMIT,same_direction
historical,EP-30573-ENTRY_ON_FIRST_CLOSE_OUTSIDE,2026-07-01 16:00:00-04:00,IFVG2-004229,2026-06-25 10:00:00-04:00,2026-06-29 21:00:00-04:00,DEACTIVATED_OVERSHOOT_LIMIT,same_direction
historical,EP-30573-ENTRY_ON_MINIMAL_WICK_REJECTION,2026-07-01 16:00:00-04:00,IFVG2-004229,2026-06-25 10:00:00-04:00,2026-06-29 21:00:00-04:00,DEACTIVATED_OVERSHOOT_LIMIT,same_direction
historical,EP-30575-ENTRY_ON_IFVG_RETEST,2026-07-01 15:58:00-04:00,IFVG2-004229,2026-06-25 10:00:00-04:00,2026-06-29 21:00:00-04:00,DEACTIVATED_OVERSHOOT_LIMIT,inactive_or_traversed
historical,EP-30793-ENTRY_ON_NEW_FVG,2026-07-01 20:02:00-04:00,IFVG2-001518,2026-07-01 19:55:00-04:00,2026-07-01 19:56:00-04:00,DEACTIVATED_CLOSE_THROUGH,component
historical,EP-31353-ENTRY_ON_FIRST_CLOSE_OUTSIDE,2026-07-02 03:10:00-04:00,IFVG2-004203,2026-06-09 03:58:00-04:00,2026-06-09 04:59:00-04:00,DEACTIVATED_CLOSE_THROUGH,same_direction
historical,EP-31353-ENTRY_ON_IMMEDIATE_DISPLACEMENT,2026-07-02 03:10:00-04:00,IFVG2-004203,2026-06-09 03:58:00-04:00,2026-06-09 04:59:00-04:00,DEACTIVATED_CLOSE_THROUGH,same_direction
historical,EP-31372-ENTRY_ON_TAP,2026-07-02 03:12:00-04:00,IFVG2-004205,2026-06-09 11:00:00-04:00,2026-06-11 21:00:00-04:00,DEACTIVATED_CLOSE_THROUGH,same_direction
historical,EP-31373-ENTRY_ON_FIRST_CLOSE_OUTSIDE,2026-07-02 03:12:00-04:00,IFVG2-004205,2026-06-09 11:00:00-04:00,2026-06-11 21:00:00-04:00,DEACTIVATED_CLOSE_THROUGH,same_direction
historical,EP-31373-ENTRY_ON_IMMEDIATE_DISPLACEMENT,2026-07-02 03:12:00-04:00,IFVG2-004205,2026-06-09 11:00:00-04:00,2026-06-11 21:00:00-04:00,DEACTIVATED_CLOSE_THROUGH,same_direction
historical,EP-31374-ENTRY_ON_FIRST_CLOSE_OUTSIDE,2026-07-02 03:12:00-04:00,IFVG2-004205,2026-06-09 11:00:00-04:00,2026-06-11 21:00:00-04:00,DEACTIVATED_CLOSE_THROUGH,same_direction
historical,EP-31374-ENTRY_ON_IMMEDIATE_DISPLACEMENT,2026-07-02 03:12:00-04:00,IFVG2-004205,2026-06-09 11:00:00-04:00,2026-06-11 21:00:00-04:00,DEACTIVATED_CLOSE_THROUGH,same_direction
historical,EP-31796-ENTRY_ON_DELAYED_DISPLACEMENT,2026-07-02 08:17:00-04:00,IFVG2-003084,2026-07-02 08:12:00-04:00,2026-07-02 09:30:00-04:00,DEACTIVATED_CLOSE_THROUGH,component
historical,EP-31803-ENTRY_ON_DELAYED_DISPLACEMENT,2026-07-02 08:17:00-04:00,IFVG2-001576,2026-07-02 08:13:00-04:00,2026-07-02 09:27:00-04:00,DEACTIVATED_CLOSE_THROUGH,component
historical,EP-31805-ENTRY_ON_FIRST_CLOSE_OUTSIDE,2026-07-02 08:17:00-04:00,IFVG2-003085,2026-07-02 08:15:00-04:00,2026-07-02 09:30:00-04:00,DEACTIVATED_CLOSE_THROUGH,component
historical,EP-31805-ENTRY_ON_IMMEDIATE_DISPLACEMENT,2026-07-02 08:17:00-04:00,IFVG2-003085,2026-07-02 08:15:00-04:00,2026-07-02 09:30:00-04:00,DEACTIVATED_CLOSE_THROUGH,component
historical,EP-31810-ENTRY_ON_IFVG_RETEST,2026-07-02 08:19:00-04:00,IFVG2-003086,2026-07-02 08:18:00-04:00,2026-07-02 08:21:00-04:00,DEACTIVATED_OVERSHOOT_LIMIT,component
historical,EP-31815-ENTRY_ON_DELAYED_DISPLACEMENT,2026-07-02 08:35:00-04:00,IFVG2-004231,2026-06-30 10:00:00-04:00,2026-07-01 09:00:00-04:00,DEACTIVATED_OVERSHOOT_LIMIT,same_direction
historical,EP-31815-ENTRY_ON_NEW_FVG,2026-07-02 08:35:00-04:00,IFVG2-004231,2026-06-30 10:00:00-04:00,2026-07-01 09:00:00-04:00,DEACTIVATED_OVERSHOOT_LIMIT,same_direction
historical,EP-31823-ENTRY_ON_FIRST_CLOSE_OUTSIDE,2026-07-02 08:35:00-04:00,IFVG2-004231,2026-06-30 10:00:00-04:00,2026-07-01 09:00:00-04:00,DEACTIVATED_OVERSHOOT_LIMIT,same_direction
historical,EP-31823-ENTRY_ON_IMMEDIATE_DISPLACEMENT,2026-07-02 08:35:00-04:00,IFVG2-004231,2026-06-30 10:00:00-04:00,2026-07-01 09:00:00-04:00,DEACTIVATED_OVERSHOOT_LIMIT,same_direction
historical,EP-31823-ENTRY_ON_NEW_FVG,2026-07-02 08:35:00-04:00,IFVG2-004231,2026-06-30 10:00:00-04:00,2026-07-01 09:00:00-04:00,DEACTIVATED_OVERSHOOT_LIMIT,same_direction
historical,EP-31843-ENTRY_ON_DELAYED_DISPLACEMENT,2026-07-02 08:35:00-04:00,IFVG2-004231,2026-06-30 10:00:00-04:00,2026-07-01 09:00:00-04:00,DEACTIVATED_OVERSHOOT_LIMIT,same_direction
historical,EP-31852-ENTRY_ON_TAP,2026-07-02 08:38:00-04:00,IFVG2-004222,2026-06-23 01:00:00-04:00,2026-06-30 10:00:00-04:00,DEACTIVATED_CLOSE_THROUGH,same_direction
historical,EP-31953-ENTRY_ON_FIRST_CLOSE_OUTSIDE,2026-07-02 09:41:00-04:00,IFVG2-004076,2026-07-02 08:15:00-04:00,2026-07-02 09:45:00-04:00,DEACTIVATED_OVERSHOOT_LIMIT,same_direction
historical,EP-31953-ENTRY_ON_MINIMAL_WICK_REJECTION,2026-07-02 09:41:00-04:00,IFVG2-004076,2026-07-02 08:15:00-04:00,2026-07-02 09:45:00-04:00,DEACTIVATED_OVERSHOOT_LIMIT,same_direction
historical,EP-32049-ENTRY_ON_IFVG_RETEST,2026-07-02 10:43:00-04:00,IFVG2-001586,2026-07-02 10:41:00-04:00,2026-07-02 10:47:00-04:00,DEACTIVATED_OVERSHOOT_LIMIT,component
historical,EP-32049-ENTRY_ON_FIRST_CLOSE_OUTSIDE,2026-07-02 10:44:00-04:00,IFVG2-004225,2026-06-24 04:00:00-04:00,2026-06-24 05:00:00-04:00,DEACTIVATED_CLOSE_THROUGH,same_direction
historical,EP-32049-ENTRY_ON_FIRST_CLOSE_OUTSIDE,2026-07-02 10:44:00-04:00,IFVG2-001586,2026-07-02 10:41:00-04:00,2026-07-02 10:47:00-04:00,DEACTIVATED_OVERSHOOT_LIMIT,component
historical,EP-32049-ENTRY_ON_MINIMAL_WICK_REJECTION,2026-07-02 10:48:00-04:00,IFVG2-001586,2026-07-02 10:41:00-04:00,2026-07-02 10:47:00-04:00,DEACTIVATED_OVERSHOOT_LIMIT,component
historical,EP-32049-ENTRY_ON_DELAYED_DISPLACEMENT,2026-07-02 10:48:00-04:00,IFVG2-001586,2026-07-02 10:41:00-04:00,2026-07-02 10:47:00-04:00,DEACTIVATED_OVERSHOOT_LIMIT,component
historical,EP-32049-ENTRY_ON_NEW_FVG,2026-07-02 10:44:00-04:00,IFVG2-004225,2026-06-24 04:00:00-04:00,2026-06-24 05:00:00-04:00,DEACTIVATED_CLOSE_THROUGH,same_direction
historical,EP-32049-ENTRY_ON_NEW_FVG,2026-07-02 10:44:00-04:00,IFVG2-001586,2026-07-02 10:41:00-04:00,2026-07-02 10:47:00-04:00,DEACTIVATED_OVERSHOOT_LIMIT,component
historical,EP-32113-ENTRY_ON_TAP,2026-07-02 11:20:00-04:00,IFVG2-004204,2026-06-09 11:00:00-04:00,2026-06-11 16:00:00-04:00,DEACTIVATED_CLOSE_THROUGH,same_direction
historical,EP-32115-ENTRY_ON_TAP,2026-07-02 11:19:00-04:00,IFVG2-004201,2026-06-08 08:00:00-04:00,2026-06-09 11:00:00-04:00,DEACTIVATED_OVERSHOOT_LIMIT,inactive_or_traversed
historical,EP-32115-ENTRY_ON_FIRST_CLOSE_OUTSIDE,2026-07-02 11:20:00-04:00,IFVG2-004204,2026-06-09 11:00:00-04:00,2026-06-11 16:00:00-04:00,DEACTIVATED_CLOSE_THROUGH,same_direction
historical,EP-32145-ENTRY_ON_DELAYED_DISPLACEMENT,2026-07-02 12:03:00-04:00,IFVG2-003092,2026-07-02 11:45:00-04:00,2026-07-02 19:45:00-04:00,EXPIRED_ACTIVE_8H,component
historical,EP-32150-ENTRY_ON_DELAYED_DISPLACEMENT,2026-07-02 12:20:00-04:00,IFVG2-004228,2026-06-24 17:00:00-04:00,2026-06-25 10:00:00-04:00,DEACTIVATED_CLOSE_THROUGH,inactive_or_traversed
historical,EP-32177-ENTRY_ON_FIRST_CLOSE_OUTSIDE,2026-07-02 12:10:00-04:00,IFVG2-004228,2026-06-24 17:00:00-04:00,2026-06-25 10:00:00-04:00,DEACTIVATED_CLOSE_THROUGH,inactive_or_traversed
historical,EP-32182-ENTRY_ON_FIRST_CLOSE_OUTSIDE,2026-07-02 12:20:00-04:00,IFVG2-004228,2026-06-24 17:00:00-04:00,2026-06-25 10:00:00-04:00,DEACTIVATED_CLOSE_THROUGH,inactive_or_traversed
historical,EP-32182-ENTRY_ON_MINIMAL_WICK_REJECTION,2026-07-02 12:20:00-04:00,IFVG2-004228,2026-06-24 17:00:00-04:00,2026-06-25 10:00:00-04:00,DEACTIVATED_CLOSE_THROUGH,inactive_or_traversed
historical,EP-32182-ENTRY_ON_IMMEDIATE_DISPLACEMENT,2026-07-02 12:20:00-04:00,IFVG2-004228,2026-06-24 17:00:00-04:00,2026-06-25 10:00:00-04:00,DEACTIVATED_CLOSE_THROUGH,inactive_or_traversed
historical,EP-32183-ENTRY_ON_STRONG_REJECTION,2026-07-02 12:20:00-04:00,IFVG2-004228,2026-06-24 17:00:00-04:00,2026-06-25 10:00:00-04:00,DEACTIVATED_CLOSE_THROUGH,inactive_or_traversed
historical,EP-32184-ENTRY_ON_STRONG_REJECTION,2026-07-02 12:20:00-04:00,IFVG2-004228,2026-06-24 17:00:00-04:00,2026-06-25 10:00:00-04:00,DEACTIVATED_CLOSE_THROUGH,inactive_or_traversed
historical,EP-32184-ENTRY_ON_STRONG_REJECTION,2026-07-02 12:20:00-04:00,IFVG2-001595,2026-07-02 12:00:00-04:00,2026-07-02 20:00:00-04:00,EXPIRED_ACTIVE_8H,component
historical,EP-32185-ENTRY_ON_STRONG_REJECTION,2026-07-02 12:20:00-04:00,IFVG2-004228,2026-06-24 17:00:00-04:00,2026-06-25 10:00:00-04:00,DEACTIVATED_CLOSE_THROUGH,inactive_or_traversed
historical,EP-32258-ENTRY_ON_DELAYED_DISPLACEMENT,2026-07-02 13:40:00-04:00,IFVG2-004198,2026-06-07 21:00:00-04:00,2026-06-07 21:58:00-04:00,DEACTIVATED_OVERSHOOT_LIMIT,inactive_or_traversed
historical,EP-32287-ENTRY_ON_FIRST_CLOSE_OUTSIDE,2026-07-02 13:40:00-04:00,IFVG2-004198,2026-06-07 21:00:00-04:00,2026-06-07 21:58:00-04:00,DEACTIVATED_OVERSHOOT_LIMIT,inactive_or_traversed
historical,EP-32294-ENTRY_ON_NEW_FVG,2026-07-02 13:48:00-04:00,IFVG2-004199,2026-06-08 01:59:00-04:00,2026-06-08 03:00:00-04:00,DEACTIVATED_CLOSE_THROUGH,same_direction
historical,EP-32295-ENTRY_ON_NEW_FVG,2026-07-02 13:48:00-04:00,IFVG2-004199,2026-06-08 01:59:00-04:00,2026-06-08 03:00:00-04:00,DEACTIVATED_CLOSE_THROUGH,same_direction
historical,EP-32302-ENTRY_ON_IFVG_RETEST,2026-07-02 13:47:00-04:00,IFVG2-004207,2026-06-09 19:00:00-04:00,2026-06-09 20:00:00-04:00,DEACTIVATED_OVERSHOOT_LIMIT,same_direction
historical,EP-32302-ENTRY_ON_IFVG_RETEST,2026-07-02 13:47:00-04:00,IFVG2-001599,2026-07-02 13:45:00-04:00,2026-07-02 14:05:00-04:00,DEACTIVATED_CLOSE_THROUGH,component
historical,EP-32302-ENTRY_ON_FIRST_CLOSE_OUTSIDE,2026-07-02 13:48:00-04:00,IFVG2-004199,2026-06-08 01:59:00-04:00,2026-06-08 03:00:00-04:00,DEACTIVATED_CLOSE_THROUGH,same_direction
historical,EP-32302-ENTRY_ON_FIRST_CLOSE_OUTSIDE,2026-07-02 13:48:00-04:00,IFVG2-001599,2026-07-02 13:45:00-04:00,2026-07-02 14:05:00-04:00,DEACTIVATED_CLOSE_THROUGH,component
historical,EP-32302-ENTRY_ON_IMMEDIATE_DISPLACEMENT,2026-07-02 13:48:00-04:00,IFVG2-004199,2026-06-08 01:59:00-04:00,2026-06-08 03:00:00-04:00,DEACTIVATED_CLOSE_THROUGH,same_direction
historical,EP-32302-ENTRY_ON_IMMEDIATE_DISPLACEMENT,2026-07-02 13:48:00-04:00,IFVG2-001599,2026-07-02 13:45:00-04:00,2026-07-02 14:05:00-04:00,DEACTIVATED_CLOSE_THROUGH,component
historical,EP-32302-ENTRY_ON_NEW_FVG,2026-07-02 13:48:00-04:00,IFVG2-004199,2026-06-08 01:59:00-04:00,2026-06-08 03:00:00-04:00,DEACTIVATED_CLOSE_THROUGH,same_direction
historical,EP-32302-ENTRY_ON_NEW_FVG,2026-07-02 13:48:00-04:00,IFVG2-001599,2026-07-02 13:45:00-04:00,2026-07-02 14:05:00-04:00,DEACTIVATED_CLOSE_THROUGH,component
historical,EP-32305-ENTRY_ON_TAP,2026-07-02 13:49:00-04:00,IFVG2-004207,2026-06-09 19:00:00-04:00,2026-06-09 20:00:00-04:00,DEACTIVATED_OVERSHOOT_LIMIT,same_direction
historical,EP-32310-ENTRY_ON_NEW_FVG,2026-07-02 13:58:00-04:00,IFVG2-004207,2026-06-09 19:00:00-04:00,2026-06-09 20:00:00-04:00,DEACTIVATED_OVERSHOOT_LIMIT,same_direction
historical,EP-32316-ENTRY_ON_TAP,2026-07-02 13:58:00-04:00,IFVG2-004207,2026-06-09 19:00:00-04:00,2026-06-09 20:00:00-04:00,DEACTIVATED_OVERSHOOT_LIMIT,same_direction
historical,EP-32580-ENTRY_ON_NEW_FVG,2026-07-03 00:00:00-04:00,IFVG2-001626,2026-07-02 23:58:00-04:00,2026-07-03 00:00:00-04:00,DEACTIVATED_OVERSHOOT_LIMIT,same_direction
historical,EP-32580-ENTRY_ON_NEW_FVG,2026-07-03 00:00:00-04:00,IFVG2-004237,2026-07-02 19:00:00-04:00,2026-07-07 10:00:00-04:00,DEACTIVATED_CLOSE_THROUGH,component
historical,EP-32664-ENTRY_ON_NEW_FVG,2026-07-03 00:00:00-04:00,IFVG2-001626,2026-07-02 23:58:00-04:00,2026-07-03 00:00:00-04:00,DEACTIVATED_OVERSHOOT_LIMIT,same_direction
historical,EP-32665-ENTRY_ON_NEW_FVG,2026-07-03 00:00:00-04:00,IFVG2-001626,2026-07-02 23:58:00-04:00,2026-07-03 00:00:00-04:00,DEACTIVATED_OVERSHOOT_LIMIT,same_direction
historical,EP-32686-ENTRY_ON_TAP,2026-07-02 20:22:00-04:00,IFVG2-003786,2026-07-02 19:25:00-04:00,2026-07-02 19:35:00-04:00,DEACTIVATED_OVERSHOOT_LIMIT,same_direction
historical,EP-32740-ENTRY_ON_TAP,2026-07-02 21:04:00-04:00,IFVG2-004237,2026-07-02 19:00:00-04:00,2026-07-07 10:00:00-04:00,DEACTIVATED_CLOSE_THROUGH,behind_entry
historical,EP-32820-ENTRY_ON_FIRST_CLOSE_OUTSIDE,2026-07-02 22:21:00-04:00,IFVG2-004236,2026-07-02 12:00:00-04:00,2026-07-03 03:00:00-04:00,DEACTIVATED_CLOSE_THROUGH,behind_entry
historical,EP-32821-ENTRY_ON_FIRST_CLOSE_OUTSIDE,2026-07-02 22:25:00-04:00,IFVG2-004236,2026-07-02 12:00:00-04:00,2026-07-03 03:00:00-04:00,DEACTIVATED_CLOSE_THROUGH,behind_entry
historical,EP-32824-ENTRY_ON_FIRST_CLOSE_OUTSIDE,2026-07-02 22:21:00-04:00,IFVG2-004236,2026-07-02 12:00:00-04:00,2026-07-03 03:00:00-04:00,DEACTIVATED_CLOSE_THROUGH,behind_entry
historical,EP-32824-ENTRY_ON_MINIMAL_WICK_REJECTION,2026-07-02 22:21:00-04:00,IFVG2-004236,2026-07-02 12:00:00-04:00,2026-07-03 03:00:00-04:00,DEACTIVATED_CLOSE_THROUGH,behind_entry
historical,EP-32824-ENTRY_ON_IMMEDIATE_DISPLACEMENT,2026-07-02 22:21:00-04:00,IFVG2-004236,2026-07-02 12:00:00-04:00,2026-07-03 03:00:00-04:00,DEACTIVATED_CLOSE_THROUGH,behind_entry
historical,EP-32825-ENTRY_ON_FIRST_CLOSE_OUTSIDE,2026-07-02 22:21:00-04:00,IFVG2-004236,2026-07-02 12:00:00-04:00,2026-07-03 03:00:00-04:00,DEACTIVATED_CLOSE_THROUGH,behind_entry
historical,EP-32825-ENTRY_ON_MINIMAL_WICK_REJECTION,2026-07-02 22:21:00-04:00,IFVG2-004236,2026-07-02 12:00:00-04:00,2026-07-03 03:00:00-04:00,DEACTIVATED_CLOSE_THROUGH,behind_entry
historical,EP-32825-ENTRY_ON_IMMEDIATE_DISPLACEMENT,2026-07-02 22:21:00-04:00,IFVG2-004236,2026-07-02 12:00:00-04:00,2026-07-03 03:00:00-04:00,DEACTIVATED_CLOSE_THROUGH,behind_entry
historical,EP-32828-ENTRY_ON_TAP,2026-07-02 22:23:00-04:00,IFVG2-004236,2026-07-02 12:00:00-04:00,2026-07-03 03:00:00-04:00,DEACTIVATED_CLOSE_THROUGH,behind_entry
historical,EP-32830-ENTRY_ON_TAP,2026-07-02 22:25:00-04:00,IFVG2-004236,2026-07-02 12:00:00-04:00,2026-07-03 03:00:00-04:00,DEACTIVATED_CLOSE_THROUGH,behind_entry
historical,EP-32834-ENTRY_ON_FIRST_CLOSE_OUTSIDE,2026-07-02 22:29:00-04:00,IFVG2-001592,2026-07-02 11:43:00-04:00,2026-07-02 11:44:00-04:00,DEACTIVATED_OVERSHOOT_LIMIT,inactive_or_traversed
historical,EP-32834-ENTRY_ON_MINIMAL_WICK_REJECTION,2026-07-02 22:29:00-04:00,IFVG2-001592,2026-07-02 11:43:00-04:00,2026-07-02 11:44:00-04:00,DEACTIVATED_OVERSHOOT_LIMIT,inactive_or_traversed
historical,EP-32849-ENTRY_ON_DELAYED_DISPLACEMENT,2026-07-02 22:50:00-04:00,IFVG2-004236,2026-07-02 12:00:00-04:00,2026-07-03 03:00:00-04:00,DEACTIVATED_CLOSE_THROUGH,behind_entry
historical,EP-32849-ENTRY_ON_NEW_FVG,2026-07-02 22:55:00-04:00,IFVG2-004210,2026-06-12 09:00:00-04:00,2026-06-12 10:00:00-04:00,DEACTIVATED_OVERSHOOT_LIMIT,inactive_or_traversed
historical,EP-32849-ENTRY_ON_NEW_FVG,2026-07-02 22:55:00-04:00,IFVG2-004236,2026-07-02 12:00:00-04:00,2026-07-03 03:00:00-04:00,DEACTIVATED_CLOSE_THROUGH,behind_entry
historical,EP-32855-ENTRY_ON_FIRST_CLOSE_OUTSIDE,2026-07-02 22:50:00-04:00,IFVG2-004236,2026-07-02 12:00:00-04:00,2026-07-03 03:00:00-04:00,DEACTIVATED_CLOSE_THROUGH,behind_entry
historical,EP-32855-ENTRY_ON_IMMEDIATE_DISPLACEMENT,2026-07-02 22:50:00-04:00,IFVG2-004236,2026-07-02 12:00:00-04:00,2026-07-03 03:00:00-04:00,DEACTIVATED_CLOSE_THROUGH,behind_entry
historical,EP-32855-ENTRY_ON_NEW_FVG,2026-07-02 22:55:00-04:00,IFVG2-004210,2026-06-12 09:00:00-04:00,2026-06-12 10:00:00-04:00,DEACTIVATED_OVERSHOOT_LIMIT,inactive_or_traversed
historical,EP-32855-ENTRY_ON_NEW_FVG,2026-07-02 22:55:00-04:00,IFVG2-004236,2026-07-02 12:00:00-04:00,2026-07-03 03:00:00-04:00,DEACTIVATED_CLOSE_THROUGH,behind_entry
historical,EP-32860-ENTRY_ON_TAP,2026-07-02 22:50:00-04:00,IFVG2-004236,2026-07-02 12:00:00-04:00,2026-07-03 03:00:00-04:00,DEACTIVATED_CLOSE_THROUGH,behind_entry
historical,EP-32863-ENTRY_ON_TAP,2026-07-02 22:56:00-04:00,IFVG2-004236,2026-07-02 12:00:00-04:00,2026-07-03 03:00:00-04:00,DEACTIVATED_CLOSE_THROUGH,behind_entry
historical,EP-32863-ENTRY_ON_FIRST_CLOSE_OUTSIDE,2026-07-02 22:58:00-04:00,IFVG2-004236,2026-07-02 12:00:00-04:00,2026-07-03 03:00:00-04:00,DEACTIVATED_CLOSE_THROUGH,behind_entry
historical,EP-32865-ENTRY_ON_TAP,2026-07-02 22:57:00-04:00,IFVG2-004210,2026-06-12 09:00:00-04:00,2026-06-12 10:00:00-04:00,DEACTIVATED_OVERSHOOT_LIMIT,inactive_or_traversed
historical,EP-32865-ENTRY_ON_TAP,2026-07-02 22:57:00-04:00,IFVG2-004236,2026-07-02 12:00:00-04:00,2026-07-03 03:00:00-04:00,DEACTIVATED_CLOSE_THROUGH,behind_entry
historical,EP-32865-ENTRY_ON_FIRST_CLOSE_OUTSIDE,2026-07-02 22:58:00-04:00,IFVG2-004236,2026-07-02 12:00:00-04:00,2026-07-03 03:00:00-04:00,DEACTIVATED_CLOSE_THROUGH,behind_entry
historical,EP-32866-ENTRY_ON_TAP,2026-07-02 22:58:00-04:00,IFVG2-004236,2026-07-02 12:00:00-04:00,2026-07-03 03:00:00-04:00,DEACTIVATED_CLOSE_THROUGH,behind_entry
historical,EP-32870-ENTRY_ON_IFVG_RETEST,2026-07-03 00:00:00-04:00,IFVG2-001626,2026-07-02 23:58:00-04:00,2026-07-03 00:00:00-04:00,DEACTIVATED_OVERSHOOT_LIMIT,same_direction
historical,EP-32870-ENTRY_ON_IFVG_RETEST,2026-07-03 00:00:00-04:00,IFVG2-004238,2026-07-02 23:00:00-04:00,2026-07-07 00:00:00-04:00,DEACTIVATED_CLOSE_THROUGH,component
historical,EP-32876-ENTRY_ON_DELAYED_DISPLACEMENT,2026-07-02 23:30:00-04:00,IFVG2-004236,2026-07-02 12:00:00-04:00,2026-07-03 03:00:00-04:00,DEACTIVATED_CLOSE_THROUGH,behind_entry
historical,EP-32885-ENTRY_ON_TAP,2026-07-02 23:30:00-04:00,IFVG2-004236,2026-07-02 12:00:00-04:00,2026-07-03 03:00:00-04:00,DEACTIVATED_CLOSE_THROUGH,behind_entry
historical,EP-32889-ENTRY_ON_FIRST_CLOSE_OUTSIDE,2026-07-02 23:30:00-04:00,IFVG2-004236,2026-07-02 12:00:00-04:00,2026-07-03 03:00:00-04:00,DEACTIVATED_CLOSE_THROUGH,behind_entry
historical,EP-32889-ENTRY_ON_MINIMAL_WICK_REJECTION,2026-07-02 23:30:00-04:00,IFVG2-004236,2026-07-02 12:00:00-04:00,2026-07-03 03:00:00-04:00,DEACTIVATED_CLOSE_THROUGH,behind_entry
historical,EP-32889-ENTRY_ON_DELAYED_DISPLACEMENT,2026-07-02 23:30:00-04:00,IFVG2-004236,2026-07-02 12:00:00-04:00,2026-07-03 03:00:00-04:00,DEACTIVATED_CLOSE_THROUGH,behind_entry
historical,EP-32892-ENTRY_ON_FIRST_CLOSE_OUTSIDE,2026-07-02 23:30:00-04:00,IFVG2-004236,2026-07-02 12:00:00-04:00,2026-07-03 03:00:00-04:00,DEACTIVATED_CLOSE_THROUGH,behind_entry
historical,EP-32892-ENTRY_ON_IMMEDIATE_DISPLACEMENT,2026-07-02 23:30:00-04:00,IFVG2-004236,2026-07-02 12:00:00-04:00,2026-07-03 03:00:00-04:00,DEACTIVATED_CLOSE_THROUGH,behind_entry
historical,EP-32894-ENTRY_ON_NEW_FVG,2026-07-02 23:29:00-04:00,IFVG2-004236,2026-07-02 12:00:00-04:00,2026-07-03 03:00:00-04:00,DEACTIVATED_CLOSE_THROUGH,behind_entry
historical,EP-32897-ENTRY_ON_FIRST_CLOSE_OUTSIDE,2026-07-03 00:00:00-04:00,IFVG2-001626,2026-07-02 23:58:00-04:00,2026-07-03 00:00:00-04:00,DEACTIVATED_OVERSHOOT_LIMIT,same_direction
historical,EP-32897-ENTRY_ON_MINIMAL_WICK_REJECTION,2026-07-03 00:00:00-04:00,IFVG2-001626,2026-07-02 23:58:00-04:00,2026-07-03 00:00:00-04:00,DEACTIVATED_OVERSHOOT_LIMIT,same_direction
historical,EP-32897-ENTRY_ON_IMMEDIATE_DISPLACEMENT,2026-07-03 00:00:00-04:00,IFVG2-001626,2026-07-02 23:58:00-04:00,2026-07-03 00:00:00-04:00,DEACTIVATED_OVERSHOOT_LIMIT,same_direction
historical,EP-32897-ENTRY_ON_NEW_FVG,2026-07-03 00:30:00-04:00,IFVG2-004205,2026-06-09 11:00:00-04:00,2026-06-11 21:00:00-04:00,DEACTIVATED_CLOSE_THROUGH,inactive_or_traversed
historical,EP-32898-ENTRY_ON_TAP,2026-07-03 00:00:00-04:00,IFVG2-001626,2026-07-02 23:58:00-04:00,2026-07-03 00:00:00-04:00,DEACTIVATED_OVERSHOOT_LIMIT,same_direction
historical,EP-32898-ENTRY_ON_FIRST_CLOSE_OUTSIDE,2026-07-03 00:30:00-04:00,IFVG2-004205,2026-06-09 11:00:00-04:00,2026-06-11 21:00:00-04:00,DEACTIVATED_CLOSE_THROUGH,inactive_or_traversed
historical,EP-32898-ENTRY_ON_NEW_FVG,2026-07-03 00:30:00-04:00,IFVG2-004205,2026-06-09 11:00:00-04:00,2026-06-11 21:00:00-04:00,DEACTIVATED_CLOSE_THROUGH,inactive_or_traversed
historical,EP-32899-ENTRY_ON_TAP,2026-07-03 00:00:00-04:00,IFVG2-001626,2026-07-02 23:58:00-04:00,2026-07-03 00:00:00-04:00,DEACTIVATED_OVERSHOOT_LIMIT,same_direction
historical,EP-32899-ENTRY_ON_FIRST_CLOSE_OUTSIDE,2026-07-03 00:30:00-04:00,IFVG2-004205,2026-06-09 11:00:00-04:00,2026-06-11 21:00:00-04:00,DEACTIVATED_CLOSE_THROUGH,inactive_or_traversed
historical,EP-32899-ENTRY_ON_NEW_FVG,2026-07-03 00:30:00-04:00,IFVG2-004205,2026-06-09 11:00:00-04:00,2026-06-11 21:00:00-04:00,DEACTIVATED_CLOSE_THROUGH,inactive_or_traversed
historical,EP-32931-ENTRY_ON_DELAYED_DISPLACEMENT,2026-07-03 00:00:00-04:00,IFVG2-001626,2026-07-02 23:58:00-04:00,2026-07-03 00:00:00-04:00,DEACTIVATED_OVERSHOOT_LIMIT,same_direction
historical,EP-32931-ENTRY_ON_NEW_FVG,2026-07-03 00:03:00-04:00,IFVG2-004224,2026-06-24 04:00:00-04:00,2026-06-24 05:00:00-04:00,DEACTIVATED_CLOSE_THROUGH,inactive_or_traversed
historical,EP-32932-ENTRY_ON_STRONG_REJECTION,2026-07-02 23:59:00-04:00,IFVG2-001626,2026-07-02 23:58:00-04:00,2026-07-03 00:00:00-04:00,DEACTIVATED_OVERSHOOT_LIMIT,same_direction
historical,EP-32932-ENTRY_ON_NEW_IFVG,2026-07-02 23:59:00-04:00,IFVG2-001626,2026-07-02 23:58:00-04:00,2026-07-03 00:00:00-04:00,DEACTIVATED_OVERSHOOT_LIMIT,same_direction
historical,EP-32934-ENTRY_ON_STRONG_REJECTION,2026-07-02 23:59:00-04:00,IFVG2-001626,2026-07-02 23:58:00-04:00,2026-07-03 00:00:00-04:00,DEACTIVATED_OVERSHOOT_LIMIT,same_direction
historical,EP-32934-ENTRY_ON_NEW_IFVG,2026-07-02 23:59:00-04:00,IFVG2-001626,2026-07-02 23:58:00-04:00,2026-07-03 00:00:00-04:00,DEACTIVATED_OVERSHOOT_LIMIT,same_direction
historical,EP-32938-ENTRY_ON_IFVG_RETEST,2026-07-03 00:00:00-04:00,IFVG2-001626,2026-07-02 23:58:00-04:00,2026-07-03 00:00:00-04:00,DEACTIVATED_OVERSHOOT_LIMIT,component
historical,EP-32938-ENTRY_ON_FIRST_CLOSE_OUTSIDE,2026-07-03 00:02:00-04:00,IFVG2-001626,2026-07-02 23:58:00-04:00,2026-07-03 00:00:00-04:00,DEACTIVATED_OVERSHOOT_LIMIT,component
historical,EP-32938-ENTRY_ON_DELAYED_DISPLACEMENT,2026-07-03 00:03:00-04:00,IFVG2-004224,2026-06-24 04:00:00-04:00,2026-06-24 05:00:00-04:00,DEACTIVATED_CLOSE_THROUGH,inactive_or_traversed
historical,EP-32938-ENTRY_ON_DELAYED_DISPLACEMENT,2026-07-03 00:03:00-04:00,IFVG2-001626,2026-07-02 23:58:00-04:00,2026-07-03 00:00:00-04:00,DEACTIVATED_OVERSHOOT_LIMIT,component
historical,EP-32941-ENTRY_ON_FIRST_CLOSE_OUTSIDE,2026-07-03 00:12:00-04:00,IFVG2-004224,2026-06-24 04:00:00-04:00,2026-06-24 05:00:00-04:00,DEACTIVATED_CLOSE_THROUGH,inactive_or_traversed
historical,EP-32941-ENTRY_ON_MINIMAL_WICK_REJECTION,2026-07-03 00:12:00-04:00,IFVG2-004224,2026-06-24 04:00:00-04:00,2026-06-24 05:00:00-04:00,DEACTIVATED_CLOSE_THROUGH,inactive_or_traversed
historical,EP-32942-ENTRY_ON_FIRST_CLOSE_OUTSIDE,2026-07-03 00:10:00-04:00,IFVG2-004224,2026-06-24 04:00:00-04:00,2026-06-24 05:00:00-04:00,DEACTIVATED_CLOSE_THROUGH,inactive_or_traversed
historical,EP-32942-ENTRY_ON_MINIMAL_WICK_REJECTION,2026-07-03 00:10:00-04:00,IFVG2-004224,2026-06-24 04:00:00-04:00,2026-06-24 05:00:00-04:00,DEACTIVATED_CLOSE_THROUGH,inactive_or_traversed
historical,EP-32942-ENTRY_ON_DELAYED_DISPLACEMENT,2026-07-03 00:12:00-04:00,IFVG2-004224,2026-06-24 04:00:00-04:00,2026-06-24 05:00:00-04:00,DEACTIVATED_CLOSE_THROUGH,inactive_or_traversed
historical,EP-32943-ENTRY_ON_FIRST_CLOSE_OUTSIDE,2026-07-03 00:12:00-04:00,IFVG2-004224,2026-06-24 04:00:00-04:00,2026-06-24 05:00:00-04:00,DEACTIVATED_CLOSE_THROUGH,inactive_or_traversed
historical,EP-32943-ENTRY_ON_MINIMAL_WICK_REJECTION,2026-07-03 00:12:00-04:00,IFVG2-004224,2026-06-24 04:00:00-04:00,2026-06-24 05:00:00-04:00,DEACTIVATED_CLOSE_THROUGH,inactive_or_traversed
historical,EP-32943-ENTRY_ON_NEW_FVG,2026-07-03 00:18:00-04:00,IFVG2-004236,2026-07-02 12:00:00-04:00,2026-07-03 03:00:00-04:00,DEACTIVATED_CLOSE_THROUGH,behind_entry
historical,EP-32944-ENTRY_ON_FIRST_CLOSE_OUTSIDE,2026-07-03 00:10:00-04:00,IFVG2-004224,2026-06-24 04:00:00-04:00,2026-06-24 05:00:00-04:00,DEACTIVATED_CLOSE_THROUGH,inactive_or_traversed
historical,EP-32944-ENTRY_ON_MINIMAL_WICK_REJECTION,2026-07-03 00:10:00-04:00,IFVG2-004224,2026-06-24 04:00:00-04:00,2026-06-24 05:00:00-04:00,DEACTIVATED_CLOSE_THROUGH,inactive_or_traversed
historical,EP-32944-ENTRY_ON_DELAYED_DISPLACEMENT,2026-07-03 00:12:00-04:00,IFVG2-004224,2026-06-24 04:00:00-04:00,2026-06-24 05:00:00-04:00,DEACTIVATED_CLOSE_THROUGH,inactive_or_traversed
historical,EP-32945-ENTRY_ON_TAP,2026-07-03 00:12:00-04:00,IFVG2-004224,2026-06-24 04:00:00-04:00,2026-06-24 05:00:00-04:00,DEACTIVATED_CLOSE_THROUGH,inactive_or_traversed
historical,EP-32945-ENTRY_ON_NEW_FVG,2026-07-03 00:18:00-04:00,IFVG2-004236,2026-07-02 12:00:00-04:00,2026-07-03 03:00:00-04:00,DEACTIVATED_CLOSE_THROUGH,behind_entry
historical,EP-32947-ENTRY_ON_FIRST_CLOSE_OUTSIDE,2026-07-03 00:12:00-04:00,IFVG2-004224,2026-06-24 04:00:00-04:00,2026-06-24 05:00:00-04:00,DEACTIVATED_CLOSE_THROUGH,inactive_or_traversed
historical,EP-32947-ENTRY_ON_IMMEDIATE_DISPLACEMENT,2026-07-03 00:12:00-04:00,IFVG2-004224,2026-06-24 04:00:00-04:00,2026-06-24 05:00:00-04:00,DEACTIVATED_CLOSE_THROUGH,inactive_or_traversed
historical,EP-32948-ENTRY_ON_FIRST_CLOSE_OUTSIDE,2026-07-03 00:12:00-04:00,IFVG2-004224,2026-06-24 04:00:00-04:00,2026-06-24 05:00:00-04:00,DEACTIVATED_CLOSE_THROUGH,inactive_or_traversed
historical,EP-32948-ENTRY_ON_MINIMAL_WICK_REJECTION,2026-07-03 00:12:00-04:00,IFVG2-004224,2026-06-24 04:00:00-04:00,2026-06-24 05:00:00-04:00,DEACTIVATED_CLOSE_THROUGH,inactive_or_traversed
historical,EP-32948-ENTRY_ON_IMMEDIATE_DISPLACEMENT,2026-07-03 00:12:00-04:00,IFVG2-004224,2026-06-24 04:00:00-04:00,2026-06-24 05:00:00-04:00,DEACTIVATED_CLOSE_THROUGH,inactive_or_traversed
historical,EP-32949-ENTRY_ON_FIRST_CLOSE_OUTSIDE,2026-07-03 00:20:00-04:00,IFVG2-004236,2026-07-02 12:00:00-04:00,2026-07-03 03:00:00-04:00,DEACTIVATED_CLOSE_THROUGH,behind_entry
historical,EP-32949-ENTRY_ON_DELAYED_DISPLACEMENT,2026-07-03 00:40:00-04:00,IFVG2-004205,2026-06-09 11:00:00-04:00,2026-06-11 21:00:00-04:00,DEACTIVATED_CLOSE_THROUGH,inactive_or_traversed
historical,EP-32949-ENTRY_ON_NEW_FVG,2026-07-03 00:20:00-04:00,IFVG2-004236,2026-07-02 12:00:00-04:00,2026-07-03 03:00:00-04:00,DEACTIVATED_CLOSE_THROUGH,behind_entry
historical,EP-32950-ENTRY_ON_FIRST_CLOSE_OUTSIDE,2026-07-03 00:20:00-04:00,IFVG2-004236,2026-07-02 12:00:00-04:00,2026-07-03 03:00:00-04:00,DEACTIVATED_CLOSE_THROUGH,behind_entry
historical,EP-32950-ENTRY_ON_DELAYED_DISPLACEMENT,2026-07-03 00:40:00-04:00,IFVG2-004205,2026-06-09 11:00:00-04:00,2026-06-11 21:00:00-04:00,DEACTIVATED_CLOSE_THROUGH,inactive_or_traversed
historical,EP-32950-ENTRY_ON_NEW_FVG,2026-07-03 00:20:00-04:00,IFVG2-004236,2026-07-02 12:00:00-04:00,2026-07-03 03:00:00-04:00,DEACTIVATED_CLOSE_THROUGH,behind_entry
historical,EP-32951-ENTRY_ON_TAP,2026-07-03 00:12:00-04:00,IFVG2-004224,2026-06-24 04:00:00-04:00,2026-06-24 05:00:00-04:00,DEACTIVATED_CLOSE_THROUGH,inactive_or_traversed
historical,EP-32951-ENTRY_ON_FIRST_CLOSE_OUTSIDE,2026-07-03 00:14:00-04:00,IFVG2-004224,2026-06-24 04:00:00-04:00,2026-06-24 05:00:00-04:00,DEACTIVATED_CLOSE_THROUGH,inactive_or_traversed
historical,EP-32953-ENTRY_ON_TAP,2026-07-03 00:14:00-04:00,IFVG2-004224,2026-06-24 04:00:00-04:00,2026-06-24 05:00:00-04:00,DEACTIVATED_CLOSE_THROUGH,inactive_or_traversed
historical,EP-32955-ENTRY_ON_TAP,2026-07-03 00:17:00-04:00,IFVG2-004236,2026-07-02 12:00:00-04:00,2026-07-03 03:00:00-04:00,DEACTIVATED_CLOSE_THROUGH,behind_entry
historical,EP-32955-ENTRY_ON_FIRST_CLOSE_OUTSIDE,2026-07-03 00:18:00-04:00,IFVG2-004236,2026-07-02 12:00:00-04:00,2026-07-03 03:00:00-04:00,DEACTIVATED_CLOSE_THROUGH,behind_entry
historical,EP-32955-ENTRY_ON_STRONG_REJECTION,2026-07-03 00:25:00-04:00,IFVG2-004236,2026-07-02 12:00:00-04:00,2026-07-03 03:00:00-04:00,DEACTIVATED_CLOSE_THROUGH,behind_entry
historical,EP-32959-ENTRY_ON_FIRST_CLOSE_OUTSIDE,2026-07-03 00:24:00-04:00,IFVG2-004236,2026-07-02 12:00:00-04:00,2026-07-03 03:00:00-04:00,DEACTIVATED_CLOSE_THROUGH,behind_entry
historical,EP-32959-ENTRY_ON_STRONG_REJECTION,2026-07-03 00:25:00-04:00,IFVG2-004236,2026-07-02 12:00:00-04:00,2026-07-03 03:00:00-04:00,DEACTIVATED_CLOSE_THROUGH,behind_entry
historical,EP-32959-ENTRY_ON_DELAYED_DISPLACEMENT,2026-07-03 00:27:00-04:00,IFVG2-004236,2026-07-02 12:00:00-04:00,2026-07-03 03:00:00-04:00,DEACTIVATED_CLOSE_THROUGH,behind_entry
historical,EP-32959-ENTRY_ON_NEW_FVG,2026-07-03 00:29:00-04:00,IFVG2-004236,2026-07-02 12:00:00-04:00,2026-07-03 03:00:00-04:00,DEACTIVATED_CLOSE_THROUGH,behind_entry
historical,EP-32962-ENTRY_ON_TAP,2026-07-03 00:25:00-04:00,IFVG2-004236,2026-07-02 12:00:00-04:00,2026-07-03 03:00:00-04:00,DEACTIVATED_CLOSE_THROUGH,behind_entry
historical,EP-32962-ENTRY_ON_FIRST_CLOSE_OUTSIDE,2026-07-03 00:27:00-04:00,IFVG2-004236,2026-07-02 12:00:00-04:00,2026-07-03 03:00:00-04:00,DEACTIVATED_CLOSE_THROUGH,behind_entry
historical,EP-32962-ENTRY_ON_MINIMAL_WICK_REJECTION,2026-07-03 00:27:00-04:00,IFVG2-004236,2026-07-02 12:00:00-04:00,2026-07-03 03:00:00-04:00,DEACTIVATED_CLOSE_THROUGH,behind_entry
historical,EP-32962-ENTRY_ON_STRONG_REJECTION,2026-07-03 00:30:00-04:00,IFVG2-004205,2026-06-09 11:00:00-04:00,2026-06-11 21:00:00-04:00,DEACTIVATED_CLOSE_THROUGH,inactive_or_traversed
historical,EP-32962-ENTRY_ON_DELAYED_DISPLACEMENT,2026-07-03 00:27:00-04:00,IFVG2-004236,2026-07-02 12:00:00-04:00,2026-07-03 03:00:00-04:00,DEACTIVATED_CLOSE_THROUGH,behind_entry
historical,EP-32962-ENTRY_ON_NEW_FVG,2026-07-03 00:29:00-04:00,IFVG2-004236,2026-07-02 12:00:00-04:00,2026-07-03 03:00:00-04:00,DEACTIVATED_CLOSE_THROUGH,behind_entry
historical,EP-32965-ENTRY_ON_TAP,2026-07-03 00:30:00-04:00,IFVG2-004205,2026-06-09 11:00:00-04:00,2026-06-11 21:00:00-04:00,DEACTIVATED_CLOSE_THROUGH,inactive_or_traversed
historical,EP-32965-ENTRY_ON_FIRST_CLOSE_OUTSIDE,2026-07-03 00:32:00-04:00,IFVG2-004205,2026-06-09 11:00:00-04:00,2026-06-11 21:00:00-04:00,DEACTIVATED_CLOSE_THROUGH,inactive_or_traversed
historical,EP-32965-ENTRY_ON_MINIMAL_WICK_REJECTION,2026-07-03 00:32:00-04:00,IFVG2-004205,2026-06-09 11:00:00-04:00,2026-06-11 21:00:00-04:00,DEACTIVATED_CLOSE_THROUGH,inactive_or_traversed
historical,EP-32965-ENTRY_ON_DELAYED_DISPLACEMENT,2026-07-03 00:32:00-04:00,IFVG2-004205,2026-06-09 11:00:00-04:00,2026-06-11 21:00:00-04:00,DEACTIVATED_CLOSE_THROUGH,inactive_or_traversed
historical,EP-32967-ENTRY_ON_FIRST_CLOSE_OUTSIDE,2026-07-03 00:32:00-04:00,IFVG2-004205,2026-06-09 11:00:00-04:00,2026-06-11 21:00:00-04:00,DEACTIVATED_CLOSE_THROUGH,inactive_or_traversed
historical,EP-32967-ENTRY_ON_MINIMAL_WICK_REJECTION,2026-07-03 00:32:00-04:00,IFVG2-004205,2026-06-09 11:00:00-04:00,2026-06-11 21:00:00-04:00,DEACTIVATED_CLOSE_THROUGH,inactive_or_traversed
historical,EP-32967-ENTRY_ON_IMMEDIATE_DISPLACEMENT,2026-07-03 00:32:00-04:00,IFVG2-004205,2026-06-09 11:00:00-04:00,2026-06-11 21:00:00-04:00,DEACTIVATED_CLOSE_THROUGH,inactive_or_traversed
historical,EP-32969-ENTRY_ON_TAP,2026-07-03 00:33:00-04:00,IFVG2-004205,2026-06-09 11:00:00-04:00,2026-06-11 21:00:00-04:00,DEACTIVATED_CLOSE_THROUGH,inactive_or_traversed
historical,EP-32970-ENTRY_ON_FIRST_CLOSE_OUTSIDE,2026-07-03 00:40:00-04:00,IFVG2-004205,2026-06-09 11:00:00-04:00,2026-06-11 21:00:00-04:00,DEACTIVATED_CLOSE_THROUGH,inactive_or_traversed
historical,EP-32970-ENTRY_ON_MINIMAL_WICK_REJECTION,2026-07-03 00:40:00-04:00,IFVG2-004205,2026-06-09 11:00:00-04:00,2026-06-11 21:00:00-04:00,DEACTIVATED_CLOSE_THROUGH,inactive_or_traversed
historical,EP-32970-ENTRY_ON_IMMEDIATE_DISPLACEMENT,2026-07-03 00:40:00-04:00,IFVG2-004205,2026-06-09 11:00:00-04:00,2026-06-11 21:00:00-04:00,DEACTIVATED_CLOSE_THROUGH,inactive_or_traversed
historical,EP-32971-ENTRY_ON_TAP,2026-07-03 00:32:00-04:00,IFVG2-004205,2026-06-09 11:00:00-04:00,2026-06-11 21:00:00-04:00,DEACTIVATED_CLOSE_THROUGH,inactive_or_traversed
historical,EP-32971-ENTRY_ON_FIRST_CLOSE_OUTSIDE,2026-07-03 00:33:00-04:00,IFVG2-004205,2026-06-09 11:00:00-04:00,2026-06-11 21:00:00-04:00,DEACTIVATED_CLOSE_THROUGH,inactive_or_traversed
historical,EP-32975-ENTRY_ON_FIRST_CLOSE_OUTSIDE,2026-07-03 00:42:00-04:00,IFVG2-004205,2026-06-09 11:00:00-04:00,2026-06-11 21:00:00-04:00,DEACTIVATED_CLOSE_THROUGH,inactive_or_traversed
historical,EP-32975-ENTRY_ON_MINIMAL_WICK_REJECTION,2026-07-03 00:42:00-04:00,IFVG2-004205,2026-06-09 11:00:00-04:00,2026-06-11 21:00:00-04:00,DEACTIVATED_CLOSE_THROUGH,inactive_or_traversed
historical,EP-32976-ENTRY_ON_FIRST_CLOSE_OUTSIDE,2026-07-03 00:37:00-04:00,IFVG2-004205,2026-06-09 11:00:00-04:00,2026-06-11 21:00:00-04:00,DEACTIVATED_CLOSE_THROUGH,inactive_or_traversed
historical,EP-32976-ENTRY_ON_DELAYED_DISPLACEMENT,2026-07-03 00:37:00-04:00,IFVG2-004205,2026-06-09 11:00:00-04:00,2026-06-11 21:00:00-04:00,DEACTIVATED_CLOSE_THROUGH,inactive_or_traversed
historical,EP-32977-ENTRY_ON_FIRST_CLOSE_OUTSIDE,2026-07-03 00:37:00-04:00,IFVG2-004205,2026-06-09 11:00:00-04:00,2026-06-11 21:00:00-04:00,DEACTIVATED_CLOSE_THROUGH,inactive_or_traversed
historical,EP-32977-ENTRY_ON_IMMEDIATE_DISPLACEMENT,2026-07-03 00:37:00-04:00,IFVG2-004205,2026-06-09 11:00:00-04:00,2026-06-11 21:00:00-04:00,DEACTIVATED_CLOSE_THROUGH,inactive_or_traversed
historical,EP-32979-ENTRY_ON_TAP,2026-07-03 00:40:00-04:00,IFVG2-004205,2026-06-09 11:00:00-04:00,2026-06-11 21:00:00-04:00,DEACTIVATED_CLOSE_THROUGH,inactive_or_traversed
historical,EP-32988-ENTRY_ON_FIRST_CLOSE_OUTSIDE,2026-07-03 00:52:00-04:00,IFVG2-004205,2026-06-09 11:00:00-04:00,2026-06-11 21:00:00-04:00,DEACTIVATED_CLOSE_THROUGH,inactive_or_traversed
historical,EP-32988-ENTRY_ON_DELAYED_DISPLACEMENT,2026-07-03 00:52:00-04:00,IFVG2-004205,2026-06-09 11:00:00-04:00,2026-06-11 21:00:00-04:00,DEACTIVATED_CLOSE_THROUGH,inactive_or_traversed
historical,EP-32990-ENTRY_ON_FIRST_CLOSE_OUTSIDE,2026-07-03 00:52:00-04:00,IFVG2-004205,2026-06-09 11:00:00-04:00,2026-06-11 21:00:00-04:00,DEACTIVATED_CLOSE_THROUGH,inactive_or_traversed
historical,EP-32990-ENTRY_ON_IMMEDIATE_DISPLACEMENT,2026-07-03 00:52:00-04:00,IFVG2-004205,2026-06-09 11:00:00-04:00,2026-06-11 21:00:00-04:00,DEACTIVATED_CLOSE_THROUGH,inactive_or_traversed
historical,EP-32994-ENTRY_ON_TAP,2026-07-03 00:52:00-04:00,IFVG2-004205,2026-06-09 11:00:00-04:00,2026-06-11 21:00:00-04:00,DEACTIVATED_CLOSE_THROUGH,inactive_or_traversed
historical,EP-33034-ENTRY_ON_FIRST_CLOSE_OUTSIDE,2026-07-03 01:33:00-04:00,IFVG2-003101,2026-07-03 01:27:00-04:00,2026-07-03 01:30:00-04:00,DEACTIVATED_CLOSE_THROUGH,component
historical,EP-33034-ENTRY_ON_MINIMAL_WICK_REJECTION,2026-07-03 01:33:00-04:00,IFVG2-003101,2026-07-03 01:27:00-04:00,2026-07-03 01:30:00-04:00,DEACTIVATED_CLOSE_THROUGH,component
historical,EP-33034-ENTRY_ON_IMMEDIATE_DISPLACEMENT,2026-07-03 01:33:00-04:00,IFVG2-003101,2026-07-03 01:27:00-04:00,2026-07-03 01:30:00-04:00,DEACTIVATED_CLOSE_THROUGH,component
historical,EP-33068-ENTRY_ON_IFVG_RETEST,2026-07-03 02:02:00-04:00,IFVG2-001629,2026-07-03 02:00:00-04:00,2026-07-03 02:01:00-04:00,DEACTIVATED_OVERSHOOT_LIMIT,component
historical,EP-33068-ENTRY_ON_FIRST_CLOSE_OUTSIDE,2026-07-03 02:03:00-04:00,IFVG2-001629,2026-07-03 02:00:00-04:00,2026-07-03 02:01:00-04:00,DEACTIVATED_OVERSHOOT_LIMIT,component
historical,EP-33068-ENTRY_ON_IMMEDIATE_DISPLACEMENT,2026-07-03 02:03:00-04:00,IFVG2-001629,2026-07-03 02:00:00-04:00,2026-07-03 02:01:00-04:00,DEACTIVATED_OVERSHOOT_LIMIT,component
historical,EP-33068-ENTRY_ON_DELAYED_DISPLACEMENT,2026-07-03 02:04:00-04:00,IFVG2-001629,2026-07-03 02:00:00-04:00,2026-07-03 02:01:00-04:00,DEACTIVATED_OVERSHOOT_LIMIT,component
historical,EP-33068-ENTRY_ON_NEW_FVG,2026-07-03 02:05:00-04:00,IFVG2-001629,2026-07-03 02:00:00-04:00,2026-07-03 02:01:00-04:00,DEACTIVATED_OVERSHOOT_LIMIT,component
historical,EP-33073-ENTRY_ON_TAP,2026-07-03 02:09:00-04:00,IFVG2-004203,2026-06-09 03:58:00-04:00,2026-06-09 04:59:00-04:00,DEACTIVATED_CLOSE_THROUGH,inactive_or_traversed
historical,EP-33531-ENTRY_ON_MINIMAL_WICK_REJECTION,2026-07-03 09:24:00-04:00,IFVG2-001667,2026-07-03 09:05:00-04:00,2026-07-03 09:20:00-04:00,DEACTIVATED_CLOSE_THROUGH,same_direction
historical,EP-33553-ENTRY_ON_TAP,2026-07-03 09:24:00-04:00,IFVG2-001667,2026-07-03 09:05:00-04:00,2026-07-03 09:20:00-04:00,DEACTIVATED_CLOSE_THROUGH,same_direction
historical,EP-33792-ENTRY_ON_FIRST_CLOSE_OUTSIDE,2026-07-05 18:03:00-04:00,IFVG2-003116,2026-07-03 12:57:00-04:00,2026-07-03 13:00:00-04:00,DEACTIVATED_CLOSE_THROUGH,component
historical,EP-33792-ENTRY_ON_MINIMAL_WICK_REJECTION,2026-07-05 18:03:00-04:00,IFVG2-003116,2026-07-03 12:57:00-04:00,2026-07-03 13:00:00-04:00,DEACTIVATED_CLOSE_THROUGH,component
historical,EP-33945-ENTRY_ON_TAP,2026-07-05 20:05:00-04:00,IFVG2-003118,2026-07-05 19:03:00-04:00,2026-07-05 19:06:00-04:00,DEACTIVATED_OVERSHOOT_LIMIT,same_direction
historical,EP-33949-ENTRY_ON_STRONG_REJECTION,2026-07-05 20:05:00-04:00,IFVG2-003118,2026-07-05 19:03:00-04:00,2026-07-05 19:06:00-04:00,DEACTIVATED_OVERSHOOT_LIMIT,same_direction
historical,EP-33949-ENTRY_ON_DELAYED_DISPLACEMENT,2026-07-05 20:05:00-04:00,IFVG2-003118,2026-07-05 19:03:00-04:00,2026-07-05 19:06:00-04:00,DEACTIVATED_OVERSHOOT_LIMIT,same_direction
historical,EP-33950-ENTRY_ON_STRONG_REJECTION,2026-07-05 20:05:00-04:00,IFVG2-003118,2026-07-05 19:03:00-04:00,2026-07-05 19:06:00-04:00,DEACTIVATED_OVERSHOOT_LIMIT,same_direction
historical,EP-33950-ENTRY_ON_DELAYED_DISPLACEMENT,2026-07-05 20:05:00-04:00,IFVG2-003118,2026-07-05 19:03:00-04:00,2026-07-05 19:06:00-04:00,DEACTIVATED_OVERSHOOT_LIMIT,same_direction
historical,EP-33986-ENTRY_ON_TAP,2026-07-05 20:34:00-04:00,IFVG2-003110,2026-07-03 06:24:00-04:00,2026-07-03 06:27:00-04:00,DEACTIVATED_CLOSE_THROUGH,inactive_or_traversed
historical,EP-34042-ENTRY_ON_DELAYED_DISPLACEMENT,2026-07-05 21:12:00-04:00,IFVG2-003121,2026-07-05 21:06:00-04:00,2026-07-06 05:06:00-04:00,EXPIRED_ACTIVE_8H,component
historical,EP-34043-ENTRY_ON_IFVG_RETEST,2026-07-05 21:12:00-04:00,IFVG2-003121,2026-07-05 21:06:00-04:00,2026-07-06 05:06:00-04:00,EXPIRED_ACTIVE_8H,component
historical,EP-34046-ENTRY_ON_FIRST_CLOSE_OUTSIDE,2026-07-05 21:15:00-04:00,IFVG2-003790,2026-07-03 07:15:00-04:00,2026-07-03 07:30:00-04:00,DEACTIVATED_CLOSE_THROUGH,inactive_or_traversed
historical,EP-34046-ENTRY_ON_FIRST_CLOSE_OUTSIDE,2026-07-05 21:15:00-04:00,IFVG2-001685,2026-07-05 21:10:00-04:00,2026-07-05 21:13:00-04:00,DEACTIVATED_OVERSHOOT_LIMIT,component
historical,EP-34046-ENTRY_ON_MINIMAL_WICK_REJECTION,2026-07-05 21:15:00-04:00,IFVG2-003790,2026-07-03 07:15:00-04:00,2026-07-03 07:30:00-04:00,DEACTIVATED_CLOSE_THROUGH,inactive_or_traversed
historical,EP-34046-ENTRY_ON_MINIMAL_WICK_REJECTION,2026-07-05 21:15:00-04:00,IFVG2-001685,2026-07-05 21:10:00-04:00,2026-07-05 21:13:00-04:00,DEACTIVATED_OVERSHOOT_LIMIT,component
historical,EP-34046-ENTRY_ON_IMMEDIATE_DISPLACEMENT,2026-07-05 21:15:00-04:00,IFVG2-003790,2026-07-03 07:15:00-04:00,2026-07-03 07:30:00-04:00,DEACTIVATED_CLOSE_THROUGH,inactive_or_traversed
historical,EP-34046-ENTRY_ON_IMMEDIATE_DISPLACEMENT,2026-07-05 21:15:00-04:00,IFVG2-001685,2026-07-05 21:10:00-04:00,2026-07-05 21:13:00-04:00,DEACTIVATED_OVERSHOOT_LIMIT,component
historical,EP-34790-ENTRY_ON_DELAYED_DISPLACEMENT,2026-07-06 09:00:00-04:00,IFVG2-004234,2026-07-02 03:00:00-04:00,2026-07-02 05:00:00-04:00,DEACTIVATED_CLOSE_THROUGH,inactive_or_traversed
historical,EP-34826-ENTRY_ON_NEW_FVG,2026-07-06 08:15:00-04:00,IFVG2-004234,2026-07-02 03:00:00-04:00,2026-07-02 05:00:00-04:00,DEACTIVATED_CLOSE_THROUGH,inactive_or_traversed
historical,EP-34840-ENTRY_ON_FIRST_CLOSE_OUTSIDE,2026-07-06 07:50:00-04:00,IFVG2-001724,2026-07-06 07:45:00-04:00,2026-07-06 07:48:00-04:00,DEACTIVATED_OVERSHOOT_LIMIT,component
historical,EP-34851-ENTRY_ON_NEW_FVG,2026-07-06 08:15:00-04:00,IFVG2-004234,2026-07-02 03:00:00-04:00,2026-07-02 05:00:00-04:00,DEACTIVATED_CLOSE_THROUGH,inactive_or_traversed
historical,EP-34862-ENTRY_ON_TAP,2026-07-06 08:04:00-04:00,IFVG2-004202,2026-06-08 11:00:00-04:00,2026-06-08 16:00:00-04:00,DEACTIVATED_CLOSE_THROUGH,inactive_or_traversed
historical,EP-34864-ENTRY_ON_NEW_IFVG,2026-07-06 08:15:00-04:00,IFVG2-004234,2026-07-02 03:00:00-04:00,2026-07-02 05:00:00-04:00,DEACTIVATED_CLOSE_THROUGH,inactive_or_traversed
historical,EP-34867-ENTRY_ON_FIRST_CLOSE_OUTSIDE,2026-07-06 08:15:00-04:00,IFVG2-004234,2026-07-02 03:00:00-04:00,2026-07-02 05:00:00-04:00,DEACTIVATED_CLOSE_THROUGH,inactive_or_traversed
historical,EP-34867-ENTRY_ON_DELAYED_DISPLACEMENT,2026-07-06 08:15:00-04:00,IFVG2-004234,2026-07-02 03:00:00-04:00,2026-07-02 05:00:00-04:00,DEACTIVATED_CLOSE_THROUGH,inactive_or_traversed
historical,EP-34867-ENTRY_ON_NEW_IFVG,2026-07-06 08:15:00-04:00,IFVG2-004234,2026-07-02 03:00:00-04:00,2026-07-02 05:00:00-04:00,DEACTIVATED_CLOSE_THROUGH,inactive_or_traversed
historical,EP-34873-ENTRY_ON_DELAYED_DISPLACEMENT,2026-07-06 09:00:00-04:00,IFVG2-004234,2026-07-02 03:00:00-04:00,2026-07-02 05:00:00-04:00,DEACTIVATED_CLOSE_THROUGH,inactive_or_traversed
historical,EP-34877-ENTRY_ON_NEW_FVG,2026-07-06 09:00:00-04:00,IFVG2-004234,2026-07-02 03:00:00-04:00,2026-07-02 05:00:00-04:00,DEACTIVATED_CLOSE_THROUGH,inactive_or_traversed
historical,EP-34919-ENTRY_ON_FIRST_CLOSE_OUTSIDE,2026-07-06 08:55:00-04:00,IFVG2-004234,2026-07-02 03:00:00-04:00,2026-07-02 05:00:00-04:00,DEACTIVATED_CLOSE_THROUGH,inactive_or_traversed
historical,EP-34919-ENTRY_ON_IMMEDIATE_DISPLACEMENT,2026-07-06 08:55:00-04:00,IFVG2-004234,2026-07-02 03:00:00-04:00,2026-07-02 05:00:00-04:00,DEACTIVATED_CLOSE_THROUGH,inactive_or_traversed
historical,EP-34919-ENTRY_ON_NEW_FVG,2026-07-06 09:00:00-04:00,IFVG2-004234,2026-07-02 03:00:00-04:00,2026-07-02 05:00:00-04:00,DEACTIVATED_CLOSE_THROUGH,inactive_or_traversed
historical,EP-34927-ENTRY_ON_DELAYED_DISPLACEMENT,2026-07-06 08:59:00-04:00,IFVG2-004234,2026-07-02 03:00:00-04:00,2026-07-02 05:00:00-04:00,DEACTIVATED_CLOSE_THROUGH,inactive_or_traversed
historical,EP-34927-ENTRY_ON_DELAYED_DISPLACEMENT,2026-07-06 08:59:00-04:00,IFVG2-001730,2026-07-06 08:54:00-04:00,2026-07-06 09:01:00-04:00,DEACTIVATED_CLOSE_THROUGH,component
historical,EP-34927-ENTRY_ON_NEW_FVG,2026-07-06 09:00:00-04:00,IFVG2-004234,2026-07-02 03:00:00-04:00,2026-07-02 05:00:00-04:00,DEACTIVATED_CLOSE_THROUGH,inactive_or_traversed
historical,EP-34927-ENTRY_ON_NEW_FVG,2026-07-06 09:00:00-04:00,IFVG2-001730,2026-07-06 08:54:00-04:00,2026-07-06 09:01:00-04:00,DEACTIVATED_CLOSE_THROUGH,component
historical,EP-34928-ENTRY_ON_DELAYED_DISPLACEMENT,2026-07-06 08:59:00-04:00,IFVG2-004234,2026-07-02 03:00:00-04:00,2026-07-02 05:00:00-04:00,DEACTIVATED_CLOSE_THROUGH,inactive_or_traversed
historical,EP-34928-ENTRY_ON_NEW_FVG,2026-07-06 09:00:00-04:00,IFVG2-004234,2026-07-02 03:00:00-04:00,2026-07-02 05:00:00-04:00,DEACTIVATED_CLOSE_THROUGH,inactive_or_traversed
historical,EP-34997-ENTRY_ON_FIRST_CLOSE_OUTSIDE,2026-07-06 09:45:00-04:00,IFVG2-003804,2026-07-06 09:35:00-04:00,2026-07-06 09:40:00-04:00,DEACTIVATED_OVERSHOOT_LIMIT,component
historical,EP-34997-ENTRY_ON_MINIMAL_WICK_REJECTION,2026-07-06 09:45:00-04:00,IFVG2-003804,2026-07-06 09:35:00-04:00,2026-07-06 09:40:00-04:00,DEACTIVATED_OVERSHOOT_LIMIT,component
historical,EP-34997-ENTRY_ON_STRONG_REJECTION,2026-07-06 09:45:00-04:00,IFVG2-003804,2026-07-06 09:35:00-04:00,2026-07-06 09:40:00-04:00,DEACTIVATED_OVERSHOOT_LIMIT,component
historical,EP-34997-ENTRY_ON_IMMEDIATE_DISPLACEMENT,2026-07-06 09:45:00-04:00,IFVG2-003804,2026-07-06 09:35:00-04:00,2026-07-06 09:40:00-04:00,DEACTIVATED_OVERSHOOT_LIMIT,component
historical,EP-35021-ENTRY_ON_IFVG_RETEST,2026-07-06 09:54:00-04:00,IFVG2-001736,2026-07-06 09:52:00-04:00,2026-07-06 09:53:00-04:00,DEACTIVATED_OVERSHOOT_LIMIT,component
historical,EP-35030-ENTRY_ON_DELAYED_DISPLACEMENT,2026-07-06 10:15:00-04:00,IFVG2-004235,2026-07-02 11:00:00-04:00,2026-07-06 11:00:00-04:00,DEACTIVATED_CLOSE_THROUGH,behind_entry
historical,EP-35040-ENTRY_ON_STRONG_REJECTION,2026-07-06 10:13:00-04:00,IFVG2-004216,2026-06-17 16:00:00-04:00,2026-06-17 19:00:00-04:00,DEACTIVATED_CLOSE_THROUGH,inactive_or_traversed
historical,EP-35040-ENTRY_ON_STRONG_REJECTION,2026-07-06 10:13:00-04:00,IFVG2-004235,2026-07-02 11:00:00-04:00,2026-07-06 11:00:00-04:00,DEACTIVATED_CLOSE_THROUGH,behind_entry
historical,EP-35042-ENTRY_ON_TAP,2026-07-06 10:13:00-04:00,IFVG2-004216,2026-06-17 16:00:00-04:00,2026-06-17 19:00:00-04:00,DEACTIVATED_CLOSE_THROUGH,inactive_or_traversed
historical,EP-35042-ENTRY_ON_TAP,2026-07-06 10:13:00-04:00,IFVG2-004235,2026-07-02 11:00:00-04:00,2026-07-06 11:00:00-04:00,DEACTIVATED_CLOSE_THROUGH,behind_entry
historical,EP-35042-ENTRY_ON_FIRST_CLOSE_OUTSIDE,2026-07-06 10:14:00-04:00,IFVG2-004235,2026-07-02 11:00:00-04:00,2026-07-06 11:00:00-04:00,DEACTIVATED_CLOSE_THROUGH,behind_entry
historical,EP-35044-ENTRY_ON_TAP,2026-07-06 10:15:00-04:00,IFVG2-004235,2026-07-02 11:00:00-04:00,2026-07-06 11:00:00-04:00,DEACTIVATED_CLOSE_THROUGH,behind_entry
historical,EP-35044-ENTRY_ON_FIRST_CLOSE_OUTSIDE,2026-07-06 10:16:00-04:00,IFVG2-004235,2026-07-02 11:00:00-04:00,2026-07-06 11:00:00-04:00,DEACTIVATED_CLOSE_THROUGH,behind_entry
historical,EP-35044-ENTRY_ON_MINIMAL_WICK_REJECTION,2026-07-06 10:16:00-04:00,IFVG2-004235,2026-07-02 11:00:00-04:00,2026-07-06 11:00:00-04:00,DEACTIVATED_CLOSE_THROUGH,behind_entry
historical,EP-35047-ENTRY_ON_TAP,2026-07-06 10:18:00-04:00,IFVG2-004235,2026-07-02 11:00:00-04:00,2026-07-06 11:00:00-04:00,DEACTIVATED_CLOSE_THROUGH,behind_entry
historical,EP-35048-ENTRY_ON_TAP,2026-07-06 10:19:00-04:00,IFVG2-004216,2026-06-17 16:00:00-04:00,2026-06-17 19:00:00-04:00,DEACTIVATED_CLOSE_THROUGH,inactive_or_traversed
historical,EP-35048-ENTRY_ON_TAP,2026-07-06 10:19:00-04:00,IFVG2-004235,2026-07-02 11:00:00-04:00,2026-07-06 11:00:00-04:00,DEACTIVATED_CLOSE_THROUGH,behind_entry
historical,EP-35078-ENTRY_ON_DELAYED_DISPLACEMENT,2026-07-06 10:51:00-04:00,IFVG2-004229,2026-06-25 10:00:00-04:00,2026-06-29 21:00:00-04:00,DEACTIVATED_OVERSHOOT_LIMIT,inactive_or_traversed
historical,EP-35079-ENTRY_ON_DELAYED_DISPLACEMENT,2026-07-06 10:51:00-04:00,IFVG2-004229,2026-06-25 10:00:00-04:00,2026-06-29 21:00:00-04:00,DEACTIVATED_OVERSHOOT_LIMIT,inactive_or_traversed
historical,EP-35108-ENTRY_ON_TAP,2026-07-06 11:30:00-04:00,IFVG2-004229,2026-06-25 10:00:00-04:00,2026-06-29 21:00:00-04:00,DEACTIVATED_OVERSHOOT_LIMIT,inactive_or_traversed
historical,EP-35115-ENTRY_ON_FIRST_CLOSE_OUTSIDE,2026-07-06 11:30:00-04:00,IFVG2-004229,2026-06-25 10:00:00-04:00,2026-06-29 21:00:00-04:00,DEACTIVATED_OVERSHOOT_LIMIT,inactive_or_traversed
historical,EP-35115-ENTRY_ON_IMMEDIATE_DISPLACEMENT,2026-07-06 11:30:00-04:00,IFVG2-004229,2026-06-25 10:00:00-04:00,2026-06-29 21:00:00-04:00,DEACTIVATED_OVERSHOOT_LIMIT,inactive_or_traversed
historical,EP-35118-ENTRY_ON_FIRST_CLOSE_OUTSIDE,2026-07-06 11:30:00-04:00,IFVG2-004229,2026-06-25 10:00:00-04:00,2026-06-29 21:00:00-04:00,DEACTIVATED_OVERSHOOT_LIMIT,inactive_or_traversed
historical,EP-35118-ENTRY_ON_FIRST_CLOSE_OUTSIDE,2026-07-06 11:30:00-04:00,IFVG2-003144,2026-07-06 11:24:00-04:00,2026-07-06 12:57:00-04:00,DEACTIVATED_OVERSHOOT_LIMIT,component
historical,EP-35118-ENTRY_ON_IMMEDIATE_DISPLACEMENT,2026-07-06 11:30:00-04:00,IFVG2-004229,2026-06-25 10:00:00-04:00,2026-06-29 21:00:00-04:00,DEACTIVATED_OVERSHOOT_LIMIT,inactive_or_traversed
historical,EP-35118-ENTRY_ON_IMMEDIATE_DISPLACEMENT,2026-07-06 11:30:00-04:00,IFVG2-003144,2026-07-06 11:24:00-04:00,2026-07-06 12:57:00-04:00,DEACTIVATED_OVERSHOOT_LIMIT,component
historical,EP-35118-ENTRY_ON_DELAYED_DISPLACEMENT,2026-07-06 11:39:00-04:00,IFVG2-004229,2026-06-25 10:00:00-04:00,2026-06-29 21:00:00-04:00,DEACTIVATED_OVERSHOOT_LIMIT,inactive_or_traversed
historical,EP-35118-ENTRY_ON_DELAYED_DISPLACEMENT,2026-07-06 11:39:00-04:00,IFVG2-003144,2026-07-06 11:24:00-04:00,2026-07-06 12:57:00-04:00,DEACTIVATED_OVERSHOOT_LIMIT,component
historical,EP-35118-ENTRY_ON_NEW_FVG,2026-07-06 11:30:00-04:00,IFVG2-004229,2026-06-25 10:00:00-04:00,2026-06-29 21:00:00-04:00,DEACTIVATED_OVERSHOOT_LIMIT,inactive_or_traversed
historical,EP-35118-ENTRY_ON_NEW_FVG,2026-07-06 11:30:00-04:00,IFVG2-003144,2026-07-06 11:24:00-04:00,2026-07-06 12:57:00-04:00,DEACTIVATED_OVERSHOOT_LIMIT,component
historical,EP-35120-ENTRY_ON_FIRST_CLOSE_OUTSIDE,2026-07-06 11:30:00-04:00,IFVG2-004229,2026-06-25 10:00:00-04:00,2026-06-29 21:00:00-04:00,DEACTIVATED_OVERSHOOT_LIMIT,inactive_or_traversed
historical,EP-35120-ENTRY_ON_IMMEDIATE_DISPLACEMENT,2026-07-06 11:30:00-04:00,IFVG2-004229,2026-06-25 10:00:00-04:00,2026-06-29 21:00:00-04:00,DEACTIVATED_OVERSHOOT_LIMIT,inactive_or_traversed
historical,EP-35120-ENTRY_ON_DELAYED_DISPLACEMENT,2026-07-06 11:32:00-04:00,IFVG2-004229,2026-06-25 10:00:00-04:00,2026-06-29 21:00:00-04:00,DEACTIVATED_OVERSHOOT_LIMIT,inactive_or_traversed
historical,EP-35122-ENTRY_ON_TAP,2026-07-06 11:32:00-04:00,IFVG2-004229,2026-06-25 10:00:00-04:00,2026-06-29 21:00:00-04:00,DEACTIVATED_OVERSHOOT_LIMIT,inactive_or_traversed
historical,EP-35122-ENTRY_ON_FIRST_CLOSE_OUTSIDE,2026-07-06 11:34:00-04:00,IFVG2-004229,2026-06-25 10:00:00-04:00,2026-06-29 21:00:00-04:00,DEACTIVATED_OVERSHOOT_LIMIT,inactive_or_traversed
historical,EP-35123-ENTRY_ON_TAP,2026-07-06 11:34:00-04:00,IFVG2-004229,2026-06-25 10:00:00-04:00,2026-06-29 21:00:00-04:00,DEACTIVATED_OVERSHOOT_LIMIT,inactive_or_traversed
historical,EP-35124-ENTRY_ON_FIRST_CLOSE_OUTSIDE,2026-07-06 11:39:00-04:00,IFVG2-004229,2026-06-25 10:00:00-04:00,2026-06-29 21:00:00-04:00,DEACTIVATED_OVERSHOOT_LIMIT,inactive_or_traversed
historical,EP-35124-ENTRY_ON_MINIMAL_WICK_REJECTION,2026-07-06 11:39:00-04:00,IFVG2-004229,2026-06-25 10:00:00-04:00,2026-06-29 21:00:00-04:00,DEACTIVATED_OVERSHOOT_LIMIT,inactive_or_traversed
historical,EP-35124-ENTRY_ON_IMMEDIATE_DISPLACEMENT,2026-07-06 11:39:00-04:00,IFVG2-004229,2026-06-25 10:00:00-04:00,2026-06-29 21:00:00-04:00,DEACTIVATED_OVERSHOOT_LIMIT,inactive_or_traversed
historical,EP-35125-ENTRY_ON_FIRST_CLOSE_OUTSIDE,2026-07-06 11:39:00-04:00,IFVG2-004229,2026-06-25 10:00:00-04:00,2026-06-29 21:00:00-04:00,DEACTIVATED_OVERSHOOT_LIMIT,inactive_or_traversed
historical,EP-35125-ENTRY_ON_MINIMAL_WICK_REJECTION,2026-07-06 11:39:00-04:00,IFVG2-004229,2026-06-25 10:00:00-04:00,2026-06-29 21:00:00-04:00,DEACTIVATED_OVERSHOOT_LIMIT,inactive_or_traversed
historical,EP-35125-ENTRY_ON_IMMEDIATE_DISPLACEMENT,2026-07-06 11:39:00-04:00,IFVG2-004229,2026-06-25 10:00:00-04:00,2026-06-29 21:00:00-04:00,DEACTIVATED_OVERSHOOT_LIMIT,inactive_or_traversed
historical,EP-35127-ENTRY_ON_DELAYED_DISPLACEMENT,2026-07-06 11:39:00-04:00,IFVG2-004229,2026-06-25 10:00:00-04:00,2026-06-29 21:00:00-04:00,DEACTIVATED_OVERSHOOT_LIMIT,inactive_or_traversed
historical,EP-35128-ENTRY_ON_DELAYED_DISPLACEMENT,2026-07-06 11:39:00-04:00,IFVG2-004229,2026-06-25 10:00:00-04:00,2026-06-29 21:00:00-04:00,DEACTIVATED_OVERSHOOT_LIMIT,inactive_or_traversed
historical,EP-35134-ENTRY_ON_TAP,2026-07-06 11:39:00-04:00,IFVG2-004229,2026-06-25 10:00:00-04:00,2026-06-29 21:00:00-04:00,DEACTIVATED_OVERSHOOT_LIMIT,inactive_or_traversed
historical,EP-35134-ENTRY_ON_FIRST_CLOSE_OUTSIDE,2026-07-06 11:42:00-04:00,IFVG2-004229,2026-06-25 10:00:00-04:00,2026-06-29 21:00:00-04:00,DEACTIVATED_OVERSHOOT_LIMIT,inactive_or_traversed
historical,EP-35134-ENTRY_ON_MINIMAL_WICK_REJECTION,2026-07-06 11:42:00-04:00,IFVG2-004229,2026-06-25 10:00:00-04:00,2026-06-29 21:00:00-04:00,DEACTIVATED_OVERSHOOT_LIMIT,inactive_or_traversed
historical,EP-35134-ENTRY_ON_DELAYED_DISPLACEMENT,2026-07-06 11:42:00-04:00,IFVG2-004229,2026-06-25 10:00:00-04:00,2026-06-29 21:00:00-04:00,DEACTIVATED_OVERSHOOT_LIMIT,inactive_or_traversed
historical,EP-35135-ENTRY_ON_FIRST_CLOSE_OUTSIDE,2026-07-06 11:42:00-04:00,IFVG2-004229,2026-06-25 10:00:00-04:00,2026-06-29 21:00:00-04:00,DEACTIVATED_OVERSHOOT_LIMIT,inactive_or_traversed
historical,EP-35135-ENTRY_ON_MINIMAL_WICK_REJECTION,2026-07-06 11:42:00-04:00,IFVG2-004229,2026-06-25 10:00:00-04:00,2026-06-29 21:00:00-04:00,DEACTIVATED_OVERSHOOT_LIMIT,inactive_or_traversed
historical,EP-35135-ENTRY_ON_IMMEDIATE_DISPLACEMENT,2026-07-06 11:42:00-04:00,IFVG2-004229,2026-06-25 10:00:00-04:00,2026-06-29 21:00:00-04:00,DEACTIVATED_OVERSHOOT_LIMIT,inactive_or_traversed
historical,EP-35136-ENTRY_ON_FIRST_CLOSE_OUTSIDE,2026-07-06 11:42:00-04:00,IFVG2-004229,2026-06-25 10:00:00-04:00,2026-06-29 21:00:00-04:00,DEACTIVATED_OVERSHOOT_LIMIT,inactive_or_traversed
historical,EP-35136-ENTRY_ON_MINIMAL_WICK_REJECTION,2026-07-06 11:42:00-04:00,IFVG2-004229,2026-06-25 10:00:00-04:00,2026-06-29 21:00:00-04:00,DEACTIVATED_OVERSHOOT_LIMIT,inactive_or_traversed
historical,EP-35136-ENTRY_ON_IMMEDIATE_DISPLACEMENT,2026-07-06 11:42:00-04:00,IFVG2-004229,2026-06-25 10:00:00-04:00,2026-06-29 21:00:00-04:00,DEACTIVATED_OVERSHOOT_LIMIT,inactive_or_traversed
historical,EP-35166-ENTRY_ON_DELAYED_DISPLACEMENT,2026-07-06 12:11:00-04:00,IFVG2-004232,2026-07-01 19:00:00-04:00,2026-07-01 20:00:00-04:00,DEACTIVATED_CLOSE_THROUGH,same_direction
historical,EP-35168-ENTRY_ON_DELAYED_DISPLACEMENT,2026-07-06 12:11:00-04:00,IFVG2-004232,2026-07-01 19:00:00-04:00,2026-07-01 20:00:00-04:00,DEACTIVATED_CLOSE_THROUGH,same_direction
historical,EP-35170-ENTRY_ON_TAP,2026-07-06 12:11:00-04:00,IFVG2-004232,2026-07-01 19:00:00-04:00,2026-07-01 20:00:00-04:00,DEACTIVATED_CLOSE_THROUGH,same_direction
historical,EP-35560-ENTRY_ON_DELAYED_DISPLACEMENT,2026-07-06 19:20:00-04:00,IFVG2-003141,2026-07-06 09:21:00-04:00,2026-07-06 09:33:00-04:00,DEACTIVATED_CLOSE_THROUGH,same_direction
historical,EP-35561-ENTRY_ON_DELAYED_DISPLACEMENT,2026-07-06 19:20:00-04:00,IFVG2-003141,2026-07-06 09:21:00-04:00,2026-07-06 09:33:00-04:00,DEACTIVATED_CLOSE_THROUGH,same_direction
historical,EP-35580-ENTRY_ON_TAP,2026-07-06 19:19:00-04:00,IFVG2-001735,2026-07-06 09:39:00-04:00,2026-07-06 09:40:00-04:00,DEACTIVATED_OVERSHOOT_LIMIT,inactive_or_traversed
historical,EP-35580-ENTRY_ON_FIRST_CLOSE_OUTSIDE,2026-07-06 19:20:00-04:00,IFVG2-003141,2026-07-06 09:21:00-04:00,2026-07-06 09:33:00-04:00,DEACTIVATED_CLOSE_THROUGH,same_direction
historical,EP-35580-ENTRY_ON_IMMEDIATE_DISPLACEMENT,2026-07-06 19:20:00-04:00,IFVG2-003141,2026-07-06 09:21:00-04:00,2026-07-06 09:33:00-04:00,DEACTIVATED_CLOSE_THROUGH,same_direction
historical,EP-35583-ENTRY_ON_TAP,2026-07-06 19:21:00-04:00,IFVG2-003141,2026-07-06 09:21:00-04:00,2026-07-06 09:33:00-04:00,DEACTIVATED_CLOSE_THROUGH,same_direction
historical,EP-35601-ENTRY_ON_DELAYED_DISPLACEMENT,2026-07-06 19:50:00-04:00,IFVG2-003142,2026-07-06 09:27:00-04:00,2026-07-06 09:30:00-04:00,DEACTIVATED_CLOSE_THROUGH,inactive_or_traversed
historical,EP-35601-ENTRY_ON_NEW_FVG,2026-07-06 19:50:00-04:00,IFVG2-003142,2026-07-06 09:27:00-04:00,2026-07-06 09:30:00-04:00,DEACTIVATED_CLOSE_THROUGH,inactive_or_traversed
historical,EP-35617-ENTRY_ON_NEW_FVG,2026-07-06 19:47:00-04:00,IFVG2-003142,2026-07-06 09:27:00-04:00,2026-07-06 09:30:00-04:00,DEACTIVATED_CLOSE_THROUGH,inactive_or_traversed
historical,EP-35618-ENTRY_ON_NEW_FVG,2026-07-06 19:47:00-04:00,IFVG2-003142,2026-07-06 09:27:00-04:00,2026-07-06 09:30:00-04:00,DEACTIVATED_CLOSE_THROUGH,inactive_or_traversed
historical,EP-35632-ENTRY_ON_FIRST_CLOSE_OUTSIDE,2026-07-06 19:58:00-04:00,IFVG2-004240,2026-07-06 03:00:00-04:00,2026-07-06 05:00:00-04:00,DEACTIVATED_OVERSHOOT_LIMIT,inactive_or_traversed
historical,EP-35652-ENTRY_ON_TAP,2026-07-06 20:14:00-04:00,IFVG2-004236,2026-07-02 12:00:00-04:00,2026-07-03 03:00:00-04:00,DEACTIVATED_CLOSE_THROUGH,same_direction
historical,EP-35732-ENTRY_ON_DELAYED_DISPLACEMENT,2026-07-06 21:21:00-04:00,IFVG2-004224,2026-06-24 04:00:00-04:00,2026-06-24 05:00:00-04:00,DEACTIVATED_CLOSE_THROUGH,same_direction
historical,EP-36000-ENTRY_ON_FIRST_CLOSE_OUTSIDE,2026-07-07 00:57:00-04:00,IFVG2-004237,2026-07-02 19:00:00-04:00,2026-07-07 10:00:00-04:00,DEACTIVATED_CLOSE_THROUGH,behind_entry
historical,EP-36000-ENTRY_ON_MINIMAL_WICK_REJECTION,2026-07-07 01:03:00-04:00,IFVG2-004237,2026-07-02 19:00:00-04:00,2026-07-07 10:00:00-04:00,DEACTIVATED_CLOSE_THROUGH,behind_entry
historical,EP-36000-ENTRY_ON_STRONG_REJECTION,2026-07-07 01:15:00-04:00,IFVG2-004237,2026-07-02 19:00:00-04:00,2026-07-07 10:00:00-04:00,DEACTIVATED_CLOSE_THROUGH,behind_entry
historical,EP-36000-ENTRY_ON_DELAYED_DISPLACEMENT,2026-07-07 01:03:00-04:00,IFVG2-004237,2026-07-02 19:00:00-04:00,2026-07-07 10:00:00-04:00,DEACTIVATED_CLOSE_THROUGH,behind_entry
historical,EP-36003-ENTRY_ON_FIRST_CLOSE_OUTSIDE,2026-07-07 01:05:00-04:00,IFVG2-004237,2026-07-02 19:00:00-04:00,2026-07-07 10:00:00-04:00,DEACTIVATED_CLOSE_THROUGH,behind_entry
historical,EP-36003-ENTRY_ON_MINIMAL_WICK_REJECTION,2026-07-07 01:05:00-04:00,IFVG2-004237,2026-07-02 19:00:00-04:00,2026-07-07 10:00:00-04:00,DEACTIVATED_CLOSE_THROUGH,behind_entry
historical,EP-36003-ENTRY_ON_IMMEDIATE_DISPLACEMENT,2026-07-07 01:05:00-04:00,IFVG2-004237,2026-07-02 19:00:00-04:00,2026-07-07 10:00:00-04:00,DEACTIVATED_CLOSE_THROUGH,behind_entry
historical,EP-36004-ENTRY_ON_TAP,2026-07-07 00:57:00-04:00,IFVG2-004237,2026-07-02 19:00:00-04:00,2026-07-07 10:00:00-04:00,DEACTIVATED_CLOSE_THROUGH,behind_entry
historical,EP-36006-ENTRY_ON_FIRST_CLOSE_OUTSIDE,2026-07-07 01:03:00-04:00,IFVG2-004237,2026-07-02 19:00:00-04:00,2026-07-07 10:00:00-04:00,DEACTIVATED_CLOSE_THROUGH,behind_entry
historical,EP-36006-ENTRY_ON_MINIMAL_WICK_REJECTION,2026-07-07 01:03:00-04:00,IFVG2-004237,2026-07-02 19:00:00-04:00,2026-07-07 10:00:00-04:00,DEACTIVATED_CLOSE_THROUGH,behind_entry
historical,EP-36006-ENTRY_ON_STRONG_REJECTION,2026-07-07 01:15:00-04:00,IFVG2-004237,2026-07-02 19:00:00-04:00,2026-07-07 10:00:00-04:00,DEACTIVATED_CLOSE_THROUGH,behind_entry
historical,EP-36006-ENTRY_ON_IMMEDIATE_DISPLACEMENT,2026-07-07 01:03:00-04:00,IFVG2-004237,2026-07-02 19:00:00-04:00,2026-07-07 10:00:00-04:00,DEACTIVATED_CLOSE_THROUGH,behind_entry
historical,EP-36007-ENTRY_ON_FIRST_CLOSE_OUTSIDE,2026-07-07 01:02:00-04:00,IFVG2-004237,2026-07-02 19:00:00-04:00,2026-07-07 10:00:00-04:00,DEACTIVATED_CLOSE_THROUGH,behind_entry
historical,EP-36007-ENTRY_ON_DELAYED_DISPLACEMENT,2026-07-07 01:02:00-04:00,IFVG2-004237,2026-07-02 19:00:00-04:00,2026-07-07 10:00:00-04:00,DEACTIVATED_CLOSE_THROUGH,behind_entry
historical,EP-36007-ENTRY_ON_NEW_FVG,2026-07-07 01:03:00-04:00,IFVG2-004237,2026-07-02 19:00:00-04:00,2026-07-07 10:00:00-04:00,DEACTIVATED_CLOSE_THROUGH,behind_entry
historical,EP-36007-ENTRY_ON_NEW_IFVG,2026-07-07 01:02:00-04:00,IFVG2-004237,2026-07-02 19:00:00-04:00,2026-07-07 10:00:00-04:00,DEACTIVATED_CLOSE_THROUGH,behind_entry
historical,EP-36008-ENTRY_ON_FIRST_CLOSE_OUTSIDE,2026-07-07 01:02:00-04:00,IFVG2-004237,2026-07-02 19:00:00-04:00,2026-07-07 10:00:00-04:00,DEACTIVATED_CLOSE_THROUGH,behind_entry
historical,EP-36008-ENTRY_ON_IMMEDIATE_DISPLACEMENT,2026-07-07 01:02:00-04:00,IFVG2-004237,2026-07-02 19:00:00-04:00,2026-07-07 10:00:00-04:00,DEACTIVATED_CLOSE_THROUGH,behind_entry
historical,EP-36008-ENTRY_ON_DELAYED_DISPLACEMENT,2026-07-07 01:03:00-04:00,IFVG2-004237,2026-07-02 19:00:00-04:00,2026-07-07 10:00:00-04:00,DEACTIVATED_CLOSE_THROUGH,behind_entry
historical,EP-36008-ENTRY_ON_NEW_FVG,2026-07-07 01:03:00-04:00,IFVG2-004237,2026-07-02 19:00:00-04:00,2026-07-07 10:00:00-04:00,DEACTIVATED_CLOSE_THROUGH,behind_entry
historical,EP-36008-ENTRY_ON_NEW_IFVG,2026-07-07 01:02:00-04:00,IFVG2-004237,2026-07-02 19:00:00-04:00,2026-07-07 10:00:00-04:00,DEACTIVATED_CLOSE_THROUGH,behind_entry
historical,EP-36010-ENTRY_ON_TAP,2026-07-07 01:05:00-04:00,IFVG2-004237,2026-07-02 19:00:00-04:00,2026-07-07 10:00:00-04:00,DEACTIVATED_CLOSE_THROUGH,behind_entry
historical,EP-36018-ENTRY_ON_TAP,2026-07-07 01:04:00-04:00,IFVG2-004237,2026-07-02 19:00:00-04:00,2026-07-07 10:00:00-04:00,DEACTIVATED_CLOSE_THROUGH,behind_entry
historical,EP-36018-ENTRY_ON_FIRST_CLOSE_OUTSIDE,2026-07-07 01:05:00-04:00,IFVG2-004237,2026-07-02 19:00:00-04:00,2026-07-07 10:00:00-04:00,DEACTIVATED_CLOSE_THROUGH,behind_entry
historical,EP-36018-ENTRY_ON_DELAYED_DISPLACEMENT,2026-07-07 01:06:00-04:00,IFVG2-004228,2026-06-24 17:00:00-04:00,2026-06-25 10:00:00-04:00,DEACTIVATED_CLOSE_THROUGH,inactive_or_traversed
historical,EP-36018-ENTRY_ON_DELAYED_DISPLACEMENT,2026-07-07 01:06:00-04:00,IFVG2-004237,2026-07-02 19:00:00-04:00,2026-07-07 10:00:00-04:00,DEACTIVATED_CLOSE_THROUGH,behind_entry
historical,EP-36020-ENTRY_ON_TAP,2026-07-07 01:07:00-04:00,IFVG2-004237,2026-07-02 19:00:00-04:00,2026-07-07 10:00:00-04:00,DEACTIVATED_CLOSE_THROUGH,behind_entry
historical,EP-36021-ENTRY_ON_TAP,2026-07-07 01:09:00-04:00,IFVG2-004237,2026-07-02 19:00:00-04:00,2026-07-07 10:00:00-04:00,DEACTIVATED_CLOSE_THROUGH,behind_entry
historical,EP-36021-ENTRY_ON_STRONG_REJECTION,2026-07-07 01:15:00-04:00,IFVG2-004237,2026-07-02 19:00:00-04:00,2026-07-07 10:00:00-04:00,DEACTIVATED_CLOSE_THROUGH,behind_entry
historical,EP-36029-ENTRY_ON_TAP,2026-07-07 01:17:00-04:00,IFVG2-004237,2026-07-02 19:00:00-04:00,2026-07-07 10:00:00-04:00,DEACTIVATED_CLOSE_THROUGH,behind_entry
historical,EP-36200-ENTRY_ON_DELAYED_DISPLACEMENT,2026-07-07 03:30:00-04:00,IFVG2-001789,2026-07-07 03:24:00-04:00,2026-07-07 03:25:00-04:00,DEACTIVATED_CLOSE_THROUGH,component
historical,EP-36630-ENTRY_ON_TAP,2026-07-07 09:30:00-04:00,IFVG2-001775,2026-07-07 01:30:00-04:00,2026-07-07 07:35:00-04:00,DEACTIVATED_OVERSHOOT_LIMIT,same_direction
historical,EP-36630-ENTRY_ON_TAP,2026-07-07 09:30:00-04:00,IFVG2-003173,2026-07-07 09:27:00-04:00,2026-07-07 09:33:00-04:00,DEACTIVATED_OVERSHOOT_LIMIT,behind_entry
historical,EP-36651-ENTRY_ON_TAP,2026-07-07 09:30:00-04:00,IFVG2-001775,2026-07-07 01:30:00-04:00,2026-07-07 07:35:00-04:00,DEACTIVATED_OVERSHOOT_LIMIT,same_direction
historical,EP-36651-ENTRY_ON_TAP,2026-07-07 09:30:00-04:00,IFVG2-003173,2026-07-07 09:27:00-04:00,2026-07-07 09:33:00-04:00,DEACTIVATED_OVERSHOOT_LIMIT,behind_entry
historical,EP-36662-ENTRY_ON_IFVG_RETEST,2026-07-07 09:30:00-04:00,IFVG2-003173,2026-07-07 09:27:00-04:00,2026-07-07 09:33:00-04:00,DEACTIVATED_OVERSHOOT_LIMIT,component
historical,EP-36662-ENTRY_ON_IFVG_RETEST,2026-07-07 09:30:00-04:00,IFVG2-004237,2026-07-02 19:00:00-04:00,2026-07-07 10:00:00-04:00,DEACTIVATED_CLOSE_THROUGH,behind_entry
historical,EP-36664-ENTRY_ON_TAP,2026-07-07 09:30:00-04:00,IFVG2-004237,2026-07-02 19:00:00-04:00,2026-07-07 10:00:00-04:00,DEACTIVATED_CLOSE_THROUGH,behind_entry
historical,EP-36665-ENTRY_ON_FIRST_CLOSE_OUTSIDE,2026-07-07 09:33:00-04:00,IFVG2-004237,2026-07-02 19:00:00-04:00,2026-07-07 10:00:00-04:00,DEACTIVATED_CLOSE_THROUGH,behind_entry
historical,EP-36665-ENTRY_ON_MINIMAL_WICK_REJECTION,2026-07-07 09:33:00-04:00,IFVG2-004237,2026-07-02 19:00:00-04:00,2026-07-07 10:00:00-04:00,DEACTIVATED_CLOSE_THROUGH,behind_entry
historical,EP-36665-ENTRY_ON_DELAYED_DISPLACEMENT,2026-07-07 09:33:00-04:00,IFVG2-004237,2026-07-02 19:00:00-04:00,2026-07-07 10:00:00-04:00,DEACTIVATED_CLOSE_THROUGH,behind_entry
historical,EP-36666-ENTRY_ON_FIRST_CLOSE_OUTSIDE,2026-07-07 09:33:00-04:00,IFVG2-004237,2026-07-02 19:00:00-04:00,2026-07-07 10:00:00-04:00,DEACTIVATED_CLOSE_THROUGH,behind_entry
historical,EP-36666-ENTRY_ON_DELAYED_DISPLACEMENT,2026-07-07 09:33:00-04:00,IFVG2-004237,2026-07-02 19:00:00-04:00,2026-07-07 10:00:00-04:00,DEACTIVATED_CLOSE_THROUGH,behind_entry
historical,EP-36670-ENTRY_ON_TAP,2026-07-07 09:33:00-04:00,IFVG2-004237,2026-07-02 19:00:00-04:00,2026-07-07 10:00:00-04:00,DEACTIVATED_CLOSE_THROUGH,behind_entry
historical,EP-36680-ENTRY_ON_TAP,2026-07-07 09:34:00-04:00,IFVG2-004228,2026-06-24 17:00:00-04:00,2026-06-25 10:00:00-04:00,DEACTIVATED_CLOSE_THROUGH,same_direction
historical,EP-36724-ENTRY_ON_FIRST_CLOSE_OUTSIDE,2026-07-07 10:09:00-04:00,IFVG2-004230,2026-06-26 05:00:00-04:00,2026-06-26 06:00:00-04:00,DEACTIVATED_OVERSHOOT_LIMIT,same_direction
historical,EP-36726-ENTRY_ON_NEW_FVG,2026-07-07 10:13:00-04:00,IFVG2-004207,2026-06-09 19:00:00-04:00,2026-06-09 20:00:00-04:00,DEACTIVATED_OVERSHOOT_LIMIT,same_direction
historical,EP-36727-ENTRY_ON_FIRST_CLOSE_OUTSIDE,2026-07-07 10:09:00-04:00,IFVG2-004230,2026-06-26 05:00:00-04:00,2026-06-26 06:00:00-04:00,DEACTIVATED_OVERSHOOT_LIMIT,same_direction
historical,EP-36727-ENTRY_ON_MINIMAL_WICK_REJECTION,2026-07-07 10:09:00-04:00,IFVG2-004230,2026-06-26 05:00:00-04:00,2026-06-26 06:00:00-04:00,DEACTIVATED_OVERSHOOT_LIMIT,same_direction
historical,EP-36727-ENTRY_ON_NEW_FVG,2026-07-07 10:13:00-04:00,IFVG2-004207,2026-06-09 19:00:00-04:00,2026-06-09 20:00:00-04:00,DEACTIVATED_OVERSHOOT_LIMIT,same_direction
historical,EP-36728-ENTRY_ON_FIRST_CLOSE_OUTSIDE,2026-07-07 10:09:00-04:00,IFVG2-004230,2026-06-26 05:00:00-04:00,2026-06-26 06:00:00-04:00,DEACTIVATED_OVERSHOOT_LIMIT,same_direction
historical,EP-36728-ENTRY_ON_NEW_FVG,2026-07-07 10:13:00-04:00,IFVG2-004207,2026-06-09 19:00:00-04:00,2026-06-09 20:00:00-04:00,DEACTIVATED_OVERSHOOT_LIMIT,same_direction
historical,EP-36729-ENTRY_ON_NEW_FVG,2026-07-07 10:13:00-04:00,IFVG2-004207,2026-06-09 19:00:00-04:00,2026-06-09 20:00:00-04:00,DEACTIVATED_OVERSHOOT_LIMIT,same_direction
historical,EP-36730-ENTRY_ON_FIRST_CLOSE_OUTSIDE,2026-07-07 10:15:00-04:00,IFVG2-004199,2026-06-08 01:59:00-04:00,2026-06-08 03:00:00-04:00,DEACTIVATED_CLOSE_THROUGH,same_direction
historical,EP-36730-ENTRY_ON_IMMEDIATE_DISPLACEMENT,2026-07-07 10:15:00-04:00,IFVG2-004199,2026-06-08 01:59:00-04:00,2026-06-08 03:00:00-04:00,DEACTIVATED_CLOSE_THROUGH,same_direction
historical,EP-36730-ENTRY_ON_NEW_FVG,2026-07-07 10:15:00-04:00,IFVG2-004199,2026-06-08 01:59:00-04:00,2026-06-08 03:00:00-04:00,DEACTIVATED_CLOSE_THROUGH,same_direction
historical,EP-36732-ENTRY_ON_DELAYED_DISPLACEMENT,2026-07-07 10:13:00-04:00,IFVG2-004207,2026-06-09 19:00:00-04:00,2026-06-09 20:00:00-04:00,DEACTIVATED_OVERSHOOT_LIMIT,same_direction
historical,EP-36732-ENTRY_ON_NEW_FVG,2026-07-07 10:13:00-04:00,IFVG2-004207,2026-06-09 19:00:00-04:00,2026-06-09 20:00:00-04:00,DEACTIVATED_OVERSHOOT_LIMIT,same_direction
historical,EP-36739-ENTRY_ON_TAP,2026-07-07 10:14:00-04:00,IFVG2-004207,2026-06-09 19:00:00-04:00,2026-06-09 20:00:00-04:00,DEACTIVATED_OVERSHOOT_LIMIT,same_direction
historical,EP-36739-ENTRY_ON_FIRST_CLOSE_OUTSIDE,2026-07-07 10:15:00-04:00,IFVG2-004199,2026-06-08 01:59:00-04:00,2026-06-08 03:00:00-04:00,DEACTIVATED_CLOSE_THROUGH,same_direction
historical,EP-36739-ENTRY_ON_IMMEDIATE_DISPLACEMENT,2026-07-07 10:15:00-04:00,IFVG2-004199,2026-06-08 01:59:00-04:00,2026-06-08 03:00:00-04:00,DEACTIVATED_CLOSE_THROUGH,same_direction
historical,EP-37368-ENTRY_ON_TAP,2026-07-07 20:25:00-04:00,IFVG2-001842,2026-07-07 20:24:00-04:00,2026-07-07 20:29:00-04:00,DEACTIVATED_CLOSE_THROUGH,behind_entry
historical,EP-37404-ENTRY_ON_NEW_FVG,2026-07-07 21:15:00-04:00,IFVG2-004204,2026-06-09 11:00:00-04:00,2026-06-11 16:00:00-04:00,DEACTIVATED_CLOSE_THROUGH,inactive_or_traversed
historical,EP-37416-ENTRY_ON_TAP,2026-07-07 21:15:00-04:00,IFVG2-004204,2026-06-09 11:00:00-04:00,2026-06-11 16:00:00-04:00,DEACTIVATED_CLOSE_THROUGH,inactive_or_traversed
historical,EP-37416-ENTRY_ON_TAP,2026-07-07 21:15:00-04:00,IFVG2-004087,2026-07-07 20:45:00-04:00,2026-07-07 21:45:00-04:00,DEACTIVATED_CLOSE_THROUGH,component
historical,EP-37423-ENTRY_ON_NEW_FVG,2026-07-07 21:14:00-04:00,IFVG2-004204,2026-06-09 11:00:00-04:00,2026-06-11 16:00:00-04:00,DEACTIVATED_CLOSE_THROUGH,inactive_or_traversed
historical,EP-37423-ENTRY_ON_NEW_FVG,2026-07-07 21:14:00-04:00,IFVG2-004087,2026-07-07 20:45:00-04:00,2026-07-07 21:45:00-04:00,DEACTIVATED_CLOSE_THROUGH,component
historical,EP-37425-ENTRY_ON_FIRST_CLOSE_OUTSIDE,2026-07-07 21:15:00-04:00,IFVG2-004204,2026-06-09 11:00:00-04:00,2026-06-11 16:00:00-04:00,DEACTIVATED_CLOSE_THROUGH,inactive_or_traversed
historical,EP-37425-ENTRY_ON_MINIMAL_WICK_REJECTION,2026-07-07 21:15:00-04:00,IFVG2-004204,2026-06-09 11:00:00-04:00,2026-06-11 16:00:00-04:00,DEACTIVATED_CLOSE_THROUGH,inactive_or_traversed
historical,EP-37425-ENTRY_ON_IMMEDIATE_DISPLACEMENT,2026-07-07 21:15:00-04:00,IFVG2-004204,2026-06-09 11:00:00-04:00,2026-06-11 16:00:00-04:00,DEACTIVATED_CLOSE_THROUGH,inactive_or_traversed
historical,EP-37426-ENTRY_ON_FIRST_CLOSE_OUTSIDE,2026-07-07 21:15:00-04:00,IFVG2-004204,2026-06-09 11:00:00-04:00,2026-06-11 16:00:00-04:00,DEACTIVATED_CLOSE_THROUGH,inactive_or_traversed
historical,EP-37426-ENTRY_ON_MINIMAL_WICK_REJECTION,2026-07-07 21:15:00-04:00,IFVG2-004204,2026-06-09 11:00:00-04:00,2026-06-11 16:00:00-04:00,DEACTIVATED_CLOSE_THROUGH,inactive_or_traversed
historical,EP-37426-ENTRY_ON_IMMEDIATE_DISPLACEMENT,2026-07-07 21:15:00-04:00,IFVG2-004204,2026-06-09 11:00:00-04:00,2026-06-11 16:00:00-04:00,DEACTIVATED_CLOSE_THROUGH,inactive_or_traversed
historical,EP-37431-ENTRY_ON_NEW_FVG,2026-07-07 21:14:00-04:00,IFVG2-004204,2026-06-09 11:00:00-04:00,2026-06-11 16:00:00-04:00,DEACTIVATED_CLOSE_THROUGH,inactive_or_traversed
historical,EP-37432-ENTRY_ON_NEW_FVG,2026-07-07 21:14:00-04:00,IFVG2-004204,2026-06-09 11:00:00-04:00,2026-06-11 16:00:00-04:00,DEACTIVATED_CLOSE_THROUGH,inactive_or_traversed
historical,EP-37433-ENTRY_ON_FIRST_CLOSE_OUTSIDE,2026-07-07 21:15:00-04:00,IFVG2-004204,2026-06-09 11:00:00-04:00,2026-06-11 16:00:00-04:00,DEACTIVATED_CLOSE_THROUGH,inactive_or_traversed
historical,EP-37433-ENTRY_ON_IMMEDIATE_DISPLACEMENT,2026-07-07 21:15:00-04:00,IFVG2-004204,2026-06-09 11:00:00-04:00,2026-06-11 16:00:00-04:00,DEACTIVATED_CLOSE_THROUGH,inactive_or_traversed
historical,EP-37433-ENTRY_ON_NEW_FVG,2026-07-07 21:15:00-04:00,IFVG2-004204,2026-06-09 11:00:00-04:00,2026-06-11 16:00:00-04:00,DEACTIVATED_CLOSE_THROUGH,inactive_or_traversed
historical,EP-37665-ENTRY_ON_FIRST_CLOSE_OUTSIDE,2026-07-08 00:11:00-04:00,IFVG2-004086,2026-07-07 20:30:00-04:00,2026-07-07 22:15:00-04:00,DEACTIVATED_CLOSE_THROUGH,inactive_or_traversed
historical,EP-37665-ENTRY_ON_DELAYED_DISPLACEMENT,2026-07-08 00:11:00-04:00,IFVG2-004086,2026-07-07 20:30:00-04:00,2026-07-07 22:15:00-04:00,DEACTIVATED_CLOSE_THROUGH,inactive_or_traversed
historical,EP-37667-ENTRY_ON_FIRST_CLOSE_OUTSIDE,2026-07-08 00:11:00-04:00,IFVG2-004086,2026-07-07 20:30:00-04:00,2026-07-07 22:15:00-04:00,DEACTIVATED_CLOSE_THROUGH,inactive_or_traversed
historical,EP-37667-ENTRY_ON_IMMEDIATE_DISPLACEMENT,2026-07-08 00:11:00-04:00,IFVG2-004086,2026-07-07 20:30:00-04:00,2026-07-07 22:15:00-04:00,DEACTIVATED_CLOSE_THROUGH,inactive_or_traversed
historical,EP-37745-ENTRY_ON_FIRST_CLOSE_OUTSIDE,2026-07-08 01:08:00-04:00,IFVG2-001863,2026-07-08 01:06:00-04:00,2026-07-08 01:08:00-04:00,DEACTIVATED_CLOSE_THROUGH,behind_entry
historical,EP-37745-ENTRY_ON_IMMEDIATE_DISPLACEMENT,2026-07-08 01:08:00-04:00,IFVG2-001863,2026-07-08 01:06:00-04:00,2026-07-08 01:08:00-04:00,DEACTIVATED_CLOSE_THROUGH,behind_entry
historical,EP-37746-ENTRY_ON_FIRST_CLOSE_OUTSIDE,2026-07-08 01:08:00-04:00,IFVG2-001863,2026-07-08 01:06:00-04:00,2026-07-08 01:08:00-04:00,DEACTIVATED_CLOSE_THROUGH,behind_entry
historical,EP-37746-ENTRY_ON_MINIMAL_WICK_REJECTION,2026-07-08 01:08:00-04:00,IFVG2-001863,2026-07-08 01:06:00-04:00,2026-07-08 01:08:00-04:00,DEACTIVATED_CLOSE_THROUGH,behind_entry
historical,EP-37746-ENTRY_ON_IMMEDIATE_DISPLACEMENT,2026-07-08 01:08:00-04:00,IFVG2-001863,2026-07-08 01:06:00-04:00,2026-07-08 01:08:00-04:00,DEACTIVATED_CLOSE_THROUGH,behind_entry
historical,EP-37749-ENTRY_ON_TAP,2026-07-08 01:10:00-04:00,IFVG2-001831,2026-07-07 16:08:00-04:00,2026-07-07 16:09:00-04:00,DEACTIVATED_CLOSE_THROUGH,inactive_or_traversed
historical,EP-37998-ENTRY_ON_FIRST_CLOSE_OUTSIDE,2026-07-08 04:20:00-04:00,IFVG2-001877,2026-07-08 04:16:00-04:00,2026-07-08 04:17:00-04:00,DEACTIVATED_OVERSHOOT_LIMIT,component
historical,EP-37998-ENTRY_ON_DELAYED_DISPLACEMENT,2026-07-08 04:20:00-04:00,IFVG2-001877,2026-07-08 04:16:00-04:00,2026-07-08 04:17:00-04:00,DEACTIVATED_OVERSHOOT_LIMIT,component
historical,EP-37998-ENTRY_ON_NEW_FVG,2026-07-08 04:25:00-04:00,IFVG2-001877,2026-07-08 04:16:00-04:00,2026-07-08 04:17:00-04:00,DEACTIVATED_OVERSHOOT_LIMIT,component
historical,EP-38284-ENTRY_ON_FIRST_CLOSE_OUTSIDE,2026-07-08 08:30:00-04:00,IFVG2-003202,2026-07-08 08:09:00-04:00,2026-07-08 11:18:00-04:00,DEACTIVATED_CLOSE_THROUGH,component
historical,EP-38284-ENTRY_ON_MINIMAL_WICK_REJECTION,2026-07-08 08:30:00-04:00,IFVG2-003202,2026-07-08 08:09:00-04:00,2026-07-08 11:18:00-04:00,DEACTIVATED_CLOSE_THROUGH,component
historical,EP-38284-ENTRY_ON_NEW_IFVG,2026-07-08 08:30:00-04:00,IFVG2-003202,2026-07-08 08:09:00-04:00,2026-07-08 11:18:00-04:00,DEACTIVATED_CLOSE_THROUGH,component
historical,EP-38319-ENTRY_ON_NEW_FVG,2026-07-08 08:44:00-04:00,IFVG2-001892,2026-07-08 08:27:00-04:00,2026-07-08 11:14:00-04:00,DEACTIVATED_CLOSE_THROUGH,component
historical,EP-38363-ENTRY_ON_TAP,2026-07-08 09:13:00-04:00,IFVG2-001894,2026-07-08 08:56:00-04:00,2026-07-08 09:13:00-04:00,DEACTIVATED_OVERSHOOT_LIMIT,component
historical,EP-38416-ENTRY_ON_IFVG_RETEST,2026-07-08 09:42:00-04:00,IFVG2-003198,2026-07-08 04:18:00-04:00,2026-07-08 09:48:00-04:00,DEACTIVATED_OVERSHOOT_LIMIT,component
historical,EP-38418-ENTRY_ON_IFVG_RETEST,2026-07-08 09:41:00-04:00,IFVG2-001876,2026-07-08 04:04:00-04:00,2026-07-08 04:10:00-04:00,DEACTIVATED_CLOSE_THROUGH,same_direction
historical,EP-38418-ENTRY_ON_IFVG_RETEST,2026-07-08 09:41:00-04:00,IFVG2-001880,2026-07-08 04:16:00-04:00,2026-07-08 09:40:00-04:00,DEACTIVATED_OVERSHOOT_LIMIT,component
historical,EP-38420-ENTRY_ON_IFVG_RETEST,2026-07-08 09:42:00-04:00,IFVG2-001881,2026-07-08 04:16:00-04:00,2026-07-08 09:46:00-04:00,DEACTIVATED_OVERSHOOT_LIMIT,component
historical,EP-38470-ENTRY_ON_TAP,2026-07-08 10:22:00-04:00,IFVG2-001864,2026-07-08 01:37:00-04:00,2026-07-08 01:42:00-04:00,DEACTIVATED_CLOSE_THROUGH,same_direction
historical,EP-38651-ENTRY_ON_FIRST_CLOSE_OUTSIDE,2026-07-08 13:08:00-04:00,IFVG2-003833,2026-07-08 03:35:00-04:00,2026-07-08 03:40:00-04:00,DEACTIVATED_CLOSE_THROUGH,same_direction
historical,EP-38661-ENTRY_ON_FIRST_CLOSE_OUTSIDE,2026-07-08 13:21:00-04:00,IFVG2-001875,2026-07-08 03:44:00-04:00,2026-07-08 03:50:00-04:00,DEACTIVATED_CLOSE_THROUGH,same_direction
historical,EP-38661-ENTRY_ON_NEW_FVG,2026-07-08 13:23:00-04:00,IFVG2-004200,2026-06-08 03:59:00-04:00,2026-06-09 11:00:00-04:00,DEACTIVATED_OVERSHOOT_LIMIT,same_direction
historical,EP-38825-ENTRY_ON_NEW_FVG,2026-07-08 20:30:00-04:00,IFVG2-004228,2026-06-24 17:00:00-04:00,2026-06-25 10:00:00-04:00,DEACTIVATED_CLOSE_THROUGH,same_direction
historical,EP-38894-ENTRY_ON_NEW_FVG,2026-07-08 20:30:00-04:00,IFVG2-004228,2026-06-24 17:00:00-04:00,2026-06-25 10:00:00-04:00,DEACTIVATED_CLOSE_THROUGH,same_direction
historical,EP-38967-ENTRY_ON_DELAYED_DISPLACEMENT,2026-07-08 19:45:00-04:00,IFVG2-004237,2026-07-02 19:00:00-04:00,2026-07-07 10:00:00-04:00,DEACTIVATED_CLOSE_THROUGH,same_direction
historical,EP-38967-ENTRY_ON_NEW_FVG,2026-07-08 20:15:00-04:00,IFVG2-004228,2026-06-24 17:00:00-04:00,2026-06-25 10:00:00-04:00,DEACTIVATED_CLOSE_THROUGH,same_direction
historical,EP-38988-ENTRY_ON_DELAYED_DISPLACEMENT,2026-07-08 20:30:00-04:00,IFVG2-004228,2026-06-24 17:00:00-04:00,2026-06-25 10:00:00-04:00,DEACTIVATED_CLOSE_THROUGH,same_direction
historical,EP-38988-ENTRY_ON_NEW_FVG,2026-07-08 20:30:00-04:00,IFVG2-004228,2026-06-24 17:00:00-04:00,2026-06-25 10:00:00-04:00,DEACTIVATED_CLOSE_THROUGH,same_direction
historical,EP-39016-ENTRY_ON_STRONG_REJECTION,2026-07-08 19:45:00-04:00,IFVG2-004237,2026-07-02 19:00:00-04:00,2026-07-07 10:00:00-04:00,DEACTIVATED_CLOSE_THROUGH,same_direction
historical,EP-39016-ENTRY_ON_DELAYED_DISPLACEMENT,2026-07-08 19:36:00-04:00,IFVG2-004237,2026-07-02 19:00:00-04:00,2026-07-07 10:00:00-04:00,DEACTIVATED_CLOSE_THROUGH,same_direction
historical,EP-39016-ENTRY_ON_NEW_IFVG,2026-07-08 19:36:00-04:00,IFVG2-004237,2026-07-02 19:00:00-04:00,2026-07-07 10:00:00-04:00,DEACTIVATED_CLOSE_THROUGH,same_direction
historical,EP-39023-ENTRY_ON_NEW_IFVG,2026-07-08 19:36:00-04:00,IFVG2-004237,2026-07-02 19:00:00-04:00,2026-07-07 10:00:00-04:00,DEACTIVATED_CLOSE_THROUGH,same_direction
historical,EP-39024-ENTRY_ON_FIRST_CLOSE_OUTSIDE,2026-07-08 19:36:00-04:00,IFVG2-004237,2026-07-02 19:00:00-04:00,2026-07-07 10:00:00-04:00,DEACTIVATED_CLOSE_THROUGH,same_direction
historical,EP-39024-ENTRY_ON_STRONG_REJECTION,2026-07-08 19:45:00-04:00,IFVG2-004237,2026-07-02 19:00:00-04:00,2026-07-07 10:00:00-04:00,DEACTIVATED_CLOSE_THROUGH,same_direction
historical,EP-39024-ENTRY_ON_IMMEDIATE_DISPLACEMENT,2026-07-08 19:36:00-04:00,IFVG2-004237,2026-07-02 19:00:00-04:00,2026-07-07 10:00:00-04:00,DEACTIVATED_CLOSE_THROUGH,same_direction
historical,EP-39024-ENTRY_ON_NEW_IFVG,2026-07-08 19:36:00-04:00,IFVG2-004237,2026-07-02 19:00:00-04:00,2026-07-07 10:00:00-04:00,DEACTIVATED_CLOSE_THROUGH,same_direction
historical,EP-39025-ENTRY_ON_DELAYED_DISPLACEMENT,2026-07-08 19:45:00-04:00,IFVG2-004237,2026-07-02 19:00:00-04:00,2026-07-07 10:00:00-04:00,DEACTIVATED_CLOSE_THROUGH,same_direction
historical,EP-39033-ENTRY_ON_TAP,2026-07-08 19:36:00-04:00,IFVG2-004237,2026-07-02 19:00:00-04:00,2026-07-07 10:00:00-04:00,DEACTIVATED_CLOSE_THROUGH,same_direction
historical,EP-39037-ENTRY_ON_DELAYED_DISPLACEMENT,2026-07-08 19:45:00-04:00,IFVG2-004237,2026-07-02 19:00:00-04:00,2026-07-07 10:00:00-04:00,DEACTIVATED_CLOSE_THROUGH,same_direction
historical,EP-39039-ENTRY_ON_DELAYED_DISPLACEMENT,2026-07-08 19:45:00-04:00,IFVG2-004237,2026-07-02 19:00:00-04:00,2026-07-07 10:00:00-04:00,DEACTIVATED_CLOSE_THROUGH,same_direction
historical,EP-39039-ENTRY_ON_NEW_FVG,2026-07-08 19:46:00-04:00,IFVG2-004201,2026-06-08 08:00:00-04:00,2026-06-09 11:00:00-04:00,DEACTIVATED_OVERSHOOT_LIMIT,same_direction
historical,EP-39040-ENTRY_ON_FIRST_CLOSE_OUTSIDE,2026-07-08 19:45:00-04:00,IFVG2-004237,2026-07-02 19:00:00-04:00,2026-07-07 10:00:00-04:00,DEACTIVATED_CLOSE_THROUGH,same_direction
historical,EP-39040-ENTRY_ON_IMMEDIATE_DISPLACEMENT,2026-07-08 19:45:00-04:00,IFVG2-004237,2026-07-02 19:00:00-04:00,2026-07-07 10:00:00-04:00,DEACTIVATED_CLOSE_THROUGH,same_direction
historical,EP-39040-ENTRY_ON_DELAYED_DISPLACEMENT,2026-07-08 19:46:00-04:00,IFVG2-004201,2026-06-08 08:00:00-04:00,2026-06-09 11:00:00-04:00,DEACTIVATED_OVERSHOOT_LIMIT,same_direction
historical,EP-39040-ENTRY_ON_NEW_FVG,2026-07-08 19:46:00-04:00,IFVG2-004201,2026-06-08 08:00:00-04:00,2026-06-09 11:00:00-04:00,DEACTIVATED_OVERSHOOT_LIMIT,same_direction
historical,EP-39046-ENTRY_ON_DELAYED_DISPLACEMENT,2026-07-08 19:56:00-04:00,IFVG2-004201,2026-06-08 08:00:00-04:00,2026-06-09 11:00:00-04:00,DEACTIVATED_OVERSHOOT_LIMIT,same_direction
historical,EP-39050-ENTRY_ON_TAP,2026-07-08 19:56:00-04:00,IFVG2-004201,2026-06-08 08:00:00-04:00,2026-06-09 11:00:00-04:00,DEACTIVATED_OVERSHOOT_LIMIT,same_direction
historical,EP-39051-ENTRY_ON_DELAYED_DISPLACEMENT,2026-07-08 20:15:00-04:00,IFVG2-004228,2026-06-24 17:00:00-04:00,2026-06-25 10:00:00-04:00,DEACTIVATED_CLOSE_THROUGH,same_direction
historical,EP-39070-ENTRY_ON_FIRST_CLOSE_OUTSIDE,2026-07-08 20:15:00-04:00,IFVG2-004228,2026-06-24 17:00:00-04:00,2026-06-25 10:00:00-04:00,DEACTIVATED_CLOSE_THROUGH,same_direction
historical,EP-39073-ENTRY_ON_TAP,2026-07-08 20:15:00-04:00,IFVG2-004228,2026-06-24 17:00:00-04:00,2026-06-25 10:00:00-04:00,DEACTIVATED_CLOSE_THROUGH,same_direction
historical,EP-39073-ENTRY_ON_FIRST_CLOSE_OUTSIDE,2026-07-08 20:16:00-04:00,IFVG2-004228,2026-06-24 17:00:00-04:00,2026-06-25 10:00:00-04:00,DEACTIVATED_CLOSE_THROUGH,same_direction
historical,EP-39073-ENTRY_ON_MINIMAL_WICK_REJECTION,2026-07-08 20:16:00-04:00,IFVG2-004228,2026-06-24 17:00:00-04:00,2026-06-25 10:00:00-04:00,DEACTIVATED_CLOSE_THROUGH,same_direction
historical,EP-39075-ENTRY_ON_FIRST_CLOSE_OUTSIDE,2026-07-08 20:30:00-04:00,IFVG2-004228,2026-06-24 17:00:00-04:00,2026-06-25 10:00:00-04:00,DEACTIVATED_CLOSE_THROUGH,same_direction
historical,EP-39075-ENTRY_ON_MINIMAL_WICK_REJECTION,2026-07-08 20:30:00-04:00,IFVG2-004228,2026-06-24 17:00:00-04:00,2026-06-25 10:00:00-04:00,DEACTIVATED_CLOSE_THROUGH,same_direction
historical,EP-39075-ENTRY_ON_DELAYED_DISPLACEMENT,2026-07-08 20:30:00-04:00,IFVG2-004228,2026-06-24 17:00:00-04:00,2026-06-25 10:00:00-04:00,DEACTIVATED_CLOSE_THROUGH,same_direction
historical,EP-39079-ENTRY_ON_DELAYED_DISPLACEMENT,2026-07-08 20:30:00-04:00,IFVG2-004228,2026-06-24 17:00:00-04:00,2026-06-25 10:00:00-04:00,DEACTIVATED_CLOSE_THROUGH,same_direction
historical,EP-39085-ENTRY_ON_IFVG_RETEST,2026-07-08 20:23:00-04:00,IFVG2-001928,2026-07-08 20:21:00-04:00,2026-07-08 20:24:00-04:00,DEACTIVATED_OVERSHOOT_LIMIT,component
historical,EP-39090-ENTRY_ON_DELAYED_DISPLACEMENT,2026-07-08 20:30:00-04:00,IFVG2-004228,2026-06-24 17:00:00-04:00,2026-06-25 10:00:00-04:00,DEACTIVATED_CLOSE_THROUGH,same_direction
historical,EP-39090-ENTRY_ON_NEW_FVG,2026-07-08 20:30:00-04:00,IFVG2-004228,2026-06-24 17:00:00-04:00,2026-06-25 10:00:00-04:00,DEACTIVATED_CLOSE_THROUGH,same_direction
historical,EP-39453-ENTRY_ON_NEW_FVG,2026-07-09 01:55:00-04:00,IFVG2-003850,2026-07-09 00:35:00-04:00,2026-07-09 01:35:00-04:00,DEACTIVATED_OVERSHOOT_LIMIT,component
historical,EP-39465-ENTRY_ON_NEW_FVG,2026-07-09 01:55:00-04:00,IFVG2-003851,2026-07-09 01:35:00-04:00,2026-07-09 01:40:00-04:00,DEACTIVATED_CLOSE_THROUGH,component
historical,EP-39487-ENTRY_ON_NEW_FVG,2026-07-09 01:56:00-04:00,IFVG2-003228,2026-07-09 01:51:00-04:00,2026-07-09 09:51:00-04:00,EXPIRED_ACTIVE_8H,component
historical,EP-39489-ENTRY_ON_DELAYED_DISPLACEMENT,2026-07-09 02:00:00-04:00,IFVG2-003228,2026-07-09 01:51:00-04:00,2026-07-09 09:51:00-04:00,EXPIRED_ACTIVE_8H,component
historical,EP-39513-ENTRY_ON_DELAYED_DISPLACEMENT,2026-07-09 02:14:00-04:00,IFVG2-001957,2026-07-09 02:08:00-04:00,2026-07-09 06:52:00-04:00,DEACTIVATED_CLOSE_THROUGH,component
historical,EP-39573-ENTRY_ON_DELAYED_DISPLACEMENT,2026-07-09 03:15:00-04:00,IFVG2-003229,2026-07-09 03:03:00-04:00,2026-07-09 03:06:00-04:00,DEACTIVATED_CLOSE_THROUGH,component
historical,EP-39573-ENTRY_ON_NEW_FVG,2026-07-09 03:18:00-04:00,IFVG2-003229,2026-07-09 03:03:00-04:00,2026-07-09 03:06:00-04:00,DEACTIVATED_CLOSE_THROUGH,component
historical,EP-39587-ENTRY_ON_FIRST_CLOSE_OUTSIDE,2026-07-09 03:30:00-04:00,IFVG2-001958,2026-07-09 03:29:00-04:00,2026-07-09 03:32:00-04:00,DEACTIVATED_OVERSHOOT_LIMIT,behind_entry
historical,EP-39596-ENTRY_ON_TAP,2026-07-09 03:30:00-04:00,IFVG2-001958,2026-07-09 03:29:00-04:00,2026-07-09 03:32:00-04:00,DEACTIVATED_OVERSHOOT_LIMIT,behind_entry
historical,EP-39601-ENTRY_ON_TAP,2026-07-09 03:32:00-04:00,IFVG2-001958,2026-07-09 03:29:00-04:00,2026-07-09 03:32:00-04:00,DEACTIVATED_OVERSHOOT_LIMIT,behind_entry
historical,EP-39617-ENTRY_ON_TAP,2026-07-09 03:50:00-04:00,IFVG2-004238,2026-07-02 23:00:00-04:00,2026-07-07 00:00:00-04:00,DEACTIVATED_CLOSE_THROUGH,same_direction
historical,EP-39648-ENTRY_ON_TAP,2026-07-09 04:08:00-04:00,IFVG2-004236,2026-07-02 12:00:00-04:00,2026-07-03 03:00:00-04:00,DEACTIVATED_CLOSE_THROUGH,inactive_or_traversed
historical,EP-39826-ENTRY_ON_FIRST_CLOSE_OUTSIDE,2026-07-09 06:55:00-04:00,IFVG2-001957,2026-07-09 02:08:00-04:00,2026-07-09 06:52:00-04:00,DEACTIVATED_CLOSE_THROUGH,same_direction
historical,EP-39826-ENTRY_ON_FIRST_CLOSE_OUTSIDE,2026-07-09 06:55:00-04:00,IFVG2-003235,2026-07-09 06:54:00-04:00,2026-07-09 07:00:00-04:00,DEACTIVATED_CLOSE_THROUGH,behind_entry
historical,EP-39826-ENTRY_ON_MINIMAL_WICK_REJECTION,2026-07-09 06:55:00-04:00,IFVG2-001957,2026-07-09 02:08:00-04:00,2026-07-09 06:52:00-04:00,DEACTIVATED_CLOSE_THROUGH,same_direction
historical,EP-39826-ENTRY_ON_MINIMAL_WICK_REJECTION,2026-07-09 06:55:00-04:00,IFVG2-003235,2026-07-09 06:54:00-04:00,2026-07-09 07:00:00-04:00,DEACTIVATED_CLOSE_THROUGH,behind_entry
historical,EP-39826-ENTRY_ON_DELAYED_DISPLACEMENT,2026-07-09 06:55:00-04:00,IFVG2-001957,2026-07-09 02:08:00-04:00,2026-07-09 06:52:00-04:00,DEACTIVATED_CLOSE_THROUGH,same_direction
historical,EP-39826-ENTRY_ON_DELAYED_DISPLACEMENT,2026-07-09 06:55:00-04:00,IFVG2-003235,2026-07-09 06:54:00-04:00,2026-07-09 07:00:00-04:00,DEACTIVATED_CLOSE_THROUGH,behind_entry
historical,EP-39831-ENTRY_ON_TAP,2026-07-09 06:56:00-04:00,IFVG2-003235,2026-07-09 06:54:00-04:00,2026-07-09 07:00:00-04:00,DEACTIVATED_CLOSE_THROUGH,behind_entry
historical,EP-39960-ENTRY_ON_FIRST_CLOSE_OUTSIDE,2026-07-09 08:38:00-04:00,IFVG2-004224,2026-06-24 04:00:00-04:00,2026-06-24 05:00:00-04:00,DEACTIVATED_CLOSE_THROUGH,inactive_or_traversed
historical,EP-39960-ENTRY_ON_MINIMAL_WICK_REJECTION,2026-07-09 08:38:00-04:00,IFVG2-004224,2026-06-24 04:00:00-04:00,2026-06-24 05:00:00-04:00,DEACTIVATED_CLOSE_THROUGH,inactive_or_traversed
historical,EP-39961-ENTRY_ON_TAP,2026-07-09 08:39:00-04:00,IFVG2-004224,2026-06-24 04:00:00-04:00,2026-06-24 05:00:00-04:00,DEACTIVATED_CLOSE_THROUGH,inactive_or_traversed
historical,EP-39962-ENTRY_ON_TAP,2026-07-09 08:38:00-04:00,IFVG2-004224,2026-06-24 04:00:00-04:00,2026-06-24 05:00:00-04:00,DEACTIVATED_CLOSE_THROUGH,inactive_or_traversed
historical,EP-39962-ENTRY_ON_FIRST_CLOSE_OUTSIDE,2026-07-09 08:39:00-04:00,IFVG2-004224,2026-06-24 04:00:00-04:00,2026-06-24 05:00:00-04:00,DEACTIVATED_CLOSE_THROUGH,inactive_or_traversed
historical,EP-39962-ENTRY_ON_MINIMAL_WICK_REJECTION,2026-07-09 08:39:00-04:00,IFVG2-004224,2026-06-24 04:00:00-04:00,2026-06-24 05:00:00-04:00,DEACTIVATED_CLOSE_THROUGH,inactive_or_traversed
historical,EP-40017-ENTRY_ON_STRONG_REJECTION,2026-07-09 09:35:00-04:00,IFVG2-004224,2026-06-24 04:00:00-04:00,2026-06-24 05:00:00-04:00,DEACTIVATED_CLOSE_THROUGH,inactive_or_traversed
historical,EP-40017-ENTRY_ON_DELAYED_DISPLACEMENT,2026-07-09 09:35:00-04:00,IFVG2-004224,2026-06-24 04:00:00-04:00,2026-06-24 05:00:00-04:00,DEACTIVATED_CLOSE_THROUGH,inactive_or_traversed
historical,EP-40033-ENTRY_ON_NEW_FVG,2026-07-09 09:35:00-04:00,IFVG2-004224,2026-06-24 04:00:00-04:00,2026-06-24 05:00:00-04:00,DEACTIVATED_CLOSE_THROUGH,inactive_or_traversed
historical,EP-40033-ENTRY_ON_NEW_IFVG,2026-07-09 09:35:00-04:00,IFVG2-004224,2026-06-24 04:00:00-04:00,2026-06-24 05:00:00-04:00,DEACTIVATED_CLOSE_THROUGH,inactive_or_traversed
historical,EP-40037-ENTRY_ON_TAP,2026-07-09 09:35:00-04:00,IFVG2-004224,2026-06-24 04:00:00-04:00,2026-06-24 05:00:00-04:00,DEACTIVATED_CLOSE_THROUGH,inactive_or_traversed
historical,EP-40043-ENTRY_ON_FIRST_CLOSE_OUTSIDE,2026-07-09 09:35:00-04:00,IFVG2-004224,2026-06-24 04:00:00-04:00,2026-06-24 05:00:00-04:00,DEACTIVATED_CLOSE_THROUGH,inactive_or_traversed
historical,EP-40043-ENTRY_ON_IMMEDIATE_DISPLACEMENT,2026-07-09 09:35:00-04:00,IFVG2-004224,2026-06-24 04:00:00-04:00,2026-06-24 05:00:00-04:00,DEACTIVATED_CLOSE_THROUGH,inactive_or_traversed
historical,EP-40043-ENTRY_ON_NEW_FVG,2026-07-09 09:35:00-04:00,IFVG2-004224,2026-06-24 04:00:00-04:00,2026-06-24 05:00:00-04:00,DEACTIVATED_CLOSE_THROUGH,inactive_or_traversed
historical,EP-40043-ENTRY_ON_NEW_IFVG,2026-07-09 09:35:00-04:00,IFVG2-004224,2026-06-24 04:00:00-04:00,2026-06-24 05:00:00-04:00,DEACTIVATED_CLOSE_THROUGH,inactive_or_traversed
historical,EP-40052-ENTRY_ON_NEW_FVG,2026-07-09 09:40:00-04:00,IFVG2-001979,2026-07-09 09:34:00-04:00,2026-07-09 09:35:00-04:00,DEACTIVATED_OVERSHOOT_LIMIT,component
historical,EP-40055-ENTRY_ON_TAP,2026-07-09 09:38:00-04:00,IFVG2-004236,2026-07-02 12:00:00-04:00,2026-07-03 03:00:00-04:00,DEACTIVATED_CLOSE_THROUGH,same_direction
historical,EP-40118-ENTRY_ON_FIRST_CLOSE_OUTSIDE,2026-07-09 10:23:00-04:00,IFVG2-003240,2026-07-09 10:21:00-04:00,2026-07-09 10:24:00-04:00,DEACTIVATED_CLOSE_THROUGH,behind_entry
historical,EP-40118-ENTRY_ON_MINIMAL_WICK_REJECTION,2026-07-09 10:23:00-04:00,IFVG2-003240,2026-07-09 10:21:00-04:00,2026-07-09 10:24:00-04:00,DEACTIVATED_CLOSE_THROUGH,behind_entry
historical,EP-40122-ENTRY_ON_FIRST_CLOSE_OUTSIDE,2026-07-09 10:23:00-04:00,IFVG2-003240,2026-07-09 10:21:00-04:00,2026-07-09 10:24:00-04:00,DEACTIVATED_CLOSE_THROUGH,behind_entry
historical,EP-40122-ENTRY_ON_MINIMAL_WICK_REJECTION,2026-07-09 10:23:00-04:00,IFVG2-003240,2026-07-09 10:21:00-04:00,2026-07-09 10:24:00-04:00,DEACTIVATED_CLOSE_THROUGH,behind_entry
historical,EP-40125-ENTRY_ON_TAP,2026-07-09 10:23:00-04:00,IFVG2-003240,2026-07-09 10:21:00-04:00,2026-07-09 10:24:00-04:00,DEACTIVATED_CLOSE_THROUGH,behind_entry
historical,EP-40731-ENTRY_ON_DELAYED_DISPLACEMENT,2026-07-09 20:12:00-04:00,IFVG2-001987,2026-07-09 11:22:00-04:00,2026-07-09 19:22:00-04:00,EXPIRED_ACTIVE_8H,inactive_or_traversed
historical,EP-40731-ENTRY_ON_DELAYED_DISPLACEMENT,2026-07-09 20:12:00-04:00,IFVG2-003246,2026-07-09 20:00:00-04:00,2026-07-09 20:03:00-04:00,DEACTIVATED_OVERSHOOT_LIMIT,component
historical,EP-40741-ENTRY_ON_FIRST_CLOSE_OUTSIDE,2026-07-09 20:12:00-04:00,IFVG2-001987,2026-07-09 11:22:00-04:00,2026-07-09 19:22:00-04:00,EXPIRED_ACTIVE_8H,inactive_or_traversed
historical,EP-40741-ENTRY_ON_IMMEDIATE_DISPLACEMENT,2026-07-09 20:12:00-04:00,IFVG2-001987,2026-07-09 11:22:00-04:00,2026-07-09 19:22:00-04:00,EXPIRED_ACTIVE_8H,inactive_or_traversed
historical,EP-40753-ENTRY_ON_DELAYED_DISPLACEMENT,2026-07-09 20:23:00-04:00,IFVG2-004205,2026-06-09 11:00:00-04:00,2026-06-11 21:00:00-04:00,DEACTIVATED_CLOSE_THROUGH,same_direction
historical,EP-40759-ENTRY_ON_FIRST_CLOSE_OUTSIDE,2026-07-09 20:23:00-04:00,IFVG2-004205,2026-06-09 11:00:00-04:00,2026-06-11 21:00:00-04:00,DEACTIVATED_CLOSE_THROUGH,same_direction
historical,EP-40759-ENTRY_ON_IMMEDIATE_DISPLACEMENT,2026-07-09 20:23:00-04:00,IFVG2-004205,2026-06-09 11:00:00-04:00,2026-06-11 21:00:00-04:00,DEACTIVATED_CLOSE_THROUGH,same_direction
historical,EP-40760-ENTRY_ON_DELAYED_DISPLACEMENT,2026-07-09 20:36:00-04:00,IFVG2-003858,2026-07-09 10:20:00-04:00,2026-07-09 11:00:00-04:00,DEACTIVATED_OVERSHOOT_LIMIT,same_direction
historical,EP-41140-ENTRY_ON_DELAYED_DISPLACEMENT,2026-07-10 02:25:00-04:00,IFVG2-004224,2026-06-24 04:00:00-04:00,2026-06-24 05:00:00-04:00,DEACTIVATED_CLOSE_THROUGH,same_direction
historical,EP-41140-ENTRY_ON_NEW_FVG,2026-07-10 02:25:00-04:00,IFVG2-004224,2026-06-24 04:00:00-04:00,2026-06-24 05:00:00-04:00,DEACTIVATED_CLOSE_THROUGH,same_direction
historical,EP-41151-ENTRY_ON_NEW_FVG,2026-07-10 02:23:00-04:00,IFVG2-004225,2026-06-24 04:00:00-04:00,2026-06-24 05:00:00-04:00,DEACTIVATED_CLOSE_THROUGH,same_direction
historical,EP-41152-ENTRY_ON_DELAYED_DISPLACEMENT,2026-07-10 02:22:00-04:00,IFVG2-004225,2026-06-24 04:00:00-04:00,2026-06-24 05:00:00-04:00,DEACTIVATED_CLOSE_THROUGH,same_direction
historical,EP-41152-ENTRY_ON_NEW_FVG,2026-07-10 02:23:00-04:00,IFVG2-004225,2026-06-24 04:00:00-04:00,2026-06-24 05:00:00-04:00,DEACTIVATED_CLOSE_THROUGH,same_direction
historical,EP-41153-ENTRY_ON_FIRST_CLOSE_OUTSIDE,2026-07-10 02:30:00-04:00,IFVG2-004202,2026-06-08 11:00:00-04:00,2026-06-08 16:00:00-04:00,DEACTIVATED_CLOSE_THROUGH,same_direction
historical,EP-41153-ENTRY_ON_MINIMAL_WICK_REJECTION,2026-07-10 02:30:00-04:00,IFVG2-004202,2026-06-08 11:00:00-04:00,2026-06-08 16:00:00-04:00,DEACTIVATED_CLOSE_THROUGH,same_direction
historical,EP-41156-ENTRY_ON_TAP,2026-07-10 02:24:00-04:00,IFVG2-004225,2026-06-24 04:00:00-04:00,2026-06-24 05:00:00-04:00,DEACTIVATED_CLOSE_THROUGH,same_direction
historical,EP-41156-ENTRY_ON_FIRST_CLOSE_OUTSIDE,2026-07-10 02:25:00-04:00,IFVG2-004224,2026-06-24 04:00:00-04:00,2026-06-24 05:00:00-04:00,DEACTIVATED_CLOSE_THROUGH,same_direction
historical,EP-41156-ENTRY_ON_IMMEDIATE_DISPLACEMENT,2026-07-10 02:25:00-04:00,IFVG2-004224,2026-06-24 04:00:00-04:00,2026-06-24 05:00:00-04:00,DEACTIVATED_CLOSE_THROUGH,same_direction
historical,EP-41161-ENTRY_ON_TAP,2026-07-10 02:30:00-04:00,IFVG2-004202,2026-06-08 11:00:00-04:00,2026-06-08 16:00:00-04:00,DEACTIVATED_CLOSE_THROUGH,same_direction
historical,EP-41261-ENTRY_ON_TAP,2026-07-10 03:56:00-04:00,IFVG2-004210,2026-06-12 09:00:00-04:00,2026-06-12 10:00:00-04:00,DEACTIVATED_OVERSHOOT_LIMIT,same_direction
historical,EP-41261-ENTRY_ON_FIRST_CLOSE_OUTSIDE,2026-07-10 03:57:00-04:00,IFVG2-004210,2026-06-12 09:00:00-04:00,2026-06-12 10:00:00-04:00,DEACTIVATED_OVERSHOOT_LIMIT,same_direction
historical,EP-41569-ENTRY_ON_TAP,2026-07-10 08:13:00-04:00,IFVG2-003259,2026-07-10 08:06:00-04:00,2026-07-10 08:15:00-04:00,DEACTIVATED_CLOSE_THROUGH,behind_entry
historical,EP-41661-ENTRY_ON_TAP,2026-07-10 09:45:00-04:00,IFVG2-003254,2026-07-10 06:45:00-04:00,2026-07-10 06:48:00-04:00,DEACTIVATED_CLOSE_THROUGH,inactive_or_traversed
historical,EP-41679-ENTRY_ON_TAP,2026-07-10 09:43:00-04:00,IFVG2-002042,2026-07-10 08:13:00-04:00,2026-07-10 08:14:00-04:00,DEACTIVATED_CLOSE_THROUGH,inactive_or_traversed
historical,EP-41679-ENTRY_ON_FIRST_CLOSE_OUTSIDE,2026-07-10 09:45:00-04:00,IFVG2-003254,2026-07-10 06:45:00-04:00,2026-07-10 06:48:00-04:00,DEACTIVATED_CLOSE_THROUGH,inactive_or_traversed
historical,EP-41679-ENTRY_ON_MINIMAL_WICK_REJECTION,2026-07-10 09:45:00-04:00,IFVG2-003254,2026-07-10 06:45:00-04:00,2026-07-10 06:48:00-04:00,DEACTIVATED_CLOSE_THROUGH,inactive_or_traversed
historical,EP-41681-ENTRY_ON_FIRST_CLOSE_OUTSIDE,2026-07-10 09:45:00-04:00,IFVG2-003254,2026-07-10 06:45:00-04:00,2026-07-10 06:48:00-04:00,DEACTIVATED_CLOSE_THROUGH,inactive_or_traversed
historical,EP-41681-ENTRY_ON_MINIMAL_WICK_REJECTION,2026-07-10 09:45:00-04:00,IFVG2-003254,2026-07-10 06:45:00-04:00,2026-07-10 06:48:00-04:00,DEACTIVATED_CLOSE_THROUGH,inactive_or_traversed
historical,EP-41762-ENTRY_ON_TAP,2026-07-10 10:42:00-04:00,IFVG2-003258,2026-07-10 07:33:00-04:00,2026-07-10 08:15:00-04:00,DEACTIVATED_OVERSHOOT_LIMIT,inactive_or_traversed
historical,EP-41832-ENTRY_ON_DELAYED_DISPLACEMENT,2026-07-10 12:05:00-04:00,IFVG2-003874,2026-07-10 11:10:00-04:00,2026-07-12 18:05:00-04:00,EXPIRED_ACTIVE_8H,component
historical,EP-41832-ENTRY_ON_NEW_FVG,2026-07-10 12:05:00-04:00,IFVG2-003874,2026-07-10 11:10:00-04:00,2026-07-12 18:05:00-04:00,EXPIRED_ACTIVE_8H,component
historical,EP-41871-ENTRY_ON_NEW_FVG,2026-07-10 12:18:00-04:00,IFVG2-004235,2026-07-02 11:00:00-04:00,2026-07-06 11:00:00-04:00,DEACTIVATED_CLOSE_THROUGH,inactive_or_traversed
historical,EP-41873-ENTRY_ON_NEW_FVG,2026-07-10 12:18:00-04:00,IFVG2-004235,2026-07-02 11:00:00-04:00,2026-07-06 11:00:00-04:00,DEACTIVATED_CLOSE_THROUGH,inactive_or_traversed
historical,EP-41875-ENTRY_ON_NEW_FVG,2026-07-10 12:18:00-04:00,IFVG2-004235,2026-07-02 11:00:00-04:00,2026-07-06 11:00:00-04:00,DEACTIVATED_CLOSE_THROUGH,inactive_or_traversed
historical,EP-41882-ENTRY_ON_TAP,2026-07-10 12:22:00-04:00,IFVG2-004235,2026-07-02 11:00:00-04:00,2026-07-06 11:00:00-04:00,DEACTIVATED_CLOSE_THROUGH,inactive_or_traversed
historical,EP-41901-ENTRY_ON_FIRST_CLOSE_OUTSIDE,2026-07-10 12:46:00-04:00,IFVG2-002055,2026-07-10 12:40:00-04:00,2026-07-10 12:44:00-04:00,DEACTIVATED_OVERSHOOT_LIMIT,component
historical,EP-41901-ENTRY_ON_MINIMAL_WICK_REJECTION,2026-07-10 12:46:00-04:00,IFVG2-002055,2026-07-10 12:40:00-04:00,2026-07-10 12:44:00-04:00,DEACTIVATED_OVERSHOOT_LIMIT,component
application,EP-42180-ENTRY_ON_TAP,2026-07-12 18:01:00-04:00,IFVG2-003262,2026-07-10 12:03:00-04:00,2026-07-12 18:03:00-04:00,DEACTIVATED_OVERSHOOT_LIMIT,component
application,EP-42192-ENTRY_ON_TAP,2026-07-12 18:06:00-04:00,IFVG2-004203,2026-06-09 03:58:00-04:00,2026-06-09 04:59:00-04:00,DEACTIVATED_CLOSE_THROUGH,inactive_or_traversed
application,EP-42192-ENTRY_ON_FIRST_CLOSE_OUTSIDE,2026-07-12 18:07:00-04:00,IFVG2-003261,2026-07-10 12:00:00-04:00,2026-07-12 18:03:00-04:00,EXPIRED_ACTIVE_8H,same_direction
application,EP-42192-ENTRY_ON_MINIMAL_WICK_REJECTION,2026-07-12 18:07:00-04:00,IFVG2-003261,2026-07-10 12:00:00-04:00,2026-07-12 18:03:00-04:00,EXPIRED_ACTIVE_8H,same_direction
application,EP-42192-ENTRY_ON_STRONG_REJECTION,2026-07-12 18:07:00-04:00,IFVG2-003261,2026-07-10 12:00:00-04:00,2026-07-12 18:03:00-04:00,EXPIRED_ACTIVE_8H,same_direction
application,EP-42194-ENTRY_ON_TAP,2026-07-12 18:07:00-04:00,IFVG2-003261,2026-07-10 12:00:00-04:00,2026-07-12 18:03:00-04:00,EXPIRED_ACTIVE_8H,same_direction
application,EP-42308-ENTRY_ON_STRONG_REJECTION,2026-07-12 23:00:00-04:00,IFVG2-004248,2026-07-12 19:00:00-04:00,2026-07-12 21:00:00-04:00,DEACTIVATED_OVERSHOOT_LIMIT,component
application,EP-42316-ENTRY_ON_IFVG_RETEST,2026-07-12 20:07:00-04:00,IFVG2-004248,2026-07-12 19:00:00-04:00,2026-07-12 21:00:00-04:00,DEACTIVATED_OVERSHOOT_LIMIT,component
application,EP-42320-ENTRY_ON_IFVG_RETEST,2026-07-12 20:09:00-04:00,IFVG2-004234,2026-07-02 03:00:00-04:00,2026-07-02 05:00:00-04:00,DEACTIVATED_CLOSE_THROUGH,same_direction
application,EP-42320-ENTRY_ON_IFVG_RETEST,2026-07-12 20:09:00-04:00,IFVG2-003264,2026-07-12 18:03:00-04:00,2026-07-12 20:09:00-04:00,DEACTIVATED_OVERSHOOT_LIMIT,component
application,EP-42322-ENTRY_ON_TAP,2026-07-12 20:10:00-04:00,IFVG2-004248,2026-07-12 19:00:00-04:00,2026-07-12 21:00:00-04:00,DEACTIVATED_OVERSHOOT_LIMIT,same_direction
application,EP-42370-ENTRY_ON_DELAYED_DISPLACEMENT,2026-07-12 21:10:00-04:00,IFVG2-004225,2026-06-24 04:00:00-04:00,2026-06-24 05:00:00-04:00,DEACTIVATED_CLOSE_THROUGH,same_direction
application,EP-42370-ENTRY_ON_DELAYED_DISPLACEMENT,2026-07-12 21:10:00-04:00,IFVG2-003880,2026-07-12 20:40:00-04:00,2026-07-13 04:40:00-04:00,EXPIRED_ACTIVE_8H,component
application,EP-42379-ENTRY_ON_DELAYED_DISPLACEMENT,2026-07-12 21:10:00-04:00,IFVG2-004225,2026-06-24 04:00:00-04:00,2026-06-24 05:00:00-04:00,DEACTIVATED_CLOSE_THROUGH,same_direction
application,EP-42397-ENTRY_ON_FIRST_CLOSE_OUTSIDE,2026-07-12 21:10:00-04:00,IFVG2-004225,2026-06-24 04:00:00-04:00,2026-06-24 05:00:00-04:00,DEACTIVATED_CLOSE_THROUGH,same_direction
application,EP-42397-ENTRY_ON_IMMEDIATE_DISPLACEMENT,2026-07-12 21:10:00-04:00,IFVG2-004225,2026-06-24 04:00:00-04:00,2026-06-24 05:00:00-04:00,DEACTIVATED_CLOSE_THROUGH,same_direction
application,EP-42403-ENTRY_ON_TAP,2026-07-12 21:12:00-04:00,IFVG2-004225,2026-06-24 04:00:00-04:00,2026-06-24 05:00:00-04:00,DEACTIVATED_CLOSE_THROUGH,same_direction
application,EP-42414-ENTRY_ON_DELAYED_DISPLACEMENT,2026-07-12 21:27:00-04:00,IFVG2-004225,2026-06-24 04:00:00-04:00,2026-06-24 05:00:00-04:00,DEACTIVATED_CLOSE_THROUGH,same_direction
application,EP-42422-ENTRY_ON_TAP,2026-07-12 21:29:00-04:00,IFVG2-004225,2026-06-24 04:00:00-04:00,2026-06-24 05:00:00-04:00,DEACTIVATED_CLOSE_THROUGH,same_direction
application,EP-42427-ENTRY_ON_FIRST_CLOSE_OUTSIDE,2026-07-12 21:34:00-04:00,IFVG2-004225,2026-06-24 04:00:00-04:00,2026-06-24 05:00:00-04:00,DEACTIVATED_CLOSE_THROUGH,same_direction
application,EP-42427-ENTRY_ON_MINIMAL_WICK_REJECTION,2026-07-12 21:34:00-04:00,IFVG2-004225,2026-06-24 04:00:00-04:00,2026-06-24 05:00:00-04:00,DEACTIVATED_CLOSE_THROUGH,same_direction
application,EP-42427-ENTRY_ON_IMMEDIATE_DISPLACEMENT,2026-07-12 21:34:00-04:00,IFVG2-004225,2026-06-24 04:00:00-04:00,2026-06-24 05:00:00-04:00,DEACTIVATED_CLOSE_THROUGH,same_direction
application,EP-42428-ENTRY_ON_FIRST_CLOSE_OUTSIDE,2026-07-12 21:34:00-04:00,IFVG2-004225,2026-06-24 04:00:00-04:00,2026-06-24 05:00:00-04:00,DEACTIVATED_CLOSE_THROUGH,same_direction
application,EP-42428-ENTRY_ON_MINIMAL_WICK_REJECTION,2026-07-12 21:34:00-04:00,IFVG2-004225,2026-06-24 04:00:00-04:00,2026-06-24 05:00:00-04:00,DEACTIVATED_CLOSE_THROUGH,same_direction
application,EP-42428-ENTRY_ON_IMMEDIATE_DISPLACEMENT,2026-07-12 21:34:00-04:00,IFVG2-004225,2026-06-24 04:00:00-04:00,2026-06-24 05:00:00-04:00,DEACTIVATED_CLOSE_THROUGH,same_direction
application,EP-42441-ENTRY_ON_TAP,2026-07-12 21:49:00-04:00,IFVG2-004224,2026-06-24 04:00:00-04:00,2026-06-24 05:00:00-04:00,DEACTIVATED_CLOSE_THROUGH,same_direction
application,EP-42442-ENTRY_ON_TAP,2026-07-12 21:51:00-04:00,IFVG2-004224,2026-06-24 04:00:00-04:00,2026-06-24 05:00:00-04:00,DEACTIVATED_CLOSE_THROUGH,same_direction
application,EP-42616-ENTRY_ON_DELAYED_DISPLACEMENT,2026-07-13 00:27:00-04:00,IFVG2-004204,2026-06-09 11:00:00-04:00,2026-06-11 16:00:00-04:00,DEACTIVATED_CLOSE_THROUGH,same_direction
application,EP-42616-ENTRY_ON_NEW_FVG,2026-07-13 00:27:00-04:00,IFVG2-004204,2026-06-09 11:00:00-04:00,2026-06-11 16:00:00-04:00,DEACTIVATED_CLOSE_THROUGH,same_direction
application,EP-42617-ENTRY_ON_NEW_FVG,2026-07-13 00:28:00-04:00,IFVG2-004204,2026-06-09 11:00:00-04:00,2026-06-11 16:00:00-04:00,DEACTIVATED_CLOSE_THROUGH,same_direction
application,EP-42618-ENTRY_ON_NEW_FVG,2026-07-13 00:28:00-04:00,IFVG2-004204,2026-06-09 11:00:00-04:00,2026-06-11 16:00:00-04:00,DEACTIVATED_CLOSE_THROUGH,same_direction
application,EP-42619-ENTRY_ON_FIRST_CLOSE_OUTSIDE,2026-07-13 00:27:00-04:00,IFVG2-004204,2026-06-09 11:00:00-04:00,2026-06-11 16:00:00-04:00,DEACTIVATED_CLOSE_THROUGH,same_direction
application,EP-42619-ENTRY_ON_IMMEDIATE_DISPLACEMENT,2026-07-13 00:27:00-04:00,IFVG2-004204,2026-06-09 11:00:00-04:00,2026-06-11 16:00:00-04:00,DEACTIVATED_CLOSE_THROUGH,same_direction
application,EP-42619-ENTRY_ON_NEW_FVG,2026-07-13 00:27:00-04:00,IFVG2-004204,2026-06-09 11:00:00-04:00,2026-06-11 16:00:00-04:00,DEACTIVATED_CLOSE_THROUGH,same_direction
application,EP-42620-ENTRY_ON_NEW_FVG,2026-07-13 00:28:00-04:00,IFVG2-004204,2026-06-09 11:00:00-04:00,2026-06-11 16:00:00-04:00,DEACTIVATED_CLOSE_THROUGH,same_direction
application,EP-42621-ENTRY_ON_FIRST_CLOSE_OUTSIDE,2026-07-13 00:27:00-04:00,IFVG2-004204,2026-06-09 11:00:00-04:00,2026-06-11 16:00:00-04:00,DEACTIVATED_CLOSE_THROUGH,same_direction
application,EP-42621-ENTRY_ON_IMMEDIATE_DISPLACEMENT,2026-07-13 00:27:00-04:00,IFVG2-004204,2026-06-09 11:00:00-04:00,2026-06-11 16:00:00-04:00,DEACTIVATED_CLOSE_THROUGH,same_direction
application,EP-42621-ENTRY_ON_NEW_FVG,2026-07-13 00:28:00-04:00,IFVG2-004204,2026-06-09 11:00:00-04:00,2026-06-11 16:00:00-04:00,DEACTIVATED_CLOSE_THROUGH,same_direction
application,EP-42641-ENTRY_ON_FIRST_CLOSE_OUTSIDE,2026-07-13 00:52:00-04:00,IFVG2-004237,2026-07-02 19:00:00-04:00,2026-07-07 10:00:00-04:00,DEACTIVATED_CLOSE_THROUGH,inactive_or_traversed
application,EP-42641-ENTRY_ON_IMMEDIATE_DISPLACEMENT,2026-07-13 00:52:00-04:00,IFVG2-004237,2026-07-02 19:00:00-04:00,2026-07-07 10:00:00-04:00,DEACTIVATED_CLOSE_THROUGH,inactive_or_traversed
application,EP-42643-ENTRY_ON_TAP,2026-07-13 00:53:00-04:00,IFVG2-004237,2026-07-02 19:00:00-04:00,2026-07-07 10:00:00-04:00,DEACTIVATED_CLOSE_THROUGH,inactive_or_traversed
application,EP-42696-ENTRY_ON_DELAYED_DISPLACEMENT,2026-07-13 01:23:00-04:00,IFVG2-002080,2026-07-13 01:19:00-04:00,2026-07-13 01:39:00-04:00,DEACTIVATED_CLOSE_THROUGH,component
application,EP-43133-ENTRY_ON_FIRST_CLOSE_OUTSIDE,2026-07-13 07:05:00-04:00,IFVG2-002071,2026-07-12 22:31:00-04:00,2026-07-12 22:33:00-04:00,DEACTIVATED_OVERSHOOT_LIMIT,inactive_or_traversed
application,EP-43136-ENTRY_ON_FIRST_CLOSE_OUTSIDE,2026-07-13 07:03:00-04:00,IFVG2-002071,2026-07-12 22:31:00-04:00,2026-07-12 22:33:00-04:00,DEACTIVATED_OVERSHOOT_LIMIT,inactive_or_traversed
application,EP-43147-ENTRY_ON_TAP,2026-07-13 07:05:00-04:00,IFVG2-002071,2026-07-12 22:31:00-04:00,2026-07-12 22:33:00-04:00,DEACTIVATED_OVERSHOOT_LIMIT,inactive_or_traversed
application,EP-43350-ENTRY_ON_TAP,2026-07-13 09:38:00-04:00,IFVG2-002089,2026-07-13 02:32:00-04:00,2026-07-13 02:42:00-04:00,DEACTIVATED_CLOSE_THROUGH,inactive_or_traversed
application,EP-43351-ENTRY_ON_FIRST_CLOSE_OUTSIDE,2026-07-13 09:40:00-04:00,IFVG2-002087,2026-07-13 02:25:00-04:00,2026-07-13 02:27:00-04:00,DEACTIVATED_CLOSE_THROUGH,inactive_or_traversed
application,EP-43351-ENTRY_ON_IMMEDIATE_DISPLACEMENT,2026-07-13 09:40:00-04:00,IFVG2-002087,2026-07-13 02:25:00-04:00,2026-07-13 02:27:00-04:00,DEACTIVATED_CLOSE_THROUGH,inactive_or_traversed
application,EP-43352-ENTRY_ON_FIRST_CLOSE_OUTSIDE,2026-07-13 09:40:00-04:00,IFVG2-002087,2026-07-13 02:25:00-04:00,2026-07-13 02:27:00-04:00,DEACTIVATED_CLOSE_THROUGH,inactive_or_traversed
application,EP-43352-ENTRY_ON_MINIMAL_WICK_REJECTION,2026-07-13 09:40:00-04:00,IFVG2-002087,2026-07-13 02:25:00-04:00,2026-07-13 02:27:00-04:00,DEACTIVATED_CLOSE_THROUGH,inactive_or_traversed
application,EP-43352-ENTRY_ON_IMMEDIATE_DISPLACEMENT,2026-07-13 09:40:00-04:00,IFVG2-002087,2026-07-13 02:25:00-04:00,2026-07-13 02:27:00-04:00,DEACTIVATED_CLOSE_THROUGH,inactive_or_traversed
application,EP-43390-ENTRY_ON_FIRST_CLOSE_OUTSIDE,2026-07-13 10:05:00-04:00,IFVG2-002113,2026-07-13 10:02:00-04:00,2026-07-13 10:03:00-04:00,DEACTIVATED_OVERSHOOT_LIMIT,component
application,EP-43390-ENTRY_ON_MINIMAL_WICK_REJECTION,2026-07-13 10:05:00-04:00,IFVG2-002113,2026-07-13 10:02:00-04:00,2026-07-13 10:03:00-04:00,DEACTIVATED_OVERSHOOT_LIMIT,component
application,EP-43390-ENTRY_ON_IMMEDIATE_DISPLACEMENT,2026-07-13 10:05:00-04:00,IFVG2-002113,2026-07-13 10:02:00-04:00,2026-07-13 10:03:00-04:00,DEACTIVATED_OVERSHOOT_LIMIT,component
application,EP-43415-ENTRY_ON_IFVG_RETEST,2026-07-13 10:25:00-04:00,IFVG2-003891,2026-07-13 09:35:00-04:00,2026-07-13 10:30:00-04:00,DEACTIVATED_CLOSE_THROUGH,component
application,EP-43419-ENTRY_ON_IFVG_RETEST,2026-07-13 10:25:00-04:00,IFVG2-003891,2026-07-13 09:35:00-04:00,2026-07-13 10:30:00-04:00,DEACTIVATED_CLOSE_THROUGH,component
application,EP-43419-ENTRY_ON_FIRST_CLOSE_OUTSIDE,2026-07-13 10:26:00-04:00,IFVG2-002090,2026-07-13 03:17:00-04:00,2026-07-13 03:21:00-04:00,DEACTIVATED_CLOSE_THROUGH,same_direction
application,EP-43419-ENTRY_ON_FIRST_CLOSE_OUTSIDE,2026-07-13 10:26:00-04:00,IFVG2-003891,2026-07-13 09:35:00-04:00,2026-07-13 10:30:00-04:00,DEACTIVATED_CLOSE_THROUGH,component
application,EP-43551-ENTRY_ON_DELAYED_DISPLACEMENT,2026-07-13 12:36:00-04:00,IFVG2-004243,2026-07-08 22:00:00-04:00,2026-07-08 23:00:00-04:00,DEACTIVATED_OVERSHOOT_LIMIT,same_direction
application,EP-43674-ENTRY_ON_TAP,2026-07-13 14:33:00-04:00,IFVG2-004243,2026-07-08 22:00:00-04:00,2026-07-08 23:00:00-04:00,DEACTIVATED_OVERSHOOT_LIMIT,same_direction
application,EP-43675-ENTRY_ON_TAP,2026-07-13 14:33:00-04:00,IFVG2-004243,2026-07-08 22:00:00-04:00,2026-07-08 23:00:00-04:00,DEACTIVATED_OVERSHOOT_LIMIT,same_direction
application,EP-43680-ENTRY_ON_TAP,2026-07-13 14:33:00-04:00,IFVG2-004243,2026-07-08 22:00:00-04:00,2026-07-08 23:00:00-04:00,DEACTIVATED_OVERSHOOT_LIMIT,same_direction
application,EP-43699-ENTRY_ON_TAP,2026-07-13 15:01:00-04:00,IFVG2-004243,2026-07-08 22:00:00-04:00,2026-07-08 23:00:00-04:00,DEACTIVATED_OVERSHOOT_LIMIT,same_direction
application,EP-43701-ENTRY_ON_NEW_FVG,2026-07-13 19:30:00-04:00,IFVG2-004207,2026-06-09 19:00:00-04:00,2026-06-09 20:00:00-04:00,DEACTIVATED_OVERSHOOT_LIMIT,same_direction
application,EP-43869-ENTRY_ON_FIRST_CLOSE_OUTSIDE,2026-07-13 19:30:00-04:00,IFVG2-004207,2026-06-09 19:00:00-04:00,2026-06-09 20:00:00-04:00,DEACTIVATED_OVERSHOOT_LIMIT,same_direction
application,EP-43869-ENTRY_ON_NEW_FVG,2026-07-13 19:30:00-04:00,IFVG2-004207,2026-06-09 19:00:00-04:00,2026-06-09 20:00:00-04:00,DEACTIVATED_OVERSHOOT_LIMIT,same_direction
application,EP-43882-ENTRY_ON_NEW_FVG,2026-07-13 19:05:00-04:00,IFVG2-004206,2026-06-09 16:00:00-04:00,2026-06-10 05:00:00-04:00,DEACTIVATED_CLOSE_THROUGH,inactive_or_traversed
application,EP-43907-ENTRY_ON_FIRST_CLOSE_OUTSIDE,2026-07-13 19:05:00-04:00,IFVG2-004206,2026-06-09 16:00:00-04:00,2026-06-10 05:00:00-04:00,DEACTIVATED_CLOSE_THROUGH,inactive_or_traversed
application,EP-43907-ENTRY_ON_IMMEDIATE_DISPLACEMENT,2026-07-13 19:05:00-04:00,IFVG2-004206,2026-06-09 16:00:00-04:00,2026-06-10 05:00:00-04:00,DEACTIVATED_CLOSE_THROUGH,inactive_or_traversed
application,EP-43907-ENTRY_ON_DELAYED_DISPLACEMENT,2026-07-13 19:08:00-04:00,IFVG2-004198,2026-06-07 21:00:00-04:00,2026-06-07 21:58:00-04:00,DEACTIVATED_OVERSHOOT_LIMIT,inactive_or_traversed
application,EP-43910-ENTRY_ON_FIRST_CLOSE_OUTSIDE,2026-07-13 19:08:00-04:00,IFVG2-004198,2026-06-07 21:00:00-04:00,2026-06-07 21:58:00-04:00,DEACTIVATED_OVERSHOOT_LIMIT,inactive_or_traversed
application,EP-43910-ENTRY_ON_MINIMAL_WICK_REJECTION,2026-07-13 19:08:00-04:00,IFVG2-004198,2026-06-07 21:00:00-04:00,2026-06-07 21:58:00-04:00,DEACTIVATED_OVERSHOOT_LIMIT,inactive_or_traversed
application,EP-43910-ENTRY_ON_IMMEDIATE_DISPLACEMENT,2026-07-13 19:08:00-04:00,IFVG2-004198,2026-06-07 21:00:00-04:00,2026-06-07 21:58:00-04:00,DEACTIVATED_OVERSHOOT_LIMIT,inactive_or_traversed
application,EP-43928-ENTRY_ON_FIRST_CLOSE_OUTSIDE,2026-07-13 19:30:00-04:00,IFVG2-004207,2026-06-09 19:00:00-04:00,2026-06-09 20:00:00-04:00,DEACTIVATED_OVERSHOOT_LIMIT,same_direction
application,EP-43928-ENTRY_ON_MINIMAL_WICK_REJECTION,2026-07-13 19:30:00-04:00,IFVG2-004207,2026-06-09 19:00:00-04:00,2026-06-09 20:00:00-04:00,DEACTIVATED_OVERSHOOT_LIMIT,same_direction
application,EP-43928-ENTRY_ON_DELAYED_DISPLACEMENT,2026-07-13 19:30:00-04:00,IFVG2-004207,2026-06-09 19:00:00-04:00,2026-06-09 20:00:00-04:00,DEACTIVATED_OVERSHOOT_LIMIT,same_direction
application,EP-43932-ENTRY_ON_DELAYED_DISPLACEMENT,2026-07-13 19:30:00-04:00,IFVG2-004207,2026-06-09 19:00:00-04:00,2026-06-09 20:00:00-04:00,DEACTIVATED_OVERSHOOT_LIMIT,same_direction
application,EP-43932-ENTRY_ON_NEW_FVG,2026-07-13 19:31:00-04:00,IFVG2-004199,2026-06-08 01:59:00-04:00,2026-06-08 03:00:00-04:00,DEACTIVATED_CLOSE_THROUGH,same_direction
application,EP-43948-ENTRY_ON_DELAYED_DISPLACEMENT,2026-07-13 19:42:00-04:00,IFVG2-004199,2026-06-08 01:59:00-04:00,2026-06-08 03:00:00-04:00,DEACTIVATED_CLOSE_THROUGH,same_direction
application,EP-43950-ENTRY_ON_FIRST_CLOSE_OUTSIDE,2026-07-13 19:42:00-04:00,IFVG2-004199,2026-06-08 01:59:00-04:00,2026-06-08 03:00:00-04:00,DEACTIVATED_CLOSE_THROUGH,same_direction
application,EP-43952-ENTRY_ON_FIRST_CLOSE_OUTSIDE,2026-07-13 19:42:00-04:00,IFVG2-004199,2026-06-08 01:59:00-04:00,2026-06-08 03:00:00-04:00,DEACTIVATED_CLOSE_THROUGH,same_direction
application,EP-43952-ENTRY_ON_MINIMAL_WICK_REJECTION,2026-07-13 19:42:00-04:00,IFVG2-004199,2026-06-08 01:59:00-04:00,2026-06-08 03:00:00-04:00,DEACTIVATED_CLOSE_THROUGH,same_direction
application,EP-43952-ENTRY_ON_IMMEDIATE_DISPLACEMENT,2026-07-13 19:42:00-04:00,IFVG2-004199,2026-06-08 01:59:00-04:00,2026-06-08 03:00:00-04:00,DEACTIVATED_CLOSE_THROUGH,same_direction
application,EP-43986-ENTRY_ON_TAP,2026-07-13 20:01:00-04:00,IFVG2-002136,2026-07-13 18:50:00-04:00,2026-07-13 20:01:00-04:00,DEACTIVATED_OVERSHOOT_LIMIT,component
application,EP-44005-ENTRY_ON_FIRST_CLOSE_OUTSIDE,2026-07-13 20:08:00-04:00,IFVG2-002141,2026-07-13 20:04:00-04:00,2026-07-13 20:05:00-04:00,DEACTIVATED_OVERSHOOT_LIMIT,component
application,EP-44005-ENTRY_ON_DELAYED_DISPLACEMENT,2026-07-13 20:08:00-04:00,IFVG2-002141,2026-07-13 20:04:00-04:00,2026-07-13 20:05:00-04:00,DEACTIVATED_OVERSHOOT_LIMIT,component
application,EP-44214-ENTRY_ON_IFVG_RETEST,2026-07-13 23:14:00-04:00,IFVG2-002150,2026-07-13 23:12:00-04:00,2026-07-13 23:29:00-04:00,DEACTIVATED_CLOSE_THROUGH,component
application,EP-44214-ENTRY_ON_FIRST_CLOSE_OUTSIDE,2026-07-13 23:16:00-04:00,IFVG2-002150,2026-07-13 23:12:00-04:00,2026-07-13 23:29:00-04:00,DEACTIVATED_CLOSE_THROUGH,component
application,EP-44214-ENTRY_ON_DELAYED_DISPLACEMENT,2026-07-13 23:18:00-04:00,IFVG2-002150,2026-07-13 23:12:00-04:00,2026-07-13 23:29:00-04:00,DEACTIVATED_CLOSE_THROUGH,component
application,EP-44692-ENTRY_ON_DELAYED_DISPLACEMENT,2026-07-14 05:48:00-04:00,IFVG2-003308,2026-07-14 05:18:00-04:00,2026-07-14 05:51:00-04:00,DEACTIVATED_CLOSE_THROUGH,behind_entry
application,EP-44702-ENTRY_ON_TAP,2026-07-14 05:48:00-04:00,IFVG2-003308,2026-07-14 05:18:00-04:00,2026-07-14 05:51:00-04:00,DEACTIVATED_CLOSE_THROUGH,behind_entry
application,EP-44902-ENTRY_ON_DELAYED_DISPLACEMENT,2026-07-14 08:26:00-04:00,IFVG2-004227,2026-06-24 17:00:00-04:00,2026-06-25 10:00:00-04:00,DEACTIVATED_CLOSE_THROUGH,same_direction
application,EP-44902-ENTRY_ON_DELAYED_DISPLACEMENT,2026-07-14 08:26:00-04:00,IFVG2-002190,2026-07-14 08:22:00-04:00,2026-07-14 10:15:00-04:00,DEACTIVATED_OVERSHOOT_LIMIT,component
application,EP-44904-ENTRY_ON_FIRST_CLOSE_OUTSIDE,2026-07-14 08:26:00-04:00,IFVG2-004227,2026-06-24 17:00:00-04:00,2026-06-25 10:00:00-04:00,DEACTIVATED_CLOSE_THROUGH,same_direction
application,EP-44904-ENTRY_ON_FIRST_CLOSE_OUTSIDE,2026-07-14 08:26:00-04:00,IFVG2-003312,2026-07-14 08:24:00-04:00,2026-07-14 08:27:00-04:00,DEACTIVATED_OVERSHOOT_LIMIT,component
application,EP-44904-ENTRY_ON_IMMEDIATE_DISPLACEMENT,2026-07-14 08:26:00-04:00,IFVG2-004227,2026-06-24 17:00:00-04:00,2026-06-25 10:00:00-04:00,DEACTIVATED_CLOSE_THROUGH,same_direction
application,EP-44904-ENTRY_ON_IMMEDIATE_DISPLACEMENT,2026-07-14 08:26:00-04:00,IFVG2-003312,2026-07-14 08:24:00-04:00,2026-07-14 08:27:00-04:00,DEACTIVATED_OVERSHOOT_LIMIT,component
application,EP-44904-ENTRY_ON_NEW_FVG,2026-07-14 08:26:00-04:00,IFVG2-004227,2026-06-24 17:00:00-04:00,2026-06-25 10:00:00-04:00,DEACTIVATED_CLOSE_THROUGH,same_direction
application,EP-44904-ENTRY_ON_NEW_FVG,2026-07-14 08:26:00-04:00,IFVG2-003312,2026-07-14 08:24:00-04:00,2026-07-14 08:27:00-04:00,DEACTIVATED_OVERSHOOT_LIMIT,component
application,EP-44905-ENTRY_ON_IFVG_RETEST,2026-07-14 08:27:00-04:00,IFVG2-003312,2026-07-14 08:24:00-04:00,2026-07-14 08:27:00-04:00,DEACTIVATED_OVERSHOOT_LIMIT,component
application,EP-44920-ENTRY_ON_DELAYED_DISPLACEMENT,2026-07-14 08:39:00-04:00,IFVG2-004236,2026-07-02 12:00:00-04:00,2026-07-03 03:00:00-04:00,DEACTIVATED_CLOSE_THROUGH,same_direction
application,EP-44927-ENTRY_ON_TAP,2026-07-14 08:45:00-04:00,IFVG2-004239,2026-07-05 22:00:00-04:00,2026-07-06 01:00:00-04:00,DEACTIVATED_CLOSE_THROUGH,same_direction
application,EP-44939-ENTRY_ON_DELAYED_DISPLACEMENT,2026-07-14 08:48:00-04:00,IFVG2-004225,2026-06-24 04:00:00-04:00,2026-06-24 05:00:00-04:00,DEACTIVATED_CLOSE_THROUGH,same_direction
application,EP-44940-ENTRY_ON_TAP,2026-07-14 08:45:00-04:00,IFVG2-004239,2026-07-05 22:00:00-04:00,2026-07-06 01:00:00-04:00,DEACTIVATED_CLOSE_THROUGH,same_direction
application,EP-44940-ENTRY_ON_FIRST_CLOSE_OUTSIDE,2026-07-14 08:48:00-04:00,IFVG2-004225,2026-06-24 04:00:00-04:00,2026-06-24 05:00:00-04:00,DEACTIVATED_CLOSE_THROUGH,same_direction
application,EP-44940-ENTRY_ON_IMMEDIATE_DISPLACEMENT,2026-07-14 08:48:00-04:00,IFVG2-004225,2026-06-24 04:00:00-04:00,2026-06-24 05:00:00-04:00,DEACTIVATED_CLOSE_THROUGH,same_direction
application,EP-44941-ENTRY_ON_FIRST_CLOSE_OUTSIDE,2026-07-14 08:45:00-04:00,IFVG2-004239,2026-07-05 22:00:00-04:00,2026-07-06 01:00:00-04:00,DEACTIVATED_CLOSE_THROUGH,same_direction
application,EP-44941-ENTRY_ON_DELAYED_DISPLACEMENT,2026-07-14 08:48:00-04:00,IFVG2-004225,2026-06-24 04:00:00-04:00,2026-06-24 05:00:00-04:00,DEACTIVATED_CLOSE_THROUGH,same_direction
application,EP-44942-ENTRY_ON_FIRST_CLOSE_OUTSIDE,2026-07-14 08:48:00-04:00,IFVG2-004225,2026-06-24 04:00:00-04:00,2026-06-24 05:00:00-04:00,DEACTIVATED_CLOSE_THROUGH,same_direction
application,EP-44942-ENTRY_ON_MINIMAL_WICK_REJECTION,2026-07-14 08:48:00-04:00,IFVG2-004225,2026-06-24 04:00:00-04:00,2026-06-24 05:00:00-04:00,DEACTIVATED_CLOSE_THROUGH,same_direction
application,EP-44942-ENTRY_ON_DELAYED_DISPLACEMENT,2026-07-14 08:48:00-04:00,IFVG2-004225,2026-06-24 04:00:00-04:00,2026-06-24 05:00:00-04:00,DEACTIVATED_CLOSE_THROUGH,same_direction
application,EP-44943-ENTRY_ON_TAP,2026-07-14 08:48:00-04:00,IFVG2-004225,2026-06-24 04:00:00-04:00,2026-06-24 05:00:00-04:00,DEACTIVATED_CLOSE_THROUGH,same_direction
application,EP-44946-ENTRY_ON_FIRST_CLOSE_OUTSIDE,2026-07-14 08:52:00-04:00,IFVG2-004224,2026-06-24 04:00:00-04:00,2026-06-24 05:00:00-04:00,DEACTIVATED_CLOSE_THROUGH,same_direction
application,EP-44949-ENTRY_ON_TAP,2026-07-14 08:52:00-04:00,IFVG2-004224,2026-06-24 04:00:00-04:00,2026-06-24 05:00:00-04:00,DEACTIVATED_CLOSE_THROUGH,same_direction
application,EP-44982-ENTRY_ON_FIRST_CLOSE_OUTSIDE,2026-07-14 09:19:00-04:00,IFVG2-004210,2026-06-12 09:00:00-04:00,2026-06-12 10:00:00-04:00,DEACTIVATED_OVERSHOOT_LIMIT,same_direction
application,EP-44998-ENTRY_ON_FIRST_CLOSE_OUTSIDE,2026-07-14 09:33:00-04:00,IFVG2-002193,2026-07-14 09:30:00-04:00,2026-07-14 09:31:00-04:00,DEACTIVATED_OVERSHOOT_LIMIT,component
application,EP-44998-ENTRY_ON_STRONG_REJECTION,2026-07-14 09:33:00-04:00,IFVG2-002193,2026-07-14 09:30:00-04:00,2026-07-14 09:31:00-04:00,DEACTIVATED_OVERSHOOT_LIMIT,component
application,EP-45636-ENTRY_ON_FIRST_CLOSE_OUTSIDE,2026-07-14 19:27:00-04:00,IFVG2-002214,2026-07-14 14:47:00-04:00,2026-07-14 14:48:00-04:00,DEACTIVATED_CLOSE_THROUGH,inactive_or_traversed
application,EP-45636-ENTRY_ON_MINIMAL_WICK_REJECTION,2026-07-14 19:27:00-04:00,IFVG2-002214,2026-07-14 14:47:00-04:00,2026-07-14 14:48:00-04:00,DEACTIVATED_CLOSE_THROUGH,inactive_or_traversed
application,EP-45636-ENTRY_ON_IMMEDIATE_DISPLACEMENT,2026-07-14 19:27:00-04:00,IFVG2-002214,2026-07-14 14:47:00-04:00,2026-07-14 14:48:00-04:00,DEACTIVATED_CLOSE_THROUGH,inactive_or_traversed
application,EP-45683-ENTRY_ON_TAP,2026-07-14 20:01:00-04:00,IFVG2-003326,2026-07-14 19:45:00-04:00,2026-07-14 19:48:00-04:00,DEACTIVATED_CLOSE_THROUGH,inactive_or_traversed
application,EP-45689-ENTRY_ON_FIRST_CLOSE_OUTSIDE,2026-07-14 21:30:00-04:00,IFVG2-004185,2026-07-14 19:30:00-04:00,2026-07-15 03:30:00-04:00,EXPIRED_ACTIVE_8H,component
application,EP-45696-ENTRY_ON_NEW_FVG,2026-07-14 20:12:00-04:00,IFVG2-004185,2026-07-14 19:30:00-04:00,2026-07-15 03:30:00-04:00,EXPIRED_ACTIVE_8H,component
application,EP-45768-ENTRY_ON_DELAYED_DISPLACEMENT,2026-07-14 20:59:00-04:00,IFVG2-004245,2026-07-09 14:00:00-04:00,2026-07-09 16:00:00-04:00,DEACTIVATED_OVERSHOOT_LIMIT,same_direction
application,EP-45768-ENTRY_ON_DELAYED_DISPLACEMENT,2026-07-14 20:59:00-04:00,IFVG2-002233,2026-07-14 20:55:00-04:00,2026-07-14 21:00:00-04:00,DEACTIVATED_CLOSE_THROUGH,component
application,EP-45771-ENTRY_ON_IFVG_RETEST,2026-07-14 20:59:00-04:00,IFVG2-004245,2026-07-09 14:00:00-04:00,2026-07-09 16:00:00-04:00,DEACTIVATED_OVERSHOOT_LIMIT,same_direction
application,EP-45771-ENTRY_ON_IFVG_RETEST,2026-07-14 20:59:00-04:00,IFVG2-002234,2026-07-14 20:57:00-04:00,2026-07-14 21:00:00-04:00,DEACTIVATED_CLOSE_THROUGH,component
application,EP-45798-ENTRY_ON_STRONG_REJECTION,2026-07-14 21:27:00-04:00,IFVG2-004234,2026-07-02 03:00:00-04:00,2026-07-02 05:00:00-04:00,DEACTIVATED_CLOSE_THROUGH,inactive_or_traversed
application,EP-45807-ENTRY_ON_DELAYED_DISPLACEMENT,2026-07-14 21:27:00-04:00,IFVG2-004234,2026-07-02 03:00:00-04:00,2026-07-02 05:00:00-04:00,DEACTIVATED_CLOSE_THROUGH,inactive_or_traversed
application,EP-45808-ENTRY_ON_FIRST_CLOSE_OUTSIDE,2026-07-14 21:27:00-04:00,IFVG2-004234,2026-07-02 03:00:00-04:00,2026-07-02 05:00:00-04:00,DEACTIVATED_CLOSE_THROUGH,inactive_or_traversed
application,EP-45808-ENTRY_ON_MINIMAL_WICK_REJECTION,2026-07-14 21:32:00-04:00,IFVG2-004245,2026-07-09 14:00:00-04:00,2026-07-09 16:00:00-04:00,DEACTIVATED_OVERSHOOT_LIMIT,same_direction
application,EP-45808-ENTRY_ON_DELAYED_DISPLACEMENT,2026-07-14 21:27:00-04:00,IFVG2-004234,2026-07-02 03:00:00-04:00,2026-07-02 05:00:00-04:00,DEACTIVATED_CLOSE_THROUGH,inactive_or_traversed
application,EP-45809-ENTRY_ON_FIRST_CLOSE_OUTSIDE,2026-07-14 21:27:00-04:00,IFVG2-004234,2026-07-02 03:00:00-04:00,2026-07-02 05:00:00-04:00,DEACTIVATED_CLOSE_THROUGH,inactive_or_traversed
application,EP-45809-ENTRY_ON_IMMEDIATE_DISPLACEMENT,2026-07-14 21:27:00-04:00,IFVG2-004234,2026-07-02 03:00:00-04:00,2026-07-02 05:00:00-04:00,DEACTIVATED_CLOSE_THROUGH,inactive_or_traversed
application,EP-45812-ENTRY_ON_FIRST_CLOSE_OUTSIDE,2026-07-14 21:33:00-04:00,IFVG2-004245,2026-07-09 14:00:00-04:00,2026-07-09 16:00:00-04:00,DEACTIVATED_OVERSHOOT_LIMIT,same_direction
application,EP-45812-ENTRY_ON_MINIMAL_WICK_REJECTION,2026-07-14 21:33:00-04:00,IFVG2-004245,2026-07-09 14:00:00-04:00,2026-07-09 16:00:00-04:00,DEACTIVATED_OVERSHOOT_LIMIT,same_direction
application,EP-45813-ENTRY_ON_TAP,2026-07-14 21:29:00-04:00,IFVG2-004245,2026-07-09 14:00:00-04:00,2026-07-09 16:00:00-04:00,DEACTIVATED_OVERSHOOT_LIMIT,same_direction
application,EP-45814-ENTRY_ON_FIRST_CLOSE_OUTSIDE,2026-07-14 21:32:00-04:00,IFVG2-004245,2026-07-09 14:00:00-04:00,2026-07-09 16:00:00-04:00,DEACTIVATED_OVERSHOOT_LIMIT,same_direction
application,EP-45814-ENTRY_ON_MINIMAL_WICK_REJECTION,2026-07-14 21:32:00-04:00,IFVG2-004245,2026-07-09 14:00:00-04:00,2026-07-09 16:00:00-04:00,DEACTIVATED_OVERSHOOT_LIMIT,same_direction
application,EP-45814-ENTRY_ON_DELAYED_DISPLACEMENT,2026-07-14 21:32:00-04:00,IFVG2-004245,2026-07-09 14:00:00-04:00,2026-07-09 16:00:00-04:00,DEACTIVATED_OVERSHOOT_LIMIT,same_direction
application,EP-45815-ENTRY_ON_FIRST_CLOSE_OUTSIDE,2026-07-14 21:32:00-04:00,IFVG2-004245,2026-07-09 14:00:00-04:00,2026-07-09 16:00:00-04:00,DEACTIVATED_OVERSHOOT_LIMIT,same_direction
application,EP-45815-ENTRY_ON_MINIMAL_WICK_REJECTION,2026-07-14 21:32:00-04:00,IFVG2-004245,2026-07-09 14:00:00-04:00,2026-07-09 16:00:00-04:00,DEACTIVATED_OVERSHOOT_LIMIT,same_direction
application,EP-45815-ENTRY_ON_IMMEDIATE_DISPLACEMENT,2026-07-14 21:32:00-04:00,IFVG2-004245,2026-07-09 14:00:00-04:00,2026-07-09 16:00:00-04:00,DEACTIVATED_OVERSHOOT_LIMIT,same_direction
application,EP-45819-ENTRY_ON_FIRST_CLOSE_OUTSIDE,2026-07-14 21:38:00-04:00,IFVG2-004234,2026-07-02 03:00:00-04:00,2026-07-02 05:00:00-04:00,DEACTIVATED_CLOSE_THROUGH,inactive_or_traversed
application,EP-45819-ENTRY_ON_IMMEDIATE_DISPLACEMENT,2026-07-14 21:38:00-04:00,IFVG2-004234,2026-07-02 03:00:00-04:00,2026-07-02 05:00:00-04:00,DEACTIVATED_CLOSE_THROUGH,inactive_or_traversed
application,EP-45831-ENTRY_ON_MINIMAL_WICK_REJECTION,2026-07-14 21:54:00-04:00,IFVG2-004234,2026-07-02 03:00:00-04:00,2026-07-02 05:00:00-04:00,DEACTIVATED_CLOSE_THROUGH,inactive_or_traversed
application,EP-45936-ENTRY_ON_FIRST_CLOSE_OUTSIDE,2026-07-14 23:34:00-04:00,IFVG2-004248,2026-07-12 19:00:00-04:00,2026-07-12 21:00:00-04:00,DEACTIVATED_OVERSHOOT_LIMIT,inactive_or_traversed
application,EP-45936-ENTRY_ON_IMMEDIATE_DISPLACEMENT,2026-07-14 23:34:00-04:00,IFVG2-004248,2026-07-12 19:00:00-04:00,2026-07-12 21:00:00-04:00,DEACTIVATED_OVERSHOOT_LIMIT,inactive_or_traversed
application,EP-45950-ENTRY_ON_NEW_FVG,2026-07-14 23:50:00-04:00,IFVG2-004235,2026-07-02 11:00:00-04:00,2026-07-06 11:00:00-04:00,DEACTIVATED_CLOSE_THROUGH,inactive_or_traversed
application,EP-45951-ENTRY_ON_NEW_FVG,2026-07-14 23:50:00-04:00,IFVG2-004235,2026-07-02 11:00:00-04:00,2026-07-06 11:00:00-04:00,DEACTIVATED_CLOSE_THROUGH,inactive_or_traversed
application,EP-45955-ENTRY_ON_DELAYED_DISPLACEMENT,2026-07-14 23:50:00-04:00,IFVG2-004235,2026-07-02 11:00:00-04:00,2026-07-06 11:00:00-04:00,DEACTIVATED_CLOSE_THROUGH,inactive_or_traversed
application,EP-45955-ENTRY_ON_NEW_FVG,2026-07-14 23:50:00-04:00,IFVG2-004235,2026-07-02 11:00:00-04:00,2026-07-06 11:00:00-04:00,DEACTIVATED_CLOSE_THROUGH,inactive_or_traversed
application,EP-46506-ENTRY_ON_TAP,2026-07-15 07:01:00-04:00,IFVG2-002268,2026-07-15 07:00:00-04:00,2026-07-15 07:01:00-04:00,DEACTIVATED_CLOSE_THROUGH,behind_entry
application,EP-46507-ENTRY_ON_TAP,2026-07-15 07:01:00-04:00,IFVG2-002268,2026-07-15 07:00:00-04:00,2026-07-15 07:01:00-04:00,DEACTIVATED_CLOSE_THROUGH,behind_entry
application,EP-46629-ENTRY_ON_FIRST_CLOSE_OUTSIDE,2026-07-15 08:45:00-04:00,IFVG2-002274,2026-07-15 08:35:00-04:00,2026-07-15 08:36:00-04:00,DEACTIVATED_CLOSE_THROUGH,same_direction
application,EP-46629-ENTRY_ON_MINIMAL_WICK_REJECTION,2026-07-15 08:45:00-04:00,IFVG2-002274,2026-07-15 08:35:00-04:00,2026-07-15 08:36:00-04:00,DEACTIVATED_CLOSE_THROUGH,same_direction
application,EP-46690-ENTRY_ON_TAP,2026-07-15 09:35:00-04:00,IFVG2-002276,2026-07-15 08:48:00-04:00,2026-07-15 09:13:00-04:00,DEACTIVATED_CLOSE_THROUGH,same_direction
application,EP-46693-ENTRY_ON_FIRST_CLOSE_OUTSIDE,2026-07-15 09:35:00-04:00,IFVG2-002276,2026-07-15 08:48:00-04:00,2026-07-15 09:13:00-04:00,DEACTIVATED_CLOSE_THROUGH,same_direction
application,EP-46693-ENTRY_ON_MINIMAL_WICK_REJECTION,2026-07-15 09:35:00-04:00,IFVG2-002276,2026-07-15 08:48:00-04:00,2026-07-15 09:13:00-04:00,DEACTIVATED_CLOSE_THROUGH,same_direction
application,EP-46693-ENTRY_ON_DELAYED_DISPLACEMENT,2026-07-15 09:35:00-04:00,IFVG2-002276,2026-07-15 08:48:00-04:00,2026-07-15 09:13:00-04:00,DEACTIVATED_CLOSE_THROUGH,same_direction
application,EP-46694-ENTRY_ON_IFVG_RETEST,2026-07-15 09:34:00-04:00,IFVG2-003335,2026-07-15 08:33:00-04:00,2026-07-15 09:36:00-04:00,DEACTIVATED_OVERSHOOT_LIMIT,component
application,EP-46694-ENTRY_ON_FIRST_CLOSE_OUTSIDE,2026-07-15 09:35:00-04:00,IFVG2-002276,2026-07-15 08:48:00-04:00,2026-07-15 09:13:00-04:00,DEACTIVATED_CLOSE_THROUGH,same_direction
application,EP-46694-ENTRY_ON_FIRST_CLOSE_OUTSIDE,2026-07-15 09:35:00-04:00,IFVG2-003335,2026-07-15 08:33:00-04:00,2026-07-15 09:36:00-04:00,DEACTIVATED_OVERSHOOT_LIMIT,component
application,EP-46694-ENTRY_ON_IMMEDIATE_DISPLACEMENT,2026-07-15 09:35:00-04:00,IFVG2-002276,2026-07-15 08:48:00-04:00,2026-07-15 09:13:00-04:00,DEACTIVATED_CLOSE_THROUGH,same_direction
application,EP-46694-ENTRY_ON_IMMEDIATE_DISPLACEMENT,2026-07-15 09:35:00-04:00,IFVG2-003335,2026-07-15 08:33:00-04:00,2026-07-15 09:36:00-04:00,DEACTIVATED_OVERSHOOT_LIMIT,component
application,EP-46695-ENTRY_ON_FIRST_CLOSE_OUTSIDE,2026-07-15 09:35:00-04:00,IFVG2-002276,2026-07-15 08:48:00-04:00,2026-07-15 09:13:00-04:00,DEACTIVATED_CLOSE_THROUGH,same_direction
application,EP-46695-ENTRY_ON_MINIMAL_WICK_REJECTION,2026-07-15 09:35:00-04:00,IFVG2-002276,2026-07-15 08:48:00-04:00,2026-07-15 09:13:00-04:00,DEACTIVATED_CLOSE_THROUGH,same_direction
application,EP-46695-ENTRY_ON_IMMEDIATE_DISPLACEMENT,2026-07-15 09:35:00-04:00,IFVG2-002276,2026-07-15 08:48:00-04:00,2026-07-15 09:13:00-04:00,DEACTIVATED_CLOSE_THROUGH,same_direction
application,EP-46703-ENTRY_ON_FIRST_CLOSE_OUTSIDE,2026-07-15 09:41:00-04:00,IFVG2-002279,2026-07-15 09:37:00-04:00,2026-07-15 18:00:00-04:00,EXPIRED_ACTIVE_8H,component
application,EP-46703-ENTRY_ON_DELAYED_DISPLACEMENT,2026-07-15 09:41:00-04:00,IFVG2-002279,2026-07-15 09:37:00-04:00,2026-07-15 18:00:00-04:00,EXPIRED_ACTIVE_8H,component
application,EP-46704-ENTRY_ON_FIRST_CLOSE_OUTSIDE,2026-07-15 09:41:00-04:00,IFVG2-003336,2026-07-15 09:39:00-04:00,2026-07-15 18:03:00-04:00,EXPIRED_ACTIVE_8H,component
application,EP-46704-ENTRY_ON_IMMEDIATE_DISPLACEMENT,2026-07-15 09:41:00-04:00,IFVG2-003336,2026-07-15 09:39:00-04:00,2026-07-15 18:03:00-04:00,EXPIRED_ACTIVE_8H,component
application,EP-46704-ENTRY_ON_DELAYED_DISPLACEMENT,2026-07-15 09:45:00-04:00,IFVG2-004236,2026-07-02 12:00:00-04:00,2026-07-03 03:00:00-04:00,DEACTIVATED_CLOSE_THROUGH,same_direction
application,EP-46704-ENTRY_ON_DELAYED_DISPLACEMENT,2026-07-15 09:45:00-04:00,IFVG2-003336,2026-07-15 09:39:00-04:00,2026-07-15 18:03:00-04:00,EXPIRED_ACTIVE_8H,component
application,EP-46705-ENTRY_ON_IFVG_RETEST,2026-07-15 09:42:00-04:00,IFVG2-003336,2026-07-15 09:39:00-04:00,2026-07-15 18:03:00-04:00,EXPIRED_ACTIVE_8H,component
application,EP-46705-ENTRY_ON_FIRST_CLOSE_OUTSIDE,2026-07-15 09:45:00-04:00,IFVG2-004236,2026-07-02 12:00:00-04:00,2026-07-03 03:00:00-04:00,DEACTIVATED_CLOSE_THROUGH,same_direction
application,EP-46705-ENTRY_ON_FIRST_CLOSE_OUTSIDE,2026-07-15 09:45:00-04:00,IFVG2-003336,2026-07-15 09:39:00-04:00,2026-07-15 18:03:00-04:00,EXPIRED_ACTIVE_8H,component
application,EP-46705-ENTRY_ON_MINIMAL_WICK_REJECTION,2026-07-15 09:45:00-04:00,IFVG2-004236,2026-07-02 12:00:00-04:00,2026-07-03 03:00:00-04:00,DEACTIVATED_CLOSE_THROUGH,same_direction
application,EP-46705-ENTRY_ON_MINIMAL_WICK_REJECTION,2026-07-15 09:45:00-04:00,IFVG2-003336,2026-07-15 09:39:00-04:00,2026-07-15 18:03:00-04:00,EXPIRED_ACTIVE_8H,component
application,EP-46705-ENTRY_ON_STRONG_REJECTION,2026-07-15 09:45:00-04:00,IFVG2-004236,2026-07-02 12:00:00-04:00,2026-07-03 03:00:00-04:00,DEACTIVATED_CLOSE_THROUGH,same_direction
application,EP-46705-ENTRY_ON_STRONG_REJECTION,2026-07-15 09:45:00-04:00,IFVG2-003336,2026-07-15 09:39:00-04:00,2026-07-15 18:03:00-04:00,EXPIRED_ACTIVE_8H,component
application,EP-46709-ENTRY_ON_TAP,2026-07-15 09:45:00-04:00,IFVG2-004236,2026-07-02 12:00:00-04:00,2026-07-03 03:00:00-04:00,DEACTIVATED_CLOSE_THROUGH,same_direction
application,EP-46710-ENTRY_ON_TAP,2026-07-15 09:45:00-04:00,IFVG2-004244,2026-07-09 10:00:00-04:00,2026-07-09 11:00:00-04:00,DEACTIVATED_CLOSE_THROUGH,same_direction
application,EP-46711-ENTRY_ON_FIRST_CLOSE_OUTSIDE,2026-07-15 09:45:00-04:00,IFVG2-004236,2026-07-02 12:00:00-04:00,2026-07-03 03:00:00-04:00,DEACTIVATED_CLOSE_THROUGH,same_direction
application,EP-46711-ENTRY_ON_MINIMAL_WICK_REJECTION,2026-07-15 09:45:00-04:00,IFVG2-004236,2026-07-02 12:00:00-04:00,2026-07-03 03:00:00-04:00,DEACTIVATED_CLOSE_THROUGH,same_direction
application,EP-46711-ENTRY_ON_IMMEDIATE_DISPLACEMENT,2026-07-15 09:45:00-04:00,IFVG2-004236,2026-07-02 12:00:00-04:00,2026-07-03 03:00:00-04:00,DEACTIVATED_CLOSE_THROUGH,same_direction
application,EP-46712-ENTRY_ON_TAP,2026-07-15 09:45:00-04:00,IFVG2-004236,2026-07-02 12:00:00-04:00,2026-07-03 03:00:00-04:00,DEACTIVATED_CLOSE_THROUGH,same_direction
application,EP-46713-ENTRY_ON_TAP,2026-07-15 09:45:00-04:00,IFVG2-004244,2026-07-09 10:00:00-04:00,2026-07-09 11:00:00-04:00,DEACTIVATED_CLOSE_THROUGH,same_direction
application,EP-46725-ENTRY_ON_FIRST_CLOSE_OUTSIDE,2026-07-15 09:54:00-04:00,IFVG2-004210,2026-06-12 09:00:00-04:00,2026-06-12 10:00:00-04:00,DEACTIVATED_OVERSHOOT_LIMIT,same_direction
application,EP-46725-ENTRY_ON_MINIMAL_WICK_REJECTION,2026-07-15 09:54:00-04:00,IFVG2-004210,2026-06-12 09:00:00-04:00,2026-06-12 10:00:00-04:00,DEACTIVATED_OVERSHOOT_LIMIT,same_direction
application,EP-46725-ENTRY_ON_IMMEDIATE_DISPLACEMENT,2026-07-15 09:54:00-04:00,IFVG2-004210,2026-06-12 09:00:00-04:00,2026-06-12 10:00:00-04:00,DEACTIVATED_OVERSHOOT_LIMIT,same_direction
application,EP-46743-ENTRY_ON_IFVG_RETEST,2026-07-15 10:06:00-04:00,IFVG2-003337,2026-07-15 10:03:00-04:00,2026-07-15 10:15:00-04:00,DEACTIVATED_CLOSE_THROUGH,component
application,EP-46761-ENTRY_ON_FIRST_CLOSE_OUTSIDE,2026-07-15 10:21:00-04:00,IFVG2-003338,2026-07-15 10:15:00-04:00,2026-07-15 10:18:00-04:00,DEACTIVATED_OVERSHOOT_LIMIT,component
application,EP-46761-ENTRY_ON_MINIMAL_WICK_REJECTION,2026-07-15 10:21:00-04:00,IFVG2-003338,2026-07-15 10:15:00-04:00,2026-07-15 10:18:00-04:00,DEACTIVATED_OVERSHOOT_LIMIT,component
application,EP-46761-ENTRY_ON_IMMEDIATE_DISPLACEMENT,2026-07-15 10:21:00-04:00,IFVG2-003338,2026-07-15 10:15:00-04:00,2026-07-15 10:18:00-04:00,DEACTIVATED_OVERSHOOT_LIMIT,component
application,EP-46761-ENTRY_ON_DELAYED_DISPLACEMENT,2026-07-15 10:24:00-04:00,IFVG2-004227,2026-06-24 17:00:00-04:00,2026-06-25 10:00:00-04:00,DEACTIVATED_CLOSE_THROUGH,inactive_or_traversed
application,EP-46761-ENTRY_ON_DELAYED_DISPLACEMENT,2026-07-15 10:24:00-04:00,IFVG2-003338,2026-07-15 10:15:00-04:00,2026-07-15 10:18:00-04:00,DEACTIVATED_OVERSHOOT_LIMIT,component
application,EP-46762-ENTRY_ON_DELAYED_DISPLACEMENT,2026-07-15 10:40:00-04:00,IFVG2-003913,2026-07-15 10:15:00-04:00,2026-07-15 10:20:00-04:00,DEACTIVATED_OVERSHOOT_LIMIT,component
application,EP-46768-ENTRY_ON_DELAYED_DISPLACEMENT,2026-07-15 10:24:00-04:00,IFVG2-004227,2026-06-24 17:00:00-04:00,2026-06-25 10:00:00-04:00,DEACTIVATED_CLOSE_THROUGH,inactive_or_traversed
application,EP-46769-ENTRY_ON_DELAYED_DISPLACEMENT,2026-07-15 10:40:00-04:00,IFVG2-003914,2026-07-15 10:20:00-04:00,2026-07-15 18:20:00-04:00,EXPIRED_ACTIVE_8H,component
application,EP-46832-ENTRY_ON_DELAYED_DISPLACEMENT,2026-07-15 11:17:00-04:00,IFVG2-002285,2026-07-15 11:12:00-04:00,2026-07-15 11:13:00-04:00,DEACTIVATED_OVERSHOOT_LIMIT,component
application,EP-46832-ENTRY_ON_NEW_FVG,2026-07-15 11:17:00-04:00,IFVG2-002285,2026-07-15 11:12:00-04:00,2026-07-15 11:13:00-04:00,DEACTIVATED_OVERSHOOT_LIMIT,component
application,EP-46886-ENTRY_ON_STRONG_REJECTION,2026-07-15 12:08:00-04:00,IFVG2-004243,2026-07-08 22:00:00-04:00,2026-07-08 23:00:00-04:00,DEACTIVATED_OVERSHOOT_LIMIT,same_direction
application,EP-46886-ENTRY_ON_NEW_FVG,2026-07-15 12:08:00-04:00,IFVG2-004243,2026-07-08 22:00:00-04:00,2026-07-08 23:00:00-04:00,DEACTIVATED_OVERSHOOT_LIMIT,same_direction
application,EP-46897-ENTRY_ON_STRONG_REJECTION,2026-07-15 12:08:00-04:00,IFVG2-004243,2026-07-08 22:00:00-04:00,2026-07-08 23:00:00-04:00,DEACTIVATED_OVERSHOOT_LIMIT,same_direction
application,EP-46897-ENTRY_ON_NEW_FVG,2026-07-15 12:08:00-04:00,IFVG2-004243,2026-07-08 22:00:00-04:00,2026-07-08 23:00:00-04:00,DEACTIVATED_OVERSHOOT_LIMIT,same_direction
application,EP-46911-ENTRY_ON_FIRST_CLOSE_OUTSIDE,2026-07-15 12:14:00-04:00,IFVG2-004243,2026-07-08 22:00:00-04:00,2026-07-08 23:00:00-04:00,DEACTIVATED_OVERSHOOT_LIMIT,same_direction
application,EP-46911-ENTRY_ON_MINIMAL_WICK_REJECTION,2026-07-15 12:14:00-04:00,IFVG2-004243,2026-07-08 22:00:00-04:00,2026-07-08 23:00:00-04:00,DEACTIVATED_OVERSHOOT_LIMIT,same_direction
application,EP-46911-ENTRY_ON_IMMEDIATE_DISPLACEMENT,2026-07-15 12:14:00-04:00,IFVG2-004243,2026-07-08 22:00:00-04:00,2026-07-08 23:00:00-04:00,DEACTIVATED_OVERSHOOT_LIMIT,same_direction
application,EP-47358-ENTRY_ON_TAP,2026-07-15 18:50:00-04:00,IFVG2-004111,2026-07-15 15:00:00-04:00,2026-07-15 15:45:00-04:00,DEACTIVATED_CLOSE_THROUGH,same_direction
application,EP-47826-ENTRY_ON_NEW_IFVG,2026-07-16 01:31:00-04:00,IFVG2-004224,2026-06-24 04:00:00-04:00,2026-06-24 05:00:00-04:00,DEACTIVATED_CLOSE_THROUGH,inactive_or_traversed
application,EP-47828-ENTRY_ON_DELAYED_DISPLACEMENT,2026-07-16 01:34:00-04:00,IFVG2-002322,2026-07-15 23:05:00-04:00,2026-07-15 23:19:00-04:00,DEACTIVATED_CLOSE_THROUGH,inactive_or_traversed
application,EP-47828-ENTRY_ON_NEW_FVG,2026-07-16 01:34:00-04:00,IFVG2-002322,2026-07-15 23:05:00-04:00,2026-07-15 23:19:00-04:00,DEACTIVATED_CLOSE_THROUGH,inactive_or_traversed
application,EP-47994-ENTRY_ON_FIRST_CLOSE_OUTSIDE,2026-07-16 03:36:00-04:00,IFVG2-002346,2026-07-16 03:32:00-04:00,2026-07-16 05:00:00-04:00,DEACTIVATED_CLOSE_THROUGH,component
application,EP-47994-ENTRY_ON_DELAYED_DISPLACEMENT,2026-07-16 03:36:00-04:00,IFVG2-002346,2026-07-16 03:32:00-04:00,2026-07-16 05:00:00-04:00,DEACTIVATED_CLOSE_THROUGH,component
application,EP-47994-ENTRY_ON_NEW_FVG,2026-07-16 03:38:00-04:00,IFVG2-004228,2026-06-24 17:00:00-04:00,2026-06-25 10:00:00-04:00,DEACTIVATED_CLOSE_THROUGH,inactive_or_traversed
application,EP-47994-ENTRY_ON_NEW_FVG,2026-07-16 03:38:00-04:00,IFVG2-002346,2026-07-16 03:32:00-04:00,2026-07-16 05:00:00-04:00,DEACTIVATED_CLOSE_THROUGH,component
application,EP-47995-ENTRY_ON_NEW_FVG,2026-07-16 03:38:00-04:00,IFVG2-004228,2026-06-24 17:00:00-04:00,2026-06-25 10:00:00-04:00,DEACTIVATED_CLOSE_THROUGH,inactive_or_traversed
application,EP-48001-ENTRY_ON_TAP,2026-07-16 03:39:00-04:00,IFVG2-004228,2026-06-24 17:00:00-04:00,2026-06-25 10:00:00-04:00,DEACTIVATED_CLOSE_THROUGH,inactive_or_traversed
application,EP-48254-ENTRY_ON_DELAYED_DISPLACEMENT,2026-07-16 07:05:00-04:00,IFVG2-004243,2026-07-08 22:00:00-04:00,2026-07-08 23:00:00-04:00,DEACTIVATED_OVERSHOOT_LIMIT,same_direction
application,EP-48287-ENTRY_ON_NEW_FVG,2026-07-16 07:02:00-04:00,IFVG2-004243,2026-07-08 22:00:00-04:00,2026-07-08 23:00:00-04:00,DEACTIVATED_OVERSHOOT_LIMIT,same_direction
application,EP-48288-ENTRY_ON_NEW_FVG,2026-07-16 07:02:00-04:00,IFVG2-004243,2026-07-08 22:00:00-04:00,2026-07-08 23:00:00-04:00,DEACTIVATED_OVERSHOOT_LIMIT,same_direction
application,EP-48290-ENTRY_ON_FIRST_CLOSE_OUTSIDE,2026-07-16 07:02:00-04:00,IFVG2-004243,2026-07-08 22:00:00-04:00,2026-07-08 23:00:00-04:00,DEACTIVATED_OVERSHOOT_LIMIT,same_direction
application,EP-48290-ENTRY_ON_NEW_FVG,2026-07-16 07:02:00-04:00,IFVG2-004243,2026-07-08 22:00:00-04:00,2026-07-08 23:00:00-04:00,DEACTIVATED_OVERSHOOT_LIMIT,same_direction
application,EP-48297-ENTRY_ON_TAP,2026-07-16 07:05:00-04:00,IFVG2-004243,2026-07-08 22:00:00-04:00,2026-07-08 23:00:00-04:00,DEACTIVATED_OVERSHOOT_LIMIT,same_direction
application,EP-48304-ENTRY_ON_FIRST_CLOSE_OUTSIDE,2026-07-16 07:05:00-04:00,IFVG2-004243,2026-07-08 22:00:00-04:00,2026-07-08 23:00:00-04:00,DEACTIVATED_OVERSHOOT_LIMIT,same_direction
application,EP-48305-ENTRY_ON_NEW_FVG,2026-07-16 07:11:00-04:00,IFVG2-004200,2026-06-08 03:59:00-04:00,2026-06-09 11:00:00-04:00,DEACTIVATED_OVERSHOOT_LIMIT,inactive_or_traversed
application,EP-48306-ENTRY_ON_NEW_FVG,2026-07-16 07:11:00-04:00,IFVG2-004200,2026-06-08 03:59:00-04:00,2026-06-09 11:00:00-04:00,DEACTIVATED_OVERSHOOT_LIMIT,inactive_or_traversed
application,EP-48322-ENTRY_ON_IFVG_RETEST,2026-07-16 07:17:00-04:00,IFVG2-004243,2026-07-08 22:00:00-04:00,2026-07-08 23:00:00-04:00,DEACTIVATED_OVERSHOOT_LIMIT,inactive_or_traversed
application,EP-48323-ENTRY_ON_TAP,2026-07-16 07:19:00-04:00,IFVG2-004243,2026-07-08 22:00:00-04:00,2026-07-08 23:00:00-04:00,DEACTIVATED_OVERSHOOT_LIMIT,inactive_or_traversed
application,EP-48402-ENTRY_ON_DELAYED_DISPLACEMENT,2026-07-16 08:39:00-04:00,IFVG2-004198,2026-06-07 21:00:00-04:00,2026-06-07 21:58:00-04:00,DEACTIVATED_OVERSHOOT_LIMIT,inactive_or_traversed
application,EP-48408-ENTRY_ON_NEW_FVG,2026-07-16 08:38:00-04:00,IFVG2-004206,2026-06-09 16:00:00-04:00,2026-06-10 05:00:00-04:00,DEACTIVATED_CLOSE_THROUGH,inactive_or_traversed
application,EP-48408-ENTRY_ON_NEW_FVG,2026-07-16 08:38:00-04:00,IFVG2-003364,2026-07-16 08:24:00-04:00,2026-07-16 09:03:00-04:00,DEACTIVATED_OVERSHOOT_LIMIT,component
application,EP-48411-ENTRY_ON_FIRST_CLOSE_OUTSIDE,2026-07-16 08:39:00-04:00,IFVG2-004198,2026-06-07 21:00:00-04:00,2026-06-07 21:58:00-04:00,DEACTIVATED_OVERSHOOT_LIMIT,inactive_or_traversed
application,EP-48411-ENTRY_ON_FIRST_CLOSE_OUTSIDE,2026-07-16 08:39:00-04:00,IFVG2-003364,2026-07-16 08:24:00-04:00,2026-07-16 09:03:00-04:00,DEACTIVATED_OVERSHOOT_LIMIT,component
application,EP-48411-ENTRY_ON_DELAYED_DISPLACEMENT,2026-07-16 08:39:00-04:00,IFVG2-004198,2026-06-07 21:00:00-04:00,2026-06-07 21:58:00-04:00,DEACTIVATED_OVERSHOOT_LIMIT,inactive_or_traversed
application,EP-48411-ENTRY_ON_DELAYED_DISPLACEMENT,2026-07-16 08:39:00-04:00,IFVG2-003364,2026-07-16 08:24:00-04:00,2026-07-16 09:03:00-04:00,DEACTIVATED_OVERSHOOT_LIMIT,component
application,EP-48412-ENTRY_ON_FIRST_CLOSE_OUTSIDE,2026-07-16 08:39:00-04:00,IFVG2-004198,2026-06-07 21:00:00-04:00,2026-06-07 21:58:00-04:00,DEACTIVATED_OVERSHOOT_LIMIT,inactive_or_traversed
application,EP-48412-ENTRY_ON_MINIMAL_WICK_REJECTION,2026-07-16 08:39:00-04:00,IFVG2-004198,2026-06-07 21:00:00-04:00,2026-06-07 21:58:00-04:00,DEACTIVATED_OVERSHOOT_LIMIT,inactive_or_traversed
application,EP-48412-ENTRY_ON_DELAYED_DISPLACEMENT,2026-07-16 08:39:00-04:00,IFVG2-004198,2026-06-07 21:00:00-04:00,2026-06-07 21:58:00-04:00,DEACTIVATED_OVERSHOOT_LIMIT,inactive_or_traversed
application,EP-48416-ENTRY_ON_FIRST_CLOSE_OUTSIDE,2026-07-16 08:38:00-04:00,IFVG2-004206,2026-06-09 16:00:00-04:00,2026-06-10 05:00:00-04:00,DEACTIVATED_CLOSE_THROUGH,inactive_or_traversed
application,EP-48416-ENTRY_ON_STRONG_REJECTION,2026-07-16 08:41:00-04:00,IFVG2-004241,2026-07-08 04:00:00-04:00,2026-07-08 05:00:00-04:00,DEACTIVATED_CLOSE_THROUGH,inactive_or_traversed
application,EP-48416-ENTRY_ON_IMMEDIATE_DISPLACEMENT,2026-07-16 08:38:00-04:00,IFVG2-004206,2026-06-09 16:00:00-04:00,2026-06-10 05:00:00-04:00,DEACTIVATED_CLOSE_THROUGH,inactive_or_traversed
application,EP-48416-ENTRY_ON_NEW_FVG,2026-07-16 08:38:00-04:00,IFVG2-004206,2026-06-09 16:00:00-04:00,2026-06-10 05:00:00-04:00,DEACTIVATED_CLOSE_THROUGH,inactive_or_traversed
application,EP-48419-ENTRY_ON_TAP,2026-07-16 08:39:00-04:00,IFVG2-004198,2026-06-07 21:00:00-04:00,2026-06-07 21:58:00-04:00,DEACTIVATED_OVERSHOOT_LIMIT,inactive_or_traversed
application,EP-48419-ENTRY_ON_FIRST_CLOSE_OUTSIDE,2026-07-16 08:42:00-04:00,IFVG2-004206,2026-06-09 16:00:00-04:00,2026-06-10 05:00:00-04:00,DEACTIVATED_CLOSE_THROUGH,inactive_or_traversed
application,EP-48420-ENTRY_ON_TAP,2026-07-16 08:40:00-04:00,IFVG2-004198,2026-06-07 21:00:00-04:00,2026-06-07 21:58:00-04:00,DEACTIVATED_OVERSHOOT_LIMIT,inactive_or_traversed
application,EP-48420-ENTRY_ON_FIRST_CLOSE_OUTSIDE,2026-07-16 08:41:00-04:00,IFVG2-004241,2026-07-08 04:00:00-04:00,2026-07-08 05:00:00-04:00,DEACTIVATED_CLOSE_THROUGH,inactive_or_traversed
application,EP-48420-ENTRY_ON_MINIMAL_WICK_REJECTION,2026-07-16 08:41:00-04:00,IFVG2-004241,2026-07-08 04:00:00-04:00,2026-07-08 05:00:00-04:00,DEACTIVATED_CLOSE_THROUGH,inactive_or_traversed
application,EP-48420-ENTRY_ON_STRONG_REJECTION,2026-07-16 08:41:00-04:00,IFVG2-004241,2026-07-08 04:00:00-04:00,2026-07-08 05:00:00-04:00,DEACTIVATED_CLOSE_THROUGH,inactive_or_traversed
application,EP-48421-ENTRY_ON_TAP,2026-07-16 08:42:00-04:00,IFVG2-004206,2026-06-09 16:00:00-04:00,2026-06-10 05:00:00-04:00,DEACTIVATED_CLOSE_THROUGH,inactive_or_traversed
application,EP-48421-ENTRY_ON_FIRST_CLOSE_OUTSIDE,2026-07-16 08:45:00-04:00,IFVG2-004206,2026-06-09 16:00:00-04:00,2026-06-10 05:00:00-04:00,DEACTIVATED_CLOSE_THROUGH,inactive_or_traversed
application,EP-48422-ENTRY_ON_TAP,2026-07-16 08:43:00-04:00,IFVG2-004241,2026-07-08 04:00:00-04:00,2026-07-08 05:00:00-04:00,DEACTIVATED_CLOSE_THROUGH,inactive_or_traversed
application,EP-48422-ENTRY_ON_FIRST_CLOSE_OUTSIDE,2026-07-16 08:45:00-04:00,IFVG2-004206,2026-06-09 16:00:00-04:00,2026-06-10 05:00:00-04:00,DEACTIVATED_CLOSE_THROUGH,inactive_or_traversed
application,EP-48423-ENTRY_ON_TAP,2026-07-16 08:45:00-04:00,IFVG2-004206,2026-06-09 16:00:00-04:00,2026-06-10 05:00:00-04:00,DEACTIVATED_CLOSE_THROUGH,inactive_or_traversed
application,EP-48466-ENTRY_ON_DELAYED_DISPLACEMENT,2026-07-16 09:42:00-04:00,IFVG2-004199,2026-06-08 01:59:00-04:00,2026-06-08 03:00:00-04:00,DEACTIVATED_CLOSE_THROUGH,same_direction
application,EP-48483-ENTRY_ON_FIRST_CLOSE_OUTSIDE,2026-07-16 09:42:00-04:00,IFVG2-004199,2026-06-08 01:59:00-04:00,2026-06-08 03:00:00-04:00,DEACTIVATED_CLOSE_THROUGH,same_direction
application,EP-48483-ENTRY_ON_FIRST_CLOSE_OUTSIDE,2026-07-16 09:42:00-04:00,IFVG2-003365,2026-07-16 09:36:00-04:00,2026-07-16 09:39:00-04:00,DEACTIVATED_OVERSHOOT_LIMIT,component
application,EP-48483-ENTRY_ON_MINIMAL_WICK_REJECTION,2026-07-16 09:42:00-04:00,IFVG2-004199,2026-06-08 01:59:00-04:00,2026-06-08 03:00:00-04:00,DEACTIVATED_CLOSE_THROUGH,same_direction
application,EP-48483-ENTRY_ON_MINIMAL_WICK_REJECTION,2026-07-16 09:42:00-04:00,IFVG2-003365,2026-07-16 09:36:00-04:00,2026-07-16 09:39:00-04:00,DEACTIVATED_OVERSHOOT_LIMIT,component
application,EP-48483-ENTRY_ON_IMMEDIATE_DISPLACEMENT,2026-07-16 09:42:00-04:00,IFVG2-004199,2026-06-08 01:59:00-04:00,2026-06-08 03:00:00-04:00,DEACTIVATED_CLOSE_THROUGH,same_direction
application,EP-48483-ENTRY_ON_IMMEDIATE_DISPLACEMENT,2026-07-16 09:42:00-04:00,IFVG2-003365,2026-07-16 09:36:00-04:00,2026-07-16 09:39:00-04:00,DEACTIVATED_OVERSHOOT_LIMIT,component
application,EP-48483-ENTRY_ON_DELAYED_DISPLACEMENT,2026-07-16 09:45:00-04:00,IFVG2-003365,2026-07-16 09:36:00-04:00,2026-07-16 09:39:00-04:00,DEACTIVATED_OVERSHOOT_LIMIT,component
application,EP-48483-ENTRY_ON_NEW_FVG,2026-07-16 09:45:00-04:00,IFVG2-003365,2026-07-16 09:36:00-04:00,2026-07-16 09:39:00-04:00,DEACTIVATED_OVERSHOOT_LIMIT,component
application,EP-48485-ENTRY_ON_DELAYED_DISPLACEMENT,2026-07-16 09:42:00-04:00,IFVG2-004199,2026-06-08 01:59:00-04:00,2026-06-08 03:00:00-04:00,DEACTIVATED_CLOSE_THROUGH,same_direction
application,EP-48487-ENTRY_ON_FIRST_CLOSE_OUTSIDE,2026-07-16 09:42:00-04:00,IFVG2-004199,2026-06-08 01:59:00-04:00,2026-06-08 03:00:00-04:00,DEACTIVATED_CLOSE_THROUGH,same_direction
application,EP-48487-ENTRY_ON_DELAYED_DISPLACEMENT,2026-07-16 09:42:00-04:00,IFVG2-004199,2026-06-08 01:59:00-04:00,2026-06-08 03:00:00-04:00,DEACTIVATED_CLOSE_THROUGH,same_direction
application,EP-48488-ENTRY_ON_TAP,2026-07-16 09:42:00-04:00,IFVG2-004199,2026-06-08 01:59:00-04:00,2026-06-08 03:00:00-04:00,DEACTIVATED_CLOSE_THROUGH,same_direction
application,EP-48490-ENTRY_ON_FIRST_CLOSE_OUTSIDE,2026-07-16 09:42:00-04:00,IFVG2-004199,2026-06-08 01:59:00-04:00,2026-06-08 03:00:00-04:00,DEACTIVATED_CLOSE_THROUGH,same_direction
application,EP-48490-ENTRY_ON_IMMEDIATE_DISPLACEMENT,2026-07-16 09:42:00-04:00,IFVG2-004199,2026-06-08 01:59:00-04:00,2026-06-08 03:00:00-04:00,DEACTIVATED_CLOSE_THROUGH,same_direction
application,EP-48691-ENTRY_ON_STRONG_REJECTION,2026-07-16 12:46:00-04:00,IFVG2-002379,2026-07-16 12:35:00-04:00,2026-07-16 12:38:00-04:00,DEACTIVATED_OVERSHOOT_LIMIT,component
application,EP-48855-ENTRY_ON_STRONG_REJECTION,2026-07-16 15:25:00-04:00,IFVG2-004242,2026-07-08 12:00:00-04:00,2026-07-08 13:00:00-04:00,DEACTIVATED_CLOSE_THROUGH,same_direction
application,EP-48864-ENTRY_ON_STRONG_REJECTION,2026-07-16 15:25:00-04:00,IFVG2-004242,2026-07-08 12:00:00-04:00,2026-07-08 13:00:00-04:00,DEACTIVATED_CLOSE_THROUGH,same_direction
application,EP-48878-ENTRY_ON_DELAYED_DISPLACEMENT,2026-07-16 15:18:00-04:00,IFVG2-004242,2026-07-08 12:00:00-04:00,2026-07-08 13:00:00-04:00,DEACTIVATED_CLOSE_THROUGH,same_direction
application,EP-48880-ENTRY_ON_FIRST_CLOSE_OUTSIDE,2026-07-16 15:25:00-04:00,IFVG2-004242,2026-07-08 12:00:00-04:00,2026-07-08 13:00:00-04:00,DEACTIVATED_CLOSE_THROUGH,same_direction
application,EP-48880-ENTRY_ON_STRONG_REJECTION,2026-07-16 15:25:00-04:00,IFVG2-004242,2026-07-08 12:00:00-04:00,2026-07-08 13:00:00-04:00,DEACTIVATED_CLOSE_THROUGH,same_direction
application,EP-48882-ENTRY_ON_FIRST_CLOSE_OUTSIDE,2026-07-16 15:18:00-04:00,IFVG2-004242,2026-07-08 12:00:00-04:00,2026-07-08 13:00:00-04:00,DEACTIVATED_CLOSE_THROUGH,same_direction
application,EP-48882-ENTRY_ON_IMMEDIATE_DISPLACEMENT,2026-07-16 15:18:00-04:00,IFVG2-004242,2026-07-08 12:00:00-04:00,2026-07-08 13:00:00-04:00,DEACTIVATED_CLOSE_THROUGH,same_direction
application,EP-48882-ENTRY_ON_NEW_FVG,2026-07-16 15:25:00-04:00,IFVG2-004242,2026-07-08 12:00:00-04:00,2026-07-08 13:00:00-04:00,DEACTIVATED_CLOSE_THROUGH,same_direction
application,EP-48886-ENTRY_ON_DELAYED_DISPLACEMENT,2026-07-16 15:24:00-04:00,IFVG2-004242,2026-07-08 12:00:00-04:00,2026-07-08 13:00:00-04:00,DEACTIVATED_CLOSE_THROUGH,same_direction
application,EP-48886-ENTRY_ON_NEW_FVG,2026-07-16 15:25:00-04:00,IFVG2-004242,2026-07-08 12:00:00-04:00,2026-07-08 13:00:00-04:00,DEACTIVATED_CLOSE_THROUGH,same_direction
application,EP-48887-ENTRY_ON_TAP,2026-07-16 15:24:00-04:00,IFVG2-004242,2026-07-08 12:00:00-04:00,2026-07-08 13:00:00-04:00,DEACTIVATED_CLOSE_THROUGH,same_direction
application,EP-48889-ENTRY_ON_TAP,2026-07-16 15:26:00-04:00,IFVG2-004242,2026-07-08 12:00:00-04:00,2026-07-08 13:00:00-04:00,DEACTIVATED_CLOSE_THROUGH,same_direction
application,EP-48894-ENTRY_ON_TAP,2026-07-16 15:29:00-04:00,IFVG2-004242,2026-07-08 12:00:00-04:00,2026-07-08 13:00:00-04:00,DEACTIVATED_CLOSE_THROUGH,same_direction
application,EP-48897-ENTRY_ON_TAP,2026-07-16 15:31:00-04:00,IFVG2-004242,2026-07-08 12:00:00-04:00,2026-07-08 13:00:00-04:00,DEACTIVATED_CLOSE_THROUGH,same_direction
application,EP-49820-ENTRY_ON_NEW_FVG,2026-07-17 04:56:00-04:00,IFVG2-002432,2026-07-17 04:47:00-04:00,2026-07-17 09:28:00-04:00,DEACTIVATED_OVERSHOOT_LIMIT,component
application,EP-50150-ENTRY_ON_DELAYED_DISPLACEMENT,2026-07-17 09:54:00-04:00,IFVG2-002432,2026-07-17 04:47:00-04:00,2026-07-17 09:28:00-04:00,DEACTIVATED_OVERSHOOT_LIMIT,same_direction
application,EP-50150-ENTRY_ON_NEW_FVG,2026-07-17 09:54:00-04:00,IFVG2-002432,2026-07-17 04:47:00-04:00,2026-07-17 09:28:00-04:00,DEACTIVATED_OVERSHOOT_LIMIT,same_direction
application,EP-50180-ENTRY_ON_DELAYED_DISPLACEMENT,2026-07-17 10:11:00-04:00,IFVG2-002458,2026-07-17 10:06:00-04:00,2026-07-17 10:33:00-04:00,DEACTIVATED_OVERSHOOT_LIMIT,component
application,EP-50184-ENTRY_ON_TAP,2026-07-17 10:11:00-04:00,IFVG2-004209,2026-06-10 22:00:00-04:00,2026-07-17 01:00:00-04:00,DEACTIVATED_CLOSE_THROUGH,inactive_or_traversed
application,EP-50245-ENTRY_ON_FIRST_CLOSE_OUTSIDE,2026-07-17 12:00:00-04:00,IFVG2-004190,2026-07-17 10:30:00-04:00,2026-07-17 11:30:00-04:00,DEACTIVATED_OVERSHOOT_LIMIT,component
application,EP-50245-ENTRY_ON_IMMEDIATE_DISPLACEMENT,2026-07-17 12:00:00-04:00,IFVG2-004190,2026-07-17 10:30:00-04:00,2026-07-17 11:30:00-04:00,DEACTIVATED_OVERSHOOT_LIMIT,component
