sess,day_ret,gx1h,gx2h,gx3h,to_open,d,gx1h_al,gx2h_al,gx3h_al,to_open_al
2018-01-02,1.2460212716403962,0.02686212057254611,0.05756168694117658,0.08442380751372269,0.21105951878430673,1.0,0.02686212057254611,0.05756168694117658,0.08442380751372269,0.21105951878430673
2018-01-03,0.8771929824561431,-0.011389089252500373,0.018981815420837655,-0.0417599939258162,0.3188944990698994,1.0,-0.011389089252500373,0.018981815420837655,-0.0417599939258162,0.3188944990698994
2018-01-04,-0.17782149748400977,-0.04161779728348858,-0.011350308350044358,-0.04161779728348858,0.2232227308841983,-1.0,0.04161779728348858,0.011350308350044358,0.04161779728348858,-0.2232227308841983
2018-01-05,0.524449139752492,-0.04118770359831103,-0.029954693526046405,-0.07488673381510491,-0.2134271913730501,1.0,-0.04118770359831103,-0.029954693526046405,-0.07488673381510491,-0.2134271913730501
2018-01-08,0.37155188590729527,0.052330579748072203,0.052330579748072203,-0.07475797106866189,0.19437072477852535,1.0,0.052330579748072203,0.052330579748072203,-0.07475797106866189,0.19437072477852535
2018-01-09,-0.16417297862020286,0.06736779071072618,0.0,-0.003742655039484788,-0.44911860473819676,-1.0,-0.06736779071072618,-0.0,0.003742655039484788,0.44911860473819676
2018-01-10,0.23659305993690705,0.02996815883125059,0.10863457576324453,0.06742835737030273,0.1723169132796354,1.0,0.02996815883125059,0.10863457576324453,0.06742835737030273,0.1723169132796354
2018-01-11,0.49747521974938813,-0.06321347562562307,-0.03346595768415339,0.040902837169531914,-0.2565723422451982,1.0,-0.06321347562562307,-0.03346595768415339,0.040902837169531914,-0.2565723422451982
2018-01-12,0.8346374543557689,-0.07370283018868218,-0.05527712264150608,-0.007370283018870438,0.4311615566037652,1.0,-0.07370283018868218,-0.05527712264150608,-0.007370283018870438,0.4311615566037652
2018-01-16,-0.8994786695058377,-0.17004288037852922,-0.11089753068165287,-0.055448765340826434,0.23288481443146658,-1.0,0.17004288037852922,0.11089753068165287,0.055448765340826434,-0.23288481443146658
2018-01-17,0.6082276614568061,0.1466544454628682,0.190650779101742,0.03666361136571705,-0.11365719523372952,1.0,0.1466544454628682,0.190650779101742,0.03666361136571705,-0.11365719523372952
2018-01-18,0.15045319437818616,0.0036658235272657436,-0.036658235272557516,0.02566076469079359,0.41790388210711793,1.0,0.0036658235272657436,-0.036658235272557516,0.02566076469079359,0.41790388210711793
2018-01-19,0.010957703265401797,0.09150805270863316,0.12079062957539577,0.10614934114201446,0.14275256222546773,1.0,0.09150805270863316,0.12079062957539577,0.10614934114201446,0.14275256222546773
2018-01-22,1.1256075722691161,-0.036058125698623655,0.02524068798903656,0.07572206396710968,0.09014531424655914,1.0,-0.036058125698623655,0.02524068798903656,0.07572206396710968,0.09014531424655914
2018-01-23,0.4971718845696582,0.010778572198466563,0.10419286458520638,0.10778572198468783,0.3700643121474556,1.0,0.010778572198466563,0.10419286458520638,0.10778572198468783,0.3700643121474556
2018-01-24,-0.8264758497316671,0.0,0.18399595930442825,0.10823291723789374,0.6530052673353159,-1.0,-0.0,-0.18399595930442825,-0.10823291723789374,-0.6530052673353159
2018-01-25,-0.716948666475481,0.09371057848261977,0.0828978194269192,0.21625518111372255,0.3171742656334464,-1.0,-0.09371057848261977,-0.0828978194269192,-0.21625518111372255,-0.3171742656334464
2018-01-26,0.9299820466786457,0.09239845054906937,0.16702796830021516,0.12082874302570268,-0.3518248693983428,1.0,0.09239845054906937,0.16702796830021516,0.12082874302570268,-0.3518248693983428
2018-01-29,-0.30295469936201247,0.08573878250928146,-0.02500714489854783,0.0071448985424327205,-1.1396113175192957,-1.0,-0.08573878250928146,0.02500714489854783,-0.0071448985424327205,1.1396113175192957
2018-01-30,0.10455725411018246,0.036013973421678,-0.0072027946843356006,0.18367126445060222,0.5978319588000103,1.0,0.036013973421678,-0.0072027946843356006,0.18367126445060222,0.5978319588000103
2018-01-31,-0.20781082049444732,-0.14685865749695104,-0.017909592377673977,0.0680564510351811,-0.8918977004083395,-1.0,0.14685865749695104,0.017909592377673977,-0.0680564510351811,0.8918977004083395
2018-02-01,-0.09039956608207778,0.03595828838547366,-0.14383315354189463,-0.305645451276515,-1.0032362459546973,-1.0,-0.03595828838547366,0.14383315354189463,0.305645451276515,1.0032362459546973
2018-02-02,-1.6893732970027275,0.11156978690169961,0.11900777269515661,0.1524787087656687,-0.5392539700249221,-1.0,-0.11156978690169961,-0.11900777269515661,-0.1524787087656687,0.5392539700249221
2018-02-05,-3.1010063361908258,-0.5587237977805137,-0.7745067817509277,-2.8938039457459874,-1.7031442663378527,-1.0,0.5587237977805137,0.7745067817509277,2.8938039457459874,1.7031442663378527
2018-02-06,4.013886721797477,-0.2589021049866802,-0.052530861881350255,-0.22138006078571415,-0.20261903868522557,1.0,-0.2589021049866802,-0.052530861881350255,-0.22138006078571415,-0.20261903868522557
2018-02-07,-0.9931532616055949,-0.5349841415415169,0.0878902518246738,0.13756735068211068,0.898009094730412,-1.0,0.5349841415415169,-0.0878902518246738,-0.13756735068211068,-0.898009094730412
2018-02-08,-4.486037964611834,-0.3393843725335466,0.21704814522494065,-0.29992107340173213,0.7971586424625032,-1.0,0.3393843725335466,-0.21704814522494065,0.29992107340173213,-0.7971586424625032
2018-02-09,0.2855466458048017,0.015535187199011702,0.18253844958830978,0.03883796799750705,0.7612241727512847,1.0,0.015535187199011702,0.18253844958830978,0.03883796799750705,0.7612241727512847
2018-02-12,0.7760617760617761,-0.061267470802217616,-0.2259237985831941,0.21443614780778386,-0.746697300402066,1.0,-0.061267470802217616,-0.2259237985831941,0.21443614780778386,-0.746697300402066
2018-02-13,1.0598527768142851,0.07242509720211121,0.09529618052908084,0.07242509720211121,-0.49172829153008024,1.0,0.07242509720211121,0.09529618052908084,0.07242509720211121,-0.49172829153008024
2018-02-14,2.4654907975460105,0.014972301242699437,0.08234765683485801,0.46039826321304655,0.7561012127563993,1.0,0.014972301242699437,0.08234765683485801,0.46039826321304655,0.7561012127563993
2018-02-15,0.9460913441917462,0.06967363403007631,0.1833516685001868,0.12101210121011619,-0.35570223689035396,1.0,0.06967363403007631,0.1833516685001868,0.12101210121011619,-0.35570223689035396
2018-02-16,-0.11424359683066543,-0.003683376919960679,0.06261740763933155,-0.2799366459169783,-0.5488231610740746,-1.0,0.003683376919960679,-0.06261740763933155,0.2799366459169783,0.5488231610740746
2018-02-20,0.5409210477566706,0.21362799263351384,0.22467771639043121,0.21731123388581963,0.3756906077348132,1.0,0.21362799263351384,0.22467771639043121,0.21731123388581963,0.3756906077348132
2018-02-21,-0.7921373037993229,-0.4404960207292197,-0.37756801776790416,-0.5626503794188387,0.6181750879141301,-1.0,0.4404960207292197,0.37756801776790416,0.5626503794188387,-0.6181750879141301
2018-02-22,-0.4010596806240385,-0.04416310908288423,0.09568673634623437,0.0699249227145593,0.3422640953923084,-1.0,0.04416310908288423,-0.09568673634623437,-0.0699249227145593,-0.3422640953923084
2018-02-23,1.2358355641937768,-0.1877324091122401,-0.45850030687027976,-0.40795696595544717,0.1624607386548238,1.0,-0.1877324091122401,-0.45850030687027976,-0.40795696595544717,0.1624607386548238
2018-02-26,0.8436992969172552,-0.003570026061194831,-0.00714005212237856,0.0357002606119039,-0.1892113812430818,1.0,-0.003570026061194831,-0.00714005212237856,0.0357002606119039,-0.1892113812430818
2018-02-27,-1.3042701447203875,0.16624503071918095,0.18792916516081615,0.061438380917966384,0.4409107336465379,-1.0,-0.16624503071918095,-0.18792916516081615,-0.061438380917966384,-0.4409107336465379
2018-02-28,-1.2094597026744869,-0.03995786261760115,-0.0908133241309117,-0.26880743942750973,-0.2143194449489627,-1.0,0.03995786261760115,0.0908133241309117,0.26880743942750973,0.2143194449489627
2018-03-01,-1.6350460653290155,0.036928985560757965,0.1107869566822961,-0.07385797112153814,-1.3589866686362084,-1.0,-0.036928985560757965,-0.1107869566822961,0.07385797112153814,1.3589866686362084
2018-03-02,2.0869239415511442,0.13260156911856225,0.158385207558287,0.025783638439724754,0.014733507679842717,1.0,0.13260156911856225,0.158385207558287,0.025783638439724754,0.014733507679842717
2018-03-05,1.5225245152252542,-0.04721778294348722,0.07990701728897154,0.047217782943476116,0.5884062182188066,1.0,-0.04721778294348722,0.07990701728897154,0.047217782943476116,0.5884062182188066
2018-03-06,-0.05420641803989268,-0.07680772466259755,-0.33283347353790793,0.38038111261475827,0.504736476354184,-1.0,0.07680772466259755,0.33283347353790793,-0.38038111261475827,-0.504736476354184
2018-03-07,0.9799278714800908,-0.025280797428584023,-0.03611542489797559,0.09390010473473431,0.5417313734696005,1.0,-0.025280797428584023,-0.03611542489797559,0.09390010473473431,0.5417313734696005
2018-03-08,0.1617308798159911,0.03929694198341327,0.0821663332380762,0.1750500142897904,0.728779651328959,1.0,0.03929694198341327,0.0821663332380762,0.1750500142897904,0.728779651328959
2018-03-09,1.1566846437695233,0.26307481847838154,0.2735978112175186,0.39987372408714084,0.2841208039566556,1.0,0.26307481847838154,0.2735978112175186,0.39987372408714084,0.2841208039566556
2018-03-12,0.12586972483479286,-0.027920287578964142,-0.09074093463162791,-0.06282064705266377,0.46766481694762163,1.0,-0.027920287578964142,-0.09074093463162791,-0.06282064705266377,0.46766481694762163
2018-03-13,-1.750668658168053,0.1062210105158723,0.046029104556888356,-0.08497680841270672,0.6762737669510965,-1.0,-0.1062210105158723,-0.046029104556888356,0.08497680841270672,-0.6762737669510965
2018-03-14,-0.5453713803173721,0.13458473525764791,0.07083407118824159,-0.37896228085708694,0.1806268815300216,-1.0,-0.13458473525764791,-0.07083407118824159,0.37896228085708694,-0.1806268815300216
2018-03-15,-0.22626834010960328,0.049478706485239776,0.08482063968899833,-0.08835483300936309,0.021205159922255135,-1.0,-0.049478706485239776,-0.08482063968899833,0.08835483300936309,-0.021205159922255135
2018-03-16,-0.4103289706402502,-0.06392272452856451,-0.0355126247380988,-0.2698959480095131,-1.168365353883305,-1.0,0.06392272452856451,0.0355126247380988,0.2698959480095131,1.168365353883305
2018-03-19,-1.2370912220309838,-0.10857763300760048,-0.322113644589217,-0.2714440825190012,-0.26782482808541674,-1.0,0.10857763300760048,0.322113644589217,0.2714440825190012,0.26782482808541674
2018-03-20,0.3123070777499404,-0.10484833146534589,-0.010846379117102067,-0.05784735529122953,-0.41939332586138356,1.0,-0.10484833146534589,-0.010846379117102067,-0.05784735529122953,-0.41939332586138356
2018-03-21,-0.23957312425133548,-0.010891664246293065,-0.010891664246293065,0.19604995643334178,-1.5611385419692092,-1.0,0.010891664246293065,0.010891664246293065,-0.19604995643334178,1.5611385419692092
2018-03-22,-1.2057966739186576,-0.28409090909090606,-0.7513456937799035,-0.7513456937799035,0.28409090909091717,-1.0,0.28409090909090606,0.7513456937799035,0.7513456937799035,-0.28409090909091717
2018-03-23,-2.5701370988830408,0.09948345131050029,0.5777692749186825,0.8149990434283438,1.9667113066768716,-1.0,-0.09948345131050029,-0.5777692749186825,-0.8149990434283438,-1.9667113066768716
2018-03-26,1.7429848615754473,-0.0036863641390549873,0.16957275039628517,0.3280864083754276,0.38706823460021855,1.0,-0.0036863641390549873,0.16957275039628517,0.3280864083754276,0.38706823460021855
2018-03-27,-4.036515618125824,0.12990486379091948,0.12608413250296824,0.2559889962938877,-0.4928743361479415,-1.0,-0.12990486379091948,-0.12608413250296824,-0.2559889962938877,0.4928743361479415
2018-03-28,-0.629606879606881,0.14636213072449777,0.0,0.1348072256672994,0.33124061163964935,-1.0,-0.14636213072449777,-0.0,-0.1348072256672994,-0.33124061163964935
2018-03-29,1.2912151256629034,-0.1292529937274245,-0.23949819425964636,-0.17867325603497797,-0.6196540581638432,1.0,-0.1292529937274245,-0.23949819425964636,-0.17867325603497797,-0.6196540581638432
2018-04-02,-2.1333537238109823,-0.17935121646912577,-0.003898939488455877,0.15205864004990133,0.7407985028072384,-1.0,0.17935121646912577,0.003898939488455877,-0.15205864004990133,-0.7407985028072384
2018-04-03,0.18972393231888596,-0.07345266169250797,-0.1701009007615828,-0.32087215370936173,-1.7628638806200914,1.0,-0.07345266169250797,-0.1701009007615828,-0.32087215370936173,-1.7628638806200914
2018-04-04,3.5427175283732737,0.08729315318050102,0.1669955973887971,0.06452102626386402,0.607256717777438,1.0,0.08729315318050102,0.1669955973887971,0.06452102626386402,0.607256717777438
2018-04-05,-0.4596142254370106,-1.2301752526590715,-1.196108861046974,-1.2339604072826416,-1.0371323668571852,-1.0,1.2301752526590715,1.196108861046974,1.2339604072826416,1.0371323668571852
2018-04-06,-1.4266590170204596,0.08498145859086037,0.09270704573547395,0.45967243510507405,0.4480840543881426,-1.0,-0.08498145859086037,-0.09270704573547395,-0.45967243510507405,-0.4480840543881426
2018-04-09,-0.17706609184341415,0.03084515731031079,-0.04626773596545508,0.13494756323257917,1.7620296113510125,-1.0,-0.03084515731031079,0.04626773596545508,-0.13494756323257917,-1.7620296113510125
2018-04-10,0.6302201974183852,-0.07168458781362519,-0.27541973212601434,-0.4263346538389001,-0.4112431616676071,1.0,-0.07168458781362519,-0.27541973212601434,-0.4263346538389001,-0.4112431616676071
2018-04-11,0.06828528072837514,0.1478280645894836,0.22742779167614913,0.38662724584943575,0.572359942384959,1.0,0.1478280645894836,0.22742779167614913,0.38662724584943575,0.572359942384959
2018-04-12,0.5276845953789966,-0.1163925809116173,-0.007509198768496095,-0.10512878275887871,0.7096192836224313,1.0,-0.1163925809116173,-0.007509198768496095,-0.10512878275887871,0.7096192836224313
2018-04-13,-1.003356956359569,0.1234337011408293,0.044884982233028836,0.037404151860864765,-0.022442491116514418,-1.0,-0.1234337011408293,-0.044884982233028836,-0.037404151860864765,0.022442491116514418
2018-04-16,0.022449208665387133,-0.033554544776670525,-0.0298262620237133,0.22742524793080143,0.5965252404742438,1.0,-0.033554544776670525,-0.0298262620237133,0.22742524793080143,0.5965252404742438
2018-04-17,1.1109053878911368,0.08796041781198305,0.1612607659886356,0.3518416712479322,0.11728055708264407,1.0,0.08796041781198305,0.1612607659886356,0.3518416712479322,0.11728055708264407
2018-04-18,0.16468435498626643,0.02552788009189122,0.11305204040699124,0.11305204040699124,-0.6783122424419252,1.0,0.02552788009189122,0.11305204040699124,0.11305204040699124,-0.6783122424419252
2018-04-19,-0.4294838851772953,-0.011061539028800471,-0.04055897643892026,-0.1880461634895414,-0.26178975701486307,-1.0,0.011061539028800471,0.04055897643892026,0.1880461634895414,0.26178975701486307
2018-04-20,-1.3015826061233526,-0.1453976065317053,-0.14166946277448522,-0.1864071878611595,-0.08947545017335967,-1.0,0.1453976065317053,0.14166946277448522,0.1864071878611595,0.08947545017335967
2018-04-23,-0.7125270461836863,0.04878048780487809,0.12757973733583672,-0.018761726078797558,0.42401500938087366,-1.0,-0.04878048780487809,-0.12757973733583672,0.018761726078797558,-0.42401500938087366
2018-04-24,-2.565732879530236,0.0843138006361821,0.11880580998735457,0.20311961062353667,-0.03832445483462621,-1.0,-0.0843138006361821,-0.11880580998735457,-0.20311961062353667,0.03832445483462621
2018-04-25,-0.03831564427755341,-0.060629026146263865,0.01136794240241823,0.19704433497536034,0.04547176960969512,-1.0,0.060629026146263865,-0.01136794240241823,-0.19704433497536034,-0.04547176960969512
2018-04-26,0.7646012339604047,0.081553973902726,0.07413997627521152,0.07784697508896876,0.1297449584816146,1.0,0.081553973902726,0.07413997627521152,0.07784697508896876,0.1297449584816146
2018-04-27,-1.3658572697660687,0.16861510791366108,0.07494004796162468,0.14613309352518034,0.13114508393285984,-1.0,-0.16861510791366108,-0.07494004796162468,-0.14613309352518034,-0.13114508393285984
2018-04-30,-0.9773816656680645,-0.11346444780635512,0.09833585476550777,0.1323751891074032,-0.2723146747352523,-1.0,0.11346444780635512,-0.09833585476550777,-0.1323751891074032,0.2723146747352523
2018-05-01,1.3646702047005244,0.06699668738601172,0.0632746491979086,-0.1674917184650293,-0.4094242006922988,1.0,0.06699668738601172,0.0632746491979086,-0.1674917184650293,-0.4094242006922988
2018-05-02,-0.8021490131701725,0.11690613568653418,0.07165214767885786,0.06033865067691657,-0.2111852773692302,-1.0,-0.11690613568653418,-0.07165214767885786,-0.06033865067691657,0.2111852773692302
2018-05-03,0.4535318795116927,-0.0037486879592152356,-0.2886489728594954,-0.21742390163442815,-0.7797270955165692,1.0,-0.0037486879592152356,-0.2886489728594954,-0.21742390163442815,-0.7797270955165692
2018-05-04,2.3692563482466733,0.03686092373473837,0.2101072652880731,0.2727708356371483,0.2801430203840827,1.0,0.03686092373473837,0.2101072652880731,0.2727708356371483,0.2801430203840827
2018-05-07,0.3417358712427321,0.07335142668525307,0.014670285337059497,0.09168928335656634,-0.07335142668525307,1.0,0.07335142668525307,0.014670285337059497,0.09168928335656634,-0.07335142668525307
2018-05-08,0.05503981213077491,-0.04028418662564981,-0.13550135501354532,-0.08423057203544859,0.06225737933054365,1.0,-0.04028418662564981,-0.13550135501354532,-0.08423057203544859,0.06225737933054365
2018-05-09,0.9036364966708232,-0.039859405007791615,-0.07971881001558323,-0.039859405007791615,0.21379135413268635,1.0,-0.039859405007791615,-0.07971881001558323,-0.039859405007791615,0.21379135413268635
2018-05-10,0.7300852970941074,0.046734011575644274,0.14379695869433107,0.15458173059639257,0.0790883272818732,1.0,0.046734011575644274,0.14379695869433107,0.15458173059639257,0.0790883272818732
2018-05-11,0.043137536846638014,-0.014335889900363163,0.11827109167801275,0.1648627338542097,0.0609275320765601,1.0,-0.014335889900363163,0.11827109167801275,0.1648627338542097,0.0609275320765601
2018-05-14,-0.0752742132052453,0.01075654356399447,0.00717102904266298,-0.02151308712800004,-0.8820365722481127,-1.0,-0.01075654356399447,-0.00717102904266298,0.02151308712800004,0.8820365722481127
2018-05-15,-0.3435556198466694,-0.13058145017954548,-0.10881787514962493,-0.06166346258478228,0.12332692516956456,-1.0,0.13058145017954548,0.10881787514962493,0.06166346258478228,-0.12332692516956456
2018-05-16,0.5434782608695565,0.039642496756520096,0.06486954014703894,0.046850223439531824,-0.3531786074672083,1.0,0.039642496756520096,0.06486954014703894,0.046850223439531824,-0.3531786074672083
2018-05-17,-0.068718579333793,0.10863661053774898,0.12674271229404788,0.4454101032047797,-0.31504617055947426,-1.0,-0.10863661053774898,-0.12674271229404788,-0.4454101032047797,0.31504617055947426
2018-05-18,-0.17065466032460952,-0.2342173537042358,-0.07206687806283751,-0.11530700490054446,-0.09008359757854967,-1.0,0.2342173537042358,0.07206687806283751,0.11530700490054446,0.09008359757854967
2018-05-21,-0.2057390362750433,-0.007231965286569331,-0.039775809076114665,-0.039775809076114665,0.39775809076116886,-1.0,0.007231965286569331,0.039775809076114665,0.039775809076114665,-0.39775809076116886
2018-05-22,-0.6013683831472827,-0.007239819004523085,-0.05791855203619578,-0.05791855203619578,-0.7638009049773742,-1.0,0.007239819004523085,0.05791855203619578,0.05791855203619578,0.7638009049773742
2018-05-23,1.6392245628126023,0.0035931155905277734,-0.11138658330638318,-0.20840070425065527,-0.11857281448743873,1.0,0.0035931155905277734,-0.11138658330638318,-0.20840070425065527,-0.11857281448743873
2018-05-24,-0.05030361826739993,0.003592986490374983,0.08982466225926355,0.1796493245185493,0.1006036217303885,-1.0,-0.003592986490374983,-0.08982466225926355,-0.1796493245185493,-0.1006036217303885
2018-05-25,0.10422282120394755,0.014302570887125832,-0.07866413987914767,-0.18235777881073778,-0.8331247541745634,1.0,0.014302570887125832,-0.07866413987914767,-0.18235777881073778,-0.8331247541745634
2018-05-29,0.021644240828244676,-0.09359925120598911,-0.14399884800921914,-0.16559867521059868,0.25559795521636897,1.0,-0.09359925120598911,-0.14399884800921914,-0.16559867521059868,0.25559795521636897
2018-05-30,0.3089080459770077,0.04300766970108949,0.028671779800726327,0.10393520177764959,0.03225575227581157,1.0,0.04300766970108949,0.028671779800726327,0.10393520177764959,0.03225575227581157
2018-05-31,-0.05013967480839154,0.007163836951074032,0.035819184755347955,0.08238412493730696,0.4549036463930012,-1.0,-0.007163836951074032,-0.035819184755347955,-0.08238412493730696,-0.4549036463930012
2018-06-01,1.0877318116975676,-0.0706239627105476,0.0918111515237019,0.17655990677636346,0.39196299304353754,1.0,-0.0706239627105476,0.0918111515237019,0.17655990677636346,0.39196299304353754
2018-06-04,0.6088333626605769,-0.06995208282326582,0.010492812423490427,-0.04896645797628496,0.2728131230107289,1.0,-0.06995208282326582,0.010492812423490427,-0.04896645797628496,0.2728131230107289
2018-06-05,0.09771418600592607,-0.024371561868952174,0.010444955086685859,0.08007798899798413,0.04177982034676564,1.0,-0.024371561868952174,0.010444955086685859,0.08007798899798413,0.04177982034676564
2018-06-06,0.4631886884446601,-0.04157139887757122,-0.06582138155615258,0.0034642832398068535,-0.12471419663271366,1.0,-0.04157139887757122,-0.06582138155615258,0.0034642832398068535,-0.12471419663271366
2018-06-07,-0.8490435264763008,0.0,0.03482500435312286,0.04875500609438088,-0.4318300539787545,-1.0,-0.0,-0.03482500435312286,-0.04875500609438088,0.4318300539787545
2018-06-08,0.5147599537766556,0.09435280961700432,0.16074923119933082,0.23064020128600315,0.26908023483365184,1.0,0.09435280961700432,0.16074923119933082,0.23064020128600315,0.26908023483365184
2018-06-11,0.29630146059189677,0.13210039630118242,0.1181950914273866,-0.13557672251963693,0.2294375304178642,1.0,0.13210039630118242,0.1181950914273866,-0.13557672251963693,0.2294375304178642
2018-06-12,0.40585541834328165,0.09323204419888764,0.12430939226519833,0.16574585635358297,0.03107734806628848,1.0,0.09323204419888764,0.12430939226519833,0.16574585635358297,0.03107734806628848
2018-06-13,-0.21046094396908188,0.027638624978409965,-0.017274140611500677,0.03800310934531925,0.376576265330808,-1.0,-0.027638624978409965,0.017274140611500677,-0.03800310934531925,-0.376576265330808
2018-06-14,0.6263119859595934,0.06504621704894742,0.09585758301950964,0.02396439575487186,-0.3628894214310119,1.0,0.06504621704894742,0.09585758301950964,0.02396439575487186,-0.3628894214310119
2018-06-15,-0.044622936189198104,0.054946941859257414,0.02747347092963981,-0.3811944091486663,-0.7761255537621525,-1.0,-0.054946941859257414,-0.02747347092963981,0.3811944091486663,0.7761255537621525
2018-06-18,0.5842292667749938,-0.027492353689129168,-0.6048317811608639,-0.6220145022165724,-1.1993539296883071,1.0,-0.027492353689129168,-0.6048317811608639,-0.6220145022165724,-1.1993539296883071
2018-06-19,1.0308919304844455,-0.05860250267158973,0.12409941742217434,-0.017236030197520513,0.5032920817677367,1.0,-0.05860250267158973,0.12409941742217434,-0.017236030197520513,0.5032920817677367
2018-06-20,0.28138082492621397,0.04785506750981661,0.09229191591180186,0.13331054520595575,0.20851136557853422,1.0,0.04785506750981661,0.09229191591180186,0.13331054520595575,0.20851136557853422
2018-06-21,-1.1334539619678452,0.06918978758734262,0.07610876634609465,0.1245416176572256,0.44973361931779365,-1.0,-0.06918978758734262,-0.07610876634609465,-0.1245416176572256,-0.44973361931779365
2018-06-22,-0.6983864863935096,-0.05539015440005901,-0.020771307900024905,-0.4258118119504273,-0.9727895866509684,-1.0,0.05539015440005901,0.020771307900024905,0.4258118119504273,0.9727895866509684
2018-06-25,-1.4176967665339713,0.007071635669331222,-0.11668198854395406,0.04596563185064184,0.2616505197652108,-1.0,-0.007071635669331222,0.11668198854395406,-0.04596563185064184,-0.2616505197652108
2018-06-26,0.07762879322512628,-0.08096025907282645,0.014080045056141799,0.11616037171318094,0.26400084480271424,1.0,-0.08096025907282645,0.014080045056141799,0.11616037171318094,0.26400084480271424
2018-06-27,-1.8123068277606014,0.19300879262278414,0.27164200443206,0.12152405461434146,-0.14654371291729085,-1.0,-0.19300879262278414,-0.27164200443206,-0.12152405461434146,0.14654371291729085
2018-06-28,1.0131748532149487,-0.14160294534126816,-0.024780515434719153,-0.12744265080714134,0.4672897196261738,1.0,-0.14160294534126816,-0.024780515434719153,-0.12744265080714134,0.4672897196261738
2018-06-29,-0.2717583115691369,-0.10246987738948832,-0.05300166071869894,-0.13427087382070768,-1.0494328822303056,-1.0,0.10246987738948832,0.05300166071869894,0.13427087382070768,1.0494328822303056
2018-07-02,1.6710108187238948,-0.010651517841286928,-0.03905556541806687,-0.22368187466713652,0.6284395526362507,1.0,-0.010651517841286928,-0.03905556541806687,-0.22368187466713652,0.6284395526362507
2018-07-05,0.5933041390026927,-0.09132420091324533,-0.2212855637513167,-0.010537407797683862,0.22831050228311334,1.0,-0.09132420091324533,-0.2212855637513167,-0.010537407797683862,0.22831050228311334
2018-07-06,1.2962443946188396,0.010364484366909288,0.048367593712206336,0.2245638279495532,0.49404042148903926,1.0,0.010364484366909288,0.048367593712206336,0.2245638279495532,0.49404042148903926
2018-07-09,0.40591675266596905,0.15070041442613036,0.1883755180326796,0.4315511867657662,0.07877521663184339,1.0,0.15070041442613036,0.1883755180326796,0.4315511867657662,0.07877521663184339
2018-07-10,-0.061599534581291415,-0.3060627944564853,-0.3610853193025898,-0.5846143264899073,-0.3301351490766491,-1.0,0.3060627944564853,0.3610853193025898,0.5846143264899073,0.3301351490766491
2018-07-11,0.2519239396763018,0.0,0.027560547076865838,0.05167602576912067,0.5064250525372849,1.0,0.0,0.027560547076865838,0.05167602576912067,0.5064250525372849
2018-07-12,1.2441732931176341,0.10159848279598371,0.17271742075317675,0.27770251964236436,0.07111893795719304,1.0,0.10159848279598371,0.17271742075317675,0.27770251964236436,0.07111893795719304
2018-07-13,0.10492824262118283,0.07426160337553611,0.023628691983113015,0.05063291139240089,-0.1755274261603379,1.0,0.07426160337553611,0.023628691983113015,0.05063291139240089,-0.1755274261603379
2018-07-16,-0.2839852598127024,0.13325133251331778,0.15716823834905913,0.17083504168375896,-0.12641793084597897,-1.0,-0.13325133251331778,-0.15716823834905913,-0.17083504168375896,0.12641793084597897
2018-07-17,1.7131501404783034,0.0033654169751651253,0.057212088577784925,0.09086625832941397,-0.11442417715554765,1.0,0.0033654169751651253,0.057212088577784925,0.09086625832941397,-0.11442417715554765
2018-07-18,-0.19542437413659908,0.04728771195028347,0.0675538742146875,0.12497466729717299,-0.22968317232993085,-1.0,-0.04728771195028347,-0.0675538742146875,-0.12497466729717299,0.22968317232993085
2018-07-19,-0.17277593332881702,0.0,0.054171180931739116,0.28101300108342997,0.12188515709643521,-1.0,-0.0,-0.054171180931739116,-0.28101300108342997,-0.12188515709643521
2018-07-20,-0.3653833141619822,-0.040684861840989406,-0.12544499067638215,-0.3390405153415821,-0.32547889472791525,-1.0,0.040684861840989406,0.12544499067638215,0.3390405153415821,0.32547889472791525
2018-07-23,0.5960084462911297,0.11121221312304641,0.24938496276076805,0.23253462743908493,0.6740134128669251,1.0,0.11121221312304641,0.24938496276076805,0.23253462743908493,0.6740134128669251
2018-07-24,-0.6264236902050135,-0.02023881805303107,0.006746272684332588,-0.1382985900290068,0.16191054442420416,-1.0,0.02023881805303107,-0.006746272684332588,0.1382985900290068,-0.16191054442420416
2018-07-25,1.3577709645901326,0.0168753586013759,0.10800229504877024,0.1856289446150683,0.2733808093422052,1.0,0.0168753586013759,0.10800229504877024,0.1856289446150683,0.2733808093422052
2018-07-26,-0.11459386585777054,-0.02691337258200477,0.037005887300245455,0.06391925988225022,0.28595458368376736,-1.0,0.02691337258200477,-0.037005887300245455,-0.06391925988225022,-0.28595458368376736
2018-07-27,-1.989065172911142,0.013713188659192355,0.0034282971647980887,-0.21941101854708878,0.1851280468990968,-1.0,-0.013713188659192355,-0.0034282971647980887,0.21941101854708878,-0.1851280468990968
2018-07-30,-1.416643854366273,0.11099934094140895,0.048562211661873356,-0.04162475285303113,0.45093482257450024,-1.0,-0.11099934094140895,-0.048562211661873356,0.04162475285303113,-0.45093482257450024
2018-07-31,0.23525341636394526,-0.4525972912737819,-0.26744385393451253,-0.37716440939482565,-0.17486713526486675,1.0,-0.4525972912737819,-0.26744385393451253,-0.37716440939482565,-0.17486713526486675
2018-08-01,0.14441426262765678,-0.010287713041390312,-0.03429237680463437,-0.0068584753609268745,-0.8367339940331231,1.0,-0.010287713041390312,-0.03429237680463437,-0.0068584753609268745,-0.8367339940331231
2018-08-02,2.095870512554465,-0.010149879893084357,-0.010149879893084357,0.006766586595396973,-0.027066346381565687,1.0,-0.010149879893084357,-0.010149879893084357,0.006766586595396973,-0.027066346381565687
2018-08-03,0.1454570056153237,-0.09442870632672129,-0.1214083367057861,-0.04384189936598171,-0.23944421961419327,1.0,-0.09442870632672129,-0.1214083367057861,-0.04384189936598171,-0.23944421961419327
2018-08-06,0.6453356759130946,0.016797688638048314,0.03359537727609663,0.0806289054626097,0.34603238594368424,1.0,0.016797688638048314,0.03359537727609663,0.0806289054626097,0.34603238594368424
2018-08-07,0.07031877846235268,-0.020067560787984107,0.0,0.04013512157596821,-0.16388507976855538,1.0,-0.020067560787984107,0.0,0.04013512157596821,-0.16388507976855538
2018-08-08,0.19428533145746663,0.0401861960416694,0.0401861960416694,-0.050232745052070094,0.14734938548608412,1.0,0.0401861960416694,0.0401861960416694,-0.050232745052070094,0.14734938548608412
2018-08-09,-0.03678068679573432,-0.10372749782506796,-0.0669209663387571,-0.21080104396707933,-0.6859399049722326,-1.0,0.10372749782506796,0.0669209663387571,0.21080104396707933,0.6859399049722326
2018-08-10,-0.07745411685469161,-0.0033732501264926995,0.0,-0.11806375442738881,0.33732501264969184,-1.0,0.0033732501264926995,-0.0,0.11806375442738881,-0.33732501264969184
2018-08-13,-0.26915183527908004,0.057256407665629006,0.023576167862304764,0.1987134148395242,0.18860934289852693,-1.0,-0.057256407665629006,-0.023576167862304764,-0.1987134148395242,-0.18860934289852693
2018-08-14,0.2622025010084794,-0.026801567891721056,-0.0234513719052587,-0.08375489966162553,-0.9045529163456023,1.0,-0.026801567891721056,-0.0234513719052587,-0.08375489966162553,-0.9045529163456023
2018-08-15,-0.4426872127602066,-0.06437186610651624,-0.09147580973031255,-0.12535573926005794,0.5149749288521521,-1.0,0.06437186610651624,0.09147580973031255,0.12535573926005794,-0.5149749288521521
2018-08-16,-0.42467138523761827,-0.044042416234713055,-0.04065453806281205,0.0067757563438020085,-0.2574787410644763,-1.0,0.044042416234713055,0.04065453806281205,-0.0067757563438020085,0.2574787410644763
2018-08-17,0.30204303264780297,0.0879210063573721,0.023671040173134372,0.0033815771675937967,0.15555254970918142,1.0,0.0879210063573721,0.023671040173134372,0.0033815771675937967,0.15555254970918142
2018-08-20,-0.33084635900205717,0.013549676501467545,-0.030486772128313078,-0.06436096338200414,0.2777683682802179,-1.0,-0.013549676501467545,0.030486772128313078,0.06436096338200414,-0.2777683682802179
2018-08-21,0.05741109722738891,-0.13223028412558957,-0.16274496507764358,-0.12205872380822713,0.24750796772223804,1.0,-0.13223028412558957,-0.16274496507764358,-0.12205872380822713,0.24750796772223804
2018-08-22,0.6054865879646876,0.0706072221101417,0.003362248671900936,-0.05043373007868057,-0.12104095218882227,1.0,0.0706072221101417,0.003362248671900936,-0.05043373007868057,-0.12104095218882227
2018-08-23,0.0,0.04714439655173486,0.02357219827586743,0.14480064655173486,0.3872575431034475,0.0,0.0,0.0,0.0,0.0
2018-08-24,0.6075660434359476,0.1899873341777214,0.31997866808879394,0.26664889007399495,0.49996666888874053,1.0,0.1899873341777214,0.31997866808879394,0.26664889007399495,0.49996666888874053
2018-08-27,0.4846473029045617,0.00990131687514939,0.0990131687514495,0.15842107000230143,0.12211624146012401,1.0,0.00990131687514939,0.0990131687514495,0.15842107000230143,0.12211624146012401
2018-08-28,-0.10873146622735197,0.039564787339263496,0.0560501153972881,0.10880316518298017,0.1516650181338619,-1.0,-0.039564787339263496,-0.0560501153972881,-0.10880316518298017,-0.1516650181338619
2018-08-29,0.9945006092139552,-0.026062876690013947,-0.07493077048379426,-0.07167291089753558,-0.28343378400390584,1.0,-0.026062876690013947,-0.07493077048379426,-0.07167291089753558,-0.28343378400390584
2018-08-30,-0.016337199803950764,-0.006543646119616664,-0.013087292239233328,0.05234916895693331,0.09815469179426106,-1.0,0.006543646119616664,0.013087292239233328,-0.05234916895693331,-0.09815469179426106
2018-08-31,0.24209114404423193,-0.03905995703404885,-0.10415988542412657,-0.11717987110214656,-0.5631143805741812,1.0,-0.03905995703404885,-0.10415988542412657,-0.11717987110214656,-0.5631143805741812
2018-09-04,-0.12765121759622522,-0.07527163241262125,-0.06545359340227597,-0.08836235109307422,-0.3567220840424157,-1.0,0.07527163241262125,0.06545359340227597,0.08836235109307422,0.3567220840424157
2018-09-05,-1.139161550835499,-0.009958836807866245,-0.06639224538573796,-0.05975302084716416,0.08962953127074069,-1.0,0.009958836807866245,0.06639224538573796,0.05975302084716416,-0.08962953127074069
2018-09-06,-0.9495667186825596,0.033540164346801404,-0.036894180781488206,-0.25155123260104384,-0.5165185309408016,-1.0,-0.033540164346801404,0.036894180781488206,0.25155123260104384,0.5165185309408016
2018-09-07,0.40842503206641734,0.1378661017519045,0.10424022327584215,0.21856821009449412,0.5312888799219984,1.0,0.1378661017519045,0.10424022327584215,0.21856821009449412,0.5312888799219984
2018-09-10,-0.21416142417347572,0.04690745828586085,0.03350532734704981,0.16752663673524903,-0.44897138645044743,-1.0,-0.04690745828586085,-0.03350532734704981,-0.16752663673524903,0.44897138645044743
2018-09-11,1.195608244645019,0.033259054777667885,0.009977716433295925,-0.07316992051086268,-0.3259387368210964,1.0,0.033259054777667885,0.009977716433295925,-0.07316992051086268,-0.3259387368210964
2018-09-12,-0.1399766705549088,0.05349381477766091,0.04680708793045607,0.19725844199265374,0.7756603142761609,-1.0,-0.05349381477766091,-0.04680708793045607,-0.19725844199265374,-0.7756603142761609
2018-09-13,0.404871735306811,0.06917223887479285,0.14822622616028625,0.1745775552554507,0.08234790342238618,1.0,0.06917223887479285,0.14822622616028625,0.1745775552554507,0.08234790342238618
2018-09-14,-0.36832412523020164,-0.08263370132874925,-0.08263370132874925,-0.06941230911614582,-0.1421299662854536,-1.0,0.08263370132874925,0.08263370132874925,0.06941230911614582,0.1421299662854536
2018-09-17,-1.2500413373458086,-0.43880217056341264,-0.532591947477723,-0.4321029007838151,0.15408320493066618,-1.0,0.43880217056341264,0.532591947477723,0.4321029007838151,-0.15408320493066618
2018-09-18,0.7428227263601705,0.07305086996944876,-0.06308938770088757,-0.06973037587992836,0.0,1.0,0.07305086996944876,-0.06308938770088757,-0.06973037587992836,0.0
2018-09-19,-0.08967418379886016,0.013284623048814836,0.09299236134174826,0.029890401859855587,0.7173696446363342,-1.0,-0.013284623048814836,-0.09299236134174826,-0.029890401859855587,-0.7173696446363342
2018-09-20,0.38961896585880673,0.06578730962796264,0.12499588829315567,0.1348639847373434,0.31248972073287806,1.0,0.06578730962796264,0.12499588829315567,0.1348639847373434,0.31248972073287806
2018-09-21,-0.8590163934426243,-0.13284623048821498,-0.04317502490867042,-0.15941547658585575,-0.3188309531717004,-1.0,0.13284623048821498,0.04317502490867042,0.15941547658585575,0.3188309531717004
2018-09-24,0.9792492422476151,-0.016471750947122388,-0.036237852083675914,-0.1482457585241348,-0.13836270795585248,1.0,-0.016471750947122388,-0.036237852083675914,-0.1482457585241348,-0.13836270795585248
2018-09-25,0.19799366420274467,0.009871668311944859,0.08226390259953309,0.11846001974333831,0.07568279039158465,1.0,0.009871668311944859,0.08226390259953309,0.11846001974333831,0.07568279039158465
2018-09-26,-0.04278286052787905,0.1317392879491397,0.17784803873135413,0.24371768270592398,0.5137832230016848,-1.0,-0.1317392879491397,-0.17784803873135413,-0.24371768270592398,-0.5137832230016848
2018-09-27,0.4359940993279743,-0.009788566953794486,-0.003262855651264829,0.02610284521011863,-0.2708170190550807,1.0,-0.009788566953794486,-0.003262855651264829,0.02610284521011863,-0.2708170190550807
2018-09-28,0.28815612822947756,0.02603319232021839,0.052066384640414576,0.10413276928082915,0.2082655385616583,1.0,0.02603319232021839,0.052066384640414576,0.10413276928082915,0.2082655385616583
2018-10-01,-0.3604598298369788,-0.006514870191209887,0.009772305286825933,-0.04234665624287537,-0.15961431968467554,-1.0,0.006514870191209887,-0.009772305286825933,0.04234665624287537,0.15961431968467554
2018-10-02,-0.10115182562729919,-0.02285341168788424,-0.07182500816192983,-0.12406137773425252,0.42442050277504695,-1.0,0.02285341168788424,0.07182500816192983,0.12406137773425252,-0.42442050277504695
2018-10-03,-0.28627195836044006,0.04906450346722213,0.039251602773782146,-0.06541933795629618,-0.2060709145623396,-1.0,-0.04906450346722213,-0.039251602773782146,0.06541933795629618,0.2060709145623396
2018-10-04,-1.5041782729805053,-0.06649820454848188,0.019949461364543453,0.16957042159861935,-0.10972203750498899,-1.0,0.06649820454848188,-0.019949461364543453,-0.16957042159861935,0.10972203750498899
2018-10-05,-1.1884154460718999,-0.11753248933812355,-0.3290909701467504,-0.1645454850733752,-0.7891467141274089,-1.0,0.11753248933812355,0.3290909701467504,0.1645454850733752,0.7891467141274089
2018-10-08,-0.13538211602247552,0.016918183663805486,-0.04398727752588094,-0.020301820396562142,-0.08797455505177298,-1.0,-0.016918183663805486,0.04398727752588094,0.020301820396562142,0.08797455505177298
2018-10-09,0.19645699962740348,0.15548419807334124,0.07774209903668172,0.08450228156160478,-0.7334798039547064,1.0,0.15548419807334124,0.07774209903668172,0.08450228156160478,-0.7334798039547064
2018-10-10,-3.83163907115901,0.26024027663897886,0.18537663541406957,0.1889415707104991,0.5204805532779577,-1.0,-0.26024027663897886,-0.18537663541406957,-0.1889415707104991,-0.5204805532779577
2018-10-11,-0.7989489382856374,0.37968844256768275,0.4187218338596921,0.5038855966786215,1.7068237464958669,-1.0,-0.37968844256768275,-0.4187218338596921,-0.5038855966786215,-1.7068237464958669
2018-10-12,0.20944601528956053,-0.1709282450204075,0.03837164684130645,-0.4116231206613863,-0.3976697945372698,1.0,-0.1709282450204075,0.03837164684130645,-0.4116231206613863,-0.3976697945372698
2018-10-15,-0.8917954815695572,0.14140771379078654,0.43482871990667693,0.44543429844097204,1.247923074203694,-1.0,-0.14140771379078654,-0.43482871990667693,-0.44543429844097204,-1.247923074203694
2018-10-16,1.829608938547489,0.006811061163336518,0.030649775234992127,0.06470508105163031,-0.27244244653317207,1.0,0.006811061163336518,0.030649775234992127,0.06470508105163031,-0.27244244653317207
2018-10-17,-0.4637997476383715,-0.1745260420231376,-0.33194168776948807,-0.23954554787488647,-0.6057080281979377,-1.0,0.1745260420231376,0.33194168776948807,0.23954554787488647,0.6057080281979377
2018-10-18,-1.8577768603571077,-0.10836508546858692,-0.11535638130527603,0.16429545216205543,0.4369559897926978,-1.0,0.10836508546858692,0.11535638130527603,-0.16429545216205543,-0.4369559897926978
2018-10-19,-0.7770034843205598,-0.06352343308865249,-0.017645398080179397,-0.17998306041784318,1.1751835121400322,-1.0,0.06352343308865249,0.017645398080179397,0.17998306041784318,-1.1751835121400322
2018-10-22,-0.06633614971021107,0.08388675288359959,-0.1747640685075158,-0.4823488290807365,-2.0831876966095786,-1.0,-0.08388675288359959,0.1747640685075158,0.4823488290807365,2.0831876966095786
2018-10-23,1.5086283579434312,-0.1891286074530707,-0.017511908097511686,-0.14009526478004908,-0.2451667133650859,1.0,-0.1891286074530707,-0.017511908097511686,-0.14009526478004908,-0.2451667133650859
2018-10-24,-4.53236904929083,0.01456133964323758,-0.3349108117946864,0.06552602839460242,0.6953039679650441,-1.0,-0.01456133964323758,0.3349108117946864,-0.06552602839460242,-0.6953039679650441
2018-10-25,1.7843570161786504,0.4148924555082534,0.10918222513374154,0.08006696509808009,-0.644175128289115,1.0,0.4148924555082534,0.10918222513374154,0.08006696509808009,-0.644175128289115
2018-10-26,0.9791651328866946,0.3005504055619834,0.22450753186558092,0.3584878331402086,0.8835457705677952,1.0,0.3005504055619834,0.22450753186558092,0.3584878331402086,0.8835457705677952
2018-10-29,-3.196691837468535,-0.04839730464242242,0.14891478351513054,0.7892483526302119,-0.6589479170544643,-1.0,0.04839730464242242,-0.14891478351513054,-0.7892483526302119,0.6589479170544643
2018-10-30,1.8410635596385116,-0.26271619353426257,-0.3028533897686647,-0.34663942202437514,1.2296577391812002,1.0,-0.26271619353426257,-0.3028533897686647,-0.34663942202437514,1.2296577391812002
2018-10-31,0.6603875717224206,0.12202124605225073,0.1148435256962399,0.2081538903244251,0.4521963824289488,1.0,0.12202124605225073,0.1148435256962399,0.2081538903244251,0.4521963824289488
2018-11-01,1.1873681198812713,0.2183327964494053,0.458140949926622,0.5762554135795739,0.7015283295751518,1.0,0.2183327964494053,0.458140949926622,0.5762554135795739,0.7015283295751518
2018-11-02,-1.2090912314292823,-0.2760252365930582,-0.254516776598801,-0.2760252365930582,-0.26527100659592406,-1.0,0.2760252365930582,0.254516776598801,0.2760252365930582,0.26527100659592406
2018-11-05,-0.38380142759782965,0.11157099154219807,0.2771279467338461,-0.007198128486596289,-0.03958970667626849,-1.0,-0.11157099154219807,-0.2771279467338461,0.007198128486596289,0.03958970667626849
2018-11-06,0.7851894539691706,-0.1070587395617717,-0.17843123260296023,0.6601955606309273,0.8885875383627173,1.0,-0.1070587395617717,-0.17843123260296023,0.6601955606309273,0.8885875383627173
2018-11-07,1.864867728605235,0.017332224070987223,0.04853022739879087,-0.2149195784803104,-0.44717138103161913,1.0,0.017332224070987223,0.04853022739879087,-0.2149195784803104,-0.44717138103161913
2018-11-08,-0.1566961487568741,0.12240758227537452,0.06295247088448086,0.04546567341656704,-0.570069597453926,-1.0,-0.12240758227537452,-0.06295247088448086,-0.04546567341656704,0.570069597453926
2018-11-09,-0.7430885719316827,0.017777145701480812,0.20621489013723515,0.5262035127640008,-0.4337623551162628,-1.0,-0.017777145701480812,-0.20621489013723515,-0.5262035127640008,0.4337623551162628
2018-11-12,-2.226908778953385,-0.16796903527349638,-0.4381800920178147,-0.2884685605784032,0.5367706127218375,-1.0,0.16796903527349638,0.4381800920178147,0.2884685605784032,-0.5367706127218375
2018-11-13,-0.3823882879930074,0.3244622675902198,0.39008384979948296,0.182282172803494,0.8312067079839558,-1.0,-0.3244622675902198,-0.39008384979948296,-0.182282172803494,-0.8312067079839558
2018-11-14,-1.7599130907115734,-0.08480825958702143,0.202802359882015,-0.2581120943952797,-0.3134218289085555,-1.0,0.08480825958702143,-0.202802359882015,0.2581120943952797,0.3134218289085555
2018-11-15,1.9983008901858001,0.014556570472001873,0.03639142617999358,-0.12373084901197151,-0.6404891007678604,1.0,0.014556570472001873,0.03639142617999358,-0.12373084901197151,-0.6404891007678604
2018-11-16,0.6216631317194521,0.09838216003497102,0.08745080891998658,0.2987902638099449,-0.17854540154496057,1.0,0.09838216003497102,0.08745080891998658,0.2987902638099449,-0.17854540154496057
2018-11-19,-2.8121690223147477,-0.19124043797810186,-0.36373181340932925,-0.16499175041247982,-2.7073646317684164,-1.0,0.19124043797810186,0.36373181340932925,0.16499175041247982,2.7073646317684164
2018-11-20,0.5306467738214193,-0.007667535654043434,0.35654040791288644,0.5367274957828627,1.4299953994786119,1.0,-0.007667535654043434,0.35654040791288644,0.5367274957828627,1.4299953994786119
2018-11-26,0.9208589651658716,0.07912286650841871,-0.13187144418069785,-0.10172939979654627,0.1507102219207912,1.0,0.07912286650841871,-0.13187144418069785,-0.10172939979654627,0.1507102219207912
2018-11-27,0.9064921387196279,-0.08176918788329601,-0.055751719011332135,-0.2118565322430821,0.5240661587065709,1.0,-0.08176918788329601,-0.055751719011332135,-0.2118565322430821,0.5240661587065709
2018-11-28,2.454101273319509,0.09050756643256275,0.054304539859528766,-0.06154514517413556,-0.22807906741003636,1.0,0.09050756643256275,0.054304539859528766,-0.06154514517413556,-0.22807906741003636
2018-11-29,0.08704798520184909,0.03985074086150231,-0.007245589247550921,0.0362279462377213,0.07970148172300462,1.0,0.03985074086150231,-0.007245589247550921,0.0362279462377213,0.07970148172300462
2018-11-30,0.6334383031092683,-0.08461131676361644,-0.18684999118632195,-0.15512074739996162,0.16569716199541507,1.0,-0.08461131676361644,-0.18684999118632195,-0.15512074739996162,0.16569716199541507
2018-12-03,-0.46837582758134655,-0.05675368898978572,-0.1525255391600422,-0.17735527809307206,-0.25539160045402465,-1.0,0.05675368898978572,0.1525255391600422,0.17735527809307206,0.25539160045402465
2018-12-04,-3.240263204695004,1.0219360634873054,0.9133787527139337,0.4566893763569668,-0.2582915325297641,-1.0,-1.0219360634873054,-0.9133787527139337,-0.4566893763569668,0.2582915325297641
2018-12-06,2.7358702994821016,0.20473822755191495,-0.06580871599882743,-0.37657209710442174,-0.40216437554840834,1.0,0.20473822755191495,-0.06580871599882743,-0.37657209710442174,-0.40216437554840834
2018-12-07,-2.873921820517522,-0.13674694218642758,-0.14054546835827741,0.030388209374754283,0.36845703866899004,-1.0,0.13674694218642758,0.14054546835827741,-0.030388209374754283,-0.36845703866899004
2018-12-10,1.20737292305364,-0.1718341426970471,-0.3399327605528524,-0.24654463952185068,1.4493836384011916,1.0,-0.1718341426970471,-0.3399327605528524,-0.24654463952185068,1.4493836384011916
2018-12-11,-1.262514723203767,-0.2936693803204382,0.17099736069290383,0.5092747481506343,1.1486561837849907,-1.0,0.2936693803204382,-0.17099736069290383,-0.5092747481506343,-1.1486561837849907
2018-12-12,-0.6059270684146689,0.25465953127883356,0.19191732792027683,0.3727625023066894,0.4465768591991104,-1.0,-0.25465953127883356,-0.19191732792027683,-0.3727625023066894,-0.4465768591991104
2018-12-13,-0.5802850007345373,0.2476986210211196,-0.08872786424636292,-0.64327701578617,-0.8318237273096996,-1.0,-0.2476986210211196,0.08872786424636292,0.64327701578617,0.8318237273096996
2018-12-14,-1.426177620554836,0.4465299326420924,0.4465299326420924,0.5562703398168445,-0.1967759025202409,-1.0,-0.4465299326420924,-0.4465299326420924,-0.5562703398168445,0.1967759025202409
2018-12-17,-1.7325043596936873,0.24632437841582977,0.2424755600030748,0.4195212069894483,0.4541605727041764,-1.0,-0.24632437841582977,-0.2424755600030748,-0.4195212069894483,-0.4541605727041764
2018-12-18,-0.18006972912915087,0.4020100502512669,0.45226130653266416,0.6996521066872763,0.4831851565519907,-1.0,-0.4020100502512669,-0.45226130653266416,-0.6996521066872763,-0.4831851565519907
2018-12-19,-2.3516753765754683,0.5401143307707468,0.6702148630002069,0.6307904592943059,-0.031539522964718625,-1.0,-0.5401143307707468,-0.6702148630002069,-0.6307904592943059,0.031539522964718625
2018-12-20,-1.1171199621047623,-0.26480120148605346,-0.3201327958264222,-0.541459173187886,-0.4861275788475172,-1.0,0.26480120148605346,0.3201327958264222,0.541459173187886,0.4861275788475172
2018-12-26,5.040786446350132,-0.3582374716395331,-0.4856107948891464,-0.3622178879910787,-1.468773633722087,1.0,-0.3582374716395331,-0.4856107948891464,-0.3622178879910787,-1.468773633722087
2018-12-27,1.698265429608714,-0.2734189253447483,-0.10699001426534016,-0.19812965604691923,0.5468378506894966,1.0,-0.2734189253447483,-0.10699001426534016,-0.19812965604691923,0.5468378506894966
2018-12-28,-0.6467387017903614,-0.13392681293575848,0.0,-0.08271950210737566,0.10635364556663696,-1.0,0.13392681293575848,-0.0,0.08271950210737566,-0.10635364556663696
2020-01-02,0.7680317415332372,-0.05055043810380244,0.019658503707042918,-0.29206919793305364,-1.2412940912154613,1.0,-0.05055043810380244,0.019658503707042918,-0.29206919793305364,-1.2412940912154613
2020-01-03,0.43034655722753445,0.17404702122802984,0.14551472266606247,0.01141291942479139,-0.25393745720154737,1.0,0.17404702122802984,0.14551472266606247,0.01141291942479139,-0.25393745720154737
2020-01-06,1.4246481290765445,-0.008474097508615053,0.17513134851139256,0.24292412858031298,0.12993616179877154,1.0,-0.008474097508615053,0.17513134851139256,0.24292412858031298,0.12993616179877154
2020-01-07,-0.050749971805574834,-1.1615419398598226,-1.6052453086140672,-1.0145828623106534,0.04239204160072507,-1.0,1.1615419398598226,1.6052453086140672,1.0145828623106534,-0.04239204160072507
2020-01-08,0.7730286359147964,0.08382229673093988,0.10058675607711454,0.0698519139424425,0.7069013690975234,1.0,0.08382229673093988,0.10058675607711454,0.0698519139424425,0.7069013690975234
2020-01-09,0.04999027966783309,0.061036510931078425,0.2219509488402993,0.19698146709576925,0.2635667517478568,1.0,0.061036510931078425,0.2219509488402993,0.19698146709576925,0.2635667517478568
2020-01-10,-0.6113078114627135,-0.09446281221348052,-0.008334954018840435,0.03611813408161968,0.3222848887283636,-1.0,0.09446281221348052,0.008334954018840435,-0.03611813408161968,-0.3222848887283636
2020-01-13,0.7513168838369833,0.15676136519897632,0.18976375787245203,0.1485107670306185,-0.07425538351530925,1.0,0.15676136519897632,0.18976375787245203,0.1485107670306185,-0.07425538351530925
2020-01-14,-0.2864540296369733,-0.28703115944028745,-0.22079319956945787,-0.10211685480087107,-0.044158639913893794,-1.0,0.28703115944028745,0.22079319956945787,0.10211685480087107,0.044158639913893794
2020-01-15,-0.013806052573450689,0.06340804455104987,0.011027486008874376,0.07719240206214284,0.2977421222396748,-1.0,-0.06340804455104987,-0.011027486008874376,-0.07719240206214284,-0.2977421222396748
2020-01-16,0.46450265233763943,0.0902872777017727,0.07934336525308172,0.05745554035567757,0.3529411764705781,1.0,0.0902872777017727,0.07934336525308172,0.05745554035567757,0.3529411764705781
2020-01-17,0.07629012042940087,-0.06811061163328747,-0.07083503609862651,-0.44135676338373786,-0.19070971257322267,1.0,-0.06811061163328747,-0.07083503609862651,-0.44135676338373786,-0.19070971257322267
2020-01-21,0.28403659702307404,0.010894729674526538,0.11711834400109922,0.11711834400109922,0.40310499795723764,1.0,0.010894729674526538,0.11711834400109922,0.11711834400109922,0.40310499795723764
2020-01-22,-0.2412381752636028,-0.06527947776417964,-0.027199782401743366,0.11695906432749315,0.01631986944103936,-1.0,0.06527947776417964,0.027199782401743366,-0.11695906432749315,-0.01631986944103936
2020-01-23,0.37528554334820274,0.18913807079168343,0.09727100783571974,0.08376114563630743,0.25938935422857856,1.0,0.18913807079168343,0.09727100783571974,0.08376114563630743,0.25938935422857856
2020-01-24,-1.3075595815809304,-0.3811312417145385,-0.11323464427750451,-0.15742377375165262,-1.3063411400795366,-1.0,0.3811312417145385,0.11323464427750451,0.15742377375165262,1.3063411400795366
2020-01-27,0.15367850456844412,0.22321428571427937,0.1450892857142838,0.31250000000000444,0.7896205357142749,1.0,0.22321428571427937,0.1450892857142838,0.31250000000000444,0.7896205357142749
2020-01-28,0.8255991134506147,-0.13443072702331582,-0.1591220850480135,0.274348422496562,0.3978052126200282,1.0,-0.13443072702331582,-0.1591220850480135,0.274348422496562,0.3978052126200282
2020-01-29,-0.42900863482348006,-0.06298608829006236,-0.24646730200460487,-0.347792748384268,-0.8078650454595215,-1.0,0.06298608829006236,0.24646730200460487,0.347792748384268,0.8078650454595215
2020-01-30,1.0219018421852022,-0.0054226994197659195,0.13827883520416417,-0.07049509245702357,-0.5504039911067737,1.0,-0.0054226994197659195,0.13827883520416417,-0.07049509245702357,-0.5504039911067737
2020-01-31,-2.028535642324236,0.0027723101660548366,0.25228022511158965,0.7623852956668786,0.46297579773224573,-1.0,-0.0027723101660548366,-0.25228022511158965,-0.7623852956668786,-0.46297579773224573
2020-02-03,0.9954100536415433,0.11840837119647674,0.4846482169902355,0.7958144017623514,2.023957042544411,1.0,0.11840837119647674,0.4846482169902355,0.7958144017623514,2.023957042544411
2020-02-04,0.893821559732122,-0.13369341426241466,-0.25936522366908354,-0.05882510227546156,1.0695473140993172,1.0,-0.13369341426241466,-0.25936522366908354,-0.05882510227546156,1.0695473140993172
2020-02-05,-0.8591519509358103,-0.15172891101232766,-0.0718715894268862,0.22626241115872858,-0.06654776798785678,-1.0,0.15172891101232766,0.0718715894268862,-0.22626241115872858,0.06654776798785678
2020-02-06,0.6012877135103567,0.0052822016216369505,-0.25090457702769964,-0.2878799883791583,-0.6972506140559331,1.0,0.0052822016216369505,-0.25090457702769964,-0.2878799883791583,-0.6972506140559331
2020-02-07,-0.0026563952716163186,-0.5366060992455624,-0.3851875464881527,-0.06375518010838244,-0.23111252789289605,-1.0,0.5366060992455624,0.3851875464881527,0.06375518010838244,0.23111252789289605
2020-02-10,1.5431358439274012,-0.005249068290380521,0.1915909925988224,0.4750406802792595,0.5406540339089716,1.0,-0.005249068290380521,0.1915909925988224,0.4750406802792595,0.5406540339089716
2020-02-11,-0.5403712115279236,0.05503288870254419,-0.04455043371157652,-0.010482454990956569,0.55294950077307,-1.0,-0.05503288870254419,0.04455043371157652,0.010482454990956569,-0.55294950077307
2020-02-12,0.4122958091957729,-0.4261289819674663,-0.4027438549082829,-0.3403835160837754,-0.8054877098165547,1.0,-0.4261289819674663,-0.4027438549082829,-0.3403835160837754,-0.8054877098165547
2020-02-13,0.5759313071022731,-0.09614635033651231,0.015591300054573765,0.11953330041836185,-0.0025985500090919267,1.0,-0.09614635033651231,0.015591300054573765,0.11953330041836185,-0.0025985500090919267
2020-02-14,0.11176088369071469,0.05993329164060146,-0.018240567021055032,-0.11986658328121402,-0.14592453616844026,1.0,0.05993329164060146,-0.018240567021055032,-0.11986658328121402,-0.14592453616844026
2020-02-18,0.5399765227598774,0.20731296483453843,0.1477104874446189,0.17621602010935433,0.44572287439426095,1.0,0.20731296483453843,0.1477104874446189,0.17621602010935433,0.44572287439426095
2020-02-19,0.39214674544001404,0.10269312726245428,0.19768426998023614,0.01283664090780956,-0.27983877179019734,1.0,0.10269312726245428,0.19768426998023614,0.01283664090780956,-0.27983877179019734
2020-02-20,-0.7290244467915152,-0.39539057825872526,-0.21590406575969778,-0.202897796738033,-0.10925265978201093,-1.0,0.39539057825872526,0.21590406575969778,0.202897796738033,0.10925265978201093
2020-02-21,-1.4389989572471285,-0.42243730281803504,-0.4732367253088121,-0.5079942249077596,-2.8902197743436164,-1.0,0.42243730281803504,0.4732367253088121,0.5079942249077596,2.8902197743436164
2020-02-24,-0.21693760984182742,0.6000880863245905,0.9166483153490335,1.246972032591942,1.1643911032812149,-1.0,-0.6000880863245905,-0.9166483153490335,-1.246972032591942,-1.1643911032812149
2020-02-25,-3.4882768785653884,0.48173085049441067,0.09578274220356509,0.16902836859453707,0.5324393610727673,-1.0,-0.48173085049441067,-0.09578274220356509,-0.16902836859453707,-0.5324393610727673
2020-02-26,-0.12091218401146797,0.12762336925695728,0.09359047078842941,-0.46511627906976605,-1.4889393079977276,-1.0,-0.12762336925695728,-0.09359047078842941,0.46511627906976605,1.4889393079977276
2020-02-27,-2.607415107415112,1.0189580624678785,1.0189580624678785,2.0832703413660614,3.761376349287948,-1.0,-1.0189580624678785,-1.0189580624678785,-2.0832703413660614,-3.761376349287948
2020-03-02,3.646076599719761,0.3336537917774107,0.45241192105411887,-0.17530961940847023,0.26861957812587267,1.0,0.3336537917774107,0.45241192105411887,-0.17530961940847023,0.26861957812587267
2020-03-03,-3.432198629367489,0.005837030119071329,1.0127247256595862,0.7675694606584127,2.3173009572729386,-1.0,-0.005837030119071329,-1.0127247256595862,-0.7675694606584127,-2.3173009572729386
2020-03-04,2.2668801097707414,-0.2696932239577454,-0.3258793122822734,-0.7444656703000319,-1.941229351612539,1.0,-0.2696932239577454,-0.3258793122822734,-0.7444656703000319,-1.941229351612539
2020-03-05,-0.5048042449447898,0.1613089065560569,-0.040327226639014224,-0.8756769213043025,-3.1484041940315732,-1.0,-0.1613089065560569,0.040327226639014224,0.8756769213043025,3.1484041940315732
2020-03-06,1.7114914425427896,-0.8573159648591289,-1.6813086943350486,-1.2693123295970943,-3.9957588609512262,1.0,-0.8573159648591289,-1.6813086943350486,-1.2693123295970943,-3.9957588609512262
2020-03-09,-0.49855763200802317,2.041853227906376,3.169159442380365,3.6772411165094887,4.499698326505985,-1.0,-2.041853227906376,-3.169159442380365,-3.6772411165094887,-4.499698326505985
2020-03-10,1.5660091047041025,-0.9710489132068623,-1.301746685506422,-1.4520638547334874,-1.8549138682620314,1.0,-0.9710489132068623,-1.301746685506422,-1.4520638547334874,-1.8549138682620314
2020-03-11,-2.0272546317562368,0.7944915254237239,-0.23055832502492102,-0.46423230309072805,-6.477442671984046,-1.0,-0.7944915254237239,0.23055832502492102,0.46423230309072805,6.477442671984046
2020-03-12,-3.2642728665645215,0.4047735361853544,-0.3349849954637496,-0.4466466606183217,7.432479586851848,-1.0,-0.4047735361853544,0.3349849954637496,0.4466466606183217,-7.432479586851848
2020-03-13,3.273732119635886,-2.12848799480857,-2.12848799480857,-2.12848799480857,-4.201817001946784,1.0,-2.12848799480857,-2.12848799480857,-2.12848799480857,-4.201817001946784
2020-03-16,-6.06265876375952,-0.27752406379540906,0.3231925806225,1.9883369633949322,1.1592777348415684,-1.0,0.27752406379540906,-0.3231925806225,-1.9883369633949322,-1.1592777348415684
2020-03-17,3.7671352331786867,-0.9896612705754371,-2.3840293837573134,-2.802339817711874,-4.570806692966944,1.0,-0.9896612705754371,-2.3840293837573134,-2.802339817711874,-4.570806692966944
2020-03-18,3.3373960424433635,1.6538114099089674,2.7899381557918046,0.8685984295740301,-0.6080189007018233,1.0,1.6538114099089674,2.7899381557918046,0.8685984295740301,-0.6080189007018233
2020-03-19,1.271378313420879,0.04194924141789347,0.36356009228832864,0.9997902537929093,3.40488009508495,1.0,0.04194924141789347,0.36356009228832864,0.9997902537929093,3.40488009508495
2020-03-20,-6.104455512181994,-1.321176032750282,-0.24190547078526414,-0.9378489021213299,3.5467063639746943,-1.0,1.321176032750282,0.24190547078526414,0.9378489021213299,-3.5467063639746943
2020-03-23,-0.10714668381013315,0.3857451251017441,0.26188201153696244,0.6865555437590709,4.2148848073043865,-1.0,-0.3857451251017441,-0.26188201153696244,-0.6865555437590709,-4.2148848073043865
2020-03-24,2.0903208320628863,0.8383233532934131,-0.3659347970725202,-0.8982035928143728,-0.3193612774451071,1.0,0.8383233532934131,-0.3659347970725202,-0.8982035928143728,-0.3193612774451071
2020-03-25,-1.2243142185897171,-0.34948741845293174,-0.5358807082945005,-0.6091066435894077,1.0617760617760652,-1.0,0.34948741845293174,0.5358807082945005,0.6091066435894077,-1.0617760617760652
2020-03-26,4.52688564880932,-0.5722460658083017,0.11127006835160991,-1.0968049594659024,-2.4384040693053555,1.0,-0.5722460658083017,0.11127006835160991,-1.0968049594659024,-2.4384040693053555
2020-03-27,-1.0646983898886297,-0.1410674100695286,0.39297349947939875,0.35602727303261084,3.1505054915527575,-1.0,0.1410674100695286,-0.39297349947939875,-0.35602727303261084,-3.1505054915527575
2020-03-30,2.695646498270343,0.3026634382566673,0.4173569517012865,0.5224926723588652,-0.2134573722441746,1.0,0.3026634382566673,0.4173569517012865,0.5224926723588652,-0.2134573722441746
2020-03-31,-0.6246215621912743,-0.2320709105560037,-0.4802578565672899,-0.2578565672844535,-2.2401289282836467,-1.0,0.2320709105560037,0.4802578565672899,0.2578565672844535,2.2401289282836467
2020-04-01,-1.3053104656158054,-0.05345271105469118,0.29398991080078485,0.18708448869140248,-0.24721878862793423,-1.0,0.05345271105469118,-0.29398991080078485,-0.18708448869140248,0.24721878862793423
2020-04-02,2.4959634015069954,0.27570814323694126,-0.29540158203957834,-0.5087471690681689,-0.37089309744969823,1.0,0.27570814323694126,-0.29540158203957834,-0.5087471690681689,-0.37089309744969823
2020-04-03,-1.0338469643092374,0.022946305644788723,0.36386284665310686,2.0356651150593263,2.150396643283292,-1.0,-0.022946305644788723,-0.36386284665310686,-2.0356651150593263,-2.150396643283292
2020-04-06,3.276481149012578,-0.17777500545800295,0.7204566010666547,0.4054517668340418,3.115740885132401,1.0,-0.17777500545800295,0.7204566010666547,0.4054517668340418,3.115740885132401
2020-04-07,-2.921823121038336,-0.12487902344603397,0.3652711435796485,-0.5182479473010537,1.601573475695428,-1.0,0.12487902344603397,-0.3652711435796485,0.5182479473010537,-1.601573475695428
2020-04-08,1.1952068508763736,0.07037728343686211,0.5966769682690165,0.4712218108380961,1.0984975979927203,1.0,0.07037728343686211,0.5966769682690165,0.4712218108380961,1.0984975979927203
2020-04-09,-0.7061379684953795,-1.3623565741273325,-1.6984045290787453,-1.9557385486361323,-0.8870455027095714,-1.0,1.3623565741273325,1.6984045290787453,1.9557385486361323,0.8870455027095714
2020-04-13,1.556966662596171,0.3538761433498294,0.2878992352676635,0.06597690808216594,1.6794122057280036,1.0,0.3538761433498294,0.2878992352676635,0.06597690808216594,1.6794122057280036
2020-04-14,2.2946183981855217,0.05179259941301417,-0.18990619784773344,-0.2819819301375426,-1.7177878805317404,1.0,0.05179259941301417,-0.18990619784773344,-0.2819819301375426,-1.7177878805317404
2020-04-15,0.45357445936851093,-0.6317689530685899,-0.6579713520437847,-0.6608827297077013,1.0801211133108168,1.0,-0.6317689530685899,-0.6579713520437847,-0.6608827297077013,1.0801211133108168
2020-04-16,0.7489989341169068,0.2751726848992053,0.30886729937664725,0.0701971134946966,-0.4969955635424239,1.0,0.2751726848992053,0.30886729937664725,0.0701971134946966,-0.4969955635424239
2020-04-17,-0.3757486721663428,-0.1653363740022784,-0.21664766248574718,0.5359179019384319,-0.34777651083238714,-1.0,0.1653363740022784,0.21664766248574718,-0.5359179019384319,0.34777651083238714
2020-04-20,-0.28613940711914587,0.24924795874516903,0.11746168170749804,0.2435181206130954,-1.1516974645466305,-1.0,-0.24924795874516903,-0.11746168170749804,-0.2435181206130954,1.1516974645466305
2020-04-21,-2.777938705752858,0.020700872393897285,0.15082064172704523,-0.05914534969687635,1.3278131006949634,-1.0,-0.020700872393897285,-0.15082064172704523,0.05914534969687635,-1.3278131006949634
2020-04-22,0.9307618241764626,-0.014495274540504699,-0.1391546355888007,-0.09856786687539865,0.545022322722799,1.0,-0.014495274540504699,-0.1391546355888007,-0.09856786687539865,0.545022322722799
2020-04-23,-0.5647275765695681,-0.30020402215097386,-0.3206062372486107,-0.5392013990090372,0.9530749052754306,-1.0,0.30020402215097386,0.3206062372486107,0.5392013990090372,-0.9530749052754306
2020-04-24,1.4604661923766526,-0.6652073798220415,-0.5742388492480877,-0.11655342979788319,0.6083520482133231,1.0,-0.6652073798220415,-0.5742388492480877,-0.11655342979788319,0.6083520482133231
2020-04-27,-0.3810115150146731,0.09082909937270234,0.12489001163746849,0.30370980102749634,0.9650591808350706,-1.0,-0.09082909937270234,-0.12489001163746849,-0.30370980102749634,-0.9650591808350706
2020-04-28,-2.6591413247971207,-0.03713330857779695,0.2342254848753278,0.4084663943557443,1.0711531320517498,-1.0,0.03713330857779695,-0.2342254848753278,-0.4084663943557443,-1.0711531320517498
2020-04-29,1.168171557562081,-0.04952265661539723,-0.008253776102562504,-0.2861309048889815,-0.9354279582909131,1.0,-0.04952265661539723,-0.008253776102562504,-0.2861309048889815,-0.9354279582909131
2020-04-30,-0.3743448964312446,0.011325348962309967,0.18686825787819217,0.24632633993035835,-0.2887963985390263,-1.0,-0.011325348962309967,-0.18686825787819217,-0.24632633993035835,0.2887963985390263
2020-05-01,-0.8986463428506397,-0.0522299277486038,-0.3249862171023965,-0.47297101239009987,0.5803325305399953,-1.0,0.0522299277486038,0.3249862171023965,0.47297101239009987,-0.5803325305399953
2020-05-04,1.695306193057311,-0.06808510638297571,0.16737588652482316,0.3347517730496463,1.012765957446815,1.0,-0.06808510638297571,0.16737588652482316,0.3347517730496463,1.012765957446815
2020-05-05,0.12910831064583128,0.20130850528434774,0.09785830117989835,-0.5088631661354315,0.4809036515126097,1.0,0.20130850528434774,0.09785830117989835,-0.5088631661354315,0.4809036515126097
2020-05-06,-0.1752433936022202,-0.20920502092049986,0.11436541143654555,0.32914923291491593,1.389121338912136,-1.0,0.20920502092049986,-0.11436541143654555,-0.32914923291491593,-1.389121338912136
2020-05-07,0.04952401914928295,0.2771451307521433,0.49666602639739654,0.7491150563894378,0.43355376889937514,1.0,0.2771451307521433,0.49666602639739654,0.7491150563894378,0.43355376889937514
2020-05-08,0.5568597477752846,0.4383815280727621,0.7433425910798874,0.9203289222893929,-0.28045526330120474,1.0,0.4383815280727621,0.7433425910798874,0.9203289222893929,-0.28045526330120474
2020-05-11,1.4141800212946087,0.029608893434907024,-0.07805980996473671,-0.4602837070334598,0.476434012543403,1.0,0.029608893434907024,-0.07805980996473671,-0.4602837070334598,0.476434012543403
2020-05-12,-2.339055793991418,-0.09115266690605806,-0.3038422230201898,-0.024859818247102705,0.7927519818799578,-1.0,0.09115266690605806,0.3038422230201898,0.024859818247102705,-0.7927519818799578
2020-05-13,-1.4388292041219053,0.055429299927944875,-0.23557452469374907,-0.1856881547586009,-0.8619256138794995,-1.0,-0.055429299927944875,0.23557452469374907,0.1856881547586009,0.8619256138794995
2020-05-14,1.7013179617763052,-0.13477459636384026,0.266798690761072,0.0605110432653877,-1.3202409439722729,1.0,-0.13477459636384026,0.266798690761072,0.0605110432653877,-1.3202409439722729
2020-05-15,2.0531131443874084,0.3149563169282166,0.3943800838057676,0.4491550954454526,1.5638265823131547,1.0,0.3149563169282166,0.3943800838057676,0.4491550954454526,1.5638265823131547
2020-05-18,0.5529332434254908,0.1795813342625019,0.1313356026696022,0.07772923423303713,-0.0884505079203457,1.0,0.1795813342625019,0.1313356026696022,0.07772923423303713,-0.0884505079203457
2020-05-19,-0.38062561985686694,0.255726937468026,0.3230234999596293,0.4710759374411122,1.48052437481494,-1.0,-0.255726937468026,-0.3230234999596293,-0.4710759374411122,-1.48052437481494
2020-05-20,0.8296107211231751,-0.10002632271650658,-0.19478810213213738,-0.24480126349039066,-0.10792313766780914,1.0,-0.10002632271650658,-0.19478810213213738,-0.24480126349039066,-0.10792313766780914
2020-05-21,-1.1177307955923421,0.3742414926889204,0.539977010879733,0.4277045630730614,0.08286775909540633,-1.0,-0.3742414926889204,-0.539977010879733,-0.4277045630730614,-0.08286775909540633
2020-05-22,0.5129164106536965,0.028897178584563754,-0.07881048704880822,0.09194556822360589,0.4360846950034247,1.0,0.028897178584563754,-0.07881048704880822,0.09194556822360589,0.4360846950034247
2020-05-26,-1.7863214332417887,0.0930727296901912,0.031910650179489686,0.1994415636218605,-0.2871958516154738,-1.0,-0.0930727296901912,-0.031910650179489686,-0.1994415636218605,0.2871958516154738
2020-05-27,0.782480972092392,0.010600519425452148,0.06890337626543896,0.3365664917581057,-0.2782636349181078,1.0,0.010600519425452148,0.06890337626543896,0.3365664917581057,-0.2782636349181078
2020-05-28,0.34370670361292266,-0.034396084138110794,-0.3360232835031063,-0.5662124619658648,-0.1825638311946043,1.0,-0.034396084138110794,-0.3360232835031063,-0.5662124619658648,-0.1825638311946043
2020-05-29,1.075041042207281,-0.05265652151018596,0.197461955663214,0.47917434574271667,0.1948291295877036,1.0,-0.05265652151018596,0.197461955663214,0.47917434574271667,0.1948291295877036
2020-06-01,0.7694125679472696,-0.16163512174774963,-0.27373689973408943,-0.044319307575990674,0.01303509046353124,1.0,-0.16163512174774963,-0.27373689973408943,-0.044319307575990674,0.01303509046353124
2020-06-02,0.5284119009813404,-0.13207644895634196,0.21753768063397239,0.3263065209509586,0.23566582068679232,1.0,-0.13207644895634196,0.21753768063397239,0.3263065209509586,0.23566582068679232
2020-06-03,0.2015035263117193,0.09302085217435252,0.2558073434794972,0.10594041497635764,-0.031006950724787874,1.0,0.09302085217435252,0.2558073434794972,0.10594041497635764,-0.031006950724787874
2020-06-04,-0.5551969012265956,-0.08037126338440448,-0.2307433045552365,-0.0933343703818923,0.3551891317310929,-1.0,0.08037126338440448,0.2307433045552365,0.0933343703818923,-0.3551891317310929
2020-06-05,1.5019517617558042,0.1907183725365469,0.32294977749522946,0.24666242848061515,-0.18563254926891037,1.0,0.1907183725365469,0.32294977749522946,0.24666242848061515,-0.18563254926891037
2020-06-08,0.8868953565421167,-0.06071645415908211,-0.05818660190244351,-0.1315523173446631,-0.17202995345071415,1.0,-0.06071645415908211,-0.05818660190244351,-0.1315523173446631,-0.17202995345071415
2020-06-09,1.0803956378392154,0.16809674343920555,0.26343519494205214,0.2910331677455025,0.7852877715891493,1.0,0.16809674343920555,0.26343519494205214,0.2910331677455025,0.7852877715891493
2020-06-10,0.5105344423967706,-0.43079970289675584,-0.4803169101262661,-0.19311710819509553,-1.6934884872493172,1.0,-0.43079970289675584,-0.4803169101262661,-0.19311710819509553,-1.6934884872493172
2020-06-11,-3.3670796816762327,0.2543208595007007,0.5112368298126224,0.015570664867392559,1.6842269164893287,-1.0,-0.2543208595007007,-0.5112368298126224,-0.015570664867392559,-1.6842269164893287
2020-06-12,-1.3958710796947993,0.15970258665829462,-0.07592418054246375,-0.1518483610849275,-0.17017488742276932,-1.0,-0.15970258665829462,0.07592418054246375,0.1518483610849275,0.17017488742276932
2020-06-15,2.6786183691709153,-0.08658008658009031,0.5271199388846348,0.5322128851540597,1.5864527629233516,1.0,-0.08658008658009031,0.5271199388846348,0.5322128851540597,1.5864527629233516
2020-06-16,-0.348309820332271,0.20367110887604678,0.3821976364093649,0.35453859693235223,0.4752325873774277,-1.0,-0.20367110887604678,-0.3821976364093649,-0.35453859693235223,-0.4752325873774277
2020-06-17,-0.334907900327408,0.15538847117795296,-0.23809523809523725,-0.3759398496240629,-0.19298245614035592,-1.0,-0.15538847117795296,0.23809523809523725,0.3759398496240629,0.19298245614035592
2020-06-18,0.4319220531364465,0.1877393676938066,0.29537660517160447,0.13517234473954254,0.9712383288693172,1.0,0.1877393676938066,0.29537660517160447,0.13517234473954254,0.9712383288693172
2020-06-19,-1.0670165622756467,0.260792505380425,0.3443473857450252,0.5013292821876236,1.2507912393973974,-1.0,-0.260792505380425,-0.3443473857450252,-0.5013292821876236,-1.2507912393973974
2020-06-22,1.2386147532779557,0.17532595811931007,0.23952983010666618,0.20742789411298812,0.5235084946661361,1.0,0.17532595811931007,0.23952983010666618,0.20742789411298812,0.5235084946661361
2020-06-23,0.1546885358607364,-0.13493621197252503,-0.01962708537782687,0.1913640824337648,-0.1496565260058924,1.0,-0.13493621197252503,-0.01962708537782687,0.1913640824337648,-0.1496565260058924
2020-06-24,-1.7162949666822414,-0.19476141726385565,-0.24220330095633402,0.12984094484256303,-0.06492047242128152,-1.0,0.19476141726385565,0.24220330095633402,-0.12984094484256303,0.06492047242128152
2020-06-25,0.9002700810243125,0.08422512881489652,0.16845025762981525,0.09165675782798477,-0.12138327388030445,1.0,0.08422512881489652,0.16845025762981525,0.09165675782798477,-0.12138327388030445
2020-06-26,-2.2982800129061065,0.48046206138669945,0.46257251654782117,0.6542462112499647,0.582688031894496,-1.0,-0.48046206138669945,-0.46257251654782117,-0.6542462112499647,-0.582688031894496
2020-06-29,1.1614903675087662,0.0,0.9043573581803299,1.0413812003288614,1.2207578664142016,1.0,0.0,0.9043573581803299,1.0413812003288614,1.2207578664142016
2020-07-01,1.1454612637024297,0.14377269293563977,0.11696761459170091,0.012184126519976246,1.086824085581295,1.0,0.14377269293563977,0.11696761459170091,0.012184126519976246,1.086824085581295
2020-07-02,-0.32068283744032255,0.15666803249054784,0.20487358094916086,0.4748246523174737,1.0388295692834282,-1.0,-0.15666803249054784,-0.20487358094916086,-0.4748246523174737,-1.0388295692834282
2020-07-06,1.1556277159638917,0.1697752835483124,0.2711688556674252,0.5423377113348504,-0.25702091537174176,1.0,0.1697752835483124,0.2711688556674252,0.5423377113348504,-0.25702091537174176
2020-07-07,-0.5931282196701138,0.09258819619202274,0.10683253406771342,0.25164996913726867,0.42020796733297505,-1.0,-0.09258819619202274,-0.10683253406771342,-0.25164996913726867,-0.42020796733297505
2020-07-08,0.7637017070979413,-0.12635125649305134,-0.03509757124806612,-0.08657400907857715,0.4445692358088893,1.0,-0.12635125649305134,-0.03509757124806612,-0.08657400907857715,0.4445692358088893
2020-07-09,0.0675423886715043,0.013979822456255953,0.22833710011882502,-0.17008783988443632,0.07455905310003175,1.0,0.013979822456255953,0.22833710011882502,-0.17008783988443632,0.07455905310003175
2020-07-10,0.8081796161728994,0.40079237112451427,0.21882342101626762,0.37545492237527345,0.7831575067950514,1.0,0.40079237112451427,0.21882342101626762,0.37545492237527345,0.7831575067950514
2020-07-13,-3.101643391008202,0.07998118089860284,0.19995295224652931,0.1599623617972279,-1.2232415902140636,-1.0,-0.07998118089860284,-0.19995295224652931,-0.1599623617972279,1.2232415902140636
2020-07-14,1.7178528031259743,-0.06525893814385286,-0.07924299631753007,-0.03729082179648735,-0.002330676362283235,1.0,-0.06525893814385286,-0.07924299631753007,-0.03729082179648735,-0.002330676362283235
2020-07-15,-0.34499638686216194,-0.498035914702577,-0.572858211747096,-0.7108118219229298,-0.8838383838383868,-1.0,0.498035914702577,0.572858211747096,0.7108118219229298,0.8838383838383868
2020-07-16,0.3949391037010752,0.30867861806957997,0.35616763623411707,0.5484981598005367,1.023388341446041,1.0,0.30867861806957997,0.35616763623411707,0.5484981598005367,1.023388341446041
2020-07-17,-0.11979704970402905,-0.0187916940712185,0.039932349901339315,-0.0751667762848851,0.1832190171944026,-1.0,0.0187916940712185,-0.039932349901339315,0.0751667762848851,-0.1832190171944026
2020-07-20,2.601027276778378,-0.17794000228128493,-0.06159461617428752,0.3376297479183332,0.2555035930192684,1.0,-0.17794000228128493,-0.06159461617428752,0.3376297479183332,0.2555035930192684
2020-07-21,-1.6134163523155887,0.304238596814721,0.23970313688432832,0.04148708138382862,-0.15672897411667108,-1.0,-0.304238596814721,-0.23970313688432832,-0.04148708138382862,0.15672897411667108
2020-07-22,0.20068278280125362,0.0691658597316458,-0.12449854751694911,-0.27435791026882983,-0.1590814773827609,1.0,0.0691658597316458,-0.12449854751694911,-0.27435791026882983,-0.1590814773827609
2020-07-23,-2.4948120820843855,0.11586937501477657,0.09695192603278446,0.20572725767931122,-1.7404053063444391,-1.0,-0.11586937501477657,-0.09695192603278446,-0.20572725767931122,1.7404053063444391
2020-07-24,0.520858336133645,-0.6135990677099468,-0.6944609603538932,-0.23782909601161029,0.3282041524960144,1.0,-0.6135990677099468,-0.6944609603538932,-0.23782909601161029,0.3282041524960144
2020-07-27,1.078531301111707,0.11460111794558969,0.07951914306429941,0.47243726173491485,-0.5332460181958543,1.0,0.11460111794558969,0.07951914306429941,0.47243726173491485,-0.5332460181958543
2020-07-28,-0.9947323864170854,-0.0047318238815097224,-0.05678188657818328,0.08753874180802423,0.19400477914210956,-1.0,0.0047318238815097224,0.05678188657818328,-0.08753874180802423,-0.19400477914210956
2020-07-29,0.5808050997520908,-0.04910787362907287,-0.0935388069125187,-0.1777237331337833,-1.1248041531230268,1.0,-0.04910787362907287,-0.0935388069125187,-0.1777237331337833,-1.1248041531230268
2020-07-30,1.3107462262811787,-0.29986723435425633,-0.07553907430297713,-0.24721878862793423,-0.5264844572631988,1.0,-0.29986723435425633,-0.07553907430297713,-0.24721878862793423,-0.5264844572631988
2020-07-31,0.01835578092375112,0.03437449870522524,0.03666613195223434,0.22228842496045953,0.7264477393037927,1.0,0.03437449870522524,0.03666613195223434,0.22228842496045953,0.7264477393037927
2020-08-03,0.46872511319939747,-0.04075071879739989,-0.09961286817142812,0.018111430576617238,-0.13130787168051938,1.0,-0.04075071879739989,-0.09961286817142812,0.018111430576617238,-0.13130787168051938
2020-08-04,0.6309577848388592,0.038372985418266836,0.013543406618210518,-0.06320256421832315,0.08126043970926311,1.0,0.038372985418266836,0.013543406618210518,-0.06320256421832315,0.08126043970926311
2020-08-05,0.09007994595202629,0.10147934331590225,0.02480606169943389,0.26835648565759485,0.21648926574058258,1.0,0.10147934331590225,0.02480606169943389,0.26835648565759485,0.21648926574058258
2020-08-06,1.4010586777790213,-0.03553581343698209,-0.06662965019433864,0.11549139367017514,-0.3353692393114893,1.0,-0.03553581343698209,-0.06662965019433864,0.11549139367017514,-0.3353692393114893
2020-08-07,-0.9303153724599889,-0.3147482014388525,-0.12589928057553657,-0.1326438848920808,0.1303956834532327,-1.0,0.3147482014388525,0.12589928057553657,0.1326438848920808,-0.1303956834532327
2020-08-10,-0.5342192094453524,-0.06774608766343393,0.04064765259805814,0.18743084253551867,-0.3974437142921672,-1.0,0.06774608766343393,-0.04064765259805814,-0.18743084253551867,0.3974437142921672
2020-08-11,-1.43734838695051,-0.05488474204171645,-0.07317965605562193,-0.29500548847420927,0.3293084522502765,-1.0,0.05488474204171645,0.07317965605562193,0.29500548847420927,-0.3293084522502765
2020-08-12,1.7133210138480237,0.013486782952698562,0.13486782952707443,-0.1843193670203247,0.42033806869268275,1.0,0.013486782952698562,0.13486782952707443,-0.1843193670203247,0.42033806869268275
2020-08-13,-0.031324115093744886,0.05362888809439248,0.14524490525562594,0.12066499821237198,0.029048981051116307,-1.0,-0.05362888809439248,-0.14524490525562594,-0.12066499821237198,-0.029048981051116307
2020-08-14,-0.2792422482351897,-0.026894975122149223,0.04258371061007793,0.04930745439060136,0.6297906674436415,-1.0,0.026894975122149223,-0.04258371061007793,-0.04930745439060136,-0.6297906674436415
2020-08-17,0.49426694868084375,0.03322553493110281,0.14397731803481584,0.13068710406236583,0.4297169184423799,1.0,0.03322553493110281,0.14397731803481584,0.13068710406236583,0.4297169184423799
2020-08-18,0.5648720211826941,-0.002190676480895437,-0.002190676480895437,-0.0350508236943603,-0.12048720644934896,1.0,-0.002190676480895437,-0.002190676480895437,-0.0350508236943603,-0.12048720644934896
2020-08-19,-0.6451612903225823,-0.08166688738798777,-0.3487396812784205,-0.33549640224252997,-0.3774334525228462,-1.0,0.08166688738798777,0.3487396812784205,0.33549640224252997,0.3774334525228462
2020-08-20,1.6792946076476634,0.0849025797322378,0.1698051594644534,0.30695548057038113,-0.01088494611951596,1.0,0.0849025797322378,0.1698051594644534,0.30695548057038113,-0.01088494611951596
2020-08-21,0.6379967338051129,0.028055939226523385,-0.006474447513815651,0.05827002762430755,0.9582182320442056,1.0,0.028055939226523385,-0.006474447513815651,0.05827002762430755,0.9582182320442056
2020-08-24,-0.5219362981026321,0.036525363642225805,0.08809058290182303,0.1439529037664089,-0.2879058075328178,-1.0,-0.036525363642225805,-0.08809058290182303,-0.1439529037664089,0.2879058075328178
2020-08-25,1.069772457672813,-0.023432174505788606,0.08946830265847971,0.01278118609406853,0.362133605998638,1.0,-0.023432174505788606,0.08946830265847971,0.01278118609406853,0.362133605998638
2020-08-26,1.6697469887196448,-0.07307041900666,-0.07933359777866356,0.0041754525146764365,0.15449174304265068,1.0,-0.07307041900666,-0.07933359777866356,0.0041754525146764365,0.15449174304265068
2020-08-27,-0.7117141489605183,0.020914376542435775,0.16313213703098572,0.016731501233957502,0.3283557117162328,-1.0,-0.020914376542435775,-0.16313213703098572,-0.016731501233957502,-0.3283557117162328
2020-08-28,0.09808422722150656,0.15407037268373447,0.38101186758277006,0.5788049135956763,-0.04164064126587208,1.0,0.15407037268373447,0.38101186758277006,0.5788049135956763,-0.04164064126587208
2020-08-31,0.6282635378310308,-0.1279405695418956,0.10730499380933178,0.19191085431282673,0.600495253817579,1.0,-0.1279405695418956,0.10730499380933178,0.19191085431282673,0.600495253817579
2020-09-01,0.7808177067322397,0.0365230094959923,0.2982712442171964,0.5437870302735126,0.7365473581689708,1.0,0.0365230094959923,0.2982712442171964,0.5437870302735126,0.7365473581689708
2020-09-02,-0.17695911842184886,0.11689777491132869,0.08061915511126116,-0.2821670428893919,-1.4571912286359234,-1.0,-0.11689777491132869,-0.08061915511126116,0.2821670428893919,1.4571912286359234
2020-09-03,-3.693478127492489,-0.6080259424402157,-0.8704371386512477,-0.588825123205261,0.1493397051607559,-1.0,0.6080259424402157,0.8704371386512477,0.588825123205261,-0.1493397051607559
2020-09-04,-0.8109953901314637,0.479777695764505,0.3864272843713934,0.18887176258601812,-3.226016542561272,-1.0,-0.479777695764505,-0.3864272843713934,-0.18887176258601812,3.226016542561272
2020-09-08,-0.8043375977415779,0.23658408971996003,0.5209399667872372,1.2488910120794339,2.8253599945403662,-1.0,-0.23658408971996003,-0.5209399667872372,-1.2488910120794339,-2.8253599945403662
2020-09-09,0.8191458743828761,0.39501404494382,0.410375702247201,-0.04389044943819975,0.9502282303370801,1.0,0.39501404494382,0.410375702247201,-0.04389044943819975,0.9502282303370801
2020-09-10,-3.1256783156066836,0.0780988508311875,0.02677674885640524,0.3324779649670928,0.5288407899140868,-1.0,-0.0780988508311875,-0.02677674885640524,-0.3324779649670928,-0.5288407899140868
2020-09-11,-1.4140246342656426,0.49261083743843415,0.5241019412016046,0.38914006793080436,1.0572013406212832,-1.0,-0.49261083743843415,-0.5241019412016046,-0.38914006793080436,-1.0572013406212832
2020-09-14,0.2849637116523418,0.18394982380709468,0.02881141818664723,-0.3014117594911436,1.0992664169677147,1.0,0.18394982380709468,0.02881141818664723,-0.3014117594911436,1.0992664169677147
2020-09-15,0.05473933130433206,-0.0501712366119178,-0.3904631023275096,-0.3511986562834024,-0.09379839888314923,1.0,-0.0501712366119178,-0.3904631023275096,-0.3511986562834024,-0.09379839888314923
2020-09-16,-1.9012900831677948,0.23999999999999577,0.18000000000000238,-0.46888888888888536,-2.5866666666666704,-1.0,-0.23999999999999577,-0.18000000000000238,0.46888888888888536,2.5866666666666704
2020-09-17,1.0776993858026884,0.31621981794773824,0.07227881553091287,-0.0700201025455649,0.46077744900956397,1.0,0.31621981794773824,0.07227881553091287,-0.0700201025455649,0.46077744900956397
2020-09-18,-1.7767981647249353,-0.1829156758734185,0.03429668922627638,0.18977501371868488,-1.7331260289006778,-1.0,0.1829156758734185,-0.03429668922627638,-0.18977501371868488,1.7331260289006778
2020-09-21,1.9148985615021763,0.0934281287029437,0.34864643150123165,0.44207456020417535,0.8659192416370365,1.0,0.0934281287029437,0.34864643150123165,0.44207456020417535,0.8659192416370365
2020-09-22,0.8809776593101226,-0.41010241355354804,-0.3114985545570659,-0.6095511283418897,-0.11877283015485629,1.0,-0.41010241355354804,-0.3114985545570659,-0.6095511283418897,-0.11877283015485629
2020-09-23,-2.979019098000535,-0.12939300815637544,-0.5984426627232642,0.027727073176375683,-0.5268143903509825,-1.0,0.12939300815637544,0.5984426627232642,-0.027727073176375683,0.5268143903509825
2020-09-24,1.4832781379728432,-0.05717029888632208,0.27899105856525885,0.22868119554528832,-0.36588991287246353,1.0,-0.05717029888632208,0.27899105856525885,0.22868119554528832,-0.36588991287246353
2020-09-25,2.1844381725981465,-0.058148636861765635,-0.15208105025383833,-0.21022968711560397,1.209938943931288,1.0,-0.058148636861765635,-0.15208105025383833,-0.21022968711560397,1.209938943931288
2020-09-28,0.16533298062297863,0.04608598327737745,0.20190049816752875,0.43671955581889854,-0.47841639783176015,1.0,0.04608598327737745,0.20190049816752875,0.43671955581889854,-0.47841639783176015
2020-09-29,-0.31949585757095056,0.1567536539055947,0.17441603744425827,0.13026007859759936,0.1523380580209288,-1.0,-0.1567536539055947,-0.17441603744425827,-0.13026007859759936,-0.1523380580209288
2020-09-30,0.7265901060070634,0.33803064225821355,0.4543658632951475,0.24364546292638956,1.3740726107379642,1.0,0.33803064225821355,0.4543658632951475,0.24364546292638956,1.3740726107379642
2020-10-01,0.14711609190429797,0.12312078797305226,0.004320027648185842,-0.2440815621220005,-1.9699326075686918,1.0,0.12312078797305226,0.004320027648185842,-0.2440815621220005,-1.9699326075686918
2020-10-02,-0.6362531757428513,0.1505290653915914,0.3231947580466743,0.5777659715765715,0.38296365165804147,-1.0,-0.1505290653915914,-0.3231947580466743,-0.5777659715765715,-0.38296365165804147
2020-10-05,1.4436767400278105,0.03266906239791645,-0.3419361864314463,-0.33322443645867894,-0.1263203746052488,1.0,0.03266906239791645,-0.3419361864314463,-0.33322443645867894,-0.1263203746052488
2020-10-06,-1.4960251594304141,0.10253438245324542,0.3120611639881421,0.31651918061654793,1.5848249113969093,-1.0,-0.10253438245324542,-0.3120611639881421,-0.31651918061654793,-1.5848249113969093
2020-10-07,0.8300030740854503,0.10236306218012192,0.18294674942829214,0.10018512468692453,0.7622781226178876,1.0,0.10236306218012192,0.18294674942829214,0.10018512468692453,0.7622781226178876
2020-10-08,-0.3024672687205632,0.0972867798075816,0.19673548805534402,0.09296292292724218,0.31780348070478137,-1.0,-0.0972867798075816,-0.19673548805534402,-0.09296292292724218,-0.31780348070478137
2020-10-09,0.9438027926219617,0.33546291745902845,0.344009743381557,0.26281489711759143,1.6238969252793778,1.0,0.33546291745902845,0.344009743381557,0.26281489711759143,1.6238969252793778
2020-10-12,1.3579029109912488,0.008258490760804094,-0.03303396304324968,-0.412924538040671,0.16723443790647163,1.0,0.008258490760804094,-0.03303396304324968,-0.412924538040671,0.16723443790647163
2020-10-13,-0.6316482521655065,0.18616196090599502,0.27510600889439907,0.44265177370979014,-0.02068466232288957,-1.0,-0.18616196090599502,-0.27510600889439907,-0.44265177370979014,0.02068466232288957
2020-10-14,-1.1043451336567256,-0.06268282490597965,-0.016715419974921986,-0.16715419974926427,-1.548265775177604,-1.0,0.06268282490597965,0.016715419974921986,0.16715419974926427,1.548265775177604
2020-10-15,0.9766247001125272,-0.1008128032260136,0.13441707096801814,0.1008128032260025,0.3969504127024237,1.0,-0.1008128032260136,0.13441707096801814,0.1008128032260025,0.3969504127024237
2020-10-16,-1.1203076665830647,0.3275086103070146,0.3761066621590148,0.4416083842204266,0.61909692141906,-1.0,-0.3275086103070146,-0.3761066621590148,-0.4416083842204266,-0.61909692141906
2020-10-19,-2.3489651118854704,0.0,0.07899737387109251,0.027755834062803686,-0.37790635608599965,-1.0,-0.0,-0.07899737387109251,-0.027755834062803686,0.37790635608599965
2020-10-20,-0.030000428577547922,0.0641601437187278,0.11334958723641098,0.29513666110612125,-0.18178707386971027,-1.0,-0.0641601437187278,-0.11334958723641098,-0.29513666110612125,0.18178707386971027
2020-10-21,-0.14995715509854568,0.04922945205478868,-0.5136986301369828,-0.41523972602739434,0.24828767123288298,-1.0,-0.04922945205478868,0.5136986301369828,0.41523972602739434,-0.24828767123288298
2020-10-22,-0.27382607765535916,0.008568246080020714,-0.07925627624025822,-0.1520863679204898,0.0021420615200051785,-1.0,-0.008568246080020714,0.07925627624025822,0.1520863679204898,-0.0021420615200051785
2020-10-23,0.021408691928925805,-0.23633043291438893,-0.07304758835535718,-0.06230529595016021,-0.42109786228381463,1.0,-0.23633043291438893,-0.07304758835535718,-0.06230529595016021,-0.42109786228381463
2020-10-26,-0.7040580523940188,-0.0108700378277371,-0.050002174007568456,0.1978346884647264,0.24783686247227266,-1.0,0.0108700378277371,0.050002174007568456,-0.1978346884647264,-0.24783686247227266
2020-10-27,0.44429995665367095,-0.2316267994371679,-0.09957787639355287,-0.1580257603636781,-1.1776166251758813,1.0,-0.2316267994371679,-0.09957787639355287,-0.1580257603636781,-1.1776166251758813
2020-10-28,-2.3069163633174017,0.17671796707230403,0.09842519685039353,0.3265926986399492,0.48988904795992383,-1.0,-0.17671796707230403,-0.09842519685039353,-0.3265926986399492,-0.48988904795992383
2020-10-29,1.2064612703590383,-0.22278661498017494,-0.06683598449405137,-0.5012698837053908,0.15372276433631704,1.0,-0.22278661498017494,-0.06683598449405137,-0.5012698837053908,0.15372276433631704
2020-10-30,-1.6983438924085825,-0.4118299278166204,-0.3959903152082944,0.108614486457137,0.7557758015975358,-1.0,0.4118299278166204,0.3959903152082944,-0.108614486457137,-0.7557758015975358
2020-11-02,-0.6328971878717171,0.1670843776107045,0.35900562216351073,0.39513197407934353,0.6683375104427736,-1.0,-0.1670843776107045,-0.35900562216351073,-0.39513197407934353,-0.6683375104427736
2020-11-03,1.0094665530082203,0.4703585374511876,-0.12646432374866512,1.0072772452964118,3.210418885339017,1.0,0.4703585374511876,-0.12646432374866512,1.0072772452964118,3.210418885339017
2020-11-04,1.1373898086433076,-0.0931670442755217,0.3938425053465089,0.19056895419993225,1.7426472145171124,1.0,-0.0931670442755217,0.3938425053465089,0.19056895419993225,1.7426472145171124
2020-11-05,0.30340814630092083,-0.12829532756694073,-0.5069734718371022,-0.3869552621777128,-0.5255969871290844,1.0,-0.12829532756694073,-0.5069734718371022,-0.3869552621777128,-0.5255969871290844
2020-11-06,0.37390943082675765,0.6770801177172769,1.2883044185137082,1.452943960815789,0.30458315325883056,1.0,0.6770801177172769,1.2883044185137082,1.452943960815789,0.30458315325883056
2020-11-09,-2.9980518814723633,-0.23992928400050628,-0.3662078545270897,-0.00631392852632473,-1.4395757040030266,-1.0,0.23992928400050628,0.3662078545270897,0.00631392852632473,1.4395757040030266
2020-11-10,-0.6136805867385076,-0.4229555359941628,-0.244755995448398,0.03864568349185582,0.6612705841939182,-1.0,0.4229555359941628,0.244755995448398,-0.03864568349185582,-0.6612705841939182
2020-11-11,1.369512351209523,0.09673213609791009,-0.17874416452874353,-0.3385624763426853,0.2502418303402365,1.0,0.09673213609791009,-0.17874416452874353,-0.3385624763426853,0.2502418303402365
2020-11-12,-0.786658275645058,-0.06534983240930048,-0.22977844298753825,-0.38999093534582974,0.3562619895861818,-1.0,0.06534983240930048,0.22977844298753825,0.38999093534582974,-0.3562619895861818
2020-11-13,0.3595533968334008,0.46487387950802095,0.39816552011673334,0.2605795288722179,-0.6128830519074424,1.0,0.46487387950802095,0.39816552011673334,0.2605795288722179,-0.6128830519074424
2020-11-16,0.8224581427552335,-0.19667108314010973,-0.21116263663464307,-0.4057634978469671,-0.4657999337528973,1.0,-0.19667108314010973,-0.21116263663464307,-0.4057634978469671,-0.4657999337528973
2020-11-17,-0.42194092827003704,0.1107142111090198,-0.13369263228258932,-0.2214284222180396,-0.048045789726558485,-1.0,-0.1107142111090198,0.13369263228258932,0.2214284222180396,0.048045789726558485
2020-11-18,-0.562326232832322,0.031569642631645856,-0.1010228564212623,-0.018941785578985293,0.004209285684209085,-1.0,-0.031569642631645856,0.1010228564212623,0.018941785578985293,-0.004209285684209085
2020-11-19,0.9414886894983043,-0.08994875013074166,-0.004183662796775067,0.17989750026148332,0.209183139838931,1.0,-0.08994875013074166,-0.004183662796775067,0.17989750026148332,0.209183139838931
2020-11-20,-0.6633845126835736,0.1868766404199418,0.3506561679790021,0.27716535433071066,0.45984251968504974,-1.0,-0.1868766404199418,-0.3506561679790021,-0.27716535433071066,-0.45984251968504974
2020-11-23,-0.35157476195458726,0.21384544425342433,0.2641620193718719,0.18868715669420055,0.16562539309823432,-1.0,-0.21384544425342433,-0.2641620193718719,-0.18868715669420055,-0.16562539309823432
2020-11-24,1.0544594849049016,0.20455390718625566,0.3657175916360167,0.5785363031530322,0.10124385305176897,1.0,0.20455390718625566,0.3657175916360167,0.5785363031530322,0.10124385305176897
2020-11-30,0.026485748629867523,0.09323820334035116,0.31214528944381037,0.3547105561861441,0.2634992703097083,1.0,0.09323820334035116,0.31214528944381037,0.3547105561861441,0.2634992703097083
2020-12-01,0.5979194020806045,-0.1443811662789729,-0.3048046843667329,-0.3790005614823122,-0.6737787759685587,1.0,-0.1443811662789729,-0.3048046843667329,-0.3790005614823122,-0.6737787759685587
2020-12-02,0.5387191800169555,-0.056116722783394746,-0.08617925284591932,0.016033349366684213,0.034070867404190075,1.0,-0.056116722783394746,-0.08617925284591932,0.016033349366684213,0.034070867404190075
2020-12-03,0.062175334443126395,0.012012733497512862,0.05806154523795293,0.0020021222495891777,-0.13414219072216405,1.0,0.012012733497512862,0.05806154523795293,0.0020021222495891777,-0.13414219072216405
2020-12-04,0.43286573146292806,-0.15523932729625267,-0.10150263707832119,-0.20897601751418415,-0.21892725644342415,1.0,-0.15523932729625267,-0.10150263707832119,-0.20897601751418415,-0.21892725644342415
2020-12-07,0.5146516127745304,-0.04373409669211625,-0.003975826972013596,-0.06361323155216203,0.05764949109414719,1.0,-0.04373409669211625,-0.003975826972013596,-0.06361323155216203,0.05764949109414719
2020-12-08,0.47706130237734623,-0.08293183792749126,-0.09280467577600371,-0.15006713529737148,-0.315930811152354,1.0,-0.08293183792749126,-0.09280467577600371,-0.15006713529737148,-0.315930811152354
2020-12-09,-2.183120893040935,0.13360864812339557,0.11134054010284444,0.012146240738486469,-0.7186525770274121,-1.0,-0.13360864812339557,-0.11134054010284444,-0.012146240738486469,0.7186525770274121
2020-12-10,1.0864469312460434,0.2282228909579409,0.17773110092298428,0.04645244683214589,-0.2605376365802936,1.0,0.2282228909579409,0.17773110092298428,0.04645244683214589,-0.2605376365802936
2020-12-11,0.3751089843670785,-0.038230914724934895,-0.052315988570972305,-0.04829168175781717,0.1307899714274141,1.0,-0.038230914724934895,-0.052315988570972305,-0.04829168175781717,0.1307899714274141
2020-12-14,0.28576028334541537,0.08014586547515634,0.04007293273757817,-0.048087519285100466,0.7293273758240071,1.0,0.08014586547515634,0.04007293273757817,-0.048087519285100466,0.7293273758240071
2020-12-15,0.26264475307413715,-0.0832953215794352,-0.09916109711838317,-0.10114431906074195,0.07932887769470653,1.0,-0.0832953215794352,-0.09916109711838317,-0.10114431906074195,0.07932887769470653
2020-12-16,0.43787521547027364,-0.00788332676389114,-0.033504138746554,-0.04532912889239071,0.4178163184864081,1.0,-0.00788332676389114,-0.033504138746554,-0.04532912889239071,0.4178163184864081
2020-12-17,0.10206284716087755,0.03922491566643593,-0.10786851808268771,-0.1745508747156177,0.25692319761512206,1.0,0.03922491566643593,-0.10786851808268771,-0.1745508747156177,0.25692319761512206
2020-12-18,-0.5655687978238344,-0.00784206089360362,-0.0784206089360251,-0.08430215460623058,-1.2508087125296496,-1.0,0.00784206089360362,0.0784206089360251,0.08430215460623058,1.2508087125296496
2020-12-21,0.8206493661328196,-0.03736773787514913,-0.18683868937575676,-0.007866892184238417,-0.08063564488848263,1.0,-0.03736773787514913,-0.18683868937575676,-0.007866892184238417,-0.08063564488848263
2020-12-22,-0.04520706802680907,0.08459071862765288,-0.4662325654594457,-0.3501662305982367,0.07082013652548458,-1.0,-0.08459071862765288,0.4662325654594457,0.3501662305982367,-0.07082013652548458
2020-12-28,0.1365454013459555,0.06033123795807782,0.10120078625226459,0.09536227935309505,0.38923379327793217,1.0,0.06033123795807782,0.10120078625226459,0.09536227935309505,0.38923379327793217
2020-12-29,-0.3490604456338309,-0.14192394431915556,-0.23524379811804552,-0.05443658138268859,0.27218290691344293,-1.0,0.14192394431915556,0.23524379811804552,0.05443658138268859,-0.27218290691344293
2022-01-03,0.6470121467374801,-0.1393812683695428,-0.0696906341847714,-0.0818107444777727,-0.034845317092380146,1.0,-0.1393812683695428,-0.0696906341847714,-0.0818107444777727,-0.034845317092380146
2022-01-04,-1.4355153772770635,-0.1967565905772073,-0.18292214280224428,-0.3335639074629193,-0.47651986780417044,-1.0,0.1967565905772073,0.18292214280224428,0.3335639074629193,0.47651986780417044
2022-01-05,-2.6944028641533335,0.1823746768796486,0.09198027181755997,0.13797040772633995,-0.35682001998191826,-1.0,-0.1823746768796486,-0.09198027181755997,-0.13797040772633995,0.35682001998191826
2022-01-06,0.42699636734433444,0.11072620572929459,0.22777962321454126,0.11863522042423469,-0.32268779955393345,1.0,0.11072620572929459,0.22777962321454126,0.11863522042423469,-0.32268779955393345
2022-01-07,-1.0915783461318829,-0.22277426075807405,-0.12821540187515357,0.04808077570317426,-1.301386329032772,-1.0,0.22277426075807405,0.12821540187515357,-0.04808077570317426,1.301386329032772
2022-01-10,1.476230734213435,0.11690474665300155,0.10409326756775084,-0.18416501185062328,-0.4147716353853026,1.0,0.11690474665300155,0.10409326756775084,-0.18416501185062328,-0.4147716353853026
2022-01-11,1.7137258681057421,-0.08999905264155394,-0.020526099725270974,-0.06157829917580182,0.644203745223737,1.0,-0.08999905264155394,-0.020526099725270974,-0.06157829917580182,0.644203745223737
2022-01-12,-0.2713555227907283,0.011013389134495455,-0.03304016740351967,-0.3713085479633116,0.36816186535344464,-1.0,-0.011013389134495455,0.03304016740351967,0.3713085479633116,-0.36816186535344464
2022-01-13,-2.836901664524627,-0.08221032948610985,-0.09188213295505676,-0.2772583661100003,-0.6077116512992475,-1.0,0.08221032948610985,0.09188213295505676,0.2772583661100003,0.6077116512992475
2022-01-14,1.3191026203356326,0.0786478981750438,0.1332199091536479,0.08506813476076847,-1.5601174903295156,1.0,0.0786478981750438,0.1332199091536479,0.08506813476076847,-1.5601174903295156
2022-01-18,-0.8682054372790793,-0.2755137182872236,-0.4280302409105041,-0.4493497548255898,0.24599439132788614,-1.0,0.2755137182872236,0.4280302409105041,0.4493497548255898,-0.24599439132788614
2022-01-19,-1.5081301478655273,-0.18275461040040408,0.14952649941850638,0.08473168300382472,0.9370327296893244,-1.0,0.18275461040040408,-0.14952649941850638,-0.08473168300382472,-0.9370327296893244
2022-01-20,-2.1969871773741656,0.2548116941580192,-0.040769871065282626,0.018686190904926292,0.1325020809621602,-1.0,-0.2548116941580192,0.040769871065282626,-0.018686190904926292,-0.1325020809621602
2022-01-21,-2.2362754738733837,0.8513220632856422,0.7785002167316923,1.0039011703510958,-1.751192024273951,-1.0,-0.8513220632856422,-0.7785002167316923,-1.0039011703510958,1.751192024273951
2022-01-24,2.179198083292233,-0.056926978212490376,-0.9591333298832105,-1.0781624661456934,-1.8492642619331034,1.0,-0.056926978212490376,-0.9591333298832105,-1.0781624661456934,-1.8492642619331034
2022-01-25,-0.4817328316748082,1.460545604061636,1.138760770853442,1.567807215131034,3.603990131931778,-1.0,-1.460545604061636,-1.138760770853442,-1.567807215131034,-3.603990131931778
2022-01-26,-2.2624043659223214,0.35364287348029766,-0.3184545278603679,-1.7840491229304867,0.811091366539407,-1.0,-0.35364287348029766,0.3184545278603679,1.7840491229304867,-0.811091366539407
2022-01-27,-2.4070327216912046,-0.3497862417411568,-0.21375825884182298,-0.2579231883545918,-0.3692188107267791,-1.0,0.3497862417411568,0.21375825884182298,0.2579231883545918,0.3692188107267791
2022-01-28,2.5944485908234727,-0.30317729808392313,-0.284120439347213,-0.1663144035203179,0.44177263435085656,1.0,-0.30317729808392313,-0.284120439347213,-0.1663144035203179,0.44177263435085656
2022-01-31,2.8316049212292693,-0.09410341292913627,-0.01008250852811976,-0.3243206909879226,0.16132013644993837,1.0,-0.09410341292913627,-0.01008250852811976,-0.3243206909879226,0.16132013644993837
2022-02-01,0.3178533190578259,0.031420539110293966,0.1141061683479494,0.14552670745824337,0.08103191665289611,1.0,0.031420539110293966,0.1141061683479494,0.14552670745824337,0.08103191665289611
2022-02-02,-0.3560185261492266,-0.5185970938357709,-0.4731356602852288,-0.5354346618174466,-0.8923911030290776,-1.0,0.5185970938357709,0.4731356602852288,0.5354346618174466,0.8923911030290776
2022-02-03,-1.3686751904243732,0.06777478439146112,0.027109913756584447,-0.2660160287365043,-1.528321388027587,-1.0,-0.06777478439146112,-0.027109913756584447,0.2660160287365043,1.528321388027587
2022-02-04,1.1088727034798573,0.18217727381073523,-0.2758197977321464,-0.25709129294786415,0.08002179316919378,1.0,0.18217727381073523,-0.2758197977321464,-0.25709129294786415,0.08002179316919378
2022-02-07,-0.9705437424574637,0.1524468577105642,-0.006851544166763812,-0.11990202291841667,-0.3511416385467925,-1.0,-0.1524468577105642,0.006851544166763812,0.11990202291841667,0.3511416385467925
2022-02-08,1.4965986394557929,0.20850638232949859,-0.006780695360308897,0.13391873336610072,1.123900255971244,1.0,0.20850638232949859,-0.006780695360308897,0.13391873336610072,1.123900255971244
2022-02-09,0.832830618674163,-0.0697604889878134,-0.2757200279041916,-0.3803607613859117,-1.9748862239643894,1.0,-0.0697604889878134,-0.2757200279041916,-0.3803607613859117,-1.9748862239643894
2022-02-10,-0.2662415845613775,-0.09708241786317018,-0.22822884199410476,-0.04939280908827781,0.2980600548430523,-1.0,0.09708241786317018,0.22822884199410476,0.04939280908827781,-0.2980600548430523
2022-02-11,-3.149499175212145,0.1088808106352035,0.2107370528423136,-0.1018562422071212,0.1194176632773214,-1.0,-0.1088808106352035,-0.2107370528423136,0.1018562422071212,-0.1194176632773214
2022-02-14,0.32725161426534477,0.2067274001401609,0.11562718990889564,0.1419060967063679,1.4295725297827522,1.0,0.2067274001401609,0.11562718990889564,0.1419060967063679,1.4295725297827522
2022-02-15,0.9449118139888357,-0.09088414843267945,-0.1920570683860312,-0.09945812469991377,-0.5916043624391243,1.0,-0.09088414843267945,-0.1920570683860312,-0.09945812469991377,-0.5916043624391243
2022-02-16,0.6028661981535066,-0.14046387337696142,-0.1627325362294041,-0.066805988557328,-0.8787556956387665,1.0,-0.14046387337696142,-0.1627325362294041,-0.066805988557328,-0.8787556956387665
2022-02-17,-2.048401037165082,0.16606306863351517,0.06183199364013792,0.8674145393516408,0.3603921915025232,-1.0,-0.16606306863351517,-0.06183199364013792,-0.8674145393516408,-0.3603921915025232
2022-02-18,-1.4044844943503776,0.5475927967659056,0.7662624035281063,0.5953693495038603,2.2491730981256897,-1.0,-0.5475927967659056,-0.7662624035281063,-0.5953693495038603,-2.2491730981256897
2022-02-22,-0.11346649136393383,0.24751143395211894,0.26365348399246535,0.04663258900547973,0.5057842345977948,-1.0,-0.24751143395211894,-0.26365348399246535,-0.04663258900547973,-0.5057842345977948
2022-02-23,-3.492193919474118,-0.014801110083251245,-0.8547641073080481,-0.543940795559672,-2.9472710453284034,-1.0,0.014801110083251245,0.8547641073080481,0.543940795559672,2.9472710453284034
2022-02-24,6.8228320107084794,-0.08645377424758571,-0.09005601484123327,-0.21613443561895318,0.461086795987109,1.0,-0.08645377424758571,-0.09005601484123327,-0.21613443561895318,0.461086795987109
2022-02-25,1.3433849012111976,0.8725749157482365,1.0857090809727632,0.8671099371527546,2.686947809454421,1.0,0.8725749157482365,1.0857090809727632,0.8671099371527546,2.686947809454421
2022-02-28,1.3691069648198217,0.2865782903758829,-0.09142374907696871,-0.10197264320124244,-0.17229860402967478,1.0,0.2865782903758829,-0.09142374907696871,-0.10197264320124244,-0.17229860402967478
2022-03-01,-1.2010582010582027,0.18726925752197143,0.23364069271789578,-0.1819187073070716,0.40664181633345287,-1.0,-0.18726925752197143,-0.23364069271789578,0.1819187073070716,-0.40664181633345287
2022-03-02,1.2066820685978419,0.07924209340002264,0.07748115799113275,-0.08100302880890142,0.9896456997957381,1.0,0.07924209340002264,0.07748115799113275,-0.08100302880890142,0.9896456997957381
2022-03-03,-2.195045468798995,0.17960983763982696,-1.9685949531413893,-0.9834083189586229,-0.6953212526452424,-1.0,-0.17960983763982696,1.9685949531413893,0.9834083189586229,0.6953212526452424
2022-03-04,-0.7265877287405798,-0.9606620729884385,-0.9588391848044053,-1.1848773196252105,1.057275146742498,-1.0,0.9606620729884385,0.9588391848044053,1.1848773196252105,-1.057275146742498
2022-03-07,-3.6927915552020796,0.01883310105841307,0.2617801047120505,0.5254435195299223,0.14878149836152765,-1.0,-0.01883310105841307,-0.2617801047120505,-0.5254435195299223,-0.14878149836152765
2022-03-08,-0.23896885878257335,0.3536776804796471,0.5257882094831023,0.7867909897301129,2.812399523386233,-1.0,-0.3536776804796471,-0.5257882094831023,-0.7867909897301129,-2.812399523386233
2022-03-09,1.018139047654043,-0.014541488684904902,-0.045442152140329206,-0.15995637553394282,-1.4087067163500833,1.0,-0.014541488684904902,-0.045442152140329206,-0.15995637553394282,-1.4087067163500833
2022-03-10,0.1935127165499484,0.17683140230986272,-0.07736373851056078,-0.43471053067840604,1.025990532151999,1.0,0.17683140230986272,-0.07736373851056078,-0.43471053067840604,1.025990532151999
2022-03-11,-2.9957698198526783,0.061776929125012536,0.035568534950769504,0.24523568834475817,-0.6907783893069785,-1.0,-0.061776929125012536,-0.035568534950769504,-0.24523568834475817,0.6907783893069785
2022-03-14,-1.494734458158764,0.08597959417631085,0.18342313424279943,0.05158775650579983,0.8043868699606493,-1.0,-0.08597959417631085,-0.18342313424279943,-0.05158775650579983,-0.8043868699606493
2022-03-15,2.272813652084671,-0.05019893652623564,0.05391737626891935,-0.09482021343844016,1.4483322797754106,1.0,-0.05019893652623564,0.05391737626891935,-0.09482021343844016,1.4483322797754106
2022-03-16,2.469022487379524,-0.14483942493384028,-0.04827980831128009,0.03397467992274361,-0.8672484085544663,1.0,-0.14483942493384028,-0.04827980831128009,0.03397467992274361,-0.8672484085544663
2022-03-17,1.7823352376146628,-0.2915244596132016,-0.28974687144481814,-0.5563850967007955,-0.2915244596132016,1.0,-0.2915244596132016,-0.28974687144481814,-0.5563850967007955,-0.2915244596132016
2022-03-18,2.5896130708717546,0.06594703411890723,-0.03991531012460525,-0.1093332407760883,-0.17354482662871318,1.0,0.06594703411890723,-0.03991531012460525,-0.1093332407760883,-0.17354482662871318
2022-03-21,0.008697769891807816,-0.1268462206776677,-0.34057341442224054,-0.56125108601216,0.09035621198958399,1.0,-0.1268462206776677,-0.34057341442224054,-0.56125108601216,0.09035621198958399
2022-03-22,1.838018136965358,0.1536334306345033,0.16046158310714098,-0.08535190590805986,-0.8552260971987469,1.0,0.1536334306345033,0.16046158310714098,-0.08535190590805986,-0.8552260971987469
2022-03-23,-0.6038501901009852,0.015559089966110662,0.12101514418090265,0.03803333102827544,0.42873936795519985,-1.0,-0.015559089966110662,-0.12101514418090265,-0.03803333102827544,-0.42873936795519985
2022-03-24,1.671400292624159,-0.0728332119446451,-0.08807737258422765,-0.2320500008468951,-0.0016937956266227516,1.0,-0.0728332119446451,-0.08807737258422765,-0.2320500008468951,-0.0016937956266227516
2022-03-25,-0.05418861023148702,-0.0932408835845222,-0.21191109905572825,-0.24412158611218926,0.16952887924457372,-1.0,0.0932408835845222,0.21191109905572825,0.24412158611218926,-0.16952887924457372
2022-03-28,1.586091200244022,0.011687899684420522,-0.0016696999549203895,-0.08014559783606767,1.2873386652418661,1.0,0.011687899684420522,-0.0016696999549203895,-0.08014559783606767,1.2873386652418661
2022-03-29,0.6189037975937062,-0.0985189320547808,-0.08209911004565251,-0.032839644018256564,-0.30212472496797815,1.0,-0.0985189320547808,-0.08209911004565251,-0.032839644018256564,-0.30212472496797815
2022-03-30,-0.5621126203349647,0.0728597449908941,0.02815035601921867,0.4023845007451454,-0.18214936247723523,-1.0,-0.0728597449908941,-0.02815035601921867,-0.4023845007451454,0.18214936247723523
2022-03-31,-1.3942076557086236,0.03353004291846151,0.05867757510729099,-0.10394313304721292,-0.026824034334760327,-1.0,-0.03353004291846151,-0.05867757510729099,0.10394313304721292,0.026824034334760327
2022-04-01,-0.2651140158061671,-0.14641781248422303,-0.2103704202359502,-0.26422524781635204,0.3281778555680903,-1.0,0.14641781248422303,0.2103704202359502,0.26422524781635204,-0.3281778555680903
2022-04-04,1.8093016230006143,0.008246878556472659,-0.06762440416302473,0.003298751422575741,-0.33977139652641153,1.0,0.008246878556472659,-0.06762440416302473,0.003298751422575741,-0.33977139652641153
2022-04-05,-1.8122838086095938,-0.06227383657325669,-0.1784061263990555,-0.47967684928048593,-1.4895228477657119,-1.0,0.06227383657325669,0.1784061263990555,0.47967684928048593,1.4895228477657119
2022-04-06,-0.6659704507712583,0.022399889723612176,-0.46867461575573754,-0.3273830036529035,-0.17575298090840574,-1.0,-0.022399889723612176,0.46867461575573754,0.3273830036529035,0.17575298090840574
2022-04-07,0.5218683578427141,-0.0034383166001905607,0.13065603080730792,-0.027506532801535588,-0.6120203548342751,1.0,-0.0034383166001905607,0.13065603080730792,-0.027506532801535588,-0.6120203548342751
2022-04-08,-0.9106303566491558,0.07487375935921747,-0.42660630332578275,-0.41964130245516484,-1.3372801671600154,-1.0,-0.07487375935921747,0.42660630332578275,0.41964130245516484,1.3372801671600154
2022-04-11,-1.1141913725213226,0.030330062444239303,-0.11418376449598977,-0.5405887600356873,1.0793933987511162,-1.0,-0.030330062444239303,0.11418376449598977,0.5405887600356873,-1.0793933987511162
2022-04-12,-1.816933396714726,0.0035804436169684095,0.23809950052811057,0.35446391807945066,-0.18439284627365105,-1.0,-0.0035804436169684095,-0.23809950052811057,-0.35446391807945066,0.18439284627365105
2022-04-13,1.92793535324578,0.14772867167303083,0.0,0.11255517841755047,-0.019345421290517528,1.0,0.14772867167303083,0.0,0.11255517841755047,-0.019345421290517528
2022-04-14,-2.323537682789656,0.11772376571159704,-0.5016843554171091,-0.42561669141883973,0.6610642228420227,-1.0,-0.11772376571159704,0.5016843554171091,0.42561669141883973,-0.6610642228420227
2022-04-18,0.4819407591920788,0.09309320061585691,0.35984102545740804,-0.06444913888788983,-0.5066418418131713,1.0,0.09309320061585691,0.35984102545740804,-0.06444913888788983,-0.5066418418131713
2022-04-19,2.4269395697452234,0.030159490482017937,-0.09402664679688533,0.0017740876754102075,1.1868646548512496,1.0,0.030159490482017937,-0.09402664679688533,0.0017740876754102075,1.1868646548512496
2022-04-20,-1.7418913466767272,0.062208950979347755,0.1475240837510272,0.2061782375315513,0.9313568660907823,-1.0,-0.062208950979347755,-0.1475240837510272,-0.2061782375315513,-0.9313568660907823
2022-04-21,-3.17869112718292,0.03829670830672871,-0.17507066654508519,-0.5379775690708466,0.2224856387343932,-1.0,-0.03829670830672871,0.17507066654508519,0.5379775690708466,-0.2224856387343932
2022-04-22,-2.686605223853411,-0.011251336096163023,0.03000356292308659,-0.24002850338478154,-0.435051662384911,-1.0,0.011251336096163023,-0.03000356292308659,0.24002850338478154,0.435051662384911
2022-04-25,1.8191737527278207,0.1313792975833561,0.06661485511270104,0.19059250212798418,-0.5273676029754593,1.0,0.1313792975833561,0.06661485511270104,0.19059250212798418,-0.5273676029754593
2022-04-26,-3.2302456623212406,0.6967626737054644,0.9219004735657066,0.6424190668426366,1.4478689542737344,-1.0,-0.6967626737054644,-0.9219004735657066,-0.6424190668426366,-1.4478689542737344
2022-04-27,-0.15358918732121252,-0.18957345971564177,-0.15355450236966828,-0.19146919431279885,0.5763033175355536,-1.0,0.18957345971564177,0.15355450236966828,0.19146919431279885,-0.5763033175355536
2022-04-28,1.8940038977502738,0.3692622329950046,0.3313891834570537,0.651416452052711,0.5643084381154351,1.0,0.3692622329950046,0.3313891834570537,0.651416452052711,0.5643084381154351
2022-04-29,-3.2530573847601163,-0.052342826124884834,-0.0639745652637469,0.10274702905996858,-0.07754492759242115,-1.0,0.052342826124884834,0.0639745652637469,-0.10274702905996858,0.07754492759242115
2022-05-02,1.7872787804450674,-0.059389248630215,0.12644162611594734,0.43488256255028723,-0.10919958619104442,1.0,-0.059389248630215,0.12644162611594734,0.43488256255028723,-0.10919958619104442
2022-05-03,0.12621192128965397,0.009534342702410825,0.06483353037640693,0.10869150680752337,-0.1010640326455925,1.0,0.009534342702410825,0.06483353037640693,0.10869150680752337,-0.1010640326455925
2022-05-04,3.2521410723482136,0.0037015787233363184,0.04071736595658848,0.12955525531639367,-1.3418222872054963,1.0,0.0037015787233363184,0.04071736595658848,0.12955525531639367,-1.3418222872054963
2022-05-05,-3.6256323777403066,-0.1475298456760199,0.06600019411822089,-0.41347180432883546,-1.0657090167912275,-1.0,0.1475298456760199,-0.06600019411822089,0.41347180432883546,1.0657090167912275
2022-05-06,-0.5231191222570541,0.2422653798800578,-0.025815163429843135,-0.4746018507486349,-0.887644465626114,-1.0,-0.2422653798800578,0.025815163429843135,0.4746018507486349,0.887644465626114
2022-05-09,-2.0282346326083944,0.038815910437395296,-0.016343541236796266,-0.6946005025638913,2.4290588163190296,-1.0,-0.038815910437395296,0.016343541236796266,0.6946005025638913,-2.4290588163190296
2022-05-10,-1.2323450566158578,0.17430783574525766,-0.012161011796185672,0.28781061250962026,-0.8269488021403371,-1.0,-0.17430783574525766,0.012161011796185672,-0.28781061250962026,0.8269488021403371
2022-05-11,-2.211016291698986,0.05002084201750634,0.060441850771164596,0.3313880783659906,-1.213005418924551,-1.0,-0.05002084201750634,-0.060441850771164596,-0.3313880783659906,1.213005418924551
2022-05-12,1.3250789747068836,0.22872251133121413,0.801577975491008,1.2170555648816528,1.8969279838845,1.0,0.22872251133121413,0.801577975491008,1.2170555648816528,1.8969279838845
2022-05-13,2.081272667326073,0.44546572332748724,0.48376368144160686,0.449497087339501,-0.7619277982705452,1.0,0.44546572332748724,0.48376368144160686,0.449497087339501,-0.7619277982705452
2022-05-16,-0.5198391747553099,0.16747681875739495,0.21649442424738208,0.43298884849474195,1.985213022343868,-1.0,-0.16747681875739495,-0.21649442424738208,-0.43298884849474195,-1.985213022343868
2022-05-17,0.576403482437704,-0.04970475376264716,-0.10537407797681642,-0.21671272640515493,-1.7396663816927505,1.0,-0.04970475376264716,-0.10537407797681642,-0.21671272640515493,-1.7396663816927505
2022-05-18,-3.45643078042569,-0.016794726455893194,-0.5605239954654229,-0.4135701389763602,-0.0797749506654899,-1.0,0.016794726455893194,0.5605239954654229,0.4135701389763602,0.0797749506654899
2022-05-19,0.10114419369113836,0.016793316260121927,0.24350308577185675,0.3715521222553475,0.9635165204248786,1.0,0.016793316260121927,0.24350308577185675,0.3715521222553475,0.9635165204248786
2022-05-20,-1.586113709593595,0.2793061447351919,0.5649124280734164,0.6993153849384592,-0.17010374228233482,-1.0,-0.2793061447351919,-0.5649124280734164,-0.6993153849384592,0.17010374228233482
2022-05-23,1.2621216264540713,0.17912838236533446,0.10958442215291964,0.1264435640225825,-0.4404450813453642,1.0,0.17912838236533446,0.10958442215291964,0.1264435640225825,-0.4404450813453642
2022-05-24,-0.29408031142893476,0.22416782980163585,0.2410861565791178,-0.035951444402149146,-0.6471259992386735,-1.0,-0.22416782980163585,-0.2410861565791178,0.035951444402149146,0.6471259992386735
2022-05-25,1.9821203780750585,0.002098768023173214,-0.1364199215060813,0.5708649023023593,0.002098768023173214,1.0,0.002098768023173214,-0.1364199215060813,0.5708649023023593,0.002098768023173214
2022-05-26,3.0408595832196683,0.1447709153192145,0.23856615623025768,-0.0509756744081713,1.3783822359969777,1.0,0.1447709153192145,0.23856615623025768,-0.0509756744081713,1.3783822359969777
2022-05-27,2.214386459802542,-0.2731334256784401,-0.027313342567847343,-0.8018416996702915,-1.125699904403299,1.0,-0.2731334256784401,-0.027313342567847343,-0.8018416996702915,-1.125699904403299
2022-05-31,-0.24848640227187468,0.2428046902759773,0.3178175214181289,0.2447787121481415,0.6988037427454685,-1.0,-0.2428046902759773,-0.3178175214181289,-0.2447787121481415,-0.6988037427454685
2022-06-01,-1.4410806141280874,-0.12158418209722299,-0.22323653106376407,0.22921608100296975,-0.4863367283889142,-1.0,0.12158418209722299,0.22323653106376407,-0.22921608100296975,0.4863367283889142
2022-06-02,3.1333733253349427,0.16472868217054515,0.11434108527130782,-0.04457364341085013,-1.9127906976744158,1.0,0.16472868217054515,0.11434108527130782,-0.04457364341085013,-1.9127906976744158
2022-06-03,-0.9429123762180969,-0.176980591791287,-0.25453388482341577,0.04175946547884113,1.6405504295259332,-1.0,0.176980591791287,0.25453388482341577,-0.04175946547884113,-1.6405504295259332
2022-06-06,-1.1085821920496008,-0.24579278082815792,-0.0951455925786493,-0.41427976768617647,-1.2269817042954267,-1.0,0.24579278082815792,0.0951455925786493,0.41427976768617647,1.2269817042954267
2022-06-07,2.043028016376325,-0.021661645103487892,-0.18313936314763302,-0.03741556881511343,-0.2697859435615735,1.0,-0.021661645103487892,-0.18313936314763302,-0.03741556881511343,-0.2697859435615735
2022-06-08,-0.4319952658053072,0.06735607591425996,0.0812235033083697,-0.21791671619318942,-0.5527160347081894,-1.0,-0.06735607591425996,-0.0812235033083697,0.21791671619318942,0.5527160347081894
2022-06-09,-2.1645970779932577,-0.16865119681391816,-0.09753322225383165,-0.1828747917259288,-2.0969642784573472,-1.0,0.16865119681391816,0.09753322225383165,0.1828747917259288,2.0969642784573472
2022-06-10,-1.7023750207606714,-0.37098631188435816,-0.33474052279220956,-0.7398405185279899,-1.6630420877574492,-1.0,0.37098631188435816,0.33474052279220956,0.7398405185279899,1.6630420877574492
2022-06-13,-1.4658866004045312,-0.024154589371983004,-0.07465963987702828,0.24154589371980784,0.3249890206411976,-1.0,0.024154589371983004,0.07465963987702828,-0.24154589371980784,-0.3249890206411976
2022-06-14,-0.5628682187520551,0.08134549851599449,0.5122567879520812,0.3143893591293745,0.8860063757282655,-1.0,-0.08134549851599449,-0.5122567879520812,-0.3143893591293745,-0.8860063757282655
2022-06-15,1.2579163855579,0.3453675697706826,0.531994765857946,0.6328163545487708,-2.8251496235279006,1.0,0.3453675697706826,0.531994765857946,0.6328163545487708,-2.8251496235279006
2022-06-16,-1.438785417953925,-0.18729514593412988,-0.2541862694820374,-0.05574260295658773,0.06689112354789639,-1.0,0.18729514593412988,0.2541862694820374,0.05574260295658773,-0.06689112354789639
2022-06-17,0.9092533845672657,0.03503930972559299,0.0087598274314038,0.30221404638328675,0.7555351159582058,1.0,0.03503930972559299,0.0087598274314038,0.30221404638328675,0.7555351159582058
2022-06-21,0.8535841825624946,-0.032399507527480775,-0.03023954035898946,-0.3844741559928311,-0.9503855541395767,1.0,-0.032399507527480775,-0.03023954035898946,-0.3844741559928311,-0.9503855541395767
2022-06-22,0.767202109805809,-0.16666305924114555,-0.4588645267418423,0.2532412718339483,1.0497608276877068,1.0,-0.16666305924114555,-0.4588645267418423,0.2532412718339483,1.0497608276877068
2022-06-23,0.6217438843985068,0.07692307692308553,-0.05555555555555314,0.2521367521367557,1.326923076923081,1.0,0.07692307692308553,-0.05555555555555314,0.2521367521367557,1.326923076923081
2022-06-24,2.5169838389805577,-0.20393869479234938,-0.3666776532630145,-0.4325972313777182,0.5850362557679567,1.0,-0.20393869479234938,-0.3666776532630145,-0.4325972313777182,0.5850362557679567
2022-06-27,-1.1854708041922235,0.010362479534098412,0.17201716026611358,0.1471472093842685,0.182379639800212,-1.0,-0.010362479534098412,-0.17201716026611358,-0.1471472093842685,-0.182379639800212
2022-06-28,-3.2327586206896575,0.09845258224001618,0.05778738522783655,-0.1284164116174047,-0.1712218821565359,-1.0,-0.09845258224001618,-0.05778738522783655,0.1284164116174047,0.1712218821565359
2022-06-29,0.16496347237398012,-0.029931798259674736,-0.2116605734077348,-0.2608342419772036,-1.0754067517584898,1.0,-0.029931798259674736,-0.2116605734077348,-0.2608342419772036,-1.0754067517584898
2022-06-30,-0.14712245781046684,-0.08906266970782895,0.27153252959704055,0.21070924296731075,0.09557945041815952,-1.0,0.08906266970782895,-0.27153252959704055,-0.21070924296731075,-0.09557945041815952
2022-07-01,1.1519783976829734,0.6212653968117099,0.877968807299867,0.9642556679681613,-1.3568608840088925,1.0,0.6212653968117099,0.877968807299867,0.9642556679681613,-1.3568608840088925
2022-07-05,3.1387100294663295,-0.05711988829888437,-0.2602128244726942,0.29406164716834216,-0.05288878546193532,1.0,-0.05711988829888437,-0.2602128244726942,0.29406164716834216,-0.05288878546193532
2022-07-06,0.5073673974166582,-0.15535121971700372,-0.2225301255405765,-0.4429609102741705,0.37368266364361524,1.0,-0.15535121971700372,-0.2225301255405765,-0.4429609102741705,0.37368266364361524
2022-07-07,1.8206225354476135,-0.03301147148634387,-0.06189650903688504,0.004126433935791596,-0.8521086077411866,1.0,-0.03301147148634387,-0.06189650903688504,0.004126433935791596,-0.8521086077411866
2022-07-08,1.1525339102937515,-0.2122792193070988,-0.12365779765461937,-0.11747490777189729,-0.869726510170854,1.0,-0.2122792193070988,-0.12365779765461937,-0.11747490777189729,-0.869726510170854
2022-07-11,-1.3215493454492688,-0.11980075243279709,0.05254418966351704,-0.6830744656255883,0.4434729607599941,-1.0,0.11980075243279709,-0.05254418966351704,0.6830744656255883,-0.4434729607599941
2022-07-12,-1.383597772847156,-0.040318302387265526,-0.06366047745357539,0.2100795755968221,-1.5236074270557065,-1.0,0.040318302387265526,0.06366047745357539,-0.2100795755968221,1.5236074270557065
2022-07-13,1.838736924176465,-0.2281158060802424,-0.4178569905769036,-0.2814138916130138,-0.4050654500490358,1.0,-0.2281158060802424,-0.4178569905769036,-0.2814138916130138,-0.4050654500490358
2022-07-14,1.3506839313706553,0.09727420753240512,0.2981665926536925,-0.06555435725009717,1.0679016261709862,1.0,0.09727420753240512,0.2981665926536925,-0.06555435725009717,1.0679016261709862
2022-07-15,0.7149596393752011,-0.09537236689335371,-0.02280643556145101,-0.14720517498756358,0.4353955879913718,1.0,-0.09537236689335371,-0.02280643556145101,-0.14720517498756358,0.4353955879913718
2022-07-18,-1.791863414231809,0.13015366529516292,0.2309177932656059,0.11755814929885755,1.2217650516416212,-1.0,-0.13015366529516292,-0.2309177932656059,-0.11755814929885755,-1.2217650516416212
2022-07-19,1.726675372592923,-0.08922958366287537,-0.17845916732575073,0.054754517247679324,-0.5049583257285439,1.0,-0.08922958366287537,-0.17845916732575073,0.054754517247679324,-0.5049583257285439
2022-07-20,1.4403124745707485,-0.08042787630192505,-0.012064181445292643,0.030160453613214955,0.27345477942655183,1.0,-0.08042787630192505,-0.012064181445292643,0.030160453613214955,0.27345477942655183
2022-07-21,1.2937076941562875,-0.021901443504235285,-0.12941762070681762,-0.04579392732703136,0.42210054753608617,1.0,-0.021901443504235285,-0.12941762070681762,-0.04579392732703136,0.42210054753608617
2022-07-22,-1.447637178495642,0.04026170105686511,-0.06240563663815202,-0.23754403623552633,0.06844489179667068,-1.0,-0.04026170105686511,0.06240563663815202,0.23754403623552633,-0.06844489179667068
2022-07-25,-0.5533533211260266,-0.018279307823543256,-0.08530343650987593,-0.1482654967909669,-0.20513445446421752,-1.0,0.018279307823543256,0.08530343650987593,0.1482654967909669,0.20513445446421752
2022-07-26,-1.3702813861628083,0.3685881027951199,0.606122657929764,0.5672161359680628,0.8416095013822122,-1.0,-0.3685881027951199,-0.606122657929764,-0.5672161359680628,-0.8416095013822122
2022-07-27,2.5441983336720098,0.035790269023516785,0.04970870697711405,-0.08947567255880307,0.4911220249338877,1.0,0.035790269023516785,0.04970870697711405,-0.08947567255880307,0.4911220249338877
2022-07-28,1.049061991829614,0.0,0.06211180124222615,0.027173913043476716,-0.6599378881987583,1.0,0.0,0.06211180124222615,0.027173913043476716,-0.6599378881987583
2022-07-29,1.316046393564263,-0.2758434443779989,-0.283559344920048,-0.34335757412087275,-0.4417353060319096,1.0,-0.2758434443779989,-0.283559344920048,-0.34335757412087275,-0.4417353060319096
2022-08-01,0.5117469178878897,-0.03664063253302485,-0.10027962587986217,-0.3124096037026347,-0.7598110114742984,1.0,-0.03664063253302485,-0.10027962587986217,-0.3124096037026347,-0.7598110114742984
2022-08-02,0.44890106686876763,-0.06381497524752255,-0.19918007425742124,-0.2823329207920833,0.7503094059405857,1.0,-0.06381497524752255,-0.19918007425742124,-0.2823329207920833,0.7503094059405857
2022-08-03,2.147268774171196,0.026437042072657846,-0.06798096532970588,0.18317093436059917,0.2058312561371789,1.0,0.026437042072657846,-0.06798096532970588,0.18317093436059917,0.2058312561371789
2022-08-04,0.42374477381446063,0.08446421532743997,0.1426506747752354,0.18957523884604033,-1.2444394391576075,1.0,0.08446421532743997,0.1426506747752354,0.18957523884604033,-1.2444394391576075
2022-08-05,0.823280544279914,-0.29306661120459543,-0.3157556391688243,-0.22499952731191986,0.2855036018831969,1.0,-0.29306661120459543,-0.3157556391688243,-0.22499952731191986,0.2855036018831969
2022-08-08,-0.6219725955104893,-0.04355153282460389,0.14769650262256295,-0.041657987919185846,-0.804756584802413,-1.0,0.04355153282460389,-0.14769650262256295,0.041657987919185846,0.804756584802413
2022-08-09,-0.5266773528738278,-0.0019165900030704286,0.05174793008280165,-0.17057651027292398,2.3286568537258523,-1.0,0.0019165900030704286,-0.05174793008280165,0.17057651027292398,-2.3286568537258523
2022-08-10,0.39916793163545794,0.005607267018059581,0.1775634555717609,0.5382976337333201,0.9065081679189513,1.0,0.005607267018059581,0.1775634555717609,0.5382976337333201,0.9065081679189513
2022-08-11,-1.2750657919122332,-0.029997937641790262,0.07686971520708408,-0.1368655904906535,0.5249639087312685,-1.0,0.029997937641790262,-0.07686971520708408,0.1368655904906535,-0.5249639087312685
2022-08-12,1.3206491326245073,-0.046082099869126925,-0.13640301561261836,-0.10138061971207701,-0.0018432839947624124,1.0,-0.046082099869126925,-0.13640301561261836,-0.10138061971207701,-0.0018432839947624124
2022-08-15,1.1119525665416852,0.016460905349791055,0.043895747599442814,-0.03475080018290333,-0.23045267489711918,1.0,0.016460905349791055,0.043895747599442814,-0.03475080018290333,-0.23045267489711918
2022-08-16,0.08796525372478659,-0.060419641876308106,0.010985389432049963,-0.031125270057486,-0.9227727122926521,1.0,-0.060419641876308106,0.010985389432049963,-0.031125270057486,-0.9227727122926521
2022-08-17,-0.15535704377739323,-0.1612036539494932,-0.2816431655209506,-0.2779373343956726,0.02964664900220182,-1.0,0.1612036539494932,0.2816431655209506,0.2779373343956726,-0.02964664900220182
2022-08-18,0.2760997665196552,0.005545491515390744,-0.005545491515401846,-0.16636474546194435,-0.9297940774150582,1.0,0.005545491515390744,-0.005545491515401846,-0.16636474546194435,-0.9297940774150582
2022-08-19,-1.0131353086051176,0.022730716775276605,-0.10607667828458345,-0.08524018790725396,-0.9130171238066365,-1.0,-0.022730716775276605,0.10607667828458345,0.08524018790725396,0.9130171238066365
2022-08-22,-1.2537986659276412,0.08509650717518635,0.1895331296174474,0.01547209221366419,-0.08122848412176475,-1.0,-0.08509650717518635,-0.1895331296174474,-0.01547209221366419,0.08122848412176475
2022-08-23,0.009691237183329093,0.07755845968899777,0.034901306860035675,-0.06592469073564144,0.0445961143211715,1.0,0.07755845968899777,0.034901306860035675,-0.06592469073564144,0.0445961143211715
2022-08-24,0.4484914378907412,-0.03474970559277368,-0.13127666557269935,0.1177628911755102,0.4440240159076403,1.0,-0.03474970559277368,-0.13127666557269935,0.1177628911755102,0.4440240159076403
2022-08-25,1.1647126657697404,-0.030419407582038538,-0.060838815164077076,-0.0057036389216280625,-0.09506064869386766,1.0,-0.030419407582038538,-0.060838815164077076,-0.0057036389216280625,-0.09506064869386766
2022-08-26,-4.008823976875098,-0.07798440311937993,-0.6518696260747858,-0.7118576284743106,0.05998800239952473,-1.0,0.07798440311937993,0.6518696260747858,0.7118576284743106,-0.05998800239952473
2022-08-29,-0.06998040548645834,-0.027984888160392796,0.18589961420831802,0.009994602914420447,0.4537549723149459,-1.0,0.027984888160392796,-0.18589961420831802,-0.009994602914420447,-0.4537549723149459
2022-08-30,-1.6715087356230396,0.0930571289852633,0.09508011005017192,0.4066191940443442,0.69185952419486,-1.0,-0.0930571289852633,-0.09508011005017192,-0.4066191940443442,-0.69185952419486
2022-08-31,-1.5688553166763541,-0.5288745143508078,-0.9153597363763977,-1.1167388783791976,-0.8990866743963766,-1.0,0.5288745143508078,0.9153597363763977,1.1167388783791976,0.8990866743963766
2022-09-01,0.9283411037400713,-0.11581834806461133,-0.09753124047546802,-0.08533983541603174,0.640048765620227,1.0,-0.11581834806461133,-0.09753124047546802,-0.08533983541603174,0.640048765620227
2022-09-02,-2.3740905701445048,0.38555906063793,0.15669780004536893,0.7422527370569698,0.2845302158718477,-1.0,-0.38555906063793,-0.15669780004536893,-0.7422527370569698,-0.2845302158718477
2022-09-06,-0.878115144394287,0.09366609079366484,-0.037466436317468155,-0.4953895468642666,0.2726723976437695,-1.0,-0.09366609079366484,0.037466436317468155,0.4953895468642666,-0.2726723976437695
2022-09-07,1.845968562470146,-0.03258257646723273,-0.13440312792734055,0.028509754408823085,-1.1037347778275586,1.0,-0.03258257646723273,-0.13440312792734055,0.028509754408823085,-1.1037347778275586
2022-09-08,1.2360634868488596,0.04052684903748105,0.10131712259371373,0.4093211752786319,0.7821681864235153,1.0,0.04052684903748105,0.10131712259371373,0.4093211752786319,0.7821681864235153
2022-09-09,1.3932792397366445,-0.0019656406022749984,-0.0884538271022528,-0.24570507528403063,0.16707945119314171,1.0,-0.0019656406022749984,-0.0884538271022528,-0.24570507528403063,0.16707945119314171
2022-09-12,0.7601052755627169,-0.10694771229120548,-0.06027961965504591,-0.10694771229120548,-3.015925486612092,1.0,-0.10694771229120548,-0.06027961965504591,-0.10694771229120548,-3.015925486612092
2022-09-13,-2.6936432428092516,0.09892827699917728,0.04328112118714422,-0.11129431162407721,0.24113767518549878,-1.0,-0.09892827699917728,-0.04328112118714422,0.11129431162407721,-0.24113767518549878
2022-09-14,0.38824181919023815,0.1654411764705932,0.053104575163409606,-0.018382352941181956,-0.8986928104575131,1.0,0.1654411764705932,0.053104575163409606,-0.018382352941181956,-0.8986928104575131
2022-09-15,-1.0468830499742454,-0.03351417021009162,-0.12986740956411058,-0.2408830983850363,-0.8399488908904296,-1.0,0.03351417021009162,0.12986740956411058,0.2408830983850363,0.8399488908904296
2022-09-16,0.5119453924914641,-0.023065632208008058,0.11532816104005139,0.1635563011113339,-0.7255189767246817,1.0,-0.023065632208008058,0.11532816104005139,0.1635563011113339,-0.7255189767246817
2022-09-19,1.753421180651027,0.05188659665436024,0.25320659167324955,0.10792412104105864,-1.0232036860238214,1.0,0.05188659665436024,0.25320659167324955,0.10792412104105864,-1.0232036860238214
2022-09-20,0.07552553182561539,0.016760595839171444,-0.07961283023611987,0.07332760679641392,0.31216609750477353,1.0,0.016760595839171444,-0.07961283023611987,0.07332760679641392,0.31216609750477353
2022-09-21,-2.163009404388716,-0.42616982546310744,-0.47542563443623287,-0.7859513866581014,0.04068958132561473,-1.0,0.42616982546310744,0.47542563443623287,0.7859513866581014,-0.04068958132561473
2022-09-22,-0.6785775639924441,-0.04752543690997868,0.20306323043355334,0.07560864962952163,-1.0779633190036941,-1.0,0.04752543690997868,-0.20306323043355334,-0.07560864962952163,1.0779633190036941
2022-09-23,-0.7612773754471669,0.03305857980340221,0.008815621280899855,-0.30413893419138915,0.28650769162956724,-1.0,-0.03305857980340221,-0.008815621280899855,0.30413893419138915,-0.28650769162956724
2022-09-26,-0.29730443974630427,0.006622078008078347,0.21852857426660766,0.7416727369048415,1.2317065095026836,-1.0,-0.006622078008078347,-0.21852857426660766,-0.7416727369048415,-1.2317065095026836
2022-09-27,-1.2009066736410778,-0.03298370604921663,-0.112144600567321,-0.037381533522440336,-0.36282076654132744,-1.0,0.03298370604921663,0.112144600567321,0.037381533522440336,0.36282076654132744
2022-09-28,1.9658459094519465,-0.164473684210531,-0.14066828254847286,-0.0822368421052655,-1.3893698060941873,1.0,-0.164473684210531,-0.14066828254847286,-0.0822368421052655,-1.3893698060941873
2022-09-29,-1.3633968560639365,0.191523951629069,0.35186958555106784,0.06235663541411807,-0.20711311048259295,-1.0,-0.191523951629069,-0.35186958555106784,-0.06235663541411807,0.20711311048259295
2022-09-30,-1.3967728959013104,0.2637142792188518,-0.4546797917566514,-0.7206674699342996,1.0707709095869156,-1.0,-0.2637142792188518,0.4546797917566514,0.7206674699342996,-1.0707709095869156
2022-10-03,1.6726699684826762,-0.18101545253863538,0.17439293598233707,0.4856512141280245,1.7395143487858755,1.0,-0.18101545253863538,0.17439293598233707,0.4856512141280245,1.7395143487858755
2022-10-04,1.1093261549149025,-0.05375419282703797,-0.08170637309710127,-0.36122817579771205,-1.0922851982454684,1.0,-0.05375419282703797,-0.08170637309710127,-0.36122817579771205,-1.0922851982454684
2022-10-05,1.3102907887863502,0.25383440531761003,0.600167788844197,0.6711553767720035,-0.13337061974315612,1.0,0.25383440531761003,0.600167788844197,0.6711553767720035,-0.13337061974315612
2022-10-06,-0.41628920236400635,0.05874673629242544,0.09573542210616903,0.20452567449955605,-1.416449086161875,-1.0,-0.05874673629242544,-0.09573542210616903,-0.20452567449955605,1.416449086161875
2022-10-07,-2.170416235154138,-0.50895765472313,-0.09274339486066152,0.04071661237785573,0.5768186753528859,-1.0,0.50895765472313,0.09274339486066152,-0.04071661237785573,-0.5768186753528859
2022-10-10,-1.152244852031059,0.10003182830899959,0.11821943345609043,0.14322739053336253,-0.7684263174646433,-1.0,-0.10003182830899959,-0.11821943345609043,-0.14322739053336253,0.7684263174646433
2022-10-11,-0.6959706959706935,-0.04370528833989029,-0.02070250500310067,0.24152922503621888,-0.18632254502795043,-1.0,0.04370528833989029,0.02070250500310067,-0.24152922503621888,0.18632254502795043
2022-10-12,-0.2599972389673688,-0.052945374185675576,0.020717755116139713,0.1197025851154443,-2.9925646278860962,-1.0,0.052945374185675576,-0.020717755116139713,-0.1197025851154443,2.9925646278860962
2022-10-13,5.305046089518206,-0.038364325690554146,-0.18053800324968616,-0.11057952699042861,0.9636215923451985,1.0,-0.038364325690554146,-0.18053800324968616,-0.11057952699042861,0.9636215923451985
2022-10-14,-3.87479038569033,0.23448564065655653,0.24145056067605974,0.14162004039652842,2.412183966754111,-1.0,-0.23448564065655653,-0.24145056067605974,-0.14162004039652842,-2.412183966754111
2022-10-17,0.9998863765481092,0.10292669829052858,0.39604403472657257,0.25731674572631036,2.1010471672782582,1.0,0.10292669829052858,0.39604403472657257,0.25731674572631036,2.1010471672782582
2022-10-18,-1.7604244310957196,0.03530761761849632,0.18095154029482696,0.14343719657516907,-1.5425015447082746,-1.0,-0.03530761761849632,-0.18095154029482696,-0.14343719657516907,1.5425015447082746
2022-10-19,0.22237696264515439,-0.2628799964050632,-0.32129777338396615,-0.6515828970723669,0.06515828970723447,1.0,-0.2628799964050632,-0.32129777338396615,-0.6515828970723669,0.06515828970723447
2022-10-20,-0.20925209252092847,-0.24442684168836104,-0.24895326468258316,-0.16974086228358498,-0.23990041869412781,-1.0,0.24442684168836104,0.24895326468258316,0.16974086228358498,0.23990041869412781
2022-10-21,2.8092812676853374,-0.08049953223244755,-0.3785653677958356,-0.4764702042947544,-1.2161956356199544,1.0,-0.08049953223244755,-0.3785653677958356,-0.4764702042947544,-1.2161956356199544
2022-10-24,1.0563845239667247,0.18541543965273632,0.09816111511027348,0.22904260192395665,0.6893091638854321,1.0,0.18541543965273632,0.09816111511027348,0.22904260192395665,0.6893091638854321
2022-10-25,1.7085296224735647,-0.362507597464623,-0.36467830164105264,-0.601285056872447,-0.6295042111660987,1.0,-0.362507597464623,-0.36467830164105264,-0.601285056872447,-0.6295042111660987
2022-10-26,-0.18737199877990607,0.3827897718573059,0.4680972067283573,0.5599667519740947,0.1749896099919157,-1.0,-0.3827897718573059,-0.4680972067283573,-0.5599667519740947,-0.1749896099919157
2022-10-27,-1.4121568283483876,0.09425916782619392,-0.026931190807488736,0.08528210422371618,0.8505767763364647,-1.0,-0.09425916782619392,0.026931190807488736,-0.08528210422371618,-0.8505767763364647
2022-10-28,3.306208895329399,0.002160807277595822,-0.09939713476955214,-0.3522115862486186,-0.5618098921757131,1.0,0.002160807277595822,-0.09939713476955214,-0.3522115862486186,-0.5618098921757131
2022-10-31,-0.3481818379648782,0.08949034159118074,0.10695187165774556,0.26628833351522996,1.3008839899596225,-1.0,-0.08949034159118074,-0.10695187165774556,-0.26628833351522996,-1.3008839899596225
2022-11-01,-2.287574653414115,0.13906056860322202,0.13243863676497547,0.32226734946141367,0.0022073106127562525,-1.0,-0.13906056860322202,-0.13243863676497547,-0.32226734946141367,-0.0022073106127562525
2022-11-02,-3.4554280670785475,-0.20791445805153908,-0.20106013525863498,0.0068543227929040995,-1.311460427709743,-1.0,0.20791445805153908,0.20106013525863498,-0.0068543227929040995,1.311460427709743
2022-11-03,-0.9649791075097558,0.007001657058847144,0.018671085490229444,0.17504142647093435,2.182183116670955,-1.0,-0.007001657058847144,-0.018671085490229444,-0.17504142647093435,-2.182183116670955
2022-11-04,-0.3613162889615551,-0.09022556390977376,0.06940427993058496,0.31000578369000387,1.4551764025448222,-1.0,0.09022556390977376,-0.06940427993058496,-0.31000578369000387,-1.4551764025448222
2022-11-07,0.692492286595825,0.15443664690786285,0.35883809134473754,0.2952465308532659,0.43151416047784164,1.0,0.15443664690786285,0.35883809134473754,0.2952465308532659,0.43151416047784164
2022-11-08,0.16024917618380208,0.2908877714388858,0.08568787065641459,0.3698108102013764,-0.7035425169684584,1.0,0.2908877714388858,0.08568787065641459,0.3698108102013764,-0.7035425169684584
2022-11-09,-1.699453179951449,-0.07601935038009655,0.20502188435844726,0.13821700069107656,4.89748905782077,-1.0,0.07601935038009655,-0.20502188435844726,-0.13821700069107656,-4.89748905782077
2022-11-10,2.3973055078589267,0.16089586819409973,0.07079418200539589,-0.1566053117089239,-0.3496803535418591,1.0,0.16089586819409973,0.07079418200539589,-0.1566053117089239,-0.3496803535418591
2022-11-11,1.9227046906252099,0.28233595856241855,0.1974228883180773,0.17619462075699754,-0.08491307024434125,1.0,0.28233595856241855,0.1974228883180773,0.17619462075699754,-0.08491307024434125
2022-11-14,-0.15305797070640503,-0.012739935450989393,-0.06157635467980427,0.09130287073211285,2.112705962289785,-1.0,0.012739935450989393,0.06157635467980427,-0.09130287073211285,-2.112705962289785
2022-11-15,-0.9628782364562771,0.284390141141766,-0.17695386559932746,0.1032230882662688,-0.3960396039603964,-1.0,-0.284390141141766,0.17695386559932746,-0.1032230882662688,0.3960396039603964
2022-11-16,-0.7040913415794492,0.010610529889865106,0.0466863315153887,-0.15703584236996804,-1.8419879888801671,-1.0,-0.010610529889865106,-0.0466863315153887,0.15703584236996804,1.8419879888801671
2022-11-17,1.39598303177213,-0.2956314602918009,-0.1382449274745845,-0.15951337785529152,0.49342804883236724,1.0,-0.2956314602918009,-0.1382449274745845,-0.15951337785529152,0.49342804883236724
2022-11-18,-1.100293552406495,-0.24702926018995708,-0.5281315217854243,-0.6260914008262675,-0.5749818987180078,-1.0,0.24702926018995708,0.5281315217854243,0.6260914008262675,0.5749818987180078
2022-11-21,-0.5343576977552722,0.03235687475733329,0.18551274860865163,0.1251132490616591,0.159627248802785,-1.0,-0.03235687475733329,-0.18551274860865163,-0.1251132490616591,-0.159627248802785
2022-11-22,1.1577610880371791,0.021283388315418428,-0.10003192508247771,-0.12557199106097983,0.06810684260933897,1.0,0.021283388315418428,-0.10003192508247771,-0.12557199106097983,0.06810684260933897
2022-11-28,-0.7882257444354224,-0.0731229971826175,0.017205411101794965,0.09678043744758558,-0.08387637912122825,-1.0,0.0731229971826175,-0.017205411101794965,-0.09678043744758558,0.08387637912122825
2022-11-29,-0.8475305455171278,-0.11721548112613167,0.093338253489339,0.13241008053137548,0.15845796522606648,-1.0,0.11721548112613167,-0.093338253489339,-0.13241008053137548,-0.15845796522606648
2022-11-30,4.486734870816722,0.039363553492988146,-0.026932957653102996,-0.12430595839894032,-0.24861191679788064,1.0,0.039363553492988146,-0.026932957653102996,-0.12430595839894032,-0.24861191679788064
2022-12-01,0.02488181139586043,-0.08509755085097659,-0.2822748028227462,-0.31963470319634757,-1.4092984640929895,1.0,-0.08509755085097659,-0.2822748028227462,-0.31963470319634757,-1.4092984640929895
2022-12-02,1.4203706048710574,-0.05622657226155292,-0.07705122865472314,-0.1707621824239891,-0.6455643481882545,1.0,-0.05622657226155292,-0.07705122865472314,-0.1707621824239891,-0.6455643481882545
2022-12-05,-0.9836409395973189,0.10371248359648533,0.16932650383101322,0.18202599161833977,-0.0952461584049491,-1.0,-0.10371248359648533,-0.16932650383101322,-0.18202599161833977,0.0952461584049491
2022-12-06,-2.0044071531485685,0.09504882053055219,0.019441804199438195,0.131772228462812,-0.4039574872548135,-1.0,-0.09504882053055219,-0.019441804199438195,-0.131772228462812,0.4039574872548135
2022-12-07,-0.01303271210738588,-0.006514516514299906,-0.3018392651625401,-0.4907602440772152,0.43430110095328267,-1.0,0.006514516514299906,0.3018392651625401,0.4907602440772152,-0.43430110095328267
2022-12-08,0.6895508192469091,-0.06654931089261629,-0.13524537374951517,0.19106092482075177,-0.26834399553475885,1.0,-0.06654931089261629,-0.13524537374951517,0.19106092482075177,-0.26834399553475885
2022-12-09,-0.26504622147520696,-0.2547089041095907,-0.27825342465753744,-0.2953767123287654,0.2397260273972579,-1.0,0.2547089041095907,0.27825342465753744,0.2953767123287654,-0.2397260273972579
2022-12-12,1.2036858871571132,0.09517565195320543,0.07614052156257323,-0.08671559400181827,3.8725915272519673,1.0,0.09517565195320543,0.07614052156257323,-0.08671559400181827,3.8725915272519673
2022-12-13,-2.683348591191126,-0.02716255745925933,0.19222732971166945,0.22983702465524392,-0.12745507730881345,-1.0,0.02716255745925933,-0.19222732971166945,-0.22983702465524392,0.12745507730881345
2022-12-14,-0.5720392255468942,0.006314327208434278,0.13891519858559853,-0.10523878680726018,-1.536486287386074,-1.0,-0.006314327208434278,-0.13891519858559853,0.10523878680726018,1.536486287386074
2022-12-15,-1.9317574072093224,0.015269173719567597,-0.017450484250935983,-0.02399441584504114,-0.3991798272402036,-1.0,-0.015269173719567597,0.017450484250935983,0.02399441584504114,0.3991798272402036
2022-12-16,-0.7590340362236381,0.1190318740907248,0.15870916545430713,0.28876250936824555,-0.1013975223735808,-1.0,-0.1190318740907248,-0.15870916545430713,-0.28876250936824555,0.1013975223735808
2022-12-19,-1.462039809758675,0.16750418760469454,0.22780569514238014,0.26130653266331905,-0.6543830262423223,-1.0,-0.16750418760469454,-0.22780569514238014,-0.26130653266331905,0.6543830262423223
2022-12-20,0.37723986167872425,0.14054656999442638,0.16508644729502642,0.4283324037925196,0.20747350808700826,1.0,0.14054656999442638,0.16508644729502642,0.4283324037925196,0.20747350808700826
2022-12-21,1.0586137731223522,-0.03742762158472912,-0.01981462319191607,0.12108936395058834,-1.3980317474296067,1.0,-0.03742762158472912,-0.01981462319191607,0.12108936395058834,-1.3980317474296067
2022-12-22,-1.3233062572525212,-0.024884062888808067,-0.30087094220110355,0.0678656260604038,-0.3574256305847734,-1.0,0.024884062888808067,0.30087094220110355,-0.0678656260604038,0.3574256305847734
2022-12-23,0.7547512958079539,0.2043061449002126,0.12572685840013254,0.3771805752003754,-0.9115197234009109,1.0,0.2043061449002126,0.12572685840013254,0.3771805752003754,-0.9115197234009109
2022-12-27,-1.2011944079989179,0.004580537297016463,-0.18322149188100267,0.18093122323248334,-0.26567116322744333,-1.0,-0.004580537297016463,0.18322149188100267,-0.18093122323248334,0.26567116322744333
2022-12-28,-1.1926331964863146,0.011578898615161037,-0.01852623778426654,-0.02778935667638871,0.8058913436153947,-1.0,-0.011578898615161037,0.01852623778426654,0.02778935667638871,-0.8058913436153947
2022-12-29,1.345827017592205,-0.02947043888283929,-0.05667392092854051,-0.14055132390279335,-0.9679905694595536,1.0,-0.02947043888283929,-0.05667392092854051,-0.14055132390279335,-0.9679905694595536
2024-01-02,-0.8347294913042869,-0.025404605705570127,-0.06724748569122418,-0.10311281139321338,-0.6635085254868001,-1.0,0.025404605705570127,0.06724748569122418,0.10311281139321338,0.6635085254868001
2024-01-03,-0.41691751956652867,-0.10115345129536601,0.0030195060088278325,-0.024156048070533842,-0.5555891056223228,-1.0,0.10115345129536601,-0.0030195060088278325,0.024156048070533842,0.5555891056223228
2024-01-04,-0.05773935240758199,-0.045559470295220006,-0.007593245049208885,-0.02429838415745067,-0.03796622524602222,-1.0,0.045559470295220006,0.007593245049208885,0.02429838415745067,0.03796622524602222
2024-01-05,0.08814991564964902,0.08500432611302511,0.1305423579592846,-0.00758967197437288,0.29296133821097303,1.0,0.08500432611302511,0.1305423579592846,-0.00758967197437288,0.29296133821097303
2024-01-08,1.7517562984496138,0.008937349182236431,0.007447790985204428,0.032770280334859514,-0.6002919534066176,1.0,0.008937349182236431,0.007447790985204428,0.032770280334859514,-0.6002919534066176
2024-01-09,0.9748488984207437,0.10551972178463043,0.08322682281602933,0.0728234699640451,0.24373569538982398,1.0,0.10551972178463043,0.08322682281602933,0.0728234699640451,0.24373569538982398
2024-01-10,0.602731591448924,0.07523122538390936,0.18734050242656952,0.21684294375359237,0.3230517325308657,1.0,0.07523122538390936,0.18734050242656952,0.21684294375359237,0.3230517325308657
2024-01-11,-0.11186670199299087,0.05310204442872113,-0.09735374811929987,-0.014750567896859579,0.32598755052068995,-1.0,-0.05310204442872113,0.09735374811929987,0.014750567896859579,-0.32598755052068995
2024-01-12,-0.2101952022577569,-0.22695788015445473,-0.3993869189730881,-0.32422554307778295,-0.18274530609838635,-1.0,0.22695788015445473,0.3993869189730881,0.32422554307778295,0.18274530609838635
2024-01-16,0.30147189217946124,0.023566147229514556,-0.07806286269773643,-0.12224938875305957,-0.8837305211064295,1.0,0.023566147229514556,-0.07806286269773643,-0.12224938875305957,-0.8837305211064295
2024-01-17,0.2585399919763365,-0.020764119601324182,0.05487660180352183,0.005932605600378338,1.0307902230659804,1.0,-0.020764119601324182,0.05487660180352183,0.005932605600378338,1.0307902230659804
2024-01-18,0.6589398129081658,0.21913805697588717,0.26588750913074666,0.2629656683710735,0.42074506939371314,1.0,0.21913805697588717,0.26588750913074666,0.2629656683710735,0.42074506939371314
2024-01-19,1.4644503584776647,0.004289390906486723,0.42464969974262967,0.3531598513011103,0.32885330283098924,1.0,0.004289390906486723,0.42464969974262967,0.3531598513011103,0.32885330283098924
2024-01-22,-0.38509263617303446,0.0716137441097775,0.0959624171070983,0.09882696687149028,0.13320156404417194,-1.0,-0.0716137441097775,-0.0959624171070983,-0.09882696687149028,-0.13320156404417194
2024-01-23,0.2401715511079372,0.0384248651571939,0.061195155620707986,0.1053125933937693,0.6276061309007153,1.0,0.0384248651571939,0.061195155620707986,0.1053125933937693,0.6276061309007153
2024-01-24,-0.3829306203193439,-0.04539651014328072,-0.01134912753582018,-0.0893743793445867,0.36884664491416697,-1.0,0.04539651014328072,0.01134912753582018,0.0893743793445867,-0.36884664491416697
2024-01-25,-0.47398713463491227,-0.06408704444792468,-0.19226113334377404,-0.19083697680049028,0.04984547901505376,-1.0,0.06408704444792468,0.19226113334377404,0.19083697680049028,-0.04984547901505376
2024-01-26,-0.16232148196665408,0.05294412248695313,0.161694211919583,0.3706088574086053,0.37919439078486494,-1.0,-0.05294412248695313,-0.161694211919583,-0.3706088574086053,-0.37919439078486494
2024-01-29,0.9117848187827571,0.0423387950378995,0.07056465839649917,-0.023991983854809718,-0.26814570190665243,1.0,0.0423387950378995,0.07056465839649917,-0.023991983854809718,-0.26814570190665243
2024-01-30,-0.4416323410760592,0.13766993632764457,0.07887340102106233,0.0014340618367469915,-0.2165433373487069,-1.0,-0.13766993632764457,-0.07887340102106233,-0.0014340618367469915,0.2165433373487069
2024-01-31,-0.9267241379310343,0.08830341632888317,0.19687319050376573,0.20121598147075925,0.24174869716271363,-1.0,-0.08830341632888317,-0.19687319050376573,-0.20121598147075925,-0.24174869716271363
2024-02-01,0.7699196856763235,-0.02130984514845391,0.04119903395367608,0.1363830089501361,-0.5384287540843857,1.0,-0.02130984514845391,0.04119903395367608,0.1363830089501361,-0.5384287540843857
2024-02-02,1.2680098813382612,-0.08749770671333534,-0.17358416009257693,-0.1806404267630124,-0.005645013336341709,1.0,-0.08749770671333534,-0.17358416009257693,-0.1806404267630124,-0.005645013336341709
2024-02-05,-0.14388286242259518,-0.055059859950301604,-0.005647165123112696,0.05223627738875081,0.31624124689406674,-1.0,0.055059859950301604,0.005647165123112696,-0.05223627738875081,-0.31624124689406674
2024-02-06,-0.4467053717377878,-0.018409947036002183,0.03257144475599105,0.18834791967599074,0.6146090010479499,-1.0,0.018409947036002183,-0.03257144475599105,-0.18834791967599074,-0.6146090010479499
2024-02-07,0.3811854727543862,-0.026620337938187966,-0.021016056266986993,0.056042816711965315,-0.08686636590354846,1.0,-0.026620337938187966,-0.021016056266986993,0.056042816711965315,-0.08686636590354846
2024-02-08,0.16679982619178801,0.051796063499165435,0.02379819133746519,-0.01819861690511848,0.2029845731724489,1.0,0.051796063499165435,0.02379819133746519,-0.01819861690511848,0.2029845731724489
2024-02-09,0.7258920096041122,0.05547927155715726,0.0457703990346614,0.05964021692395072,-0.015256799678220467,1.0,0.05547927155715726,0.0457703990346614,0.05964021692395072,-0.015256799678220467
2024-02-12,-0.3674482452613037,0.02230866831192113,-0.0041828753084893755,-0.0167315012339464,-1.748441878947593,-1.0,-0.02230866831192113,0.0041828753084893755,0.0167315012339464,1.748441878947593
2024-02-13,0.2978216473791706,-0.026849810638174265,-0.03674184613645659,-0.06783110055960107,0.6260245322480262,1.0,-0.026849810638174265,-0.03674184613645659,-0.06783110055960107,0.6260245322480262
2024-02-14,0.4525332021642958,0.04337059473675797,0.012591462988087443,-0.10213075534787341,0.14410229864152413,1.0,0.04337059473675797,0.012591462988087443,-0.10213075534787341,0.14410229864152413
2024-02-15,0.14534883720929148,-0.027844682361788387,-0.13365447533657537,-0.15453798710791666,-0.2157962883038378,1.0,-0.027844682361788387,-0.13365447533657537,-0.15453798710791666,-0.2157962883038378
2024-02-16,-1.0026915084998644,-0.18979867281521123,-0.25728264537172585,-0.6171971656731556,-0.5876729276796722,-1.0,0.18979867281521123,0.25728264537172585,0.6171971656731556,0.5876729276796722
2024-02-20,-0.2760280274612503,-0.02561147394032348,-0.11240591340475614,-0.04553150922724791,-0.48946372419288453,-1.0,0.02561147394032348,0.11240591340475614,0.04553150922724791,0.48946372419288453
2024-02-21,0.24150102173510213,0.06782343299609472,0.4408523144746601,0.44650426722432357,1.1063697507488923,1.0,0.06782343299609472,0.4408523144746601,0.44650426722432357,1.1063697507488923
2024-02-22,0.831191327670977,0.038816646796235865,-0.04713449968114514,0.04020295561040221,0.44361882052845747,1.0,0.038816646796235865,-0.04713449968114514,0.04020295561040221,0.44361882052845747
2024-02-23,-0.6572588439976768,0.15873678933957525,-0.11557152206301824,-0.06405168692649177,0.4400072406254729,-1.0,-0.15873678933957525,0.11557152206301824,0.06405168692649177,-0.4400072406254729
2024-02-26,-0.22062190400865545,0.06546781630010212,0.06686074856179225,0.08636180022565387,0.40395035589420036,-1.0,-0.06546781630010212,-0.06686074856179225,-0.08636180022565387,-0.40395035589420036
2024-02-27,-0.002774964272334035,-0.06244622686020218,-0.09575088118564112,-0.019427715023179193,-0.43573589409119373,-1.0,0.06244622686020218,0.09575088118564112,0.019427715023179193,0.43573589409119373
2024-02-28,-0.03486993514192349,0.005595344673237079,0.15387197851388645,0.14408012533571046,0.9945725156669694,-1.0,-0.005595344673237079,-0.15387197851388645,-0.14408012533571046,-0.9945725156669694
2024-02-29,0.2052135330005589,-0.07744433688287033,0.017978149633512963,0.20467431890471843,0.19222790761996844,1.0,-0.07744433688287033,0.017978149633512963,0.20467431890471843,0.19222790761996844
2024-03-01,1.317934407205823,-0.024528173332427627,-0.0027253525924919586,0.02180282073993567,-0.17442256591946315,1.0,-0.024528173332427627,-0.0027253525924919586,0.02180282073993567,-0.17442256591946315
2024-03-04,-0.39142946768320197,-0.14794520547944945,-0.1397260273972578,-0.24246575342465881,-0.6726027397260248,-1.0,0.14794520547944945,0.1397260273972578,0.24246575342465881,0.6726027397260248
2024-03-05,-1.1139449920727906,-0.06260782458679115,-0.1293895041460269,-0.052868829651064875,0.8333797094997042,-1.0,0.06260782458679115,0.1293895041460269,0.052868829651064875,-0.8333797094997042
2024-03-06,-0.33141389452753245,-0.13162634743814072,-0.31867431485022024,-0.4378307977942142,0.7481918696483403,-1.0,0.13162634743814072,0.31867431485022024,0.4378307977942142,-0.7481918696483403
2024-03-07,0.6984834110189908,0.03695238616612251,0.016423282740496425,0.03147795858595703,0.24498063421243277,1.0,0.03695238616612251,0.016423282740496425,0.03147795858595703,0.24498063421243277
2024-03-08,-1.5149033737307582,-0.3184887503759004,-0.035539517209326466,-0.1380573553131592,-0.30755351431148714,-1.0,0.3184887503759004,0.035539517209326466,0.1380573553131592,0.30755351431148714
2024-03-11,-0.04526873165244805,0.0711802228488434,0.14920469789470037,0.13825389437949198,0.3613765160018545,-1.0,-0.0711802228488434,-0.14920469789470037,-0.13825389437949198,-0.3613765160018545
2024-03-12,0.8969773093411293,0.03248906878206004,0.0460261807745832,-0.033842779981319016,-0.3140609982266396,1.0,0.03248906878206004,0.0460261807745832,-0.033842779981319016,-0.3140609982266396
2024-03-13,-0.5304356083730144,0.04904832622587563,0.1008215594642925,0.11035873400819796,0.035423791163124996,-1.0,-0.04904832622587563,-0.1008215594642925,-0.11035873400819796,-0.035423791163124996
2024-03-14,-0.5278839743676933,-0.021915106356751313,-0.06848470736484646,0.05889684833375597,-0.5780109301593006,-1.0,0.021915106356751313,0.06848470736484646,-0.05889684833375597,0.5780109301593006
2024-03-15,-0.517835008951939,0.026282663125432038,0.008299788355392579,0.09544756608705907,1.2297519746579777,-1.0,-0.026282663125432038,-0.008299788355392579,-0.09544756608705907,-1.2297519746579777
2024-03-18,-0.2980748195143268,-0.19072447859495023,-0.16877058177826587,-0.3100987925356735,-0.4733809001097655,-1.0,0.19072447859495023,0.16877058177826587,0.3100987925356735,0.4733809001097655
2024-03-19,0.6986069199288902,0.027357909855685314,-0.053347924218594134,-0.13405375829286248,0.26810751658572496,1.0,0.027357909855685314,-0.053347924218594134,-0.13405375829286248,0.26810751658572496
2024-03-20,0.9089420242384572,0.1727232245267052,0.253687236023592,0.1929642274009158,0.792097912477896,1.0,0.1727232245267052,0.253687236023592,0.1929642274009158,0.792097912477896
2024-03-21,-0.6889632107023425,0.04036326942482571,0.04305415405314594,0.037672384796505476,-0.30541540531450195,-1.0,-0.04036326942482571,-0.04305415405314594,-0.037672384796505476,0.30541540531450195
2024-03-22,0.1861092380310181,-0.09286175710594424,0.061907838070629495,0.04306632213608719,-0.62042420327304,1.0,-0.09286175710594424,0.061907838070629495,0.04306632213608719,-0.62042420327304
2024-03-25,0.2722212440917193,0.0026976355224750392,0.016185813134783622,0.07148734134529988,0.16185813134788063,1.0,0.0026976355224750392,0.016185813134783622,0.07148734134529988,0.16185813134788063
2024-03-26,-0.636822618646915,-0.008119079837620724,0.0744248985115048,0.08660351826792478,0.44248985115020734,-1.0,0.008119079837620724,-0.0744248985115048,-0.08660351826792478,-0.44248985115020734
2024-03-27,-0.32181617429241083,-0.05407451468123492,-0.06624128048450251,0.06218569188340961,-0.022981668739519012,-1.0,0.05407451468123492,0.06624128048450251,-0.06218569188340961,0.022981668739519012
2024-03-28,-0.20000000000000018,0.19689552399833055,0.3641218594489626,0.3142236787096575,-0.26837129640867596,-1.0,-0.19689552399833055,-0.3641218594489626,-0.3142236787096575,0.26837129640867596
2024-04-01,-0.028377611415908444,-0.056792059929144934,-0.08654028179678752,-0.12440165508288414,-1.0858100981691376,-1.0,0.056792059929144934,0.08654028179678752,0.12440165508288414,1.0858100981691376
2024-04-02,0.23513328776487707,-0.0654307524536546,-0.08315158124317934,-0.17720828789531406,-0.47300981461286806,1.0,-0.0654307524536546,-0.08315158124317934,-0.17720828789531406,-0.47300981461286806
2024-04-03,0.7126997615196862,0.039438611760855835,0.3073491813088136,0.30326932491975267,0.8282108469781946,1.0,0.039438611760855835,0.3073491813088136,0.30326932491975267,0.8282108469781946
2024-04-04,-2.5146632508595723,-0.10078279237364374,-0.10078279237364374,-0.08421575801085268,0.19190148136898344,-1.0,0.10078279237364374,0.10078279237364374,0.08421575801085268,-0.19190148136898344
2024-04-05,0.8559378101223869,-0.12136915314332475,-0.09954997954452205,-0.09545888449474793,-0.07500340924587734,1.0,-0.12136915314332475,-0.09954997954452205,-0.09545888449474793,-0.07500340924587734
2024-04-08,-0.1813941435605093,-0.03957153578495465,-0.10370471447089802,-0.13781810738896505,0.3929862864160416,-1.0,0.03957153578495465,0.10370471447089802,0.13781810738896505,-0.3929862864160416
2024-04-09,-0.15768368109835285,-0.016323421389119463,-0.057131974861934776,0.00272057023151806,-1.3616454008760215,-1.0,0.016323421389119463,0.057131974861934776,-0.00272057023151806,1.3616454008760215
2024-04-10,0.2839029768467505,0.011007154650521933,-0.04815630159603623,-0.019262520638418934,0.5022014309300937,1.0,0.011007154650521933,-0.04815630159603623,-0.019262520638418934,0.5022014309300937
2024-04-11,1.1880483431653044,0.08658242917827241,0.041938364133220496,0.058172569604164615,-0.9713466273438165,1.0,0.08658242917827241,0.041938364133220496,0.058172569604164615,-0.9713466273438165
2024-04-12,-0.6339837131770221,0.06864360241625178,0.15788028555738798,0.06589785831960793,0.5450302031850596,-1.0,-0.06864360241625178,-0.15788028555738798,-0.06589785831960793,-0.5450302031850596
2024-04-15,-2.506033295611032,-0.06428980727033462,-0.10482033794076973,-0.027952090117533412,-0.13976045058768927,-1.0,0.06428980727033462,0.10482033794076973,0.027952090117533412,0.13976045058768927
2024-04-16,0.0461712814629367,-0.0027922431485305488,0.14240440057520232,0.006980607871343025,0.1354237927038593,1.0,-0.0027922431485305488,0.14240440057520232,0.006980607871343025,0.1354237927038593
2024-04-17,-1.68734076765652,-0.01414047144331354,0.007070235721662321,0.08767092294856837,-0.032523084319635576,-1.0,0.01414047144331354,-0.007070235721662321,-0.08767092294856837,0.032523084319635576
2024-04-18,-0.7270772625682542,-0.09409617769920997,-0.2723086354628479,-0.5602999672089104,-0.36640481316205786,-1.0,0.09409617769920997,0.2723086354628479,0.5602999672089104,0.36640481316205786
2024-04-19,-1.7905115747356426,0.2657604670413427,0.30351878476306826,0.053732990603982955,0.42986392483190805,-1.0,-0.2657604670413427,-0.30351878476306826,-0.053732990603982955,-0.42986392483190805
2024-04-22,0.3571686790543094,-0.14543674221697556,-0.20159548426115226,-0.17567606485614506,0.3412723554992336,1.0,-0.14543674221697556,-0.20159548426115226,-0.17567606485614506,0.3412723554992336
2024-04-23,1.0227354227928087,-0.0014141871252371097,0.0820228532639522,0.2177848172870256,0.3295056001810126,1.0,-0.0014141871252371097,0.0820228532639522,0.2177848172870256,0.3295056001810126
2024-04-24,-0.4102983475269273,0.060143485171759714,0.08448727678891377,0.18615840648403825,-0.6243466555926336,-1.0,-0.060143485171759714,-0.08448727678891377,-0.18615840648403825,0.6243466555926336
2024-04-25,1.2302816394151206,-0.09275655620204493,-0.17286449110380797,-0.18691851477078414,-0.5410799111785658,1.0,-0.09275655620204493,-0.17286449110380797,-0.18691851477078414,-0.5410799111785658
2024-04-26,0.8052325992060627,-0.020993114258527346,0.12595868555114187,0.11616189889716022,0.2953031405698914,1.0,-0.020993114258527346,0.12595868555114187,0.11616189889716022,0.2953031405698914
2024-04-29,-0.09206818625673296,-0.019539700484305644,-0.030705243618189826,-0.03489232229340056,-0.446621725355556,-1.0,0.019539700484305644,0.030705243618189826,0.03489232229340056,0.446621725355556
2024-04-30,-1.529189151307031,0.007146328216567355,0.122916845324883,0.10433639196181232,0.1243461109681876,-1.0,-0.007146328216567355,-0.122916845324883,-0.10433639196181232,-0.1243461109681876
2024-05-01,-0.40138843258531454,0.06574152148748347,0.22437867116376076,0.21008703605780443,0.49734890168784407,-1.0,-0.06574152148748347,-0.22437867116376076,-0.21008703605780443,-0.49734890168784407
2024-05-02,0.3710970824091442,0.07754123784011746,0.1071478922881619,0.166361201184273,1.2293810799379745,1.0,0.07754123784011746,0.1071478922881619,0.166361201184273,1.2293810799379745
2024-05-03,0.245022970903519,-0.012476260448868182,-0.16080513467430224,-0.15526013003035466,0.09426507894700897,1.0,-0.012476260448868182,-0.16080513467430224,-0.15526013003035466,0.09426507894700897
2024-05-06,0.6805261629113213,0.06738081159500808,0.03987843951540615,-0.022001897663670444,0.13751186039796526,1.0,0.06738081159500808,0.03987843951540615,-0.022001897663670444,0.13751186039796526
2024-05-07,-0.08099389113871425,0.052215015939327536,0.0659558096075541,0.08381884137627083,-0.5303946355941558,-1.0,-0.052215015939327536,-0.0659558096075541,-0.08381884137627083,0.5303946355941558
2024-05-08,0.5474452554744547,0.05369681949607408,0.030290513561892496,0.057827344072691744,0.23543990086740685,1.0,0.05369681949607408,0.030290513561892496,0.057827344072691744,0.23543990086740685
2024-05-09,0.15945674735728943,0.06585717225766619,0.060369074569521786,0.05076490361528574,0.20854771214928736,1.0,0.06585717225766619,0.060369074569521786,0.05076490361528574,0.20854771214928736
2024-05-10,-0.10944361601706865,0.02055921052630527,0.026041666666665186,0.10142543859648079,0.4605263157894779,-1.0,-0.02055921052630527,-0.026041666666665186,-0.10142543859648079,-0.4605263157894779
2024-05-13,-0.19638059650606277,-0.00273496793250505,0.0054699358650101,-0.021879743460007095,0.04786193881876066,-1.0,0.00273496793250505,-0.0054699358650101,0.021879743460007095,-0.04786193881876066
2024-05-14,0.7496887697169496,0.095067362016521,0.055682312038252135,0.009506736201658761,0.5038570186875369,1.0,0.095067362016521,0.055682312038252135,0.009506736201658761,0.5038570186875369
2024-05-15,0.9900321456549399,0.05483556019205693,0.16049432251334927,0.17253139670183604,-0.05884791825488955,1.0,0.05483556019205693,0.16049432251334927,0.17253139670183604,-0.05884791825488955
2024-05-16,-0.1485645452720341,0.017430245498295527,0.03351970288134609,0.04960916026439666,0.06838019387795935,-1.0,-0.017430245498295527,-0.03351970288134609,-0.04960916026439666,-0.06838019387795935
2024-05-17,-0.0683600294886455,0.08181220745429041,0.13680074033342038,0.127412454232112,0.00804710237254369,-1.0,-0.08181220745429041,-0.13680074033342038,-0.127412454232112,-0.00804710237254369
2024-05-20,0.6584064151044622,-0.04399237465505523,-0.02266273845866751,0.010664818098193862,-0.3945982696332617,1.0,-0.04399237465505523,-0.02266273845866751,0.010664818098193862,-0.3945982696332617
2024-05-21,0.614096114738305,0.05451837668208892,0.058507526195406,0.047869794159893786,0.07047497473537945,1.0,0.05451837668208892,0.058507526195406,0.047869794159893786,0.07047497473537945
2024-05-22,-0.0757656316461075,-0.06227557604907563,0.035775330921805626,-0.005300049025458442,0.5366299638271732,-1.0,0.06227557604907563,-0.035775330921805626,0.005300049025458442,-0.5366299638271732
2024-05-23,-1.500144877907439,0.04548860109172548,0.06689500160548256,0.17794070427057385,0.31574440757786704,-1.0,-0.04548860109172548,-0.06689500160548256,-0.17794070427057385,-0.31574440757786704
2024-05-24,0.5969433303574911,-0.10825654159956066,-0.19538985556992738,-0.22179389010640316,-0.0805323053362561,1.0,-0.10825654159956066,-0.19538985556992738,-0.22179389010640316,-0.0805323053362561
2024-05-28,0.12024154014877997,0.011880247109141706,-0.03828079624056402,-0.15972332224509778,-0.7471355404192415,1.0,0.011880247109141706,-0.03828079624056402,-0.15972332224509778,-0.7471355404192415
2024-05-29,0.24246945817401055,-0.14397888309715112,-0.15864339896815016,-0.20796949780699236,-0.038660996387196445,1.0,-0.14397888309715112,-0.15864339896815016,-0.20796949780699236,-0.038660996387196445
2024-05-30,-0.8566594279167061,-0.020191686409654075,-0.030960585828132547,-0.24499246177041023,0.1709562782683527,-1.0,0.020191686409654075,0.030960585828132547,0.24499246177041023,-0.1709562782683527
2024-05-31,-0.018815181163311934,-0.079353337547583,0.049763957445092544,0.2649594490995444,0.6321367567349467,-1.0,0.079353337547583,-0.049763957445092544,-0.2649594490995444,-0.6321367567349467
2024-06-03,-0.3206369988376867,0.014741553759756165,0.0,0.08978946380948649,-0.11793243007812704,-1.0,-0.014741553759756165,-0.0,-0.08978946380948649,0.11793243007812704
2024-06-04,0.34338908934823387,0.06280399807578885,0.14698808060291668,0.11224544336949638,0.622694959645087,1.0,0.06280399807578885,0.14698808060291668,0.11224544336949638,0.622694959645087
2024-06-05,1.2136083294648214,0.10746346897319015,0.068147565690313,0.05635279470546095,0.08387392700346386,1.0,0.10746346897319015,0.068147565690313,0.05635279470546095,0.08387392700346386
2024-06-06,-0.1936893902710346,0.09049536375200784,0.07738009364302023,0.10361063386099545,-0.26099387516885786,-1.0,-0.09049536375200784,-0.07738009364302023,-0.10361063386099545,0.26099387516885786
2024-06-07,0.0013129907302955601,0.06963239351498451,0.02364873742017881,0.02627637491132706,-0.20758336179940162,1.0,0.06963239351498451,0.02364873742017881,0.02627637491132706,-0.20758336179940162
2024-06-10,0.6517016654598029,-0.014398471144150271,-0.06544759610979112,-0.0903176826315133,-0.20026964409597392,1.0,-0.014398471144150271,-0.06544759610979112,-0.0903176826315133,-0.20026964409597392
2024-06-11,0.9654738167698573,0.11434808596897383,0.0818628342732497,0.038982302034873406,0.7328672782556778,1.0,0.11434808596897383,0.0818628342732497,0.038982302034873406,0.7328672782556778
2024-06-12,0.46386372714504187,0.003828483920376158,0.06763654925983076,0.14293006636039163,0.22970903522205877,1.0,0.003828483920376158,0.06763654925983076,0.14293006636039163,0.22970903522205877
2024-06-13,-0.22534278839421162,0.08803715423089109,0.11483107073593235,0.10972746759212448,-0.08293355108707212,-1.0,-0.08803715423089109,-0.11483107073593235,-0.10972746759212448,0.08293355108707212
2024-06-14,0.5593012565124011,0.18176576034498737,0.14917327917967071,0.06267784839482093,0.08774898775274487,1.0,0.18176576034498737,0.14917327917967071,0.06267784839482093,0.08774898775274487
2024-06-17,1.1950095199919852,0.07552028524382415,0.033427011501374615,-0.03714112389040514,-0.022284674334249743,1.0,0.07552028524382415,0.033427011501374615,-0.03714112389040514,-0.022284674334249743
2024-06-18,0.03838201245558448,-0.040767415716458366,-0.0037061287014972244,0.07535795026374359,0.0765933264975871,1.0,-0.040767415716458366,-0.0037061287014972244,0.07535795026374359,0.0765933264975871
2024-06-20,-1.0397243865996608,0.07857027050621745,0.11473753788209251,-0.0212015015651712,-0.2619009016873952,-1.0,-0.07857027050621745,-0.11473753788209251,0.0212015015651712,0.2619009016873952
2024-06-21,-0.20982165159614263,0.03373397636123876,-0.011244658787079587,0.0,-0.45853219720632943,-1.0,-0.03373397636123876,0.011244658787079587,-0.0,0.45853219720632943
2024-06-24,-0.8922073033002853,-0.034152573459655944,0.044271854484745354,-0.043006944356605015,0.34532046498096935,-1.0,0.034152573459655944,-0.044271854484745354,0.043006944356605015,-0.34532046498096935
2024-06-25,0.6896116994452806,0.05258676816748409,0.0,0.12395452496618553,-0.2115991385786553,1.0,0.05258676816748409,0.0,0.12395452496618553,-0.2115991385786553
2024-06-26,0.3788401470200764,-0.1603065863463926,-0.22292634663794164,-0.3218655678986049,0.27176975966536343,1.0,-0.1603065863463926,-0.22292634663794164,-0.3218655678986049,0.27176975966536343
2024-06-27,0.28763662739801354,0.11962467757411499,0.17445265479558714,0.10217941209456072,-0.06853497152683463,1.0,0.11962467757411499,0.17445265479558714,0.10217941209456072,-0.06853497152683463
2024-06-28,-0.6875762935651841,-0.01252536386181502,-0.0889300834189255,0.11648588391492964,0.038828627971643215,-1.0,0.01252536386181502,0.0889300834189255,-0.11648588391492964,-0.038828627971643215
2024-07-01,0.38554458172168626,-0.08105647765959123,-0.12345525058922169,-0.3067675923732138,-0.3092616378396529,1.0,-0.08105647765959123,-0.12345525058922169,-0.3067675923732138,-0.3092616378396529
2024-07-02,1.37246806540805,0.024534759620697955,0.06133689905172268,0.12880748800863095,0.3741550842155661,1.0,0.024534759620697955,0.06133689905172268,0.12880748800863095,0.3741550842155661
2024-07-05,0.8817846048479794,0.014565404736188725,-0.013351621008172998,-0.04855134912061798,0.15536431718596866,1.0,0.014565404736188725,-0.013351621008172998,-0.04855134912061798,0.15536431718596866
2024-07-08,0.16478856173511858,0.07979398643502833,0.3010409488230392,0.24179995889401784,0.24663595807188354,1.0,0.07979398643502833,0.3010409488230392,0.24179995889401784,0.24663595807188354
2024-07-09,-0.2111155344842186,0.04833778443764647,0.06283911976894263,0.10271779193000707,0.33957293567450364,-1.0,-0.04833778443764647,-0.06283911976894263,-0.10271779193000707,-0.33957293567450364
2024-07-10,0.6575778013296008,-0.0275198621613848,-0.06341533454580217,-0.15794007849143643,-0.051450177084333415,1.0,-0.0275198621613848,-0.06341533454580217,-0.15794007849143643,-0.051450177084333415
2024-07-11,-2.224269544617008,0.00122288257882186,-0.13207131851199483,-0.03301782962800148,0.07826448504415495,-1.0,-0.00122288257882186,0.13207131851199483,0.03301782962800148,-0.07826448504415495
2024-07-12,0.47570714049869345,-0.038933229511384226,0.062049834533772774,0.1143663616897106,0.3491824021802703,1.0,-0.038933229511384226,0.062049834533772774,0.1143663616897106,0.3491824021802703
2024-07-15,-0.08127122755943184,0.0012115338017926192,-0.0036346014053778575,-0.024230676035863485,0.01332687181971881,-1.0,-0.0012115338017926192,0.0036346014053778575,0.024230676035863485,-0.01332687181971881
2024-07-16,-0.24092884729469688,-0.008498652356558889,-0.13719253089866656,-0.13719253089866656,-1.6426680912026814,-1.0,0.008498652356558889,0.13719253089866656,0.13719253089866656,1.6426680912026814
2024-07-17,-1.3252387650847686,0.028677231524998348,0.05984813535653277,0.05984813535653277,0.3715571736718104,-1.0,-0.028677231524998348,-0.05984813535653277,-0.05984813535653277,-0.3715571736718104
2024-07-18,-1.2424595983417275,-0.007518137506734579,-0.058892077136085685,-0.010024183342316473,-0.48867893793776984,-1.0,0.007518137506734579,0.058892077136085685,0.010024183342316473,0.48867893793776984
2024-07-19,-0.7889372625009439,0.30897026794307614,0.3773489337993263,0.32669807020209163,0.8446031504837137,-1.0,-0.30897026794307614,-0.3773489337993263,-0.32669807020209163,-0.8446031504837137
2024-07-22,0.21799320963680202,0.04004454956139103,-0.1326475704220953,-0.21774223824003736,-0.09635719738209092,1.0,0.04004454956139103,-0.1326475704220953,-0.21774223824003736,-0.09635719738209092
2024-07-23,-0.1653493003970885,-0.15120015120014818,-0.23688023688023252,-0.07938007938007585,-1.0546210546210522,-1.0,0.15120015120014818,0.23688023688023252,0.07938007938007585,1.0546210546210522
2024-07-24,-2.219902751966596,0.02983680564563329,-0.014269776613129448,0.10378019355006263,-0.38009495887709743,-1.0,-0.02983680564563329,0.014269776613129448,-0.10378019355006263,0.38009495887709743
2024-07-25,-1.176042046105008,-0.08017665150757969,0.01051497068951246,0.14458084698087958,0.596724586630204,-1.0,0.08017665150757969,-0.01051497068951246,-0.14458084698087958,-0.596724586630204
2024-07-26,0.06392527266085857,0.14314156700976355,0.16656473252045778,0.4398349968118387,0.22382135932437208,1.0,0.14314156700976355,0.16656473252045778,0.4398349968118387,0.22382135932437208
2024-07-29,-0.39537988877510477,-0.04681404421326141,-0.5045513654096223,-0.3537061118335516,0.17165149544864367,-1.0,0.04681404421326141,0.5045513654096223,0.3537061118335516,-0.17165149544864367
2024-07-30,-1.810711323102443,0.48859934853420217,0.9877916368740136,1.0526733931834453,2.547602023251505,-1.0,-0.48859934853420217,-0.9877916368740136,-1.0526733931834453,-2.547602023251505
2024-07-31,0.64397899002413,0.127479475804404,0.3327214318494809,0.18739482943246344,-0.40920911733210996,1.0,0.127479475804404,0.3327214318494809,0.18739482943246344,-0.40920911733210996
2024-08-01,-2.549295774647886,-0.475983281252057,-0.31116912569386646,-0.3098506124494027,-1.7153857310496679,-1.0,0.475983281252057,0.31116912569386646,0.3098506124494027,1.7153857310496679
2024-08-02,-0.47987989598133884,0.24031896881315795,-0.23622262275383443,-0.7523622262275431,-4.111365994865912,-1.0,-0.24031896881315795,0.23622262275383443,0.7523622262275431,4.111365994865912
2024-08-05,2.6179053909775485,0.22833248511024973,0.5474477655052823,0.8624365552055702,-0.310862299005521,1.0,0.22833248511024973,0.5474477655052823,0.8624365552055702,-0.310862299005521
2024-08-06,0.5199690231220355,0.1853670682953057,-0.05118344423079568,0.49800107900233037,2.294954972402441,1.0,0.1853670682953057,-0.05118344423079568,0.49800107900233037,2.294954972402441
2024-08-07,-2.605232140679825,-0.1618100405920031,-0.5286724602100779,-0.12414735873007565,1.7380630222209925,-1.0,0.1618100405920031,0.5286724602100779,0.12414735873007565,-1.7380630222209925
2024-08-08,1.6173283217646661,-0.013468013468009854,0.10235690235689265,-0.24377104377104608,-0.5481481481481532,1.0,-0.013468013468009854,0.10235690235689265,-0.24377104377104608,-0.5481481481481532
2024-08-09,0.8603869708958767,-0.20252145922746712,-0.07510729613734446,-0.2186158798283211,0.12070815450644368,1.0,-0.20252145922746712,-0.07510729613734446,-0.2186158798283211,0.12070815450644368
2024-08-12,0.021457788506662467,-0.04021932940971862,0.022790953332174624,0.11931734391548154,1.0510651419072037,1.0,-0.04021932940971862,0.022790953332174624,0.11931734391548154,1.0510651419072037
2024-08-13,1.4849841274057862,-0.09155353265845045,0.005231630437618762,-0.026158152188127115,0.2537340762248652,1.0,-0.09155353265845045,0.005231630437618762,-0.026158152188127115,0.2537340762248652
2024-08-14,-0.15676233523624905,-0.04310175933545102,-0.16587646774551823,0.12277470841006721,1.1284824262372206,-1.0,0.04310175933545102,0.16587646774551823,-0.12277470841006721,-1.1284824262372206
2024-08-15,1.215636626705252,0.18526326548864436,0.17631952163748021,0.15076596777696682,-0.5174594656751852,1.0,0.18526326548864436,0.17631952163748021,0.15076596777696682,-0.5174594656751852
2024-08-16,0.5127284846309532,0.05982231499630508,0.03691164116792489,0.04836697808212609,-0.24056207519792538,1.0,0.05982231499630508,0.03691164116792489,0.04836697808212609,-0.24056207519792538
2024-08-19,1.3032722079114434,0.01258225650189182,-0.04152144645620526,-0.022648061703389732,-0.18370094492746736,1.0,0.01258225650189182,-0.04152144645620526,-0.022648061703389732,-0.18370094492746736
2024-08-20,-0.030275889038866577,-0.055531716182444235,-0.05426963172375787,0.09339424994321277,0.17669182421686802,-1.0,0.055531716182444235,0.05426963172375787,-0.09339424994321277,-0.17669182421686802
2024-08-21,0.32128817659509146,0.06651189056912088,0.056472359917170145,0.035138357281794264,0.5120160632490434,1.0,0.06651189056912088,0.056472359917170145,0.035138357281794264,0.5120160632490434
2024-08-22,-2.060257532191523,0.09430475729268473,0.14528030177523021,0.10577425480124969,0.628273585747241,-1.0,-0.09430475729268473,-0.14528030177523021,-0.10577425480124969,-0.628273585747241
2024-08-23,0.17084066260868447,-0.3699681802111221,-0.1464720440426337,0.06818526188190344,-0.15531087428658497,1.0,-0.3699681802111221,-0.1464720440426337,0.06818526188190344,-0.15531087428658497
2024-08-26,-0.8589283003592518,-0.15587269544774518,0.007665870267925534,-0.05493873692010709,-0.27213839451123434,-1.0,0.15587269544774518,-0.007665870267925534,0.05493873692010709,0.27213839451123434
2024-08-27,0.6543396419699254,-0.2405467666187322,-0.26727418513191603,-0.20618294281604665,0.05600030545620527,1.0,-0.2405467666187322,-0.26727418513191603,-0.20618294281604665,0.05600030545620527
2024-08-28,-1.041998394965793,-0.22491484437973108,-0.15731038248524287,0.06500429028315491,1.3247874359707756,-1.0,0.22491484437973108,0.15731038248524287,-0.06500429028315491,-1.3247874359707756
2024-08-29,-0.5359524053749065,-0.12080088415966639,-0.14521808414937887,-0.02698743156758221,0.5333230524070309,-1.0,0.12080088415966639,0.14521808414937887,0.02698743156758221,-0.5333230524070309
2024-08-30,0.26074619425591194,-0.14370008647438537,-0.36751615036370033,-0.3242789562032611,-1.047866117299967,1.0,-0.14370008647438537,-0.36751615036370033,-0.3242789562032611,-1.047866117299967
2024-09-03,-2.391159256597186,-0.20921052631578396,-0.15657894736842426,-0.7947368421052592,-0.6355263157894697,-1.0,0.20921052631578396,0.15657894736842426,0.7947368421052592,0.6355263157894697
2024-09-04,0.4171467164594267,-0.022392876430843422,-0.22392876430838982,0.05268912101374923,-0.4346852483633423,1.0,-0.022392876430843422,-0.22392876430838982,0.05268912101374923,-0.4346852483633423
2024-09-05,0.4712360680909633,-0.058108821975699776,-0.12414157422081518,-0.505810882197566,0.1465927099841613,1.0,-0.058108821975699776,-0.12414157422081518,-0.505810882197566,0.1465927099841613
2024-09-06,-2.490788309407155,-0.13429920234413473,0.09495903196050648,0.33913939985892316,0.9645124531987737,-1.0,0.13429920234413473,-0.09495903196050648,-0.33913939985892316,-0.9645124531987737
2024-09-09,0.32074079044488446,-0.15347862643302346,-0.14947483617825386,-0.28159991458580613,0.2095316899998645,1.0,-0.15347862643302346,-0.14947483617825386,-0.28159991458580613,0.2095316899998645
2024-09-10,0.5184385537030378,0.05043935331439098,0.02256497385118017,-0.14335395152512698,0.13804454591308524,1.0,0.05043935331439098,0.02256497385118017,-0.14335395152512698,0.13804454591308524
2024-09-11,1.8648820230663388,0.07669010697619605,0.03509547268403246,0.08708876554923695,0.015597987859572449,1.0,0.07669010697619605,0.03509547268403246,0.08708876554923695,0.015597987859572449
2024-09-12,1.0008437723112884,0.12615210339324,0.16863189331135509,0.18407908964523934,-0.006436331805781403,1.0,0.12615210339324,0.16863189331135509,0.18407908964523934,-0.006436331805781403
2024-09-13,0.6079575460154363,-0.07720737140542999,0.13289793438640007,0.013922640745245296,-0.5607027136492526,1.0,-0.07720737140542999,0.13289793438640007,0.013922640745245296,-0.5607027136492526
2024-09-16,-0.0012709225626905685,0.1449680815890586,0.10046033724153691,-0.04577939418601851,0.7591749535847736,-1.0,-0.1449680815890586,-0.10046033724153691,0.04577939418601851,-0.7591749535847736
2024-09-17,-0.5708368063448765,0.0279418301898815,0.11430748714040817,0.09779640566456305,0.2133739759954345,-1.0,-0.0279418301898815,-0.11430748714040817,-0.09779640566456305,-0.2133739759954345
2024-09-18,-0.7437723321760736,0.19473577028816802,0.7496690764687841,0.42129111088484716,1.999541798187554,-1.0,-0.19473577028816802,-0.7496690764687841,-0.42129111088484716,-1.999541798187554
2024-09-19,0.14586891745316244,-0.10090314543755863,-0.07474307069448294,-0.14824042354406597,-0.1245717844908123,1.0,-0.10090314543755863,-0.07474307069448294,-0.14824042354406597,-0.1245717844908123
2024-09-20,-0.011230346892932008,0.14618787015518997,0.2886273333833067,0.619736611939925,0.34610290626484463,-1.0,-0.14618787015518997,-0.2886273333833067,-0.619736611939925,-0.34610290626484463
2024-09-23,-0.003735571355634182,-0.03739156446305181,0.051101804766173764,0.031159637052557976,0.4187855219862424,-1.0,0.03739156446305181,-0.051101804766173764,-0.031159637052557976,-0.4187855219862424
2024-09-24,0.17506828904891858,0.004954112532673527,-0.016100865731161207,-0.21178831077147686,-0.12137575705032377,1.0,0.004954112532673527,-0.016100865731161207,-0.21178831077147686,-0.12137575705032377
2024-09-25,0.2681098257286241,0.055591930522447264,0.24213374183108538,0.2791950288460354,1.2044918279862094,1.0,0.055591930522447264,0.24213374183108538,0.2791950288460354,1.2044918279862094
2024-09-26,-0.7876896063990668,0.054052725977249416,-0.05650966806712843,-0.09827768359499389,0.02211247880887779,-1.0,-0.054052725977249416,0.05650966806712843,0.09827768359499389,-0.02211247880887779
2024-09-27,-0.7581891792418083,0.20792593876086674,0.38491051758706707,0.1547067996732654,-0.1250030941359892,-1.0,-0.20792593876086674,-0.38491051758706707,-0.1547067996732654,0.1250030941359892
2024-09-30,0.44971381847915826,-0.049398572381254,0.05927828685750036,0.14325585990564438,0.0568083582384471,1.0,-0.049398572381254,0.05927828685750036,0.14325585990564438,0.0568083582384471
2024-10-01,-1.3517183488050533,-0.2478718077115638,-0.1402103154732104,-0.08512769153730115,-0.24161241862794558,-1.0,0.2478718077115638,0.1402103154732104,0.08512769153730115,0.24161241862794558
2024-10-02,0.33721527873538104,-0.014963339817442023,0.018704174771810855,-0.24689510698787664,-0.6334480522719343,1.0,-0.014963339817442023,0.018704174771810855,-0.24689510698787664,-0.6334480522719343
2024-10-03,0.3816793893129722,0.174159274294583,0.1365709417130212,0.16413571893951762,1.3469152508394755,1.0,0.174159274294583,0.1365709417130212,0.16413571893951762,1.3469152508394755
2024-10-04,0.0,0.13966653070809354,0.037079609922496815,-0.054383427886339764,-0.43012347510104076,0.0,0.0,0.0,-0.0,-0.0
2024-10-07,-0.6853056562546533,-0.3494757863205189,-0.1859710434348516,-0.05741387918122287,0.27084373439840714,-1.0,0.3494757863205189,0.1859710434348516,0.05741387918122287,-0.27084373439840714
2024-10-08,0.9786974742889809,0.03204061764452426,-0.08996019569423863,-0.04436393212318146,-0.013555645926532911,1.0,0.03204061764452426,-0.08996019569423863,-0.04436393212318146,-0.013555645926532911
2024-10-09,0.8689971403214702,0.03302186781468652,0.028129739249549424,0.039137028521119,-0.45619098869917885,1.0,0.03302186781468652,0.028129739249549424,0.039137028521119,-0.45619098869917885
2024-10-10,0.34628419863451665,0.056291147605169733,0.1358329866125052,0.08933160380821814,-0.507844049046724,1.0,0.056291147605169733,0.1358329866125052,0.08933160380821814,-0.507844049046724
2024-10-11,0.5383414658128638,0.1028365755420424,0.0257091438855106,-0.033054613567085056,0.6561952915539404,1.0,0.1028365755420424,0.0257091438855106,-0.033054613567085056,0.6561952915539404
2024-10-14,0.34670689277633837,-0.024235667632055424,0.010906050434433823,-0.14662578917392644,-0.054530252172124705,1.0,-0.024235667632055424,0.010906050434433823,-0.14662578917392644,-0.054530252172124705
2024-10-15,-1.3971185187877877,0.13649275112821435,0.0811578520221845,0.1291147645807511,0.06148322122891958,-1.0,-0.13649275112821435,-0.0811578520221845,-0.1291147645807511,-0.06148322122891958
2024-10-16,-0.030708758137820702,-0.006148473334066651,-0.08361923734336862,-0.07747076400930197,1.0722937494620055,-1.0,0.006148473334066651,0.08361923734336862,0.07747076400930197,-1.0722937494620055
2024-10-17,-1.017097444497106,0.09074410163338875,0.08093392848382841,-0.11649580615097355,0.3200568990042729,-1.0,-0.09074410163338875,-0.08093392848382841,0.11649580615097355,-0.3200568990042729
2024-10-18,0.08306560961606202,0.0829106515801703,0.043893874365985575,0.024385485758871006,-0.23897776043698693,1.0,0.0829106515801703,0.043893874365985575,0.024385485758871006,-0.23897776043698693
2024-10-21,0.45403923584339534,-0.094954044677098,-0.13877898837422187,-0.2641670217298664,-0.7328504473796293,1.0,-0.094954044677098,-0.13877898837422187,-0.2641670217298664,-0.7328504473796293
2024-10-22,0.6714781095685574,0.012192148256517932,0.1280175566934938,-0.04754937820043992,-0.2840770543769855,1.0,0.012192148256517932,0.1280175566934938,-0.04754937820043992,-0.2840770543769855
2024-10-23,-1.0606802055297293,-0.05912932075192723,-0.02586907782896608,0.18477912734977675,0.22543053536672186,-1.0,0.05912932075192723,0.02586907782896608,-0.18477912734977675,-0.22543053536672186
2024-10-24,0.03681433304700832,-0.03801395480018677,0.0,0.05272903407766982,0.6462372316030862,1.0,-0.03801395480018677,0.0,0.05272903407766982,0.6462372316030862
2024-10-25,0.018300494113332455,0.2626618836262029,0.1702438134614237,0.30157475527452515,0.12768286009605667,1.0,0.2626618836262029,0.1702438134614237,0.30157475527452515,0.12768286009605667
2024-10-28,-0.6048411534405607,-0.05119079540745197,-0.010969456158738122,0.004875313848318186,-0.08531799234575699,-1.0,0.05119079540745197,0.010969456158738122,-0.004875313848318186,0.08531799234575699
2024-10-29,0.89707961581591,0.14357068745023405,0.12547354197331995,0.2147527929927895,-0.41623434596915754,1.0,0.14357068745023405,0.12547354197331995,0.2147527929927895,-0.41623434596915754
2024-10-30,-0.613467239397425,-0.08188907086460473,-0.19433376518614986,-0.05866679703733224,-0.5903346451880953,-1.0,0.08188907086460473,0.19433376518614986,0.05866679703733224,0.5903346451880953
2024-10-31,-1.7418737110871052,0.10462856858153291,-0.07971700463355047,-0.014946938368787244,0.04608639330376807,-1.0,-0.10462856858153291,0.07971700463355047,0.014946938368787244,-0.04608639330376807
2024-11-01,0.388659126015245,0.2651892430278968,0.241533864541843,0.568974103585651,0.22410358565736477,1.0,0.2651892430278968,0.241533864541843,0.568974103585651,0.22410358565736477
2024-11-04,-0.1739541009679324,-0.1752009841076596,-0.2149629095788974,-0.12177089675567965,0.294486760521373,-1.0,0.1752009841076596,0.2149629095788974,0.12177089675567965,-0.294486760521373
2024-11-05,0.9378605366646475,0.006143411805181742,0.2518798840123848,0.2617093429006623,1.6316901754558355,1.0,0.006143411805181742,0.2518798840123848,0.2617093429006623,1.6316901754558355
2024-11-06,1.010406217140658,-0.08488862851062651,-0.18532024534009262,0.01076053037458724,0.5750905677973206,1.0,-0.08488862851062651,-0.18532024534009262,0.01076053037458724,0.5750905677973206
2024-11-07,1.02348054791912,0.06481263257129832,0.027103464529809607,0.08366721659203158,0.00824888050907635,1.0,0.06481263257129832,0.027103464529809607,0.08366721659203158,0.00824888050907635
2024-11-08,0.22893016449929693,0.13275843838480572,-0.011748534370337183,0.0,-0.01997250842957765,1.0,0.13275843838480572,-0.011748534370337183,0.0,-0.01997250842957765
2024-11-11,-0.2948362542874561,0.05305727827953355,0.034192468224580885,0.12969556912774127,0.0023581012568607562,-1.0,-0.05305727827953355,-0.034192468224580885,-0.12969556912774127,-0.0023581012568607562
2024-11-12,-0.13787901999835483,-0.06258782961939824,-0.11809024456489459,-0.14879370815177317,0.030703463586867485,-1.0,0.06258782961939824,0.11809024456489459,0.14879370815177317,-0.030703463586867485
2024-11-13,0.0,0.08154582520829567,-0.017727353306151716,-0.11463688471311517,0.03781835371978737,0.0,0.0,-0.0,-0.0,0.0
2024-11-14,-0.6114652694823253,-0.056059828957888413,-0.16937224919190141,-0.3399372607020612,-0.955402616920531,-1.0,0.056059828957888413,0.16937224919190141,0.3399372607020612,0.955402616920531
2024-11-15,-1.286204612512798,0.42362535403848156,0.7190643617540848,0.6336067975388326,0.28567242894814715,-1.0,-0.42362535403848156,-0.7190643617540848,-0.6336067975388326,-0.28567242894814715
2024-11-18,0.3636230967553722,0.006061120337474968,0.0024244481349855462,0.07637011625227785,-0.43761288836629,1.0,0.006061120337474968,0.0024244481349855462,0.07637011625227785,-0.43761288836629
2024-11-19,1.187778671149764,0.12162813102118974,0.2661368015414167,0.15655105973024774,-0.11199421965317757,1.0,0.12162813102118974,0.2661368015414167,0.15655105973024774,-0.11199421965317757
2024-11-20,-0.0036139353346453795,0.1689229952460236,-0.25700427133859005,-0.3800767393035587,0.6805183522768488,-1.0,-0.1689229952460236,0.25700427133859005,0.3800767393035587,-0.6805183522768488
2024-11-21,-0.250287411381489,0.009628345850187792,0.06138070479491109,0.13961101482764526,0.09026574234547446,-1.0,-0.009628345850187792,-0.06138070479491109,-0.13961101482764526,-0.09026574234547446
2024-11-22,0.26934407503156343,0.007163152742295509,0.07640696258446322,0.0704376686325503,0.17788495976696073,1.0,0.007163152742295509,0.07640696258446322,0.0704376686325503,0.17788495976696073
2024-11-25,-0.6590060190802438,-0.40758271179958117,-0.5653566647542574,-0.33825779307706805,0.14104035188371444,-1.0,0.40758271179958117,0.5653566647542574,0.33825779307706805,-0.14104035188371444
2024-11-26,0.24356754820606952,0.07032767930579276,0.0560237445317302,0.10131953798291349,-0.38620623889955574,1.0,0.07032767930579276,0.0560237445317302,0.10131953798291349,-0.38620623889955574
2024-12-02,0.8280761782561763,0.06838251765566294,0.008253062475693795,0.05895044625487955,-0.28649916879870396,1.0,0.06838251765566294,0.008253062475693795,0.05895044625487955,-0.28649916879870396
2024-12-03,0.5718877020512325,0.10793688038950311,0.05866134803778067,0.08095266029213288,0.549070217633596,1.0,0.10793688038950311,0.05866134803778067,0.08095266029213288,0.549070217633596
2024-12-04,0.5602894828995009,0.0023247704289186544,-0.04300825293501731,0.032546786004883366,0.07555503893990068,1.0,0.0023247704289186544,-0.04300825293501731,0.032546786004883366,0.07555503893990068
2024-12-05,-0.2774520843732975,0.009323683321094123,0.005827302075678276,0.051280258266017675,0.20045919140356805,-1.0,-0.009323683321094123,-0.005827302075678276,-0.051280258266017675,-0.20045919140356805
2024-12-06,0.7793960262435506,0.08666913192196812,0.04506794859941987,0.10053619302949901,-0.1929832670795939,1.0,0.08666913192196812,0.04506794859941987,0.10053619302949901,-0.1929832670795939
2024-12-09,-0.5991209808003717,-0.07100453963450049,0.005820044232329735,-0.03492026539401172,0.18158538004888758,-1.0,0.07100453963450049,-0.005820044232329735,0.03492026539401172,-0.18158538004888758
2024-12-10,-0.5793500597926382,-0.04548317122664569,-0.06764163926014088,-0.027989643831782818,0.6507592190889477,-1.0,0.04548317122664569,0.06764163926014088,0.027989643831782818,-0.6507592190889477
2024-12-11,0.9367979804997706,0.04483016265302009,0.029886775102028196,0.03678372320248258,-0.33335249152249835,1.0,0.04483016265302009,0.029886775102028196,0.03678372320248258,-0.33335249152249835
2024-12-12,-0.2339356504102552,0.06558433339853842,0.112759029351861,-0.001150602340327378,0.36013853252176986,-1.0,-0.06558433339853842,-0.112759029351861,0.001150602340327378,-0.36013853252176986
2024-12-13,0.010323350271268517,0.10448840867598452,0.15960317369188015,0.1825676591151737,0.6763040957159738,1.0,0.10448840867598452,0.15960317369188015,0.1825676591151737,0.6763040957159738
2024-12-16,0.968058631475599,-0.05132152938157608,-0.12160971092590733,0.030123506376145137,-0.41726634758063597,1.0,-0.05132152938157608,-0.12160971092590733,0.030123506376145137,-0.41726634758063597
2024-12-17,-0.09289935530085724,0.03817651021782442,0.11116101504604625,0.2526386705591799,0.08870424432967372,-1.0,-0.03817651021782442,-0.11116101504604625,-0.2526386705591799,-0.08870424432967372
2024-12-18,-3.5176499629721025,0.02560819462227304,0.32825049470375234,0.09777674310325057,0.9102549179373698,-1.0,-0.02560819462227304,-0.32825049470375234,-0.09777674310325057,-0.9102549179373698
2024-12-19,-1.3851086404945367,-0.17508841965192534,-0.6256492862228735,-0.712026239917829,-0.9758261255267242,-1.0,0.17508841965192534,0.6256492862228735,0.712026239917829,0.9758261255267242
2024-12-20,1.683128639117415,0.023089622369232288,-0.202034195730727,0.1812535355984357,-0.002308962236918788,1.0,0.023089622369232288,-0.202034195730727,0.1812535355984357,-0.002308962236918788
2024-12-23,0.6302253778461386,0.006800022666753058,-0.012466708222358402,0.007933359777867466,-0.3615345384484603,1.0,0.006800022666753058,-0.012466708222358402,0.007933359777867466,-0.3615345384484603
2024-12-26,0.20831910388634522,0.026137551706906237,-0.10568662211918323,-0.18523569253148242,-0.670485022046452,1.0,0.026137551706906237,-0.10568662211918323,-0.18523569253148242,-0.670485022046452
2024-12-27,-0.654582074521648,-0.20355122130732983,-0.14490086940521785,-0.15295091770550773,-1.5755094530567226,-1.0,0.20355122130732983,0.14490086940521785,0.15295091770550773,1.5755094530567226
2026-01-02,-1.1737454743644626,0.06287207497495118,0.09529048863390344,0.08055484606166452,0.8183193508458197,-1.0,-0.06287207497495118,-0.09529048863390344,-0.08055484606166452,-0.8183193508458197
2026-01-05,-0.21741249878132196,-0.066442585789106,-0.09868678183381219,0.059602907840217156,0.3263503478464713,-1.0,0.066442585789106,0.09868678183381219,-0.059602907840217156,-0.3263503478464713
2026-01-06,0.6923857075986861,-0.06675761181900164,-0.033862556719777004,-0.08707514585086784,-0.23994040190017385,1.0,-0.06675761181900164,-0.033862556719777004,-0.08707514585086784,-0.23994040190017385
2026-01-07,0.17157314153330994,-0.07255349611112738,-0.010641179429637937,-0.024184498703705426,-0.3289091823704626,1.0,-0.07255349611112738,-0.010641179429637937,-0.024184498703705426,-0.3289091823704626
2026-01-08,-0.4033118104434519,-0.1399797806983405,-0.20122093475386515,-0.26051792518858585,-0.1390076988879385,-1.0,0.1399797806983405,0.20122093475386515,0.26051792518858585,0.1390076988879385
2026-01-09,0.8526483627595782,-0.009657450239985987,-0.38146928447950756,-0.45679739635141603,-0.36408587404753723,1.0,-0.009657450239985987,-0.38146928447950756,-0.45679739635141603,-0.36408587404753723
2026-01-12,0.8001165218235684,-0.18121355246035753,-0.23711986119813178,-0.21784182370234717,0.14072967371920875,1.0,-0.18121355246035753,-0.23711986119813178,-0.21784182370234717,0.14072967371920875
2026-01-13,-0.1801506714706802,-0.05790555603810699,0.018336759412074244,-0.0636961116419088,-0.6639837092369039,-1.0,0.05790555603810699,-0.018336759412074244,0.0636961116419088,0.6639837092369039
2026-01-14,-0.40113054711098384,0.023437500000000888,0.026367187499998224,0.0898437500000071,1.1894531250000062,-1.0,-0.023437500000000888,-0.026367187499998224,-0.0898437500000071,-1.1894531250000062
2026-01-15,-0.792678810788916,0.08942283392625594,0.1487140607686399,0.17495771855136066,0.6337357360860052,-1.0,-0.08942283392625594,-0.1487140607686399,-0.17495771855136066,-0.6337357360860052
2026-01-16,-0.7093706509973763,-0.11222129251365898,-0.059063838165085425,0.09745533297238484,-0.4114780725500866,-1.0,0.11222129251365898,0.059063838165085425,-0.09745533297238484,0.4114780725500866
2026-01-20,-0.40109335076355945,-0.14607389152770933,0.09142039469762775,0.1917840888765232,0.22159508714747478,-1.0,0.14607389152770933,-0.09142039469762775,-0.1917840888765232,-0.22159508714747478
2026-01-21,1.091421427579231,0.030343963508938643,0.0567725768876981,0.21632309469274968,0.5530432058886925,1.0,0.030343963508938643,0.0567725768876981,0.21632309469274968,0.5530432058886925
2026-01-22,-0.26040654514360995,0.09378755165643238,0.25498490606590263,0.35756504069011097,0.11332662491818635,-1.0,-0.09378755165643238,-0.25498490606590263,-0.35756504069011097,-0.11332662491818635
2026-01-23,0.4978912839737504,0.3966072410272581,0.43194848032670485,0.7421660252886264,0.9856278960182152,1.0,0.3966072410272581,0.43194848032670485,0.7421660252886264,0.9856278960182152
2026-01-26,0.3728300128160278,0.149920687120364,0.19828219909467926,0.3114481371145672,0.5203698688435843,1.0,0.149920687120364,0.19828219909467926,0.3114481371145672,0.5203698688435843
2026-01-27,0.3588919571638982,0.02104799900499721,0.3109363489375516,0.2984988949800593,0.4630559781100718,1.0,0.02104799900499721,0.3109363489375516,0.2984988949800593,0.4630559781100718
2026-01-28,-0.39329587658317733,-0.45576075890351175,-0.438634049800668,-0.574696238784389,-0.5157042407634704,-1.0,0.45576075890351175,0.438634049800668,0.574696238784389,0.5157042407634704
2026-01-29,-0.5433638816078945,-0.07117985417748329,-0.25009137954252747,-0.5559723745214629,-0.3616706104153433,-1.0,0.07117985417748329,0.25009137954252747,0.5559723745214629,0.3616706104153433
2026-01-30,-0.614494324394943,0.1756779303373257,0.48875759389936935,-0.2669519388366015,0.5918088938179134,-1.0,-0.1756779303373257,-0.48875759389936935,0.2669519388366015,-0.5918088938179134
2026-02-02,1.2293236762259019,0.2686146056776195,0.33238641853634565,0.30919666840589777,0.2686146056776195,1.0,0.2686146056776195,0.33238641853634565,0.30919666840589777,0.2686146056776195
2026-02-03,-1.88646507099548,0.019682520937291947,0.007873008374903456,0.18599982285731897,-0.365110763386578,-1.0,-0.019682520937291947,-0.007873008374903456,-0.18599982285731897,0.365110763386578
2026-02-04,-1.540249354946721,-0.10567346898084917,0.14754408876571645,0.18841778903189166,-1.4545055777647087,-1.0,0.10567346898084917,-0.14754408876571645,-0.18841778903189166,1.4545055777647087
2026-02-05,-0.5328973264298931,-0.3605227579990933,0.05428325617600205,0.5479536236633997,1.3509361301159428,-1.0,0.3605227579990933,-0.05428325617600205,-0.5479536236633997,-1.3509361301159428
2026-02-06,1.5599442660689355,0.3709765411893162,0.226156821901502,0.057531121360909765,-0.8490799980161667,1.0,0.3709765411893162,0.226156821901502,0.057531121360909765,-0.8490799980161667
2026-02-09,1.117418762658251,-0.16738873572272883,-0.21563607719574662,-0.23237495076802173,-0.05021662071681421,1.0,-0.16738873572272883,-0.21563607719574662,-0.23237495076802173,-0.05021662071681421
2026-02-10,-0.6176974760112697,0.01088171574978869,0.09199996043012248,0.15432251426987786,0.7419351647590666,-1.0,-0.01088171574978869,-0.09199996043012248,-0.15432251426987786,-0.7419351647590666
2026-02-11,-0.5507799437417638,-0.2175095160413254,-0.04152454397152727,0.07810568985120447,0.23332838993523897,-1.0,0.2175095160413254,0.04152454397152727,-0.07810568985120447,-0.23332838993523897
2026-02-12,-2.2991566799822505,0.031221359438426965,-0.2930779224703195,-0.05438559386047315,-0.31926357877349876,-1.0,-0.031221359438426965,0.2930779224703195,0.05438559386047315,0.31926357877349876
2026-02-13,0.23845127914965403,0.22920495163472054,0.16963185847855833,-0.3564288454936504,-0.5432258325087314,1.0,0.22920495163472054,0.16963185847855833,-0.3564288454936504,-0.5432258325087314
2026-02-17,0.47750844003771054,-0.16057199987881132,-0.11108754708597512,-0.019187849042123784,0.0828107169186243,1.0,-0.16057199987881132,-0.11108754708597512,-0.019187849042123784,0.0828107169186243
2026-02-18,0.5965456780668621,0.021034285886001314,-0.0220359185472363,0.07011428628664884,-0.41267265642997986,1.0,0.021034285886001314,-0.0220359185472363,0.07011428628664884,-0.41267265642997986
2026-02-19,0.11979664770724874,0.11274297621324259,0.26675793479027377,0.2979635799921443,-0.43989893397489155,1.0,0.11274297621324259,0.26675793479027377,0.2979635799921443,-0.43989893397489155
2026-02-20,1.4545675240994926,-0.2776057997643355,-0.6960116634379232,-0.7229733778035152,-0.08887379920512473,1.0,-0.2776057997643355,-0.6960116634379232,-0.7229733778035152,-0.08887379920512473
2026-02-23,-0.8526480124894875,0.05647210681296588,0.06857327255858081,0.1573151546932383,0.08672502117703651,-1.0,-0.05647210681296588,-0.06857327255858081,-0.1573151546932383,-0.08672502117703651
2026-02-24,0.9070751864543425,0.11694971162399259,0.21590715992123588,0.3838349509710737,0.8036544285957126,1.0,0.11694971162399259,0.21590715992123588,0.3838349509710737,0.8036544285957126
2026-02-25,0.8912868512832794,-0.3641481393998447,-0.34643282451012336,-0.33462261458364617,-0.424183373192788,1.0,-0.3641481393998447,-0.34643282451012336,-0.33462261458364617,-0.424183373192788
2026-02-26,-1.0210322784310666,-0.06497141257846284,-0.0789652552876774,-0.055975370836836014,-0.7306785014593586,-1.0,0.06497141257846284,0.0789652552876774,0.055975370836836014,0.7306785014593586
2026-02-27,0.7374497536796865,-0.07173383715408654,0.16266405326490485,0.46475443789970594,-0.2475322549683301,1.0,-0.07173383715408654,0.16266405326490485,0.46475443789970594,-0.2475322549683301
2026-03-02,1.536854064801485,-0.09807551814897675,-0.2361818600322252,-0.4423406022637466,-1.4821412487615482,1.0,-0.09807551814897675,-0.2361818600322252,-0.4423406022637466,-1.4821412487615482
2026-03-03,0.905848787446506,-0.08802638768035109,0.1558168241698299,-0.10016795839488113,0.9166885889471343,1.0,-0.08802638768035109,0.1558168241698299,-0.10016795839488113,0.9166885889471343
2026-03-04,1.0722835817892795,0.09742809707020683,0.25251772097785175,-0.2733951703500437,-0.43842643681588633,1.0,0.09742809707020683,0.25251772097785175,-0.2733951703500437,-0.43842643681588633
2026-03-05,0.24011765765223902,0.22095139069404635,0.277938853452242,0.2499450120973412,-1.2937153826158232,1.0,0.22095139069404635,0.277938853452242,0.2499450120973412,-1.2937153826158232
2026-03-06,-0.07089253704135601,-0.08325025437577738,-0.43166798565217324,-0.8941693988509414,0.7667245649917165,-1.0,0.08325025437577738,0.43166798565217324,0.8941693988509414,-0.7667245649917165
2026-03-09,2.2920525125602387,-0.12634365474089027,-0.21759184983154434,0.023062730627310124,0.459249157708963,1.0,-0.12634365474089027,-0.21759184983154434,0.023062730627310124,0.459249157708963
2026-03-10,-0.018006482333643437,-0.10302369544995527,0.13103013693149812,0.2730628044450123,0.3610830491012962,-1.0,0.10302369544995527,-0.13103013693149812,-0.2730628044450123,-0.3610830491012962
2026-03-11,-0.20271822167187148,-0.2979594293625487,-0.5537831818455463,-0.49258612733000806,-0.5497702602379695,-1.0,0.2979594293625487,0.5537831818455463,0.49258612733000806,0.5497702602379695
2026-03-12,-0.8899831488451415,0.21392771280714928,-0.12530051750132554,0.40646265433357254,0.5113891039485008,-1.0,-0.21392771280714928,0.12530051750132554,-0.40646265433357254,-0.5113891039485008
2026-03-13,-1.0042401249721,0.449282875410395,0.3201902845119342,0.5224692261559971,1.0896634444342856,-1.0,-0.449282875410395,-0.3201902845119342,-0.5224692261559971,-1.0896634444342856
2026-03-16,0.06132070729918393,0.01911103511400558,0.013075971393794461,-0.1448415292851446,0.5914362445810228,1.0,0.01911103511400558,0.013075971393794461,-0.1448415292851446,0.5914362445810228
2026-03-17,0.03799886003419406,-0.026987046217819,-0.04397889013273426,0.29185990724451827,-0.3528306412921789,1.0,-0.026987046217819,-0.04397889013273426,0.29185990724451827,-0.3528306412921789
2026-03-18,-1.1101862344929936,-0.07821387940841751,-0.024378352023401995,0.04367788070860357,-0.9680237282626347,-1.0,0.07821387940841751,0.024378352023401995,-0.04367788070860357,0.9680237282626347
2026-03-19,0.5997154933325088,0.020294060943060188,-0.04058812188613148,-0.13597020831853657,-0.867571105316034,1.0,0.020294060943060188,-0.04058812188613148,-0.13597020831853657,-0.867571105316034
2026-03-20,-1.5263045054058733,0.4950184848674821,0.2903272970319781,0.03446331223759813,2.224450153518398,-1.0,-0.4950184848674821,-0.2903272970319781,-0.03446331223759813,-2.224450153518398
2026-03-23,-0.3858205832219075,0.26120090959376174,0.16491508409643973,-0.38924057115932165,-0.5848851740315131,-1.0,-0.26120090959376174,-0.16491508409643973,0.38924057115932165,0.5848851740315131
2026-03-24,-0.14430460640918463,-0.009210553247229747,-0.10029269091430537,0.11564361299301051,0.10438627013529267,-1.0,0.009210553247229747,0.10029269091430537,-0.11564361299301051,-0.10438627013529267
2026-03-25,-0.24149893065091854,-0.10574080157687016,-0.0975279237844906,0.06467641261498347,-1.0040243101182678,-1.0,0.10574080157687016,0.0975279237844906,-0.06467641261498347,1.0040243101182678
2026-03-26,-1.529624838292365,0.13734679541617112,0.2233195986537817,-0.10065108671720724,-0.8293230165969501,-1.0,-0.13734679541617112,-0.2233195986537817,0.10065108671720724,0.8293230165969501
2026-03-27,-1.4616669132723192,0.08731741497332024,-0.2932140354659607,-0.14121705384574357,1.265563520724422,-1.0,-0.08731741497332024,0.2932140354659607,0.14121705384574357,-1.265563520724422
2026-03-30,-1.5877067049502869,-0.24638526875445654,-0.35336834597679,0.28096565735158396,1.2200393351920358,-1.0,0.24638526875445654,0.35336834597679,-0.28096565735158396,-1.2200393351920358
2026-03-31,2.2581714371251005,0.13276186493831332,0.4630984737612476,0.45996236671546065,0.7045787162868411,1.0,0.13276186493831332,0.4630984737612476,0.45996236671546065,0.7045787162868411
2026-04-01,0.4691181202063355,-0.07752498888808912,-0.04961599288837437,0.04961599288837437,-1.618721767983211,1.0,-0.07752498888808912,-0.04961599288837437,0.04961599288837437,-1.618721767983211
2026-04-02,1.9241694194878756,0.13411096902973263,0.3441141918514523,0.7069415421721903,1.1737308839888216,1.0,0.13411096902973263,0.3441141918514523,0.7069415421721903,1.1737308839888216
2026-04-06,0.4059302912601259,-0.220635018369153,-0.2739979065328524,-0.31709870081891856,-0.4515321306159281,1.0,-0.220635018369153,-0.2739979065328524,-0.31709870081891856,-0.4515321306159281
2026-04-07,0.5197269371171709,1.4377370385057375,1.9390131063864446,1.9929028256514991,2.431138089863638,1.0,1.4377370385057375,1.9390131063864446,1.9929028256514991,2.431138089863638
2026-04-08,-0.4742157582491746,-0.07784275762958703,-0.12474800902178007,-0.1317338975269977,0.09880042314525106,-1.0,0.07784275762958703,0.12474800902178007,0.1317338975269977,-0.09880042314525106
2026-04-09,0.6698297516048113,-0.1000822458059547,-0.04756383959094723,0.1516097386961457,0.3864561966764768,1.0,-0.1000822458059547,-0.04756383959094723,0.1516097386961457,0.3864561966764768
2026-04-10,-0.12245583195900078,-0.16606310397950796,-0.10503991516775946,0.298113283047563,0.952361897521059,-1.0,0.16606310397950796,0.10503991516775946,-0.298113283047563,-0.952361897521059
2026-04-13,1.2789625531661741,0.06450477921773334,-0.016614867374264986,0.009773451396632993,0.4290545163118997,1.0,0.06450477921773334,-0.016614867374264986,0.009773451396632993,0.4290545163118997
2026-04-14,1.3427527405602824,0.02597252683826934,0.08176536226864872,0.10004232559928106,0.12024317980683374,1.0,0.02597252683826934,0.08176536226864872,0.10004232559928106,0.12024317980683374
2026-04-15,1.309393432858763,0.14611282946546122,0.21157896734282922,0.31120135106927904,0.17457636767301832,1.0,0.14611282946546122,0.21157896734282922,0.31120135106927904,0.17457636767301832
2026-04-16,0.17303982752752134,0.057627631032008964,0.040622756301256224,0.09825038733326519,0.851188451800633,1.0,0.057627631032008964,0.040622756301256224,0.09825038733326519,0.851188451800633
2026-04-17,0.5048234522806005,0.3660211897100085,0.2709874103765664,0.33967519147894976,0.8647132990835305,1.0,0.3660211897100085,0.2709874103765664,0.33967519147894976,0.8647132990835305
2026-04-20,-0.18939040546339658,0.06345059251655627,0.030792199309503943,0.10730614910889891,-0.07371465895306129,-1.0,-0.06345059251655627,-0.030792199309503943,-0.10730614910889891,0.07371465895306129
2026-04-21,-0.61828558639212,0.0074806904677204855,0.1720558807577932,0.23470666342504387,0.4974659161040673,-1.0,-0.0074806904677204855,-0.1720558807577932,-0.23470666342504387,-0.4974659161040673
2026-04-22,0.7402998400357186,0.00646131977071196,0.013845685222957371,-0.10799634473910302,-0.3350655823956772,1.0,0.00646131977071196,0.013845685222957371,-0.10799634473910302,-0.3350655823956772
2026-04-23,-0.325754000203593,0.10271120570000125,0.2479874155639772,0.3951142777829153,0.6264458221522995,-1.0,-0.10271120570000125,-0.2479874155639772,-0.3951142777829153,-0.6264458221522995
2026-04-24,0.8232267548695438,0.04656258559299076,0.0438236099698619,0.3387199853921219,-0.012781886241208795,1.0,0.04656258559299076,0.0438236099698619,0.3387199853921219,-0.012781886241208795
2026-04-27,0.12495097726257232,0.1548565754834641,0.14848012825767753,0.06740815638692776,-1.2898641816740941,1.0,0.1548565754834641,0.14848012825767753,0.06740815638692776,-1.2898641816740941
2026-04-28,0.030374433931013023,-0.007346324083090661,0.1056034086943658,0.13682528604750388,-0.25895792392881534,1.0,-0.007346324083090661,0.1056034086943658,0.13682528604750388,-0.25895792392881534
2026-04-29,0.47966037839874964,0.7867806184205683,1.1334042475149575,1.2131827018303287,0.6327256721563979,1.0,0.7867806184205683,1.1334042475149575,1.2131827018303287,0.6327256721563979
2026-04-30,0.3137361887873391,-0.1475113122171967,-0.10316742081447616,0.005429864253403416,0.14660633484162577,1.0,-0.1475113122171967,-0.10316742081447616,0.005429864253403416,0.14660633484162577
2026-05-01,0.7400638734834653,-0.15149613640030868,-0.2527923696147183,0.011653548953871606,-0.16942467325241628,1.0,-0.15149613640030868,-0.2527923696147183,0.011653548953871606,-0.16942467325241628
2026-05-04,-0.266563750919957,-0.11519907840736865,-0.11159910720713873,-0.026099791201672495,0.8117935056519476,-1.0,0.11519907840736865,0.11159910720713873,0.026099791201672495,-0.8117935056519476
2026-05-05,0.5261089375993677,0.41228722086563696,0.37070460416888107,0.08493470644441725,0.31408146653926217,1.0,0.41228722086563696,0.37070460416888107,0.08493470644441725,0.31408146653926217
2026-05-06,1.1298191232673949,0.005231858530541089,0.034007080448539284,-0.0776059015364261,0.21886608186114653,1.0,0.005231858530541089,0.034007080448539284,-0.0776059015364261,0.21886608186114653
2026-05-07,-0.22869565217391585,0.05682463916354408,0.3400736097633583,0.5481392116236883,1.0272146310332575,-1.0,-0.05682463916354408,-0.3400736097633583,-0.5481392116236883,-1.0272146310332575
2026-05-08,1.5972089963121272,0.15211075029908372,0.21705691334814592,0.08716458725004372,0.2999487267133727,1.0,0.15211075029908372,0.21705691334814592,0.08716458725004372,0.2999487267133727
2026-05-11,0.4231323738920434,0.09007018676818745,-0.05098312458575727,-0.10451540540080684,-0.8675628367010524,1.0,0.09007018676818745,-0.05098312458575727,-0.10451540540080684,-0.8675628367010524
2026-05-12,-0.13264642453701958,-0.0034302963776045026,-0.14664517014270073,0.006860592755209005,0.37304473106476443,-1.0,0.0034302963776045026,0.14664517014270073,-0.006860592755209005,-0.37304473106476443
2026-05-13,0.647055810697772,0.22769980869830064,0.2877990147116094,0.4621713589192389,-0.20992398720141026,1.0,0.22769980869830064,0.2877990147116094,0.4621713589192389,-0.20992398720141026
2026-05-14,0.7141342606335588,0.021880733172885414,-0.07489943278407019,-0.06900846616060274,-1.50640432228637,1.0,0.021880733172885414,-0.07489943278407019,-0.06900846616060274,-1.50640432228637
2026-05-15,-0.1596762073912128,0.09158214576112655,-0.33209226687208604,-0.6025591646338868,0.4245303205375084,-1.0,-0.09158214576112655,0.33209226687208604,0.6025591646338868,-0.4245303205375084
2026-05-18,-0.8171856093528995,0.20960938775158588,0.1563479859458594,-0.10566374874363405,-0.6545998092898242,-1.0,-0.20960938775158588,-0.1563479859458594,0.10566374874363405,0.6545998092898242
2026-05-19,0.25736345438946984,-0.0743173176633305,-0.05012098167991308,0.012962322848264485,0.6014517801590014,1.0,-0.0743173176633305,-0.05012098167991308,0.012962322848264485,0.6014517801590014
2026-05-20,1.1101174609180253,-0.1906080653708786,-0.21368617194044148,-0.0367540215737594,-0.15812776723592714,1.0,-0.1906080653708786,-0.21368617194044148,-0.0367540215737594,-0.15812776723592714
2026-05-21,0.7837835525246195,0.20434985373298797,0.18484758553440894,0.24674608894730277,0.45618349090601473,1.0,0.20434985373298797,0.18484758553440894,0.24674608894730277,0.45618349090601473
2026-05-22,-0.09296822177147224,-0.15280943911420986,-0.2738879564451402,-0.4250273470444266,-0.182870312382577,-1.0,0.15280943911420986,0.2738879564451402,0.4250273470444266,0.182870312382577
2026-05-26,0.5944418433549536,-0.05570984318095107,0.1055992549847895,0.16962400013302847,0.2469525884289725,1.0,-0.05570984318095107,0.1055992549847895,0.16962400013302847,0.2469525884289725
2026-05-27,-0.46459627329192843,-0.23726170131572744,-0.513513961938572,-0.245557564998089,-0.1385409234955448,-1.0,0.23726170131572744,0.513513961938572,0.245557564998089,0.1385409234955448
2026-05-28,0.8426779356470293,-0.08817833450079915,-0.14586509538917491,-0.2587663274135732,0.15987473731922108,1.0,-0.08817833450079915,-0.14586509538917491,-0.2587663274135732,0.15987473731922108
2026-05-29,0.04772405621564779,0.17762573599553466,0.26479392125258183,0.43172921943357423,-0.27055031084504133,1.0,0.17762573599553466,0.26479392125258183,0.43172921943357423,-0.27055031084504133
2026-06-01,0.7522328049302862,-0.15080483886831253,-0.13277382552535633,-0.40815657476314104,0.002458774546765241,1.0,-0.15080483886831253,-0.13277382552535633,-0.40815657476314104,0.002458774546765241
2026-06-02,0.4917040285368435,-0.05045696102606856,-0.028483768321163616,-0.04394638540979878,0.15462617088632946,1.0,-0.05045696102606856,-0.028483768321163616,-0.04394638540979878,0.15462617088632946
2026-06-03,-0.3869320999195236,-0.1041487276633779,-0.19271614961333672,0.0746262536800657,-0.7954666601061144,-1.0,0.1041487276633779,0.19271614961333672,-0.0746262536800657,0.7954666601061144
2026-06-04,0.717748796180806,-0.11839671120246198,-0.5590955806783149,-0.8797533401849966,-1.269475847893109,1.0,-0.11839671120246198,-0.5590955806783149,-0.8797533401849966,-1.269475847893109
