event_id,event_type,series,release_date_et,release_ts_et,release_ts_utc,ts_source,unit,actual,consensus,previous,surprise_abs,surprise_dir,source_actual,source_consensus,collected_at,notes
1fe5a43761d6,macro_release,US_CPI_MOM,2020-06-10,2020-06-10T08:30:00-04:00,2020-06-10T12:30:00+00:00,BLS/BEA 08:30 ET release convention (time NOT from source table),pct_mom,-0.1,0.0,-0.8,-0.1,-1,forexfactory_calendar_paste,forexfactory_calendar_paste,2026-08-01T22:02:58+00:00,
9b0031f24de9,macro_release,US_CPI_MOM,2020-07-14,2020-07-14T08:30:00-04:00,2020-07-14T12:30:00+00:00,BLS/BEA 08:30 ET release convention (time NOT from source table),pct_mom,0.6,0.5,-0.1,0.1,1,forexfactory_calendar_paste,forexfactory_calendar_paste,2026-08-01T22:02:58+00:00,
349776a715ac,macro_release,US_CPI_MOM,2020-08-12,2020-08-12T08:30:00-04:00,2020-08-12T12:30:00+00:00,BLS/BEA 08:30 ET release convention (time NOT from source table),pct_mom,0.6,0.3,0.6,0.3,1,forexfactory_calendar_paste,forexfactory_calendar_paste,2026-08-01T22:02:58+00:00,
c85cc741b9a7,macro_release,US_CPI_MOM,2020-09-11,2020-09-11T08:30:00-04:00,2020-09-11T12:30:00+00:00,BLS/BEA 08:30 ET release convention (time NOT from source table),pct_mom,0.4,0.3,0.6,0.1,1,forexfactory_calendar_paste,forexfactory_calendar_paste,2026-08-01T22:02:58+00:00,
18dc176f116a,macro_release,US_CPI_MOM,2020-10-13,2020-10-13T08:30:00-04:00,2020-10-13T12:30:00+00:00,BLS/BEA 08:30 ET release convention (time NOT from source table),pct_mom,0.2,0.2,0.4,0.0,0,forexfactory_calendar_paste,forexfactory_calendar_paste,2026-08-01T22:02:58+00:00,
c3639a2fbaf4,macro_release,US_CPI_MOM,2020-11-12,2020-11-12T08:30:00-05:00,2020-11-12T13:30:00+00:00,BLS/BEA 08:30 ET release convention (time NOT from source table),pct_mom,0.0,0.1,0.2,-0.1,-1,forexfactory_calendar_paste,forexfactory_calendar_paste,2026-08-01T22:02:58+00:00,
e61038c5bbd4,macro_release,US_CPI_MOM,2020-12-10,2020-12-10T08:30:00-05:00,2020-12-10T13:30:00+00:00,BLS/BEA 08:30 ET release convention (time NOT from source table),pct_mom,0.2,0.1,0.0,0.1,1,forexfactory_calendar_paste,forexfactory_calendar_paste,2026-08-01T22:02:58+00:00,
d5284fa961e1,macro_release,US_CPI_MOM,2021-01-13,2021-01-13T08:30:00-05:00,2021-01-13T13:30:00+00:00,BLS/BEA 08:30 ET release convention (time NOT from source table),pct_mom,0.4,0.4,0.2,0.0,0,forexfactory_calendar_paste,forexfactory_calendar_paste,2026-08-01T22:02:58+00:00,
57e6db75fa0c,macro_release,US_CPI_MOM,2021-02-10,2021-02-10T08:30:00-05:00,2021-02-10T13:30:00+00:00,BLS/BEA 08:30 ET release convention (time NOT from source table),pct_mom,0.3,0.3,0.4,0.0,0,forexfactory_calendar_paste,forexfactory_calendar_paste,2026-08-01T22:02:58+00:00,
4db8ce07810b,macro_release,US_CPI_MOM,2021-03-10,2021-03-10T08:30:00-05:00,2021-03-10T13:30:00+00:00,BLS/BEA 08:30 ET release convention (time NOT from source table),pct_mom,0.4,0.4,0.3,0.0,0,forexfactory_calendar_paste,forexfactory_calendar_paste,2026-08-01T22:02:58+00:00,
2ebdad24b3b8,macro_release,US_CPI_MOM,2021-04-13,2021-04-13T08:30:00-04:00,2021-04-13T12:30:00+00:00,BLS/BEA 08:30 ET release convention (time NOT from source table),pct_mom,0.6,0.5,0.4,0.1,1,forexfactory_calendar_paste,forexfactory_calendar_paste,2026-08-01T22:02:58+00:00,
465971cbf9c1,macro_release,US_CPI_MOM,2021-05-12,2021-05-12T08:30:00-04:00,2021-05-12T12:30:00+00:00,BLS/BEA 08:30 ET release convention (time NOT from source table),pct_mom,0.8,0.2,0.6,0.6,1,forexfactory_calendar_paste,forexfactory_calendar_paste,2026-08-01T22:02:58+00:00,
ed4ce08981a3,macro_release,US_CPI_MOM,2021-06-10,2021-06-10T08:30:00-04:00,2021-06-10T12:30:00+00:00,BLS/BEA 08:30 ET release convention (time NOT from source table),pct_mom,0.6,0.4,0.8,0.2,1,forexfactory_calendar_paste,forexfactory_calendar_paste,2026-08-01T22:02:58+00:00,
f29063becd84,macro_release,US_CPI_MOM,2021-07-13,2021-07-13T08:30:00-04:00,2021-07-13T12:30:00+00:00,BLS/BEA 08:30 ET release convention (time NOT from source table),pct_mom,0.9,0.5,0.6,0.4,1,forexfactory_calendar_paste,forexfactory_calendar_paste,2026-08-01T22:02:58+00:00,
5523a9f99efe,macro_release,US_CPI_MOM,2021-08-11,2021-08-11T08:30:00-04:00,2021-08-11T12:30:00+00:00,BLS/BEA 08:30 ET release convention (time NOT from source table),pct_mom,0.5,0.5,0.9,0.0,0,forexfactory_calendar_paste,forexfactory_calendar_paste,2026-08-01T22:02:58+00:00,
bdd04c33a829,macro_release,US_CPI_MOM,2021-09-14,2021-09-14T08:30:00-04:00,2021-09-14T12:30:00+00:00,BLS/BEA 08:30 ET release convention (time NOT from source table),pct_mom,0.3,0.4,0.5,-0.1,-1,forexfactory_calendar_paste,forexfactory_calendar_paste,2026-08-01T22:02:58+00:00,
e14532ece58b,macro_release,US_CPI_MOM,2021-10-13,2021-10-13T08:30:00-04:00,2021-10-13T12:30:00+00:00,BLS/BEA 08:30 ET release convention (time NOT from source table),pct_mom,0.4,0.3,0.3,0.1,1,forexfactory_calendar_paste,forexfactory_calendar_paste,2026-08-01T22:02:58+00:00,
7fdeeb8f2fc6,macro_release,US_CPI_MOM,2021-11-10,2021-11-10T08:30:00-05:00,2021-11-10T13:30:00+00:00,BLS/BEA 08:30 ET release convention (time NOT from source table),pct_mom,0.9,0.6,0.4,0.3,1,forexfactory_calendar_paste,forexfactory_calendar_paste,2026-08-01T22:02:58+00:00,
70084449f362,macro_release,US_CPI_MOM,2021-12-10,2021-12-10T08:30:00-05:00,2021-12-10T13:30:00+00:00,BLS/BEA 08:30 ET release convention (time NOT from source table),pct_mom,0.8,0.7,0.9,0.1,1,forexfactory_calendar_paste,forexfactory_calendar_paste,2026-08-01T22:02:58+00:00,
140f4fba1c9e,macro_release,US_CPI_MOM,2022-01-12,2022-01-12T08:30:00-05:00,2022-01-12T13:30:00+00:00,BLS/BEA 08:30 ET release convention (time NOT from source table),pct_mom,0.5,0.4,0.8,0.1,1,forexfactory_calendar_paste,forexfactory_calendar_paste,2026-08-01T22:02:58+00:00,
883d8254c3ba,macro_release,US_CPI_MOM,2022-02-10,2022-02-10T08:30:00-05:00,2022-02-10T13:30:00+00:00,BLS/BEA 08:30 ET release convention (time NOT from source table),pct_mom,0.6,0.4,0.5,0.2,1,forexfactory_calendar_paste,forexfactory_calendar_paste,2026-08-01T22:02:58+00:00,
5cfaeeae35f7,macro_release,US_CPI_MOM,2022-03-10,2022-03-10T08:30:00-05:00,2022-03-10T13:30:00+00:00,BLS/BEA 08:30 ET release convention (time NOT from source table),pct_mom,0.8,0.8,0.6,0.0,0,forexfactory_calendar_paste,forexfactory_calendar_paste,2026-08-01T22:02:58+00:00,
0fa24a2818f0,macro_release,US_CPI_MOM,2022-04-12,2022-04-12T08:30:00-04:00,2022-04-12T12:30:00+00:00,BLS/BEA 08:30 ET release convention (time NOT from source table),pct_mom,1.2,1.2,0.8,0.0,0,forexfactory_calendar_paste,forexfactory_calendar_paste,2026-08-01T22:02:58+00:00,
884b797ea51d,macro_release,US_CPI_MOM,2022-05-11,2022-05-11T08:30:00-04:00,2022-05-11T12:30:00+00:00,BLS/BEA 08:30 ET release convention (time NOT from source table),pct_mom,0.3,0.2,1.2,0.1,1,forexfactory_calendar_paste,forexfactory_calendar_paste,2026-08-01T22:02:58+00:00,
34eedeaf4ceb,macro_release,US_CPI_MOM,2022-06-10,2022-06-10T08:30:00-04:00,2022-06-10T12:30:00+00:00,BLS/BEA 08:30 ET release convention (time NOT from source table),pct_mom,1.0,0.7,0.3,0.3,1,forexfactory_calendar_paste,forexfactory_calendar_paste,2026-08-01T22:02:58+00:00,
b9bcd735d08e,macro_release,US_CPI_MOM,2022-07-13,2022-07-13T08:30:00-04:00,2022-07-13T12:30:00+00:00,BLS/BEA 08:30 ET release convention (time NOT from source table),pct_mom,1.3,1.1,1.0,0.2,1,forexfactory_calendar_paste,forexfactory_calendar_paste,2026-08-01T22:02:58+00:00,
ddee7d6006af,macro_release,US_CPI_MOM,2022-08-10,2022-08-10T08:30:00-04:00,2022-08-10T12:30:00+00:00,BLS/BEA 08:30 ET release convention (time NOT from source table),pct_mom,0.0,0.2,1.3,-0.2,-1,forexfactory_calendar_paste,forexfactory_calendar_paste,2026-08-01T22:02:58+00:00,
ec2bf4c06059,macro_release,US_CPI_MOM,2022-09-13,2022-09-13T08:30:00-04:00,2022-09-13T12:30:00+00:00,BLS/BEA 08:30 ET release convention (time NOT from source table),pct_mom,0.1,-0.1,0.0,0.2,1,forexfactory_calendar_paste,forexfactory_calendar_paste,2026-08-01T22:02:58+00:00,
a997871481b9,macro_release,US_CPI_MOM,2022-10-13,2022-10-13T08:30:00-04:00,2022-10-13T12:30:00+00:00,BLS/BEA 08:30 ET release convention (time NOT from source table),pct_mom,0.4,0.2,0.1,0.2,1,forexfactory_calendar_paste,forexfactory_calendar_paste,2026-08-01T22:02:58+00:00,
d712511803f2,macro_release,US_CPI_MOM,2022-11-10,2022-11-10T08:30:00-05:00,2022-11-10T13:30:00+00:00,BLS/BEA 08:30 ET release convention (time NOT from source table),pct_mom,0.4,0.6,0.4,-0.2,-1,forexfactory_calendar_paste,forexfactory_calendar_paste,2026-08-01T22:02:58+00:00,
7dc12b5b8c16,macro_release,US_CPI_MOM,2022-12-13,2022-12-13T08:30:00-05:00,2022-12-13T13:30:00+00:00,BLS/BEA 08:30 ET release convention (time NOT from source table),pct_mom,0.1,0.3,0.4,-0.2,-1,forexfactory_calendar_paste,forexfactory_calendar_paste,2026-08-01T22:02:58+00:00,
a00eb45879c7,macro_release,US_CPI_MOM,2023-01-12,2023-01-12T08:30:00-05:00,2023-01-12T13:30:00+00:00,BLS/BEA 08:30 ET release convention (time NOT from source table),pct_mom,-0.1,-0.1,0.1,0.0,0,forexfactory_calendar_paste,forexfactory_calendar_paste,2026-08-01T22:02:58+00:00,
d12f8bd0d4ae,macro_release,US_CPI_MOM,2023-02-14,2023-02-14T08:30:00-05:00,2023-02-14T13:30:00+00:00,BLS/BEA 08:30 ET release convention (time NOT from source table),pct_mom,0.5,0.5,-0.1,0.0,0,forexfactory_calendar_paste,forexfactory_calendar_paste,2026-08-01T22:02:58+00:00,
dfdc5849e82b,macro_release,US_CPI_MOM,2023-03-14,2023-03-14T08:30:00-04:00,2023-03-14T12:30:00+00:00,BLS/BEA 08:30 ET release convention (time NOT from source table),pct_mom,0.4,0.4,0.5,0.0,0,forexfactory_calendar_paste,forexfactory_calendar_paste,2026-08-01T22:02:58+00:00,
7b16aac5f37a,macro_release,US_CPI_MOM,2023-04-12,2023-04-12T08:30:00-04:00,2023-04-12T12:30:00+00:00,BLS/BEA 08:30 ET release convention (time NOT from source table),pct_mom,0.1,0.2,0.4,-0.1,-1,forexfactory_calendar_paste,forexfactory_calendar_paste,2026-08-01T22:02:58+00:00,
04250e267968,macro_release,US_CPI_MOM,2023-05-10,2023-05-10T08:30:00-04:00,2023-05-10T12:30:00+00:00,BLS/BEA 08:30 ET release convention (time NOT from source table),pct_mom,0.4,0.4,0.1,0.0,0,forexfactory_calendar_paste,forexfactory_calendar_paste,2026-08-01T22:02:58+00:00,
978debcfa2d2,macro_release,US_CPI_MOM,2023-06-13,2023-06-13T08:30:00-04:00,2023-06-13T12:30:00+00:00,BLS/BEA 08:30 ET release convention (time NOT from source table),pct_mom,0.1,0.2,0.4,-0.1,-1,forexfactory_calendar_paste,forexfactory_calendar_paste,2026-08-01T22:02:58+00:00,
905b34e236ac,macro_release,US_CPI_MOM,2023-07-12,2023-07-12T08:30:00-04:00,2023-07-12T12:30:00+00:00,BLS/BEA 08:30 ET release convention (time NOT from source table),pct_mom,0.2,0.3,0.1,-0.1,-1,forexfactory_calendar_paste,forexfactory_calendar_paste,2026-08-01T22:02:58+00:00,
b022bff11f01,macro_release,US_CPI_MOM,2023-08-10,2023-08-10T08:30:00-04:00,2023-08-10T12:30:00+00:00,BLS/BEA 08:30 ET release convention (time NOT from source table),pct_mom,0.2,0.2,0.2,0.0,0,forexfactory_calendar_paste,forexfactory_calendar_paste,2026-08-01T22:02:58+00:00,
ffda80007b7c,macro_release,US_CPI_MOM,2023-09-13,2023-09-13T08:30:00-04:00,2023-09-13T12:30:00+00:00,BLS/BEA 08:30 ET release convention (time NOT from source table),pct_mom,0.6,0.6,0.2,0.0,0,forexfactory_calendar_paste,forexfactory_calendar_paste,2026-08-01T22:02:58+00:00,
3caef10afce8,macro_release,US_CPI_MOM,2023-10-12,2023-10-12T08:30:00-04:00,2023-10-12T12:30:00+00:00,BLS/BEA 08:30 ET release convention (time NOT from source table),pct_mom,0.4,0.3,0.6,0.1,1,forexfactory_calendar_paste,forexfactory_calendar_paste,2026-08-01T22:02:58+00:00,
52663b761e7b,macro_release,US_CPI_MOM,2023-11-14,2023-11-14T08:30:00-05:00,2023-11-14T13:30:00+00:00,BLS/BEA 08:30 ET release convention (time NOT from source table),pct_mom,0.0,0.1,0.4,-0.1,-1,forexfactory_calendar_paste,forexfactory_calendar_paste,2026-08-01T22:02:58+00:00,
5f6091533cc5,macro_release,US_CPI_MOM,2023-12-12,2023-12-12T08:30:00-05:00,2023-12-12T13:30:00+00:00,BLS/BEA 08:30 ET release convention (time NOT from source table),pct_mom,0.1,0.0,0.0,0.1,1,forexfactory_calendar_paste,forexfactory_calendar_paste,2026-08-01T22:02:58+00:00,
367546ec06f2,macro_release,US_CPI_MOM,2024-01-11,2024-01-11T08:30:00-05:00,2024-01-11T13:30:00+00:00,BLS/BEA 08:30 ET release convention (time NOT from source table),pct_mom,0.3,0.2,0.1,0.1,1,forexfactory_calendar_paste,forexfactory_calendar_paste,2026-08-01T22:02:58+00:00,
2311a12a0e56,macro_release,US_CPI_MOM,2024-02-13,2024-02-13T08:30:00-05:00,2024-02-13T13:30:00+00:00,BLS/BEA 08:30 ET release convention (time NOT from source table),pct_mom,0.3,0.2,0.3,0.1,1,forexfactory_calendar_paste,forexfactory_calendar_paste,2026-08-01T22:02:58+00:00,
a9d30ea19155,macro_release,US_CPI_MOM,2024-03-12,2024-03-12T08:30:00-04:00,2024-03-12T12:30:00+00:00,BLS/BEA 08:30 ET release convention (time NOT from source table),pct_mom,0.4,0.4,0.3,0.0,0,forexfactory_calendar_paste,forexfactory_calendar_paste,2026-08-01T22:02:58+00:00,
302beb9bb909,macro_release,US_CPI_MOM,2024-04-10,2024-04-10T08:30:00-04:00,2024-04-10T12:30:00+00:00,BLS/BEA 08:30 ET release convention (time NOT from source table),pct_mom,0.4,0.3,0.4,0.1,1,forexfactory_calendar_paste,forexfactory_calendar_paste,2026-08-01T22:02:58+00:00,
1b12e6fd29e8,macro_release,US_CPI_MOM,2024-05-15,2024-05-15T08:30:00-04:00,2024-05-15T12:30:00+00:00,BLS/BEA 08:30 ET release convention (time NOT from source table),pct_mom,0.3,0.4,0.4,-0.1,-1,forexfactory_calendar_paste,forexfactory_calendar_paste,2026-08-01T22:02:58+00:00,
dc1b8b94e0f6,macro_release,US_CPI_MOM,2024-06-12,2024-06-12T08:30:00-04:00,2024-06-12T12:30:00+00:00,BLS/BEA 08:30 ET release convention (time NOT from source table),pct_mom,0.0,0.1,0.3,-0.1,-1,forexfactory_calendar_paste,forexfactory_calendar_paste,2026-08-01T22:02:58+00:00,
740c26315783,macro_release,US_CPI_MOM,2024-07-11,2024-07-11T08:30:00-04:00,2024-07-11T12:30:00+00:00,BLS/BEA 08:30 ET release convention (time NOT from source table),pct_mom,-0.1,0.1,0.0,-0.2,-1,forexfactory_calendar_paste,forexfactory_calendar_paste,2026-08-01T22:02:58+00:00,
de0b701ab072,macro_release,US_CPI_MOM,2024-08-14,2024-08-14T08:30:00-04:00,2024-08-14T12:30:00+00:00,BLS/BEA 08:30 ET release convention (time NOT from source table),pct_mom,0.2,0.2,-0.1,0.0,0,forexfactory_calendar_paste,forexfactory_calendar_paste,2026-08-01T22:02:58+00:00,
8bb6c6f4deb2,macro_release,US_CPI_MOM,2024-09-11,2024-09-11T08:30:00-04:00,2024-09-11T12:30:00+00:00,BLS/BEA 08:30 ET release convention (time NOT from source table),pct_mom,0.2,0.2,0.2,0.0,0,forexfactory_calendar_paste,forexfactory_calendar_paste,2026-08-01T22:02:58+00:00,
f80291a729c1,macro_release,US_CPI_MOM,2024-10-10,2024-10-10T08:30:00-04:00,2024-10-10T12:30:00+00:00,BLS/BEA 08:30 ET release convention (time NOT from source table),pct_mom,0.2,0.1,0.2,0.1,1,forexfactory_calendar_paste,forexfactory_calendar_paste,2026-08-01T22:02:58+00:00,
347100a99a94,macro_release,US_CPI_MOM,2024-11-13,2024-11-13T08:30:00-05:00,2024-11-13T13:30:00+00:00,BLS/BEA 08:30 ET release convention (time NOT from source table),pct_mom,0.2,0.2,0.2,0.0,0,forexfactory_calendar_paste,forexfactory_calendar_paste,2026-08-01T22:02:58+00:00,
b15ed97ef122,macro_release,US_CPI_MOM,2024-12-11,2024-12-11T08:30:00-05:00,2024-12-11T13:30:00+00:00,BLS/BEA 08:30 ET release convention (time NOT from source table),pct_mom,0.3,0.3,0.2,0.0,0,forexfactory_calendar_paste,forexfactory_calendar_paste,2026-08-01T22:02:58+00:00,
d3e2ac347943,macro_release,US_CPI_MOM,2025-01-15,2025-01-15T08:30:00-05:00,2025-01-15T13:30:00+00:00,BLS/BEA 08:30 ET release convention (time NOT from source table),pct_mom,0.4,0.4,0.3,0.0,0,forexfactory_calendar_paste,forexfactory_calendar_paste,2026-08-01T22:02:58+00:00,
73d12a306e5e,macro_release,US_CPI_MOM,2025-02-12,2025-02-12T08:30:00-05:00,2025-02-12T13:30:00+00:00,BLS/BEA 08:30 ET release convention (time NOT from source table),pct_mom,0.5,0.3,0.4,0.2,1,forexfactory_calendar_paste,forexfactory_calendar_paste,2026-08-01T22:02:58+00:00,
12fe9971a4bc,macro_release,US_CPI_MOM,2025-03-12,2025-03-12T08:30:00-04:00,2025-03-12T12:30:00+00:00,BLS/BEA 08:30 ET release convention (time NOT from source table),pct_mom,0.2,0.3,0.5,-0.1,-1,forexfactory_calendar_paste,forexfactory_calendar_paste,2026-08-01T22:02:58+00:00,
c7915fc9a7b7,macro_release,US_CPI_MOM,2025-04-10,2025-04-10T08:30:00-04:00,2025-04-10T12:30:00+00:00,BLS/BEA 08:30 ET release convention (time NOT from source table),pct_mom,-0.1,0.1,0.2,-0.2,-1,forexfactory_calendar_paste,forexfactory_calendar_paste,2026-08-01T22:02:58+00:00,
7c993d1643dc,macro_release,US_CPI_MOM,2025-05-13,2025-05-13T08:30:00-04:00,2025-05-13T12:30:00+00:00,BLS/BEA 08:30 ET release convention (time NOT from source table),pct_mom,0.2,0.3,-0.1,-0.1,-1,forexfactory_calendar_paste,forexfactory_calendar_paste,2026-08-01T22:02:58+00:00,
c4edee8c807b,macro_release,US_CPI_MOM,2025-06-11,2025-06-11T08:30:00-04:00,2025-06-11T12:30:00+00:00,BLS/BEA 08:30 ET release convention (time NOT from source table),pct_mom,0.1,0.2,0.2,-0.1,-1,forexfactory_calendar_paste,forexfactory_calendar_paste,2026-08-01T22:02:58+00:00,
8b7b969bc9e8,macro_release,US_CPI_MOM,2025-07-15,2025-07-15T08:30:00-04:00,2025-07-15T12:30:00+00:00,BLS/BEA 08:30 ET release convention (time NOT from source table),pct_mom,0.3,0.3,0.1,0.0,0,forexfactory_calendar_paste,forexfactory_calendar_paste,2026-08-01T22:02:58+00:00,
70fbfbf74347,macro_release,US_CPI_MOM,2025-08-12,2025-08-12T08:30:00-04:00,2025-08-12T12:30:00+00:00,BLS/BEA 08:30 ET release convention (time NOT from source table),pct_mom,0.2,0.2,0.3,0.0,0,forexfactory_calendar_paste,forexfactory_calendar_paste,2026-08-01T22:02:58+00:00,
136467d13cf5,macro_release,US_CPI_MOM,2025-09-11,2025-09-11T08:30:00-04:00,2025-09-11T12:30:00+00:00,BLS/BEA 08:30 ET release convention (time NOT from source table),pct_mom,0.4,0.3,0.2,0.1,1,forexfactory_calendar_paste,forexfactory_calendar_paste,2026-08-01T22:02:58+00:00,
5d07a9994e67,macro_release,US_CPI_MOM,2025-10-24,2025-10-24T08:30:00-04:00,2025-10-24T12:30:00+00:00,BLS/BEA 08:30 ET release convention (time NOT from source table),pct_mom,0.3,0.4,0.4,-0.1,-1,forexfactory_calendar_paste,forexfactory_calendar_paste,2026-08-01T22:02:58+00:00,
6cc28204521b,macro_release,US_CPI_MOM,2026-01-13,2026-01-13T08:30:00-05:00,2026-01-13T13:30:00+00:00,BLS/BEA 08:30 ET release convention (time NOT from source table),pct_mom,0.3,0.3,0.3,0.0,0,forexfactory_calendar_paste,forexfactory_calendar_paste,2026-08-01T22:02:58+00:00,
ff469e851055,macro_release,US_CPI_MOM,2026-02-13,2026-02-13T08:30:00-05:00,2026-02-13T13:30:00+00:00,BLS/BEA 08:30 ET release convention (time NOT from source table),pct_mom,0.2,0.3,0.3,-0.1,-1,forexfactory_calendar_paste,forexfactory_calendar_paste,2026-08-01T22:02:58+00:00,
e1975a829c46,macro_release,US_CPI_MOM,2026-03-11,2026-03-11T08:30:00-04:00,2026-03-11T12:30:00+00:00,BLS/BEA 08:30 ET release convention (time NOT from source table),pct_mom,0.3,0.3,0.2,0.0,0,forexfactory_calendar_paste,forexfactory_calendar_paste,2026-08-01T22:02:58+00:00,
c843b6a8dda2,macro_release,US_CPI_MOM,2026-04-10,2026-04-10T08:30:00-04:00,2026-04-10T12:30:00+00:00,BLS/BEA 08:30 ET release convention (time NOT from source table),pct_mom,0.9,1.0,0.3,-0.1,-1,forexfactory_calendar_paste,forexfactory_calendar_paste,2026-08-01T22:02:58+00:00,
d10729bb3ef6,macro_release,US_CPI_MOM,2026-05-12,2026-05-12T08:30:00-04:00,2026-05-12T12:30:00+00:00,BLS/BEA 08:30 ET release convention (time NOT from source table),pct_mom,0.6,0.6,0.9,0.0,0,forexfactory_calendar_paste,forexfactory_calendar_paste,2026-08-01T22:02:58+00:00,
ec048b55e703,macro_release,US_CPI_MOM,2026-06-10,2026-06-10T08:30:00-04:00,2026-06-10T12:30:00+00:00,BLS/BEA 08:30 ET release convention (time NOT from source table),pct_mom,0.5,0.5,0.6,0.0,0,forexfactory_calendar_paste,forexfactory_calendar_paste,2026-08-01T22:02:58+00:00,
e650285e5e06,macro_release,US_CPI_MOM,2026-07-14,2026-07-14T08:30:00-04:00,2026-07-14T12:30:00+00:00,BLS/BEA 08:30 ET release convention (time NOT from source table),pct_mom,-0.4,-0.1,0.5,-0.3,-1,forexfactory_calendar_paste,forexfactory_calendar_paste,2026-08-01T22:02:58+00:00,
2fb7298350bb,macro_release,US_NFP,2020-06-05,2020-06-05T08:30:00-04:00,2020-06-05T12:30:00+00:00,BLS/BEA 08:30 ET release convention (time NOT from source table),thousands_jobs,2509.0,-7750.0,-20687.0,10259.0,1,forexfactory_calendar_paste,forexfactory_calendar_paste,2026-08-01T22:02:58+00:00,
8ef4319a3f5b,macro_release,US_NFP,2020-07-02,2020-07-02T08:30:00-04:00,2020-07-02T12:30:00+00:00,BLS/BEA 08:30 ET release convention (time NOT from source table),thousands_jobs,4800.0,3037.0,2699.0,1763.0,1,forexfactory_calendar_paste,forexfactory_calendar_paste,2026-08-01T22:02:58+00:00,
18863933bab9,macro_release,US_NFP,2020-08-07,2020-08-07T08:30:00-04:00,2020-08-07T12:30:00+00:00,BLS/BEA 08:30 ET release convention (time NOT from source table),thousands_jobs,1763.0,1530.0,4791.0,233.0,1,forexfactory_calendar_paste,forexfactory_calendar_paste,2026-08-01T22:02:58+00:00,
c5e6234e13a9,macro_release,US_NFP,2020-09-04,2020-09-04T08:30:00-04:00,2020-09-04T12:30:00+00:00,BLS/BEA 08:30 ET release convention (time NOT from source table),thousands_jobs,1371.0,1375.0,1734.0,-4.0,-1,forexfactory_calendar_paste,forexfactory_calendar_paste,2026-08-01T22:02:58+00:00,
a317b3700587,macro_release,US_NFP,2020-10-02,2020-10-02T08:30:00-04:00,2020-10-02T12:30:00+00:00,BLS/BEA 08:30 ET release convention (time NOT from source table),thousands_jobs,661.0,900.0,1489.0,-239.0,-1,forexfactory_calendar_paste,forexfactory_calendar_paste,2026-08-01T22:02:58+00:00,
09866c9a35d5,macro_release,US_NFP,2020-11-06,2020-11-06T08:30:00-05:00,2020-11-06T13:30:00+00:00,BLS/BEA 08:30 ET release convention (time NOT from source table),thousands_jobs,638.0,595.0,672.0,43.0,1,forexfactory_calendar_paste,forexfactory_calendar_paste,2026-08-01T22:02:58+00:00,
eb6b7e759b33,macro_release,US_NFP,2020-12-04,2020-12-04T08:30:00-05:00,2020-12-04T13:30:00+00:00,BLS/BEA 08:30 ET release convention (time NOT from source table),thousands_jobs,245.0,480.0,610.0,-235.0,-1,forexfactory_calendar_paste,forexfactory_calendar_paste,2026-08-01T22:02:58+00:00,
c1ad250e316c,macro_release,US_NFP,2021-01-08,2021-01-08T08:30:00-05:00,2021-01-08T13:30:00+00:00,BLS/BEA 08:30 ET release convention (time NOT from source table),thousands_jobs,-140.0,60.0,336.0,-200.0,-1,forexfactory_calendar_paste,forexfactory_calendar_paste,2026-08-01T22:02:58+00:00,
518d0b8dbdc1,macro_release,US_NFP,2021-02-05,2021-02-05T08:30:00-05:00,2021-02-05T13:30:00+00:00,BLS/BEA 08:30 ET release convention (time NOT from source table),thousands_jobs,49.0,85.0,-227.0,-36.0,-1,forexfactory_calendar_paste,forexfactory_calendar_paste,2026-08-01T22:02:58+00:00,
5775ee1fbe2b,macro_release,US_NFP,2021-03-05,2021-03-05T08:30:00-05:00,2021-03-05T13:30:00+00:00,BLS/BEA 08:30 ET release convention (time NOT from source table),thousands_jobs,379.0,197.0,166.0,182.0,1,forexfactory_calendar_paste,forexfactory_calendar_paste,2026-08-01T22:02:58+00:00,
b0bc8c9d2b4b,macro_release,US_NFP,2021-04-02,2021-04-02T08:30:00-04:00,2021-04-02T12:30:00+00:00,BLS/BEA 08:30 ET release convention (time NOT from source table),thousands_jobs,916.0,652.0,468.0,264.0,1,forexfactory_calendar_paste,forexfactory_calendar_paste,2026-08-01T22:02:58+00:00,
d6acf3ca9eff,macro_release,US_NFP,2021-05-07,2021-05-07T08:30:00-04:00,2021-05-07T12:30:00+00:00,BLS/BEA 08:30 ET release convention (time NOT from source table),thousands_jobs,266.0,990.0,770.0,-724.0,-1,forexfactory_calendar_paste,forexfactory_calendar_paste,2026-08-01T22:02:58+00:00,
46008d4b6ffd,macro_release,US_NFP,2021-06-04,2021-06-04T08:30:00-04:00,2021-06-04T12:30:00+00:00,BLS/BEA 08:30 ET release convention (time NOT from source table),thousands_jobs,559.0,645.0,278.0,-86.0,-1,forexfactory_calendar_paste,forexfactory_calendar_paste,2026-08-01T22:02:58+00:00,
9304c14edd91,macro_release,US_NFP,2021-07-02,2021-07-02T08:30:00-04:00,2021-07-02T12:30:00+00:00,BLS/BEA 08:30 ET release convention (time NOT from source table),thousands_jobs,850.0,725.0,583.0,125.0,1,forexfactory_calendar_paste,forexfactory_calendar_paste,2026-08-01T22:02:58+00:00,
6b023a50795d,macro_release,US_NFP,2021-08-06,2021-08-06T08:30:00-04:00,2021-08-06T12:30:00+00:00,BLS/BEA 08:30 ET release convention (time NOT from source table),thousands_jobs,943.0,870.0,938.0,73.0,1,forexfactory_calendar_paste,forexfactory_calendar_paste,2026-08-01T22:02:58+00:00,
65cc37ea6cfd,macro_release,US_NFP,2021-09-03,2021-09-03T08:30:00-04:00,2021-09-03T12:30:00+00:00,BLS/BEA 08:30 ET release convention (time NOT from source table),thousands_jobs,235.0,720.0,1053.0,-485.0,-1,forexfactory_calendar_paste,forexfactory_calendar_paste,2026-08-01T22:02:58+00:00,
d56c8d6cc6ba,macro_release,US_NFP,2021-10-08,2021-10-08T08:30:00-04:00,2021-10-08T12:30:00+00:00,BLS/BEA 08:30 ET release convention (time NOT from source table),thousands_jobs,194.0,490.0,366.0,-296.0,-1,forexfactory_calendar_paste,forexfactory_calendar_paste,2026-08-01T22:02:58+00:00,
5a7e87bd0e86,macro_release,US_NFP,2021-11-05,2021-11-05T08:30:00-04:00,2021-11-05T12:30:00+00:00,BLS/BEA 08:30 ET release convention (time NOT from source table),thousands_jobs,531.0,455.0,312.0,76.0,1,forexfactory_calendar_paste,forexfactory_calendar_paste,2026-08-01T22:02:58+00:00,
75cb7fbf67d3,macro_release,US_NFP,2021-12-03,2021-12-03T08:30:00-05:00,2021-12-03T13:30:00+00:00,BLS/BEA 08:30 ET release convention (time NOT from source table),thousands_jobs,210.0,553.0,546.0,-343.0,-1,forexfactory_calendar_paste,forexfactory_calendar_paste,2026-08-01T22:02:58+00:00,
98129185dc40,macro_release,US_NFP,2022-01-07,2022-01-07T08:30:00-05:00,2022-01-07T13:30:00+00:00,BLS/BEA 08:30 ET release convention (time NOT from source table),thousands_jobs,199.0,426.0,249.0,-227.0,-1,forexfactory_calendar_paste,forexfactory_calendar_paste,2026-08-01T22:02:58+00:00,
00b29dd8436b,macro_release,US_NFP,2022-02-04,2022-02-04T08:30:00-05:00,2022-02-04T13:30:00+00:00,BLS/BEA 08:30 ET release convention (time NOT from source table),thousands_jobs,467.0,110.0,510.0,357.0,1,forexfactory_calendar_paste,forexfactory_calendar_paste,2026-08-01T22:02:58+00:00,
2f4de9fd3827,macro_release,US_NFP,2022-03-04,2022-03-04T08:30:00-05:00,2022-03-04T13:30:00+00:00,BLS/BEA 08:30 ET release convention (time NOT from source table),thousands_jobs,678.0,407.0,481.0,271.0,1,forexfactory_calendar_paste,forexfactory_calendar_paste,2026-08-01T22:02:58+00:00,
ef3475361167,macro_release,US_NFP,2022-04-01,2022-04-01T08:30:00-04:00,2022-04-01T12:30:00+00:00,BLS/BEA 08:30 ET release convention (time NOT from source table),thousands_jobs,431.0,492.0,750.0,-61.0,-1,forexfactory_calendar_paste,forexfactory_calendar_paste,2026-08-01T22:02:58+00:00,
ad8d621c9ae7,macro_release,US_NFP,2022-05-06,2022-05-06T08:30:00-04:00,2022-05-06T12:30:00+00:00,BLS/BEA 08:30 ET release convention (time NOT from source table),thousands_jobs,428.0,390.0,428.0,38.0,1,forexfactory_calendar_paste,forexfactory_calendar_paste,2026-08-01T22:02:58+00:00,
2e4b4a3127ff,macro_release,US_NFP,2022-06-03,2022-06-03T08:30:00-04:00,2022-06-03T12:30:00+00:00,BLS/BEA 08:30 ET release convention (time NOT from source table),thousands_jobs,390.0,325.0,436.0,65.0,1,forexfactory_calendar_paste,forexfactory_calendar_paste,2026-08-01T22:02:58+00:00,
cc9e687229db,macro_release,US_NFP,2022-07-08,2022-07-08T08:30:00-04:00,2022-07-08T12:30:00+00:00,BLS/BEA 08:30 ET release convention (time NOT from source table),thousands_jobs,372.0,260.0,384.0,112.0,1,forexfactory_calendar_paste,forexfactory_calendar_paste,2026-08-01T22:02:58+00:00,
338ab54f7d72,macro_release,US_NFP,2022-08-05,2022-08-05T08:30:00-04:00,2022-08-05T12:30:00+00:00,BLS/BEA 08:30 ET release convention (time NOT from source table),thousands_jobs,528.0,250.0,398.0,278.0,1,forexfactory_calendar_paste,forexfactory_calendar_paste,2026-08-01T22:02:58+00:00,
19b8a01d7fd8,macro_release,US_NFP,2022-09-02,2022-09-02T08:30:00-04:00,2022-09-02T12:30:00+00:00,BLS/BEA 08:30 ET release convention (time NOT from source table),thousands_jobs,315.0,295.0,526.0,20.0,1,forexfactory_calendar_paste,forexfactory_calendar_paste,2026-08-01T22:02:58+00:00,
1c14c3e28c9f,macro_release,US_NFP,2022-10-07,2022-10-07T08:30:00-04:00,2022-10-07T12:30:00+00:00,BLS/BEA 08:30 ET release convention (time NOT from source table),thousands_jobs,263.0,248.0,315.0,15.0,1,forexfactory_calendar_paste,forexfactory_calendar_paste,2026-08-01T22:02:58+00:00,
6827d904fb24,macro_release,US_NFP,2022-11-04,2022-11-04T08:30:00-04:00,2022-11-04T12:30:00+00:00,BLS/BEA 08:30 ET release convention (time NOT from source table),thousands_jobs,261.0,197.0,315.0,64.0,1,forexfactory_calendar_paste,forexfactory_calendar_paste,2026-08-01T22:02:58+00:00,
79c6c3dfded3,macro_release,US_NFP,2022-12-02,2022-12-02T08:30:00-05:00,2022-12-02T13:30:00+00:00,BLS/BEA 08:30 ET release convention (time NOT from source table),thousands_jobs,263.0,200.0,284.0,63.0,1,forexfactory_calendar_paste,forexfactory_calendar_paste,2026-08-01T22:02:58+00:00,
9c1d850ed909,macro_release,US_NFP,2023-01-06,2023-01-06T08:30:00-05:00,2023-01-06T13:30:00+00:00,BLS/BEA 08:30 ET release convention (time NOT from source table),thousands_jobs,223.0,200.0,256.0,23.0,1,forexfactory_calendar_paste,forexfactory_calendar_paste,2026-08-01T22:02:58+00:00,
5ff90bbeebee,macro_release,US_NFP,2023-02-03,2023-02-03T08:30:00-05:00,2023-02-03T13:30:00+00:00,BLS/BEA 08:30 ET release convention (time NOT from source table),thousands_jobs,517.0,193.0,260.0,324.0,1,forexfactory_calendar_paste,forexfactory_calendar_paste,2026-08-01T22:02:58+00:00,
938f9c648118,macro_release,US_NFP,2023-03-10,2023-03-10T08:30:00-05:00,2023-03-10T13:30:00+00:00,BLS/BEA 08:30 ET release convention (time NOT from source table),thousands_jobs,311.0,224.0,504.0,87.0,1,forexfactory_calendar_paste,forexfactory_calendar_paste,2026-08-01T22:02:58+00:00,
5e9dcc3f7b75,macro_release,US_NFP,2023-04-07,2023-04-07T08:30:00-04:00,2023-04-07T12:30:00+00:00,BLS/BEA 08:30 ET release convention (time NOT from source table),thousands_jobs,236.0,228.0,326.0,8.0,1,forexfactory_calendar_paste,forexfactory_calendar_paste,2026-08-01T22:02:58+00:00,
3f2502154962,macro_release,US_NFP,2023-05-05,2023-05-05T08:30:00-04:00,2023-05-05T12:30:00+00:00,BLS/BEA 08:30 ET release convention (time NOT from source table),thousands_jobs,253.0,181.0,165.0,72.0,1,forexfactory_calendar_paste,forexfactory_calendar_paste,2026-08-01T22:02:58+00:00,
6261f4ea3e4a,macro_release,US_NFP,2023-06-02,2023-06-02T08:30:00-04:00,2023-06-02T12:30:00+00:00,BLS/BEA 08:30 ET release convention (time NOT from source table),thousands_jobs,339.0,193.0,294.0,146.0,1,forexfactory_calendar_paste,forexfactory_calendar_paste,2026-08-01T22:02:58+00:00,
9afc1ba17040,macro_release,US_NFP,2023-07-07,2023-07-07T08:30:00-04:00,2023-07-07T12:30:00+00:00,BLS/BEA 08:30 ET release convention (time NOT from source table),thousands_jobs,209.0,224.0,306.0,-15.0,-1,forexfactory_calendar_paste,forexfactory_calendar_paste,2026-08-01T22:02:58+00:00,
4cb028eac8e2,macro_release,US_NFP,2023-08-04,2023-08-04T08:30:00-04:00,2023-08-04T12:30:00+00:00,BLS/BEA 08:30 ET release convention (time NOT from source table),thousands_jobs,187.0,205.0,185.0,-18.0,-1,forexfactory_calendar_paste,forexfactory_calendar_paste,2026-08-01T22:02:58+00:00,
e723b0d503c0,macro_release,US_NFP,2023-09-01,2023-09-01T08:30:00-04:00,2023-09-01T12:30:00+00:00,BLS/BEA 08:30 ET release convention (time NOT from source table),thousands_jobs,187.0,169.0,157.0,18.0,1,forexfactory_calendar_paste,forexfactory_calendar_paste,2026-08-01T22:02:58+00:00,
7b31c5a0013b,macro_release,US_NFP,2023-10-06,2023-10-06T08:30:00-04:00,2023-10-06T12:30:00+00:00,BLS/BEA 08:30 ET release convention (time NOT from source table),thousands_jobs,336.0,171.0,227.0,165.0,1,forexfactory_calendar_paste,forexfactory_calendar_paste,2026-08-01T22:02:58+00:00,
6b067c5348d4,macro_release,US_NFP,2023-11-03,2023-11-03T08:30:00-04:00,2023-11-03T12:30:00+00:00,BLS/BEA 08:30 ET release convention (time NOT from source table),thousands_jobs,150.0,178.0,297.0,-28.0,-1,forexfactory_calendar_paste,forexfactory_calendar_paste,2026-08-01T22:02:58+00:00,
0b4d52f1c386,macro_release,US_NFP,2023-12-08,2023-12-08T08:30:00-05:00,2023-12-08T13:30:00+00:00,BLS/BEA 08:30 ET release convention (time NOT from source table),thousands_jobs,199.0,184.0,150.0,15.0,1,forexfactory_calendar_paste,forexfactory_calendar_paste,2026-08-01T22:02:58+00:00,
ed4cc40feac1,macro_release,US_NFP,2024-01-05,2024-01-05T08:30:00-05:00,2024-01-05T13:30:00+00:00,BLS/BEA 08:30 ET release convention (time NOT from source table),thousands_jobs,216.0,168.0,173.0,48.0,1,forexfactory_calendar_paste,forexfactory_calendar_paste,2026-08-01T22:02:58+00:00,
87de149414cb,macro_release,US_NFP,2024-02-02,2024-02-02T08:30:00-05:00,2024-02-02T13:30:00+00:00,BLS/BEA 08:30 ET release convention (time NOT from source table),thousands_jobs,353.0,187.0,333.0,166.0,1,forexfactory_calendar_paste,forexfactory_calendar_paste,2026-08-01T22:02:58+00:00,
90aeeba483fc,macro_release,US_NFP,2024-03-08,2024-03-08T08:30:00-05:00,2024-03-08T13:30:00+00:00,BLS/BEA 08:30 ET release convention (time NOT from source table),thousands_jobs,275.0,198.0,229.0,77.0,1,forexfactory_calendar_paste,forexfactory_calendar_paste,2026-08-01T22:02:58+00:00,
ff4204d97d8b,macro_release,US_NFP,2024-04-05,2024-04-05T08:30:00-04:00,2024-04-05T12:30:00+00:00,BLS/BEA 08:30 ET release convention (time NOT from source table),thousands_jobs,303.0,212.0,270.0,91.0,1,forexfactory_calendar_paste,forexfactory_calendar_paste,2026-08-01T22:02:58+00:00,
5a8c80fe296e,macro_release,US_NFP,2024-05-03,2024-05-03T08:30:00-04:00,2024-05-03T12:30:00+00:00,BLS/BEA 08:30 ET release convention (time NOT from source table),thousands_jobs,175.0,238.0,315.0,-63.0,-1,forexfactory_calendar_paste,forexfactory_calendar_paste,2026-08-01T22:02:58+00:00,
61b971d96dca,macro_release,US_NFP,2024-06-07,2024-06-07T08:30:00-04:00,2024-06-07T12:30:00+00:00,BLS/BEA 08:30 ET release convention (time NOT from source table),thousands_jobs,272.0,182.0,165.0,90.0,1,forexfactory_calendar_paste,forexfactory_calendar_paste,2026-08-01T22:02:58+00:00,
cf11c1ac63ae,macro_release,US_NFP,2024-07-05,2024-07-05T08:30:00-04:00,2024-07-05T12:30:00+00:00,BLS/BEA 08:30 ET release convention (time NOT from source table),thousands_jobs,206.0,191.0,218.0,15.0,1,forexfactory_calendar_paste,forexfactory_calendar_paste,2026-08-01T22:02:58+00:00,
c7cdf85fd44e,macro_release,US_NFP,2024-08-02,2024-08-02T08:30:00-04:00,2024-08-02T12:30:00+00:00,BLS/BEA 08:30 ET release convention (time NOT from source table),thousands_jobs,114.0,176.0,179.0,-62.0,-1,forexfactory_calendar_paste,forexfactory_calendar_paste,2026-08-01T22:02:58+00:00,
4f8a276f1acd,macro_release,US_NFP,2024-09-06,2024-09-06T08:30:00-04:00,2024-09-06T12:30:00+00:00,BLS/BEA 08:30 ET release convention (time NOT from source table),thousands_jobs,142.0,164.0,89.0,-22.0,-1,forexfactory_calendar_paste,forexfactory_calendar_paste,2026-08-01T22:02:58+00:00,
113ffd1a21ad,macro_release,US_NFP,2024-10-04,2024-10-04T08:30:00-04:00,2024-10-04T12:30:00+00:00,BLS/BEA 08:30 ET release convention (time NOT from source table),thousands_jobs,254.0,147.0,159.0,107.0,1,forexfactory_calendar_paste,forexfactory_calendar_paste,2026-08-01T22:02:58+00:00,
cfec43b6bf12,macro_release,US_NFP,2024-11-01,2024-11-01T08:30:00-04:00,2024-11-01T12:30:00+00:00,BLS/BEA 08:30 ET release convention (time NOT from source table),thousands_jobs,12.0,106.0,223.0,-94.0,-1,forexfactory_calendar_paste,forexfactory_calendar_paste,2026-08-01T22:02:58+00:00,
24b4b14d4869,macro_release,US_NFP,2024-12-06,2024-12-06T08:30:00-05:00,2024-12-06T13:30:00+00:00,BLS/BEA 08:30 ET release convention (time NOT from source table),thousands_jobs,227.0,218.0,36.0,9.0,1,forexfactory_calendar_paste,forexfactory_calendar_paste,2026-08-01T22:02:58+00:00,
d91882fad7ee,macro_release,US_NFP,2025-01-10,2025-01-10T08:30:00-05:00,2025-01-10T13:30:00+00:00,BLS/BEA 08:30 ET release convention (time NOT from source table),thousands_jobs,256.0,164.0,212.0,92.0,1,forexfactory_calendar_paste,forexfactory_calendar_paste,2026-08-01T22:02:58+00:00,
24b4016fd8f0,macro_release,US_NFP,2025-02-07,2025-02-07T08:30:00-05:00,2025-02-07T13:30:00+00:00,BLS/BEA 08:30 ET release convention (time NOT from source table),thousands_jobs,143.0,169.0,307.0,-26.0,-1,forexfactory_calendar_paste,forexfactory_calendar_paste,2026-08-01T22:02:58+00:00,
926041523355,macro_release,US_NFP,2025-03-07,2025-03-07T08:30:00-05:00,2025-03-07T13:30:00+00:00,BLS/BEA 08:30 ET release convention (time NOT from source table),thousands_jobs,151.0,159.0,125.0,-8.0,-1,forexfactory_calendar_paste,forexfactory_calendar_paste,2026-08-01T22:02:58+00:00,
7c0be318995f,macro_release,US_NFP,2025-04-04,2025-04-04T08:30:00-04:00,2025-04-04T12:30:00+00:00,BLS/BEA 08:30 ET release convention (time NOT from source table),thousands_jobs,228.0,137.0,117.0,91.0,1,forexfactory_calendar_paste,forexfactory_calendar_paste,2026-08-01T22:02:58+00:00,
2feed8d2a3a2,macro_release,US_NFP,2025-05-02,2025-05-02T08:30:00-04:00,2025-05-02T12:30:00+00:00,BLS/BEA 08:30 ET release convention (time NOT from source table),thousands_jobs,177.0,138.0,185.0,39.0,1,forexfactory_calendar_paste,forexfactory_calendar_paste,2026-08-01T22:02:58+00:00,
83f212fface4,macro_release,US_NFP,2025-06-06,2025-06-06T08:30:00-04:00,2025-06-06T12:30:00+00:00,BLS/BEA 08:30 ET release convention (time NOT from source table),thousands_jobs,139.0,126.0,147.0,13.0,1,forexfactory_calendar_paste,forexfactory_calendar_paste,2026-08-01T22:02:58+00:00,
e11e8c4855ec,macro_release,US_NFP,2025-07-03,2025-07-03T08:30:00-04:00,2025-07-03T12:30:00+00:00,BLS/BEA 08:30 ET release convention (time NOT from source table),thousands_jobs,147.0,111.0,144.0,36.0,1,forexfactory_calendar_paste,forexfactory_calendar_paste,2026-08-01T22:02:58+00:00,
42ebcfc43644,macro_release,US_NFP,2025-08-01,2025-08-01T08:30:00-04:00,2025-08-01T12:30:00+00:00,BLS/BEA 08:30 ET release convention (time NOT from source table),thousands_jobs,73.0,106.0,14.0,-33.0,-1,forexfactory_calendar_paste,forexfactory_calendar_paste,2026-08-01T22:02:58+00:00,
9e3dcd66f841,macro_release,US_NFP,2025-09-05,2025-09-05T08:30:00-04:00,2025-09-05T12:30:00+00:00,BLS/BEA 08:30 ET release convention (time NOT from source table),thousands_jobs,22.0,75.0,79.0,-53.0,-1,forexfactory_calendar_paste,forexfactory_calendar_paste,2026-08-01T22:02:58+00:00,
2954532c2532,macro_release,US_NFP,2025-11-20,2025-11-20T08:30:00-05:00,2025-11-20T13:30:00+00:00,BLS/BEA 08:30 ET release convention (time NOT from source table),thousands_jobs,119.0,53.0,-4.0,66.0,1,forexfactory_calendar_paste,forexfactory_calendar_paste,2026-08-01T22:02:58+00:00,
659326f45970,macro_release,US_NFP,2025-12-16,2025-12-16T08:30:00-05:00,2025-12-16T13:30:00+00:00,BLS/BEA 08:30 ET release convention (time NOT from source table),thousands_jobs,64.0,51.0,-105.0,13.0,1,forexfactory_calendar_paste,forexfactory_calendar_paste,2026-08-01T22:02:58+00:00,
1afb80df1bfd,macro_release,US_NFP,2026-01-09,2026-01-09T08:30:00-05:00,2026-01-09T13:30:00+00:00,BLS/BEA 08:30 ET release convention (time NOT from source table),thousands_jobs,50.0,66.0,56.0,-16.0,-1,forexfactory_calendar_paste,forexfactory_calendar_paste,2026-08-01T22:02:58+00:00,
a793738807d9,macro_release,US_NFP,2026-02-11,2026-02-11T08:30:00-05:00,2026-02-11T13:30:00+00:00,BLS/BEA 08:30 ET release convention (time NOT from source table),thousands_jobs,130.0,66.0,48.0,64.0,1,forexfactory_calendar_paste,forexfactory_calendar_paste,2026-08-01T22:02:58+00:00,
b50a9a28deb6,macro_release,US_NFP,2026-03-06,2026-03-06T08:30:00-05:00,2026-03-06T13:30:00+00:00,BLS/BEA 08:30 ET release convention (time NOT from source table),thousands_jobs,-92.0,58.0,126.0,-150.0,-1,forexfactory_calendar_paste,forexfactory_calendar_paste,2026-08-01T22:02:58+00:00,
3345f72507de,macro_release,US_NFP,2026-04-03,2026-04-03T08:30:00-04:00,2026-04-03T12:30:00+00:00,BLS/BEA 08:30 ET release convention (time NOT from source table),thousands_jobs,178.0,65.0,-133.0,113.0,1,forexfactory_calendar_paste,forexfactory_calendar_paste,2026-08-01T22:02:58+00:00,
8e9e4d6489ee,macro_release,US_NFP,2026-05-08,2026-05-08T08:30:00-04:00,2026-05-08T12:30:00+00:00,BLS/BEA 08:30 ET release convention (time NOT from source table),thousands_jobs,115.0,65.0,185.0,50.0,1,forexfactory_calendar_paste,forexfactory_calendar_paste,2026-08-01T22:02:58+00:00,
97c33a773023,macro_release,US_NFP,2026-06-05,2026-06-05T08:30:00-04:00,2026-06-05T12:30:00+00:00,BLS/BEA 08:30 ET release convention (time NOT from source table),thousands_jobs,172.0,85.0,179.0,87.0,1,forexfactory_calendar_paste,forexfactory_calendar_paste,2026-08-01T22:02:58+00:00,
f1e58ecaa5d9,macro_release,US_NFP,2026-07-02,2026-07-02T08:30:00-04:00,2026-07-02T12:30:00+00:00,BLS/BEA 08:30 ET release convention (time NOT from source table),thousands_jobs,57.0,114.0,129.0,-57.0,-1,forexfactory_calendar_paste,forexfactory_calendar_paste,2026-08-01T22:02:58+00:00,
08ec65ebea36,macro_release,US_UNEMP_RATE,2020-06-05,2020-06-05T08:30:00-04:00,2020-06-05T12:30:00+00:00,BLS/BEA 08:30 ET release convention (time NOT from source table),pct_level,13.3,19.4,14.7,-6.1,-1,forexfactory_calendar_paste,forexfactory_calendar_paste,2026-08-01T22:02:58+00:00,
1ecc1c50bc50,macro_release,US_UNEMP_RATE,2020-07-02,2020-07-02T08:30:00-04:00,2020-07-02T12:30:00+00:00,BLS/BEA 08:30 ET release convention (time NOT from source table),pct_level,11.1,12.4,13.3,-1.3,-1,forexfactory_calendar_paste,forexfactory_calendar_paste,2026-08-01T22:02:58+00:00,
89b11ab2857a,macro_release,US_UNEMP_RATE,2020-08-07,2020-08-07T08:30:00-04:00,2020-08-07T12:30:00+00:00,BLS/BEA 08:30 ET release convention (time NOT from source table),pct_level,10.2,10.5,11.1,-0.3,-1,forexfactory_calendar_paste,forexfactory_calendar_paste,2026-08-01T22:02:58+00:00,
ac25ae71f494,macro_release,US_UNEMP_RATE,2020-09-04,2020-09-04T08:30:00-04:00,2020-09-04T12:30:00+00:00,BLS/BEA 08:30 ET release convention (time NOT from source table),pct_level,8.4,9.8,10.2,-1.4,-1,forexfactory_calendar_paste,forexfactory_calendar_paste,2026-08-01T22:02:58+00:00,
b6467bb1ff78,macro_release,US_UNEMP_RATE,2020-10-02,2020-10-02T08:30:00-04:00,2020-10-02T12:30:00+00:00,BLS/BEA 08:30 ET release convention (time NOT from source table),pct_level,7.9,8.2,8.4,-0.3,-1,forexfactory_calendar_paste,forexfactory_calendar_paste,2026-08-01T22:02:58+00:00,
b4c60e21247d,macro_release,US_UNEMP_RATE,2020-11-06,2020-11-06T08:30:00-05:00,2020-11-06T13:30:00+00:00,BLS/BEA 08:30 ET release convention (time NOT from source table),pct_level,6.9,7.7,7.9,-0.8,-1,forexfactory_calendar_paste,forexfactory_calendar_paste,2026-08-01T22:02:58+00:00,
e62a6bd6e467,macro_release,US_UNEMP_RATE,2020-12-04,2020-12-04T08:30:00-05:00,2020-12-04T13:30:00+00:00,BLS/BEA 08:30 ET release convention (time NOT from source table),pct_level,6.7,6.8,6.9,-0.1,-1,forexfactory_calendar_paste,forexfactory_calendar_paste,2026-08-01T22:02:58+00:00,
1da841f7a82c,macro_release,US_UNEMP_RATE,2021-01-08,2021-01-08T08:30:00-05:00,2021-01-08T13:30:00+00:00,BLS/BEA 08:30 ET release convention (time NOT from source table),pct_level,6.7,6.8,6.7,-0.1,-1,forexfactory_calendar_paste,forexfactory_calendar_paste,2026-08-01T22:02:58+00:00,
f8213b405daf,macro_release,US_UNEMP_RATE,2021-02-05,2021-02-05T08:30:00-05:00,2021-02-05T13:30:00+00:00,BLS/BEA 08:30 ET release convention (time NOT from source table),pct_level,6.3,6.7,6.7,-0.4,-1,forexfactory_calendar_paste,forexfactory_calendar_paste,2026-08-01T22:02:58+00:00,
4f91abaa25d4,macro_release,US_UNEMP_RATE,2021-03-05,2021-03-05T08:30:00-05:00,2021-03-05T13:30:00+00:00,BLS/BEA 08:30 ET release convention (time NOT from source table),pct_level,6.2,6.3,6.3,-0.1,-1,forexfactory_calendar_paste,forexfactory_calendar_paste,2026-08-01T22:02:58+00:00,
ae3a71af9da9,macro_release,US_UNEMP_RATE,2021-04-02,2021-04-02T08:30:00-04:00,2021-04-02T12:30:00+00:00,BLS/BEA 08:30 ET release convention (time NOT from source table),pct_level,6.0,6.0,6.2,0.0,0,forexfactory_calendar_paste,forexfactory_calendar_paste,2026-08-01T22:02:58+00:00,
e34186754e3f,macro_release,US_UNEMP_RATE,2021-05-07,2021-05-07T08:30:00-04:00,2021-05-07T12:30:00+00:00,BLS/BEA 08:30 ET release convention (time NOT from source table),pct_level,6.1,5.8,6.0,0.3,1,forexfactory_calendar_paste,forexfactory_calendar_paste,2026-08-01T22:02:58+00:00,
67ad609958c8,macro_release,US_UNEMP_RATE,2021-06-04,2021-06-04T08:30:00-04:00,2021-06-04T12:30:00+00:00,BLS/BEA 08:30 ET release convention (time NOT from source table),pct_level,5.8,5.9,6.1,-0.1,-1,forexfactory_calendar_paste,forexfactory_calendar_paste,2026-08-01T22:02:58+00:00,
2cf06dfa34b7,macro_release,US_UNEMP_RATE,2021-07-02,2021-07-02T08:30:00-04:00,2021-07-02T12:30:00+00:00,BLS/BEA 08:30 ET release convention (time NOT from source table),pct_level,5.9,5.6,5.8,0.3,1,forexfactory_calendar_paste,forexfactory_calendar_paste,2026-08-01T22:02:58+00:00,
8a3c5bb63208,macro_release,US_UNEMP_RATE,2021-08-06,2021-08-06T08:30:00-04:00,2021-08-06T12:30:00+00:00,BLS/BEA 08:30 ET release convention (time NOT from source table),pct_level,5.4,5.7,5.9,-0.3,-1,forexfactory_calendar_paste,forexfactory_calendar_paste,2026-08-01T22:02:58+00:00,
9c51767c2890,macro_release,US_UNEMP_RATE,2021-09-03,2021-09-03T08:30:00-04:00,2021-09-03T12:30:00+00:00,BLS/BEA 08:30 ET release convention (time NOT from source table),pct_level,5.2,5.2,5.4,0.0,0,forexfactory_calendar_paste,forexfactory_calendar_paste,2026-08-01T22:02:58+00:00,
1fd8e8c38f07,macro_release,US_UNEMP_RATE,2021-10-08,2021-10-08T08:30:00-04:00,2021-10-08T12:30:00+00:00,BLS/BEA 08:30 ET release convention (time NOT from source table),pct_level,4.8,5.1,5.2,-0.3,-1,forexfactory_calendar_paste,forexfactory_calendar_paste,2026-08-01T22:02:58+00:00,
c6fa49d85b6a,macro_release,US_UNEMP_RATE,2021-11-05,2021-11-05T08:30:00-04:00,2021-11-05T12:30:00+00:00,BLS/BEA 08:30 ET release convention (time NOT from source table),pct_level,4.6,4.7,4.8,-0.1,-1,forexfactory_calendar_paste,forexfactory_calendar_paste,2026-08-01T22:02:58+00:00,
bf105ea284f2,macro_release,US_UNEMP_RATE,2021-12-03,2021-12-03T08:30:00-05:00,2021-12-03T13:30:00+00:00,BLS/BEA 08:30 ET release convention (time NOT from source table),pct_level,4.2,4.5,4.6,-0.3,-1,forexfactory_calendar_paste,forexfactory_calendar_paste,2026-08-01T22:02:58+00:00,
13b3261d1d76,macro_release,US_UNEMP_RATE,2022-01-07,2022-01-07T08:30:00-05:00,2022-01-07T13:30:00+00:00,BLS/BEA 08:30 ET release convention (time NOT from source table),pct_level,3.9,4.1,4.2,-0.2,-1,forexfactory_calendar_paste,forexfactory_calendar_paste,2026-08-01T22:02:58+00:00,
a71878ecfdfa,macro_release,US_UNEMP_RATE,2022-02-04,2022-02-04T08:30:00-05:00,2022-02-04T13:30:00+00:00,BLS/BEA 08:30 ET release convention (time NOT from source table),pct_level,4.0,3.9,3.9,0.1,1,forexfactory_calendar_paste,forexfactory_calendar_paste,2026-08-01T22:02:58+00:00,
1bb54eb2d759,macro_release,US_UNEMP_RATE,2022-03-04,2022-03-04T08:30:00-05:00,2022-03-04T13:30:00+00:00,BLS/BEA 08:30 ET release convention (time NOT from source table),pct_level,3.8,3.9,4.0,-0.1,-1,forexfactory_calendar_paste,forexfactory_calendar_paste,2026-08-01T22:02:58+00:00,
e243deee72b4,macro_release,US_UNEMP_RATE,2022-04-01,2022-04-01T08:30:00-04:00,2022-04-01T12:30:00+00:00,BLS/BEA 08:30 ET release convention (time NOT from source table),pct_level,3.6,3.7,3.8,-0.1,-1,forexfactory_calendar_paste,forexfactory_calendar_paste,2026-08-01T22:02:58+00:00,
49e131423923,macro_release,US_UNEMP_RATE,2022-05-06,2022-05-06T08:30:00-04:00,2022-05-06T12:30:00+00:00,BLS/BEA 08:30 ET release convention (time NOT from source table),pct_level,3.6,3.5,3.6,0.1,1,forexfactory_calendar_paste,forexfactory_calendar_paste,2026-08-01T22:02:58+00:00,
40384a03f6a4,macro_release,US_UNEMP_RATE,2022-06-03,2022-06-03T08:30:00-04:00,2022-06-03T12:30:00+00:00,BLS/BEA 08:30 ET release convention (time NOT from source table),pct_level,3.6,3.5,3.6,0.1,1,forexfactory_calendar_paste,forexfactory_calendar_paste,2026-08-01T22:02:58+00:00,
3c85d9412fa8,macro_release,US_UNEMP_RATE,2022-07-08,2022-07-08T08:30:00-04:00,2022-07-08T12:30:00+00:00,BLS/BEA 08:30 ET release convention (time NOT from source table),pct_level,3.6,3.6,3.6,0.0,0,forexfactory_calendar_paste,forexfactory_calendar_paste,2026-08-01T22:02:58+00:00,
e1b43f84181c,macro_release,US_UNEMP_RATE,2022-08-05,2022-08-05T08:30:00-04:00,2022-08-05T12:30:00+00:00,BLS/BEA 08:30 ET release convention (time NOT from source table),pct_level,3.5,3.6,3.6,-0.1,-1,forexfactory_calendar_paste,forexfactory_calendar_paste,2026-08-01T22:02:58+00:00,
a0fbd2b13910,macro_release,US_UNEMP_RATE,2022-09-02,2022-09-02T08:30:00-04:00,2022-09-02T12:30:00+00:00,BLS/BEA 08:30 ET release convention (time NOT from source table),pct_level,3.7,3.5,3.5,0.2,1,forexfactory_calendar_paste,forexfactory_calendar_paste,2026-08-01T22:02:58+00:00,
78b911b0e55e,macro_release,US_UNEMP_RATE,2022-10-07,2022-10-07T08:30:00-04:00,2022-10-07T12:30:00+00:00,BLS/BEA 08:30 ET release convention (time NOT from source table),pct_level,3.5,3.7,3.7,-0.2,-1,forexfactory_calendar_paste,forexfactory_calendar_paste,2026-08-01T22:02:58+00:00,
dab9f77ace0a,macro_release,US_UNEMP_RATE,2022-11-04,2022-11-04T08:30:00-04:00,2022-11-04T12:30:00+00:00,BLS/BEA 08:30 ET release convention (time NOT from source table),pct_level,3.7,3.6,3.5,0.1,1,forexfactory_calendar_paste,forexfactory_calendar_paste,2026-08-01T22:02:58+00:00,
15eb98d2d8ad,macro_release,US_UNEMP_RATE,2022-12-02,2022-12-02T08:30:00-05:00,2022-12-02T13:30:00+00:00,BLS/BEA 08:30 ET release convention (time NOT from source table),pct_level,3.7,3.7,3.7,0.0,0,forexfactory_calendar_paste,forexfactory_calendar_paste,2026-08-01T22:02:58+00:00,
866483ca7c71,macro_release,US_UNEMP_RATE,2023-01-06,2023-01-06T08:30:00-05:00,2023-01-06T13:30:00+00:00,BLS/BEA 08:30 ET release convention (time NOT from source table),pct_level,3.5,3.7,3.7,-0.2,-1,forexfactory_calendar_paste,forexfactory_calendar_paste,2026-08-01T22:02:58+00:00,
d5d2f021270c,macro_release,US_UNEMP_RATE,2023-02-03,2023-02-03T08:30:00-05:00,2023-02-03T13:30:00+00:00,BLS/BEA 08:30 ET release convention (time NOT from source table),pct_level,3.4,3.6,3.5,-0.2,-1,forexfactory_calendar_paste,forexfactory_calendar_paste,2026-08-01T22:02:58+00:00,
9122202e77f5,macro_release,US_UNEMP_RATE,2023-03-10,2023-03-10T08:30:00-05:00,2023-03-10T13:30:00+00:00,BLS/BEA 08:30 ET release convention (time NOT from source table),pct_level,3.6,3.4,3.4,0.2,1,forexfactory_calendar_paste,forexfactory_calendar_paste,2026-08-01T22:02:58+00:00,
02cb6720bbb8,macro_release,US_UNEMP_RATE,2023-04-07,2023-04-07T08:30:00-04:00,2023-04-07T12:30:00+00:00,BLS/BEA 08:30 ET release convention (time NOT from source table),pct_level,3.5,3.6,3.6,-0.1,-1,forexfactory_calendar_paste,forexfactory_calendar_paste,2026-08-01T22:02:58+00:00,
cc66b5397f27,macro_release,US_UNEMP_RATE,2023-05-05,2023-05-05T08:30:00-04:00,2023-05-05T12:30:00+00:00,BLS/BEA 08:30 ET release convention (time NOT from source table),pct_level,3.4,3.6,3.5,-0.2,-1,forexfactory_calendar_paste,forexfactory_calendar_paste,2026-08-01T22:02:58+00:00,
0460ffa3bfe6,macro_release,US_UNEMP_RATE,2023-06-02,2023-06-02T08:30:00-04:00,2023-06-02T12:30:00+00:00,BLS/BEA 08:30 ET release convention (time NOT from source table),pct_level,3.7,3.5,3.4,0.2,1,forexfactory_calendar_paste,forexfactory_calendar_paste,2026-08-01T22:02:58+00:00,
67db004c23df,macro_release,US_UNEMP_RATE,2023-07-07,2023-07-07T08:30:00-04:00,2023-07-07T12:30:00+00:00,BLS/BEA 08:30 ET release convention (time NOT from source table),pct_level,3.6,3.6,3.7,0.0,0,forexfactory_calendar_paste,forexfactory_calendar_paste,2026-08-01T22:02:58+00:00,
2ad47b5022ad,macro_release,US_UNEMP_RATE,2023-08-04,2023-08-04T08:30:00-04:00,2023-08-04T12:30:00+00:00,BLS/BEA 08:30 ET release convention (time NOT from source table),pct_level,3.5,3.6,3.6,-0.1,-1,forexfactory_calendar_paste,forexfactory_calendar_paste,2026-08-01T22:02:58+00:00,
b686392ca7e1,macro_release,US_UNEMP_RATE,2023-09-01,2023-09-01T08:30:00-04:00,2023-09-01T12:30:00+00:00,BLS/BEA 08:30 ET release convention (time NOT from source table),pct_level,3.8,3.5,3.5,0.3,1,forexfactory_calendar_paste,forexfactory_calendar_paste,2026-08-01T22:02:58+00:00,
88cc084828be,macro_release,US_UNEMP_RATE,2023-10-06,2023-10-06T08:30:00-04:00,2023-10-06T12:30:00+00:00,BLS/BEA 08:30 ET release convention (time NOT from source table),pct_level,3.8,3.7,3.8,0.1,1,forexfactory_calendar_paste,forexfactory_calendar_paste,2026-08-01T22:02:58+00:00,
da5f07a28c68,macro_release,US_UNEMP_RATE,2023-11-03,2023-11-03T08:30:00-04:00,2023-11-03T12:30:00+00:00,BLS/BEA 08:30 ET release convention (time NOT from source table),pct_level,3.9,3.8,3.8,0.1,1,forexfactory_calendar_paste,forexfactory_calendar_paste,2026-08-01T22:02:58+00:00,
5ee3980d55f1,macro_release,US_UNEMP_RATE,2023-12-08,2023-12-08T08:30:00-05:00,2023-12-08T13:30:00+00:00,BLS/BEA 08:30 ET release convention (time NOT from source table),pct_level,3.7,3.9,3.9,-0.2,-1,forexfactory_calendar_paste,forexfactory_calendar_paste,2026-08-01T22:02:58+00:00,
938e4245df33,macro_release,US_UNEMP_RATE,2024-01-05,2024-01-05T08:30:00-05:00,2024-01-05T13:30:00+00:00,BLS/BEA 08:30 ET release convention (time NOT from source table),pct_level,3.7,3.8,3.7,-0.1,-1,forexfactory_calendar_paste,forexfactory_calendar_paste,2026-08-01T22:02:58+00:00,
ec7ecd0dfbca,macro_release,US_UNEMP_RATE,2024-02-02,2024-02-02T08:30:00-05:00,2024-02-02T13:30:00+00:00,BLS/BEA 08:30 ET release convention (time NOT from source table),pct_level,3.7,3.8,3.7,-0.1,-1,forexfactory_calendar_paste,forexfactory_calendar_paste,2026-08-01T22:02:58+00:00,
d223f6b84364,macro_release,US_UNEMP_RATE,2024-03-08,2024-03-08T08:30:00-05:00,2024-03-08T13:30:00+00:00,BLS/BEA 08:30 ET release convention (time NOT from source table),pct_level,3.9,3.7,3.7,0.2,1,forexfactory_calendar_paste,forexfactory_calendar_paste,2026-08-01T22:02:58+00:00,
aa7bb41a4cd7,macro_release,US_UNEMP_RATE,2024-04-05,2024-04-05T08:30:00-04:00,2024-04-05T12:30:00+00:00,BLS/BEA 08:30 ET release convention (time NOT from source table),pct_level,3.8,3.9,3.9,-0.1,-1,forexfactory_calendar_paste,forexfactory_calendar_paste,2026-08-01T22:02:58+00:00,
98647697ad72,macro_release,US_UNEMP_RATE,2024-05-03,2024-05-03T08:30:00-04:00,2024-05-03T12:30:00+00:00,BLS/BEA 08:30 ET release convention (time NOT from source table),pct_level,3.9,3.8,3.8,0.1,1,forexfactory_calendar_paste,forexfactory_calendar_paste,2026-08-01T22:02:58+00:00,
a1bd4ccea1b8,macro_release,US_UNEMP_RATE,2024-06-07,2024-06-07T08:30:00-04:00,2024-06-07T12:30:00+00:00,BLS/BEA 08:30 ET release convention (time NOT from source table),pct_level,4.0,3.9,3.9,0.1,1,forexfactory_calendar_paste,forexfactory_calendar_paste,2026-08-01T22:02:58+00:00,
aa0a780587a4,macro_release,US_UNEMP_RATE,2024-07-05,2024-07-05T08:30:00-04:00,2024-07-05T12:30:00+00:00,BLS/BEA 08:30 ET release convention (time NOT from source table),pct_level,4.1,4.0,4.0,0.1,1,forexfactory_calendar_paste,forexfactory_calendar_paste,2026-08-01T22:02:58+00:00,
9a7eced346b7,macro_release,US_UNEMP_RATE,2024-08-02,2024-08-02T08:30:00-04:00,2024-08-02T12:30:00+00:00,BLS/BEA 08:30 ET release convention (time NOT from source table),pct_level,4.3,4.1,4.1,0.2,1,forexfactory_calendar_paste,forexfactory_calendar_paste,2026-08-01T22:02:58+00:00,
27770092950b,macro_release,US_UNEMP_RATE,2024-09-06,2024-09-06T08:30:00-04:00,2024-09-06T12:30:00+00:00,BLS/BEA 08:30 ET release convention (time NOT from source table),pct_level,4.2,4.2,4.3,0.0,0,forexfactory_calendar_paste,forexfactory_calendar_paste,2026-08-01T22:02:58+00:00,
72929a8883e5,macro_release,US_UNEMP_RATE,2024-10-04,2024-10-04T08:30:00-04:00,2024-10-04T12:30:00+00:00,BLS/BEA 08:30 ET release convention (time NOT from source table),pct_level,4.1,4.2,4.2,-0.1,-1,forexfactory_calendar_paste,forexfactory_calendar_paste,2026-08-01T22:02:58+00:00,
36f3535c94b9,macro_release,US_UNEMP_RATE,2024-11-01,2024-11-01T08:30:00-04:00,2024-11-01T12:30:00+00:00,BLS/BEA 08:30 ET release convention (time NOT from source table),pct_level,4.1,4.1,4.1,0.0,0,forexfactory_calendar_paste,forexfactory_calendar_paste,2026-08-01T22:02:58+00:00,
3744580d27e2,macro_release,US_UNEMP_RATE,2024-12-06,2024-12-06T08:30:00-05:00,2024-12-06T13:30:00+00:00,BLS/BEA 08:30 ET release convention (time NOT from source table),pct_level,4.2,4.1,4.1,0.1,1,forexfactory_calendar_paste,forexfactory_calendar_paste,2026-08-01T22:02:58+00:00,
19a282b6974d,macro_release,US_UNEMP_RATE,2025-01-10,2025-01-10T08:30:00-05:00,2025-01-10T13:30:00+00:00,BLS/BEA 08:30 ET release convention (time NOT from source table),pct_level,4.1,4.2,4.2,-0.1,-1,forexfactory_calendar_paste,forexfactory_calendar_paste,2026-08-01T22:02:58+00:00,
a03bc6b31d25,macro_release,US_UNEMP_RATE,2025-02-07,2025-02-07T08:30:00-05:00,2025-02-07T13:30:00+00:00,BLS/BEA 08:30 ET release convention (time NOT from source table),pct_level,4.0,4.1,4.1,-0.1,-1,forexfactory_calendar_paste,forexfactory_calendar_paste,2026-08-01T22:02:58+00:00,
86bea6d10dd5,macro_release,US_UNEMP_RATE,2025-03-07,2025-03-07T08:30:00-05:00,2025-03-07T13:30:00+00:00,BLS/BEA 08:30 ET release convention (time NOT from source table),pct_level,4.1,4.0,4.0,0.1,1,forexfactory_calendar_paste,forexfactory_calendar_paste,2026-08-01T22:02:58+00:00,
efbe7ebce611,macro_release,US_UNEMP_RATE,2025-04-04,2025-04-04T08:30:00-04:00,2025-04-04T12:30:00+00:00,BLS/BEA 08:30 ET release convention (time NOT from source table),pct_level,4.2,4.1,4.1,0.1,1,forexfactory_calendar_paste,forexfactory_calendar_paste,2026-08-01T22:02:58+00:00,
5de355b5995f,macro_release,US_UNEMP_RATE,2025-05-02,2025-05-02T08:30:00-04:00,2025-05-02T12:30:00+00:00,BLS/BEA 08:30 ET release convention (time NOT from source table),pct_level,4.2,4.2,4.2,0.0,0,forexfactory_calendar_paste,forexfactory_calendar_paste,2026-08-01T22:02:58+00:00,
1e58d70c1c7b,macro_release,US_UNEMP_RATE,2025-06-06,2025-06-06T08:30:00-04:00,2025-06-06T12:30:00+00:00,BLS/BEA 08:30 ET release convention (time NOT from source table),pct_level,4.2,4.2,4.2,0.0,0,forexfactory_calendar_paste,forexfactory_calendar_paste,2026-08-01T22:02:58+00:00,
d1789594f426,macro_release,US_UNEMP_RATE,2025-07-03,2025-07-03T08:30:00-04:00,2025-07-03T12:30:00+00:00,BLS/BEA 08:30 ET release convention (time NOT from source table),pct_level,4.1,4.3,4.2,-0.2,-1,forexfactory_calendar_paste,forexfactory_calendar_paste,2026-08-01T22:02:58+00:00,
0a76e64aad99,macro_release,US_UNEMP_RATE,2025-08-01,2025-08-01T08:30:00-04:00,2025-08-01T12:30:00+00:00,BLS/BEA 08:30 ET release convention (time NOT from source table),pct_level,4.2,4.2,4.1,0.0,0,forexfactory_calendar_paste,forexfactory_calendar_paste,2026-08-01T22:02:58+00:00,
0e0784b081d9,macro_release,US_UNEMP_RATE,2025-09-05,2025-09-05T08:30:00-04:00,2025-09-05T12:30:00+00:00,BLS/BEA 08:30 ET release convention (time NOT from source table),pct_level,4.3,4.3,4.2,0.0,0,forexfactory_calendar_paste,forexfactory_calendar_paste,2026-08-01T22:02:58+00:00,
875f825c214e,macro_release,US_UNEMP_RATE,2025-11-20,2025-11-20T08:30:00-05:00,2025-11-20T13:30:00+00:00,BLS/BEA 08:30 ET release convention (time NOT from source table),pct_level,4.4,4.3,4.3,0.1,1,forexfactory_calendar_paste,forexfactory_calendar_paste,2026-08-01T22:02:58+00:00,
89ec32dc8f24,macro_release,US_UNEMP_RATE,2025-12-16,2025-12-16T08:30:00-05:00,2025-12-16T13:30:00+00:00,BLS/BEA 08:30 ET release convention (time NOT from source table),pct_level,4.6,4.5,4.4,0.1,1,forexfactory_calendar_paste,forexfactory_calendar_paste,2026-08-01T22:02:58+00:00,
5e3fd082e18c,macro_release,US_UNEMP_RATE,2026-01-09,2026-01-09T08:30:00-05:00,2026-01-09T13:30:00+00:00,BLS/BEA 08:30 ET release convention (time NOT from source table),pct_level,4.4,4.5,4.6,-0.1,-1,forexfactory_calendar_paste,forexfactory_calendar_paste,2026-08-01T22:02:58+00:00,
65d2e3970a1f,macro_release,US_UNEMP_RATE,2026-02-11,2026-02-11T08:30:00-05:00,2026-02-11T13:30:00+00:00,BLS/BEA 08:30 ET release convention (time NOT from source table),pct_level,4.3,4.4,4.4,-0.1,-1,forexfactory_calendar_paste,forexfactory_calendar_paste,2026-08-01T22:02:58+00:00,
fc255db58432,macro_release,US_UNEMP_RATE,2026-03-06,2026-03-06T08:30:00-05:00,2026-03-06T13:30:00+00:00,BLS/BEA 08:30 ET release convention (time NOT from source table),pct_level,4.4,4.3,4.3,0.1,1,forexfactory_calendar_paste,forexfactory_calendar_paste,2026-08-01T22:02:58+00:00,
a781d7a28916,macro_release,US_UNEMP_RATE,2026-04-03,2026-04-03T08:30:00-04:00,2026-04-03T12:30:00+00:00,BLS/BEA 08:30 ET release convention (time NOT from source table),pct_level,4.3,4.4,4.4,-0.1,-1,forexfactory_calendar_paste,forexfactory_calendar_paste,2026-08-01T22:02:58+00:00,
98c2bc538025,macro_release,US_UNEMP_RATE,2026-05-08,2026-05-08T08:30:00-04:00,2026-05-08T12:30:00+00:00,BLS/BEA 08:30 ET release convention (time NOT from source table),pct_level,4.3,4.3,4.3,0.0,0,forexfactory_calendar_paste,forexfactory_calendar_paste,2026-08-01T22:02:58+00:00,
8d633f2c2a52,macro_release,US_UNEMP_RATE,2026-06-05,2026-06-05T08:30:00-04:00,2026-06-05T12:30:00+00:00,BLS/BEA 08:30 ET release convention (time NOT from source table),pct_level,4.3,4.3,4.3,0.0,0,forexfactory_calendar_paste,forexfactory_calendar_paste,2026-08-01T22:02:58+00:00,
9216c9b9ed4f,macro_release,US_UNEMP_RATE,2026-07-02,2026-07-02T08:30:00-04:00,2026-07-02T12:30:00+00:00,BLS/BEA 08:30 ET release convention (time NOT from source table),pct_level,4.2,4.3,4.3,-0.1,-1,forexfactory_calendar_paste,forexfactory_calendar_paste,2026-08-01T22:02:58+00:00,
b67a10bd09bd,macro_release,US_CORE_CPI_MOM,2020-06-10,2020-06-10T08:30:00-04:00,2020-06-10T12:30:00+00:00,BLS/BEA 08:30 ET release convention (time NOT from source table),pct_mom,-0.1,0.0,-0.4,-0.1,-1,forexfactory_calendar_paste,forexfactory_calendar_paste,2026-08-01T22:02:58+00:00,
af4f3380152d,macro_release,US_CORE_CPI_MOM,2020-07-14,2020-07-14T08:30:00-04:00,2020-07-14T12:30:00+00:00,BLS/BEA 08:30 ET release convention (time NOT from source table),pct_mom,0.2,0.1,-0.1,0.1,1,forexfactory_calendar_paste,forexfactory_calendar_paste,2026-08-01T22:02:58+00:00,
9a714bf5ed99,macro_release,US_CORE_CPI_MOM,2020-08-12,2020-08-12T08:30:00-04:00,2020-08-12T12:30:00+00:00,BLS/BEA 08:30 ET release convention (time NOT from source table),pct_mom,0.6,0.2,0.2,0.4,1,forexfactory_calendar_paste,forexfactory_calendar_paste,2026-08-01T22:02:58+00:00,
2669eba4af17,macro_release,US_CORE_CPI_MOM,2020-09-11,2020-09-11T08:30:00-04:00,2020-09-11T12:30:00+00:00,BLS/BEA 08:30 ET release convention (time NOT from source table),pct_mom,0.4,0.2,0.6,0.2,1,forexfactory_calendar_paste,forexfactory_calendar_paste,2026-08-01T22:02:58+00:00,
ef6fcb4c1a3f,macro_release,US_CORE_CPI_MOM,2020-10-13,2020-10-13T08:30:00-04:00,2020-10-13T12:30:00+00:00,BLS/BEA 08:30 ET release convention (time NOT from source table),pct_mom,0.2,0.2,0.4,0.0,0,forexfactory_calendar_paste,forexfactory_calendar_paste,2026-08-01T22:02:58+00:00,
2a449f695ab9,macro_release,US_CORE_CPI_MOM,2020-11-12,2020-11-12T08:30:00-05:00,2020-11-12T13:30:00+00:00,BLS/BEA 08:30 ET release convention (time NOT from source table),pct_mom,0.0,0.2,0.2,-0.2,-1,forexfactory_calendar_paste,forexfactory_calendar_paste,2026-08-01T22:02:58+00:00,
74ab94f0bfd0,macro_release,US_CORE_CPI_MOM,2020-12-10,2020-12-10T08:30:00-05:00,2020-12-10T13:30:00+00:00,BLS/BEA 08:30 ET release convention (time NOT from source table),pct_mom,0.2,0.1,0.0,0.1,1,forexfactory_calendar_paste,forexfactory_calendar_paste,2026-08-01T22:02:58+00:00,
4e4393a43a05,macro_release,US_CORE_CPI_MOM,2021-01-13,2021-01-13T08:30:00-05:00,2021-01-13T13:30:00+00:00,BLS/BEA 08:30 ET release convention (time NOT from source table),pct_mom,0.1,0.1,0.2,0.0,0,forexfactory_calendar_paste,forexfactory_calendar_paste,2026-08-01T22:02:58+00:00,
6c1d0d7a6ca2,macro_release,US_CORE_CPI_MOM,2021-02-10,2021-02-10T08:30:00-05:00,2021-02-10T13:30:00+00:00,BLS/BEA 08:30 ET release convention (time NOT from source table),pct_mom,0.0,0.2,0.1,-0.2,-1,forexfactory_calendar_paste,forexfactory_calendar_paste,2026-08-01T22:02:58+00:00,
4716243e9634,macro_release,US_CORE_CPI_MOM,2021-03-10,2021-03-10T08:30:00-05:00,2021-03-10T13:30:00+00:00,BLS/BEA 08:30 ET release convention (time NOT from source table),pct_mom,0.1,0.2,0.0,-0.1,-1,forexfactory_calendar_paste,forexfactory_calendar_paste,2026-08-01T22:02:58+00:00,
acb87a7009f9,macro_release,US_CORE_CPI_MOM,2021-04-13,2021-04-13T08:30:00-04:00,2021-04-13T12:30:00+00:00,BLS/BEA 08:30 ET release convention (time NOT from source table),pct_mom,0.3,0.2,0.1,0.1,1,forexfactory_calendar_paste,forexfactory_calendar_paste,2026-08-01T22:02:58+00:00,
4baf3abef5f7,macro_release,US_CORE_CPI_MOM,2021-05-12,2021-05-12T08:30:00-04:00,2021-05-12T12:30:00+00:00,BLS/BEA 08:30 ET release convention (time NOT from source table),pct_mom,0.9,0.3,0.3,0.6,1,forexfactory_calendar_paste,forexfactory_calendar_paste,2026-08-01T22:02:58+00:00,
791eb800b508,macro_release,US_CORE_CPI_MOM,2021-06-10,2021-06-10T08:30:00-04:00,2021-06-10T12:30:00+00:00,BLS/BEA 08:30 ET release convention (time NOT from source table),pct_mom,0.7,0.5,0.9,0.2,1,forexfactory_calendar_paste,forexfactory_calendar_paste,2026-08-01T22:02:58+00:00,
ec40df97fcf9,macro_release,US_CORE_CPI_MOM,2021-07-13,2021-07-13T08:30:00-04:00,2021-07-13T12:30:00+00:00,BLS/BEA 08:30 ET release convention (time NOT from source table),pct_mom,0.9,0.4,0.7,0.5,1,forexfactory_calendar_paste,forexfactory_calendar_paste,2026-08-01T22:02:58+00:00,
f713c1a7464b,macro_release,US_CORE_CPI_MOM,2021-08-11,2021-08-11T08:30:00-04:00,2021-08-11T12:30:00+00:00,BLS/BEA 08:30 ET release convention (time NOT from source table),pct_mom,0.3,0.4,0.9,-0.1,-1,forexfactory_calendar_paste,forexfactory_calendar_paste,2026-08-01T22:02:58+00:00,
c2f0ccb1d521,macro_release,US_CORE_CPI_MOM,2021-09-14,2021-09-14T08:30:00-04:00,2021-09-14T12:30:00+00:00,BLS/BEA 08:30 ET release convention (time NOT from source table),pct_mom,0.1,0.3,0.3,-0.2,-1,forexfactory_calendar_paste,forexfactory_calendar_paste,2026-08-01T22:02:58+00:00,
c450f6d34564,macro_release,US_CORE_CPI_MOM,2021-10-13,2021-10-13T08:30:00-04:00,2021-10-13T12:30:00+00:00,BLS/BEA 08:30 ET release convention (time NOT from source table),pct_mom,0.2,0.2,0.1,0.0,0,forexfactory_calendar_paste,forexfactory_calendar_paste,2026-08-01T22:02:58+00:00,
4cf61c5957f3,macro_release,US_CORE_CPI_MOM,2021-11-10,2021-11-10T08:30:00-05:00,2021-11-10T13:30:00+00:00,BLS/BEA 08:30 ET release convention (time NOT from source table),pct_mom,0.6,0.4,0.2,0.2,1,forexfactory_calendar_paste,forexfactory_calendar_paste,2026-08-01T22:02:58+00:00,
99d03d9d66b3,macro_release,US_CORE_CPI_MOM,2021-12-10,2021-12-10T08:30:00-05:00,2021-12-10T13:30:00+00:00,BLS/BEA 08:30 ET release convention (time NOT from source table),pct_mom,0.5,0.5,0.6,0.0,0,forexfactory_calendar_paste,forexfactory_calendar_paste,2026-08-01T22:02:58+00:00,
cc0302cdafb9,macro_release,US_CORE_CPI_MOM,2022-01-12,2022-01-12T08:30:00-05:00,2022-01-12T13:30:00+00:00,BLS/BEA 08:30 ET release convention (time NOT from source table),pct_mom,0.6,0.5,0.5,0.1,1,forexfactory_calendar_paste,forexfactory_calendar_paste,2026-08-01T22:02:58+00:00,
87767a1f71dc,macro_release,US_CORE_CPI_MOM,2022-02-10,2022-02-10T08:30:00-05:00,2022-02-10T13:30:00+00:00,BLS/BEA 08:30 ET release convention (time NOT from source table),pct_mom,0.6,0.5,0.6,0.1,1,forexfactory_calendar_paste,forexfactory_calendar_paste,2026-08-01T22:02:58+00:00,
f9e6af93cf88,macro_release,US_CORE_CPI_MOM,2022-03-10,2022-03-10T08:30:00-05:00,2022-03-10T13:30:00+00:00,BLS/BEA 08:30 ET release convention (time NOT from source table),pct_mom,0.5,0.5,0.6,0.0,0,forexfactory_calendar_paste,forexfactory_calendar_paste,2026-08-01T22:02:58+00:00,
59da795d5f72,macro_release,US_CORE_CPI_MOM,2022-04-12,2022-04-12T08:30:00-04:00,2022-04-12T12:30:00+00:00,BLS/BEA 08:30 ET release convention (time NOT from source table),pct_mom,0.3,0.5,0.5,-0.2,-1,forexfactory_calendar_paste,forexfactory_calendar_paste,2026-08-01T22:02:58+00:00,
a31621969bf9,macro_release,US_CORE_CPI_MOM,2022-05-11,2022-05-11T08:30:00-04:00,2022-05-11T12:30:00+00:00,BLS/BEA 08:30 ET release convention (time NOT from source table),pct_mom,0.6,0.4,0.3,0.2,1,forexfactory_calendar_paste,forexfactory_calendar_paste,2026-08-01T22:02:58+00:00,
d02776c0f6c9,macro_release,US_CORE_CPI_MOM,2022-06-10,2022-06-10T08:30:00-04:00,2022-06-10T12:30:00+00:00,BLS/BEA 08:30 ET release convention (time NOT from source table),pct_mom,0.6,0.5,0.6,0.1,1,forexfactory_calendar_paste,forexfactory_calendar_paste,2026-08-01T22:02:58+00:00,
022fd0407a03,macro_release,US_CORE_CPI_MOM,2022-07-13,2022-07-13T08:30:00-04:00,2022-07-13T12:30:00+00:00,BLS/BEA 08:30 ET release convention (time NOT from source table),pct_mom,0.7,0.5,0.6,0.2,1,forexfactory_calendar_paste,forexfactory_calendar_paste,2026-08-01T22:02:58+00:00,
2625cb391e62,macro_release,US_CORE_CPI_MOM,2022-08-10,2022-08-10T08:30:00-04:00,2022-08-10T12:30:00+00:00,BLS/BEA 08:30 ET release convention (time NOT from source table),pct_mom,0.3,0.5,0.7,-0.2,-1,forexfactory_calendar_paste,forexfactory_calendar_paste,2026-08-01T22:02:58+00:00,
e35aac0c77fb,macro_release,US_CORE_CPI_MOM,2022-09-13,2022-09-13T08:30:00-04:00,2022-09-13T12:30:00+00:00,BLS/BEA 08:30 ET release convention (time NOT from source table),pct_mom,0.6,0.3,0.3,0.3,1,forexfactory_calendar_paste,forexfactory_calendar_paste,2026-08-01T22:02:58+00:00,
4223931932f0,macro_release,US_CORE_CPI_MOM,2022-10-13,2022-10-13T08:30:00-04:00,2022-10-13T12:30:00+00:00,BLS/BEA 08:30 ET release convention (time NOT from source table),pct_mom,0.6,0.4,0.6,0.2,1,forexfactory_calendar_paste,forexfactory_calendar_paste,2026-08-01T22:02:58+00:00,
c84ae6889598,macro_release,US_CORE_CPI_MOM,2022-11-10,2022-11-10T08:30:00-05:00,2022-11-10T13:30:00+00:00,BLS/BEA 08:30 ET release convention (time NOT from source table),pct_mom,0.3,0.5,0.6,-0.2,-1,forexfactory_calendar_paste,forexfactory_calendar_paste,2026-08-01T22:02:58+00:00,
e23d694c6517,macro_release,US_CORE_CPI_MOM,2022-12-13,2022-12-13T08:30:00-05:00,2022-12-13T13:30:00+00:00,BLS/BEA 08:30 ET release convention (time NOT from source table),pct_mom,0.2,0.3,0.3,-0.1,-1,forexfactory_calendar_paste,forexfactory_calendar_paste,2026-08-01T22:02:58+00:00,
27233ded5464,macro_release,US_CORE_CPI_MOM,2023-01-12,2023-01-12T08:30:00-05:00,2023-01-12T13:30:00+00:00,BLS/BEA 08:30 ET release convention (time NOT from source table),pct_mom,0.3,0.3,0.2,0.0,0,forexfactory_calendar_paste,forexfactory_calendar_paste,2026-08-01T22:02:58+00:00,
716d644b3fec,macro_release,US_CORE_CPI_MOM,2023-02-14,2023-02-14T08:30:00-05:00,2023-02-14T13:30:00+00:00,BLS/BEA 08:30 ET release convention (time NOT from source table),pct_mom,0.4,0.4,0.3,0.0,0,forexfactory_calendar_paste,forexfactory_calendar_paste,2026-08-01T22:02:58+00:00,
7242f32036b6,macro_release,US_CORE_CPI_MOM,2023-03-14,2023-03-14T08:30:00-04:00,2023-03-14T12:30:00+00:00,BLS/BEA 08:30 ET release convention (time NOT from source table),pct_mom,0.5,0.4,0.4,0.1,1,forexfactory_calendar_paste,forexfactory_calendar_paste,2026-08-01T22:02:58+00:00,
8613e8234f0c,macro_release,US_CORE_CPI_MOM,2023-04-12,2023-04-12T08:30:00-04:00,2023-04-12T12:30:00+00:00,BLS/BEA 08:30 ET release convention (time NOT from source table),pct_mom,0.4,0.4,0.5,0.0,0,forexfactory_calendar_paste,forexfactory_calendar_paste,2026-08-01T22:02:58+00:00,
d8c3f8287405,macro_release,US_CORE_CPI_MOM,2023-05-10,2023-05-10T08:30:00-04:00,2023-05-10T12:30:00+00:00,BLS/BEA 08:30 ET release convention (time NOT from source table),pct_mom,0.4,0.3,0.4,0.1,1,forexfactory_calendar_paste,forexfactory_calendar_paste,2026-08-01T22:02:58+00:00,
40365e028fed,macro_release,US_CORE_CPI_MOM,2023-06-13,2023-06-13T08:30:00-04:00,2023-06-13T12:30:00+00:00,BLS/BEA 08:30 ET release convention (time NOT from source table),pct_mom,0.4,0.4,0.4,0.0,0,forexfactory_calendar_paste,forexfactory_calendar_paste,2026-08-01T22:02:58+00:00,
a3a81aa88c81,macro_release,US_CORE_CPI_MOM,2023-07-12,2023-07-12T08:30:00-04:00,2023-07-12T12:30:00+00:00,BLS/BEA 08:30 ET release convention (time NOT from source table),pct_mom,0.2,0.3,0.4,-0.1,-1,forexfactory_calendar_paste,forexfactory_calendar_paste,2026-08-01T22:02:58+00:00,
e10dfd333bea,macro_release,US_CORE_CPI_MOM,2023-08-10,2023-08-10T08:30:00-04:00,2023-08-10T12:30:00+00:00,BLS/BEA 08:30 ET release convention (time NOT from source table),pct_mom,0.2,0.2,0.2,0.0,0,forexfactory_calendar_paste,forexfactory_calendar_paste,2026-08-01T22:02:58+00:00,
690377a32d84,macro_release,US_CORE_CPI_MOM,2023-09-13,2023-09-13T08:30:00-04:00,2023-09-13T12:30:00+00:00,BLS/BEA 08:30 ET release convention (time NOT from source table),pct_mom,0.3,0.2,0.2,0.1,1,forexfactory_calendar_paste,forexfactory_calendar_paste,2026-08-01T22:02:58+00:00,
b1a407673fb7,macro_release,US_CORE_CPI_MOM,2023-10-12,2023-10-12T08:30:00-04:00,2023-10-12T12:30:00+00:00,BLS/BEA 08:30 ET release convention (time NOT from source table),pct_mom,0.3,0.3,0.3,0.0,0,forexfactory_calendar_paste,forexfactory_calendar_paste,2026-08-01T22:02:58+00:00,
cb58a0589a3f,macro_release,US_CORE_CPI_MOM,2023-11-14,2023-11-14T08:30:00-05:00,2023-11-14T13:30:00+00:00,BLS/BEA 08:30 ET release convention (time NOT from source table),pct_mom,0.2,0.3,0.3,-0.1,-1,forexfactory_calendar_paste,forexfactory_calendar_paste,2026-08-01T22:02:58+00:00,
0a9f384a2f27,macro_release,US_CORE_CPI_MOM,2023-12-12,2023-12-12T08:30:00-05:00,2023-12-12T13:30:00+00:00,BLS/BEA 08:30 ET release convention (time NOT from source table),pct_mom,0.3,0.3,0.2,0.0,0,forexfactory_calendar_paste,forexfactory_calendar_paste,2026-08-01T22:02:58+00:00,
9558dac20d81,macro_release,US_CORE_CPI_MOM,2024-01-11,2024-01-11T08:30:00-05:00,2024-01-11T13:30:00+00:00,BLS/BEA 08:30 ET release convention (time NOT from source table),pct_mom,0.3,0.3,0.3,0.0,0,forexfactory_calendar_paste,forexfactory_calendar_paste,2026-08-01T22:02:58+00:00,
d7337f9b3e8b,macro_release,US_CORE_CPI_MOM,2024-02-13,2024-02-13T08:30:00-05:00,2024-02-13T13:30:00+00:00,BLS/BEA 08:30 ET release convention (time NOT from source table),pct_mom,0.4,0.3,0.3,0.1,1,forexfactory_calendar_paste,forexfactory_calendar_paste,2026-08-01T22:02:58+00:00,
604fcdf0ff56,macro_release,US_CORE_CPI_MOM,2024-03-12,2024-03-12T08:30:00-04:00,2024-03-12T12:30:00+00:00,BLS/BEA 08:30 ET release convention (time NOT from source table),pct_mom,0.4,0.3,0.4,0.1,1,forexfactory_calendar_paste,forexfactory_calendar_paste,2026-08-01T22:02:58+00:00,
b8bf0f2edf7d,macro_release,US_CORE_CPI_MOM,2024-04-10,2024-04-10T08:30:00-04:00,2024-04-10T12:30:00+00:00,BLS/BEA 08:30 ET release convention (time NOT from source table),pct_mom,0.4,0.3,0.4,0.1,1,forexfactory_calendar_paste,forexfactory_calendar_paste,2026-08-01T22:02:58+00:00,
178d1d9d6e24,macro_release,US_CORE_CPI_MOM,2024-05-15,2024-05-15T08:30:00-04:00,2024-05-15T12:30:00+00:00,BLS/BEA 08:30 ET release convention (time NOT from source table),pct_mom,0.3,0.3,0.4,0.0,0,forexfactory_calendar_paste,forexfactory_calendar_paste,2026-08-01T22:02:58+00:00,
6bd2ec23dd1f,macro_release,US_CORE_CPI_MOM,2024-06-12,2024-06-12T08:30:00-04:00,2024-06-12T12:30:00+00:00,BLS/BEA 08:30 ET release convention (time NOT from source table),pct_mom,0.2,0.3,0.3,-0.1,-1,forexfactory_calendar_paste,forexfactory_calendar_paste,2026-08-01T22:02:58+00:00,
e5c0206efe62,macro_release,US_CORE_CPI_MOM,2024-07-11,2024-07-11T08:30:00-04:00,2024-07-11T12:30:00+00:00,BLS/BEA 08:30 ET release convention (time NOT from source table),pct_mom,0.1,0.2,0.2,-0.1,-1,forexfactory_calendar_paste,forexfactory_calendar_paste,2026-08-01T22:02:58+00:00,
3e39081cc69c,macro_release,US_CORE_CPI_MOM,2024-08-14,2024-08-14T08:30:00-04:00,2024-08-14T12:30:00+00:00,BLS/BEA 08:30 ET release convention (time NOT from source table),pct_mom,0.2,0.2,0.1,0.0,0,forexfactory_calendar_paste,forexfactory_calendar_paste,2026-08-01T22:02:58+00:00,
0ad09537b68c,macro_release,US_CORE_CPI_MOM,2024-09-11,2024-09-11T08:30:00-04:00,2024-09-11T12:30:00+00:00,BLS/BEA 08:30 ET release convention (time NOT from source table),pct_mom,0.3,0.2,0.2,0.1,1,forexfactory_calendar_paste,forexfactory_calendar_paste,2026-08-01T22:02:58+00:00,
51074c35eb7d,macro_release,US_CORE_CPI_MOM,2024-10-10,2024-10-10T08:30:00-04:00,2024-10-10T12:30:00+00:00,BLS/BEA 08:30 ET release convention (time NOT from source table),pct_mom,0.3,0.2,0.3,0.1,1,forexfactory_calendar_paste,forexfactory_calendar_paste,2026-08-01T22:02:58+00:00,
e3c7813696f9,macro_release,US_CORE_CPI_MOM,2024-11-13,2024-11-13T08:30:00-05:00,2024-11-13T13:30:00+00:00,BLS/BEA 08:30 ET release convention (time NOT from source table),pct_mom,0.3,0.3,0.3,0.0,0,forexfactory_calendar_paste,forexfactory_calendar_paste,2026-08-01T22:02:58+00:00,
715382a7cff0,macro_release,US_CORE_CPI_MOM,2024-12-11,2024-12-11T08:30:00-05:00,2024-12-11T13:30:00+00:00,BLS/BEA 08:30 ET release convention (time NOT from source table),pct_mom,0.3,0.3,0.3,0.0,0,forexfactory_calendar_paste,forexfactory_calendar_paste,2026-08-01T22:02:58+00:00,
535c80e8af41,macro_release,US_CORE_CPI_MOM,2025-01-15,2025-01-15T08:30:00-05:00,2025-01-15T13:30:00+00:00,BLS/BEA 08:30 ET release convention (time NOT from source table),pct_mom,0.2,0.3,0.3,-0.1,-1,forexfactory_calendar_paste,forexfactory_calendar_paste,2026-08-01T22:02:58+00:00,
74bc9a4df1cf,macro_release,US_CORE_CPI_MOM,2025-02-12,2025-02-12T08:30:00-05:00,2025-02-12T13:30:00+00:00,BLS/BEA 08:30 ET release convention (time NOT from source table),pct_mom,0.4,0.3,0.2,0.1,1,forexfactory_calendar_paste,forexfactory_calendar_paste,2026-08-01T22:02:58+00:00,
62a8d4754e9d,macro_release,US_CORE_CPI_MOM,2025-03-12,2025-03-12T08:30:00-04:00,2025-03-12T12:30:00+00:00,BLS/BEA 08:30 ET release convention (time NOT from source table),pct_mom,0.2,0.3,0.4,-0.1,-1,forexfactory_calendar_paste,forexfactory_calendar_paste,2026-08-01T22:02:58+00:00,
a3c2e9522213,macro_release,US_CORE_CPI_MOM,2025-04-10,2025-04-10T08:30:00-04:00,2025-04-10T12:30:00+00:00,BLS/BEA 08:30 ET release convention (time NOT from source table),pct_mom,0.1,0.3,0.2,-0.2,-1,forexfactory_calendar_paste,forexfactory_calendar_paste,2026-08-01T22:02:58+00:00,
10b1f1f4429a,macro_release,US_CORE_CPI_MOM,2025-05-13,2025-05-13T08:30:00-04:00,2025-05-13T12:30:00+00:00,BLS/BEA 08:30 ET release convention (time NOT from source table),pct_mom,0.2,0.3,0.1,-0.1,-1,forexfactory_calendar_paste,forexfactory_calendar_paste,2026-08-01T22:02:58+00:00,
995c9d3bf062,macro_release,US_CORE_CPI_MOM,2025-06-11,2025-06-11T08:30:00-04:00,2025-06-11T12:30:00+00:00,BLS/BEA 08:30 ET release convention (time NOT from source table),pct_mom,0.1,0.3,0.2,-0.2,-1,forexfactory_calendar_paste,forexfactory_calendar_paste,2026-08-01T22:02:58+00:00,
f8ab2da2c2c6,macro_release,US_CORE_CPI_MOM,2025-07-15,2025-07-15T08:30:00-04:00,2025-07-15T12:30:00+00:00,BLS/BEA 08:30 ET release convention (time NOT from source table),pct_mom,0.2,0.3,0.1,-0.1,-1,forexfactory_calendar_paste,forexfactory_calendar_paste,2026-08-01T22:02:58+00:00,
5dafd95bc63f,macro_release,US_CORE_CPI_MOM,2025-08-12,2025-08-12T08:30:00-04:00,2025-08-12T12:30:00+00:00,BLS/BEA 08:30 ET release convention (time NOT from source table),pct_mom,0.3,0.3,0.2,0.0,0,forexfactory_calendar_paste,forexfactory_calendar_paste,2026-08-01T22:02:58+00:00,
ef17ec367369,macro_release,US_CORE_CPI_MOM,2025-09-11,2025-09-11T08:30:00-04:00,2025-09-11T12:30:00+00:00,BLS/BEA 08:30 ET release convention (time NOT from source table),pct_mom,0.3,0.3,0.3,0.0,0,forexfactory_calendar_paste,forexfactory_calendar_paste,2026-08-01T22:02:58+00:00,
589211d7357f,macro_release,US_CORE_CPI_MOM,2025-10-24,2025-10-24T08:30:00-04:00,2025-10-24T12:30:00+00:00,BLS/BEA 08:30 ET release convention (time NOT from source table),pct_mom,0.2,0.3,0.3,-0.1,-1,forexfactory_calendar_paste,forexfactory_calendar_paste,2026-08-01T22:02:58+00:00,
cb85c81cb231,macro_release,US_CORE_CPI_MOM,2026-01-13,2026-01-13T08:30:00-05:00,2026-01-13T13:30:00+00:00,BLS/BEA 08:30 ET release convention (time NOT from source table),pct_mom,0.2,0.3,0.2,-0.1,-1,forexfactory_calendar_paste,forexfactory_calendar_paste,2026-08-01T22:02:58+00:00,
4496a0f306a5,macro_release,US_CORE_CPI_MOM,2026-02-13,2026-02-13T08:30:00-05:00,2026-02-13T13:30:00+00:00,BLS/BEA 08:30 ET release convention (time NOT from source table),pct_mom,0.3,0.3,0.2,0.0,0,forexfactory_calendar_paste,forexfactory_calendar_paste,2026-08-01T22:02:58+00:00,
7cefa234e3fe,macro_release,US_CORE_CPI_MOM,2026-03-11,2026-03-11T08:30:00-04:00,2026-03-11T12:30:00+00:00,BLS/BEA 08:30 ET release convention (time NOT from source table),pct_mom,0.2,0.2,0.3,0.0,0,forexfactory_calendar_paste,forexfactory_calendar_paste,2026-08-01T22:02:58+00:00,
c6d8285aa651,macro_release,US_CORE_CPI_MOM,2026-04-10,2026-04-10T08:30:00-04:00,2026-04-10T12:30:00+00:00,BLS/BEA 08:30 ET release convention (time NOT from source table),pct_mom,0.2,0.3,0.2,-0.1,-1,forexfactory_calendar_paste,forexfactory_calendar_paste,2026-08-01T22:02:58+00:00,
9799632d5efd,macro_release,US_CORE_CPI_MOM,2026-05-12,2026-05-12T08:30:00-04:00,2026-05-12T12:30:00+00:00,BLS/BEA 08:30 ET release convention (time NOT from source table),pct_mom,0.4,0.3,0.2,0.1,1,forexfactory_calendar_paste,forexfactory_calendar_paste,2026-08-01T22:02:58+00:00,
d9312cf65ea9,macro_release,US_CORE_CPI_MOM,2026-06-10,2026-06-10T08:30:00-04:00,2026-06-10T12:30:00+00:00,BLS/BEA 08:30 ET release convention (time NOT from source table),pct_mom,0.2,0.3,0.4,-0.1,-1,forexfactory_calendar_paste,forexfactory_calendar_paste,2026-08-01T22:02:58+00:00,
6b9e473dccd8,macro_release,US_CORE_CPI_MOM,2026-07-14,2026-07-14T08:30:00-04:00,2026-07-14T12:30:00+00:00,BLS/BEA 08:30 ET release convention (time NOT from source table),pct_mom,0.0,0.2,0.2,-0.2,-1,forexfactory_calendar_paste,forexfactory_calendar_paste,2026-08-01T22:02:58+00:00,
a65748d8ce32,macro_release,US_PPI_MOM,2020-07-10,2020-07-10T08:30:00-04:00,2020-07-10T12:30:00+00:00,BLS/BEA 08:30 ET release convention (time NOT from source table),pct_mom,-0.2,0.4,0.4,-0.6,-1,forexfactory_calendar_paste,forexfactory_calendar_paste,2026-08-01T22:02:58+00:00,
de7624c36d15,macro_release,US_PPI_MOM,2020-08-11,2020-08-11T08:30:00-04:00,2020-08-11T12:30:00+00:00,BLS/BEA 08:30 ET release convention (time NOT from source table),pct_mom,0.6,0.3,-0.2,0.3,1,forexfactory_calendar_paste,forexfactory_calendar_paste,2026-08-01T22:02:58+00:00,
056653e35401,macro_release,US_PPI_MOM,2020-09-10,2020-09-10T08:30:00-04:00,2020-09-10T12:30:00+00:00,BLS/BEA 08:30 ET release convention (time NOT from source table),pct_mom,0.3,0.2,0.6,0.1,1,forexfactory_calendar_paste,forexfactory_calendar_paste,2026-08-01T22:02:58+00:00,
7dc113ce92b0,macro_release,US_PPI_MOM,2020-10-14,2020-10-14T08:30:00-04:00,2020-10-14T12:30:00+00:00,BLS/BEA 08:30 ET release convention (time NOT from source table),pct_mom,0.4,0.2,0.3,0.2,1,forexfactory_calendar_paste,forexfactory_calendar_paste,2026-08-01T22:02:58+00:00,
cf65f03f49ee,macro_release,US_PPI_MOM,2020-11-13,2020-11-13T08:30:00-05:00,2020-11-13T13:30:00+00:00,BLS/BEA 08:30 ET release convention (time NOT from source table),pct_mom,0.3,0.2,0.4,0.1,1,forexfactory_calendar_paste,forexfactory_calendar_paste,2026-08-01T22:02:58+00:00,
667b15988c16,macro_release,US_PPI_MOM,2020-12-11,2020-12-11T08:30:00-05:00,2020-12-11T13:30:00+00:00,BLS/BEA 08:30 ET release convention (time NOT from source table),pct_mom,0.1,0.1,0.3,0.0,0,forexfactory_calendar_paste,forexfactory_calendar_paste,2026-08-01T22:02:58+00:00,
6ae7952aa28c,macro_release,US_PPI_MOM,2021-01-15,2021-01-15T08:30:00-05:00,2021-01-15T13:30:00+00:00,BLS/BEA 08:30 ET release convention (time NOT from source table),pct_mom,0.3,0.4,0.1,-0.1,-1,forexfactory_calendar_paste,forexfactory_calendar_paste,2026-08-01T22:02:58+00:00,
641cb2aff5dd,macro_release,US_PPI_MOM,2021-02-17,2021-02-17T08:30:00-05:00,2021-02-17T13:30:00+00:00,BLS/BEA 08:30 ET release convention (time NOT from source table),pct_mom,1.3,0.4,0.3,0.9,1,forexfactory_calendar_paste,forexfactory_calendar_paste,2026-08-01T22:02:58+00:00,
87e37fac63fd,macro_release,US_PPI_MOM,2021-03-12,2021-03-12T08:30:00-05:00,2021-03-12T13:30:00+00:00,BLS/BEA 08:30 ET release convention (time NOT from source table),pct_mom,0.5,0.4,1.3,0.1,1,forexfactory_calendar_paste,forexfactory_calendar_paste,2026-08-01T22:02:58+00:00,
c91c3167432c,macro_release,US_PPI_MOM,2021-04-09,2021-04-09T08:30:00-04:00,2021-04-09T12:30:00+00:00,BLS/BEA 08:30 ET release convention (time NOT from source table),pct_mom,1.0,0.5,0.5,0.5,1,forexfactory_calendar_paste,forexfactory_calendar_paste,2026-08-01T22:02:58+00:00,
85296f0f2049,macro_release,US_PPI_MOM,2021-05-13,2021-05-13T08:30:00-04:00,2021-05-13T12:30:00+00:00,BLS/BEA 08:30 ET release convention (time NOT from source table),pct_mom,0.6,0.3,1.0,0.3,1,forexfactory_calendar_paste,forexfactory_calendar_paste,2026-08-01T22:02:58+00:00,
bd6e4b4f0315,macro_release,US_PPI_MOM,2021-06-15,2021-06-15T08:30:00-04:00,2021-06-15T12:30:00+00:00,BLS/BEA 08:30 ET release convention (time NOT from source table),pct_mom,0.8,0.5,0.6,0.3,1,forexfactory_calendar_paste,forexfactory_calendar_paste,2026-08-01T22:02:58+00:00,
7d03e270f673,macro_release,US_PPI_MOM,2021-07-14,2021-07-14T08:30:00-04:00,2021-07-14T12:30:00+00:00,BLS/BEA 08:30 ET release convention (time NOT from source table),pct_mom,1.0,0.6,0.8,0.4,1,forexfactory_calendar_paste,forexfactory_calendar_paste,2026-08-01T22:02:58+00:00,
79abdb8ea23b,macro_release,US_PPI_MOM,2021-08-12,2021-08-12T08:30:00-04:00,2021-08-12T12:30:00+00:00,BLS/BEA 08:30 ET release convention (time NOT from source table),pct_mom,1.0,0.6,1.0,0.4,1,forexfactory_calendar_paste,forexfactory_calendar_paste,2026-08-01T22:02:58+00:00,
2a558737ceee,macro_release,US_PPI_MOM,2021-09-10,2021-09-10T08:30:00-04:00,2021-09-10T12:30:00+00:00,BLS/BEA 08:30 ET release convention (time NOT from source table),pct_mom,0.7,0.6,1.0,0.1,1,forexfactory_calendar_paste,forexfactory_calendar_paste,2026-08-01T22:02:58+00:00,
62c53dab3491,macro_release,US_PPI_MOM,2021-10-14,2021-10-14T08:30:00-04:00,2021-10-14T12:30:00+00:00,BLS/BEA 08:30 ET release convention (time NOT from source table),pct_mom,0.5,0.6,0.7,-0.1,-1,forexfactory_calendar_paste,forexfactory_calendar_paste,2026-08-01T22:02:58+00:00,
2179eb58dda0,macro_release,US_PPI_MOM,2021-11-09,2021-11-09T08:30:00-05:00,2021-11-09T13:30:00+00:00,BLS/BEA 08:30 ET release convention (time NOT from source table),pct_mom,0.6,0.6,0.5,0.0,0,forexfactory_calendar_paste,forexfactory_calendar_paste,2026-08-01T22:02:58+00:00,
62f2368271f1,macro_release,US_PPI_MOM,2021-12-14,2021-12-14T08:30:00-05:00,2021-12-14T13:30:00+00:00,BLS/BEA 08:30 ET release convention (time NOT from source table),pct_mom,0.8,0.5,0.6,0.3,1,forexfactory_calendar_paste,forexfactory_calendar_paste,2026-08-01T22:02:58+00:00,
112a9a7d1f87,macro_release,US_PPI_MOM,2022-01-13,2022-01-13T08:30:00-05:00,2022-01-13T13:30:00+00:00,BLS/BEA 08:30 ET release convention (time NOT from source table),pct_mom,0.2,0.4,0.8,-0.2,-1,forexfactory_calendar_paste,forexfactory_calendar_paste,2026-08-01T22:02:58+00:00,
bdee7b1c966b,macro_release,US_PPI_MOM,2022-02-15,2022-02-15T08:30:00-05:00,2022-02-15T13:30:00+00:00,BLS/BEA 08:30 ET release convention (time NOT from source table),pct_mom,1.0,0.5,0.2,0.5,1,forexfactory_calendar_paste,forexfactory_calendar_paste,2026-08-01T22:02:58+00:00,
116ee1fc4067,macro_release,US_PPI_MOM,2022-03-15,2022-03-15T08:30:00-04:00,2022-03-15T12:30:00+00:00,BLS/BEA 08:30 ET release convention (time NOT from source table),pct_mom,0.8,1.0,1.0,-0.2,-1,forexfactory_calendar_paste,forexfactory_calendar_paste,2026-08-01T22:02:58+00:00,
53223ac2a6dc,macro_release,US_PPI_MOM,2022-04-13,2022-04-13T08:30:00-04:00,2022-04-13T12:30:00+00:00,BLS/BEA 08:30 ET release convention (time NOT from source table),pct_mom,1.4,1.1,0.8,0.3,1,forexfactory_calendar_paste,forexfactory_calendar_paste,2026-08-01T22:02:58+00:00,
4945144c0572,macro_release,US_PPI_MOM,2022-05-12,2022-05-12T08:30:00-04:00,2022-05-12T12:30:00+00:00,BLS/BEA 08:30 ET release convention (time NOT from source table),pct_mom,0.5,0.5,1.4,0.0,0,forexfactory_calendar_paste,forexfactory_calendar_paste,2026-08-01T22:02:58+00:00,
d37affde3fed,macro_release,US_PPI_MOM,2022-06-14,2022-06-14T08:30:00-04:00,2022-06-14T12:30:00+00:00,BLS/BEA 08:30 ET release convention (time NOT from source table),pct_mom,0.8,0.8,0.5,0.0,0,forexfactory_calendar_paste,forexfactory_calendar_paste,2026-08-01T22:02:58+00:00,
093f9d13f2e3,macro_release,US_PPI_MOM,2022-07-14,2022-07-14T08:30:00-04:00,2022-07-14T12:30:00+00:00,BLS/BEA 08:30 ET release convention (time NOT from source table),pct_mom,1.1,0.8,0.8,0.3,1,forexfactory_calendar_paste,forexfactory_calendar_paste,2026-08-01T22:02:58+00:00,
fd3f45f44ad3,macro_release,US_PPI_MOM,2022-08-11,2022-08-11T08:30:00-04:00,2022-08-11T12:30:00+00:00,BLS/BEA 08:30 ET release convention (time NOT from source table),pct_mom,-0.5,0.2,1.1,-0.7,-1,forexfactory_calendar_paste,forexfactory_calendar_paste,2026-08-01T22:02:58+00:00,
f8c066cfe368,macro_release,US_PPI_MOM,2022-09-14,2022-09-14T08:30:00-04:00,2022-09-14T12:30:00+00:00,BLS/BEA 08:30 ET release convention (time NOT from source table),pct_mom,-0.1,-0.1,-0.5,0.0,0,forexfactory_calendar_paste,forexfactory_calendar_paste,2026-08-01T22:02:58+00:00,
59462cb64ae8,macro_release,US_PPI_MOM,2022-10-12,2022-10-12T08:30:00-04:00,2022-10-12T12:30:00+00:00,BLS/BEA 08:30 ET release convention (time NOT from source table),pct_mom,0.4,0.2,-0.2,0.2,1,forexfactory_calendar_paste,forexfactory_calendar_paste,2026-08-01T22:02:58+00:00,
141c879cf812,macro_release,US_PPI_MOM,2022-11-15,2022-11-15T08:30:00-05:00,2022-11-15T13:30:00+00:00,BLS/BEA 08:30 ET release convention (time NOT from source table),pct_mom,0.2,0.4,0.2,-0.2,-1,forexfactory_calendar_paste,forexfactory_calendar_paste,2026-08-01T22:02:58+00:00,
995c05ad5534,macro_release,US_PPI_MOM,2022-12-09,2022-12-09T08:30:00-05:00,2022-12-09T13:30:00+00:00,BLS/BEA 08:30 ET release convention (time NOT from source table),pct_mom,0.3,0.2,0.3,0.1,1,forexfactory_calendar_paste,forexfactory_calendar_paste,2026-08-01T22:02:58+00:00,
4423bc0a0461,macro_release,US_PPI_MOM,2023-01-18,2023-01-18T08:30:00-05:00,2023-01-18T13:30:00+00:00,BLS/BEA 08:30 ET release convention (time NOT from source table),pct_mom,-0.5,-0.1,0.2,-0.4,-1,forexfactory_calendar_paste,forexfactory_calendar_paste,2026-08-01T22:02:58+00:00,
76689bef786b,macro_release,US_PPI_MOM,2023-02-16,2023-02-16T08:30:00-05:00,2023-02-16T13:30:00+00:00,BLS/BEA 08:30 ET release convention (time NOT from source table),pct_mom,0.7,0.4,-0.2,0.3,1,forexfactory_calendar_paste,forexfactory_calendar_paste,2026-08-01T22:02:58+00:00,
f2ad6766820c,macro_release,US_PPI_MOM,2023-03-15,2023-03-15T08:30:00-04:00,2023-03-15T12:30:00+00:00,BLS/BEA 08:30 ET release convention (time NOT from source table),pct_mom,-0.1,0.3,0.3,-0.4,-1,forexfactory_calendar_paste,forexfactory_calendar_paste,2026-08-01T22:02:58+00:00,
4371b608806b,macro_release,US_PPI_MOM,2023-04-13,2023-04-13T08:30:00-04:00,2023-04-13T12:30:00+00:00,BLS/BEA 08:30 ET release convention (time NOT from source table),pct_mom,-0.5,0.0,0.0,-0.5,-1,forexfactory_calendar_paste,forexfactory_calendar_paste,2026-08-01T22:02:58+00:00,
ee83d59107b7,macro_release,US_PPI_MOM,2023-05-11,2023-05-11T08:30:00-04:00,2023-05-11T12:30:00+00:00,BLS/BEA 08:30 ET release convention (time NOT from source table),pct_mom,0.2,0.3,-0.4,-0.1,-1,forexfactory_calendar_paste,forexfactory_calendar_paste,2026-08-01T22:02:58+00:00,
54e0686977c4,macro_release,US_PPI_MOM,2023-06-14,2023-06-14T08:30:00-04:00,2023-06-14T12:30:00+00:00,BLS/BEA 08:30 ET release convention (time NOT from source table),pct_mom,-0.3,-0.1,0.2,-0.2,-1,forexfactory_calendar_paste,forexfactory_calendar_paste,2026-08-01T22:02:58+00:00,
0c3c14985cc4,macro_release,US_PPI_MOM,2023-07-13,2023-07-13T08:30:00-04:00,2023-07-13T12:30:00+00:00,BLS/BEA 08:30 ET release convention (time NOT from source table),pct_mom,0.1,0.2,-0.4,-0.1,-1,forexfactory_calendar_paste,forexfactory_calendar_paste,2026-08-01T22:02:58+00:00,
8a911366e473,macro_release,US_PPI_MOM,2023-08-11,2023-08-11T08:30:00-04:00,2023-08-11T12:30:00+00:00,BLS/BEA 08:30 ET release convention (time NOT from source table),pct_mom,0.3,0.2,0.0,0.1,1,forexfactory_calendar_paste,forexfactory_calendar_paste,2026-08-01T22:02:58+00:00,
ba9db2cdfe56,macro_release,US_PPI_MOM,2023-09-14,2023-09-14T08:30:00-04:00,2023-09-14T12:30:00+00:00,BLS/BEA 08:30 ET release convention (time NOT from source table),pct_mom,0.7,0.4,0.4,0.3,1,forexfactory_calendar_paste,forexfactory_calendar_paste,2026-08-01T22:02:58+00:00,
a9d0816fda74,macro_release,US_PPI_MOM,2023-10-11,2023-10-11T08:30:00-04:00,2023-10-11T12:30:00+00:00,BLS/BEA 08:30 ET release convention (time NOT from source table),pct_mom,0.5,0.3,0.7,0.2,1,forexfactory_calendar_paste,forexfactory_calendar_paste,2026-08-01T22:02:58+00:00,
f620e9f4ec6f,macro_release,US_PPI_MOM,2023-11-15,2023-11-15T08:30:00-05:00,2023-11-15T13:30:00+00:00,BLS/BEA 08:30 ET release convention (time NOT from source table),pct_mom,-0.5,0.1,0.4,-0.6,-1,forexfactory_calendar_paste,forexfactory_calendar_paste,2026-08-01T22:02:58+00:00,
67edd4b58ccd,macro_release,US_PPI_MOM,2023-12-13,2023-12-13T08:30:00-05:00,2023-12-13T13:30:00+00:00,BLS/BEA 08:30 ET release convention (time NOT from source table),pct_mom,0.0,0.0,-0.4,0.0,0,forexfactory_calendar_paste,forexfactory_calendar_paste,2026-08-01T22:02:58+00:00,
973127995825,macro_release,US_PPI_MOM,2024-01-12,2024-01-12T08:30:00-05:00,2024-01-12T13:30:00+00:00,BLS/BEA 08:30 ET release convention (time NOT from source table),pct_mom,-0.1,0.1,-0.1,-0.2,-1,forexfactory_calendar_paste,forexfactory_calendar_paste,2026-08-01T22:02:58+00:00,
6e6416067734,macro_release,US_PPI_MOM,2024-02-16,2024-02-16T08:30:00-05:00,2024-02-16T13:30:00+00:00,BLS/BEA 08:30 ET release convention (time NOT from source table),pct_mom,0.3,0.1,-0.1,0.2,1,forexfactory_calendar_paste,forexfactory_calendar_paste,2026-08-01T22:02:58+00:00,
2bf52a339d1e,macro_release,US_PPI_MOM,2024-03-14,2024-03-14T08:30:00-04:00,2024-03-14T12:30:00+00:00,BLS/BEA 08:30 ET release convention (time NOT from source table),pct_mom,0.6,0.3,0.3,0.3,1,forexfactory_calendar_paste,forexfactory_calendar_paste,2026-08-01T22:02:58+00:00,
0b3fa54dd651,macro_release,US_PPI_MOM,2024-04-11,2024-04-11T08:30:00-04:00,2024-04-11T12:30:00+00:00,BLS/BEA 08:30 ET release convention (time NOT from source table),pct_mom,0.2,0.3,0.6,-0.1,-1,forexfactory_calendar_paste,forexfactory_calendar_paste,2026-08-01T22:02:58+00:00,
ec84d63f09ae,macro_release,US_PPI_MOM,2024-05-14,2024-05-14T08:30:00-04:00,2024-05-14T12:30:00+00:00,BLS/BEA 08:30 ET release convention (time NOT from source table),pct_mom,0.5,0.3,-0.1,0.2,1,forexfactory_calendar_paste,forexfactory_calendar_paste,2026-08-01T22:02:58+00:00,
5cbae83b6c44,macro_release,US_PPI_MOM,2024-06-13,2024-06-13T08:30:00-04:00,2024-06-13T12:30:00+00:00,BLS/BEA 08:30 ET release convention (time NOT from source table),pct_mom,-0.2,0.1,0.5,-0.3,-1,forexfactory_calendar_paste,forexfactory_calendar_paste,2026-08-01T22:02:58+00:00,
317ee7dfc9a0,macro_release,US_PPI_MOM,2024-07-12,2024-07-12T08:30:00-04:00,2024-07-12T12:30:00+00:00,BLS/BEA 08:30 ET release convention (time NOT from source table),pct_mom,0.2,0.1,0.0,0.1,1,forexfactory_calendar_paste,forexfactory_calendar_paste,2026-08-01T22:02:58+00:00,
544219cb55da,macro_release,US_PPI_MOM,2024-08-13,2024-08-13T08:30:00-04:00,2024-08-13T12:30:00+00:00,BLS/BEA 08:30 ET release convention (time NOT from source table),pct_mom,0.1,0.2,0.2,-0.1,-1,forexfactory_calendar_paste,forexfactory_calendar_paste,2026-08-01T22:02:58+00:00,
5aabf0eddff0,macro_release,US_PPI_MOM,2024-09-12,2024-09-12T08:30:00-04:00,2024-09-12T12:30:00+00:00,BLS/BEA 08:30 ET release convention (time NOT from source table),pct_mom,0.2,0.1,0.0,0.1,1,forexfactory_calendar_paste,forexfactory_calendar_paste,2026-08-01T22:02:58+00:00,
086ecc0f47eb,macro_release,US_PPI_MOM,2024-10-11,2024-10-11T08:30:00-04:00,2024-10-11T12:30:00+00:00,BLS/BEA 08:30 ET release convention (time NOT from source table),pct_mom,0.0,0.1,0.2,-0.1,-1,forexfactory_calendar_paste,forexfactory_calendar_paste,2026-08-01T22:02:58+00:00,
c139122f5407,macro_release,US_PPI_MOM,2024-11-14,2024-11-14T08:30:00-05:00,2024-11-14T13:30:00+00:00,BLS/BEA 08:30 ET release convention (time NOT from source table),pct_mom,0.2,0.2,0.1,0.0,0,forexfactory_calendar_paste,forexfactory_calendar_paste,2026-08-01T22:02:58+00:00,
3cdd90814879,macro_release,US_PPI_MOM,2024-12-12,2024-12-12T08:30:00-05:00,2024-12-12T13:30:00+00:00,BLS/BEA 08:30 ET release convention (time NOT from source table),pct_mom,0.4,0.2,0.3,0.2,1,forexfactory_calendar_paste,forexfactory_calendar_paste,2026-08-01T22:02:58+00:00,
4a1788a3f40c,macro_release,US_PPI_MOM,2025-01-14,2025-01-14T08:30:00-05:00,2025-01-14T13:30:00+00:00,BLS/BEA 08:30 ET release convention (time NOT from source table),pct_mom,0.2,0.4,0.4,-0.2,-1,forexfactory_calendar_paste,forexfactory_calendar_paste,2026-08-01T22:02:58+00:00,
aae2f9481c86,macro_release,US_PPI_MOM,2025-02-13,2025-02-13T08:30:00-05:00,2025-02-13T13:30:00+00:00,BLS/BEA 08:30 ET release convention (time NOT from source table),pct_mom,0.4,0.3,0.5,0.1,1,forexfactory_calendar_paste,forexfactory_calendar_paste,2026-08-01T22:02:58+00:00,
c0f9a8229ae4,macro_release,US_PPI_MOM,2025-03-13,2025-03-13T08:30:00-04:00,2025-03-13T12:30:00+00:00,BLS/BEA 08:30 ET release convention (time NOT from source table),pct_mom,0.0,0.3,0.6,-0.3,-1,forexfactory_calendar_paste,forexfactory_calendar_paste,2026-08-01T22:02:58+00:00,
a7b7aaa18b42,macro_release,US_PPI_MOM,2025-04-11,2025-04-11T08:30:00-04:00,2025-04-11T12:30:00+00:00,BLS/BEA 08:30 ET release convention (time NOT from source table),pct_mom,-0.4,0.2,0.1,-0.6,-1,forexfactory_calendar_paste,forexfactory_calendar_paste,2026-08-01T22:02:58+00:00,
23049541658c,macro_release,US_PPI_MOM,2025-05-15,2025-05-15T08:30:00-04:00,2025-05-15T12:30:00+00:00,BLS/BEA 08:30 ET release convention (time NOT from source table),pct_mom,-0.5,0.2,0.0,-0.7,-1,forexfactory_calendar_paste,forexfactory_calendar_paste,2026-08-01T22:02:58+00:00,
ada731eb1455,macro_release,US_PPI_MOM,2025-06-12,2025-06-12T08:30:00-04:00,2025-06-12T12:30:00+00:00,BLS/BEA 08:30 ET release convention (time NOT from source table),pct_mom,0.1,0.2,-0.2,-0.1,-1,forexfactory_calendar_paste,forexfactory_calendar_paste,2026-08-01T22:02:58+00:00,
6a856fe8f16c,macro_release,US_PPI_MOM,2025-07-16,2025-07-16T08:30:00-04:00,2025-07-16T12:30:00+00:00,BLS/BEA 08:30 ET release convention (time NOT from source table),pct_mom,0.0,0.2,0.3,-0.2,-1,forexfactory_calendar_paste,forexfactory_calendar_paste,2026-08-01T22:02:58+00:00,
8d1879dce6a0,macro_release,US_PPI_MOM,2025-08-14,2025-08-14T08:30:00-04:00,2025-08-14T12:30:00+00:00,BLS/BEA 08:30 ET release convention (time NOT from source table),pct_mom,0.9,0.2,0.0,0.7,1,forexfactory_calendar_paste,forexfactory_calendar_paste,2026-08-01T22:02:58+00:00,
b8c123905d17,macro_release,US_PPI_MOM,2025-09-10,2025-09-10T08:30:00-04:00,2025-09-10T12:30:00+00:00,BLS/BEA 08:30 ET release convention (time NOT from source table),pct_mom,-0.1,0.3,0.7,-0.4,-1,forexfactory_calendar_paste,forexfactory_calendar_paste,2026-08-01T22:02:58+00:00,
4488fee95f37,macro_release,US_PPI_MOM,2025-11-25,2025-11-25T08:30:00-05:00,2025-11-25T13:30:00+00:00,BLS/BEA 08:30 ET release convention (time NOT from source table),pct_mom,0.3,0.3,-0.1,0.0,0,forexfactory_calendar_paste,forexfactory_calendar_paste,2026-08-01T22:02:58+00:00,
1a03cdcf818c,macro_release,US_PPI_MOM,2026-01-14,2026-01-14T08:30:00-05:00,2026-01-14T13:30:00+00:00,BLS/BEA 08:30 ET release convention (time NOT from source table),pct_mom,0.2,0.2,0.1,0.0,0,forexfactory_calendar_paste,forexfactory_calendar_paste,2026-08-01T22:02:58+00:00,
c3353ab94992,macro_release,US_PPI_MOM,2026-01-14,2026-01-14T08:30:00-05:00,2026-01-14T13:30:00+00:00,BLS/BEA 08:30 ET release convention (time NOT from source table),pct_mom,0.1,,0.6,,,forexfactory_calendar_paste,,2026-08-01T22:02:58+00:00,
3829ae96d7e6,macro_release,US_PPI_MOM,2026-01-30,2026-01-30T08:30:00-05:00,2026-01-30T13:30:00+00:00,BLS/BEA 08:30 ET release convention (time NOT from source table),pct_mom,0.5,0.2,0.2,0.3,1,forexfactory_calendar_paste,forexfactory_calendar_paste,2026-08-01T22:02:58+00:00,
2492b5af1807,macro_release,US_PPI_MOM,2026-02-27,2026-02-27T08:30:00-05:00,2026-02-27T13:30:00+00:00,BLS/BEA 08:30 ET release convention (time NOT from source table),pct_mom,0.5,0.3,0.4,0.2,1,forexfactory_calendar_paste,forexfactory_calendar_paste,2026-08-01T22:02:58+00:00,
6ce409de2996,macro_release,US_PPI_MOM,2026-03-18,2026-03-18T08:30:00-04:00,2026-03-18T12:30:00+00:00,BLS/BEA 08:30 ET release convention (time NOT from source table),pct_mom,0.7,0.3,0.5,0.4,1,forexfactory_calendar_paste,forexfactory_calendar_paste,2026-08-01T22:02:58+00:00,
27277ba672da,macro_release,US_PPI_MOM,2026-04-14,2026-04-14T08:30:00-04:00,2026-04-14T12:30:00+00:00,BLS/BEA 08:30 ET release convention (time NOT from source table),pct_mom,0.5,1.1,0.5,-0.6,-1,forexfactory_calendar_paste,forexfactory_calendar_paste,2026-08-01T22:02:58+00:00,
e1fcc6d81105,macro_release,US_PPI_MOM,2026-05-13,2026-05-13T08:30:00-04:00,2026-05-13T12:30:00+00:00,BLS/BEA 08:30 ET release convention (time NOT from source table),pct_mom,1.4,0.5,0.7,0.9,1,forexfactory_calendar_paste,forexfactory_calendar_paste,2026-08-01T22:02:58+00:00,
55eca7d4aeb1,macro_release,US_PPI_MOM,2026-06-11,2026-06-11T08:30:00-04:00,2026-06-11T12:30:00+00:00,BLS/BEA 08:30 ET release convention (time NOT from source table),pct_mom,1.1,0.7,1.1,0.4,1,forexfactory_calendar_paste,forexfactory_calendar_paste,2026-08-01T22:02:58+00:00,
87841723679d,macro_release,US_PPI_MOM,2026-07-15,2026-07-15T08:30:00-04:00,2026-07-15T12:30:00+00:00,BLS/BEA 08:30 ET release convention (time NOT from source table),pct_mom,-0.3,0.0,0.6,-0.3,-1,forexfactory_calendar_paste,forexfactory_calendar_paste,2026-08-01T22:02:58+00:00,
bf875b9be365,macro_release,US_CORE_PPI_MOM,2020-07-10,2020-07-10T08:30:00-04:00,2020-07-10T12:30:00+00:00,BLS/BEA 08:30 ET release convention (time NOT from source table),pct_mom,-0.3,0.1,-0.1,-0.4,-1,forexfactory_calendar_paste,forexfactory_calendar_paste,2026-08-01T22:02:58+00:00,
33f9206360d0,macro_release,US_CORE_PPI_MOM,2020-08-11,2020-08-11T08:30:00-04:00,2020-08-11T12:30:00+00:00,BLS/BEA 08:30 ET release convention (time NOT from source table),pct_mom,0.5,0.1,-0.3,0.4,1,forexfactory_calendar_paste,forexfactory_calendar_paste,2026-08-01T22:02:58+00:00,
888c798154d9,macro_release,US_CORE_PPI_MOM,2020-09-10,2020-09-10T08:30:00-04:00,2020-09-10T12:30:00+00:00,BLS/BEA 08:30 ET release convention (time NOT from source table),pct_mom,0.4,0.2,0.5,0.2,1,forexfactory_calendar_paste,forexfactory_calendar_paste,2026-08-01T22:02:58+00:00,
07f59b4b6c02,macro_release,US_CORE_PPI_MOM,2020-10-14,2020-10-14T08:30:00-04:00,2020-10-14T12:30:00+00:00,BLS/BEA 08:30 ET release convention (time NOT from source table),pct_mom,0.4,0.2,0.4,0.2,1,forexfactory_calendar_paste,forexfactory_calendar_paste,2026-08-01T22:02:58+00:00,
8ba9112a5a40,macro_release,US_CORE_PPI_MOM,2020-11-13,2020-11-13T08:30:00-05:00,2020-11-13T13:30:00+00:00,BLS/BEA 08:30 ET release convention (time NOT from source table),pct_mom,0.1,0.2,0.4,-0.1,-1,forexfactory_calendar_paste,forexfactory_calendar_paste,2026-08-01T22:02:58+00:00,
a2674c55e178,macro_release,US_CORE_PPI_MOM,2020-12-11,2020-12-11T08:30:00-05:00,2020-12-11T13:30:00+00:00,BLS/BEA 08:30 ET release convention (time NOT from source table),pct_mom,0.1,0.2,0.1,-0.1,-1,forexfactory_calendar_paste,forexfactory_calendar_paste,2026-08-01T22:02:58+00:00,
7eeedb4663b9,macro_release,US_CORE_PPI_MOM,2021-01-15,2021-01-15T08:30:00-05:00,2021-01-15T13:30:00+00:00,BLS/BEA 08:30 ET release convention (time NOT from source table),pct_mom,0.1,0.1,0.1,0.0,0,forexfactory_calendar_paste,forexfactory_calendar_paste,2026-08-01T22:02:58+00:00,
908ce4b1c73d,macro_release,US_CORE_PPI_MOM,2021-02-17,2021-02-17T08:30:00-05:00,2021-02-17T13:30:00+00:00,BLS/BEA 08:30 ET release convention (time NOT from source table),pct_mom,1.2,0.2,0.1,1.0,1,forexfactory_calendar_paste,forexfactory_calendar_paste,2026-08-01T22:02:58+00:00,
4e9b2fef0f04,macro_release,US_CORE_PPI_MOM,2021-03-12,2021-03-12T08:30:00-05:00,2021-03-12T13:30:00+00:00,BLS/BEA 08:30 ET release convention (time NOT from source table),pct_mom,0.2,0.2,1.2,0.0,0,forexfactory_calendar_paste,forexfactory_calendar_paste,2026-08-01T22:02:58+00:00,
bb807527bda4,macro_release,US_CORE_PPI_MOM,2021-04-09,2021-04-09T08:30:00-04:00,2021-04-09T12:30:00+00:00,BLS/BEA 08:30 ET release convention (time NOT from source table),pct_mom,0.7,0.2,0.2,0.5,1,forexfactory_calendar_paste,forexfactory_calendar_paste,2026-08-01T22:02:58+00:00,
890ffc683d14,macro_release,US_CORE_PPI_MOM,2021-05-13,2021-05-13T08:30:00-04:00,2021-05-13T12:30:00+00:00,BLS/BEA 08:30 ET release convention (time NOT from source table),pct_mom,0.7,0.4,0.7,0.3,1,forexfactory_calendar_paste,forexfactory_calendar_paste,2026-08-01T22:02:58+00:00,
66a73c443858,macro_release,US_CORE_PPI_MOM,2021-06-15,2021-06-15T08:30:00-04:00,2021-06-15T12:30:00+00:00,BLS/BEA 08:30 ET release convention (time NOT from source table),pct_mom,0.7,0.5,0.7,0.2,1,forexfactory_calendar_paste,forexfactory_calendar_paste,2026-08-01T22:02:58+00:00,
37ac10f119ea,macro_release,US_CORE_PPI_MOM,2021-07-14,2021-07-14T08:30:00-04:00,2021-07-14T12:30:00+00:00,BLS/BEA 08:30 ET release convention (time NOT from source table),pct_mom,1.0,0.5,0.7,0.5,1,forexfactory_calendar_paste,forexfactory_calendar_paste,2026-08-01T22:02:58+00:00,
9edb53781a5d,macro_release,US_CORE_PPI_MOM,2021-08-12,2021-08-12T08:30:00-04:00,2021-08-12T12:30:00+00:00,BLS/BEA 08:30 ET release convention (time NOT from source table),pct_mom,1.0,0.5,1.0,0.5,1,forexfactory_calendar_paste,forexfactory_calendar_paste,2026-08-01T22:02:58+00:00,
708d432910d2,macro_release,US_CORE_PPI_MOM,2021-09-10,2021-09-10T08:30:00-04:00,2021-09-10T12:30:00+00:00,BLS/BEA 08:30 ET release convention (time NOT from source table),pct_mom,0.6,0.5,1.0,0.1,1,forexfactory_calendar_paste,forexfactory_calendar_paste,2026-08-01T22:02:58+00:00,
4c3b84020308,macro_release,US_CORE_PPI_MOM,2021-10-14,2021-10-14T08:30:00-04:00,2021-10-14T12:30:00+00:00,BLS/BEA 08:30 ET release convention (time NOT from source table),pct_mom,0.2,0.5,0.6,-0.3,-1,forexfactory_calendar_paste,forexfactory_calendar_paste,2026-08-01T22:02:58+00:00,
5e33bdc1cdc1,macro_release,US_CORE_PPI_MOM,2021-11-09,2021-11-09T08:30:00-05:00,2021-11-09T13:30:00+00:00,BLS/BEA 08:30 ET release convention (time NOT from source table),pct_mom,0.4,0.5,0.2,-0.1,-1,forexfactory_calendar_paste,forexfactory_calendar_paste,2026-08-01T22:02:58+00:00,
0b5e0aad7e77,macro_release,US_CORE_PPI_MOM,2021-12-14,2021-12-14T08:30:00-05:00,2021-12-14T13:30:00+00:00,BLS/BEA 08:30 ET release convention (time NOT from source table),pct_mom,0.7,0.4,0.4,0.3,1,forexfactory_calendar_paste,forexfactory_calendar_paste,2026-08-01T22:02:58+00:00,
d201ac09e81b,macro_release,US_CORE_PPI_MOM,2022-01-13,2022-01-13T08:30:00-05:00,2022-01-13T13:30:00+00:00,BLS/BEA 08:30 ET release convention (time NOT from source table),pct_mom,0.5,0.5,0.7,0.0,0,forexfactory_calendar_paste,forexfactory_calendar_paste,2026-08-01T22:02:58+00:00,
fef5a2ede3ac,macro_release,US_CORE_PPI_MOM,2022-02-15,2022-02-15T08:30:00-05:00,2022-02-15T13:30:00+00:00,BLS/BEA 08:30 ET release convention (time NOT from source table),pct_mom,0.8,0.5,0.5,0.3,1,forexfactory_calendar_paste,forexfactory_calendar_paste,2026-08-01T22:02:58+00:00,
c19b028c0f3b,macro_release,US_CORE_PPI_MOM,2022-03-15,2022-03-15T08:30:00-04:00,2022-03-15T12:30:00+00:00,BLS/BEA 08:30 ET release convention (time NOT from source table),pct_mom,0.2,0.6,0.8,-0.4,-1,forexfactory_calendar_paste,forexfactory_calendar_paste,2026-08-01T22:02:58+00:00,
b877dead27d2,macro_release,US_CORE_PPI_MOM,2022-04-13,2022-04-13T08:30:00-04:00,2022-04-13T12:30:00+00:00,BLS/BEA 08:30 ET release convention (time NOT from source table),pct_mom,1.0,0.5,0.2,0.5,1,forexfactory_calendar_paste,forexfactory_calendar_paste,2026-08-01T22:02:58+00:00,
1c1f5e955bed,macro_release,US_CORE_PPI_MOM,2022-05-12,2022-05-12T08:30:00-04:00,2022-05-12T12:30:00+00:00,BLS/BEA 08:30 ET release convention (time NOT from source table),pct_mom,0.4,0.6,1.0,-0.2,-1,forexfactory_calendar_paste,forexfactory_calendar_paste,2026-08-01T22:02:58+00:00,
c052af2f6966,macro_release,US_CORE_PPI_MOM,2022-06-14,2022-06-14T08:30:00-04:00,2022-06-14T12:30:00+00:00,BLS/BEA 08:30 ET release convention (time NOT from source table),pct_mom,0.5,0.6,0.4,-0.1,-1,forexfactory_calendar_paste,forexfactory_calendar_paste,2026-08-01T22:02:58+00:00,
0d7035cb6855,macro_release,US_CORE_PPI_MOM,2022-07-14,2022-07-14T08:30:00-04:00,2022-07-14T12:30:00+00:00,BLS/BEA 08:30 ET release convention (time NOT from source table),pct_mom,0.4,0.5,0.5,-0.1,-1,forexfactory_calendar_paste,forexfactory_calendar_paste,2026-08-01T22:02:58+00:00,
04b5227f8a24,macro_release,US_CORE_PPI_MOM,2022-08-11,2022-08-11T08:30:00-04:00,2022-08-11T12:30:00+00:00,BLS/BEA 08:30 ET release convention (time NOT from source table),pct_mom,0.2,0.4,0.4,-0.2,-1,forexfactory_calendar_paste,forexfactory_calendar_paste,2026-08-01T22:02:58+00:00,
05e5114ddfb5,macro_release,US_CORE_PPI_MOM,2022-09-14,2022-09-14T08:30:00-04:00,2022-09-14T12:30:00+00:00,BLS/BEA 08:30 ET release convention (time NOT from source table),pct_mom,0.4,0.3,0.2,0.1,1,forexfactory_calendar_paste,forexfactory_calendar_paste,2026-08-01T22:02:58+00:00,
4ed7c95b1dc5,macro_release,US_CORE_PPI_MOM,2022-10-12,2022-10-12T08:30:00-04:00,2022-10-12T12:30:00+00:00,BLS/BEA 08:30 ET release convention (time NOT from source table),pct_mom,0.3,0.3,0.3,0.0,0,forexfactory_calendar_paste,forexfactory_calendar_paste,2026-08-01T22:02:58+00:00,
ba4fea515172,macro_release,US_CORE_PPI_MOM,2022-11-15,2022-11-15T08:30:00-05:00,2022-11-15T13:30:00+00:00,BLS/BEA 08:30 ET release convention (time NOT from source table),pct_mom,0.0,0.3,0.2,-0.3,-1,forexfactory_calendar_paste,forexfactory_calendar_paste,2026-08-01T22:02:58+00:00,
5251aa410d03,macro_release,US_CORE_PPI_MOM,2022-12-09,2022-12-09T08:30:00-05:00,2022-12-09T13:30:00+00:00,BLS/BEA 08:30 ET release convention (time NOT from source table),pct_mom,0.4,0.2,0.1,0.2,1,forexfactory_calendar_paste,forexfactory_calendar_paste,2026-08-01T22:02:58+00:00,
d602abb4c68d,macro_release,US_CORE_PPI_MOM,2023-01-18,2023-01-18T08:30:00-05:00,2023-01-18T13:30:00+00:00,BLS/BEA 08:30 ET release convention (time NOT from source table),pct_mom,0.1,0.1,0.2,0.0,0,forexfactory_calendar_paste,forexfactory_calendar_paste,2026-08-01T22:02:58+00:00,
1d8f8453b1ed,macro_release,US_CORE_PPI_MOM,2023-02-16,2023-02-16T08:30:00-05:00,2023-02-16T13:30:00+00:00,BLS/BEA 08:30 ET release convention (time NOT from source table),pct_mom,0.5,0.3,0.3,0.2,1,forexfactory_calendar_paste,forexfactory_calendar_paste,2026-08-01T22:02:58+00:00,
0ea83a5dd31e,macro_release,US_CORE_PPI_MOM,2023-03-15,2023-03-15T08:30:00-04:00,2023-03-15T12:30:00+00:00,BLS/BEA 08:30 ET release convention (time NOT from source table),pct_mom,0.0,0.4,0.1,-0.4,-1,forexfactory_calendar_paste,forexfactory_calendar_paste,2026-08-01T22:02:58+00:00,
d17b9fb5a543,macro_release,US_CORE_PPI_MOM,2023-04-13,2023-04-13T08:30:00-04:00,2023-04-13T12:30:00+00:00,BLS/BEA 08:30 ET release convention (time NOT from source table),pct_mom,-0.1,0.2,0.2,-0.3,-1,forexfactory_calendar_paste,forexfactory_calendar_paste,2026-08-01T22:02:58+00:00,
8c299f29045d,macro_release,US_CORE_PPI_MOM,2023-05-11,2023-05-11T08:30:00-04:00,2023-05-11T12:30:00+00:00,BLS/BEA 08:30 ET release convention (time NOT from source table),pct_mom,0.2,0.2,0.0,0.0,0,forexfactory_calendar_paste,forexfactory_calendar_paste,2026-08-01T22:02:58+00:00,
17f3fda25439,macro_release,US_CORE_PPI_MOM,2023-06-14,2023-06-14T08:30:00-04:00,2023-06-14T12:30:00+00:00,BLS/BEA 08:30 ET release convention (time NOT from source table),pct_mom,0.2,0.2,0.2,0.0,0,forexfactory_calendar_paste,forexfactory_calendar_paste,2026-08-01T22:02:58+00:00,
57662dbd80f7,macro_release,US_CORE_PPI_MOM,2023-07-13,2023-07-13T08:30:00-04:00,2023-07-13T12:30:00+00:00,BLS/BEA 08:30 ET release convention (time NOT from source table),pct_mom,0.1,0.2,0.1,-0.1,-1,forexfactory_calendar_paste,forexfactory_calendar_paste,2026-08-01T22:02:58+00:00,
7239a786a46c,macro_release,US_CORE_PPI_MOM,2023-08-11,2023-08-11T08:30:00-04:00,2023-08-11T12:30:00+00:00,BLS/BEA 08:30 ET release convention (time NOT from source table),pct_mom,0.3,0.2,-0.1,0.1,1,forexfactory_calendar_paste,forexfactory_calendar_paste,2026-08-01T22:02:58+00:00,
3f5bc8d9b9ee,macro_release,US_CORE_PPI_MOM,2023-09-14,2023-09-14T08:30:00-04:00,2023-09-14T12:30:00+00:00,BLS/BEA 08:30 ET release convention (time NOT from source table),pct_mom,0.2,0.2,0.4,0.0,0,forexfactory_calendar_paste,forexfactory_calendar_paste,2026-08-01T22:02:58+00:00,
0ba47e4f542f,macro_release,US_CORE_PPI_MOM,2023-10-11,2023-10-11T08:30:00-04:00,2023-10-11T12:30:00+00:00,BLS/BEA 08:30 ET release convention (time NOT from source table),pct_mom,0.3,0.2,0.2,0.1,1,forexfactory_calendar_paste,forexfactory_calendar_paste,2026-08-01T22:02:58+00:00,
f38d528e8b9f,macro_release,US_CORE_PPI_MOM,2023-11-15,2023-11-15T08:30:00-05:00,2023-11-15T13:30:00+00:00,BLS/BEA 08:30 ET release convention (time NOT from source table),pct_mom,0.0,0.3,0.2,-0.3,-1,forexfactory_calendar_paste,forexfactory_calendar_paste,2026-08-01T22:02:58+00:00,
3a628051dee9,macro_release,US_CORE_PPI_MOM,2023-12-13,2023-12-13T08:30:00-05:00,2023-12-13T13:30:00+00:00,BLS/BEA 08:30 ET release convention (time NOT from source table),pct_mom,0.0,0.2,0.0,-0.2,-1,forexfactory_calendar_paste,forexfactory_calendar_paste,2026-08-01T22:02:58+00:00,
bff60ef987ad,macro_release,US_CORE_PPI_MOM,2024-01-12,2024-01-12T08:30:00-05:00,2024-01-12T13:30:00+00:00,BLS/BEA 08:30 ET release convention (time NOT from source table),pct_mom,0.0,0.2,0.0,-0.2,-1,forexfactory_calendar_paste,forexfactory_calendar_paste,2026-08-01T22:02:58+00:00,
af9102862db3,macro_release,US_CORE_PPI_MOM,2024-02-16,2024-02-16T08:30:00-05:00,2024-02-16T13:30:00+00:00,BLS/BEA 08:30 ET release convention (time NOT from source table),pct_mom,0.5,0.1,-0.1,0.4,1,forexfactory_calendar_paste,forexfactory_calendar_paste,2026-08-01T22:02:58+00:00,
4cc4ef0bb148,macro_release,US_CORE_PPI_MOM,2024-03-14,2024-03-14T08:30:00-04:00,2024-03-14T12:30:00+00:00,BLS/BEA 08:30 ET release convention (time NOT from source table),pct_mom,0.3,0.2,0.5,0.1,1,forexfactory_calendar_paste,forexfactory_calendar_paste,2026-08-01T22:02:58+00:00,
454d1630b40f,macro_release,US_CORE_PPI_MOM,2024-04-11,2024-04-11T08:30:00-04:00,2024-04-11T12:30:00+00:00,BLS/BEA 08:30 ET release convention (time NOT from source table),pct_mom,0.2,0.2,0.3,0.0,0,forexfactory_calendar_paste,forexfactory_calendar_paste,2026-08-01T22:02:58+00:00,
4e9ac51b295c,macro_release,US_CORE_PPI_MOM,2024-05-14,2024-05-14T08:30:00-04:00,2024-05-14T12:30:00+00:00,BLS/BEA 08:30 ET release convention (time NOT from source table),pct_mom,0.5,0.2,-0.1,0.3,1,forexfactory_calendar_paste,forexfactory_calendar_paste,2026-08-01T22:02:58+00:00,
2eca319466b1,macro_release,US_CORE_PPI_MOM,2024-06-13,2024-06-13T08:30:00-04:00,2024-06-13T12:30:00+00:00,BLS/BEA 08:30 ET release convention (time NOT from source table),pct_mom,0.0,0.3,0.5,-0.3,-1,forexfactory_calendar_paste,forexfactory_calendar_paste,2026-08-01T22:02:58+00:00,
e420045d3172,macro_release,US_CORE_PPI_MOM,2024-07-12,2024-07-12T08:30:00-04:00,2024-07-12T12:30:00+00:00,BLS/BEA 08:30 ET release convention (time NOT from source table),pct_mom,0.4,0.2,0.3,0.2,1,forexfactory_calendar_paste,forexfactory_calendar_paste,2026-08-01T22:02:58+00:00,
97ee174366f7,macro_release,US_CORE_PPI_MOM,2024-08-13,2024-08-13T08:30:00-04:00,2024-08-13T12:30:00+00:00,BLS/BEA 08:30 ET release convention (time NOT from source table),pct_mom,0.0,0.2,0.3,-0.2,-1,forexfactory_calendar_paste,forexfactory_calendar_paste,2026-08-01T22:02:58+00:00,
06ddf99a0e6b,macro_release,US_CORE_PPI_MOM,2024-09-12,2024-09-12T08:30:00-04:00,2024-09-12T12:30:00+00:00,BLS/BEA 08:30 ET release convention (time NOT from source table),pct_mom,0.3,0.2,-0.2,0.1,1,forexfactory_calendar_paste,forexfactory_calendar_paste,2026-08-01T22:02:58+00:00,
06578be56f09,macro_release,US_CORE_PPI_MOM,2024-10-11,2024-10-11T08:30:00-04:00,2024-10-11T12:30:00+00:00,BLS/BEA 08:30 ET release convention (time NOT from source table),pct_mom,0.2,0.2,0.3,0.0,0,forexfactory_calendar_paste,forexfactory_calendar_paste,2026-08-01T22:02:58+00:00,
8cae6868beee,macro_release,US_CORE_PPI_MOM,2024-11-14,2024-11-14T08:30:00-05:00,2024-11-14T13:30:00+00:00,BLS/BEA 08:30 ET release convention (time NOT from source table),pct_mom,0.3,0.3,0.2,0.0,0,forexfactory_calendar_paste,forexfactory_calendar_paste,2026-08-01T22:02:58+00:00,
a59cd5fcade3,macro_release,US_CORE_PPI_MOM,2024-12-12,2024-12-12T08:30:00-05:00,2024-12-12T13:30:00+00:00,BLS/BEA 08:30 ET release convention (time NOT from source table),pct_mom,0.2,0.2,0.3,0.0,0,forexfactory_calendar_paste,forexfactory_calendar_paste,2026-08-01T22:02:58+00:00,
ad535550497a,macro_release,US_CORE_PPI_MOM,2025-01-14,2025-01-14T08:30:00-05:00,2025-01-14T13:30:00+00:00,BLS/BEA 08:30 ET release convention (time NOT from source table),pct_mom,0.0,0.2,0.2,-0.2,-1,forexfactory_calendar_paste,forexfactory_calendar_paste,2026-08-01T22:02:58+00:00,
94dfef56114b,macro_release,US_CORE_PPI_MOM,2025-02-13,2025-02-13T08:30:00-05:00,2025-02-13T13:30:00+00:00,BLS/BEA 08:30 ET release convention (time NOT from source table),pct_mom,0.3,0.3,0.4,0.0,0,forexfactory_calendar_paste,forexfactory_calendar_paste,2026-08-01T22:02:58+00:00,
e8716643bf31,macro_release,US_CORE_PPI_MOM,2025-03-13,2025-03-13T08:30:00-04:00,2025-03-13T12:30:00+00:00,BLS/BEA 08:30 ET release convention (time NOT from source table),pct_mom,-0.1,0.3,0.5,-0.4,-1,forexfactory_calendar_paste,forexfactory_calendar_paste,2026-08-01T22:02:58+00:00,
94b78c5c2a92,macro_release,US_CORE_PPI_MOM,2025-04-11,2025-04-11T08:30:00-04:00,2025-04-11T12:30:00+00:00,BLS/BEA 08:30 ET release convention (time NOT from source table),pct_mom,-0.1,0.3,0.1,-0.4,-1,forexfactory_calendar_paste,forexfactory_calendar_paste,2026-08-01T22:02:58+00:00,
85e5e76d308e,macro_release,US_CORE_PPI_MOM,2025-05-15,2025-05-15T08:30:00-04:00,2025-05-15T12:30:00+00:00,BLS/BEA 08:30 ET release convention (time NOT from source table),pct_mom,-0.4,0.3,0.4,-0.7,-1,forexfactory_calendar_paste,forexfactory_calendar_paste,2026-08-01T22:02:58+00:00,
eaf2e171077d,macro_release,US_CORE_PPI_MOM,2025-06-12,2025-06-12T08:30:00-04:00,2025-06-12T12:30:00+00:00,BLS/BEA 08:30 ET release convention (time NOT from source table),pct_mom,0.1,0.3,-0.2,-0.2,-1,forexfactory_calendar_paste,forexfactory_calendar_paste,2026-08-01T22:02:58+00:00,
605cb7e7ddc8,macro_release,US_CORE_PPI_MOM,2025-07-16,2025-07-16T08:30:00-04:00,2025-07-16T12:30:00+00:00,BLS/BEA 08:30 ET release convention (time NOT from source table),pct_mom,0.0,0.2,0.4,-0.2,-1,forexfactory_calendar_paste,forexfactory_calendar_paste,2026-08-01T22:02:58+00:00,
559c7341e8db,macro_release,US_CORE_PPI_MOM,2025-08-14,2025-08-14T08:30:00-04:00,2025-08-14T12:30:00+00:00,BLS/BEA 08:30 ET release convention (time NOT from source table),pct_mom,0.9,0.2,0.0,0.7,1,forexfactory_calendar_paste,forexfactory_calendar_paste,2026-08-01T22:02:58+00:00,
e06338f04580,macro_release,US_CORE_PPI_MOM,2025-09-10,2025-09-10T08:30:00-04:00,2025-09-10T12:30:00+00:00,BLS/BEA 08:30 ET release convention (time NOT from source table),pct_mom,-0.1,0.3,0.7,-0.4,-1,forexfactory_calendar_paste,forexfactory_calendar_paste,2026-08-01T22:02:58+00:00,
4af2caaed1ce,macro_release,US_CORE_PPI_MOM,2025-11-25,2025-11-25T08:30:00-05:00,2025-11-25T13:30:00+00:00,BLS/BEA 08:30 ET release convention (time NOT from source table),pct_mom,0.1,0.2,-0.1,-0.1,-1,forexfactory_calendar_paste,forexfactory_calendar_paste,2026-08-01T22:02:58+00:00,
609286b45343,macro_release,US_CORE_PPI_MOM,2026-01-14,2026-01-14T08:30:00-05:00,2026-01-14T13:30:00+00:00,BLS/BEA 08:30 ET release convention (time NOT from source table),pct_mom,0.0,0.2,0.3,-0.2,-1,forexfactory_calendar_paste,forexfactory_calendar_paste,2026-08-01T22:02:58+00:00,
1422b048e7e4,macro_release,US_CORE_PPI_MOM,2026-01-14,2026-01-14T08:30:00-05:00,2026-01-14T13:30:00+00:00,BLS/BEA 08:30 ET release convention (time NOT from source table),pct_mom,0.3,,0.4,,,forexfactory_calendar_paste,,2026-08-01T22:02:58+00:00,
2fd3347feff1,macro_release,US_CORE_PPI_MOM,2026-01-30,2026-01-30T08:30:00-05:00,2026-01-30T13:30:00+00:00,BLS/BEA 08:30 ET release convention (time NOT from source table),pct_mom,0.7,0.2,0.0,0.5,1,forexfactory_calendar_paste,forexfactory_calendar_paste,2026-08-01T22:02:58+00:00,
4068b21bc59c,macro_release,US_CORE_PPI_MOM,2026-02-27,2026-02-27T08:30:00-05:00,2026-02-27T13:30:00+00:00,BLS/BEA 08:30 ET release convention (time NOT from source table),pct_mom,0.8,0.3,0.6,0.5,1,forexfactory_calendar_paste,forexfactory_calendar_paste,2026-08-01T22:02:58+00:00,
77feb95d53bb,macro_release,US_CORE_PPI_MOM,2026-03-18,2026-03-18T08:30:00-04:00,2026-03-18T12:30:00+00:00,BLS/BEA 08:30 ET release convention (time NOT from source table),pct_mom,0.5,0.3,0.8,0.2,1,forexfactory_calendar_paste,forexfactory_calendar_paste,2026-08-01T22:02:58+00:00,
63976bada46b,macro_release,US_CORE_PPI_MOM,2026-04-14,2026-04-14T08:30:00-04:00,2026-04-14T12:30:00+00:00,BLS/BEA 08:30 ET release convention (time NOT from source table),pct_mom,0.1,0.4,0.3,-0.3,-1,forexfactory_calendar_paste,forexfactory_calendar_paste,2026-08-01T22:02:58+00:00,
de8de09d2199,macro_release,US_CORE_PPI_MOM,2026-05-13,2026-05-13T08:30:00-04:00,2026-05-13T12:30:00+00:00,BLS/BEA 08:30 ET release convention (time NOT from source table),pct_mom,1.0,0.3,0.2,0.7,1,forexfactory_calendar_paste,forexfactory_calendar_paste,2026-08-01T22:02:58+00:00,
04c2386c1b78,macro_release,US_CORE_PPI_MOM,2026-06-11,2026-06-11T08:30:00-04:00,2026-06-11T12:30:00+00:00,BLS/BEA 08:30 ET release convention (time NOT from source table),pct_mom,0.4,0.5,0.7,-0.1,-1,forexfactory_calendar_paste,forexfactory_calendar_paste,2026-08-01T22:02:58+00:00,
e291eb122193,macro_release,US_CORE_PPI_MOM,2026-07-15,2026-07-15T08:30:00-04:00,2026-07-15T12:30:00+00:00,BLS/BEA 08:30 ET release convention (time NOT from source table),pct_mom,0.2,0.3,0.1,-0.1,-1,forexfactory_calendar_paste,forexfactory_calendar_paste,2026-08-01T22:02:58+00:00,
a81cf255c1ff,macro_release,US_CORE_PCE_MOM,2020-07-31,2020-07-31T08:30:00-04:00,2020-07-31T12:30:00+00:00,BLS/BEA 08:30 ET release convention (time NOT from source table),pct_mom,0.2,0.2,0.2,0.0,0,forexfactory_calendar_paste,forexfactory_calendar_paste,2026-08-01T22:02:58+00:00,
847ec953f0f9,macro_release,US_CORE_PCE_MOM,2020-08-28,2020-08-28T08:30:00-04:00,2020-08-28T12:30:00+00:00,BLS/BEA 08:30 ET release convention (time NOT from source table),pct_mom,0.3,0.5,0.3,-0.2,-1,forexfactory_calendar_paste,forexfactory_calendar_paste,2026-08-01T22:02:58+00:00,
964bd1d398fa,macro_release,US_CORE_PCE_MOM,2020-10-01,2020-10-01T08:30:00-04:00,2020-10-01T12:30:00+00:00,BLS/BEA 08:30 ET release convention (time NOT from source table),pct_mom,0.3,0.3,0.4,0.0,0,forexfactory_calendar_paste,forexfactory_calendar_paste,2026-08-01T22:02:58+00:00,
cebe64f35f58,macro_release,US_CORE_PCE_MOM,2020-10-30,2020-10-30T08:30:00-04:00,2020-10-30T12:30:00+00:00,BLS/BEA 08:30 ET release convention (time NOT from source table),pct_mom,0.2,0.2,0.3,0.0,0,forexfactory_calendar_paste,forexfactory_calendar_paste,2026-08-01T22:02:58+00:00,
90171c7afbb6,macro_release,US_CORE_PCE_MOM,2020-11-25,2020-11-25T08:30:00-05:00,2020-11-25T13:30:00+00:00,BLS/BEA 08:30 ET release convention (time NOT from source table),pct_mom,0.0,0.0,0.2,0.0,0,forexfactory_calendar_paste,forexfactory_calendar_paste,2026-08-01T22:02:58+00:00,
60a869549854,macro_release,US_CORE_PCE_MOM,2020-12-23,2020-12-23T08:30:00-05:00,2020-12-23T13:30:00+00:00,BLS/BEA 08:30 ET release convention (time NOT from source table),pct_mom,0.0,0.1,0.0,-0.1,-1,forexfactory_calendar_paste,forexfactory_calendar_paste,2026-08-01T22:02:58+00:00,
f2812e612079,macro_release,US_CORE_PCE_MOM,2021-01-29,2021-01-29T08:30:00-05:00,2021-01-29T13:30:00+00:00,BLS/BEA 08:30 ET release convention (time NOT from source table),pct_mom,0.3,0.1,0.0,0.2,1,forexfactory_calendar_paste,forexfactory_calendar_paste,2026-08-01T22:02:58+00:00,
51ae6e8ae23d,macro_release,US_CORE_PCE_MOM,2021-02-26,2021-02-26T08:30:00-05:00,2021-02-26T13:30:00+00:00,BLS/BEA 08:30 ET release convention (time NOT from source table),pct_mom,0.3,0.1,0.3,0.2,1,forexfactory_calendar_paste,forexfactory_calendar_paste,2026-08-01T22:02:58+00:00,
6c6a7f9f4c69,macro_release,US_CORE_PCE_MOM,2021-03-26,2021-03-26T08:30:00-04:00,2021-03-26T12:30:00+00:00,BLS/BEA 08:30 ET release convention (time NOT from source table),pct_mom,0.1,0.1,0.2,0.0,0,forexfactory_calendar_paste,forexfactory_calendar_paste,2026-08-01T22:02:58+00:00,
92a3ed966ed7,macro_release,US_CORE_PCE_MOM,2021-04-30,2021-04-30T08:30:00-04:00,2021-04-30T12:30:00+00:00,BLS/BEA 08:30 ET release convention (time NOT from source table),pct_mom,0.4,0.3,0.1,0.1,1,forexfactory_calendar_paste,forexfactory_calendar_paste,2026-08-01T22:02:58+00:00,
c0306f389271,macro_release,US_CORE_PCE_MOM,2021-05-28,2021-05-28T08:30:00-04:00,2021-05-28T12:30:00+00:00,BLS/BEA 08:30 ET release convention (time NOT from source table),pct_mom,0.7,0.6,0.4,0.1,1,forexfactory_calendar_paste,forexfactory_calendar_paste,2026-08-01T22:02:58+00:00,
c4a8de3cadc1,macro_release,US_CORE_PCE_MOM,2021-06-25,2021-06-25T08:30:00-04:00,2021-06-25T12:30:00+00:00,BLS/BEA 08:30 ET release convention (time NOT from source table),pct_mom,0.5,0.6,0.7,-0.1,-1,forexfactory_calendar_paste,forexfactory_calendar_paste,2026-08-01T22:02:58+00:00,
89672e5ac183,macro_release,US_CORE_PCE_MOM,2021-07-30,2021-07-30T08:30:00-04:00,2021-07-30T12:30:00+00:00,BLS/BEA 08:30 ET release convention (time NOT from source table),pct_mom,0.4,0.6,0.5,-0.2,-1,forexfactory_calendar_paste,forexfactory_calendar_paste,2026-08-01T22:02:58+00:00,
3d68e9d15178,macro_release,US_CORE_PCE_MOM,2021-08-27,2021-08-27T08:30:00-04:00,2021-08-27T12:30:00+00:00,BLS/BEA 08:30 ET release convention (time NOT from source table),pct_mom,0.3,0.3,0.5,0.0,0,forexfactory_calendar_paste,forexfactory_calendar_paste,2026-08-01T22:02:58+00:00,
2886270b07b1,macro_release,US_CORE_PCE_MOM,2021-10-01,2021-10-01T08:30:00-04:00,2021-10-01T12:30:00+00:00,BLS/BEA 08:30 ET release convention (time NOT from source table),pct_mom,0.3,0.2,0.3,0.1,1,forexfactory_calendar_paste,forexfactory_calendar_paste,2026-08-01T22:02:58+00:00,
40dc47ef63b1,macro_release,US_CORE_PCE_MOM,2021-10-29,2021-10-29T08:30:00-04:00,2021-10-29T12:30:00+00:00,BLS/BEA 08:30 ET release convention (time NOT from source table),pct_mom,0.2,0.2,0.3,0.0,0,forexfactory_calendar_paste,forexfactory_calendar_paste,2026-08-01T22:02:58+00:00,
25311e343f6a,macro_release,US_CORE_PCE_MOM,2021-11-24,2021-11-24T08:30:00-05:00,2021-11-24T13:30:00+00:00,BLS/BEA 08:30 ET release convention (time NOT from source table),pct_mom,0.4,0.4,0.2,0.0,0,forexfactory_calendar_paste,forexfactory_calendar_paste,2026-08-01T22:02:58+00:00,
ca4cff52eec4,macro_release,US_CORE_PCE_MOM,2021-12-23,2021-12-23T08:30:00-05:00,2021-12-23T13:30:00+00:00,BLS/BEA 08:30 ET release convention (time NOT from source table),pct_mom,0.5,0.4,0.5,0.1,1,forexfactory_calendar_paste,forexfactory_calendar_paste,2026-08-01T22:02:58+00:00,
44253d1a6814,macro_release,US_CORE_PCE_MOM,2022-01-28,2022-01-28T08:30:00-05:00,2022-01-28T13:30:00+00:00,BLS/BEA 08:30 ET release convention (time NOT from source table),pct_mom,0.5,0.5,0.5,0.0,0,forexfactory_calendar_paste,forexfactory_calendar_paste,2026-08-01T22:02:58+00:00,
a167078ebc8e,macro_release,US_CORE_PCE_MOM,2022-02-25,2022-02-25T08:30:00-05:00,2022-02-25T13:30:00+00:00,BLS/BEA 08:30 ET release convention (time NOT from source table),pct_mom,0.5,0.5,0.5,0.0,0,forexfactory_calendar_paste,forexfactory_calendar_paste,2026-08-01T22:02:58+00:00,
3c228647728a,macro_release,US_CORE_PCE_MOM,2022-03-31,2022-03-31T08:30:00-04:00,2022-03-31T12:30:00+00:00,BLS/BEA 08:30 ET release convention (time NOT from source table),pct_mom,0.4,0.4,0.5,0.0,0,forexfactory_calendar_paste,forexfactory_calendar_paste,2026-08-01T22:02:58+00:00,
82f029fc0675,macro_release,US_CORE_PCE_MOM,2022-04-29,2022-04-29T08:30:00-04:00,2022-04-29T12:30:00+00:00,BLS/BEA 08:30 ET release convention (time NOT from source table),pct_mom,0.3,0.3,0.3,0.0,0,forexfactory_calendar_paste,forexfactory_calendar_paste,2026-08-01T22:02:58+00:00,
78866f41ed38,macro_release,US_CORE_PCE_MOM,2022-05-27,2022-05-27T08:30:00-04:00,2022-05-27T12:30:00+00:00,BLS/BEA 08:30 ET release convention (time NOT from source table),pct_mom,0.3,0.3,0.3,0.0,0,forexfactory_calendar_paste,forexfactory_calendar_paste,2026-08-01T22:02:58+00:00,
266e0215d49f,macro_release,US_CORE_PCE_MOM,2022-06-30,2022-06-30T08:30:00-04:00,2022-06-30T12:30:00+00:00,BLS/BEA 08:30 ET release convention (time NOT from source table),pct_mom,0.3,0.4,0.3,-0.1,-1,forexfactory_calendar_paste,forexfactory_calendar_paste,2026-08-01T22:02:58+00:00,
c5a0b7224e3f,macro_release,US_CORE_PCE_MOM,2022-07-29,2022-07-29T08:30:00-04:00,2022-07-29T12:30:00+00:00,BLS/BEA 08:30 ET release convention (time NOT from source table),pct_mom,0.6,0.5,0.3,0.1,1,forexfactory_calendar_paste,forexfactory_calendar_paste,2026-08-01T22:02:58+00:00,
cbb2665df549,macro_release,US_CORE_PCE_MOM,2022-08-26,2022-08-26T08:30:00-04:00,2022-08-26T12:30:00+00:00,BLS/BEA 08:30 ET release convention (time NOT from source table),pct_mom,0.1,0.2,0.6,-0.1,-1,forexfactory_calendar_paste,forexfactory_calendar_paste,2026-08-01T22:02:58+00:00,
eeda587cead0,macro_release,US_CORE_PCE_MOM,2022-09-30,2022-09-30T08:30:00-04:00,2022-09-30T12:30:00+00:00,BLS/BEA 08:30 ET release convention (time NOT from source table),pct_mom,0.6,0.5,0.0,0.1,1,forexfactory_calendar_paste,forexfactory_calendar_paste,2026-08-01T22:02:58+00:00,
78c32a3c0886,macro_release,US_CORE_PCE_MOM,2022-10-28,2022-10-28T08:30:00-04:00,2022-10-28T12:30:00+00:00,BLS/BEA 08:30 ET release convention (time NOT from source table),pct_mom,0.5,0.5,0.5,0.0,0,forexfactory_calendar_paste,forexfactory_calendar_paste,2026-08-01T22:02:58+00:00,
8d8d52925162,macro_release,US_CORE_PCE_MOM,2022-12-01,2022-12-01T08:30:00-05:00,2022-12-01T13:30:00+00:00,BLS/BEA 08:30 ET release convention (time NOT from source table),pct_mom,0.2,0.3,0.5,-0.1,-1,forexfactory_calendar_paste,forexfactory_calendar_paste,2026-08-01T22:02:58+00:00,
6e26aef62fde,macro_release,US_CORE_PCE_MOM,2022-12-23,2022-12-23T08:30:00-05:00,2022-12-23T13:30:00+00:00,BLS/BEA 08:30 ET release convention (time NOT from source table),pct_mom,0.2,0.2,0.3,0.0,0,forexfactory_calendar_paste,forexfactory_calendar_paste,2026-08-01T22:02:58+00:00,
fb2cc8abb595,macro_release,US_CORE_PCE_MOM,2023-01-27,2023-01-27T08:30:00-05:00,2023-01-27T13:30:00+00:00,BLS/BEA 08:30 ET release convention (time NOT from source table),pct_mom,0.3,0.3,0.2,0.0,0,forexfactory_calendar_paste,forexfactory_calendar_paste,2026-08-01T22:02:58+00:00,
e2da6c3db757,macro_release,US_CORE_PCE_MOM,2023-02-24,2023-02-24T08:30:00-05:00,2023-02-24T13:30:00+00:00,BLS/BEA 08:30 ET release convention (time NOT from source table),pct_mom,0.6,0.4,0.4,0.2,1,forexfactory_calendar_paste,forexfactory_calendar_paste,2026-08-01T22:02:58+00:00,
e64f7d93453f,macro_release,US_CORE_PCE_MOM,2023-03-31,2023-03-31T08:30:00-04:00,2023-03-31T12:30:00+00:00,BLS/BEA 08:30 ET release convention (time NOT from source table),pct_mom,0.3,0.4,0.5,-0.1,-1,forexfactory_calendar_paste,forexfactory_calendar_paste,2026-08-01T22:02:58+00:00,
1fcd45b21afc,macro_release,US_CORE_PCE_MOM,2023-04-28,2023-04-28T08:30:00-04:00,2023-04-28T12:30:00+00:00,BLS/BEA 08:30 ET release convention (time NOT from source table),pct_mom,0.3,0.3,0.3,0.0,0,forexfactory_calendar_paste,forexfactory_calendar_paste,2026-08-01T22:02:58+00:00,
9b8e994e298a,macro_release,US_CORE_PCE_MOM,2023-05-26,2023-05-26T08:30:00-04:00,2023-05-26T12:30:00+00:00,BLS/BEA 08:30 ET release convention (time NOT from source table),pct_mom,0.4,0.3,0.3,0.1,1,forexfactory_calendar_paste,forexfactory_calendar_paste,2026-08-01T22:02:58+00:00,
2af240098ee6,macro_release,US_CORE_PCE_MOM,2023-06-30,2023-06-30T08:30:00-04:00,2023-06-30T12:30:00+00:00,BLS/BEA 08:30 ET release convention (time NOT from source table),pct_mom,0.3,0.3,0.4,0.0,0,forexfactory_calendar_paste,forexfactory_calendar_paste,2026-08-01T22:02:58+00:00,
3f8cd4240528,macro_release,US_CORE_PCE_MOM,2023-07-28,2023-07-28T08:30:00-04:00,2023-07-28T12:30:00+00:00,BLS/BEA 08:30 ET release convention (time NOT from source table),pct_mom,0.2,0.2,0.3,0.0,0,forexfactory_calendar_paste,forexfactory_calendar_paste,2026-08-01T22:02:58+00:00,
e95a7d7a7444,macro_release,US_CORE_PCE_MOM,2023-08-31,2023-08-31T08:30:00-04:00,2023-08-31T12:30:00+00:00,BLS/BEA 08:30 ET release convention (time NOT from source table),pct_mom,0.2,0.2,0.2,0.0,0,forexfactory_calendar_paste,forexfactory_calendar_paste,2026-08-01T22:02:58+00:00,
75ed9fb9fa9c,macro_release,US_CORE_PCE_MOM,2023-09-29,2023-09-29T08:30:00-04:00,2023-09-29T12:30:00+00:00,BLS/BEA 08:30 ET release convention (time NOT from source table),pct_mom,0.1,0.2,0.2,-0.1,-1,forexfactory_calendar_paste,forexfactory_calendar_paste,2026-08-01T22:02:58+00:00,
fa6d67704278,macro_release,US_CORE_PCE_MOM,2023-10-27,2023-10-27T08:30:00-04:00,2023-10-27T12:30:00+00:00,BLS/BEA 08:30 ET release convention (time NOT from source table),pct_mom,0.3,0.3,0.1,0.0,0,forexfactory_calendar_paste,forexfactory_calendar_paste,2026-08-01T22:02:58+00:00,
fe5dff6f1445,macro_release,US_CORE_PCE_MOM,2023-11-30,2023-11-30T08:30:00-05:00,2023-11-30T13:30:00+00:00,BLS/BEA 08:30 ET release convention (time NOT from source table),pct_mom,0.2,0.2,0.3,0.0,0,forexfactory_calendar_paste,forexfactory_calendar_paste,2026-08-01T22:02:58+00:00,
336b7484bc9e,macro_release,US_CORE_PCE_MOM,2023-12-22,2023-12-22T08:30:00-05:00,2023-12-22T13:30:00+00:00,BLS/BEA 08:30 ET release convention (time NOT from source table),pct_mom,0.1,0.2,0.1,-0.1,-1,forexfactory_calendar_paste,forexfactory_calendar_paste,2026-08-01T22:02:58+00:00,
62a5805c20dc,macro_release,US_CORE_PCE_MOM,2024-01-26,2024-01-26T08:30:00-05:00,2024-01-26T13:30:00+00:00,BLS/BEA 08:30 ET release convention (time NOT from source table),pct_mom,0.2,0.2,0.1,0.0,0,forexfactory_calendar_paste,forexfactory_calendar_paste,2026-08-01T22:02:58+00:00,
3181527f74d8,macro_release,US_CORE_PCE_MOM,2024-02-29,2024-02-29T08:30:00-05:00,2024-02-29T13:30:00+00:00,BLS/BEA 08:30 ET release convention (time NOT from source table),pct_mom,0.4,0.4,0.1,0.0,0,forexfactory_calendar_paste,forexfactory_calendar_paste,2026-08-01T22:02:58+00:00,
3fac82c1965b,macro_release,US_CORE_PCE_MOM,2024-03-29,2024-03-29T08:30:00-04:00,2024-03-29T12:30:00+00:00,BLS/BEA 08:30 ET release convention (time NOT from source table),pct_mom,0.3,0.3,0.5,0.0,0,forexfactory_calendar_paste,forexfactory_calendar_paste,2026-08-01T22:02:58+00:00,
3fff34f61d0b,macro_release,US_CORE_PCE_MOM,2024-04-26,2024-04-26T08:30:00-04:00,2024-04-26T12:30:00+00:00,BLS/BEA 08:30 ET release convention (time NOT from source table),pct_mom,0.3,0.3,0.3,0.0,0,forexfactory_calendar_paste,forexfactory_calendar_paste,2026-08-01T22:02:58+00:00,
72547d75c301,macro_release,US_CORE_PCE_MOM,2024-05-31,2024-05-31T08:30:00-04:00,2024-05-31T12:30:00+00:00,BLS/BEA 08:30 ET release convention (time NOT from source table),pct_mom,0.2,0.3,0.3,-0.1,-1,forexfactory_calendar_paste,forexfactory_calendar_paste,2026-08-01T22:02:58+00:00,
4f11bb976b42,macro_release,US_CORE_PCE_MOM,2024-06-28,2024-06-28T08:30:00-04:00,2024-06-28T12:30:00+00:00,BLS/BEA 08:30 ET release convention (time NOT from source table),pct_mom,0.1,0.1,0.3,0.0,0,forexfactory_calendar_paste,forexfactory_calendar_paste,2026-08-01T22:02:58+00:00,
fc5e0f10d7da,macro_release,US_CORE_PCE_MOM,2024-07-26,2024-07-26T08:30:00-04:00,2024-07-26T12:30:00+00:00,BLS/BEA 08:30 ET release convention (time NOT from source table),pct_mom,0.2,0.2,0.1,0.0,0,forexfactory_calendar_paste,forexfactory_calendar_paste,2026-08-01T22:02:58+00:00,
1b866fb284c3,macro_release,US_CORE_PCE_MOM,2024-08-30,2024-08-30T08:30:00-04:00,2024-08-30T12:30:00+00:00,BLS/BEA 08:30 ET release convention (time NOT from source table),pct_mom,0.2,0.2,0.2,0.0,0,forexfactory_calendar_paste,forexfactory_calendar_paste,2026-08-01T22:02:58+00:00,
f96f94582640,macro_release,US_CORE_PCE_MOM,2024-09-27,2024-09-27T08:30:00-04:00,2024-09-27T12:30:00+00:00,BLS/BEA 08:30 ET release convention (time NOT from source table),pct_mom,0.1,0.2,0.2,-0.1,-1,forexfactory_calendar_paste,forexfactory_calendar_paste,2026-08-01T22:02:58+00:00,
bb230544c1e1,macro_release,US_CORE_PCE_MOM,2024-10-31,2024-10-31T08:30:00-04:00,2024-10-31T12:30:00+00:00,BLS/BEA 08:30 ET release convention (time NOT from source table),pct_mom,0.3,0.3,0.2,0.0,0,forexfactory_calendar_paste,forexfactory_calendar_paste,2026-08-01T22:02:58+00:00,
20bc623f2ee6,macro_release,US_CORE_PCE_MOM,2024-11-27,2024-11-27T08:30:00-05:00,2024-11-27T13:30:00+00:00,BLS/BEA 08:30 ET release convention (time NOT from source table),pct_mom,0.3,0.3,0.3,0.0,0,forexfactory_calendar_paste,forexfactory_calendar_paste,2026-08-01T22:02:58+00:00,
e4a47855df9c,macro_release,US_CORE_PCE_MOM,2024-12-20,2024-12-20T08:30:00-05:00,2024-12-20T13:30:00+00:00,BLS/BEA 08:30 ET release convention (time NOT from source table),pct_mom,0.1,0.2,0.3,-0.1,-1,forexfactory_calendar_paste,forexfactory_calendar_paste,2026-08-01T22:02:58+00:00,
183a4a0b6394,macro_release,US_CORE_PCE_MOM,2025-01-31,2025-01-31T08:30:00-05:00,2025-01-31T13:30:00+00:00,BLS/BEA 08:30 ET release convention (time NOT from source table),pct_mom,0.2,0.2,0.1,0.0,0,forexfactory_calendar_paste,forexfactory_calendar_paste,2026-08-01T22:02:58+00:00,
a27b60f7a496,macro_release,US_CORE_PCE_MOM,2025-02-28,2025-02-28T08:30:00-05:00,2025-02-28T13:30:00+00:00,BLS/BEA 08:30 ET release convention (time NOT from source table),pct_mom,0.3,0.3,0.2,0.0,0,forexfactory_calendar_paste,forexfactory_calendar_paste,2026-08-01T22:02:58+00:00,
64b1453a5950,macro_release,US_CORE_PCE_MOM,2025-03-28,2025-03-28T08:30:00-04:00,2025-03-28T12:30:00+00:00,BLS/BEA 08:30 ET release convention (time NOT from source table),pct_mom,0.4,0.3,0.3,0.1,1,forexfactory_calendar_paste,forexfactory_calendar_paste,2026-08-01T22:02:58+00:00,
5ef73fc13ce2,macro_release,US_CORE_PCE_MOM,2025-04-30,2025-04-30T08:30:00-04:00,2025-04-30T12:30:00+00:00,BLS/BEA 08:30 ET release convention (time NOT from source table),pct_mom,0.0,0.1,0.5,-0.1,-1,forexfactory_calendar_paste,forexfactory_calendar_paste,2026-08-01T22:02:58+00:00,
5c75c362e2da,macro_release,US_CORE_PCE_MOM,2025-05-30,2025-05-30T08:30:00-04:00,2025-05-30T12:30:00+00:00,BLS/BEA 08:30 ET release convention (time NOT from source table),pct_mom,0.1,0.1,0.1,0.0,0,forexfactory_calendar_paste,forexfactory_calendar_paste,2026-08-01T22:02:58+00:00,
157384fb022b,macro_release,US_CORE_PCE_MOM,2025-06-27,2025-06-27T08:30:00-04:00,2025-06-27T12:30:00+00:00,BLS/BEA 08:30 ET release convention (time NOT from source table),pct_mom,0.2,0.1,0.1,0.1,1,forexfactory_calendar_paste,forexfactory_calendar_paste,2026-08-01T22:02:58+00:00,
c5eaed946343,macro_release,US_CORE_PCE_MOM,2025-07-31,2025-07-31T08:30:00-04:00,2025-07-31T12:30:00+00:00,BLS/BEA 08:30 ET release convention (time NOT from source table),pct_mom,0.3,0.3,0.2,0.0,0,forexfactory_calendar_paste,forexfactory_calendar_paste,2026-08-01T22:02:58+00:00,
bf6f24834c62,macro_release,US_CORE_PCE_MOM,2025-08-29,2025-08-29T08:30:00-04:00,2025-08-29T12:30:00+00:00,BLS/BEA 08:30 ET release convention (time NOT from source table),pct_mom,0.3,0.3,0.3,0.0,0,forexfactory_calendar_paste,forexfactory_calendar_paste,2026-08-01T22:02:58+00:00,
885ca66920f6,macro_release,US_CORE_PCE_MOM,2025-09-26,2025-09-26T08:30:00-04:00,2025-09-26T12:30:00+00:00,BLS/BEA 08:30 ET release convention (time NOT from source table),pct_mom,0.2,0.2,0.2,0.0,0,forexfactory_calendar_paste,forexfactory_calendar_paste,2026-08-01T22:02:58+00:00,
df0c0fa9a468,macro_release,US_CORE_PCE_MOM,2025-12-05,2025-12-05T08:30:00-05:00,2025-12-05T13:30:00+00:00,BLS/BEA 08:30 ET release convention (time NOT from source table),pct_mom,0.2,0.2,0.2,0.0,0,forexfactory_calendar_paste,forexfactory_calendar_paste,2026-08-01T22:02:58+00:00,
5adb898e2239,macro_release,US_CORE_PCE_MOM,2026-01-22,2026-01-22T08:30:00-05:00,2026-01-22T13:30:00+00:00,BLS/BEA 08:30 ET release convention (time NOT from source table),pct_mom,0.2,0.2,0.2,0.0,0,forexfactory_calendar_paste,forexfactory_calendar_paste,2026-08-01T22:02:58+00:00,
5adb898e2239,macro_release,US_CORE_PCE_MOM,2026-01-22,2026-01-22T08:30:00-05:00,2026-01-22T13:30:00+00:00,BLS/BEA 08:30 ET release convention (time NOT from source table),pct_mom,0.2,,0.2,,,forexfactory_calendar_paste,,2026-08-01T22:02:58+00:00,
1ce6234ce977,macro_release,US_CORE_PCE_MOM,2026-02-20,2026-02-20T08:30:00-05:00,2026-02-20T13:30:00+00:00,BLS/BEA 08:30 ET release convention (time NOT from source table),pct_mom,0.4,0.3,0.2,0.1,1,forexfactory_calendar_paste,forexfactory_calendar_paste,2026-08-01T22:02:58+00:00,
47308d3f52fa,macro_release,US_CORE_PCE_MOM,2026-03-13,2026-03-13T08:30:00-04:00,2026-03-13T12:30:00+00:00,BLS/BEA 08:30 ET release convention (time NOT from source table),pct_mom,0.4,0.4,0.4,0.0,0,forexfactory_calendar_paste,forexfactory_calendar_paste,2026-08-01T22:02:58+00:00,
73a9e7531b5b,macro_release,US_CORE_PCE_MOM,2026-04-09,2026-04-09T08:30:00-04:00,2026-04-09T12:30:00+00:00,BLS/BEA 08:30 ET release convention (time NOT from source table),pct_mom,0.4,0.4,0.4,0.0,0,forexfactory_calendar_paste,forexfactory_calendar_paste,2026-08-01T22:02:58+00:00,
4d7df086b81e,macro_release,US_CORE_PCE_MOM,2026-04-30,2026-04-30T08:30:00-04:00,2026-04-30T12:30:00+00:00,BLS/BEA 08:30 ET release convention (time NOT from source table),pct_mom,0.3,0.3,0.4,0.0,0,forexfactory_calendar_paste,forexfactory_calendar_paste,2026-08-01T22:02:58+00:00,
366a56675903,macro_release,US_CORE_PCE_MOM,2026-05-28,2026-05-28T08:30:00-04:00,2026-05-28T12:30:00+00:00,BLS/BEA 08:30 ET release convention (time NOT from source table),pct_mom,0.2,0.3,0.3,-0.1,-1,forexfactory_calendar_paste,forexfactory_calendar_paste,2026-08-01T22:02:58+00:00,
2395b6ba5c04,macro_release,US_CORE_PCE_MOM,2026-06-25,2026-06-25T08:30:00-04:00,2026-06-25T12:30:00+00:00,BLS/BEA 08:30 ET release convention (time NOT from source table),pct_mom,0.3,0.3,0.3,0.0,0,forexfactory_calendar_paste,forexfactory_calendar_paste,2026-08-01T22:02:58+00:00,
393645191201,macro_release,US_CORE_PCE_MOM,2026-07-30,2026-07-30T08:30:00-04:00,2026-07-30T12:30:00+00:00,BLS/BEA 08:30 ET release convention (time NOT from source table),pct_mom,0.1,0.2,0.3,-0.1,-1,forexfactory_calendar_paste,forexfactory_calendar_paste,2026-08-01T22:02:58+00:00,
