episode_id,variant_id,entry_variant,direction,entry_ts,exit_ts,exit_type,ep,sl,risk,tp_pts,exit_price,pts,r,context_family,context_tf,trigger_tf,context_id,context_zone_lo,context_zone_hi,contract
EP-02618,EP-02618-ENTRY_ON_MINIMAL_WICK_REJECTION,ENTRY_ON_MINIMAL_WICK_REJECTION,-1,2018-01-04 09:36:00-05:00,2018-01-04 09:36:00-05:00,STOP,6608.0,6613.240872030173,2.445740280747199,3.668610421120799,6613.240872030173,-2.445740280747199,-1.0,rb,3,3,RB2-023419,6615.0,6615.75,NQH8
EP-02625,EP-02625-ENTRY_ON_FIRST_CLOSE_OUTSIDE,ENTRY_ON_FIRST_CLOSE_OUTSIDE,-1,2018-01-04 09:36:00-05:00,2018-01-04 09:36:00-05:00,STOP,6608.0,6613.240872030173,2.445740280747199,3.668610421120799,6613.240872030173,-2.445740280747199,-1.0,rb,3,3,RB2-023420,6612.0,6612.75,NQH8
EP-02625,EP-02625-ENTRY_ON_MINIMAL_WICK_REJECTION,ENTRY_ON_MINIMAL_WICK_REJECTION,-1,2018-01-04 09:36:00-05:00,2018-01-04 09:36:00-05:00,STOP,6608.0,6613.240872030173,2.445740280747199,3.668610421120799,6613.240872030173,-2.445740280747199,-1.0,rb,3,3,RB2-023420,6612.0,6612.75,NQH8
EP-02625,EP-02625-ENTRY_ON_IMMEDIATE_DISPLACEMENT,ENTRY_ON_IMMEDIATE_DISPLACEMENT,-1,2018-01-04 09:36:00-05:00,2018-01-04 09:36:00-05:00,STOP,6608.0,6613.240872030173,2.445740280747199,3.668610421120799,6613.240872030173,-2.445740280747199,-1.0,rb,3,3,RB2-023420,6612.0,6612.75,NQH8
EP-02635,EP-02635-ENTRY_ON_TAP,ENTRY_ON_TAP,1,2018-01-04 09:36:00-05:00,2018-01-04 09:36:00-05:00,TARGET,6608.0,6602.759127969827,2.445740280747199,3.668610421120799,6611.668610421121,1.7120181965229657,0.6999999999999699,rb,1,1,RB2-001012,6606.5,6608.25,NQH8
EP-02636,EP-02636-ENTRY_ON_FIRST_CLOSE_OUTSIDE,ENTRY_ON_FIRST_CLOSE_OUTSIDE,-1,2018-01-04 09:38:00-05:00,2018-01-04 09:38:00-05:00,TARGET,6612.75,6618.760218037632,2.8047684175612297,4.207152626341845,6608.542847373658,1.9633378922927314,0.6999999999999539,rb,3,1,RB2-023421,6613.75,6615.25,NQH8
EP-02636,EP-02636-ENTRY_ON_MINIMAL_WICK_REJECTION,ENTRY_ON_MINIMAL_WICK_REJECTION,-1,2018-01-04 09:38:00-05:00,2018-01-04 09:38:00-05:00,TARGET,6612.75,6618.760218037632,2.8047684175612297,4.207152626341845,6608.542847373658,1.9633378922927314,0.6999999999999539,rb,3,1,RB2-023421,6613.75,6615.25,NQH8
EP-02658,EP-02658-ENTRY_ON_DELAYED_DISPLACEMENT,ENTRY_ON_DELAYED_DISPLACEMENT,-1,2018-01-04 10:03:00-05:00,2018-01-04 10:11:00-05:00,STOP,6594.25,6603.1140564154975,4.136559660565629,6.204839490848443,6603.1140564154975,-4.136559660565629,-1.0,rb,3,3,RB2-023422,6603.0,6605.25,NQH8
EP-02696,EP-02696-ENTRY_ON_FIRST_CLOSE_OUTSIDE,ENTRY_ON_FIRST_CLOSE_OUTSIDE,1,2018-01-04 10:35:00-05:00,2018-01-04 10:42:00-05:00,TARGET,6607.0,6599.780747358928,3.368984565833323,5.053476848749985,6612.05347684875,2.35828919608321,0.6999999999999655,rb,3,1,RB2-023431,6600.0,6603.0,NQH8
EP-03715,EP-03715-ENTRY_ON_FIRST_CLOSE_OUTSIDE,ENTRY_ON_FIRST_CLOSE_OUTSIDE,1,2018-01-05 09:42:00-05:00,2018-01-05 09:57:00-05:00,TARGET,6622.75,6615.855074930334,3.2176316991775438,4.826447548766316,6627.576447548767,2.2523421894243385,0.700000000000018,rb,3,3,RB2-023557,6615.5,6616.0,NQH8
EP-03732,EP-03732-ENTRY_ON_FIRST_CLOSE_OUTSIDE,ENTRY_ON_FIRST_CLOSE_OUTSIDE,1,2018-01-05 10:10:00-05:00,2018-01-05 10:18:00-05:00,TARGET,6625.0,6618.381777993041,3.0885036032474638,4.632755404871196,6629.632755404871,2.1619525222733054,0.7000000000000262,rb,5,5,RB2-032143,6617.5,6620.0,NQH8
EP-04713,EP-04713-ENTRY_ON_FIRST_CLOSE_OUTSIDE,ENTRY_ON_FIRST_CLOSE_OUTSIDE,-1,2018-01-08 10:06:00-05:00,2018-01-08 10:08:00-05:00,TARGET,6666.25,6672.266596353421,2.807744964929706,4.211617447394559,6662.038382552605,1.965421475450749,0.699999999999984,rb,1,1,RB2-001779,6669.75,6671.0,NQH8
EP-05666,EP-05666-ENTRY_ON_FIRST_CLOSE_OUTSIDE,ENTRY_ON_FIRST_CLOSE_OUTSIDE,1,2018-01-09 09:56:00-05:00,2018-01-09 10:06:00-05:00,TARGET,6676.25,6667.715513765279,3.9827602428696443,5.974140364304466,6682.224140364305,2.7879321700086273,0.699999999999969,rb,3,1,RB2-023896,6667.25,6672.5,NQH8
EP-06806,EP-06806-ENTRY_ON_TAP,ENTRY_ON_TAP,-1,2018-01-10 09:40:00-05:00,2018-01-10 09:41:00-05:00,TARGET,6664.0,6671.645645604165,3.5679679486105593,5.351951922915839,6658.648048077084,2.4975775640275137,0.7000000000000343,rb,3,1,RB2-024077,6667.25,6669.0,NQH8
EP-06793,EP-06793-ENTRY_ON_MINIMAL_WICK_REJECTION,ENTRY_ON_MINIMAL_WICK_REJECTION,1,2018-01-10 09:45:00-05:00,2018-01-10 09:49:00-05:00,STOP,6660.25,6651.831908323833,3.928442782211485,5.892664173317227,6651.831908323833,-3.928442782211485,-1.0,rb,3,3,RB2-024075,6652.75,6653.5,NQH8
EP-06888,EP-06888-ENTRY_ON_TAP,ENTRY_ON_TAP,-1,2018-01-10 11:04:00-05:00,2018-01-10 11:20:00-05:00,TARGET,6658.5,6665.570208584256,3.29943067265256,4.94914600897884,6653.5508539910215,2.3096014708566726,0.6999999999999638,rb,3,1,RB2-024079,6660.25,6664.75,NQH8
EP-11009,EP-11009-ENTRY_ON_TAP,ENTRY_ON_TAP,-1,2018-01-16 10:02:00-05:00,2018-01-16 10:03:00-05:00,TARGET,6836.0,6843.1033667584925,3.314904487296622,4.972356730944933,6831.027643269055,2.320433141107726,0.7000000000000273,rb,1,1,RB2-004197,6837.5,6838.5,NQH8
EP-12185,EP-12185-ENTRY_ON_TAP,ENTRY_ON_TAP,1,2018-01-17 09:43:00-05:00,2018-01-17 09:45:00-05:00,STOP,6764.0,6755.386693730049,4.019542925977051,6.0293143889655765,6755.386693730049,-4.019542925977051,-1.0,rb,3,1,RB2-024943,6757.5,6761.0,NQH8
EP-12189,EP-12189-ENTRY_ON_TAP,ENTRY_ON_TAP,1,2018-01-17 09:50:00-05:00,2018-01-17 09:51:00-05:00,TARGET,6758.75,6748.859222692542,4.615696076813822,6.923544115220732,6765.6735441152205,3.230987253769757,0.7000000000000177,rb,5,5,RB2-032992,6757.0,6763.25,NQH8
EP-12202,EP-12202-ENTRY_ON_TAP,ENTRY_ON_TAP,-1,2018-01-17 10:03:00-05:00,2018-01-17 10:27:00-05:00,TARGET,6769.0,6779.98507955999,5.126370461328472,7.689555691992708,6761.310444308007,3.588459322929934,0.7000000000000007,rb,3,3,RB2-024945,6763.0,6769.75,NQH8
EP-14589,EP-14589-ENTRY_ON_TAP,ENTRY_ON_TAP,-1,2018-01-19 09:48:00-05:00,2018-01-19 09:50:00-05:00,TARGET,6848.75,6857.175770213967,3.9320260998511185,5.898039149776678,6842.851960850223,2.752418269895796,0.7000000000000033,rb,1,1,RB2-005680,6849.25,6852.0,NQH8
EP-15677,EP-15677-ENTRY_ON_FIRST_CLOSE_OUTSIDE,ENTRY_ON_FIRST_CLOSE_OUTSIDE,-1,2018-01-22 09:47:00-05:00,2018-01-22 09:49:00-05:00,STOP,6844.75,6850.965842928201,2.9007266998271417,4.351090049740712,6850.965842928201,-2.9007266998271417,-1.0,rb,5,1,RB2-033323,6849.0,6850.0,NQH8
EP-17846,EP-17846-ENTRY_ON_FIRST_CLOSE_OUTSIDE,ENTRY_ON_FIRST_CLOSE_OUTSIDE,-1,2018-01-24 09:35:00-05:00,2018-01-24 09:35:00-05:00,TARGET,6987.25,6993.475090491464,2.9050422293498284,4.357563344024743,6982.892436655975,2.0335295605449963,0.7000000000000401,rb,5,5,RB2-033557,6988.5,6991.25,NQH8
EP-17846,EP-17846-ENTRY_ON_MINIMAL_WICK_REJECTION,ENTRY_ON_MINIMAL_WICK_REJECTION,-1,2018-01-24 09:35:00-05:00,2018-01-24 09:35:00-05:00,TARGET,6987.25,6993.475090491464,2.9050422293498284,4.357563344024743,6982.892436655975,2.0335295605449963,0.7000000000000401,rb,5,5,RB2-033557,6988.5,6991.25,NQH8
EP-17861,EP-17861-ENTRY_ON_FIRST_CLOSE_OUTSIDE,ENTRY_ON_FIRST_CLOSE_OUTSIDE,-1,2018-01-24 09:35:00-05:00,2018-01-24 09:35:00-05:00,TARGET,6987.25,6993.475090491464,2.9050422293498284,4.357563344024743,6982.892436655975,2.0335295605449963,0.7000000000000401,rb,3,1,RB2-025859,6990.25,6991.25,NQH8
EP-17861,EP-17861-ENTRY_ON_DELAYED_DISPLACEMENT,ENTRY_ON_DELAYED_DISPLACEMENT,-1,2018-01-24 09:35:00-05:00,2018-01-24 09:35:00-05:00,TARGET,6987.25,6993.475090491464,2.9050422293498284,4.357563344024743,6982.892436655975,2.0335295605449963,0.7000000000000401,rb,3,1,RB2-025859,6990.25,6991.25,NQH8
EP-17874,EP-17874-ENTRY_ON_FIRST_CLOSE_OUTSIDE,ENTRY_ON_FIRST_CLOSE_OUTSIDE,1,2018-01-24 09:44:00-05:00,2018-01-24 09:47:00-05:00,STOP,6984.25,6976.631920686761,3.555103679511418,5.332655519267127,6976.631920686761,-3.555103679511418,-1.0,rb,1,1,RB2-007003,6976.25,6977.25,NQH8
EP-17877,EP-17877-ENTRY_ON_FIRST_CLOSE_OUTSIDE,ENTRY_ON_FIRST_CLOSE_OUTSIDE,-1,2018-01-24 09:47:00-05:00,2018-01-24 09:47:00-05:00,TARGET,6982.0,6989.627177341985,3.5593494262597964,5.339024139389695,6976.66097586061,2.4915445983819935,0.7000000000000383,rb,5,1,RB2-033558,6982.5,6984.75,NQH8
EP-17877,EP-17877-ENTRY_ON_MINIMAL_WICK_REJECTION,ENTRY_ON_MINIMAL_WICK_REJECTION,-1,2018-01-24 09:47:00-05:00,2018-01-24 09:47:00-05:00,TARGET,6982.0,6989.627177341985,3.5593494262597964,5.339024139389695,6976.66097586061,2.4915445983819935,0.7000000000000383,rb,5,1,RB2-033558,6982.5,6984.75,NQH8
EP-17882,EP-17882-ENTRY_ON_TAP,ENTRY_ON_TAP,-1,2018-01-24 09:47:00-05:00,2018-01-24 09:47:00-05:00,TARGET,6982.0,6989.627177341985,3.5593494262597964,5.339024139389695,6976.66097586061,2.4915445983819935,0.7000000000000383,rb,1,1,RB2-007006,6983.25,6985.5,NQH8
EP-18998,EP-18998-ENTRY_ON_FIRST_CLOSE_OUTSIDE,ENTRY_ON_FIRST_CLOSE_OUTSIDE,1,2018-01-25 09:34:00-05:00,2018-01-25 09:35:00-05:00,TARGET,6970.25,6963.814399053916,3.0032804415061958,4.504920662259294,6974.754920662259,2.1022963090544438,0.7000000000000356,rb,3,1,RB2-026030,6967.75,6968.25,NQH8
EP-19000,EP-19000-ENTRY_ON_FIRST_CLOSE_OUTSIDE,ENTRY_ON_FIRST_CLOSE_OUTSIDE,1,2018-01-25 09:45:00-05:00,2018-01-25 09:50:00-05:00,STOP,6963.25,6953.7093731452915,4.4522925321974105,6.678438798296115,6953.7093731452915,-4.4522925321974105,-1.0,rb,5,5,RB2-033651,6956.5,6957.75,NQH8
EP-20140,EP-20140-ENTRY_ON_TAP,ENTRY_ON_TAP,1,2018-01-26 09:35:00-05:00,2018-01-26 09:35:00-05:00,TARGET,6956.75,6951.299600856619,2.543519600244439,3.8152794003666584,6960.565279400366,1.7804637201710163,0.6999999999999642,rb,5,5,RB2-033752,6951.5,6952.0,NQH8
EP-21331,EP-21331-ENTRY_ON_FIRST_CLOSE_OUTSIDE,ENTRY_ON_FIRST_CLOSE_OUTSIDE,-1,2018-01-29 10:06:00-05:00,2018-01-29 10:37:00-05:00,TARGET,7003.75,7013.894467334384,4.734084756046056,7.101127134069085,6996.648872865931,3.313859329232376,0.7000000000000288,rb,1,1,RB2-008436,7007.25,7008.75,NQH8
EP-22438,EP-22438-ENTRY_ON_FIRST_CLOSE_OUTSIDE,ENTRY_ON_FIRST_CLOSE_OUTSIDE,-1,2018-01-30 09:47:00-05:00,2018-01-30 09:52:00-05:00,TARGET,6929.25,6941.826357618362,5.868966888568759,8.803450332853139,6920.446549667146,4.108276821998099,0.6999999999999945,rb,5,1,RB2-034000,6942.0,6948.75,NQH8
EP-22444,EP-22444-ENTRY_ON_TAP,ENTRY_ON_TAP,-1,2018-01-30 09:54:00-05:00,2018-01-30 09:57:00-05:00,TARGET,6926.25,6939.431822028296,6.151516946538231,9.227275419807347,6917.0227245801925,4.30606186257691,0.7000000000000242,rb,3,3,RB2-026595,6929.0,6931.5,NQH8
EP-23618,EP-23618-ENTRY_ON_TAP,ENTRY_ON_TAP,-1,2018-01-31 09:36:00-05:00,2018-01-31 09:38:00-05:00,STOP,6983.25,6988.9487881463365,2.6594344682903355,3.989151702435503,6988.9487881463365,-2.6594344682903355,-1.0,rb,5,1,RB2-034107,6983.25,6987.75,NQH8
EP-23623,EP-23623-ENTRY_ON_TAP,ENTRY_ON_TAP,-1,2018-01-31 09:42:00-05:00,2018-01-31 09:44:00-05:00,STOP,6983.25,6989.6050150023075,2.965673667743417,4.448510501615125,6989.6050150023075,-2.965673667743417,-1.0,rb,1,1,RB2-009447,6987.0,6987.75,NQH8
EP-23626,EP-23626-ENTRY_ON_TAP,ENTRY_ON_TAP,1,2018-01-31 09:50:00-05:00,2018-01-31 09:58:00-05:00,STOP,6983.0,6975.870046974327,3.327311411980595,4.990967117970892,6975.870046974327,-3.327311411980595,-1.0,rb,5,5,RB2-034108,6982.25,6984.75,NQH8
EP-26021,EP-26021-ENTRY_ON_DELAYED_DISPLACEMENT,ENTRY_ON_DELAYED_DISPLACEMENT,1,2018-02-02 10:13:00-05:00,2018-02-02 10:24:00-05:00,TARGET,6833.0,6815.216923592482,8.298768990175184,12.448153485262775,6845.448153485263,5.809138293122739,0.7000000000000134,rb,1,1,RB2-010485,6814.25,6822.0,NQH8
EP-27225,EP-27225-ENTRY_ON_TAP,ENTRY_ON_TAP,-1,2018-02-05 09:41:00-05:00,2018-02-05 09:43:00-05:00,TARGET,6720.0,6733.640996785786,6.365798500033695,9.548697750050543,6710.45130224995,4.456058950023672,0.7000000000000134,rb,3,1,RB2-027355,6720.75,6726.5,NQH8
EP-29660,EP-29660-ENTRY_ON_TAP,ENTRY_ON_TAP,1,2018-02-07 09:43:00-05:00,2018-02-07 09:49:00-05:00,STOP,6647.25,6628.43114095488,8.782134221055887,13.173201331583831,6628.43114095488,-8.782134221055887,-1.0,rb,3,1,RB2-027734,6645.25,6652.0,NQH8
EP-29672,EP-29672-ENTRY_ON_TAP,ENTRY_ON_TAP,1,2018-02-07 09:55:00-05:00,2018-02-07 09:58:00-05:00,TARGET,6648.75,6628.185012236105,9.596994289817726,14.395491434726589,6663.145491434727,6.717896002872364,0.6999999999999954,rb,1,1,RB2-012135,6642.75,6647.75,NQH8
EP-32201,EP-32201-ENTRY_ON_FIRST_CLOSE_OUTSIDE,ENTRY_ON_FIRST_CLOSE_OUTSIDE,1,2018-02-09 09:30:00-05:00,2018-02-09 09:31:00-05:00,TARGET,6391.25,6377.1841689146295,6.564054506506394,9.84608175975959,6401.09608175976,4.594838154554582,0.7000000000000162,rb,5,5,RB2-034950,6374.25,6377.5,NQH8
EP-36944,EP-36944-ENTRY_ON_FIRST_CLOSE_OUTSIDE,ENTRY_ON_FIRST_CLOSE_OUTSIDE,-1,2018-02-15 09:45:00-05:00,2018-02-15 09:47:00-05:00,STOP,6724.5,6736.922360000748,5.797101333682368,8.695652000523552,6736.922360000748,-5.797101333682368,-1.0,rb,3,1,RB2-028920,6726.75,6732.75,NQH8
EP-38149,EP-38149-ENTRY_ON_DELAYED_DISPLACEMENT,ENTRY_ON_DELAYED_DISPLACEMENT,-1,2018-02-16 09:59:00-05:00,2018-02-16 10:03:00-05:00,TARGET,6809.5,6824.148454981573,6.835945658067312,10.253918487100968,6799.246081512899,4.7851619606469935,0.6999999999999816,rb,1,1,RB2-015939,6822.25,6825.75,NQH8
EP-39223,EP-39223-ENTRY_ON_TAP,ENTRY_ON_TAP,1,2018-02-19 09:37:00-05:00,2018-02-19 09:38:00-05:00,STOP,6793.5,6789.21804402915,1.9982461197297352,2.9973691795946027,6789.21804402915,-1.9982461197297352,-1.0,rb,3,1,RB2-029311,6789.25,6793.25,NQH8
EP-39241,EP-39241-ENTRY_ON_TAP,ENTRY_ON_TAP,1,2018-02-19 10:03:00-05:00,2018-02-19 10:06:00-05:00,STOP,6785.75,6780.641542626302,2.383946774392271,3.5759201615884066,6780.641542626302,-2.383946774392271,-1.0,rb,1,1,RB2-016366,6785.25,6786.25,NQH8
EP-40287,EP-40287-ENTRY_ON_TAP,ENTRY_ON_TAP,-1,2018-02-20 09:58:00-05:00,2018-02-20 10:10:00-05:00,STOP,6783.25,6794.675695005329,5.331991002486774,7.997986503730161,6794.675695005329,-5.331991002486774,-1.0,rb,3,1,RB2-029486,6787.0,6790.0,NQH8
EP-41495,EP-41495-ENTRY_ON_TAP,ENTRY_ON_TAP,1,2018-02-21 09:37:00-05:00,2018-02-21 09:42:00-05:00,STOP,6824.75,6817.029956880772,3.6026867889729517,5.404030183459428,6817.029956880772,-3.6026867889729517,-1.0,rb,3,1,RB2-029681,6821.0,6826.5,NQH8
EP-41497,EP-41497-ENTRY_ON_MINIMAL_WICK_REJECTION,ENTRY_ON_MINIMAL_WICK_REJECTION,-1,2018-02-21 09:48:00-05:00,2018-02-21 09:51:00-05:00,TARGET,6825.75,6835.685740668725,4.636678978738431,6.955018468107646,6818.7949815318925,3.245675285116978,0.7000000000000165,rb,1,1,RB2-017320,6827.5,6829.25,NQH8
EP-41504,EP-41504-ENTRY_ON_TAP,ENTRY_ON_TAP,-1,2018-02-21 09:51:00-05:00,2018-02-21 09:53:00-05:00,TARGET,6825.75,6836.24265611581,4.896572854044452,7.344859281066678,6818.405140718934,3.4276009978309823,0.6999999999999726,rb,3,3,RB2-029682,6825.5,6830.0,NQH8
EP-42697,EP-42697-ENTRY_ON_DELAYED_DISPLACEMENT,ENTRY_ON_DELAYED_DISPLACEMENT,-1,2018-02-22 09:50:00-05:00,2018-02-22 09:50:00-05:00,TARGET,6804.0,6814.331918355751,4.821561899350621,7.232342849025931,6796.767657150974,3.375093329545398,0.6999999999999925,rb,1,1,RB2-017907,6810.5,6813.0,NQH8
EP-42674,EP-42674-ENTRY_ON_MINIMAL_WICK_REJECTION,ENTRY_ON_MINIMAL_WICK_REJECTION,1,2018-02-22 09:54:00-05:00,2018-02-22 09:57:00-05:00,STOP,6800.0,6789.048520343268,5.110690506474782,7.666035759712173,6789.048520343268,-5.110690506474782,-1.0,rb,3,3,RB2-029865,6790.0,6794.25,NQH8
EP-42713,EP-42713-ENTRY_ON_STRONG_REJECTION,ENTRY_ON_STRONG_REJECTION,-1,2018-02-22 10:15:00-05:00,2018-02-22 10:23:00-05:00,STOP,6797.0,6811.098837663552,6.579457576324245,9.869186364486367,6811.098837663552,-6.579457576324245,-1.0,rb,1,1,RB2-017910,6807.75,6809.5,NQH8
EP-45026,EP-45026-ENTRY_ON_STRONG_REJECTION,ENTRY_ON_STRONG_REJECTION,1,2018-02-26 09:50:00-05:00,2018-02-26 10:06:00-05:00,TARGET,6960.0,6951.456860160469,3.986798591781248,5.9801978876718715,6965.980197887672,2.790759014246872,0.6999999999999996,rb,5,5,RB2-036256,6931.5,6933.0,NQH8
EP-46206,EP-46206-ENTRY_ON_FIRST_CLOSE_OUTSIDE,ENTRY_ON_FIRST_CLOSE_OUTSIDE,1,2018-02-27 09:36:00-05:00,2018-02-27 09:38:00-05:00,TARGET,6989.0,6981.020002572015,3.7239987997261843,5.585998199589277,6994.585998199589,2.6067991598082485,0.6999999999999784,rb,3,1,RB2-030449,6984.75,6987.0,NQH8
EP-51292,EP-51292-ENTRY_ON_DELAYED_DISPLACEMENT,ENTRY_ON_DELAYED_DISPLACEMENT,1,2018-03-05 09:48:00-05:00,2018-03-05 09:49:00-05:00,STOP,6783.25,6769.214794087803,6.54976275902524,9.82464413853786,6769.214794087803,-6.54976275902524,-1.0,rb,3,1,RB2-031249,6773.75,6776.5,NQH8
EP-51311,EP-51311-ENTRY_ON_FIRST_CLOSE_OUTSIDE,ENTRY_ON_FIRST_CLOSE_OUTSIDE,1,2018-03-05 10:06:00-05:00,2018-03-05 10:09:00-05:00,STOP,6783.5,6768.075392977134,7.198149944004359,10.797224916006538,6768.075392977134,-7.198149944004359,-1.0,rb,3,3,RB2-031253,6774.5,6778.25,NQH8
EP-52424,EP-52424-ENTRY_ON_DELAYED_DISPLACEMENT,ENTRY_ON_DELAYED_DISPLACEMENT,1,2018-03-06 09:48:00-05:00,2018-03-06 09:49:00-05:00,TARGET,6907.75,6896.222505334976,5.379497510344641,8.069246265516961,6915.819246265517,3.765648257241233,0.6999999999999971,rb,3,1,RB2-031401,6899.75,6900.5,NQH8
EP-52424,EP-52424-ENTRY_ON_NEW_FVG,ENTRY_ON_NEW_FVG,1,2018-03-06 09:49:00-05:00,2018-03-06 09:52:00-05:00,TARGET,6912.5,6900.7385318984,5.488685114080281,8.233027671120421,6920.73302767112,3.8420795798563088,0.7000000000000205,rb,3,1,RB2-031401,6899.75,6900.5,NQH8
EP-53666,EP-53666-ENTRY_ON_FIRST_CLOSE_OUTSIDE,ENTRY_ON_FIRST_CLOSE_OUTSIDE,1,2018-03-07 09:35:00-05:00,2018-03-07 09:35:00-05:00,TARGET,6877.75,6868.9540955616285,4.1047554045735595,6.157133106860339,6883.907133106861,2.873328783201624,0.7000000000000323,rb,5,5,RB2-037092,6853.25,6855.5,NQH8
EP-53666,EP-53666-ENTRY_ON_IMMEDIATE_DISPLACEMENT,ENTRY_ON_IMMEDIATE_DISPLACEMENT,1,2018-03-07 09:35:00-05:00,2018-03-07 09:35:00-05:00,TARGET,6877.75,6868.9540955616285,4.1047554045735595,6.157133106860339,6883.907133106861,2.873328783201624,0.7000000000000323,rb,5,5,RB2-037092,6853.25,6855.5,NQH8
EP-53682,EP-53682-ENTRY_ON_TAP,ENTRY_ON_TAP,1,2018-03-07 09:38:00-05:00,2018-03-07 09:38:00-05:00,TARGET,6879.75,6869.734412356237,4.673940900422924,7.010911350634386,6886.760911350634,3.2717586302961945,0.7000000000000316,rb,3,1,RB2-031624,6874.0,6879.0,NQH8
EP-53685,EP-53685-ENTRY_ON_TAP,ENTRY_ON_TAP,-1,2018-03-07 09:43:00-05:00,2018-03-07 09:49:00-05:00,TARGET,6888.5,6899.499830954914,5.133254445626315,7.699881668439473,6880.800118331561,3.5932781119383645,0.6999999999999891,rb,3,1,RB2-031625,6893.0,6899.0,NQH8
EP-00253,EP-00253-ENTRY_ON_TAP,ENTRY_ON_TAP,-1,2018-03-08 09:45:00-05:00,2018-03-08 09:58:00-05:00,TARGET,6988.25,6995.850882960712,3.547078714998988,5.3206180724984815,6982.929381927502,2.4829551004994226,0.7000000000000369,rb,3,3,RB2-032170,6994.75,6996.75,NQM8
EP-02508,EP-02508-ENTRY_ON_FIRST_CLOSE_OUTSIDE,ENTRY_ON_FIRST_CLOSE_OUTSIDE,1,2018-03-12 09:34:00-04:00,2018-03-12 09:34:00-04:00,STOP,7147.25,7143.385731881514,1.8033251219598823,2.7049876829398234,7143.385731881514,-1.8033251219598823,-1.0,rb,1,1,RB2-001076,7141.75,7144.5,NQM8
EP-02509,EP-02509-ENTRY_ON_TAP,ENTRY_ON_TAP,1,2018-03-12 09:34:00-04:00,2018-03-12 09:34:00-04:00,STOP,7147.25,7143.385731881514,1.8033251219598823,2.7049876829398234,7143.385731881514,-1.8033251219598823,-1.0,rb,3,1,RB2-032547,7141.75,7146.25,NQM8
EP-05943,EP-05943-ENTRY_ON_FIRST_CLOSE_OUTSIDE,ENTRY_ON_FIRST_CLOSE_OUTSIDE,1,2018-03-15 09:52:00-04:00,2018-03-15 09:53:00-04:00,TARGET,7048.75,7039.139301648612,4.484992563981003,6.727488845971505,7055.4774888459715,3.1394947947865806,0.6999999999999729,rb,1,1,RB2-002576,7038.5,7040.25,NQM8
EP-09475,EP-09475-ENTRY_ON_TAP,ENTRY_ON_TAP,-1,2018-03-20 09:51:00-04:00,2018-03-20 09:58:00-04:00,TARGET,6906.5,6918.164670740528,5.44351301224633,8.165269518369495,6898.334730481631,3.8104591085723887,0.6999999999999922,rb,1,1,RB2-004060,6909.25,6912.5,NQM8
EP-13090,EP-13090-ENTRY_ON_FIRST_CLOSE_OUTSIDE,ENTRY_ON_FIRST_CLOSE_OUTSIDE,1,2018-03-23 10:01:00-04:00,2018-03-23 10:01:00-04:00,TARGET,6685.0,6667.793709681124,8.029602148809051,12.044403223213576,6697.0444032232135,5.620721504166446,0.7000000000000137,rb,1,1,RB2-005625,6681.25,6683.75,NQM8
EP-13093,EP-13093-ENTRY_ON_TAP,ENTRY_ON_TAP,1,2018-03-23 10:01:00-04:00,2018-03-23 10:01:00-04:00,TARGET,6685.0,6667.793709681124,8.029602148809051,12.044403223213576,6697.0444032232135,5.620721504166446,0.7000000000000137,rb,3,1,RB2-034175,6680.25,6684.25,NQM8
EP-15592,EP-15592-ENTRY_ON_FIRST_CLOSE_OUTSIDE,ENTRY_ON_FIRST_CLOSE_OUTSIDE,-1,2018-03-27 09:38:00-04:00,2018-03-27 09:41:00-04:00,STOP,6794.5,6804.7043671651145,4.762038010386707,7.143057015580061,6804.7043671651145,-4.762038010386707,-1.0,rb,3,1,RB2-034583,6798.25,6802.25,NQM8
EP-15594,EP-15594-ENTRY_ON_TAP,ENTRY_ON_TAP,1,2018-03-27 09:41:00-04:00,2018-03-27 09:41:00-04:00,TARGET,6794.0,6782.706098637094,5.270487302689169,7.9057309540337535,6801.905730954034,3.6893411118823174,0.6999999999999809,rb,5,1,RB2-045482,6786.5,6793.75,NQM8
EP-15600,EP-15600-ENTRY_ON_NEW_IFVG,ENTRY_ON_NEW_IFVG,1,2018-03-27 09:53:00-04:00,2018-03-27 09:56:00-04:00,TARGET,6788.25,6774.867967180718,6.244948648998581,9.367422973497872,6797.617422973498,4.37146405429911,0.7000000000000165,rb,3,1,RB2-034585,6776.5,6781.0,NQM8
EP-15612,EP-15612-ENTRY_ON_TAP,ENTRY_ON_TAP,-1,2018-03-27 09:58:00-04:00,2018-03-27 10:01:00-04:00,TARGET,6801.5,6815.833708632896,6.689064028684701,10.033596043027051,6791.4664039569725,4.682344820079336,0.7000000000000067,rb,5,1,RB2-045483,6802.0,6808.5,NQM8
EP-15624,EP-15624-ENTRY_ON_TAP,ENTRY_ON_TAP,1,2018-03-27 10:10:00-04:00,2018-03-27 10:11:00-04:00,STOP,6791.25,6775.4777295024705,7.360392898846921,11.040589348270382,6775.4777295024705,-7.360392898846921,-1.0,rb,5,5,RB2-045486,6787.75,6801.5,NQM8
EP-18188,EP-18188-ENTRY_ON_MINIMAL_WICK_REJECTION,ENTRY_ON_MINIMAL_WICK_REJECTION,1,2018-03-29 09:35:00-04:00,2018-03-29 09:36:00-04:00,STOP,6503.0,6491.495770355353,5.36864050083517,8.052960751252755,6491.495770355353,-5.36864050083517,-1.0,rb,3,1,RB2-034928,6499.25,6502.25,NQM8
EP-18224,EP-18224-ENTRY_ON_FIRST_CLOSE_OUTSIDE,ENTRY_ON_FIRST_CLOSE_OUTSIDE,1,2018-03-29 10:05:00-04:00,2018-03-29 10:12:00-04:00,TARGET,6470.5,6450.5460867012225,9.311826206096294,13.967739309144442,6484.467739309144,6.518278344267501,0.7000000000000103,rb,5,5,RB2-045732,6443.75,6460.0,NQM8
EP-19409,EP-19409-ENTRY_ON_FIRST_CLOSE_OUTSIDE,ENTRY_ON_FIRST_CLOSE_OUTSIDE,-1,2018-04-02 09:34:00-04:00,2018-04-02 09:35:00-04:00,STOP,6545.25,6554.874195300756,4.4912911403525,6.73693671052875,6554.874195300756,-4.4912911403525,-1.0,rb,1,1,RB2-008389,6553.75,6554.5,NQM8
EP-20599,EP-20599-ENTRY_ON_TAP,ENTRY_ON_TAP,1,2018-04-03 09:33:00-04:00,2018-04-03 09:33:00-04:00,STOP,6449.0,6440.925585868006,3.76805992826371,5.652089892395565,6440.925585868006,-3.76805992826371,-1.0,rb,3,3,RB2-035353,6443.5,6444.5,NQM8
EP-23017,EP-23017-ENTRY_ON_TAP,ENTRY_ON_TAP,-1,2018-04-05 09:36:00-04:00,2018-04-05 09:37:00-04:00,TARGET,6634.0,6644.789451838618,5.035077524688709,7.552616287033063,6626.447383712967,3.5245542672822032,0.7000000000000213,rb,3,3,RB2-035750,6643.75,6645.25,NQM8
EP-23078,EP-23078-ENTRY_ON_TAP,ENTRY_ON_TAP,-1,2018-04-05 10:52:00-04:00,2018-04-05 11:04:00-04:00,STOP,6603.5,6619.829836362864,7.620590302669756,11.430885454004635,6619.829836362864,-7.620590302669756,-1.0,rb,3,1,RB2-035770,6604.75,6607.5,NQM8
EP-25452,EP-25452-ENTRY_ON_FIRST_CLOSE_OUTSIDE,ENTRY_ON_FIRST_CLOSE_OUTSIDE,1,2018-04-09 09:41:00-04:00,2018-04-09 09:45:00-04:00,TARGET,6494.25,6482.008324768444,5.712781774725889,8.569172662088834,6502.819172662089,3.9989472423080348,0.6999999999999846,rb,1,1,RB2-011232,6482.5,6486.25,NQM8
EP-26727,EP-26727-ENTRY_ON_NEW_FVG,ENTRY_ON_NEW_FVG,1,2018-04-10 10:01:00-04:00,2018-04-10 10:05:00-04:00,TARGET,6561.25,6545.2195430751835,7.480879898247834,11.22131984737175,6572.471319847372,5.23661592877359,0.7000000000000142,rb,3,1,RB2-036368,6546.75,6553.75,NQM8
EP-27888,EP-27888-ENTRY_ON_TAP,ENTRY_ON_TAP,-1,2018-04-11 09:34:00-04:00,2018-04-11 09:35:00-04:00,TARGET,6609.0,6617.822112707451,4.116985930144034,6.1754788952160515,6602.824521104784,2.881890151100924,0.7000000000000243,rb,3,1,RB2-036557,6608.75,6615.5,NQM8
EP-29037,EP-29037-ENTRY_ON_FIRST_CLOSE_OUTSIDE,ENTRY_ON_FIRST_CLOSE_OUTSIDE,-1,2018-04-12 09:35:00-04:00,2018-04-12 09:35:00-04:00,STOP,6636.75,6644.55090071409,3.640420333242118,5.460630499863177,6644.55090071409,-3.640420333242118,-1.0,rb,3,1,RB2-036747,6640.0,6641.25,NQM8
EP-29037,EP-29037-ENTRY_ON_MINIMAL_WICK_REJECTION,ENTRY_ON_MINIMAL_WICK_REJECTION,-1,2018-04-12 09:35:00-04:00,2018-04-12 09:35:00-04:00,STOP,6636.75,6644.55090071409,3.640420333242118,5.460630499863177,6644.55090071409,-3.640420333242118,-1.0,rb,3,1,RB2-036747,6640.0,6641.25,NQM8
EP-29037,EP-29037-ENTRY_ON_STRONG_REJECTION,ENTRY_ON_STRONG_REJECTION,-1,2018-04-12 09:35:00-04:00,2018-04-12 09:35:00-04:00,STOP,6636.75,6644.55090071409,3.640420333242118,5.460630499863177,6644.55090071409,-3.640420333242118,-1.0,rb,3,1,RB2-036747,6640.0,6641.25,NQM8
EP-29037,EP-29037-ENTRY_ON_IMMEDIATE_DISPLACEMENT,ENTRY_ON_IMMEDIATE_DISPLACEMENT,-1,2018-04-12 09:35:00-04:00,2018-04-12 09:35:00-04:00,STOP,6636.75,6644.55090071409,3.640420333242118,5.460630499863177,6644.55090071409,-3.640420333242118,-1.0,rb,3,1,RB2-036747,6640.0,6641.25,NQM8
EP-29039,EP-29039-ENTRY_ON_TAP,ENTRY_ON_TAP,-1,2018-04-12 09:39:00-04:00,2018-04-12 09:42:00-04:00,STOP,6640.0,6649.249755965781,4.316552784031418,6.474829176047127,6649.249755965781,-4.316552784031418,-1.0,rb,1,1,RB2-012853,6642.5,6644.0,NQM8
EP-29053,EP-29053-ENTRY_ON_TAP,ENTRY_ON_TAP,-1,2018-04-12 09:55:00-04:00,2018-04-12 09:57:00-04:00,STOP,6660.0,6670.521541180237,4.9100525507775865,7.36507882616638,6670.521541180237,-4.9100525507775865,-1.0,rb,5,5,RB2-046796,6660.5,6668.0,NQM8
EP-29061,EP-29061-ENTRY_ON_FIRST_CLOSE_OUTSIDE,ENTRY_ON_FIRST_CLOSE_OUTSIDE,-1,2018-04-12 10:12:00-04:00,2018-04-12 10:15:00-04:00,STOP,6670.5,6682.188506568571,5.454636398666647,8.18195459799997,6682.188506568571,-5.454636398666647,-1.0,rb,3,3,RB2-036753,6674.75,6679.5,NQM8
EP-30147,EP-30147-ENTRY_ON_TAP,ENTRY_ON_TAP,-1,2018-04-13 09:44:00-04:00,2018-04-13 09:47:00-04:00,TARGET,6704.5,6713.067810506491,3.9983115696956584,5.997467354543487,6698.502532645456,2.7988180987869313,0.6999999999999926,rb,1,1,RB2-013374,6711.25,6713.0,NQM8
EP-31363,EP-31363-ENTRY_ON_TAP,ENTRY_ON_TAP,1,2018-04-16 09:39:00-04:00,2018-04-16 09:39:00-04:00,TARGET,6666.75,6659.377449097759,3.440523754378943,5.160785631568414,6671.910785631569,2.4083666280652514,0.6999999999999974,rb,3,3,RB2-037080,6662.0,6664.0,NQM8
EP-31364,EP-31364-ENTRY_ON_FIRST_CLOSE_OUTSIDE,ENTRY_ON_FIRST_CLOSE_OUTSIDE,1,2018-04-16 09:39:00-04:00,2018-04-16 09:39:00-04:00,TARGET,6666.75,6659.377449097759,3.440523754378943,5.160785631568414,6671.910785631569,2.4083666280652514,0.6999999999999974,rb,3,1,RB2-037080,6662.0,6664.0,NQM8
EP-31364,EP-31364-ENTRY_ON_MINIMAL_WICK_REJECTION,ENTRY_ON_MINIMAL_WICK_REJECTION,1,2018-04-16 09:39:00-04:00,2018-04-16 09:39:00-04:00,TARGET,6666.75,6659.377449097759,3.440523754378943,5.160785631568414,6671.910785631569,2.4083666280652514,0.6999999999999974,rb,3,1,RB2-037080,6662.0,6664.0,NQM8
EP-31385,EP-31385-ENTRY_ON_FIRST_CLOSE_OUTSIDE,ENTRY_ON_FIRST_CLOSE_OUTSIDE,1,2018-04-16 10:00:00-04:00,2018-04-16 10:01:00-04:00,TARGET,6653.75,6642.634372754989,5.187292714338515,7.780939071507772,6661.530939071507,3.6311049000370827,0.7000000000000236,rb,5,5,RB2-046993,6650.75,6651.5,NQM8
EP-33662,EP-33662-ENTRY_ON_TAP,ENTRY_ON_TAP,1,2018-04-18 09:35:00-04:00,2018-04-18 09:35:00-04:00,TARGET,6832.5,6826.685338302205,2.713508792304064,4.070263188456096,6836.570263188456,1.8994561546127575,0.6999999999999678,rb,3,1,RB2-037487,6825.0,6831.25,NQM8
EP-34744,EP-34744-ENTRY_ON_TAP,ENTRY_ON_TAP,1,2018-04-19 09:43:00-04:00,2018-04-19 09:44:00-04:00,STOP,6803.0,6793.147231739485,4.59795852157394,6.89693778236091,6793.147231739485,-4.59795852157394,-1.0,rb,3,1,RB2-037680,6801.0,6805.0,NQM8
EP-34770,EP-34770-ENTRY_ON_TAP,ENTRY_ON_TAP,1,2018-04-19 10:04:00-04:00,2018-04-19 10:12:00-04:00,TARGET,6802.0,6790.343671602065,5.439619919036328,8.159429878554493,6810.159429878555,3.807733943325464,0.7000000000000063,rb,5,1,RB2-047378,6798.25,6801.25,NQM8
EP-34810,EP-34810-ENTRY_ON_TAP,ENTRY_ON_TAP,1,2018-04-19 10:42:00-04:00,2018-04-19 10:48:00-04:00,STOP,6804.5,6792.551306637767,5.576056902375172,8.364085353562759,6792.551306637767,-5.576056902375172,-1.0,rb,3,3,RB2-037691,6804.0,6807.5,NQM8
EP-35995,EP-35995-ENTRY_ON_FIRST_CLOSE_OUTSIDE,ENTRY_ON_FIRST_CLOSE_OUTSIDE,1,2018-04-20 09:59:00-04:00,2018-04-20 10:04:00-04:00,STOP,6729.0,6717.923433736756,5.169064256180666,7.753596384270999,6717.923433736756,-5.169064256180666,-1.0,rb,3,1,RB2-037883,6719.0,6723.0,NQM8
EP-36020,EP-36020-ENTRY_ON_DELAYED_DISPLACEMENT,ENTRY_ON_DELAYED_DISPLACEMENT,1,2018-04-20 10:28:00-04:00,2018-04-20 10:33:00-04:00,TARGET,6732.0,6720.915547870285,5.172744327200337,7.759116490800505,6739.759116490801,3.620921029040265,0.7000000000000056,rb,1,1,RB2-015954,6721.75,6725.5,NQM8
EP-38263,EP-38263-ENTRY_ON_TAP,ENTRY_ON_TAP,1,2018-04-24 09:40:00-04:00,2018-04-24 09:45:00-04:00,TARGET,6681.0,6672.234090791424,4.090757630668985,6.136136446003476,6687.136136446004,2.863530341468426,0.7000000000000334,rb,1,1,RB2-016958,6677.5,6679.5,NQM8
EP-40803,EP-40803-ENTRY_ON_FIRST_CLOSE_OUTSIDE,ENTRY_ON_FIRST_CLOSE_OUTSIDE,-1,2018-04-26 09:40:00-04:00,2018-04-26 09:49:00-04:00,TARGET,6597.75,6610.3686344956295,5.888696097960452,8.833044146940678,6588.916955853059,4.122087268572322,0.700000000000001,rb,5,5,RB2-047952,6606.0,6611.75,NQM8
EP-41954,EP-41954-ENTRY_ON_TAP,ENTRY_ON_TAP,1,2018-04-27 09:43:00-04:00,2018-04-27 09:50:00-04:00,STOP,6722.0,6710.652147254229,5.295664614692963,7.943496922039444,6710.652147254229,-5.295664614692963,-1.0,rb,3,1,RB2-038818,6708.25,6711.75,NQM8
EP-43131,EP-43131-ENTRY_ON_DELAYED_DISPLACEMENT,ENTRY_ON_DELAYED_DISPLACEMENT,-1,2018-04-30 10:17:00-04:00,2018-04-30 10:19:00-04:00,TARGET,6706.5,6717.305577534572,5.042602849466733,7.5639042742001,6698.9360957257995,3.5298219946265843,0.6999999999999744,rb,5,1,RB2-048179,6714.25,6718.0,NQM8
EP-43130,EP-43130-ENTRY_ON_FIRST_CLOSE_OUTSIDE,ENTRY_ON_FIRST_CLOSE_OUTSIDE,-1,2018-04-30 10:20:00-04:00,2018-04-30 10:22:00-04:00,TARGET,6702.5,6713.376286407097,5.0756003233117575,7.613400484967636,6694.886599515033,3.552920226318168,0.6999999999999877,rb,5,5,RB2-048179,6714.25,6718.0,NQM8
EP-45368,EP-45368-ENTRY_ON_FIRST_CLOSE_OUTSIDE,ENTRY_ON_FIRST_CLOSE_OUTSIDE,1,2018-05-02 09:33:00-04:00,2018-05-02 09:33:00-04:00,STOP,6690.0,6682.332715421111,3.5780661368147038,5.367099205222056,6682.332715421111,-3.5780661368147038,-1.0,rb,1,1,RB2-020056,6685.25,6689.25,NQM8
EP-45368,EP-45368-ENTRY_ON_MINIMAL_WICK_REJECTION,ENTRY_ON_MINIMAL_WICK_REJECTION,1,2018-05-02 09:33:00-04:00,2018-05-02 09:33:00-04:00,STOP,6690.0,6682.332715421111,3.5780661368147038,5.367099205222056,6682.332715421111,-3.5780661368147038,-1.0,rb,1,1,RB2-020056,6685.25,6689.25,NQM8
EP-45368,EP-45368-ENTRY_ON_STRONG_REJECTION,ENTRY_ON_STRONG_REJECTION,1,2018-05-02 09:33:00-04:00,2018-05-02 09:33:00-04:00,STOP,6690.0,6682.332715421111,3.5780661368147038,5.367099205222056,6682.332715421111,-3.5780661368147038,-1.0,rb,1,1,RB2-020056,6685.25,6689.25,NQM8
EP-45368,EP-45368-ENTRY_ON_IMMEDIATE_DISPLACEMENT,ENTRY_ON_IMMEDIATE_DISPLACEMENT,1,2018-05-02 09:33:00-04:00,2018-05-02 09:33:00-04:00,STOP,6690.0,6682.332715421111,3.5780661368147038,5.367099205222056,6682.332715421111,-3.5780661368147038,-1.0,rb,1,1,RB2-020056,6685.25,6689.25,NQM8
EP-45424,EP-45424-ENTRY_ON_MINIMAL_WICK_REJECTION,ENTRY_ON_MINIMAL_WICK_REJECTION,-1,2018-05-02 10:36:00-04:00,2018-05-02 10:40:00-04:00,TARGET,6695.5,6708.1320786822025,5.89497005169458,8.84245507754187,6686.657544922458,4.126479036186256,0.7000000000000085,rb,1,1,RB2-020081,6698.0,6699.5,NQM8
EP-48907,EP-48907-ENTRY_ON_FIRST_CLOSE_OUTSIDE,ENTRY_ON_FIRST_CLOSE_OUTSIDE,-1,2018-05-07 09:50:00-04:00,2018-05-07 09:56:00-04:00,STOP,6832.0,6840.508169172387,3.9704789471141884,5.955718420671283,6840.508169172387,-3.9704789471141884,-1.0,rb,1,1,RB2-021655,6836.25,6839.75,NQM8
EP-50029,EP-50029-ENTRY_ON_FIRST_CLOSE_OUTSIDE,ENTRY_ON_FIRST_CLOSE_OUTSIDE,1,2018-05-08 09:41:00-04:00,2018-05-08 09:44:00-04:00,STOP,6807.0,6799.393808147286,3.549556197933065,5.324334296899598,6799.393808147286,-3.549556197933065,-1.0,rb,3,1,RB2-040095,6799.25,6804.25,NQM8
EP-50100,EP-50100-ENTRY_ON_FIRST_CLOSE_OUTSIDE,ENTRY_ON_FIRST_CLOSE_OUTSIDE,-1,2018-05-08 10:59:00-04:00,2018-05-08 11:00:00-04:00,TARGET,6806.25,6816.347236046006,4.712043488136423,7.068065232204635,6799.181934767796,3.2984304416955683,0.7000000000000153,rb,3,1,RB2-040105,6814.5,6817.0,NQM8
EP-52125,EP-52125-ENTRY_ON_TAP,ENTRY_ON_TAP,-1,2018-05-10 09:40:00-04:00,2018-05-10 09:42:00-04:00,STOP,6919.75,6926.570686081331,3.182986837954393,4.774480256931589,6926.570686081331,-3.182986837954393,-1.0,rb,5,5,RB2-049073,6922.25,6923.5,NQM8
EP-53239,EP-53239-ENTRY_ON_TAP,ENTRY_ON_TAP,-1,2018-05-11 09:36:00-04:00,2018-05-11 09:39:00-04:00,TARGET,6957.25,6962.9240629101905,2.6478960247556076,3.9718440371334114,6953.278155962867,1.8535272173289492,0.7000000000000091,rb,1,1,RB2-023537,6957.5,6959.5,NQM8
EP-53248,EP-53248-ENTRY_ON_TAP,ENTRY_ON_TAP,1,2018-05-11 09:46:00-04:00,2018-05-11 09:47:00-04:00,TARGET,6949.0,6941.640357461243,3.4344998514197878,5.151749777129682,6954.15174977713,2.4041498959938097,0.6999999999999879,rb,5,1,RB2-049187,6942.75,6947.75,NQM8
EP-54306,EP-54306-ENTRY_ON_TAP,ENTRY_ON_TAP,-1,2018-05-14 09:39:00-04:00,2018-05-14 09:40:00-04:00,STOP,6983.25,6988.561358417446,2.4786339281414413,3.717950892212162,6988.561358417446,-2.4786339281414413,-1.0,rb,3,3,RB2-040746,6986.5,6987.25,NQM8
EP-54316,EP-54316-ENTRY_ON_FIRST_CLOSE_OUTSIDE,ENTRY_ON_FIRST_CLOSE_OUTSIDE,-1,2018-05-14 09:57:00-04:00,2018-05-14 09:59:00-04:00,TARGET,6994.75,7001.332418529045,3.0717953135543676,4.607692970331551,6990.142307029669,2.1502567194881324,0.7000000000000244,rb,3,3,RB2-040774,6996.25,6998.75,NQM8
EP-54323,EP-54323-ENTRY_ON_TAP,ENTRY_ON_TAP,-1,2018-05-14 10:02:00-04:00,2018-05-14 10:05:00-04:00,TARGET,6993.5,7000.23683072686,3.1438543392013067,4.71578150880196,6988.784218491198,2.2006980374409593,0.7000000000000142,rb,3,1,RB2-040776,6994.75,6995.75,NQM8
EP-55563,EP-55563-ENTRY_ON_TAP,ENTRY_ON_TAP,-1,2018-05-15 11:36:00-04:00,2018-05-15 11:57:00-04:00,STOP,6878.75,6889.418243848214,4.978513795833271,7.467770693749906,6889.418243848214,-4.978513795833271,-1.0,rb,1,1,RB2-024496,6879.0,6880.5,NQM8
EP-56669,EP-56669-ENTRY_ON_TAP,ENTRY_ON_TAP,-1,2018-05-16 10:14:00-04:00,2018-05-16 10:23:00-04:00,STOP,6917.25,6925.544670832846,3.870846388661474,5.806269582992211,6925.544670832846,-3.870846388661474,-1.0,rb,1,1,RB2-024964,6915.5,6917.75,NQM8
EP-59882,EP-59882-ENTRY_ON_DELAYED_DISPLACEMENT,ENTRY_ON_DELAYED_DISPLACEMENT,1,2018-05-21 09:35:00-04:00,2018-05-21 09:35:00-04:00,TARGET,6943.25,6938.195928012829,2.3585669273462746,3.537850391019412,6946.78785039102,1.6509968491423974,0.7000000000000022,rb,5,5,RB2-049829,6922.0,6922.75,NQM8
EP-59900,EP-59900-ENTRY_ON_TAP,ENTRY_ON_TAP,1,2018-05-21 09:35:00-04:00,2018-05-21 09:35:00-04:00,TARGET,6943.25,6938.195928012829,2.3585669273462746,3.537850391019412,6946.78785039102,1.6509968491423974,0.7000000000000022,rb,5,5,RB2-049831,6923.75,6925.75,NQM8
EP-59915,EP-59915-ENTRY_ON_FIRST_CLOSE_OUTSIDE,ENTRY_ON_FIRST_CLOSE_OUTSIDE,1,2018-05-21 09:48:00-04:00,2018-05-21 09:53:00-04:00,STOP,6951.75,6944.2893012951245,3.4816593956087907,5.222489093413186,6944.2893012951245,-3.4816593956087907,-1.0,rb,5,1,RB2-049834,6947.25,6950.75,NQM8
EP-60970,EP-60970-ENTRY_ON_TAP,ENTRY_ON_TAP,-1,2018-05-22 09:44:00-04:00,2018-05-22 09:45:00-04:00,TARGET,6944.0,6950.085548052803,2.839922424641104,4.259883636961656,6939.740116363038,1.9879456972487126,0.6999999999999788,rb,1,1,RB2-026727,6943.25,6946.75,NQM8
EP-63363,EP-63363-ENTRY_ON_FIRST_CLOSE_OUTSIDE,ENTRY_ON_FIRST_CLOSE_OUTSIDE,1,2018-05-24 10:06:00-04:00,2018-05-24 10:19:00-04:00,STOP,6934.5,6920.397689301284,6.581078326067464,9.871617489101197,6920.397689301284,-6.581078326067464,-1.0,rb,3,3,RB2-042214,6913.25,6918.5,NQM8
EP-64575,EP-64575-ENTRY_ON_FIRST_CLOSE_OUTSIDE,ENTRY_ON_FIRST_CLOSE_OUTSIDE,-1,2018-05-25 09:52:00-04:00,2018-05-25 10:09:00-04:00,STOP,6963.0,6974.93924373872,5.571647078069116,8.357470617103674,6974.93924373872,-5.571647078069116,-1.0,rb,1,1,RB2-028180,6966.5,6967.5,NQM8
EP-66623,EP-66623-ENTRY_ON_TAP,ENTRY_ON_TAP,1,2018-05-29 10:31:00-04:00,2018-05-29 10:39:00-04:00,TARGET,6943.75,6931.315527742911,5.802753719974653,8.70413057996198,6952.454130579962,4.061927603982238,0.6999999999999967,rb,1,1,RB2-029031,6942.25,6943.5,NQM8
EP-67873,EP-67873-ENTRY_ON_MINIMAL_WICK_REJECTION,ENTRY_ON_MINIMAL_WICK_REJECTION,1,2018-05-30 10:41:00-04:00,2018-05-30 10:42:00-04:00,TARGET,6962.25,6953.7953914751615,3.9454839782579154,5.918225967386873,6968.168225967387,2.7618387847805126,0.6999999999999929,rb,1,1,RB2-029571,6958.0,6960.0,NQM8
EP-68949,EP-68949-ENTRY_ON_TAP,ENTRY_ON_TAP,1,2018-05-31 09:44:00-04:00,2018-05-31 09:47:00-04:00,TARGET,6987.0,6976.1750162555745,5.05165908073202,7.577488621098031,6994.577488621098,3.5361613565125047,0.7000000000000179,rb,3,1,RB2-043085,6981.75,6985.0,NQM8
EP-71113,EP-71113-ENTRY_ON_FIRST_CLOSE_OUTSIDE,ENTRY_ON_FIRST_CLOSE_OUTSIDE,-1,2018-06-04 09:39:00-04:00,2018-06-04 09:40:00-04:00,STOP,7115.25,7120.60245099413,2.49781046392711,3.746715695890665,7120.60245099413,-2.49781046392711,-1.0,rb,3,3,RB2-043430,7116.5,7117.25,NQM8
EP-71163,EP-71163-ENTRY_ON_TAP,ENTRY_ON_TAP,-1,2018-06-04 10:22:00-04:00,2018-06-04 10:29:00-04:00,TARGET,7118.25,7125.699646006672,3.476501469780112,5.214752204670168,7113.03524779533,2.4335510288459425,0.699999999999961,rb,1,1,RB2-031006,7117.5,7119.25,NQM8
EP-73296,EP-73296-ENTRY_ON_FIRST_CLOSE_OUTSIDE,ENTRY_ON_FIRST_CLOSE_OUTSIDE,1,2018-06-06 09:45:00-04:00,2018-06-06 09:46:00-04:00,TARGET,7179.5,7173.226582251382,2.927594949354962,4.391392424032443,7183.891392424032,2.0493164645483484,0.6999999999999573,rb,5,5,RB2-051167,7176.75,7178.5,NQM8
EP-00271,EP-00271-ENTRY_ON_TAP,ENTRY_ON_TAP,-1,2018-06-07 09:30:00-04:00,2018-06-07 09:30:00-04:00,TARGET,7238.25,7240.939118278853,1.2549218634647505,1.8823827951971257,7236.367617204803,0.8784453044252951,0.6999999999999759,rb,3,3,RB2-033618,7238.25,7239.0,NQU8
EP-00306,EP-00306-ENTRY_ON_TAP,ENTRY_ON_TAP,1,2018-06-07 10:04:00-04:00,2018-06-07 10:07:00-04:00,STOP,7221.5,7213.548567848313,3.7106683374540372,5.566002506181055,7213.548567848313,-3.7106683374540372,-1.0,rb,1,1,RB2-000080,7220.25,7221.75,NQU8
EP-01480,EP-01480-ENTRY_ON_TAP,ENTRY_ON_TAP,-1,2018-06-08 09:32:00-04:00,2018-06-08 09:33:00-04:00,TARGET,7145.75,7151.125547944845,2.5085890409273697,3.7628835613910545,7141.987116438609,1.7560123286490867,0.6999999999999713,rb,1,1,RB2-000557,7147.75,7151.75,NQU8
EP-03697,EP-03697-ENTRY_ON_TAP,ENTRY_ON_TAP,-1,2018-06-12 09:36:00-04:00,2018-06-12 09:36:00-04:00,TARGET,7213.25,7217.767029098262,2.107946912522281,3.1619203687834214,7210.088079631217,1.4755628387654907,0.6999999999999497,rb,5,1,RB2-046606,7214.75,7218.0,NQU8
EP-06007,EP-06007-ENTRY_ON_DELAYED_DISPLACEMENT,ENTRY_ON_DELAYED_DISPLACEMENT,1,2018-06-14 09:30:00-04:00,2018-06-14 09:30:00-04:00,TARGET,7264.75,7260.028851155508,2.2032027940963577,3.3048041911445365,7268.054804191144,1.5422419558675677,0.7000000000000532,rb,5,5,RB2-046823,7256.75,7258.75,NQU8
EP-06015,EP-06015-ENTRY_ON_DELAYED_DISPLACEMENT,ENTRY_ON_DELAYED_DISPLACEMENT,1,2018-06-14 09:30:00-04:00,2018-06-14 09:30:00-04:00,TARGET,7264.75,7260.028851155508,2.2032027940963577,3.3048041911445365,7268.054804191144,1.5422419558675677,0.7000000000000532,rb,1,1,RB2-002410,7260.75,7261.25,NQU8
EP-06016,EP-06016-ENTRY_ON_DELAYED_DISPLACEMENT,ENTRY_ON_DELAYED_DISPLACEMENT,1,2018-06-14 09:30:00-04:00,2018-06-14 09:30:00-04:00,TARGET,7264.75,7260.028851155508,2.2032027940963577,3.3048041911445365,7268.054804191144,1.5422419558675677,0.7000000000000532,rb,5,1,RB2-046824,7259.0,7261.25,NQU8
EP-06017,EP-06017-ENTRY_ON_TAP,ENTRY_ON_TAP,1,2018-06-14 09:30:00-04:00,2018-06-14 09:30:00-04:00,TARGET,7264.75,7260.028851155508,2.2032027940963577,3.3048041911445365,7268.054804191144,1.5422419558675677,0.7000000000000532,rb,5,5,RB2-046824,7259.0,7261.25,NQU8
EP-06093,EP-06093-ENTRY_ON_DELAYED_DISPLACEMENT,ENTRY_ON_DELAYED_DISPLACEMENT,-1,2018-06-14 10:57:00-04:00,2018-06-14 11:00:00-04:00,TARGET,7285.75,7294.901339130029,4.2706249273465975,6.405937391019896,7279.3440626089805,2.9894374491425455,0.699999999999983,rb,3,3,RB2-034551,7295.0,7302.0,NQU8
EP-08226,EP-08226-ENTRY_ON_TAP,ENTRY_ON_TAP,1,2018-06-18 09:37:00-04:00,2018-06-18 09:37:00-04:00,TARGET,7216.0,7209.915367562339,2.839495137575092,4.259242706362638,7220.259242706363,1.987646596302624,0.7000000000000209,rb,3,1,RB2-034889,7210.25,7212.25,NQU8
EP-10592,EP-10592-ENTRY_ON_MINIMAL_WICK_REJECTION,ENTRY_ON_MINIMAL_WICK_REJECTION,-1,2018-06-20 09:33:00-04:00,2018-06-20 09:35:00-04:00,STOP,7290.75,7295.918447384502,2.411942112767284,3.6179131691509263,7295.918447384502,-2.411942112767284,-1.0,rb,1,1,RB2-004434,7292.5,7292.75,NQU8
EP-10617,EP-10617-ENTRY_ON_MINIMAL_WICK_REJECTION,ENTRY_ON_MINIMAL_WICK_REJECTION,-1,2018-06-20 09:46:00-04:00,2018-06-20 09:48:00-04:00,TARGET,7298.5,7306.582501380716,3.771833977667351,5.657750966501027,7292.842249033499,2.64028378436701,0.6999999999999641,rb,1,1,RB2-004443,7303.0,7304.25,NQU8
EP-10623,EP-10623-ENTRY_ON_TAP,ENTRY_ON_TAP,1,2018-06-20 09:51:00-04:00,2018-06-20 09:53:00-04:00,TARGET,7293.5,7284.459393679416,4.218949616272401,6.3284244244086025,7299.828424424409,2.9532647313906804,0.6999999999999998,rb,5,1,RB2-047286,7287.25,7293.0,NQU8
EP-11877,EP-11877-ENTRY_ON_NEW_FVG,ENTRY_ON_NEW_FVG,1,2018-06-21 11:18:00-04:00,2018-06-21 11:39:00-04:00,TARGET,7271.5,7257.220669326009,6.6636876478626945,9.995531471794042,7281.4955314717945,4.66458135350393,0.7000000000000066,rb,3,3,RB2-035470,7255.25,7264.5,NQU8
EP-12912,EP-12912-ENTRY_ON_FIRST_CLOSE_OUTSIDE,ENTRY_ON_FIRST_CLOSE_OUTSIDE,1,2018-06-22 09:51:00-04:00,2018-06-22 09:56:00-04:00,STOP,7233.75,7224.185419798599,4.463470760654075,6.695206140981112,7224.185419798599,-4.463470760654075,-1.0,rb,3,3,RB2-035649,7225.5,7227.75,NQU8
EP-12961,EP-12961-ENTRY_ON_DELAYED_DISPLACEMENT,ENTRY_ON_DELAYED_DISPLACEMENT,1,2018-06-22 10:46:00-04:00,2018-06-22 11:00:00-04:00,TARGET,7212.25,7198.520258156082,6.407212860495354,9.61081929074303,7221.860819290743,4.485049002346813,0.7000000000000101,rb,3,1,RB2-035660,7198.75,7203.5,NQU8
EP-14048,EP-14048-ENTRY_ON_TAP,ENTRY_ON_TAP,1,2018-06-25 09:32:00-04:00,2018-06-25 09:32:00-04:00,TARGET,7154.25,7149.640774298144,2.15097199419955,3.226457991299325,7157.476457991299,1.5056803959396443,0.6999999999999811,rb,1,1,RB2-005935,7148.75,7151.25,NQU8
EP-14053,EP-14053-ENTRY_ON_TAP,ENTRY_ON_TAP,1,2018-06-25 09:36:00-04:00,2018-06-25 09:36:00-04:00,STOP,7155.75,7148.883348551246,3.204437342751725,4.806656014127588,7148.883348551246,-3.204437342751725,-1.0,rb,1,1,RB2-005937,7152.0,7154.25,NQU8
EP-15358,EP-15358-ENTRY_ON_FIRST_CLOSE_OUTSIDE,ENTRY_ON_FIRST_CLOSE_OUTSIDE,1,2018-06-26 10:24:00-04:00,2018-06-26 10:31:00-04:00,STOP,7098.25,7081.883796454339,7.637561654641861,11.456342481962793,7081.883796454339,-7.637561654641861,-1.0,rb,3,3,RB2-036041,7094.0,7095.5,NQU8
EP-16595,EP-16595-ENTRY_ON_TAP,ENTRY_ON_TAP,1,2018-06-27 09:33:00-04:00,2018-06-27 09:36:00-04:00,TARGET,7120.25,7111.411462869287,4.124650660999638,6.186975991499457,7126.4369759915,2.8872554626998737,0.7000000000000308,rb,1,1,RB2-007020,7111.75,7114.75,NQU8
EP-17886,EP-17886-ENTRY_ON_FIRST_CLOSE_OUTSIDE,ENTRY_ON_FIRST_CLOSE_OUTSIDE,-1,2018-06-28 10:12:00-04:00,2018-06-28 10:32:00-04:00,TARGET,6994.25,7014.546297249859,9.471605383267473,14.20740807490121,6980.042591925098,6.630123768287195,0.6999999999999962,rb,3,3,RB2-036442,7013.75,7020.0,NQU8
EP-17915,EP-17915-ENTRY_ON_TAP,ENTRY_ON_TAP,-1,2018-06-28 10:40:00-04:00,2018-06-28 10:44:00-04:00,STOP,6990.75,7010.931498636553,9.418032697058413,14.127049045587619,7010.931498636553,-9.418032697058413,-1.0,rb,1,1,RB2-007584,6991.0,6992.75,NQU8
EP-20100,EP-20100-ENTRY_ON_FIRST_CLOSE_OUTSIDE,ENTRY_ON_FIRST_CLOSE_OUTSIDE,-1,2018-07-02 09:33:00-04:00,2018-07-02 09:35:00-04:00,STOP,6994.25,7001.313778638944,3.296430031507517,4.944645047261275,7001.313778638944,-3.296430031507517,-1.0,rb,3,3,RB2-036805,6999.5,7001.0,NQU8
EP-22211,EP-22211-ENTRY_ON_TAP,ENTRY_ON_TAP,-1,2018-07-04 10:00:00-04:00,2018-07-04 10:03:00-04:00,TARGET,7034.0,7037.654460527658,1.7054149129070488,2.5581223693605732,7031.441877630639,1.1937904390350367,0.7000000000000601,rb,3,3,RB2-037143,7033.75,7034.5,NQU8
EP-22219,EP-22219-ENTRY_ON_FIRST_CLOSE_OUTSIDE,ENTRY_ON_FIRST_CLOSE_OUTSIDE,-1,2018-07-04 10:07:00-04:00,2018-07-04 10:34:00-04:00,TARGET,7033.75,7037.5681185492995,1.7817886563396608,2.6726829845094913,7031.077317015491,1.2472520594376981,0.6999999999999639,rb,5,1,RB2-048406,7034.25,7035.25,NQU8
EP-25429,EP-25429-ENTRY_ON_TAP,ENTRY_ON_TAP,1,2018-07-09 09:49:00-04:00,2018-07-09 09:50:00-04:00,STOP,7277.75,7271.435728481045,2.9466600421790665,4.4199900632686,7271.435728481045,-2.9466600421790665,-1.0,rb,3,1,RB2-037650,7276.0,7277.25,NQU8
EP-28834,EP-28834-ENTRY_ON_TAP,ENTRY_ON_TAP,-1,2018-07-12 09:44:00-04:00,2018-07-12 09:47:00-04:00,TARGET,7305.0,7311.576083272135,3.0688388603297123,4.603258290494568,7300.3967417095055,2.148187202230735,0.6999999999999792,rb,1,1,RB2-012425,7306.75,7308.0,NQU8
EP-29942,EP-29942-ENTRY_ON_MINIMAL_WICK_REJECTION,ENTRY_ON_MINIMAL_WICK_REJECTION,-1,2018-07-13 09:41:00-04:00,2018-07-13 09:41:00-04:00,TARGET,7391.0,7396.959682982019,2.7811853916092204,4.171778087413831,7386.828221912586,1.946829774126594,0.7000000000000502,rb,1,1,RB2-012898,7394.25,7395.5,NQU8
EP-29948,EP-29948-ENTRY_ON_TAP,ENTRY_ON_TAP,-1,2018-07-13 09:43:00-04:00,2018-07-13 09:44:00-04:00,TARGET,7390.5,7397.150844762505,3.1037275558355515,4.6555913337533275,7385.844408666247,2.1726092890849116,0.7000000000000082,rb,3,1,RB2-038381,7386.5,7394.5,NQU8
EP-31018,EP-31018-ENTRY_ON_TAP,ENTRY_ON_TAP,1,2018-07-16 09:42:00-04:00,2018-07-16 09:43:00-04:00,TARGET,7397.0,7390.98444713647,2.807258002980645,4.210887004470967,7401.210887004471,1.9650806020865696,0.700000000000042,rb,5,1,RB2-049306,7391.0,7394.75,NQU8
EP-31018,EP-31018-ENTRY_ON_FIRST_CLOSE_OUTSIDE,ENTRY_ON_FIRST_CLOSE_OUTSIDE,1,2018-07-16 09:43:00-04:00,2018-07-16 09:43:00-04:00,TARGET,7398.5,7392.333309458165,2.8777889195231183,4.316683379284678,7402.816683379285,2.0144522436662253,0.7000000000000148,rb,5,1,RB2-049306,7391.0,7394.75,NQU8
EP-31019,EP-31019-ENTRY_ON_TAP,ENTRY_ON_TAP,1,2018-07-16 09:43:00-04:00,2018-07-16 09:43:00-04:00,TARGET,7398.5,7392.333309458165,2.8777889195231183,4.316683379284678,7402.816683379285,2.0144522436662253,0.7000000000000148,rb,1,1,RB2-013334,7393.0,7397.25,NQU8
EP-31001,EP-31001-ENTRY_ON_FIRST_CLOSE_OUTSIDE,ENTRY_ON_FIRST_CLOSE_OUTSIDE,-1,2018-07-16 09:45:00-04:00,2018-07-16 09:45:00-04:00,TARGET,7401.75,7408.262650068556,3.039236698659253,4.55885504798888,7397.191144952011,2.127465689061472,0.6999999999999983,rb,5,5,RB2-049288,7403.5,7404.5,NQU8
EP-31015,EP-31015-ENTRY_ON_MINIMAL_WICK_REJECTION,ENTRY_ON_MINIMAL_WICK_REJECTION,-1,2018-07-16 09:45:00-04:00,2018-07-16 09:45:00-04:00,TARGET,7401.75,7408.262650068556,3.039236698659253,4.55885504798888,7397.191144952011,2.127465689061472,0.6999999999999983,rb,1,1,RB2-013333,7404.25,7406.75,NQU8
EP-36893,EP-36893-ENTRY_ON_FIRST_CLOSE_OUTSIDE,ENTRY_ON_FIRST_CLOSE_OUTSIDE,-1,2018-07-23 09:35:00-04:00,2018-07-23 09:35:00-04:00,TARGET,7347.25,7352.721914186901,2.553559953886932,3.830339930830398,7343.419660069169,1.7874919677207428,0.6999999999999571,rb,1,1,RB2-015769,7352.5,7354.0,NQU8
EP-36893,EP-36893-ENTRY_ON_MINIMAL_WICK_REJECTION,ENTRY_ON_MINIMAL_WICK_REJECTION,-1,2018-07-23 09:35:00-04:00,2018-07-23 09:35:00-04:00,TARGET,7347.25,7352.721914186901,2.553559953886932,3.830339930830398,7343.419660069169,1.7874919677207428,0.6999999999999571,rb,1,1,RB2-015769,7352.5,7354.0,NQU8
EP-36893,EP-36893-ENTRY_ON_DELAYED_DISPLACEMENT,ENTRY_ON_DELAYED_DISPLACEMENT,-1,2018-07-23 09:35:00-04:00,2018-07-23 09:35:00-04:00,TARGET,7347.25,7352.721914186901,2.553559953886932,3.830339930830398,7343.419660069169,1.7874919677207428,0.6999999999999571,rb,1,1,RB2-015769,7352.5,7354.0,NQU8
EP-36894,EP-36894-ENTRY_ON_FIRST_CLOSE_OUTSIDE,ENTRY_ON_FIRST_CLOSE_OUTSIDE,-1,2018-07-23 09:35:00-04:00,2018-07-23 09:35:00-04:00,TARGET,7347.25,7352.721914186901,2.553559953886932,3.830339930830398,7343.419660069169,1.7874919677207428,0.6999999999999571,rb,3,1,RB2-039494,7349.0,7354.0,NQU8
EP-36894,EP-36894-ENTRY_ON_MINIMAL_WICK_REJECTION,ENTRY_ON_MINIMAL_WICK_REJECTION,-1,2018-07-23 09:35:00-04:00,2018-07-23 09:35:00-04:00,TARGET,7347.25,7352.721914186901,2.553559953886932,3.830339930830398,7343.419660069169,1.7874919677207428,0.6999999999999571,rb,3,1,RB2-039494,7349.0,7354.0,NQU8
EP-36894,EP-36894-ENTRY_ON_IMMEDIATE_DISPLACEMENT,ENTRY_ON_IMMEDIATE_DISPLACEMENT,-1,2018-07-23 09:35:00-04:00,2018-07-23 09:35:00-04:00,TARGET,7347.25,7352.721914186901,2.553559953886932,3.830339930830398,7343.419660069169,1.7874919677207428,0.6999999999999571,rb,3,1,RB2-039494,7349.0,7354.0,NQU8
EP-38075,EP-38075-ENTRY_ON_FIRST_CLOSE_OUTSIDE,ENTRY_ON_FIRST_CLOSE_OUTSIDE,-1,2018-07-24 09:45:00-04:00,2018-07-24 09:53:00-04:00,TARGET,7478.0,7485.4207586426655,3.463020699910749,5.194531049866123,7472.805468950134,2.424114489937641,0.7000000000000337,rb,3,3,RB2-039685,7479.5,7484.5,NQU8
EP-38114,EP-38114-ENTRY_ON_FIRST_CLOSE_OUTSIDE,ENTRY_ON_FIRST_CLOSE_OUTSIDE,-1,2018-07-24 10:17:00-04:00,2018-07-24 10:22:00-04:00,STOP,7478.75,7486.733427256938,3.7255993865709884,5.588399079856483,7486.733427256938,-3.7255993865709884,-1.0,rb,1,1,RB2-016260,7481.25,7483.5,NQU8
EP-38119,EP-38119-ENTRY_ON_DELAYED_DISPLACEMENT,ENTRY_ON_DELAYED_DISPLACEMENT,-1,2018-07-24 10:27:00-04:00,2018-07-24 10:41:00-04:00,TARGET,7479.0,7487.231945301565,3.84157447406394,5.76236171109591,7473.237638288904,2.689102131844869,0.7000000000000288,rb,1,1,RB2-016276,7487.75,7489.75,NQU8
EP-39318,EP-39318-ENTRY_ON_TAP,ENTRY_ON_TAP,-1,2018-07-25 10:32:00-04:00,2018-07-25 10:42:00-04:00,TARGET,7434.25,7442.811718516339,3.9954686409584768,5.993202961437715,7428.256797038563,2.796828048671072,0.7000000000000346,rb,1,1,RB2-016751,7433.75,7435.5,NQU8
EP-40402,EP-40402-ENTRY_ON_TAP,ENTRY_ON_TAP,-1,2018-07-26 10:06:00-04:00,2018-07-26 10:21:00-04:00,TARGET,7428.25,7441.013594711479,5.956344198690095,8.934516298035142,7419.315483701965,4.169440939083118,0.7000000000000086,rb,1,1,RB2-017223,7426.25,7429.75,NQU8
EP-40419,EP-40419-ENTRY_ON_TAP,ENTRY_ON_TAP,1,2018-07-26 10:26:00-04:00,2018-07-26 10:45:00-04:00,TARGET,7420.25,7408.499247435989,5.483684529871903,8.225526794807855,7428.475526794808,3.8385791709103274,0.6999999999999992,rb,3,1,RB2-040037,7419.0,7422.25,NQU8
EP-41495,EP-41495-ENTRY_ON_MINIMAL_WICK_REJECTION,ENTRY_ON_MINIMAL_WICK_REJECTION,1,2018-07-27 09:51:00-04:00,2018-07-27 09:54:00-04:00,STOP,7430.0,7420.954628984873,4.221173140392343,6.331759710588515,7420.954628984873,-4.221173140392343,-1.0,rb,3,3,RB2-040221,7415.5,7422.0,NQU8
EP-42702,EP-42702-ENTRY_ON_TAP,ENTRY_ON_TAP,-1,2018-07-30 10:28:00-04:00,2018-07-30 10:33:00-04:00,TARGET,7244.5,7261.014634914332,7.706829626688272,11.560244440032408,7232.939755559968,5.394780738681657,0.6999999999999827,rb,3,1,RB2-040397,7245.0,7250.0,NQU8
EP-42725,EP-42725-ENTRY_ON_FIRST_CLOSE_OUTSIDE,ENTRY_ON_FIRST_CLOSE_OUTSIDE,1,2018-07-30 10:57:00-04:00,2018-07-30 11:01:00-04:00,STOP,7227.25,7212.4097032700465,6.925471807311504,10.388207710967256,7212.4097032700465,-6.925471807311504,-1.0,rb,5,1,RB2-050455,7218.0,7222.0,NQU8
EP-42734,EP-42734-ENTRY_ON_FIRST_CLOSE_OUTSIDE,ENTRY_ON_FIRST_CLOSE_OUTSIDE,1,2018-07-30 11:06:00-04:00,2018-07-30 11:09:00-04:00,STOP,7227.5,7211.743966364865,7.352815696396288,11.029223544594432,7211.743966364865,-7.352815696396288,-1.0,rb,1,1,RB2-018213,7211.5,7214.25,NQU8
EP-43850,EP-43850-ENTRY_ON_FIRST_CLOSE_OUTSIDE,ENTRY_ON_FIRST_CLOSE_OUTSIDE,1,2018-07-31 09:46:00-04:00,2018-07-31 09:46:00-04:00,STOP,7253.0,7239.350891953228,6.369583755160227,9.55437563274034,7239.350891953228,-6.369583755160227,-1.0,rb,1,1,RB2-018679,7244.0,7245.75,NQU8
EP-43850,EP-43850-ENTRY_ON_MINIMAL_WICK_REJECTION,ENTRY_ON_MINIMAL_WICK_REJECTION,1,2018-07-31 09:46:00-04:00,2018-07-31 09:46:00-04:00,STOP,7253.0,7239.350891953228,6.369583755160227,9.55437563274034,7239.350891953228,-6.369583755160227,-1.0,rb,1,1,RB2-018679,7244.0,7245.75,NQU8
EP-43850,EP-43850-ENTRY_ON_DELAYED_DISPLACEMENT,ENTRY_ON_DELAYED_DISPLACEMENT,1,2018-07-31 09:46:00-04:00,2018-07-31 09:46:00-04:00,STOP,7253.0,7239.350891953228,6.369583755160227,9.55437563274034,7239.350891953228,-6.369583755160227,-1.0,rb,1,1,RB2-018679,7244.0,7245.75,NQU8
EP-44997,EP-44997-ENTRY_ON_FIRST_CLOSE_OUTSIDE,ENTRY_ON_FIRST_CLOSE_OUTSIDE,-1,2018-08-01 09:43:00-04:00,2018-08-01 09:47:00-04:00,STOP,7275.0,7287.03093145611,5.614434679517892,8.421652019276838,7287.03093145611,-5.614434679517892,-1.0,rb,5,1,RB2-050667,7276.5,7283.5,NQU8
EP-44996,EP-44996-ENTRY_ON_FIRST_CLOSE_OUTSIDE,ENTRY_ON_FIRST_CLOSE_OUTSIDE,-1,2018-08-01 10:05:00-04:00,2018-08-01 10:14:00-04:00,STOP,7276.5,7288.786522577359,5.733710536100918,8.600565804151376,7288.786522577359,-5.733710536100918,-1.0,rb,5,5,RB2-050667,7276.5,7283.5,NQU8
EP-48328,EP-48328-ENTRY_ON_MINIMAL_WICK_REJECTION,ENTRY_ON_MINIMAL_WICK_REJECTION,-1,2018-08-06 09:42:00-04:00,2018-08-06 09:45:00-04:00,TARGET,7397.75,7405.86609900477,3.787512868892876,5.681269303339314,7392.068730696661,2.651259008225111,0.7000000000000258,rb,3,3,RB2-041326,7400.0,7400.5,NQU8
EP-49351,EP-49351-ENTRY_ON_TAP,ENTRY_ON_TAP,-1,2018-08-07 09:43:00-04:00,2018-08-07 09:44:00-04:00,TARGET,7479.0,7484.630671587074,2.6276467406345216,3.9414701109517827,7475.058529889048,1.8393527184440996,0.6999999999999751,rb,3,1,RB2-041477,7479.5,7482.25,NQU8
EP-49351,EP-49351-ENTRY_ON_FIRST_CLOSE_OUTSIDE,ENTRY_ON_FIRST_CLOSE_OUTSIDE,-1,2018-08-07 09:44:00-04:00,2018-08-07 09:44:00-04:00,TARGET,7477.5,7483.1192745566605,2.6223281264414164,3.9334921896621244,7473.5665078103375,1.8356296885089003,0.6999999999999652,rb,3,1,RB2-041477,7479.5,7482.25,NQU8
EP-49351,EP-49351-ENTRY_ON_MINIMAL_WICK_REJECTION,ENTRY_ON_MINIMAL_WICK_REJECTION,-1,2018-08-07 09:44:00-04:00,2018-08-07 09:44:00-04:00,TARGET,7477.5,7483.1192745566605,2.6223281264414164,3.9334921896621244,7473.5665078103375,1.8356296885089003,0.6999999999999652,rb,3,1,RB2-041477,7479.5,7482.25,NQU8
EP-49353,EP-49353-ENTRY_ON_TAP,ENTRY_ON_TAP,-1,2018-08-07 09:44:00-04:00,2018-08-07 09:44:00-04:00,TARGET,7477.5,7483.1192745566605,2.6223281264414164,3.9334921896621244,7473.5665078103375,1.8356296885089003,0.6999999999999652,rb,1,1,RB2-021105,7478.75,7479.75,NQU8
EP-49351,EP-49351-ENTRY_ON_DELAYED_DISPLACEMENT,ENTRY_ON_DELAYED_DISPLACEMENT,-1,2018-08-07 09:45:00-04:00,2018-08-07 09:46:00-04:00,TARGET,7471.75,7477.670852402513,2.7630644545063574,4.144596681759536,7467.605403318241,1.9341451181545077,0.7000000000000208,rb,3,1,RB2-041477,7479.5,7482.25,NQU8
EP-49367,EP-49367-ENTRY_ON_TAP,ENTRY_ON_TAP,-1,2018-08-07 09:56:00-04:00,2018-08-07 10:17:00-04:00,TARGET,7471.25,7480.028041478832,4.096419356788245,6.144629035182367,7465.105370964818,2.8674935497517025,0.6999999999999831,rb,1,1,RB2-021106,7471.75,7473.5,NQU8
EP-50421,EP-50421-ENTRY_ON_TAP,ENTRY_ON_TAP,-1,2018-08-08 09:35:00-04:00,2018-08-08 09:35:00-04:00,TARGET,7454.75,7461.169594880073,2.995810944034206,4.493716416051309,7450.256283583949,2.097067660823905,0.699999999999987,rb,5,5,RB2-051214,7464.75,7466.0,NQU8
EP-50428,EP-50428-ENTRY_ON_TAP,ENTRY_ON_TAP,-1,2018-08-08 09:36:00-04:00,2018-08-08 09:37:00-04:00,STOP,7453.0,7459.687826045784,3.120985488032781,4.681478232049171,7459.687826045784,-3.120985488032781,-1.0,rb,1,1,RB2-021547,7454.75,7456.25,NQU8
EP-50440,EP-50440-ENTRY_ON_FIRST_CLOSE_OUTSIDE,ENTRY_ON_FIRST_CLOSE_OUTSIDE,1,2018-08-08 09:47:00-04:00,2018-08-08 09:48:00-04:00,TARGET,7457.25,7448.790852340426,3.947602241134477,5.921403361701715,7463.171403361702,2.7633215687940202,0.6999999999999712,rb,5,1,RB2-051220,7449.75,7454.75,NQU8
EP-50448,EP-50448-ENTRY_ON_FIRST_CLOSE_OUTSIDE,ENTRY_ON_FIRST_CLOSE_OUTSIDE,-1,2018-08-08 09:53:00-04:00,2018-08-08 09:53:00-04:00,TARGET,7464.25,7473.563317547088,4.346214855307824,6.5193222829617365,7457.730677717038,3.0423503987153953,0.6999999999999812,rb,3,1,RB2-041641,7466.25,7470.5,NQU8
EP-50448,EP-50448-ENTRY_ON_MINIMAL_WICK_REJECTION,ENTRY_ON_MINIMAL_WICK_REJECTION,-1,2018-08-08 09:53:00-04:00,2018-08-08 09:53:00-04:00,TARGET,7464.25,7473.563317547088,4.346214855307824,6.5193222829617365,7457.730677717038,3.0423503987153953,0.6999999999999812,rb,3,1,RB2-041641,7466.25,7470.5,NQU8
EP-50448,EP-50448-ENTRY_ON_IMMEDIATE_DISPLACEMENT,ENTRY_ON_IMMEDIATE_DISPLACEMENT,-1,2018-08-08 09:53:00-04:00,2018-08-08 09:53:00-04:00,TARGET,7464.25,7473.563317547088,4.346214855307824,6.5193222829617365,7457.730677717038,3.0423503987153953,0.6999999999999812,rb,3,1,RB2-041641,7466.25,7470.5,NQU8
EP-51568,EP-51568-ENTRY_ON_TAP,ENTRY_ON_TAP,1,2018-08-09 09:34:00-04:00,2018-08-09 09:34:00-04:00,STOP,7478.0,7473.587902931253,2.0589786320821606,3.088467948123241,7473.587902931253,-2.0589786320821606,-1.0,rb,1,1,RB2-021968,7474.75,7476.25,NQU8
EP-51581,EP-51581-ENTRY_ON_TAP,ENTRY_ON_TAP,-1,2018-08-09 09:46:00-04:00,2018-08-09 09:49:00-04:00,TARGET,7483.0,7490.567835176441,3.5316564156725025,5.297484623508754,7477.702515376492,2.472159490970811,0.7000000000000168,rb,1,1,RB2-021973,7483.0,7485.5,NQU8
EP-51581,EP-51581-ENTRY_ON_DELAYED_DISPLACEMENT,ENTRY_ON_DELAYED_DISPLACEMENT,-1,2018-08-09 09:49:00-04:00,2018-08-09 10:05:00-04:00,STOP,7479.5,7487.649516928554,3.8031078999918506,5.704661849987776,7487.649516928554,-3.8031078999918506,-1.0,rb,1,1,RB2-021973,7483.0,7485.5,NQU8
EP-54025,EP-54025-ENTRY_ON_DELAYED_DISPLACEMENT,ENTRY_ON_DELAYED_DISPLACEMENT,-1,2018-08-13 10:57:00-04:00,2018-08-13 11:07:00-04:00,TARGET,7467.75,7474.62859857935,3.210012670363394,4.815019005545091,7462.934980994455,2.2470088692543584,0.6999999999999946,rb,3,1,RB2-042217,7472.5,7474.75,NQU8
EP-55042,EP-55042-ENTRY_ON_FIRST_CLOSE_OUTSIDE,ENTRY_ON_FIRST_CLOSE_OUTSIDE,-1,2018-08-14 09:39:00-04:00,2018-08-14 09:40:00-04:00,TARGET,7436.25,7442.956622254638,3.1297570521645754,4.694635578246864,7431.555364421753,2.190829936515259,0.7000000000000179,rb,5,1,RB2-051674,7437.0,7445.0,NQU8
EP-55071,EP-55071-ENTRY_ON_NEW_FVG,ENTRY_ON_NEW_FVG,1,2018-08-14 10:22:00-04:00,2018-08-14 10:34:00-04:00,TARGET,7422.75,7412.219652995753,4.914161935315383,7.371242902973075,7430.121242902973,3.4399133547207734,0.7000000000000011,rb,1,1,RB2-023493,7412.5,7415.0,NQU8
EP-56227,EP-56227-ENTRY_ON_TAP,ENTRY_ON_TAP,-1,2018-08-15 10:38:00-04:00,2018-08-15 10:50:00-04:00,TARGET,7341.0,7357.257292823434,7.586736650935996,11.380104976403993,7329.619895023596,5.3107156556552875,0.700000000000012,rb,3,1,RB2-042587,7339.5,7344.25,NQU8
EP-57431,EP-57431-ENTRY_ON_TAP,ENTRY_ON_TAP,-1,2018-08-16 09:46:00-04:00,2018-08-16 09:58:00-04:00,TARGET,7408.5,7418.713004654276,4.7660688386621235,7.149103257993185,7401.350896742007,3.3362481870634406,0.6999999999999904,rb,5,1,RB2-051909,7406.0,7418.0,NQU8
EP-58605,EP-58605-ENTRY_ON_TAP,ENTRY_ON_TAP,-1,2018-08-17 09:51:00-04:00,2018-08-17 09:53:00-04:00,TARGET,7363.25,7375.091091909662,5.525842891175889,8.288764336763833,7354.961235663236,3.8680900238232323,0.7000000000000199,rb,1,1,RB2-024979,7366.0,7370.25,NQU8
EP-59783,EP-59783-ENTRY_ON_TAP,ENTRY_ON_TAP,1,2018-08-20 10:04:00-04:00,2018-08-20 10:14:00-04:00,STOP,7375.0,7364.2213023634,5.030058897079743,7.5450883456196145,7364.2213023634,-5.030058897079743,-1.0,rb,1,1,RB2-025488,7366.75,7369.25,NQU8
EP-59862,EP-59862-ENTRY_ON_TAP,ENTRY_ON_TAP,-1,2018-08-20 11:31:00-04:00,2018-08-20 12:00:00-04:00,TARGET,7368.5,7377.583140632734,4.238798961942767,6.358198442914151,7362.141801557086,2.967159273360008,0.7000000000000167,rb,3,1,RB2-043160,7369.5,7371.75,NQU8
EP-60861,EP-60861-ENTRY_ON_FIRST_CLOSE_OUTSIDE,ENTRY_ON_FIRST_CLOSE_OUTSIDE,-1,2018-08-21 09:39:00-04:00,2018-08-21 09:40:00-04:00,TARGET,7406.5,7412.072103562346,2.600314995761097,3.9004724936416455,7402.599527506359,1.8202204970326574,0.6999999999999574,rb,1,1,RB2-025897,7408.25,7410.0,NQU8
EP-60889,EP-60889-ENTRY_ON_TAP,ENTRY_ON_TAP,-1,2018-08-21 10:10:00-04:00,2018-08-21 10:18:00-04:00,STOP,7420.75,7428.251516290499,3.500707602232999,5.251061403349498,7428.251516290499,-3.500707602232999,-1.0,rb,5,5,RB2-052254,7426.0,7428.75,NQU8
EP-60916,EP-60916-ENTRY_ON_TAP,ENTRY_ON_TAP,1,2018-08-21 10:45:00-04:00,2018-08-21 11:12:00-04:00,STOP,7426.25,7418.250506815687,3.7330968193460032,5.599645229019005,7418.250506815687,-3.7330968193460032,-1.0,rb,1,1,RB2-025923,7423.75,7425.0,NQU8
EP-60966,EP-60966-ENTRY_ON_TAP,ENTRY_ON_TAP,-1,2018-08-21 11:32:00-04:00,2018-08-21 11:37:00-04:00,STOP,7423.25,7429.986512525662,3.143705845309043,4.715558767963564,7429.986512525662,-3.143705845309043,-1.0,rb,5,1,RB2-052259,7423.25,7424.75,NQU8
EP-62069,EP-62069-ENTRY_ON_TAP,ENTRY_ON_TAP,1,2018-08-22 09:40:00-04:00,2018-08-22 09:42:00-04:00,TARGET,7409.5,7403.171580275232,2.9532625382250344,4.429893807337551,7413.929893807338,2.067283776757623,0.7000000000000335,rb,3,1,RB2-043501,7407.5,7411.25,NQU8
EP-62102,EP-62102-ENTRY_ON_TAP,ENTRY_ON_TAP,-1,2018-08-22 10:09:00-04:00,2018-08-22 10:12:00-04:00,STOP,7395.5,7405.162556877468,4.509193209484858,6.7637898142272865,7405.162556877468,-4.509193209484858,-1.0,rb,1,1,RB2-026411,7398.0,7399.75,NQU8
EP-63235,EP-63235-ENTRY_ON_TAP,ENTRY_ON_TAP,1,2018-08-23 10:05:00-04:00,2018-08-23 10:11:00-04:00,TARGET,7459.25,7451.314066134741,3.703435803787532,5.555153705681298,7464.805153705682,2.592405062651155,0.6999999999999682,rb,5,5,RB2-052477,7457.25,7461.5,NQU8
EP-64313,EP-64313-ENTRY_ON_FIRST_CLOSE_OUTSIDE,ENTRY_ON_FIRST_CLOSE_OUTSIDE,1,2018-08-24 09:43:00-04:00,2018-08-24 09:49:00-04:00,STOP,7458.75,7452.021425949583,3.14000122352771,4.710001835291565,7452.021425949583,-3.14000122352771,-1.0,rb,3,1,RB2-043852,7450.25,7456.75,NQU8
EP-65332,EP-65332-ENTRY_ON_TAP,ENTRY_ON_TAP,-1,2018-08-27 09:46:00-04:00,2018-08-27 09:51:00-04:00,TARGET,7532.5,7540.1172711744775,3.55472654808952,5.3320898221342805,7527.167910177865,2.488308583662666,0.7000000000000006,rb,5,1,RB2-052673,7527.25,7533.5,NQU8
EP-66343,EP-66343-ENTRY_ON_NEW_FVG,ENTRY_ON_NEW_FVG,1,2018-08-28 09:41:00-04:00,2018-08-28 09:42:00-04:00,STOP,7590.75,7583.614620090767,3.3298439576418986,4.994765936462848,7583.614620090767,-3.3298439576418986,-1.0,rb,3,1,RB2-044167,7581.5,7582.75,NQU8
EP-67351,EP-67351-ENTRY_ON_FIRST_CLOSE_OUTSIDE,ENTRY_ON_FIRST_CLOSE_OUTSIDE,-1,2018-08-29 09:46:00-04:00,2018-08-29 09:46:00-04:00,TARGET,7606.25,7613.44315963655,3.3568078303900375,5.035211745585056,7601.214788254415,2.3497654812729665,0.6999999999999822,rb,1,1,RB2-028611,7611.5,7613.75,NQU8
EP-67351,EP-67351-ENTRY_ON_MINIMAL_WICK_REJECTION,ENTRY_ON_MINIMAL_WICK_REJECTION,-1,2018-08-29 09:46:00-04:00,2018-08-29 09:46:00-04:00,TARGET,7606.25,7613.44315963655,3.3568078303900375,5.035211745585056,7601.214788254415,2.3497654812729665,0.6999999999999822,rb,1,1,RB2-028611,7611.5,7613.75,NQU8
EP-67351,EP-67351-ENTRY_ON_DELAYED_DISPLACEMENT,ENTRY_ON_DELAYED_DISPLACEMENT,-1,2018-08-29 09:46:00-04:00,2018-08-29 09:46:00-04:00,TARGET,7606.25,7613.44315963655,3.3568078303900375,5.035211745585056,7601.214788254415,2.3497654812729665,0.6999999999999822,rb,1,1,RB2-028611,7611.5,7613.75,NQU8
EP-67353,EP-67353-ENTRY_ON_TAP,ENTRY_ON_TAP,-1,2018-08-29 09:46:00-04:00,2018-08-29 09:46:00-04:00,TARGET,7606.25,7613.44315963655,3.3568078303900375,5.035211745585056,7601.214788254415,2.3497654812729665,0.6999999999999822,rb,5,1,RB2-052878,7610.25,7613.75,NQU8
EP-71554,EP-71554-ENTRY_ON_DELAYED_DISPLACEMENT,ENTRY_ON_DELAYED_DISPLACEMENT,1,2018-09-04 09:56:00-04:00,2018-09-04 10:00:00-04:00,TARGET,7605.25,7594.913322029068,4.823783053101652,7.2356745796524775,7612.485674579652,3.3766481371711223,0.699999999999993,rb,1,1,RB2-030349,7591.0,7594.5,NQU8
EP-71590,EP-71590-ENTRY_ON_FIRST_CLOSE_OUTSIDE,ENTRY_ON_FIRST_CLOSE_OUTSIDE,-1,2018-09-04 10:30:00-04:00,2018-09-04 10:49:00-04:00,STOP,7624.0,7634.18087377596,4.751074428781511,7.126611643172266,7634.18087377596,-4.751074428781511,-1.0,rb,5,5,RB2-053288,7629.5,7634.75,NQU8
EP-72753,EP-72753-ENTRY_ON_TAP,ENTRY_ON_TAP,-1,2018-09-05 09:48:00-04:00,2018-09-05 09:50:00-04:00,TARGET,7604.25,7613.396735931805,4.268476768175605,6.402715152263407,7597.847284847737,2.9879337377229227,0.6999999999999998,rb,1,1,RB2-030827,7604.75,7606.25,NQU8
EP-76282,EP-76282-ENTRY_ON_TAP,ENTRY_ON_TAP,-1,2018-09-10 09:39:00-04:00,2018-09-10 09:41:00-04:00,STOP,7446.0,7454.79843313384,4.105935462458905,6.1589031936883565,7454.79843313384,-4.105935462458905,-1.0,rb,1,1,RB2-032337,7441.25,7448.25,NQU8
EP-76289,EP-76289-ENTRY_ON_TAP,ENTRY_ON_TAP,1,2018-09-10 09:44:00-04:00,2018-09-10 09:45:00-04:00,STOP,7454.75,7444.643360179047,4.716431916444772,7.074647874667157,7444.643360179047,-4.716431916444772,-1.0,rb,1,1,RB2-032339,7447.0,7453.5,NQU8
EP-76287,EP-76287-ENTRY_ON_STRONG_REJECTION,ENTRY_ON_STRONG_REJECTION,-1,2018-09-10 09:46:00-04:00,2018-09-10 09:47:00-04:00,TARGET,7445.0,7455.837025609372,5.057278617707091,7.5859179265606365,7437.414082073439,3.5400950323950164,0.7000000000000104,rb,5,1,RB2-053735,7453.0,7459.75,NQU8
EP-76294,EP-76294-ENTRY_ON_TAP,ENTRY_ON_TAP,-1,2018-09-10 09:51:00-04:00,2018-09-10 09:53:00-04:00,TARGET,7443.0,7455.535675312595,5.849981812544296,8.774972718816445,7434.225027281183,4.094987268780906,0.6999999999999826,rb,3,3,RB2-045747,7448.0,7451.75,NQU8
EP-78612,EP-78612-ENTRY_ON_TAP,ENTRY_ON_TAP,-1,2018-09-12 09:40:00-04:00,2018-09-12 09:52:00-04:00,TARGET,7491.0,7501.572282072889,4.933731634014648,7.400597451021971,7483.599402548978,3.4536121438101617,0.6999999999999814,rb,3,1,RB2-046128,7492.25,7497.75,NQU8
EP-78621,EP-78621-ENTRY_ON_FIRST_CLOSE_OUTSIDE,ENTRY_ON_FIRST_CLOSE_OUTSIDE,-1,2018-09-12 09:52:00-04:00,2018-09-12 09:53:00-04:00,TARGET,7487.75,7500.335142546922,5.8730665218967575,8.809599782845137,7478.940400217155,4.111146565327667,0.6999999999999893,rb,1,1,RB2-033288,7493.25,7495.75,NQU8
EP-00361,EP-00361-ENTRY_ON_TAP,ENTRY_ON_TAP,-1,2018-09-13 10:12:00-04:00,2018-09-13 10:14:00-04:00,TARGET,7600.25,7610.785991224123,4.916795904590721,7.3751938568860815,7592.874806143114,3.4417571332135353,0.7000000000000062,rb,1,1,RB2-000114,7603.5,7605.75,NQZ8
EP-00406,EP-00406-ENTRY_ON_NEW_FVG,ENTRY_ON_NEW_FVG,1,2018-09-13 11:12:00-04:00,2018-09-13 11:46:00-04:00,STOP,7590.75,7579.693613463687,5.159647050279208,7.739470575418812,7590.75,-0.0,-0.0,rb,3,3,RB2-034445,7573.25,7575.0,NQZ8
EP-01427,EP-01427-ENTRY_ON_TAP,ENTRY_ON_TAP,1,2018-09-14 09:54:00-04:00,2018-09-14 10:02:00-04:00,TARGET,7599.0,7588.566226334562,4.869094377204413,7.30364156580662,7606.303641565806,3.4083660640431273,0.7000000000000078,rb,3,3,RB2-034609,7596.75,7604.0,NQZ8
EP-01439,EP-01439-ENTRY_ON_TAP,ENTRY_ON_TAP,1,2018-09-14 10:07:00-04:00,2018-09-14 10:23:00-04:00,TARGET,7594.75,7583.5162758386505,5.242404608629934,7.863606912944901,7602.613606912945,3.6696832260410615,0.7000000000000206,rb,3,1,RB2-034612,7590.25,7593.25,NQZ8
EP-02555,EP-02555-ENTRY_ON_FIRST_CLOSE_OUTSIDE,ENTRY_ON_FIRST_CLOSE_OUTSIDE,-1,2018-09-17 09:49:00-04:00,2018-09-17 09:54:00-04:00,TARGET,7528.75,7539.065304585648,4.8138088066355795,7.220713209953369,7521.529286790047,3.3696661646448187,0.699999999999982,rb,1,1,RB2-001006,7533.5,7535.25,NQZ8
EP-04960,EP-04960-ENTRY_ON_FIRST_CLOSE_OUTSIDE,ENTRY_ON_FIRST_CLOSE_OUTSIDE,1,2018-09-19 09:35:00-04:00,2018-09-19 09:35:00-04:00,STOP,7536.25,7530.345425056947,2.755468306758394,4.133202460137591,7530.345425056947,-2.755468306758394,-1.0,rb,5,5,RB2-047252,7521.25,7524.0,NQZ8
EP-04960,EP-04960-ENTRY_ON_NEW_IFVG,ENTRY_ON_NEW_IFVG,1,2018-09-19 09:35:00-04:00,2018-09-19 09:35:00-04:00,STOP,7536.25,7530.345425056947,2.755468306758394,4.133202460137591,7530.345425056947,-2.755468306758394,-1.0,rb,5,5,RB2-047252,7521.25,7524.0,NQZ8
EP-04999,EP-04999-ENTRY_ON_MINIMAL_WICK_REJECTION,ENTRY_ON_MINIMAL_WICK_REJECTION,1,2018-09-19 09:51:00-04:00,2018-09-19 10:10:00-04:00,STOP,7504.25,7491.911972831385,5.757746012020112,8.636619018030167,7491.911972831385,-5.757746012020112,-1.0,rb,1,1,RB2-001999,7497.0,7502.0,NQZ8
EP-05034,EP-05034-ENTRY_ON_NEW_FVG,ENTRY_ON_NEW_FVG,1,2018-09-19 10:26:00-04:00,2018-09-19 10:57:00-04:00,STOP,7487.75,7474.634849810003,6.120403421998321,9.180605132997481,7474.634849810003,-6.120403421998321,-1.0,rb,1,1,RB2-002011,7471.0,7474.25,NQZ8
EP-06149,EP-06149-ENTRY_ON_TAP,ENTRY_ON_TAP,-1,2018-09-20 09:40:00-04:00,2018-09-20 09:43:00-04:00,STOP,7568.0,7578.817229557154,5.048040460005305,7.572060690007958,7578.817229557154,-5.048040460005305,-1.0,rb,3,1,RB2-035367,7563.0,7574.0,NQZ8
EP-06157,EP-06157-ENTRY_ON_FIRST_CLOSE_OUTSIDE,ENTRY_ON_FIRST_CLOSE_OUTSIDE,-1,2018-09-20 09:53:00-04:00,2018-09-20 10:00:00-04:00,STOP,7571.0,7583.938546981336,6.037988591290303,9.056982886935455,7583.938546981336,-6.037988591290303,-1.0,rb,3,1,RB2-035368,7579.25,7582.75,NQZ8
EP-08369,EP-08369-ENTRY_ON_TAP,ENTRY_ON_TAP,1,2018-09-24 09:36:00-04:00,2018-09-24 09:36:00-04:00,STOP,7489.5,7481.253843677587,3.848206283792949,5.772309425689423,7481.253843677587,-3.848206283792949,-1.0,rb,5,1,RB2-047599,7473.75,7482.5,NQZ8
EP-08371,EP-08371-ENTRY_ON_TAP,ENTRY_ON_TAP,1,2018-09-24 09:37:00-04:00,2018-09-24 09:37:00-04:00,TARGET,7486.25,7477.543862095782,4.062864355301576,6.094296532952364,7492.344296532952,2.8440050487110127,0.6999999999999778,rb,3,1,RB2-035727,7473.75,7485.0,NQZ8
EP-08440,EP-08440-ENTRY_ON_DELAYED_DISPLACEMENT,ENTRY_ON_DELAYED_DISPLACEMENT,1,2018-09-24 10:58:00-04:00,2018-09-24 11:18:00-04:00,TARGET,7528.75,7514.627926487856,6.590300972334033,9.885451458501048,7538.635451458501,4.613210680633875,0.7000000000000078,rb,3,1,RB2-035737,7521.75,7524.75,NQZ8
EP-09442,EP-09442-ENTRY_ON_MINIMAL_WICK_REJECTION,ENTRY_ON_MINIMAL_WICK_REJECTION,-1,2018-09-25 09:34:00-04:00,2018-09-25 09:34:00-04:00,TARGET,7575.5,7582.355264761015,3.199123555140502,4.798685332710753,7570.701314667289,2.2393864885984858,0.7000000000000419,rb,1,1,RB2-003834,7580.25,7581.5,NQZ8
EP-09444,EP-09444-ENTRY_ON_MINIMAL_WICK_REJECTION,ENTRY_ON_MINIMAL_WICK_REJECTION,-1,2018-09-25 09:34:00-04:00,2018-09-25 09:34:00-04:00,TARGET,7575.5,7582.355264761015,3.199123555140502,4.798685332710753,7570.701314667289,2.2393864885984858,0.7000000000000419,rb,5,1,RB2-047705,7579.25,7581.5,NQZ8
EP-09451,EP-09451-ENTRY_ON_TAP,ENTRY_ON_TAP,1,2018-09-25 09:34:00-04:00,2018-09-25 09:34:00-04:00,STOP,7575.5,7568.644735238985,3.199123555140502,4.798685332710753,7568.644735238985,-3.199123555140502,-1.0,rb,1,1,RB2-003836,7571.0,7577.0,NQZ8
EP-09452,EP-09452-ENTRY_ON_FIRST_CLOSE_OUTSIDE,ENTRY_ON_FIRST_CLOSE_OUTSIDE,1,2018-09-25 09:38:00-04:00,2018-09-25 09:38:00-04:00,STOP,7574.5,7565.439226521203,4.228360956772261,6.342541435158392,7565.439226521203,-4.228360956772261,-1.0,rb,3,1,RB2-035895,7561.25,7566.25,NQZ8
EP-09454,EP-09454-ENTRY_ON_TAP,ENTRY_ON_TAP,-1,2018-09-25 09:40:00-04:00,2018-09-25 09:42:00-04:00,TARGET,7575.0,7584.777912746029,4.5630259481467474,6.844538922220121,7568.15546107778,3.194118163702653,0.6999999999999845,rb,3,1,RB2-035896,7572.0,7577.0,NQZ8
EP-09455,EP-09455-ENTRY_ON_TAP,ENTRY_ON_TAP,-1,2018-09-25 09:42:00-04:00,2018-09-25 09:42:00-04:00,TARGET,7573.25,7583.382405976821,4.728456122516718,7.092684183775077,7566.157315816225,3.309919285761798,0.7000000000000202,rb,3,3,RB2-035896,7572.0,7577.0,NQZ8
EP-10476,EP-10476-ENTRY_ON_TAP,ENTRY_ON_TAP,1,2018-09-26 09:30:00-04:00,2018-09-26 09:30:00-04:00,STOP,7596.5,7593.071871745464,1.5997931854503586,2.3996897781755377,7593.071871745464,-1.5997931854503586,-1.0,rb,1,1,RB2-004263,7594.0,7595.0,NQZ8
EP-10524,EP-10524-ENTRY_ON_TAP,ENTRY_ON_TAP,1,2018-09-26 10:12:00-04:00,2018-09-26 10:24:00-04:00,TARGET,7605.0,7596.100467594048,4.153115122777654,6.229672684166482,7611.229672684167,2.907180585944261,0.6999999999999766,rb,1,1,RB2-004280,7600.25,7604.25,NQZ8
EP-11713,EP-11713-ENTRY_ON_DELAYED_DISPLACEMENT,ENTRY_ON_DELAYED_DISPLACEMENT,1,2018-09-27 09:30:00-04:00,2018-09-27 09:30:00-04:00,TARGET,7626.25,7622.565356509169,1.719500295721229,2.5792504435818437,7628.829250443582,1.2036502070048787,0.7000000000000106,rb,5,5,RB2-047935,7616.25,7618.25,NQZ8
EP-11713,EP-11713-ENTRY_ON_NEW_FVG,ENTRY_ON_NEW_FVG,1,2018-09-27 09:30:00-04:00,2018-09-27 09:30:00-04:00,TARGET,7626.25,7622.565356509169,1.719500295721229,2.5792504435818437,7628.829250443582,1.2036502070048787,0.7000000000000106,rb,5,5,RB2-047935,7616.25,7618.25,NQZ8
EP-11730,EP-11730-ENTRY_ON_FIRST_CLOSE_OUTSIDE,ENTRY_ON_FIRST_CLOSE_OUTSIDE,1,2018-09-27 09:30:00-04:00,2018-09-27 09:30:00-04:00,TARGET,7626.25,7622.565356509169,1.719500295721229,2.5792504435818437,7628.829250443582,1.2036502070048787,0.7000000000000106,rb,1,1,RB2-004758,7621.75,7622.5,NQZ8
EP-11730,EP-11730-ENTRY_ON_DELAYED_DISPLACEMENT,ENTRY_ON_DELAYED_DISPLACEMENT,1,2018-09-27 09:30:00-04:00,2018-09-27 09:30:00-04:00,TARGET,7626.25,7622.565356509169,1.719500295721229,2.5792504435818437,7628.829250443582,1.2036502070048787,0.7000000000000106,rb,1,1,RB2-004758,7621.75,7622.5,NQZ8
EP-11741,EP-11741-ENTRY_ON_TAP,ENTRY_ON_TAP,-1,2018-09-27 09:39:00-04:00,2018-09-27 09:39:00-04:00,STOP,7631.75,7638.682963213411,3.235382832925154,4.853074249387731,7638.682963213411,-3.235382832925154,-1.0,rb,1,1,RB2-004764,7633.5,7634.25,NQZ8
EP-12867,EP-12867-ENTRY_ON_FIRST_CLOSE_OUTSIDE,ENTRY_ON_FIRST_CLOSE_OUTSIDE,-1,2018-09-28 09:36:00-04:00,2018-09-28 09:36:00-04:00,STOP,7641.75,7647.860917928507,2.8517616999697393,4.277642549954609,7647.860917928507,-2.8517616999697393,-1.0,rb,1,1,RB2-005246,7643.5,7648.5,NQZ8
EP-12867,EP-12867-ENTRY_ON_MINIMAL_WICK_REJECTION,ENTRY_ON_MINIMAL_WICK_REJECTION,-1,2018-09-28 09:36:00-04:00,2018-09-28 09:36:00-04:00,STOP,7641.75,7647.860917928507,2.8517616999697393,4.277642549954609,7647.860917928507,-2.8517616999697393,-1.0,rb,1,1,RB2-005246,7643.5,7648.5,NQZ8
EP-15147,EP-15147-ENTRY_ON_TAP,ENTRY_ON_TAP,-1,2018-10-02 09:34:00-04:00,2018-10-02 09:35:00-04:00,TARGET,7667.5,7673.362923066888,2.73603076454757,4.104046146821355,7663.395953853179,1.9152215351833284,0.7000000000000107,rb,3,1,RB2-036793,7668.5,7673.0,NQZ8
EP-15178,EP-15178-ENTRY_ON_FIRST_CLOSE_OUTSIDE,ENTRY_ON_FIRST_CLOSE_OUTSIDE,1,2018-10-02 09:57:00-04:00,2018-10-02 09:59:00-04:00,TARGET,7666.0,7654.272765133287,5.472709604466122,8.209064406699182,7674.209064406699,3.830896723126345,0.700000000000011,rb,1,1,RB2-006202,7663.75,7664.75,NQZ8
EP-15187,EP-15187-ENTRY_ON_FIRST_CLOSE_OUTSIDE,ENTRY_ON_FIRST_CLOSE_OUTSIDE,1,2018-10-02 10:08:00-04:00,2018-10-02 10:29:00-04:00,TARGET,7670.75,7658.664273175498,5.640005851434176,8.460008777151264,7679.210008777151,3.9480040960039373,0.7000000000000025,rb,3,1,RB2-036798,7667.0,7669.0,NQZ8
EP-16276,EP-16276-ENTRY_ON_TAP,ENTRY_ON_TAP,1,2018-10-03 09:33:00-04:00,2018-10-03 09:33:00-04:00,TARGET,7683.0,7678.223210966769,2.2291682155075194,3.3437523232612794,7686.3437523232615,1.5604177508551749,0.6999999999999602,rb,3,3,RB2-036955,7680.25,7680.5,NQZ8
EP-16282,EP-16282-ENTRY_ON_TAP,ENTRY_ON_TAP,1,2018-10-03 09:33:00-04:00,2018-10-03 09:33:00-04:00,TARGET,7683.0,7678.223210966769,2.2291682155075194,3.3437523232612794,7686.3437523232615,1.5604177508551749,0.6999999999999602,rb,3,1,RB2-036955,7680.25,7680.5,NQZ8
EP-16284,EP-16284-ENTRY_ON_TAP,ENTRY_ON_TAP,-1,2018-10-03 09:37:00-04:00,2018-10-03 09:38:00-04:00,TARGET,7690.5,7697.331223665079,3.1879043770370363,4.781856565555555,7685.718143434445,2.231533063926028,0.700000000000032,rb,1,1,RB2-006698,7695.75,7698.0,NQZ8
EP-16296,EP-16296-ENTRY_ON_FIRST_CLOSE_OUTSIDE,ENTRY_ON_FIRST_CLOSE_OUTSIDE,-1,2018-10-03 09:51:00-04:00,2018-10-03 10:03:00-04:00,STOP,7686.5,7696.095921404268,4.478096655324879,6.7171449829873175,7696.095921404268,-4.478096655324879,-1.0,rb,1,1,RB2-006703,7687.75,7692.0,NQZ8
EP-16337,EP-16337-ENTRY_ON_FIRST_CLOSE_OUTSIDE,ENTRY_ON_FIRST_CLOSE_OUTSIDE,-1,2018-10-03 10:47:00-04:00,2018-10-03 10:51:00-04:00,TARGET,7686.0,7694.131156306493,3.794539609696744,5.691809414545116,7680.308190585455,2.6561777267877895,0.700000000000018,rb,3,1,RB2-036974,7690.0,7692.75,NQZ8
EP-17536,EP-17536-ENTRY_ON_FIRST_CLOSE_OUTSIDE,ENTRY_ON_FIRST_CLOSE_OUTSIDE,1,2018-10-04 09:35:00-04:00,2018-10-04 09:37:00-04:00,STOP,7610.75,7603.473651049873,3.3956295100589444,5.093444265088417,7603.473651049873,-3.3956295100589444,-1.0,rb,3,1,RB2-037120,7602.25,7604.75,NQZ8
EP-17546,EP-17546-ENTRY_ON_FIRST_CLOSE_OUTSIDE,ENTRY_ON_FIRST_CLOSE_OUTSIDE,1,2018-10-04 09:46:00-04:00,2018-10-04 09:47:00-04:00,STOP,7589.5,7577.751208421143,5.482769403466418,8.224154105199627,7577.751208421143,-5.482769403466418,-1.0,rb,3,1,RB2-037158,7579.0,7584.25,NQZ8
EP-17549,EP-17549-ENTRY_ON_FIRST_CLOSE_OUTSIDE,ENTRY_ON_FIRST_CLOSE_OUTSIDE,1,2018-10-04 09:49:00-04:00,2018-10-04 09:54:00-04:00,TARGET,7586.0,7573.677663794027,5.75042356278761,8.625635344181415,7594.625635344181,4.02529649395133,0.7000000000000004,rb,5,1,RB2-048497,7579.0,7583.5,NQZ8
EP-17554,EP-17554-ENTRY_ON_TAP,ENTRY_ON_TAP,-1,2018-10-04 09:58:00-04:00,2018-10-04 10:01:00-04:00,TARGET,7584.0,7596.621679159225,5.890116940971528,8.835175411457293,7575.164824588543,4.123081858679942,0.6999999999999783,rb,3,1,RB2-037161,7593.25,7596.5,NQZ8
EP-17564,EP-17564-ENTRY_ON_TAP,ENTRY_ON_TAP,1,2018-10-04 10:04:00-04:00,2018-10-04 10:11:00-04:00,STOP,7583.0,7569.046848701681,6.511470605882563,9.767205908823843,7569.046848701681,-6.511470605882563,-1.0,rb,3,1,RB2-037162,7571.5,7576.5,NQZ8
EP-20029,EP-20029-ENTRY_ON_TAP,ENTRY_ON_TAP,1,2018-10-08 09:36:00-04:00,2018-10-08 09:36:00-04:00,TARGET,7370.0,7359.2266724126575,5.027552874093009,7.541329311139513,7377.54132931114,3.519287011865007,0.6999999999999803,rb,5,1,RB2-048741,7359.25,7373.5,NQZ8
EP-20069,EP-20069-ENTRY_ON_TAP,ENTRY_ON_TAP,-1,2018-10-08 10:08:00-04:00,2018-10-08 10:11:00-04:00,STOP,7408.25,7423.882697223444,7.295258704273675,10.942888056410514,7423.882697223444,-7.295258704273675,-1.0,rb,1,1,RB2-008306,7408.75,7413.0,NQZ8
EP-21273,EP-21273-ENTRY_ON_TAP,ENTRY_ON_TAP,1,2018-10-09 09:54:00-04:00,2018-10-09 09:55:00-04:00,TARGET,7395.5,7376.334453060897,8.943921904914543,13.415882857371814,7408.915882857372,6.2607453334401875,0.7000000000000008,rb,1,1,RB2-008837,7385.25,7387.5,NQZ8
EP-22438,EP-22438-ENTRY_ON_TAP,ENTRY_ON_TAP,-1,2018-10-10 09:42:00-04:00,2018-10-10 09:44:00-04:00,TARGET,7323.25,7339.816330939038,7.730954438217748,11.596431657326622,7311.653568342674,5.41166810675231,0.6999999999999853,rb,3,3,RB2-037914,7324.5,7330.5,NQZ8
EP-23657,EP-23657-ENTRY_ON_STRONG_REJECTION,ENTRY_ON_STRONG_REJECTION,-1,2018-10-11 09:36:00-04:00,2018-10-11 09:36:00-04:00,TARGET,7048.75,7070.729692230805,10.257189707708875,15.385784561563312,7033.364215438437,7.180032795396097,0.6999999999999887,rb,1,1,RB2-009951,7071.25,7075.75,NQZ8
EP-23660,EP-23660-ENTRY_ON_TAP,ENTRY_ON_TAP,-1,2018-10-11 09:36:00-04:00,2018-10-11 09:36:00-04:00,TARGET,7048.75,7070.729692230805,10.257189707708875,15.385784561563312,7033.364215438437,7.180032795396097,0.6999999999999887,rb,5,1,RB2-049097,7051.75,7078.5,NQZ8
EP-23669,EP-23669-ENTRY_ON_TAP,ENTRY_ON_TAP,-1,2018-10-11 09:47:00-04:00,2018-10-11 09:49:00-04:00,STOP,7055.75,7084.354305695242,13.348675991112898,20.023013986669348,7084.354305695242,-13.348675991112898,-1.0,rb,1,1,RB2-009953,7051.75,7060.75,NQZ8
EP-24886,EP-24886-ENTRY_ON_DELAYED_DISPLACEMENT,ENTRY_ON_DELAYED_DISPLACEMENT,1,2018-10-12 09:37:00-04:00,2018-10-12 09:41:00-04:00,STOP,7152.25,7134.835226609389,8.126894248952047,12.190341373428069,7134.835226609389,-8.126894248952047,-1.0,rb,5,1,RB2-049207,7132.0,7134.0,NQZ8
EP-26141,EP-26141-ENTRY_ON_FIRST_CLOSE_OUTSIDE,ENTRY_ON_FIRST_CLOSE_OUTSIDE,-1,2018-10-15 09:50:00-04:00,2018-10-15 09:55:00-04:00,TARGET,7119.75,7139.337145866835,9.14066807118996,13.71100210678494,7106.038997893215,6.39846764983309,0.7000000000000128,rb,3,1,RB2-038497,7131.25,7134.75,NQZ8
EP-27341,EP-27341-ENTRY_ON_STRONG_REJECTION,ENTRY_ON_STRONG_REJECTION,1,2018-10-16 09:33:00-04:00,2018-10-16 09:33:00-04:00,TARGET,7162.5,7154.928401440401,3.533412661146193,5.300118991719289,7167.8001189917195,2.473388862802364,0.7000000000000082,rb,3,3,RB2-038686,7152.25,7153.5,NQZ8
EP-27357,EP-27357-ENTRY_ON_TAP,ENTRY_ON_TAP,1,2018-10-16 09:46:00-04:00,2018-10-16 09:50:00-04:00,STOP,7169.5,7155.74289377659,6.419982904258264,9.629974356387397,7155.74289377659,-6.419982904258264,-1.0,rb,5,1,RB2-049460,7162.0,7169.0,NQZ8
EP-27359,EP-27359-ENTRY_ON_TAP,ENTRY_ON_TAP,1,2018-10-16 09:50:00-04:00,2018-10-16 09:56:00-04:00,TARGET,7167.5,7153.349840689132,6.60340767840512,9.905111517607681,7177.405111517608,4.622385374883681,0.7000000000000146,rb,5,5,RB2-049459,7153.25,7160.5,NQZ8
EP-28539,EP-28539-ENTRY_ON_TAP,ENTRY_ON_TAP,1,2018-10-17 09:44:00-04:00,2018-10-17 09:45:00-04:00,TARGET,7282.75,7268.402504338074,6.695497975565137,10.043246963347706,7292.793246963348,4.686848582895471,0.6999999999999813,rb,1,1,RB2-012133,7276.25,7280.0,NQZ8
EP-28555,EP-28555-ENTRY_ON_TAP,ENTRY_ON_TAP,1,2018-10-17 09:57:00-04:00,2018-10-17 10:00:00-04:00,STOP,7280.25,7262.915193298061,8.089576460904809,12.134364691357213,7262.915193298061,-8.089576460904809,-1.0,rb,5,1,RB2-049580,7270.0,7279.5,NQZ8
EP-28677,EP-28677-ENTRY_ON_TAP,ENTRY_ON_TAP,-1,2018-10-17 11:43:00-04:00,2018-10-17 12:14:00-04:00,STOP,7282.75,7298.807050659753,7.493290307885018,11.239935461827526,7282.75,-0.0,-0.0,rb,3,1,RB2-038883,7280.25,7285.5,NQZ8
EP-29834,EP-29834-ENTRY_ON_TAP,ENTRY_ON_TAP,1,2018-10-18 09:39:00-04:00,2018-10-18 09:42:00-04:00,TARGET,7244.25,7233.191221839666,5.160763141489587,7.741144712234381,7251.991144712234,3.6125341990428383,0.7000000000000246,rb,1,1,RB2-012679,7235.0,7238.0,NQZ8
EP-29844,EP-29844-ENTRY_ON_TAP,ENTRY_ON_TAP,1,2018-10-18 09:50:00-04:00,2018-10-18 09:52:00-04:00,STOP,7249.0,7236.078912755461,6.029840714118486,9.04476107117773,7236.078912755461,-6.029840714118486,-1.0,rb,5,5,RB2-049701,7226.75,7236.75,NQZ8
EP-31141,EP-31141-ENTRY_ON_FIRST_CLOSE_OUTSIDE,ENTRY_ON_FIRST_CLOSE_OUTSIDE,-1,2018-10-19 10:36:00-04:00,2018-10-19 10:38:00-04:00,TARGET,7233.5,7248.164338360212,6.843357901432486,10.265036852148729,7223.234963147851,4.790350531002815,0.700000000000011,rb,5,1,RB2-049827,7240.0,7244.25,NQZ8
EP-32383,EP-32383-ENTRY_ON_FIRST_CLOSE_OUTSIDE,ENTRY_ON_FIRST_CLOSE_OUTSIDE,-1,2018-10-22 10:16:00-04:00,2018-10-22 10:18:00-04:00,TARGET,7126.75,7144.876205865356,8.458896070499412,12.688344105749117,7114.061655894251,5.921227249349685,0.7000000000000114,rb,1,1,RB2-013827,7132.25,7136.25,NQZ8
EP-33497,EP-33497-ENTRY_ON_DELAYED_DISPLACEMENT,ENTRY_ON_DELAYED_DISPLACEMENT,-1,2018-10-23 09:41:00-04:00,2018-10-23 09:41:00-04:00,STOP,7015.0,7036.919145407627,10.228934523559559,15.343401785339339,7036.919145407627,-10.228934523559559,-1.0,rb,1,1,RB2-014379,7043.75,7049.25,NQZ8
EP-33497,EP-33497-ENTRY_ON_NEW_FVG,ENTRY_ON_NEW_FVG,-1,2018-10-23 09:41:00-04:00,2018-10-23 09:41:00-04:00,STOP,7015.0,7036.919145407627,10.228934523559559,15.343401785339339,7036.919145407627,-10.228934523559559,-1.0,rb,1,1,RB2-014379,7043.75,7049.25,NQZ8
EP-33524,EP-33524-ENTRY_ON_FIRST_CLOSE_OUTSIDE,ENTRY_ON_FIRST_CLOSE_OUTSIDE,1,2018-10-23 10:21:00-04:00,2018-10-23 10:47:00-04:00,TARGET,6976.25,6948.943423490619,12.743069037711084,19.114603556566628,6995.364603556566,8.92014832639784,0.7000000000000064,rb,3,3,RB2-039684,6952.5,6957.0,NQZ8
EP-33577,EP-33577-ENTRY_ON_TAP,ENTRY_ON_TAP,-1,2018-10-23 11:14:00-04:00,2018-10-23 11:26:00-04:00,STOP,7004.25,7026.370635832252,10.322963388384302,15.484445082576453,7026.370635832252,-10.322963388384302,-1.0,rb,1,1,RB2-014419,7004.0,7007.5,NQZ8
EP-33610,EP-33610-ENTRY_ON_TAP,ENTRY_ON_TAP,1,2018-10-23 11:56:00-04:00,2018-10-23 12:05:00-04:00,TARGET,7003.5,6987.455958406007,7.487219410529872,11.230829115794808,7014.730829115795,5.241053587370802,0.6999999999999855,rb,5,1,RB2-050089,7001.75,7008.0,NQZ8
EP-38535,EP-38535-ENTRY_ON_TAP,ENTRY_ON_TAP,1,2018-10-29 09:50:00-04:00,2018-10-29 10:00:00-04:00,TARGET,6936.5,6916.299887416394,9.426719205682932,14.140078808524398,6950.640078808525,6.598703443978174,0.7000000000000128,rb,5,5,RB2-050559,6923.25,6934.75,NQZ8
EP-43526,EP-43526-ENTRY_ON_FIRST_CLOSE_OUTSIDE,ENTRY_ON_FIRST_CLOSE_OUTSIDE,-1,2018-11-02 09:38:00-04:00,2018-11-02 09:40:00-04:00,STOP,7050.25,7070.041154598896,9.235872146151515,13.853808219227272,7070.041154598896,-9.235872146151515,-1.0,rb,3,1,RB2-041289,7050.5,7061.5,NQZ8
EP-43547,EP-43547-ENTRY_ON_DELAYED_DISPLACEMENT,ENTRY_ON_DELAYED_DISPLACEMENT,-1,2018-11-02 09:57:00-04:00,2018-11-02 09:58:00-04:00,TARGET,7048.5,7069.624086139413,9.857906865059068,14.786860297588602,7033.713139702411,6.900534805541242,0.6999999999999893,rb,1,1,RB2-018896,7067.25,7069.75,NQZ8
EP-44718,EP-44718-ENTRY_ON_TAP,ENTRY_ON_TAP,-1,2018-11-05 09:35:00-05:00,2018-11-05 09:35:00-05:00,TARGET,6945.25,6955.261725081692,4.67213837145624,7.0082075571843605,6938.2417924428155,3.270496860019343,0.6999999999999946,rb,5,5,RB2-051168,6969.5,6971.5,NQZ8
EP-44720,EP-44720-ENTRY_ON_TAP,ENTRY_ON_TAP,1,2018-11-05 09:36:00-05:00,2018-11-05 09:36:00-05:00,TARGET,6946.5,6935.834001558616,4.97746593931223,7.466198908968345,6953.966198908968,3.484226157518468,0.6999999999999813,rb,5,1,RB2-051169,6928.25,6945.5,NQZ8
EP-44720,EP-44720-ENTRY_ON_FIRST_CLOSE_OUTSIDE,ENTRY_ON_FIRST_CLOSE_OUTSIDE,1,2018-11-05 09:37:00-05:00,2018-11-05 09:37:00-05:00,STOP,6947.5,6936.340918160341,5.207571525174221,7.811357287761332,6936.340918160341,-5.207571525174221,-1.0,rb,5,1,RB2-051169,6928.25,6945.5,NQZ8
EP-44720,EP-44720-ENTRY_ON_MINIMAL_WICK_REJECTION,ENTRY_ON_MINIMAL_WICK_REJECTION,1,2018-11-05 09:37:00-05:00,2018-11-05 09:37:00-05:00,STOP,6947.5,6936.340918160341,5.207571525174221,7.811357287761332,6936.340918160341,-5.207571525174221,-1.0,rb,5,1,RB2-051169,6928.25,6945.5,NQZ8
EP-44722,EP-44722-ENTRY_ON_TAP,ENTRY_ON_TAP,1,2018-11-05 09:37:00-05:00,2018-11-05 09:37:00-05:00,STOP,6947.5,6936.340918160341,5.207571525174221,7.811357287761332,6936.340918160341,-5.207571525174221,-1.0,rb,1,1,RB2-019416,6938.0,6945.25,NQZ8
EP-45877,EP-45877-ENTRY_ON_FIRST_CLOSE_OUTSIDE,ENTRY_ON_FIRST_CLOSE_OUTSIDE,-1,2018-11-06 09:54:00-05:00,2018-11-06 09:58:00-05:00,STOP,7018.5,7033.529791591059,7.013902742493896,10.520854113740842,7033.529791591059,-7.013902742493896,-1.0,rb,3,3,RB2-041677,7025.0,7029.5,NQZ8
EP-45889,EP-45889-ENTRY_ON_TAP,ENTRY_ON_TAP,1,2018-11-06 10:04:00-05:00,2018-11-06 10:06:00-05:00,STOP,7021.0,7005.294714976147,7.329133011131468,10.993699516697202,7005.294714976147,-7.329133011131468,-1.0,rb,3,1,RB2-041678,7012.5,7016.0,NQZ8
EP-47216,EP-47216-ENTRY_ON_NEW_IFVG,ENTRY_ON_NEW_IFVG,-1,2018-11-07 09:44:00-05:00,2018-11-07 09:47:00-05:00,TARGET,7088.5,7103.488452062972,6.9946109627204445,10.491916444080667,7078.008083555919,4.896227673904402,0.7000000000000131,rb,3,1,RB2-041867,7101.25,7102.5,NQZ8
EP-52066,EP-52066-ENTRY_ON_TAP,ENTRY_ON_TAP,-1,2018-11-13 09:43:00-05:00,2018-11-13 09:44:00-05:00,TARGET,6894.25,6911.094687731133,7.860854274528615,11.791281411792923,6882.458718588207,5.502597992170085,0.700000000000007,rb,3,1,RB2-042687,6917.5,6920.5,NQZ8
EP-52071,EP-52071-ENTRY_ON_TAP,ENTRY_ON_TAP,1,2018-11-13 09:48:00-05:00,2018-11-13 09:50:00-05:00,STOP,6903.0,6884.350112690629,8.703280744373002,13.054921116559502,6884.350112690629,-8.703280744373002,-1.0,rb,1,1,RB2-022753,6886.75,6890.25,NQZ8
EP-55897,EP-55897-ENTRY_ON_TAP,ENTRY_ON_TAP,-1,2018-11-16 09:46:00-05:00,2018-11-16 09:46:00-05:00,STOP,6830.0,6848.674950953267,8.714977111524904,13.072465667287357,6848.674950953267,-8.714977111524904,-1.0,rb,5,1,RB2-052277,6823.75,6832.25,NQZ8
EP-57097,EP-57097-ENTRY_ON_FIRST_CLOSE_OUTSIDE,ENTRY_ON_FIRST_CLOSE_OUTSIDE,1,2018-11-19 09:38:00-05:00,2018-11-19 09:38:00-05:00,TARGET,6825.5,6811.678419089187,6.450071091712903,9.675106637569355,6835.175106637569,4.515049764199059,0.7000000000000042,rb,1,1,RB2-025064,6813.0,6816.5,NQZ8
EP-58395,EP-58395-ENTRY_ON_NEW_FVG,ENTRY_ON_NEW_FVG,1,2018-11-20 10:30:00-05:00,2018-11-20 10:35:00-05:00,TARGET,6525.75,6495.436598081433,14.14625422866469,21.219381342997035,6546.969381342997,9.902377960065264,0.6999999999999986,rb,5,5,RB2-052527,6478.5,6487.0,NQZ8
EP-59591,EP-59591-ENTRY_ON_TAP,ENTRY_ON_TAP,1,2018-11-21 10:11:00-05:00,2018-11-21 10:25:00-05:00,TARGET,6610.25,6588.068596957529,10.35132141981992,15.52698212972988,6625.77698212973,7.245924993873971,0.7000000000000026,rb,1,1,RB2-026239,6599.0,6601.75,NQZ8
EP-61742,EP-61742-ENTRY_ON_TAP,ENTRY_ON_TAP,1,2018-11-23 10:25:00-05:00,2018-11-23 10:35:00-05:00,TARGET,6567.75,6551.823472195428,7.432379642133545,11.148569463200317,6578.8985694632,5.202665749493349,0.6999999999999822,rb,1,1,RB2-027225,6562.0,6564.5,NQZ8
EP-62671,EP-62671-ENTRY_ON_FIRST_CLOSE_OUTSIDE,ENTRY_ON_FIRST_CLOSE_OUTSIDE,-1,2018-11-26 09:35:00-05:00,2018-11-26 09:35:00-05:00,TARGET,6620.5,6628.456797094449,3.713171977409412,5.569757966114118,6614.930242033886,2.5992203841864936,0.6999999999999744,rb,3,1,RB2-044376,6624.25,6629.25,NQZ8
EP-62673,EP-62673-ENTRY_ON_TAP,ENTRY_ON_TAP,-1,2018-11-26 09:35:00-05:00,2018-11-26 09:35:00-05:00,TARGET,6620.5,6628.456797094449,3.713171977409412,5.569757966114118,6614.930242033886,2.5992203841864936,0.6999999999999744,rb,1,1,RB2-027661,6622.75,6627.25,NQZ8
EP-62743,EP-62743-ENTRY_ON_NEW_FVG,ENTRY_ON_NEW_FVG,-1,2018-11-26 11:02:00-05:00,2018-11-26 11:07:00-05:00,TARGET,6644.25,6656.9813542243,5.941298638006713,8.911947957010069,6635.33805204299,4.158909046604715,0.7000000000000027,rb,1,1,RB2-027699,6656.0,6658.0,NQZ8
EP-63908,EP-63908-ENTRY_ON_TAP,ENTRY_ON_TAP,-1,2018-11-27 09:35:00-05:00,2018-11-27 09:37:00-05:00,TARGET,6660.5,6669.587191671214,4.240689446566587,6.36103416984988,6654.1389658301505,2.968482612596653,0.7000000000000098,rb,5,5,RB2-053054,6663.75,6665.5,NQZ8
EP-63941,EP-63941-ENTRY_ON_TAP,ENTRY_ON_TAP,-1,2018-11-27 09:54:00-05:00,2018-11-27 09:57:00-05:00,STOP,6647.75,6665.363439573097,8.219605134111864,12.329407701167796,6665.363439573097,-8.219605134111864,-1.0,rb,3,3,RB2-044582,6636.0,6648.75,NQZ8
EP-66258,EP-66258-ENTRY_ON_TAP,ENTRY_ON_TAP,1,2018-11-29 09:42:00-05:00,2018-11-29 09:43:00-05:00,TARGET,6887.0,6874.496670154021,5.83488726145717,8.752330892185755,6895.7523308921855,4.084421083020117,0.7000000000000167,rb,3,3,RB2-044945,6882.0,6888.75,NQZ8
EP-66280,EP-66280-ENTRY_ON_TAP,ENTRY_ON_TAP,1,2018-11-29 10:11:00-05:00,2018-11-29 10:18:00-05:00,STOP,6888.75,6871.925158123946,7.851592875491975,11.777389313237963,6871.925158123946,-7.851592875491975,-1.0,rb,5,1,RB2-053319,6881.25,6887.0,NQZ8
EP-66297,EP-66297-ENTRY_ON_TAP,ENTRY_ON_TAP,-1,2018-11-29 10:32:00-05:00,2018-11-29 10:38:00-05:00,TARGET,6890.5,6910.063708075055,9.129730435025586,13.694595652538379,6876.805404347461,6.3908113045179125,0.7000000000000003,rb,1,1,RB2-029271,6891.75,6899.0,NQZ8
EP-67407,EP-67407-ENTRY_ON_DELAYED_DISPLACEMENT,ENTRY_ON_DELAYED_DISPLACEMENT,-1,2018-11-30 10:03:00-05:00,2018-11-30 10:11:00-05:00,STOP,6886.25,6899.446588541932,6.158407986234954,9.23761197935243,6899.446588541932,-6.158407986234954,-1.0,rb,3,3,RB2-045137,6896.0,6899.0,NQZ8
EP-68615,EP-68615-ENTRY_ON_FIRST_CLOSE_OUTSIDE,ENTRY_ON_FIRST_CLOSE_OUTSIDE,-1,2018-12-03 09:36:00-05:00,2018-12-03 09:36:00-05:00,TARGET,7081.25,7090.881354635814,4.49463216337986,6.74194824506979,7074.50805175493,3.1462425143658304,0.6999999999999841,rb,3,3,RB2-045339,7098.75,7102.0,NQZ8
EP-68615,EP-68615-ENTRY_ON_STRONG_REJECTION,ENTRY_ON_STRONG_REJECTION,-1,2018-12-03 09:36:00-05:00,2018-12-03 09:36:00-05:00,TARGET,7081.25,7090.881354635814,4.49463216337986,6.74194824506979,7074.50805175493,3.1462425143658304,0.6999999999999841,rb,3,3,RB2-045339,7098.75,7102.0,NQZ8
EP-69906,EP-69906-ENTRY_ON_TAP,ENTRY_ON_TAP,-1,2018-12-04 09:42:00-05:00,2018-12-04 09:45:00-05:00,TARGET,7037.25,7048.842716242491,5.409934246496115,8.114901369744173,7029.135098630256,3.7869539725473684,0.7000000000000163,rb,1,1,RB2-030835,7043.0,7045.25,NQZ8
EP-69908,EP-69908-ENTRY_ON_FIRST_CLOSE_OUTSIDE,ENTRY_ON_FIRST_CLOSE_OUTSIDE,1,2018-12-04 09:50:00-05:00,2018-12-04 09:53:00-05:00,STOP,7028.5,7015.362079713227,6.131029467160765,9.196544200741148,7015.362079713227,-6.131029467160765,-1.0,rb,5,1,RB2-053678,7019.5,7026.75,NQZ8
EP-71845,EP-71845-ENTRY_ON_TAP,ENTRY_ON_TAP,1,2018-12-06 10:06:00-05:00,2018-12-06 10:07:00-05:00,TARGET,6670.5,6643.449089972234,12.623758012957586,18.935637019436378,6689.435637019436,8.836630609070427,0.7000000000000093,rb,3,3,RB2-045842,6661.25,6671.25,NQZ8
EP-71848,EP-71848-ENTRY_ON_TAP,ENTRY_ON_TAP,1,2018-12-06 10:12:00-05:00,2018-12-06 10:15:00-05:00,TARGET,6683.75,6656.165955945855,12.872553891934421,19.30883083790163,6703.058830837902,9.010787724354115,0.7000000000000016,rb,5,1,RB2-053864,6667.0,6683.5,NQZ8
EP-73061,EP-73061-ENTRY_ON_FIRST_CLOSE_OUTSIDE,ENTRY_ON_FIRST_CLOSE_OUTSIDE,-1,2018-12-07 09:58:00-05:00,2018-12-07 10:06:00-05:00,TARGET,6826.25,6844.708938808526,8.614171443978956,12.921257165968434,6813.328742834032,6.0299200107853785,0.7000000000000127,rb,5,1,RB2-053984,6835.5,6841.75,NQZ8
EP-75506,EP-75506-ENTRY_ON_TAP,ENTRY_ON_TAP,1,2018-12-11 09:47:00-05:00,2018-12-11 09:56:00-05:00,TARGET,6775.0,6759.519342589056,7.224306791774072,10.836460187661109,6785.836460187661,5.057014754241886,0.700000000000005,rb,3,1,RB2-046443,6764.75,6772.25,NQZ8
EP-00406,EP-00406-ENTRY_ON_FIRST_CLOSE_OUTSIDE,ENTRY_ON_FIRST_CLOSE_OUTSIDE,-1,2018-12-13 09:44:00-05:00,2018-12-13 09:44:00-05:00,TARGET,6842.0,6855.033992020593,6.082529609610217,9.123794414415325,6832.876205585585,4.25777072672714,0.699999999999998,rb,1,1,RB2-000163,6853.5,6857.25,NQH9
EP-00406,EP-00406-ENTRY_ON_IMMEDIATE_DISPLACEMENT,ENTRY_ON_IMMEDIATE_DISPLACEMENT,-1,2018-12-13 09:44:00-05:00,2018-12-13 09:44:00-05:00,TARGET,6842.0,6855.033992020593,6.082529609610217,9.123794414415325,6832.876205585585,4.25777072672714,0.699999999999998,rb,1,1,RB2-000163,6853.5,6857.25,NQH9
EP-00406,EP-00406-ENTRY_ON_NEW_FVG,ENTRY_ON_NEW_FVG,-1,2018-12-13 09:44:00-05:00,2018-12-13 09:44:00-05:00,TARGET,6842.0,6855.033992020593,6.082529609610217,9.123794414415325,6832.876205585585,4.25777072672714,0.699999999999998,rb,1,1,RB2-000163,6853.5,6857.25,NQH9
EP-00500,EP-00500-ENTRY_ON_TAP,ENTRY_ON_TAP,-1,2018-12-13 11:08:00-05:00,2018-12-13 11:11:00-05:00,TARGET,6805.25,6823.929716474708,8.71720102153032,13.075801532295479,6792.174198467705,6.102040715071274,0.7000000000000057,rb,3,1,RB2-030346,6806.0,6814.0,NQH9
EP-01574,EP-01574-ENTRY_ON_FIRST_CLOSE_OUTSIDE,ENTRY_ON_FIRST_CLOSE_OUTSIDE,1,2018-12-14 09:40:00-05:00,2018-12-14 09:41:00-05:00,TARGET,6689.25,6677.888360541534,5.302098413950626,7.953147620925939,6697.203147620926,3.711468889765311,0.6999999999999761,rb,1,1,RB2-000713,6679.5,6683.0,NQH9
EP-04068,EP-04068-ENTRY_ON_DELAYED_DISPLACEMENT,ENTRY_ON_DELAYED_DISPLACEMENT,-1,2018-12-18 10:02:00-05:00,2018-12-18 10:04:00-05:00,TARGET,6532.0,6546.633629362714,6.829027035933021,10.243540553899532,6521.7564594461,4.78031892515309,0.6999999999999964,rb,1,1,RB2-001827,6542.75,6546.0,NQH9
EP-04093,EP-04093-ENTRY_ON_FIRST_CLOSE_OUTSIDE,ENTRY_ON_FIRST_CLOSE_OUTSIDE,1,2018-12-18 10:20:00-05:00,2018-12-18 10:21:00-05:00,STOP,6532.25,6517.688046396754,6.795578348181591,10.193367522272386,6517.688046396754,-6.795578348181591,-1.0,rb,1,1,RB2-001835,6520.75,6522.5,NQH9
EP-05370,EP-05370-ENTRY_ON_TAP,ENTRY_ON_TAP,1,2018-12-19 11:11:00-05:00,2018-12-19 11:18:00-05:00,STOP,6558.75,6544.852938291337,6.48529546404282,9.72794319606423,6544.852938291337,-6.48529546404282,-1.0,rb,5,1,RB2-041693,6557.25,6560.75,NQH9
EP-07775,EP-07775-ENTRY_ON_TAP,ENTRY_ON_TAP,-1,2018-12-21 10:13:00-05:00,2018-12-21 10:15:00-05:00,STOP,6273.5,6301.240859407145,12.945734390000894,19.41860158500134,6301.240859407145,-12.945734390000894,-1.0,rb,3,1,RB2-031546,6260.5,6274.0,NQH9
EP-07807,EP-07807-ENTRY_ON_FIRST_CLOSE_OUTSIDE,ENTRY_ON_FIRST_CLOSE_OUTSIDE,-1,2018-12-21 10:45:00-05:00,2018-12-21 10:52:00-05:00,TARGET,6268.75,6294.620860692824,12.073068323317738,18.109602484976605,6250.640397515023,8.451147826322341,0.6999999999999937,rb,3,3,RB2-031552,6284.25,6293.5,NQH9
EP-07817,EP-07817-ENTRY_ON_FIRST_CLOSE_OUTSIDE,ENTRY_ON_FIRST_CLOSE_OUTSIDE,-1,2018-12-21 10:52:00-05:00,2018-12-21 10:52:00-05:00,TARGET,6267.25,6291.727113444035,11.42265294054994,17.13397941082491,6250.116020589175,7.995857058385071,0.70000000000001,rb,5,1,RB2-041936,6268.75,6284.0,NQH9
EP-07817,EP-07817-ENTRY_ON_MINIMAL_WICK_REJECTION,ENTRY_ON_MINIMAL_WICK_REJECTION,-1,2018-12-21 10:52:00-05:00,2018-12-21 10:52:00-05:00,TARGET,6267.25,6291.727113444035,11.42265294054994,17.13397941082491,6250.116020589175,7.995857058385071,0.70000000000001,rb,5,1,RB2-041936,6268.75,6284.0,NQH9
EP-09970,EP-09970-ENTRY_ON_TAP,ENTRY_ON_TAP,1,2018-12-26 09:41:00-05:00,2018-12-26 09:55:00-05:00,STOP,6028.25,6006.982128251206,9.925006816104068,14.887510224156102,6006.982128251206,-9.925006816104068,-1.0,rb,1,1,RB2-004530,6027.0,6033.5,NQH9
EP-12423,EP-12423-ENTRY_ON_FIRST_CLOSE_OUTSIDE,ENTRY_ON_FIRST_CLOSE_OUTSIDE,1,2018-12-28 09:44:00-05:00,2018-12-28 09:45:00-05:00,TARGET,6322.75,6304.407242468519,8.559953514691133,12.8399302720367,6335.589930272036,5.99196746028384,0.7000000000000055,rb,1,1,RB2-005679,6305.5,6309.75,NQH9
EP-12435,EP-12435-ENTRY_ON_TAP,ENTRY_ON_TAP,1,2018-12-28 09:56:00-05:00,2018-12-28 10:12:00-05:00,STOP,6319.25,6295.426229914717,11.117759373132348,16.676639059698523,6295.426229914717,-11.117759373132348,-1.0,rb,1,1,RB2-005688,6317.0,6325.5,NQH9
EP-13529,EP-13529-ENTRY_ON_FIRST_CLOSE_OUTSIDE,ENTRY_ON_FIRST_CLOSE_OUTSIDE,-1,2018-12-31 09:45:00-05:00,2018-12-31 09:45:00-05:00,TARGET,6363.25,6375.960267162732,5.931458009274732,8.897187013912099,6354.352812986088,4.152020606492262,0.6999999999999914,rb,3,3,RB2-032498,6369.75,6376.0,NQH9
EP-13529,EP-13529-ENTRY_ON_MINIMAL_WICK_REJECTION,ENTRY_ON_MINIMAL_WICK_REJECTION,-1,2018-12-31 09:45:00-05:00,2018-12-31 09:45:00-05:00,TARGET,6363.25,6375.960267162732,5.931458009274732,8.897187013912099,6354.352812986088,4.152020606492262,0.6999999999999914,rb,3,3,RB2-032498,6369.75,6376.0,NQH9
EP-13529,EP-13529-ENTRY_ON_IMMEDIATE_DISPLACEMENT,ENTRY_ON_IMMEDIATE_DISPLACEMENT,-1,2018-12-31 09:45:00-05:00,2018-12-31 09:45:00-05:00,TARGET,6363.25,6375.960267162732,5.931458009274732,8.897187013912099,6354.352812986088,4.152020606492262,0.6999999999999914,rb,3,3,RB2-032498,6369.75,6376.0,NQH9
EP-13531,EP-13531-ENTRY_ON_TAP,ENTRY_ON_TAP,-1,2018-12-31 09:45:00-05:00,2018-12-31 09:45:00-05:00,TARGET,6363.25,6375.960267162732,5.931458009274732,8.897187013912099,6354.352812986088,4.152020606492262,0.6999999999999914,rb,5,5,RB2-042498,6372.0,6376.0,NQH9
EP-13534,EP-13534-ENTRY_ON_FIRST_CLOSE_OUTSIDE,ENTRY_ON_FIRST_CLOSE_OUTSIDE,-1,2018-12-31 09:45:00-05:00,2018-12-31 09:45:00-05:00,TARGET,6363.25,6375.960267162732,5.931458009274732,8.897187013912099,6354.352812986088,4.152020606492262,0.6999999999999914,rb,1,1,RB2-006208,6370.5,6373.75,NQH9
EP-14722,EP-14722-ENTRY_ON_DELAYED_DISPLACEMENT,ENTRY_ON_DELAYED_DISPLACEMENT,1,2019-01-02 09:42:00-05:00,2019-01-02 09:45:00-05:00,TARGET,6238.25,6220.549674153162,8.260152061857564,12.390228092786346,6250.640228092786,5.782106443300312,0.7000000000000021,rb,3,1,RB2-032692,6222.0,6232.0,NQH9
EP-15977,EP-15977-ENTRY_ON_TAP,ENTRY_ON_TAP,-1,2019-01-03 09:36:00-05:00,2019-01-03 09:36:00-05:00,TARGET,6291.75,6303.601028865554,5.530480137258662,8.295720205887992,6283.454279794112,3.8713360960810466,0.699999999999997,rb,5,1,RB2-042738,6293.5,6304.25,NQH9
EP-16113,EP-16113-ENTRY_ON_TAP,ENTRY_ON_TAP,-1,2019-01-03 11:36:00-05:00,2019-01-03 11:37:00-05:00,STOP,6239.25,6259.964861921158,9.66693556320739,14.500403344811087,6259.964861921158,-9.66693556320739,-1.0,rb,5,1,RB2-042751,6242.25,6246.0,NQH9
EP-18465,EP-18465-ENTRY_ON_TAP,ENTRY_ON_TAP,-1,2019-01-07 10:01:00-05:00,2019-01-07 10:08:00-05:00,STOP,6439.75,6457.960913844298,8.498426460672702,12.747639691009052,6457.960913844298,-8.498426460672702,-1.0,rb,5,1,RB2-042990,6443.75,6450.0,NQH9
EP-19643,EP-19643-ENTRY_ON_TAP,ENTRY_ON_TAP,1,2019-01-08 09:42:00-05:00,2019-01-08 09:42:00-05:00,TARGET,6572.75,6561.786248607356,5.1164173165670155,7.674625974850523,6580.424625974851,3.5814921215968973,0.6999999999999974,rb,3,3,RB2-033515,6572.5,6581.0,NQH9
EP-19646,EP-19646-ENTRY_ON_TAP,ENTRY_ON_TAP,-1,2019-01-08 09:43:00-05:00,2019-01-08 09:45:00-05:00,TARGET,6579.25,6590.672106989378,5.3303165950433895,7.995474892565085,6571.254525107435,3.7312216165304894,0.7000000000000219,rb,1,1,RB2-009046,6581.0,6585.25,NQH9
EP-20874,EP-20874-ENTRY_ON_DELAYED_DISPLACEMENT,ENTRY_ON_DELAYED_DISPLACEMENT,-1,2019-01-09 09:42:00-05:00,2019-01-09 09:46:00-05:00,TARGET,6593.0,6605.440694175846,5.805657282061377,8.708485923092066,6584.291514076908,4.063960097442854,0.699999999999981,rb,3,1,RB2-033712,6600.25,6605.75,NQH9
EP-20901,EP-20901-ENTRY_ON_TAP,ENTRY_ON_TAP,1,2019-01-09 10:11:00-05:00,2019-01-09 10:32:00-05:00,STOP,6603.5,6585.134139341506,8.57073497396393,12.856102460945895,6585.134139341506,-8.57073497396393,-1.0,rb,5,1,RB2-043229,6585.0,6600.75,NQH9
EP-20922,EP-20922-ENTRY_ON_TAP,ENTRY_ON_TAP,1,2019-01-09 10:32:00-05:00,2019-01-09 10:43:00-05:00,STOP,6590.25,6572.49413596428,8.286069883335907,12.429104825003861,6572.49413596428,-8.286069883335907,-1.0,rb,1,1,RB2-009626,6585.25,6588.75,NQH9
EP-20945,EP-20945-ENTRY_ON_FIRST_CLOSE_OUTSIDE,ENTRY_ON_FIRST_CLOSE_OUTSIDE,-1,2019-01-09 11:09:00-05:00,2019-01-09 11:24:00-05:00,STOP,6596.5,6611.819518369679,7.149108572516924,10.723662858775386,6611.819518369679,-7.149108572516924,-1.0,rb,1,1,RB2-009646,6597.25,6601.75,NQH9
EP-22069,EP-22069-ENTRY_ON_TAP,ENTRY_ON_TAP,1,2019-01-10 09:37:00-05:00,2019-01-10 09:37:00-05:00,TARGET,6552.75,6544.332956154111,3.9279537947482233,5.891930692122335,6558.6419306921225,2.749567656323885,0.7000000000000327,rb,1,1,RB2-010021,6545.25,6546.0,NQH9
EP-23189,EP-23189-ENTRY_ON_TAP,ENTRY_ON_TAP,-1,2019-01-11 09:41:00-05:00,2019-01-11 09:41:00-05:00,TARGET,6590.25,6600.23275662982,4.658619760582663,6.987929640873995,6583.262070359126,3.261033832407875,0.7000000000000023,rb,1,1,RB2-010692,6591.5,6595.0,NQH9
EP-23242,EP-23242-ENTRY_ON_TAP,ENTRY_ON_TAP,1,2019-01-11 10:51:00-05:00,2019-01-11 10:54:00-05:00,TARGET,6584.0,6571.948686503868,5.623946298194924,8.435919447292386,6592.435919447293,3.936762408736432,0.6999999999999974,rb,5,1,RB2-043456,6583.0,6590.25,NQH9
EP-24363,EP-24363-ENTRY_ON_DELAYED_DISPLACEMENT,ENTRY_ON_DELAYED_DISPLACEMENT,1,2019-01-14 09:39:00-05:00,2019-01-14 09:40:00-05:00,TARGET,6533.5,6525.076430780674,3.930998969018978,5.8964984535284675,6539.396498453529,2.7516992783133913,0.7000000000000272,rb,3,1,RB2-034276,6521.5,6524.75,NQH9
EP-24371,EP-24371-ENTRY_ON_TAP,ENTRY_ON_TAP,1,2019-01-14 09:43:00-05:00,2019-01-14 09:46:00-05:00,STOP,6541.75,6532.368741910489,4.377920441771677,6.566880662657515,6532.368741910489,-4.377920441771677,-1.0,rb,1,1,RB2-011243,6536.25,6539.0,NQH9
EP-24375,EP-24375-ENTRY_ON_TAP,ENTRY_ON_TAP,1,2019-01-14 09:48:00-05:00,2019-01-14 09:57:00-05:00,STOP,6541.25,6530.427796004911,5.050361864374614,7.575542796561921,6530.427796004911,-5.050361864374614,-1.0,rb,3,3,RB2-034279,6535.0,6539.0,NQH9
EP-25454,EP-25454-ENTRY_ON_TAP,ENTRY_ON_TAP,-1,2019-01-15 09:42:00-05:00,2019-01-15 09:43:00-05:00,STOP,6621.75,6632.1696744279125,4.862514733025642,7.293772099538463,6632.1696744279125,-4.862514733025642,-1.0,rb,3,3,RB2-034460,6621.75,6625.75,NQH9
EP-26578,EP-26578-ENTRY_ON_FIRST_CLOSE_OUTSIDE,ENTRY_ON_FIRST_CLOSE_OUTSIDE,1,2019-01-16 09:40:00-05:00,2019-01-16 09:41:00-05:00,TARGET,6704.0,6696.685967223582,3.4132152956615154,5.119822943492273,6709.119822943492,2.3892507069630184,0.6999999999999876,rb,1,1,RB2-012276,6697.75,6701.25,NQH9
EP-26590,EP-26590-ENTRY_ON_MINIMAL_WICK_REJECTION,ENTRY_ON_MINIMAL_WICK_REJECTION,-1,2019-01-16 09:53:00-05:00,2019-01-16 10:21:00-05:00,TARGET,6723.5,6733.330296649486,4.5874717697600875,6.881207654640131,6716.61879234536,3.2112302388321217,0.7000000000000132,rb,5,1,RB2-043790,6725.25,6737.25,NQH9
EP-26624,EP-26624-ENTRY_ON_TAP,ENTRY_ON_TAP,-1,2019-01-16 10:29:00-05:00,2019-01-16 10:32:00-05:00,TARGET,6710.5,6719.9900577176295,4.428693601560443,6.643040402340665,6703.85695959766,3.1000855210923177,0.7000000000000017,rb,1,1,RB2-012288,6712.0,6714.5,NQH9
EP-27729,EP-27729-ENTRY_ON_TAP,ENTRY_ON_TAP,-1,2019-01-17 09:39:00-05:00,2019-01-17 09:42:00-05:00,STOP,6662.0,6670.486976505268,3.9605890357915916,5.940883553687387,6670.486976505268,-3.9605890357915916,-1.0,rb,1,1,RB2-012790,6665.25,6670.0,NQH9
EP-28804,EP-28804-ENTRY_ON_TAP,ENTRY_ON_TAP,-1,2019-01-18 09:34:00-05:00,2019-01-18 09:35:00-05:00,TARGET,6776.0,6785.276969965154,4.3292526504054845,6.493878975608227,6769.506121024392,3.0304768552839003,0.7000000000000142,rb,1,1,RB2-013282,6776.0,6779.25,NQH9
EP-28816,EP-28816-ENTRY_ON_FIRST_CLOSE_OUTSIDE,ENTRY_ON_FIRST_CLOSE_OUTSIDE,-1,2019-01-18 10:05:00-05:00,2019-01-18 10:19:00-05:00,STOP,6748.0,6760.975309056502,6.0551442263677,9.082716339551549,6760.975309056502,-6.0551442263677,-1.0,rb,5,5,RB2-044036,6755.75,6763.25,NQH9
EP-28838,EP-28838-ENTRY_ON_TAP,ENTRY_ON_TAP,-1,2019-01-18 10:20:00-05:00,2019-01-18 10:37:00-05:00,STOP,6765.25,6779.232437921472,6.5251376966872545,9.787706545030883,6779.232437921472,-6.5251376966872545,-1.0,rb,5,5,RB2-044035,6772.0,6777.75,NQH9
EP-29938,EP-29938-ENTRY_ON_TAP,ENTRY_ON_TAP,-1,2019-01-21 09:39:00-05:00,2019-01-21 10:00:00-05:00,STOP,6745.75,6751.225907044624,2.555423287491557,3.8331349312373355,6751.225907044624,-2.555423287491557,-1.0,rb,1,1,RB2-013812,6745.25,6746.75,NQH9
EP-30863,EP-30863-ENTRY_ON_FIRST_CLOSE_OUTSIDE,ENTRY_ON_FIRST_CLOSE_OUTSIDE,1,2019-01-22 09:57:00-05:00,2019-01-22 09:58:00-05:00,TARGET,6727.0,6715.665303765506,5.289524909430655,7.934287364145983,6734.934287364146,3.702667436601543,0.7000000000000159,rb,5,1,RB2-044235,6715.0,6721.25,NQH9
EP-31993,EP-31993-ENTRY_ON_TAP,ENTRY_ON_TAP,-1,2019-01-23 09:34:00-05:00,2019-01-23 09:34:00-05:00,STOP,6697.5,6704.328752237933,3.1867510443688025,4.780126566553204,6704.328752237933,-3.1867510443688025,-1.0,rb,3,1,RB2-035521,6692.75,6702.5,NQH9
EP-32008,EP-32008-ENTRY_ON_DELAYED_DISPLACEMENT,ENTRY_ON_DELAYED_DISPLACEMENT,-1,2019-01-23 09:54:00-05:00,2019-01-23 10:04:00-05:00,STOP,6712.5,6722.817478878403,4.814823476587781,7.222235214881672,6722.817478878403,-4.814823476587781,-1.0,rb,1,1,RB2-014769,6721.25,6723.0,NQH9
EP-33216,EP-33216-ENTRY_ON_MINIMAL_WICK_REJECTION,ENTRY_ON_MINIMAL_WICK_REJECTION,-1,2019-01-24 09:39:00-05:00,2019-01-24 09:41:00-05:00,TARGET,6685.0,6696.686512087569,5.453705640865783,8.180558461298673,6676.8194415387015,3.81759394860619,0.700000000000026,rb,3,3,RB2-035717,6693.5,6696.5,NQH9
EP-33239,EP-33239-ENTRY_ON_TAP,ENTRY_ON_TAP,-1,2019-01-24 09:44:00-05:00,2019-01-24 09:45:00-05:00,STOP,6688.0,6701.20951192695,6.164438899243139,9.24665834886471,6701.20951192695,-6.164438899243139,-1.0,rb,3,1,RB2-035719,6685.0,6694.0,NQH9
EP-33279,EP-33279-ENTRY_ON_FIRST_CLOSE_OUTSIDE,ENTRY_ON_FIRST_CLOSE_OUTSIDE,-1,2019-01-24 10:35:00-05:00,2019-01-24 10:35:00-05:00,TARGET,6706.0,6718.031635247446,5.61476311547465,8.422144673211974,6697.577855326788,3.930334180832283,0.700000000000005,rb,5,5,RB2-044482,6710.5,6716.0,NQH9
EP-33279,EP-33279-ENTRY_ON_MINIMAL_WICK_REJECTION,ENTRY_ON_MINIMAL_WICK_REJECTION,-1,2019-01-24 10:35:00-05:00,2019-01-24 10:35:00-05:00,TARGET,6706.0,6718.031635247446,5.61476311547465,8.422144673211974,6697.577855326788,3.930334180832283,0.700000000000005,rb,5,5,RB2-044482,6710.5,6716.0,NQH9
EP-33279,EP-33279-ENTRY_ON_DELAYED_DISPLACEMENT,ENTRY_ON_DELAYED_DISPLACEMENT,-1,2019-01-24 10:35:00-05:00,2019-01-24 10:35:00-05:00,TARGET,6706.0,6718.031635247446,5.61476311547465,8.422144673211974,6697.577855326788,3.930334180832283,0.700000000000005,rb,5,5,RB2-044482,6710.5,6716.0,NQH9
EP-35512,EP-35512-ENTRY_ON_FIRST_CLOSE_OUTSIDE,ENTRY_ON_FIRST_CLOSE_OUTSIDE,1,2019-01-28 09:38:00-05:00,2019-01-28 09:49:00-05:00,STOP,6680.5,6668.236296593652,5.723061589629079,8.584592384443619,6668.236296593652,-5.723061589629079,-1.0,rb,3,1,RB2-036081,6672.75,6678.75,NQH9
EP-35528,EP-35528-ENTRY_ON_TAP,ENTRY_ON_TAP,-1,2019-01-28 09:58:00-05:00,2019-01-28 10:04:00-05:00,TARGET,6668.75,6683.324835790737,6.801590035677051,10.202385053515576,6658.547614946485,4.7611130249738265,0.699999999999984,rb,5,1,RB2-044717,6663.0,6669.25,NQH9
EP-37978,EP-37978-ENTRY_ON_FIRST_CLOSE_OUTSIDE,ENTRY_ON_FIRST_CLOSE_OUTSIDE,1,2019-01-30 09:46:00-05:00,2019-01-30 09:48:00-05:00,STOP,6723.0,6713.616318285372,4.379051466826535,6.568577200239803,6713.616318285372,-4.379051466826535,-1.0,rb,1,1,RB2-017447,6713.75,6717.25,NQH9
EP-38087,EP-38087-ENTRY_ON_NEW_FVG,ENTRY_ON_NEW_FVG,1,2019-01-30 11:43:00-05:00,2019-01-30 11:45:00-05:00,TARGET,6723.0,6715.414052570045,3.540108800645554,5.310163200968331,6728.310163200968,2.4780761604518045,0.6999999999999765,rb,5,1,RB2-044960,6711.5,6717.5,NQH9
EP-39145,EP-39145-ENTRY_ON_STRONG_REJECTION,ENTRY_ON_STRONG_REJECTION,1,2019-01-31 09:36:00-05:00,2019-01-31 09:36:00-05:00,STOP,6850.0,6841.605518071192,3.9174249001105874,5.876137350165881,6841.605518071192,-3.9174249001105874,-1.0,rb,3,3,RB2-036669,6842.5,6844.0,NQH9
EP-39148,EP-39148-ENTRY_ON_MINIMAL_WICK_REJECTION,ENTRY_ON_MINIMAL_WICK_REJECTION,1,2019-01-31 09:36:00-05:00,2019-01-31 09:36:00-05:00,STOP,6850.0,6841.605518071192,3.9174249001105874,5.876137350165881,6841.605518071192,-3.9174249001105874,-1.0,rb,3,3,RB2-036670,6839.25,6842.0,NQH9
EP-39148,EP-39148-ENTRY_ON_STRONG_REJECTION,ENTRY_ON_STRONG_REJECTION,1,2019-01-31 09:36:00-05:00,2019-01-31 09:36:00-05:00,STOP,6850.0,6841.605518071192,3.9174249001105874,5.876137350165881,6841.605518071192,-3.9174249001105874,-1.0,rb,3,3,RB2-036670,6839.25,6842.0,NQH9
EP-40374,EP-40374-ENTRY_ON_FIRST_CLOSE_OUTSIDE,ENTRY_ON_FIRST_CLOSE_OUTSIDE,1,2019-02-01 09:33:00-05:00,2019-02-01 09:34:00-05:00,TARGET,6878.0,6870.408617271133,3.5426452734712766,5.313967910206915,6883.313967910207,2.4798516914299507,0.700000000000016,rb,3,3,RB2-036860,6872.75,6875.5,NQH9
EP-40405,EP-40405-ENTRY_ON_FIRST_CLOSE_OUTSIDE,ENTRY_ON_FIRST_CLOSE_OUTSIDE,1,2019-02-01 09:53:00-05:00,2019-02-01 10:00:00-05:00,TARGET,6888.75,6875.373398321704,6.242414116537786,9.363621174806678,6898.113621174807,4.369689881576328,0.6999999999999804,rb,1,1,RB2-018484,6876.75,6879.0,NQH9
EP-40417,EP-40417-ENTRY_ON_FIRST_CLOSE_OUTSIDE,ENTRY_ON_FIRST_CLOSE_OUTSIDE,1,2019-02-01 10:01:00-05:00,2019-02-01 10:04:00-05:00,TARGET,6890.25,6875.135866193165,7.053262443189335,10.579893664784002,6900.829893664784,4.937283710232427,0.6999999999999849,rb,5,1,RB2-045184,6871.25,6876.75,NQH9
EP-40420,EP-40420-ENTRY_ON_TAP,ENTRY_ON_TAP,-1,2019-02-01 10:04:00-05:00,2019-02-01 10:05:00-05:00,STOP,6895.75,6911.532729437358,7.365273737433785,11.047910606150678,6911.532729437358,-7.365273737433785,-1.0,rb,3,1,RB2-036867,6887.25,6900.25,NQH9
EP-40466,EP-40466-ENTRY_ON_FIRST_CLOSE_OUTSIDE,ENTRY_ON_FIRST_CLOSE_OUTSIDE,-1,2019-02-01 11:00:00-05:00,2019-02-01 11:08:00-05:00,STOP,6894.25,6905.765669441409,5.37397907265737,8.060968608986055,6905.765669441409,-5.37397907265737,-1.0,rb,1,1,RB2-018524,6900.75,6902.25,NQH9
EP-41526,EP-41526-ENTRY_ON_TAP,ENTRY_ON_TAP,-1,2019-02-04 09:35:00-05:00,2019-02-04 09:36:00-05:00,TARGET,6890.0,6895.717303559752,2.6680749945505786,4.0021124918258675,6885.997887508174,1.8676524961852876,0.699999999999956,rb,1,1,RB2-019000,6892.75,6895.0,NQH9
EP-41528,EP-41528-ENTRY_ON_TAP,ENTRY_ON_TAP,-1,2019-02-04 09:37:00-05:00,2019-02-04 09:37:00-05:00,TARGET,6890.75,6897.159641637341,2.991166097425792,4.486749146138688,6886.263250853861,2.093816268197939,0.6999999999999613,rb,3,1,RB2-037040,6889.75,6895.0,NQH9
EP-41547,EP-41547-ENTRY_ON_MINIMAL_WICK_REJECTION,ENTRY_ON_MINIMAL_WICK_REJECTION,-1,2019-02-04 10:01:00-05:00,2019-02-04 10:01:00-05:00,TARGET,6901.0,6911.529813796488,4.913913105027907,7.370869657541861,6893.629130342458,3.439739173519569,0.7000000000000068,rb,3,1,RB2-037043,6906.25,6910.75,NQH9
EP-41547,EP-41547-ENTRY_ON_DELAYED_DISPLACEMENT,ENTRY_ON_DELAYED_DISPLACEMENT,-1,2019-02-04 10:01:00-05:00,2019-02-04 10:01:00-05:00,TARGET,6901.0,6911.529813796488,4.913913105027907,7.370869657541861,6893.629130342458,3.439739173519569,0.7000000000000068,rb,3,1,RB2-037043,6906.25,6910.75,NQH9
EP-42605,EP-42605-ENTRY_ON_TAP,ENTRY_ON_TAP,-1,2019-02-05 09:37:00-05:00,2019-02-05 09:42:00-05:00,STOP,6998.5,7005.771298844554,3.3932727941251732,5.089909191187759,7005.771298844554,-3.3932727941251732,-1.0,rb,3,1,RB2-037217,6997.5,7001.25,NQH9
EP-42610,EP-42610-ENTRY_ON_TAP,ENTRY_ON_TAP,-1,2019-02-05 09:48:00-05:00,2019-02-05 10:05:00-05:00,TARGET,7006.0,7014.944774974087,4.174228321240415,6.2613424818606225,6999.738657518139,2.9219598248682876,0.6999999999999993,rb,1,1,RB2-019513,7009.75,7012.0,NQH9
EP-42627,EP-42627-ENTRY_ON_TAP,ENTRY_ON_TAP,-1,2019-02-05 10:07:00-05:00,2019-02-05 10:10:00-05:00,TARGET,7004.75,7014.176676805919,4.399115842762122,6.598673764143184,6998.151326235857,3.07938108993351,0.7000000000000055,rb,5,1,RB2-045410,7004.75,7010.5,NQH9
EP-43710,EP-43710-ENTRY_ON_FIRST_CLOSE_OUTSIDE,ENTRY_ON_FIRST_CLOSE_OUTSIDE,-1,2019-02-06 09:35:00-05:00,2019-02-06 09:35:00-05:00,TARGET,7033.5,7039.799280165332,2.9396640771549456,4.409496115732418,7029.0905038842675,2.057764854008547,0.7000000000000289,rb,1,1,RB2-019986,7035.0,7037.5,NQH9
EP-43710,EP-43710-ENTRY_ON_MINIMAL_WICK_REJECTION,ENTRY_ON_MINIMAL_WICK_REJECTION,-1,2019-02-06 09:35:00-05:00,2019-02-06 09:35:00-05:00,TARGET,7033.5,7039.799280165332,2.9396640771549456,4.409496115732418,7029.0905038842675,2.057764854008547,0.7000000000000289,rb,1,1,RB2-019986,7035.0,7037.5,NQH9
EP-43710,EP-43710-ENTRY_ON_STRONG_REJECTION,ENTRY_ON_STRONG_REJECTION,-1,2019-02-06 09:35:00-05:00,2019-02-06 09:35:00-05:00,TARGET,7033.5,7039.799280165332,2.9396640771549456,4.409496115732418,7029.0905038842675,2.057764854008547,0.7000000000000289,rb,1,1,RB2-019986,7035.0,7037.5,NQH9
EP-43710,EP-43710-ENTRY_ON_DELAYED_DISPLACEMENT,ENTRY_ON_DELAYED_DISPLACEMENT,-1,2019-02-06 09:35:00-05:00,2019-02-06 09:35:00-05:00,TARGET,7033.5,7039.799280165332,2.9396640771549456,4.409496115732418,7029.0905038842675,2.057764854008547,0.7000000000000289,rb,1,1,RB2-019986,7035.0,7037.5,NQH9
EP-43711,EP-43711-ENTRY_ON_FIRST_CLOSE_OUTSIDE,ENTRY_ON_FIRST_CLOSE_OUTSIDE,-1,2019-02-06 09:35:00-05:00,2019-02-06 09:35:00-05:00,TARGET,7033.5,7039.799280165332,2.9396640771549456,4.409496115732418,7029.0905038842675,2.057764854008547,0.7000000000000289,rb,3,1,RB2-037394,7035.0,7037.5,NQH9
EP-43711,EP-43711-ENTRY_ON_MINIMAL_WICK_REJECTION,ENTRY_ON_MINIMAL_WICK_REJECTION,-1,2019-02-06 09:35:00-05:00,2019-02-06 09:35:00-05:00,TARGET,7033.5,7039.799280165332,2.9396640771549456,4.409496115732418,7029.0905038842675,2.057764854008547,0.7000000000000289,rb,3,1,RB2-037394,7035.0,7037.5,NQH9
EP-43711,EP-43711-ENTRY_ON_STRONG_REJECTION,ENTRY_ON_STRONG_REJECTION,-1,2019-02-06 09:35:00-05:00,2019-02-06 09:35:00-05:00,TARGET,7033.5,7039.799280165332,2.9396640771549456,4.409496115732418,7029.0905038842675,2.057764854008547,0.7000000000000289,rb,3,1,RB2-037394,7035.0,7037.5,NQH9
EP-43711,EP-43711-ENTRY_ON_IMMEDIATE_DISPLACEMENT,ENTRY_ON_IMMEDIATE_DISPLACEMENT,-1,2019-02-06 09:35:00-05:00,2019-02-06 09:35:00-05:00,TARGET,7033.5,7039.799280165332,2.9396640771549456,4.409496115732418,7029.0905038842675,2.057764854008547,0.7000000000000289,rb,3,1,RB2-037394,7035.0,7037.5,NQH9
EP-43728,EP-43728-ENTRY_ON_TAP,ENTRY_ON_TAP,-1,2019-02-06 09:43:00-05:00,2019-02-06 09:46:00-05:00,STOP,7019.5,7029.0464306568965,4.455000973218531,6.682501459827796,7029.0464306568965,-4.455000973218531,-1.0,rb,3,1,RB2-037395,7017.25,7022.25,NQH9
EP-44834,EP-44834-ENTRY_ON_TAP,ENTRY_ON_TAP,1,2019-02-07 09:33:00-05:00,2019-02-07 09:33:00-05:00,TARGET,6930.5,6923.424728407182,3.301793409981806,4.952690114972709,6935.452690114973,2.3112553869871992,0.6999999999999804,rb,1,1,RB2-020481,6925.0,6927.0,NQH9
EP-44848,EP-44848-ENTRY_ON_FIRST_CLOSE_OUTSIDE,ENTRY_ON_FIRST_CLOSE_OUTSIDE,-1,2019-02-07 09:51:00-05:00,2019-02-07 09:58:00-05:00,STOP,6918.5,6929.837987794227,5.29106097063921,7.936591455958815,6929.837987794227,-5.29106097063921,-1.0,rb,3,3,RB2-037578,6921.0,6925.25,NQH9
EP-44919,EP-44919-ENTRY_ON_TAP,ENTRY_ON_TAP,1,2019-02-07 10:44:00-05:00,2019-02-07 10:49:00-05:00,STOP,6942.0,6930.965898839813,5.14924720808726,7.72387081213089,6930.965898839813,-5.14924720808726,-1.0,rb,1,1,RB2-020512,6935.75,6941.25,NQH9
EP-46038,EP-46038-ENTRY_ON_TAP,ENTRY_ON_TAP,1,2019-02-08 09:48:00-05:00,2019-02-08 09:57:00-05:00,STOP,6858.0,6847.734287885372,4.790665653492722,7.185998480239083,6847.734287885372,-4.790665653492722,-1.0,rb,1,1,RB2-021034,6846.25,6851.0,NQH9
EP-47229,EP-47229-ENTRY_ON_TAP,ENTRY_ON_TAP,-1,2019-02-11 09:54:00-05:00,2019-02-11 09:56:00-05:00,TARGET,6936.75,6949.362100867152,5.8856470713375835,8.828470607006375,6927.921529392994,4.1199529499364145,0.700000000000018,rb,5,1,RB2-045891,6934.75,6942.25,NQH9
EP-49460,EP-49460-ENTRY_ON_MINIMAL_WICK_REJECTION,ENTRY_ON_MINIMAL_WICK_REJECTION,-1,2019-02-13 09:46:00-05:00,2019-02-13 10:07:00-05:00,TARGET,7054.5,7064.311176954366,4.578549245370449,6.867823868055673,7047.632176131944,3.204984471759169,0.6999999999999683,rb,3,1,RB2-038321,7061.0,7069.75,NQH9
EP-50630,EP-50630-ENTRY_ON_FIRST_CLOSE_OUTSIDE,ENTRY_ON_FIRST_CLOSE_OUTSIDE,-1,2019-02-14 09:33:00-05:00,2019-02-14 09:38:00-05:00,STOP,6987.25,6998.294247292774,5.153982069961336,7.730973104942004,6998.294247292774,-5.153982069961336,-1.0,rb,3,3,RB2-038507,6992.25,6994.5,NQH9
EP-50702,EP-50702-ENTRY_ON_TAP,ENTRY_ON_TAP,1,2019-02-14 10:41:00-05:00,2019-02-14 10:42:00-05:00,TARGET,7007.25,6992.613217320003,6.830498583998571,10.245747875997857,7017.495747875998,4.781349008798999,0.7,rb,5,1,RB2-046236,6989.5,6998.5,NQH9
EP-50702,EP-50702-ENTRY_ON_FIRST_CLOSE_OUTSIDE,ENTRY_ON_FIRST_CLOSE_OUTSIDE,1,2019-02-14 10:42:00-05:00,2019-02-14 10:47:00-05:00,TARGET,7008.5,6993.915047550718,6.806311142998631,10.209466714497946,7018.709466714498,4.764417800099181,0.7000000000000204,rb,5,1,RB2-046236,6989.5,6998.5,NQH9
EP-54956,EP-54956-ENTRY_ON_FIRST_CLOSE_OUTSIDE,ENTRY_ON_FIRST_CLOSE_OUTSIDE,-1,2019-02-20 09:40:00-05:00,2019-02-20 09:40:00-05:00,STOP,7083.0,7089.292248827518,2.9363827861751544,4.404574179262731,7089.292248827518,-2.9363827861751544,-1.0,rb,5,1,RB2-046678,7083.5,7089.25,NQH9
EP-54956,EP-54956-ENTRY_ON_MINIMAL_WICK_REJECTION,ENTRY_ON_MINIMAL_WICK_REJECTION,-1,2019-02-20 09:40:00-05:00,2019-02-20 09:40:00-05:00,STOP,7083.0,7089.292248827518,2.9363827861751544,4.404574179262731,7089.292248827518,-2.9363827861751544,-1.0,rb,5,1,RB2-046678,7083.5,7089.25,NQH9
EP-54956,EP-54956-ENTRY_ON_DELAYED_DISPLACEMENT,ENTRY_ON_DELAYED_DISPLACEMENT,-1,2019-02-20 09:40:00-05:00,2019-02-20 09:40:00-05:00,STOP,7083.0,7089.292248827518,2.9363827861751544,4.404574179262731,7089.292248827518,-2.9363827861751544,-1.0,rb,5,1,RB2-046678,7083.5,7089.25,NQH9
EP-54957,EP-54957-ENTRY_ON_TAP,ENTRY_ON_TAP,-1,2019-02-20 09:40:00-05:00,2019-02-20 09:40:00-05:00,STOP,7083.0,7089.292248827518,2.9363827861751544,4.404574179262731,7089.292248827518,-2.9363827861751544,-1.0,rb,5,5,RB2-046678,7083.5,7089.25,NQH9
EP-56124,EP-56124-ENTRY_ON_TAP,ENTRY_ON_TAP,-1,2019-02-21 09:35:00-05:00,2019-02-21 09:35:00-05:00,TARGET,7055.25,7062.81265749891,3.5292401661581576,5.293860249237237,7049.956139750763,2.4704681163107933,0.7000000000000235,rb,5,5,RB2-046797,7057.0,7059.75,NQH9
EP-56134,EP-56134-ENTRY_ON_TAP,ENTRY_ON_TAP,-1,2019-02-21 09:41:00-05:00,2019-02-21 09:41:00-05:00,TARGET,7052.75,7063.081085562123,4.821173262323925,7.231759893485888,7045.518240106514,3.3748212836266465,0.699999999999979,rb,3,1,RB2-039390,7051.75,7056.0,NQH9
EP-56204,EP-56204-ENTRY_ON_NEW_FVG,ENTRY_ON_NEW_FVG,1,2019-02-21 10:56:00-05:00,2019-02-21 11:04:00-05:00,TARGET,7027.25,7016.88294837242,4.837957426203956,7.2569361393059335,7034.506936139306,3.386570198342832,0.700000000000013,rb,1,1,RB2-025547,7017.0,7019.0,NQH9
EP-58508,EP-58508-ENTRY_ON_TAP,ENTRY_ON_TAP,1,2019-02-25 09:53:00-05:00,2019-02-25 09:59:00-05:00,STOP,7157.0,7148.932953015679,3.764621926016449,5.646932889024673,7148.932953015679,-3.764621926016449,-1.0,rb,3,1,RB2-039774,7156.0,7159.25,NQH9
EP-58509,EP-58509-ENTRY_ON_FIRST_CLOSE_OUTSIDE,ENTRY_ON_FIRST_CLOSE_OUTSIDE,1,2019-02-25 10:10:00-05:00,2019-02-25 10:13:00-05:00,TARGET,7152.75,7144.129435706383,4.022930003687687,6.034395005531531,7158.784395005531,2.8160510025813545,0.6999999999999934,rb,5,5,RB2-047036,7147.25,7149.25,NQH9
EP-60785,EP-60785-ENTRY_ON_NEW_FVG,ENTRY_ON_NEW_FVG,1,2019-02-27 11:06:00-05:00,2019-02-27 11:09:00-05:00,TARGET,7071.5,7061.347222225142,4.7379629616004735,7.10694444240071,7078.606944442401,3.316574073120417,0.700000000000018,rb,1,1,RB2-027528,7065.75,7067.25,NQH9
EP-60798,EP-60798-ENTRY_ON_TAP,ENTRY_ON_TAP,-1,2019-02-27 11:15:00-05:00,2019-02-27 11:27:00-05:00,STOP,7079.5,7089.340363979856,4.592169857266048,6.888254785899072,7089.340363979856,-4.592169857266048,-1.0,rb,3,3,RB2-040142,7079.25,7082.25,NQH9
EP-64057,EP-64057-ENTRY_ON_TAP,ENTRY_ON_TAP,1,2019-03-04 09:50:00-05:00,2019-03-04 09:58:00-05:00,TARGET,7201.5,7194.199894629583,3.4067158395281276,5.110073759292192,7206.610073759292,2.384701087669681,0.6999999999999976,rb,5,5,RB2-047573,7198.5,7201.5,NQH9
EP-64079,EP-64079-ENTRY_ON_TAP,ENTRY_ON_TAP,1,2019-03-04 10:08:00-05:00,2019-03-04 10:11:00-05:00,STOP,7200.0,7192.107310646251,3.683255031749645,5.524882547624467,7192.107310646251,-3.683255031749645,-1.0,rb,1,1,RB2-028935,7198.0,7199.25,NQH9
EP-65341,EP-65341-ENTRY_ON_TAP,ENTRY_ON_TAP,1,2019-03-05 11:01:00-05:00,2019-03-05 11:03:00-05:00,TARGET,7152.25,7141.825333160809,4.8648445249557355,7.297266787433603,7159.547266787434,3.405391167469084,0.7000000000000143,rb,5,1,RB2-047706,7152.0,7156.5,NQH9
EP-66417,EP-66417-ENTRY_ON_TAP,ENTRY_ON_TAP,1,2019-03-06 09:34:00-05:00,2019-03-06 09:35:00-05:00,STOP,7162.75,7157.3816927082735,2.5052100694723176,3.7578151042084764,7157.3816927082735,-2.5052100694723176,-1.0,rb,1,1,RB2-029942,7156.0,7160.25,NQH9
EP-66421,EP-66421-ENTRY_ON_TAP,ENTRY_ON_TAP,-1,2019-03-06 09:38:00-05:00,2019-03-06 09:40:00-05:00,TARGET,7159.25,7165.827056342561,3.0692929598620844,4.603939439793127,7154.646060560207,2.148505071903572,0.7000000000000368,rb,1,1,RB2-029943,7159.0,7161.0,NQH9
EP-66423,EP-66423-ENTRY_ON_FIRST_CLOSE_OUTSIDE,ENTRY_ON_FIRST_CLOSE_OUTSIDE,1,2019-03-06 09:44:00-05:00,2019-03-06 09:47:00-05:00,STOP,7160.75,7153.281925084075,3.4851016274316162,5.227652441147424,7153.281925084075,-3.4851016274316162,-1.0,rb,3,1,RB2-041048,7153.0,7158.5,NQH9
EP-66435,EP-66435-ENTRY_ON_FIRST_CLOSE_OUTSIDE,ENTRY_ON_FIRST_CLOSE_OUTSIDE,1,2019-03-06 09:58:00-05:00,2019-03-06 10:06:00-05:00,TARGET,7152.75,7143.73586962772,4.206594173730651,6.309891260595977,7159.059891260596,2.944615921611345,0.6999999999999738,rb,3,1,RB2-041049,7142.0,7145.25,NQH9
EP-66485,EP-66485-ENTRY_ON_NEW_FVG,ENTRY_ON_NEW_FVG,1,2019-03-06 10:57:00-05:00,2019-03-06 11:06:00-05:00,TARGET,7138.5,7128.564760282704,4.636445201404875,6.954667802107313,7145.454667802107,3.245511640983433,0.7000000000000044,rb,1,1,RB2-029978,7125.25,7126.0,NQH9
EP-66504,EP-66504-ENTRY_ON_TAP,ENTRY_ON_TAP,-1,2019-03-06 11:10:00-05:00,2019-03-06 11:15:00-05:00,TARGET,7145.5,7154.318184051402,4.115152557320717,6.172728835981076,7139.327271164019,2.8806067901244616,0.6999999999999903,rb,3,1,RB2-041061,7145.5,7148.0,NQH9
EP-66514,EP-66514-ENTRY_ON_TAP,ENTRY_ON_TAP,1,2019-03-06 11:21:00-05:00,2019-03-06 11:25:00-05:00,STOP,7134.0,7125.535213449683,3.950233723481174,5.925350585221761,7125.535213449683,-3.950233723481174,-1.0,rb,5,1,RB2-047823,7133.0,7136.0,NQH9
EP-03816,EP-03816-ENTRY_ON_TAP,ENTRY_ON_TAP,1,2019-03-12 09:44:00-04:00,2019-03-12 09:47:00-04:00,STOP,7202.25,7192.027922536789,4.770302816164924,7.155454224247386,7192.027922536789,-4.770302816164924,-1.0,rb,3,1,RB2-035224,7195.25,7202.5,NQM9
EP-09597,EP-09597-ENTRY_ON_TAP,ENTRY_ON_TAP,-1,2019-03-19 09:36:00-04:00,2019-03-19 09:38:00-04:00,TARGET,7396.0,7401.0655318883355,2.363914881223429,3.5458723218351436,7392.454127678165,1.6547404168565376,0.700000000000058,rb,5,1,RB2-048301,7392.25,7399.0,NQM9
EP-09623,EP-09623-ENTRY_ON_FIRST_CLOSE_OUTSIDE,ENTRY_ON_FIRST_CLOSE_OUTSIDE,1,2019-03-19 10:01:00-04:00,2019-03-19 10:10:00-04:00,TARGET,7386.5,7377.907452755422,4.009855380802844,6.014783071204267,7392.514783071204,2.8068987665618774,0.6999999999999716,rb,1,1,RB2-004031,7382.25,7384.25,NQM9
EP-10804,EP-10804-ENTRY_ON_TAP,ENTRY_ON_TAP,-1,2019-03-20 10:05:00-04:00,2019-03-20 10:07:00-04:00,STOP,7374.25,7383.530006229854,4.330669573931748,6.496004360897622,7383.530006229854,-4.330669573931748,-1.0,rb,5,5,RB2-048418,7377.0,7380.25,NQM9
EP-14252,EP-14252-ENTRY_ON_TAP,ENTRY_ON_TAP,-1,2019-03-25 09:33:00-04:00,2019-03-25 09:35:00-04:00,STOP,7328.25,7336.989125768467,4.078258691950978,6.117388037926467,7336.989125768467,-4.078258691950978,-1.0,rb,3,3,RB2-036923,7334.5,7337.0,NQM9
EP-14317,EP-14317-ENTRY_ON_DELAYED_DISPLACEMENT,ENTRY_ON_DELAYED_DISPLACEMENT,1,2019-03-25 10:51:00-04:00,2019-03-25 11:15:00-04:00,TARGET,7340.25,7324.215174095452,7.482918755455715,11.224378133183572,7351.474378133184,5.23804312881909,0.700000000000012,rb,3,3,RB2-036931,7311.0,7314.75,NQM9
EP-15495,EP-15495-ENTRY_ON_TAP,ENTRY_ON_TAP,-1,2019-03-26 09:36:00-04:00,2019-03-26 09:40:00-04:00,STOP,7412.0,7420.732794001806,4.075303867509417,6.112955801264126,7420.732794001806,-4.075303867509417,-1.0,rb,5,1,RB2-048879,7407.0,7417.0,NQM9
EP-16715,EP-16715-ENTRY_ON_FIRST_CLOSE_OUTSIDE,ENTRY_ON_FIRST_CLOSE_OUTSIDE,1,2019-03-27 09:37:00-04:00,2019-03-27 09:37:00-04:00,STOP,7397.25,7389.279975970095,3.719344547289261,5.579016820933892,7389.279975970095,-3.719344547289261,-1.0,rb,1,1,RB2-007179,7392.5,7397.0,NQM9
EP-16733,EP-16733-ENTRY_ON_TAP,ENTRY_ON_TAP,-1,2019-03-27 09:55:00-04:00,2019-03-27 09:56:00-04:00,TARGET,7384.5,7397.039980021732,5.851990676808256,8.777986015212385,7375.722013984788,4.096393473765794,0.7000000000000024,rb,5,5,RB2-048995,7393.0,7400.25,NQM9
EP-17966,EP-17966-ENTRY_ON_FIRST_CLOSE_OUTSIDE,ENTRY_ON_FIRST_CLOSE_OUTSIDE,1,2019-03-28 09:51:00-04:00,2019-03-28 09:53:00-04:00,TARGET,7344.75,7331.097674095835,6.371085421943729,9.556628132915593,7354.306628132916,4.459759795360627,0.7000000000000026,rb,3,3,RB2-037496,7327.5,7331.5,NQM9
EP-17982,EP-17982-ENTRY_ON_TAP,ENTRY_ON_TAP,1,2019-03-28 10:02:00-04:00,2019-03-28 10:02:00-04:00,TARGET,7350.0,7336.280630212723,6.402372567395966,9.60355885109395,7359.603558851094,4.481660797177144,0.6999999999999948,rb,3,1,RB2-037499,7347.0,7349.5,NQM9
EP-21251,EP-21251-ENTRY_ON_TAP,ENTRY_ON_TAP,1,2019-04-02 09:35:00-04:00,2019-04-02 09:37:00-04:00,TARGET,7499.0,7494.069673635348,2.3008189701706767,3.451228455256015,7502.451228455256,1.6105732791194274,0.6999999999999799,rb,5,5,RB2-049432,7497.25,7498.5,NQM9
EP-21262,EP-21262-ENTRY_ON_TAP,ENTRY_ON_TAP,1,2019-04-02 09:45:00-04:00,2019-04-02 09:51:00-04:00,TARGET,7501.5,7494.695152275827,3.1755956046139047,4.763393406920857,7506.263393406921,2.222916923229698,0.699999999999989,rb,3,3,RB2-038036,7500.5,7503.25,NQM9
EP-21267,EP-21267-ENTRY_ON_TAP,ENTRY_ON_TAP,1,2019-04-02 09:54:00-04:00,2019-04-02 09:56:00-04:00,STOP,7500.25,7492.882192783927,3.4383100341675004,5.1574650512512505,7492.882192783927,-3.4383100341675004,-1.0,rb,3,3,RB2-038037,7499.5,7502.25,NQM9
EP-21334,EP-21334-ENTRY_ON_TAP,ENTRY_ON_TAP,1,2019-04-02 11:04:00-04:00,2019-04-02 11:10:00-04:00,STOP,7500.75,7493.430058052432,3.4159729088650495,5.123959363297574,7493.430058052432,-3.4159729088650495,-1.0,rb,5,1,RB2-049449,7497.5,7500.0,NQM9
EP-22329,EP-22329-ENTRY_ON_TAP,ENTRY_ON_TAP,1,2019-04-03 09:52:00-04:00,2019-04-03 09:54:00-04:00,TARGET,7562.5,7554.852161240144,3.5689914212662077,5.353487131899311,7567.853487131899,2.498293994886295,0.6999999999999859,rb,1,1,RB2-009633,7561.5,7562.5,NQM9
EP-23490,EP-23490-ENTRY_ON_TAP,ENTRY_ON_TAP,-1,2019-04-04 09:50:00-04:00,2019-04-04 10:09:00-04:00,TARGET,7590.5,7599.19313905219,4.05679822435573,6.085197336533595,7584.414802663467,2.8397587570491525,0.7000000000000348,rb,5,5,RB2-049665,7588.25,7592.75,NQM9
EP-24487,EP-24487-ENTRY_ON_TAP,ENTRY_ON_TAP,1,2019-04-05 09:48:00-04:00,2019-04-05 09:52:00-04:00,STOP,7590.0,7580.579404723133,4.396277795871137,6.594416693806706,7580.579404723133,-4.396277795871137,-1.0,rb,3,3,RB2-038558,7585.75,7587.5,NQM9
EP-25461,EP-25461-ENTRY_ON_FIRST_CLOSE_OUTSIDE,ENTRY_ON_FIRST_CLOSE_OUTSIDE,1,2019-04-08 09:47:00-04:00,2019-04-08 09:49:00-04:00,TARGET,7568.75,7559.980431261825,4.092465411148382,6.138698116722573,7574.8886981167225,2.8647257878039953,0.7000000000000313,rb,3,1,RB2-038718,7561.25,7564.5,NQM9
EP-25479,EP-25479-ENTRY_ON_FIRST_CLOSE_OUTSIDE,ENTRY_ON_FIRST_CLOSE_OUTSIDE,1,2019-04-08 10:08:00-04:00,2019-04-08 10:19:00-04:00,TARGET,7579.25,7570.04088487676,4.2975870575118575,6.446380586267786,7585.696380586268,3.0083109402582573,0.69999999999999,rb,1,1,RB2-011065,7572.75,7575.0,NQM9
EP-27507,EP-27507-ENTRY_ON_FIRST_CLOSE_OUTSIDE,ENTRY_ON_FIRST_CLOSE_OUTSIDE,-1,2019-04-10 09:37:00-04:00,2019-04-10 09:38:00-04:00,TARGET,7605.0,7611.676794441155,3.115837405872508,4.673756108808762,7600.326243891192,2.1810861841109026,0.7000000000000471,rb,3,1,RB2-039036,7605.5,7607.5,NQM9
EP-28671,EP-28671-ENTRY_ON_TAP,ENTRY_ON_TAP,-1,2019-04-11 09:43:00-04:00,2019-04-11 09:45:00-04:00,TARGET,7632.5,7639.5755819800615,3.301938257362228,4.952907386043342,7627.547092613957,2.3113567801536816,0.700000000000037,rb,1,1,RB2-012420,7633.25,7634.75,NQM9
EP-28685,EP-28685-ENTRY_ON_FIRST_CLOSE_OUTSIDE,ENTRY_ON_FIRST_CLOSE_OUTSIDE,1,2019-04-11 10:03:00-04:00,2019-04-11 10:20:00-04:00,TARGET,7621.25,7612.8258810480975,3.9312555108880334,5.8968832663320505,7627.146883266332,2.751878857621754,0.7000000000000333,rb,3,3,RB2-039216,7616.5,7619.0,NQM9
EP-30817,EP-30817-ENTRY_ON_TAP,ENTRY_ON_TAP,1,2019-04-15 09:41:00-04:00,2019-04-15 09:47:00-04:00,STOP,7653.75,7648.482171190081,2.4583201112954427,3.687480166943164,7648.482171190081,-2.4583201112954427,-1.0,rb,5,1,RB2-050434,7650.75,7655.75,NQM9
EP-31845,EP-31845-ENTRY_ON_FIRST_CLOSE_OUTSIDE,ENTRY_ON_FIRST_CLOSE_OUTSIDE,1,2019-04-16 09:33:00-04:00,2019-04-16 09:34:00-04:00,STOP,7674.25,7670.171584718186,1.9032604648464373,2.854890697269656,7670.171584718186,-1.9032604648464373,-1.0,rb,5,1,RB2-050500,7669.0,7671.0,NQM9
EP-31853,EP-31853-ENTRY_ON_TAP,ENTRY_ON_TAP,1,2019-04-16 09:37:00-04:00,2019-04-16 09:42:00-04:00,TARGET,7673.75,7668.885600988039,2.2700528722484203,3.4050793083726303,7677.1550793083725,1.5890370105739227,0.7000000000000125,rb,3,1,RB2-039735,7668.25,7674.25,NQM9
EP-31869,EP-31869-ENTRY_ON_TAP,ENTRY_ON_TAP,1,2019-04-16 09:49:00-04:00,2019-04-16 09:54:00-04:00,TARGET,7672.0,7666.271251448642,2.673415990633695,4.010123985950543,7676.0101239859505,1.8713911934435705,0.6999999999999941,rb,5,1,RB2-050529,7671.0,7672.5,NQM9
EP-31916,EP-31916-ENTRY_ON_TAP,ENTRY_ON_TAP,-1,2019-04-16 10:37:00-04:00,2019-04-16 10:44:00-04:00,TARGET,7684.25,7690.70429145123,3.01200267724078,4.5180040158611705,7679.731995984139,2.1084018740685124,0.6999999999999889,rb,3,1,RB2-039744,7682.75,7686.0,NQM9
EP-32928,EP-32928-ENTRY_ON_TAP,ENTRY_ON_TAP,-1,2019-04-17 09:48:00-04:00,2019-04-17 09:48:00-04:00,TARGET,7718.0,7725.122817747484,3.3239816154924426,4.985972423238664,7713.014027576762,2.3267871308446213,0.6999999999999733,rb,3,3,RB2-039904,7719.0,7721.75,NQM9
EP-32931,EP-32931-ENTRY_ON_TAP,ENTRY_ON_TAP,-1,2019-04-17 09:48:00-04:00,2019-04-17 09:48:00-04:00,TARGET,7718.0,7725.122817747484,3.3239816154924426,4.985972423238664,7713.014027576762,2.3267871308446213,0.6999999999999733,rb,1,1,RB2-014174,7719.5,7721.25,NQM9
EP-32932,EP-32932-ENTRY_ON_TAP,ENTRY_ON_TAP,-1,2019-04-17 09:51:00-04:00,2019-04-17 09:53:00-04:00,TARGET,7723.5,7731.518877777111,3.74214296265166,5.6132144439774905,7717.886785556023,2.6195000738560963,0.6999999999999824,rb,3,3,RB2-039903,7722.75,7724.5,NQM9
EP-38372,EP-38372-ENTRY_ON_STRONG_REJECTION,ENTRY_ON_STRONG_REJECTION,1,2019-04-25 09:44:00-04:00,2019-04-25 09:46:00-04:00,TARGET,7840.75,7832.63253010308,3.788152618562793,5.682228927844189,7846.432228927844,2.6517068329940994,0.700000000000038,rb,1,1,RB2-016467,7830.75,7836.25,NQM9
EP-39570,EP-39570-ENTRY_ON_FIRST_CLOSE_OUTSIDE,ENTRY_ON_FIRST_CLOSE_OUTSIDE,1,2019-04-26 09:34:00-04:00,2019-04-26 09:37:00-04:00,STOP,7807.25,7799.097284156598,3.804600726920988,5.706901090381482,7799.097284156598,-3.804600726920988,-1.0,rb,5,1,RB2-051282,7803.5,7805.75,NQM9
EP-39604,EP-39604-ENTRY_ON_TAP,ENTRY_ON_TAP,1,2019-04-26 10:05:00-04:00,2019-04-26 10:11:00-04:00,TARGET,7774.75,7759.884166454873,6.937388987726236,10.406083481589354,7785.156083481589,4.856172291408473,0.7000000000000156,rb,5,5,RB2-051293,7762.0,7771.0,NQM9
EP-39620,EP-39620-ENTRY_ON_FIRST_CLOSE_OUTSIDE,ENTRY_ON_FIRST_CLOSE_OUTSIDE,-1,2019-04-26 10:29:00-04:00,2019-04-26 11:05:00-04:00,STOP,7793.5,7805.354521485624,5.532110026624622,8.298165039936933,7793.5,-0.0,-0.0,rb,3,1,RB2-040969,7793.75,7797.0,NQM9
EP-40752,EP-40752-ENTRY_ON_TAP,ENTRY_ON_TAP,1,2019-04-29 09:45:00-04:00,2019-04-29 09:50:00-04:00,STOP,7844.75,7836.874217172131,3.6753653196725447,5.513047979508817,7836.874217172131,-3.6753653196725447,-1.0,rb,3,3,RB2-041147,7838.0,7846.0,NQM9
EP-40764,EP-40764-ENTRY_ON_TAP,ENTRY_ON_TAP,-1,2019-04-29 09:57:00-04:00,2019-04-29 10:00:00-04:00,TARGET,7844.5,7853.722853973548,4.3039985209890075,6.455997781483511,7838.044002218517,3.0127989646922964,0.699999999999998,rb,5,1,RB2-051403,7844.75,7848.5,NQM9
EP-41832,EP-41832-ENTRY_ON_TAP,ENTRY_ON_TAP,-1,2019-04-30 09:43:00-04:00,2019-04-30 09:44:00-04:00,STOP,7793.0,7802.468572109322,4.4186669843502955,6.628000476525443,7802.468572109322,-4.4186669843502955,-1.0,rb,1,1,RB2-017869,7796.0,7798.0,NQM9
EP-41841,EP-41841-ENTRY_ON_FIRST_CLOSE_OUTSIDE,ENTRY_ON_FIRST_CLOSE_OUTSIDE,1,2019-04-30 09:49:00-04:00,2019-04-30 10:05:00-04:00,TARGET,7794.5,7783.98996734537,4.904681905493954,7.3570228582409305,7801.857022858241,3.433277333845778,0.7000000000000022,rb,5,1,RB2-051509,7787.5,7790.5,NQM9
EP-42876,EP-42876-ENTRY_ON_FIRST_CLOSE_OUTSIDE,ENTRY_ON_FIRST_CLOSE_OUTSIDE,-1,2019-05-01 09:45:00-04:00,2019-05-01 09:55:00-04:00,TARGET,7839.5,7847.430235777543,3.7007766961869817,5.551165044280473,7833.94883495572,2.5905436873309946,0.700000000000029,rb,5,5,RB2-051607,7845.5,7847.5,NQM9
EP-46456,EP-46456-ENTRY_ON_TAP,ENTRY_ON_TAP,-1,2019-05-06 09:56:00-04:00,2019-05-06 10:11:00-04:00,STOP,7739.75,7753.4084146188425,6.373926822126503,9.560890233189754,7753.4084146188425,-6.373926822126503,-1.0,rb,5,1,RB2-051968,7744.0,7747.5,NQM9
EP-46468,EP-46468-ENTRY_ON_TAP,ENTRY_ON_TAP,1,2019-05-06 10:11:00-04:00,2019-05-06 10:11:00-04:00,TARGET,7741.75,7727.979298108826,6.426327549214479,9.63949132382172,7751.389491323822,4.498429284450028,0.6999999999999833,rb,5,1,RB2-051970,7733.0,7739.0,NQM9
EP-50160,EP-50160-ENTRY_ON_STRONG_REJECTION,ENTRY_ON_STRONG_REJECTION,1,2019-05-09 10:07:00-04:00,2019-05-09 10:23:00-04:00,STOP,7512.75,7493.298092074933,9.077557031697866,13.6163355475468,7493.298092074933,-9.077557031697866,-1.0,rb,1,1,RB2-021482,7499.75,7503.0,NQM9
EP-52483,EP-52483-ENTRY_ON_FIRST_CLOSE_OUTSIDE,ENTRY_ON_FIRST_CLOSE_OUTSIDE,1,2019-05-13 10:15:00-04:00,2019-05-13 10:29:00-04:00,STOP,7376.5,7355.747714550674,9.684399876352211,14.526599814528318,7355.747714550674,-9.684399876352211,-1.0,rb,5,5,RB2-052568,7361.0,7367.5,NQM9
EP-58627,EP-58627-ENTRY_ON_TAP,ENTRY_ON_TAP,1,2019-05-20 09:45:00-04:00,2019-05-20 09:45:00-04:00,TARGET,7376.0,7361.21248693776,6.900839429045345,10.351259143568019,7386.351259143568,4.830587600331858,0.7000000000000169,rb,5,5,RB2-053172,7361.5,7371.5,NQM9
EP-62288,EP-62288-ENTRY_ON_FIRST_CLOSE_OUTSIDE,ENTRY_ON_FIRST_CLOSE_OUTSIDE,1,2019-05-23 09:58:00-04:00,2019-05-23 10:01:00-04:00,TARGET,7320.75,7306.954606626821,6.437850240816846,9.656775361225268,7330.406775361225,4.5064951685718615,0.7000000000000108,rb,5,1,RB2-053522,7308.0,7320.0,NQM9
EP-66707,EP-66707-ENTRY_ON_FIRST_CLOSE_OUTSIDE,ENTRY_ON_FIRST_CLOSE_OUTSIDE,1,2019-05-29 09:34:00-04:00,2019-05-29 09:36:00-04:00,STOP,7232.75,7224.094470131479,4.039247271976321,6.058870907964481,7224.094470131479,-4.039247271976321,-1.0,rb,1,1,RB2-028990,7228.75,7229.25,NQM9
EP-67936,EP-67936-ENTRY_ON_TAP,ENTRY_ON_TAP,1,2019-05-30 10:09:00-04:00,2019-05-30 10:15:00-04:00,TARGET,7253.5,7243.825889772056,4.514584773040419,6.7718771595606295,7260.271877159561,3.160209341128261,0.6999999999999927,rb,1,1,RB2-029544,7250.25,7252.0,NQM9
EP-70140,EP-70140-ENTRY_ON_TAP,ENTRY_ON_TAP,1,2019-06-03 09:37:00-04:00,2019-06-03 09:40:00-04:00,STOP,7126.5,7118.19618602459,3.8751131885246455,5.812669782786968,7118.19618602459,-3.8751131885246455,-1.0,rb,1,1,RB2-030561,7122.5,7125.5,NQM9
EP-70185,EP-70185-ENTRY_ON_TAP,ENTRY_ON_TAP,-1,2019-06-03 10:19:00-04:00,2019-06-03 10:30:00-04:00,STOP,7065.25,7083.7286102504895,8.623351450228634,12.935027175342952,7083.7286102504895,-8.623351450228634,-1.0,rb,5,1,RB2-054294,7066.75,7071.25,NQM9
EP-71347,EP-71347-ENTRY_ON_TAP,ENTRY_ON_TAP,1,2019-06-04 09:55:00-04:00,2019-06-04 09:55:00-04:00,TARGET,7037.5,7022.486018418484,7.0065247380410405,10.50978710706156,7048.009787107061,4.90456731662876,0.7000000000000045,rb,1,1,RB2-031113,7033.0,7040.5,NQM9
EP-76030,EP-76030-ENTRY_ON_TAP,ENTRY_ON_TAP,1,2019-06-10 09:48:00-04:00,2019-06-10 09:59:00-04:00,TARGET,7503.0,7491.652305710518,5.295590668425021,7.943386002637531,7510.943386002637,3.7069134678975084,0.6999999999999988,rb,3,3,RB2-046802,7497.0,7502.0,NQM9
EP-77263,EP-77263-ENTRY_ON_TAP,ENTRY_ON_TAP,-1,2019-06-11 09:54:00-04:00,2019-06-11 10:04:00-04:00,STOP,7569.0,7583.276870495398,6.6625395645188,9.9938093467782,7583.276870495398,-6.6625395645188,-1.0,rb,3,3,RB2-046998,7561.5,7570.0,NQM9
EP-78488,EP-78488-ENTRY_ON_TAP,ENTRY_ON_TAP,-1,2019-06-12 09:40:00-04:00,2019-06-12 09:41:00-04:00,STOP,7498.0,7506.739826684407,4.0785857860562444,6.117878679084367,7506.739826684407,-4.0785857860562444,-1.0,rb,3,1,RB2-047195,7497.5,7500.5,NQM9
EP-78489,EP-78489-ENTRY_ON_FIRST_CLOSE_OUTSIDE,ENTRY_ON_FIRST_CLOSE_OUTSIDE,-1,2019-06-12 09:48:00-04:00,2019-06-12 09:51:00-04:00,STOP,7491.25,7502.773653090483,5.377704775558673,8.06655716333801,7502.773653090483,-5.377704775558673,-1.0,rb,3,3,RB2-047195,7497.5,7500.5,NQM9
EP-78499,EP-78499-ENTRY_ON_TAP,ENTRY_ON_TAP,-1,2019-06-12 09:51:00-04:00,2019-06-12 10:07:00-04:00,TARGET,7496.75,7508.714368490238,5.583371962110994,8.37505794316649,7488.374942056834,3.9083603734777834,0.7000000000000157,rb,1,1,RB2-034296,7495.0,7498.5,NQM9
EP-00458,EP-00458-ENTRY_ON_TAP,ENTRY_ON_TAP,-1,2019-06-13 09:54:00-04:00,2019-06-13 10:06:00-04:00,TARGET,7553.25,7562.829492100047,4.470429646688426,6.705644470032638,7546.544355529967,3.129300752681779,0.6999999999999733,rb,3,3,RB2-033056,7550.25,7556.0,NQU9
EP-01621,EP-01621-ENTRY_ON_TAP,ENTRY_ON_TAP,-1,2019-06-14 09:50:00-04:00,2019-06-14 09:50:00-04:00,STOP,7494.75,7505.437561408336,4.987528657223201,7.481292985834802,7505.437561408336,-4.987528657223201,-1.0,rb,5,5,RB2-045170,7489.75,7495.0,NQU9
EP-01623,EP-01623-ENTRY_ON_TAP,ENTRY_ON_TAP,-1,2019-06-14 09:50:00-04:00,2019-06-14 09:50:00-04:00,STOP,7494.75,7505.437561408336,4.987528657223201,7.481292985834802,7505.437561408336,-4.987528657223201,-1.0,rb,1,1,RB2-000672,7496.0,7501.5,NQU9
EP-04034,EP-04034-ENTRY_ON_FIRST_CLOSE_OUTSIDE,ENTRY_ON_FIRST_CLOSE_OUTSIDE,-1,2019-06-18 11:51:00-04:00,2019-06-18 12:18:00-04:00,TARGET,7683.0,7692.322557202784,4.3505266946323795,6.52579004194857,7676.474209958052,3.045368686242531,0.6999999999999691,rb,3,3,RB2-033644,7695.25,7697.75,NQU9
EP-08497,EP-08497-ENTRY_ON_DELAYED_DISPLACEMENT,ENTRY_ON_DELAYED_DISPLACEMENT,-1,2019-06-24 09:44:00-04:00,2019-06-24 09:48:00-04:00,TARGET,7767.5,7775.367688703105,3.671588061449257,5.507382092173886,7761.992617907826,2.570111643014608,0.7000000000000349,rb,1,1,RB2-003664,7773.75,7776.75,NQU9
EP-08556,EP-08556-ENTRY_ON_TAP,ENTRY_ON_TAP,1,2019-06-24 10:41:00-04:00,2019-06-24 10:46:00-04:00,TARGET,7760.5,7751.895197491567,4.015574503935415,6.023361755903123,7766.523361755903,2.8109021527548532,0.7000000000000156,rb,1,1,RB2-003674,7759.25,7760.25,NQU9
EP-08567,EP-08567-ENTRY_ON_FIRST_CLOSE_OUTSIDE,ENTRY_ON_FIRST_CLOSE_OUTSIDE,-1,2019-06-24 10:53:00-04:00,2019-06-24 10:55:00-04:00,TARGET,7762.5,7770.342504667704,3.6598355115951113,5.489753267392667,7757.010246732607,2.561884858116546,0.6999999999999913,rb,5,1,RB2-045855,7763.5,7769.25,NQU9
EP-13060,EP-13060-ENTRY_ON_NEW_FVG,ENTRY_ON_NEW_FVG,1,2019-06-28 10:15:00-04:00,2019-06-28 10:32:00-04:00,STOP,7677.5,7668.569856932188,4.167400098312594,6.251100147468891,7668.569856932188,-4.167400098312594,-1.0,rb,1,1,RB2-005727,7670.75,7672.0,NQU9
EP-14098,EP-14098-ENTRY_ON_TAP,ENTRY_ON_TAP,-1,2019-07-01 09:40:00-04:00,2019-07-01 09:41:00-04:00,STOP,7838.75,7846.543473914523,3.636954493444192,5.455431740166288,7846.543473914523,-3.636954493444192,-1.0,rb,5,5,RB2-046410,7838.5,7848.25,NQU9
EP-14125,EP-14125-ENTRY_ON_DELAYED_DISPLACEMENT,ENTRY_ON_DELAYED_DISPLACEMENT,1,2019-07-01 10:02:00-04:00,2019-07-01 10:03:00-04:00,TARGET,7830.75,7819.0135293900485,5.477019617977299,8.215529426965949,7838.965529426966,3.8339137325840493,0.6999999999999891,rb,3,1,RB2-035285,7821.5,7824.75,NQU9
EP-14136,EP-14136-ENTRY_ON_FIRST_CLOSE_OUTSIDE,ENTRY_ON_FIRST_CLOSE_OUTSIDE,-1,2019-07-01 10:09:00-04:00,2019-07-01 10:11:00-04:00,TARGET,7833.5,7844.962827471692,5.349319486789706,8.023979230184558,7825.4760207698155,3.7445236407527256,0.6999999999999872,rb,1,1,RB2-006219,7839.5,7840.75,NQU9
EP-16433,EP-16433-ENTRY_ON_FIRST_CLOSE_OUTSIDE,ENTRY_ON_FIRST_CLOSE_OUTSIDE,-1,2019-07-03 09:39:00-04:00,2019-07-03 09:45:00-04:00,STOP,7843.0,7849.447653027727,3.008904746272671,4.513357119409006,7849.447653027727,-3.008904746272671,-1.0,rb,1,1,RB2-007222,7846.0,7848.25,NQU9
EP-17301,EP-17301-ENTRY_ON_FIRST_CLOSE_OUTSIDE,ENTRY_ON_FIRST_CLOSE_OUTSIDE,1,2019-07-04 10:15:00-04:00,2019-07-04 10:20:00-04:00,STOP,7896.75,7894.573977381065,1.0154772221698538,1.5232158332547807,7894.573977381065,-1.0154772221698538,-1.0,rb,1,1,RB2-007596,7895.0,7895.5,NQU9
EP-17380,EP-17380-ENTRY_ON_NEW_FVG,ENTRY_ON_NEW_FVG,-1,2019-07-04 11:59:00-04:00,2019-07-04 12:04:00-04:00,STOP,7902.25,7903.98784109707,0.8109925119659158,1.2164887679488738,7903.98784109707,-0.8109925119659158,-1.0,rb,1,1,RB2-007622,7904.5,7904.75,NQU9
EP-18103,EP-18103-ENTRY_ON_MINIMAL_WICK_REJECTION,ENTRY_ON_MINIMAL_WICK_REJECTION,1,2019-07-05 09:39:00-04:00,2019-07-05 09:55:00-04:00,STOP,7832.5,7821.013868687509,5.360194612495925,8.040291918743888,7821.013868687509,-5.360194612495925,-1.0,rb,3,3,RB2-035932,7821.75,7825.0,NQU9
EP-19262,EP-19262-ENTRY_ON_DELAYED_DISPLACEMENT,ENTRY_ON_DELAYED_DISPLACEMENT,1,2019-07-08 09:45:00-04:00,2019-07-08 09:47:00-04:00,STOP,7790.25,7781.388884168959,4.135187387819255,6.202781081728883,7781.388884168959,-4.135187387819255,-1.0,rb,1,1,RB2-008454,7780.5,7784.0,NQU9
EP-19284,EP-19284-ENTRY_ON_NEW_FVG,ENTRY_ON_NEW_FVG,1,2019-07-08 10:07:00-04:00,2019-07-08 10:14:00-04:00,TARGET,7790.5,7782.12360363959,3.9089849681911617,5.863477452286743,7796.363477452287,2.7362894777338003,0.6999999999999967,rb,1,1,RB2-008463,7778.25,7779.5,NQU9
EP-20405,EP-20405-ENTRY_ON_TAP,ENTRY_ON_TAP,-1,2019-07-09 09:39:00-04:00,2019-07-09 09:45:00-04:00,STOP,7791.25,7798.945554077546,3.591258569521703,5.386887854282555,7798.945554077546,-3.591258569521703,-1.0,rb,1,1,RB2-008968,7797.0,7799.25,NQU9
EP-20410,EP-20410-ENTRY_ON_FIRST_CLOSE_OUTSIDE,ENTRY_ON_FIRST_CLOSE_OUTSIDE,1,2019-07-09 09:48:00-04:00,2019-07-09 10:00:00-04:00,TARGET,7796.0,7786.69563679129,4.342036164064571,6.513054246096857,7802.5130542460965,3.039425314845091,0.699999999999975,rb,3,3,RB2-036295,7786.5,7791.25,NQU9
EP-21605,EP-21605-ENTRY_ON_FIRST_CLOSE_OUTSIDE,ENTRY_ON_FIRST_CLOSE_OUTSIDE,-1,2019-07-10 10:05:00-04:00,2019-07-10 10:12:00-04:00,TARGET,7939.75,7951.725425572201,5.588531933693692,8.382797900540538,7931.367202099459,3.9119723535855258,0.6999999999999895,rb,5,5,RB2-047188,7946.0,7949.5,NQU9
EP-23903,EP-23903-ENTRY_ON_TAP,ENTRY_ON_TAP,1,2019-07-12 09:38:00-04:00,2019-07-12 09:39:00-04:00,TARGET,7931.5,7925.467288034167,2.8152655840554974,4.222898376083246,7935.722898376083,1.9706859088388553,0.7000000000000025,rb,1,1,RB2-010467,7928.75,7932.0,NQU9
EP-23945,EP-23945-ENTRY_ON_TAP,ENTRY_ON_TAP,-1,2019-07-12 10:29:00-04:00,2019-07-12 10:38:00-04:00,TARGET,7932.0,7940.098093892368,3.7791104831048172,5.668665724657226,7926.331334275343,2.6453773381733234,0.6999999999999871,rb,3,1,RB2-036844,7931.0,7933.75,NQU9
EP-26047,EP-26047-ENTRY_ON_NEW_IFVG,ENTRY_ON_NEW_IFVG,-1,2019-07-16 09:30:00-04:00,2019-07-16 09:30:00-04:00,STOP,7977.75,7981.751849249378,1.8675296497097815,2.8012944745646724,7981.751849249378,-1.8675296497097815,-1.0,rb,5,5,RB2-047636,7990.25,7991.0,NQU9
EP-26076,EP-26076-ENTRY_ON_TAP,ENTRY_ON_TAP,-1,2019-07-16 09:30:00-04:00,2019-07-16 09:30:00-04:00,STOP,7977.75,7981.751849249378,1.8675296497097815,2.8012944745646724,7981.751849249378,-1.8675296497097815,-1.0,rb,5,5,RB2-047639,7987.0,7987.75,NQU9
EP-26087,EP-26087-ENTRY_ON_FIRST_CLOSE_OUTSIDE,ENTRY_ON_FIRST_CLOSE_OUTSIDE,1,2019-07-16 09:34:00-04:00,2019-07-16 09:35:00-04:00,TARGET,7978.5,7973.169703797327,2.4874715612474536,3.7312073418711806,7982.231207341872,1.741230092873321,0.7000000000000416,rb,1,1,RB2-011373,7972.5,7975.25,NQU9
EP-26090,EP-26090-ENTRY_ON_FIRST_CLOSE_OUTSIDE,ENTRY_ON_FIRST_CLOSE_OUTSIDE,1,2019-07-16 09:40:00-04:00,2019-07-16 09:42:00-04:00,TARGET,7979.0,7972.865680678528,2.8626823500199436,4.294023525029916,7983.29402352503,2.0038776450138673,0.6999999999999674,rb,1,1,RB2-011374,7975.5,7978.5,NQU9
EP-29708,EP-29708-ENTRY_ON_FIRST_CLOSE_OUTSIDE,ENTRY_ON_FIRST_CLOSE_OUTSIDE,1,2019-07-19 10:18:00-04:00,2019-07-19 10:18:00-04:00,TARGET,7942.5,7932.882836220015,4.48800976399328,6.732014645989921,7949.23201464599,3.141606834795402,0.7000000000000236,rb,3,3,RB2-037738,7930.25,7936.5,NQU9
EP-29708,EP-29708-ENTRY_ON_MINIMAL_WICK_REJECTION,ENTRY_ON_MINIMAL_WICK_REJECTION,1,2019-07-19 10:18:00-04:00,2019-07-19 10:18:00-04:00,TARGET,7942.5,7932.882836220015,4.48800976399328,6.732014645989921,7949.23201464599,3.141606834795402,0.7000000000000236,rb,3,3,RB2-037738,7930.25,7936.5,NQU9
EP-29708,EP-29708-ENTRY_ON_IMMEDIATE_DISPLACEMENT,ENTRY_ON_IMMEDIATE_DISPLACEMENT,1,2019-07-19 10:18:00-04:00,2019-07-19 10:18:00-04:00,TARGET,7942.5,7932.882836220015,4.48800976399328,6.732014645989921,7949.23201464599,3.141606834795402,0.7000000000000236,rb,3,3,RB2-037738,7930.25,7936.5,NQU9
EP-31995,EP-31995-ENTRY_ON_MINIMAL_WICK_REJECTION,ENTRY_ON_MINIMAL_WICK_REJECTION,1,2019-07-23 11:23:00-04:00,2019-07-23 11:23:00-04:00,TARGET,7938.5,7932.357375678252,2.8665580168158074,4.299837025223711,7942.7998370252235,2.0065906117709957,0.6999999999999758,rb,1,1,RB2-013868,7935.0,7935.5,NQU9
EP-31995,EP-31995-ENTRY_ON_DELAYED_DISPLACEMENT,ENTRY_ON_DELAYED_DISPLACEMENT,1,2019-07-23 11:23:00-04:00,2019-07-23 11:23:00-04:00,TARGET,7938.5,7932.357375678252,2.8665580168158074,4.299837025223711,7942.7998370252235,2.0065906117709957,0.6999999999999758,rb,1,1,RB2-013868,7935.0,7935.5,NQU9
EP-35398,EP-35398-ENTRY_ON_TAP,ENTRY_ON_TAP,-1,2019-07-26 09:43:00-04:00,2019-07-26 10:09:00-04:00,TARGET,8024.75,8034.817826809166,4.698319177610845,7.047478766416267,8017.702521233584,3.288823424327611,0.7000000000000042,rb,3,1,RB2-038678,8021.75,8028.25,NQU9
EP-37651,EP-37651-ENTRY_ON_TAP,ENTRY_ON_TAP,-1,2019-07-30 09:34:00-04:00,2019-07-30 09:35:00-04:00,STOP,7942.75,7952.349880639728,4.479944298539856,6.7199164478097835,7952.349880639728,-4.479944298539856,-1.0,rb,1,1,RB2-016242,7947.75,7953.0,NQU9
EP-37664,EP-37664-ENTRY_ON_MINIMAL_WICK_REJECTION,ENTRY_ON_MINIMAL_WICK_REJECTION,1,2019-07-30 09:49:00-04:00,2019-07-30 10:01:00-04:00,TARGET,7958.0,7946.106178517163,5.550450025323856,8.325675037985784,7966.325675037986,3.8853150177267244,0.7000000000000046,rb,1,1,RB2-016248,7955.0,7957.5,NQU9
EP-41256,EP-41256-ENTRY_ON_FIRST_CLOSE_OUTSIDE,ENTRY_ON_FIRST_CLOSE_OUTSIDE,1,2019-08-02 09:44:00-04:00,2019-08-02 09:48:00-04:00,STOP,7747.0,7721.838587307312,11.741992589920846,17.61298888488127,7721.838587307312,-11.741992589920846,-1.0,rb,5,1,RB2-049110,7725.5,7741.75,NQU9
EP-41262,EP-41262-ENTRY_ON_TAP,ENTRY_ON_TAP,1,2019-08-02 09:55:00-04:00,2019-08-02 10:07:00-04:00,STOP,7732.75,7707.742751816284,11.670049152400642,17.505073728600962,7707.742751816284,-11.670049152400642,-1.0,rb,5,5,RB2-049111,7719.0,7725.25,NQU9
EP-42415,EP-42415-ENTRY_ON_FIRST_CLOSE_OUTSIDE,ENTRY_ON_FIRST_CLOSE_OUTSIDE,-1,2019-08-05 09:35:00-04:00,2019-08-05 09:36:00-04:00,TARGET,7525.5,7539.744216631763,6.6473010948230264,9.970951642234539,7515.5290483577655,4.653110766376236,0.7000000000000177,rb,1,1,RB2-018396,7526.0,7537.5,NQU9
EP-42422,EP-42422-ENTRY_ON_TAP,ENTRY_ON_TAP,-1,2019-08-05 09:39:00-04:00,2019-08-05 09:40:00-04:00,TARGET,7524.0,7539.857187975857,7.400021055399941,11.100031583099913,7512.8999684169,5.180014738779829,0.6999999999999825,rb,3,3,RB2-039808,7526.5,7538.25,NQU9
EP-43598,EP-43598-ENTRY_ON_TAP,ENTRY_ON_TAP,1,2019-08-06 09:30:00-04:00,2019-08-06 09:30:00-04:00,TARGET,7491.5,7481.824741439829,4.515120661412821,6.7726809921192315,7498.27268099212,3.1605844629888438,0.699999999999971,rb,5,5,RB2-049344,7481.5,7485.75,NQU9
EP-43601,EP-43601-ENTRY_ON_TAP,ENTRY_ON_TAP,1,2019-08-06 09:30:00-04:00,2019-08-06 09:30:00-04:00,TARGET,7491.5,7481.824741439829,4.515120661412821,6.7726809921192315,7498.27268099212,3.1605844629888438,0.699999999999971,rb,3,3,RB2-039999,7485.0,7487.5,NQU9
EP-43608,EP-43608-ENTRY_ON_TAP,ENTRY_ON_TAP,1,2019-08-06 09:34:00-04:00,2019-08-06 09:37:00-04:00,STOP,7519.0,7505.856998626803,6.1334006408252115,9.200100961237817,7505.856998626803,-6.1334006408252115,-1.0,rb,1,1,RB2-018969,7513.5,7516.75,NQU9
EP-43609,EP-43609-ENTRY_ON_FIRST_CLOSE_OUTSIDE,ENTRY_ON_FIRST_CLOSE_OUTSIDE,-1,2019-08-06 09:37:00-04:00,2019-08-06 09:37:00-04:00,TARGET,7513.5,7527.670012648332,6.61267256922167,9.919008853832505,7503.580991146167,4.6288707984552255,0.7000000000000086,rb,5,1,RB2-049346,7517.75,7528.5,NQU9
EP-43609,EP-43609-ENTRY_ON_MINIMAL_WICK_REJECTION,ENTRY_ON_MINIMAL_WICK_REJECTION,-1,2019-08-06 09:37:00-04:00,2019-08-06 09:37:00-04:00,TARGET,7513.5,7527.670012648332,6.61267256922167,9.919008853832505,7503.580991146167,4.6288707984552255,0.7000000000000086,rb,5,1,RB2-049346,7517.75,7528.5,NQU9
EP-43609,EP-43609-ENTRY_ON_IMMEDIATE_DISPLACEMENT,ENTRY_ON_IMMEDIATE_DISPLACEMENT,-1,2019-08-06 09:37:00-04:00,2019-08-06 09:37:00-04:00,TARGET,7513.5,7527.670012648332,6.61267256922167,9.919008853832505,7503.580991146167,4.6288707984552255,0.7000000000000086,rb,5,1,RB2-049346,7517.75,7528.5,NQU9
EP-46097,EP-46097-ENTRY_ON_TAP,ENTRY_ON_TAP,-1,2019-08-08 09:38:00-04:00,2019-08-08 09:42:00-04:00,TARGET,7599.25,7613.403355691959,6.604899322914527,9.90734898437179,7589.342651015628,4.623429526040265,0.7000000000000146,rb,1,1,RB2-020117,7602.5,7606.25,NQU9
EP-47306,EP-47306-ENTRY_ON_TAP,ENTRY_ON_TAP,1,2019-08-09 09:42:00-04:00,2019-08-09 09:45:00-04:00,STOP,7702.0,7690.863535595736,5.197016721989749,7.795525082984624,7690.863535595736,-5.197016721989749,-1.0,rb,3,3,RB2-040598,7694.25,7701.0,NQU9
EP-50867,EP-50867-ENTRY_ON_TAP,ENTRY_ON_TAP,1,2019-08-14 09:41:00-04:00,2019-08-14 09:45:00-04:00,STOP,7616.75,7597.187530941142,9.129152227467205,13.693728341200808,7597.187530941142,-9.129152227467205,-1.0,rb,5,1,RB2-050089,7607.0,7617.75,NQU9
EP-53448,EP-53448-ENTRY_ON_FIRST_CLOSE_OUTSIDE,ENTRY_ON_FIRST_CLOSE_OUTSIDE,-1,2019-08-16 10:00:00-04:00,2019-08-16 10:20:00-04:00,STOP,7570.0,7583.149730266249,6.136540790916087,9.204811186374132,7583.149730266249,-6.136540790916087,-1.0,rb,1,1,RB2-023433,7574.0,7577.5,NQU9
EP-53469,EP-53469-ENTRY_ON_NEW_FVG,ENTRY_ON_NEW_FVG,-1,2019-08-16 10:29:00-04:00,2019-08-16 10:42:00-04:00,STOP,7583.25,7600.111790817672,7.86883571491346,11.80325357237019,7600.111790817672,-7.86883571491346,-1.0,rb,1,1,RB2-023445,7599.0,7601.0,NQU9
EP-57014,EP-57014-ENTRY_ON_TAP,ENTRY_ON_TAP,-1,2019-08-21 09:57:00-04:00,2019-08-21 10:10:00-04:00,TARGET,7755.75,7765.329528095784,4.4704464446989505,6.705669667048426,7749.044330332951,3.129312511289207,0.699999999999987,rb,1,1,RB2-024987,7757.25,7758.75,NQU9
EP-57004,EP-57004-ENTRY_ON_DELAYED_DISPLACEMENT,ENTRY_ON_DELAYED_DISPLACEMENT,-1,2019-08-21 10:10:00-04:00,2019-08-21 10:14:00-04:00,TARGET,7752.0,7761.450837743576,4.410390947001982,6.615586420502973,7745.384413579497,3.0872736629013136,0.6999999999999832,rb,5,5,RB2-050700,7760.5,7765.75,NQU9
EP-61760,EP-61760-ENTRY_ON_FIRST_CLOSE_OUTSIDE,ENTRY_ON_FIRST_CLOSE_OUTSIDE,-1,2019-08-27 09:37:00-04:00,2019-08-27 09:41:00-04:00,TARGET,7635.5,7645.235864526455,4.543403445679044,6.815105168518567,7628.684894831482,3.1803824119754074,0.7000000000000168,rb,3,1,RB2-042876,7636.75,7637.75,NQU9
EP-65309,EP-65309-ENTRY_ON_DELAYED_DISPLACEMENT,ENTRY_ON_DELAYED_DISPLACEMENT,1,2019-08-30 09:40:00-04:00,2019-08-30 09:42:00-04:00,STOP,7743.25,7735.438843372203,3.6452064263052306,5.467809639457846,7735.438843372203,-3.6452064263052306,-1.0,rb,1,1,RB2-028636,7736.75,7739.5,NQU9
EP-67484,EP-67484-ENTRY_ON_FIRST_CLOSE_OUTSIDE,ENTRY_ON_FIRST_CLOSE_OUTSIDE,1,2019-09-03 10:24:00-04:00,2019-09-03 10:41:00-04:00,TARGET,7620.0,7602.169290289352,8.32099786496904,12.48149679745356,7632.4814967974535,5.824698505478284,0.6999999999999946,rb,3,3,RB2-043784,7602.5,7615.0,NQU9
EP-68599,EP-68599-ENTRY_ON_NEW_IFVG,ENTRY_ON_NEW_IFVG,1,2019-09-04 10:22:00-04:00,2019-09-04 10:55:00-04:00,STOP,7677.5,7667.085139132471,4.860268404846499,7.2904026072697485,7677.5,-0.0,-0.0,rb,1,1,RB2-030141,7665.5,7668.25,NQU9
EP-72061,EP-72061-ENTRY_ON_TAP,ENTRY_ON_TAP,1,2019-09-09 09:33:00-04:00,2019-09-09 09:33:00-04:00,STOP,7875.75,7870.881604508367,2.271917896095405,3.4078768441431078,7870.881604508367,-2.271917896095405,-1.0,rb,3,3,RB2-044508,7870.75,7871.5,NQU9
EP-72077,EP-72077-ENTRY_ON_FIRST_CLOSE_OUTSIDE,ENTRY_ON_FIRST_CLOSE_OUTSIDE,-1,2019-09-09 09:48:00-04:00,2019-09-09 09:53:00-04:00,TARGET,7868.75,7876.74971965332,3.73320250488268,5.59980375732402,7863.150196242676,2.6132417534177463,0.6999999999999652,rb,5,1,RB2-052215,7870.5,7874.75,NQU9
EP-73320,EP-73320-ENTRY_ON_TAP,ENTRY_ON_TAP,-1,2019-09-10 09:47:00-04:00,2019-09-10 09:52:00-04:00,TARGET,7766.75,7777.955547159905,5.229255341288942,7.843883011933413,7758.906116988067,3.6604787389021833,0.6999999999999854,rb,1,1,RB2-032163,7768.5,7770.0,NQU9
EP-00470,EP-00470-ENTRY_ON_TAP,ENTRY_ON_TAP,1,2019-09-12 10:52:00-04:00,2019-09-12 10:52:00-04:00,TARGET,7951.75,7933.932329839631,8.314912741505516,12.472369112258274,7964.222369112258,5.820438919053903,0.7000000000000051,rb,1,1,RB2-000173,7936.5,7939.5,NQZ9
EP-00471,EP-00471-ENTRY_ON_FIRST_CLOSE_OUTSIDE,ENTRY_ON_FIRST_CLOSE_OUTSIDE,1,2019-09-12 10:57:00-04:00,2019-09-12 11:35:00-04:00,STOP,7958.75,7939.342793212191,9.056696500977552,13.585044751466327,7958.75,-0.0,-0.0,rb,3,3,RB2-031751,7943.0,7945.25,NQZ9
EP-01512,EP-01512-ENTRY_ON_TAP,ENTRY_ON_TAP,1,2019-09-13 09:34:00-04:00,2019-09-13 09:35:00-04:00,TARGET,7914.25,7906.323709972818,3.698935346018363,5.548403019027544,7919.798403019027,2.5892547422127894,0.6999999999999825,rb,3,1,RB2-031936,7907.5,7917.0,NQZ9
EP-01512,EP-01512-ENTRY_ON_FIRST_CLOSE_OUTSIDE,ENTRY_ON_FIRST_CLOSE_OUTSIDE,1,2019-09-13 09:36:00-04:00,2019-09-13 09:39:00-04:00,STOP,7918.5,7909.697035721563,4.10804999660367,6.162074994905505,7909.697035721563,-4.10804999660367,-1.0,rb,3,1,RB2-031936,7907.5,7917.0,NQZ9
EP-02669,EP-02669-ENTRY_ON_FIRST_CLOSE_OUTSIDE,ENTRY_ON_FIRST_CLOSE_OUTSIDE,-1,2019-09-16 09:37:00-04:00,2019-09-16 09:40:00-04:00,STOP,7871.25,7881.319193145279,4.6989568011302705,7.048435201695406,7881.319193145279,-4.6989568011302705,-1.0,rb,1,1,RB2-001158,7872.5,7877.0,NQZ9
EP-03940,EP-03940-ENTRY_ON_FIRST_CLOSE_OUTSIDE,ENTRY_ON_FIRST_CLOSE_OUTSIDE,-1,2019-09-17 11:08:00-04:00,2019-09-17 11:24:00-04:00,STOP,7883.0,7891.188264506607,3.8211901030832918,5.731785154624937,7891.188264506607,-3.8211901030832918,-1.0,rb,1,1,RB2-001698,7883.5,7886.0,NQZ9
EP-04910,EP-04910-ENTRY_ON_TAP,ENTRY_ON_TAP,-1,2019-09-18 09:38:00-04:00,2019-09-18 09:39:00-04:00,STOP,7892.5,7898.581446824086,2.8380085179069945,4.257012776860492,7898.581446824086,-2.8380085179069945,-1.0,rb,3,1,RB2-032483,7892.0,7895.5,NQZ9
EP-04921,EP-04921-ENTRY_ON_DELAYED_DISPLACEMENT,ENTRY_ON_DELAYED_DISPLACEMENT,1,2019-09-18 10:05:00-04:00,2019-09-18 10:36:00-04:00,STOP,7894.25,7886.60296329073,3.5686171309926014,5.352925696488902,7894.25,-0.0,-0.0,rb,5,5,RB2-043861,7882.5,7888.0,NQZ9
EP-06028,EP-06028-ENTRY_ON_FIRST_CLOSE_OUTSIDE,ENTRY_ON_FIRST_CLOSE_OUTSIDE,-1,2019-09-19 09:41:00-04:00,2019-09-19 09:48:00-04:00,TARGET,7954.0,7963.518247114633,4.441848653495464,6.662772980243196,7947.337227019757,3.1092940574469723,0.7000000000000332,rb,3,1,RB2-032669,7957.5,7964.0,NQZ9
EP-08293,EP-08293-ENTRY_ON_NEW_FVG,ENTRY_ON_NEW_FVG,1,2019-09-23 09:39:00-04:00,2019-09-23 09:45:00-04:00,TARGET,7833.5,7822.679602891787,5.0495186504995,7.574277975749251,7841.074277975749,3.53466305534972,0.7000000000000138,rb,5,1,RB2-044185,7824.75,7828.5,NQZ9
EP-09428,EP-09428-ENTRY_ON_TAP,ENTRY_ON_TAP,1,2019-09-24 09:35:00-04:00,2019-09-24 09:35:00-04:00,TARGET,7871.75,7866.105388063428,2.634152237066929,3.9512283556003935,7875.7012283556005,1.8439065659468827,0.7000000000000123,rb,1,1,RB2-004170,7868.75,7871.25,NQZ9
EP-10641,EP-10641-ENTRY_ON_FIRST_CLOSE_OUTSIDE,ENTRY_ON_FIRST_CLOSE_OUTSIDE,-1,2019-09-25 09:37:00-04:00,2019-09-25 09:39:00-04:00,TARGET,7734.0,7742.719496372687,4.069098307253998,6.103647460880996,7727.896352539119,2.8483688150778463,0.7000000000000118,rb,1,1,RB2-004703,7734.5,7737.75,NQZ9
EP-10686,EP-10686-ENTRY_ON_TAP,ENTRY_ON_TAP,-1,2019-09-25 10:09:00-04:00,2019-09-25 10:12:00-04:00,TARGET,7714.5,7733.582220934633,8.905036436162352,13.357554654243527,7701.142445345757,6.233525505313724,0.7000000000000088,rb,3,3,RB2-033428,7709.5,7715.25,NQZ9
EP-10693,EP-10693-ENTRY_ON_TAP,ENTRY_ON_TAP,1,2019-09-25 10:16:00-04:00,2019-09-25 10:29:00-04:00,TARGET,7696.5,7678.182455256896,8.548187546781882,12.822281320172824,7709.322281320173,5.983731282747326,0.700000000000001,rb,3,1,RB2-033432,7695.75,7698.5,NQZ9
EP-10705,EP-10705-ENTRY_ON_TAP,ENTRY_ON_TAP,-1,2019-09-25 10:30:00-04:00,2019-09-25 10:31:00-04:00,STOP,7713.5,7731.272102452884,8.293647811345851,12.440471717018777,7731.272102452884,-8.293647811345851,-1.0,rb,3,3,RB2-033431,7714.5,7717.25,NQZ9
EP-11896,EP-11896-ENTRY_ON_FIRST_CLOSE_OUTSIDE,ENTRY_ON_FIRST_CLOSE_OUTSIDE,1,2019-09-26 09:43:00-04:00,2019-09-26 09:56:00-04:00,STOP,7779.25,7767.908026921192,5.2929207701104035,7.939381155165606,7767.908026921192,-5.2929207701104035,-1.0,rb,1,1,RB2-005256,7772.75,7776.0,NQZ9
EP-15487,EP-15487-ENTRY_ON_FIRST_CLOSE_OUTSIDE,ENTRY_ON_FIRST_CLOSE_OUTSIDE,1,2019-10-01 10:02:00-04:00,2019-10-01 10:02:00-04:00,STOP,7823.5,7812.610421406327,5.081803343714117,7.622705015571174,7812.610421406327,-5.081803343714117,-1.0,rb,5,1,RB2-044904,7814.5,7819.0,NQZ9
EP-15487,EP-15487-ENTRY_ON_MINIMAL_WICK_REJECTION,ENTRY_ON_MINIMAL_WICK_REJECTION,1,2019-10-01 10:02:00-04:00,2019-10-01 10:02:00-04:00,STOP,7823.5,7812.610421406327,5.081803343714117,7.622705015571174,7812.610421406327,-5.081803343714117,-1.0,rb,5,1,RB2-044904,7814.5,7819.0,NQZ9
EP-15487,EP-15487-ENTRY_ON_IMMEDIATE_DISPLACEMENT,ENTRY_ON_IMMEDIATE_DISPLACEMENT,1,2019-10-01 10:02:00-04:00,2019-10-01 10:02:00-04:00,STOP,7823.5,7812.610421406327,5.081803343714117,7.622705015571174,7812.610421406327,-5.081803343714117,-1.0,rb,5,1,RB2-044904,7814.5,7819.0,NQZ9
EP-17850,EP-17850-ENTRY_ON_DELAYED_DISPLACEMENT,ENTRY_ON_DELAYED_DISPLACEMENT,-1,2019-10-03 09:51:00-04:00,2019-10-03 10:00:00-04:00,TARGET,7573.5,7587.178349560375,6.383229794841823,9.574844692262733,7563.925155307737,4.468260856389399,0.7000000000000194,rb,3,3,RB2-034570,7583.0,7584.75,NQZ9
EP-17887,EP-17887-ENTRY_ON_TAP,ENTRY_ON_TAP,-1,2019-10-03 10:20:00-04:00,2019-10-03 10:26:00-04:00,STOP,7511.25,7533.263524943533,10.272978306982246,15.409467460473369,7533.263524943533,-10.272978306982246,-1.0,rb,1,1,RB2-007908,7511.0,7519.5,NQZ9
EP-17909,EP-17909-ENTRY_ON_FIRST_CLOSE_OUTSIDE,ENTRY_ON_FIRST_CLOSE_OUTSIDE,1,2019-10-03 10:37:00-04:00,2019-10-03 10:51:00-04:00,STOP,7552.5,7528.376237223416,11.25775596240577,16.886633943608658,7528.376237223416,-11.25775596240577,-1.0,rb,5,1,RB2-045151,7529.25,7540.5,NQZ9
EP-20094,EP-20094-ENTRY_ON_FIRST_CLOSE_OUTSIDE,ENTRY_ON_FIRST_CLOSE_OUTSIDE,-1,2019-10-07 09:36:00-04:00,2019-10-07 09:36:00-04:00,TARGET,7744.75,7753.629409913157,4.143724626139912,6.215586939209868,7738.53441306079,2.900607238297806,0.699999999999968,rb,3,3,RB2-034946,7750.25,7752.0,NQZ9
EP-20094,EP-20094-ENTRY_ON_MINIMAL_WICK_REJECTION,ENTRY_ON_MINIMAL_WICK_REJECTION,-1,2019-10-07 09:36:00-04:00,2019-10-07 09:36:00-04:00,TARGET,7744.75,7753.629409913157,4.143724626139912,6.215586939209868,7738.53441306079,2.900607238297806,0.699999999999968,rb,3,3,RB2-034946,7750.25,7752.0,NQZ9
EP-20094,EP-20094-ENTRY_ON_IMMEDIATE_DISPLACEMENT,ENTRY_ON_IMMEDIATE_DISPLACEMENT,-1,2019-10-07 09:36:00-04:00,2019-10-07 09:36:00-04:00,TARGET,7744.75,7753.629409913157,4.143724626139912,6.215586939209868,7738.53441306079,2.900607238297806,0.699999999999968,rb,3,3,RB2-034946,7750.25,7752.0,NQZ9
EP-20119,EP-20119-ENTRY_ON_FIRST_CLOSE_OUTSIDE,ENTRY_ON_FIRST_CLOSE_OUTSIDE,-1,2019-10-07 10:00:00-04:00,2019-10-07 10:03:00-04:00,TARGET,7739.5,7751.366956988955,5.537913261512541,8.30686989226881,7731.193130107731,3.876539283058832,0.7000000000000096,rb,3,3,RB2-034954,7744.75,7748.25,NQZ9
EP-21303,EP-21303-ENTRY_ON_TAP,ENTRY_ON_TAP,1,2019-10-08 09:48:00-04:00,2019-10-08 09:50:00-04:00,STOP,7669.0,7654.537958405497,6.748952744101264,10.123429116151897,7654.537958405497,-6.748952744101264,-1.0,rb,3,3,RB2-035158,7660.5,7667.5,NQZ9
EP-21371,EP-21371-ENTRY_ON_TAP,ENTRY_ON_TAP,-1,2019-10-08 10:59:00-04:00,2019-10-08 11:10:00-04:00,TARGET,7664.0,7678.370451683194,6.706210785490606,10.05931617823591,7653.940683821764,4.694347549843474,0.7000000000000074,rb,1,1,RB2-009452,7663.75,7667.5,NQZ9
EP-21392,EP-21392-ENTRY_ON_NEW_FVG,ENTRY_ON_NEW_FVG,-1,2019-10-08 11:22:00-04:00,2019-10-08 11:28:00-04:00,TARGET,7658.5,7672.234559972801,6.409461320640484,9.614191980960726,7648.885808019039,4.486622924448209,0.6999999999999797,rb,1,1,RB2-009464,7671.5,7674.75,NQZ9
EP-24850,EP-24850-ENTRY_ON_TAP,ENTRY_ON_TAP,1,2019-10-11 09:50:00-04:00,2019-10-11 09:50:00-04:00,TARGET,7870.75,7861.152369568399,4.478894201413722,6.7183413021205824,7877.46834130212,3.1352259409895766,0.6999999999999936,rb,1,1,RB2-011055,7863.75,7865.75,NQZ9
EP-24853,EP-24853-ENTRY_ON_FIRST_CLOSE_OUTSIDE,ENTRY_ON_FIRST_CLOSE_OUTSIDE,-1,2019-10-11 09:53:00-04:00,2019-10-11 10:01:00-04:00,STOP,7873.75,7883.963906831071,4.7664898544994765,7.149734781749215,7883.963906831071,-4.7664898544994765,-1.0,rb,3,1,RB2-035732,7877.5,7889.0,NQZ9
EP-24946,EP-24946-ENTRY_ON_FIRST_CLOSE_OUTSIDE,ENTRY_ON_FIRST_CLOSE_OUTSIDE,1,2019-10-11 11:48:00-04:00,2019-10-11 11:50:00-04:00,STOP,7895.5,7886.274510025335,4.30522865484342,6.45784298226513,7886.274510025335,-4.30522865484342,-1.0,rb,1,1,RB2-011105,7891.0,7892.75,NQZ9
EP-24949,EP-24949-ENTRY_ON_TAP,ENTRY_ON_TAP,1,2019-10-11 11:50:00-04:00,2019-10-11 11:56:00-04:00,STOP,7892.0,7882.461436166622,4.451329788910017,6.6769946833650256,7882.461436166622,-4.451329788910017,-1.0,rb,1,1,RB2-011106,7888.75,7892.25,NQZ9
EP-25990,EP-25990-ENTRY_ON_TAP,ENTRY_ON_TAP,-1,2019-10-14 09:33:00-04:00,2019-10-14 09:34:00-04:00,TARGET,7854.25,7861.777375085669,3.5127750399787563,5.269162559968135,7848.980837440032,2.45894252798518,0.7000000000000144,rb,3,3,RB2-035872,7863.5,7866.25,NQZ9
EP-25999,EP-25999-ENTRY_ON_FIRST_CLOSE_OUTSIDE,ENTRY_ON_FIRST_CLOSE_OUTSIDE,1,2019-10-14 09:44:00-04:00,2019-10-14 09:47:00-04:00,TARGET,7844.75,7835.152098701452,4.479020605988937,6.718530908983405,7851.468530908984,3.1353144241921336,0.6999999999999728,rb,3,1,RB2-035922,7836.0,7839.0,NQZ9
EP-27240,EP-27240-ENTRY_ON_FIRST_CLOSE_OUTSIDE,ENTRY_ON_FIRST_CLOSE_OUTSIDE,-1,2019-10-15 11:40:00-04:00,2019-10-15 11:48:00-04:00,STOP,7933.75,7941.434736663772,3.586210443093594,5.379315664640391,7941.434736663772,-3.586210443093594,-1.0,rb,5,5,RB2-046093,7945.75,7947.5,NQZ9
EP-28248,EP-28248-ENTRY_ON_TAP,ENTRY_ON_TAP,1,2019-10-16 09:36:00-04:00,2019-10-16 09:37:00-04:00,TARGET,7922.75,7915.476461684533,3.394317880551006,5.091476820826509,7927.841476820827,2.3760225163855893,0.6999999999999661,rb,3,3,RB2-036295,7916.5,7920.0,NQZ9
EP-28244,EP-28244-ENTRY_ON_FIRST_CLOSE_OUTSIDE,ENTRY_ON_FIRST_CLOSE_OUTSIDE,1,2019-10-16 09:37:00-04:00,2019-10-16 09:37:00-04:00,TARGET,7923.25,7915.721490066726,3.5133046355280473,5.269956953292071,7928.519956953292,2.4593132448697244,0.7000000000000259,rb,3,1,RB2-036295,7916.5,7920.0,NQZ9
EP-28244,EP-28244-ENTRY_ON_MINIMAL_WICK_REJECTION,ENTRY_ON_MINIMAL_WICK_REJECTION,1,2019-10-16 09:37:00-04:00,2019-10-16 09:37:00-04:00,TARGET,7923.25,7915.721490066726,3.5133046355280473,5.269956953292071,7928.519956953292,2.4593132448697244,0.7000000000000259,rb,3,1,RB2-036295,7916.5,7920.0,NQZ9
EP-30548,EP-30548-ENTRY_ON_FIRST_CLOSE_OUTSIDE,ENTRY_ON_FIRST_CLOSE_OUTSIDE,1,2019-10-18 09:59:00-04:00,2019-10-18 10:04:00-04:00,STOP,7947.0,7938.001342338289,4.199373575465267,6.299060363197901,7938.001342338289,-4.199373575465267,-1.0,rb,3,1,RB2-036668,7943.0,7946.5,NQZ9
EP-31745,EP-31745-ENTRY_ON_TAP,ENTRY_ON_TAP,-1,2019-10-21 09:40:00-04:00,2019-10-21 09:42:00-04:00,TARGET,7928.75,7936.754177557354,3.7352828600984784,5.602924290147717,7923.147075709852,2.614698002069022,0.7000000000000234,rb,3,1,RB2-036854,7932.0,7936.25,NQZ9
EP-31745,EP-31745-ENTRY_ON_FIRST_CLOSE_OUTSIDE,ENTRY_ON_FIRST_CLOSE_OUTSIDE,-1,2019-10-21 09:42:00-04:00,2019-10-21 09:46:00-04:00,TARGET,7926.5,7935.055485985834,3.9925601267223874,5.988840190083581,7920.5111598099165,2.7947920887055977,0.6999999999999816,rb,3,1,RB2-036854,7932.0,7936.25,NQZ9
EP-31751,EP-31751-ENTRY_ON_TAP,ENTRY_ON_TAP,1,2019-10-21 09:46:00-04:00,2019-10-21 09:47:00-04:00,STOP,7922.5,7913.657967584699,4.126281793807026,6.189422690710539,7913.657967584699,-4.126281793807026,-1.0,rb,3,1,RB2-036855,7921.25,7924.0,NQZ9
EP-32821,EP-32821-ENTRY_ON_MINIMAL_WICK_REJECTION,ENTRY_ON_MINIMAL_WICK_REJECTION,-1,2019-10-22 09:43:00-04:00,2019-10-22 09:45:00-04:00,STOP,7980.5,7988.048892871258,3.5228166732539226,5.284225009880884,7988.048892871258,-3.5228166732539226,-1.0,rb,5,1,RB2-046645,7983.5,7986.5,NQZ9
EP-32846,EP-32846-ENTRY_ON_FIRST_CLOSE_OUTSIDE,ENTRY_ON_FIRST_CLOSE_OUTSIDE,-1,2019-10-22 10:02:00-04:00,2019-10-22 10:04:00-04:00,TARGET,7971.75,7980.995043806334,4.3143537762894315,6.471530664434147,7965.278469335566,3.0200476434026817,0.7000000000000185,rb,1,1,RB2-014575,7971.75,7973.25,NQZ9
EP-35339,EP-35339-ENTRY_ON_TAP,ENTRY_ON_TAP,-1,2019-10-24 11:03:00-04:00,2019-10-24 11:09:00-04:00,STOP,7944.75,7952.76774302791,3.7416134130246554,5.612420119536983,7952.76774302791,-3.7416134130246554,-1.0,rb,1,1,RB2-015605,7946.5,7947.5,NQZ9
EP-36386,EP-36386-ENTRY_ON_TAP,ENTRY_ON_TAP,1,2019-10-25 09:42:00-04:00,2019-10-25 09:43:00-04:00,TARGET,7946.25,7938.548716850438,3.5939321364625467,5.39089820469382,7951.640898204694,2.515752495523918,0.7000000000000376,rb,1,1,RB2-016044,7942.25,7945.5,NQZ9
EP-36383,EP-36383-ENTRY_ON_MINIMAL_WICK_REJECTION,ENTRY_ON_MINIMAL_WICK_REJECTION,-1,2019-10-25 09:45:00-04:00,2019-10-25 09:50:00-04:00,STOP,7952.5,7960.393162869596,3.683476005811618,5.525214008717427,7960.393162869596,-3.683476005811618,-1.0,rb,5,1,RB2-046990,7955.5,7957.75,NQZ9
EP-37464,EP-37464-ENTRY_ON_FIRST_CLOSE_OUTSIDE,ENTRY_ON_FIRST_CLOSE_OUTSIDE,-1,2019-10-28 09:39:00-04:00,2019-10-28 09:42:00-04:00,TARGET,8093.5,8100.237665421862,3.14424386353574,4.71636579530361,8088.783634204697,2.200970704474985,0.6999999999999894,rb,1,1,RB2-016519,8096.75,8098.5,NQZ9
EP-37465,EP-37465-ENTRY_ON_TAP,ENTRY_ON_TAP,-1,2019-10-28 09:42:00-04:00,2019-10-28 09:43:00-04:00,TARGET,8092.5,8099.4305733952815,3.2342675844646522,4.851401376696979,8087.648598623303,2.263987309125224,0.6999999999999899,rb,3,3,RB2-037748,8094.25,8098.5,NQZ9
EP-37472,EP-37472-ENTRY_ON_TAP,ENTRY_ON_TAP,1,2019-10-28 09:44:00-04:00,2019-10-28 09:48:00-04:00,TARGET,8087.75,8080.309793332657,3.4720964447600715,5.2081446671401075,8092.95814466714,2.430467511332098,0.7000000000000138,rb,3,1,RB2-037747,8085.0,8088.0,NQZ9
EP-37468,EP-37468-ENTRY_ON_MINIMAL_WICK_REJECTION,ENTRY_ON_MINIMAL_WICK_REJECTION,-1,2019-10-28 09:49:00-04:00,2019-10-28 09:51:00-04:00,TARGET,8090.25,8098.194617403641,3.7074881216991256,5.561232182548689,8084.688767817452,2.5952416851893396,0.699999999999987,rb,3,1,RB2-037748,8094.25,8098.5,NQZ9
EP-39568,EP-39568-ENTRY_ON_FIRST_CLOSE_OUTSIDE,ENTRY_ON_FIRST_CLOSE_OUTSIDE,1,2019-10-30 09:44:00-04:00,2019-10-30 09:48:00-04:00,TARGET,8046.5,8039.480284931323,3.2758670320495673,4.9138005480743505,8051.4138005480745,2.2931069224348373,0.7000000000000428,rb,5,1,RB2-047326,8040.0,8045.5,NQZ9
EP-39578,EP-39578-ENTRY_ON_DELAYED_DISPLACEMENT,ENTRY_ON_DELAYED_DISPLACEMENT,1,2019-10-30 09:49:00-04:00,2019-10-30 09:53:00-04:00,TARGET,8050.25,8042.624996988431,3.5583347387322335,5.3375021080983505,8055.587502108098,2.4908343171126264,0.7000000000000177,rb,1,1,RB2-017422,8041.75,8045.25,NQZ9
EP-39586,EP-39586-ENTRY_ON_NEW_FVG,ENTRY_ON_NEW_FVG,-1,2019-10-30 10:06:00-04:00,2019-10-30 10:27:00-04:00,STOP,8044.5,8056.056454883711,5.393012279065104,8.089518418597656,8056.056454883711,-5.393012279065104,-1.0,rb,3,3,RB2-038095,8052.0,8054.0,NQZ9
EP-40745,EP-40745-ENTRY_ON_DELAYED_DISPLACEMENT,ENTRY_ON_DELAYED_DISPLACEMENT,1,2019-10-31 10:55:00-04:00,2019-10-31 11:05:00-04:00,TARGET,8076.75,8066.249398002124,4.900280932342406,7.3504213985136095,8084.100421398513,3.4301966526397445,0.7000000000000123,rb,1,1,RB2-017955,8071.25,8072.5,NQZ9
EP-41853,EP-41853-ENTRY_ON_NEW_FVG,ENTRY_ON_NEW_FVG,-1,2019-11-01 11:28:00-04:00,2019-11-01 11:46:00-04:00,STOP,8138.25,8143.730379601002,2.5575104804676836,3.836265720701525,8143.730379601002,-2.5575104804676836,-1.0,rb,1,1,RB2-018433,8146.75,8147.25,NQZ9
EP-43910,EP-43910-ENTRY_ON_FIRST_CLOSE_OUTSIDE,ENTRY_ON_FIRST_CLOSE_OUTSIDE,-1,2019-11-05 09:30:00-05:00,2019-11-05 09:30:00-05:00,STOP,8224.5,8228.194882058584,1.7242782940054615,2.586417441008192,8228.194882058584,-1.7242782940054615,-1.0,rb,3,3,RB2-038808,8230.0,8231.0,NQZ9
EP-43910,EP-43910-ENTRY_ON_DELAYED_DISPLACEMENT,ENTRY_ON_DELAYED_DISPLACEMENT,-1,2019-11-05 09:30:00-05:00,2019-11-05 09:30:00-05:00,STOP,8224.5,8228.194882058584,1.7242782940054615,2.586417441008192,8228.194882058584,-1.7242782940054615,-1.0,rb,3,3,RB2-038808,8230.0,8231.0,NQZ9
EP-43912,EP-43912-ENTRY_ON_FIRST_CLOSE_OUTSIDE,ENTRY_ON_FIRST_CLOSE_OUTSIDE,-1,2019-11-05 09:30:00-05:00,2019-11-05 09:30:00-05:00,STOP,8224.5,8228.194882058584,1.7242782940054615,2.586417441008192,8228.194882058584,-1.7242782940054615,-1.0,rb,1,1,RB2-019287,8228.5,8228.75,NQZ9
EP-43912,EP-43912-ENTRY_ON_IMMEDIATE_DISPLACEMENT,ENTRY_ON_IMMEDIATE_DISPLACEMENT,-1,2019-11-05 09:30:00-05:00,2019-11-05 09:30:00-05:00,STOP,8224.5,8228.194882058584,1.7242782940054615,2.586417441008192,8228.194882058584,-1.7242782940054615,-1.0,rb,1,1,RB2-019287,8228.5,8228.75,NQZ9
EP-43917,EP-43917-ENTRY_ON_FIRST_CLOSE_OUTSIDE,ENTRY_ON_FIRST_CLOSE_OUTSIDE,1,2019-11-05 09:40:00-05:00,2019-11-05 09:49:00-05:00,TARGET,8213.5,8207.122031222403,2.9763854295454006,4.464578144318101,8217.964578144318,2.0834698006819283,0.7000000000000497,rb,1,1,RB2-019291,8208.25,8212.25,NQZ9
EP-43920,EP-43920-ENTRY_ON_NEW_FVG,ENTRY_ON_NEW_FVG,1,2019-11-05 09:49:00-05:00,2019-11-05 09:49:00-05:00,TARGET,8213.0,8205.701923047598,3.4057692444540266,5.10865386668104,8218.10865386668,2.3840384711176603,0.6999999999999535,rb,5,1,RB2-047780,8208.25,8213.75,NQZ9
EP-43997,EP-43997-ENTRY_ON_FIRST_CLOSE_OUTSIDE,ENTRY_ON_FIRST_CLOSE_OUTSIDE,-1,2019-11-05 11:11:00-05:00,2019-11-05 11:42:00-05:00,STOP,8219.0,8227.690164463256,4.055410082852921,6.083115124279382,8219.0,-0.0,-0.0,rb,3,1,RB2-038822,8219.75,8222.5,NQZ9
EP-45006,EP-45006-ENTRY_ON_FIRST_CLOSE_OUTSIDE,ENTRY_ON_FIRST_CLOSE_OUTSIDE,1,2019-11-06 09:40:00-05:00,2019-11-06 09:43:00-05:00,TARGET,8193.5,8186.656179025518,3.19378312142477,4.790674682137155,8198.290674682137,2.2356481849972942,0.699999999999986,rb,3,1,RB2-038985,8190.75,8192.25,NQZ9
EP-46203,EP-46203-ENTRY_ON_TAP,ENTRY_ON_TAP,1,2019-11-07 11:42:00-05:00,2019-11-07 11:59:00-05:00,TARGET,8260.5,8255.168455431114,2.4880541321466563,3.7320811982199844,8264.23208119822,1.7416378925026,0.6999999999999761,rb,3,3,RB2-039178,8258.75,8260.75,NQZ9
EP-47252,EP-47252-ENTRY_ON_FIRST_CLOSE_OUTSIDE,ENTRY_ON_FIRST_CLOSE_OUTSIDE,1,2019-11-08 10:29:00-05:00,2019-11-08 10:42:00-05:00,TARGET,8222.25,8212.527654275174,4.537094671584964,6.805642007377447,8229.055642007377,3.1759662701092632,0.6999999999999533,rb,1,1,RB2-020727,8219.0,8221.75,NQZ9
EP-48218,EP-48218-ENTRY_ON_TAP,ENTRY_ON_TAP,1,2019-11-11 09:37:00-05:00,2019-11-11 09:39:00-05:00,TARGET,8215.25,8209.174526044691,2.835221179144056,4.252831768716083,8219.502831768716,1.984654825400884,0.7000000000000158,rb,1,1,RB2-021173,8213.75,8219.25,NQZ9
EP-48224,EP-48224-ENTRY_ON_TAP,ENTRY_ON_TAP,1,2019-11-11 09:46:00-05:00,2019-11-11 09:47:00-05:00,TARGET,8214.0,8206.507039580029,3.4967148626532114,5.245072293979817,8219.24507229398,2.447700403857141,0.6999999999999693,rb,5,1,RB2-048205,8206.5,8208.75,NQZ9
EP-50478,EP-50478-ENTRY_ON_TAP,ENTRY_ON_TAP,-1,2019-11-13 09:40:00-05:00,2019-11-13 09:44:00-05:00,TARGET,8257.0,8263.472215576932,3.0203672692354373,4.530550903853156,8252.469449096146,2.1142570884650653,0.7000000000000859,rb,5,5,RB2-048409,8262.25,8262.75,NQZ9
EP-50564,EP-50564-ENTRY_ON_STRONG_REJECTION,ENTRY_ON_STRONG_REJECTION,-1,2019-11-13 11:11:00-05:00,2019-11-13 11:20:00-05:00,STOP,8262.75,8270.146188201265,3.451554493923245,5.177331740884868,8270.146188201265,-3.451554493923245,-1.0,rb,1,1,RB2-022163,8268.25,8270.0,NQZ9
EP-51652,EP-51652-ENTRY_ON_TAP,ENTRY_ON_TAP,-1,2019-11-14 09:49:00-05:00,2019-11-14 09:51:00-05:00,STOP,8249.25,8256.79941627185,3.523060926863472,5.2845913902952075,8256.79941627185,-3.523060926863472,-1.0,rb,1,1,RB2-022640,8249.5,8250.75,NQZ9
EP-51653,EP-51653-ENTRY_ON_FIRST_CLOSE_OUTSIDE,ENTRY_ON_FIRST_CLOSE_OUTSIDE,-1,2019-11-14 09:54:00-05:00,2019-11-14 10:03:00-05:00,STOP,8248.5,8256.284472345475,3.632753761221329,5.449130641831994,8256.284472345475,-3.632753761221329,-1.0,rb,3,3,RB2-040041,8251.0,8254.25,NQZ9
EP-51701,EP-51701-ENTRY_ON_TAP,ENTRY_ON_TAP,-1,2019-11-14 10:37:00-05:00,2019-11-14 10:46:00-05:00,TARGET,8250.25,8257.146430669818,3.218334312582149,4.827501468873224,8245.422498531127,2.2528340188077713,0.700000000000083,rb,5,1,RB2-048561,8251.5,8252.75,NQZ9
EP-53775,EP-53775-ENTRY_ON_TAP,ENTRY_ON_TAP,-1,2019-11-18 09:47:00-05:00,2019-11-18 09:52:00-05:00,STOP,8287.25,8295.695953311202,3.9414448785612395,5.91216731784186,8295.695953311202,-3.9414448785612395,-1.0,rb,1,1,RB2-023545,8286.0,8288.0,NQZ9
EP-55019,EP-55019-ENTRY_ON_NEW_FVG,ENTRY_ON_NEW_FVG,1,2019-11-19 11:19:00-05:00,2019-11-19 11:27:00-05:00,TARGET,8330.75,8323.771852688697,3.256468745274983,4.8847031179124745,8335.634703117912,2.279528121692508,0.7000000000000062,rb,5,1,RB2-048905,8320.0,8322.5,NQZ9
EP-55050,EP-55050-ENTRY_ON_TAP,ENTRY_ON_TAP,-1,2019-11-19 11:45:00-05:00,2019-11-19 11:47:00-05:00,TARGET,8348.5,8355.762816700755,3.3893144603523346,5.083971690528502,8343.416028309472,2.37252012224659,0.699999999999987,rb,1,1,RB2-024073,8349.25,8350.25,NQZ9
EP-58463,EP-58463-ENTRY_ON_TAP,ENTRY_ON_TAP,1,2019-11-22 09:34:00-05:00,2019-11-22 09:34:00-05:00,TARGET,8285.0,8278.809557109906,2.88887334871033,4.333310023065495,8289.333310023065,2.0222113440969762,0.6999999999999117,rb,1,1,RB2-025498,8279.5,8281.5,NQZ9
EP-58470,EP-58470-ENTRY_ON_TAP,ENTRY_ON_TAP,1,2019-11-22 09:43:00-05:00,2019-11-22 09:55:00-05:00,STOP,8285.75,8277.960866454267,3.634928988008687,5.45239348201303,8277.960866454267,-3.634928988008687,-1.0,rb,3,1,RB2-041097,8285.25,8289.25,NQZ9
EP-58478,EP-58478-ENTRY_ON_MINIMAL_WICK_REJECTION,ENTRY_ON_MINIMAL_WICK_REJECTION,-1,2019-11-22 10:06:00-05:00,2019-11-22 10:09:00-05:00,TARGET,8283.5,8292.35470934869,4.132197696055147,6.198296544082721,8277.301703455918,2.8925383872383263,0.699999999999933,rb,3,3,RB2-041099,8287.25,8289.0,NQZ9
EP-60523,EP-60523-ENTRY_ON_FIRST_CLOSE_OUTSIDE,ENTRY_ON_FIRST_CLOSE_OUTSIDE,1,2019-11-26 09:37:00-05:00,2019-11-26 09:43:00-05:00,STOP,8379.75,8373.358034462422,2.9829172508691397,4.47437587630371,8373.358034462422,-2.9829172508691397,-1.0,rb,1,1,RB2-026387,8373.75,8376.25,NQZ9
EP-61531,EP-61531-ENTRY_ON_STRONG_REJECTION,ENTRY_ON_STRONG_REJECTION,-1,2019-11-27 09:40:00-05:00,2019-11-27 09:41:00-05:00,TARGET,8409.0,8414.302343047257,2.4744267553865718,3.7116401330798574,8405.28835986692,1.7320987287706697,0.700000000000028,rb,5,5,RB2-049586,8415.5,8416.5,NQZ9
EP-64286,EP-64286-ENTRY_ON_TAP,ENTRY_ON_TAP,1,2019-12-02 09:35:00-05:00,2019-12-02 09:35:00-05:00,STOP,8398.25,8391.726690066173,3.0442113024525472,4.566316953678821,8391.726690066173,-3.0442113024525472,-1.0,rb,1,1,RB2-028003,8393.5,8395.75,NQZ9
EP-64291,EP-64291-ENTRY_ON_NEW_FVG,ENTRY_ON_NEW_FVG,1,2019-12-02 09:44:00-05:00,2019-12-02 09:49:00-05:00,STOP,8369.5,8359.480588781138,4.675725235469194,7.013587853203791,8359.480588781138,-4.675725235469194,-1.0,rb,1,1,RB2-028007,8356.0,8359.75,NQZ9
EP-65499,EP-65499-ENTRY_ON_TAP,ENTRY_ON_TAP,1,2019-12-03 09:33:00-05:00,2019-12-03 09:33:00-05:00,TARGET,8197.5,8186.290936081529,5.230896495286553,7.846344742929829,8205.34634474293,3.6616275467007293,0.7000000000000273,rb,1,1,RB2-028518,8185.25,8196.25,NQZ9
EP-65502,EP-65502-ENTRY_ON_NEW_FVG,ENTRY_ON_NEW_FVG,1,2019-12-03 09:44:00-05:00,2019-12-03 09:48:00-05:00,STOP,8205.0,8190.173001617549,6.919265911810421,10.378898867715632,8190.173001617549,-6.919265911810421,-1.0,rb,5,1,RB2-049982,8185.25,8212.5,NQZ9
EP-65519,EP-65519-ENTRY_ON_FIRST_CLOSE_OUTSIDE,ENTRY_ON_FIRST_CLOSE_OUTSIDE,1,2019-12-03 09:55:00-05:00,2019-12-03 09:59:00-05:00,TARGET,8189.5,8171.815826685851,8.252614213269661,12.378921319904492,8201.878921319905,5.776829949288813,0.7000000000000061,rb,1,1,RB2-028527,8180.0,8182.75,NQZ9
EP-65517,EP-65517-ENTRY_ON_DELAYED_DISPLACEMENT,ENTRY_ON_DELAYED_DISPLACEMENT,1,2019-12-03 10:00:00-05:00,2019-12-03 10:10:00-05:00,STOP,8202.25,8184.044249526661,8.496016887558515,12.744025331337772,8184.044249526661,-8.496016887558515,-1.0,rb,3,3,RB2-042245,8168.25,8177.75,NQZ9
EP-65535,EP-65535-ENTRY_ON_NEW_FVG,ENTRY_ON_NEW_FVG,1,2019-12-03 10:17:00-05:00,2019-12-03 10:19:00-05:00,TARGET,8206.25,8189.3684819099335,7.878041775364523,11.817062663046785,8218.067062663047,5.514629242755279,0.7000000000000143,rb,5,1,RB2-049985,8179.25,8189.5,NQZ9
EP-67732,EP-67732-ENTRY_ON_TAP,ENTRY_ON_TAP,1,2019-12-05 10:25:00-05:00,2019-12-05 10:32:00-05:00,TARGET,8288.75,8278.625995524526,4.724535421887695,7.086803132831543,8295.836803132832,3.3071747953212447,0.69999999999997,rb,3,1,RB2-042566,8282.5,8286.5,NQZ9
EP-68744,EP-68744-ENTRY_ON_FIRST_CLOSE_OUTSIDE,ENTRY_ON_FIRST_CLOSE_OUTSIDE,1,2019-12-06 09:39:00-05:00,2019-12-06 09:41:00-05:00,TARGET,8375.75,8367.06437769329,4.053290409797489,6.079935614696233,8381.829935614696,2.837303286857958,0.6999999999999299,rb,1,1,RB2-029967,8370.5,8373.75,NQZ9
EP-69799,EP-69799-ENTRY_ON_FIRST_CLOSE_OUTSIDE,ENTRY_ON_FIRST_CLOSE_OUTSIDE,-1,2019-12-09 09:34:00-05:00,2019-12-09 09:35:00-05:00,STOP,8395.0,8399.086165015191,1.906877007088742,2.860315510633113,8399.086165015191,-1.906877007088742,-1.0,rb,5,1,RB2-050408,8397.0,8397.5,NQZ9
EP-69815,EP-69815-ENTRY_ON_TAP,ENTRY_ON_TAP,1,2019-12-09 09:56:00-05:00,2019-12-09 10:24:00-05:00,STOP,8421.0,8414.446324645693,3.0583818320102942,4.587572748015441,8414.446324645693,-3.0583818320102942,-1.0,rb,5,1,RB2-050424,8419.5,8422.75,NQZ9
EP-69876,EP-69876-ENTRY_ON_TAP,ENTRY_ON_TAP,1,2019-12-09 11:07:00-05:00,2019-12-09 11:17:00-05:00,STOP,8405.0,8399.38188570446,2.621786671252036,3.932680006878054,8399.38188570446,-2.621786671252036,-1.0,rb,3,1,RB2-042905,8404.25,8405.25,NQZ9
EP-72170,EP-72170-ENTRY_ON_MINIMAL_WICK_REJECTION,ENTRY_ON_MINIMAL_WICK_REJECTION,-1,2019-12-11 10:29:00-05:00,2019-12-11 10:31:00-05:00,TARGET,8387.5,8392.93856525353,2.537997118313799,3.806995677470699,8383.69300432253,1.776597982819746,0.7000000000000342,rb,1,1,RB2-031442,8388.25,8389.0,NQZ9
EP-00455,EP-00455-ENTRY_ON_DELAYED_DISPLACEMENT,ENTRY_ON_DELAYED_DISPLACEMENT,-1,2019-12-12 11:28:00-05:00,2019-12-12 11:30:00-05:00,TARGET,8467.25,8475.848126716804,4.012459134508465,6.018688701762697,8461.231311298237,2.808721394155723,0.6999999999999496,rb,1,1,RB2-000195,8475.75,8477.75,NQH0
EP-00464,EP-00464-ENTRY_ON_FIRST_CLOSE_OUTSIDE,ENTRY_ON_FIRST_CLOSE_OUTSIDE,-1,2019-12-12 11:41:00-05:00,2019-12-12 11:55:00-05:00,TARGET,8460.75,8469.955686407038,4.295986989951342,6.443980484927014,8454.306019515074,3.007190892966058,0.7000000000000276,rb,5,1,RB2-006933,8462.0,8471.75,NQH0
EP-01511,EP-01511-ENTRY_ON_TAP,ENTRY_ON_TAP,1,2019-12-13 09:42:00-05:00,2019-12-13 09:52:00-05:00,TARGET,8489.25,8472.039459043937,8.031585779495714,12.047378669243571,8501.297378669244,5.622110045646855,0.699999999999982,rb,3,3,RB2-005151,8478.5,8487.5,NQH0
EP-01580,EP-01580-ENTRY_ON_TAP,ENTRY_ON_TAP,1,2019-12-13 10:37:00-05:00,2019-12-13 10:46:00-05:00,TARGET,8508.75,8488.304495821412,9.541235283340633,14.31185292501095,8523.061852925011,6.678864698338229,0.6999999999999775,rb,3,1,RB2-005160,8506.5,8511.0,NQH0
EP-02560,EP-02560-ENTRY_ON_TAP,ENTRY_ON_TAP,-1,2019-12-16 09:37:00-05:00,2019-12-16 09:38:00-05:00,STOP,8584.25,8589.678103463666,2.5331149497108587,3.799672424566288,8589.678103463666,-2.5331149497108587,-1.0,rb,1,1,RB2-001109,8584.75,8588.25,NQH0
EP-02570,EP-02570-ENTRY_ON_NEW_FVG,ENTRY_ON_NEW_FVG,-1,2019-12-16 09:56:00-05:00,2019-12-16 10:12:00-05:00,STOP,8596.5,8603.706469337814,3.3630190243137332,5.0445285364706,8603.706469337814,-3.3630190243137332,-1.0,rb,5,1,RB2-007156,8598.75,8604.0,NQH0
EP-04692,EP-04692-ENTRY_ON_TAP,ENTRY_ON_TAP,-1,2019-12-18 09:37:00-05:00,2019-12-18 09:40:00-05:00,TARGET,8623.75,8627.688766153457,1.838090871613015,2.7571363074195228,8620.99286369258,1.2866636101290891,0.6999999999999883,rb,3,1,RB2-005673,8623.5,8626.75,NQH0
EP-04700,EP-04700-ENTRY_ON_TAP,ENTRY_ON_TAP,1,2019-12-18 09:48:00-05:00,2019-12-18 09:48:00-05:00,STOP,8621.25,8616.19192215584,2.360436327274674,3.540654490912011,8616.19192215584,-2.360436327274674,-1.0,rb,5,1,RB2-007364,8618.75,8622.25,NQH0
EP-04729,EP-04729-ENTRY_ON_FIRST_CLOSE_OUTSIDE,ENTRY_ON_FIRST_CLOSE_OUTSIDE,1,2019-12-18 10:20:00-05:00,2019-12-18 10:41:00-05:00,TARGET,8620.5,8614.98027950424,2.5758695646882046,3.863804347032307,8624.363804347033,1.8031086952817756,0.7000000000000126,rb,5,5,RB2-007366,8611.25,8613.25,NQH0
EP-05746,EP-05746-ENTRY_ON_FIRST_CLOSE_OUTSIDE,ENTRY_ON_FIRST_CLOSE_OUTSIDE,-1,2019-12-19 09:36:00-05:00,2019-12-19 09:36:00-05:00,TARGET,8632.25,8636.49411791653,1.9805883610480113,2.970882541572017,8629.279117458427,1.3864118527338407,0.7000000000001175,rb,1,1,RB2-002400,8633.75,8636.25,NQH0
EP-05748,EP-05748-ENTRY_ON_TAP,ENTRY_ON_TAP,-1,2019-12-19 09:36:00-05:00,2019-12-19 09:36:00-05:00,TARGET,8632.25,8636.49411791653,1.9805883610480113,2.970882541572017,8629.279117458427,1.3864118527338407,0.7000000000001175,rb,5,1,RB2-007468,8632.25,8636.25,NQH0
EP-06857,EP-06857-ENTRY_ON_TAP,ENTRY_ON_TAP,-1,2019-12-20 10:04:00-05:00,2019-12-20 10:14:00-05:00,TARGET,8696.25,8704.714236399404,3.9499769863888643,5.924965479583296,8690.325034520416,2.764983890472306,0.7000000000000256,rb,5,1,RB2-007588,8693.75,8697.75,NQH0
EP-08699,EP-08699-ENTRY_ON_FIRST_CLOSE_OUTSIDE,ENTRY_ON_FIRST_CLOSE_OUTSIDE,-1,2019-12-24 09:41:00-05:00,2019-12-24 09:42:00-05:00,TARGET,8721.25,8725.579921176619,2.0206298824221376,3.0309448236332064,8718.219055176367,1.4144409176954913,0.6999999999999975,rb,3,1,RB2-006336,8722.75,8725.25,NQH0
EP-08703,EP-08703-ENTRY_ON_TAP,ENTRY_ON_TAP,-1,2019-12-24 09:44:00-05:00,2019-12-24 09:44:00-05:00,TARGET,8719.75,8724.333217661742,2.138834908812945,3.2082523632194175,8716.54174763678,1.4971844361689683,0.6999999999999564,rb,1,1,RB2-003560,8720.0,8721.25,NQH0
EP-08712,EP-08712-ENTRY_ON_DELAYED_DISPLACEMENT,ENTRY_ON_DELAYED_DISPLACEMENT,1,2019-12-24 09:56:00-05:00,2019-12-24 09:59:00-05:00,TARGET,8712.75,8707.522318390096,2.4395847512888134,3.65937712693322,8716.409377126933,1.7077093259024267,0.7000000000001055,rb,3,1,RB2-006339,8707.0,8708.5,NQH0
EP-10493,EP-10493-ENTRY_ON_TAP,ENTRY_ON_TAP,1,2019-12-27 09:33:00-05:00,2019-12-27 09:33:00-05:00,TARGET,8827.0,8822.473390988434,2.1124175387309743,3.1686263080964614,8830.168626308096,1.4786922771119357,0.7000000000001201,rb,1,1,RB2-004232,8824.0,8827.0,NQH0
EP-04403,EP-04403-ENTRY_ON_TAP,ENTRY_ON_TAP,1,2020-01-07 09:38:00-05:00,2020-01-07 09:38:00-05:00,STOP,8868.25,8858.4140338278,4.590117547027143,6.885176320540714,8858.4140338278,-4.590117547027143,-1.0,rb,1,1,RB2-001921,8867.75,8873.75,NQH0
EP-04452,EP-04452-ENTRY_ON_TAP,ENTRY_ON_TAP,1,2020-01-07 10:33:00-05:00,2020-01-07 10:37:00-05:00,TARGET,8851.0,8837.43992746786,6.328033848332445,9.492050772498667,8860.492050772498,4.429623693832986,0.7000000000000434,rb,3,3,RB2-027454,8839.0,8846.75,NQH0
EP-05708,EP-05708-ENTRY_ON_TAP,ENTRY_ON_TAP,1,2020-01-08 11:32:00-05:00,2020-01-08 11:34:00-05:00,TARGET,8886.0,8873.964792745826,5.616430051948048,8.424645077922072,8894.424645077923,3.9315010363638727,0.7000000000000426,rb,5,1,RB2-036853,8873.0,8882.75,NQH0
EP-06775,EP-06775-ENTRY_ON_FIRST_CLOSE_OUTSIDE,ENTRY_ON_FIRST_CLOSE_OUTSIDE,-1,2020-01-09 09:35:00-05:00,2020-01-09 09:35:00-05:00,TARGET,9012.75,9019.842993910488,3.310063824894674,4.965095737342011,9007.784904262659,2.3170446774264386,0.7000000000000505,rb,3,1,RB2-027834,9013.75,9017.0,NQH0
EP-06775,EP-06775-ENTRY_ON_MINIMAL_WICK_REJECTION,ENTRY_ON_MINIMAL_WICK_REJECTION,-1,2020-01-09 09:35:00-05:00,2020-01-09 09:35:00-05:00,TARGET,9012.75,9019.842993910488,3.310063824894674,4.965095737342011,9007.784904262659,2.3170446774264386,0.7000000000000505,rb,3,1,RB2-027834,9013.75,9017.0,NQH0
EP-06775,EP-06775-ENTRY_ON_STRONG_REJECTION,ENTRY_ON_STRONG_REJECTION,-1,2020-01-09 09:35:00-05:00,2020-01-09 09:35:00-05:00,TARGET,9012.75,9019.842993910488,3.310063824894674,4.965095737342011,9007.784904262659,2.3170446774264386,0.7000000000000505,rb,3,1,RB2-027834,9013.75,9017.0,NQH0
EP-06777,EP-06777-ENTRY_ON_TAP,ENTRY_ON_TAP,-1,2020-01-09 09:35:00-05:00,2020-01-09 09:35:00-05:00,TARGET,9012.75,9019.842993910488,3.310063824894674,4.965095737342011,9007.784904262659,2.3170446774264386,0.7000000000000505,rb,1,1,RB2-002988,9014.75,9017.75,NQH0
EP-06795,EP-06795-ENTRY_ON_TAP,ENTRY_ON_TAP,-1,2020-01-09 09:55:00-05:00,2020-01-09 09:56:00-05:00,TARGET,9010.75,9022.38340536359,5.428922503008341,8.143383754512511,9002.606616245488,3.8002457521058752,0.7000000000000067,rb,1,1,RB2-002997,9011.75,9014.0,NQH0
EP-11462,EP-11462-ENTRY_ON_TAP,ENTRY_ON_TAP,-1,2020-01-15 09:37:00-05:00,2020-01-15 09:45:00-05:00,TARGET,9072.75,9082.255378212414,4.435843165793093,6.65376474868964,9066.09623525131,3.1050902160550433,0.6999999999999725,rb,3,1,RB2-028571,9075.25,9078.0,NQH0
EP-12678,EP-12678-ENTRY_ON_TAP,ENTRY_ON_TAP,1,2020-01-16 10:24:00-05:00,2020-01-16 10:53:00-05:00,STOP,9104.0,9094.826567820674,4.280935017019056,6.421402525528584,9094.826567820674,-4.280935017019056,-1.0,rb,1,1,RB2-005548,9099.75,9103.25,NQH0
EP-15632,EP-15632-ENTRY_ON_NEW_FVG,ENTRY_ON_NEW_FVG,1,2020-01-21 09:30:00-05:00,2020-01-21 09:30:00-05:00,TARGET,9153.75,9149.690265348045,1.894542837579177,2.8418142563687656,9156.59181425637,1.3261799863054513,0.7000000000000144,rb,5,5,RB2-037837,9140.5,9141.5,NQH0
EP-15649,EP-15649-ENTRY_ON_DELAYED_DISPLACEMENT,ENTRY_ON_DELAYED_DISPLACEMENT,1,2020-01-21 09:30:00-05:00,2020-01-21 09:30:00-05:00,TARGET,9153.75,9149.690265348045,1.894542837579177,2.8418142563687656,9156.59181425637,1.3261799863054513,0.7000000000000144,rb,5,5,RB2-037839,9143.75,9145.25,NQH0
EP-15649,EP-15649-ENTRY_ON_NEW_FVG,ENTRY_ON_NEW_FVG,1,2020-01-21 09:30:00-05:00,2020-01-21 09:30:00-05:00,TARGET,9153.75,9149.690265348045,1.894542837579177,2.8418142563687656,9156.59181425637,1.3261799863054513,0.7000000000000144,rb,5,5,RB2-037839,9143.75,9145.25,NQH0
EP-15653,EP-15653-ENTRY_ON_STRONG_REJECTION,ENTRY_ON_STRONG_REJECTION,1,2020-01-21 09:30:00-05:00,2020-01-21 09:30:00-05:00,TARGET,9153.75,9149.690265348045,1.894542837579177,2.8418142563687656,9156.59181425637,1.3261799863054513,0.7000000000000144,rb,3,1,RB2-029246,9146.25,9147.75,NQH0
EP-15654,EP-15654-ENTRY_ON_FIRST_CLOSE_OUTSIDE,ENTRY_ON_FIRST_CLOSE_OUTSIDE,1,2020-01-21 09:30:00-05:00,2020-01-21 09:30:00-05:00,TARGET,9153.75,9149.690265348045,1.894542837579177,2.8418142563687656,9156.59181425637,1.3261799863054513,0.7000000000000144,rb,3,3,RB2-029246,9146.25,9147.75,NQH0
EP-15654,EP-15654-ENTRY_ON_STRONG_REJECTION,ENTRY_ON_STRONG_REJECTION,1,2020-01-21 09:30:00-05:00,2020-01-21 09:30:00-05:00,TARGET,9153.75,9149.690265348045,1.894542837579177,2.8418142563687656,9156.59181425637,1.3261799863054513,0.7000000000000144,rb,3,3,RB2-029246,9146.25,9147.75,NQH0
EP-15661,EP-15661-ENTRY_ON_TAP,ENTRY_ON_TAP,-1,2020-01-21 09:35:00-05:00,2020-01-21 09:39:00-05:00,TARGET,9163.0,9169.19323690932,2.890177224348767,4.335265836523151,9158.664734163476,2.0231240570439892,0.6999999999999489,rb,1,1,RB2-006832,9167.75,9171.75,NQH0
EP-16777,EP-16777-ENTRY_ON_TAP,ENTRY_ON_TAP,-1,2020-01-22 09:33:00-05:00,2020-01-22 09:35:00-05:00,STOP,9220.0,9225.67426785634,2.6479916662923366,3.971987499438505,9225.67426785634,-2.6479916662923366,-1.0,rb,3,3,RB2-029430,9223.5,9226.75,NQH0
EP-16818,EP-16818-ENTRY_ON_FIRST_CLOSE_OUTSIDE,ENTRY_ON_FIRST_CLOSE_OUTSIDE,-1,2020-01-22 10:12:00-05:00,2020-01-22 10:26:00-05:00,STOP,9232.75,9240.882683152986,3.795252138059787,5.69287820708968,9240.882683152986,-3.795252138059787,-1.0,rb,1,1,RB2-007348,9233.25,9235.0,NQH0
EP-18008,EP-18008-ENTRY_ON_TAP,ENTRY_ON_TAP,-1,2020-01-23 09:39:00-05:00,2020-01-23 09:43:00-05:00,TARGET,9167.5,9178.956880691376,5.346544322641846,8.019816483962769,9159.480183516038,3.742581025849166,0.6999999999999763,rb,1,1,RB2-007869,9167.0,9172.25,NQH0
EP-19177,EP-19177-ENTRY_ON_FIRST_CLOSE_OUTSIDE,ENTRY_ON_FIRST_CLOSE_OUTSIDE,1,2020-01-24 10:12:00-05:00,2020-01-24 10:18:00-05:00,STOP,9260.75,9249.866388267088,5.079018808692123,7.618528213038184,9249.866388267088,-5.079018808692123,-1.0,rb,5,1,RB2-038165,9254.0,9257.75,NQH0
EP-19218,EP-19218-ENTRY_ON_DELAYED_DISPLACEMENT,ENTRY_ON_DELAYED_DISPLACEMENT,1,2020-01-24 11:09:00-05:00,2020-01-24 11:18:00-05:00,STOP,9254.75,9245.413247958586,4.357150952659844,6.535726428989767,9245.413247958586,-4.357150952659844,-1.0,rb,3,3,RB2-029827,9239.0,9242.5,NQH0
EP-22884,EP-22884-ENTRY_ON_TAP,ENTRY_ON_TAP,1,2020-01-29 10:22:00-05:00,2020-01-29 10:40:00-05:00,TARGET,9094.5,9079.716147720672,6.8991310636864664,10.348696595529699,9104.848696595529,4.82939174458053,0.7000000000000005,rb,3,1,RB2-030410,9081.5,9088.5,NQH0
EP-27850,EP-27850-ENTRY_ON_FIRST_CLOSE_OUTSIDE,ENTRY_ON_FIRST_CLOSE_OUTSIDE,1,2020-02-04 09:36:00-05:00,2020-02-04 09:38:00-05:00,STOP,9246.0,9233.750371649434,5.71649323026386,8.57473984539579,9233.750371649434,-5.71649323026386,-1.0,rb,3,3,RB2-031190,9238.25,9241.75,NQH0
EP-30402,EP-30402-ENTRY_ON_FIRST_CLOSE_OUTSIDE,ENTRY_ON_FIRST_CLOSE_OUTSIDE,1,2020-02-06 09:34:00-05:00,2020-02-06 09:37:00-05:00,STOP,9385.5,9372.358597263616,6.132654610312598,9.198981915468897,9372.358597263616,-6.132654610312598,-1.0,rb,1,1,RB2-013376,9376.5,9384.0,NQH0
EP-31617,EP-31617-ENTRY_ON_TAP,ENTRY_ON_TAP,-1,2020-02-07 09:46:00-05:00,2020-02-07 09:50:00-05:00,STOP,9393.75,9410.842109335174,7.976317689747401,11.964476534621102,9410.842109335174,-7.976317689747401,-1.0,rb,3,1,RB2-031791,9396.0,9407.0,NQH0
EP-32852,EP-32852-ENTRY_ON_FIRST_CLOSE_OUTSIDE,ENTRY_ON_FIRST_CLOSE_OUTSIDE,-1,2020-02-10 09:30:00-05:00,2020-02-10 09:30:00-05:00,STOP,9380.25,9387.76859661265,3.508678419236425,5.263017628854637,9387.76859661265,-3.508678419236425,-1.0,rb,5,5,RB2-039495,9390.75,9393.75,NQH0
EP-32852,EP-32852-ENTRY_ON_DELAYED_DISPLACEMENT,ENTRY_ON_DELAYED_DISPLACEMENT,-1,2020-02-10 09:30:00-05:00,2020-02-10 09:30:00-05:00,STOP,9380.25,9387.76859661265,3.508678419236425,5.263017628854637,9387.76859661265,-3.508678419236425,-1.0,rb,5,5,RB2-039495,9390.75,9393.75,NQH0
EP-32859,EP-32859-ENTRY_ON_FIRST_CLOSE_OUTSIDE,ENTRY_ON_FIRST_CLOSE_OUTSIDE,-1,2020-02-10 09:30:00-05:00,2020-02-10 09:30:00-05:00,STOP,9380.25,9387.76859661265,3.508678419236425,5.263017628854637,9387.76859661265,-3.508678419236425,-1.0,rb,5,5,RB2-039496,9384.5,9388.25,NQH0
EP-32859,EP-32859-ENTRY_ON_MINIMAL_WICK_REJECTION,ENTRY_ON_MINIMAL_WICK_REJECTION,-1,2020-02-10 09:30:00-05:00,2020-02-10 09:30:00-05:00,STOP,9380.25,9387.76859661265,3.508678419236425,5.263017628854637,9387.76859661265,-3.508678419236425,-1.0,rb,5,5,RB2-039496,9384.5,9388.25,NQH0
EP-32859,EP-32859-ENTRY_ON_IMMEDIATE_DISPLACEMENT,ENTRY_ON_IMMEDIATE_DISPLACEMENT,-1,2020-02-10 09:30:00-05:00,2020-02-10 09:30:00-05:00,STOP,9380.25,9387.76859661265,3.508678419236425,5.263017628854637,9387.76859661265,-3.508678419236425,-1.0,rb,5,5,RB2-039496,9384.5,9388.25,NQH0
EP-32864,EP-32864-ENTRY_ON_STRONG_REJECTION,ENTRY_ON_STRONG_REJECTION,-1,2020-02-10 09:30:00-05:00,2020-02-10 09:30:00-05:00,STOP,9380.25,9387.76859661265,3.508678419236425,5.263017628854637,9387.76859661265,-3.508678419236425,-1.0,rb,1,1,RB2-014485,9387.5,9389.5,NQH0
EP-34213,EP-34213-ENTRY_ON_FIRST_CLOSE_OUTSIDE,ENTRY_ON_FIRST_CLOSE_OUTSIDE,-1,2020-02-11 11:46:00-05:00,2020-02-11 11:58:00-05:00,TARGET,9565.75,9577.976175194919,5.705548424295292,8.558322636442938,9557.191677363557,3.9938838970065182,0.6999999999999674,rb,1,1,RB2-015061,9573.0,9574.25,NQH0
EP-35264,EP-35264-ENTRY_ON_TAP,ENTRY_ON_TAP,-1,2020-02-12 09:39:00-05:00,2020-02-12 09:43:00-05:00,TARGET,9597.25,9605.390384452186,3.7988460776873234,5.698269116530986,9591.55173088347,2.659192254381336,0.7000000000000551,rb,3,3,RB2-032375,9596.0,9601.0,NQH0
EP-35290,EP-35290-ENTRY_ON_DELAYED_DISPLACEMENT,ENTRY_ON_DELAYED_DISPLACEMENT,1,2020-02-12 10:20:00-05:00,2020-02-12 10:55:00-05:00,STOP,9577.0,9563.631498968178,6.238633814850497,9.357950722275746,9577.0,-0.0,-0.0,rb,5,5,RB2-039753,9561.0,9571.0,NQH0
EP-37608,EP-37608-ENTRY_ON_TAP,ENTRY_ON_TAP,-1,2020-02-14 10:02:00-05:00,2020-02-14 10:03:00-05:00,TARGET,9616.5,9630.94637498508,6.741641659703999,10.112462489555998,9606.387537510444,4.719149161792739,0.699999999999991,rb,1,1,RB2-016570,9616.75,9619.75,NQH0
EP-39626,EP-39626-ENTRY_ON_FIRST_CLOSE_OUTSIDE,ENTRY_ON_FIRST_CLOSE_OUTSIDE,-1,2020-02-18 09:38:00-05:00,2020-02-18 09:38:00-05:00,STOP,9597.0,9607.510426169261,4.904865545655526,7.35729831848329,9607.510426169261,-4.904865545655526,-1.0,rb,3,1,RB2-033091,9609.25,9613.0,NQH0
EP-39626,EP-39626-ENTRY_ON_NEW_FVG,ENTRY_ON_NEW_FVG,-1,2020-02-18 09:38:00-05:00,2020-02-18 09:38:00-05:00,STOP,9597.0,9607.510426169261,4.904865545655526,7.35729831848329,9607.510426169261,-4.904865545655526,-1.0,rb,3,1,RB2-033091,9609.25,9613.0,NQH0
EP-39626,EP-39626-ENTRY_ON_NEW_IFVG,ENTRY_ON_NEW_IFVG,-1,2020-02-18 09:38:00-05:00,2020-02-18 09:38:00-05:00,STOP,9597.0,9607.510426169261,4.904865545655526,7.35729831848329,9607.510426169261,-4.904865545655526,-1.0,rb,3,1,RB2-033091,9609.25,9613.0,NQH0
EP-39627,EP-39627-ENTRY_ON_TAP,ENTRY_ON_TAP,-1,2020-02-18 09:39:00-05:00,2020-02-18 09:53:00-05:00,STOP,9605.0,9616.501063174113,5.367162814586546,8.05074422187982,9616.501063174113,-5.367162814586546,-1.0,rb,3,3,RB2-033091,9609.25,9613.0,NQH0
EP-40754,EP-40754-ENTRY_ON_FIRST_CLOSE_OUTSIDE,ENTRY_ON_FIRST_CLOSE_OUTSIDE,-1,2020-02-19 09:38:00-05:00,2020-02-19 09:40:00-05:00,STOP,9697.75,9707.93241347356,4.75179295432828,7.127689431492421,9707.93241347356,-4.75179295432828,-1.0,rb,1,1,RB2-017989,9702.0,9706.0,NQH0
EP-40789,EP-40789-ENTRY_ON_FIRST_CLOSE_OUTSIDE,ENTRY_ON_FIRST_CLOSE_OUTSIDE,-1,2020-02-19 10:14:00-05:00,2020-02-19 10:16:00-05:00,STOP,9706.5,9715.680362350251,4.284169096783752,6.426253645175628,9715.680362350251,-4.284169096783752,-1.0,rb,3,1,RB2-033283,9711.75,9713.5,NQH0
EP-43236,EP-43236-ENTRY_ON_FIRST_CLOSE_OUTSIDE,ENTRY_ON_FIRST_CLOSE_OUTSIDE,1,2020-02-21 09:54:00-05:00,2020-02-21 09:57:00-05:00,TARGET,9506.75,9483.09990233476,11.036712243779093,16.55506836566864,9523.30506836567,7.725698570645488,0.7000000000000112,rb,3,1,RB2-033674,9481.75,9503.5,NQH0
EP-43257,EP-43257-ENTRY_ON_NEW_FVG,ENTRY_ON_NEW_FVG,1,2020-02-21 10:23:00-05:00,2020-02-21 10:34:00-05:00,STOP,9522.0,9498.45850822501,10.986029494995075,16.479044242492613,9498.45850822501,-10.986029494995075,-1.0,rb,1,1,RB2-019115,9492.5,9494.5,NQH0
EP-50456,EP-50456-ENTRY_ON_FIRST_CLOSE_OUTSIDE,ENTRY_ON_FIRST_CLOSE_OUTSIDE,-1,2020-03-02 09:54:00-05:00,2020-03-02 09:59:00-05:00,TARGET,8552.0,8603.390381091176,23.982177842549156,35.97326676382373,8516.026733236176,16.787524489784627,0.7000000000000091,rb,3,3,RB2-034829,8556.5,8582.25,NQH0
EP-56103,EP-56103-ENTRY_ON_TAP,ENTRY_ON_TAP,1,2020-03-09 10:05:00-04:00,2020-03-09 10:05:00-04:00,TARGET,8028.75,7969.500449213841,27.649790366873937,41.47468555031091,8070.224685550311,19.35485325681171,0.6999999999999984,rb,3,1,RB2-035753,8011.25,8030.25,NQH0
EP-56125,EP-56125-ENTRY_ON_FIRST_CLOSE_OUTSIDE,ENTRY_ON_FIRST_CLOSE_OUTSIDE,-1,2020-03-09 10:26:00-04:00,2020-03-09 10:33:00-04:00,STOP,8069.5,8133.635933689172,29.93010238828006,44.895153582420086,8133.635933689172,-29.93010238828006,-1.0,rb,1,1,RB2-025174,8104.25,8126.75,NQH0
EP-58733,EP-58733-ENTRY_ON_TAP,ENTRY_ON_TAP,-1,2020-03-11 09:46:00-04:00,2020-03-11 09:47:00-04:00,TARGET,8171.25,8210.367378817968,18.254776781718107,27.38216517257716,8143.8678348274225,12.778343747202593,0.6999999999999955,rb,3,1,RB2-036164,8156.5,8180.0,NQH0
EP-00324,EP-00324-ENTRY_ON_TAP,ENTRY_ON_TAP,-1,2020-03-12 09:56:00-04:00,2020-03-12 09:57:00-04:00,STOP,7440.0,7484.786002303514,20.900134408306183,31.350201612459273,7484.786002303514,-20.900134408306183,-1.0,rb,5,1,RB2-048629,7442.75,7455.0,NQM0
EP-00337,EP-00337-ENTRY_ON_TAP,ENTRY_ON_TAP,-1,2020-03-12 10:04:00-04:00,2020-03-12 10:12:00-04:00,STOP,7472.0,7529.7598705759565,26.954606268779546,40.43190940316932,7529.7598705759565,-26.954606268779546,-1.0,rb,1,1,RB2-000146,7493.75,7520.75,NQM0
EP-01420,EP-01420-ENTRY_ON_TAP,ENTRY_ON_TAP,-1,2020-03-13 09:33:00-04:00,2020-03-13 09:33:00-04:00,TARGET,7681.0,7699.326570813624,8.552399713024743,12.828599569537115,7668.171400430463,5.986679799117424,0.7000000000000122,rb,1,1,RB2-000658,7711.75,7723.0,NQM0
EP-01492,EP-01492-ENTRY_ON_DELAYED_DISPLACEMENT,ENTRY_ON_DELAYED_DISPLACEMENT,-1,2020-03-13 10:29:00-04:00,2020-03-13 10:38:00-04:00,TARGET,7575.75,7635.899142234886,28.069599709613716,42.104399564420575,7533.64560043558,19.648719796729676,0.7000000000000026,rb,5,1,RB2-048755,7599.5,7629.25,NQM0
EP-01907,EP-01907-ENTRY_ON_TAP,ENTRY_ON_TAP,1,2020-03-16 09:48:00-04:00,2020-03-16 09:49:00-04:00,TARGET,7077.0,7030.460907591919,21.718243123771312,32.57736468565697,7109.577364685657,15.20277018663999,0.7000000000000033,rb,1,1,RB2-000857,7044.75,7059.0,NQM0
EP-01907,EP-01907-ENTRY_ON_FIRST_CLOSE_OUTSIDE,ENTRY_ON_FIRST_CLOSE_OUTSIDE,1,2020-03-16 09:49:00-04:00,2020-03-16 09:50:00-04:00,TARGET,7100.0,7052.342000727969,22.24039966028084,33.36059949042126,7133.360599490421,15.568279762196449,0.6999999999999937,rb,1,1,RB2-000857,7044.75,7059.0,NQM0
EP-01907,EP-01907-ENTRY_ON_NEW_FVG,ENTRY_ON_NEW_FVG,1,2020-03-16 09:50:00-04:00,2020-03-16 09:52:00-04:00,TARGET,7109.75,7062.001857840494,22.282466341102474,33.42369951165371,7143.1736995116535,15.59772643877159,0.6999999999999936,rb,1,1,RB2-000857,7044.75,7059.0,NQM0
EP-01908,EP-01908-ENTRY_ON_FIRST_CLOSE_OUTSIDE,ENTRY_ON_FIRST_CLOSE_OUTSIDE,1,2020-03-16 09:52:00-04:00,2020-03-16 09:53:00-04:00,TARGET,7139.5,7089.75139622603,23.21601509451946,34.82402264177919,7174.324022641779,16.251210566163714,0.700000000000004,rb,5,1,RB2-048798,7044.75,7109.25,NQM0
EP-01912,EP-01912-ENTRY_ON_TAP,ENTRY_ON_TAP,1,2020-03-16 09:53:00-04:00,2020-03-16 09:53:00-04:00,TARGET,7138.0,7088.226040430897,23.227847798914485,34.84177169837173,7172.841771698371,16.25949345924004,0.6999999999999957,rb,1,1,RB2-000862,7121.0,7125.25,NQM0
EP-01913,EP-01913-ENTRY_ON_NEW_FVG,ENTRY_ON_NEW_FVG,-1,2020-03-16 10:04:00-04:00,2020-03-16 10:08:00-04:00,STOP,7189.75,7248.794251407455,27.553983990145777,41.330975985218664,7248.794251407455,-27.553983990145777,-1.0,rb,1,1,RB2-000863,7260.5,7273.0,NQM0
EP-01941,EP-01941-ENTRY_ON_TAP,ENTRY_ON_TAP,1,2020-03-16 10:21:00-04:00,2020-03-16 10:22:00-04:00,TARGET,7198.25,7133.268931208892,30.324498769183627,45.48674815377544,7243.736748153776,21.22714913842858,0.7000000000000013,rb,5,1,RB2-048801,7183.25,7195.0,NQM0
EP-01935,EP-01935-ENTRY_ON_FIRST_CLOSE_OUTSIDE,ENTRY_ON_FIRST_CLOSE_OUTSIDE,1,2020-03-16 10:24:00-04:00,2020-03-16 10:27:00-04:00,TARGET,7242.75,7179.0157836488315,29.742634297211893,44.61395144581784,7287.363951445818,20.819844008048285,0.6999999999999986,rb,3,3,RB2-036400,7153.5,7202.75,NQM0
EP-03648,EP-03648-ENTRY_ON_FIRST_CLOSE_OUTSIDE,ENTRY_ON_FIRST_CLOSE_OUTSIDE,1,2020-03-18 09:37:00-04:00,2020-03-18 09:37:00-04:00,TARGET,7099.0,7062.5438070791515,17.012890029729466,25.5193350445942,7124.519335044594,11.90902302081075,0.7000000000000073,rb,1,1,RB2-001641,7058.5,7092.0,NQM0
EP-03648,EP-03648-ENTRY_ON_MINIMAL_WICK_REJECTION,ENTRY_ON_MINIMAL_WICK_REJECTION,1,2020-03-18 09:37:00-04:00,2020-03-18 09:37:00-04:00,TARGET,7099.0,7062.5438070791515,17.012890029729466,25.5193350445942,7124.519335044594,11.90902302081075,0.7000000000000073,rb,1,1,RB2-001641,7058.5,7092.0,NQM0
EP-03679,EP-03679-ENTRY_ON_TAP,ENTRY_ON_TAP,-1,2020-03-18 10:18:00-04:00,2020-03-18 10:21:00-04:00,TARGET,7249.75,7313.6485088921745,29.819304149681493,44.728956224522236,7205.021043775478,20.873512904777083,0.7000000000000013,rb,3,3,RB2-036677,7252.75,7268.5,NQM0
EP-06127,EP-06127-ENTRY_ON_TAP,ENTRY_ON_TAP,1,2020-03-20 09:38:00-04:00,2020-03-20 09:40:00-04:00,STOP,7405.0,7355.054623983846,23.30784214087183,34.96176321130775,7355.054623983846,-23.30784214087183,-1.0,rb,3,1,RB2-037063,7401.0,7433.0,NQM0
EP-13533,EP-13533-ENTRY_ON_STRONG_REJECTION,ENTRY_ON_STRONG_REJECTION,-1,2020-03-30 09:37:00-04:00,2020-03-30 09:37:00-04:00,TARGET,7686.0,7714.769955995349,13.42597946449602,20.13896919674403,7665.861030803256,9.398185625147107,0.6999999999999921,rb,3,1,RB2-038235,7699.25,7712.5,NQM0
EP-16033,EP-16033-ENTRY_ON_TAP,ENTRY_ON_TAP,-1,2020-04-01 09:40:00-04:00,2020-04-01 09:45:00-04:00,TARGET,7609.75,7636.256087048999,12.369507289532649,18.554260934298973,7591.195739065701,8.658655102672775,0.6999999999999935,rb,1,1,RB2-007600,7623.75,7628.25,NQM0
EP-19862,EP-19862-ENTRY_ON_TAP,ENTRY_ON_TAP,1,2020-04-06 10:33:00-04:00,2020-04-06 10:35:00-04:00,TARGET,7848.0,7826.885442617191,9.853460111977569,14.780190167966353,7862.780190167967,6.897422078384347,0.700000000000005,rb,1,1,RB2-009469,7838.75,7840.75,NQM0
EP-21066,EP-21066-ENTRY_ON_TAP,ENTRY_ON_TAP,1,2020-04-07 10:03:00-04:00,2020-04-07 10:06:00-04:00,STOP,8237.5,8209.039266691116,13.28167554414565,19.922513316218474,8209.039266691116,-13.28167554414565,-1.0,rb,5,1,RB2-050726,8230.75,8237.5,NQM0
EP-31219,EP-31219-ENTRY_ON_NEW_FVG,ENTRY_ON_NEW_FVG,-1,2020-04-20 09:51:00-04:00,2020-04-20 09:52:00-04:00,TARGET,8757.5,8778.841768659584,9.959492041139132,14.939238061708698,8742.560761938292,6.971644428797352,0.699999999999996,rb,1,1,RB2-014839,8767.25,8777.75,NQM0
EP-32453,EP-32453-ENTRY_ON_FIRST_CLOSE_OUTSIDE,ENTRY_ON_FIRST_CLOSE_OUTSIDE,-1,2020-04-21 09:51:00-04:00,2020-04-21 09:56:00-04:00,STOP,8557.0,8584.318346260572,12.748561588267188,19.122842382400783,8584.318346260572,-12.748561588267188,-1.0,rb,1,1,RB2-015402,8568.75,8575.25,NQM0
EP-37432,EP-37432-ENTRY_ON_TAP,ENTRY_ON_TAP,1,2020-04-27 09:42:00-04:00,2020-04-27 09:42:00-04:00,TARGET,8832.0,8815.073792407697,7.898896876408399,11.848345314612597,8843.848345314613,5.5292278134859805,0.7000000000000128,rb,5,1,RB2-052398,8822.0,8832.25,NQM0
EP-37441,EP-37441-ENTRY_ON_FIRST_CLOSE_OUTSIDE,ENTRY_ON_FIRST_CLOSE_OUTSIDE,1,2020-04-27 09:52:00-04:00,2020-04-27 09:57:00-04:00,TARGET,8845.75,8826.809163660198,8.839056958573684,13.258585437860525,8859.008585437861,6.187339871001322,0.699999999999971,rb,1,1,RB2-017763,8838.5,8841.5,NQM0
EP-42285,EP-42285-ENTRY_ON_FIRST_CLOSE_OUTSIDE,ENTRY_ON_FIRST_CLOSE_OUTSIDE,1,2020-05-01 09:36:00-04:00,2020-05-01 09:38:00-04:00,STOP,8829.25,8812.300747474585,7.909651178526959,11.864476767790439,8812.300747474585,-7.909651178526959,-1.0,rb,3,3,RB2-042895,8780.5,8784.0,NQM0
EP-43582,EP-43582-ENTRY_ON_DELAYED_DISPLACEMENT,ENTRY_ON_DELAYED_DISPLACEMENT,-1,2020-05-04 10:32:00-04:00,2020-05-04 11:03:00-04:00,STOP,8736.75,8757.829657207207,9.837173363363496,14.755760045045243,8736.75,-0.0,-0.0,rb,3,1,RB2-043101,8742.0,8748.25,NQM0
EP-44822,EP-44822-ENTRY_ON_TAP,ENTRY_ON_TAP,-1,2020-05-05 09:35:00-04:00,2020-05-05 09:48:00-04:00,STOP,8930.5,8944.57561967834,6.568622516558501,9.852933774837751,8944.57561967834,-6.568622516558501,-1.0,rb,1,1,RB2-021190,8934.0,8942.5,NQM0
EP-47269,EP-47269-ENTRY_ON_FIRST_CLOSE_OUTSIDE,ENTRY_ON_FIRST_CLOSE_OUTSIDE,1,2020-05-07 09:38:00-04:00,2020-05-07 09:38:00-04:00,TARGET,9078.0,9058.884592166405,8.920523655677417,13.380785483516126,9091.380785483516,6.244366558974059,0.6999999999999851,rb,3,1,RB2-043649,9066.75,9067.75,NQM0
EP-47269,EP-47269-ENTRY_ON_MINIMAL_WICK_REJECTION,ENTRY_ON_MINIMAL_WICK_REJECTION,1,2020-05-07 09:38:00-04:00,2020-05-07 09:38:00-04:00,TARGET,9078.0,9058.884592166405,8.920523655677417,13.380785483516126,9091.380785483516,6.244366558974059,0.6999999999999851,rb,3,1,RB2-043649,9066.75,9067.75,NQM0
EP-47269,EP-47269-ENTRY_ON_IMMEDIATE_DISPLACEMENT,ENTRY_ON_IMMEDIATE_DISPLACEMENT,1,2020-05-07 09:38:00-04:00,2020-05-07 09:38:00-04:00,TARGET,9078.0,9058.884592166405,8.920523655677417,13.380785483516126,9091.380785483516,6.244366558974059,0.6999999999999851,rb,3,1,RB2-043649,9066.75,9067.75,NQM0
EP-47268,EP-47268-ENTRY_ON_STRONG_REJECTION,ENTRY_ON_STRONG_REJECTION,-1,2020-05-07 09:41:00-04:00,2020-05-07 09:43:00-04:00,STOP,9076.0,9096.089868755987,9.375272086127545,14.062908129191317,9096.089868755987,-9.375272086127545,-1.0,rb,1,1,RB2-022336,9092.0,9096.5,NQM0
EP-47277,EP-47277-ENTRY_ON_TAP,ENTRY_ON_TAP,1,2020-05-07 09:48:00-04:00,2020-05-07 09:56:00-04:00,TARGET,9077.25,9056.56013069215,9.655272343662562,14.482908515493843,9091.732908515494,6.758690640563508,0.6999999999999704,rb,3,3,RB2-043666,9073.0,9083.5,NQM0
EP-47375,EP-47375-ENTRY_ON_TAP,ENTRY_ON_TAP,1,2020-05-07 11:25:00-04:00,2020-05-07 11:33:00-04:00,TARGET,9069.25,9054.81111600583,6.7381458639454035,10.107218795918104,9079.357218795918,4.716702104761569,0.6999999999999683,rb,5,5,RB2-053391,9067.5,9072.0,NQM0
EP-48494,EP-48494-ENTRY_ON_MINIMAL_WICK_REJECTION,ENTRY_ON_MINIMAL_WICK_REJECTION,-1,2020-05-08 09:30:00-04:00,2020-05-08 09:30:00-04:00,TARGET,9158.5,9170.548613769228,5.622686425639644,8.434029638459467,9150.06597036154,3.93588049794775,0.6999999999999998,rb,1,1,RB2-022902,9161.0,9163.0,NQM0
EP-48494,EP-48494-ENTRY_ON_STRONG_REJECTION,ENTRY_ON_STRONG_REJECTION,-1,2020-05-08 09:30:00-04:00,2020-05-08 09:30:00-04:00,TARGET,9158.5,9170.548613769228,5.622686425639644,8.434029638459467,9150.06597036154,3.93588049794775,0.6999999999999998,rb,1,1,RB2-022902,9161.0,9163.0,NQM0
EP-48487,EP-48487-ENTRY_ON_DELAYED_DISPLACEMENT,ENTRY_ON_DELAYED_DISPLACEMENT,-1,2020-05-08 09:33:00-04:00,2020-05-08 09:33:00-04:00,TARGET,9140.25,9154.938775071421,6.8547616999969305,10.282142549995395,9129.967857450005,4.7983331899980675,0.7000000000000315,rb,3,3,RB2-043861,9172.5,9174.25,NQM0
EP-48502,EP-48502-ENTRY_ON_TAP,ENTRY_ON_TAP,-1,2020-05-08 09:33:00-04:00,2020-05-08 09:33:00-04:00,TARGET,9140.25,9154.938775071421,6.8547616999969305,10.282142549995395,9129.967857450005,4.7983331899980675,0.7000000000000315,rb,3,3,RB2-043864,9161.25,9165.0,NQM0
EP-51108,EP-51108-ENTRY_ON_FIRST_CLOSE_OUTSIDE,ENTRY_ON_FIRST_CLOSE_OUTSIDE,-1,2020-05-12 10:02:00-04:00,2020-05-12 10:08:00-04:00,TARGET,9272.25,9293.650570929476,9.986933100422027,14.98039965063304,9257.269600349367,6.990853170295314,0.6999999999999895,rb,1,1,RB2-024046,9275.5,9281.25,NQM0
EP-55012,EP-55012-ENTRY_ON_TAP,ENTRY_ON_TAP,-1,2020-05-15 09:39:00-04:00,2020-05-15 09:44:00-04:00,STOP,8983.75,9009.15554838718,11.85592258068408,17.78388387102612,9009.15554838718,-11.85592258068408,-1.0,rb,3,3,RB2-044894,8990.25,8997.25,NQM0
EP-59809,EP-59809-ENTRY_ON_FIRST_CLOSE_OUTSIDE,ENTRY_ON_FIRST_CLOSE_OUTSIDE,1,2020-05-21 09:53:00-04:00,2020-05-21 09:54:00-04:00,STOP,9484.75,9470.411999854969,6.691066734347908,10.036600101521863,9470.411999854969,-6.691066734347908,-1.0,rb,5,1,RB2-054647,9476.5,9483.0,NQM0
EP-63275,EP-63275-ENTRY_ON_TAP,ENTRY_ON_TAP,-1,2020-05-26 10:27:00-04:00,2020-05-26 10:35:00-04:00,TARGET,9518.25,9535.215778316751,7.917363214484366,11.876044821726548,9506.373955178273,5.54215425013935,0.7000000000000371,rb,3,3,RB2-046233,9525.5,9530.75,NQM0
EP-64495,EP-64495-ENTRY_ON_DELAYED_DISPLACEMENT,ENTRY_ON_DELAYED_DISPLACEMENT,-1,2020-05-27 09:45:00-04:00,2020-05-27 09:46:00-04:00,TARGET,9341.25,9366.00714998474,11.553336659545135,17.3300049893177,9323.919995010683,8.08733566168147,0.6999999999999892,rb,3,3,RB2-046440,9377.5,9385.25,NQM0
EP-68340,EP-68340-ENTRY_ON_TAP,ENTRY_ON_TAP,-1,2020-06-01 09:35:00-04:00,2020-06-01 09:36:00-04:00,TARGET,9537.75,9553.738782067969,7.461431631719021,11.192147447578531,9526.557852552422,5.223002142203516,0.7000000000000269,rb,5,5,RB2-055497,9547.25,9550.0,NQM0
EP-68348,EP-68348-ENTRY_ON_TAP,ENTRY_ON_TAP,-1,2020-06-01 09:41:00-04:00,2020-06-01 09:44:00-04:00,STOP,9533.75,9554.53024231009,9.69744641137481,14.546169617062214,9554.53024231009,-9.69744641137481,-1.0,rb,1,1,RB2-031884,9528.75,9539.25,NQM0
EP-69552,EP-69552-ENTRY_ON_TAP,ENTRY_ON_TAP,1,2020-06-02 10:41:00-04:00,2020-06-02 10:45:00-04:00,STOP,9579.0,9564.651713475434,6.695867044797047,10.04380056719557,9564.651713475434,-6.695867044797047,-1.0,rb,1,1,RB2-032438,9574.0,9578.5,NQM0
EP-70700,EP-70700-ENTRY_ON_MINIMAL_WICK_REJECTION,ENTRY_ON_MINIMAL_WICK_REJECTION,-1,2020-06-03 09:35:00-04:00,2020-06-03 09:36:00-04:00,TARGET,9681.0,9695.857208136744,6.933363797147392,10.400045695721087,9670.599954304278,4.853354658003376,0.700000000000029,rb,3,1,RB2-047427,9691.0,9692.0,NQM0
EP-70744,EP-70744-ENTRY_ON_FIRST_CLOSE_OUTSIDE,ENTRY_ON_FIRST_CLOSE_OUTSIDE,1,2020-06-03 10:15:00-04:00,2020-06-03 10:19:00-04:00,TARGET,9671.25,9652.041755463375,8.963847450425048,13.44577117563757,9684.695771175637,6.27469321529757,0.7000000000000041,rb,1,1,RB2-032980,9663.5,9667.75,NQM0
EP-71963,EP-71963-ENTRY_ON_DELAYED_DISPLACEMENT,ENTRY_ON_DELAYED_DISPLACEMENT,1,2020-06-04 10:18:00-04:00,2020-06-04 10:32:00-04:00,TARGET,9726.0,9709.900904400223,7.512911279895488,11.269366919843232,9737.269366919843,5.259037895926603,0.6999999999999683,rb,3,3,RB2-047666,9702.0,9706.5,NQM0
EP-00521,EP-00521-ENTRY_ON_DELAYED_DISPLACEMENT,ENTRY_ON_DELAYED_DISPLACEMENT,1,2020-06-11 09:44:00-04:00,2020-06-11 09:49:00-04:00,TARGET,9882.0,9859.001132681655,10.732804748560715,16.099207122841072,9898.099207122841,7.5129633239922295,0.6999999999999748,rb,5,1,RB2-049132,9862.75,9876.0,NQU0
EP-01782,EP-01782-ENTRY_ON_TAP,ENTRY_ON_TAP,1,2020-06-12 09:30:00-04:00,2020-06-12 09:30:00-04:00,STOP,9783.75,9771.416629939882,5.7555726947216455,8.633359042082468,9771.416629939882,-5.7555726947216455,-1.0,rb,1,1,RB2-000816,9778.0,9780.75,NQU0
EP-03063,EP-03063-ENTRY_ON_TAP,ENTRY_ON_TAP,-1,2020-06-15 09:48:00-04:00,2020-06-15 09:53:00-04:00,STOP,9507.5,9537.265107992042,13.890383729619048,20.835575594428573,9537.265107992042,-13.890383729619048,-1.0,rb,1,1,RB2-001396,9513.25,9522.5,NQU0
EP-04281,EP-04281-ENTRY_ON_TAP,ENTRY_ON_TAP,-1,2020-06-16 09:37:00-04:00,2020-06-16 09:37:00-04:00,TARGET,9961.75,9979.503787759118,8.285100954255208,12.427651431382813,9949.322348568618,5.799570667978584,0.6999999999999925,rb,3,1,RB2-036977,9957.25,9967.0,NQU0
EP-06718,EP-06718-ENTRY_ON_FIRST_CLOSE_OUTSIDE,ENTRY_ON_FIRST_CLOSE_OUTSIDE,-1,2020-06-18 10:04:00-04:00,2020-06-18 10:06:00-04:00,STOP,9963.5,9984.726806684506,9.905843119436424,14.858764679154636,9984.726806684506,-9.905843119436424,-1.0,rb,5,1,RB2-049770,9975.0,9980.5,NQU0
EP-06761,EP-06761-ENTRY_ON_FIRST_CLOSE_OUTSIDE,ENTRY_ON_FIRST_CLOSE_OUTSIDE,-1,2020-06-18 10:55:00-04:00,2020-06-18 10:57:00-04:00,STOP,9961.25,9982.467039406412,9.901285056325866,14.851927584488799,9982.467039406412,-9.901285056325866,-1.0,rb,5,5,RB2-049774,9965.0,9983.25,NQU0
EP-12873,EP-12873-ENTRY_ON_TAP,ENTRY_ON_TAP,-1,2020-06-25 10:11:00-04:00,2020-06-25 10:23:00-04:00,STOP,9963.5,9994.46517202631,14.45041361227836,21.67562041841754,9994.46517202631,-14.45041361227836,-1.0,rb,3,1,RB2-038342,9970.75,9982.75,NQU0
EP-17222,EP-17222-ENTRY_ON_TAP,ENTRY_ON_TAP,1,2020-07-01 09:40:00-04:00,2020-07-01 09:40:00-04:00,TARGET,10149.75,10130.409181287254,9.025715399281523,13.538573098922285,10163.288573098922,6.318000779497069,0.7000000000000003,rb,3,1,RB2-039075,10131.25,10145.25,NQU0
EP-17222,EP-17222-ENTRY_ON_FIRST_CLOSE_OUTSIDE,ENTRY_ON_FIRST_CLOSE_OUTSIDE,1,2020-07-01 09:41:00-04:00,2020-07-01 09:43:00-04:00,TARGET,10159.0,10139.103441590762,9.285060590978127,13.92759088646719,10172.927590886467,6.499542413684825,0.7000000000000147,rb,3,1,RB2-039075,10131.25,10145.25,NQU0
EP-18411,EP-18411-ENTRY_ON_FIRST_CLOSE_OUTSIDE,ENTRY_ON_FIRST_CLOSE_OUTSIDE,-1,2020-07-02 10:15:00-04:00,2020-07-02 10:17:00-04:00,STOP,10395.25,10413.055598466408,8.309279284323354,12.463918926485032,10413.055598466408,-8.309279284323354,-1.0,rb,3,3,RB2-039282,10413.5,10419.25,NQU0
EP-19562,EP-19562-ENTRY_ON_NEW_FVG,ENTRY_ON_NEW_FVG,1,2020-07-03 10:57:00-04:00,2020-07-03 11:11:00-04:00,TARGET,10329.25,10321.645429657794,3.5487994930296374,5.323199239544456,10334.573199239545,2.484159645120869,0.7000000000000347,rb,1,1,RB2-009097,10321.5,10322.75,NQU0
EP-20490,EP-20490-ENTRY_ON_TAP,ENTRY_ON_TAP,-1,2020-07-06 09:39:00-04:00,2020-07-06 09:39:00-04:00,TARGET,10488.5,10499.396803998181,5.085175199151341,7.627762798727012,10480.872237201273,3.5596226394060895,0.7000000000000296,rb,1,1,RB2-009397,10501.0,10503.75,NQU0
EP-20493,EP-20493-ENTRY_ON_FIRST_CLOSE_OUTSIDE,ENTRY_ON_FIRST_CLOSE_OUTSIDE,-1,2020-07-06 09:45:00-04:00,2020-07-06 09:55:00-04:00,STOP,10490.25,10503.642962858043,6.250049333753551,9.375074000630326,10503.642962858043,-6.250049333753551,-1.0,rb,3,3,RB2-039626,10491.5,10502.75,NQU0
EP-21734,EP-21734-ENTRY_ON_FIRST_CLOSE_OUTSIDE,ENTRY_ON_FIRST_CLOSE_OUTSIDE,-1,2020-07-07 09:38:00-04:00,2020-07-07 09:38:00-04:00,TARGET,10592.25,10606.020895864256,6.426418069986088,9.639627104979132,10582.61037289502,4.498492648990201,0.6999999999999905,rb,3,1,RB2-039817,10611.25,10617.5,NQU0
EP-21734,EP-21734-ENTRY_ON_IMMEDIATE_DISPLACEMENT,ENTRY_ON_IMMEDIATE_DISPLACEMENT,-1,2020-07-07 09:38:00-04:00,2020-07-07 09:38:00-04:00,TARGET,10592.25,10606.020895864256,6.426418069986088,9.639627104979132,10582.61037289502,4.498492648990201,0.6999999999999905,rb,3,1,RB2-039817,10611.25,10617.5,NQU0
EP-23056,EP-23056-ENTRY_ON_MINIMAL_WICK_REJECTION,ENTRY_ON_MINIMAL_WICK_REJECTION,1,2020-07-08 09:45:00-04:00,2020-07-08 09:47:00-04:00,TARGET,10607.0,10592.19644865335,6.9083239617698595,10.36248594265479,10617.362485942655,4.835826773239022,0.7000000000000175,rb,3,1,RB2-040026,10592.5,10597.75,NQU0
EP-24294,EP-24294-ENTRY_ON_FIRST_CLOSE_OUTSIDE,ENTRY_ON_FIRST_CLOSE_OUTSIDE,-1,2020-07-09 09:48:00-04:00,2020-07-09 09:48:00-04:00,TARGET,10705.75,10724.593857205122,8.793800029057266,13.190700043585899,10692.559299956414,6.1556600203403775,0.7000000000000332,rb,5,1,RB2-051545,10706.75,10721.75,NQU0
EP-24294,EP-24294-ENTRY_ON_MINIMAL_WICK_REJECTION,ENTRY_ON_MINIMAL_WICK_REJECTION,-1,2020-07-09 09:48:00-04:00,2020-07-09 09:48:00-04:00,TARGET,10705.75,10724.593857205122,8.793800029057266,13.190700043585899,10692.559299956414,6.1556600203403775,0.7000000000000332,rb,5,1,RB2-051545,10706.75,10721.75,NQU0
EP-24326,EP-24326-ENTRY_ON_TAP,ENTRY_ON_TAP,1,2020-07-09 10:16:00-04:00,2020-07-09 10:17:00-04:00,STOP,10706.25,10685.967851590902,9.465002590912142,14.197503886368214,10685.967851590902,-9.465002590912142,-1.0,rb,3,1,RB2-040215,10689.75,10705.75,NQU0
EP-24335,EP-24335-ENTRY_ON_TAP,ENTRY_ON_TAP,1,2020-07-09 10:22:00-04:00,2020-07-09 10:27:00-04:00,TARGET,10707.25,10684.730987516501,10.508872492299556,15.763308738449334,10723.01330873845,7.3562107446097205,0.700000000000003,rb,1,1,RB2-011262,10679.5,10686.0,NQU0
EP-24346,EP-24346-ENTRY_ON_TAP,ENTRY_ON_TAP,1,2020-07-09 10:29:00-04:00,2020-07-09 10:32:00-04:00,TARGET,10705.5,10682.427644996646,10.767099001565665,16.150648502348496,10721.65064850235,7.536969301096139,0.7000000000000162,rb,3,1,RB2-040220,10699.5,10708.0,NQU0
EP-25554,EP-25554-ENTRY_ON_TAP,ENTRY_ON_TAP,-1,2020-07-10 09:43:00-04:00,2020-07-10 09:52:00-04:00,TARGET,10681.0,10704.850478677638,11.13022338289722,16.69533507434583,10664.304664925654,7.791156368027855,0.6999999999999821,rb,3,1,RB2-040411,10690.5,10702.5,NQU0
EP-26778,EP-26778-ENTRY_ON_TAP,ENTRY_ON_TAP,-1,2020-07-13 10:22:00-04:00,2020-07-13 10:41:00-04:00,STOP,10985.5,11006.481610099667,9.791418046511502,14.687127069767254,11006.481610099667,-9.791418046511502,-1.0,rb,5,1,RB2-051796,10981.0,10987.25,NQU0
EP-29425,EP-29425-ENTRY_ON_TAP,ENTRY_ON_TAP,1,2020-07-15 09:49:00-04:00,2020-07-15 09:54:00-04:00,STOP,10739.25,10708.228560856916,14.476671600105595,21.71500740015839,10708.228560856916,-14.476671600105595,-1.0,rb,3,1,RB2-041028,10726.25,10738.75,NQU0
EP-29430,EP-29430-ENTRY_ON_TAP,ENTRY_ON_TAP,-1,2020-07-15 09:57:00-04:00,2020-07-15 10:22:00-04:00,STOP,10707.75,10741.062633114301,15.545895453340817,23.318843180011225,10741.062633114301,-15.545895453340817,-1.0,rb,1,1,RB2-013534,10729.5,10740.5,NQU0
EP-31957,EP-31957-ENTRY_ON_FIRST_CLOSE_OUTSIDE,ENTRY_ON_FIRST_CLOSE_OUTSIDE,1,2020-07-17 10:06:00-04:00,2020-07-17 10:19:00-04:00,STOP,10604.75,10580.22683955345,11.444141541722843,17.166212312584264,10580.22683955345,-11.444141541722843,-1.0,rb,3,3,RB2-041447,10585.25,10594.0,NQU0
EP-34337,EP-34337-ENTRY_ON_TAP,ENTRY_ON_TAP,-1,2020-07-21 09:34:00-04:00,2020-07-21 09:35:00-04:00,TARGET,10980.0,10996.296712521176,7.605132509882338,11.407698764823508,10968.592301235176,5.323592756917705,0.700000000000009,rb,1,1,RB2-015779,10986.5,10991.25,NQU0
EP-34353,EP-34353-ENTRY_ON_TAP,ENTRY_ON_TAP,-1,2020-07-21 09:49:00-04:00,2020-07-21 10:10:00-04:00,TARGET,10933.0,10961.185197988998,13.153092394865677,19.729638592298514,10913.270361407702,9.207164676405943,0.6999999999999977,rb,5,1,RB2-052564,10932.25,10941.0,NQU0
EP-35635,EP-35635-ENTRY_ON_FIRST_CLOSE_OUTSIDE,ENTRY_ON_FIRST_CLOSE_OUTSIDE,1,2020-07-22 09:43:00-04:00,2020-07-22 09:50:00-04:00,TARGET,10854.5,10830.41629963104,11.239060172180722,16.858590258271082,10871.35859025827,7.867342120526274,0.6999999999999794,rb,5,1,RB2-052684,10825.0,10850.5,NQU0
EP-38175,EP-38175-ENTRY_ON_FIRST_CLOSE_OUTSIDE,ENTRY_ON_FIRST_CLOSE_OUTSIDE,1,2020-07-24 10:00:00-04:00,2020-07-24 10:05:00-04:00,TARGET,10382.0,10345.355582889377,17.100727984957743,25.651091977436614,10407.651091977437,11.970509589470602,0.7000000000000106,rb,3,3,RB2-042475,10334.25,10345.5,NQU0
EP-39312,EP-39312-ENTRY_ON_TAP,ENTRY_ON_TAP,1,2020-07-27 09:33:00-04:00,2020-07-27 09:33:00-04:00,TARGET,10527.5,10514.16625111258,6.222416147463069,9.333624221194604,10536.833624221195,4.35569130322431,0.7000000000000259,rb,3,3,RB2-042618,10520.25,10521.5,NQU0
EP-39315,EP-39315-ENTRY_ON_TAP,ENTRY_ON_TAP,1,2020-07-27 09:33:00-04:00,2020-07-27 09:33:00-04:00,TARGET,10527.5,10514.16625111258,6.222416147463069,9.333624221194604,10536.833624221195,4.35569130322431,0.7000000000000259,rb,3,1,RB2-042618,10520.25,10521.5,NQU0
EP-40637,EP-40637-ENTRY_ON_MINIMAL_WICK_REJECTION,ENTRY_ON_MINIMAL_WICK_REJECTION,-1,2020-07-28 09:33:00-04:00,2020-07-28 09:33:00-04:00,TARGET,10606.25,10621.197399645655,6.975453167972252,10.463179751958378,10595.786820248042,4.882817217580678,0.7000000000000146,rb,3,3,RB2-042864,10632.75,10635.5,NQU0
EP-40655,EP-40655-ENTRY_ON_TAP,ENTRY_ON_TAP,1,2020-07-28 09:35:00-04:00,2020-07-28 09:35:00-04:00,TARGET,10612.0,10595.445815752018,7.725285982391183,11.587928973586774,10623.587928973588,5.4077001876736865,0.6999999999999816,rb,1,1,RB2-018639,10595.5,10601.75,NQU0
EP-40655,EP-40655-ENTRY_ON_DELAYED_DISPLACEMENT,ENTRY_ON_DELAYED_DISPLACEMENT,1,2020-07-28 09:37:00-04:00,2020-07-28 09:37:00-04:00,STOP,10617.5,10598.990229595665,8.637892855355792,12.956839283033688,10598.990229595665,-8.637892855355792,-1.0,rb,1,1,RB2-018639,10595.5,10601.75,NQU0
EP-40659,EP-40659-ENTRY_ON_FIRST_CLOSE_OUTSIDE,ENTRY_ON_FIRST_CLOSE_OUTSIDE,1,2020-07-28 09:45:00-04:00,2020-07-28 09:46:00-04:00,TARGET,10613.0,10590.980866495553,10.275595635408479,15.413393453112718,10628.413393453113,7.1929169447857255,0.6999999999999796,rb,3,3,RB2-042868,10579.0,10590.75,NQU0
EP-44378,EP-44378-ENTRY_ON_TAP,ENTRY_ON_TAP,-1,2020-07-31 09:52:00-04:00,2020-07-31 09:54:00-04:00,TARGET,10824.25,10854.54574818969,14.138015821855554,21.20702373278333,10803.042976267217,9.896611075298999,0.700000000000008,rb,5,1,RB2-053555,10824.5,10843.0,NQU0
EP-45586,EP-45586-ENTRY_ON_TAP,ENTRY_ON_TAP,-1,2020-08-03 09:35:00-04:00,2020-08-03 09:39:00-04:00,TARGET,11015.75,11030.38566720739,6.8299780301155115,10.244967045173267,11005.505032954827,4.780984621080745,0.6999999999999835,rb,1,1,RB2-020894,11017.0,11024.0,NQU0
EP-47966,EP-47966-ENTRY_ON_TAP,ENTRY_ON_TAP,1,2020-08-05 09:35:00-04:00,2020-08-05 09:35:00-04:00,TARGET,11072.25,11060.080395125793,5.679148941296844,8.518723411945265,11080.768723411946,3.975404258907985,0.7000000000000343,rb,1,1,RB2-021987,11066.0,11070.25,NQU0
EP-47970,EP-47970-ENTRY_ON_FIRST_CLOSE_OUTSIDE,ENTRY_ON_FIRST_CLOSE_OUTSIDE,-1,2020-08-05 09:38:00-04:00,2020-08-05 09:40:00-04:00,TARGET,11084.5,11099.437330290297,6.97075413547155,10.456131203207324,11074.043868796793,4.879527894829877,0.6999999999999702,rb,3,1,RB2-044032,11086.25,11092.5,NQU0
EP-47969,EP-47969-ENTRY_ON_TAP,ENTRY_ON_TAP,1,2020-08-05 09:40:00-04:00,2020-08-05 09:49:00-04:00,TARGET,11080.25,11064.374706333094,7.40847037788967,11.112705566834505,11091.362705566835,5.185929264522863,0.7000000000000127,rb,5,5,RB2-053932,11064.5,11072.5,NQU0
EP-49198,EP-49198-ENTRY_ON_TAP,ENTRY_ON_TAP,1,2020-08-06 10:44:00-04:00,2020-08-06 10:50:00-04:00,STOP,11103.0,11086.70031748817,7.606518505520866,11.4097777582813,11086.70031748817,-7.606518505520866,-1.0,rb,5,1,RB2-054047,11089.5,11096.75,NQU0
EP-49209,EP-49209-ENTRY_ON_TAP,ENTRY_ON_TAP,1,2020-08-06 10:57:00-04:00,2020-08-06 10:59:00-04:00,TARGET,11103.5,11087.372416623366,7.52620557576216,11.28930836364324,11114.789308363643,5.268343903033252,0.6999999999999655,rb,1,1,RB2-022601,11095.25,11098.0,NQU0
EP-49261,EP-49261-ENTRY_ON_TAP,ENTRY_ON_TAP,-1,2020-08-06 11:47:00-04:00,2020-08-06 12:08:00-04:00,STOP,11128.75,11144.177239349796,7.199378363237873,10.79906754485681,11144.177239349796,-7.199378363237873,-1.0,rb,3,1,RB2-044245,11128.0,11130.25,NQU0
EP-51474,EP-51474-ENTRY_ON_FIRST_CLOSE_OUTSIDE,ENTRY_ON_FIRST_CLOSE_OUTSIDE,-1,2020-08-10 09:37:00-04:00,2020-08-10 09:40:00-04:00,STOP,11131.25,11142.061598489267,5.04541262832467,7.568118942487006,11142.061598489267,-5.04541262832467,-1.0,rb,5,1,RB2-054284,11137.75,11144.0,NQU0
EP-52709,EP-52709-ENTRY_ON_DELAYED_DISPLACEMENT,ENTRY_ON_DELAYED_DISPLACEMENT,-1,2020-08-11 09:57:00-04:00,2020-08-11 10:03:00-04:00,TARGET,10997.75,11029.125157057222,14.641739960037054,21.96260994005558,10975.787390059944,10.249217972025967,0.700000000000002,rb,1,1,RB2-024279,11020.5,11028.0,NQU0
EP-55206,EP-55206-ENTRY_ON_FIRST_CLOSE_OUTSIDE,ENTRY_ON_FIRST_CLOSE_OUTSIDE,-1,2020-08-13 09:48:00-04:00,2020-08-13 09:48:00-04:00,TARGET,11210.5,11231.906386662884,9.989647109345594,14.98447066401839,11195.515529335982,6.9927529765417376,0.6999999999999822,rb,3,1,RB2-045235,11213.75,11229.5,NQU0
EP-55206,EP-55206-ENTRY_ON_MINIMAL_WICK_REJECTION,ENTRY_ON_MINIMAL_WICK_REJECTION,-1,2020-08-13 09:48:00-04:00,2020-08-13 09:48:00-04:00,TARGET,11210.5,11231.906386662884,9.989647109345594,14.98447066401839,11195.515529335982,6.9927529765417376,0.6999999999999822,rb,3,1,RB2-045235,11213.75,11229.5,NQU0
EP-55206,EP-55206-ENTRY_ON_DELAYED_DISPLACEMENT,ENTRY_ON_DELAYED_DISPLACEMENT,-1,2020-08-13 09:48:00-04:00,2020-08-13 09:48:00-04:00,TARGET,11210.5,11231.906386662884,9.989647109345594,14.98447066401839,11195.515529335982,6.9927529765417376,0.6999999999999822,rb,3,1,RB2-045235,11213.75,11229.5,NQU0
EP-55207,EP-55207-ENTRY_ON_FIRST_CLOSE_OUTSIDE,ENTRY_ON_FIRST_CLOSE_OUTSIDE,-1,2020-08-13 09:48:00-04:00,2020-08-13 09:48:00-04:00,TARGET,11210.5,11231.906386662884,9.989647109345594,14.98447066401839,11195.515529335982,6.9927529765417376,0.6999999999999822,rb,3,3,RB2-045235,11213.75,11229.5,NQU0
EP-55207,EP-55207-ENTRY_ON_MINIMAL_WICK_REJECTION,ENTRY_ON_MINIMAL_WICK_REJECTION,-1,2020-08-13 09:48:00-04:00,2020-08-13 09:48:00-04:00,TARGET,11210.5,11231.906386662884,9.989647109345594,14.98447066401839,11195.515529335982,6.9927529765417376,0.6999999999999822,rb,3,3,RB2-045235,11213.75,11229.5,NQU0
EP-55207,EP-55207-ENTRY_ON_IMMEDIATE_DISPLACEMENT,ENTRY_ON_IMMEDIATE_DISPLACEMENT,-1,2020-08-13 09:48:00-04:00,2020-08-13 09:48:00-04:00,TARGET,11210.5,11231.906386662884,9.989647109345594,14.98447066401839,11195.515529335982,6.9927529765417376,0.6999999999999822,rb,3,3,RB2-045235,11213.75,11229.5,NQU0
EP-57497,EP-57497-ENTRY_ON_TAP,ENTRY_ON_TAP,-1,2020-08-17 09:45:00-04:00,2020-08-17 09:51:00-04:00,STOP,11242.5,11256.439562764042,6.505129289886619,9.757693934829929,11256.439562764042,-6.505129289886619,-1.0,rb,1,1,RB2-026520,11247.25,11251.0,NQU0
EP-58650,EP-58650-ENTRY_ON_FIRST_CLOSE_OUTSIDE,ENTRY_ON_FIRST_CLOSE_OUTSIDE,1,2020-08-18 10:05:00-04:00,2020-08-18 10:07:00-04:00,STOP,11343.75,11325.048240823418,8.727487615738358,13.091231423607537,11325.048240823418,-8.727487615738358,-1.0,rb,1,1,RB2-027074,11336.25,11338.75,NQU0
EP-59741,EP-59741-ENTRY_ON_MINIMAL_WICK_REJECTION,ENTRY_ON_MINIMAL_WICK_REJECTION,1,2020-08-19 09:35:00-04:00,2020-08-19 09:35:00-04:00,TARGET,11394.75,11383.336986527496,5.3260729538347595,7.989109430752139,11402.739109430751,3.7282510676841096,0.6999999999999583,rb,5,5,RB2-055142,11379.5,11381.0,NQU0
EP-59750,EP-59750-ENTRY_ON_FIRST_CLOSE_OUTSIDE,ENTRY_ON_FIRST_CLOSE_OUTSIDE,1,2020-08-19 09:35:00-04:00,2020-08-19 09:35:00-04:00,TARGET,11394.75,11383.336986527496,5.3260729538347595,7.989109430752139,11402.739109430751,3.7282510676841096,0.6999999999999583,rb,5,5,RB2-055143,11385.0,11389.0,NQU0
EP-59750,EP-59750-ENTRY_ON_MINIMAL_WICK_REJECTION,ENTRY_ON_MINIMAL_WICK_REJECTION,1,2020-08-19 09:35:00-04:00,2020-08-19 09:35:00-04:00,TARGET,11394.75,11383.336986527496,5.3260729538347595,7.989109430752139,11402.739109430751,3.7282510676841096,0.6999999999999583,rb,5,5,RB2-055143,11385.0,11389.0,NQU0
EP-59759,EP-59759-ENTRY_ON_TAP,ENTRY_ON_TAP,-1,2020-08-19 09:39:00-04:00,2020-08-19 09:40:00-04:00,TARGET,11403.5,11417.696866677737,6.625204449610801,9.937806674416201,11393.562193325584,4.637643114727541,0.6999999999999971,rb,3,3,RB2-045971,11401.75,11407.75,NQU0
EP-64490,EP-64490-ENTRY_ON_TAP,ENTRY_ON_TAP,1,2020-08-25 09:51:00-04:00,2020-08-25 09:59:00-04:00,TARGET,11598.25,11572.794692048947,11.879143710491965,17.818715565737946,11616.068715565738,8.315400597344663,0.7000000000000243,rb,5,1,RB2-055619,11585.0,11602.25,NQU0
EP-65715,EP-65715-ENTRY_ON_TAP,ENTRY_ON_TAP,-1,2020-08-26 09:41:00-04:00,2020-08-26 09:46:00-04:00,STOP,11776.25,11790.029228762716,6.430306755934073,9.64546013390111,11790.029228762716,-6.430306755934073,-1.0,rb,1,1,RB2-030290,11779.5,11783.25,NQU0
EP-67010,EP-67010-ENTRY_ON_TAP,ENTRY_ON_TAP,-1,2020-08-27 10:19:00-04:00,2020-08-27 10:34:00-04:00,STOP,11961.25,12001.30462809972,18.69215977986917,28.03823966980375,12001.30462809972,-18.69215977986917,-1.0,rb,3,1,RB2-047176,11955.75,11961.5,NQU0
EP-69405,EP-69405-ENTRY_ON_TAP,ENTRY_ON_TAP,-1,2020-08-31 09:35:00-04:00,2020-08-31 09:36:00-04:00,TARGET,12011.75,12030.874469584012,8.92475247253948,13.387128708809218,11998.36287129119,6.247326730777909,0.7000000000000306,rb,1,1,RB2-031963,12034.75,12037.5,NQU0
EP-69405,EP-69405-ENTRY_ON_MINIMAL_WICK_REJECTION,ENTRY_ON_MINIMAL_WICK_REJECTION,-1,2020-08-31 09:43:00-04:00,2020-08-31 10:19:00-04:00,STOP,12025.0,12049.883950237849,11.612510110995968,17.41876516649395,12049.883950237849,-11.612510110995968,-1.0,rb,1,1,RB2-031963,12034.75,12037.5,NQU0
EP-70669,EP-70669-ENTRY_ON_TAP,ENTRY_ON_TAP,1,2020-09-01 09:36:00-04:00,2020-09-01 09:37:00-04:00,TARGET,12154.25,12132.294279326261,10.24600298107797,15.369004471616954,12169.619004471617,7.1722020867544005,0.6999999999999826,rb,5,1,RB2-056259,12126.0,12144.75,NQU0
EP-70673,EP-70673-ENTRY_ON_TAP,ENTRY_ON_TAP,1,2020-09-01 09:40:00-04:00,2020-09-01 09:40:00-04:00,TARGET,12164.0,12140.49409237669,10.969423557544369,16.454135336316554,12180.454135336317,7.67859649028081,0.6999999999999774,rb,1,1,RB2-032531,12155.0,12163.5,NQU0
EP-70784,EP-70784-ENTRY_ON_TAP,ENTRY_ON_TAP,1,2020-09-01 11:24:00-04:00,2020-09-01 11:29:00-04:00,TARGET,12211.5,12187.880232384257,11.022558220679663,16.533837331019495,12228.033837331019,7.715790754475611,0.6999999999999861,rb,3,3,RB2-047789,12200.0,12207.5,NQU0
EP-71856,EP-71856-ENTRY_ON_TAP,ENTRY_ON_TAP,1,2020-09-02 09:42:00-04:00,2020-09-02 09:44:00-04:00,TARGET,12382.0,12360.715881880502,9.932588455765774,14.898882683648662,12396.898882683648,6.952811919036042,0.7,rb,3,3,RB2-047984,12368.25,12381.0,NQU0
EP-71862,EP-71862-ENTRY_ON_TAP,ENTRY_ON_TAP,1,2020-09-02 09:50:00-04:00,2020-09-02 09:51:00-04:00,STOP,12377.5,12353.030904880527,11.418911055754297,17.128366583631447,12353.030904880527,-11.418911055754297,-1.0,rb,5,5,RB2-056386,12358.5,12372.25,NQU0
EP-71879,EP-71879-ENTRY_ON_TAP,ENTRY_ON_TAP,1,2020-09-02 10:03:00-04:00,2020-09-02 10:07:00-04:00,STOP,12301.0,12259.815281507354,19.21953529656834,28.829302944852508,12259.815281507354,-19.21953529656834,-1.0,rb,1,1,RB2-033085,12276.5,12291.25,NQU0
EP-71889,EP-71889-ENTRY_ON_TAP,ENTRY_ON_TAP,-1,2020-09-02 10:17:00-04:00,2020-09-02 10:39:00-04:00,TARGET,12327.25,12369.408204685118,19.673828853054886,29.51074327958233,12297.739256720417,13.771680197138258,0.6999999999999917,rb,3,1,RB2-047986,12324.0,12336.5,NQU0
EP-73039,EP-73039-ENTRY_ON_TAP,ENTRY_ON_TAP,-1,2020-09-03 09:33:00-04:00,2020-09-03 09:33:00-04:00,TARGET,12220.25,12241.671218106623,9.996568449757325,14.994852674635986,12205.255147325364,6.997597914830008,0.6999999999999881,rb,3,3,RB2-048176,12231.25,12235.0,NQU0
EP-73044,EP-73044-ENTRY_ON_FIRST_CLOSE_OUTSIDE,ENTRY_ON_FIRST_CLOSE_OUTSIDE,1,2020-09-03 09:38:00-04:00,2020-09-03 09:42:00-04:00,STOP,12197.75,12165.826172516672,14.897786158886369,22.346679238329553,12165.826172516672,-14.897786158886369,-1.0,rb,3,1,RB2-048178,12166.75,12187.25,NQU0
EP-73053,EP-73053-ENTRY_ON_TAP,ENTRY_ON_TAP,1,2020-09-03 09:50:00-04:00,2020-09-03 10:03:00-04:00,TARGET,12178.75,12138.172661733268,18.93609119114131,28.404136786711963,12207.154136786712,13.255263833798676,0.6999999999999873,rb,5,5,RB2-056504,12133.0,12157.75,NQU0
EP-73059,EP-73059-ENTRY_ON_DELAYED_DISPLACEMENT,ENTRY_ON_DELAYED_DISPLACEMENT,1,2020-09-03 10:03:00-04:00,2020-09-03 10:07:00-04:00,STOP,12205.5,12164.193295289806,19.276462198090947,28.91469329713642,12164.193295289806,-19.276462198090947,-1.0,rb,3,3,RB2-048181,12162.75,12171.0,NQU0
EP-76681,EP-76681-ENTRY_ON_TAP,ENTRY_ON_TAP,1,2020-09-08 09:45:00-04:00,2020-09-08 09:45:00-04:00,TARGET,11157.75,11097.33405468453,28.194107813885502,42.291161720828256,11200.041161720828,19.73587546971957,0.6999999999999901,rb,5,5,RB2-056859,11140.5,11158.25,NQU0
EP-77957,EP-77957-ENTRY_ON_STRONG_REJECTION,ENTRY_ON_STRONG_REJECTION,1,2020-09-09 09:30:00-04:00,2020-09-09 09:30:00-04:00,TARGET,11292.25,11273.923682390881,8.552281550922023,12.828422326383034,11305.078422326384,5.986597085645412,0.6999999999999995,rb,1,1,RB2-035918,11271.0,11272.0,NQU0
EP-77989,EP-77989-ENTRY_ON_TAP,ENTRY_ON_TAP,-1,2020-09-09 09:47:00-04:00,2020-09-09 09:48:00-04:00,TARGET,11263.25,11303.243058490814,18.66342729571344,27.99514094357016,11235.25485905643,13.06439910699948,0.7000000000000038,rb,1,1,RB2-035929,11261.75,11277.0,NQU0
EP-78062,EP-78062-ENTRY_ON_DELAYED_DISPLACEMENT,ENTRY_ON_DELAYED_DISPLACEMENT,-1,2020-09-09 11:18:00-04:00,2020-09-09 11:23:00-04:00,STOP,11317.75,11354.527220243765,17.16270278042319,25.744054170634783,11354.527220243765,-17.16270278042319,-1.0,rb,1,1,RB2-035966,11347.75,11352.75,NQU0
EP-00596,EP-00596-ENTRY_ON_DELAYED_DISPLACEMENT,ENTRY_ON_DELAYED_DISPLACEMENT,-1,2020-09-10 11:57:00-04:00,2020-09-10 12:04:00-04:00,TARGET,11427.5,11458.842384654645,14.626446172167862,21.939669258251794,11405.560330741748,10.238512320517714,0.7000000000000144,rb,3,3,RB2-036819,11473.5,11483.75,NQZ0
EP-02844,EP-02844-ENTRY_ON_TAP,ENTRY_ON_TAP,-1,2020-09-14 09:38:00-04:00,2020-09-14 09:40:00-04:00,STOP,11216.75,11239.299277426358,10.522996132300305,15.784494198450457,11239.299277426358,-10.522996132300305,-1.0,rb,1,1,RB2-001375,11227.0,11233.25,NQZ0
EP-04126,EP-04126-ENTRY_ON_FIRST_CLOSE_OUTSIDE,ENTRY_ON_FIRST_CLOSE_OUTSIDE,-1,2020-09-15 09:45:00-04:00,2020-09-15 09:50:00-04:00,STOP,11430.5,11451.789904021856,9.935288543533302,14.902932815299952,11451.789904021856,-9.935288543533302,-1.0,rb,3,1,RB2-037381,11440.0,11447.0,NQZ0
EP-05401,EP-05401-ENTRY_ON_FIRST_CLOSE_OUTSIDE,ENTRY_ON_FIRST_CLOSE_OUTSIDE,1,2020-09-16 09:53:00-04:00,2020-09-16 09:56:00-04:00,TARGET,11427.75,11401.210333518482,12.385177691375281,18.57776653706292,11446.327766537062,8.669624383962848,0.7000000000000122,rb,3,1,RB2-037582,11395.5,11403.5,NQZ0
EP-06741,EP-06741-ENTRY_ON_TAP,ENTRY_ON_TAP,1,2020-09-17 09:49:00-04:00,2020-09-17 09:50:00-04:00,TARGET,11007.25,10970.322721028888,17.232730186518733,25.849095279778098,11033.099095279778,12.062911130562915,0.6999999999999885,rb,1,1,RB2-003102,11002.25,11012.25,NQZ0
EP-08053,EP-08053-ENTRY_ON_TAP,ENTRY_ON_TAP,1,2020-09-18 09:33:00-04:00,2020-09-18 09:36:00-04:00,STOP,11098.5,11078.67668505948,9.250880305576402,13.876320458364603,11078.67668505948,-9.250880305576402,-1.0,rb,3,3,RB2-037962,11089.5,11094.75,NQZ0
EP-08061,EP-08061-ENTRY_ON_TAP,ENTRY_ON_TAP,-1,2020-09-18 09:41:00-04:00,2020-09-18 09:45:00-04:00,TARGET,11086.75,11112.970601099361,12.236280513035387,18.35442076955308,11068.395579230448,8.565396359124826,0.7000000000000045,rb,5,1,RB2-050512,11085.25,11103.25,NQZ0
EP-09303,EP-09303-ENTRY_ON_TAP,ENTRY_ON_TAP,1,2020-09-21 09:57:00-04:00,2020-09-21 10:04:00-04:00,STOP,10794.25,10747.882746039497,21.63805184823472,32.45707777235208,10747.882746039497,-21.63805184823472,-1.0,rb,3,3,RB2-038205,10758.75,10776.5,NQZ0
EP-10645,EP-10645-ENTRY_ON_NEW_FVG,ENTRY_ON_NEW_FVG,1,2020-09-22 10:12:00-04:00,2020-09-22 10:44:00-04:00,STOP,11034.5,11000.975442006013,15.644793730527795,23.467190595791692,11000.975442006013,-15.644793730527795,-1.0,rb,3,1,RB2-038428,10990.25,11005.75,NQZ0
EP-11918,EP-11918-ENTRY_ON_DELAYED_DISPLACEMENT,ENTRY_ON_DELAYED_DISPLACEMENT,1,2020-09-23 10:27:00-04:00,2020-09-23 10:45:00-04:00,TARGET,11070.25,11037.757778176363,15.163036851030396,22.744555276545594,11092.994555276546,10.614125795721131,0.6999999999999904,rb,3,3,RB2-038640,11040.5,11047.0,NQZ0
EP-14493,EP-14493-ENTRY_ON_FIRST_CLOSE_OUTSIDE,ENTRY_ON_FIRST_CLOSE_OUTSIDE,1,2020-09-25 09:36:00-04:00,2020-09-25 09:36:00-04:00,STOP,10882.0,10855.482828445643,12.374680058699889,18.562020088049834,10855.482828445643,-12.374680058699889,-1.0,rb,3,1,RB2-039041,10869.5,10875.0,NQZ0
EP-14493,EP-14493-ENTRY_ON_MINIMAL_WICK_REJECTION,ENTRY_ON_MINIMAL_WICK_REJECTION,1,2020-09-25 09:36:00-04:00,2020-09-25 09:36:00-04:00,STOP,10882.0,10855.482828445643,12.374680058699889,18.562020088049834,10855.482828445643,-12.374680058699889,-1.0,rb,3,1,RB2-039041,10869.5,10875.0,NQZ0
EP-14493,EP-14493-ENTRY_ON_STRONG_REJECTION,ENTRY_ON_STRONG_REJECTION,1,2020-09-25 09:36:00-04:00,2020-09-25 09:36:00-04:00,STOP,10882.0,10855.482828445643,12.374680058699889,18.562020088049834,10855.482828445643,-12.374680058699889,-1.0,rb,3,1,RB2-039041,10869.5,10875.0,NQZ0
EP-14494,EP-14494-ENTRY_ON_TAP,ENTRY_ON_TAP,1,2020-09-25 09:36:00-04:00,2020-09-25 09:36:00-04:00,STOP,10882.0,10855.482828445643,12.374680058699889,18.562020088049834,10855.482828445643,-12.374680058699889,-1.0,rb,3,3,RB2-039040,10858.5,10862.5,NQZ0
EP-14495,EP-14495-ENTRY_ON_TAP,ENTRY_ON_TAP,1,2020-09-25 09:36:00-04:00,2020-09-25 09:36:00-04:00,STOP,10882.0,10855.482828445643,12.374680058699889,18.562020088049834,10855.482828445643,-12.374680058699889,-1.0,rb,3,1,RB2-039040,10858.5,10862.5,NQZ0
EP-14499,EP-14499-ENTRY_ON_TAP,ENTRY_ON_TAP,-1,2020-09-25 09:41:00-04:00,2020-09-25 09:45:00-04:00,TARGET,10880.25,10912.088781534576,14.858098049468698,22.287147074203048,10857.962852925797,10.40066863462805,0.6999999999999974,rb,3,1,RB2-039057,10882.0,10896.5,NQZ0
EP-14498,EP-14498-ENTRY_ON_FIRST_CLOSE_OUTSIDE,ENTRY_ON_FIRST_CLOSE_OUTSIDE,-1,2020-09-25 09:45:00-04:00,2020-09-25 09:47:00-04:00,TARGET,10872.5,10907.088221094922,16.141169844296666,24.211754766444997,10848.288245233554,11.29881889100744,0.699999999999986,rb,3,3,RB2-039057,10882.0,10896.5,NQZ0
EP-15748,EP-15748-ENTRY_ON_FIRST_CLOSE_OUTSIDE,ENTRY_ON_FIRST_CLOSE_OUTSIDE,-1,2020-09-28 10:43:00-04:00,2020-09-28 10:50:00-04:00,TARGET,11273.0,11300.076901491517,12.635887362707468,18.953831044061204,11254.046168955938,8.84512115389498,0.6999999999999804,rb,1,1,RB2-007266,11281.0,11286.75,NQZ0
EP-16941,EP-16941-ENTRY_ON_FIRST_CLOSE_OUTSIDE,ENTRY_ON_FIRST_CLOSE_OUTSIDE,-1,2020-09-29 09:37:00-04:00,2020-09-29 09:40:00-04:00,STOP,11361.5,11378.125262807584,7.758455976872082,11.637683965308124,11378.125262807584,-7.758455976872082,-1.0,rb,1,1,RB2-007819,11366.5,11369.75,NQZ0
EP-19467,EP-19467-ENTRY_ON_FIRST_CLOSE_OUTSIDE,ENTRY_ON_FIRST_CLOSE_OUTSIDE,-1,2020-10-01 09:39:00-04:00,2020-10-01 09:40:00-04:00,TARGET,11554.25,11575.359900133084,9.851286728772399,14.776930093158597,11539.473069906842,6.895900710140581,0.6999999999999901,rb,3,3,RB2-039904,11562.0,11566.25,NQZ0
EP-23148,EP-23148-ENTRY_ON_TAP,ENTRY_ON_TAP,-1,2020-10-06 09:34:00-04:00,2020-10-06 09:39:00-04:00,TARGET,11466.75,11479.325116723003,5.868387804067616,8.802581706101424,11457.9474182939,4.107871462847084,0.6999999999999578,rb,3,1,RB2-040517,11469.75,11477.25,NQZ0
EP-24338,EP-24338-ENTRY_ON_NEW_FVG,ENTRY_ON_NEW_FVG,-1,2020-10-07 09:40:00-04:00,2020-10-07 09:41:00-04:00,STOP,11408.0,11424.350575373404,7.630268507588556,11.445402761382834,11424.350575373404,-7.630268507588556,-1.0,rb,5,1,RB2-052154,11420.0,11428.0,NQZ0
EP-24341,EP-24341-ENTRY_ON_MINIMAL_WICK_REJECTION,ENTRY_ON_MINIMAL_WICK_REJECTION,-1,2020-10-07 09:45:00-04:00,2020-10-07 09:47:00-04:00,TARGET,11425.0,11442.206725346785,8.029805161833345,12.044707742750017,11412.95529225725,5.620863613283622,0.7000000000000349,rb,1,1,RB2-011298,11429.0,11431.75,NQZ0
EP-25563,EP-25563-ENTRY_ON_TAP,ENTRY_ON_TAP,1,2020-10-08 09:41:00-04:00,2020-10-08 09:43:00-04:00,STOP,11549.75,11534.906799740296,6.926826787861423,10.390240181792135,11534.906799740296,-6.926826787861423,-1.0,rb,5,1,RB2-052286,11539.5,11548.75,NQZ0
EP-25587,EP-25587-ENTRY_ON_FIRST_CLOSE_OUTSIDE,ENTRY_ON_FIRST_CLOSE_OUTSIDE,1,2020-10-08 10:06:00-04:00,2020-10-08 10:12:00-04:00,TARGET,11526.75,11506.216310441074,9.58238846083212,14.373582691248181,11541.123582691249,6.707671922582411,0.6999999999999923,rb,1,1,RB2-011867,11509.5,11518.75,NQZ0
EP-30416,EP-30416-ENTRY_ON_FIRST_CLOSE_OUTSIDE,ENTRY_ON_FIRST_CLOSE_OUTSIDE,-1,2020-10-14 10:02:00-04:00,2020-10-14 10:05:00-04:00,TARGET,12117.75,12140.541232260717,10.6359083883349,15.953862582502351,12101.796137417497,7.445135871834592,0.7000000000000152,rb,3,1,RB2-041703,12131.75,12141.0,NQZ0
EP-30450,EP-30450-ENTRY_ON_FIRST_CLOSE_OUTSIDE,ENTRY_ON_FIRST_CLOSE_OUTSIDE,1,2020-10-14 10:41:00-04:00,2020-10-14 10:46:00-04:00,TARGET,12067.0,12041.823555159128,11.749007592406873,17.62351138861031,12084.62351138861,8.224305314684724,0.6999999999999926,rb,1,1,RB2-014114,12045.75,12050.25,NQZ0
EP-31645,EP-31645-ENTRY_ON_TAP,ENTRY_ON_TAP,1,2020-10-15 10:10:00-04:00,2020-10-15 10:17:00-04:00,TARGET,11813.0,11785.130033950649,13.00598415636363,19.508976234545443,11832.508976234545,9.104188909454354,0.6999999999999856,rb,5,5,RB2-052906,11810.5,11820.0,NQZ0
EP-32872,EP-32872-ENTRY_ON_TAP,ENTRY_ON_TAP,1,2020-10-16 09:38:00-04:00,2020-10-16 09:38:00-04:00,TARGET,11940.25,11923.366186841056,7.879112807507418,11.818669211261128,11952.068669211261,5.515378965255454,0.7000000000000332,rb,3,1,RB2-042115,11929.75,11939.75,NQZ0
EP-34021,EP-34021-ENTRY_ON_FIRST_CLOSE_OUTSIDE,ENTRY_ON_FIRST_CLOSE_OUTSIDE,-1,2020-10-19 09:50:00-04:00,2020-10-19 09:53:00-04:00,TARGET,11925.25,11943.162222330147,8.35903708740198,12.53855563110297,11912.711444368897,5.851325961181282,0.6999999999999876,rb,1,1,RB2-015801,11936.5,11938.75,NQZ0
EP-35227,EP-35227-ENTRY_ON_DELAYED_DISPLACEMENT,ENTRY_ON_DELAYED_DISPLACEMENT,-1,2020-10-20 09:30:00-04:00,2020-10-20 09:30:00-04:00,TARGET,11666.5,11678.877886504895,5.776347035618016,8.664520553427025,11657.835479446572,4.043442924932763,0.7000000000000262,rb,3,3,RB2-042504,11683.5,11685.25,NQZ0
EP-35233,EP-35233-ENTRY_ON_FIRST_CLOSE_OUTSIDE,ENTRY_ON_FIRST_CLOSE_OUTSIDE,-1,2020-10-20 09:30:00-04:00,2020-10-20 09:30:00-04:00,TARGET,11666.5,11678.877886504895,5.776347035618016,8.664520553427025,11657.835479446572,4.043442924932763,0.7000000000000262,rb,5,5,RB2-053276,11678.75,11685.25,NQZ0
EP-35233,EP-35233-ENTRY_ON_MINIMAL_WICK_REJECTION,ENTRY_ON_MINIMAL_WICK_REJECTION,-1,2020-10-20 09:30:00-04:00,2020-10-20 09:30:00-04:00,TARGET,11666.5,11678.877886504895,5.776347035618016,8.664520553427025,11657.835479446572,4.043442924932763,0.7000000000000262,rb,5,5,RB2-053276,11678.75,11685.25,NQZ0
EP-35233,EP-35233-ENTRY_ON_IMMEDIATE_DISPLACEMENT,ENTRY_ON_IMMEDIATE_DISPLACEMENT,-1,2020-10-20 09:30:00-04:00,2020-10-20 09:30:00-04:00,TARGET,11666.5,11678.877886504895,5.776347035618016,8.664520553427025,11657.835479446572,4.043442924932763,0.7000000000000262,rb,5,5,RB2-053276,11678.75,11685.25,NQZ0
EP-37608,EP-37608-ENTRY_ON_FIRST_CLOSE_OUTSIDE,ENTRY_ON_FIRST_CLOSE_OUTSIDE,-1,2020-10-22 09:34:00-04:00,2020-10-22 09:35:00-04:00,TARGET,11706.25,11721.036543541511,6.900386986038818,10.350580479058227,11695.899419520942,4.830270890227258,0.7000000000000124,rb,1,1,RB2-017504,11716.0,11724.0,NQZ0
EP-37612,EP-37612-ENTRY_ON_TAP,ENTRY_ON_TAP,-1,2020-10-22 09:35:00-04:00,2020-10-22 09:35:00-04:00,TARGET,11706.75,11721.813294703472,7.029537528287201,10.544306292430802,11696.205693707569,4.920676269801257,0.7000000000000308,rb,1,1,RB2-017505,11708.75,11714.5,NQZ0
EP-37610,EP-37610-ENTRY_ON_FIRST_CLOSE_OUTSIDE,ENTRY_ON_FIRST_CLOSE_OUTSIDE,-1,2020-10-22 09:36:00-04:00,2020-10-22 09:39:00-04:00,TARGET,11702.25,11717.734764567018,7.226223464608568,10.839335196912852,11691.410664803087,5.058356425226141,0.7000000000000199,rb,3,1,RB2-042895,11707.75,11724.0,NQZ0
EP-38828,EP-38828-ENTRY_ON_TAP,ENTRY_ON_TAP,-1,2020-10-23 09:45:00-04:00,2020-10-23 09:46:00-04:00,TARGET,11613.75,11631.36440102237,8.220053810440053,12.33008071566008,11601.41991928434,5.754037667308326,0.7000000000000351,rb,1,1,RB2-018063,11616.0,11623.25,NQZ0
EP-38831,EP-38831-ENTRY_ON_TAP,ENTRY_ON_TAP,1,2020-10-23 09:49:00-04:00,2020-10-23 09:55:00-04:00,TARGET,11609.25,11589.237475984008,9.339177874130003,14.008766811195006,11623.258766811196,6.537424511891183,0.7000000000000194,rb,3,1,RB2-043095,11600.25,11613.75,NQZ0
EP-38849,EP-38849-ENTRY_ON_DELAYED_DISPLACEMENT,ENTRY_ON_DELAYED_DISPLACEMENT,1,2020-10-23 10:08:00-04:00,2020-10-23 10:14:00-04:00,TARGET,11592.75,11568.093303366322,11.506458429049959,17.25968764357494,11610.009687643575,8.054520900335223,0.7000000000000219,rb,1,1,RB2-018076,11571.75,11575.0,NQZ0
EP-39989,EP-39989-ENTRY_ON_TAP,ENTRY_ON_TAP,-1,2020-10-26 09:36:00-04:00,2020-10-26 09:36:00-04:00,STOP,11614.75,11627.564653804147,5.980171775269126,8.970257662903688,11627.564653804147,-5.980171775269126,-1.0,rb,1,1,RB2-018635,11613.5,11621.5,NQZ0
EP-39994,EP-39994-ENTRY_ON_TAP,ENTRY_ON_TAP,1,2020-10-26 09:44:00-04:00,2020-10-26 09:44:00-04:00,TARGET,11628.75,11610.594788850876,8.47243186959071,12.708647804386066,11641.458647804386,5.930702308713248,0.6999999999999705,rb,1,1,RB2-018639,11624.5,11628.25,NQZ0
EP-39993,EP-39993-ENTRY_ON_FIRST_CLOSE_OUTSIDE,ENTRY_ON_FIRST_CLOSE_OUTSIDE,-1,2020-10-26 09:48:00-04:00,2020-10-26 09:50:00-04:00,STOP,11634.25,11654.661889175773,9.525548282028039,14.288322423042057,11654.661889175773,-9.525548282028039,-1.0,rb,3,3,RB2-043289,11644.0,11661.75,NQZ0
EP-40014,EP-40014-ENTRY_ON_TAP,ENTRY_ON_TAP,1,2020-10-26 10:07:00-04:00,2020-10-26 10:26:00-04:00,STOP,11670.5,11643.796972316928,12.461412918767234,18.69211937815085,11643.796972316928,-12.461412918767234,-1.0,rb,5,1,RB2-053755,11653.75,11667.75,NQZ0
EP-41222,EP-41222-ENTRY_ON_FIRST_CLOSE_OUTSIDE,ENTRY_ON_FIRST_CLOSE_OUTSIDE,-1,2020-10-27 10:05:00-04:00,2020-10-27 10:19:00-04:00,TARGET,11527.0,11557.322810580616,14.150644937620875,21.225967406431312,11505.774032593568,9.905451456334788,0.7000000000000124,rb,5,5,RB2-053872,11550.75,11556.75,NQZ0
EP-41302,EP-41302-ENTRY_ON_TAP,ENTRY_ON_TAP,1,2020-10-27 11:36:00-04:00,2020-10-27 11:37:00-04:00,TARGET,11549.75,11528.29930391012,10.010324841943737,15.015487262915606,11564.765487262915,7.0072273893605015,0.6999999999999886,rb,1,1,RB2-019278,11537.5,11545.75,NQZ0
EP-42395,EP-42395-ENTRY_ON_FIRST_CLOSE_OUTSIDE,ENTRY_ON_FIRST_CLOSE_OUTSIDE,1,2020-10-28 09:44:00-04:00,2020-10-28 09:50:00-04:00,STOP,11348.0,11320.168644658503,12.987965826031703,19.481948739047553,11320.168644658503,-12.987965826031703,-1.0,rb,3,1,RB2-043677,11329.25,11344.25,NQZ0
EP-42408,EP-42408-ENTRY_ON_FIRST_CLOSE_OUTSIDE,ENTRY_ON_FIRST_CLOSE_OUTSIDE,1,2020-10-28 10:01:00-04:00,2020-10-28 10:02:00-04:00,STOP,11307.5,11274.618292944662,15.344796625824058,23.017194938736086,11274.618292944662,-15.344796625824058,-1.0,rb,1,1,RB2-019801,11290.5,11295.25,NQZ0
EP-42455,EP-42455-ENTRY_ON_TAP,ENTRY_ON_TAP,-1,2020-10-28 11:01:00-04:00,2020-10-28 11:04:00-04:00,TARGET,11234.5,11269.973183956905,16.55415251322253,24.831228769833793,11209.668771230166,11.587906759255938,0.7000000000000102,rb,1,1,RB2-019826,11239.0,11242.5,NQZ0
EP-43642,EP-43642-ENTRY_ON_TAP,ENTRY_ON_TAP,-1,2020-10-29 09:32:00-04:00,2020-10-29 09:32:00-04:00,TARGET,11224.75,11244.232858799627,9.092000773158926,13.638001159738389,11211.111998840262,6.364400541210964,0.6999999999999688,rb,3,1,RB2-043862,11239.25,11241.75,NQZ0
EP-44981,EP-44981-ENTRY_ON_TAP,ENTRY_ON_TAP,-1,2020-10-30 09:34:00-04:00,2020-10-30 09:34:00-04:00,TARGET,11266.25,11285.319421115755,8.899063187352704,13.348594781029057,11252.90140521897,6.229344231147095,0.7000000000000227,rb,1,1,RB2-020989,11273.25,11281.25,NQZ0
EP-47551,EP-47551-ENTRY_ON_TAP,ENTRY_ON_TAP,1,2020-11-03 09:39:00-05:00,2020-11-03 09:42:00-05:00,TARGET,11127.5,11109.232115199165,8.52501290705623,12.787519360584344,11140.287519360585,5.967509034939448,0.7000000000000103,rb,1,1,RB2-022178,11120.25,11122.75,NQZ0
EP-55142,EP-55142-ENTRY_ON_TAP,ENTRY_ON_TAP,1,2020-11-11 10:05:00-05:00,2020-11-11 10:08:00-05:00,TARGET,11791.0,11758.617446873957,15.111858125486469,22.667787188229703,11813.66778718823,10.578300687840443,0.6999999999999943,rb,5,5,RB2-055241,11771.5,11786.0,NQZ0
EP-59949,EP-59949-ENTRY_ON_DELAYED_DISPLACEMENT,ENTRY_ON_DELAYED_DISPLACEMENT,1,2020-11-17 09:42:00-05:00,2020-11-17 09:43:00-05:00,STOP,12021.25,12003.893520224005,8.099690562131588,12.149535843197382,12003.893520224005,-8.099690562131588,-1.0,rb,1,1,RB2-027961,11998.75,12002.25,NQZ0
EP-60007,EP-60007-ENTRY_ON_TAP,ENTRY_ON_TAP,-1,2020-11-17 10:32:00-05:00,2020-11-17 10:33:00-05:00,TARGET,12010.75,12031.337448442426,9.607475939798983,14.411213909698475,11996.338786090302,6.725233157859502,0.7000000000000223,rb,5,1,RB2-055741,12009.0,12025.0,NQZ0
EP-63661,EP-63661-ENTRY_ON_TAP,ENTRY_ON_TAP,-1,2020-11-20 09:45:00-05:00,2020-11-20 09:46:00-05:00,TARGET,11969.5,11984.09228665075,6.809733770350195,10.214600655525292,11959.285399344475,4.766813639245311,0.7000000000000256,rb,1,1,RB2-029609,11969.0,11973.75,NQZ0
EP-64855,EP-64855-ENTRY_ON_FIRST_CLOSE_OUTSIDE,ENTRY_ON_FIRST_CLOSE_OUTSIDE,-1,2020-11-23 09:51:00-05:00,2020-11-23 09:57:00-05:00,TARGET,11984.25,12000.954441175945,7.795405882107382,11.693108823161074,11972.556891176839,5.4567841174748875,0.6999999999999641,rb,1,1,RB2-030153,11991.0,12001.75,NQZ0
EP-66001,EP-66001-ENTRY_ON_FIRST_CLOSE_OUTSIDE,ENTRY_ON_FIRST_CLOSE_OUTSIDE,1,2020-11-24 09:59:00-05:00,2020-11-24 10:06:00-05:00,TARGET,11919.5,11901.092275650482,8.590271363108632,12.885407044662948,11932.385407044663,6.013189954176338,0.7000000000000344,rb,1,1,RB2-030692,11902.25,11904.75,NQZ0
EP-66004,EP-66004-ENTRY_ON_MINIMAL_WICK_REJECTION,ENTRY_ON_MINIMAL_WICK_REJECTION,1,2020-11-24 10:06:00-05:00,2020-11-24 10:15:00-05:00,STOP,11923.75,11905.253977798351,8.631477027435995,12.947215541153993,11905.253977798351,-8.631477027435995,-1.0,rb,1,1,RB2-030694,11911.25,11914.25,NQZ0
EP-68357,EP-68357-ENTRY_ON_TAP,ENTRY_ON_TAP,-1,2020-11-26 11:04:00-05:00,2020-11-26 11:18:00-05:00,STOP,12190.0,12195.566137238642,2.5975307113666517,3.8962960670499776,12195.566137238642,-2.5975307113666517,-1.0,rb,3,1,RB2-047951,12190.75,12192.25,NQZ0
EP-69252,EP-69252-ENTRY_ON_FIRST_CLOSE_OUTSIDE,ENTRY_ON_FIRST_CLOSE_OUTSIDE,1,2020-11-27 09:36:00-05:00,2020-11-27 09:38:00-05:00,STOP,12246.0,12234.81678277979,5.218834702764666,7.828252054146999,12234.81678277979,-5.218834702764666,-1.0,rb,3,3,RB2-048107,12234.75,12235.75,NQZ0
EP-69264,EP-69264-ENTRY_ON_TAP,ENTRY_ON_TAP,1,2020-11-27 09:39:00-05:00,2020-11-27 09:40:00-05:00,STOP,12236.25,12224.19130366001,5.627391625328248,8.441087437992373,12224.19130366001,-5.627391625328248,-1.0,rb,1,1,RB2-032229,12231.25,12234.5,NQZ0
EP-69265,EP-69265-ENTRY_ON_FIRST_CLOSE_OUTSIDE,ENTRY_ON_FIRST_CLOSE_OUTSIDE,1,2020-11-27 09:44:00-05:00,2020-11-27 09:45:00-05:00,TARGET,12233.0,12219.061208561236,6.504769338090071,9.757154007135107,12242.757154007135,4.553338536663068,0.7000000000000027,rb,3,1,RB2-048110,12220.75,12226.5,NQZ0
EP-72691,EP-72691-ENTRY_ON_FIRST_CLOSE_OUTSIDE,ENTRY_ON_FIRST_CLOSE_OUTSIDE,1,2020-12-02 09:52:00-05:00,2020-12-02 09:53:00-05:00,TARGET,12336.5,12312.11145213265,11.381322338096524,17.071983507144786,12353.571983507145,7.966925636667732,0.7000000000000145,rb,1,1,RB2-033791,12322.75,12327.5,NQZ0
EP-73829,EP-73829-ENTRY_ON_FIRST_CLOSE_OUTSIDE,ENTRY_ON_FIRST_CLOSE_OUTSIDE,-1,2020-12-03 09:41:00-05:00,2020-12-03 09:45:00-05:00,TARGET,12486.25,12499.655594997976,6.255944332389044,9.383916498583567,12476.866083501416,4.379161032672619,0.7000000000000461,rb,1,1,RB2-034328,12490.75,12498.0,NQZ0
EP-73839,EP-73839-ENTRY_ON_TAP,ENTRY_ON_TAP,-1,2020-12-03 09:52:00-05:00,2020-12-03 09:55:00-05:00,TARGET,12491.5,12507.196054858883,7.3248256008120745,10.98723840121811,12480.512761598782,5.12737792056841,0.6999999999999943,rb,3,1,RB2-048848,12498.0,12502.5,NQZ0
EP-74922,EP-74922-ENTRY_ON_FIRST_CLOSE_OUTSIDE,ENTRY_ON_FIRST_CLOSE_OUTSIDE,-1,2020-12-04 09:41:00-05:00,2020-12-04 09:43:00-05:00,STOP,12468.0,12482.525079294523,6.7783703374439925,10.16755550616599,12482.525079294523,-6.7783703374439925,-1.0,rb,5,1,RB2-057275,12475.0,12482.0,NQZ0
EP-76076,EP-76076-ENTRY_ON_MINIMAL_WICK_REJECTION,ENTRY_ON_MINIMAL_WICK_REJECTION,1,2020-12-07 09:33:00-05:00,2020-12-07 09:33:00-05:00,TARGET,12537.0,12530.275989490547,3.137871571078116,4.706807356617174,12541.706807356617,2.1965100997545965,0.6999999999999731,rb,3,3,RB2-049227,12531.75,12533.5,NQZ0
EP-78401,EP-78401-ENTRY_ON_TAP,ENTRY_ON_TAP,1,2020-12-09 09:37:00-05:00,2020-12-09 09:37:00-05:00,STOP,12601.5,12591.60528041957,4.617535804200828,6.926303706301242,12591.60528041957,-4.617535804200828,-1.0,rb,3,1,RB2-049596,12587.75,12594.5,NQZ0
EP-78406,EP-78406-ENTRY_ON_TAP,ENTRY_ON_TAP,-1,2020-12-09 09:41:00-05:00,2020-12-09 09:42:00-05:00,STOP,12605.5,12616.891655408963,5.3161058575164075,7.974158786274611,12616.891655408963,-5.3161058575164075,-1.0,rb,1,1,RB2-036425,12606.0,12608.75,NQZ0
EP-78434,EP-78434-ENTRY_ON_TAP,ENTRY_ON_TAP,1,2020-12-09 10:06:00-05:00,2020-12-09 10:10:00-05:00,STOP,12616.25,12600.973980874016,7.128808925459108,10.693213388188662,12600.973980874016,-7.128808925459108,-1.0,rb,5,1,RB2-057621,12607.0,12615.25,NQZ0
EP-78471,EP-78471-ENTRY_ON_NEW_FVG,ENTRY_ON_NEW_FVG,1,2020-12-09 10:51:00-05:00,2020-12-09 11:03:00-05:00,STOP,12611.75,12594.950352597138,7.839835454669083,11.759753182003625,12594.950352597138,-7.839835454669083,-1.0,rb,3,3,RB2-049605,12590.5,12593.25,NQZ0
EP-01596,EP-01596-ENTRY_ON_TAP,ENTRY_ON_TAP,1,2020-12-11 09:41:00-05:00,2020-12-11 09:42:00-05:00,STOP,12314.5,12292.745396427024,10.152148334055111,15.228222501082666,12292.745396427024,-10.152148334055111,-1.0,rb,5,1,RB2-010053,12303.5,12316.0,NQH1
EP-02688,EP-02688-ENTRY_ON_DELAYED_DISPLACEMENT,ENTRY_ON_DELAYED_DISPLACEMENT,-1,2020-12-14 09:35:00-05:00,2020-12-14 09:35:00-05:00,STOP,12439.0,12450.163282559104,5.209531860914898,7.814297791372347,12450.163282559104,-5.209531860914898,-1.0,rb,3,1,RB2-007784,12447.0,12448.25,NQH1
EP-03917,EP-03917-ENTRY_ON_TAP,ENTRY_ON_TAP,-1,2020-12-15 09:42:00-05:00,2020-12-15 09:43:00-05:00,TARGET,12568.75,12588.552916777178,9.24136116268292,13.862041744024381,12554.887958255975,6.468952813877836,0.6999999999999774,rb,1,1,RB2-001832,12572.75,12577.0,NQH1
EP-05035,EP-05035-ENTRY_ON_FIRST_CLOSE_OUTSIDE,ENTRY_ON_FIRST_CLOSE_OUTSIDE,1,2020-12-16 09:37:00-05:00,2020-12-16 09:37:00-05:00,STOP,12605.0,12592.495755688944,5.835314011825971,8.752971017738956,12592.495755688944,-5.835314011825971,-1.0,rb,5,1,RB2-010405,12593.5,12602.0,NQH1
EP-05035,EP-05035-ENTRY_ON_MINIMAL_WICK_REJECTION,ENTRY_ON_MINIMAL_WICK_REJECTION,1,2020-12-16 09:37:00-05:00,2020-12-16 09:37:00-05:00,STOP,12605.0,12592.495755688944,5.835314011825971,8.752971017738956,12592.495755688944,-5.835314011825971,-1.0,rb,5,1,RB2-010405,12593.5,12602.0,NQH1
EP-05035,EP-05035-ENTRY_ON_IMMEDIATE_DISPLACEMENT,ENTRY_ON_IMMEDIATE_DISPLACEMENT,1,2020-12-16 09:37:00-05:00,2020-12-16 09:37:00-05:00,STOP,12605.0,12592.495755688944,5.835314011825971,8.752971017738956,12592.495755688944,-5.835314011825971,-1.0,rb,5,1,RB2-010405,12593.5,12602.0,NQH1
EP-05037,EP-05037-ENTRY_ON_TAP,ENTRY_ON_TAP,1,2020-12-16 09:37:00-05:00,2020-12-16 09:37:00-05:00,STOP,12605.0,12592.495755688944,5.835314011825971,8.752971017738956,12592.495755688944,-5.835314011825971,-1.0,rb,3,1,RB2-008185,12591.25,12595.5,NQH1
EP-05045,EP-05045-ENTRY_ON_STRONG_REJECTION,ENTRY_ON_STRONG_REJECTION,1,2020-12-16 09:51:00-05:00,2020-12-16 09:54:00-05:00,TARGET,12599.25,12582.23760733207,7.939116578366917,11.908674867550376,12611.15867486755,5.5573816048566105,0.6999999999999709,rb,3,3,RB2-008187,12575.0,12581.5,NQH1
EP-06106,EP-06106-ENTRY_ON_FIRST_CLOSE_OUTSIDE,ENTRY_ON_FIRST_CLOSE_OUTSIDE,-1,2020-12-17 09:36:00-05:00,2020-12-17 09:44:00-05:00,TARGET,12747.75,12758.59183895342,5.059524844929317,7.589287267393976,12740.160712732606,3.5416673914505314,0.7000000000000018,rb,1,1,RB2-002902,12755.5,12762.5,NQH1
EP-06118,EP-06118-ENTRY_ON_TAP,ENTRY_ON_TAP,1,2020-12-17 09:44:00-05:00,2020-12-17 09:45:00-05:00,STOP,12748.0,12734.601716376903,6.252532357444995,9.378798536167492,12734.601716376903,-6.252532357444995,-1.0,rb,1,1,RB2-002907,12746.25,12748.5,NQH1
EP-08593,EP-08593-ENTRY_ON_FIRST_CLOSE_OUTSIDE,ENTRY_ON_FIRST_CLOSE_OUTSIDE,-1,2020-12-21 09:45:00-05:00,2020-12-21 09:48:00-05:00,TARGET,12607.25,12628.522622123322,9.927223657550215,14.890835486325322,12592.359164513675,6.949056560284973,0.6999999999999821,rb,3,3,RB2-008730,12626.0,12638.0,NQH1
EP-09803,EP-09803-ENTRY_ON_TAP,ENTRY_ON_TAP,1,2020-12-22 09:33:00-05:00,2020-12-22 09:33:00-05:00,STOP,12701.75,12690.232738556286,5.37472200706627,8.062083010599405,12690.232738556286,-5.37472200706627,-1.0,rb,3,3,RB2-008873,12687.5,12691.25,NQH1
EP-09805,EP-09805-ENTRY_ON_FIRST_CLOSE_OUTSIDE,ENTRY_ON_FIRST_CLOSE_OUTSIDE,1,2020-12-22 09:40:00-05:00,2020-12-22 09:44:00-05:00,TARGET,12703.25,12688.113185534397,7.063846750614824,10.595770125922236,12713.845770125923,4.944692725430577,0.7000000000000283,rb,5,5,RB2-010857,12687.5,12693.75,NQH1
EP-09860,EP-09860-ENTRY_ON_TAP,ENTRY_ON_TAP,1,2020-12-22 10:13:00-05:00,2020-12-22 10:17:00-05:00,TARGET,12703.5,12681.435095722643,10.296955329433432,15.44543299415015,12718.94543299415,7.207868730603643,0.7000000000000234,rb,5,1,RB2-010890,12693.0,12703.25,NQH1
EP-09898,EP-09898-ENTRY_ON_TAP,ENTRY_ON_TAP,1,2020-12-22 10:49:00-05:00,2020-12-22 11:01:00-05:00,STOP,12699.0,12679.271047952254,9.206844288948522,13.810266433422782,12679.271047952254,-9.206844288948522,-1.0,rb,3,1,RB2-008933,12698.75,12706.0,NQH1
EP-11012,EP-11012-ENTRY_ON_TAP,ENTRY_ON_TAP,1,2020-12-23 09:36:00-05:00,2020-12-23 09:36:00-05:00,STOP,12701.75,12690.084077644162,5.444097099390958,8.166145649086436,12690.084077644162,-5.444097099390958,-1.0,rb,1,1,RB2-005101,12683.75,12688.25,NQH1
EP-11012,EP-11012-ENTRY_ON_FIRST_CLOSE_OUTSIDE,ENTRY_ON_FIRST_CLOSE_OUTSIDE,1,2020-12-23 09:38:00-05:00,2020-12-23 09:39:00-05:00,STOP,12690.75,12677.154660098297,6.344491954128155,9.516737931192232,12677.154660098297,-6.344491954128155,-1.0,rb,1,1,RB2-005101,12683.75,12688.25,NQH1
EP-11012,EP-11012-ENTRY_ON_STRONG_REJECTION,ENTRY_ON_STRONG_REJECTION,1,2020-12-23 09:40:00-05:00,2020-12-23 09:44:00-05:00,STOP,12690.25,12675.529999093253,6.869333756482281,10.304000634723423,12675.529999093253,-6.869333756482281,-1.0,rb,1,1,RB2-005101,12683.75,12688.25,NQH1
EP-11023,EP-11023-ENTRY_ON_TAP,ENTRY_ON_TAP,1,2020-12-23 09:49:00-05:00,2020-12-23 09:50:00-05:00,TARGET,12671.0,12652.468898385061,8.647847420304823,12.971771130457235,12683.971771130457,6.053493194213358,0.699999999999998,rb,3,1,RB2-009120,12649.25,12660.25,NQH1
EP-11022,EP-11022-ENTRY_ON_TAP,ENTRY_ON_TAP,1,2020-12-23 09:50:00-05:00,2020-12-23 09:56:00-05:00,TARGET,12675.0,12656.392813333303,8.683353777792123,13.025030666688185,12688.025030666688,6.078347644454589,0.700000000000012,rb,5,5,RB2-011009,12668.5,12675.5,NQH1
EP-11033,EP-11033-ENTRY_ON_FIRST_CLOSE_OUTSIDE,ENTRY_ON_FIRST_CLOSE_OUTSIDE,-1,2020-12-23 09:59:00-05:00,2020-12-23 10:07:00-05:00,TARGET,12686.25,12707.684549374904,10.00278970828831,15.004184562432464,12671.245815437567,7.001952795801583,0.6999999999999766,rb,1,1,RB2-005104,12690.25,12696.0,NQH1
EP-12130,EP-12130-ENTRY_ON_TAP,ENTRY_ON_TAP,-1,2020-12-24 09:56:00-05:00,2020-12-24 09:56:00-05:00,TARGET,12712.5,12724.752490841183,5.717829059219231,8.576743588828847,12703.923256411172,4.002480341453707,0.7000000000000429,rb,5,1,RB2-011122,12712.25,12716.75,NQH1
EP-12122,EP-12122-ENTRY_ON_DELAYED_DISPLACEMENT,ENTRY_ON_DELAYED_DISPLACEMENT,-1,2020-12-24 10:05:00-05:00,2020-12-24 10:07:00-05:00,STOP,12696.75,12709.750505374263,6.066902507989178,9.100353761983767,12709.750505374263,-6.066902507989178,-1.0,rb,5,5,RB2-011120,12712.25,12716.25,NQH1
EP-12195,EP-12195-ENTRY_ON_FIRST_CLOSE_OUTSIDE,ENTRY_ON_FIRST_CLOSE_OUTSIDE,1,2020-12-24 11:05:00-05:00,2020-12-24 11:07:00-05:00,STOP,12693.0,12681.68851458082,5.278693195617922,7.918039793426884,12681.68851458082,-5.278693195617922,-1.0,rb,5,5,RB2-011119,12680.0,12686.25,NQH1
EP-13087,EP-13087-ENTRY_ON_TAP,ENTRY_ON_TAP,1,2020-12-28 09:37:00-05:00,2020-12-28 09:37:00-05:00,TARGET,12800.25,12788.425915609061,5.517906049104787,8.27685907365718,12808.526859073658,3.8625342343733347,0.6999999999999971,rb,1,1,RB2-006086,12797.5,12804.0,NQH1
EP-13110,EP-13110-ENTRY_ON_TAP,ENTRY_ON_TAP,-1,2020-12-28 09:58:00-05:00,2020-12-28 10:05:00-05:00,TARGET,12794.25,12810.261187896363,7.471887684969737,11.207831527454605,12783.042168472546,5.2303213794788945,0.7000000000000105,rb,3,1,RB2-009449,12792.75,12802.0,NQH1
EP-14243,EP-14243-ENTRY_ON_TAP,ENTRY_ON_TAP,-1,2020-12-29 09:33:00-05:00,2020-12-29 09:33:00-05:00,STOP,12892.25,12899.421057268513,3.346493391972521,5.019740087958781,12899.421057268513,-3.346493391972521,-1.0,rb,3,3,RB2-009590,12897.75,12898.75,NQH1
EP-14306,EP-14306-ENTRY_ON_TAP,ENTRY_ON_TAP,1,2020-12-29 10:43:00-05:00,2020-12-29 11:14:00-05:00,STOP,12876.75,12857.319426687396,9.067600879214815,13.601401318822223,12876.75,-0.0,-0.0,rb,3,1,RB2-009640,12864.0,12873.0,NQH1
EP-15456,EP-15456-ENTRY_ON_TAP,ENTRY_ON_TAP,-1,2020-12-30 09:41:00-05:00,2020-12-30 09:42:00-05:00,TARGET,12871.5,12883.984234262982,5.825975989391156,8.738963984086734,12862.761036015912,4.078183192573573,0.6999999999999594,rb,5,1,RB2-011473,12873.75,12880.0,NQH1
EP-15455,EP-15455-ENTRY_ON_TAP,ENTRY_ON_TAP,-1,2020-12-30 09:42:00-05:00,2020-12-30 09:42:00-05:00,TARGET,12871.75,12884.450664978214,5.926976989833191,8.890465484749786,12862.85953451525,4.148883892883141,0.6999999999999844,rb,3,3,RB2-009822,12874.75,12880.0,NQH1
EP-15462,EP-15462-ENTRY_ON_TAP,ENTRY_ON_TAP,1,2020-12-30 09:48:00-05:00,2020-12-30 10:08:00-05:00,STOP,12863.75,12848.75166500802,6.999222996257792,10.498834494386688,12848.75166500802,-6.999222996257792,-1.0,rb,1,1,RB2-007157,12851.5,12856.75,NQH1
EP-15535,EP-15535-ENTRY_ON_FIRST_CLOSE_OUTSIDE,ENTRY_ON_FIRST_CLOSE_OUTSIDE,1,2020-12-30 11:06:00-05:00,2020-12-30 11:26:00-05:00,TARGET,12851.0,12836.345518279368,6.838758136295092,10.258137204442638,12861.258137204442,4.787130695406595,0.7000000000000044,rb,3,3,RB2-009836,12844.0,12850.25,NQH1
EP-00780,EP-00780-ENTRY_ON_TAP,ENTRY_ON_TAP,1,2021-01-04 09:32:00-05:00,2021-01-04 09:32:00-05:00,STOP,12917.5,12908.293944492641,4.296159236766941,6.444238855150411,12908.293944492641,-4.296159236766941,-1.0,rb,5,1,RB2-036951,12906.75,12913.5,NQH1
EP-00781,EP-00781-ENTRY_ON_TAP,ENTRY_ON_TAP,1,2021-01-04 09:32:00-05:00,2021-01-04 09:32:00-05:00,STOP,12917.5,12908.293944492641,4.296159236766941,6.444238855150411,12908.293944492641,-4.296159236766941,-1.0,rb,3,1,RB2-027370,12914.25,12914.75,NQH1
EP-02142,EP-02142-ENTRY_ON_TAP,ENTRY_ON_TAP,1,2021-01-05 10:22:00-05:00,2021-01-05 10:25:00-05:00,TARGET,12729.5,12703.97872275743,11.909929379865476,17.864894069798215,12747.364894069799,8.336950565905681,0.6999999999999873,rb,1,1,RB2-000958,12725.25,12731.5,NQH1
EP-05799,EP-05799-ENTRY_ON_TAP,ENTRY_ON_TAP,1,2021-01-08 09:35:00-05:00,2021-01-08 09:35:00-05:00,TARGET,13020.75,13002.186040816589,8.663180952258934,12.9947714283884,13033.744771428388,6.064226666581417,0.7000000000000189,rb,5,5,RB2-037470,12994.25,12996.5,NQH1
EP-05800,EP-05800-ENTRY_ON_TAP,ENTRY_ON_TAP,1,2021-01-08 09:35:00-05:00,2021-01-08 09:35:00-05:00,TARGET,13020.75,13002.186040816589,8.663180952258934,12.9947714283884,13033.744771428388,6.064226666581417,0.7000000000000189,rb,5,5,RB2-037474,12999.75,13001.25,NQH1
EP-06961,EP-06961-ENTRY_ON_FIRST_CLOSE_OUTSIDE,ENTRY_ON_FIRST_CLOSE_OUTSIDE,1,2021-01-11 09:42:00-05:00,2021-01-11 09:44:00-05:00,STOP,12947.25,12917.665758921989,13.805979169738466,20.7089687546077,12917.665758921989,-13.805979169738466,-1.0,rb,3,3,RB2-028418,12917.25,12928.75,NQH1
EP-11880,EP-11880-ENTRY_ON_FIRST_CLOSE_OUTSIDE,ENTRY_ON_FIRST_CLOSE_OUTSIDE,1,2021-01-15 09:38:00-05:00,2021-01-15 09:42:00-05:00,STOP,12920.5,12902.32324432672,8.482485980864036,12.723728971296055,12902.32324432672,-8.482485980864036,-1.0,rb,1,1,RB2-005467,12904.0,12910.75,NQH1
EP-11879,EP-11879-ENTRY_ON_FIRST_CLOSE_OUTSIDE,ENTRY_ON_FIRST_CLOSE_OUTSIDE,-1,2021-01-15 09:42:00-05:00,2021-01-15 09:55:00-05:00,TARGET,12908.0,12928.773119144313,9.69412226734596,14.541183401018941,12893.45881659898,6.78588558714221,0.7000000000000038,rb,5,1,RB2-038071,12910.75,12929.25,NQH1
EP-14076,EP-14076-ENTRY_ON_FIRST_CLOSE_OUTSIDE,ENTRY_ON_FIRST_CLOSE_OUTSIDE,1,2021-01-19 09:37:00-05:00,2021-01-19 09:39:00-05:00,STOP,12917.25,12901.637761219346,7.28571143097152,10.92856714645728,12901.637761219346,-7.28571143097152,-1.0,rb,1,1,RB2-006476,12907.0,12915.5,NQH1
EP-14082,EP-14082-ENTRY_ON_TAP,ENTRY_ON_TAP,-1,2021-01-19 09:46:00-05:00,2021-01-19 09:47:00-05:00,TARGET,12903.5,12923.97187756376,9.553542863087792,14.330314294631687,12889.169685705368,6.687480004161526,0.7000000000000075,rb,1,1,RB2-006480,12902.25,12909.75,NQH1
EP-14122,EP-14122-ENTRY_ON_TAP,ENTRY_ON_TAP,-1,2021-01-19 10:23:00-05:00,2021-01-19 10:54:00-05:00,STOP,12879.5,12902.519212698944,10.742299259507334,16.113448889261,12879.5,-0.0,-0.0,rb,1,1,RB2-006497,12873.75,12881.75,NQH1
EP-15301,EP-15301-ENTRY_ON_TAP,ENTRY_ON_TAP,1,2021-01-20 09:57:00-05:00,2021-01-20 10:06:00-05:00,TARGET,13172.75,13151.889406146456,9.734943798320085,14.602415697480128,13187.35241569748,6.8144606588238,0.6999999999999734,rb,3,3,RB2-029756,13160.75,13167.75,NQH1
EP-16506,EP-16506-ENTRY_ON_TAP,ENTRY_ON_TAP,1,2021-01-21 09:56:00-05:00,2021-01-21 09:58:00-05:00,TARGET,13303.75,13277.646752736247,12.181515389751029,18.272273084626544,13322.022273084627,8.527060772825603,0.6999999999999904,rb,1,1,RB2-007610,13290.25,13297.75,NQH1
EP-18817,EP-18817-ENTRY_ON_FIRST_CLOSE_OUTSIDE,ENTRY_ON_FIRST_CLOSE_OUTSIDE,-1,2021-01-25 09:41:00-05:00,2021-01-25 09:47:00-05:00,TARGET,13541.5,13556.63836576422,7.064570689968971,10.596856034953456,13530.903143965046,4.945199482978026,0.6999999999999642,rb,3,1,RB2-030338,13549.75,13554.5,NQH1
EP-20118,EP-20118-ENTRY_ON_TAP,ENTRY_ON_TAP,1,2021-01-26 09:49:00-05:00,2021-01-26 09:54:00-05:00,TARGET,13453.5,13429.972057123325,10.979706675782202,16.469560013673302,13469.969560013673,7.685794673047819,0.7000000000000253,rb,3,1,RB2-030549,13426.75,13441.0,NQH1
EP-20108,EP-20108-ENTRY_ON_DELAYED_DISPLACEMENT,ENTRY_ON_DELAYED_DISPLACEMENT,1,2021-01-26 09:54:00-05:00,2021-01-26 09:55:00-05:00,TARGET,13456.25,13431.806858485328,11.406799373513563,17.110199060270343,13473.360199060271,7.984759561459508,0.7000000000000012,rb,3,3,RB2-030517,13436.25,13438.5,NQH1
EP-21296,EP-21296-ENTRY_ON_FIRST_CLOSE_OUTSIDE,ENTRY_ON_FIRST_CLOSE_OUTSIDE,1,2021-01-27 09:35:00-05:00,2021-01-27 09:35:00-05:00,STOP,13273.75,13241.172564483293,15.202803241129757,22.804204861694636,13241.172564483293,-15.202803241129757,-1.0,rb,1,1,RB2-009830,13252.25,13267.5,NQH1
EP-21296,EP-21296-ENTRY_ON_MINIMAL_WICK_REJECTION,ENTRY_ON_MINIMAL_WICK_REJECTION,1,2021-01-27 09:35:00-05:00,2021-01-27 09:35:00-05:00,STOP,13273.75,13241.172564483293,15.202803241129757,22.804204861694636,13241.172564483293,-15.202803241129757,-1.0,rb,1,1,RB2-009830,13252.25,13267.5,NQH1
EP-21300,EP-21300-ENTRY_ON_TAP,ENTRY_ON_TAP,-1,2021-01-27 09:40:00-05:00,2021-01-27 09:40:00-05:00,TARGET,13264.75,13304.553076371403,18.574768973321216,27.862153459981826,13236.887846540018,13.00233828132465,0.6999999999999892,rb,3,1,RB2-030758,13267.75,13304.5,NQH1
EP-21317,EP-21317-ENTRY_ON_TAP,ENTRY_ON_TAP,1,2021-01-27 09:59:00-05:00,2021-01-27 10:02:00-05:00,TARGET,13273.5,13220.175265181379,24.884876248690034,37.32731437303505,13310.827314373035,17.419413374083046,0.7000000000000008,rb,1,1,RB2-009842,13245.25,13262.75,NQH1
EP-23948,EP-23948-ENTRY_ON_FIRST_CLOSE_OUTSIDE,ENTRY_ON_FIRST_CLOSE_OUTSIDE,1,2021-01-29 09:47:00-05:00,2021-01-29 09:49:00-05:00,TARGET,13041.5,13003.743278875994,17.6198031912027,26.42970478680405,13067.929704786804,12.333862233841915,0.7000000000000014,rb,5,1,RB2-039324,12998.0,13014.75,NQH1
EP-25165,EP-25165-ENTRY_ON_TAP,ENTRY_ON_TAP,-1,2021-02-01 09:36:00-05:00,2021-02-01 09:41:00-05:00,TARGET,13084.5,13106.507140413752,10.269998859751405,15.404998289627109,13069.095001710373,7.188999201826153,0.7000000000000165,rb,5,1,RB2-039454,13087.5,13104.0,NQH1
EP-25168,EP-25168-ENTRY_ON_FIRST_CLOSE_OUTSIDE,ENTRY_ON_FIRST_CLOSE_OUTSIDE,-1,2021-02-01 09:42:00-05:00,2021-02-01 09:45:00-05:00,TARGET,13069.0,13094.854926756672,12.065632486446919,18.09844872967038,13050.90155127033,8.445942740512741,0.6999999999999915,rb,3,3,RB2-031381,13084.75,13104.0,NQH1
EP-27556,EP-27556-ENTRY_ON_TAP,ENTRY_ON_TAP,-1,2021-02-03 09:37:00-05:00,2021-02-03 09:38:00-05:00,TARGET,13497.5,13516.577932669628,8.903035245826434,13.35455286873965,13484.14544713126,6.232124672078412,0.6999999999999897,rb,3,1,RB2-031777,13512.75,13523.5,NQH1
EP-27560,EP-27560-ENTRY_ON_TAP,ENTRY_ON_TAP,1,2021-02-03 09:44:00-05:00,2021-02-03 09:56:00-05:00,TARGET,13489.0,13464.6473343874,11.364577285879925,17.046865928819887,13506.04686592882,7.955204100116028,0.7000000000000071,rb,1,1,RB2-012780,13479.0,13483.25,NQH1
EP-28729,EP-28729-ENTRY_ON_TAP,ENTRY_ON_TAP,-1,2021-02-04 09:33:00-05:00,2021-02-04 09:33:00-05:00,TARGET,13458.5,13474.392640619673,7.416565622514539,11.124848433771808,13447.375151566228,5.1915959357604,0.70000000000003,rb,1,1,RB2-013329,13465.75,13480.25,NQH1
EP-28738,EP-28738-ENTRY_ON_MINIMAL_WICK_REJECTION,ENTRY_ON_MINIMAL_WICK_REJECTION,1,2021-02-04 09:52:00-05:00,2021-02-04 10:02:00-05:00,STOP,13431.5,13402.139706219195,13.701470431041848,20.552205646562772,13402.139706219195,-13.701470431041848,-1.0,rb,3,1,RB2-031969,13417.75,13430.5,NQH1
EP-29839,EP-29839-ENTRY_ON_TAP,ENTRY_ON_TAP,1,2021-02-05 09:33:00-05:00,2021-02-05 09:33:00-05:00,TARGET,13581.5,13569.180522282533,5.74908960148446,8.62363440222669,13590.123634402227,4.024362721039114,0.6999999999999986,rb,3,3,RB2-032141,13577.75,13580.0,NQH1
EP-29844,EP-29844-ENTRY_ON_FIRST_CLOSE_OUTSIDE,ENTRY_ON_FIRST_CLOSE_OUTSIDE,1,2021-02-05 09:39:00-05:00,2021-02-05 09:43:00-05:00,TARGET,13560.75,13544.54431256854,7.562654134681858,11.343981202022787,13572.093981202022,5.293857894277564,0.7000000000000348,rb,3,1,RB2-032143,13544.5,13558.5,NQH1
EP-29847,EP-29847-ENTRY_ON_DELAYED_DISPLACEMENT,ENTRY_ON_DELAYED_DISPLACEMENT,1,2021-02-05 09:43:00-05:00,2021-02-05 09:55:00-05:00,STOP,13569.0,13551.057918515784,8.372971359301172,12.559457038951757,13551.057918515784,-8.372971359301172,-1.0,rb,5,1,RB2-039919,13544.5,13552.0,NQH1
EP-29861,EP-29861-ENTRY_ON_FIRST_CLOSE_OUTSIDE,ENTRY_ON_FIRST_CLOSE_OUTSIDE,-1,2021-02-05 10:10:00-05:00,2021-02-05 10:17:00-05:00,TARGET,13553.75,13574.97660891931,9.905750829011497,14.858626243517246,13538.891373756484,6.934025580307894,0.6999999999999845,rb,1,1,RB2-013897,13553.75,13559.0,NQH1
EP-33332,EP-33332-ENTRY_ON_TAP,ENTRY_ON_TAP,-1,2021-02-10 09:39:00-05:00,2021-02-10 09:41:00-05:00,TARGET,13731.75,13746.731961817495,6.991582181497778,10.487373272246668,13721.262626727754,4.894107527048465,0.700000000000003,rb,3,3,RB2-032727,13729.0,13747.5,NQH1
EP-34460,EP-34460-ENTRY_ON_TAP,ENTRY_ON_TAP,-1,2021-02-11 09:34:00-05:00,2021-02-11 09:34:00-05:00,TARGET,13725.75,13735.307001649939,4.459934103304909,6.689901154957363,13719.060098845042,3.1219538723135694,0.7000000000000298,rb,3,1,RB2-032913,13726.75,13733.5,NQH1
EP-34463,EP-34463-ENTRY_ON_MINIMAL_WICK_REJECTION,ENTRY_ON_MINIMAL_WICK_REJECTION,-1,2021-02-11 09:40:00-05:00,2021-02-11 09:40:00-05:00,TARGET,13724.0,13737.821900745777,6.450220348029328,9.675330522043993,13714.324669477955,4.515154243620447,0.6999999999999873,rb,1,1,RB2-016036,13726.5,13735.25,NQH1
EP-34463,EP-34463-ENTRY_ON_DELAYED_DISPLACEMENT,ENTRY_ON_DELAYED_DISPLACEMENT,-1,2021-02-11 09:40:00-05:00,2021-02-11 09:40:00-05:00,TARGET,13724.0,13737.821900745777,6.450220348029328,9.675330522043993,13714.324669477955,4.515154243620447,0.6999999999999873,rb,1,1,RB2-016036,13726.5,13735.25,NQH1
EP-34469,EP-34469-ENTRY_ON_TAP,ENTRY_ON_TAP,-1,2021-02-11 09:40:00-05:00,2021-02-11 09:40:00-05:00,TARGET,13724.0,13737.821900745777,6.450220348029328,9.675330522043993,13714.324669477955,4.515154243620447,0.6999999999999873,rb,5,5,RB2-040392,13718.0,13735.25,NQH1
EP-34471,EP-34471-ENTRY_ON_TAP,ENTRY_ON_TAP,1,2021-02-11 09:40:00-05:00,2021-02-11 09:40:00-05:00,STOP,13724.0,13710.178099254223,6.450220348029328,9.675330522043993,13710.178099254223,-6.450220348029328,-1.0,rb,5,5,RB2-040391,13709.0,13710.75,NQH1
EP-34474,EP-34474-ENTRY_ON_TAP,ENTRY_ON_TAP,-1,2021-02-11 09:40:00-05:00,2021-02-11 09:40:00-05:00,TARGET,13724.0,13737.821900745777,6.450220348029328,9.675330522043993,13714.324669477955,4.515154243620447,0.6999999999999873,rb,3,1,RB2-032914,13732.5,13738.75,NQH1
EP-34477,EP-34477-ENTRY_ON_FIRST_CLOSE_OUTSIDE,ENTRY_ON_FIRST_CLOSE_OUTSIDE,1,2021-02-11 09:46:00-05:00,2021-02-11 09:47:00-05:00,TARGET,13721.75,13704.515671676034,8.042686551183857,12.064029826775787,13733.814029826775,5.629880585828471,0.6999999999999715,rb,1,1,RB2-016038,13705.75,13712.0,NQH1
EP-34483,EP-34483-ENTRY_ON_TAP,ENTRY_ON_TAP,-1,2021-02-11 09:50:00-05:00,2021-02-11 09:50:00-05:00,TARGET,13721.75,13740.02314070231,8.527465661078086,12.791198491617129,13708.958801508383,5.969225962754943,0.7000000000000332,rb,1,1,RB2-016041,13731.0,13736.75,NQH1
EP-34498,EP-34498-ENTRY_ON_TAP,ENTRY_ON_TAP,-1,2021-02-11 10:01:00-05:00,2021-02-11 10:34:00-05:00,TARGET,13701.25,13725.46845217491,11.30194434829106,16.952916522436592,13684.297083477564,7.9113610438037005,0.6999999999999963,rb,5,1,RB2-040394,13689.75,13708.5,NQH1
EP-34551,EP-34551-ENTRY_ON_FIRST_CLOSE_OUTSIDE,ENTRY_ON_FIRST_CLOSE_OUTSIDE,1,2021-02-11 11:02:00-05:00,2021-02-11 11:33:00-05:00,TARGET,13716.75,13696.221917945864,9.579771625263133,14.369657437894698,13731.119657437896,6.705840137684068,0.699999999999987,rb,5,1,RB2-040398,13698.25,13709.0,NQH1
EP-35645,EP-35645-ENTRY_ON_TAP,ENTRY_ON_TAP,1,2021-02-12 09:34:00-05:00,2021-02-12 09:34:00-05:00,STOP,13676.75,13665.733801786331,5.140892499711838,7.711338749567757,13665.733801786331,-5.140892499711838,-1.0,rb,1,1,RB2-016551,13665.0,13674.0,NQH1
EP-35646,EP-35646-ENTRY_ON_TAP,ENTRY_ON_TAP,1,2021-02-12 09:37:00-05:00,2021-02-12 09:38:00-05:00,TARGET,13666.25,13652.210791938865,6.551630428529654,9.82744564279448,13676.077445642795,4.586141299970892,0.7000000000000205,rb,3,1,RB2-033107,13646.0,13660.75,NQH1
EP-36760,EP-36760-ENTRY_ON_TAP,ENTRY_ON_TAP,-1,2021-02-15 09:48:00-05:00,2021-02-15 09:52:00-05:00,STOP,13856.25,13861.246864356188,2.3318700328878315,3.497805049331747,13861.246864356188,-2.3318700328878315,-1.0,rb,1,1,RB2-017072,13856.25,13856.75,NQH1
EP-37772,EP-37772-ENTRY_ON_TAP,ENTRY_ON_TAP,1,2021-02-16 09:33:00-05:00,2021-02-16 09:33:00-05:00,TARGET,13836.75,13821.273134775825,7.222537104614478,10.833805656921717,13847.583805656921,5.055775973229895,0.6999999999999668,rb,3,3,RB2-033470,13831.25,13835.75,NQH1
EP-37801,EP-37801-ENTRY_ON_TAP,ENTRY_ON_TAP,-1,2021-02-16 10:03:00-05:00,2021-02-16 10:11:00-05:00,TARGET,13853.75,13876.347501815511,10.545500847238861,15.81825127085829,13837.931748729141,7.381850593067364,0.7000000000000153,rb,3,3,RB2-033474,13853.0,13865.0,NQH1
EP-40265,EP-40265-ENTRY_ON_TAP,ENTRY_ON_TAP,1,2021-02-18 09:42:00-05:00,2021-02-18 09:43:00-05:00,TARGET,13541.0,13517.119659872526,11.144158726154878,16.716238089232316,13557.716238089231,7.800911108308498,0.7000000000000075,rb,3,3,RB2-033866,13528.5,13534.5,NQH1
EP-40295,EP-40295-ENTRY_ON_DELAYED_DISPLACEMENT,ENTRY_ON_DELAYED_DISPLACEMENT,1,2021-02-18 10:12:00-05:00,2021-02-18 10:17:00-05:00,STOP,13530.5,13502.24809076289,13.184224310650999,19.7763364659765,13502.24809076289,-13.184224310650999,-1.0,rb,3,1,RB2-033873,13504.5,13509.25,NQH1
EP-40343,EP-40343-ENTRY_ON_TAP,ENTRY_ON_TAP,1,2021-02-18 10:50:00-05:00,2021-02-18 11:15:00-05:00,TARGET,13526.0,13500.922694331819,11.702742645151268,17.554113967726902,13543.554113967726,8.191919851605983,0.7000000000000082,rb,5,5,RB2-041014,13502.5,13511.75,NQH1
EP-40363,EP-40363-ENTRY_ON_NEW_FVG,ENTRY_ON_NEW_FVG,1,2021-02-18 11:15:00-05:00,2021-02-18 11:15:00-05:00,TARGET,13535.75,13513.267239464723,10.491954916462491,15.737932374693738,13551.487932374694,7.3443684415237955,0.700000000000005,rb,1,1,RB2-018640,13514.75,13519.5,NQH1
EP-41513,EP-41513-ENTRY_ON_TAP,ENTRY_ON_TAP,-1,2021-02-19 09:43:00-05:00,2021-02-19 09:45:00-05:00,TARGET,13671.5,13691.458935883898,9.314170079152719,13.97125511872908,13657.52874488127,6.51991905540698,0.7000000000000083,rb,3,1,RB2-034074,13664.0,13672.5,NQH1
EP-41505,EP-41505-ENTRY_ON_MINIMAL_WICK_REJECTION,ENTRY_ON_MINIMAL_WICK_REJECTION,1,2021-02-19 09:51:00-05:00,2021-02-19 09:58:00-05:00,TARGET,13658.25,13635.394040097975,10.666114620945104,15.999171931417656,13674.249171931418,7.4662802346617925,0.7000000000000206,rb,3,3,RB2-034021,13644.5,13649.0,NQH1
EP-45411,EP-45411-ENTRY_ON_FIRST_CLOSE_OUTSIDE,ENTRY_ON_FIRST_CLOSE_OUTSIDE,-1,2021-02-24 09:32:00-05:00,2021-02-24 09:35:00-05:00,TARGET,13087.75,13129.955435635871,19.695869963406977,29.543804945110466,13058.206195054889,13.78710897438516,0.7000000000000139,rb,1,1,RB2-020957,13089.75,13097.25,NQH1
EP-45409,EP-45409-ENTRY_ON_MINIMAL_WICK_REJECTION,ENTRY_ON_MINIMAL_WICK_REJECTION,1,2021-02-24 09:39:00-05:00,2021-02-24 09:47:00-05:00,TARGET,13057.75,13005.448076180277,24.4075644492037,36.61134667380555,13094.361346673806,17.085295114442328,0.6999999999999893,rb,3,3,RB2-034699,13035.25,13045.5,NQH1
EP-49327,EP-49327-ENTRY_ON_DELAYED_DISPLACEMENT,ENTRY_ON_DELAYED_DISPLACEMENT,-1,2021-03-01 10:01:00-05:00,2021-03-01 10:18:00-05:00,STOP,13084.25,13122.883075974985,18.028768788326175,27.043153182489263,13122.883075974985,-18.028768788326175,-1.0,rb,1,1,RB2-022765,13100.5,13107.25,NQH1
EP-50510,EP-50510-ENTRY_ON_TAP,ENTRY_ON_TAP,-1,2021-03-02 10:01:00-05:00,2021-03-02 10:12:00-05:00,TARGET,13230.25,13261.344574133547,14.510801262321673,21.76620189348251,13208.483798106517,10.15756088362492,0.6999999999999826,rb,1,1,RB2-023350,13228.75,13234.5,NQH1
EP-50527,EP-50527-ENTRY_ON_TAP,ENTRY_ON_TAP,-1,2021-03-02 10:19:00-05:00,2021-03-02 10:24:00-05:00,TARGET,13231.25,13264.003612789214,15.285019301633422,22.927528952450132,13208.32247104755,10.699513511143401,0.7000000000000004,rb,3,1,RB2-035509,13238.25,13248.5,NQH1
EP-53050,EP-53050-ENTRY_ON_DELAYED_DISPLACEMENT,ENTRY_ON_DELAYED_DISPLACEMENT,-1,2021-03-04 09:45:00-05:00,2021-03-04 09:46:00-05:00,TARGET,12717.75,12751.925841308026,15.948725943745112,23.92308891561767,12693.826911084383,11.164108160621309,0.6999999999999831,rb,3,3,RB2-035927,12745.75,12765.0,NQH1
EP-53082,EP-53082-ENTRY_ON_NEW_IFVG,ENTRY_ON_NEW_IFVG,1,2021-03-04 10:15:00-05:00,2021-03-04 10:19:00-05:00,STOP,12567.25,12514.320591699772,24.700390540106586,37.05058581015988,12514.320591699772,-24.700390540106586,-1.0,rb,1,1,RB2-024557,12518.5,12528.0,NQH1
EP-57012,EP-57012-ENTRY_ON_FIRST_CLOSE_OUTSIDE,ENTRY_ON_FIRST_CLOSE_OUTSIDE,-1,2021-03-09 09:40:00-05:00,2021-03-09 09:41:00-05:00,TARGET,12633.5,12662.972122776435,13.753657295669194,20.630485943503793,12612.869514056496,9.627560106968158,0.6999999999999797,rb,1,1,RB2-026374,12649.25,12652.75,NQH1
EP-02922,EP-02922-ENTRY_ON_TAP,ENTRY_ON_TAP,1,2021-03-15 10:40:00-04:00,2021-03-15 10:42:00-04:00,TARGET,12913.0,12882.75088564062,14.11625336771062,21.17438005156593,12934.174380051565,9.881377357397483,0.7000000000000035,rb,5,5,RB2-048597,12911.0,12926.5,NQM1
EP-04060,EP-04060-ENTRY_ON_FIRST_CLOSE_OUTSIDE,ENTRY_ON_FIRST_CLOSE_OUTSIDE,-1,2021-03-16 09:38:00-04:00,2021-03-16 09:43:00-04:00,STOP,13165.75,13184.574091676137,8.784576115530161,13.176864173295241,13184.574091676137,-8.784576115530161,-1.0,rb,1,1,RB2-001928,13178.25,13185.0,NQM1
EP-07693,EP-07693-ENTRY_ON_DELAYED_DISPLACEMENT,ENTRY_ON_DELAYED_DISPLACEMENT,1,2021-03-19 09:48:00-04:00,2021-03-19 09:53:00-04:00,TARGET,12761.5,12715.782122007307,21.335009729923158,32.00251459488474,12793.502514594884,14.934506810946173,0.6999999999999983,rb,1,1,RB2-003625,12724.75,12733.5,NQM1
EP-08870,EP-08870-ENTRY_ON_TAP,ENTRY_ON_TAP,-1,2021-03-22 09:34:00-04:00,2021-03-22 09:36:00-04:00,STOP,12974.5,12990.644797621006,7.534238889803047,11.30135833470457,12990.644797621006,-7.534238889803047,-1.0,rb,1,1,RB2-004171,12978.75,12986.0,NQM1
EP-08870,EP-08870-ENTRY_ON_DELAYED_DISPLACEMENT,ENTRY_ON_DELAYED_DISPLACEMENT,-1,2021-03-22 09:38:00-04:00,2021-03-22 09:39:00-04:00,STOP,12968.5,12987.609475725198,8.917755338425247,13.37663300763787,12987.609475725198,-8.917755338425247,-1.0,rb,1,1,RB2-004171,12978.75,12986.0,NQM1
EP-10018,EP-10018-ENTRY_ON_FIRST_CLOSE_OUTSIDE,ENTRY_ON_FIRST_CLOSE_OUTSIDE,1,2021-03-23 09:34:00-04:00,2021-03-23 09:35:00-04:00,TARGET,13096.5,13081.10537553844,7.1841580820615105,10.776237123092265,13107.276237123093,5.0289106574432,0.7000000000000198,rb,3,1,RB2-037320,13084.25,13090.5,NQM1
EP-10024,EP-10024-ENTRY_ON_DELAYED_DISPLACEMENT,ENTRY_ON_DELAYED_DISPLACEMENT,1,2021-03-23 09:47:00-04:00,2021-03-23 09:49:00-04:00,STOP,13083.0,13057.415488733357,11.939438591100448,17.90915788665067,13057.415488733357,-11.939438591100448,-1.0,rb,1,1,RB2-004739,13073.5,13079.25,NQM1
EP-10081,EP-10081-ENTRY_ON_TAP,ENTRY_ON_TAP,1,2021-03-23 10:33:00-04:00,2021-03-23 10:39:00-04:00,STOP,13084.5,13057.621460452883,12.543318455321048,18.81497768298157,13057.621460452883,-12.543318455321048,-1.0,rb,5,1,RB2-049297,13082.0,13090.25,NQM1
EP-12593,EP-12593-ENTRY_ON_TAP,ENTRY_ON_TAP,-1,2021-03-25 10:22:00-04:00,2021-03-25 10:25:00-04:00,TARGET,12802.75,12842.805337424086,18.69249079790676,28.038736196860143,12774.71126380314,13.084743558534626,0.6999999999999943,rb,5,1,RB2-049546,12815.25,12825.75,NQM1
EP-16469,EP-16469-ENTRY_ON_TAP,ENTRY_ON_TAP,-1,2021-03-30 10:06:00-04:00,2021-03-30 10:11:00-04:00,STOP,12820.75,12850.693644230694,13.973700640991021,20.960550961486533,12850.693644230694,-13.973700640991021,-1.0,rb,3,3,RB2-038365,12830.75,12839.5,NQM1
EP-22112,EP-22112-ENTRY_ON_TAP,ENTRY_ON_TAP,-1,2021-04-06 09:52:00-04:00,2021-04-06 09:54:00-04:00,STOP,13561.75,13583.233010750911,10.025405017091973,15.03810752563796,13583.233010750911,-10.025405017091973,-1.0,rb,1,1,RB2-010176,13570.25,13577.0,NQM1
EP-23349,EP-23349-ENTRY_ON_FIRST_CLOSE_OUTSIDE,ENTRY_ON_FIRST_CLOSE_OUTSIDE,1,2021-04-07 09:37:00-04:00,2021-04-07 09:39:00-04:00,TARGET,13525.5,13511.19134345791,6.677373052975584,10.016059579463377,13535.516059579464,4.674161137082813,0.6999999999999857,rb,5,1,RB2-050637,13512.5,13521.0,NQM1
EP-23350,EP-23350-ENTRY_ON_TAP,ENTRY_ON_TAP,1,2021-04-07 09:40:00-04:00,2021-04-07 09:41:00-04:00,TARGET,13525.5,13510.105562075962,7.184071031217733,10.776106546826599,13536.276106546826,5.028849721852295,0.6999999999999836,rb,5,5,RB2-050637,13512.5,13521.0,NQM1
EP-23465,EP-23465-ENTRY_ON_TAP,ENTRY_ON_TAP,-1,2021-04-07 11:37:00-04:00,2021-04-07 11:38:00-04:00,TARGET,13591.75,13606.188795801367,6.738104707304853,10.10715706095728,13581.642842939043,4.716673295113664,0.7000000000000397,rb,1,1,RB2-010755,13595.25,13597.5,NQM1
EP-24549,EP-24549-ENTRY_ON_TAP,ENTRY_ON_TAP,-1,2021-04-08 09:52:00-04:00,2021-04-08 10:00:00-04:00,STOP,13733.25,13753.864777806317,9.620229642948006,14.43034446442201,13753.864777806317,-9.620229642948006,-1.0,rb,5,1,RB2-050765,13726.75,13740.0,NQM1
EP-29338,EP-29338-ENTRY_ON_FIRST_CLOSE_OUTSIDE,ENTRY_ON_FIRST_CLOSE_OUTSIDE,-1,2021-04-14 09:36:00-04:00,2021-04-14 09:40:00-04:00,TARGET,13957.75,13971.024890810546,6.19494904492122,9.29242356738183,13948.457576432618,4.33646433144471,0.6999999999999768,rb,1,1,RB2-013506,13968.0,13974.0,NQM1
EP-30533,EP-30533-ENTRY_ON_DELAYED_DISPLACEMENT,ENTRY_ON_DELAYED_DISPLACEMENT,1,2021-04-15 09:35:00-04:00,2021-04-15 09:35:00-04:00,TARGET,13954.75,13941.336732603488,6.259524785038858,9.389287177558288,13964.139287177559,4.381667349527047,0.6999999999999754,rb,5,5,RB2-051372,13921.25,13925.5,NQM1
EP-30547,EP-30547-ENTRY_ON_NEW_FVG,ENTRY_ON_NEW_FVG,1,2021-04-15 09:36:00-04:00,2021-04-15 09:39:00-04:00,TARGET,13955.75,13941.82419017358,6.4987112523289055,9.748066878493358,13965.498066878494,4.549097876629955,0.6999999999999571,rb,3,3,RB2-040679,13925.0,13927.75,NQM1
EP-33071,EP-33071-ENTRY_ON_FIRST_CLOSE_OUTSIDE,ENTRY_ON_FIRST_CLOSE_OUTSIDE,1,2021-04-19 10:25:00-04:00,2021-04-19 10:44:00-04:00,STOP,13929.0,13903.984288815123,11.673998552942031,17.510997829413046,13903.984288815123,-11.673998552942031,-1.0,rb,5,5,RB2-051636,13912.0,13924.0,NQM1
EP-33144,EP-33144-ENTRY_ON_DELAYED_DISPLACEMENT,ENTRY_ON_DELAYED_DISPLACEMENT,1,2021-04-19 11:18:00-04:00,2021-04-19 11:25:00-04:00,STOP,13937.5,13912.823787838044,11.515565675579182,17.273348513368774,13912.823787838044,-11.515565675579182,-1.0,rb,5,1,RB2-051643,13906.75,13916.0,NQM1
EP-34244,EP-34244-ENTRY_ON_FIRST_CLOSE_OUTSIDE,ENTRY_ON_FIRST_CLOSE_OUTSIDE,1,2021-04-20 09:40:00-04:00,2021-04-20 09:41:00-04:00,STOP,13888.5,13870.912144570098,8.20766586728755,12.311498800931325,13870.912144570098,-8.20766586728755,-1.0,rb,5,5,RB2-051760,13864.75,13867.25,NQM1
EP-34250,EP-34250-ENTRY_ON_MINIMAL_WICK_REJECTION,ENTRY_ON_MINIMAL_WICK_REJECTION,-1,2021-04-20 09:41:00-04:00,2021-04-20 09:42:00-04:00,STOP,13872.0,13890.796992406036,8.771929789483902,13.157894684225854,13890.796992406036,-8.771929789483902,-1.0,rb,3,1,RB2-041267,13886.25,13899.25,NQM1
EP-35487,EP-35487-ENTRY_ON_TAP,ENTRY_ON_TAP,1,2021-04-21 09:42:00-04:00,2021-04-21 09:46:00-04:00,TARGET,13724.5,13701.588241662681,10.692153890748655,16.03823083612298,13740.538230836122,7.484507723523895,0.6999999999999847,rb,1,1,RB2-016311,13700.5,13709.5,NQM1
EP-36682,EP-36682-ENTRY_ON_FIRST_CLOSE_OUTSIDE,ENTRY_ON_FIRST_CLOSE_OUTSIDE,1,2021-04-22 09:35:00-04:00,2021-04-22 09:37:00-04:00,TARGET,13891.0,13877.718113066627,6.198213902240534,9.297320853360802,13900.29732085336,4.3387497315681545,0.6999999999999647,rb,3,1,RB2-041651,13882.25,13886.75,NQM1
EP-37788,EP-37788-ENTRY_ON_FIRST_CLOSE_OUTSIDE,ENTRY_ON_FIRST_CLOSE_OUTSIDE,-1,2021-04-23 09:36:00-04:00,2021-04-23 09:40:00-04:00,STOP,13806.25,13818.647554707657,5.785525530239758,8.678288295359636,13818.647554707657,-5.785525530239758,-1.0,rb,3,1,RB2-041834,13806.75,13816.0,NQM1
EP-37790,EP-37790-ENTRY_ON_STRONG_REJECTION,ENTRY_ON_STRONG_REJECTION,-1,2021-04-23 09:41:00-04:00,2021-04-23 09:43:00-04:00,TARGET,13809.0,13823.776152420147,6.8955377960682265,10.34330669410234,13798.656693305898,4.82687645724753,0.6999999999999669,rb,1,1,RB2-017428,13812.25,13816.0,NQM1
EP-38897,EP-38897-ENTRY_ON_TAP,ENTRY_ON_TAP,-1,2021-04-26 09:40:00-04:00,2021-04-26 09:42:00-04:00,STOP,13930.25,13943.92702189431,6.382610217344074,9.573915326016111,13943.92702189431,-6.382610217344074,-1.0,rb,5,5,RB2-052236,13933.75,13946.75,NQM1
EP-41090,EP-41090-ENTRY_ON_TAP,ENTRY_ON_TAP,1,2021-04-28 09:44:00-04:00,2021-04-28 09:45:00-04:00,TARGET,13914.0,13899.033667669986,6.9842884206729074,10.476432631009361,13924.476432631009,4.88900189447091,0.6999999999999821,rb,1,1,RB2-018944,13908.75,13912.75,NQM1
EP-41198,EP-41198-ENTRY_ON_FIRST_CLOSE_OUTSIDE,ENTRY_ON_FIRST_CLOSE_OUTSIDE,-1,2021-04-28 11:23:00-04:00,2021-04-28 11:38:00-04:00,STOP,13912.0,13928.264590264702,7.590142123527873,11.38521318529181,13928.264590264702,-7.590142123527873,-1.0,rb,3,1,RB2-042394,13914.25,13916.75,NQM1
EP-43559,EP-43559-ENTRY_ON_TAP,ENTRY_ON_TAP,1,2021-04-30 09:43:00-04:00,2021-04-30 09:48:00-04:00,TARGET,13877.75,13857.262301249322,9.560926083649637,14.341389125474455,13892.091389125475,6.692648258554764,0.700000000000002,rb,3,1,RB2-042772,13866.75,13880.25,NQM1
EP-44679,EP-44679-ENTRY_ON_DELAYED_DISPLACEMENT,ENTRY_ON_DELAYED_DISPLACEMENT,1,2021-05-03 09:41:00-04:00,2021-05-03 09:46:00-04:00,STOP,13870.5,13854.897684049827,7.28108077674731,10.921621165120966,13854.897684049827,-7.28108077674731,-1.0,rb,3,1,RB2-042915,13857.0,13858.25,NQM1
EP-50899,EP-50899-ENTRY_ON_FIRST_CLOSE_OUTSIDE,ENTRY_ON_FIRST_CLOSE_OUTSIDE,-1,2021-05-10 09:51:00-04:00,2021-05-10 09:53:00-04:00,TARGET,13549.25,13574.255622706954,11.66929059657889,17.503935894868334,13531.746064105131,8.168503417605324,0.7000000000000086,rb,5,1,RB2-053423,13567.75,13584.5,NQM1
EP-57069,EP-57069-ENTRY_ON_TAP,ENTRY_ON_TAP,1,2021-05-17 09:34:00-04:00,2021-05-17 09:34:00-04:00,TARGET,13275.25,13259.324402594457,7.431945455920482,11.147918183880723,13286.39791818388,5.202361819144576,0.7000000000000322,rb,3,1,RB2-044964,13267.25,13278.5,NQM1
EP-57085,EP-57085-ENTRY_ON_DELAYED_DISPLACEMENT,ENTRY_ON_DELAYED_DISPLACEMENT,-1,2021-05-17 09:53:00-04:00,2021-05-17 10:00:00-04:00,TARGET,13289.75,13317.58095714571,12.98778000133158,19.48167000199737,13270.268329998004,9.091446000932189,0.7000000000000064,rb,5,1,RB2-054042,13318.75,13343.0,NQM1
EP-58246,EP-58246-ENTRY_ON_FIRST_CLOSE_OUTSIDE,ENTRY_ON_FIRST_CLOSE_OUTSIDE,1,2021-05-18 09:35:00-04:00,2021-05-18 09:35:00-04:00,TARGET,13324.25,13307.296656814353,7.911560153301681,11.867340229952521,13336.117340229952,5.538092107310968,0.6999999999999735,rb,1,1,RB2-026711,13313.25,13322.75,NQM1
EP-58246,EP-58246-ENTRY_ON_MINIMAL_WICK_REJECTION,ENTRY_ON_MINIMAL_WICK_REJECTION,1,2021-05-18 09:35:00-04:00,2021-05-18 09:35:00-04:00,TARGET,13324.25,13307.296656814353,7.911560153301681,11.867340229952521,13336.117340229952,5.538092107310968,0.6999999999999735,rb,1,1,RB2-026711,13313.25,13322.75,NQM1
EP-58251,EP-58251-ENTRY_ON_DELAYED_DISPLACEMENT,ENTRY_ON_DELAYED_DISPLACEMENT,-1,2021-05-18 09:49:00-04:00,2021-05-18 09:50:00-04:00,TARGET,13325.0,13350.162598391982,11.74254591625815,17.613818874387224,13307.386181125612,8.21978214138059,0.6999999999999902,rb,1,1,RB2-026717,13341.5,13348.5,NQM1
EP-59571,EP-59571-ENTRY_ON_FIRST_CLOSE_OUTSIDE,ENTRY_ON_FIRST_CLOSE_OUTSIDE,-1,2021-05-19 10:12:00-04:00,2021-05-19 10:25:00-04:00,STOP,13035.25,13076.655917492748,19.32276149661606,28.98414224492409,13076.655917492748,-19.32276149661606,-1.0,rb,3,1,RB2-045369,13042.0,13066.0,NQM1
EP-62010,EP-62010-ENTRY_ON_TAP,ENTRY_ON_TAP,-1,2021-05-21 10:13:00-04:00,2021-05-21 10:16:00-04:00,TARGET,13507.25,13532.474181811936,11.771284845570053,17.65692726835508,13489.593072731644,8.23989939189884,0.6999999999999832,rb,1,1,RB2-028417,13514.0,13519.25,NQM1
EP-63211,EP-63211-ENTRY_ON_FIRST_CLOSE_OUTSIDE,ENTRY_ON_FIRST_CLOSE_OUTSIDE,-1,2021-05-24 09:47:00-04:00,2021-05-24 10:00:00-04:00,STOP,13570.25,13588.280944063144,8.414440562800765,12.621660844201148,13588.280944063144,-8.414440562800765,-1.0,rb,5,1,RB2-054659,13572.5,13583.25,NQM1
EP-64377,EP-64377-ENTRY_ON_TAP,ENTRY_ON_TAP,1,2021-05-25 09:36:00-04:00,2021-05-25 09:37:00-04:00,STOP,13699.0,13683.479061882947,7.243104454625224,10.864656681937836,13683.479061882947,-7.243104454625224,-1.0,rb,3,3,RB2-046131,13684.0,13688.5,NQM1
EP-66723,EP-66723-ENTRY_ON_TAP,ENTRY_ON_TAP,-1,2021-05-27 09:52:00-04:00,2021-05-27 09:57:00-04:00,TARGET,13667.75,13688.300528136577,9.59024646373556,14.385369695603341,13653.364630304397,6.71317252461471,0.699999999999981,rb,5,1,RB2-055031,13662.75,13674.75,NQM1
EP-66712,EP-66712-ENTRY_ON_FIRST_CLOSE_OUTSIDE,ENTRY_ON_FIRST_CLOSE_OUTSIDE,-1,2021-05-27 09:57:00-04:00,2021-05-27 10:09:00-04:00,STOP,13660.0,13680.591912027763,9.609558946289457,14.414338419434186,13680.591912027763,-9.609558946289457,-1.0,rb,3,3,RB2-046525,13668.0,13673.0,NQM1
EP-67899,EP-67899-ENTRY_ON_STRONG_REJECTION,ENTRY_ON_STRONG_REJECTION,-1,2021-05-28 09:48:00-04:00,2021-05-28 09:48:00-04:00,TARGET,13723.5,13738.91791152846,7.195025379948367,10.79253806992255,13712.707461930078,5.036517765963939,0.7000000000000114,rb,3,1,RB2-046722,13732.25,13739.75,NQM1
EP-67900,EP-67900-ENTRY_ON_FIRST_CLOSE_OUTSIDE,ENTRY_ON_FIRST_CLOSE_OUTSIDE,-1,2021-05-28 09:48:00-04:00,2021-05-28 09:48:00-04:00,TARGET,13723.5,13738.91791152846,7.195025379948367,10.79253806992255,13712.707461930078,5.036517765963939,0.7000000000000114,rb,3,3,RB2-046722,13732.25,13739.75,NQM1
EP-67900,EP-67900-ENTRY_ON_MINIMAL_WICK_REJECTION,ENTRY_ON_MINIMAL_WICK_REJECTION,-1,2021-05-28 09:48:00-04:00,2021-05-28 09:48:00-04:00,TARGET,13723.5,13738.91791152846,7.195025379948367,10.79253806992255,13712.707461930078,5.036517765963939,0.7000000000000114,rb,3,3,RB2-046722,13732.25,13739.75,NQM1
EP-67900,EP-67900-ENTRY_ON_STRONG_REJECTION,ENTRY_ON_STRONG_REJECTION,-1,2021-05-28 09:48:00-04:00,2021-05-28 09:48:00-04:00,TARGET,13723.5,13738.91791152846,7.195025379948367,10.79253806992255,13712.707461930078,5.036517765963939,0.7000000000000114,rb,3,3,RB2-046722,13732.25,13739.75,NQM1
EP-67905,EP-67905-ENTRY_ON_FIRST_CLOSE_OUTSIDE,ENTRY_ON_FIRST_CLOSE_OUTSIDE,-1,2021-05-28 09:48:00-04:00,2021-05-28 09:48:00-04:00,TARGET,13723.5,13738.91791152846,7.195025379948367,10.79253806992255,13712.707461930078,5.036517765963939,0.7000000000000114,rb,1,1,RB2-031145,13727.25,13730.75,NQM1
EP-67905,EP-67905-ENTRY_ON_MINIMAL_WICK_REJECTION,ENTRY_ON_MINIMAL_WICK_REJECTION,-1,2021-05-28 09:48:00-04:00,2021-05-28 09:48:00-04:00,TARGET,13723.5,13738.91791152846,7.195025379948367,10.79253806992255,13712.707461930078,5.036517765963939,0.7000000000000114,rb,1,1,RB2-031145,13727.25,13730.75,NQM1
EP-67905,EP-67905-ENTRY_ON_STRONG_REJECTION,ENTRY_ON_STRONG_REJECTION,-1,2021-05-28 09:48:00-04:00,2021-05-28 09:48:00-04:00,TARGET,13723.5,13738.91791152846,7.195025379948367,10.79253806992255,13712.707461930078,5.036517765963939,0.7000000000000114,rb,1,1,RB2-031145,13727.25,13730.75,NQM1
EP-69968,EP-69968-ENTRY_ON_TAP,ENTRY_ON_TAP,-1,2021-06-01 09:43:00-04:00,2021-06-01 09:46:00-04:00,TARGET,13760.0,13772.60504739732,5.882355452082217,8.823533178123327,13751.176466821877,4.117648816457519,0.6999999999999944,rb,3,1,RB2-047074,13764.25,13773.0,NQM1
EP-71185,EP-71185-ENTRY_ON_TAP,ENTRY_ON_TAP,1,2021-06-02 09:59:00-04:00,2021-06-02 10:00:00-04:00,STOP,13687.0,13671.453842749163,7.25487338372451,10.882310075586766,13671.453842749163,-7.25487338372451,-1.0,rb,1,1,RB2-032640,13683.75,13685.75,NQM1
EP-71216,EP-71216-ENTRY_ON_DELAYED_DISPLACEMENT,ENTRY_ON_DELAYED_DISPLACEMENT,1,2021-06-02 10:23:00-04:00,2021-06-02 10:27:00-04:00,TARGET,13688.0,13670.419522492548,8.20422283681112,12.30633425521668,13700.306334255216,5.742955985767885,0.7000000000000124,rb,1,1,RB2-032650,13675.75,13678.5,NQM1
EP-72394,EP-72394-ENTRY_ON_TAP,ENTRY_ON_TAP,-1,2021-06-03 10:26:00-04:00,2021-06-03 10:27:00-04:00,TARGET,13537.25,13560.47539364655,10.838517035056343,16.257775552584516,13520.992224447415,7.586961924539381,0.6999999999999945,rb,5,1,RB2-055589,13528.75,13540.5,NQM1
EP-73542,EP-73542-ENTRY_ON_COMPRESSION_BREAK,ENTRY_ON_COMPRESSION_BREAK,1,2021-06-04 09:35:00-04:00,2021-06-04 09:35:00-04:00,TARGET,13642.75,13626.584726251016,7.54379441619255,11.315691624288824,13654.06569162429,5.280656091334808,0.7000000000000031,rb,5,5,RB2-055701,13571.25,13583.5,NQM1
EP-74720,EP-74720-ENTRY_ON_STRONG_REJECTION,ENTRY_ON_STRONG_REJECTION,1,2021-06-07 09:42:00-04:00,2021-06-07 09:50:00-04:00,TARGET,13746.0,13728.19529712351,8.308861342362206,12.46329201354331,13758.463292013543,5.8162029396535555,0.7000000000000013,rb,3,3,RB2-047816,13732.5,13738.5,NQM1
EP-77119,EP-77119-ENTRY_ON_TAP,ENTRY_ON_TAP,-1,2021-06-09 09:44:00-04:00,2021-06-09 09:45:00-04:00,STOP,13875.25,13891.834508275124,7.739437195057971,11.609155792586957,13891.834508275124,-7.739437195057971,-1.0,rb,1,1,RB2-035406,13877.75,13879.75,NQM1
EP-01581,EP-01581-ENTRY_ON_TAP,ENTRY_ON_TAP,1,2021-06-11 09:57:00-04:00,2021-06-11 10:00:00-04:00,TARGET,13950.75,13932.647351886908,8.447902452776148,12.671853679164222,13963.421853679165,5.913531716943197,0.6999999999999874,rb,5,1,RB2-047287,13948.25,13953.5,NQU1
EP-02661,EP-02661-ENTRY_ON_FIRST_CLOSE_OUTSIDE,ENTRY_ON_FIRST_CLOSE_OUTSIDE,1,2021-06-14 09:37:00-04:00,2021-06-14 09:38:00-04:00,TARGET,13975.0,13962.820936133236,5.683563137823029,8.525344706734543,13983.525344706735,3.978494196475867,0.6999999999999554,rb,5,1,RB2-047390,13957.0,13973.25,NQU1
EP-03846,EP-03846-ENTRY_ON_TAP,ENTRY_ON_TAP,1,2021-06-15 09:40:00-04:00,2021-06-15 09:42:00-04:00,TARGET,14084.5,14069.95458054762,6.787862411111027,10.181793616666539,14094.681793616666,4.7515036877776815,0.6999999999999945,rb,5,5,RB2-047506,14063.75,14072.25,NQU1
EP-05015,EP-05015-ENTRY_ON_TAP,ENTRY_ON_TAP,-1,2021-06-16 09:45:00-04:00,2021-06-16 09:50:00-04:00,STOP,14065.5,14079.156779793226,6.3731639035056835,9.559745855258525,14079.156779793226,-6.3731639035056835,-1.0,rb,3,3,RB2-035551,14064.25,14068.25,NQU1
EP-06272,EP-06272-ENTRY_ON_FIRST_CLOSE_OUTSIDE,ENTRY_ON_FIRST_CLOSE_OUTSIDE,1,2021-06-17 09:46:00-04:00,2021-06-17 09:50:00-04:00,TARGET,13997.25,13977.555114536659,9.190946549559415,13.786419824339124,14011.036419824339,6.433662584691771,0.7000000000000197,rb,3,1,RB2-035736,13980.5,13987.0,NQU1
EP-07460,EP-07460-ENTRY_ON_TAP,ENTRY_ON_TAP,1,2021-06-18 09:41:00-04:00,2021-06-18 09:42:00-04:00,TARGET,14091.0,14055.852822019604,16.402016390851713,24.60302458627757,14115.603024586278,11.48141147359637,0.7000000000000104,rb,5,1,RB2-047881,14071.0,14095.75,NQU1
EP-07488,EP-07488-ENTRY_ON_FIRST_CLOSE_OUTSIDE,ENTRY_ON_FIRST_CLOSE_OUTSIDE,1,2021-06-18 10:08:00-04:00,2021-06-18 10:46:00-04:00,STOP,14099.75,14062.164658386775,17.539826086171484,26.309739129257224,14099.75,-0.0,-0.0,rb,3,1,RB2-035927,14067.5,14081.5,NQU1
EP-09883,EP-09883-ENTRY_ON_MINIMAL_WICK_REJECTION,ENTRY_ON_MINIMAL_WICK_REJECTION,-1,2021-06-22 10:04:00-04:00,2021-06-22 10:31:00-04:00,STOP,14148.75,14175.74201655432,12.596274392016019,18.894411588024028,14175.74201655432,-12.596274392016019,-1.0,rb,3,1,RB2-036285,14159.75,14167.25,NQU1
EP-12240,EP-12240-ENTRY_ON_FIRST_CLOSE_OUTSIDE,ENTRY_ON_FIRST_CLOSE_OUTSIDE,-1,2021-06-24 09:44:00-04:00,2021-06-24 09:46:00-04:00,TARGET,14373.75,14387.99521057716,6.6477649360086035,9.971647404012906,14363.778352595988,4.653435455206172,0.7000000000000226,rb,3,1,RB2-036661,14376.0,14386.25,NQU1
EP-14533,EP-14533-ENTRY_ON_FIRST_CLOSE_OUTSIDE,ENTRY_ON_FIRST_CLOSE_OUTSIDE,-1,2021-06-28 09:34:00-04:00,2021-06-28 09:36:00-04:00,STOP,14435.0,14446.374135821477,5.307930050022506,7.961895075033759,14446.374135821477,-5.307930050022506,-1.0,rb,1,1,RB2-006532,14436.5,14443.0,NQU1
EP-14542,EP-14542-ENTRY_ON_TAP,ENTRY_ON_TAP,1,2021-06-28 09:43:00-04:00,2021-06-28 09:44:00-04:00,TARGET,14434.0,14419.715540607735,6.666081049724205,9.999121574586308,14443.999121574587,4.666256734807161,0.7000000000000326,rb,3,1,RB2-037027,14430.5,14436.75,NQU1
EP-14542,EP-14542-ENTRY_ON_FIRST_CLOSE_OUTSIDE,ENTRY_ON_FIRST_CLOSE_OUTSIDE,1,2021-06-28 09:44:00-04:00,2021-06-28 09:44:00-04:00,TARGET,14442.0,14427.30626213003,6.8570776726523635,10.285616508978546,14452.285616508978,4.799954370856612,0.6999999999999937,rb,3,1,RB2-037027,14430.5,14436.75,NQU1
EP-14542,EP-14542-ENTRY_ON_MINIMAL_WICK_REJECTION,ENTRY_ON_MINIMAL_WICK_REJECTION,1,2021-06-28 09:44:00-04:00,2021-06-28 09:44:00-04:00,TARGET,14442.0,14427.30626213003,6.8570776726523635,10.285616508978546,14452.285616508978,4.799954370856612,0.6999999999999937,rb,3,1,RB2-037027,14430.5,14436.75,NQU1
EP-14542,EP-14542-ENTRY_ON_IMMEDIATE_DISPLACEMENT,ENTRY_ON_IMMEDIATE_DISPLACEMENT,1,2021-06-28 09:44:00-04:00,2021-06-28 09:44:00-04:00,TARGET,14442.0,14427.30626213003,6.8570776726523635,10.285616508978546,14452.285616508978,4.799954370856612,0.6999999999999937,rb,3,1,RB2-037027,14430.5,14436.75,NQU1
EP-14540,EP-14540-ENTRY_ON_TAP,ENTRY_ON_TAP,-1,2021-06-28 09:45:00-04:00,2021-06-28 09:45:00-04:00,TARGET,14450.25,14465.313641649196,7.029699436291848,10.544549154437771,14439.705450845562,4.920789605404513,0.7000000000000313,rb,5,5,RB2-048591,14453.25,14457.25,NQU1
EP-14544,EP-14544-ENTRY_ON_TAP,ENTRY_ON_TAP,1,2021-06-28 09:46:00-04:00,2021-06-28 09:47:00-04:00,TARGET,14440.25,14424.340795800472,7.424295293113021,11.136442939669532,14451.386442939669,5.197006705179025,0.699999999999988,rb,5,1,RB2-048592,14431.5,14450.25,NQU1
EP-15714,EP-15714-ENTRY_ON_FIRST_CLOSE_OUTSIDE,ENTRY_ON_FIRST_CLOSE_OUTSIDE,1,2021-06-29 09:36:00-04:00,2021-06-29 09:36:00-04:00,TARGET,14490.5,14477.082336337591,6.261576375791048,9.392364563686572,14499.892364563686,4.383103463053922,0.70000000000003,rb,3,3,RB2-037223,14484.5,14487.0,NQU1
EP-15714,EP-15714-ENTRY_ON_MINIMAL_WICK_REJECTION,ENTRY_ON_MINIMAL_WICK_REJECTION,1,2021-06-29 09:36:00-04:00,2021-06-29 09:36:00-04:00,TARGET,14490.5,14477.082336337591,6.261576375791048,9.392364563686572,14499.892364563686,4.383103463053922,0.70000000000003,rb,3,3,RB2-037223,14484.5,14487.0,NQU1
EP-15714,EP-15714-ENTRY_ON_STRONG_REJECTION,ENTRY_ON_STRONG_REJECTION,1,2021-06-29 09:36:00-04:00,2021-06-29 09:36:00-04:00,TARGET,14490.5,14477.082336337591,6.261576375791048,9.392364563686572,14499.892364563686,4.383103463053922,0.70000000000003,rb,3,3,RB2-037223,14484.5,14487.0,NQU1
EP-18122,EP-18122-ENTRY_ON_DELAYED_DISPLACEMENT,ENTRY_ON_DELAYED_DISPLACEMENT,-1,2021-07-01 09:54:00-04:00,2021-07-01 09:54:00-04:00,TARGET,14546.0,14562.967254851945,7.9180522642410125,11.877078396361519,14534.122921603639,5.5426365849688,0.7000000000000116,rb,3,3,RB2-037612,14551.0,14564.5,NQU1
EP-18130,EP-18130-ENTRY_ON_DELAYED_DISPLACEMENT,ENTRY_ON_DELAYED_DISPLACEMENT,-1,2021-07-01 09:54:00-04:00,2021-07-01 09:54:00-04:00,TARGET,14546.0,14562.967254851945,7.9180522642410125,11.877078396361519,14534.122921603639,5.5426365849688,0.7000000000000116,rb,3,3,RB2-037574,14565.5,14566.5,NQU1
EP-19232,EP-19232-ENTRY_ON_TAP,ENTRY_ON_TAP,-1,2021-07-02 09:42:00-04:00,2021-07-02 09:49:00-04:00,STOP,14646.75,14663.194236978774,7.673977256760901,11.510965885141353,14663.194236978774,-7.673977256760901,-1.0,rb,3,3,RB2-037785,14655.5,14660.5,NQU1
EP-20368,EP-20368-ENTRY_ON_TAP,ENTRY_ON_TAP,1,2021-07-05 09:46:00-04:00,2021-07-05 09:57:00-04:00,STOP,14697.75,14693.647841001377,1.9143408660237067,2.87151129903556,14693.647841001377,-1.9143408660237067,-1.0,rb,3,1,RB2-037966,14696.25,14697.5,NQU1
EP-21299,EP-21299-ENTRY_ON_FIRST_CLOSE_OUTSIDE,ENTRY_ON_FIRST_CLOSE_OUTSIDE,-1,2021-07-06 09:35:00-04:00,2021-07-06 09:37:00-04:00,STOP,14761.25,14771.832643074304,4.938566768008411,7.407850152012617,14771.832643074304,-4.938566768008411,-1.0,rb,3,1,RB2-038118,14766.0,14773.75,NQU1
EP-21299,EP-21299-ENTRY_ON_STRONG_REJECTION,ENTRY_ON_STRONG_REJECTION,-1,2021-07-06 09:41:00-04:00,2021-07-06 09:43:00-04:00,TARGET,14759.5,14771.782565775517,5.7318640285747415,8.597796042862113,14750.902203957137,4.012304820002562,0.7000000000000425,rb,3,1,RB2-038118,14766.0,14773.75,NQU1
EP-22453,EP-22453-ENTRY_ON_DELAYED_DISPLACEMENT,ENTRY_ON_DELAYED_DISPLACEMENT,1,2021-07-07 09:38:00-04:00,2021-07-07 09:43:00-04:00,TARGET,14834.0,14818.243272986683,7.353139272880787,11.02970890932118,14845.029708909322,5.147197491016287,0.6999999999999642,rb,3,1,RB2-038270,14823.25,14826.25,NQU1
EP-22463,EP-22463-ENTRY_ON_TAP,ENTRY_ON_TAP,1,2021-07-07 09:46:00-04:00,2021-07-07 10:03:00-04:00,STOP,14835.75,14817.130352526106,8.689168821150643,13.033753231725964,14817.130352526106,-8.689168821150643,-1.0,rb,5,1,RB2-049384,14825.25,14834.5,NQU1
EP-23705,EP-23705-ENTRY_ON_TAP,ENTRY_ON_TAP,-1,2021-07-08 09:52:00-04:00,2021-07-08 09:58:00-04:00,STOP,14590.25,14624.081462188424,15.788015687930928,23.68202353189639,14624.081462188424,-15.788015687930928,-1.0,rb,3,1,RB2-038507,14591.0,14599.5,NQU1
EP-26211,EP-26211-ENTRY_ON_DELAYED_DISPLACEMENT,ENTRY_ON_DELAYED_DISPLACEMENT,1,2021-07-12 10:15:00-04:00,2021-07-12 10:16:00-04:00,STOP,14835.0,14813.15991222425,10.192040962017044,15.288061443025565,14813.15991222425,-10.192040962017044,-1.0,rb,1,1,RB2-011871,14817.5,14821.0,NQU1
EP-26213,EP-26213-ENTRY_ON_FIRST_CLOSE_OUTSIDE,ENTRY_ON_FIRST_CLOSE_OUTSIDE,1,2021-07-12 10:30:00-04:00,2021-07-12 10:51:00-04:00,TARGET,14831.25,14809.832303698895,9.9949249405154,14.9923874107731,14846.242387410774,6.996447458360585,0.6999999999999805,rb,5,5,RB2-049750,14802.25,14818.5,NQU1
EP-28565,EP-28565-ENTRY_ON_DELAYED_DISPLACEMENT,ENTRY_ON_DELAYED_DISPLACEMENT,-1,2021-07-14 10:25:00-04:00,2021-07-14 10:28:00-04:00,TARGET,14966.75,14986.85016397097,9.380076519786398,14.070114779679596,14952.679885220321,6.5660535638506765,0.7000000000000212,rb,1,1,RB2-012894,14977.75,14981.0,NQU1
EP-29795,EP-29795-ENTRY_ON_TAP,ENTRY_ON_TAP,1,2021-07-15 09:37:00-04:00,2021-07-15 09:37:00-04:00,STOP,14839.0,14819.206869100095,9.236794419955872,13.85519162993381,14819.206869100095,-9.236794419955872,-1.0,rb,3,1,RB2-039513,14816.75,14833.25,NQU1
EP-29801,EP-29801-ENTRY_ON_TAP,ENTRY_ON_TAP,1,2021-07-15 09:48:00-04:00,2021-07-15 09:49:00-04:00,TARGET,14846.5,14820.725919440109,12.027904261282405,18.04185639192361,14864.541856391923,8.419532982897495,0.6999999999999844,rb,3,3,RB2-039516,14805.25,14813.5,NQU1
EP-29808,EP-29808-ENTRY_ON_MINIMAL_WICK_REJECTION,ENTRY_ON_MINIMAL_WICK_REJECTION,-1,2021-07-15 09:53:00-04:00,2021-07-15 09:56:00-04:00,STOP,14854.0,14880.225267547332,12.238458188754764,18.357687283132147,14880.225267547332,-12.238458188754764,-1.0,rb,1,1,RB2-013441,14868.25,14871.0,NQU1
EP-29831,EP-29831-ENTRY_ON_MINIMAL_WICK_REJECTION,ENTRY_ON_MINIMAL_WICK_REJECTION,-1,2021-07-15 10:18:00-04:00,2021-07-15 10:22:00-04:00,TARGET,14853.0,14879.32909913083,12.286912927720294,18.43036939158044,14834.56963060842,8.600839049404112,0.6999999999999923,rb,3,3,RB2-039522,14876.75,14883.0,NQU1
EP-31055,EP-31055-ENTRY_ON_FIRST_CLOSE_OUTSIDE,ENTRY_ON_FIRST_CLOSE_OUTSIDE,-1,2021-07-16 09:37:00-04:00,2021-07-16 09:41:00-04:00,TARGET,14849.25,14863.826108670635,6.80218404629656,10.20327606944484,14839.046723930554,4.761528832407678,0.7000000000000127,rb,1,1,RB2-014004,14864.5,14869.0,NQU1
EP-32345,EP-32345-ENTRY_ON_TAP,ENTRY_ON_TAP,1,2021-07-19 09:53:00-04:00,2021-07-19 09:56:00-04:00,STOP,14511.75,14477.420179487599,16.020582905787435,24.030874358681153,14477.420179487599,-16.020582905787435,-1.0,rb,5,1,RB2-050382,14492.0,14522.0,NQU1
EP-33582,EP-33582-ENTRY_ON_FIRST_CLOSE_OUTSIDE,ENTRY_ON_FIRST_CLOSE_OUTSIDE,1,2021-07-20 09:36:00-04:00,2021-07-20 09:38:00-04:00,STOP,14558.75,14539.010215998984,9.211899200474301,13.817848800711452,14539.010215998984,-9.211899200474301,-1.0,rb,3,1,RB2-040140,14541.0,14554.75,NQU1
EP-33590,EP-33590-ENTRY_ON_NEW_IFVG,ENTRY_ON_NEW_IFVG,1,2021-07-20 09:47:00-04:00,2021-07-20 09:49:00-04:00,TARGET,14558.75,14532.570283301471,12.217201125979798,18.325801688969698,14577.07580168897,8.552040788185622,0.6999999999999806,rb,1,1,RB2-015145,14529.75,14535.75,NQU1
EP-33611,EP-33611-ENTRY_ON_TAP,ENTRY_ON_TAP,1,2021-07-20 10:02:00-04:00,2021-07-20 10:18:00-04:00,TARGET,14562.5,14533.145845239096,13.698605555088255,20.54790833263238,14583.047908332632,9.589023888561636,0.6999999999999896,rb,3,1,RB2-040146,14560.0,14567.75,NQU1
EP-34847,EP-34847-ENTRY_ON_TAP,ENTRY_ON_TAP,-1,2021-07-21 09:40:00-04:00,2021-07-21 09:40:00-04:00,TARGET,14734.25,14752.070859503428,8.316401101599913,12.474601652399869,14721.7753983476,5.821480771119922,0.699999999999998,rb,5,5,RB2-050611,14741.75,14745.5,NQU1
EP-34850,EP-34850-ENTRY_ON_TAP,ENTRY_ON_TAP,-1,2021-07-21 09:40:00-04:00,2021-07-21 09:40:00-04:00,TARGET,14734.25,14752.070859503428,8.316401101599913,12.474601652399869,14721.7753983476,5.821480771119922,0.699999999999998,rb,1,1,RB2-015719,14738.75,14742.5,NQU1
EP-36008,EP-36008-ENTRY_ON_TAP,ENTRY_ON_TAP,1,2021-07-22 09:50:00-04:00,2021-07-22 10:00:00-04:00,TARGET,14870.0,14853.418797598968,7.737894453814661,11.606841680721992,14881.606841680721,5.4165261176700765,0.6999999999999759,rb,5,5,RB2-050748,14865.25,14874.25,NQU1
EP-37140,EP-37140-ENTRY_ON_TAP,ENTRY_ON_TAP,-1,2021-07-23 09:38:00-04:00,2021-07-23 09:40:00-04:00,TARGET,14950.75,14965.060900839253,6.678420391651053,10.01763058747658,14940.732369412523,4.674894274155491,0.6999999999999632,rb,3,1,RB2-040713,14957.0,14962.75,NQU1
EP-37142,EP-37142-ENTRY_ON_DELAYED_DISPLACEMENT,ENTRY_ON_DELAYED_DISPLACEMENT,1,2021-07-23 09:46:00-04:00,2021-07-23 09:47:00-04:00,TARGET,14959.75,14942.998141683429,7.817533881066468,11.726300821599702,14971.4763008216,5.472273716746499,0.6999999999999964,rb,5,1,RB2-050864,14934.25,14949.5,NQU1
EP-42076,EP-42076-ENTRY_ON_TAP,ENTRY_ON_TAP,1,2021-07-29 09:52:00-04:00,2021-07-29 09:56:00-04:00,STOP,15067.0,15047.860449834307,8.931790077323933,13.397685115985901,15047.860449834307,-8.931790077323933,-1.0,rb,3,1,RB2-041524,15057.5,15065.0,NQU1
EP-42095,EP-42095-ENTRY_ON_TAP,ENTRY_ON_TAP,-1,2021-07-29 10:07:00-04:00,2021-07-29 10:11:00-04:00,TARGET,15035.75,15055.355293088889,9.149136774814925,13.723705162222387,15022.026294837777,6.40439574237046,0.7000000000000014,rb,3,1,RB2-041527,15037.25,15046.25,NQU1
EP-46914,EP-46914-ENTRY_ON_FIRST_CLOSE_OUTSIDE,ENTRY_ON_FIRST_CLOSE_OUTSIDE,-1,2021-08-04 09:33:00-04:00,2021-08-04 09:33:00-04:00,STOP,15043.75,15057.163167843803,6.259478327107608,9.389217490661412,15057.163167843803,-6.259478327107608,-1.0,rb,5,1,RB2-051836,15050.5,15055.25,NQU1
EP-46914,EP-46914-ENTRY_ON_MINIMAL_WICK_REJECTION,ENTRY_ON_MINIMAL_WICK_REJECTION,-1,2021-08-04 09:33:00-04:00,2021-08-04 09:33:00-04:00,STOP,15043.75,15057.163167843803,6.259478327107608,9.389217490661412,15057.163167843803,-6.259478327107608,-1.0,rb,5,1,RB2-051836,15050.5,15055.25,NQU1
EP-46972,EP-46972-ENTRY_ON_TAP,ENTRY_ON_TAP,-1,2021-08-04 10:38:00-04:00,2021-08-04 11:07:00-04:00,STOP,15028.0,15053.169041760559,11.745552821594456,17.618329232391684,15053.169041760559,-11.745552821594456,-1.0,rb,1,1,RB2-021290,15031.5,15035.25,NQU1
EP-48065,EP-48065-ENTRY_ON_TAP,ENTRY_ON_TAP,-1,2021-08-05 09:44:00-04:00,2021-08-05 09:47:00-04:00,STOP,15104.25,15118.826673480353,6.802447624164275,10.203671436246413,15118.826673480353,-6.802447624164275,-1.0,rb,3,1,RB2-042498,15105.0,15111.75,NQU1
EP-48107,EP-48107-ENTRY_ON_FIRST_CLOSE_OUTSIDE,ENTRY_ON_FIRST_CLOSE_OUTSIDE,-1,2021-08-05 10:37:00-04:00,2021-08-05 10:51:00-04:00,STOP,15118.75,15136.487957177214,8.277713349366927,12.41657002405039,15136.487957177214,-8.277713349366927,-1.0,rb,5,1,RB2-051959,15125.75,15136.5,NQU1
EP-50354,EP-50354-ENTRY_ON_TAP,ENTRY_ON_TAP,-1,2021-08-09 10:12:00-04:00,2021-08-09 10:15:00-04:00,TARGET,15114.25,15131.922933526012,8.247368978805019,12.371053468207528,15101.878946531793,5.7731582851632535,0.6999999999999685,rb,3,3,RB2-042879,15118.0,15120.0,NQU1
EP-51468,EP-51468-ENTRY_ON_FIRST_CLOSE_OUTSIDE,ENTRY_ON_FIRST_CLOSE_OUTSIDE,-1,2021-08-10 10:05:00-04:00,2021-08-10 10:10:00-04:00,TARGET,15134.75,15149.595766941047,6.928024572488862,10.392036858733293,15124.357963141267,4.849617200742302,0.7000000000000143,rb,5,5,RB2-052305,15141.75,15150.5,NQU1
EP-53877,EP-53877-ENTRY_ON_FIRST_CLOSE_OUTSIDE,ENTRY_ON_FIRST_CLOSE_OUTSIDE,1,2021-08-12 09:49:00-04:00,2021-08-12 10:02:00-04:00,STOP,14977.0,14958.795235187592,8.495556912457454,12.743335368686182,14958.795235187592,-8.495556912457454,-1.0,rb,5,1,RB2-052551,14952.25,14971.25,NQU1
EP-54980,EP-54980-ENTRY_ON_TAP,ENTRY_ON_TAP,1,2021-08-13 09:35:00-04:00,2021-08-13 09:35:00-04:00,TARGET,15080.5,15071.069564995281,4.400869668868415,6.6013045033026225,15087.101304503303,3.080608768207681,0.6999999999999523,rb,5,5,RB2-052655,15072.75,15074.0,NQU1
EP-54987,EP-54987-ENTRY_ON_MINIMAL_WICK_REJECTION,ENTRY_ON_MINIMAL_WICK_REJECTION,1,2021-08-13 09:35:00-04:00,2021-08-13 09:35:00-04:00,TARGET,15080.5,15071.069564995281,4.400869668868415,6.6013045033026225,15087.101304503303,3.080608768207681,0.6999999999999523,rb,5,1,RB2-052655,15072.75,15074.0,NQU1
EP-54987,EP-54987-ENTRY_ON_STRONG_REJECTION,ENTRY_ON_STRONG_REJECTION,1,2021-08-13 09:35:00-04:00,2021-08-13 09:35:00-04:00,TARGET,15080.5,15071.069564995281,4.400869668868415,6.6013045033026225,15087.101304503303,3.080608768207681,0.6999999999999523,rb,5,1,RB2-052655,15072.75,15074.0,NQU1
EP-54990,EP-54990-ENTRY_ON_TAP,ENTRY_ON_TAP,1,2021-08-13 09:36:00-04:00,2021-08-13 09:38:00-04:00,STOP,15079.25,15069.007142644288,4.780000099332232,7.170000148998348,15069.007142644288,-4.780000099332232,-1.0,rb,1,1,RB2-024924,15072.25,15078.0,NQU1
EP-54980,EP-54980-ENTRY_ON_FIRST_CLOSE_OUTSIDE,ENTRY_ON_FIRST_CLOSE_OUTSIDE,1,2021-08-13 09:40:00-04:00,2021-08-13 09:41:00-04:00,STOP,15080.75,15068.394543471259,5.765879713412758,8.648819570119137,15068.394543471259,-5.765879713412758,-1.0,rb,5,5,RB2-052655,15072.75,15074.0,NQU1
EP-54994,EP-54994-ENTRY_ON_STRONG_REJECTION,ENTRY_ON_STRONG_REJECTION,1,2021-08-13 09:43:00-04:00,2021-08-13 09:45:00-04:00,TARGET,15081.5,15067.145584004047,6.698727464778142,10.048091197167214,15091.548091197168,4.689109225344793,0.7000000000000139,rb,3,1,RB2-043635,15068.75,15072.5,NQU1
EP-55007,EP-55007-ENTRY_ON_DELAYED_DISPLACEMENT,ENTRY_ON_DELAYED_DISPLACEMENT,-1,2021-08-13 10:02:00-04:00,2021-08-13 10:06:00-04:00,STOP,15091.0,15107.765851593194,7.8240640768236265,11.73609611523544,15107.765851593194,-7.8240640768236265,-1.0,rb,3,1,RB2-043637,15100.25,15107.25,NQU1
EP-56144,EP-56144-ENTRY_ON_FIRST_CLOSE_OUTSIDE,ENTRY_ON_FIRST_CLOSE_OUTSIDE,-1,2021-08-16 09:34:00-04:00,2021-08-16 09:34:00-04:00,STOP,15086.75,15096.42062197837,4.512956923239417,6.7694353848591255,15096.42062197837,-4.512956923239417,-1.0,rb,3,1,RB2-043778,15101.75,15102.5,NQU1
EP-56144,EP-56144-ENTRY_ON_MINIMAL_WICK_REJECTION,ENTRY_ON_MINIMAL_WICK_REJECTION,-1,2021-08-16 09:34:00-04:00,2021-08-16 09:34:00-04:00,STOP,15086.75,15096.42062197837,4.512956923239417,6.7694353848591255,15096.42062197837,-4.512956923239417,-1.0,rb,3,1,RB2-043778,15101.75,15102.5,NQU1
EP-56144,EP-56144-ENTRY_ON_IMMEDIATE_DISPLACEMENT,ENTRY_ON_IMMEDIATE_DISPLACEMENT,-1,2021-08-16 09:34:00-04:00,2021-08-16 09:34:00-04:00,STOP,15086.75,15096.42062197837,4.512956923239417,6.7694353848591255,15096.42062197837,-4.512956923239417,-1.0,rb,3,1,RB2-043778,15101.75,15102.5,NQU1
EP-56144,EP-56144-ENTRY_ON_NEW_IFVG,ENTRY_ON_NEW_IFVG,-1,2021-08-16 09:34:00-04:00,2021-08-16 09:34:00-04:00,STOP,15086.75,15096.42062197837,4.512956923239417,6.7694353848591255,15096.42062197837,-4.512956923239417,-1.0,rb,3,1,RB2-043778,15101.75,15102.5,NQU1
EP-56133,EP-56133-ENTRY_ON_FIRST_CLOSE_OUTSIDE,ENTRY_ON_FIRST_CLOSE_OUTSIDE,-1,2021-08-16 09:36:00-04:00,2021-08-16 09:38:00-04:00,STOP,15092.25,15103.929145135393,5.450267729850091,8.175401594775137,15103.929145135393,-5.450267729850091,-1.0,rb,3,3,RB2-043778,15101.75,15102.5,NQU1
EP-56149,EP-56149-ENTRY_ON_TAP,ENTRY_ON_TAP,-1,2021-08-16 09:38:00-04:00,2021-08-16 09:38:00-04:00,STOP,15091.75,15104.0498200487,5.7399160227269075,8.60987403409036,15104.0498200487,-5.7399160227269075,-1.0,rb,1,1,RB2-025459,15095.0,15100.75,NQU1
EP-57290,EP-57290-ENTRY_ON_DELAYED_DISPLACEMENT,ENTRY_ON_DELAYED_DISPLACEMENT,-1,2021-08-17 09:30:00-04:00,2021-08-17 09:30:00-04:00,TARGET,15017.0,15028.75433394563,5.485355841293975,8.228033761940964,15008.771966238059,3.8397490889058647,0.7000000000000149,rb,3,1,RB2-043993,15024.75,15029.75,NQU1
EP-57291,EP-57291-ENTRY_ON_TAP,ENTRY_ON_TAP,-1,2021-08-17 09:30:00-04:00,2021-08-17 09:30:00-04:00,TARGET,15017.0,15028.75433394563,5.485355841293975,8.228033761940964,15008.771966238059,3.8397490889058647,0.7000000000000149,rb,3,3,RB2-043993,15024.75,15029.75,NQU1
EP-57293,EP-57293-ENTRY_ON_TAP,ENTRY_ON_TAP,1,2021-08-17 09:33:00-04:00,2021-08-17 09:34:00-04:00,TARGET,14985.25,14968.10108591874,8.002826571254616,12.004239856881924,14997.254239856882,5.6019785998784775,0.7000000000000308,rb,1,1,RB2-025976,14972.75,14979.5,NQU1
EP-57295,EP-57295-ENTRY_ON_TAP,ENTRY_ON_TAP,1,2021-08-17 09:36:00-04:00,2021-08-17 09:36:00-04:00,TARGET,14998.25,14978.042187361661,9.430312564558369,14.145468846837552,15012.395468846838,6.601218795191136,0.7000000000000295,rb,3,3,RB2-043994,14971.5,14985.0,NQU1
EP-57297,EP-57297-ENTRY_ON_TAP,ENTRY_ON_TAP,1,2021-08-17 09:36:00-04:00,2021-08-17 09:36:00-04:00,TARGET,14998.25,14978.042187361661,9.430312564558369,14.145468846837552,15012.395468846838,6.601218795191136,0.7000000000000295,rb,5,1,RB2-052895,14971.5,15008.75,NQU1
EP-59787,EP-59787-ENTRY_ON_DELAYED_DISPLACEMENT,ENTRY_ON_DELAYED_DISPLACEMENT,1,2021-08-19 09:45:00-04:00,2021-08-19 09:46:00-04:00,TARGET,14800.75,14774.069948823797,12.450690548894713,18.67603582334207,14819.426035823342,8.715483384226268,0.6999999999999975,rb,3,3,RB2-044396,14769.0,14774.75,NQU1
EP-59842,EP-59842-ENTRY_ON_NEW_FVG,ENTRY_ON_NEW_FVG,-1,2021-08-19 10:39:00-04:00,2021-08-19 10:54:00-04:00,STOP,14831.25,14860.28662642907,13.550425666899178,20.325638500348767,14860.28662642907,-13.550425666899178,-1.0,rb,3,3,RB2-044405,14873.75,14886.0,NQU1
EP-61035,EP-61035-ENTRY_ON_TAP,ENTRY_ON_TAP,1,2021-08-20 09:44:00-04:00,2021-08-20 09:45:00-04:00,TARGET,14982.5,14960.08379345844,10.460896386061185,15.691344579091776,14998.191344579092,7.322627470242622,0.6999999999999802,rb,1,1,RB2-027700,14970.0,14973.0,NQU1
EP-63333,EP-63333-ENTRY_ON_NEW_IFVG,ENTRY_ON_NEW_IFVG,-1,2021-08-24 11:27:00-04:00,2021-08-24 11:30:00-04:00,TARGET,15345.75,15357.27382659765,5.377785745570137,8.066678618355207,15337.683321381644,3.7644500218993455,0.7000000000000464,rb,5,1,RB2-053508,15364.0,15369.5,NQU1
EP-64463,EP-64463-ENTRY_ON_TAP,ENTRY_ON_TAP,-1,2021-08-25 09:33:00-04:00,2021-08-25 09:35:00-04:00,STOP,15374.5,15383.990635366252,4.428963170917325,6.643444756375988,15383.990635366252,-4.428963170917325,-1.0,rb,3,3,RB2-045092,15385.25,15386.5,NQU1
EP-64469,EP-64469-ENTRY_ON_FIRST_CLOSE_OUTSIDE,ENTRY_ON_FIRST_CLOSE_OUTSIDE,-1,2021-08-25 09:45:00-04:00,2021-08-25 09:50:00-04:00,TARGET,15385.25,15397.175062973489,5.565029387628434,8.347544081442651,15376.902455918558,3.895520571340126,0.7000000000000399,rb,5,5,RB2-053592,15387.5,15389.5,NQU1
EP-64493,EP-64493-ENTRY_ON_TAP,ENTRY_ON_TAP,-1,2021-08-25 09:58:00-04:00,2021-08-25 10:06:00-04:00,TARGET,15374.0,15387.915468290297,6.49388520213854,9.74082780320781,15364.259172196793,4.545719641496867,0.6999999999999829,rb,1,1,RB2-029279,15376.75,15379.5,NQU1
EP-64521,EP-64521-ENTRY_ON_FIRST_CLOSE_OUTSIDE,ENTRY_ON_FIRST_CLOSE_OUTSIDE,-1,2021-08-25 10:24:00-04:00,2021-08-25 10:25:00-04:00,TARGET,15377.0,15391.048506981782,6.555969924831442,9.833954887247163,15367.166045112754,4.5891789473817886,0.6999999999999663,rb,3,3,RB2-045150,15378.75,15381.5,NQU1
EP-64523,EP-64523-ENTRY_ON_TAP,ENTRY_ON_TAP,-1,2021-08-25 10:25:00-04:00,2021-08-25 10:25:00-04:00,TARGET,15373.5,15387.677438238494,6.616137844630131,9.924206766945197,15363.575793233054,4.631296491240883,0.6999999999999684,rb,5,5,RB2-053632,15380.25,15385.75,NQU1
EP-66846,EP-66846-ENTRY_ON_DELAYED_DISPLACEMENT,ENTRY_ON_DELAYED_DISPLACEMENT,1,2021-08-27 09:46:00-04:00,2021-08-27 09:55:00-04:00,STOP,15313.25,15296.797797488314,7.67769450545354,11.51654175818031,15296.797797488314,-7.67769450545354,-1.0,rb,3,1,RB2-045519,15284.25,15293.0,NQU1
EP-69285,EP-69285-ENTRY_ON_FIRST_CLOSE_OUTSIDE,ENTRY_ON_FIRST_CLOSE_OUTSIDE,1,2021-08-31 09:43:00-04:00,2021-08-31 09:43:00-04:00,TARGET,15544.0,15523.435682823607,9.596681348983326,14.39502202347499,15558.395022023475,6.7176769442882245,0.6999999999999892,rb,1,1,RB2-031400,15535.0,15541.25,NQU1
EP-69285,EP-69285-ENTRY_ON_MINIMAL_WICK_REJECTION,ENTRY_ON_MINIMAL_WICK_REJECTION,1,2021-08-31 09:43:00-04:00,2021-08-31 09:43:00-04:00,TARGET,15544.0,15523.435682823607,9.596681348983326,14.39502202347499,15558.395022023475,6.7176769442882245,0.6999999999999892,rb,1,1,RB2-031400,15535.0,15541.25,NQU1
EP-69285,EP-69285-ENTRY_ON_STRONG_REJECTION,ENTRY_ON_STRONG_REJECTION,1,2021-08-31 09:46:00-04:00,2021-08-31 09:54:00-04:00,STOP,15554.0,15531.231007878678,10.625529656617486,15.938294484926228,15531.231007878678,-10.625529656617486,-1.0,rb,1,1,RB2-031400,15535.0,15541.25,NQU1
EP-69307,EP-69307-ENTRY_ON_FIRST_CLOSE_OUTSIDE,ENTRY_ON_FIRST_CLOSE_OUTSIDE,-1,2021-08-31 10:10:00-04:00,2021-08-31 10:39:00-04:00,STOP,15541.75,15566.525519723675,11.561909204381905,17.342863806572858,15566.525519723675,-11.561909204381905,-1.0,rb,1,1,RB2-031403,15557.0,15563.0,NQU1
EP-70599,EP-70599-ENTRY_ON_FIRST_CLOSE_OUTSIDE,ENTRY_ON_FIRST_CLOSE_OUTSIDE,-1,2021-09-01 09:37:00-04:00,2021-09-01 09:43:00-04:00,STOP,15650.75,15664.631932227494,6.47823503949744,9.717352559246159,15664.631932227494,-6.47823503949744,-1.0,rb,5,1,RB2-054238,15658.5,15667.0,NQU1
EP-70615,EP-70615-ENTRY_ON_TAP,ENTRY_ON_TAP,-1,2021-09-01 09:56:00-04:00,2021-09-01 09:56:00-04:00,TARGET,15683.25,15698.823045516127,7.26742124085918,10.901131861288771,15672.348868138712,5.087194868601525,0.7000000000000136,rb,1,1,RB2-031968,15691.0,15693.25,NQU1
EP-70631,EP-70631-ENTRY_ON_TAP,ENTRY_ON_TAP,1,2021-09-01 10:03:00-04:00,2021-09-01 10:04:00-04:00,STOP,15679.75,15662.169550996705,8.204209534871325,12.306314302306987,15662.169550996705,-8.204209534871325,-1.0,rb,1,1,RB2-031973,15676.25,15678.5,NQU1
EP-71750,EP-71750-ENTRY_ON_DELAYED_DISPLACEMENT,ENTRY_ON_DELAYED_DISPLACEMENT,1,2021-09-02 09:30:00-04:00,2021-09-02 09:30:00-04:00,STOP,15668.25,15662.433588584528,2.7143253272197403,4.071487990829611,15662.433588584528,-2.7143253272197403,-1.0,rb,1,1,RB2-032475,15657.0,15658.0,NQU1
EP-71750,EP-71750-ENTRY_ON_NEW_FVG,ENTRY_ON_NEW_FVG,1,2021-09-02 09:30:00-04:00,2021-09-02 09:30:00-04:00,STOP,15668.25,15662.433588584528,2.7143253272197403,4.071487990829611,15662.433588584528,-2.7143253272197403,-1.0,rb,1,1,RB2-032475,15657.0,15658.0,NQU1
EP-71756,EP-71756-ENTRY_ON_FIRST_CLOSE_OUTSIDE,ENTRY_ON_FIRST_CLOSE_OUTSIDE,1,2021-09-02 09:48:00-04:00,2021-09-02 09:54:00-04:00,STOP,15669.5,15655.426021638654,6.567856568628449,9.851784852942673,15655.426021638654,-6.567856568628449,-1.0,rb,3,3,RB2-046304,15659.25,15668.25,NQU1
EP-73000,EP-73000-ENTRY_ON_FIRST_CLOSE_OUTSIDE,ENTRY_ON_FIRST_CLOSE_OUTSIDE,-1,2021-09-03 09:32:00-04:00,2021-09-03 09:34:00-04:00,TARGET,15586.5,15610.598402358646,11.245921100701791,16.868881651052686,15569.631118348947,7.872144770491439,0.7000000000000165,rb,5,1,RB2-054472,15605.0,15608.25,NQU1
EP-73009,EP-73009-ENTRY_ON_FIRST_CLOSE_OUTSIDE,ENTRY_ON_FIRST_CLOSE_OUTSIDE,1,2021-09-03 09:41:00-04:00,2021-09-03 09:57:00-04:00,TARGET,15588.5,15559.272254177824,13.639614717015466,20.4594220755232,15608.959422075523,9.547730301910802,0.6999999999999982,rb,3,1,RB2-046500,15554.5,15568.0,NQU1
EP-76340,EP-76340-ENTRY_ON_TAP,ENTRY_ON_TAP,-1,2021-09-08 10:07:00-04:00,2021-09-08 10:10:00-04:00,STOP,15635.25,15652.627920607154,8.109696283338307,12.16454442500746,15652.627920607154,-8.109696283338307,-1.0,rb,5,1,RB2-054801,15635.0,15638.0,NQU1
EP-76360,EP-76360-ENTRY_ON_FIRST_CLOSE_OUTSIDE,ENTRY_ON_FIRST_CLOSE_OUTSIDE,-1,2021-09-08 10:27:00-04:00,2021-09-08 10:31:00-04:00,TARGET,15633.5,15650.11896126495,7.755515256977077,11.633272885465615,15621.866727114535,5.428860679884083,0.7000000000000166,rb,3,3,RB2-047023,15650.75,15658.75,NQU1
EP-00363,EP-00363-ENTRY_ON_TAP,ENTRY_ON_TAP,1,2021-09-09 09:47:00-04:00,2021-09-09 10:07:00-04:00,TARGET,15650.5,15636.034196255314,6.750708414186706,10.12606262128006,15660.62606262128,4.725495889930587,0.6999999999999841,rb,5,1,RB2-049703,15649.0,15656.5,NQZ1
EP-01507,EP-01507-ENTRY_ON_TAP,ENTRY_ON_TAP,-1,2021-09-10 09:33:00-04:00,2021-09-10 09:33:00-04:00,TARGET,15653.75,15660.89651187574,3.3350388753458464,5.00255831301877,15648.74744168698,2.334527212742274,0.7000000000000545,rb,1,1,RB2-000642,15654.0,15659.5,NQZ1
EP-01507,EP-01507-ENTRY_ON_FIRST_CLOSE_OUTSIDE,ENTRY_ON_FIRST_CLOSE_OUTSIDE,-1,2021-09-10 09:34:00-04:00,2021-09-10 09:35:00-04:00,TARGET,15651.25,15658.991597690443,3.6127455888731026,5.4191183833096535,15645.83088161669,2.528921912210935,0.6999999999999346,rb,1,1,RB2-000642,15654.0,15659.5,NQZ1
EP-01507,EP-01507-ENTRY_ON_DELAYED_DISPLACEMENT,ENTRY_ON_DELAYED_DISPLACEMENT,-1,2021-09-10 09:36:00-04:00,2021-09-10 09:38:00-04:00,STOP,15646.0,15654.670544704293,4.046254195336583,6.069381293004874,15654.670544704293,-4.046254195336583,-1.0,rb,1,1,RB2-000642,15654.0,15659.5,NQZ1
EP-04025,EP-04025-ENTRY_ON_TAP,ENTRY_ON_TAP,-1,2021-09-14 09:36:00-04:00,2021-09-14 09:38:00-04:00,TARGET,15507.5,15525.205543267364,8.262586858103592,12.393880287155389,15495.106119712844,5.783810800672727,0.7000000000000257,rb,3,3,RB2-037524,15507.25,15524.25,NQZ1
EP-05269,EP-05269-ENTRY_ON_NEW_IFVG,ENTRY_ON_NEW_IFVG,-1,2021-09-15 10:43:00-04:00,2021-09-15 10:50:00-04:00,STOP,15345.5,15367.428959310131,10.23351434472779,15.350271517091686,15367.428959310131,-10.23351434472779,-1.0,rb,5,1,RB2-050191,15369.75,15374.5,NQZ1
EP-08897,EP-08897-ENTRY_ON_TAP,ENTRY_ON_TAP,-1,2021-09-20 09:39:00-04:00,2021-09-20 09:44:00-04:00,STOP,15106.5,15139.828563498695,15.553329632724482,23.329994449086723,15139.828563498695,-15.553329632724482,-1.0,rb,1,1,RB2-004005,15119.25,15129.5,NQZ1
EP-10181,EP-10181-ENTRY_ON_TAP,ENTRY_ON_TAP,1,2021-09-21 09:35:00-04:00,2021-09-21 09:35:00-04:00,TARGET,15053.0,15030.489683418524,10.504814404689288,15.757221607033932,15068.757221607035,7.353370083282772,0.7000000000000257,rb,5,5,RB2-050657,15052.5,15057.25,NQZ1
EP-11456,EP-11456-ENTRY_ON_TAP,ENTRY_ON_TAP,-1,2021-09-22 09:39:00-04:00,2021-09-22 09:43:00-04:00,TARGET,15031.0,15050.662593267492,9.175876858163305,13.763815287244956,15017.236184712756,6.423113800714438,0.7000000000000136,rb,3,3,RB2-038716,15028.5,15048.75,NQZ1
EP-11460,EP-11460-ENTRY_ON_STRONG_REJECTION,ENTRY_ON_STRONG_REJECTION,1,2021-09-22 09:51:00-04:00,2021-09-22 09:55:00-04:00,TARGET,15039.25,15016.462373597744,10.634225654386396,15.951338481579594,15055.20133848158,7.443957958070617,0.7000000000000131,rb,3,3,RB2-038717,15023.5,15031.0,NQZ1
EP-13962,EP-13962-ENTRY_ON_MINIMAL_WICK_REJECTION,ENTRY_ON_MINIMAL_WICK_REJECTION,-1,2021-09-24 09:36:00-04:00,2021-09-24 09:37:00-04:00,STOP,15211.25,15229.552610940851,8.54121843906352,12.81182765859528,15229.552610940851,-8.54121843906352,-1.0,rb,3,1,RB2-039094,15222.75,15225.75,NQZ1
EP-15203,EP-15203-ENTRY_ON_TAP,ENTRY_ON_TAP,-1,2021-09-27 09:50:00-04:00,2021-09-27 09:54:00-04:00,TARGET,15124.5,15156.410946530586,14.891775047607124,22.337662571410686,15102.16233742859,10.424242533325069,0.7000000000000055,rb,3,1,RB2-039310,15141.75,15157.5,NQZ1
EP-17825,EP-17825-ENTRY_ON_TAP,ENTRY_ON_TAP,1,2021-09-29 09:41:00-04:00,2021-09-29 09:43:00-04:00,STOP,14826.75,14802.320995070639,11.400202300368464,17.100303450552698,14802.320995070639,-11.400202300368464,-1.0,rb,1,1,RB2-008063,14804.0,14810.25,NQZ1
EP-17869,EP-17869-ENTRY_ON_FIRST_CLOSE_OUTSIDE,ENTRY_ON_FIRST_CLOSE_OUTSIDE,1,2021-09-29 10:16:00-04:00,2021-09-29 10:20:00-04:00,TARGET,14858.5,14827.239087815737,14.588425685989488,21.88263852898423,14880.382638528985,10.211897980192585,0.6999999999999961,rb,1,1,RB2-008068,14853.25,14857.75,NQZ1
EP-19159,EP-19159-ENTRY_ON_FIRST_CLOSE_OUTSIDE,ENTRY_ON_FIRST_CLOSE_OUTSIDE,-1,2021-09-30 10:21:00-04:00,2021-09-30 10:21:00-04:00,TARGET,14855.25,14889.46777146945,15.96829335240991,23.952440028614866,14831.297559971385,11.177805346686917,0.6999999999999987,rb,1,1,RB2-008654,14858.5,14866.0,NQZ1
EP-19159,EP-19159-ENTRY_ON_MINIMAL_WICK_REJECTION,ENTRY_ON_MINIMAL_WICK_REJECTION,-1,2021-09-30 10:21:00-04:00,2021-09-30 10:21:00-04:00,TARGET,14855.25,14889.46777146945,15.96829335240991,23.952440028614866,14831.297559971385,11.177805346686917,0.6999999999999987,rb,1,1,RB2-008654,14858.5,14866.0,NQZ1
EP-19186,EP-19186-ENTRY_ON_FIRST_CLOSE_OUTSIDE,ENTRY_ON_FIRST_CLOSE_OUTSIDE,-1,2021-09-30 10:49:00-04:00,2021-09-30 10:51:00-04:00,TARGET,14820.0,14853.777330533096,15.762754248777895,23.644131373166843,14796.355868626833,11.03392797414447,0.6999999999999964,rb,1,1,RB2-008665,14822.5,14829.75,NQZ1
EP-20409,EP-20409-ENTRY_ON_FIRST_CLOSE_OUTSIDE,ENTRY_ON_FIRST_CLOSE_OUTSIDE,1,2021-10-01 10:56:00-04:00,2021-10-01 10:58:00-04:00,TARGET,14597.75,14563.35842289834,16.04940264744105,24.074103971161573,14621.824103971161,11.234581853208534,0.6999999999999875,rb,1,1,RB2-009253,14577.25,14583.0,NQZ1
EP-22896,EP-22896-ENTRY_ON_NEW_FVG,ENTRY_ON_NEW_FVG,1,2021-10-05 09:33:00-04:00,2021-10-05 09:33:00-04:00,STOP,14549.0,14531.65007591003,8.096631241985783,12.144946862978674,14531.65007591003,-8.096631241985783,-1.0,rb,3,3,RB2-040509,14494.5,14505.75,NQZ1
EP-22896,EP-22896-ENTRY_ON_NEW_IFVG,ENTRY_ON_NEW_IFVG,1,2021-10-05 09:33:00-04:00,2021-10-05 09:33:00-04:00,STOP,14549.0,14531.65007591003,8.096631241985783,12.144946862978674,14531.65007591003,-8.096631241985783,-1.0,rb,3,3,RB2-040509,14494.5,14505.75,NQZ1
EP-24159,EP-24159-ENTRY_ON_TAP,ENTRY_ON_TAP,-1,2021-10-06 09:34:00-04:00,2021-10-06 09:35:00-04:00,STOP,14544.0,14563.522010365552,9.110271503924487,13.66540725588673,14563.522010365552,-9.110271503924487,-1.0,rb,3,1,RB2-040669,14560.0,14567.25,NQZ1
EP-28046,EP-28046-ENTRY_ON_TAP,ENTRY_ON_TAP,1,2021-10-11 09:38:00-04:00,2021-10-11 09:39:00-04:00,TARGET,14768.5,14745.126200476887,10.907773110786035,16.36165966617905,14784.86165966618,7.635441177550162,0.6999999999999943,rb,3,1,RB2-041374,14749.25,14767.25,NQZ1
EP-28043,EP-28043-ENTRY_ON_MINIMAL_WICK_REJECTION,ENTRY_ON_MINIMAL_WICK_REJECTION,1,2021-10-11 09:39:00-04:00,2021-10-11 09:39:00-04:00,TARGET,14776.5,14752.917073076065,11.005365897836619,16.508048846754928,14793.008048846756,7.7037561284859,0.7000000000000243,rb,1,1,RB2-012779,14749.25,14767.25,NQZ1
EP-28043,EP-28043-ENTRY_ON_DELAYED_DISPLACEMENT,ENTRY_ON_DELAYED_DISPLACEMENT,1,2021-10-11 09:39:00-04:00,2021-10-11 09:39:00-04:00,TARGET,14776.5,14752.917073076065,11.005365897836619,16.508048846754928,14793.008048846756,7.7037561284859,0.7000000000000243,rb,1,1,RB2-012779,14749.25,14767.25,NQZ1
EP-28045,EP-28045-ENTRY_ON_TAP,ENTRY_ON_TAP,1,2021-10-11 09:39:00-04:00,2021-10-11 09:39:00-04:00,TARGET,14776.5,14752.917073076065,11.005365897836619,16.508048846754928,14793.008048846756,7.7037561284859,0.7000000000000243,rb,3,3,RB2-041374,14749.25,14767.25,NQZ1
EP-28046,EP-28046-ENTRY_ON_FIRST_CLOSE_OUTSIDE,ENTRY_ON_FIRST_CLOSE_OUTSIDE,1,2021-10-11 09:39:00-04:00,2021-10-11 09:39:00-04:00,TARGET,14776.5,14752.917073076065,11.005365897836619,16.508048846754928,14793.008048846756,7.7037561284859,0.7000000000000243,rb,3,1,RB2-041374,14749.25,14767.25,NQZ1
EP-28046,EP-28046-ENTRY_ON_MINIMAL_WICK_REJECTION,ENTRY_ON_MINIMAL_WICK_REJECTION,1,2021-10-11 09:39:00-04:00,2021-10-11 09:39:00-04:00,TARGET,14776.5,14752.917073076065,11.005365897836619,16.508048846754928,14793.008048846756,7.7037561284859,0.7000000000000243,rb,3,1,RB2-041374,14749.25,14767.25,NQZ1
EP-28046,EP-28046-ENTRY_ON_IMMEDIATE_DISPLACEMENT,ENTRY_ON_IMMEDIATE_DISPLACEMENT,1,2021-10-11 09:39:00-04:00,2021-10-11 09:39:00-04:00,TARGET,14776.5,14752.917073076065,11.005365897836619,16.508048846754928,14793.008048846756,7.7037561284859,0.7000000000000243,rb,3,1,RB2-041374,14749.25,14767.25,NQZ1
EP-29378,EP-29378-ENTRY_ON_MINIMAL_WICK_REJECTION,ENTRY_ON_MINIMAL_WICK_REJECTION,-1,2021-10-12 10:03:00-04:00,2021-10-12 10:17:00-04:00,TARGET,14691.25,14728.856407700512,17.54965692690574,26.32448539035861,14664.925514609642,12.284759848834073,0.7000000000000031,rb,5,1,RB2-052596,14706.5,14728.75,NQZ1
EP-30579,EP-30579-ENTRY_ON_TAP,ENTRY_ON_TAP,1,2021-10-13 09:39:00-04:00,2021-10-13 09:39:00-04:00,TARGET,14752.75,14723.917438538707,13.455195348603679,20.182793022905518,14772.932793022905,9.41863674402272,0.7000000000000107,rb,1,1,RB2-013993,14751.0,14765.25,NQZ1
EP-31746,EP-31746-ENTRY_ON_FIRST_CLOSE_OUTSIDE,ENTRY_ON_FIRST_CLOSE_OUTSIDE,-1,2021-10-14 09:36:00-04:00,2021-10-14 09:37:00-04:00,TARGET,14905.5,14922.418091144624,7.8951092008247095,11.842663801237064,14893.657336198763,5.526576440577498,0.7000000000000256,rb,3,3,RB2-041977,14923.25,14926.0,NQZ1
EP-32961,EP-32961-ENTRY_ON_FIRST_CLOSE_OUTSIDE,ENTRY_ON_FIRST_CLOSE_OUTSIDE,-1,2021-10-15 09:41:00-04:00,2021-10-15 09:42:00-04:00,TARGET,15077.25,15096.794007344772,9.120536760893701,13.680805141340553,15063.56919485866,6.38437573262577,0.7000000000000196,rb,3,1,RB2-042171,15077.25,15082.5,NQZ1
EP-35406,EP-35406-ENTRY_ON_NEW_IFVG,ENTRY_ON_NEW_IFVG,1,2021-10-19 10:06:00-04:00,2021-10-19 10:13:00-04:00,TARGET,15338.75,15315.262359239145,10.960899021732894,16.441348532599342,15355.191348532599,7.672629315213303,0.7000000000000253,rb,5,1,RB2-053198,15314.0,15322.75,NQZ1
EP-35425,EP-35425-ENTRY_ON_TAP,ENTRY_ON_TAP,1,2021-10-19 10:18:00-04:00,2021-10-19 10:27:00-04:00,TARGET,15340.5,15318.476030985685,10.277852206680175,15.416778310020263,15355.91677831002,7.194496544675914,0.6999999999999797,rb,5,1,RB2-053200,15338.5,15345.25,NQZ1
EP-37840,EP-37840-ENTRY_ON_TAP,ENTRY_ON_TAP,-1,2021-10-21 09:39:00-04:00,2021-10-21 09:41:00-04:00,STOP,15358.0,15374.187597768896,7.55421229215128,11.33131843822692,15374.187597768896,-7.55421229215128,-1.0,rb,3,3,RB2-042952,15355.5,15362.5,NQZ1
EP-37955,EP-37955-ENTRY_ON_TAP,ENTRY_ON_TAP,1,2021-10-21 11:52:00-04:00,2021-10-21 11:58:00-04:00,TARGET,15407.75,15394.681898939454,6.098447161588018,9.147670742382026,15416.897670742383,4.268913013111592,0.6999999999999966,rb,5,1,RB2-053442,15404.75,15408.75,NQZ1
EP-40249,EP-40249-ENTRY_ON_FIRST_CLOSE_OUTSIDE,ENTRY_ON_FIRST_CLOSE_OUTSIDE,-1,2021-10-25 09:36:00-04:00,2021-10-25 09:36:00-04:00,TARGET,15421.75,15433.364553794569,5.420125104132128,8.130187656198192,15413.619812343803,3.7940875728925816,0.7000000000000169,rb,1,1,RB2-018548,15422.75,15434.0,NQZ1
EP-40249,EP-40249-ENTRY_ON_MINIMAL_WICK_REJECTION,ENTRY_ON_MINIMAL_WICK_REJECTION,-1,2021-10-25 09:36:00-04:00,2021-10-25 09:36:00-04:00,TARGET,15421.75,15433.364553794569,5.420125104132128,8.130187656198192,15413.619812343803,3.7940875728925816,0.7000000000000169,rb,1,1,RB2-018548,15422.75,15434.0,NQZ1
EP-40286,EP-40286-ENTRY_ON_TAP,ENTRY_ON_TAP,-1,2021-10-25 09:58:00-04:00,2021-10-25 10:21:00-04:00,STOP,15379.25,15405.516077575274,12.257502868461172,18.386254302691757,15405.516077575274,-12.257502868461172,-1.0,rb,3,1,RB2-043348,15383.75,15394.0,NQZ1
EP-40304,EP-40304-ENTRY_ON_DELAYED_DISPLACEMENT,ENTRY_ON_DELAYED_DISPLACEMENT,-1,2021-10-25 10:26:00-04:00,2021-10-25 10:27:00-04:00,STOP,15382.5,15406.405509021777,11.155904210162635,16.733856315243955,15406.405509021777,-11.155904210162635,-1.0,rb,1,1,RB2-018566,15411.5,15415.75,NQZ1
EP-40317,EP-40317-ENTRY_ON_TAP,ENTRY_ON_TAP,-1,2021-10-25 10:41:00-04:00,2021-10-25 11:12:00-04:00,STOP,15408.25,15431.439601660439,10.821814108204789,16.232721162307183,15431.439601660439,-10.821814108204789,-1.0,rb,3,1,RB2-043353,15410.5,15415.5,NQZ1
EP-41407,EP-41407-ENTRY_ON_FIRST_CLOSE_OUTSIDE,ENTRY_ON_FIRST_CLOSE_OUTSIDE,-1,2021-10-26 09:47:00-04:00,2021-10-26 10:01:00-04:00,STOP,15637.0,15657.447521231128,9.542176574526295,14.313264861789442,15657.447521231128,-9.542176574526295,-1.0,rb,5,1,RB2-053780,15647.25,15658.5,NQZ1
EP-43943,EP-43943-ENTRY_ON_TAP,ENTRY_ON_TAP,1,2021-10-28 09:40:00-04:00,2021-10-28 09:44:00-04:00,TARGET,15650.75,15629.759831468633,9.795411981304415,14.693117971956623,15665.443117971956,6.856788386912933,0.6999999999999839,rb,5,5,RB2-054008,15642.0,15643.25,NQZ1
EP-43970,EP-43970-ENTRY_ON_FIRST_CLOSE_OUTSIDE,ENTRY_ON_FIRST_CLOSE_OUTSIDE,1,2021-10-28 10:07:00-04:00,2021-10-28 10:23:00-04:00,TARGET,15676.25,15647.974256165193,13.195347122909968,19.793020684364954,15696.043020684365,9.236742986036955,0.6999999999999983,rb,1,1,RB2-020249,15661.0,15664.5,NQZ1
EP-46330,EP-46330-ENTRY_ON_DELAYED_DISPLACEMENT,ENTRY_ON_DELAYED_DISPLACEMENT,1,2021-11-01 09:48:00-04:00,2021-11-01 09:49:00-04:00,STOP,15826.75,15806.175646301843,9.601365059140441,14.402047588710662,15806.175646301843,-9.601365059140441,-1.0,rb,3,3,RB2-044336,15804.75,15813.75,NQZ1
EP-46341,EP-46341-ENTRY_ON_TAP,ENTRY_ON_TAP,1,2021-11-01 09:49:00-04:00,2021-11-01 09:49:00-04:00,STOP,15829.75,15809.006125324979,9.680474848342923,14.520712272514384,15809.006125324979,-9.680474848342923,-1.0,rb,1,1,RB2-021353,15819.5,15824.75,NQZ1
EP-47543,EP-47543-ENTRY_ON_TAP,ENTRY_ON_TAP,1,2021-11-02 10:09:00-04:00,2021-11-02 10:12:00-04:00,STOP,15930.75,15910.581879894225,9.411789382694648,14.117684074041971,15910.581879894225,-9.411789382694648,-1.0,rb,3,3,RB2-044533,15924.0,15930.75,NQZ1
EP-47558,EP-47558-ENTRY_ON_DELAYED_DISPLACEMENT,ENTRY_ON_DELAYED_DISPLACEMENT,1,2021-11-02 10:22:00-04:00,2021-11-02 10:29:00-04:00,TARGET,15933.0,15912.411717042483,9.607865380174628,14.411798070261941,15947.411798070261,6.725505766122377,0.7000000000000143,rb,1,1,RB2-021943,15917.25,15919.5,NQZ1
EP-48692,EP-48692-ENTRY_ON_TAP,ENTRY_ON_TAP,1,2021-11-03 09:35:00-04:00,2021-11-03 09:35:00-04:00,STOP,15968.75,15957.286271251105,5.349740082817325,8.024610124225987,15957.286271251105,-5.349740082817325,-1.0,rb,5,5,RB2-054493,15968.0,15970.0,NQZ1
EP-48696,EP-48696-ENTRY_ON_FIRST_CLOSE_OUTSIDE,ENTRY_ON_FIRST_CLOSE_OUTSIDE,1,2021-11-03 09:35:00-04:00,2021-11-03 09:35:00-04:00,STOP,15968.75,15957.286271251105,5.349740082817325,8.024610124225987,15957.286271251105,-5.349740082817325,-1.0,rb,3,1,RB2-044668,15954.25,15956.0,NQZ1
EP-48696,EP-48696-ENTRY_ON_MINIMAL_WICK_REJECTION,ENTRY_ON_MINIMAL_WICK_REJECTION,1,2021-11-03 09:35:00-04:00,2021-11-03 09:35:00-04:00,STOP,15968.75,15957.286271251105,5.349740082817325,8.024610124225987,15957.286271251105,-5.349740082817325,-1.0,rb,3,1,RB2-044668,15954.25,15956.0,NQZ1
EP-48696,EP-48696-ENTRY_ON_IMMEDIATE_DISPLACEMENT,ENTRY_ON_IMMEDIATE_DISPLACEMENT,1,2021-11-03 09:35:00-04:00,2021-11-03 09:35:00-04:00,STOP,15968.75,15957.286271251105,5.349740082817325,8.024610124225987,15957.286271251105,-5.349740082817325,-1.0,rb,3,1,RB2-044668,15954.25,15956.0,NQZ1
EP-48699,EP-48699-ENTRY_ON_TAP,ENTRY_ON_TAP,-1,2021-11-03 09:39:00-04:00,2021-11-03 09:43:00-04:00,STOP,15969.25,15983.740421772407,6.762196827123371,10.143295240685056,15983.740421772407,-6.762196827123371,-1.0,rb,3,3,RB2-044715,15965.25,15970.25,NQZ1
EP-53555,EP-53555-ENTRY_ON_TAP,ENTRY_ON_TAP,-1,2021-11-09 10:19:00-05:00,2021-11-09 10:24:00-05:00,TARGET,16248.0,16287.091952598144,18.242911212467266,27.3643668187009,16220.635633181299,12.770037848726998,0.6999999999999952,rb,3,1,RB2-045498,16254.75,16264.25,NQZ1
EP-53556,EP-53556-ENTRY_ON_FIRST_CLOSE_OUTSIDE,ENTRY_ON_FIRST_CLOSE_OUTSIDE,-1,2021-11-09 10:24:00-05:00,2021-11-09 10:31:00-05:00,STOP,16224.25,16261.987782697186,17.610965258686743,26.416447888030113,16261.987782697186,-17.610965258686743,-1.0,rb,3,3,RB2-045498,16254.75,16264.25,NQZ1
EP-54736,EP-54736-ENTRY_ON_TAP,ENTRY_ON_TAP,1,2021-11-10 09:35:00-05:00,2021-11-10 09:35:00-05:00,TARGET,16064.75,16039.964246199848,11.566685106737092,17.35002766010564,16082.100027660106,8.096679574715699,0.6999999999999771,rb,1,1,RB2-025196,16041.75,16048.0,NQZ1
EP-55968,EP-55968-ENTRY_ON_TAP,ENTRY_ON_TAP,1,2021-11-11 09:35:00-05:00,2021-11-11 09:35:00-05:00,TARGET,16087.75,16073.819239219463,6.501021697583708,9.75153254637556,16097.501532546376,4.5507151883085255,0.6999999999999892,rb,5,5,RB2-055208,16074.75,16077.0,NQZ1
EP-55973,EP-55973-ENTRY_ON_FIRST_CLOSE_OUTSIDE,ENTRY_ON_FIRST_CLOSE_OUTSIDE,1,2021-11-11 09:35:00-05:00,2021-11-11 09:35:00-05:00,TARGET,16087.75,16073.819239219463,6.501021697583708,9.75153254637556,16097.501532546376,4.5507151883085255,0.6999999999999892,rb,5,1,RB2-055208,16074.75,16077.0,NQZ1
EP-57211,EP-57211-ENTRY_ON_TAP,ENTRY_ON_TAP,1,2021-11-12 09:49:00-05:00,2021-11-12 09:54:00-05:00,TARGET,16014.5,15993.923578128071,9.602330206900247,14.403495310350369,16028.903495310351,6.721631144830306,0.7000000000000139,rb,5,1,RB2-055342,16006.75,16011.75,NQZ1
EP-57208,EP-57208-ENTRY_ON_FIRST_CLOSE_OUTSIDE,ENTRY_ON_FIRST_CLOSE_OUTSIDE,1,2021-11-12 09:57:00-05:00,2021-11-12 10:01:00-05:00,TARGET,16036.0,16013.952252384976,10.28894888701169,15.433423330517535,16051.433423330518,7.202264220908366,0.7000000000000177,rb,3,3,RB2-046067,16006.75,16024.0,NQZ1
EP-57226,EP-57226-ENTRY_ON_TAP,ENTRY_ON_TAP,-1,2021-11-12 10:03:00-05:00,2021-11-12 10:20:00-05:00,STOP,16045.0,16069.21822668021,11.301839117431307,16.95275867614696,16069.21822668021,-11.301839117431307,-1.0,rb,1,1,RB2-026345,16045.75,16053.5,NQZ1
EP-58377,EP-58377-ENTRY_ON_TAP,ENTRY_ON_TAP,1,2021-11-15 09:41:00-05:00,2021-11-15 09:44:00-05:00,STOP,16230.25,16212.01450708556,8.50989669340569,12.764845040108534,16212.01450708556,-8.50989669340569,-1.0,rb,5,1,RB2-055455,16225.5,16242.5,NQZ1
EP-58468,EP-58468-ENTRY_ON_TAP,ENTRY_ON_TAP,-1,2021-11-15 11:36:00-05:00,2021-11-15 11:37:00-05:00,TARGET,16192.0,16208.584504082932,7.7394352387016925,11.60915285805254,16180.390847141947,5.417604667091333,0.7000000000000192,rb,3,3,RB2-046264,16191.25,16195.0,NQZ1
EP-60844,EP-60844-ENTRY_ON_FIRST_CLOSE_OUTSIDE,ENTRY_ON_FIRST_CLOSE_OUTSIDE,-1,2021-11-17 09:35:00-05:00,2021-11-17 09:35:00-05:00,STOP,16307.0,16317.398536582248,4.8526504050490225,7.278975607573534,16317.398536582248,-4.8526504050490225,-1.0,rb,5,5,RB2-055700,16314.0,16316.0,NQZ1
EP-60844,EP-60844-ENTRY_ON_MINIMAL_WICK_REJECTION,ENTRY_ON_MINIMAL_WICK_REJECTION,-1,2021-11-17 09:35:00-05:00,2021-11-17 09:35:00-05:00,STOP,16307.0,16317.398536582248,4.8526504050490225,7.278975607573534,16317.398536582248,-4.8526504050490225,-1.0,rb,5,5,RB2-055700,16314.0,16316.0,NQZ1
EP-60869,EP-60869-ENTRY_ON_TAP,ENTRY_ON_TAP,-1,2021-11-17 09:37:00-05:00,2021-11-17 09:40:00-05:00,TARGET,16305.0,16316.619427322437,5.422399417137037,8.133599125705556,16296.866400874294,3.795679591995657,0.6999999999999504,rb,3,1,RB2-046659,16311.75,16317.5,NQZ1
EP-63278,EP-63278-ENTRY_ON_TAP,ENTRY_ON_TAP,1,2021-11-19 09:33:00-05:00,2021-11-19 09:36:00-05:00,TARGET,16532.75,16512.964040025203,9.23344798823818,13.850171982357269,16546.600171982358,6.463413591766382,0.6999999999999628,rb,3,3,RB2-047032,16526.25,16527.75,NQZ1
EP-64444,EP-64444-ENTRY_ON_TAP,ENTRY_ON_TAP,1,2021-11-22 10:57:00-05:00,2021-11-22 10:58:00-05:00,STOP,16708.0,16691.8483313187,7.537445384607878,11.306168076911817,16691.8483313187,-7.537445384607878,-1.0,rb,5,1,RB2-056046,16696.25,16711.25,NQZ1
EP-64445,EP-64445-ENTRY_ON_TAP,ENTRY_ON_TAP,1,2021-11-22 10:58:00-05:00,2021-11-22 11:03:00-05:00,STOP,16694.75,16678.02131751375,7.80671849358255,11.710077740373825,16678.02131751375,-7.80671849358255,-1.0,rb,5,1,RB2-056045,16688.0,16696.0,NQZ1
EP-67042,EP-67042-ENTRY_ON_FIRST_CLOSE_OUTSIDE,ENTRY_ON_FIRST_CLOSE_OUTSIDE,-1,2021-11-24 11:03:00-05:00,2021-11-24 11:09:00-05:00,STOP,16214.75,16247.951755457289,15.494152546734975,23.241228820102464,16247.951755457289,-15.494152546734975,-1.0,rb,3,3,RB2-047632,16241.25,16251.0,NQZ1
EP-69201,EP-69201-ENTRY_ON_NEW_IFVG,ENTRY_ON_NEW_IFVG,1,2021-11-26 09:33:00-05:00,2021-11-26 09:33:00-05:00,TARGET,16264.25,16243.025026947242,9.90498742462063,14.857481136930947,16279.10748113693,6.933491197234509,0.7000000000000068,rb,3,3,RB2-047981,16231.25,16237.25,NQZ1
EP-69213,EP-69213-ENTRY_ON_TAP,ENTRY_ON_TAP,1,2021-11-26 09:33:00-05:00,2021-11-26 09:33:00-05:00,TARGET,16264.25,16243.025026947242,9.90498742462063,14.857481136930947,16279.10748113693,6.933491197234509,0.7000000000000068,rb,1,1,RB2-031848,16258.25,16263.75,NQZ1
EP-69218,EP-69218-ENTRY_ON_TAP,ENTRY_ON_TAP,-1,2021-11-26 09:39:00-05:00,2021-11-26 09:41:00-05:00,TARGET,16266.5,16297.071009135121,14.266470929722916,21.399706394584374,16245.100293605416,9.986529650805847,0.6999999999999864,rb,3,3,RB2-047984,16300.25,16307.5,NQZ1
EP-74184,EP-74184-ENTRY_ON_TAP,ENTRY_ON_TAP,1,2021-12-02 10:01:00-05:00,2021-12-02 10:02:00-05:00,TARGET,15954.5,15900.25337726885,25.315090607870296,37.97263591180544,15992.472635911805,17.7205634255092,0.6999999999999998,rb,5,1,RB2-057008,15937.25,15959.5,NQZ1
EP-76778,EP-76778-ENTRY_ON_TAP,ENTRY_ON_TAP,-1,2021-12-06 10:07:00-05:00,2021-12-06 10:10:00-05:00,STOP,15613.5,15674.789897892559,28.601952349861115,42.902928524791676,15674.789897892559,-28.601952349861115,-1.0,rb,3,1,RB2-049165,15629.25,15649.0,NQZ1
EP-77882,EP-77882-ENTRY_ON_TAP,ENTRY_ON_TAP,1,2021-12-07 09:37:00-05:00,2021-12-07 09:37:00-05:00,STOP,16154.0,16133.664750744916,9.489782985706174,14.234674478559262,16133.664750744916,-9.489782985706174,-1.0,rb,1,1,RB2-035919,16150.25,16157.25,NQZ1
EP-77885,EP-77885-ENTRY_ON_DELAYED_DISPLACEMENT,ENTRY_ON_DELAYED_DISPLACEMENT,1,2021-12-07 09:42:00-05:00,2021-12-07 09:45:00-05:00,TARGET,16153.25,16127.865198490857,11.846240704266465,17.7693610563997,16171.0193610564,8.292368492986482,0.6999999999999963,rb,1,1,RB2-035921,16128.25,16135.75,NQZ1
EP-79066,EP-79066-ENTRY_ON_TAP,ENTRY_ON_TAP,1,2021-12-08 09:34:00-05:00,2021-12-08 09:35:00-05:00,TARGET,16287.25,16266.169988750546,9.837338583078914,14.756007874618371,16302.00600787462,6.886137008155375,0.7000000000000137,rb,3,1,RB2-049550,16253.75,16272.75,NQZ1
EP-01682,EP-01682-ENTRY_ON_DELAYED_DISPLACEMENT,ENTRY_ON_DELAYED_DISPLACEMENT,-1,2021-12-10 09:30:00-05:00,2021-12-10 09:30:00-05:00,STOP,16268.75,16281.91803791601,6.145084360804167,9.21762654120625,16281.91803791601,-6.145084360804167,-1.0,rb,5,5,RB2-050722,16290.0,16294.0,NQH2
EP-01702,EP-01702-ENTRY_ON_MINIMAL_WICK_REJECTION,ENTRY_ON_MINIMAL_WICK_REJECTION,1,2021-12-10 09:37:00-05:00,2021-12-10 09:38:00-05:00,TARGET,16288.0,16263.107864746678,11.616329784883396,17.424494677325093,16305.424494677325,8.131430849418361,0.6999999999999986,rb,1,1,RB2-000789,16276.75,16287.25,NQH2
EP-01752,EP-01752-ENTRY_ON_FIRST_CLOSE_OUTSIDE,ENTRY_ON_FIRST_CLOSE_OUTSIDE,-1,2021-12-10 10:24:00-05:00,2021-12-10 10:32:00-05:00,TARGET,16291.25,16328.056901725597,17.17655413861191,25.764831207917865,16265.485168792082,12.023587897028444,0.7000000000000063,rb,3,1,RB2-037918,16305.5,16328.25,NQH2
EP-02916,EP-02916-ENTRY_ON_TAP,ENTRY_ON_TAP,-1,2021-12-13 09:36:00-05:00,2021-12-13 09:38:00-05:00,TARGET,16313.25,16334.251160070495,9.800541366230847,14.700812049346272,16298.549187950654,6.860378956361573,0.699999999999998,rb,1,1,RB2-001357,16313.25,16321.25,NQH2
EP-02918,EP-02918-ENTRY_ON_FIRST_CLOSE_OUTSIDE,ENTRY_ON_FIRST_CLOSE_OUTSIDE,-1,2021-12-13 09:38:00-05:00,2021-12-13 09:38:00-05:00,TARGET,16313.25,16337.084584757204,11.122806220027982,16.684209330041973,16296.565790669958,7.785964354019323,0.6999999999999762,rb,5,1,RB2-050844,16326.5,16339.5,NQH2
EP-02918,EP-02918-ENTRY_ON_MINIMAL_WICK_REJECTION,ENTRY_ON_MINIMAL_WICK_REJECTION,-1,2021-12-13 09:38:00-05:00,2021-12-13 09:38:00-05:00,TARGET,16313.25,16337.084584757204,11.122806220027982,16.684209330041973,16296.565790669958,7.785964354019323,0.6999999999999762,rb,5,1,RB2-050844,16326.5,16339.5,NQH2
EP-02918,EP-02918-ENTRY_ON_IMMEDIATE_DISPLACEMENT,ENTRY_ON_IMMEDIATE_DISPLACEMENT,-1,2021-12-13 09:38:00-05:00,2021-12-13 09:38:00-05:00,TARGET,16313.25,16337.084584757204,11.122806220027982,16.684209330041973,16296.565790669958,7.785964354019323,0.6999999999999762,rb,5,1,RB2-050844,16326.5,16339.5,NQH2
EP-02921,EP-02921-ENTRY_ON_TAP,ENTRY_ON_TAP,1,2021-12-13 09:38:00-05:00,2021-12-13 09:38:00-05:00,STOP,16313.25,16289.415415242796,11.122806220027982,16.684209330041973,16289.415415242796,-11.122806220027982,-1.0,rb,1,1,RB2-001360,16305.25,16313.25,NQH2
EP-02920,EP-02920-ENTRY_ON_FIRST_CLOSE_OUTSIDE,ENTRY_ON_FIRST_CLOSE_OUTSIDE,1,2021-12-13 09:42:00-05:00,2021-12-13 09:44:00-05:00,TARGET,16303.75,16273.143349522707,14.283103556070513,21.42465533410577,16325.174655334105,9.998172489249527,0.7000000000000117,rb,3,3,RB2-038120,16269.75,16289.0,NQH2
EP-06665,EP-06665-ENTRY_ON_NEW_FVG,ENTRY_ON_NEW_FVG,1,2021-12-16 09:50:00-05:00,2021-12-16 09:50:00-05:00,STOP,16278.75,16241.79769074053,17.244410987752737,25.866616481629105,16241.79769074053,-17.244410987752737,-1.0,rb,1,1,RB2-003094,16215.25,16223.5,NQH2
EP-06668,EP-06668-ENTRY_ON_DELAYED_DISPLACEMENT,ENTRY_ON_DELAYED_DISPLACEMENT,1,2021-12-16 09:50:00-05:00,2021-12-16 09:50:00-05:00,STOP,16278.75,16241.79769074053,17.244410987752737,25.866616481629105,16241.79769074053,-17.244410987752737,-1.0,rb,5,1,RB2-051211,16212.25,16231.75,NQH2
EP-06668,EP-06668-ENTRY_ON_NEW_FVG,ENTRY_ON_NEW_FVG,1,2021-12-16 09:50:00-05:00,2021-12-16 09:50:00-05:00,STOP,16278.75,16241.79769074053,17.244410987752737,25.866616481629105,16241.79769074053,-17.244410987752737,-1.0,rb,5,1,RB2-051211,16212.25,16231.75,NQH2
EP-06670,EP-06670-ENTRY_ON_TAP,ENTRY_ON_TAP,1,2021-12-16 09:50:00-05:00,2021-12-16 09:50:00-05:00,STOP,16278.75,16241.79769074053,17.244410987752737,25.866616481629105,16241.79769074053,-17.244410987752737,-1.0,rb,5,5,RB2-051211,16212.25,16231.75,NQH2
EP-08027,EP-08027-ENTRY_ON_FIRST_CLOSE_OUTSIDE,ENTRY_ON_FIRST_CLOSE_OUTSIDE,-1,2021-12-17 09:33:00-05:00,2021-12-17 09:33:00-05:00,STOP,15737.5,15768.498323361526,14.465884235378516,21.698826353067773,15768.498323361526,-14.465884235378516,-1.0,rb,1,1,RB2-003676,15745.75,15750.75,NQH2
EP-08027,EP-08027-ENTRY_ON_MINIMAL_WICK_REJECTION,ENTRY_ON_MINIMAL_WICK_REJECTION,-1,2021-12-17 09:33:00-05:00,2021-12-17 09:33:00-05:00,STOP,15737.5,15768.498323361526,14.465884235378516,21.698826353067773,15768.498323361526,-14.465884235378516,-1.0,rb,1,1,RB2-003676,15745.75,15750.75,NQH2
EP-08027,EP-08027-ENTRY_ON_STRONG_REJECTION,ENTRY_ON_STRONG_REJECTION,-1,2021-12-17 09:33:00-05:00,2021-12-17 09:33:00-05:00,STOP,15737.5,15768.498323361526,14.465884235378516,21.698826353067773,15768.498323361526,-14.465884235378516,-1.0,rb,1,1,RB2-003676,15745.75,15750.75,NQH2
EP-08027,EP-08027-ENTRY_ON_IMMEDIATE_DISPLACEMENT,ENTRY_ON_IMMEDIATE_DISPLACEMENT,-1,2021-12-17 09:33:00-05:00,2021-12-17 09:33:00-05:00,STOP,15737.5,15768.498323361526,14.465884235378516,21.698826353067773,15768.498323361526,-14.465884235378516,-1.0,rb,1,1,RB2-003676,15745.75,15750.75,NQH2
EP-09282,EP-09282-ENTRY_ON_TAP,ENTRY_ON_TAP,1,2021-12-20 09:49:00-05:00,2021-12-20 09:55:00-05:00,TARGET,15591.75,15536.054556985868,25.991206739928355,38.98681010989253,15630.736810109893,18.193844717949826,0.6999999999999992,rb,3,1,RB2-039151,15578.25,15616.25,NQH2
EP-10575,EP-10575-ENTRY_ON_TAP,ENTRY_ON_TAP,1,2021-12-21 10:22:00-05:00,2021-12-21 10:23:00-05:00,STOP,15703.0,15668.752286332645,15.98226637809868,23.97339956714802,15668.752286332645,-15.98226637809868,-1.0,rb,3,1,RB2-039364,15691.25,15700.25,NQH2
EP-13030,EP-13030-ENTRY_ON_TAP,ENTRY_ON_TAP,-1,2021-12-23 09:34:00-05:00,2021-12-23 09:34:00-05:00,STOP,16201.75,16216.696002813866,6.974801313137038,10.462201969705557,16216.696002813866,-6.974801313137038,-1.0,rb,1,1,RB2-006094,16209.5,16215.75,NQH2
EP-13035,EP-13035-ENTRY_ON_TAP,ENTRY_ON_TAP,-1,2021-12-23 09:44:00-05:00,2021-12-23 09:52:00-05:00,STOP,16202.5,16225.913397985893,10.926252393416666,16.389378590125,16225.913397985893,-10.926252393416666,-1.0,rb,1,1,RB2-006100,16202.25,16213.5,NQH2
EP-14225,EP-14225-ENTRY_ON_FIRST_CLOSE_OUTSIDE,ENTRY_ON_FIRST_CLOSE_OUTSIDE,-1,2021-12-27 09:50:00-05:00,2021-12-27 09:53:00-05:00,TARGET,16422.75,16445.00422221355,10.385303699655546,15.57795554948332,16407.172044450515,7.2697125897584485,0.6999999999999582,rb,5,5,RB2-051945,16433.25,16445.5,NQH2
EP-14235,EP-14235-ENTRY_ON_FIRST_CLOSE_OUTSIDE,ENTRY_ON_FIRST_CLOSE_OUTSIDE,-1,2021-12-27 09:53:00-05:00,2021-12-27 10:00:00-05:00,STOP,16418.25,16441.75163382219,10.967429117021775,16.451143675532663,16441.75163382219,-10.967429117021775,-1.0,rb,3,1,RB2-039953,16435.25,16444.75,NQH2
EP-15437,EP-15437-ENTRY_ON_NEW_FVG,ENTRY_ON_NEW_FVG,1,2021-12-28 10:29:00-05:00,2021-12-28 10:35:00-05:00,TARGET,16551.5,16521.576639534298,13.964234883994566,20.94635232599185,16572.44635232599,9.77496441879641,0.7000000000000153,rb,1,1,RB2-007251,16525.75,16532.75,NQH2
EP-15450,EP-15450-ENTRY_ON_TAP,ENTRY_ON_TAP,1,2021-12-28 10:43:00-05:00,2021-12-28 10:48:00-05:00,TARGET,16537.0,16508.03240789176,13.518209650513013,20.27731447576952,16557.27731447577,9.462746755359275,0.7000000000000123,rb,5,1,RB2-052082,16536.75,16549.5,NQH2
EP-16619,EP-16619-ENTRY_ON_TAP,ENTRY_ON_TAP,-1,2021-12-29 09:33:00-05:00,2021-12-29 09:34:00-05:00,TARGET,16526.25,16543.313521524917,7.9629767116282775,11.944465067442415,16514.30553493256,5.574083698140125,0.7000000000000416,rb,3,3,RB2-040329,16525.0,16527.25,NQH2
EP-16627,EP-16627-ENTRY_ON_TAP,ENTRY_ON_TAP,-1,2021-12-29 09:35:00-05:00,2021-12-29 09:37:00-05:00,TARGET,16520.5,16539.33152782906,8.788046320228053,13.18206948034208,16507.317930519657,6.1516324241593185,0.6999999999999638,rb,1,1,RB2-007825,16531.75,16537.0,NQH2
EP-16630,EP-16630-ENTRY_ON_TAP,ENTRY_ON_TAP,-1,2021-12-29 09:39:00-05:00,2021-12-29 09:40:00-05:00,STOP,16521.5,16543.942217922628,10.473035030559593,15.70955254583939,16543.942217922628,-10.473035030559593,-1.0,rb,3,3,RB2-040353,16526.25,16537.0,NQH2
EP-16644,EP-16644-ENTRY_ON_TAP,ENTRY_ON_TAP,-1,2021-12-29 09:51:00-05:00,2021-12-29 10:03:00-05:00,TARGET,16505.5,16536.38064258285,14.410966538664423,21.616449807996634,16483.883550192004,10.087676577065343,0.7000000000000172,rb,3,3,RB2-040356,16503.75,16514.0,NQH2
EP-16696,EP-16696-ENTRY_ON_FIRST_CLOSE_OUTSIDE,ENTRY_ON_FIRST_CLOSE_OUTSIDE,1,2021-12-29 10:55:00-05:00,2021-12-29 11:29:00-05:00,STOP,16473.0,16444.746451243638,13.18498941963487,19.777484129452304,16444.746451243638,-13.18498941963487,-1.0,rb,1,1,RB2-007857,16447.75,16457.5,NQH2
EP-17856,EP-17856-ENTRY_ON_FIRST_CLOSE_OUTSIDE,ENTRY_ON_FIRST_CLOSE_OUTSIDE,-1,2021-12-30 09:30:00-05:00,2021-12-30 09:30:00-05:00,STOP,16475.5,16486.670352457048,5.2128311466220545,7.819246719933082,16486.670352457048,-5.2128311466220545,-1.0,rb,1,1,RB2-008354,16488.75,16489.75,NQH2
EP-17856,EP-17856-ENTRY_ON_STRONG_REJECTION,ENTRY_ON_STRONG_REJECTION,-1,2021-12-30 09:30:00-05:00,2021-12-30 09:30:00-05:00,STOP,16475.5,16486.670352457048,5.2128311466220545,7.819246719933082,16486.670352457048,-5.2128311466220545,-1.0,rb,1,1,RB2-008354,16488.75,16489.75,NQH2
EP-17856,EP-17856-ENTRY_ON_IMMEDIATE_DISPLACEMENT,ENTRY_ON_IMMEDIATE_DISPLACEMENT,-1,2021-12-30 09:30:00-05:00,2021-12-30 09:30:00-05:00,STOP,16475.5,16486.670352457048,5.2128311466220545,7.819246719933082,16486.670352457048,-5.2128311466220545,-1.0,rb,1,1,RB2-008354,16488.75,16489.75,NQH2
EP-17856,EP-17856-ENTRY_ON_NEW_IFVG,ENTRY_ON_NEW_IFVG,-1,2021-12-30 09:30:00-05:00,2021-12-30 09:30:00-05:00,STOP,16475.5,16486.670352457048,5.2128311466220545,7.819246719933082,16486.670352457048,-5.2128311466220545,-1.0,rb,1,1,RB2-008354,16488.75,16489.75,NQH2
EP-17870,EP-17870-ENTRY_ON_TAP,ENTRY_ON_TAP,1,2021-12-30 09:41:00-05:00,2021-12-30 09:41:00-05:00,STOP,16491.0,16471.684278432225,9.014003398295651,13.521005097443478,16471.684278432225,-9.014003398295651,-1.0,rb,5,1,RB2-052314,16488.75,16499.25,NQH2
EP-17871,EP-17871-ENTRY_ON_TAP,ENTRY_ON_TAP,1,2021-12-30 09:41:00-05:00,2021-12-30 09:41:00-05:00,STOP,16491.0,16471.684278432225,9.014003398295651,13.521005097443478,16471.684278432225,-9.014003398295651,-1.0,rb,1,1,RB2-008358,16475.75,16487.75,NQH2
EP-17879,EP-17879-ENTRY_ON_FIRST_CLOSE_OUTSIDE,ENTRY_ON_FIRST_CLOSE_OUTSIDE,1,2021-12-30 09:55:00-05:00,2021-12-30 10:00:00-05:00,TARGET,16488.5,16463.838269986936,11.508807339430433,17.26321100914565,16505.763211009147,8.056165137601768,0.7000000000000405,rb,5,5,RB2-052315,16449.25,16467.75,NQH2
EP-19080,EP-19080-ENTRY_ON_FIRST_CLOSE_OUTSIDE,ENTRY_ON_FIRST_CLOSE_OUTSIDE,-1,2021-12-31 09:37:00-05:00,2021-12-31 09:40:00-05:00,STOP,16437.75,16456.392481665465,8.69982477721764,13.049737165826459,16456.392481665465,-8.69982477721764,-1.0,rb,1,1,RB2-008912,16445.75,16456.0,NQH2
EP-20313,EP-20313-ENTRY_ON_DELAYED_DISPLACEMENT,ENTRY_ON_DELAYED_DISPLACEMENT,-1,2022-01-03 09:41:00-05:00,2022-01-03 09:44:00-05:00,TARGET,16455.0,16481.886467961835,12.54701838218925,18.820527573283876,16436.179472426717,8.782912867532325,0.699999999999988,rb,1,1,RB2-009494,16477.75,16484.75,NQH2
EP-21453,EP-21453-ENTRY_ON_TAP,ENTRY_ON_TAP,1,2022-01-04 09:40:00-05:00,2022-01-04 09:43:00-05:00,STOP,16490.5,16469.53105655653,9.785506940285686,14.678260410428528,16469.53105655653,-9.785506940285686,-1.0,rb,5,5,RB2-052668,16468.75,16485.75,NQH2
EP-21460,EP-21460-ENTRY_ON_TAP,ENTRY_ON_TAP,1,2022-01-04 09:45:00-05:00,2022-01-04 09:50:00-05:00,STOP,16490.75,16465.16952152782,11.937556620350176,17.90633493052526,16465.16952152782,-11.937556620350176,-1.0,rb,3,3,RB2-041132,16475.0,16491.75,NQH2
EP-22652,EP-22652-ENTRY_ON_TAP,ENTRY_ON_TAP,1,2022-01-05 09:37:00-05:00,2022-01-05 09:37:00-05:00,TARGET,16150.0,16120.503211158426,13.765168126068046,20.647752189102068,16170.647752189103,9.635617688247752,0.7000000000000087,rb,3,1,RB2-041324,16103.0,16126.0,NQH2
EP-22652,EP-22652-ENTRY_ON_FIRST_CLOSE_OUTSIDE,ENTRY_ON_FIRST_CLOSE_OUTSIDE,1,2022-01-05 09:38:00-05:00,2022-01-05 09:40:00-05:00,TARGET,16153.75,16123.22777974111,14.243702787481878,21.365554181222816,16175.115554181222,9.970591951237154,0.6999999999999887,rb,3,1,RB2-041324,16103.0,16126.0,NQH2
EP-22656,EP-22656-ENTRY_ON_TAP,ENTRY_ON_TAP,1,2022-01-05 09:40:00-05:00,2022-01-05 09:40:00-05:00,TARGET,16155.75,16123.812988189815,14.903938844753322,22.355908267129983,16178.10590826713,10.432757191327505,0.7000000000000121,rb,1,1,RB2-010620,16141.75,16153.75,NQH2
EP-26451,EP-26451-ENTRY_ON_NEW_FVG,ENTRY_ON_NEW_FVG,1,2022-01-10 11:19:00-05:00,2022-01-10 11:26:00-05:00,TARGET,15283.0,15240.141215509946,20.000766095358223,30.001149143037335,15313.001149143038,14.000536266750556,0.69999999999999,rb,1,1,RB2-012430,15240.25,15245.0,NQH2
EP-27637,EP-27637-ENTRY_ON_FIRST_CLOSE_OUTSIDE,ENTRY_ON_FIRST_CLOSE_OUTSIDE,-1,2022-01-11 09:33:00-05:00,2022-01-11 09:33:00-05:00,TARGET,15550.75,15581.587006497182,14.39060303201883,21.585904548028246,15529.164095451972,10.073422122413477,0.7000000000000206,rb,3,3,RB2-042097,15564.75,15573.5,NQH2
EP-27637,EP-27637-ENTRY_ON_MINIMAL_WICK_REJECTION,ENTRY_ON_MINIMAL_WICK_REJECTION,-1,2022-01-11 09:33:00-05:00,2022-01-11 09:33:00-05:00,TARGET,15550.75,15581.587006497182,14.39060303201883,21.585904548028246,15529.164095451972,10.073422122413477,0.7000000000000206,rb,3,3,RB2-042097,15564.75,15573.5,NQH2
EP-27645,EP-27645-ENTRY_ON_TAP,ENTRY_ON_TAP,1,2022-01-11 09:33:00-05:00,2022-01-11 09:36:00-05:00,TARGET,15550.75,15519.912993502818,14.39060303201883,21.585904548028246,15572.335904548028,10.073422122413477,0.7000000000000206,rb,1,1,RB2-012983,15506.5,15517.0,NQH2
EP-27651,EP-27651-ENTRY_ON_TAP,ENTRY_ON_TAP,1,2022-01-11 09:39:00-05:00,2022-01-11 09:41:00-05:00,STOP,15553.75,15514.117050169878,18.495376587390265,27.743064881085395,15514.117050169878,-18.495376587390265,-1.0,rb,3,3,RB2-042098,15522.5,15550.75,NQH2
EP-27662,EP-27662-ENTRY_ON_TAP,ENTRY_ON_TAP,-1,2022-01-11 09:47:00-05:00,2022-01-11 09:49:00-05:00,TARGET,15533.0,15581.869720176883,22.805869415878643,34.20880412381796,15498.791195876182,15.964108591115062,0.7000000000000005,rb,1,1,RB2-012990,15530.25,15539.5,NQH2
EP-27658,EP-27658-ENTRY_ON_DELAYED_DISPLACEMENT,ENTRY_ON_DELAYED_DISPLACEMENT,1,2022-01-11 09:51:00-05:00,2022-01-11 09:51:00-05:00,TARGET,15525.25,15473.936784673078,23.94616715256347,35.9192507288452,15561.169250728844,16.762317006794454,0.7000000000000011,rb,5,1,RB2-053307,15475.0,15498.25,NQH2
EP-27663,EP-27663-ENTRY_ON_TAP,ENTRY_ON_TAP,1,2022-01-11 09:51:00-05:00,2022-01-11 09:51:00-05:00,TARGET,15525.25,15473.936784673078,23.94616715256347,35.9192507288452,15561.169250728844,16.762317006794454,0.7000000000000011,rb,3,3,RB2-042101,15489.25,15497.75,NQH2
EP-27665,EP-27665-ENTRY_ON_FIRST_CLOSE_OUTSIDE,ENTRY_ON_FIRST_CLOSE_OUTSIDE,1,2022-01-11 09:51:00-05:00,2022-01-11 09:51:00-05:00,TARGET,15525.25,15473.936784673078,23.94616715256347,35.9192507288452,15561.169250728844,16.762317006794454,0.7000000000000011,rb,3,1,RB2-042101,15489.25,15497.75,NQH2
EP-27665,EP-27665-ENTRY_ON_MINIMAL_WICK_REJECTION,ENTRY_ON_MINIMAL_WICK_REJECTION,1,2022-01-11 09:51:00-05:00,2022-01-11 09:51:00-05:00,TARGET,15525.25,15473.936784673078,23.94616715256347,35.9192507288452,15561.169250728844,16.762317006794454,0.7000000000000011,rb,3,1,RB2-042101,15489.25,15497.75,NQH2
EP-27665,EP-27665-ENTRY_ON_IMMEDIATE_DISPLACEMENT,ENTRY_ON_IMMEDIATE_DISPLACEMENT,1,2022-01-11 09:51:00-05:00,2022-01-11 09:51:00-05:00,TARGET,15525.25,15473.936784673078,23.94616715256347,35.9192507288452,15561.169250728844,16.762317006794454,0.7000000000000011,rb,3,1,RB2-042101,15489.25,15497.75,NQH2
EP-27669,EP-27669-ENTRY_ON_TAP,ENTRY_ON_TAP,-1,2022-01-11 09:54:00-05:00,2022-01-11 09:55:00-05:00,TARGET,15553.75,15606.246437212494,24.49833736583042,36.74750604874563,15517.002493951255,17.14883615608117,0.699999999999995,rb,3,3,RB2-042099,15553.75,15572.0,NQH2
EP-27671,EP-27671-ENTRY_ON_TAP,ENTRY_ON_TAP,1,2022-01-11 09:56:00-05:00,2022-01-11 10:00:00-05:00,TARGET,15522.0,15467.621761657276,25.376511226604677,38.064766839907016,15560.064766839907,17.763557858623304,0.7000000000000012,rb,1,1,RB2-012995,15492.75,15507.5,NQH2
EP-28943,EP-28943-ENTRY_ON_STRONG_REJECTION,ENTRY_ON_STRONG_REJECTION,-1,2022-01-12 09:39:00-05:00,2022-01-12 09:40:00-05:00,TARGET,15954.75,15989.109664722713,16.034510203932424,24.051765305898634,15930.698234694102,11.224157142752412,0.6999999999999823,rb,1,1,RB2-013556,15982.0,15990.0,NQH2
EP-30204,EP-30204-ENTRY_ON_TAP,ENTRY_ON_TAP,-1,2022-01-13 09:56:00-05:00,2022-01-13 10:00:00-05:00,TARGET,15954.0,15987.44088425243,15.605745984467642,23.40861897670146,15930.591381023298,10.924022189127598,0.7000000000000159,rb,5,1,RB2-053564,15954.25,15966.75,NQH2
EP-32618,EP-32618-ENTRY_ON_TAP,ENTRY_ON_TAP,-1,2022-01-17 09:38:00-05:00,2022-01-17 09:39:00-05:00,TARGET,15602.25,15615.32905540027,6.1035591867928645,9.155338780189297,15593.094661219811,4.27249143075495,0.6999999999999911,rb,1,1,RB2-015323,15602.25,15610.0,NQH2
EP-33655,EP-33655-ENTRY_ON_TAP,ENTRY_ON_TAP,1,2022-01-18 09:50:00-05:00,2022-01-18 09:59:00-05:00,TARGET,15309.25,15261.480702374065,22.2923388921033,33.438508338154946,15342.688508338155,15.604637224472519,0.7000000000000094,rb,1,1,RB2-015785,15299.5,15306.25,NQH2
EP-34899,EP-34899-ENTRY_ON_FIRST_CLOSE_OUTSIDE,ENTRY_ON_FIRST_CLOSE_OUTSIDE,-1,2022-01-19 09:36:00-05:00,2022-01-19 09:37:00-05:00,STOP,15286.25,15314.71677119856,13.2844932259945,19.92673983899175,15314.71677119856,-13.2844932259945,-1.0,rb,3,3,RB2-043263,15295.5,15297.0,NQH2
EP-34961,EP-34961-ENTRY_ON_FIRST_CLOSE_OUTSIDE,ENTRY_ON_FIRST_CLOSE_OUTSIDE,-1,2022-01-19 10:25:00-05:00,2022-01-19 10:31:00-05:00,TARGET,15299.0,15342.661327290929,20.375286069099953,30.562929103649928,15268.43707089635,14.262700248369805,0.6999999999999921,rb,1,1,RB2-016405,15311.75,15318.0,NQH2
EP-36262,EP-36262-ENTRY_ON_TAP,ENTRY_ON_TAP,-1,2022-01-20 09:34:00-05:00,2022-01-20 09:34:00-05:00,TARGET,15209.5,15230.037986422407,9.58439366378963,14.376590495684445,15195.123409504316,6.709075564652561,0.6999999999999812,rb,3,1,RB2-043476,15209.5,15218.75,NQH2
EP-36258,EP-36258-ENTRY_ON_FIRST_CLOSE_OUTSIDE,ENTRY_ON_FIRST_CLOSE_OUTSIDE,-1,2022-01-20 09:40:00-05:00,2022-01-20 09:42:00-05:00,STOP,15199.25,15226.357943838671,12.650373791379707,18.97556068706956,15226.357943838671,-12.650373791379707,-1.0,rb,5,5,RB2-054163,15202.0,15206.25,NQH2
EP-37521,EP-37521-ENTRY_ON_TAP,ENTRY_ON_TAP,-1,2022-01-21 10:07:00-05:00,2022-01-21 10:11:00-05:00,TARGET,14664.5,14721.836343405224,26.75696025577102,40.13544038365653,14624.364559616344,18.729872179039457,0.6999999999999904,rb,1,1,RB2-017616,14660.0,14680.75,NQH2
EP-38727,EP-38727-ENTRY_ON_FIRST_CLOSE_OUTSIDE,ENTRY_ON_FIRST_CLOSE_OUTSIDE,1,2022-01-24 09:47:00-05:00,2022-01-24 09:51:00-05:00,STOP,14158.5,14088.946162617915,32.458457444973185,48.68768616745977,14088.946162617915,-32.458457444973185,-1.0,rb,3,1,RB2-043887,14117.25,14137.0,NQH2
EP-40055,EP-40055-ENTRY_ON_TAP,ENTRY_ON_TAP,-1,2022-01-25 09:39:00-05:00,2022-01-25 09:41:00-05:00,TARGET,14258.5,14313.049172188566,25.456280354664276,38.184420531996416,14220.315579468004,17.81939624826495,0.6999999999999983,rb,3,3,RB2-044098,14240.5,14259.75,NQH2
EP-40122,EP-40122-ENTRY_ON_TAP,ENTRY_ON_TAP,1,2022-01-25 10:56:00-05:00,2022-01-25 11:12:00-05:00,STOP,14157.25,14081.694125228858,35.25940822653278,52.88911233979917,14081.694125228858,-35.25940822653278,-1.0,rb,5,1,RB2-054563,14121.0,14144.75,NQH2
EP-41397,EP-41397-ENTRY_ON_TAP,ENTRY_ON_TAP,1,2022-01-26 10:16:00-05:00,2022-01-26 10:19:00-05:00,TARGET,14416.0,14366.86159321641,22.931256499008242,34.39688474851236,14450.396884748512,16.051879549305557,0.6999999999999907,rb,5,1,RB2-054699,14394.0,14414.5,NQH2
EP-41418,EP-41418-ENTRY_ON_TAP,ENTRY_ON_TAP,1,2022-01-26 10:34:00-05:00,2022-01-26 10:44:00-05:00,STOP,14402.25,14349.378303511601,24.673458361252777,37.01018754187916,14349.378303511601,-24.673458361252777,-1.0,rb,1,1,RB2-019461,14385.25,14396.0,NQH2
EP-42747,EP-42747-ENTRY_ON_FIRST_CLOSE_OUTSIDE,ENTRY_ON_FIRST_CLOSE_OUTSIDE,1,2022-01-27 10:00:00-05:00,2022-01-27 10:00:00-05:00,STOP,14356.25,14301.335810638602,25.62662170198553,38.4399325529783,14301.335810638602,-25.62662170198553,-1.0,rb,3,3,RB2-044523,14312.5,14345.0,NQH2
EP-42747,EP-42747-ENTRY_ON_MINIMAL_WICK_REJECTION,ENTRY_ON_MINIMAL_WICK_REJECTION,1,2022-01-27 10:00:00-05:00,2022-01-27 10:00:00-05:00,STOP,14356.25,14301.335810638602,25.62662170198553,38.4399325529783,14301.335810638602,-25.62662170198553,-1.0,rb,3,3,RB2-044523,14312.5,14345.0,NQH2
EP-42747,EP-42747-ENTRY_ON_DELAYED_DISPLACEMENT,ENTRY_ON_DELAYED_DISPLACEMENT,1,2022-01-27 10:00:00-05:00,2022-01-27 10:00:00-05:00,STOP,14356.25,14301.335810638602,25.62662170198553,38.4399325529783,14301.335810638602,-25.62662170198553,-1.0,rb,3,3,RB2-044523,14312.5,14345.0,NQH2
EP-42749,EP-42749-ENTRY_ON_MINIMAL_WICK_REJECTION,ENTRY_ON_MINIMAL_WICK_REJECTION,1,2022-01-27 10:00:00-05:00,2022-01-27 10:00:00-05:00,STOP,14356.25,14301.335810638602,25.62662170198553,38.4399325529783,14301.335810638602,-25.62662170198553,-1.0,rb,5,1,RB2-054835,14312.5,14345.0,NQH2
EP-46615,EP-46615-ENTRY_ON_FIRST_CLOSE_OUTSIDE,ENTRY_ON_FIRST_CLOSE_OUTSIDE,1,2022-02-01 10:13:00-05:00,2022-02-01 10:21:00-05:00,TARGET,14785.25,14728.545037622705,26.46231577607117,39.693473664106754,14824.943473664107,18.523621043250074,0.7000000000000097,rb,5,1,RB2-055228,14729.25,14758.25,NQH2
EP-46628,EP-46628-ENTRY_ON_TAP,ENTRY_ON_TAP,1,2022-02-01 10:34:00-05:00,2022-02-01 10:46:00-05:00,STOP,14814.0,14758.967117357157,25.682011899993842,38.523017849990765,14758.967117357157,-25.682011899993842,-1.0,rb,1,1,RB2-021913,14804.0,14811.75,NQH2
EP-47739,EP-47739-ENTRY_ON_TAP,ENTRY_ON_TAP,1,2022-02-02 09:36:00-05:00,2022-02-02 09:36:00-05:00,TARGET,15130.75,15101.922011995444,13.453061068792506,20.179591603188758,15150.929591603188,9.417142748154658,0.6999999999999929,rb,5,1,RB2-055349,15092.5,15125.0,NQH2
EP-47745,EP-47745-ENTRY_ON_TAP,ENTRY_ON_TAP,1,2022-02-02 09:41:00-05:00,2022-02-02 09:41:00-05:00,STOP,15141.0,15105.990717451929,16.337665189100374,24.50649778365056,15105.990717451929,-16.337665189100374,-1.0,rb,3,1,RB2-045356,15121.0,15130.75,NQH2
EP-48956,EP-48956-ENTRY_ON_FIRST_CLOSE_OUTSIDE,ENTRY_ON_FIRST_CLOSE_OUTSIDE,1,2022-02-03 09:54:00-05:00,2022-02-03 10:06:00-05:00,TARGET,14723.25,14672.171124065895,23.836808769248623,35.75521315387294,14759.005213153872,16.685766138473817,0.6999999999999907,rb,3,3,RB2-045557,14705.75,14721.25,NQH2
EP-51479,EP-51479-ENTRY_ON_TAP,ENTRY_ON_TAP,1,2022-02-07 09:49:00-05:00,2022-02-07 09:51:00-05:00,TARGET,14739.5,14698.937696131832,18.92907513847873,28.393612707718095,14767.893612707718,13.250352596935384,0.7000000000000144,rb,3,1,RB2-045983,14730.25,14738.0,NQH2
EP-51493,EP-51493-ENTRY_ON_TAP,ENTRY_ON_TAP,1,2022-02-07 10:01:00-05:00,2022-02-07 10:12:00-05:00,STOP,14769.75,14726.97286526957,19.96266287420011,29.943994311300166,14726.97286526957,-19.96266287420011,-1.0,rb,5,1,RB2-055712,14755.25,14781.25,NQH2
EP-52759,EP-52759-ENTRY_ON_NEW_IFVG,ENTRY_ON_NEW_IFVG,1,2022-02-08 09:36:00-05:00,2022-02-08 09:37:00-05:00,TARGET,14538.75,14514.196030299025,11.458519193788643,17.187778790682962,14555.937778790683,8.020963435652149,0.7000000000000086,rb,1,1,RB2-024845,14507.75,14510.0,NQH2
EP-52769,EP-52769-ENTRY_ON_FIRST_CLOSE_OUTSIDE,ENTRY_ON_FIRST_CLOSE_OUTSIDE,-1,2022-02-08 09:42:00-05:00,2022-02-08 09:43:00-05:00,TARGET,14561.0,14592.590495056027,14.742231026146161,22.113346539219243,14538.88665346078,10.31956171830245,0.7000000000000094,rb,3,3,RB2-046156,14574.0,14580.5,NQH2
EP-55317,EP-55317-ENTRY_ON_DELAYED_DISPLACEMENT,ENTRY_ON_DELAYED_DISPLACEMENT,-1,2022-02-10 11:33:00-05:00,2022-02-10 11:46:00-05:00,STOP,14870.5,14912.686185619348,19.6868866223626,29.5303299335439,14912.686185619348,-19.6868866223626,-1.0,rb,3,3,RB2-046597,14915.75,14924.5,NQH2
EP-56512,EP-56512-ENTRY_ON_FIRST_CLOSE_OUTSIDE,ENTRY_ON_FIRST_CLOSE_OUTSIDE,1,2022-02-11 09:39:00-05:00,2022-02-11 09:41:00-05:00,STOP,14691.25,14663.007615924784,13.179779235100833,19.76966885265125,14663.007615924784,-13.179779235100833,-1.0,rb,3,3,RB2-046777,14673.25,14680.0,NQH2
EP-60197,EP-60197-ENTRY_ON_TAP,ENTRY_ON_TAP,1,2022-02-16 09:58:00-05:00,2022-02-16 10:07:00-05:00,TARGET,14415.25,14377.696255432396,17.525080798214912,26.287621197322366,14441.537621197322,12.267556558750352,0.6999999999999951,rb,1,1,RB2-028370,14396.75,14408.75,NQH2
EP-62650,EP-62650-ENTRY_ON_FIRST_CLOSE_OUTSIDE,ENTRY_ON_FIRST_CLOSE_OUTSIDE,1,2022-02-18 09:38:00-05:00,2022-02-18 09:38:00-05:00,TARGET,14143.75,14113.862656132636,13.947427138102677,20.921140707154017,14164.671140707154,9.76319899667164,0.6999999999999832,rb,3,1,RB2-047798,14130.0,14139.25,NQH2
EP-62650,EP-62650-ENTRY_ON_MINIMAL_WICK_REJECTION,ENTRY_ON_MINIMAL_WICK_REJECTION,1,2022-02-18 09:38:00-05:00,2022-02-18 09:38:00-05:00,TARGET,14143.75,14113.862656132636,13.947427138102677,20.921140707154017,14164.671140707154,9.76319899667164,0.6999999999999832,rb,3,1,RB2-047798,14130.0,14139.25,NQH2
EP-62649,EP-62649-ENTRY_ON_FIRST_CLOSE_OUTSIDE,ENTRY_ON_FIRST_CLOSE_OUTSIDE,1,2022-02-18 09:39:00-05:00,2022-02-18 09:40:00-05:00,STOP,14148.0,14117.282069269968,14.335034340681732,21.5025515110226,14117.282069269968,-14.335034340681732,-1.0,rb,3,3,RB2-047798,14130.0,14139.25,NQH2
EP-62690,EP-62690-ENTRY_ON_TAP,ENTRY_ON_TAP,1,2022-02-18 10:08:00-05:00,2022-02-18 10:15:00-05:00,TARGET,14144.5,14104.64203147415,18.60038531206324,27.900577968094858,14172.400577968096,13.020269718444172,0.699999999999995,rb,3,1,RB2-047811,14121.75,14137.0,NQH2
EP-63898,EP-63898-ENTRY_ON_TAP,ENTRY_ON_TAP,-1,2022-02-21 10:00:00-05:00,2022-02-21 10:09:00-05:00,STOP,13829.0,13855.794608718437,12.504150735270704,18.756226102906055,13855.794608718437,-12.504150735270704,-1.0,rb,5,5,RB2-056938,13828.0,13855.25,NQH2
EP-68825,EP-68825-ENTRY_ON_TAP,ENTRY_ON_TAP,1,2022-02-25 10:16:00-05:00,2022-02-25 10:19:00-05:00,TARGET,13886.75,13828.403023209054,27.228589169107977,40.842883753661965,13927.592883753661,19.060012418375333,0.6999999999999909,rb,1,1,RB2-032452,13875.5,13881.75,NQH2
EP-70044,EP-70044-ENTRY_ON_FIRST_CLOSE_OUTSIDE,ENTRY_ON_FIRST_CLOSE_OUTSIDE,1,2022-02-28 09:33:00-05:00,2022-02-28 09:35:00-05:00,TARGET,14086.25,14056.707459512594,13.786518894122695,20.679778341184043,14106.929778341184,9.65056322588586,0.6999999999999981,rb,3,3,RB2-049012,14022.0,14025.75,NQH2
EP-70072,EP-70072-ENTRY_ON_TAP,ENTRY_ON_TAP,1,2022-02-28 10:06:00-05:00,2022-02-28 10:31:00-05:00,TARGET,14083.75,14031.593225412173,24.339828140986455,36.50974221147968,14120.25974221148,17.03787969869076,0.7000000000000098,rb,5,1,RB2-057531,14049.25,14081.25,NQH2
EP-71362,EP-71362-ENTRY_ON_FIRST_CLOSE_OUTSIDE,ENTRY_ON_FIRST_CLOSE_OUTSIDE,1,2022-03-01 09:48:00-05:00,2022-03-01 09:52:00-05:00,STOP,14210.25,14168.423638424592,19.518968735190427,29.27845310278564,14168.423638424592,-19.518968735190427,-1.0,rb,3,3,RB2-049216,14198.75,14208.75,NQH2
EP-71375,EP-71375-ENTRY_ON_TAP,ENTRY_ON_TAP,1,2022-03-01 09:56:00-05:00,2022-03-01 09:57:00-05:00,TARGET,14187.25,14139.83185761096,22.128466448219147,33.19269967232872,14220.442699672329,15.489926513753597,0.7000000000000087,rb,5,1,RB2-057661,14162.5,14204.25,NQH2
EP-72709,EP-72709-ENTRY_ON_TAP,ENTRY_ON_TAP,-1,2022-03-02 10:29:00-05:00,2022-03-02 10:29:00-05:00,STOP,14016.0,14065.557755498041,23.126952565752735,34.690428848629104,14065.557755498041,-23.126952565752735,-1.0,rb,3,1,RB2-049429,14004.25,14020.0,NQH2
EP-72727,EP-72727-ENTRY_ON_DELAYED_DISPLACEMENT,ENTRY_ON_DELAYED_DISPLACEMENT,-1,2022-03-02 10:55:00-05:00,2022-03-02 11:03:00-05:00,STOP,14019.5,14078.222552753847,27.40385795179532,41.10578692769298,14078.222552753847,-27.40385795179532,-1.0,rb,3,1,RB2-049432,14075.75,14095.5,NQH2
EP-73860,EP-73860-ENTRY_ON_TAP,ENTRY_ON_TAP,1,2022-03-03 09:33:00-05:00,2022-03-03 09:36:00-05:00,STOP,14322.75,14293.716364565045,13.549029869645619,20.323544804468426,14293.716364565045,-13.549029869645619,-1.0,rb,1,1,RB2-034821,14302.0,14308.75,NQH2
EP-75183,EP-75183-ENTRY_ON_FIRST_CLOSE_OUTSIDE,ENTRY_ON_FIRST_CLOSE_OUTSIDE,1,2022-03-04 09:58:00-05:00,2022-03-04 09:58:00-05:00,TARGET,13870.0,13826.469494702016,20.3142358057261,30.47135370858915,13900.47135370859,14.219965064008486,0.7000000000000106,rb,1,1,RB2-035428,13834.0,13844.25,NQH2
EP-76412,EP-76412-ENTRY_ON_TAP,ENTRY_ON_TAP,-1,2022-03-07 09:40:00-05:00,2022-03-07 09:40:00-05:00,TARGET,13836.25,13875.49657376492,18.315067756962407,27.47260163544361,13808.777398364557,12.820547429873518,0.6999999999999909,rb,5,5,RB2-058164,13831.0,13879.75,NQH2
EP-76517,EP-76517-ENTRY_ON_TAP,ENTRY_ON_TAP,-1,2022-03-07 11:06:00-05:00,2022-03-07 11:35:00-05:00,TARGET,13607.75,13651.193484966803,20.273626317841856,30.410439476762782,13577.339560523238,14.191538422489543,0.7000000000000121,rb,1,1,RB2-036052,13607.25,13614.5,NQH2
EP-78975,EP-78975-ENTRY_ON_TAP,ENTRY_ON_TAP,-1,2022-03-09 09:40:00-05:00,2022-03-09 09:44:00-05:00,TARGET,13586.25,13636.63994158069,23.51530607098832,35.27295910648248,13550.977040893518,16.460714249691584,0.6999999999999899,rb,3,1,RB2-050436,13595.75,13612.0,NQH2
EP-00491,EP-00491-ENTRY_ON_TAP,ENTRY_ON_TAP,1,2022-03-10 10:13:00-05:00,2022-03-10 10:16:00-05:00,TARGET,13539.75,13494.02376385233,21.338910202245916,32.008365303368876,13571.758365303369,14.937237141572206,0.7000000000000031,rb,5,1,RB2-050475,13500.0,13515.0,NQM2
EP-01699,EP-01699-ENTRY_ON_FIRST_CLOSE_OUTSIDE,ENTRY_ON_FIRST_CLOSE_OUTSIDE,-1,2022-03-11 09:30:00-05:00,2022-03-11 09:30:00-05:00,TARGET,13705.75,13725.987594638887,9.444210831480977,14.166316247221465,13691.583683752779,6.610947582036798,0.7000000000000121,rb,5,5,RB2-050600,13722.5,13731.25,NQM2
EP-01699,EP-01699-ENTRY_ON_MINIMAL_WICK_REJECTION,ENTRY_ON_MINIMAL_WICK_REJECTION,-1,2022-03-11 09:30:00-05:00,2022-03-11 09:30:00-05:00,TARGET,13705.75,13725.987594638887,9.444210831480977,14.166316247221465,13691.583683752779,6.610947582036798,0.7000000000000121,rb,5,5,RB2-050600,13722.5,13731.25,NQM2
EP-01699,EP-01699-ENTRY_ON_IMMEDIATE_DISPLACEMENT,ENTRY_ON_IMMEDIATE_DISPLACEMENT,-1,2022-03-11 09:30:00-05:00,2022-03-11 09:30:00-05:00,TARGET,13705.75,13725.987594638887,9.444210831480977,14.166316247221465,13691.583683752779,6.610947582036798,0.7000000000000121,rb,5,5,RB2-050600,13722.5,13731.25,NQM2
EP-04395,EP-04395-ENTRY_ON_TAP,ENTRY_ON_TAP,1,2022-03-15 11:58:00-04:00,2022-03-15 12:06:00-04:00,TARGET,13307.25,13272.406904210136,16.260111368602715,24.390167052904072,13331.640167052905,11.382077958021698,0.6999999999999875,rb,3,1,RB2-038038,13292.0,13323.5,NQM2
EP-05516,EP-05516-ENTRY_ON_NEW_IFVG,ENTRY_ON_NEW_IFVG,-1,2022-03-16 10:44:00-04:00,2022-03-16 11:00:00-04:00,STOP,13794.25,13833.87790565847,18.49302264061944,27.73953396092916,13833.87790565847,-18.49302264061944,-1.0,rb,3,1,RB2-038240,13842.75,13851.0,NQM2
EP-06771,EP-06771-ENTRY_ON_TAP,ENTRY_ON_TAP,-1,2022-03-17 10:20:00-04:00,2022-03-17 10:42:00-04:00,TARGET,13930.0,13971.386540654627,19.313718972159062,28.97057845823859,13901.029421541762,13.519603280511358,0.7000000000000007,rb,1,1,RB2-003165,13944.5,13953.25,NQM2
EP-07892,EP-07892-ENTRY_ON_FIRST_CLOSE_OUTSIDE,ENTRY_ON_FIRST_CLOSE_OUTSIDE,-1,2022-03-18 09:41:00-04:00,2022-03-18 09:45:00-04:00,STOP,14051.75,14088.258447848584,17.037275662673043,25.555913494009566,14088.258447848584,-17.037275662673043,-1.0,rb,3,1,RB2-038613,14068.25,14079.0,NQM2
EP-08031,EP-08031-ENTRY_ON_TAP,ENTRY_ON_TAP,1,2022-03-18 11:55:00-04:00,2022-03-18 11:57:00-04:00,TARGET,14212.5,14181.298927740992,14.560500387536612,21.840750581304917,14234.340750581305,10.192350271275453,0.699999999999988,rb,3,1,RB2-038635,14210.5,14223.25,NQM2
EP-10426,EP-10426-ENTRY_ON_TAP,ENTRY_ON_TAP,-1,2022-03-22 09:32:00-04:00,2022-03-22 09:32:00-04:00,TARGET,14418.75,14434.800317951827,7.490148377519525,11.235222566279287,14407.51477743372,5.243103864263746,0.7000000000000106,rb,5,1,RB2-051432,14430.75,14433.75,NQM2
EP-10444,EP-10444-ENTRY_ON_TAP,ENTRY_ON_TAP,1,2022-03-22 09:47:00-04:00,2022-03-22 09:54:00-04:00,TARGET,14423.75,14391.02132119255,15.273383443477018,22.910075165215527,14446.660075165215,10.69136841043393,0.7000000000000011,rb,5,1,RB2-051446,14404.75,14419.25,NQM2
EP-10451,EP-10451-ENTRY_ON_TAP,ENTRY_ON_TAP,-1,2022-03-22 09:58:00-04:00,2022-03-22 10:00:00-04:00,STOP,14462.0,14497.48348467354,16.55895951431878,24.83843927147817,14497.48348467354,-16.55895951431878,-1.0,rb,3,1,RB2-039046,14452.5,14464.5,NQM2
EP-11638,EP-11638-ENTRY_ON_TAP,ENTRY_ON_TAP,-1,2022-03-23 09:54:00-04:00,2022-03-23 10:00:00-04:00,TARGET,14490.25,14524.969562560607,16.202462528283498,24.303693792425246,14465.946306207576,11.341723769798513,0.700000000000004,rb,3,3,RB2-039256,14476.25,14494.75,NQM2
EP-11702,EP-11702-ENTRY_ON_TAP,ENTRY_ON_TAP,-1,2022-03-23 10:52:00-04:00,2022-03-23 11:01:00-04:00,STOP,14561.25,14597.825355613903,17.068499286487683,25.602748929731526,14597.825355613903,-17.068499286487683,-1.0,rb,3,1,RB2-039263,14555.25,14566.0,NQM2
EP-12799,EP-12799-ENTRY_ON_FIRST_CLOSE_OUTSIDE,ENTRY_ON_FIRST_CLOSE_OUTSIDE,1,2022-03-24 09:35:00-04:00,2022-03-24 09:35:00-04:00,STOP,14498.75,14478.66541423358,9.372806690996038,14.059210036494058,14478.66541423358,-9.372806690996038,-1.0,rb,3,1,RB2-039441,14486.0,14495.5,NQM2
EP-12799,EP-12799-ENTRY_ON_MINIMAL_WICK_REJECTION,ENTRY_ON_MINIMAL_WICK_REJECTION,1,2022-03-24 09:35:00-04:00,2022-03-24 09:35:00-04:00,STOP,14498.75,14478.66541423358,9.372806690996038,14.059210036494058,14478.66541423358,-9.372806690996038,-1.0,rb,3,1,RB2-039441,14486.0,14495.5,NQM2
EP-12812,EP-12812-ENTRY_ON_TAP,ENTRY_ON_TAP,1,2022-03-24 09:49:00-04:00,2022-03-24 09:50:00-04:00,STOP,14505.5,14472.619993502709,15.344003032068935,23.016004548103403,14472.619993502709,-15.344003032068935,-1.0,rb,1,1,RB2-006039,14497.0,14509.25,NQM2
EP-14131,EP-14131-ENTRY_ON_DELAYED_DISPLACEMENT,ENTRY_ON_DELAYED_DISPLACEMENT,1,2022-03-25 09:43:00-04:00,2022-03-25 09:47:00-04:00,TARGET,14746.0,14716.985408453756,13.540142721580546,20.31021408237082,14766.31021408237,9.478099905106543,0.7000000000000118,rb,5,1,RB2-051795,14715.0,14717.25,NQM2
EP-15413,EP-15413-ENTRY_ON_TAP,ENTRY_ON_TAP,-1,2022-03-28 09:47:00-04:00,2022-03-28 09:54:00-04:00,STOP,14846.75,14878.832322731594,14.97175060807746,22.457625912116193,14878.832322731594,-14.97175060807746,-1.0,rb,1,1,RB2-007230,14857.0,14870.25,NQM2
EP-15440,EP-15440-ENTRY_ON_FIRST_CLOSE_OUTSIDE,ENTRY_ON_FIRST_CLOSE_OUTSIDE,1,2022-03-28 10:19:00-04:00,2022-03-28 10:46:00-04:00,TARGET,14815.0,14771.8861040897,20.119818091472517,30.179727137208776,14845.179727137209,14.083872664030482,0.6999999999999861,rb,1,1,RB2-007225,14798.75,14803.0,NQM2
EP-15498,EP-15498-ENTRY_ON_TAP,ENTRY_ON_TAP,1,2022-03-28 11:02:00-04:00,2022-03-28 11:05:00-04:00,STOP,14851.75,14812.36779374774,18.378362917720686,27.56754437658103,14812.36779374774,-18.378362917720686,-1.0,rb,5,1,RB2-051952,14808.25,14818.5,NQM2
EP-15507,EP-15507-ENTRY_ON_STRONG_REJECTION,ENTRY_ON_STRONG_REJECTION,1,2022-03-28 11:18:00-04:00,2022-03-28 11:31:00-04:00,STOP,14843.75,14805.425568518034,17.88473469158429,26.827102037376434,14805.425568518034,-17.88473469158429,-1.0,rb,1,1,RB2-007269,14836.75,14842.5,NQM2
EP-19122,EP-19122-ENTRY_ON_TAP,ENTRY_ON_TAP,-1,2022-03-31 09:38:00-04:00,2022-03-31 09:38:00-04:00,TARGET,15024.75,15046.615188611944,10.203754685573786,15.30563202836068,15009.444367971639,7.142628279901537,0.6999999999999889,rb,1,1,RB2-008949,15022.25,15033.0,NQM2
EP-19148,EP-19148-ENTRY_ON_FIRST_CLOSE_OUTSIDE,ENTRY_ON_FIRST_CLOSE_OUTSIDE,1,2022-03-31 10:07:00-04:00,2022-03-31 10:12:00-04:00,TARGET,14991.5,14955.344617796276,16.872511695071086,25.30876754260663,15016.808767542607,11.81075818654968,0.6999999999999953,rb,5,1,RB2-052314,14966.0,14979.75,NQM2
EP-20401,EP-20401-ENTRY_ON_TAP,ENTRY_ON_TAP,-1,2022-04-01 09:45:00-04:00,2022-04-01 09:50:00-04:00,TARGET,14876.25,14907.420119758099,14.546055887112594,21.81908383066889,14854.43091616933,10.182239120978712,0.6999999999999929,rb,5,5,RB2-052442,14885.25,14905.25,NQM2
EP-22823,EP-22823-ENTRY_ON_MINIMAL_WICK_REJECTION,ENTRY_ON_MINIMAL_WICK_REJECTION,1,2022-04-05 09:35:00-04:00,2022-04-05 09:35:00-04:00,TARGET,15109.5,15090.587682895188,8.825747982245502,13.238621973368254,15122.738621973369,6.178023587571704,0.6999999999999832,rb,5,5,RB2-052693,15100.5,15104.75,NQM2
EP-22857,EP-22857-ENTRY_ON_TAP,ENTRY_ON_TAP,1,2022-04-05 09:35:00-04:00,2022-04-05 09:35:00-04:00,TARGET,15109.5,15090.587682895188,8.825747982245502,13.238621973368254,15122.738621973369,6.178023587571704,0.6999999999999832,rb,1,1,RB2-010645,15096.5,15109.5,NQM2
EP-24128,EP-24128-ENTRY_ON_TAP,ENTRY_ON_TAP,1,2022-04-06 09:39:00-04:00,2022-04-06 09:41:00-04:00,STOP,14591.5,14567.986932065853,10.972765035935122,16.45914755390268,14567.986932065853,-10.972765035935122,-1.0,rb,1,1,RB2-011235,14574.25,14582.75,NQM2
EP-24221,EP-24221-ENTRY_ON_TAP,ENTRY_ON_TAP,-1,2022-04-06 11:16:00-04:00,2022-04-06 11:23:00-04:00,STOP,14466.25,14497.541613817875,14.602753115008438,21.904129672512656,14497.541613817875,-14.602753115008438,-1.0,rb,5,1,RB2-052846,14462.25,14471.25,NQM2
EP-25511,EP-25511-ENTRY_ON_TAP,ENTRY_ON_TAP,-1,2022-04-07 09:51:00-04:00,2022-04-07 09:54:00-04:00,STOP,14505.5,14546.288265614994,19.034523953663996,28.551785930495996,14546.288265614994,-19.034523953663996,-1.0,rb,5,1,RB2-052966,14505.75,14520.0,NQM2
EP-25516,EP-25516-ENTRY_ON_TAP,ENTRY_ON_TAP,1,2022-04-07 09:54:00-04:00,2022-04-07 09:54:00-04:00,TARGET,14524.75,14483.315064957802,19.336303019692558,29.004454529538837,14553.754454529539,13.535412113784885,0.7000000000000048,rb,1,1,RB2-011838,14498.25,14505.5,NQM2
EP-25517,EP-25517-ENTRY_ON_TAP,ENTRY_ON_TAP,1,2022-04-07 09:54:00-04:00,2022-04-07 09:54:00-04:00,TARGET,14524.75,14483.315064957802,19.336303019692558,29.004454529538837,14553.754454529539,13.535412113784885,0.7000000000000048,rb,1,1,RB2-011839,14506.0,14519.75,NQM2
EP-26879,EP-26879-ENTRY_ON_TAP,ENTRY_ON_TAP,-1,2022-04-08 09:46:00-04:00,2022-04-08 09:50:00-04:00,TARGET,14402.25,14437.295057870582,16.354360339605204,24.531540509407805,14377.718459490592,11.448052237723752,0.7000000000000067,rb,3,1,RB2-041726,14403.0,14412.75,NQM2
EP-26879,EP-26879-ENTRY_ON_DELAYED_DISPLACEMENT,ENTRY_ON_DELAYED_DISPLACEMENT,-1,2022-04-08 09:50:00-04:00,2022-04-08 09:51:00-04:00,TARGET,14382.75,14417.783015832942,16.348740722039754,24.523111083059632,14358.22688891694,11.444118505428067,0.7000000000000146,rb,3,1,RB2-041726,14403.0,14412.75,NQM2
EP-26917,EP-26917-ENTRY_ON_TAP,ENTRY_ON_TAP,-1,2022-04-08 10:30:00-04:00,2022-04-08 10:45:00-04:00,TARGET,14406.5,14444.071172714843,17.53321393359355,26.299820900390326,14380.20017909961,12.27324975351567,0.7000000000000105,rb,1,1,RB2-012450,14408.0,14415.0,NQM2
EP-28125,EP-28125-ENTRY_ON_FIRST_CLOSE_OUTSIDE,ENTRY_ON_FIRST_CLOSE_OUTSIDE,1,2022-04-11 09:36:00-04:00,2022-04-11 09:36:00-04:00,TARGET,14134.25,14107.44821451085,12.507499894936663,18.761249842404993,14153.011249842404,8.755249926455807,0.7000000000000115,rb,1,1,RB2-013014,14116.0,14128.5,NQM2
EP-28125,EP-28125-ENTRY_ON_MINIMAL_WICK_REJECTION,ENTRY_ON_MINIMAL_WICK_REJECTION,1,2022-04-11 09:36:00-04:00,2022-04-11 09:36:00-04:00,TARGET,14134.25,14107.44821451085,12.507499894936663,18.761249842404993,14153.011249842404,8.755249926455807,0.7000000000000115,rb,1,1,RB2-013014,14116.0,14128.5,NQM2
EP-28125,EP-28125-ENTRY_ON_STRONG_REJECTION,ENTRY_ON_STRONG_REJECTION,1,2022-04-11 09:36:00-04:00,2022-04-11 09:36:00-04:00,TARGET,14134.25,14107.44821451085,12.507499894936663,18.761249842404993,14153.011249842404,8.755249926455807,0.7000000000000115,rb,1,1,RB2-013014,14116.0,14128.5,NQM2
EP-28125,EP-28125-ENTRY_ON_IMMEDIATE_DISPLACEMENT,ENTRY_ON_IMMEDIATE_DISPLACEMENT,1,2022-04-11 09:36:00-04:00,2022-04-11 09:36:00-04:00,TARGET,14134.25,14107.44821451085,12.507499894936663,18.761249842404993,14153.011249842404,8.755249926455807,0.7000000000000115,rb,1,1,RB2-013014,14116.0,14128.5,NQM2
EP-28147,EP-28147-ENTRY_ON_NEW_FVG,ENTRY_ON_NEW_FVG,-1,2022-04-11 10:01:00-04:00,2022-04-11 10:02:00-04:00,STOP,14132.25,14178.33221674607,21.505034481499397,32.2575517222491,14178.33221674607,-21.505034481499397,-1.0,rb,1,1,RB2-013022,14160.75,14172.75,NQM2
EP-28145,EP-28145-ENTRY_ON_DELAYED_DISPLACEMENT,ENTRY_ON_DELAYED_DISPLACEMENT,-1,2022-04-11 10:06:00-04:00,2022-04-11 10:10:00-04:00,STOP,14131.25,14179.189274069638,22.371661232497896,33.55749184874684,14179.189274069638,-22.371661232497896,-1.0,rb,3,3,RB2-041934,14180.25,14197.0,NQM2
EP-28160,EP-28160-ENTRY_ON_DELAYED_DISPLACEMENT,ENTRY_ON_DELAYED_DISPLACEMENT,-1,2022-04-11 10:14:00-04:00,2022-04-11 10:26:00-04:00,TARGET,14134.75,14183.669540414094,22.82911885991065,34.243678289865976,14100.506321710134,15.980383201937629,0.7000000000000076,rb,3,1,RB2-041937,14155.75,14168.5,NQM2
EP-29329,EP-29329-ENTRY_ON_NEW_FVG,ENTRY_ON_NEW_FVG,-1,2022-04-12 09:40:00-04:00,2022-04-12 09:40:00-04:00,TARGET,14157.5,14193.260222405903,16.688103789421103,25.032155684131652,14132.467844315868,11.68167265259462,0.699999999999991,rb,5,5,RB2-053356,14215.75,14227.75,NQM2
EP-30746,EP-30746-ENTRY_ON_TAP,ENTRY_ON_TAP,-1,2022-04-13 10:40:00-04:00,2022-04-13 10:46:00-04:00,STOP,14055.75,14093.322542225047,17.533853038355502,26.300779557533254,14093.322542225047,-17.533853038355502,-1.0,rb,5,5,RB2-053495,14087.25,14118.0,NQM2
EP-34461,EP-34461-ENTRY_ON_TAP,ENTRY_ON_TAP,-1,2022-04-19 09:37:00-04:00,2022-04-19 09:38:00-04:00,TARGET,13893.25,13925.923849323939,15.24779635117119,22.871694526756784,13870.378305473243,10.673457445819569,0.6999999999999827,rb,1,1,RB2-015932,13905.75,13913.75,NQM2
EP-34463,EP-34463-ENTRY_ON_TAP,ENTRY_ON_TAP,-1,2022-04-19 09:43:00-04:00,2022-04-19 09:47:00-04:00,STOP,13894.0,13934.081384064368,18.704645896705365,28.056968845058048,13934.081384064368,-18.704645896705365,-1.0,rb,3,1,RB2-042958,13880.25,13909.75,NQM2
EP-35811,EP-35811-ENTRY_ON_TAP,ENTRY_ON_TAP,1,2022-04-20 11:02:00-04:00,2022-04-20 11:12:00-04:00,STOP,14095.75,14060.54407783631,16.42943034305527,24.644145514582902,14060.54407783631,-16.42943034305527,-1.0,rb,1,1,RB2-016546,14094.5,14101.5,NQM2
EP-37008,EP-37008-ENTRY_ON_STRONG_REJECTION,ENTRY_ON_STRONG_REJECTION,1,2022-04-21 09:43:00-04:00,2022-04-21 09:46:00-04:00,STOP,14271.75,14243.590117495662,13.141278502024516,19.711917753036772,14243.590117495662,-13.141278502024516,-1.0,rb,3,1,RB2-043365,14242.75,14261.0,NQM2
EP-37010,EP-37010-ENTRY_ON_FIRST_CLOSE_OUTSIDE,ENTRY_ON_FIRST_CLOSE_OUTSIDE,-1,2022-04-21 09:46:00-04:00,2022-04-21 09:48:00-04:00,TARGET,14259.25,14288.954192326099,13.861956418846377,20.792934628269567,14238.457065371731,9.703369493192731,0.7000000000000193,rb,5,1,RB2-054113,14259.75,14283.0,NQM2
EP-37009,EP-37009-ENTRY_ON_DELAYED_DISPLACEMENT,ENTRY_ON_DELAYED_DISPLACEMENT,1,2022-04-21 09:51:00-04:00,2022-04-21 09:54:00-04:00,STOP,14269.0,14235.76736749915,15.508561833730562,23.262842750595844,14235.76736749915,-15.508561833730562,-1.0,rb,3,3,RB2-043365,14242.75,14261.0,NQM2
EP-38258,EP-38258-ENTRY_ON_TAP,ENTRY_ON_TAP,1,2022-04-22 09:46:00-04:00,2022-04-22 09:50:00-04:00,TARGET,13664.5,13616.696348838013,22.30837054226005,33.462555813390075,13697.96255581339,15.615859379581769,0.6999999999999881,rb,5,1,RB2-054247,13616.25,13638.25,NQM2
EP-38261,EP-38261-ENTRY_ON_FIRST_CLOSE_OUTSIDE,ENTRY_ON_FIRST_CLOSE_OUTSIDE,1,2022-04-22 09:50:00-04:00,2022-04-22 09:52:00-04:00,TARGET,13680.75,13628.695597195634,24.29205464203738,36.43808196305607,13717.188081963057,17.00443824942612,0.699999999999998,rb,1,1,RB2-017706,13642.25,13664.5,NQM2
EP-38278,EP-38278-ENTRY_ON_TAP,ENTRY_ON_TAP,-1,2022-04-22 10:03:00-04:00,2022-04-22 10:15:00-04:00,TARGET,13700.75,13760.085964711065,27.690116865163827,41.53517529774574,13659.214824702254,19.3830818056149,0.700000000000008,rb,1,1,RB2-017710,13727.5,13743.5,NQM2
EP-38313,EP-38313-ENTRY_ON_TAP,ENTRY_ON_TAP,1,2022-04-22 10:46:00-04:00,2022-04-22 11:09:00-04:00,TARGET,13632.5,13584.00693252119,22.630098156777887,33.94514723516683,13666.445147235167,15.841068709744379,0.6999999999999937,rb,5,1,RB2-054254,13588.5,13617.0,NQM2
EP-40789,EP-40789-ENTRY_ON_TAP,ENTRY_ON_TAP,-1,2022-04-26 09:39:00-04:00,2022-04-26 09:39:00-04:00,TARGET,13381.75,13412.063945077307,14.146507702743333,21.219761554115,13360.530238445885,9.902555391920403,0.700000000000005,rb,1,1,RB2-018879,13384.25,13392.0,NQM2
EP-40791,EP-40791-ENTRY_ON_TAP,ENTRY_ON_TAP,1,2022-04-26 09:42:00-04:00,2022-04-26 09:46:00-04:00,STOP,13349.25,13314.819846041159,16.06740518079269,24.101107771189035,13314.819846041159,-16.06740518079269,-1.0,rb,3,3,RB2-043979,13341.0,13358.75,NQM2
EP-42089,EP-42089-ENTRY_ON_TAP,ENTRY_ON_TAP,1,2022-04-27 09:53:00-04:00,2022-04-27 10:02:00-04:00,STOP,13189.25,13137.621520003519,24.093290665024725,36.13993599753709,13137.621520003519,-24.093290665024725,-1.0,rb,5,1,RB2-054615,13182.25,13203.5,NQM2
EP-43365,EP-43365-ENTRY_ON_TAP,ENTRY_ON_TAP,-1,2022-04-28 09:38:00-04:00,2022-04-28 09:39:00-04:00,TARGET,13218.0,13259.476435831206,19.355670054562882,29.033505081844325,13188.966494918155,13.54896903819411,0.7000000000000048,rb,1,1,RB2-020040,13205.5,13236.75,NQM2
EP-43446,EP-43446-ENTRY_ON_TAP,ENTRY_ON_TAP,-1,2022-04-28 11:08:00-04:00,2022-04-28 11:39:00-04:00,TARGET,13171.75,13219.180094912614,22.134044292552684,33.201066438829024,13138.548933561171,15.493831004786633,0.699999999999989,rb,5,1,RB2-054743,13169.0,13186.25,NQM2
EP-44629,EP-44629-ENTRY_ON_FIRST_CLOSE_OUTSIDE,ENTRY_ON_FIRST_CLOSE_OUTSIDE,-1,2022-04-29 09:43:00-04:00,2022-04-29 09:43:00-04:00,TARGET,13314.0,13362.30351706657,22.541641297732436,33.81246194659865,13280.187538053402,15.779148908412596,0.6999999999999952,rb,5,1,RB2-054858,13335.5,13374.25,NQM2
EP-44629,EP-44629-ENTRY_ON_MINIMAL_WICK_REJECTION,ENTRY_ON_MINIMAL_WICK_REJECTION,-1,2022-04-29 09:43:00-04:00,2022-04-29 09:43:00-04:00,TARGET,13314.0,13362.30351706657,22.541641297732436,33.81246194659865,13280.187538053402,15.779148908412596,0.6999999999999952,rb,5,1,RB2-054858,13335.5,13374.25,NQM2
EP-44633,EP-44633-ENTRY_ON_TAP,ENTRY_ON_TAP,1,2022-04-29 09:48:00-04:00,2022-04-29 09:49:00-04:00,TARGET,13283.0,13229.945223820016,24.75889555065907,37.1383433259886,13320.138343325989,17.331226885461124,0.699999999999991,rb,3,3,RB2-044579,13266.25,13279.0,NQM2
EP-44645,EP-44645-ENTRY_ON_DELAYED_DISPLACEMENT,ENTRY_ON_DELAYED_DISPLACEMENT,-1,2022-04-29 10:06:00-04:00,2022-04-29 10:16:00-04:00,TARGET,13367.75,13422.980319909915,25.774149291293465,38.661223936940196,13329.08877606306,18.041904503905243,0.699999999999993,rb,3,1,RB2-044581,13424.0,13433.0,NQM2
EP-45952,EP-45952-ENTRY_ON_DELAYED_DISPLACEMENT,ENTRY_ON_DELAYED_DISPLACEMENT,-1,2022-05-02 09:46:00-04:00,2022-05-02 09:48:00-04:00,STOP,12878.25,12934.506056072323,26.25282616708452,39.37923925062678,12934.506056072323,-26.25282616708452,-1.0,rb,1,1,RB2-021152,12935.25,12936.75,NQM2
EP-45974,EP-45974-ENTRY_ON_TAP,ENTRY_ON_TAP,1,2022-05-02 10:07:00-04:00,2022-05-02 10:24:00-04:00,TARGET,12853.25,12778.690728511727,34.79432669452742,52.19149004179113,12905.44149004179,24.356028686169136,0.6999999999999983,rb,5,1,RB2-054994,12844.0,12872.75,NQM2
EP-47269,EP-47269-ENTRY_ON_TAP,ENTRY_ON_TAP,1,2022-05-03 10:24:00-04:00,2022-05-03 10:26:00-04:00,TARGET,13024.25,12965.204817157206,27.554418659970683,41.331627989956026,13065.581627989955,19.288093061979577,0.7000000000000036,rb,1,1,RB2-021843,13010.5,13030.0,NQM2
EP-48423,EP-48423-ENTRY_ON_FIRST_CLOSE_OUTSIDE,ENTRY_ON_FIRST_CLOSE_OUTSIDE,1,2022-05-04 09:41:00-04:00,2022-05-04 09:46:00-04:00,STOP,13091.75,13061.001043776534,14.349512904283923,21.524269356425883,13061.001043776534,-14.349512904283923,-1.0,rb,1,1,RB2-022389,13074.5,13086.0,NQM2
EP-49654,EP-49654-ENTRY_ON_TAP,ENTRY_ON_TAP,1,2022-05-05 09:35:00-04:00,2022-05-05 09:35:00-04:00,TARGET,13299.75,13271.66360792586,13.106982967931838,19.660474451897755,13319.410474451897,9.174888077552357,0.7000000000000053,rb,1,1,RB2-022959,13272.25,13286.0,NQM2
EP-49654,EP-49654-ENTRY_ON_FIRST_CLOSE_OUTSIDE,ENTRY_ON_FIRST_CLOSE_OUTSIDE,1,2022-05-05 09:36:00-04:00,2022-05-05 09:36:00-04:00,STOP,13315.75,13286.735659976568,13.540025344268011,20.310038016402018,13286.735659976568,-13.540025344268011,-1.0,rb,1,1,RB2-022959,13272.25,13286.0,NQM2
EP-49654,EP-49654-ENTRY_ON_IMMEDIATE_DISPLACEMENT,ENTRY_ON_IMMEDIATE_DISPLACEMENT,1,2022-05-05 09:36:00-04:00,2022-05-05 09:36:00-04:00,STOP,13315.75,13286.735659976568,13.540025344268011,20.310038016402018,13286.735659976568,-13.540025344268011,-1.0,rb,1,1,RB2-022959,13272.25,13286.0,NQM2
EP-49655,EP-49655-ENTRY_ON_TAP,ENTRY_ON_TAP,1,2022-05-05 09:36:00-04:00,2022-05-05 09:36:00-04:00,STOP,13315.75,13286.735659976568,13.540025344268011,20.310038016402018,13286.735659976568,-13.540025344268011,-1.0,rb,5,1,RB2-055384,13272.25,13299.5,NQM2
EP-49631,EP-49631-ENTRY_ON_STRONG_REJECTION,ENTRY_ON_STRONG_REJECTION,-1,2022-05-05 09:40:00-04:00,2022-05-05 09:44:00-04:00,TARGET,13285.75,13320.229870556159,16.090606259540486,24.13590938931073,13261.614090610688,11.26342438167812,0.6999999999999863,rb,5,5,RB2-055379,13401.0,13414.5,NQM2
EP-50943,EP-50943-ENTRY_ON_TAP,ENTRY_ON_TAP,-1,2022-05-06 09:50:00-04:00,2022-05-06 09:52:00-04:00,TARGET,12587.0,12647.322265822946,28.150390717374712,42.22558607606207,12544.774413923938,19.705273502162218,0.6999999999999972,rb,5,5,RB2-055508,12601.5,12653.5,NQM2
EP-52193,EP-52193-ENTRY_ON_TAP,ENTRY_ON_TAP,-1,2022-05-09 09:43:00-04:00,2022-05-09 09:45:00-04:00,TARGET,12502.5,12556.664164513362,25.276610106235854,37.91491515935378,12464.585084840646,17.69362707436519,0.7000000000000036,rb,1,1,RB2-024177,12519.75,12533.25,NQM2
EP-54723,EP-54723-ENTRY_ON_TAP,ENTRY_ON_TAP,-1,2022-05-11 09:33:00-04:00,2022-05-11 09:33:00-04:00,TARGET,12296.0,12354.131610340775,27.128084825695556,40.692127238543335,12255.307872761457,18.989659377987184,0.7000000000000108,rb,3,3,RB2-046256,12312.5,12349.5,NQM2
EP-55975,EP-55975-ENTRY_ON_TAP,ENTRY_ON_TAP,1,2022-05-12 09:46:00-04:00,2022-05-12 09:46:00-04:00,TARGET,11802.25,11741.314754616575,28.436447845598803,42.6546717683982,11844.904671768398,19.905513491919375,0.7000000000000075,rb,1,1,RB2-025945,11768.25,11805.75,NQM2
EP-57210,EP-57210-ENTRY_ON_TAP,ENTRY_ON_TAP,-1,2022-05-13 09:39:00-04:00,2022-05-13 09:40:00-04:00,TARGET,12135.0,12171.598820349722,17.079449496536643,25.619174244804967,12109.380825755195,11.955614647575517,0.6999999999999922,rb,1,1,RB2-026530,12137.75,12155.25,NQM2
EP-58432,EP-58432-ENTRY_ON_FIRST_CLOSE_OUTSIDE,ENTRY_ON_FIRST_CLOSE_OUTSIDE,1,2022-05-16 09:38:00-04:00,2022-05-16 09:38:00-04:00,TARGET,12263.75,12230.017520816535,15.741823618950649,23.612735428425975,12287.362735428425,11.019276533265566,0.7000000000000072,rb,3,1,RB2-046878,12244.5,12253.25,NQM2
EP-58432,EP-58432-ENTRY_ON_MINIMAL_WICK_REJECTION,ENTRY_ON_MINIMAL_WICK_REJECTION,1,2022-05-16 09:38:00-04:00,2022-05-16 09:38:00-04:00,TARGET,12263.75,12230.017520816535,15.741823618950649,23.612735428425975,12287.362735428425,11.019276533265566,0.7000000000000072,rb,3,1,RB2-046878,12244.5,12253.25,NQM2
EP-58432,EP-58432-ENTRY_ON_IMMEDIATE_DISPLACEMENT,ENTRY_ON_IMMEDIATE_DISPLACEMENT,1,2022-05-16 09:38:00-04:00,2022-05-16 09:38:00-04:00,TARGET,12263.75,12230.017520816535,15.741823618950649,23.612735428425975,12287.362735428425,11.019276533265566,0.7000000000000072,rb,3,1,RB2-046878,12244.5,12253.25,NQM2
EP-60878,EP-60878-ENTRY_ON_FIRST_CLOSE_OUTSIDE,ENTRY_ON_FIRST_CLOSE_OUTSIDE,-1,2022-05-18 09:39:00-04:00,2022-05-18 09:39:00-04:00,TARGET,12375.75,12403.573665489423,12.984377228396875,19.476565842595313,12356.273434157405,9.089064059877565,0.6999999999999809,rb,1,1,RB2-028243,12383.0,12399.75,NQM2
EP-60878,EP-60878-ENTRY_ON_MINIMAL_WICK_REJECTION,ENTRY_ON_MINIMAL_WICK_REJECTION,-1,2022-05-18 09:39:00-04:00,2022-05-18 09:39:00-04:00,TARGET,12375.75,12403.573665489423,12.984377228396875,19.476565842595313,12356.273434157405,9.089064059877565,0.6999999999999809,rb,1,1,RB2-028243,12383.0,12399.75,NQM2
EP-62133,EP-62133-ENTRY_ON_TAP,ENTRY_ON_TAP,-1,2022-05-19 09:42:00-04:00,2022-05-19 09:43:00-04:00,TARGET,11938.75,11981.852374332911,20.114441355358483,30.171662033037727,11908.578337966963,14.08010894875079,0.6999999999999926,rb,3,3,RB2-047488,11948.5,11978.75,NQM2
EP-63401,EP-63401-ENTRY_ON_TAP,ENTRY_ON_TAP,1,2022-05-20 09:47:00-04:00,2022-05-20 09:58:00-04:00,TARGET,11985.25,11940.755528518797,20.764086691227753,31.14613003684163,12016.396130036841,14.534860683859302,0.699999999999994,rb,5,1,RB2-056728,11979.75,11996.5,NQM2
EP-64732,EP-64732-ENTRY_ON_TAP,ENTRY_ON_TAP,1,2022-05-23 09:33:00-04:00,2022-05-23 09:34:00-04:00,STOP,11877.0,11849.163902772772,12.990178706039533,19.4852680590593,11849.163902772772,-12.990178706039533,-1.0,rb,3,3,RB2-047854,11865.0,11874.0,NQM2
EP-65960,EP-65960-ENTRY_ON_TAP,ENTRY_ON_TAP,-1,2022-05-24 09:54:00-04:00,2022-05-24 09:55:00-04:00,TARGET,11737.5,11774.652515223865,17.337840437803475,26.00676065670521,11711.493239343295,12.136488306462423,0.6999999999999995,rb,3,3,RB2-048088,11745.25,11770.75,NQM2
EP-71039,EP-71039-ENTRY_ON_FIRST_CLOSE_OUTSIDE,ENTRY_ON_FIRST_CLOSE_OUTSIDE,-1,2022-05-30 09:45:00-04:00,2022-05-30 09:58:00-04:00,STOP,12759.25,12774.763691026714,7.23972247913319,10.859583718699785,12774.763691026714,-7.23972247913319,-1.0,rb,5,5,RB2-057478,12763.5,12774.75,NQM2
EP-73447,EP-73447-ENTRY_ON_FIRST_CLOSE_OUTSIDE,ENTRY_ON_FIRST_CLOSE_OUTSIDE,-1,2022-06-01 09:36:00-04:00,2022-06-01 09:36:00-04:00,STOP,12773.0,12798.12166682391,11.723444517824765,17.585166776737147,12798.12166682391,-11.723444517824765,-1.0,rb,3,1,RB2-049283,12777.25,12792.25,NQM2
EP-73447,EP-73447-ENTRY_ON_MINIMAL_WICK_REJECTION,ENTRY_ON_MINIMAL_WICK_REJECTION,-1,2022-06-01 09:36:00-04:00,2022-06-01 09:36:00-04:00,STOP,12773.0,12798.12166682391,11.723444517824765,17.585166776737147,12798.12166682391,-11.723444517824765,-1.0,rb,3,1,RB2-049283,12777.25,12792.25,NQM2
EP-73447,EP-73447-ENTRY_ON_DELAYED_DISPLACEMENT,ENTRY_ON_DELAYED_DISPLACEMENT,-1,2022-06-01 09:36:00-04:00,2022-06-01 09:36:00-04:00,STOP,12773.0,12798.12166682391,11.723444517824765,17.585166776737147,12798.12166682391,-11.723444517824765,-1.0,rb,3,1,RB2-049283,12777.25,12792.25,NQM2
EP-73448,EP-73448-ENTRY_ON_TAP,ENTRY_ON_TAP,-1,2022-06-01 09:36:00-04:00,2022-06-01 09:36:00-04:00,STOP,12773.0,12798.12166682391,11.723444517824765,17.585166776737147,12798.12166682391,-11.723444517824765,-1.0,rb,3,3,RB2-049283,12777.25,12792.25,NQM2
EP-73449,EP-73449-ENTRY_ON_FIRST_CLOSE_OUTSIDE,ENTRY_ON_FIRST_CLOSE_OUTSIDE,-1,2022-06-01 09:36:00-04:00,2022-06-01 09:36:00-04:00,STOP,12773.0,12798.12166682391,11.723444517824765,17.585166776737147,12798.12166682391,-11.723444517824765,-1.0,rb,1,1,RB2-034056,12779.0,12798.5,NQM2
EP-73449,EP-73449-ENTRY_ON_MINIMAL_WICK_REJECTION,ENTRY_ON_MINIMAL_WICK_REJECTION,-1,2022-06-01 09:36:00-04:00,2022-06-01 09:36:00-04:00,STOP,12773.0,12798.12166682391,11.723444517824765,17.585166776737147,12798.12166682391,-11.723444517824765,-1.0,rb,1,1,RB2-034056,12779.0,12798.5,NQM2
EP-73449,EP-73449-ENTRY_ON_IMMEDIATE_DISPLACEMENT,ENTRY_ON_IMMEDIATE_DISPLACEMENT,-1,2022-06-01 09:36:00-04:00,2022-06-01 09:36:00-04:00,STOP,12773.0,12798.12166682391,11.723444517824765,17.585166776737147,12798.12166682391,-11.723444517824765,-1.0,rb,1,1,RB2-034056,12779.0,12798.5,NQM2
EP-73456,EP-73456-ENTRY_ON_FIRST_CLOSE_OUTSIDE,ENTRY_ON_FIRST_CLOSE_OUTSIDE,-1,2022-06-01 09:44:00-04:00,2022-06-01 09:47:00-04:00,STOP,12772.75,12805.405395892587,15.239184749874067,22.8587771248111,12805.405395892587,-15.239184749874067,-1.0,rb,5,1,RB2-057708,12788.25,12814.0,NQM2
EP-75870,EP-75870-ENTRY_ON_FIRST_CLOSE_OUTSIDE,ENTRY_ON_FIRST_CLOSE_OUTSIDE,-1,2022-06-03 09:30:00-04:00,2022-06-03 09:30:00-04:00,TARGET,12673.5,12700.167331970692,12.444754919655907,18.66713237948386,12654.832867620516,8.711328443759038,0.6999999999999923,rb,5,5,RB2-057949,12705.5,12729.75,NQM2
EP-75870,EP-75870-ENTRY_ON_MINIMAL_WICK_REJECTION,ENTRY_ON_MINIMAL_WICK_REJECTION,-1,2022-06-03 09:30:00-04:00,2022-06-03 09:30:00-04:00,TARGET,12673.5,12700.167331970692,12.444754919655907,18.66713237948386,12654.832867620516,8.711328443759038,0.6999999999999923,rb,5,5,RB2-057949,12705.5,12729.75,NQM2
EP-75892,EP-75892-ENTRY_ON_DELAYED_DISPLACEMENT,ENTRY_ON_DELAYED_DISPLACEMENT,-1,2022-06-03 09:30:00-04:00,2022-06-03 09:30:00-04:00,TARGET,12673.5,12700.167331970692,12.444754919655907,18.66713237948386,12654.832867620516,8.711328443759038,0.6999999999999923,rb,3,3,RB2-049694,12708.75,12722.75,NQM2
EP-75893,EP-75893-ENTRY_ON_DELAYED_DISPLACEMENT,ENTRY_ON_DELAYED_DISPLACEMENT,-1,2022-06-03 09:30:00-04:00,2022-06-03 09:30:00-04:00,TARGET,12673.5,12700.167331970692,12.444754919655907,18.66713237948386,12654.832867620516,8.711328443759038,0.6999999999999923,rb,5,5,RB2-057951,12716.0,12722.75,NQM2
EP-75901,EP-75901-ENTRY_ON_NEW_FVG,ENTRY_ON_NEW_FVG,-1,2022-06-03 09:30:00-04:00,2022-06-03 09:30:00-04:00,TARGET,12673.5,12700.167331970692,12.444754919655907,18.66713237948386,12654.832867620516,8.711328443759038,0.6999999999999923,rb,1,1,RB2-035224,12708.25,12711.5,NQM2
EP-79762,EP-79762-ENTRY_ON_TAP,ENTRY_ON_TAP,-1,2022-06-08 10:14:00-04:00,2022-06-08 10:14:00-04:00,TARGET,12732.5,12766.139207282693,15.698296731922982,23.547445097884474,12708.952554902116,10.98880771234581,0.6999999999999824,rb,1,1,RB2-036986,12747.25,12751.25,NQM2
EP-00409,EP-00409-ENTRY_ON_DELAYED_DISPLACEMENT,ENTRY_ON_DELAYED_DISPLACEMENT,-1,2022-06-09 09:37:00-04:00,2022-06-09 09:38:00-04:00,TARGET,12599.0,12628.978879594513,13.990143810773064,20.985215716159598,12578.01478428384,9.793100667541287,0.7000000000000102,rb,3,1,RB2-037361,12628.25,12635.25,NQU2
EP-00418,EP-00418-ENTRY_ON_TAP,ENTRY_ON_TAP,-1,2022-06-09 09:48:00-04:00,2022-06-09 09:50:00-04:00,STOP,12590.0,12627.51417796144,17.506616382005372,26.259924573008057,12627.51417796144,-17.506616382005372,-1.0,rb,3,3,RB2-037372,12592.25,12600.0,NQU2
EP-00465,EP-00465-ENTRY_ON_TAP,ENTRY_ON_TAP,1,2022-06-09 10:24:00-04:00,2022-06-09 10:28:00-04:00,TARGET,12642.0,12604.562644237487,17.47076602250586,26.20614903375879,12668.206149033758,12.229536215753923,0.6999999999999897,rb,3,3,RB2-037378,12629.0,12638.5,NQU2
EP-11584,EP-11584-ENTRY_ON_TAP,ENTRY_ON_TAP,-1,2022-06-22 09:34:00-04:00,2022-06-22 09:41:00-04:00,TARGET,11496.5,11527.465806090737,14.450709509010867,21.676064263516302,11474.823935736484,10.115496656307858,0.7000000000000174,rb,1,1,RB2-005312,11509.75,11525.0,NQU2
EP-12993,EP-12993-ENTRY_ON_FIRST_CLOSE_OUTSIDE,ENTRY_ON_FIRST_CLOSE_OUTSIDE,-1,2022-06-23 10:10:00-04:00,2022-06-23 10:21:00-04:00,STOP,11627.0,11679.12265690364,24.32390655503216,36.48585983254824,11679.12265690364,-24.32390655503216,-1.0,rb,5,5,RB2-051628,11660.75,11683.5,NQU2
EP-14206,EP-14206-ENTRY_ON_TAP,ENTRY_ON_TAP,1,2022-06-24 09:39:00-04:00,2022-06-24 09:39:00-04:00,TARGET,11907.5,11886.244058819082,9.919439217761962,14.879158826642943,11922.379158826643,6.943607452433551,0.7000000000000179,rb,3,3,RB2-039586,11887.0,11903.25,NQU2
EP-14207,EP-14207-ENTRY_ON_TAP,ENTRY_ON_TAP,1,2022-06-24 09:39:00-04:00,2022-06-24 09:39:00-04:00,TARGET,11907.5,11886.244058819082,9.919439217761962,14.879158826642943,11922.379158826643,6.943607452433551,0.7000000000000179,rb,3,1,RB2-039586,11887.0,11903.25,NQU2
EP-15403,EP-15403-ENTRY_ON_TAP,ENTRY_ON_TAP,-1,2022-06-27 10:03:00-04:00,2022-06-27 10:09:00-04:00,TARGET,12089.75,12126.513177306953,17.156149409911674,25.73422411486751,12064.015775885133,12.009304586938244,0.7000000000000042,rb,3,3,RB2-039774,12094.25,12114.0,NQU2
EP-16666,EP-16666-ENTRY_ON_FIRST_CLOSE_OUTSIDE,ENTRY_ON_FIRST_CLOSE_OUTSIDE,1,2022-06-28 09:37:00-04:00,2022-06-28 09:39:00-04:00,TARGET,12152.25,12125.633959952693,12.420818688743388,18.631228033115082,12170.881228033115,8.694573082120375,0.7000000000000003,rb,1,1,RB2-007658,12128.5,12145.0,NQU2
EP-16676,EP-16676-ENTRY_ON_TAP,ENTRY_ON_TAP,1,2022-06-28 09:51:00-04:00,2022-06-28 09:57:00-04:00,STOP,12136.0,12099.431978506293,17.065076697063684,25.597615045595525,12099.431978506293,-17.065076697063684,-1.0,rb,3,3,RB2-039970,12106.75,12125.0,NQU2
EP-17898,EP-17898-ENTRY_ON_TAP,ENTRY_ON_TAP,-1,2022-06-29 10:17:00-04:00,2022-06-29 10:25:00-04:00,STOP,11645.75,11694.94324243822,22.956846471169186,34.43526970675378,11694.94324243822,-22.956846471169186,-1.0,rb,1,1,RB2-008247,11689.25,11693.5,NQU2
EP-20433,EP-20433-ENTRY_ON_TAP,ENTRY_ON_TAP,-1,2022-07-01 09:33:00-04:00,2022-07-01 09:34:00-04:00,TARGET,11498.25,11524.928641102126,12.45003251432505,18.675048771487575,11479.574951228513,8.715022760027319,0.6999999999999826,rb,3,3,RB2-040548,11512.5,11515.0,NQU2
EP-20473,EP-20473-ENTRY_ON_FIRST_CLOSE_OUTSIDE,ENTRY_ON_FIRST_CLOSE_OUTSIDE,1,2022-07-01 10:08:00-04:00,2022-07-01 10:11:00-04:00,STOP,11568.25,11513.403039970995,25.595248013535446,38.39287202030317,11513.403039970995,-25.595248013535446,-1.0,rb,3,1,RB2-040581,11532.25,11552.25,NQU2
EP-20476,EP-20476-ENTRY_ON_TAP,ENTRY_ON_TAP,1,2022-07-01 10:11:00-04:00,2022-07-01 10:12:00-04:00,STOP,11559.75,11505.341846078143,25.390471830200074,38.08570774530011,11505.341846078143,-25.390471830200074,-1.0,rb,1,1,RB2-009468,11540.5,11552.0,NQU2
EP-22628,EP-22628-ENTRY_ON_TAP,ENTRY_ON_TAP,1,2022-07-05 09:34:00-04:00,2022-07-05 09:40:00-04:00,STOP,11417.75,11392.126234088235,11.957757425490646,17.93663613823597,11392.126234088235,-11.957757425490646,-1.0,rb,1,1,RB2-010533,11389.25,11396.5,NQU2
EP-24012,EP-24012-ENTRY_ON_TAP,ENTRY_ON_TAP,-1,2022-07-06 09:35:00-04:00,2022-07-06 09:35:00-04:00,TARGET,11844.75,11873.975324248206,13.638484649162564,20.457726973743846,11824.292273026256,9.546939254413742,0.6999999999999962,rb,5,5,RB2-052689,11842.25,11851.25,NQU2
EP-24016,EP-24016-ENTRY_ON_FIRST_CLOSE_OUTSIDE,ENTRY_ON_FIRST_CLOSE_OUTSIDE,-1,2022-07-06 09:35:00-04:00,2022-07-06 09:35:00-04:00,TARGET,11844.75,11873.975324248206,13.638484649162564,20.457726973743846,11824.292273026256,9.546939254413742,0.6999999999999962,rb,1,1,RB2-011135,11864.0,11882.5,NQU2
EP-24016,EP-24016-ENTRY_ON_MINIMAL_WICK_REJECTION,ENTRY_ON_MINIMAL_WICK_REJECTION,-1,2022-07-06 09:35:00-04:00,2022-07-06 09:35:00-04:00,TARGET,11844.75,11873.975324248206,13.638484649162564,20.457726973743846,11824.292273026256,9.546939254413742,0.6999999999999962,rb,1,1,RB2-011135,11864.0,11882.5,NQU2
EP-24016,EP-24016-ENTRY_ON_IMMEDIATE_DISPLACEMENT,ENTRY_ON_IMMEDIATE_DISPLACEMENT,-1,2022-07-06 09:35:00-04:00,2022-07-06 09:35:00-04:00,TARGET,11844.75,11873.975324248206,13.638484649162564,20.457726973743846,11824.292273026256,9.546939254413742,0.6999999999999962,rb,1,1,RB2-011135,11864.0,11882.5,NQU2
EP-24043,EP-24043-ENTRY_ON_MINIMAL_WICK_REJECTION,ENTRY_ON_MINIMAL_WICK_REJECTION,1,2022-07-06 10:04:00-04:00,2022-07-06 10:07:00-04:00,TARGET,11812.5,11756.932141666975,25.931667222078218,38.89750083311733,11851.397500833118,18.152167055454814,0.7000000000000024,rb,1,1,RB2-011144,11784.5,11802.0,NQU2
EP-24059,EP-24059-ENTRY_ON_FIRST_CLOSE_OUTSIDE,ENTRY_ON_FIRST_CLOSE_OUTSIDE,1,2022-07-06 10:17:00-04:00,2022-07-06 10:31:00-04:00,TARGET,11799.0,11742.561958958742,26.337752485920394,39.50662872888059,11838.506628728881,18.436426740144352,0.700000000000003,rb,3,1,RB2-041143,11756.5,11783.5,NQU2
EP-25218,EP-25218-ENTRY_ON_TAP,ENTRY_ON_TAP,1,2022-07-07 10:01:00-04:00,2022-07-07 10:08:00-04:00,TARGET,12002.0,11973.290917979279,13.397571609669534,20.0963574145043,12022.096357414504,9.378300126768382,0.6999999999999782,rb,3,1,RB2-041347,11997.25,12002.75,NQU2
EP-28959,EP-28959-ENTRY_ON_TAP,ENTRY_ON_TAP,-1,2022-07-12 09:33:00-04:00,2022-07-12 09:34:00-04:00,TARGET,11962.0,11983.361616460043,9.9687543480199,14.95313152202985,11947.04686847797,6.978128043613954,0.7000000000000024,rb,1,1,RB2-013477,11975.75,11985.0,NQU2
EP-28967,EP-28967-ENTRY_ON_TAP,ENTRY_ON_TAP,-1,2022-07-12 09:42:00-04:00,2022-07-12 09:43:00-04:00,TARGET,12006.25,12035.647137981656,13.718664391438947,20.57799658715842,11985.672003412841,9.603065074006977,0.6999999999999792,rb,1,1,RB2-013481,12010.5,12020.5,NQU2
EP-28967,EP-28967-ENTRY_ON_DELAYED_DISPLACEMENT,ENTRY_ON_DELAYED_DISPLACEMENT,-1,2022-07-12 09:44:00-04:00,2022-07-12 09:45:00-04:00,TARGET,11982.25,12012.968651276307,14.33537059560973,21.503055893414594,11960.746944106586,10.034759416926553,0.699999999999982,rb,1,1,RB2-013481,12010.5,12020.5,NQU2
EP-31451,EP-31451-ENTRY_ON_FIRST_CLOSE_OUTSIDE,ENTRY_ON_FIRST_CLOSE_OUTSIDE,-1,2022-07-14 09:45:00-04:00,2022-07-14 09:45:00-04:00,STOP,11558.5,11595.069804796858,17.065908905200303,25.598863357800454,11595.069804796858,-17.065908905200303,-1.0,rb,1,1,RB2-014613,11563.25,11575.0,NQU2
EP-31451,EP-31451-ENTRY_ON_MINIMAL_WICK_REJECTION,ENTRY_ON_MINIMAL_WICK_REJECTION,-1,2022-07-14 09:45:00-04:00,2022-07-14 09:45:00-04:00,STOP,11558.5,11595.069804796858,17.065908905200303,25.598863357800454,11595.069804796858,-17.065908905200303,-1.0,rb,1,1,RB2-014613,11563.25,11575.0,NQU2
EP-32778,EP-32778-ENTRY_ON_TAP,ENTRY_ON_TAP,1,2022-07-15 09:37:00-04:00,2022-07-15 09:40:00-04:00,STOP,11964.25,11929.945749489161,16.00865023839168,24.01297535758752,11929.945749489161,-16.00865023839168,-1.0,rb,3,1,RB2-042556,11942.75,11973.0,NQU2
EP-33959,EP-33959-ENTRY_ON_TAP,ENTRY_ON_TAP,1,2022-07-18 10:04:00-04:00,2022-07-18 10:11:00-04:00,STOP,12156.25,12121.226174709467,16.344451802248308,24.516677703372462,12121.226174709467,-16.344451802248308,-1.0,rb,3,1,RB2-042745,12142.75,12162.5,NQU2
EP-33965,EP-33965-ENTRY_ON_FIRST_CLOSE_OUTSIDE,ENTRY_ON_FIRST_CLOSE_OUTSIDE,1,2022-07-18 10:13:00-04:00,2022-07-18 10:33:00-04:00,TARGET,12120.75,12085.414185081998,16.490046961734393,24.73507044260159,12145.4850704426,11.543032873214116,0.7000000000000025,rb,5,1,RB2-053729,12092.5,12117.5,NQU2
EP-36486,EP-36486-ENTRY_ON_TAP,ENTRY_ON_TAP,-1,2022-07-20 10:09:00-04:00,2022-07-20 10:21:00-04:00,STOP,12314.5,12345.584852118844,14.506264322127391,21.759396483191086,12345.584852118844,-14.506264322127391,-1.0,rb,5,1,RB2-053993,12310.25,12317.75,NQU2
EP-37804,EP-37804-ENTRY_ON_TAP,ENTRY_ON_TAP,1,2022-07-21 10:05:00-04:00,2022-07-21 10:25:00-04:00,STOP,12456.0,12401.273438211783,25.539062167834615,38.30859325175192,12401.273438211783,-25.539062167834615,-1.0,rb,5,5,RB2-054118,12432.75,12457.0,NQU2
EP-39074,EP-39074-ENTRY_ON_TAP,ENTRY_ON_TAP,1,2022-07-22 09:54:00-04:00,2022-07-22 10:00:00-04:00,STOP,12609.25,12570.4285544852,18.116674573573896,27.175011860360843,12570.4285544852,-18.116674573573896,-1.0,rb,5,1,RB2-054248,12596.25,12619.5,NQU2
EP-39116,EP-39116-ENTRY_ON_MINIMAL_WICK_REJECTION,ENTRY_ON_MINIMAL_WICK_REJECTION,-1,2022-07-22 10:32:00-04:00,2022-07-22 11:03:00-04:00,TARGET,12580.0,12616.993155081782,17.263472371498548,25.89520855724782,12554.104791442753,12.084430660049218,0.7000000000000136,rb,3,1,RB2-043586,12580.25,12592.75,NQU2
EP-40273,EP-40273-ENTRY_ON_FIRST_CLOSE_OUTSIDE,ENTRY_ON_FIRST_CLOSE_OUTSIDE,1,2022-07-25 09:41:00-04:00,2022-07-25 09:42:00-04:00,TARGET,12390.75,12366.902831369503,11.128678694231372,16.69301804134706,12407.443018041347,7.790075085961723,0.6999999999999786,rb,3,1,RB2-043790,12361.25,12367.0,NQU2
EP-41407,EP-41407-ENTRY_ON_FIRST_CLOSE_OUTSIDE,ENTRY_ON_FIRST_CLOSE_OUTSIDE,1,2022-07-26 09:40:00-04:00,2022-07-26 09:45:00-04:00,STOP,12239.25,12211.021910369233,13.173108494357992,19.75966274153699,12211.021910369233,-13.173108494357992,-1.0,rb,3,1,RB2-043984,12216.5,12236.0,NQU2
EP-41425,EP-41425-ENTRY_ON_FIRST_CLOSE_OUTSIDE,ENTRY_ON_FIRST_CLOSE_OUTSIDE,1,2022-07-26 09:57:00-04:00,2022-07-26 10:00:00-04:00,STOP,12247.25,12215.34847438065,14.887378622363938,22.331067933545906,12215.34847438065,-14.887378622363938,-1.0,rb,1,1,RB2-019223,12226.75,12229.25,NQU2
EP-41422,EP-41422-ENTRY_ON_MINIMAL_WICK_REJECTION,ENTRY_ON_MINIMAL_WICK_REJECTION,1,2022-07-26 10:05:00-04:00,2022-07-26 10:14:00-04:00,STOP,12249.5,12215.369219616074,15.92769751249896,23.891546268748442,12215.369219616074,-15.92769751249896,-1.0,rb,5,5,RB2-054476,12196.0,12212.25,NQU2
EP-47717,EP-47717-ENTRY_ON_FIRST_CLOSE_OUTSIDE,ENTRY_ON_FIRST_CLOSE_OUTSIDE,1,2022-08-02 10:26:00-04:00,2022-08-02 10:28:00-04:00,TARGET,12871.25,12829.253819359143,19.598217632399898,29.39732644859985,12900.6473264486,13.71875234267979,0.699999999999993,rb,3,1,RB2-045032,12845.25,12862.75,NQU2
EP-48902,EP-48902-ENTRY_ON_FIRST_CLOSE_OUTSIDE,ENTRY_ON_FIRST_CLOSE_OUTSIDE,-1,2022-08-03 09:36:00-04:00,2022-08-03 09:36:00-04:00,STOP,13040.25,13060.516726272648,9.457805593902226,14.186708390853338,13060.516726272648,-9.457805593902226,-1.0,rb,1,1,RB2-022671,13050.0,13058.5,NQU2
EP-48903,EP-48903-ENTRY_ON_TAP,ENTRY_ON_TAP,-1,2022-08-03 09:36:00-04:00,2022-08-03 09:36:00-04:00,STOP,13040.25,13060.516726272648,9.457805593902226,14.186708390853338,13060.516726272648,-9.457805593902226,-1.0,rb,5,1,RB2-055245,13040.5,13058.5,NQU2
EP-48910,EP-48910-ENTRY_ON_DELAYED_DISPLACEMENT,ENTRY_ON_DELAYED_DISPLACEMENT,-1,2022-08-03 09:46:00-04:00,2022-08-03 09:47:00-04:00,TARGET,13063.0,13090.143065287104,12.66676380064854,19.000145700972812,13043.999854299027,8.866734660453972,0.6999999999999995,rb,5,1,RB2-055246,13079.25,13088.5,NQU2
EP-50164,EP-50164-ENTRY_ON_TAP,ENTRY_ON_TAP,1,2022-08-04 09:39:00-04:00,2022-08-04 09:41:00-04:00,TARGET,13268.75,13240.519129871962,13.174406059751282,19.761609089626923,13288.511609089626,9.222084241826023,0.7000000000000095,rb,3,3,RB2-045441,13265.0,13286.25,NQU2
EP-50190,EP-50190-ENTRY_ON_TAP,ENTRY_ON_TAP,-1,2022-08-04 10:01:00-04:00,2022-08-04 10:03:00-04:00,STOP,13294.0,13331.803571068132,17.6416664984618,26.462499747692696,13331.803571068132,-17.6416664984618,-1.0,rb,5,1,RB2-055374,13304.75,13325.5,NQU2
EP-50201,EP-50201-ENTRY_ON_TAP,ENTRY_ON_TAP,1,2022-08-04 10:09:00-04:00,2022-08-04 10:16:00-04:00,STOP,13297.0,13257.962514167057,18.217493388706792,27.32624008306019,13257.962514167057,-18.217493388706792,-1.0,rb,3,3,RB2-045446,13289.0,13305.25,NQU2
EP-51403,EP-51403-ENTRY_ON_TAP,ENTRY_ON_TAP,-1,2022-08-05 09:48:00-04:00,2022-08-05 09:51:00-04:00,STOP,13154.5,13192.375504279513,17.675235330439175,26.51285299565876,13192.375504279513,-17.675235330439175,-1.0,rb,1,1,RB2-023831,13158.0,13164.5,NQU2
EP-52591,EP-52591-ENTRY_ON_NEW_FVG,ENTRY_ON_NEW_FVG,1,2022-08-08 09:36:00-04:00,2022-08-08 09:39:00-04:00,TARGET,13305.0,13278.37132673235,12.426714191570664,18.640071287355994,13323.640071287356,8.698699934099665,0.700000000000016,rb,3,3,RB2-045835,13251.25,13259.5,NQU2
EP-52661,EP-52661-ENTRY_ON_TAP,ENTRY_ON_TAP,1,2022-08-08 10:29:00-04:00,2022-08-08 10:36:00-04:00,TARGET,13346.75,13312.086184511398,16.17644722801401,24.26467084202101,13371.014670842022,11.323513059609539,0.6999999999999834,rb,1,1,RB2-024421,13338.5,13346.25,NQU2
EP-53870,EP-53870-ENTRY_ON_FIRST_CLOSE_OUTSIDE,ENTRY_ON_FIRST_CLOSE_OUTSIDE,1,2022-08-09 09:42:00-04:00,2022-08-09 09:45:00-04:00,TARGET,13070.25,13041.728186861343,13.310179464707101,19.96526919706065,13090.21526919706,9.317125625295219,0.7000000000000187,rb,3,1,RB2-046029,13037.0,13055.0,NQU2
EP-53882,EP-53882-ENTRY_ON_TAP,ENTRY_ON_TAP,1,2022-08-09 09:47:00-04:00,2022-08-09 09:47:00-04:00,TARGET,13068.5,13037.773188911879,14.339178507789807,21.50876776168471,13090.008767761685,10.03742495545274,0.6999999999999913,rb,3,1,RB2-046031,13061.0,13070.25,NQU2
EP-53918,EP-53918-ENTRY_ON_TAP,ENTRY_ON_TAP,1,2022-08-09 10:34:00-04:00,2022-08-09 10:50:00-04:00,TARGET,13032.25,13001.411185589235,14.391446725023442,21.587170087535164,13053.837170087536,10.07401270751631,0.6999999999999931,rb,3,1,RB2-046039,13010.5,13017.0,NQU2
EP-55029,EP-55029-ENTRY_ON_TAP,ENTRY_ON_TAP,-1,2022-08-10 09:39:00-04:00,2022-08-10 09:40:00-04:00,TARGET,13294.25,13329.949919691062,16.659962522495636,24.989943783743456,13269.260056216257,11.661973765746987,0.7000000000000025,rb,3,3,RB2-046214,13302.0,13338.75,NQU2
EP-58755,EP-58755-ENTRY_ON_TAP,ENTRY_ON_TAP,1,2022-08-15 10:47:00-04:00,2022-08-15 11:00:00-04:00,STOP,13574.5,13548.139319979371,12.301650676293187,18.45247601443978,13548.139319979371,-12.301650676293187,-1.0,rb,5,1,RB2-056255,13562.75,13567.5,NQU2
EP-59857,EP-59857-ENTRY_ON_FIRST_CLOSE_OUTSIDE,ENTRY_ON_FIRST_CLOSE_OUTSIDE,-1,2022-08-16 09:40:00-04:00,2022-08-16 09:44:00-04:00,TARGET,13627.25,13648.414154379348,9.876605377029668,14.8149080655445,13612.435091934456,6.9136237639210325,0.7000000000000268,rb,5,5,RB2-056369,13646.0,13649.75,NQU2
EP-59869,EP-59869-ENTRY_ON_FIRST_CLOSE_OUTSIDE,ENTRY_ON_FIRST_CLOSE_OUTSIDE,-1,2022-08-16 09:48:00-04:00,2022-08-16 09:48:00-04:00,TARGET,13625.5,13650.982807099408,11.891976646390292,17.83796496958544,13607.662035030415,8.324383652473099,0.6999999999999912,rb,5,1,RB2-056372,13627.25,13634.0,NQU2
EP-59869,EP-59869-ENTRY_ON_MINIMAL_WICK_REJECTION,ENTRY_ON_MINIMAL_WICK_REJECTION,-1,2022-08-16 09:48:00-04:00,2022-08-16 09:48:00-04:00,TARGET,13625.5,13650.982807099408,11.891976646390292,17.83796496958544,13607.662035030415,8.324383652473099,0.6999999999999912,rb,5,1,RB2-056372,13627.25,13634.0,NQU2
EP-59895,EP-59895-ENTRY_ON_TAP,ENTRY_ON_TAP,-1,2022-08-16 10:11:00-04:00,2022-08-16 10:16:00-04:00,TARGET,13594.75,13621.541080759342,12.502504354359791,18.753756531539686,13575.99624346846,8.751753048052105,0.70000000000002,rb,5,1,RB2-056375,13592.25,13598.0,NQU2
EP-62419,EP-62419-ENTRY_ON_TAP,ENTRY_ON_TAP,1,2022-08-18 09:47:00-04:00,2022-08-18 09:58:00-04:00,STOP,13472.25,13444.4849212795,12.957036736233116,19.435555104349675,13444.4849212795,-12.957036736233116,-1.0,rb,5,1,RB2-056630,13465.5,13480.0,NQU2
EP-63611,EP-63611-ENTRY_ON_TAP,ENTRY_ON_TAP,-1,2022-08-19 09:33:00-04:00,2022-08-19 09:34:00-04:00,TARGET,13405.0,13421.920148962125,7.896069515657809,11.844104273486714,13393.155895726513,5.527248660960234,0.6999999999999706,rb,3,3,RB2-047570,13425.0,13427.5,NQU2
EP-63611,EP-63611-ENTRY_ON_FIRST_CLOSE_OUTSIDE,ENTRY_ON_FIRST_CLOSE_OUTSIDE,-1,2022-08-19 09:36:00-04:00,2022-08-19 09:37:00-04:00,TARGET,13404.25,13423.522612505736,8.993885836010458,13.490828754015688,13390.759171245983,6.295720085207514,0.7000000000000215,rb,3,3,RB2-047570,13425.0,13427.5,NQU2
EP-63656,EP-63656-ENTRY_ON_TAP,ENTRY_ON_TAP,-1,2022-08-19 10:23:00-04:00,2022-08-19 10:25:00-04:00,TARGET,13304.0,13330.732547289701,12.475188735193766,18.71278310279065,13285.28721689721,8.732632114635624,0.6999999999999991,rb,1,1,RB2-029524,13310.25,13314.75,NQU2
EP-63667,EP-63667-ENTRY_ON_DELAYED_DISPLACEMENT,ENTRY_ON_DELAYED_DISPLACEMENT,-1,2022-08-19 10:51:00-04:00,2022-08-19 10:52:00-04:00,TARGET,13290.75,13314.265030934532,10.973681102781786,16.46052165417268,13274.289478345827,7.681576771947463,0.7000000000000194,rb,3,3,RB2-047621,13295.5,13308.75,NQU2
EP-64838,EP-64838-ENTRY_ON_TAP,ENTRY_ON_TAP,-1,2022-08-22 11:43:00-04:00,2022-08-22 11:45:00-04:00,TARGET,12982.0,12999.839386738046,8.325047144420996,12.487570716631494,12969.512429283368,5.82753300109453,0.6999999999999799,rb,3,1,RB2-047811,12978.75,12983.0,NQU2
EP-65999,EP-65999-ENTRY_ON_FIRST_CLOSE_OUTSIDE,ENTRY_ON_FIRST_CLOSE_OUTSIDE,1,2022-08-23 09:48:00-04:00,2022-08-23 09:48:00-04:00,TARGET,12918.25,12887.768942557053,14.224493473375018,21.336740210062526,12939.586740210063,9.957145431362461,0.6999999999999964,rb,3,3,RB2-048007,12902.75,12913.5,NQU2
EP-65999,EP-65999-ENTRY_ON_IMMEDIATE_DISPLACEMENT,ENTRY_ON_IMMEDIATE_DISPLACEMENT,1,2022-08-23 09:48:00-04:00,2022-08-23 09:48:00-04:00,TARGET,12918.25,12887.768942557053,14.224493473375018,21.336740210062526,12939.586740210063,9.957145431362461,0.6999999999999964,rb,3,3,RB2-048007,12902.75,12913.5,NQU2
EP-67252,EP-67252-ENTRY_ON_TAP,ENTRY_ON_TAP,-1,2022-08-24 09:33:00-04:00,2022-08-24 09:33:00-04:00,TARGET,12894.0,12910.262984206664,7.589392629775998,11.384088944663997,12882.615911055336,5.312574840842976,0.6999999999999708,rb,3,3,RB2-048208,12899.75,12902.0,NQU2
EP-67261,EP-67261-ENTRY_ON_TAP,ENTRY_ON_TAP,1,2022-08-24 09:36:00-04:00,2022-08-24 09:38:00-04:00,TARGET,12876.0,12854.183882048846,10.180855043871858,15.271282565807788,12891.271282565807,7.126598530710457,0.7000000000000154,rb,3,3,RB2-048160,12854.5,12860.25,NQU2
EP-67272,EP-67272-ENTRY_ON_TAP,ENTRY_ON_TAP,-1,2022-08-24 09:49:00-04:00,2022-08-24 10:00:00-04:00,STOP,12892.5,12919.616859780554,12.654534564258578,18.981801846387867,12919.616859780554,-12.654534564258578,-1.0,rb,1,1,RB2-031186,12896.5,12904.25,NQU2
EP-69831,EP-69831-ENTRY_ON_TAP,ENTRY_ON_TAP,1,2022-08-26 10:18:00-04:00,2022-08-26 10:22:00-04:00,STOP,13111.25,13051.396203555692,27.93177167400989,41.897657511014835,13051.396203555692,-27.93177167400989,-1.0,rb,1,1,RB2-032359,13094.0,13112.25,NQU2
EP-71080,EP-71080-ENTRY_ON_TAP,ENTRY_ON_TAP,1,2022-08-29 09:44:00-04:00,2022-08-29 09:48:00-04:00,STOP,12574.75,12545.112902385932,13.830645553231308,20.745968329846963,12545.112902385932,-13.830645553231308,-1.0,rb,3,1,RB2-048822,12560.75,12571.25,NQU2
EP-71085,EP-71085-ENTRY_ON_TAP,ENTRY_ON_TAP,-1,2022-08-29 09:51:00-04:00,2022-08-29 09:53:00-04:00,TARGET,12573.75,12606.595202167937,15.327761011703487,22.99164151755523,12550.758358482444,10.729432708192192,0.6999999999999837,rb,3,3,RB2-048823,12575.75,12587.5,NQU2
EP-71102,EP-71102-ENTRY_ON_FIRST_CLOSE_OUTSIDE,ENTRY_ON_FIRST_CLOSE_OUTSIDE,1,2022-08-29 10:07:00-04:00,2022-08-29 10:11:00-04:00,TARGET,12537.25,12500.49515472906,17.152261126438425,25.728391689657638,12562.978391689658,12.006582788506803,0.6999999999999945,rb,1,1,RB2-032953,12526.0,12532.25,NQU2
EP-72435,EP-72435-ENTRY_ON_FIRST_CLOSE_OUTSIDE,ENTRY_ON_FIRST_CLOSE_OUTSIDE,1,2022-08-30 09:53:00-04:00,2022-08-30 09:56:00-04:00,STOP,12515.0,12478.943415801945,16.826405959092693,25.239608938639037,12478.943415801945,-16.826405959092693,-1.0,rb,5,1,RB2-057635,12479.5,12505.25,NQU2
EP-73741,EP-73741-ENTRY_ON_TAP,ENTRY_ON_TAP,-1,2022-08-31 10:11:00-04:00,2022-08-31 10:15:00-04:00,TARGET,12438.5,12482.921612716793,20.730085934503183,31.095128901754777,12407.404871098246,14.511060154152117,0.6999999999999946,rb,5,1,RB2-057766,12435.5,12452.75,NQU2
EP-77486,EP-77486-ENTRY_ON_DELAYED_DISPLACEMENT,ENTRY_ON_DELAYED_DISPLACEMENT,-1,2022-09-05 09:54:00-04:00,2022-09-05 10:08:00-04:00,STOP,12128.5,12141.122221580477,5.890370070889732,8.8355551063346,12141.122221580477,-5.890370070889732,-1.0,rb,3,3,RB2-049788,12138.0,12141.25,NQU2
EP-78634,EP-78634-ENTRY_ON_DELAYED_DISPLACEMENT,ENTRY_ON_DELAYED_DISPLACEMENT,1,2022-09-06 10:27:00-04:00,2022-09-06 10:39:00-04:00,TARGET,11996.5,11956.681485737667,18.581973322422005,27.87295998363301,12024.372959983633,13.00738132569525,0.6999999999999917,rb,3,3,RB2-050021,11945.5,11959.0,NQU2
EP-78653,EP-78653-ENTRY_ON_DELAYED_DISPLACEMENT,ENTRY_ON_DELAYED_DISPLACEMENT,1,2022-09-06 10:39:00-04:00,2022-09-06 10:39:00-04:00,TARGET,11997.0,11960.836505797583,16.876297294461715,25.314445941692572,12022.314445941693,11.813408106123351,0.700000000000009,rb,3,1,RB2-050025,11972.5,11980.0,NQU2
EP-78654,EP-78654-ENTRY_ON_FIRST_CLOSE_OUTSIDE,ENTRY_ON_FIRST_CLOSE_OUTSIDE,1,2022-09-06 10:39:00-04:00,2022-09-06 10:39:00-04:00,TARGET,11997.0,11960.836505797583,16.876297294461715,25.314445941692572,12022.314445941693,11.813408106123351,0.700000000000009,rb,3,3,RB2-050025,11972.5,11980.0,NQU2
EP-78654,EP-78654-ENTRY_ON_MINIMAL_WICK_REJECTION,ENTRY_ON_MINIMAL_WICK_REJECTION,1,2022-09-06 10:39:00-04:00,2022-09-06 10:39:00-04:00,TARGET,11997.0,11960.836505797583,16.876297294461715,25.314445941692572,12022.314445941693,11.813408106123351,0.700000000000009,rb,3,3,RB2-050025,11972.5,11980.0,NQU2
EP-78654,EP-78654-ENTRY_ON_IMMEDIATE_DISPLACEMENT,ENTRY_ON_IMMEDIATE_DISPLACEMENT,1,2022-09-06 10:39:00-04:00,2022-09-06 10:39:00-04:00,TARGET,11997.0,11960.836505797583,16.876297294461715,25.314445941692572,12022.314445941693,11.813408106123351,0.700000000000009,rb,3,3,RB2-050025,11972.5,11980.0,NQU2
EP-78655,EP-78655-ENTRY_ON_DELAYED_DISPLACEMENT,ENTRY_ON_DELAYED_DISPLACEMENT,1,2022-09-06 10:39:00-04:00,2022-09-06 10:39:00-04:00,TARGET,11997.0,11960.836505797583,16.876297294461715,25.314445941692572,12022.314445941693,11.813408106123351,0.700000000000009,rb,1,1,RB2-036399,11972.0,11980.5,NQU2
EP-78656,EP-78656-ENTRY_ON_DELAYED_DISPLACEMENT,ENTRY_ON_DELAYED_DISPLACEMENT,1,2022-09-06 10:39:00-04:00,2022-09-06 10:39:00-04:00,TARGET,11997.0,11960.836505797583,16.876297294461715,25.314445941692572,12022.314445941693,11.813408106123351,0.700000000000009,rb,5,1,RB2-058265,11972.0,11986.75,NQU2
EP-78663,EP-78663-ENTRY_ON_TAP,ENTRY_ON_TAP,1,2022-09-06 10:39:00-04:00,2022-09-06 10:39:00-04:00,TARGET,11997.0,11960.836505797583,16.876297294461715,25.314445941692572,12022.314445941693,11.813408106123351,0.700000000000009,rb,1,1,RB2-036401,11973.25,11984.25,NQU2
EP-79889,EP-79889-ENTRY_ON_TAP,ENTRY_ON_TAP,1,2022-09-07 09:34:00-04:00,2022-09-07 09:35:00-04:00,TARGET,12068.5,12047.657542088618,9.726480358644375,14.589720537966564,12083.089720537966,6.808536251050789,0.6999999999999719,rb,1,1,RB2-036958,12053.75,12067.5,NQU2
EP-00391,EP-00391-ENTRY_ON_TAP,ENTRY_ON_TAP,1,2022-09-08 09:37:00-04:00,2022-09-08 09:37:00-04:00,TARGET,12203.25,12171.67248815797,14.736172192947182,22.104258289420773,12225.35425828942,10.315320535063016,0.6999999999999993,rb,1,1,RB2-000166,12191.75,12196.5,NQZ2
EP-00423,EP-00423-ENTRY_ON_TAP,ENTRY_ON_TAP,1,2022-09-08 10:02:00-04:00,2022-09-08 10:04:00-04:00,STOP,12295.5,12254.26028980351,19.245198091695283,28.867797137542922,12254.26028980351,-19.245198091695283,-1.0,rb,5,1,RB2-050404,12284.5,12292.75,NQZ2
EP-02793,EP-02793-ENTRY_ON_FIRST_CLOSE_OUTSIDE,ENTRY_ON_FIRST_CLOSE_OUTSIDE,1,2022-09-12 09:30:00-04:00,2022-09-12 09:30:00-04:00,TARGET,12728.5,12717.645404923898,5.065477702180742,7.598216553271112,12736.098216553271,3.5458343915264634,0.699999999999989,rb,3,3,RB2-037796,12724.0,12728.25,NQZ2
EP-02793,EP-02793-ENTRY_ON_MINIMAL_WICK_REJECTION,ENTRY_ON_MINIMAL_WICK_REJECTION,1,2022-09-12 09:30:00-04:00,2022-09-12 09:30:00-04:00,TARGET,12728.5,12717.645404923898,5.065477702180742,7.598216553271112,12736.098216553271,3.5458343915264634,0.699999999999989,rb,3,3,RB2-037796,12724.0,12728.25,NQZ2
EP-02796,EP-02796-ENTRY_ON_FIRST_CLOSE_OUTSIDE,ENTRY_ON_FIRST_CLOSE_OUTSIDE,1,2022-09-12 09:30:00-04:00,2022-09-12 09:30:00-04:00,TARGET,12728.5,12717.645404923898,5.065477702180742,7.598216553271112,12736.098216553271,3.5458343915264634,0.699999999999989,rb,5,5,RB2-050647,12722.0,12727.0,NQZ2
EP-02796,EP-02796-ENTRY_ON_MINIMAL_WICK_REJECTION,ENTRY_ON_MINIMAL_WICK_REJECTION,1,2022-09-12 09:30:00-04:00,2022-09-12 09:30:00-04:00,TARGET,12728.5,12717.645404923898,5.065477702180742,7.598216553271112,12736.098216553271,3.5458343915264634,0.699999999999989,rb,5,5,RB2-050647,12722.0,12727.0,NQZ2
EP-02798,EP-02798-ENTRY_ON_MINIMAL_WICK_REJECTION,ENTRY_ON_MINIMAL_WICK_REJECTION,1,2022-09-12 09:30:00-04:00,2022-09-12 09:30:00-04:00,TARGET,12728.5,12717.645404923898,5.065477702180742,7.598216553271112,12736.098216553271,3.5458343915264634,0.699999999999989,rb,3,1,RB2-037797,12724.5,12726.75,NQZ2
EP-02799,EP-02799-ENTRY_ON_FIRST_CLOSE_OUTSIDE,ENTRY_ON_FIRST_CLOSE_OUTSIDE,1,2022-09-12 09:30:00-04:00,2022-09-12 09:30:00-04:00,TARGET,12728.5,12717.645404923898,5.065477702180742,7.598216553271112,12736.098216553271,3.5458343915264634,0.699999999999989,rb,3,3,RB2-037797,12724.5,12726.75,NQZ2
EP-02799,EP-02799-ENTRY_ON_MINIMAL_WICK_REJECTION,ENTRY_ON_MINIMAL_WICK_REJECTION,1,2022-09-12 09:30:00-04:00,2022-09-12 09:30:00-04:00,TARGET,12728.5,12717.645404923898,5.065477702180742,7.598216553271112,12736.098216553271,3.5458343915264634,0.699999999999989,rb,3,3,RB2-037797,12724.5,12726.75,NQZ2
EP-02903,EP-02903-ENTRY_ON_TAP,ENTRY_ON_TAP,1,2022-09-12 11:03:00-04:00,2022-09-12 11:14:00-04:00,TARGET,12763.5,12740.226455644659,10.860987365825485,16.291481048738227,12779.791481048738,7.6026911560775945,0.6999999999999774,rb,1,1,RB2-001248,12761.0,12763.75,NQZ2
EP-05421,EP-05421-ENTRY_ON_FIRST_CLOSE_OUTSIDE,ENTRY_ON_FIRST_CLOSE_OUTSIDE,1,2022-09-14 09:44:00-04:00,2022-09-14 09:44:00-04:00,TARGET,12136.0,12104.238946394295,14.821825015995536,22.232737523993304,12158.232737523993,10.375277511196634,0.6999999999999837,rb,3,1,RB2-038217,12107.25,12120.5,NQZ2
EP-05421,EP-05421-ENTRY_ON_NEW_FVG,ENTRY_ON_NEW_FVG,1,2022-09-14 09:44:00-04:00,2022-09-14 09:44:00-04:00,TARGET,12136.0,12104.238946394295,14.821825015995536,22.232737523993304,12158.232737523993,10.375277511196634,0.6999999999999837,rb,3,1,RB2-038217,12107.25,12120.5,NQZ2
EP-06636,EP-06636-ENTRY_ON_TAP,ENTRY_ON_TAP,1,2022-09-15 09:33:00-04:00,2022-09-15 09:34:00-04:00,TARGET,12122.0,12100.019467086819,10.257582026151397,15.386373039227095,12137.386373039228,7.180307418306039,0.700000000000006,rb,1,1,RB2-002976,12110.25,12116.75,NQZ2
EP-06643,EP-06643-ENTRY_ON_FIRST_CLOSE_OUTSIDE,ENTRY_ON_FIRST_CLOSE_OUTSIDE,-1,2022-09-15 09:48:00-04:00,2022-09-15 09:49:00-04:00,STOP,12154.25,12186.1056373426,14.865964093213176,22.298946139819762,12186.1056373426,-14.865964093213176,-1.0,rb,3,3,RB2-038406,12164.5,12173.5,NQZ2
EP-07825,EP-07825-ENTRY_ON_TAP,ENTRY_ON_TAP,1,2022-09-16 09:36:00-04:00,2022-09-16 09:39:00-04:00,TARGET,11825.25,11797.615825875753,12.895947924648686,19.34392188697303,11844.593921886973,9.027163547254212,0.7000000000000102,rb,5,1,RB2-051152,11805.75,11826.25,NQZ2
EP-07825,EP-07825-ENTRY_ON_DELAYED_DISPLACEMENT,ENTRY_ON_DELAYED_DISPLACEMENT,1,2022-09-16 09:39:00-04:00,2022-09-16 09:40:00-04:00,TARGET,11833.0,11802.55589682552,14.20724814809032,21.31087222213548,11854.310872222135,9.945073703663278,0.7000000000000037,rb,5,1,RB2-051152,11805.75,11826.25,NQZ2
EP-07830,EP-07830-ENTRY_ON_TAP,ENTRY_ON_TAP,1,2022-09-16 09:41:00-04:00,2022-09-16 09:54:00-04:00,STOP,11830.25,11796.684582327605,15.663861580451007,23.49579237067651,11796.684582327605,-15.663861580451007,-1.0,rb,1,1,RB2-003568,11824.5,11833.0,NQZ2
EP-10320,EP-10320-ENTRY_ON_FIRST_CLOSE_OUTSIDE,ENTRY_ON_FIRST_CLOSE_OUTSIDE,-1,2022-09-20 09:30:00-04:00,2022-09-20 09:31:00-04:00,STOP,11916.5,11928.78797084788,5.734386395676845,8.601579593515268,11928.78797084788,-5.734386395676845,-1.0,rb,3,3,RB2-038995,11924.75,11926.5,NQZ2
EP-10350,EP-10350-ENTRY_ON_TAP,ENTRY_ON_TAP,-1,2022-09-20 09:48:00-04:00,2022-09-20 09:51:00-04:00,TARGET,11921.0,11945.340337402811,11.358824121312109,17.038236181968163,11903.961763818032,7.9511768849186275,0.7000000000000133,rb,3,3,RB2-038999,11922.0,11938.0,NQZ2
EP-10350,EP-10350-ENTRY_ON_FIRST_CLOSE_OUTSIDE,ENTRY_ON_FIRST_CLOSE_OUTSIDE,-1,2022-09-20 09:51:00-04:00,2022-09-20 10:06:00-04:00,STOP,11912.75,11938.268052933408,11.908424702257266,17.8626370533859,11938.268052933408,-11.908424702257266,-1.0,rb,3,3,RB2-038999,11922.0,11938.0,NQZ2
EP-10359,EP-10359-ENTRY_ON_MINIMAL_WICK_REJECTION,ENTRY_ON_MINIMAL_WICK_REJECTION,1,2022-09-20 10:18:00-04:00,2022-09-20 10:27:00-04:00,TARGET,11917.5,11886.576430519879,14.430999090723336,21.646498636085006,11939.146498636084,10.1016993635065,0.7000000000000114,rb,3,3,RB2-039002,11900.25,11910.0,NQZ2
EP-11620,EP-11620-ENTRY_ON_DELAYED_DISPLACEMENT,ENTRY_ON_DELAYED_DISPLACEMENT,-1,2022-09-21 09:54:00-04:00,2022-09-21 10:06:00-04:00,TARGET,11970.75,11994.530753848385,11.097685129246157,16.646527693869235,11954.103472306131,7.768379590472236,0.6999999999999933,rb,3,1,RB2-039198,11990.5,11997.5,NQZ2
EP-13048,EP-13048-ENTRY_ON_TAP,ENTRY_ON_TAP,-1,2022-09-22 11:49:00-04:00,2022-09-22 11:57:00-04:00,TARGET,11586.5,11614.570793210516,13.099703498240565,19.649555247360848,11566.85044475264,9.169792448768211,0.699999999999986,rb,3,1,RB2-039428,11575.75,11590.5,NQZ2
EP-14181,EP-14181-ENTRY_ON_FIRST_CLOSE_OUTSIDE,ENTRY_ON_FIRST_CLOSE_OUTSIDE,1,2022-09-23 09:41:00-04:00,2022-09-23 09:43:00-04:00,STOP,11427.0,11395.785585923253,14.56672656914884,21.850089853723258,11395.785585923253,-14.56672656914884,-1.0,rb,3,1,RB2-039600,11406.75,11410.25,NQZ2
EP-14229,EP-14229-ENTRY_ON_TAP,ENTRY_ON_TAP,1,2022-09-23 10:34:00-04:00,2022-09-23 10:54:00-04:00,TARGET,11382.5,11345.792307733278,17.130256391136975,25.69538458670546,11408.195384586705,11.99117947379591,0.7000000000000016,rb,3,1,RB2-039612,11376.75,11383.5,NQZ2
EP-15480,EP-15480-ENTRY_ON_TAP,ENTRY_ON_TAP,-1,2022-09-26 09:45:00-04:00,2022-09-26 09:50:00-04:00,STOP,11427.25,11458.117107278087,14.404650063107368,21.606975094661053,11458.117107278087,-14.404650063107368,-1.0,rb,5,5,RB2-051908,11443.0,11456.0,NQZ2
EP-15507,EP-15507-ENTRY_ON_TAP,ENTRY_ON_TAP,1,2022-09-26 10:11:00-04:00,2022-09-26 10:13:00-04:00,TARGET,11459.25,11422.000426414494,17.383134339902636,26.074701509853952,11485.324701509853,12.16819403793161,0.6999999999999864,rb,5,1,RB2-051911,11457.25,11464.5,NQZ2
EP-16777,EP-16777-ENTRY_ON_STRONG_REJECTION,ENTRY_ON_STRONG_REJECTION,1,2022-09-27 10:25:00-04:00,2022-09-27 10:44:00-04:00,TARGET,11461.0,11422.964832716008,17.749744732529308,26.624617098793962,11487.624617098794,12.424821312770462,0.699999999999997,rb,5,5,RB2-052037,11405.25,11417.5,NQZ2
EP-20620,EP-20620-ENTRY_ON_TAP,ENTRY_ON_TAP,1,2022-09-30 09:45:00-04:00,2022-09-30 09:53:00-04:00,TARGET,11203.25,11158.680666215474,20.799022432778774,31.198533649168162,11234.448533649169,14.55931570294514,0.7,rb,5,5,RB2-052416,11143.0,11167.0,NQZ2
EP-23215,EP-23215-ENTRY_ON_TAP,ENTRY_ON_TAP,1,2022-10-04 09:42:00-04:00,2022-10-04 09:46:00-04:00,TARGET,11559.0,11537.005937705731,10.263895737325717,15.395843605988574,11574.39584360599,7.184727016128265,0.7000000000000256,rb,5,1,RB2-052681,11539.0,11555.25,NQZ2
EP-24470,EP-24470-ENTRY_ON_FIRST_CLOSE_OUTSIDE,ENTRY_ON_FIRST_CLOSE_OUTSIDE,-1,2022-10-05 09:53:00-04:00,2022-10-05 09:54:00-04:00,TARGET,11494.25,11522.071432567218,12.98333519803466,19.47500279705199,11474.774997202949,9.088334638624,0.6999999999999799,rb,5,1,RB2-052796,11499.25,11513.25,NQZ2
EP-26978,EP-26978-ENTRY_ON_DELAYED_DISPLACEMENT,ENTRY_ON_DELAYED_DISPLACEMENT,-1,2022-10-07 09:38:00-04:00,2022-10-07 09:44:00-04:00,TARGET,11322.75,11361.31771093578,17.998265103364012,26.99739765504602,11295.752602344954,12.59878557235473,0.6999999999999956,rb,1,1,RB2-012407,11337.5,11347.0,NQZ2
EP-30703,EP-30703-ENTRY_ON_TAP,ENTRY_ON_TAP,1,2022-10-12 09:47:00-04:00,2022-10-12 10:06:00-04:00,STOP,10899.5,10858.641710643653,19.06720169962871,28.600802549443067,10858.641710643653,-19.06720169962871,-1.0,rb,5,1,RB2-053403,10872.75,10906.0,NQZ2
EP-34299,EP-34299-ENTRY_ON_DELAYED_DISPLACEMENT,ENTRY_ON_DELAYED_DISPLACEMENT,1,2022-10-17 09:35:00-04:00,2022-10-17 09:35:00-04:00,TARGET,11038.75,11015.60946558982,10.79891605808396,16.198374087125938,11054.948374087126,7.559241240658609,0.699999999999985,rb,5,5,RB2-053769,10968.5,10973.0,NQZ2
EP-34365,EP-34365-ENTRY_ON_TAP,ENTRY_ON_TAP,1,2022-10-17 10:23:00-04:00,2022-10-17 10:51:00-04:00,STOP,11092.0,11057.579997076407,16.062668031010194,24.094002046515293,11057.579997076407,-16.062668031010194,-1.0,rb,3,1,RB2-042822,11085.0,11095.25,NQZ2
EP-39577,EP-39577-ENTRY_ON_TAP,ENTRY_ON_TAP,1,2022-10-21 09:34:00-04:00,2022-10-21 09:35:00-04:00,STOP,11053.75,11006.250715492173,22.166332770319226,33.24949915547884,11006.250715492173,-22.166332770319226,-1.0,rb,1,1,RB2-018322,11040.5,11051.25,NQZ2
EP-40867,EP-40867-ENTRY_ON_TAP,ENTRY_ON_TAP,1,2022-10-24 09:42:00-04:00,2022-10-24 09:45:00-04:00,TARGET,11336.75,11299.120133183242,17.56060451448688,26.340906771730317,11363.090906771731,12.292423160140586,0.699999999999987,rb,1,1,RB2-018933,11312.75,11321.0,NQZ2
EP-40877,EP-40877-ENTRY_ON_TAP,ENTRY_ON_TAP,-1,2022-10-24 09:55:00-04:00,2022-10-24 10:00:00-04:00,TARGET,11381.5,11434.39431388125,24.68401314458357,37.02601971687535,11344.473980283125,17.27880920120862,0.700000000000005,rb,1,1,RB2-018941,11384.25,11400.0,NQZ2
EP-42128,EP-42128-ENTRY_ON_TAP,ENTRY_ON_TAP,-1,2022-10-25 09:36:00-04:00,2022-10-25 09:36:00-04:00,TARGET,11546.75,11569.825890554153,10.76874892527146,16.15312338790719,11530.596876612093,7.538124247689941,0.6999999999999925,rb,5,1,RB2-054545,11553.0,11572.0,NQZ2
EP-42128,EP-42128-ENTRY_ON_FIRST_CLOSE_OUTSIDE,ENTRY_ON_FIRST_CLOSE_OUTSIDE,-1,2022-10-25 09:38:00-04:00,2022-10-25 09:40:00-04:00,TARGET,11544.75,11569.307917341774,11.46036142616077,17.190542139241153,11527.55945786076,8.022252998312352,0.6999999999999837,rb,5,1,RB2-054545,11553.0,11572.0,NQZ2
EP-42209,EP-42209-ENTRY_ON_TAP,ENTRY_ON_TAP,1,2022-10-25 11:14:00-04:00,2022-10-25 11:20:00-04:00,TARGET,11654.0,11630.133410381231,11.137741822091817,16.706612733137725,11670.706612733138,7.796419275464148,0.6999999999999889,rb,1,1,RB2-019539,11650.5,11654.25,NQZ2
EP-43350,EP-43350-ENTRY_ON_TAP,ENTRY_ON_TAP,1,2022-10-26 09:34:00-04:00,2022-10-26 09:34:00-04:00,TARGET,11466.0,11440.990884809944,11.670920422026079,17.506380633039118,11483.50638063304,8.169644295418205,0.6999999999999957,rb,3,1,RB2-044252,11433.0,11474.5,NQZ2
EP-43348,EP-43348-ENTRY_ON_FIRST_CLOSE_OUTSIDE,ENTRY_ON_FIRST_CLOSE_OUTSIDE,-1,2022-10-26 09:36:00-04:00,2022-10-26 09:39:00-04:00,STOP,11473.0,11500.280196812693,12.730758512589924,19.096137768884887,11500.280196812693,-12.730758512589924,-1.0,rb,3,3,RB2-044251,11488.5,11492.5,NQZ2
EP-43372,EP-43372-ENTRY_ON_FIRST_CLOSE_OUTSIDE,ENTRY_ON_FIRST_CLOSE_OUTSIDE,-1,2022-10-26 09:57:00-04:00,2022-10-26 09:58:00-04:00,TARGET,11503.75,11539.853787943623,16.848434373690758,25.272651560536136,11478.477348439465,11.793904061583682,0.700000000000009,rb,1,1,RB2-020062,11509.5,11519.5,NQZ2
EP-43393,EP-43393-ENTRY_ON_FIRST_CLOSE_OUTSIDE,ENTRY_ON_FIRST_CLOSE_OUTSIDE,-1,2022-10-26 10:11:00-04:00,2022-10-26 10:18:00-04:00,STOP,11517.5,11563.306035385538,21.376149846584568,32.06422476987685,11563.306035385538,-21.376149846584568,-1.0,rb,3,1,RB2-044257,11538.75,11557.0,NQZ2
EP-44607,EP-44607-ENTRY_ON_TAP,ENTRY_ON_TAP,1,2022-10-27 10:12:00-04:00,2022-10-27 10:12:00-04:00,TARGET,11340.5,11299.74900941854,19.017128938014448,28.52569340702167,11369.025693407022,13.31199025660982,0.6999999999999845,rb,3,3,RB2-044449,11327.25,11339.25,NQZ2
EP-47036,EP-47036-ENTRY_ON_MINIMAL_WICK_REJECTION,ENTRY_ON_MINIMAL_WICK_REJECTION,-1,2022-10-31 09:35:00-04:00,2022-10-31 09:36:00-04:00,TARGET,11485.75,11509.015221756381,10.857103486310958,16.285655229466435,11469.464344770533,7.599972440417571,0.6999999999999909,rb,5,5,RB2-055010,11515.25,11522.5,NQZ2
EP-47063,EP-47063-ENTRY_ON_TAP,ENTRY_ON_TAP,-1,2022-10-31 09:40:00-04:00,2022-10-31 09:40:00-04:00,TARGET,11488.25,11515.466592085471,12.701076306553361,19.05161445983004,11469.19838554017,8.8907534145874,0.7000000000000036,rb,3,1,RB2-044847,11498.5,11512.5,NQZ2
EP-47081,EP-47081-ENTRY_ON_DELAYED_DISPLACEMENT,ENTRY_ON_DELAYED_DISPLACEMENT,1,2022-10-31 10:01:00-04:00,2022-10-31 10:08:00-04:00,STOP,11445.25,11411.39678854085,15.79816534760333,23.697248021404995,11411.39678854085,-15.79816534760333,-1.0,rb,5,1,RB2-055020,11413.0,11423.75,NQZ2
EP-50873,EP-50873-ENTRY_ON_NEW_FVG,ENTRY_ON_NEW_FVG,-1,2022-11-03 10:19:00-04:00,2022-11-03 10:25:00-04:00,STOP,10781.5,10821.203644875975,18.528367608788876,27.792551413183315,10821.203644875975,-18.528367608788876,-1.0,rb,1,1,RB2-023555,10806.0,10816.75,NQZ2
EP-50890,EP-50890-ENTRY_ON_TAP,ENTRY_ON_TAP,-1,2022-11-03 10:37:00-04:00,2022-11-03 10:41:00-04:00,STOP,10784.5,10824.388848191078,18.614795822502956,27.922193733754433,10824.388848191078,-18.614795822502956,-1.0,rb,1,1,RB2-023564,10798.75,10803.0,NQZ2
EP-50928,EP-50928-ENTRY_ON_FIRST_CLOSE_OUTSIDE,ENTRY_ON_FIRST_CLOSE_OUTSIDE,-1,2022-11-03 11:18:00-04:00,2022-11-03 11:32:00-04:00,TARGET,10789.0,10824.645718994838,16.63466886425769,24.952003296386536,10764.047996703614,11.644268204980415,0.700000000000002,rb,1,1,RB2-023581,10806.5,10813.5,NQZ2
EP-53345,EP-53345-ENTRY_ON_FIRST_CLOSE_OUTSIDE,ENTRY_ON_FIRST_CLOSE_OUTSIDE,1,2022-11-07 10:06:00-05:00,2022-11-07 10:16:00-05:00,TARGET,10924.25,10886.945398198157,17.408814174193747,26.11322126129062,10950.36322126129,12.186169921935834,0.7000000000000122,rb,1,1,RB2-024688,10906.25,10909.5,NQZ2
EP-54563,EP-54563-ENTRY_ON_FIRST_CLOSE_OUTSIDE,ENTRY_ON_FIRST_CLOSE_OUTSIDE,-1,2022-11-08 10:09:00-05:00,2022-11-08 10:16:00-05:00,STOP,11056.75,11087.106543209315,14.16638683101376,21.24958024652064,11087.106543209315,-14.16638683101376,-1.0,rb,3,3,RB2-046031,11079.0,11084.25,NQZ2
EP-55919,EP-55919-ENTRY_ON_TAP,ENTRY_ON_TAP,-1,2022-11-09 09:34:00-05:00,2022-11-09 09:41:00-05:00,STOP,10985.75,11008.993434186896,10.846935953884568,16.270403930826852,11008.993434186896,-10.846935953884568,-1.0,rb,1,1,RB2-025839,10991.5,10999.5,NQZ2
EP-58330,EP-58330-ENTRY_ON_TAP,ENTRY_ON_TAP,-1,2022-11-11 09:39:00-05:00,2022-11-11 09:45:00-05:00,STOP,11599.5,11627.842251518767,13.226384042091203,19.839576063136803,11627.842251518767,-13.226384042091203,-1.0,rb,3,3,RB2-046646,11588.75,11612.5,NQZ2
EP-58353,EP-58353-ENTRY_ON_TAP,ENTRY_ON_TAP,1,2022-11-11 09:58:00-05:00,2022-11-11 10:00:00-05:00,STOP,11644.5,11606.876872290773,17.55745959763937,26.336189396459055,11606.876872290773,-17.55745959763937,-1.0,rb,3,1,RB2-046650,11633.75,11663.25,NQZ2
EP-59586,EP-59586-ENTRY_ON_MINIMAL_WICK_REJECTION,ENTRY_ON_MINIMAL_WICK_REJECTION,-1,2022-11-14 09:59:00-05:00,2022-11-14 10:00:00-05:00,STOP,11744.0,11775.393086009708,14.650106804530699,21.975160206796048,11775.393086009708,-14.650106804530699,-1.0,rb,3,1,RB2-046846,11746.0,11755.5,NQZ2
EP-60738,EP-60738-ENTRY_ON_TAP,ENTRY_ON_TAP,-1,2022-11-15 09:46:00-05:00,2022-11-15 09:47:00-05:00,TARGET,12015.75,12053.473109604856,17.60411781559945,26.406176723399177,11989.3438232766,12.32288247091951,0.699999999999994,rb,1,1,RB2-028111,12014.5,12023.25,NQZ2
EP-63404,EP-63404-ENTRY_ON_NEW_FVG,ENTRY_ON_NEW_FVG,1,2022-11-17 11:30:00-05:00,2022-11-17 11:39:00-05:00,TARGET,11640.0,11616.322829308341,11.049346322774543,16.574019484161816,11656.574019484162,7.734542425942476,0.7000000000000268,rb,3,3,RB2-047465,11606.5,11616.5,NQZ2
EP-67222,EP-67222-ENTRY_ON_TAP,ENTRY_ON_TAP,-1,2022-11-22 09:56:00-05:00,2022-11-22 10:02:00-05:00,STOP,11552.0,11577.087781274939,11.707631261638259,17.56144689245739,11577.087781274939,-11.707631261638259,-1.0,rb,5,1,RB2-057021,11543.5,11554.25,NQZ2
EP-68450,EP-68450-ENTRY_ON_MINIMAL_WICK_REJECTION,ENTRY_ON_MINIMAL_WICK_REJECTION,-1,2022-11-23 10:01:00-05:00,2022-11-23 10:06:00-05:00,STOP,11819.75,11848.142421640934,13.249796765769476,19.874695148654215,11848.142421640934,-13.249796765769476,-1.0,rb,5,1,RB2-057144,11844.25,11852.0,NQZ2
EP-68544,EP-68544-ENTRY_ON_NEW_IFVG,ENTRY_ON_NEW_IFVG,-1,2022-11-23 11:50:00-05:00,2022-11-23 11:54:00-05:00,TARGET,11822.5,11838.465060028886,7.450361346813553,11.17554202022033,11811.32445797978,5.215252942769548,0.7000000000000082,rb,5,1,RB2-057154,11859.25,11862.5,NQZ2
EP-68543,EP-68543-ENTRY_ON_NEW_FVG,ENTRY_ON_NEW_FVG,-1,2022-11-23 11:54:00-05:00,2022-11-23 11:54:00-05:00,TARGET,11826.25,11842.22441057254,7.454724933851912,11.182087400777867,11815.067912599223,5.218307453696157,0.6999999999999758,rb,3,3,RB2-048298,11856.5,11858.0,NQZ2
EP-68545,EP-68545-ENTRY_ON_NEW_FVG,ENTRY_ON_NEW_FVG,-1,2022-11-23 11:54:00-05:00,2022-11-23 11:54:00-05:00,TARGET,11826.25,11842.22441057254,7.454724933851912,11.182087400777867,11815.067912599223,5.218307453696157,0.6999999999999758,rb,3,3,RB2-048299,11859.25,11862.5,NQZ2
EP-70598,EP-70598-ENTRY_ON_TAP,ENTRY_ON_TAP,1,2022-11-25 09:36:00-05:00,2022-11-25 09:36:00-05:00,TARGET,11784.0,11768.159863559536,7.392063672216379,11.088095508324567,11795.088095508325,5.174444570551508,0.7000000000000057,rb,1,1,RB2-032541,11766.25,11769.75,NQZ2
EP-70619,EP-70619-ENTRY_ON_FIRST_CLOSE_OUTSIDE,ENTRY_ON_FIRST_CLOSE_OUTSIDE,1,2022-11-25 09:56:00-05:00,2022-11-25 09:57:00-05:00,TARGET,11789.5,11768.594412567014,9.755940802060321,14.63391120309048,11804.133911203091,6.829158561442334,0.7000000000000112,rb,1,1,RB2-032548,11785.25,11788.75,NQZ2
EP-72876,EP-72876-ENTRY_ON_TAP,ENTRY_ON_TAP,-1,2022-11-29 09:38:00-05:00,2022-11-29 09:44:00-05:00,TARGET,11601.5,11622.40606115783,9.756161873653852,14.634242810480778,11586.86575718952,6.829313311557673,0.6999999999999976,rb,3,1,RB2-049011,11605.5,11628.0,NQZ2
EP-74176,EP-74176-ENTRY_ON_TAP,ENTRY_ON_TAP,1,2022-11-30 09:48:00-05:00,2022-11-30 10:00:00-05:00,STOP,11552.75,11524.904286073272,12.994666499139958,19.491999748709937,11524.904286073272,-12.994666499139958,-1.0,rb,1,1,RB2-034181,11549.0,11555.0,NQZ2
EP-77772,EP-77772-ENTRY_ON_NEW_FVG,ENTRY_ON_NEW_FVG,-1,2022-12-05 09:58:00-05:00,2022-12-05 10:00:00-05:00,TARGET,11939.0,11961.990755210429,10.729019098199892,16.093528647299838,11922.9064713527,7.51031336873981,0.6999999999999894,rb,1,1,RB2-035849,11954.75,11960.25,NQZ2
EP-77784,EP-77784-ENTRY_ON_FIRST_CLOSE_OUTSIDE,ENTRY_ON_FIRST_CLOSE_OUTSIDE,1,2022-12-05 10:05:00-05:00,2022-12-05 10:20:00-05:00,STOP,11908.25,11877.839781181172,14.191435448786525,21.28715317317979,11877.839781181172,-14.191435448786525,-1.0,rb,3,1,RB2-049821,11864.25,11883.25,NQZ2
EP-80329,EP-80329-ENTRY_ON_FIRST_CLOSE_OUTSIDE,ENTRY_ON_FIRST_CLOSE_OUTSIDE,-1,2022-12-07 10:15:00-05:00,2022-12-07 10:26:00-05:00,TARGET,11512.25,11557.994285564795,21.34733326357062,32.02099989535593,11480.229000104644,14.943133284499146,0.6999999999999865,rb,5,5,RB2-058310,11528.25,11543.75,NQZ2
EP-00480,EP-00480-ENTRY_ON_TAP,ENTRY_ON_TAP,1,2022-12-08 09:51:00-05:00,2022-12-08 09:52:00-05:00,TARGET,11643.5,11619.179619956036,11.349510687182928,17.024266030774392,11660.524266030774,7.944657481027801,0.6999999999999781,rb,1,1,RB2-000216,11626.25,11630.5,NQH3
EP-12770,EP-12770-ENTRY_ON_FIRST_CLOSE_OUTSIDE,ENTRY_ON_FIRST_CLOSE_OUTSIDE,1,2022-12-22 10:00:00-05:00,2022-12-22 10:01:00-05:00,STOP,11123.5,11098.848200926439,11.504172900995355,17.256259351493032,11098.848200926439,-11.504172900995355,-1.0,rb,5,5,RB2-013273,11092.75,11101.5,NQH3
EP-13999,EP-13999-ENTRY_ON_FIRST_CLOSE_OUTSIDE,ENTRY_ON_FIRST_CLOSE_OUTSIDE,-1,2022-12-23 10:02:00-05:00,2022-12-23 10:11:00-05:00,STOP,10948.25,10997.424756533772,22.94821971576036,34.42232957364054,10997.424756533772,-22.94821971576036,-1.0,rb,5,1,RB2-013386,10950.75,10968.25,NQH3
EP-15251,EP-15251-ENTRY_ON_DELAYED_DISPLACEMENT,ENTRY_ON_DELAYED_DISPLACEMENT,-1,2022-12-27 10:32:00-05:00,2022-12-27 10:34:00-05:00,STOP,10963.5,10992.599219878615,13.579635943353606,20.36945391503041,10992.599219878615,-13.579635943353606,-1.0,rb,3,1,RB2-011375,10988.5,10998.5,NQH3
EP-18784,EP-18784-ENTRY_ON_FIRST_CLOSE_OUTSIDE,ENTRY_ON_FIRST_CLOSE_OUTSIDE,-1,2022-12-30 09:40:00-05:00,2022-12-30 09:40:00-05:00,TARGET,10922.5,10944.188878525545,10.12147664525479,15.182214967882185,10907.317785032117,7.085033651678646,0.700000000000029,rb,1,1,RB2-008747,10927.75,10937.5,NQH3
EP-18784,EP-18784-ENTRY_ON_MINIMAL_WICK_REJECTION,ENTRY_ON_MINIMAL_WICK_REJECTION,-1,2022-12-30 09:40:00-05:00,2022-12-30 09:40:00-05:00,TARGET,10922.5,10944.188878525545,10.12147664525479,15.182214967882185,10907.317785032117,7.085033651678646,0.700000000000029,rb,1,1,RB2-008747,10927.75,10937.5,NQH3
EP-00874,EP-00874-ENTRY_ON_TAP,ENTRY_ON_TAP,1,2023-01-03 09:46:00-05:00,2023-01-03 09:48:00-05:00,STOP,11113.5,11078.191386629285,16.477352906333437,24.716029359500155,11078.191386629285,-16.477352906333437,-1.0,rb,5,1,RB2-036532,11095.5,11114.5,NQH3
EP-02158,EP-02158-ENTRY_ON_DELAYED_DISPLACEMENT,ENTRY_ON_DELAYED_DISPLACEMENT,1,2023-01-04 10:45:00-05:00,2023-01-04 10:46:00-05:00,TARGET,10940.0,10901.841298045958,17.807394245219474,26.711091367829212,10966.71109136783,12.46517597165353,0.6999999999999943,rb,5,5,RB2-036659,10863.5,10897.75,NQH3
EP-02177,EP-02177-ENTRY_ON_NEW_IFVG,ENTRY_ON_NEW_IFVG,1,2023-01-04 10:46:00-05:00,2023-01-04 11:28:00-05:00,TARGET,10962.75,10923.904458246425,18.127919485001996,27.191879227502994,10989.941879227503,12.689543639501576,0.7000000000000098,rb,1,1,RB2-001000,10897.5,10903.0,NQH3
EP-05859,EP-05859-ENTRY_ON_TAP,ENTRY_ON_TAP,-1,2023-01-09 09:36:00-05:00,2023-01-09 09:36:00-05:00,TARGET,11215.0,11235.753293290309,9.684870202144332,14.527305303216497,11200.472694696784,6.779409141501239,0.7000000000000214,rb,5,1,RB2-037040,11220.0,11244.5,NQH3
EP-05860,EP-05860-ENTRY_ON_TAP,ENTRY_ON_TAP,-1,2023-01-09 09:40:00-05:00,2023-01-09 09:42:00-05:00,TARGET,11221.25,11245.791119043992,11.45252222052913,17.178783330793692,11204.071216669206,8.01676555437013,0.6999999999999773,rb,5,5,RB2-037040,11220.0,11244.5,NQH3
EP-07129,EP-07129-ENTRY_ON_TAP,ENTRY_ON_TAP,1,2023-01-10 09:40:00-05:00,2023-01-10 09:46:00-05:00,STOP,11212.0,11179.569391263254,15.13428407714837,22.701426115722555,11179.569391263254,-15.13428407714837,-1.0,rb,3,1,RB2-028173,11211.0,11218.25,NQH3
EP-08372,EP-08372-ENTRY_ON_TAP,ENTRY_ON_TAP,1,2023-01-11 09:46:00-05:00,2023-01-11 10:10:00-05:00,TARGET,11346.5,11319.148333420122,12.76411107060933,19.146166605913994,11365.646166605913,8.93487774942627,0.6999999999999796,rb,5,1,RB2-037287,11324.75,11342.0,NQH3
EP-11891,EP-11891-ENTRY_ON_TAP,ENTRY_ON_TAP,1,2023-01-16 09:34:00-05:00,2023-01-16 09:35:00-05:00,TARGET,11598.25,11590.365471186626,3.679446779574819,5.519170169362228,11603.769170169362,2.5756127457024602,0.7000000000000236,rb,1,1,RB2-005558,11593.5,11597.5,NQH3
EP-12960,EP-12960-ENTRY_ON_FIRST_CLOSE_OUTSIDE,ENTRY_ON_FIRST_CLOSE_OUTSIDE,-1,2023-01-17 09:43:00-05:00,2023-01-17 09:48:00-05:00,STOP,11582.0,11608.465118249482,12.350388516424609,18.525582774636913,11608.465118249482,-12.350388516424609,-1.0,rb,1,1,RB2-006058,11581.25,11588.75,NQH3
EP-14212,EP-14212-ENTRY_ON_MINIMAL_WICK_REJECTION,ENTRY_ON_MINIMAL_WICK_REJECTION,1,2023-01-18 10:24:00-05:00,2023-01-18 10:29:00-05:00,TARGET,11700.0,11668.500307823704,14.699856348938095,22.04978452340714,11722.049784523408,10.289899444256681,0.7000000000000011,rb,3,3,RB2-029332,11690.75,11696.0,NQH3
EP-16666,EP-16666-ENTRY_ON_TAP,ENTRY_ON_TAP,1,2023-01-20 09:47:00-05:00,2023-01-20 09:50:00-05:00,TARGET,11422.75,11398.68196699423,11.231748736026079,16.84762310403912,11439.597623104039,7.862224115218509,0.7000000000000226,rb,3,1,RB2-029742,11418.0,11426.25,NQH3
EP-19040,EP-19040-ENTRY_ON_FIRST_CLOSE_OUTSIDE,ENTRY_ON_FIRST_CLOSE_OUTSIDE,1,2023-01-24 10:15:00-05:00,2023-01-24 10:15:00-05:00,TARGET,11904.25,11871.52805221775,15.270242298382922,22.90536344757438,11927.155363447575,10.689169608868044,0.7,rb,1,1,RB2-008947,11879.0,11886.0,NQH3
EP-19040,EP-19040-ENTRY_ON_MINIMAL_WICK_REJECTION,ENTRY_ON_MINIMAL_WICK_REJECTION,1,2023-01-24 10:15:00-05:00,2023-01-24 10:15:00-05:00,TARGET,11904.25,11871.52805221775,15.270242298382922,22.90536344757438,11927.155363447575,10.689169608868044,0.7,rb,1,1,RB2-008947,11879.0,11886.0,NQH3
EP-19040,EP-19040-ENTRY_ON_IMMEDIATE_DISPLACEMENT,ENTRY_ON_IMMEDIATE_DISPLACEMENT,1,2023-01-24 10:15:00-05:00,2023-01-24 10:15:00-05:00,TARGET,11904.25,11871.52805221775,15.270242298382922,22.90536344757438,11927.155363447575,10.689169608868044,0.7,rb,1,1,RB2-008947,11879.0,11886.0,NQH3
EP-19040,EP-19040-ENTRY_ON_NEW_IFVG,ENTRY_ON_NEW_IFVG,1,2023-01-24 10:15:00-05:00,2023-01-24 10:15:00-05:00,TARGET,11904.25,11871.52805221775,15.270242298382922,22.90536344757438,11927.155363447575,10.689169608868044,0.7,rb,1,1,RB2-008947,11879.0,11886.0,NQH3
EP-19050,EP-19050-ENTRY_ON_TAP,ENTRY_ON_TAP,1,2023-01-24 10:25:00-05:00,2023-01-24 10:32:00-05:00,TARGET,11879.25,11845.965365417469,15.53282947184752,23.29924420777128,11902.549244207772,10.87298063029307,0.6999999999999874,rb,5,5,RB2-038364,11866.0,11872.5,NQH3
EP-20195,EP-20195-ENTRY_ON_FIRST_CLOSE_OUTSIDE,ENTRY_ON_FIRST_CLOSE_OUTSIDE,-1,2023-01-25 09:35:00-05:00,2023-01-25 09:35:00-05:00,TARGET,11687.25,11706.061575998418,8.778735465928447,13.16810319889267,11674.081896801108,6.145114826150097,0.7000000000000209,rb,5,5,RB2-038478,11709.5,11715.5,NQH3
EP-20195,EP-20195-ENTRY_ON_MINIMAL_WICK_REJECTION,ENTRY_ON_MINIMAL_WICK_REJECTION,-1,2023-01-25 09:35:00-05:00,2023-01-25 09:35:00-05:00,TARGET,11687.25,11706.061575998418,8.778735465928447,13.16810319889267,11674.081896801108,6.145114826150097,0.7000000000000209,rb,5,5,RB2-038478,11709.5,11715.5,NQH3
EP-20215,EP-20215-ENTRY_ON_FIRST_CLOSE_OUTSIDE,ENTRY_ON_FIRST_CLOSE_OUTSIDE,-1,2023-01-25 09:35:00-05:00,2023-01-25 09:35:00-05:00,TARGET,11687.25,11706.061575998418,8.778735465928447,13.16810319889267,11674.081896801108,6.145114826150097,0.7000000000000209,rb,5,5,RB2-038481,11714.0,11720.0,NQH3
EP-20224,EP-20224-ENTRY_ON_TAP,ENTRY_ON_TAP,-1,2023-01-25 09:36:00-05:00,2023-01-25 09:38:00-05:00,STOP,11683.75,11703.407224617531,9.173371488181429,13.760057232272143,11703.407224617531,-9.173371488181429,-1.0,rb,1,1,RB2-009521,11687.5,11692.75,NQH3
EP-20228,EP-20228-ENTRY_ON_FIRST_CLOSE_OUTSIDE,ENTRY_ON_FIRST_CLOSE_OUTSIDE,1,2023-01-25 09:38:00-05:00,2023-01-25 09:38:00-05:00,TARGET,11690.25,11668.989905069762,9.921377634111069,14.882066451166605,11705.132066451166,6.944964343877831,0.7000000000000083,rb,1,1,RB2-009522,11673.75,11683.75,NQH3
EP-20228,EP-20228-ENTRY_ON_MINIMAL_WICK_REJECTION,ENTRY_ON_MINIMAL_WICK_REJECTION,1,2023-01-25 09:38:00-05:00,2023-01-25 09:38:00-05:00,TARGET,11690.25,11668.989905069762,9.921377634111069,14.882066451166605,11705.132066451166,6.944964343877831,0.7000000000000083,rb,1,1,RB2-009522,11673.75,11683.75,NQH3
EP-20235,EP-20235-ENTRY_ON_TAP,ENTRY_ON_TAP,-1,2023-01-25 09:46:00-05:00,2023-01-25 09:53:00-05:00,TARGET,11679.5,11705.298993435694,12.03953026999003,18.059295404985043,11661.440704595016,8.427671188992742,0.6999999999999769,rb,1,1,RB2-009527,11690.75,11699.75,NQH3
EP-20274,EP-20274-ENTRY_ON_TAP,ENTRY_ON_TAP,-1,2023-01-25 10:30:00-05:00,2023-01-25 10:34:00-05:00,TARGET,11647.25,11676.392317460082,13.59974814803802,20.39962222205703,11626.850377777942,9.519823703626352,0.6999999999999809,rb,3,3,RB2-030316,11649.5,11659.25,NQH3
EP-21525,EP-21525-ENTRY_ON_TAP,ENTRY_ON_TAP,-1,2023-01-26 09:34:00-05:00,2023-01-26 09:34:00-05:00,TARGET,12044.25,12064.901205186527,9.63722908704614,14.45584363056921,12029.794156369431,6.746060360932585,0.7000000000000297,rb,1,1,RB2-010094,12063.25,12068.25,NQH3
EP-21525,EP-21525-ENTRY_ON_MINIMAL_WICK_REJECTION,ENTRY_ON_MINIMAL_WICK_REJECTION,-1,2023-01-26 09:38:00-05:00,2023-01-26 09:40:00-05:00,TARGET,12052.5,12077.02205807284,11.443627100658516,17.165440650987772,12035.334559349012,8.010538970460829,0.6999999999999884,rb,1,1,RB2-010094,12063.25,12068.25,NQH3
EP-21570,EP-21570-ENTRY_ON_TAP,ENTRY_ON_TAP,-1,2023-01-26 10:17:00-05:00,2023-01-26 10:38:00-05:00,TARGET,12019.5,12057.968916780173,17.952161164080888,26.92824174612133,11992.571758253878,12.566512814856578,0.6999999999999976,rb,5,1,RB2-038617,12013.25,12031.5,NQH3
EP-22705,EP-22705-ENTRY_ON_FIRST_CLOSE_OUTSIDE,ENTRY_ON_FIRST_CLOSE_OUTSIDE,-1,2023-01-27 10:01:00-05:00,2023-01-27 10:02:00-05:00,STOP,12114.5,12143.516090733265,13.54084234219011,20.311263513285166,12143.516090733265,-13.54084234219011,-1.0,rb,1,1,RB2-010694,12127.75,12131.5,NQH3
EP-22725,EP-22725-ENTRY_ON_DELAYED_DISPLACEMENT,ENTRY_ON_DELAYED_DISPLACEMENT,-1,2023-01-27 10:22:00-05:00,2023-01-27 10:42:00-05:00,STOP,12151.75,12180.45067243355,13.393647135656803,20.090470703485202,12180.45067243355,-13.393647135656803,-1.0,rb,1,1,RB2-010702,12171.75,12178.75,NQH3
EP-22782,EP-22782-ENTRY_ON_DELAYED_DISPLACEMENT,ENTRY_ON_DELAYED_DISPLACEMENT,1,2023-01-27 11:17:00-05:00,2023-01-27 11:23:00-05:00,TARGET,12142.5,12116.926082214573,11.934494966532773,17.90174244979916,12160.4017424498,8.354146476573192,0.700000000000021,rb,1,1,RB2-010725,12112.25,12116.25,NQH3
EP-25141,EP-25141-ENTRY_ON_TAP,ENTRY_ON_TAP,-1,2023-01-31 09:36:00-05:00,2023-01-31 09:40:00-05:00,TARGET,12009.75,12034.789084637177,11.684906164016505,17.52735924602476,11992.222640753975,8.179434314811811,0.700000000000022,rb,1,1,RB2-011850,12024.5,12031.25,NQH3
EP-25142,EP-25142-ENTRY_ON_FIRST_CLOSE_OUTSIDE,ENTRY_ON_FIRST_CLOSE_OUTSIDE,-1,2023-01-31 09:41:00-05:00,2023-01-31 09:41:00-05:00,STOP,12003.5,12031.058056999738,12.860426599877693,19.29063989981654,12031.058056999738,-12.860426599877693,-1.0,rb,3,1,RB2-031104,12009.75,12020.25,NQH3
EP-25154,EP-25154-ENTRY_ON_FIRST_CLOSE_OUTSIDE,ENTRY_ON_FIRST_CLOSE_OUTSIDE,-1,2023-01-31 09:53:00-05:00,2023-01-31 09:58:00-05:00,TARGET,12028.25,12063.594345553878,16.494027925142895,24.741041887714342,12003.508958112287,11.545819547599855,0.6999999999999896,rb,3,1,RB2-031107,12049.0,12055.25,NQH3
EP-27620,EP-27620-ENTRY_ON_DELAYED_DISPLACEMENT,ENTRY_ON_DELAYED_DISPLACEMENT,1,2023-02-02 09:33:00-05:00,2023-02-02 09:35:00-05:00,TARGET,12701.75,12676.537873712814,11.765658934020534,17.6484884010308,12719.398488401031,8.235961253814642,0.7000000000000227,rb,1,1,RB2-012980,12667.5,12671.5,NQH3
EP-27627,EP-27627-ENTRY_ON_FIRST_CLOSE_OUTSIDE,ENTRY_ON_FIRST_CLOSE_OUTSIDE,-1,2023-02-02 09:55:00-05:00,2023-02-02 09:57:00-05:00,TARGET,12705.75,12745.730993684092,18.65779705257647,27.986695578864705,12677.763304421136,13.060457936803664,0.7000000000000072,rb,5,5,RB2-039228,12712.5,12732.0,NQH3
EP-32777,EP-32777-ENTRY_ON_TAP,ENTRY_ON_TAP,1,2023-02-08 09:35:00-05:00,2023-02-08 09:37:00-05:00,TARGET,12710.5,12689.473912811072,9.812174021499564,14.718261032249345,12725.218261032249,6.8685218150496725,0.6999999999999977,rb,5,5,RB2-039714,12708.25,12713.75,NQH3
EP-32795,EP-32795-ENTRY_ON_TAP,ENTRY_ON_TAP,1,2023-02-08 09:50:00-05:00,2023-02-08 09:52:00-05:00,STOP,12715.75,12688.463980590694,12.733475724342698,19.100213586514048,12688.463980590694,-12.733475724342698,-1.0,rb,3,1,RB2-032318,12701.25,12719.25,NQH3
EP-35270,EP-35270-ENTRY_ON_TAP,ENTRY_ON_TAP,1,2023-02-10 09:54:00-05:00,2023-02-10 10:00:00-05:00,STOP,12355.5,12317.606897014935,17.683448059696428,26.52517208954464,12317.606897014935,-17.683448059696428,-1.0,rb,3,3,RB2-032718,12336.75,12348.25,NQH3
EP-36526,EP-36526-ENTRY_ON_FIRST_CLOSE_OUTSIDE,ENTRY_ON_FIRST_CLOSE_OUTSIDE,-1,2023-02-13 09:48:00-05:00,2023-02-13 09:51:00-05:00,STOP,12409.0,12438.041396670784,13.552651779699138,20.328977669548706,12438.041396670784,-13.552651779699138,-1.0,rb,1,1,RB2-017135,12424.75,12429.0,NQH3
EP-37747,EP-37747-ENTRY_ON_DELAYED_DISPLACEMENT,ENTRY_ON_DELAYED_DISPLACEMENT,-1,2023-02-14 09:33:00-05:00,2023-02-14 09:35:00-05:00,STOP,12413.5,12460.221861623164,21.80353542414344,32.705303136215164,12460.221861623164,-21.80353542414344,-1.0,rb,3,3,RB2-033119,12492.0,12498.5,NQH3
EP-55027,EP-55027-ENTRY_ON_FIRST_CLOSE_OUTSIDE,ENTRY_ON_FIRST_CLOSE_OUTSIDE,1,2023-03-06 09:35:00-05:00,2023-03-06 09:35:00-05:00,STOP,12377.75,12362.621391558441,7.060017272727787,10.59002590909168,12362.621391558441,-7.060017272727787,-1.0,rb,5,5,RB2-041941,12357.0,12359.25,NQH3
EP-55027,EP-55027-ENTRY_ON_MINIMAL_WICK_REJECTION,ENTRY_ON_MINIMAL_WICK_REJECTION,1,2023-03-06 09:35:00-05:00,2023-03-06 09:35:00-05:00,STOP,12377.75,12362.621391558441,7.060017272727787,10.59002590909168,12362.621391558441,-7.060017272727787,-1.0,rb,5,5,RB2-041941,12357.0,12359.25,NQH3
EP-56330,EP-56330-ENTRY_ON_NEW_FVG,ENTRY_ON_NEW_FVG,1,2023-03-07 10:33:00-05:00,2023-03-07 10:33:00-05:00,TARGET,12260.25,12226.748529963239,15.63401935048843,23.451029025732645,12283.701029025733,10.943813545341868,0.699999999999998,rb,3,1,RB2-036158,12227.5,12244.75,NQH3
EP-56331,EP-56331-ENTRY_ON_FIRST_CLOSE_OUTSIDE,ENTRY_ON_FIRST_CLOSE_OUTSIDE,1,2023-03-07 10:33:00-05:00,2023-03-07 10:33:00-05:00,TARGET,12260.25,12226.748529963239,15.63401935048843,23.451029025732645,12283.701029025733,10.943813545341868,0.699999999999998,rb,3,3,RB2-036158,12227.5,12244.75,NQH3
EP-56331,EP-56331-ENTRY_ON_MINIMAL_WICK_REJECTION,ENTRY_ON_MINIMAL_WICK_REJECTION,1,2023-03-07 10:33:00-05:00,2023-03-07 10:33:00-05:00,TARGET,12260.25,12226.748529963239,15.63401935048843,23.451029025732645,12283.701029025733,10.943813545341868,0.699999999999998,rb,3,3,RB2-036158,12227.5,12244.75,NQH3
EP-56331,EP-56331-ENTRY_ON_IMMEDIATE_DISPLACEMENT,ENTRY_ON_IMMEDIATE_DISPLACEMENT,1,2023-03-07 10:33:00-05:00,2023-03-07 10:33:00-05:00,TARGET,12260.25,12226.748529963239,15.63401935048843,23.451029025732645,12283.701029025733,10.943813545341868,0.699999999999998,rb,3,3,RB2-036158,12227.5,12244.75,NQH3
EP-57490,EP-57490-ENTRY_ON_TAP,ENTRY_ON_TAP,-1,2023-03-08 09:58:00-05:00,2023-03-08 10:00:00-05:00,TARGET,12185.75,12208.869021704391,10.788876795382757,16.183315193074137,12169.566684806925,7.552213756768022,0.7000000000000085,rb,5,1,RB2-042189,12180.0,12189.25,NQH3
EP-57499,EP-57499-ENTRY_ON_TAP,ENTRY_ON_TAP,1,2023-03-08 10:03:00-05:00,2023-03-08 10:09:00-05:00,TARGET,12146.25,12115.471158671216,14.3634592867658,21.545188930148697,12167.79518893015,10.054421500736165,0.7000000000000074,rb,1,1,RB2-026717,12108.25,12118.0,NQH3
EP-00380,EP-00380-ENTRY_ON_FIRST_CLOSE_OUTSIDE,ENTRY_ON_FIRST_CLOSE_OUTSIDE,-1,2023-03-09 10:17:00-05:00,2023-03-09 10:17:00-05:00,TARGET,12452.5,12475.174813930507,10.581579834236745,15.872369751355118,12436.627630248644,7.407105883965726,0.7000000000000004,rb,3,1,RB2-036152,12463.25,12468.75,NQM3
EP-00380,EP-00380-ENTRY_ON_IMMEDIATE_DISPLACEMENT,ENTRY_ON_IMMEDIATE_DISPLACEMENT,-1,2023-03-09 10:17:00-05:00,2023-03-09 10:17:00-05:00,TARGET,12452.5,12475.174813930507,10.581579834236745,15.872369751355118,12436.627630248644,7.407105883965726,0.7000000000000004,rb,3,1,RB2-036152,12463.25,12468.75,NQM3
EP-00384,EP-00384-ENTRY_ON_TAP,ENTRY_ON_TAP,1,2023-03-09 10:25:00-05:00,2023-03-09 10:30:00-05:00,TARGET,12437.0,12413.503772355589,10.964906234058683,16.447359351088025,12453.447359351088,7.675434363841166,0.7000000000000081,rb,5,5,RB2-048746,12422.25,12438.5,NQM3
EP-00425,EP-00425-ENTRY_ON_FIRST_CLOSE_OUTSIDE,ENTRY_ON_FIRST_CLOSE_OUTSIDE,-1,2023-03-09 11:04:00-05:00,2023-03-09 11:29:00-05:00,TARGET,12436.75,12457.202303893902,9.544408483820785,14.316612725731177,12422.433387274268,6.68108593867433,0.699999999999977,rb,3,1,RB2-036157,12442.0,12454.5,NQM3
EP-03952,EP-03952-ENTRY_ON_NEW_FVG,ENTRY_ON_NEW_FVG,1,2023-03-14 09:59:00-04:00,2023-03-14 10:22:00-04:00,TARGET,12267.5,12232.953211505548,16.12183463074386,24.182751946115786,12291.682751946115,11.285284241520447,0.6999999999999842,rb,5,1,RB2-049111,12236.25,12246.0,NQM3
EP-05137,EP-05137-ENTRY_ON_FIRST_CLOSE_OUTSIDE,ENTRY_ON_FIRST_CLOSE_OUTSIDE,-1,2023-03-15 09:42:00-04:00,2023-03-15 09:57:00-04:00,TARGET,12231.25,12277.198536167374,21.442650211441286,32.16397531716193,12199.086024682838,15.0098551480089,0.7,rb,1,1,RB2-002408,12234.0,12250.5,NQM3
EP-07560,EP-07560-ENTRY_ON_DELAYED_DISPLACEMENT,ENTRY_ON_DELAYED_DISPLACEMENT,-1,2023-03-17 09:42:00-04:00,2023-03-17 09:42:00-04:00,TARGET,12734.0,12760.306386340812,12.276313625711756,18.414470438567633,12715.585529561433,8.59341953799803,0.6999999999999837,rb,3,1,RB2-037259,12749.5,12751.5,NQM3
EP-07561,EP-07561-ENTRY_ON_DELAYED_DISPLACEMENT,ENTRY_ON_DELAYED_DISPLACEMENT,-1,2023-03-17 09:42:00-04:00,2023-03-17 09:42:00-04:00,TARGET,12734.0,12760.306386340812,12.276313625711756,18.414470438567633,12715.585529561433,8.59341953799803,0.6999999999999837,rb,1,1,RB2-003419,12754.25,12755.75,NQM3
EP-07562,EP-07562-ENTRY_ON_TAP,ENTRY_ON_TAP,-1,2023-03-17 09:42:00-04:00,2023-03-17 09:42:00-04:00,TARGET,12734.0,12760.306386340812,12.276313625711756,18.414470438567633,12715.585529561433,8.59341953799803,0.6999999999999837,rb,3,3,RB2-037243,12763.25,12767.75,NQM3
EP-07563,EP-07563-ENTRY_ON_TAP,ENTRY_ON_TAP,-1,2023-03-17 09:42:00-04:00,2023-03-17 09:42:00-04:00,TARGET,12734.0,12760.306386340812,12.276313625711756,18.414470438567633,12715.585529561433,8.59341953799803,0.6999999999999837,rb,3,3,RB2-037259,12749.5,12751.5,NQM3
EP-07564,EP-07564-ENTRY_ON_FIRST_CLOSE_OUTSIDE,ENTRY_ON_FIRST_CLOSE_OUTSIDE,-1,2023-03-17 09:42:00-04:00,2023-03-17 09:42:00-04:00,TARGET,12734.0,12760.306386340812,12.276313625711756,18.414470438567633,12715.585529561433,8.59341953799803,0.6999999999999837,rb,5,1,RB2-049426,12763.25,12767.75,NQM3
EP-07564,EP-07564-ENTRY_ON_IMMEDIATE_DISPLACEMENT,ENTRY_ON_IMMEDIATE_DISPLACEMENT,-1,2023-03-17 09:42:00-04:00,2023-03-17 09:42:00-04:00,TARGET,12734.0,12760.306386340812,12.276313625711756,18.414470438567633,12715.585529561433,8.59341953799803,0.6999999999999837,rb,5,1,RB2-049426,12763.25,12767.75,NQM3
EP-08852,EP-08852-ENTRY_ON_TAP,ENTRY_ON_TAP,-1,2023-03-20 09:42:00-04:00,2023-03-20 09:43:00-04:00,TARGET,12607.0,12637.306371635332,14.142973429821325,21.214460144731987,12585.785539855267,9.900081400874818,0.6999999999999923,rb,3,3,RB2-037501,12609.25,12626.5,NQM3
EP-08868,EP-08868-ENTRY_ON_FIRST_CLOSE_OUTSIDE,ENTRY_ON_FIRST_CLOSE_OUTSIDE,-1,2023-03-20 09:55:00-04:00,2023-03-20 10:01:00-04:00,STOP,12561.75,12599.729863960292,17.72393651480286,26.585904772204287,12599.729863960292,-17.72393651480286,-1.0,rb,1,1,RB2-004155,12586.25,12593.25,NQM3
EP-11224,EP-11224-ENTRY_ON_NEW_FVG,ENTRY_ON_NEW_FVG,-1,2023-03-22 11:14:00-04:00,2023-03-22 11:16:00-04:00,STOP,12892.5,12908.455759256223,7.446020986237113,11.16903147935567,12908.455759256223,-7.446020986237113,-1.0,rb,5,1,RB2-049824,12908.75,12918.25,NQM3
EP-13782,EP-13782-ENTRY_ON_TAP,ENTRY_ON_TAP,-1,2023-03-24 09:46:00-04:00,2023-03-24 09:46:00-04:00,TARGET,12772.0,12805.967511057566,15.851505160197878,23.777257740296818,12748.222742259702,11.096053612138705,0.7000000000000121,rb,3,1,RB2-038297,12788.5,12797.0,NQM3
EP-17363,EP-17363-ENTRY_ON_TAP,ENTRY_ON_TAP,-1,2023-03-29 09:35:00-04:00,2023-03-29 09:36:00-04:00,STOP,12905.0,12917.723871337155,5.937806624006124,8.906709936009186,12917.723871337155,-5.937806624006124,-1.0,rb,1,1,RB2-008092,12907.25,12914.0,NQM3
EP-18576,EP-18576-ENTRY_ON_TAP,ENTRY_ON_TAP,1,2023-03-30 09:54:00-04:00,2023-03-30 09:55:00-04:00,TARGET,13049.0,13030.524381276255,8.62195540441431,12.932933106621466,13061.932933106622,6.035368783089885,0.6999999999999846,rb,5,1,RB2-050568,13041.5,13047.0,NQM3
EP-21062,EP-21062-ENTRY_ON_TAP,ENTRY_ON_TAP,1,2023-04-03 10:02:00-04:00,2023-04-03 10:02:00-04:00,TARGET,13234.0,13213.68042638157,9.482467688600911,14.223701532901366,13248.223701532901,6.637727382020879,0.7000000000000254,rb,1,1,RB2-009793,13224.0,13228.25,NQM3
EP-22271,EP-22271-ENTRY_ON_TAP,ENTRY_ON_TAP,-1,2023-04-04 09:51:00-04:00,2023-04-04 09:58:00-04:00,STOP,13265.25,13284.40148609254,8.937360176518645,13.406040264777968,13284.40148609254,-8.937360176518645,-1.0,rb,1,1,RB2-010328,13267.25,13271.75,NQM3
EP-23475,EP-23475-ENTRY_ON_STRONG_REJECTION,ENTRY_ON_STRONG_REJECTION,-1,2023-04-05 09:32:00-04:00,2023-04-05 09:32:00-04:00,TARGET,13172.0,13184.144404168104,5.667388611782244,8.501082917673367,13163.498917082326,3.9671720282477367,0.7000000000000293,rb,1,1,RB2-010881,13185.0,13187.25,NQM3
EP-23476,EP-23476-ENTRY_ON_FIRST_CLOSE_OUTSIDE,ENTRY_ON_FIRST_CLOSE_OUTSIDE,-1,2023-04-05 09:32:00-04:00,2023-04-05 09:32:00-04:00,TARGET,13172.0,13184.144404168104,5.667388611782244,8.501082917673367,13163.498917082326,3.9671720282477367,0.7000000000000293,rb,1,1,RB2-010882,13179.5,13181.75,NQM3
EP-23476,EP-23476-ENTRY_ON_MINIMAL_WICK_REJECTION,ENTRY_ON_MINIMAL_WICK_REJECTION,-1,2023-04-05 09:32:00-04:00,2023-04-05 09:32:00-04:00,TARGET,13172.0,13184.144404168104,5.667388611782244,8.501082917673367,13163.498917082326,3.9671720282477367,0.7000000000000293,rb,1,1,RB2-010882,13179.5,13181.75,NQM3
EP-23476,EP-23476-ENTRY_ON_STRONG_REJECTION,ENTRY_ON_STRONG_REJECTION,-1,2023-04-05 09:32:00-04:00,2023-04-05 09:32:00-04:00,TARGET,13172.0,13184.144404168104,5.667388611782244,8.501082917673367,13163.498917082326,3.9671720282477367,0.7000000000000293,rb,1,1,RB2-010882,13179.5,13181.75,NQM3
EP-23476,EP-23476-ENTRY_ON_DELAYED_DISPLACEMENT,ENTRY_ON_DELAYED_DISPLACEMENT,-1,2023-04-05 09:32:00-04:00,2023-04-05 09:32:00-04:00,TARGET,13172.0,13184.144404168104,5.667388611782244,8.501082917673367,13163.498917082326,3.9671720282477367,0.7000000000000293,rb,1,1,RB2-010882,13179.5,13181.75,NQM3
EP-24694,EP-24694-ENTRY_ON_FIRST_CLOSE_OUTSIDE,ENTRY_ON_FIRST_CLOSE_OUTSIDE,-1,2023-04-06 09:42:00-04:00,2023-04-06 09:48:00-04:00,TARGET,12972.25,12990.146380283166,8.351644132144246,12.52746619821637,12959.722533801783,5.8461508925010985,0.7000000000000152,rb,3,3,RB2-040070,12975.5,12981.25,NQM3
EP-24703,EP-24703-ENTRY_ON_FIRST_CLOSE_OUTSIDE,ENTRY_ON_FIRST_CLOSE_OUTSIDE,1,2023-04-06 09:51:00-04:00,2023-04-06 09:58:00-04:00,TARGET,12972.25,12952.13303692946,9.38791609958558,14.081874149378368,12986.331874149379,6.571541269709814,0.6999999999999903,rb,5,1,RB2-051160,12961.0,12964.75,NQM3
EP-26672,EP-26672-ENTRY_ON_FIRST_CLOSE_OUTSIDE,ENTRY_ON_FIRST_CLOSE_OUTSIDE,-1,2023-04-10 09:35:00-04:00,2023-04-10 09:35:00-04:00,TARGET,13027.0,13040.802452632686,6.4411445619199625,9.661716842879944,13017.33828315712,4.508801193343771,0.6999999999999685,rb,5,5,RB2-051352,13056.25,13058.5,NQM3
EP-26672,EP-26672-ENTRY_ON_IMMEDIATE_DISPLACEMENT,ENTRY_ON_IMMEDIATE_DISPLACEMENT,-1,2023-04-10 09:35:00-04:00,2023-04-10 09:35:00-04:00,TARGET,13027.0,13040.802452632686,6.4411445619199625,9.661716842879944,13017.33828315712,4.508801193343771,0.6999999999999685,rb,5,5,RB2-051352,13056.25,13058.5,NQM3
EP-26684,EP-26684-ENTRY_ON_TAP,ENTRY_ON_TAP,-1,2023-04-10 09:42:00-04:00,2023-04-10 09:46:00-04:00,TARGET,13002.25,13019.724583280842,8.15480553105933,12.232208296588993,12990.01779170341,5.708363871741299,0.6999999999999716,rb,3,3,RB2-040390,13008.0,13013.25,NQM3
EP-26689,EP-26689-ENTRY_ON_FIRST_CLOSE_OUTSIDE,ENTRY_ON_FIRST_CLOSE_OUTSIDE,-1,2023-04-10 09:46:00-04:00,2023-04-10 09:46:00-04:00,TARGET,13001.0,13019.251960776142,8.517581695533051,12.776372543299576,12988.2236274567,5.9623071868730975,0.6999999999999955,rb,1,1,RB2-012343,13006.0,13009.75,NQM3
EP-26689,EP-26689-ENTRY_ON_MINIMAL_WICK_REJECTION,ENTRY_ON_MINIMAL_WICK_REJECTION,-1,2023-04-10 09:46:00-04:00,2023-04-10 09:46:00-04:00,TARGET,13001.0,13019.251960776142,8.517581695533051,12.776372543299576,12988.2236274567,5.9623071868730975,0.6999999999999955,rb,1,1,RB2-012343,13006.0,13009.75,NQM3
EP-26689,EP-26689-ENTRY_ON_IMMEDIATE_DISPLACEMENT,ENTRY_ON_IMMEDIATE_DISPLACEMENT,-1,2023-04-10 09:46:00-04:00,2023-04-10 09:46:00-04:00,TARGET,13001.0,13019.251960776142,8.517581695533051,12.776372543299576,12988.2236274567,5.9623071868730975,0.6999999999999955,rb,1,1,RB2-012343,13006.0,13009.75,NQM3
EP-26697,EP-26697-ENTRY_ON_STRONG_REJECTION,ENTRY_ON_STRONG_REJECTION,1,2023-04-10 10:05:00-04:00,2023-04-10 10:14:00-04:00,TARGET,12991.75,12970.171506558243,10.06996360615329,15.104945409229936,13006.85494540923,7.048974524307314,0.7000000000000011,rb,5,5,RB2-051356,12976.0,12983.25,NQM3
EP-28009,EP-28009-ENTRY_ON_FIRST_CLOSE_OUTSIDE,ENTRY_ON_FIRST_CLOSE_OUTSIDE,1,2023-04-11 09:57:00-04:00,2023-04-11 10:12:00-04:00,STOP,13113.5,13093.285252392325,9.433548883581725,14.150323325372588,13093.285252392325,-9.433548883581725,-1.0,rb,3,3,RB2-040583,13099.75,13110.25,NQM3
EP-29231,EP-29231-ENTRY_ON_STRONG_REJECTION,ENTRY_ON_STRONG_REJECTION,-1,2023-04-12 09:35:00-04:00,2023-04-12 09:39:00-04:00,TARGET,13149.75,13176.40539728883,12.439185401453928,18.658778102180893,13131.09122189782,8.707429781017536,0.6999999999999829,rb,5,5,RB2-051588,13182.75,13196.75,NQM3
EP-29323,EP-29323-ENTRY_ON_TAP,ENTRY_ON_TAP,1,2023-04-12 10:31:00-04:00,2023-04-12 10:34:00-04:00,STOP,13109.5,13080.986242785322,13.306420033516583,19.959630050274875,13080.986242785322,-13.306420033516583,-1.0,rb,5,1,RB2-051600,13089.5,13111.75,NQM3
EP-31699,EP-31699-ENTRY_ON_TAP,ENTRY_ON_TAP,-1,2023-04-14 09:32:00-04:00,2023-04-14 09:32:00-04:00,TARGET,13149.75,13165.609817389935,7.401248115303038,11.101872172954558,13138.648127827046,5.1808736807120175,0.6999999999999853,rb,1,1,RB2-014560,13153.75,13157.25,NQM3
EP-32929,EP-32929-ENTRY_ON_TAP,ENTRY_ON_TAP,-1,2023-04-17 09:42:00-04:00,2023-04-17 09:42:00-04:00,TARGET,13190.5,13211.055351997304,9.592497598741899,14.388746398112847,13176.111253601886,6.714748319119462,0.7000000000000138,rb,1,1,RB2-015117,13195.0,13200.75,NQM3
EP-32949,EP-32949-ENTRY_ON_TAP,ENTRY_ON_TAP,-1,2023-04-17 10:04:00-04:00,2023-04-17 10:06:00-04:00,TARGET,13158.25,13185.304878266534,12.625609857716002,18.938414786574004,13139.311585213425,8.837926900401392,0.7000000000000152,rb,3,1,RB2-041375,13172.75,13188.0,NQM3
EP-34075,EP-34075-ENTRY_ON_TAP,ENTRY_ON_TAP,1,2023-04-18 09:40:00-04:00,2023-04-18 09:41:00-04:00,TARGET,13267.25,13252.270812604613,6.990287451180336,10.485431176770504,13277.73543117677,4.893201215825962,0.6999999999999609,rb,1,1,RB2-015629,13259.5,13264.0,NQM3
EP-35334,EP-35334-ENTRY_ON_TAP,ENTRY_ON_TAP,-1,2023-04-19 10:07:00-04:00,2023-04-19 10:23:00-04:00,TARGET,13116.5,13138.867353542311,10.438098319745345,15.657147479618018,13100.842852520382,7.306668823821785,0.7000000000000042,rb,3,1,RB2-041769,13115.0,13126.75,NQM3
EP-37792,EP-37792-ENTRY_ON_TAP,ENTRY_ON_TAP,-1,2023-04-21 09:41:00-04:00,2023-04-21 09:46:00-04:00,TARGET,13062.75,13081.52451668291,8.761441118690982,13.142161678036473,13049.607838321963,6.133008783083453,0.6999999999999733,rb,5,1,RB2-052449,13051.0,13063.5,NQM3
EP-40236,EP-40236-ENTRY_ON_TAP,ENTRY_ON_TAP,1,2023-04-25 09:54:00-04:00,2023-04-25 10:00:00-04:00,TARGET,12979.75,12957.715991131436,10.282537471996315,15.423806207994474,12995.173806207995,7.197776230397157,0.6999999999999743,rb,1,1,RB2-018455,12972.75,12979.25,NQM3
EP-41533,EP-41533-ENTRY_ON_TAP,ENTRY_ON_TAP,1,2023-04-26 10:14:00-04:00,2023-04-26 10:18:00-04:00,STOP,12943.0,12914.779485692852,13.169573343335754,19.75436001500363,12914.779485692852,-13.169573343335754,-1.0,rb,3,1,RB2-042763,12942.25,12946.5,NQM3
EP-44060,EP-44060-ENTRY_ON_TAP,ENTRY_ON_TAP,-1,2023-04-28 11:33:00-04:00,2023-04-28 11:37:00-04:00,TARGET,13236.75,13258.044940781954,9.937639031578696,14.906458547368043,13221.843541452632,6.956347322105132,0.7000000000000045,rb,1,1,RB2-020238,13237.0,13239.0,NQM3
EP-45068,EP-45068-ENTRY_ON_TAP,ENTRY_ON_TAP,-1,2023-05-01 09:39:00-04:00,2023-05-01 09:50:00-04:00,STOP,13303.75,13318.403036305965,6.838083609450241,10.257125414175361,13318.403036305965,-6.838083609450241,-1.0,rb,3,3,RB2-043332,13299.25,13307.25,NQM3
EP-45088,EP-45088-ENTRY_ON_TAP,ENTRY_ON_TAP,1,2023-05-01 10:01:00-04:00,2023-05-01 10:16:00-04:00,TARGET,13297.25,13278.639896250525,8.684715083088479,13.02707262463272,13310.277072624633,6.079300558161888,0.6999999999999946,rb,5,1,RB2-053157,13293.75,13300.0,NQM3
EP-45109,EP-45109-ENTRY_ON_TAP,ENTRY_ON_TAP,-1,2023-05-01 10:17:00-04:00,2023-05-01 10:20:00-04:00,TARGET,13312.25,13333.592559493407,9.959861096923667,14.939791645385501,13297.310208354615,6.9719027678468635,0.7000000000000297,rb,3,1,RB2-043336,13311.25,13315.5,NQM3
EP-49938,EP-49938-ENTRY_ON_FIRST_CLOSE_OUTSIDE,ENTRY_ON_FIRST_CLOSE_OUTSIDE,-1,2023-05-05 09:36:00-04:00,2023-05-05 09:43:00-04:00,STOP,13152.0,13167.976473678347,7.455687716562134,11.183531574843201,13167.976473678347,-7.455687716562134,-1.0,rb,1,1,RB2-022987,13152.25,13159.5,NQM3
EP-51174,EP-51174-ENTRY_ON_TAP,ENTRY_ON_TAP,-1,2023-05-08 09:49:00-04:00,2023-05-08 09:50:00-04:00,TARGET,13279.5,13294.749141031803,7.116265814841671,10.674398722262506,13268.825601277738,4.981386070389212,0.7000000000000061,rb,3,1,RB2-044328,13276.25,13284.75,NQM3
EP-51199,EP-51199-ENTRY_ON_TAP,ENTRY_ON_TAP,-1,2023-05-08 10:11:00-04:00,2023-05-08 10:11:00-04:00,TARGET,13281.75,13298.815796376535,7.964038309050022,11.946057463575034,13269.803942536424,5.574826816335194,0.7000000000000224,rb,5,1,RB2-053761,13280.25,13285.75,NQM3
EP-51208,EP-51208-ENTRY_ON_TAP,ENTRY_ON_TAP,1,2023-05-08 10:27:00-04:00,2023-05-08 10:34:00-04:00,STOP,13275.5,13259.223788303283,7.595565458467495,11.393348187701243,13259.223788303283,-7.595565458467495,-1.0,rb,5,1,RB2-053762,13263.0,13273.5,NQM3
EP-52325,EP-52325-ENTRY_ON_TAP,ENTRY_ON_TAP,1,2023-05-09 09:37:00-04:00,2023-05-09 09:38:00-04:00,STOP,13286.75,13276.028118967259,5.003544481946335,7.505316722919503,13276.028118967259,-5.003544481946335,-1.0,rb,3,1,RB2-044520,13276.5,13282.5,NQM3
EP-54744,EP-54744-ENTRY_ON_DELAYED_DISPLACEMENT,ENTRY_ON_DELAYED_DISPLACEMENT,1,2023-05-11 09:45:00-04:00,2023-05-11 09:48:00-04:00,STOP,13406.0,13387.70344563244,8.538392038194612,12.807588057291918,13387.70344563244,-8.538392038194612,-1.0,rb,3,3,RB2-044897,13377.75,13384.5,NQM3
EP-54786,EP-54786-ENTRY_ON_FIRST_CLOSE_OUTSIDE,ENTRY_ON_FIRST_CLOSE_OUTSIDE,-1,2023-05-11 10:30:00-04:00,2023-05-11 10:32:00-04:00,TARGET,13403.75,13425.630785357027,10.211033166612662,15.316549749918993,13388.43345025008,7.147723216628913,0.7000000000000048,rb,1,1,RB2-025152,13405.75,13413.25,NQM3
EP-55918,EP-55918-ENTRY_ON_TAP,ENTRY_ON_TAP,-1,2023-05-12 09:35:00-04:00,2023-05-12 09:36:00-04:00,TARGET,13480.25,13490.168481233652,4.628624575703691,6.942936863555537,13473.307063136444,3.2400372029923057,0.6999999999999399,rb,5,5,RB2-054211,13483.5,13485.5,NQM3
EP-55926,EP-55926-ENTRY_ON_FIRST_CLOSE_OUTSIDE,ENTRY_ON_FIRST_CLOSE_OUTSIDE,-1,2023-05-12 09:43:00-04:00,2023-05-12 09:46:00-04:00,TARGET,13473.75,13486.336313157459,5.8736128068138065,8.81041921022071,13464.93958078978,4.111528964769458,0.6999999999999648,rb,1,1,RB2-025653,13474.0,13478.0,NQM3
EP-59484,EP-59484-ENTRY_ON_TAP,ENTRY_ON_TAP,-1,2023-05-17 09:34:00-04:00,2023-05-17 09:34:00-04:00,TARGET,13530.75,13541.596330068447,5.061620698609038,7.592431047913557,13523.157568952087,3.543134489026613,0.7000000000000567,rb,3,1,RB2-045659,13529.75,13540.0,NQM3
EP-61894,EP-61894-ENTRY_ON_TAP,ENTRY_ON_TAP,1,2023-05-19 10:33:00-04:00,2023-05-19 10:36:00-04:00,STOP,13903.5,13884.85965620694,8.698827103427755,13.048240655141633,13884.85965620694,-8.698827103427755,-1.0,rb,3,3,RB2-046053,13895.25,13899.0,NQM3
EP-63056,EP-63056-ENTRY_ON_TAP,ENTRY_ON_TAP,-1,2023-05-22 10:13:00-04:00,2023-05-22 10:45:00-04:00,TARGET,13903.0,13928.36501929413,11.837009003926955,17.755513505890434,13885.24448649411,8.28590630274876,0.6999999999999909,rb,3,1,RB2-046257,13899.5,13910.5,NQM3
EP-63076,EP-63076-ENTRY_ON_FIRST_CLOSE_OUTSIDE,ENTRY_ON_FIRST_CLOSE_OUTSIDE,-1,2023-05-22 10:45:00-04:00,2023-05-22 10:53:00-04:00,TARGET,13896.0,13916.706670550353,9.663112923498197,14.494669385247295,13881.505330614753,6.764179046448826,0.7000000000000091,rb,5,5,RB2-054954,13909.0,13916.0,NQM3
EP-63110,EP-63110-ENTRY_ON_DELAYED_DISPLACEMENT,ENTRY_ON_DELAYED_DISPLACEMENT,-1,2023-05-22 11:39:00-04:00,2023-05-22 11:45:00-04:00,TARGET,13897.5,13912.565423649803,7.030531036575072,10.545796554862608,13886.954203445137,4.9213717256027705,0.7000000000000314,rb,3,3,RB2-046267,13912.75,13916.25,NQM3
EP-63130,EP-63130-ENTRY_ON_TAP,ENTRY_ON_TAP,-1,2023-05-22 11:45:00-04:00,2023-05-22 12:10:00-04:00,STOP,13891.0,13905.24944508872,6.649741041403156,9.974611562104734,13905.24944508872,-6.649741041403156,-1.0,rb,1,1,RB2-029035,13894.25,13896.25,NQM3
EP-70125,EP-70125-ENTRY_ON_STRONG_REJECTION,ENTRY_ON_STRONG_REJECTION,-1,2023-05-30 09:35:00-04:00,2023-05-30 09:35:00-04:00,TARGET,14513.75,14532.219884664493,8.619279510096655,12.928919265144984,14500.821080734855,6.033495657067509,0.6999999999999826,rb,1,1,RB2-032305,14516.25,14522.5,NQM3
EP-70126,EP-70126-ENTRY_ON_STRONG_REJECTION,ENTRY_ON_STRONG_REJECTION,-1,2023-05-30 09:35:00-04:00,2023-05-30 09:35:00-04:00,TARGET,14513.75,14532.219884664493,8.619279510096655,12.928919265144984,14500.821080734855,6.033495657067509,0.6999999999999826,rb,5,1,RB2-055673,14518.0,14522.5,NQM3
EP-70131,EP-70131-ENTRY_ON_TAP,ENTRY_ON_TAP,-1,2023-05-30 09:35:00-04:00,2023-05-30 09:35:00-04:00,TARGET,14513.75,14532.219884664493,8.619279510096655,12.928919265144984,14500.821080734855,6.033495657067509,0.6999999999999826,rb,5,5,RB2-055673,14518.0,14522.5,NQM3
EP-70137,EP-70137-ENTRY_ON_DELAYED_DISPLACEMENT,ENTRY_ON_DELAYED_DISPLACEMENT,1,2023-05-30 09:37:00-04:00,2023-05-30 09:37:00-04:00,TARGET,14506.0,14485.086313761753,9.75972024451585,14.639580366773776,14520.639580366775,6.831804171161353,0.7000000000000264,rb,5,1,RB2-055649,14477.0,14482.0,NQM3
EP-70150,EP-70150-ENTRY_ON_MINIMAL_WICK_REJECTION,ENTRY_ON_MINIMAL_WICK_REJECTION,-1,2023-05-30 09:50:00-04:00,2023-05-30 09:51:00-04:00,TARGET,14511.25,14539.156535137854,13.023049730998792,19.53457459649819,14491.715425403501,9.116134811699334,0.7000000000000137,rb,1,1,RB2-032312,14523.25,14530.25,NQM3
EP-72729,EP-72729-ENTRY_ON_DELAYED_DISPLACEMENT,ENTRY_ON_DELAYED_DISPLACEMENT,-1,2023-06-01 10:24:00-04:00,2023-06-01 10:30:00-04:00,STOP,14278.75,14307.121285310312,13.239933144811905,19.859899717217857,14307.121285310312,-13.239933144811905,-1.0,rb,1,1,RB2-033498,14309.5,14312.25,NQM3
EP-73889,EP-73889-ENTRY_ON_TAP,ENTRY_ON_TAP,-1,2023-06-02 10:11:00-04:00,2023-06-02 10:25:00-04:00,TARGET,14513.5,14548.502598752004,16.334546084268908,24.501819126403362,14488.998180873597,11.434182258988528,0.7000000000000179,rb,5,1,RB2-056042,14498.75,14519.0,NQM3
EP-75112,EP-75112-ENTRY_ON_TAP,ENTRY_ON_TAP,-1,2023-06-05 10:09:00-04:00,2023-06-05 10:14:00-04:00,TARGET,14626.75,14654.200107730081,12.810050274038067,19.2150754110571,14607.534924588943,8.96703519182681,0.7000000000000127,rb,1,1,RB2-034637,14628.25,14635.0,NQM3
EP-75138,EP-75138-ENTRY_ON_FIRST_CLOSE_OUTSIDE,ENTRY_ON_FIRST_CLOSE_OUTSIDE,1,2023-06-05 10:42:00-04:00,2023-06-05 10:45:00-04:00,TARGET,14617.75,14589.341659231764,13.257225691843042,19.885838537764563,14637.635838537764,9.280057984289972,0.6999999999999881,rb,1,1,RB2-034652,14607.25,14610.5,NQM3
EP-76313,EP-76313-ENTRY_ON_TAP,ENTRY_ON_TAP,1,2023-06-06 09:44:00-04:00,2023-06-06 09:45:00-04:00,TARGET,14521.5,14503.127894524972,8.573649221679446,12.860473832519169,14534.36047383252,6.001554455175529,0.6999999999999903,rb,3,1,RB2-048402,14514.0,14521.0,NQM3
EP-77532,EP-77532-ENTRY_ON_TAP,ENTRY_ON_TAP,-1,2023-06-07 09:40:00-04:00,2023-06-07 09:43:00-04:00,STOP,14648.0,14665.733976326705,8.275855619128407,12.41378342869261,14665.733976326705,-8.275855619128407,-1.0,rb,1,1,RB2-035751,14661.0,14663.75,NQM3
EP-77532,EP-77532-ENTRY_ON_FIRST_CLOSE_OUTSIDE,ENTRY_ON_FIRST_CLOSE_OUTSIDE,-1,2023-06-07 09:43:00-04:00,2023-06-07 09:53:00-04:00,TARGET,14659.5,14678.193085831774,8.723440054827499,13.085160082241249,14646.41483991776,6.106408038379085,0.6999999999999812,rb,1,1,RB2-035751,14661.0,14663.75,NQM3
EP-77534,EP-77534-ENTRY_ON_STRONG_REJECTION,ENTRY_ON_STRONG_REJECTION,-1,2023-06-07 09:54:00-04:00,2023-06-07 09:54:00-04:00,TARGET,14642.75,14663.788864267657,9.818136658239688,14.727204987359531,14628.022795012641,6.872695660767571,0.6999999999999785,rb,3,3,RB2-048582,14665.5,14670.0,NQM3
EP-77543,EP-77543-ENTRY_ON_DELAYED_DISPLACEMENT,ENTRY_ON_DELAYED_DISPLACEMENT,-1,2023-06-07 09:54:00-04:00,2023-06-07 09:54:00-04:00,TARGET,14642.75,14663.788864267657,9.818136658239688,14.727204987359531,14628.022795012641,6.872695660767571,0.6999999999999785,rb,3,1,RB2-048584,14662.0,14667.0,NQM3
EP-77544,EP-77544-ENTRY_ON_TAP,ENTRY_ON_TAP,-1,2023-06-07 09:54:00-04:00,2023-06-07 09:54:00-04:00,TARGET,14642.75,14663.788864267657,9.818136658239688,14.727204987359531,14628.022795012641,6.872695660767571,0.6999999999999785,rb,3,3,RB2-048584,14662.0,14667.0,NQM3
EP-01541,EP-01541-ENTRY_ON_TAP,ENTRY_ON_TAP,-1,2023-06-09 09:34:00-04:00,2023-06-09 09:35:00-04:00,STOP,14758.25,14773.470259949141,7.102787976265456,10.654181964398184,14773.470259949141,-7.102787976265456,-1.0,rb,3,1,RB2-036492,14761.5,14768.5,NQU3
EP-01645,EP-01645-ENTRY_ON_TAP,ENTRY_ON_TAP,-1,2023-06-09 11:07:00-04:00,2023-06-09 11:14:00-04:00,STOP,14795.75,14820.025745582538,11.328681271851016,16.993021907776523,14820.025745582538,-11.328681271851016,-1.0,rb,5,1,RB2-049139,14786.75,14798.25,NQU3
EP-02787,EP-02787-ENTRY_ON_STRONG_REJECTION,ENTRY_ON_STRONG_REJECTION,-1,2023-06-12 09:35:00-04:00,2023-06-12 09:36:00-04:00,TARGET,14800.25,14814.990926191775,6.879098889494437,10.318648334241656,14789.931351665758,4.815369222645832,0.6999999999999602,rb,3,1,RB2-036688,14804.5,14806.0,NQU3
EP-02810,EP-02810-ENTRY_ON_TAP,ENTRY_ON_TAP,1,2023-06-12 09:50:00-04:00,2023-06-12 10:05:00-04:00,STOP,14799.0,14776.61128454962,10.448067210177134,15.6721008152657,14776.61128454962,-10.448067210177134,-1.0,rb,5,5,RB2-049245,14786.25,14801.75,NQU3
EP-05215,EP-05215-ENTRY_ON_FIRST_CLOSE_OUTSIDE,ENTRY_ON_FIRST_CLOSE_OUTSIDE,1,2023-06-14 09:34:00-04:00,2023-06-14 09:36:00-04:00,STOP,15079.25,15064.737877242862,6.77232395333122,10.15848592999683,15064.737877242862,-6.77232395333122,-1.0,rb,1,1,RB2-002333,15070.75,15075.25,NQU3
EP-07936,EP-07936-ENTRY_ON_TAP,ENTRY_ON_TAP,1,2023-06-16 10:41:00-04:00,2023-06-16 10:46:00-04:00,STOP,15390.0,15357.810055796937,15.02197396142897,22.532960942143454,15357.810055796937,-15.02197396142897,-1.0,rb,1,1,RB2-003543,15384.75,15387.5,NQU3
EP-07963,EP-07963-ENTRY_ON_FIRST_CLOSE_OUTSIDE,ENTRY_ON_FIRST_CLOSE_OUTSIDE,1,2023-06-16 11:08:00-04:00,2023-06-16 11:11:00-04:00,TARGET,15385.25,15356.46758886641,13.43179186234193,20.147687793512894,15405.397687793513,9.402254303639184,0.6999999999999876,rb,1,1,RB2-003563,15367.25,15371.5,NQU3
EP-10093,EP-10093-ENTRY_ON_TAP,ENTRY_ON_TAP,-1,2023-06-20 09:36:00-04:00,2023-06-20 09:37:00-04:00,STOP,15265.0,15284.42137278009,9.063307297375676,13.594960946063514,15284.42137278009,-9.063307297375676,-1.0,rb,1,1,RB2-004541,15269.25,15273.75,NQU3
EP-12663,EP-12663-ENTRY_ON_DELAYED_DISPLACEMENT,ENTRY_ON_DELAYED_DISPLACEMENT,-1,2023-06-22 10:40:00-04:00,2023-06-22 10:41:00-04:00,TARGET,15107.5,15135.740151915541,13.178737560585494,19.76810634087824,15087.731893659122,9.225116292409634,0.699999999999984,rb,5,5,RB2-050206,15133.75,15149.0,NQU3
EP-13915,EP-13915-ENTRY_ON_TAP,ENTRY_ON_TAP,-1,2023-06-23 09:53:00-04:00,2023-06-23 10:09:00-04:00,STOP,15013.5,15046.032440836909,15.181805723890767,22.77270858583615,15046.032440836909,-15.181805723890767,-1.0,rb,3,1,RB2-038431,15010.25,15017.5,NQU3
EP-16373,EP-16373-ENTRY_ON_TAP,ENTRY_ON_TAP,-1,2023-06-27 09:40:00-04:00,2023-06-27 09:40:00-04:00,TARGET,14935.0,14958.338894749848,10.891484216596071,16.337226324894107,14918.662773675105,7.62403895161752,0.7000000000000248,rb,1,1,RB2-007456,14950.0,14957.0,NQU3
EP-16375,EP-16375-ENTRY_ON_TAP,ENTRY_ON_TAP,-1,2023-06-27 09:42:00-04:00,2023-06-27 09:48:00-04:00,TARGET,14939.0,14965.029929875667,12.147300608644656,18.220950912966984,14920.779049087034,8.503110426051226,0.6999999999999973,rb,1,1,RB2-007457,14935.0,14942.75,NQU3
EP-17587,EP-17587-ENTRY_ON_FIRST_CLOSE_OUTSIDE,ENTRY_ON_FIRST_CLOSE_OUTSIDE,-1,2023-06-28 09:45:00-04:00,2023-06-28 09:46:00-04:00,TARGET,15064.25,15087.349969298777,10.779985672762392,16.169978509143586,15048.080021490856,7.545989970933505,0.6999999999999843,rb,5,5,RB2-050693,15079.0,15081.75,NQU3
EP-17603,EP-17603-ENTRY_ON_FIRST_CLOSE_OUTSIDE,ENTRY_ON_FIRST_CLOSE_OUTSIDE,-1,2023-06-28 09:54:00-04:00,2023-06-28 09:57:00-04:00,STOP,15064.25,15091.748997629727,12.832865560539165,19.24929834080875,15091.748997629727,-12.832865560539165,-1.0,rb,3,1,RB2-039012,15065.25,15081.5,NQU3
EP-17607,EP-17607-ENTRY_ON_TAP,ENTRY_ON_TAP,-1,2023-06-28 09:57:00-04:00,2023-06-28 10:05:00-04:00,TARGET,15079.75,15108.06724722146,13.21471537001447,19.822073055021704,15059.927926944978,9.250300759010258,0.7000000000000097,rb,5,1,RB2-050709,15074.5,15083.5,NQU3
EP-17619,EP-17619-ENTRY_ON_TAP,ENTRY_ON_TAP,1,2023-06-28 10:06:00-04:00,2023-06-28 10:16:00-04:00,TARGET,15057.5,15027.414731615321,14.0397919128501,21.05968786927515,15078.559687869276,9.82785433899507,0.7000000000000001,rb,3,3,RB2-039013,15055.25,15064.25,NQU3
EP-17628,EP-17628-ENTRY_ON_TAP,ENTRY_ON_TAP,1,2023-06-28 10:16:00-04:00,2023-06-28 10:18:00-04:00,TARGET,15070.75,15039.053979902395,14.791476045549116,22.187214068323673,15092.937214068324,10.354033231884605,0.7000000000000152,rb,5,1,RB2-050712,15042.75,15064.0,NQU3
EP-21183,EP-21183-ENTRY_ON_FIRST_CLOSE_OUTSIDE,ENTRY_ON_FIRST_CLOSE_OUTSIDE,-1,2023-07-03 10:08:00-04:00,2023-07-03 10:21:00-04:00,TARGET,15363.25,15384.534397271955,9.932718726911945,14.899078090367919,15348.350921909632,6.9529031088381785,0.6999999999999815,rb,5,1,RB2-051069,15373.5,15387.25,NQU3
EP-22066,EP-22066-ENTRY_ON_NEW_FVG,ENTRY_ON_NEW_FVG,1,2023-07-04 09:30:00-04:00,2023-07-04 09:30:00-04:00,TARGET,15363.75,15360.21419820971,1.650040835469096,2.475061253203644,15366.225061253204,1.1550285848283863,0.7000000000000116,rb,5,5,RB2-051163,15354.5,15357.0,NQU3
EP-22092,EP-22092-ENTRY_ON_FIRST_CLOSE_OUTSIDE,ENTRY_ON_FIRST_CLOSE_OUTSIDE,1,2023-07-04 09:42:00-04:00,2023-07-04 09:47:00-04:00,STOP,15366.25,15362.512402883503,1.744211987698032,2.616317981547048,15362.512402883503,-1.744211987698032,-1.0,rb,3,3,RB2-039755,15364.0,15365.5,NQU3
EP-22107,EP-22107-ENTRY_ON_NEW_IFVG,ENTRY_ON_NEW_IFVG,1,2023-07-04 10:03:00-04:00,2023-07-04 10:07:00-04:00,STOP,15365.75,15362.34738909029,1.5878850911983402,2.38182763679751,15362.34738909029,-1.5878850911983402,-1.0,rb,3,3,RB2-039756,15361.0,15361.5,NQU3
EP-28197,EP-28197-ENTRY_ON_FIRST_CLOSE_OUTSIDE,ENTRY_ON_FIRST_CLOSE_OUTSIDE,1,2023-07-11 09:46:00-04:00,2023-07-11 09:49:00-04:00,STOP,15178.0,15154.341747163553,11.040517990342334,16.5607769855135,15154.341747163553,-11.040517990342334,-1.0,rb,1,1,RB2-012820,15151.5,15161.0,NQU3
EP-28199,EP-28199-ENTRY_ON_FIRST_CLOSE_OUTSIDE,ENTRY_ON_FIRST_CLOSE_OUTSIDE,1,2023-07-11 09:54:00-04:00,2023-07-11 09:56:00-04:00,STOP,15171.25,15145.124987474888,12.19167251171848,18.28750876757772,15145.124987474888,-12.19167251171848,-1.0,rb,3,3,RB2-040728,15150.25,15166.75,NQU3
EP-28231,EP-28231-ENTRY_ON_DELAYED_DISPLACEMENT,ENTRY_ON_DELAYED_DISPLACEMENT,1,2023-07-11 10:31:00-04:00,2023-07-11 10:40:00-04:00,TARGET,15179.5,15154.75343553798,11.548396748943244,17.322595123414864,15196.822595123414,8.083877724260473,0.7000000000000175,rb,1,1,RB2-012845,15159.75,15163.75,NQU3
EP-29455,EP-29455-ENTRY_ON_TAP,ENTRY_ON_TAP,-1,2023-07-12 11:09:00-04:00,2023-07-12 11:16:00-04:00,STOP,15449.5,15469.368686590824,9.272053742384763,13.908080613577145,15469.368686590824,-9.272053742384763,-1.0,rb,1,1,RB2-013391,15448.75,15453.25,NQU3
EP-30550,EP-30550-ENTRY_ON_TAP,ENTRY_ON_TAP,-1,2023-07-13 09:38:00-04:00,2023-07-13 09:54:00-04:00,STOP,15596.25,15615.994999063236,9.214332896176934,13.821499344265401,15615.994999063236,-9.214332896176934,-1.0,rb,1,1,RB2-013883,15605.25,15610.0,NQU3
EP-30584,EP-30584-ENTRY_ON_TAP,ENTRY_ON_TAP,1,2023-07-13 10:13:00-04:00,2023-07-13 10:29:00-04:00,STOP,15589.75,15566.721884945566,10.746453692069384,16.119680538104078,15566.721884945566,-10.746453692069384,-1.0,rb,5,1,RB2-052000,15577.0,15592.5,NQU3
EP-31712,EP-31712-ENTRY_ON_FIRST_CLOSE_OUTSIDE,ENTRY_ON_FIRST_CLOSE_OUTSIDE,-1,2023-07-14 09:44:00-04:00,2023-07-14 09:44:00-04:00,TARGET,15780.0,15799.750472220807,9.21688703637663,13.825330554564944,15766.174669445436,6.451820925463713,0.7000000000000078,rb,3,1,RB2-041293,15792.5,15803.75,NQU3
EP-31712,EP-31712-ENTRY_ON_IMMEDIATE_DISPLACEMENT,ENTRY_ON_IMMEDIATE_DISPLACEMENT,-1,2023-07-14 09:44:00-04:00,2023-07-14 09:44:00-04:00,TARGET,15780.0,15799.750472220807,9.21688703637663,13.825330554564944,15766.174669445436,6.451820925463713,0.7000000000000078,rb,3,1,RB2-041293,15792.5,15803.75,NQU3
EP-31772,EP-31772-ENTRY_ON_TAP,ENTRY_ON_TAP,-1,2023-07-14 10:46:00-04:00,2023-07-14 10:46:00-04:00,TARGET,15789.25,15817.057212740287,12.976699278800423,19.465048918200633,15769.7849510818,9.083689495160316,0.7000000000000015,rb,3,1,RB2-041303,15796.0,15800.0,NQU3
EP-32896,EP-32896-ENTRY_ON_FIRST_CLOSE_OUTSIDE,ENTRY_ON_FIRST_CLOSE_OUTSIDE,-1,2023-07-17 09:35:00-04:00,2023-07-17 09:36:00-04:00,STOP,15750.75,15765.644042516711,6.950553174465396,10.425829761698093,15765.644042516711,-6.950553174465396,-1.0,rb,1,1,RB2-014985,15756.5,15760.25,NQU3
EP-32901,EP-32901-ENTRY_ON_FIRST_CLOSE_OUTSIDE,ENTRY_ON_FIRST_CLOSE_OUTSIDE,-1,2023-07-17 09:40:00-04:00,2023-07-17 09:43:00-04:00,TARGET,15766.5,15784.59989660639,8.446618416315795,12.669927624473694,15753.830072375526,5.912632891421133,0.7000000000000091,rb,1,1,RB2-014987,15769.0,15776.0,NQU3
EP-32902,EP-32902-ENTRY_ON_FIRST_CLOSE_OUTSIDE,ENTRY_ON_FIRST_CLOSE_OUTSIDE,-1,2023-07-17 09:43:00-04:00,2023-07-17 09:43:00-04:00,TARGET,15766.25,15785.118699818842,8.80539324879299,13.208089873189486,15753.04191012681,6.163775274155039,0.6999999999999938,rb,3,1,RB2-041485,15775.5,15781.5,NQU3
EP-32954,EP-32954-ENTRY_ON_TAP,ENTRY_ON_TAP,1,2023-07-17 10:19:00-04:00,2023-07-17 10:36:00-04:00,TARGET,15749.25,15723.860072269328,11.848632940980478,17.772949411470716,15767.02294941147,8.294043058686533,0.7000000000000167,rb,3,1,RB2-041490,15745.0,15752.75,NQU3
EP-34072,EP-34072-ENTRY_ON_DELAYED_DISPLACEMENT,ENTRY_ON_DELAYED_DISPLACEMENT,1,2023-07-18 09:46:00-04:00,2023-07-18 09:51:00-04:00,STOP,15769.25,15747.379513472511,10.206227046161148,15.309340569241723,15747.379513472511,-10.206227046161148,-1.0,rb,5,1,RB2-052354,15753.75,15758.25,NQU3
EP-35250,EP-35250-ENTRY_ON_TAP,ENTRY_ON_TAP,-1,2023-07-19 09:54:00-04:00,2023-07-19 09:55:00-04:00,TARGET,16003.0,16025.17955698581,10.350459926711245,15.525689890066868,15987.474310109934,7.24532194869796,0.7000000000000085,rb,3,3,RB2-041864,16001.25,16010.0,NQU3
EP-37731,EP-37731-ENTRY_ON_TAP,ENTRY_ON_TAP,1,2023-07-21 09:33:00-04:00,2023-07-21 09:33:00-04:00,TARGET,15672.75,15657.631415044847,7.055339645737948,10.583009468606921,15683.333009468606,4.938737752016485,0.699999999999989,rb,3,3,RB2-042248,15671.25,15673.75,NQU3
EP-37789,EP-37789-ENTRY_ON_TAP,ENTRY_ON_TAP,-1,2023-07-21 10:16:00-04:00,2023-07-21 10:22:00-04:00,TARGET,15639.5,15673.013611704557,15.639685462126542,23.45952819318981,15616.04047180681,10.947779823488618,0.7000000000000025,rb,3,1,RB2-042264,15633.5,15645.0,NQU3
EP-38933,EP-38933-ENTRY_ON_TAP,ENTRY_ON_TAP,-1,2023-07-24 09:34:00-04:00,2023-07-24 09:36:00-04:00,STOP,15603.25,15618.06765411889,6.914905255481648,10.372357883222472,15618.06765411889,-6.914905255481648,-1.0,rb,3,1,RB2-042454,15596.5,15618.75,NQU3
EP-38979,EP-38979-ENTRY_ON_TAP,ENTRY_ON_TAP,-1,2023-07-24 10:19:00-04:00,2023-07-24 10:39:00-04:00,TARGET,15569.25,15600.723999717191,14.687866534688897,22.031799802033348,15547.218200197967,10.281506574282076,0.6999999999999896,rb,3,1,RB2-042459,15561.5,15572.0,NQU3
EP-40112,EP-40112-ENTRY_ON_FIRST_CLOSE_OUTSIDE,ENTRY_ON_FIRST_CLOSE_OUTSIDE,1,2023-07-25 09:41:00-04:00,2023-07-25 09:45:00-04:00,TARGET,15623.25,15605.375130970062,8.34160554730424,12.51240832095636,15635.762408320956,5.83912388311284,0.6999999999999845,rb,3,1,RB2-042653,15606.75,15617.0,NQU3
EP-40115,EP-40115-ENTRY_ON_FIRST_CLOSE_OUTSIDE,ENTRY_ON_FIRST_CLOSE_OUTSIDE,-1,2023-07-25 09:52:00-04:00,2023-07-25 09:56:00-04:00,STOP,15634.75,15654.23784645849,9.094328347296079,13.64149252094412,15654.23784645849,-9.094328347296079,-1.0,rb,3,1,RB2-042654,15641.0,15650.0,NQU3
EP-41328,EP-41328-ENTRY_ON_TAP,ENTRY_ON_TAP,1,2023-07-26 09:36:00-04:00,2023-07-26 09:41:00-04:00,TARGET,15584.75,15564.957476530868,9.23651095226185,13.854766428392775,15598.604766428392,6.465557666583472,0.7000000000000192,rb,1,1,RB2-018899,15569.5,15579.25,NQU3
EP-42554,EP-42554-ENTRY_ON_TAP,ENTRY_ON_TAP,-1,2023-07-27 10:19:00-04:00,2023-07-27 10:21:00-04:00,TARGET,15847.5,15872.15577901571,11.506030207330966,17.25904531099645,15830.240954689003,8.05422114513161,0.6999999999999943,rb,3,1,RB2-043061,15841.25,15848.75,NQU3
EP-43800,EP-43800-ENTRY_ON_FIRST_CLOSE_OUTSIDE,ENTRY_ON_FIRST_CLOSE_OUTSIDE,-1,2023-07-28 10:11:00-04:00,2023-07-28 10:26:00-04:00,TARGET,15811.75,15840.168421525563,13.261930045262375,19.892895067893562,15791.857104932107,9.283351031683498,0.6999999999999876,rb,3,1,RB2-043263,15822.0,15829.25,NQU3
EP-45096,EP-45096-ENTRY_ON_TAP,ENTRY_ON_TAP,1,2023-07-31 09:49:00-04:00,2023-07-31 09:55:00-04:00,STOP,15870.0,15845.013363337106,11.660430442683646,17.490645664025468,15845.013363337106,-11.660430442683646,-1.0,rb,1,1,RB2-020586,15866.5,15874.5,NQU3
EP-48843,EP-48843-ENTRY_ON_FIRST_CLOSE_OUTSIDE,ENTRY_ON_FIRST_CLOSE_OUTSIDE,-1,2023-08-03 10:03:00-04:00,2023-08-03 10:09:00-04:00,TARGET,15436.75,15472.832679081937,16.838583571570435,25.25787535735565,15411.492124642644,11.787008500099063,0.6999999999999856,rb,3,3,RB2-043992,15453.25,15457.0,NQU3
EP-50144,EP-50144-ENTRY_ON_NEW_FVG,ENTRY_ON_NEW_FVG,1,2023-08-04 09:40:00-04:00,2023-08-04 09:41:00-04:00,STOP,15572.75,15546.713760672676,12.150245019418067,18.2253675291271,15546.713760672676,-12.150245019418067,-1.0,rb,5,5,RB2-053946,15502.5,15514.25,NQU3
EP-51407,EP-51407-ENTRY_ON_TAP,ENTRY_ON_TAP,1,2023-08-07 09:37:00-04:00,2023-08-07 09:40:00-04:00,STOP,15437.5,15416.481621782068,9.808576501701854,14.71286475255278,15416.481621782068,-9.808576501701854,-1.0,rb,1,1,RB2-023485,15414.25,15422.5,NQU3
EP-52543,EP-52543-ENTRY_ON_FIRST_CLOSE_OUTSIDE,ENTRY_ON_FIRST_CLOSE_OUTSIDE,1,2023-08-08 09:33:00-04:00,2023-08-08 09:35:00-04:00,TARGET,15362.25,15347.28564672255,6.983364862809604,10.475047294214406,15372.725047294214,4.8883554039664965,0.6999999999999675,rb,3,1,RB2-044644,15351.25,15354.5,NQU3
EP-53813,EP-53813-ENTRY_ON_TAP,ENTRY_ON_TAP,-1,2023-08-09 10:02:00-04:00,2023-08-09 10:06:00-04:00,TARGET,15298.25,15322.837180221582,11.474017436738782,17.211026155108172,15281.038973844892,8.031812205717358,0.7000000000000184,rb,3,1,RB2-044844,15297.25,15305.25,NQU3
EP-55045,EP-55045-ENTRY_ON_STRONG_REJECTION,ENTRY_ON_STRONG_REJECTION,-1,2023-08-10 09:33:00-04:00,2023-08-10 09:35:00-04:00,STOP,15295.25,15325.853576014562,14.281668806795608,21.422503210193412,15325.853576014562,-14.281668806795608,-1.0,rb,3,3,RB2-045050,15317.75,15325.75,NQU3
EP-55110,EP-55110-ENTRY_ON_TAP,ENTRY_ON_TAP,1,2023-08-10 10:38:00-04:00,2023-08-10 10:44:00-04:00,STOP,15375.25,15343.106132071209,15.000471700102597,22.500707550153898,15343.106132071209,-15.000471700102597,-1.0,rb,5,1,RB2-054422,15370.5,15377.5,NQU3
EP-56359,EP-56359-ENTRY_ON_FIRST_CLOSE_OUTSIDE,ENTRY_ON_FIRST_CLOSE_OUTSIDE,1,2023-08-11 11:04:00-04:00,2023-08-11 11:07:00-04:00,STOP,15114.25,15087.315452972942,12.569455279294019,18.854182918941028,15087.315452972942,-12.569455279294019,-1.0,rb,1,1,RB2-025766,15103.25,15108.0,NQU3
EP-64904,EP-64904-ENTRY_ON_TAP,ENTRY_ON_TAP,1,2023-08-22 09:32:00-04:00,2023-08-22 09:32:00-04:00,STOP,15077.0,15064.257614497814,5.946446567686504,8.919669851529756,15064.257614497814,-5.946446567686504,-1.0,rb,5,1,RB2-055416,15061.5,15066.0,NQU3
EP-65008,EP-65008-ENTRY_ON_DELAYED_DISPLACEMENT,ENTRY_ON_DELAYED_DISPLACEMENT,1,2023-08-22 10:53:00-04:00,2023-08-22 10:54:00-04:00,TARGET,15021.25,14996.8478519547,11.387669087806078,17.08150363170912,15038.331503631709,7.971368361464063,0.6999999999999832,rb,1,1,RB2-029769,14999.0,15004.0,NQU3
EP-65038,EP-65038-ENTRY_ON_TAP,ENTRY_ON_TAP,1,2023-08-22 11:20:00-04:00,2023-08-22 11:22:00-04:00,TARGET,15022.75,14998.560306277292,11.288523737263807,16.93278560589571,15039.682785605895,7.901966616084586,0.699999999999993,rb,1,1,RB2-029781,15021.25,15024.75,NQU3
EP-66207,EP-66207-ENTRY_ON_TAP,ENTRY_ON_TAP,-1,2023-08-23 09:34:00-04:00,2023-08-23 09:39:00-04:00,TARGET,15023.75,15043.193757661946,9.073753575574333,13.6106303633615,15010.139369636638,6.351627502901801,0.6999999999999744,rb,1,1,RB2-030296,15030.75,15037.25,NQU3
EP-67537,EP-67537-ENTRY_ON_TAP,ENTRY_ON_TAP,-1,2023-08-24 09:59:00-04:00,2023-08-24 10:01:00-04:00,TARGET,15227.5,15257.281678611671,13.898116685446075,20.84717502816911,15206.65282497183,9.728681679811997,0.6999999999999816,rb,3,1,RB2-047063,15230.0,15238.25,NQU3
EP-68724,EP-68724-ENTRY_ON_DELAYED_DISPLACEMENT,ENTRY_ON_DELAYED_DISPLACEMENT,1,2023-08-25 09:35:00-04:00,2023-08-25 09:36:00-04:00,TARGET,14922.25,14903.056713380416,8.956867089138788,13.43530063370818,14935.685300633708,6.269806962396899,0.6999999999999719,rb,5,5,RB2-055810,14877.75,14880.5,NQU3
EP-68738,EP-68738-ENTRY_ON_TAP,ENTRY_ON_TAP,1,2023-08-25 09:36:00-04:00,2023-08-25 09:36:00-04:00,TARGET,14923.75,14903.883219370518,9.271164293758005,13.906746440637008,14937.656746440636,6.489815005630557,0.699999999999995,rb,1,1,RB2-031448,14914.75,14922.0,NQU3
EP-68747,EP-68747-ENTRY_ON_MINIMAL_WICK_REJECTION,ENTRY_ON_MINIMAL_WICK_REJECTION,1,2023-08-25 10:05:00-04:00,2023-08-25 10:06:00-04:00,STOP,14952.0,14913.758507942006,17.846029627063754,26.76904444059563,14913.758507942006,-17.846029627063754,-1.0,rb,5,5,RB2-055820,14904.0,14922.25,NQU3
EP-68868,EP-68868-ENTRY_ON_TAP,ENTRY_ON_TAP,-1,2023-08-25 11:28:00-04:00,2023-08-25 11:39:00-04:00,STOP,14847.0,14886.284799826864,18.332906585869775,27.49935987880466,14886.284799826864,-18.332906585869775,-1.0,rb,1,1,RB2-031481,14847.5,14854.5,NQU3
EP-70047,EP-70047-ENTRY_ON_TAP,ENTRY_ON_TAP,1,2023-08-28 09:49:00-04:00,2023-08-28 09:51:00-04:00,STOP,15058.0,15025.567146820698,15.135331483673731,22.702997225510597,15025.567146820698,-15.135331483673731,-1.0,rb,3,1,RB2-047486,15048.0,15066.5,NQU3
EP-72531,EP-72531-ENTRY_ON_DELAYED_DISPLACEMENT,ENTRY_ON_DELAYED_DISPLACEMENT,1,2023-08-30 09:39:00-04:00,2023-08-30 09:39:00-04:00,TARGET,15409.0,15384.518187204229,11.424845971360362,17.137268957040543,15426.13726895704,7.997392179952492,0.7000000000000208,rb,3,1,RB2-047890,15394.0,15396.0,NQU3
EP-72532,EP-72532-ENTRY_ON_TAP,ENTRY_ON_TAP,1,2023-08-30 09:39:00-04:00,2023-08-30 09:39:00-04:00,TARGET,15409.0,15384.518187204229,11.424845971360362,17.137268957040543,15426.13726895704,7.997392179952492,0.7000000000000208,rb,3,3,RB2-047890,15394.0,15396.0,NQU3
EP-72533,EP-72533-ENTRY_ON_TAP,ENTRY_ON_TAP,-1,2023-08-30 09:41:00-04:00,2023-08-30 09:51:00-04:00,STOP,15409.0,15435.24346547191,12.24695055355839,18.370425830337584,15435.24346547191,-12.24695055355839,-1.0,rb,1,1,RB2-033180,15424.0,15428.5,NQU3
EP-73828,EP-73828-ENTRY_ON_TAP,ENTRY_ON_TAP,1,2023-08-31 10:54:00-04:00,2023-08-31 11:10:00-04:00,TARGET,15567.5,15543.029778794895,11.419436562382161,17.129154843573243,15584.629154843573,7.993605593667331,0.6999999999999841,rb,1,1,RB2-033773,15548.75,15554.25,NQU3
EP-75023,EP-75023-ENTRY_ON_TAP,ENTRY_ON_TAP,1,2023-09-01 10:34:00-04:00,2023-09-01 10:39:00-04:00,TARGET,15538.0,15500.898405339716,17.31407750813254,25.971116262198812,15563.971116262199,12.119854255692848,0.700000000000004,rb,3,1,RB2-048285,15535.25,15541.25,NQU3
EP-76143,EP-76143-ENTRY_ON_FIRST_CLOSE_OUTSIDE,ENTRY_ON_FIRST_CLOSE_OUTSIDE,-1,2023-09-04 09:39:00-04:00,2023-09-04 09:52:00-04:00,STOP,15569.25,15574.74783568321,2.565656652164868,3.848484978247302,15574.74783568321,-2.565656652164868,-1.0,rb,1,1,RB2-034819,15573.5,15575.25,NQU3
EP-78464,EP-78464-ENTRY_ON_FIRST_CLOSE_OUTSIDE,ENTRY_ON_FIRST_CLOSE_OUTSIDE,1,2023-09-06 09:41:00-04:00,2023-09-06 09:42:00-04:00,TARGET,15476.75,15458.22208004696,8.646362644752,12.969543967127999,15489.719543967129,6.05245385132653,0.700000000000015,rb,1,1,RB2-035894,15469.25,15475.5,NQU3
EP-78513,EP-78513-ENTRY_ON_TAP,ENTRY_ON_TAP,-1,2023-09-06 10:55:00-04:00,2023-09-06 10:56:00-04:00,TARGET,15408.25,15435.71160200056,12.81541426692816,19.22312140039224,15389.026878599609,8.970789986849939,0.7000000000000177,rb,5,5,RB2-056766,15406.25,15415.25,NQU3
EP-00300,EP-00300-ENTRY_ON_TAP,ENTRY_ON_TAP,1,2023-09-07 09:34:00-04:00,2023-09-07 09:36:00-04:00,TARGET,15378.0,15361.093788211583,7.889565501260919,11.83434825189138,15389.834348251892,5.522695850882453,0.6999999999999759,rb,3,1,RB2-036275,15352.0,15362.75,NQZ3
EP-00419,EP-00419-ENTRY_ON_FIRST_CLOSE_OUTSIDE,ENTRY_ON_FIRST_CLOSE_OUTSIDE,1,2023-09-07 11:34:00-04:00,2023-09-07 11:36:00-04:00,TARGET,15446.5,15429.271382513372,8.040021493759642,12.060032240639464,15458.560032240639,5.628015045631808,0.7000000000000073,rb,3,3,RB2-036294,15421.0,15423.5,NQZ3
EP-02868,EP-02868-ENTRY_ON_TAP,ENTRY_ON_TAP,1,2023-09-11 10:58:00-04:00,2023-09-11 11:17:00-04:00,TARGET,15556.5,15533.058256351585,10.939480369260487,16.40922055389073,15572.909220553891,7.657636258482593,0.700000000000023,rb,3,1,RB2-036706,15548.75,15556.75,NQZ3
EP-05204,EP-05204-ENTRY_ON_MINIMAL_WICK_REJECTION,ENTRY_ON_MINIMAL_WICK_REJECTION,-1,2023-09-13 09:38:00-04:00,2023-09-13 09:52:00-04:00,TARGET,15543.25,15570.693078175116,12.806769815053952,19.210154722580928,15524.039845277419,8.964738870537584,0.6999999999999857,rb,3,1,RB2-037063,15544.0,15555.75,NQZ3
EP-05342,EP-05342-ENTRY_ON_DELAYED_DISPLACEMENT,ENTRY_ON_DELAYED_DISPLACEMENT,1,2023-09-13 11:58:00-04:00,2023-09-13 11:59:00-04:00,TARGET,15564.75,15545.448354426924,9.007434600768438,13.511151901152656,15578.261151901153,6.305204220537717,0.699999999999979,rb,1,1,RB2-002332,15548.25,15553.25,NQZ3
EP-07606,EP-07606-ENTRY_ON_FIRST_CLOSE_OUTSIDE,ENTRY_ON_FIRST_CLOSE_OUTSIDE,-1,2023-09-15 09:30:00-04:00,2023-09-15 09:31:00-04:00,STOP,15610.5,15624.664029147325,6.609880268751715,9.914820403127571,15624.664029147325,-6.609880268751715,-1.0,rb,5,5,RB2-049663,15623.75,15628.5,NQZ3
EP-07618,EP-07618-ENTRY_ON_TAP,ENTRY_ON_TAP,-1,2023-09-15 09:37:00-04:00,2023-09-15 09:38:00-04:00,TARGET,15586.75,15607.382099841507,9.628313259369618,14.442469889054426,15572.307530110946,6.739819281558604,0.6999999999999866,rb,3,1,RB2-037449,15587.75,15597.5,NQZ3
EP-10053,EP-10053-ENTRY_ON_TAP,ENTRY_ON_TAP,1,2023-09-19 09:34:00-04:00,2023-09-19 09:34:00-04:00,TARGET,15337.25,15320.858556816585,7.64934015226017,11.474010228390256,15348.72401022839,5.354538106582138,0.7000000000000024,rb,3,1,RB2-037853,15324.0,15339.0,NQZ3
EP-11247,EP-11247-ENTRY_ON_FIRST_CLOSE_OUTSIDE,ENTRY_ON_FIRST_CLOSE_OUTSIDE,1,2023-09-20 09:36:00-04:00,2023-09-20 09:36:00-04:00,TARGET,15397.0,15383.325254227484,6.381548027174098,9.572322040761147,15406.572322040762,4.467083619021857,0.6999999999999981,rb,3,3,RB2-037999,15379.0,15381.0,NQZ3
EP-11247,EP-11247-ENTRY_ON_IMMEDIATE_DISPLACEMENT,ENTRY_ON_IMMEDIATE_DISPLACEMENT,1,2023-09-20 09:36:00-04:00,2023-09-20 09:36:00-04:00,TARGET,15397.0,15383.325254227484,6.381548027174098,9.572322040761147,15406.572322040762,4.467083619021857,0.6999999999999981,rb,3,3,RB2-037999,15379.0,15381.0,NQZ3
EP-11298,EP-11298-ENTRY_ON_TAP,ENTRY_ON_TAP,1,2023-09-20 10:02:00-04:00,2023-09-20 10:05:00-04:00,STOP,15415.5,15393.900866177295,10.079595783928848,15.119393675893273,15393.900866177295,-10.079595783928848,-1.0,rb,1,1,RB2-005127,15398.25,15404.0,NQZ3
EP-13687,EP-13687-ENTRY_ON_TAP,ENTRY_ON_TAP,1,2023-09-22 10:01:00-04:00,2023-09-22 10:05:00-04:00,TARGET,14930.5,14904.636838637898,12.069475302313887,18.104212953470828,14948.60421295347,8.44863271161949,0.6999999999999809,rb,3,1,RB2-038436,14930.0,14934.0,NQZ3
EP-20171,EP-20171-ENTRY_ON_FIRST_CLOSE_OUTSIDE,ENTRY_ON_FIRST_CLOSE_OUTSIDE,1,2023-09-29 11:02:00-04:00,2023-09-29 11:15:00-04:00,STOP,14994.0,14967.25679452087,12.480162556926865,18.7202438353903,14967.25679452087,-12.480162556926865,-1.0,rb,3,1,RB2-039470,14983.75,14993.25,NQZ3
EP-20191,EP-20191-ENTRY_ON_FIRST_CLOSE_OUTSIDE,ENTRY_ON_FIRST_CLOSE_OUTSIDE,1,2023-09-29 11:24:00-04:00,2023-09-29 11:27:00-04:00,STOP,15007.25,14983.006697476992,11.313541177403646,16.970311766105468,14983.006697476992,-11.313541177403646,-1.0,rb,3,3,RB2-039476,14965.5,14968.25,NQZ3
EP-22588,EP-22588-ENTRY_ON_TAP,ENTRY_ON_TAP,-1,2023-10-03 09:34:00-04:00,2023-10-03 09:38:00-04:00,STOP,14896.75,14917.424072023583,9.64790027767234,14.47185041650851,14917.424072023583,-9.64790027767234,-1.0,rb,5,1,RB2-051122,14906.5,14910.5,NQZ3
EP-22580,EP-22580-ENTRY_ON_FIRST_CLOSE_OUTSIDE,ENTRY_ON_FIRST_CLOSE_OUTSIDE,-1,2023-10-03 09:40:00-04:00,2023-10-03 09:49:00-04:00,STOP,14904.5,14928.365451225049,11.13721057168975,16.705815857534624,14928.365451225049,-11.13721057168975,-1.0,rb,5,5,RB2-051122,14906.5,14910.5,NQZ3
EP-23933,EP-23933-ENTRY_ON_MINIMAL_WICK_REJECTION,ENTRY_ON_MINIMAL_WICK_REJECTION,-1,2023-10-04 10:21:00-04:00,2023-10-04 10:24:00-04:00,TARGET,14777.25,14812.680487837511,16.534227657505152,24.801341486257726,14752.448658513742,11.573959360253468,0.6999999999999916,rb,3,1,RB2-040086,14786.25,14790.75,NQZ3
EP-26337,EP-26337-ENTRY_ON_TAP,ENTRY_ON_TAP,1,2023-10-06 09:34:00-04:00,2023-10-06 09:36:00-04:00,STOP,14786.25,14751.448324078681,16.240782096615543,24.361173144923313,14751.448324078681,-16.240782096615543,-1.0,rb,1,1,RB2-012075,14776.0,14785.75,NQZ3
EP-29788,EP-29788-ENTRY_ON_TAP,ENTRY_ON_TAP,-1,2023-10-11 09:49:00-04:00,2023-10-11 09:50:00-04:00,TARGET,15353.0,15377.424514699202,11.39810685962711,17.097160289440666,15335.90283971056,7.978674801738762,0.6999999999999812,rb,3,1,RB2-041033,15341.75,15356.0,NQZ3
EP-29793,EP-29793-ENTRY_ON_TAP,ENTRY_ON_TAP,-1,2023-10-11 09:54:00-04:00,2023-10-11 09:57:00-04:00,TARGET,15342.5,15369.402493821459,12.554497116680748,18.83174567502112,15323.668254324979,8.78814798167649,0.6999999999999973,rb,1,1,RB2-013753,15343.25,15350.0,NQZ3
EP-30889,EP-30889-ENTRY_ON_FIRST_CLOSE_OUTSIDE,ENTRY_ON_FIRST_CLOSE_OUTSIDE,-1,2023-10-12 10:30:00-04:00,2023-10-12 10:45:00-04:00,TARGET,15418.5,15447.700359596362,13.626834478301726,20.44025171745259,15398.059748282547,9.538784134810987,0.6999999999999837,rb,5,5,RB2-051943,15422.25,15429.75,NQZ3
EP-30927,EP-30927-ENTRY_ON_FIRST_CLOSE_OUTSIDE,ENTRY_ON_FIRST_CLOSE_OUTSIDE,-1,2023-10-12 10:48:00-04:00,2023-10-12 11:03:00-04:00,TARGET,15424.5,15454.218063601085,13.868429680506257,20.802644520759387,15403.69735547924,9.707900776354226,0.699999999999989,rb,1,1,RB2-014313,15424.5,15428.25,NQZ3
EP-35718,EP-35718-ENTRY_ON_TAP,ENTRY_ON_TAP,-1,2023-10-18 09:47:00-04:00,2023-10-18 09:51:00-04:00,TARGET,15154.5,15180.683855401647,12.219132520768555,18.328698781152834,15136.171301218847,8.553392764538048,0.7000000000000048,rb,1,1,RB2-016570,15155.5,15167.25,NQZ3
EP-40834,EP-40834-ENTRY_ON_TAP,ENTRY_ON_TAP,1,2023-10-24 10:14:00-04:00,2023-10-24 10:24:00-04:00,TARGET,14807.25,14772.07262368643,16.41610894633273,24.624163419499098,14831.8741634195,11.491276262433033,0.7000000000000074,rb,3,1,RB2-042814,14792.75,14807.0,NQZ3
EP-42026,EP-42026-ENTRY_ON_FIRST_CLOSE_OUTSIDE,ENTRY_ON_FIRST_CLOSE_OUTSIDE,-1,2023-10-25 09:41:00-04:00,2023-10-25 09:42:00-04:00,TARGET,14651.0,14672.96038129915,10.248177939603313,15.372266909404969,14635.627733090596,7.173724557722318,0.7,rb,1,1,RB2-019430,14656.25,14665.25,NQZ3
EP-43281,EP-43281-ENTRY_ON_TAP,ENTRY_ON_TAP,-1,2023-10-26 09:37:00-04:00,2023-10-26 09:38:00-04:00,TARGET,14433.75,14464.696214417383,14.44156672811247,21.662350092168705,14412.087649907831,10.109096709678981,0.7000000000000175,rb,3,1,RB2-043209,14442.5,14459.0,NQZ3
EP-44631,EP-44631-ENTRY_ON_TAP,ENTRY_ON_TAP,-1,2023-10-27 09:37:00-04:00,2023-10-27 09:40:00-04:00,TARGET,14323.5,14348.716484797325,11.767692905418759,17.65153935812814,14305.848460641871,8.237385033793302,0.7000000000000145,rb,1,1,RB2-020592,14324.75,14334.25,NQZ3
EP-44646,EP-44646-ENTRY_ON_MINIMAL_WICK_REJECTION,ENTRY_ON_MINIMAL_WICK_REJECTION,1,2023-10-27 10:04:00-04:00,2023-10-27 10:04:00-04:00,TARGET,14315.5,14278.20740595497,17.403210554347012,26.10481583152052,14341.60481583152,12.182247388042832,0.6999999999999956,rb,3,1,RB2-043419,14291.0,14307.0,NQZ3
EP-44651,EP-44651-ENTRY_ON_FIRST_CLOSE_OUTSIDE,ENTRY_ON_FIRST_CLOSE_OUTSIDE,1,2023-10-27 10:04:00-04:00,2023-10-27 10:04:00-04:00,TARGET,14315.5,14278.20740595497,17.403210554347012,26.10481583152052,14341.60481583152,12.182247388042832,0.6999999999999956,rb,1,1,RB2-020601,14294.0,14301.75,NQZ3
EP-44651,EP-44651-ENTRY_ON_MINIMAL_WICK_REJECTION,ENTRY_ON_MINIMAL_WICK_REJECTION,1,2023-10-27 10:04:00-04:00,2023-10-27 10:04:00-04:00,TARGET,14315.5,14278.20740595497,17.403210554347012,26.10481583152052,14341.60481583152,12.182247388042832,0.6999999999999956,rb,1,1,RB2-020601,14294.0,14301.75,NQZ3
EP-44651,EP-44651-ENTRY_ON_DELAYED_DISPLACEMENT,ENTRY_ON_DELAYED_DISPLACEMENT,1,2023-10-27 10:04:00-04:00,2023-10-27 10:04:00-04:00,TARGET,14315.5,14278.20740595497,17.403210554347012,26.10481583152052,14341.60481583152,12.182247388042832,0.6999999999999956,rb,1,1,RB2-020601,14294.0,14301.75,NQZ3
EP-45812,EP-45812-ENTRY_ON_TAP,ENTRY_ON_TAP,1,2023-10-30 09:59:00-04:00,2023-10-30 10:02:00-04:00,STOP,14450.75,14425.714540479958,11.683214442686587,17.52482166402988,14425.714540479958,-11.683214442686587,-1.0,rb,3,1,RB2-043616,14447.75,14458.75,NQZ3
EP-51754,EP-51754-ENTRY_ON_TAP,ENTRY_ON_TAP,-1,2023-11-06 09:59:00-05:00,2023-11-06 10:02:00-05:00,TARGET,15218.75,15241.201879879789,10.477543943901573,15.716315915852359,15203.033684084148,7.334280760731136,0.7000000000000034,rb,1,1,RB2-023951,15227.25,15232.25,NQZ3
EP-52897,EP-52897-ENTRY_ON_TAP,ENTRY_ON_TAP,1,2023-11-07 09:47:00-05:00,2023-11-07 09:50:00-05:00,TARGET,15252.0,15231.421898507031,9.60311403005215,14.404671045078226,15266.404671045078,6.722179821036495,0.699999999999999,rb,3,1,RB2-044772,15242.25,15247.5,NQZ3
EP-54093,EP-54093-ENTRY_ON_DELAYED_DISPLACEMENT,ENTRY_ON_DELAYED_DISPLACEMENT,1,2023-11-08 09:30:00-05:00,2023-11-08 09:30:00-05:00,STOP,15388.5,15380.963368770783,3.5170945736345884,5.275641860451882,15380.963368770783,-3.5170945736345884,-1.0,rb,3,3,RB2-044962,15378.75,15381.75,NQZ3
EP-54102,EP-54102-ENTRY_ON_TAP,ENTRY_ON_TAP,1,2023-11-08 09:30:00-05:00,2023-11-08 09:30:00-05:00,STOP,15388.5,15380.963368770783,3.5170945736345884,5.275641860451882,15380.963368770783,-3.5170945736345884,-1.0,rb,5,5,RB2-054230,15378.75,15379.75,NQZ3
EP-54103,EP-54103-ENTRY_ON_TAP,ENTRY_ON_TAP,1,2023-11-08 09:30:00-05:00,2023-11-08 09:30:00-05:00,STOP,15388.5,15380.963368770783,3.5170945736345884,5.275641860451882,15380.963368770783,-3.5170945736345884,-1.0,rb,5,5,RB2-054231,15381.5,15384.25,NQZ3
EP-54114,EP-54114-ENTRY_ON_TAP,ENTRY_ON_TAP,-1,2023-11-08 09:39:00-05:00,2023-11-08 09:43:00-05:00,TARGET,15401.25,15415.74619757181,6.764892200178474,10.147338300267712,15391.102661699731,4.73542454012506,0.7000000000000189,rb,3,3,RB2-044963,15407.5,15416.25,NQZ3
EP-54126,EP-54126-ENTRY_ON_TAP,ENTRY_ON_TAP,-1,2023-11-08 09:47:00-05:00,2023-11-08 09:58:00-05:00,TARGET,15400.25,15418.563995183722,8.546531085737254,12.81979662860588,15387.430203371394,5.982571760016302,0.7000000000000263,rb,3,1,RB2-044965,15394.5,15405.75,NQZ3
EP-56608,EP-56608-ENTRY_ON_TAP,ENTRY_ON_TAP,1,2023-11-10 09:30:00-05:00,2023-11-10 09:30:00-05:00,STOP,15327.75,15318.433772411325,4.347572874715018,6.521359312072527,15318.433772411325,-4.347572874715018,-1.0,rb,5,5,RB2-054482,15316.0,15319.25,NQZ3
EP-56609,EP-56609-ENTRY_ON_FIRST_CLOSE_OUTSIDE,ENTRY_ON_FIRST_CLOSE_OUTSIDE,1,2023-11-10 09:30:00-05:00,2023-11-10 09:30:00-05:00,STOP,15327.75,15318.433772411325,4.347572874715018,6.521359312072527,15318.433772411325,-4.347572874715018,-1.0,rb,1,1,RB2-026160,15323.0,15324.0,NQZ3
EP-56609,EP-56609-ENTRY_ON_MINIMAL_WICK_REJECTION,ENTRY_ON_MINIMAL_WICK_REJECTION,1,2023-11-10 09:30:00-05:00,2023-11-10 09:30:00-05:00,STOP,15327.75,15318.433772411325,4.347572874715018,6.521359312072527,15318.433772411325,-4.347572874715018,-1.0,rb,1,1,RB2-026160,15323.0,15324.0,NQZ3
EP-61517,EP-61517-ENTRY_ON_TAP,ENTRY_ON_TAP,1,2023-11-16 09:41:00-05:00,2023-11-16 09:45:00-05:00,TARGET,15842.0,15822.29219280239,9.196976692217985,13.795465038326977,15855.795465038327,6.437883684552501,0.6999999999999904,rb,5,1,RB2-054961,15830.5,15846.75,NQZ3
EP-61558,EP-61558-ENTRY_ON_FIRST_CLOSE_OUTSIDE,ENTRY_ON_FIRST_CLOSE_OUTSIDE,1,2023-11-16 10:25:00-05:00,2023-11-16 10:34:00-05:00,STOP,15882.25,15859.797079351514,10.478029635960338,15.717044453940506,15859.797079351514,-10.478029635960338,-1.0,rb,5,5,RB2-054963,15863.75,15868.0,NQZ3
EP-61575,EP-61575-ENTRY_ON_TAP,ENTRY_ON_TAP,-1,2023-11-16 10:34:00-05:00,2023-11-16 10:35:00-05:00,TARGET,15871.0,15893.661987114345,10.575593986694324,15.863390980041487,15855.136609019959,7.402915790686083,0.7000000000000053,rb,3,1,RB2-046174,15880.75,15893.75,NQZ3
EP-62763,EP-62763-ENTRY_ON_DELAYED_DISPLACEMENT,ENTRY_ON_DELAYED_DISPLACEMENT,-1,2023-11-17 09:30:00-05:00,2023-11-17 09:30:00-05:00,TARGET,15862.75,15874.264875863028,5.373608736079801,8.0604131041197,15854.68958689588,3.761526115256052,0.7000000000000357,rb,3,3,RB2-046361,15887.0,15890.5,NQZ3
EP-62765,EP-62765-ENTRY_ON_DELAYED_DISPLACEMENT,ENTRY_ON_DELAYED_DISPLACEMENT,-1,2023-11-17 09:30:00-05:00,2023-11-17 09:30:00-05:00,TARGET,15862.75,15874.264875863028,5.373608736079801,8.0604131041197,15854.68958689588,3.761526115256052,0.7000000000000357,rb,1,1,RB2-028949,15883.5,15884.5,NQZ3
EP-62769,EP-62769-ENTRY_ON_FIRST_CLOSE_OUTSIDE,ENTRY_ON_FIRST_CLOSE_OUTSIDE,-1,2023-11-17 09:30:00-05:00,2023-11-17 09:30:00-05:00,TARGET,15862.75,15874.264875863028,5.373608736079801,8.0604131041197,15854.68958689588,3.761526115256052,0.7000000000000357,rb,1,1,RB2-028951,15875.75,15883.25,NQZ3
EP-62769,EP-62769-ENTRY_ON_DELAYED_DISPLACEMENT,ENTRY_ON_DELAYED_DISPLACEMENT,-1,2023-11-17 09:30:00-05:00,2023-11-17 09:30:00-05:00,TARGET,15862.75,15874.264875863028,5.373608736079801,8.0604131041197,15854.68958689588,3.761526115256052,0.7000000000000357,rb,1,1,RB2-028951,15875.75,15883.25,NQZ3
EP-62771,EP-62771-ENTRY_ON_FIRST_CLOSE_OUTSIDE,ENTRY_ON_FIRST_CLOSE_OUTSIDE,-1,2023-11-17 09:36:00-05:00,2023-11-17 09:36:00-05:00,TARGET,15861.0,15876.769129126118,7.358926925521767,11.03839038828265,15849.961609611717,5.151248847865241,0.7000000000000005,rb,1,1,RB2-028954,15866.0,15873.5,NQZ3
EP-64000,EP-64000-ENTRY_ON_FIRST_CLOSE_OUTSIDE,ENTRY_ON_FIRST_CLOSE_OUTSIDE,-1,2023-11-20 09:41:00-05:00,2023-11-20 09:47:00-05:00,TARGET,15963.5,15980.912436565824,8.125803730717864,12.188705596076797,15951.311294403924,5.688062611502352,0.6999999999999812,rb,3,1,RB2-046565,15974.5,15982.5,NQZ3
EP-65195,EP-65195-ENTRY_ON_FIRST_CLOSE_OUTSIDE,ENTRY_ON_FIRST_CLOSE_OUTSIDE,-1,2023-11-21 09:32:00-05:00,2023-11-21 09:33:00-05:00,STOP,15988.0,15999.9996888798,5.599854810573064,8.399782215859597,15999.9996888798,-5.599854810573064,-1.0,rb,5,1,RB2-055348,16014.0,16015.75,NQZ3
EP-65203,EP-65203-ENTRY_ON_TAP,ENTRY_ON_TAP,1,2023-11-21 09:33:00-05:00,2023-11-21 09:33:00-05:00,TARGET,15995.25,15982.50029815686,5.94986086013252,8.92479129019878,16004.1747912902,4.164902602092988,0.7000000000000376,rb,1,1,RB2-030057,15980.25,15988.0,NQZ3
EP-65203,EP-65203-ENTRY_ON_FIRST_CLOSE_OUTSIDE,ENTRY_ON_FIRST_CLOSE_OUTSIDE,1,2023-11-21 09:34:00-05:00,2023-11-21 09:34:00-05:00,TARGET,15997.75,15984.6386785908,6.1186166576269985,9.177924986440498,16006.927924986441,4.283031660339075,0.7000000000000288,rb,1,1,RB2-030057,15980.25,15988.0,NQZ3
EP-65204,EP-65204-ENTRY_ON_TAP,ENTRY_ON_TAP,1,2023-11-21 09:34:00-05:00,2023-11-21 09:34:00-05:00,TARGET,15997.75,15984.6386785908,6.1186166576269985,9.177924986440498,16006.927924986441,4.283031660339075,0.7000000000000288,rb,3,1,RB2-046758,15980.25,15996.0,NQZ3
EP-65213,EP-65213-ENTRY_ON_MINIMAL_WICK_REJECTION,ENTRY_ON_MINIMAL_WICK_REJECTION,1,2023-11-21 09:59:00-05:00,2023-11-21 10:17:00-05:00,STOP,15994.75,15976.08761147669,8.709114644210766,13.06367196631615,15976.08761147669,-8.709114644210766,-1.0,rb,5,1,RB2-055352,15983.25,15994.0,NQZ3
EP-65245,EP-65245-ENTRY_ON_NEW_FVG,ENTRY_ON_NEW_FVG,1,2023-11-21 10:48:00-05:00,2023-11-21 11:07:00-05:00,STOP,15946.0,15927.378048569344,8.690244000973037,13.035366001459554,15927.378048569344,-8.690244000973037,-1.0,rb,3,3,RB2-046766,15922.0,15927.25,NQZ3
EP-67598,EP-67598-ENTRY_ON_TAP,ENTRY_ON_TAP,-1,2023-11-23 09:57:00-05:00,2023-11-23 10:06:00-05:00,TARGET,16058.0,16064.320830125976,2.949720725455374,4.424581088183061,16053.575418911816,2.064804507818534,0.6999999999999227,rb,1,1,RB2-031115,16060.0,16060.5,NQZ3
EP-69658,EP-69658-ENTRY_ON_DELAYED_DISPLACEMENT,ENTRY_ON_DELAYED_DISPLACEMENT,-1,2023-11-27 09:48:00-05:00,2023-11-27 10:00:00-05:00,STOP,15992.0,16011.886337241407,9.280290712656237,13.920436068984355,16011.886337241407,-9.280290712656237,-1.0,rb,3,3,RB2-047438,16000.25,16004.25,NQZ3
EP-69682,EP-69682-ENTRY_ON_FIRST_CLOSE_OUTSIDE,ENTRY_ON_FIRST_CLOSE_OUTSIDE,1,2023-11-27 10:00:00-05:00,2023-11-27 10:05:00-05:00,TARGET,16008.25,15987.967679883865,9.465082720863158,14.197624081294737,16022.447624081295,6.6255579046041735,0.6999999999999961,rb,5,5,RB2-055816,15990.5,15997.0,NQZ3
EP-69761,EP-69761-ENTRY_ON_TAP,ENTRY_ON_TAP,1,2023-11-27 11:06:00-05:00,2023-11-27 11:08:00-05:00,TARGET,16011.75,15995.217856074414,7.7150004986069485,11.572500747910423,16023.32250074791,5.40050034902502,0.7000000000000202,rb,1,1,RB2-032016,16008.25,16012.25,NQZ3
EP-73357,EP-73357-ENTRY_ON_NEW_FVG,ENTRY_ON_NEW_FVG,1,2023-11-30 10:14:00-05:00,2023-11-30 10:16:00-05:00,TARGET,15963.0,15934.770943967935,13.173559481630477,19.760339222445715,15982.760339222446,9.221491637141344,0.7000000000000008,rb,1,1,RB2-033659,15930.75,15933.5,NQZ3
EP-77050,EP-77050-ENTRY_ON_FIRST_CLOSE_OUTSIDE,ENTRY_ON_FIRST_CLOSE_OUTSIDE,1,2023-12-05 09:39:00-05:00,2023-12-05 09:43:00-05:00,TARGET,15814.5,15792.885000041926,10.086999980434673,15.130499970652009,15829.630499970652,7.060899986304403,0.7000000000000131,rb,3,3,RB2-048588,15783.25,15791.25,NQZ3
EP-00219,EP-00219-ENTRY_ON_TAP,ENTRY_ON_TAP,-1,2023-12-07 09:37:00-05:00,2023-12-07 09:38:00-05:00,STOP,16150.25,16166.486786273857,7.577166927799979,11.365750391699969,16166.486786273857,-7.577166927799979,-1.0,rb,3,1,RB2-034849,16153.75,16171.25,NQH4
EP-00222,EP-00222-ENTRY_ON_TAP,ENTRY_ON_TAP,-1,2023-12-07 09:43:00-05:00,2023-12-07 09:46:00-05:00,TARGET,16147.25,16166.211777852559,8.84882966452741,13.273244496791115,16133.976755503209,6.194180765169116,0.699999999999992,rb,1,1,RB2-000085,16155.5,16159.25,NQH4
EP-00248,EP-00248-ENTRY_ON_FIRST_CLOSE_OUTSIDE,ENTRY_ON_FIRST_CLOSE_OUTSIDE,1,2023-12-07 10:09:00-05:00,2023-12-07 10:11:00-05:00,TARGET,16130.75,16103.25031915021,12.83318439656943,19.249776594854147,16149.999776594854,8.98322907759887,0.7000000000000208,rb,1,1,RB2-000094,16118.25,16121.75,NQH4
EP-00247,EP-00247-ENTRY_ON_MINIMAL_WICK_REJECTION,ENTRY_ON_MINIMAL_WICK_REJECTION,1,2023-12-07 10:11:00-05:00,2023-12-07 10:12:00-05:00,TARGET,16135.5,16106.068249457645,13.734816919766022,20.602225379649035,16156.10222537965,9.614371843836441,0.7000000000000164,rb,1,1,RB2-000093,16112.75,16117.0,NQH4
EP-04649,EP-04649-ENTRY_ON_TAP,ENTRY_ON_TAP,-1,2023-12-13 09:40:00-05:00,2023-12-13 09:43:00-05:00,TARGET,16640.5,16656.507902661764,7.470354575489188,11.205531863233782,16629.294468136766,5.2292482028419265,0.6999999999999323,rb,3,1,RB2-035577,16651.0,16657.25,NQH4
EP-04649,EP-04649-ENTRY_ON_FIRST_CLOSE_OUTSIDE,ENTRY_ON_FIRST_CLOSE_OUTSIDE,-1,2023-12-13 09:43:00-05:00,2023-12-13 09:43:00-05:00,TARGET,16639.5,16655.555509691218,7.492571189234444,11.238856783851666,16628.261143216147,5.244799832463808,0.6999999999999595,rb,3,1,RB2-035577,16651.0,16657.25,NQH4
EP-04649,EP-04649-ENTRY_ON_DELAYED_DISPLACEMENT,ENTRY_ON_DELAYED_DISPLACEMENT,-1,2023-12-13 09:43:00-05:00,2023-12-13 09:43:00-05:00,TARGET,16639.5,16655.555509691218,7.492571189234444,11.238856783851666,16628.261143216147,5.244799832463808,0.6999999999999595,rb,3,1,RB2-035577,16651.0,16657.25,NQH4
EP-04653,EP-04653-ENTRY_ON_FIRST_CLOSE_OUTSIDE,ENTRY_ON_FIRST_CLOSE_OUTSIDE,-1,2023-12-13 09:43:00-05:00,2023-12-13 09:43:00-05:00,TARGET,16639.5,16655.555509691218,7.492571189234444,11.238856783851666,16628.261143216147,5.244799832463808,0.6999999999999595,rb,5,1,RB2-047543,16643.75,16657.25,NQH4
EP-04653,EP-04653-ENTRY_ON_MINIMAL_WICK_REJECTION,ENTRY_ON_MINIMAL_WICK_REJECTION,-1,2023-12-13 09:43:00-05:00,2023-12-13 09:43:00-05:00,TARGET,16639.5,16655.555509691218,7.492571189234444,11.238856783851666,16628.261143216147,5.244799832463808,0.6999999999999595,rb,5,1,RB2-047543,16643.75,16657.25,NQH4
EP-04653,EP-04653-ENTRY_ON_DELAYED_DISPLACEMENT,ENTRY_ON_DELAYED_DISPLACEMENT,-1,2023-12-13 09:43:00-05:00,2023-12-13 09:43:00-05:00,TARGET,16639.5,16655.555509691218,7.492571189234444,11.238856783851666,16628.261143216147,5.244799832463808,0.6999999999999595,rb,5,1,RB2-047543,16643.75,16657.25,NQH4
EP-04655,EP-04655-ENTRY_ON_TAP,ENTRY_ON_TAP,-1,2023-12-13 09:43:00-05:00,2023-12-13 09:43:00-05:00,TARGET,16639.5,16655.555509691218,7.492571189234444,11.238856783851666,16628.261143216147,5.244799832463808,0.6999999999999595,rb,1,1,RB2-002102,16644.5,16650.0,NQH4
EP-07103,EP-07103-ENTRY_ON_TAP,ENTRY_ON_TAP,1,2023-12-15 09:47:00-05:00,2023-12-15 09:53:00-05:00,TARGET,16811.75,16783.36327335445,13.247139101255756,19.870708651883636,16831.620708651884,9.2729973708787,0.6999999999999751,rb,5,1,RB2-047788,16809.0,16822.75,NQH4
EP-07110,EP-07110-ENTRY_ON_TAP,ENTRY_ON_TAP,-1,2023-12-15 09:56:00-05:00,2023-12-15 10:16:00-05:00,STOP,16824.25,16852.236602552966,13.060414524716798,19.590621787075197,16852.236602552966,-13.060414524716798,-1.0,rb,5,1,RB2-047790,16829.0,16836.75,NQH4
EP-08365,EP-08365-ENTRY_ON_TAP,ENTRY_ON_TAP,-1,2023-12-18 09:40:00-05:00,2023-12-18 09:48:00-05:00,TARGET,16860.25,16876.07223340372,7.383708921736551,11.075563382604827,16849.174436617395,5.168596245215965,0.7000000000000514,rb,3,1,RB2-036176,16868.5,16878.0,NQH4
EP-09536,EP-09536-ENTRY_ON_TAP,ENTRY_ON_TAP,-1,2023-12-19 09:33:00-05:00,2023-12-19 09:33:00-05:00,TARGET,16977.0,16988.699435799448,5.45973670640965,8.189605059614475,16968.810394940385,3.8218156944871278,0.7000000000000682,rb,3,3,RB2-036346,16980.0,16989.25,NQH4
EP-09540,EP-09540-ENTRY_ON_FIRST_CLOSE_OUTSIDE,ENTRY_ON_FIRST_CLOSE_OUTSIDE,-1,2023-12-19 09:33:00-05:00,2023-12-19 09:33:00-05:00,TARGET,16977.0,16988.699435799448,5.45973670640965,8.189605059614475,16968.810394940385,3.8218156944871278,0.7000000000000682,rb,3,1,RB2-036346,16980.0,16989.25,NQH4
EP-09540,EP-09540-ENTRY_ON_MINIMAL_WICK_REJECTION,ENTRY_ON_MINIMAL_WICK_REJECTION,-1,2023-12-19 09:33:00-05:00,2023-12-19 09:33:00-05:00,TARGET,16977.0,16988.699435799448,5.45973670640965,8.189605059614475,16968.810394940385,3.8218156944871278,0.7000000000000682,rb,3,1,RB2-036346,16980.0,16989.25,NQH4
EP-09554,EP-09554-ENTRY_ON_FIRST_CLOSE_OUTSIDE,ENTRY_ON_FIRST_CLOSE_OUTSIDE,1,2023-12-19 09:51:00-05:00,2023-12-19 09:55:00-05:00,TARGET,16966.75,16945.82881823899,9.763218155138071,14.644827232707108,16981.394827232707,6.834252708597196,0.7000000000000559,rb,1,1,RB2-004344,16953.0,16958.0,NQH4
EP-13115,EP-13115-ENTRY_ON_FIRST_CLOSE_OUTSIDE,ENTRY_ON_FIRST_CLOSE_OUTSIDE,1,2023-12-22 09:33:00-05:00,2023-12-22 09:34:00-05:00,STOP,17014.25,16999.675063488554,6.801637038675115,10.202455558012673,16999.675063488554,-6.801637038675115,-1.0,rb,3,3,RB2-036936,16997.25,17001.25,NQH4
EP-13135,EP-13135-ENTRY_ON_STRONG_REJECTION,ENTRY_ON_STRONG_REJECTION,-1,2023-12-22 10:01:00-05:00,2023-12-22 10:24:00-05:00,TARGET,17020.0,17040.066711635413,9.36446542985871,14.046698144788063,17005.95330185521,6.555125800900775,0.6999999999999656,rb,1,1,RB2-005996,17034.25,17039.75,NQH4
EP-14291,EP-14291-ENTRY_ON_FIRST_CLOSE_OUTSIDE,ENTRY_ON_FIRST_CLOSE_OUTSIDE,-1,2023-12-26 09:33:00-05:00,2023-12-26 09:34:00-05:00,STOP,17017.75,17027.22445836745,4.421413904810321,6.632120857215481,17027.22445836745,-4.421413904810321,-1.0,rb,3,1,RB2-037078,17023.0,17023.5,NQH4
EP-15475,EP-15475-ENTRY_ON_FIRST_CLOSE_OUTSIDE,ENTRY_ON_FIRST_CLOSE_OUTSIDE,-1,2023-12-27 09:38:00-05:00,2023-12-27 09:40:00-05:00,TARGET,17110.0,17122.246046162258,5.71482154238623,8.572232313579345,17101.427767686422,4.000375079669874,0.6999999999999148,rb,5,1,RB2-048630,17110.75,17121.75,NQH4
EP-21469,EP-21469-ENTRY_ON_TAP,ENTRY_ON_TAP,-1,2024-01-04 09:52:00-05:00,2024-01-04 09:58:00-05:00,TARGET,16475.75,16503.551964401213,12.974250053899839,19.46137508084976,16456.28862491915,9.081975037730228,0.7000000000000263,rb,3,1,RB2-038276,16474.25,16486.0,NQH4
EP-22680,EP-22680-ENTRY_ON_FIRST_CLOSE_OUTSIDE,ENTRY_ON_FIRST_CLOSE_OUTSIDE,-1,2024-01-05 09:39:00-05:00,2024-01-05 09:39:00-05:00,TARGET,16480.75,16506.485734664948,12.01000951030969,18.015014265464536,16462.734985734536,8.40700665721728,0.7000000000000415,rb,3,1,RB2-038458,16483.0,16490.0,NQH4
EP-22680,EP-22680-ENTRY_ON_MINIMAL_WICK_REJECTION,ENTRY_ON_MINIMAL_WICK_REJECTION,-1,2024-01-05 09:39:00-05:00,2024-01-05 09:39:00-05:00,TARGET,16480.75,16506.485734664948,12.01000951030969,18.015014265464536,16462.734985734536,8.40700665721728,0.7000000000000415,rb,3,1,RB2-038458,16483.0,16490.0,NQH4
EP-22681,EP-22681-ENTRY_ON_TAP,ENTRY_ON_TAP,-1,2024-01-05 09:39:00-05:00,2024-01-05 09:39:00-05:00,TARGET,16480.75,16506.485734664948,12.01000951030969,18.015014265464536,16462.734985734536,8.40700665721728,0.7000000000000415,rb,3,3,RB2-038458,16483.0,16490.0,NQH4
EP-25117,EP-25117-ENTRY_ON_FIRST_CLOSE_OUTSIDE,ENTRY_ON_FIRST_CLOSE_OUTSIDE,-1,2024-01-09 09:40:00-05:00,2024-01-09 09:44:00-05:00,TARGET,16686.5,16706.610978939374,9.385123505041596,14.077685257562393,16672.422314742438,6.569586453529382,0.7000000000000283,rb,5,5,RB2-049572,16710.25,16713.25,NQH4
EP-25137,EP-25137-ENTRY_ON_TAP,ENTRY_ON_TAP,-1,2024-01-09 09:49:00-05:00,2024-01-09 10:00:00-05:00,STOP,16683.25,16706.24519018328,10.731088752196204,16.096633128294307,16706.24519018328,-10.731088752196204,-1.0,rb,5,1,RB2-049581,16686.5,16703.5,NQH4
EP-27705,EP-27705-ENTRY_ON_TAP,ENTRY_ON_TAP,-1,2024-01-11 10:52:00-05:00,2024-01-11 10:54:00-05:00,TARGET,16870.75,16906.331378210638,16.604643164964404,24.906964747446608,16845.843035252554,11.623250215475112,0.7000000000000017,rb,1,1,RB2-012584,16874.5,16881.25,NQH4
EP-28916,EP-28916-ENTRY_ON_TAP,ENTRY_ON_TAP,1,2024-01-12 09:36:00-05:00,2024-01-12 09:36:00-05:00,TARGET,16987.75,16967.144944062664,9.615692770757576,14.423539156136364,17002.173539156138,6.730984939530798,0.7000000000000515,rb,5,1,RB2-049949,16974.0,16990.5,NQH4
EP-31124,EP-31124-ENTRY_ON_TAP,ENTRY_ON_TAP,-1,2024-01-16 09:35:00-05:00,2024-01-16 09:36:00-05:00,STOP,16925.5,16945.524728718035,9.344873401750734,14.017310102626102,16945.524728718035,-9.344873401750734,-1.0,rb,5,5,RB2-050167,16922.5,16930.25,NQH4
EP-31126,EP-31126-ENTRY_ON_DELAYED_DISPLACEMENT,ENTRY_ON_DELAYED_DISPLACEMENT,-1,2024-01-16 09:38:00-05:00,2024-01-16 09:39:00-05:00,TARGET,16922.75,16945.00544467372,10.38587418106924,15.578811271603861,16907.171188728396,7.270111926748577,0.7000000000000105,rb,1,1,RB2-014124,16932.25,16940.0,NQH4
EP-31149,EP-31149-ENTRY_ON_TAP,ENTRY_ON_TAP,1,2024-01-16 09:58:00-05:00,2024-01-16 10:02:00-05:00,TARGET,16904.5,16874.057777740065,14.206370387970269,21.309555581955404,16925.809555581956,9.944459271579586,0.7000000000000279,rb,1,1,RB2-014135,16887.25,16894.5,NQH4
EP-32442,EP-32442-ENTRY_ON_TAP,ENTRY_ON_TAP,-1,2024-01-17 10:26:00-05:00,2024-01-17 10:39:00-05:00,STOP,16746.0,16775.28706616951,13.667297545770403,20.500946318655604,16775.28706616951,-13.667297545770403,-1.0,rb,5,1,RB2-050298,16749.0,16756.0,NQH4
EP-33668,EP-33668-ENTRY_ON_TAP,ENTRY_ON_TAP,-1,2024-01-18 09:32:00-05:00,2024-01-18 09:40:00-05:00,STOP,17023.25,17044.05106596627,9.70716411759168,14.560746176387518,17044.05106596627,-9.70716411759168,-1.0,rb,3,1,RB2-040182,17038.0,17044.75,NQH4
EP-37437,EP-37437-ENTRY_ON_TAP,ENTRY_ON_TAP,1,2024-01-23 10:19:00-05:00,2024-01-23 10:23:00-05:00,STOP,17456.0,17431.693644339062,11.342965975104029,17.014448962656044,17431.693644339062,-11.342965975104029,-1.0,rb,5,1,RB2-050807,17449.75,17456.5,NQH4
EP-37440,EP-37440-ENTRY_ON_DELAYED_DISPLACEMENT,ENTRY_ON_DELAYED_DISPLACEMENT,1,2024-01-23 10:28:00-05:00,2024-01-23 10:39:00-05:00,TARGET,17454.75,17429.78220358032,11.65163832918433,17.477457493776495,17472.227457493776,8.15614683042871,0.6999999999999724,rb,1,1,RB2-017040,17428.0,17431.75,NQH4
EP-38598,EP-38598-ENTRY_ON_FIRST_CLOSE_OUTSIDE,ENTRY_ON_FIRST_CLOSE_OUTSIDE,1,2024-01-24 09:44:00-05:00,2024-01-24 09:48:00-05:00,TARGET,17655.5,17635.904249782798,9.144683434694532,13.717025152041797,17669.21702515204,6.401278404286261,0.7000000000000097,rb,3,1,RB2-041000,17637.5,17650.25,NQH4
EP-38619,EP-38619-ENTRY_ON_TAP,ENTRY_ON_TAP,1,2024-01-24 10:06:00-05:00,2024-01-24 10:07:00-05:00,TARGET,17651.5,17627.30891047553,11.289175111419775,16.933762667129663,17668.43376266713,7.902422577994435,0.7000000000000525,rb,5,1,RB2-050933,17638.0,17651.75,NQH4
EP-43791,EP-43791-ENTRY_ON_FIRST_CLOSE_OUTSIDE,ENTRY_ON_FIRST_CLOSE_OUTSIDE,-1,2024-01-30 09:48:00-05:00,2024-01-30 10:00:00-05:00,TARGET,17672.5,17688.957387999584,7.680114399806718,11.520171599710077,17660.97982840029,5.376080079865243,0.7000000000000703,rb,3,3,RB2-041800,17679.25,17682.0,NQH4
EP-43809,EP-43809-ENTRY_ON_FIRST_CLOSE_OUTSIDE,ENTRY_ON_FIRST_CLOSE_OUTSIDE,1,2024-01-30 10:09:00-05:00,2024-01-30 10:37:00-05:00,TARGET,17651.5,17628.630483067278,10.672441235270192,16.008661852905288,17667.508661852906,7.47070886468907,0.699999999999994,rb,3,3,RB2-041802,17616.5,17639.25,NQH4
EP-46316,EP-46316-ENTRY_ON_NEW_IFVG,ENTRY_ON_NEW_IFVG,-1,2024-02-01 10:21:00-05:00,2024-02-01 10:28:00-05:00,STOP,17331.0,17359.006590961973,13.069742448920234,19.60461367338035,17359.006590961973,-13.069742448920234,-1.0,rb,1,1,RB2-021085,17348.0,17353.0,NQH4
EP-48887,EP-48887-ENTRY_ON_DELAYED_DISPLACEMENT,ENTRY_ON_DELAYED_DISPLACEMENT,1,2024-02-05 11:36:00-05:00,2024-02-05 11:42:00-05:00,STOP,17639.0,17619.353597564204,9.168321136703835,13.752481705055752,17619.353597564204,-9.168321136703835,-1.0,rb,3,3,RB2-042619,17606.25,17609.25,NQH4
EP-52423,EP-52423-ENTRY_ON_TAP,ENTRY_ON_TAP,1,2024-02-08 10:33:00-05:00,2024-02-08 10:35:00-05:00,TARGET,17842.25,17821.434450240387,9.713923221152886,14.570884831729328,17856.82088483173,6.799746254807251,0.7000000000000237,rb,3,3,RB2-043199,17821.75,17825.0,NQH4
EP-52477,EP-52477-ENTRY_ON_TAP,ENTRY_ON_TAP,1,2024-02-08 11:29:00-05:00,2024-02-08 11:34:00-05:00,TARGET,17866.75,17849.607722470595,7.999729513722911,11.999594270584366,17878.749594270583,5.599810659606453,0.7000000000000519,rb,1,1,RB2-023922,17865.25,17867.0,NQH4
EP-53495,EP-53495-ENTRY_ON_TAP,ENTRY_ON_TAP,1,2024-02-09 09:35:00-05:00,2024-02-09 09:36:00-05:00,STOP,17897.25,17881.345067887276,7.422301652604499,11.133452478906749,17881.345067887276,-7.422301652604499,-1.0,rb,5,5,RB2-052341,17888.0,17889.5,NQH4
EP-54655,EP-54655-ENTRY_ON_FIRST_CLOSE_OUTSIDE,ENTRY_ON_FIRST_CLOSE_OUTSIDE,-1,2024-02-12 09:42:00-05:00,2024-02-12 09:44:00-05:00,STOP,18025.25,18039.716820403948,6.751182855175097,10.126774282762646,18039.716820403948,-6.751182855175097,-1.0,rb,1,1,RB2-024930,18038.25,18042.5,NQH4
EP-54678,EP-54678-ENTRY_ON_TAP,ENTRY_ON_TAP,1,2024-02-12 10:02:00-05:00,2024-02-12 10:29:00-05:00,TARGET,18027.25,18010.869361198747,7.644298107251542,11.466447160877312,18038.716447160878,5.351008675076295,0.7000000000000282,rb,3,1,RB2-043583,18024.0,18029.75,NQH4
EP-57155,EP-57155-ENTRY_ON_TAP,ENTRY_ON_TAP,1,2024-02-14 10:51:00-05:00,2024-02-14 10:57:00-05:00,STOP,17783.0,17757.013706083053,12.126937161242408,18.19040574186361,17757.013706083053,-12.126937161242408,-1.0,rb,3,3,RB2-043972,17774.75,17782.0,NQH4
EP-59542,EP-59542-ENTRY_ON_TAP,ENTRY_ON_TAP,-1,2024-02-16 09:35:00-05:00,2024-02-16 09:40:00-05:00,TARGET,17908.5,17929.685652180036,9.886637684016586,14.82995652602488,17893.670043473976,6.920646378811325,0.6999999999999712,rb,5,5,RB2-052968,17926.5,17936.25,NQH4
EP-61755,EP-61755-ENTRY_ON_DELAYED_DISPLACEMENT,ENTRY_ON_DELAYED_DISPLACEMENT,1,2024-02-20 09:48:00-05:00,2024-02-20 09:51:00-05:00,STOP,17596.25,17562.487948864222,15.755623863362516,23.633435795043773,17562.487948864222,-15.755623863362516,-1.0,rb,3,1,RB2-044701,17559.25,17582.75,NQH4
EP-63062,EP-63062-ENTRY_ON_TAP,ENTRY_ON_TAP,-1,2024-02-21 10:03:00-05:00,2024-02-21 10:04:00-05:00,STOP,17491.25,17520.645309589978,13.717811141989172,20.576716712983757,17520.645309589978,-13.717811141989172,-1.0,rb,3,3,RB2-044913,17482.75,17493.0,NQH4
EP-63072,EP-63072-ENTRY_ON_FIRST_CLOSE_OUTSIDE,ENTRY_ON_FIRST_CLOSE_OUTSIDE,-1,2024-02-21 10:09:00-05:00,2024-02-21 10:26:00-05:00,TARGET,17495.75,17526.801029766968,14.49048055791906,21.735720836878592,17474.014279163122,10.14333639054381,0.7000000000000323,rb,1,1,RB2-028770,17516.5,17522.75,NQH4
EP-63086,EP-63086-ENTRY_ON_FIRST_CLOSE_OUTSIDE,ENTRY_ON_FIRST_CLOSE_OUTSIDE,-1,2024-02-21 10:26:00-05:00,2024-02-21 10:26:00-05:00,TARGET,17499.0,17527.283958785454,13.19918076654486,19.79877114981729,17479.201228850183,9.239426536581112,0.6999999999999781,rb,3,1,RB2-044917,17507.0,17512.5,NQH4
EP-63089,EP-63089-ENTRY_ON_TAP,ENTRY_ON_TAP,-1,2024-02-21 10:26:00-05:00,2024-02-21 10:26:00-05:00,TARGET,17499.0,17527.283958785454,13.19918076654486,19.79877114981729,17479.201228850183,9.239426536581112,0.6999999999999781,rb,5,1,RB2-053301,17501.5,17512.5,NQH4
EP-63093,EP-63093-ENTRY_ON_TAP,ENTRY_ON_TAP,1,2024-02-21 10:27:00-05:00,2024-02-21 10:58:00-05:00,STOP,17476.75,17446.78739664013,13.982548234605492,20.97382235190824,17476.75,-0.0,-0.0,rb,5,1,RB2-053298,17462.5,17472.75,NQH4
EP-64315,EP-64315-ENTRY_ON_FIRST_CLOSE_OUTSIDE,ENTRY_ON_FIRST_CLOSE_OUTSIDE,-1,2024-02-22 09:53:00-05:00,2024-02-22 09:54:00-05:00,TARGET,17926.25,17956.501972681184,14.117587251218836,21.176380876828254,17905.073619123174,9.882311075852844,0.6999999999999758,rb,3,1,RB2-045122,17963.0,17970.25,NQH4
EP-68007,EP-68007-ENTRY_ON_MINIMAL_WICK_REJECTION,ENTRY_ON_MINIMAL_WICK_REJECTION,-1,2024-02-27 09:36:00-05:00,2024-02-27 09:36:00-05:00,TARGET,18015.75,18031.720347727005,7.452828939269153,11.17924340890373,18004.570756591096,5.216980257488517,0.7000000000000147,rb,3,3,RB2-045707,18024.5,18027.75,NQH4
EP-68065,EP-68065-ENTRY_ON_TAP,ENTRY_ON_TAP,1,2024-02-27 10:07:00-05:00,2024-02-27 10:13:00-05:00,TARGET,17991.0,17965.241592856673,12.020590000219244,18.030885000328865,18009.030885000328,8.414413000153578,0.700000000000009,rb,3,1,RB2-045717,17978.5,17988.0,NQH4
EP-70454,EP-70454-ENTRY_ON_TAP,ENTRY_ON_TAP,-1,2024-02-29 09:34:00-05:00,2024-02-29 09:35:00-05:00,STOP,18048.75,18068.83501245117,9.373005810546251,14.059508715819376,18068.83501245117,-9.373005810546251,-1.0,rb,3,1,RB2-046115,18049.25,18062.0,NQH4
EP-70458,EP-70458-ENTRY_ON_FIRST_CLOSE_OUTSIDE,ENTRY_ON_FIRST_CLOSE_OUTSIDE,1,2024-02-29 09:39:00-05:00,2024-02-29 10:03:00-05:00,TARGET,18053.5,18030.42961520572,10.766179570662723,16.149269355994086,18069.649269355996,7.536325699463453,0.6999999999999579,rb,3,1,RB2-046116,18043.25,18049.0,NQH4
EP-70506,EP-70506-ENTRY_ON_NEW_FVG,ENTRY_ON_NEW_FVG,1,2024-02-29 10:24:00-05:00,2024-02-29 10:55:00-05:00,STOP,18021.5,17994.505581901925,12.597395112434732,18.8960926686521,17994.505581901925,-12.597395112434732,-1.0,rb,3,1,RB2-046122,17981.0,17987.75,NQH4
EP-72878,EP-72878-ENTRY_ON_TAP,ENTRY_ON_TAP,1,2024-03-04 09:36:00-05:00,2024-03-04 09:40:00-05:00,TARGET,18315.0,18297.57397304433,8.132145912645822,12.198218868968732,18327.19821886897,5.6925021388523,0.7000000000000276,rb,5,1,RB2-054256,18288.0,18308.0,NQH4
EP-72955,EP-72955-ENTRY_ON_TAP,ENTRY_ON_TAP,1,2024-03-04 11:08:00-05:00,2024-03-04 11:10:00-05:00,TARGET,18305.0,18288.315383586276,7.786154326405272,11.679231489607908,18316.67923148961,5.4503080284841605,0.7000000000000604,rb,1,1,RB2-033356,18301.75,18306.25,NQH4
EP-75411,EP-75411-ENTRY_ON_NEW_IFVG,ENTRY_ON_NEW_IFVG,1,2024-03-06 10:16:00-05:00,2024-03-06 10:34:00-05:00,TARGET,18018.5,17979.987860631296,17.97233170539596,26.95849755809394,18045.458497558095,12.580632193777676,0.700000000000028,rb,1,1,RB2-034475,17982.5,17986.0,NQH4
EP-01522,EP-01522-ENTRY_ON_TAP,ENTRY_ON_TAP,1,2024-03-08 10:46:00-05:00,2024-03-08 10:47:00-05:00,TARGET,18604.75,18571.139262189787,15.685010978098918,23.527516467148377,18628.277516467148,10.9795076846688,0.6999999999999718,rb,5,1,RB2-052216,18600.5,18609.25,NQM4
EP-02730,EP-02730-ENTRY_ON_TAP,ENTRY_ON_TAP,1,2024-03-11 09:36:00-04:00,2024-03-11 09:36:00-04:00,TARGET,18180.0,18150.588993440077,13.725136394630669,20.587704591946004,18200.587704591944,9.60759547624129,0.6999999999999871,rb,3,3,RB2-038910,18162.25,18183.5,NQM4
EP-05180,EP-05180-ENTRY_ON_FIRST_CLOSE_OUTSIDE,ENTRY_ON_FIRST_CLOSE_OUTSIDE,-1,2024-03-13 09:43:00-04:00,2024-03-13 09:43:00-04:00,TARGET,18389.5,18412.51432089105,10.740016415822529,16.110024623733793,18373.389975376267,7.518011491075679,0.6999999999999915,rb,5,1,RB2-052581,18391.75,18407.0,NQM4
EP-05180,EP-05180-ENTRY_ON_MINIMAL_WICK_REJECTION,ENTRY_ON_MINIMAL_WICK_REJECTION,-1,2024-03-13 09:43:00-04:00,2024-03-13 09:43:00-04:00,TARGET,18389.5,18412.51432089105,10.740016415822529,16.110024623733793,18373.389975376267,7.518011491075679,0.6999999999999915,rb,5,1,RB2-052581,18391.75,18407.0,NQM4
EP-06422,EP-06422-ENTRY_ON_FIRST_CLOSE_OUTSIDE,ENTRY_ON_FIRST_CLOSE_OUTSIDE,1,2024-03-14 10:12:00-04:00,2024-03-14 10:30:00-04:00,TARGET,18292.5,18253.004520502484,18.431223765507898,27.64683564826185,18320.146835648262,12.901856635855669,0.7000000000000076,rb,1,1,RB2-002845,18253.0,18257.75,NQM4
EP-07696,EP-07696-ENTRY_ON_TAP,ENTRY_ON_TAP,1,2024-03-15 09:41:00-04:00,2024-03-15 09:43:00-04:00,STOP,18131.25,18095.007516187063,16.9131591127045,25.369738669056748,18095.007516187063,-16.9131591127045,-1.0,rb,5,1,RB2-052822,18103.0,18113.75,NQM4
EP-08907,EP-08907-ENTRY_ON_DELAYED_DISPLACEMENT,ENTRY_ON_DELAYED_DISPLACEMENT,1,2024-03-18 09:35:00-04:00,2024-03-18 09:35:00-04:00,TARGET,18317.75,18298.535580756066,8.966728980503063,13.450093470754595,18331.200093470754,6.276710286352626,0.7000000000000537,rb,5,5,RB2-052947,18278.5,18282.25,NQM4
EP-08920,EP-08920-ENTRY_ON_FIRST_CLOSE_OUTSIDE,ENTRY_ON_FIRST_CLOSE_OUTSIDE,1,2024-03-18 09:35:00-04:00,2024-03-18 09:35:00-04:00,TARGET,18317.75,18298.535580756066,8.966728980503063,13.450093470754595,18331.200093470754,6.276710286352626,0.7000000000000537,rb,5,5,RB2-052945,18267.75,18270.5,NQM4
EP-08920,EP-08920-ENTRY_ON_IMMEDIATE_DISPLACEMENT,ENTRY_ON_IMMEDIATE_DISPLACEMENT,1,2024-03-18 09:35:00-04:00,2024-03-18 09:35:00-04:00,TARGET,18317.75,18298.535580756066,8.966728980503063,13.450093470754595,18331.200093470754,6.276710286352626,0.7000000000000537,rb,5,5,RB2-052945,18267.75,18270.5,NQM4
EP-08925,EP-08925-ENTRY_ON_STRONG_REJECTION,ENTRY_ON_STRONG_REJECTION,1,2024-03-18 09:35:00-04:00,2024-03-18 09:35:00-04:00,TARGET,18317.75,18298.535580756066,8.966728980503063,13.450093470754595,18331.200093470754,6.276710286352626,0.7000000000000537,rb,5,1,RB2-052945,18267.75,18270.5,NQM4
EP-08907,EP-08907-ENTRY_ON_NEW_FVG,ENTRY_ON_NEW_FVG,1,2024-03-18 09:40:00-04:00,2024-03-18 09:41:00-04:00,TARGET,18325.75,18303.08268722815,10.578079293529123,15.867118940293686,18341.617118940292,7.404655505469925,0.6999999999999563,rb,5,5,RB2-052947,18278.5,18282.25,NQM4
EP-08951,EP-08951-ENTRY_ON_TAP,ENTRY_ON_TAP,1,2024-03-18 09:54:00-04:00,2024-03-18 09:59:00-04:00,STOP,18314.0,18287.571109682096,12.333482148355213,18.500223222532817,18287.571109682096,-12.333482148355213,-1.0,rb,1,1,RB2-004004,18302.75,18311.0,NQM4
EP-12742,EP-12742-ENTRY_ON_DELAYED_DISPLACEMENT,ENTRY_ON_DELAYED_DISPLACEMENT,1,2024-03-21 09:46:00-04:00,2024-03-21 09:47:00-04:00,STOP,18681.5,18657.268489781596,11.308038101921655,16.962057152882483,18657.268489781596,-11.308038101921655,-1.0,rb,3,1,RB2-040530,18659.25,18671.5,NQM4
EP-15194,EP-15194-ENTRY_ON_TAP,ENTRY_ON_TAP,1,2024-03-25 09:37:00-04:00,2024-03-25 09:39:00-04:00,STOP,18463.0,18446.360467963026,7.765114950588469,11.647672425882703,18446.360467963026,-7.765114950588469,-1.0,rb,3,1,RB2-040929,18461.0,18469.0,NQM4
EP-15197,EP-15197-ENTRY_ON_FIRST_CLOSE_OUTSIDE,ENTRY_ON_FIRST_CLOSE_OUTSIDE,1,2024-03-25 09:46:00-04:00,2024-03-25 09:46:00-04:00,TARGET,18435.75,18414.558182348414,9.88951490407343,14.834272356110144,18450.58427235611,6.922660432851224,0.6999999999999821,rb,1,1,RB2-006880,18421.75,18428.25,NQM4
EP-15197,EP-15197-ENTRY_ON_MINIMAL_WICK_REJECTION,ENTRY_ON_MINIMAL_WICK_REJECTION,1,2024-03-25 09:46:00-04:00,2024-03-25 09:46:00-04:00,TARGET,18435.75,18414.558182348414,9.88951490407343,14.834272356110144,18450.58427235611,6.922660432851224,0.6999999999999821,rb,1,1,RB2-006880,18421.75,18428.25,NQM4
EP-15197,EP-15197-ENTRY_ON_DELAYED_DISPLACEMENT,ENTRY_ON_DELAYED_DISPLACEMENT,1,2024-03-25 09:46:00-04:00,2024-03-25 09:46:00-04:00,TARGET,18435.75,18414.558182348414,9.88951490407343,14.834272356110144,18450.58427235611,6.922660432851224,0.6999999999999821,rb,1,1,RB2-006880,18421.75,18428.25,NQM4
EP-15199,EP-15199-ENTRY_ON_TAP,ENTRY_ON_TAP,1,2024-03-25 09:46:00-04:00,2024-03-25 09:46:00-04:00,TARGET,18435.75,18414.558182348414,9.88951490407343,14.834272356110144,18450.58427235611,6.922660432851224,0.6999999999999821,rb,5,1,RB2-053549,18414.75,18423.25,NQM4
EP-15197,EP-15197-ENTRY_ON_NEW_IFVG,ENTRY_ON_NEW_IFVG,1,2024-03-25 09:47:00-04:00,2024-03-25 09:49:00-04:00,TARGET,18447.75,18425.588496179134,10.342035116403704,15.513052674605555,18463.263052674607,7.2394245814824165,0.699999999999983,rb,1,1,RB2-006880,18421.75,18428.25,NQM4
EP-16579,EP-16579-ENTRY_ON_FIRST_CLOSE_OUTSIDE,ENTRY_ON_FIRST_CLOSE_OUTSIDE,1,2024-03-26 11:07:00-04:00,2024-03-26 11:15:00-04:00,TARGET,18559.5,18540.856119472126,8.700477579673972,13.050716369510958,18572.55071636951,6.090334305771391,0.6999999999999552,rb,1,1,RB2-007500,18549.75,18555.5,NQM4
EP-17759,EP-17759-ENTRY_ON_DELAYED_DISPLACEMENT,ENTRY_ON_DELAYED_DISPLACEMENT,1,2024-03-27 10:16:00-04:00,2024-03-27 10:47:00-04:00,STOP,18427.5,18395.437017220076,14.962725297298201,22.444087945947302,18427.5,-0.0,-0.0,rb,1,1,RB2-008025,18378.5,18383.25,NQM4
EP-18916,EP-18916-ENTRY_ON_TAP,ENTRY_ON_TAP,1,2024-03-28 09:35:00-04:00,2024-03-28 09:38:00-04:00,TARGET,18477.25,18458.802162749897,8.608990716714427,12.91348607507164,18490.16348607507,6.026293501699729,0.699999999999957,rb,5,5,RB2-053905,18465.0,18467.75,NQM4
EP-20180,EP-20180-ENTRY_ON_NEW_FVG,ENTRY_ON_NEW_FVG,1,2024-04-01 09:57:00-04:00,2024-04-01 10:00:00-04:00,STOP,18600.75,18578.915988908233,10.189205176158605,15.283807764237908,18578.915988908233,-10.189205176158605,-1.0,rb,1,1,RB2-009111,18578.75,18585.0,NQM4
EP-20188,EP-20188-ENTRY_ON_DELAYED_DISPLACEMENT,ENTRY_ON_DELAYED_DISPLACEMENT,1,2024-04-01 10:02:00-04:00,2024-04-01 10:02:00-04:00,STOP,18602.75,18578.92537149335,11.118159969770295,16.67723995465544,18578.92537149335,-11.118159969770295,-1.0,rb,5,1,RB2-054050,18580.5,18587.0,NQM4
EP-20222,EP-20222-ENTRY_ON_DELAYED_DISPLACEMENT,ENTRY_ON_DELAYED_DISPLACEMENT,1,2024-04-01 10:25:00-04:00,2024-04-01 10:33:00-04:00,STOP,18545.25,18517.24029950045,13.071193566457668,19.606790349686502,18517.24029950045,-13.071193566457668,-1.0,rb,1,1,RB2-009127,18514.25,18524.0,NQM4
EP-27416,EP-27416-ENTRY_ON_TAP,ENTRY_ON_TAP,-1,2024-04-09 09:46:00-04:00,2024-04-09 09:47:00-04:00,TARGET,18390.75,18414.448455843016,11.05927939340735,16.588919090111023,18374.16108090989,7.741495575385116,0.6999999999999974,rb,5,1,RB2-054746,18390.5,18403.0,NQM4
EP-27416,EP-27416-ENTRY_ON_FIRST_CLOSE_OUTSIDE,ENTRY_ON_FIRST_CLOSE_OUTSIDE,-1,2024-04-09 09:47:00-04:00,2024-04-09 09:48:00-04:00,TARGET,18385.75,18409.286913040032,10.983892752015377,16.475839128023065,18369.274160871977,7.688724926410999,0.7000000000000214,rb,5,1,RB2-054746,18390.5,18403.0,NQM4
EP-28631,EP-28631-ENTRY_ON_TAP,ENTRY_ON_TAP,1,2024-04-10 09:34:00-04:00,2024-04-10 09:35:00-04:00,TARGET,18144.75,18103.843901243603,19.089512752985122,28.634269129477683,18173.384269129478,13.362658927089447,0.6999999999999927,rb,1,1,RB2-013049,18135.25,18141.75,NQM4
EP-28636,EP-28636-ENTRY_ON_TAP,ENTRY_ON_TAP,1,2024-04-10 09:41:00-04:00,2024-04-10 09:46:00-04:00,STOP,18169.25,18125.425510255656,20.451428547360074,30.67714282104011,18125.425510255656,-20.451428547360074,-1.0,rb,1,1,RB2-013052,18166.25,18184.0,NQM4
EP-31031,EP-31031-ENTRY_ON_FIRST_CLOSE_OUTSIDE,ENTRY_ON_FIRST_CLOSE_OUTSIDE,-1,2024-04-12 10:25:00-04:00,2024-04-12 10:30:00-04:00,TARGET,18292.75,18324.500861138873,14.817068531474133,22.2256027972112,18270.52439720279,10.371947972031936,0.700000000000003,rb,3,1,RB2-043489,18298.75,18307.75,NQM4
EP-32166,EP-32166-ENTRY_ON_TAP,ENTRY_ON_TAP,-1,2024-04-15 09:50:00-04:00,2024-04-15 10:01:00-04:00,STOP,18300.0,18325.785020423387,12.033009530914317,18.049514296371477,18325.785020423387,-12.033009530914317,-1.0,rb,5,5,RB2-055227,18307.75,18313.5,NQM4
EP-34678,EP-34678-ENTRY_ON_TAP,ENTRY_ON_TAP,1,2024-04-17 11:10:00-04:00,2024-04-17 11:19:00-04:00,STOP,17818.25,17785.00513127987,15.514272069393211,23.271408104089815,17785.00513127987,-15.514272069393211,-1.0,rb,3,1,RB2-044082,17802.0,17815.75,NQM4
EP-35762,EP-35762-ENTRY_ON_FIRST_CLOSE_OUTSIDE,ENTRY_ON_FIRST_CLOSE_OUTSIDE,1,2024-04-18 09:48:00-04:00,2024-04-18 09:49:00-04:00,TARGET,17610.0,17578.844323965026,14.53931548298843,21.808973224482646,17631.808973224484,10.17752083809229,0.7000000000000267,rb,1,1,RB2-016433,17589.75,17594.75,NQM4
EP-35770,EP-35770-ENTRY_ON_TAP,ENTRY_ON_TAP,1,2024-04-18 09:53:00-04:00,2024-04-18 10:03:00-04:00,STOP,17617.25,17583.869011427534,15.577794667150453,23.366692000725678,17583.869011427534,-15.577794667150453,-1.0,rb,1,1,RB2-016434,17598.75,17610.0,NQM4
EP-36995,EP-36995-ENTRY_ON_TAP,ENTRY_ON_TAP,1,2024-04-19 09:35:00-04:00,2024-04-19 09:36:00-04:00,STOP,17473.75,17444.258732580343,13.762591462506979,20.64388719376047,17444.258732580343,-13.762591462506979,-1.0,rb,5,5,RB2-055700,17454.25,17459.75,NQM4
EP-37010,EP-37010-ENTRY_ON_TAP,ENTRY_ON_TAP,1,2024-04-19 09:49:00-04:00,2024-04-19 09:52:00-04:00,STOP,17472.5,17435.119997322843,17.444001249340126,26.16600187401019,17435.119997322843,-17.444001249340126,-1.0,rb,3,1,RB2-044461,17457.25,17469.25,NQM4
EP-37001,EP-37001-ENTRY_ON_FIRST_CLOSE_OUTSIDE,ENTRY_ON_FIRST_CLOSE_OUTSIDE,1,2024-04-19 09:55:00-04:00,2024-04-19 10:09:00-04:00,STOP,17472.75,17433.96495626548,18.099687076109046,27.149530614163567,17433.96495626548,-18.099687076109046,-1.0,rb,5,5,RB2-055714,17432.5,17442.25,NQM4
EP-38197,EP-38197-ENTRY_ON_FIRST_CLOSE_OUTSIDE,ENTRY_ON_FIRST_CLOSE_OUTSIDE,-1,2024-04-22 09:33:00-04:00,2024-04-22 09:33:00-04:00,STOP,17282.0,17300.60533736265,8.682490769236104,13.023736153854156,17300.60533736265,-8.682490769236104,-1.0,rb,3,3,RB2-044655,17292.0,17298.25,NQM4
EP-38197,EP-38197-ENTRY_ON_MINIMAL_WICK_REJECTION,ENTRY_ON_MINIMAL_WICK_REJECTION,-1,2024-04-22 09:33:00-04:00,2024-04-22 09:33:00-04:00,STOP,17282.0,17300.60533736265,8.682490769236104,13.023736153854156,17300.60533736265,-8.682490769236104,-1.0,rb,3,3,RB2-044655,17292.0,17298.25,NQM4
EP-38197,EP-38197-ENTRY_ON_STRONG_REJECTION,ENTRY_ON_STRONG_REJECTION,-1,2024-04-22 09:33:00-04:00,2024-04-22 09:33:00-04:00,STOP,17282.0,17300.60533736265,8.682490769236104,13.023736153854156,17300.60533736265,-8.682490769236104,-1.0,rb,3,3,RB2-044655,17292.0,17298.25,NQM4
EP-38201,EP-38201-ENTRY_ON_TAP,ENTRY_ON_TAP,-1,2024-04-22 09:33:00-04:00,2024-04-22 09:33:00-04:00,STOP,17282.0,17300.60533736265,8.682490769236104,13.023736153854156,17300.60533736265,-8.682490769236104,-1.0,rb,3,3,RB2-044654,17303.5,17306.0,NQM4
EP-38203,EP-38203-ENTRY_ON_TAP,ENTRY_ON_TAP,-1,2024-04-22 09:33:00-04:00,2024-04-22 09:33:00-04:00,STOP,17282.0,17300.60533736265,8.682490769236104,13.023736153854156,17300.60533736265,-8.682490769236104,-1.0,rb,1,1,RB2-017610,17288.25,17296.75,NQM4
EP-38233,EP-38233-ENTRY_ON_TAP,ENTRY_ON_TAP,-1,2024-04-22 10:02:00-04:00,2024-04-22 10:03:00-04:00,TARGET,17308.0,17337.620355589825,13.822832608585403,20.734248912878105,17287.26575108712,9.675982826010191,0.7000000000000296,rb,3,1,RB2-044661,17310.75,17318.0,NQM4
EP-38234,EP-38234-ENTRY_ON_TAP,ENTRY_ON_TAP,1,2024-04-22 10:05:00-04:00,2024-04-22 10:14:00-04:00,STOP,17291.5,17261.90637333385,13.810359110869404,20.715538666304106,17261.90637333385,-13.810359110869404,-1.0,rb,1,1,RB2-017625,17286.75,17295.0,NQM4
EP-39490,EP-39490-ENTRY_ON_TAP,ENTRY_ON_TAP,-1,2024-04-23 09:34:00-04:00,2024-04-23 09:34:00-04:00,TARGET,17449.5,17468.885273691056,9.046461055826125,13.569691583739187,17435.93030841626,6.332522739078357,0.7000000000000076,rb,1,1,RB2-018212,17459.5,17464.0,NQM4
EP-39492,EP-39492-ENTRY_ON_TAP,ENTRY_ON_TAP,1,2024-04-23 09:36:00-04:00,2024-04-23 09:41:00-04:00,TARGET,17436.5,17414.474040556055,10.278781073840314,15.41817161076047,17451.91817161076,7.195146751687776,0.6999999999999569,rb,1,1,RB2-018214,17421.25,17427.25,NQM4
EP-39502,EP-39502-ENTRY_ON_FIRST_CLOSE_OUTSIDE,ENTRY_ON_FIRST_CLOSE_OUTSIDE,-1,2024-04-23 09:50:00-04:00,2024-04-23 09:51:00-04:00,TARGET,17486.25,17518.777218215855,15.179368500731648,22.769052751097473,17463.480947248903,10.625557950511642,0.6999999999999662,rb,3,1,RB2-044878,17504.25,17520.25,NQM4
EP-44300,EP-44300-ENTRY_ON_TAP,ENTRY_ON_TAP,-1,2024-04-29 09:36:00-04:00,2024-04-29 09:36:00-04:00,TARGET,17934.0,17951.03655836974,7.950393905878089,11.925590858817134,17922.074409141183,5.565275734114753,0.7000000000000114,rb,5,1,RB2-056455,17936.0,17949.0,NQM4
EP-46687,EP-46687-ENTRY_ON_DELAYED_DISPLACEMENT,ENTRY_ON_DELAYED_DISPLACEMENT,-1,2024-05-01 09:35:00-04:00,2024-05-01 09:42:00-04:00,STOP,17483.75,17506.033674476817,10.399048089181447,15.59857213377217,17506.033674476817,-10.399048089181447,-1.0,rb,5,5,RB2-056694,17508.5,17516.5,NQM4
EP-47988,EP-47988-ENTRY_ON_FIRST_CLOSE_OUTSIDE,ENTRY_ON_FIRST_CLOSE_OUTSIDE,-1,2024-05-02 10:42:00-04:00,2024-05-02 10:42:00-04:00,TARGET,17478.75,17515.25908298269,17.037572058589912,25.556358087884867,17453.193641912116,11.926300441013376,0.7000000000000257,rb,3,3,RB2-046308,17495.0,17511.0,NQM4
EP-47988,EP-47988-ENTRY_ON_MINIMAL_WICK_REJECTION,ENTRY_ON_MINIMAL_WICK_REJECTION,-1,2024-05-02 10:42:00-04:00,2024-05-02 10:42:00-04:00,TARGET,17478.75,17515.25908298269,17.037572058589912,25.556358087884867,17453.193641912116,11.926300441013376,0.7000000000000257,rb,3,3,RB2-046308,17495.0,17511.0,NQM4
EP-47988,EP-47988-ENTRY_ON_DELAYED_DISPLACEMENT,ENTRY_ON_DELAYED_DISPLACEMENT,-1,2024-05-02 10:42:00-04:00,2024-05-02 10:42:00-04:00,TARGET,17478.75,17515.25908298269,17.037572058589912,25.556358087884867,17453.193641912116,11.926300441013376,0.7000000000000257,rb,3,3,RB2-046308,17495.0,17511.0,NQM4
EP-47988,EP-47988-ENTRY_ON_NEW_IFVG,ENTRY_ON_NEW_IFVG,-1,2024-05-02 10:42:00-04:00,2024-05-02 10:42:00-04:00,TARGET,17478.75,17515.25908298269,17.037572058589912,25.556358087884867,17453.193641912116,11.926300441013376,0.7000000000000257,rb,3,3,RB2-046308,17495.0,17511.0,NQM4
EP-47996,EP-47996-ENTRY_ON_NEW_IFVG,ENTRY_ON_NEW_IFVG,-1,2024-05-02 10:42:00-04:00,2024-05-02 10:42:00-04:00,TARGET,17478.75,17515.25908298269,17.037572058589912,25.556358087884867,17453.193641912116,11.926300441013376,0.7000000000000257,rb,1,1,RB2-022201,17513.5,17519.5,NQM4
EP-48000,EP-48000-ENTRY_ON_DELAYED_DISPLACEMENT,ENTRY_ON_DELAYED_DISPLACEMENT,-1,2024-05-02 10:42:00-04:00,2024-05-02 10:42:00-04:00,TARGET,17478.75,17515.25908298269,17.037572058589912,25.556358087884867,17453.193641912116,11.926300441013376,0.7000000000000257,rb,1,1,RB2-022204,17498.5,17507.0,NQM4
EP-48000,EP-48000-ENTRY_ON_NEW_IFVG,ENTRY_ON_NEW_IFVG,-1,2024-05-02 10:42:00-04:00,2024-05-02 10:42:00-04:00,TARGET,17478.75,17515.25908298269,17.037572058589912,25.556358087884867,17453.193641912116,11.926300441013376,0.7000000000000257,rb,1,1,RB2-022204,17498.5,17507.0,NQM4
EP-50268,EP-50268-ENTRY_ON_FIRST_CLOSE_OUTSIDE,ENTRY_ON_FIRST_CLOSE_OUTSIDE,1,2024-05-06 09:40:00-04:00,2024-05-06 09:45:00-04:00,TARGET,18084.5,18067.551963437778,7.909083729037174,11.86362559355576,18096.363625593556,5.536358610326152,0.7000000000000165,rb,5,5,RB2-057057,18042.5,18044.25,NQM4
EP-50273,EP-50273-ENTRY_ON_FIRST_CLOSE_OUTSIDE,ENTRY_ON_FIRST_CLOSE_OUTSIDE,1,2024-05-06 09:45:00-04:00,2024-05-06 09:48:00-04:00,TARGET,18085.75,18067.86969663003,8.344141572652722,12.516212358979082,18098.26621235898,5.840899100857066,0.7000000000000193,rb,3,3,RB2-046675,18070.0,18076.75,NQM4
EP-51412,EP-51412-ENTRY_ON_TAP,ENTRY_ON_TAP,-1,2024-05-07 09:44:00-04:00,2024-05-07 09:47:00-04:00,STOP,18213.75,18229.950013657442,7.560006373473753,11.340009560210628,18229.950013657442,-7.560006373473753,-1.0,rb,3,1,RB2-046865,18214.25,18223.25,NQM4
EP-53793,EP-53793-ENTRY_ON_DELAYED_DISPLACEMENT,ENTRY_ON_DELAYED_DISPLACEMENT,1,2024-05-09 09:55:00-04:00,2024-05-09 09:59:00-04:00,TARGET,18140.75,18118.926135354926,10.184470167700185,15.276705251550279,18156.026705251552,7.1291291173895415,0.6999999999999422,rb,5,1,RB2-057414,18108.75,18114.5,NQM4
EP-55035,EP-55035-ENTRY_ON_TAP,ENTRY_ON_TAP,1,2024-05-10 10:03:00-04:00,2024-05-10 10:05:00-04:00,TARGET,18297.25,18275.58668505594,10.109546973895453,15.164320460843179,18312.414320460844,7.076682881727235,0.7000000000000414,rb,1,1,RB2-025477,18284.0,18293.5,NQM4
EP-55035,EP-55035-ENTRY_ON_MINIMAL_WICK_REJECTION,ENTRY_ON_MINIMAL_WICK_REJECTION,1,2024-05-10 10:09:00-04:00,2024-05-10 10:11:00-04:00,STOP,18296.0,18273.248183225558,10.617514494739597,15.926271742109396,18273.248183225558,-10.617514494739597,-1.0,rb,1,1,RB2-025477,18284.0,18293.5,NQM4
EP-59607,EP-59607-ENTRY_ON_DELAYED_DISPLACEMENT,ENTRY_ON_DELAYED_DISPLACEMENT,-1,2024-05-16 10:07:00-04:00,2024-05-16 10:07:00-04:00,TARGET,18690.75,18707.10937525156,7.634375117393695,11.451562676090543,18679.29843732391,5.344062582175247,0.6999999999999554,rb,1,1,RB2-027642,18708.25,18710.75,NQM4
EP-59596,EP-59596-ENTRY_ON_NEW_FVG,ENTRY_ON_NEW_FVG,-1,2024-05-16 10:09:00-04:00,2024-05-16 10:21:00-04:00,STOP,18691.75,18709.500500138027,8.283566731078585,12.425350096617876,18709.500500138027,-8.283566731078585,-1.0,rb,3,3,RB2-048213,18708.25,18712.25,NQM4
EP-68925,EP-68925-ENTRY_ON_DELAYED_DISPLACEMENT,ENTRY_ON_DELAYED_DISPLACEMENT,1,2024-05-28 09:56:00-04:00,2024-05-28 10:03:00-04:00,TARGET,18859.25,18835.593661974854,11.039624411734902,16.55943661760235,18875.8094366176,7.727737088214372,0.6999999999999946,rb,5,1,RB2-058952,18839.0,18847.25,NQM4
EP-68929,EP-68929-ENTRY_ON_NEW_FVG,ENTRY_ON_NEW_FVG,1,2024-05-28 10:06:00-04:00,2024-05-28 10:10:00-04:00,TARGET,18881.0,18854.98852487805,12.13868839024438,18.208032585366567,18899.208032585368,8.497081873171254,0.7000000000000155,rb,3,3,RB2-049751,18844.0,18858.0,NQM4
EP-70139,EP-70139-ENTRY_ON_TAP,ENTRY_ON_TAP,1,2024-05-29 09:46:00-04:00,2024-05-29 09:50:00-04:00,TARGET,18797.25,18774.060584712457,10.82172713418671,16.232590701280067,18813.482590701282,7.5752089939307,0.7000000000000003,rb,5,1,RB2-059067,18779.25,18788.0,NQM4
EP-70165,EP-70165-ENTRY_ON_TAP,ENTRY_ON_TAP,-1,2024-05-29 10:06:00-04:00,2024-05-29 10:24:00-04:00,STOP,18825.5,18848.737837602377,10.844324214443011,16.266486321664516,18848.737837602377,-10.844324214443011,-1.0,rb,3,3,RB2-049939,18831.25,18840.25,NQM4
EP-70176,EP-70176-ENTRY_ON_FIRST_CLOSE_OUTSIDE,ENTRY_ON_FIRST_CLOSE_OUTSIDE,-1,2024-05-29 10:24:00-04:00,2024-05-29 10:24:00-04:00,STOP,18826.0,18849.08811565532,10.77445397248239,16.161680958723583,18849.08811565532,-10.77445397248239,-1.0,rb,3,3,RB2-049940,18842.0,18844.25,NQM4
EP-70176,EP-70176-ENTRY_ON_MINIMAL_WICK_REJECTION,ENTRY_ON_MINIMAL_WICK_REJECTION,-1,2024-05-29 10:24:00-04:00,2024-05-29 10:24:00-04:00,STOP,18826.0,18849.08811565532,10.77445397248239,16.161680958723583,18849.08811565532,-10.77445397248239,-1.0,rb,3,3,RB2-049940,18842.0,18844.25,NQM4
EP-71371,EP-71371-ENTRY_ON_FIRST_CLOSE_OUTSIDE,ENTRY_ON_FIRST_CLOSE_OUTSIDE,1,2024-05-30 09:48:00-04:00,2024-05-30 09:56:00-04:00,STOP,18742.5,18718.80429351986,11.057996357398585,16.586994536097876,18718.80429351986,-11.057996357398585,-1.0,rb,1,1,RB2-033013,18726.5,18739.5,NQM4
EP-71380,EP-71380-ENTRY_ON_FIRST_CLOSE_OUTSIDE,ENTRY_ON_FIRST_CLOSE_OUTSIDE,-1,2024-05-30 10:03:00-04:00,2024-05-30 10:11:00-04:00,TARGET,18732.75,18758.051313897053,11.807279818624107,17.710919727936158,18715.039080272065,8.265095873036516,0.6999999999999696,rb,3,3,RB2-050132,18740.75,18747.5,NQM4
EP-72621,EP-72621-ENTRY_ON_DELAYED_DISPLACEMENT,ENTRY_ON_DELAYED_DISPLACEMENT,-1,2024-05-31 09:30:00-04:00,2024-05-31 09:33:00-04:00,TARGET,18602.0,18620.459960307988,8.614648143727388,12.921972215591083,18589.07802778441,6.030253700609001,0.6999999999999802,rb,5,5,RB2-059305,18647.0,18656.5,NQM4
EP-72644,EP-72644-ENTRY_ON_FIRST_CLOSE_OUTSIDE,ENTRY_ON_FIRST_CLOSE_OUTSIDE,-1,2024-05-31 09:36:00-04:00,2024-05-31 09:37:00-04:00,STOP,18592.25,18614.461592253527,10.365409718312728,15.548114577469093,18614.461592253527,-10.365409718312728,-1.0,rb,3,3,RB2-050325,18614.75,18624.0,NQM4
EP-72668,EP-72668-ENTRY_ON_TAP,ENTRY_ON_TAP,-1,2024-05-31 09:49:00-04:00,2024-05-31 09:50:00-04:00,TARGET,18590.75,18620.06699226407,13.681263056565586,20.52189458484838,18570.22810541515,9.576884139595622,0.699999999999979,rb,1,1,RB2-033587,18588.75,18607.75,NQM4
EP-73954,EP-73954-ENTRY_ON_FIRST_CLOSE_OUTSIDE,ENTRY_ON_FIRST_CLOSE_OUTSIDE,1,2024-06-03 09:33:00-04:00,2024-06-03 09:37:00-04:00,TARGET,18713.75,18698.4982808653,7.1174689295265985,10.676203394289898,18724.42620339429,4.98222825066868,0.7000000000000085,rb,3,3,RB2-050534,18703.25,18704.75,NQM4
EP-73969,EP-73969-ENTRY_ON_TAP,ENTRY_ON_TAP,1,2024-06-03 09:50:00-04:00,2024-06-03 09:51:00-04:00,STOP,18731.0,18708.151698352274,10.662540768938271,15.993811153407407,18708.151698352274,-10.662540768938271,-1.0,rb,3,1,RB2-050537,18719.25,18727.25,NQM4
EP-73994,EP-73994-ENTRY_ON_TAP,ENTRY_ON_TAP,-1,2024-06-03 10:19:00-04:00,2024-06-03 10:35:00-04:00,TARGET,18691.0,18726.130064370787,16.394030039701306,24.59104505955196,18666.40895494045,11.475821027791312,0.7000000000000243,rb,3,1,RB2-050543,18694.75,18706.75,NQM4
EP-75220,EP-75220-ENTRY_ON_FIRST_CLOSE_OUTSIDE,ENTRY_ON_FIRST_CLOSE_OUTSIDE,-1,2024-06-04 10:05:00-04:00,2024-06-04 10:05:00-04:00,TARGET,18632.25,18666.424367617492,15.948038221495755,23.922057332243632,18608.327942667758,11.163626755046687,0.6999999999999785,rb,3,1,RB2-050724,18644.25,18664.0,NQM4
EP-75220,EP-75220-ENTRY_ON_MINIMAL_WICK_REJECTION,ENTRY_ON_MINIMAL_WICK_REJECTION,-1,2024-06-04 10:05:00-04:00,2024-06-04 10:05:00-04:00,TARGET,18632.25,18666.424367617492,15.948038221495755,23.922057332243632,18608.327942667758,11.163626755046687,0.6999999999999785,rb,3,1,RB2-050724,18644.25,18664.0,NQM4
EP-75220,EP-75220-ENTRY_ON_IMMEDIATE_DISPLACEMENT,ENTRY_ON_IMMEDIATE_DISPLACEMENT,-1,2024-06-04 10:05:00-04:00,2024-06-04 10:05:00-04:00,TARGET,18632.25,18666.424367617492,15.948038221495755,23.922057332243632,18608.327942667758,11.163626755046687,0.6999999999999785,rb,3,1,RB2-050724,18644.25,18664.0,NQM4
EP-75222,EP-75222-ENTRY_ON_TAP,ENTRY_ON_TAP,-1,2024-06-04 10:05:00-04:00,2024-06-04 10:05:00-04:00,TARGET,18632.25,18666.424367617492,15.948038221495755,23.922057332243632,18608.327942667758,11.163626755046687,0.6999999999999785,rb,1,1,RB2-034769,18652.0,18656.25,NQM4
EP-76495,EP-76495-ENTRY_ON_TAP,ENTRY_ON_TAP,1,2024-06-05 09:51:00-04:00,2024-06-05 09:52:00-04:00,TARGET,18827.0,18804.988409952683,10.27207535541489,15.408113033122333,18842.40811303312,7.190452748790482,0.7000000000000057,rb,1,1,RB2-035345,18818.25,18820.0,NQM4
EP-77760,EP-77760-ENTRY_ON_TAP,ENTRY_ON_TAP,-1,2024-06-06 11:04:00-04:00,2024-06-06 11:23:00-04:00,TARGET,19090.0,19112.203695691653,10.361724656103881,15.542586984155822,19074.457413015843,7.253207259272224,0.6999999999999524,rb,1,1,RB2-035928,19091.0,19094.0,NQM4
EP-81227,EP-81227-ENTRY_ON_TAP,ENTRY_ON_TAP,-1,2024-06-11 09:36:00-04:00,2024-06-11 09:39:00-04:00,TARGET,19074.0,19089.99118379589,7.4625524380815,11.19382865712225,19062.806171342876,5.223786706656762,0.6999999999999614,rb,3,3,RB2-051698,19074.5,19076.25,NQM4
EP-00536,EP-00536-ENTRY_ON_TAP,ENTRY_ON_TAP,-1,2024-06-13 09:51:00-04:00,2024-06-13 09:52:00-04:00,TARGET,19911.0,19934.206161013477,10.82954180628991,16.244312709434865,19894.755687290566,7.580679264403402,0.7000000000000429,rb,1,1,RB2-000232,19915.25,19921.25,NQU4
EP-05412,EP-05412-ENTRY_ON_FIRST_CLOSE_OUTSIDE,ENTRY_ON_FIRST_CLOSE_OUTSIDE,1,2024-06-19 09:53:00-04:00,2024-06-19 10:26:00-04:00,STOP,20240.25,20233.6702586331,3.070545971220076,4.605818956830114,20240.25,-0.0,-0.0,rb,1,1,RB2-002470,20237.75,20239.25,NQU4
EP-06424,EP-06424-ENTRY_ON_FIRST_CLOSE_OUTSIDE,ENTRY_ON_FIRST_CLOSE_OUTSIDE,1,2024-06-20 09:39:00-04:00,2024-06-20 09:42:00-04:00,TARGET,20227.0,20205.949237238772,9.823689288572213,14.73553393285832,20241.735533932857,6.876582502000012,0.6999999999999453,rb,3,3,RB2-038637,20207.75,20221.5,NQU4
EP-07752,EP-07752-ENTRY_ON_TAP,ENTRY_ON_TAP,-1,2024-06-21 09:37:00-04:00,2024-06-21 09:38:00-04:00,TARGET,20007.0,20033.722427484106,12.470466159249941,18.705699238874914,19988.294300761125,8.729326311475145,0.7000000000000149,rb,1,1,RB2-003535,20020.5,20028.0,NQU4
EP-09117,EP-09117-ENTRY_ON_TAP,ENTRY_ON_TAP,1,2024-06-24 10:31:00-04:00,2024-06-24 10:35:00-04:00,TARGET,19909.75,19874.14659352873,16.614923019925783,24.922384529888674,19934.672384529887,11.63044611394809,0.7000000000000025,rb,1,1,RB2-004157,19882.0,19891.5,NQU4
EP-10388,EP-10388-ENTRY_ON_FIRST_CLOSE_OUTSIDE,ENTRY_ON_FIRST_CLOSE_OUTSIDE,-1,2024-06-25 10:56:00-04:00,2024-06-25 11:01:00-04:00,STOP,19855.25,19879.891355187716,11.499299087600415,17.248948631400623,19879.891355187716,-11.499299087600415,-1.0,rb,1,1,RB2-004755,19860.75,19867.0,NQU4
EP-11589,EP-11589-ENTRY_ON_TAP,ENTRY_ON_TAP,1,2024-06-26 10:30:00-04:00,2024-06-26 10:31:00-04:00,TARGET,19959.25,19931.30873206545,13.039258369457285,19.558887554185926,19978.808887554187,9.127480858620062,0.6999999999999972,rb,3,3,RB2-039453,19941.75,19947.25,NQU4
EP-12776,EP-12776-ENTRY_ON_FIRST_CLOSE_OUTSIDE,ENTRY_ON_FIRST_CLOSE_OUTSIDE,-1,2024-06-27 09:42:00-04:00,2024-06-27 09:50:00-04:00,TARGET,20073.0,20096.52646859865,10.979018679371048,16.46852801905657,20056.531471980943,7.685313075560054,0.7000000000000292,rb,1,1,RB2-005868,20093.0,20101.5,NQU4
EP-13960,EP-13960-ENTRY_ON_TAP,ENTRY_ON_TAP,1,2024-06-28 09:33:00-04:00,2024-06-28 09:36:00-04:00,TARGET,20053.25,20031.66207423213,10.074365358340676,15.111548037511014,20068.361548037512,7.052055750838878,0.7000000000000401,rb,1,1,RB2-006435,20039.25,20048.75,NQU4
EP-15222,EP-15222-ENTRY_ON_FIRST_CLOSE_OUTSIDE,ENTRY_ON_FIRST_CLOSE_OUTSIDE,1,2024-07-01 09:40:00-04:00,2024-07-01 09:40:00-04:00,STOP,19954.25,19928.049991580938,12.226670595562757,18.340005893344134,19928.049991580938,-12.226670595562757,-1.0,rb,5,5,RB2-052093,19937.75,19941.25,NQU4
EP-15222,EP-15222-ENTRY_ON_MINIMAL_WICK_REJECTION,ENTRY_ON_MINIMAL_WICK_REJECTION,1,2024-07-01 09:40:00-04:00,2024-07-01 09:40:00-04:00,STOP,19954.25,19928.049991580938,12.226670595562757,18.340005893344134,19928.049991580938,-12.226670595562757,-1.0,rb,5,5,RB2-052093,19937.75,19941.25,NQU4
EP-15279,EP-15279-ENTRY_ON_TAP,ENTRY_ON_TAP,-1,2024-07-01 10:23:00-04:00,2024-07-01 10:35:00-04:00,TARGET,19937.0,19979.909237528103,20.024310846448042,30.03646626967206,19906.963533730326,14.01701759251348,0.6999999999999925,rb,3,1,RB2-040017,19934.5,19947.75,NQU4
EP-15300,EP-15300-ENTRY_ON_TAP,ENTRY_ON_TAP,1,2024-07-01 10:49:00-04:00,2024-07-01 11:12:00-04:00,TARGET,19901.5,19860.160682364025,19.291681563454674,28.93752234518201,19930.437522345183,13.504177094418035,0.6999999999999877,rb,5,1,RB2-052112,19877.0,19902.0,NQU4
EP-16527,EP-16527-ENTRY_ON_TAP,ENTRY_ON_TAP,-1,2024-07-02 09:50:00-04:00,2024-07-02 10:00:00-04:00,TARGET,20060.75,20093.063641858953,15.07969953417864,22.61954930126796,20038.130450698733,10.55578967392548,0.7000000000000286,rb,5,5,RB2-052234,20070.25,20082.75,NQU4
EP-19561,EP-19561-ENTRY_ON_TAP,ENTRY_ON_TAP,1,2024-07-05 09:44:00-04:00,2024-07-05 09:46:00-04:00,STOP,20467.5,20443.21752255945,11.331822805589114,16.997734208383672,20443.21752255945,-11.331822805589114,-1.0,rb,1,1,RB2-009072,20464.5,20469.5,NQU4
EP-20659,EP-20659-ENTRY_ON_TAP,ENTRY_ON_TAP,1,2024-07-08 09:40:00-04:00,2024-07-08 09:43:00-04:00,TARGET,20613.25,20596.690071687677,7.727966545749974,11.591949818624961,20624.841949818627,5.409576582024489,0.6999999999999362,rb,1,1,RB2-009616,20605.75,20611.5,NQU4
EP-20676,EP-20676-ENTRY_ON_DELAYED_DISPLACEMENT,ENTRY_ON_DELAYED_DISPLACEMENT,1,2024-07-08 10:00:00-04:00,2024-07-08 10:00:00-04:00,STOP,20635.0,20614.258104795033,9.679551095650401,14.519326643475601,20614.258104795033,-9.679551095650401,-1.0,rb,1,1,RB2-009624,20619.75,20626.0,NQU4
EP-20680,EP-20680-ENTRY_ON_FIRST_CLOSE_OUTSIDE,ENTRY_ON_FIRST_CLOSE_OUTSIDE,1,2024-07-08 10:00:00-04:00,2024-07-08 10:00:00-04:00,STOP,20635.0,20614.258104795033,9.679551095650401,14.519326643475601,20614.258104795033,-9.679551095650401,-1.0,rb,3,1,RB2-040903,20619.75,20630.25,NQU4
EP-20680,EP-20680-ENTRY_ON_MINIMAL_WICK_REJECTION,ENTRY_ON_MINIMAL_WICK_REJECTION,1,2024-07-08 10:00:00-04:00,2024-07-08 10:00:00-04:00,STOP,20635.0,20614.258104795033,9.679551095650401,14.519326643475601,20614.258104795033,-9.679551095650401,-1.0,rb,3,1,RB2-040903,20619.75,20630.25,NQU4
EP-20680,EP-20680-ENTRY_ON_DELAYED_DISPLACEMENT,ENTRY_ON_DELAYED_DISPLACEMENT,1,2024-07-08 10:00:00-04:00,2024-07-08 10:00:00-04:00,STOP,20635.0,20614.258104795033,9.679551095650401,14.519326643475601,20614.258104795033,-9.679551095650401,-1.0,rb,3,1,RB2-040903,20619.75,20630.25,NQU4
EP-20681,EP-20681-ENTRY_ON_TAP,ENTRY_ON_TAP,1,2024-07-08 10:00:00-04:00,2024-07-08 10:00:00-04:00,STOP,20635.0,20614.258104795033,9.679551095650401,14.519326643475601,20614.258104795033,-9.679551095650401,-1.0,rb,3,3,RB2-040903,20619.75,20630.25,NQU4
EP-21918,EP-21918-ENTRY_ON_FIRST_CLOSE_OUTSIDE,ENTRY_ON_FIRST_CLOSE_OUTSIDE,1,2024-07-09 10:42:00-04:00,2024-07-09 11:04:00-04:00,STOP,20725.25,20698.359505201355,12.548897572700188,18.823346359050284,20698.359505201355,-12.548897572700188,-1.0,rb,1,1,RB2-010216,20711.0,20715.25,NQU4
EP-26671,EP-26671-ENTRY_ON_TAP,ENTRY_ON_TAP,-1,2024-07-15 09:54:00-04:00,2024-07-15 09:58:00-04:00,TARGET,20635.5,20670.46819213277,16.31848966195834,24.477734492937508,20611.02226550706,11.422942763370694,0.6999999999999912,rb,3,3,RB2-041912,20613.75,20640.25,NQU4
EP-27926,EP-27926-ENTRY_ON_FIRST_CLOSE_OUTSIDE,ENTRY_ON_FIRST_CLOSE_OUTSIDE,-1,2024-07-16 09:43:00-04:00,2024-07-16 09:43:00-04:00,TARGET,20665.0,20689.73195710574,11.541579982680163,17.312369974020246,20647.68763002598,8.079105987876687,0.7000000000000496,rb,1,1,RB2-013035,20680.25,20684.5,NQU4
EP-29145,EP-29145-ENTRY_ON_FIRST_CLOSE_OUTSIDE,ENTRY_ON_FIRST_CLOSE_OUTSIDE,-1,2024-07-17 09:37:00-04:00,2024-07-17 09:37:00-04:00,TARGET,20255.0,20282.69406817079,12.923898479701622,19.385847719552434,20235.614152280446,9.046728935791116,0.6999999999999985,rb,5,1,RB2-053481,20260.5,20267.5,NQU4
EP-29145,EP-29145-ENTRY_ON_MINIMAL_WICK_REJECTION,ENTRY_ON_MINIMAL_WICK_REJECTION,-1,2024-07-17 09:37:00-04:00,2024-07-17 09:37:00-04:00,TARGET,20255.0,20282.69406817079,12.923898479701622,19.385847719552434,20235.614152280446,9.046728935791116,0.6999999999999985,rb,5,1,RB2-053481,20260.5,20267.5,NQU4
EP-29145,EP-29145-ENTRY_ON_IMMEDIATE_DISPLACEMENT,ENTRY_ON_IMMEDIATE_DISPLACEMENT,-1,2024-07-17 09:37:00-04:00,2024-07-17 09:37:00-04:00,TARGET,20255.0,20282.69406817079,12.923898479701622,19.385847719552434,20235.614152280446,9.046728935791116,0.6999999999999985,rb,5,1,RB2-053481,20260.5,20267.5,NQU4
EP-30358,EP-30358-ENTRY_ON_TAP,ENTRY_ON_TAP,1,2024-07-18 09:33:00-04:00,2024-07-18 09:36:00-04:00,STOP,20110.25,20090.86827754725,9.044803811283245,13.567205716924867,20090.86827754725,-9.044803811283245,-1.0,rb,3,3,RB2-042524,20102.75,20108.0,NQU4
EP-30399,EP-30399-ENTRY_ON_FIRST_CLOSE_OUTSIDE,ENTRY_ON_FIRST_CLOSE_OUTSIDE,-1,2024-07-18 10:02:00-04:00,2024-07-18 10:06:00-04:00,STOP,20058.5,20095.04574422975,17.05468064054957,25.582020960824355,20095.04574422975,-17.05468064054957,-1.0,rb,3,1,RB2-042534,20074.25,20081.75,NQU4
EP-31713,EP-31713-ENTRY_ON_TAP,ENTRY_ON_TAP,-1,2024-07-19 11:02:00-04:00,2024-07-19 11:08:00-04:00,TARGET,19861.75,19904.491289746496,19.94593521503152,29.918902822547278,19831.83109717745,13.962154650521942,0.699999999999994,rb,3,1,RB2-042747,19863.0,19872.25,NQU4
EP-32939,EP-32939-ENTRY_ON_TAP,ENTRY_ON_TAP,-1,2024-07-22 10:05:00-04:00,2024-07-22 10:06:00-04:00,TARGET,19932.0,19969.88350429987,17.67896867327235,26.518453009908526,19905.481546990093,12.375278071290769,0.700000000000007,rb,1,1,RB2-015348,19946.0,19956.5,NQU4
EP-36902,EP-36902-ENTRY_ON_TAP,ENTRY_ON_TAP,-1,2024-07-25 09:40:00-04:00,2024-07-25 09:41:00-04:00,STOP,19134.75,19177.293390581814,19.853582271513062,29.780373407269593,19177.293390581814,-19.853582271513062,-1.0,rb,3,1,RB2-043597,19126.25,19166.5,NQU4
EP-38219,EP-38219-ENTRY_ON_TAP,ENTRY_ON_TAP,-1,2024-07-26 10:16:00-04:00,2024-07-26 10:19:00-04:00,TARGET,19105.75,19164.446834788178,27.39185623448278,41.08778435172417,19064.662215648277,19.1742993641379,0.6999999999999984,rb,5,1,RB2-054379,19087.0,19125.75,NQU4
EP-38263,EP-38263-ENTRY_ON_MINIMAL_WICK_REJECTION,ENTRY_ON_MINIMAL_WICK_REJECTION,-1,2024-07-26 11:13:00-04:00,2024-07-26 11:44:00-04:00,STOP,19114.25,19162.579201132306,22.553627195075514,33.830440792613274,19162.579201132306,-22.553627195075514,-1.0,rb,5,1,RB2-054383,19141.25,19161.75,NQU4
EP-40718,EP-40718-ENTRY_ON_FIRST_CLOSE_OUTSIDE,ENTRY_ON_FIRST_CLOSE_OUTSIDE,-1,2024-07-30 09:39:00-04:00,2024-07-30 09:41:00-04:00,STOP,19287.0,19310.06688479523,10.7645462377737,16.14681935666055,19310.06688479523,-10.7645462377737,-1.0,rb,1,1,RB2-018920,19291.0,19298.0,NQU4
EP-40739,EP-40739-ENTRY_ON_FIRST_CLOSE_OUTSIDE,ENTRY_ON_FIRST_CLOSE_OUTSIDE,1,2024-07-30 10:10:00-04:00,2024-07-30 10:22:00-04:00,STOP,19223.0,19182.99988812887,18.666718873193886,28.00007830979083,19182.99988812887,-18.666718873193886,-1.0,rb,5,5,RB2-054595,19186.5,19190.0,NQU4
EP-44538,EP-44538-ENTRY_ON_TAP,ENTRY_ON_TAP,1,2024-08-02 09:52:00-04:00,2024-08-02 10:05:00-04:00,STOP,18604.75,18526.05042101966,36.726470190825665,55.0897052862385,18526.05042101966,-36.726470190825665,-1.0,rb,3,1,RB2-044829,18602.0,18626.75,NQU4
EP-44573,EP-44573-ENTRY_ON_TAP,ENTRY_ON_TAP,-1,2024-08-02 10:28:00-04:00,2024-08-02 10:36:00-04:00,TARGET,18500.25,18576.382819079245,35.52864890364826,53.29297335547239,18446.957026644526,24.87005423255431,0.7000000000000148,rb,3,1,RB2-044835,18487.25,18502.0,NQU4
EP-47164,EP-47164-ENTRY_ON_TAP,ENTRY_ON_TAP,-1,2024-08-06 11:37:00-04:00,2024-08-06 11:49:00-04:00,STOP,18249.25,18308.16650204056,27.49436761892847,41.24155142839271,18308.16650204056,-27.49436761892847,-1.0,rb,3,1,RB2-045237,18232.0,18263.0,NQU4
EP-48358,EP-48358-ENTRY_ON_TAP,ENTRY_ON_TAP,1,2024-08-07 09:33:00-04:00,2024-08-07 09:35:00-04:00,TARGET,18479.25,18449.334413311248,13.960607121417828,20.94091068212674,18500.190910682126,9.772424984992565,0.7000000000000061,rb,1,1,RB2-022628,18478.0,18487.5,NQU4
EP-49652,EP-49652-ENTRY_ON_FIRST_CLOSE_OUTSIDE,ENTRY_ON_FIRST_CLOSE_OUTSIDE,-1,2024-08-08 09:35:00-04:00,2024-08-08 09:37:00-04:00,TARGET,18214.25,18261.336928778117,21.973900096455207,32.96085014468281,18181.289149855318,15.381730067519069,0.7000000000000193,rb,5,5,RB2-055517,18229.0,18252.25,NQU4
EP-52100,EP-52100-ENTRY_ON_TAP,ENTRY_ON_TAP,-1,2024-08-12 09:52:00-04:00,2024-08-12 09:56:00-04:00,TARGET,18579.25,18616.67287748507,17.46400949303363,26.196014239550443,18553.05398576045,12.224806645123959,0.7000000000000239,rb,1,1,RB2-024415,18590.5,18604.75,NQU4
EP-52112,EP-52112-ENTRY_ON_TAP,ENTRY_ON_TAP,-1,2024-08-12 10:04:00-04:00,2024-08-12 10:07:00-04:00,STOP,18573.25,18614.701021987014,19.34381026060661,29.015715390909914,18614.701021987014,-19.34381026060661,-1.0,rb,3,1,RB2-046029,18571.25,18585.75,NQU4
EP-52219,EP-52219-ENTRY_ON_NEW_IFVG,ENTRY_ON_NEW_IFVG,1,2024-08-12 11:52:00-04:00,2024-08-12 11:58:00-04:00,TARGET,18682.5,18639.22852124126,20.193356754078376,30.290035131117563,18712.79003513112,14.135349727854905,0.7000000000000021,rb,1,1,RB2-024471,18612.75,18621.5,NQU4
EP-53291,EP-53291-ENTRY_ON_TAP,ENTRY_ON_TAP,1,2024-08-13 09:56:00-04:00,2024-08-13 09:58:00-04:00,TARGET,18871.75,18836.800556153343,16.309740461773732,24.4646106926606,18896.21461069266,11.416818323241863,0.7000000000000154,rb,3,1,RB2-046226,18866.75,18881.25,NQU4
EP-54393,EP-54393-ENTRY_ON_NEW_FVG,ENTRY_ON_NEW_FVG,1,2024-08-14 09:32:00-04:00,2024-08-14 09:33:00-04:00,STOP,19163.0,19136.595045651524,12.322312029289453,18.48346804393418,19136.595045651524,-12.322312029289453,-1.0,rb,1,1,RB2-025517,19122.5,19126.0,NQU4
EP-55673,EP-55673-ENTRY_ON_TAP,ENTRY_ON_TAP,1,2024-08-15 09:47:00-04:00,2024-08-15 09:49:00-04:00,TARGET,19376.25,19339.232028557744,17.27505333971865,25.912580009577972,19402.16258000958,12.092537337802593,0.6999999999999733,rb,3,1,RB2-046628,19346.0,19364.0,NQU4
EP-58114,EP-58114-ENTRY_ON_FIRST_CLOSE_OUTSIDE,ENTRY_ON_FIRST_CLOSE_OUTSIDE,-1,2024-08-19 09:34:00-04:00,2024-08-19 09:34:00-04:00,TARGET,19596.5,19612.666654956258,7.544438979587125,11.316658469380688,19585.18334153062,5.281107285711079,0.7000000000000122,rb,1,1,RB2-027239,19604.5,19614.5,NQU4
EP-58114,EP-58114-ENTRY_ON_MINIMAL_WICK_REJECTION,ENTRY_ON_MINIMAL_WICK_REJECTION,-1,2024-08-19 09:34:00-04:00,2024-08-19 09:34:00-04:00,TARGET,19596.5,19612.666654956258,7.544438979587125,11.316658469380688,19585.18334153062,5.281107285711079,0.7000000000000122,rb,1,1,RB2-027239,19604.5,19614.5,NQU4
EP-59445,EP-59445-ENTRY_ON_TAP,ENTRY_ON_TAP,1,2024-08-20 11:44:00-04:00,2024-08-20 11:53:00-04:00,TARGET,19792.25,19764.812458646917,12.804185964772829,19.206278947159245,19811.45627894716,8.962930175341397,0.7000000000000325,rb,1,1,RB2-027868,19785.25,19790.0,NQU4
EP-60610,EP-60610-ENTRY_ON_DELAYED_DISPLACEMENT,ENTRY_ON_DELAYED_DISPLACEMENT,-1,2024-08-21 09:38:00-04:00,2024-08-21 09:39:00-04:00,STOP,19830.25,19848.533401324134,8.532253951262065,12.798380926893099,19848.533401324134,-8.532253951262065,-1.0,rb,1,1,RB2-028390,19843.5,19849.25,NQU4
EP-60711,EP-60711-ENTRY_ON_FIRST_CLOSE_OUTSIDE,ENTRY_ON_FIRST_CLOSE_OUTSIDE,1,2024-08-21 11:12:00-04:00,2024-08-21 11:42:00-04:00,STOP,19883.0,19841.922226203642,19.169627771634364,28.754441657451544,19841.922226203642,-19.169627771634364,-1.0,rb,3,3,RB2-047466,19802.5,19824.25,NQU4
EP-63124,EP-63124-ENTRY_ON_FIRST_CLOSE_OUTSIDE,ENTRY_ON_FIRST_CLOSE_OUTSIDE,1,2024-08-23 09:33:00-04:00,2024-08-23 09:35:00-04:00,TARGET,19720.5,19703.834105668127,7.777417354874554,11.666126032311832,19732.166126032313,5.444192148412676,0.7000000000000628,rb,5,1,RB2-056885,19716.25,19717.25,NQU4
EP-63131,EP-63131-ENTRY_ON_FIRST_CLOSE_OUTSIDE,ENTRY_ON_FIRST_CLOSE_OUTSIDE,1,2024-08-23 09:42:00-04:00,2024-08-23 09:43:00-04:00,STOP,19734.25,19712.72332396852,10.045782148024331,15.068673222036498,19712.72332396852,-10.045782148024331,-1.0,rb,3,3,RB2-047850,19706.5,19720.5,NQU4
EP-63161,EP-63161-ENTRY_ON_TAP,ENTRY_ON_TAP,-1,2024-08-23 10:06:00-04:00,2024-08-23 10:06:00-04:00,TARGET,19808.0,19849.578028150216,19.403079803433275,29.104619705149915,19778.89538029485,13.582155862402796,0.6999999999999744,rb,5,1,RB2-056909,19845.75,19868.5,NQU4
EP-63168,EP-63168-ENTRY_ON_FIRST_CLOSE_OUTSIDE,ENTRY_ON_FIRST_CLOSE_OUTSIDE,-1,2024-08-23 10:17:00-04:00,2024-08-23 10:17:00-04:00,TARGET,19842.75,19894.87258272295,24.323871937376257,36.48580790606439,19806.264192093935,17.026710356163086,0.6999999999999879,rb,1,1,RB2-029609,19884.25,19896.75,NQU4
EP-63168,EP-63168-ENTRY_ON_MINIMAL_WICK_REJECTION,ENTRY_ON_MINIMAL_WICK_REJECTION,-1,2024-08-23 10:17:00-04:00,2024-08-23 10:17:00-04:00,TARGET,19842.75,19894.87258272295,24.323871937376257,36.48580790606439,19806.264192093935,17.026710356163086,0.6999999999999879,rb,1,1,RB2-029609,19884.25,19896.75,NQU4
EP-63168,EP-63168-ENTRY_ON_DELAYED_DISPLACEMENT,ENTRY_ON_DELAYED_DISPLACEMENT,-1,2024-08-23 10:17:00-04:00,2024-08-23 10:17:00-04:00,TARGET,19842.75,19894.87258272295,24.323871937376257,36.48580790606439,19806.264192093935,17.026710356163086,0.6999999999999879,rb,1,1,RB2-029609,19884.25,19896.75,NQU4
EP-64471,EP-64471-ENTRY_ON_DELAYED_DISPLACEMENT,ENTRY_ON_DELAYED_DISPLACEMENT,1,2024-08-26 10:58:00-04:00,2024-08-26 11:03:00-04:00,TARGET,19585.25,19550.189565024713,16.361536321800322,24.542304482700484,19609.7923044827,11.453075425260154,0.6999999999999956,rb,1,1,RB2-030213,19565.0,19570.25,NQU4
EP-68152,EP-68152-ENTRY_ON_FIRST_CLOSE_OUTSIDE,ENTRY_ON_FIRST_CLOSE_OUTSIDE,1,2024-08-29 09:55:00-04:00,2024-08-29 09:55:00-04:00,TARGET,19582.0,19534.857906328492,21.999643713369913,32.999465570054866,19614.999465570054,15.399750599358724,0.6999999999999902,rb,1,1,RB2-032006,19550.0,19572.0,NQU4
EP-68152,EP-68152-ENTRY_ON_MINIMAL_WICK_REJECTION,ENTRY_ON_MINIMAL_WICK_REJECTION,1,2024-08-29 09:55:00-04:00,2024-08-29 09:55:00-04:00,TARGET,19582.0,19534.857906328492,21.999643713369913,32.999465570054866,19614.999465570054,15.399750599358724,0.6999999999999902,rb,1,1,RB2-032006,19550.0,19572.0,NQU4
EP-68152,EP-68152-ENTRY_ON_DELAYED_DISPLACEMENT,ENTRY_ON_DELAYED_DISPLACEMENT,1,2024-08-29 09:55:00-04:00,2024-08-29 09:55:00-04:00,TARGET,19582.0,19534.857906328492,21.999643713369913,32.999465570054866,19614.999465570054,15.399750599358724,0.6999999999999902,rb,1,1,RB2-032006,19550.0,19572.0,NQU4
EP-68153,EP-68153-ENTRY_ON_TAP,ENTRY_ON_TAP,1,2024-08-29 09:55:00-04:00,2024-08-29 09:55:00-04:00,TARGET,19582.0,19534.857906328492,21.999643713369913,32.999465570054866,19614.999465570054,15.399750599358724,0.6999999999999902,rb,3,1,RB2-048667,19545.25,19567.25,NQU4
EP-69360,EP-69360-ENTRY_ON_TAP,ENTRY_ON_TAP,-1,2024-08-30 09:38:00-04:00,2024-08-30 09:39:00-04:00,TARGET,19550.5,19579.874198669684,13.707959379185873,20.56193906877881,19529.93806093122,9.595571565430077,0.6999999999999975,rb,3,1,RB2-048875,19559.25,19577.25,NQU4
EP-69365,EP-69365-ENTRY_ON_TAP,ENTRY_ON_TAP,1,2024-08-30 09:49:00-04:00,2024-08-30 09:51:00-04:00,TARGET,19561.25,19525.90422522078,16.49469489696865,24.742042345452973,19585.992042345453,11.546286427877597,0.6999999999999722,rb,3,1,RB2-048877,19529.5,19547.5,NQU4
EP-71713,EP-71713-ENTRY_ON_TAP,ENTRY_ON_TAP,1,2024-09-03 09:38:00-04:00,2024-09-03 09:40:00-04:00,STOP,19406.0,19374.652706279638,14.628737069501915,21.94310560425287,19374.652706279638,-14.628737069501915,-1.0,rb,1,1,RB2-033663,19376.0,19394.75,NQU4
EP-71731,EP-71731-ENTRY_ON_FIRST_CLOSE_OUTSIDE,ENTRY_ON_FIRST_CLOSE_OUTSIDE,1,2024-09-03 09:59:00-04:00,2024-09-03 10:00:00-04:00,STOP,19368.5,19322.565914377254,21.435906623948345,32.15385993592252,19322.565914377254,-21.435906623948345,-1.0,rb,3,1,RB2-049275,19333.0,19346.25,NQU4
EP-71733,EP-71733-ENTRY_ON_TAP,ENTRY_ON_TAP,1,2024-09-03 10:00:00-04:00,2024-09-03 10:00:00-04:00,STOP,19366.5,19320.761084611535,21.34482718128383,32.01724077192574,19320.761084611535,-21.34482718128383,-1.0,rb,3,3,RB2-049275,19333.0,19346.25,NQU4
EP-71735,EP-71735-ENTRY_ON_TAP,ENTRY_ON_TAP,1,2024-09-03 10:00:00-04:00,2024-09-03 10:00:00-04:00,STOP,19366.5,19320.761084611535,21.34482718128383,32.01724077192574,19320.761084611535,-21.34482718128383,-1.0,rb,1,1,RB2-033673,19345.75,19357.0,NQU4
EP-72989,EP-72989-ENTRY_ON_FIRST_CLOSE_OUTSIDE,ENTRY_ON_FIRST_CLOSE_OUTSIDE,1,2024-09-04 10:02:00-04:00,2024-09-04 10:02:00-04:00,TARGET,18885.5,18831.721540091385,25.096614624020123,37.64492193603019,18923.14492193603,17.56763023681383,0.6999999999999899,rb,5,1,RB2-057872,18844.25,18849.0,NQU4
EP-72989,EP-72989-ENTRY_ON_IMMEDIATE_DISPLACEMENT,ENTRY_ON_IMMEDIATE_DISPLACEMENT,1,2024-09-04 10:02:00-04:00,2024-09-04 10:02:00-04:00,TARGET,18885.5,18831.721540091385,25.096614624020123,37.64492193603019,18923.14492193603,17.56763023681383,0.6999999999999899,rb,5,1,RB2-057872,18844.25,18849.0,NQU4
EP-72979,EP-72979-ENTRY_ON_FIRST_CLOSE_OUTSIDE,ENTRY_ON_FIRST_CLOSE_OUTSIDE,-1,2024-09-04 10:03:00-04:00,2024-09-04 10:04:00-04:00,TARGET,18943.75,19000.756440745754,26.603005681352617,39.90450852202893,18903.845491477972,18.62210397694738,0.7000000000000206,rb,3,3,RB2-049476,18970.25,18991.25,NQU4
EP-72991,EP-72991-ENTRY_ON_TAP,ENTRY_ON_TAP,1,2024-09-04 10:05:00-04:00,2024-09-04 10:08:00-04:00,TARGET,18920.5,18860.664657717873,27.923159731658917,41.88473959748838,18962.384739597488,19.546211812160873,0.6999999999999867,rb,5,5,RB2-057872,18844.25,18849.0,NQU4
EP-72999,EP-72999-ENTRY_ON_TAP,ENTRY_ON_TAP,-1,2024-09-04 10:08:00-04:00,2024-09-04 10:30:00-04:00,STOP,18946.0,19008.469592394453,29.152476450744654,43.72871467611698,19008.469592394453,-29.152476450744654,-1.0,rb,3,1,RB2-049478,18943.75,18956.75,NQU4
EP-76713,EP-76713-ENTRY_ON_TAP,ENTRY_ON_TAP,1,2024-09-09 09:44:00-04:00,2024-09-09 09:50:00-04:00,TARGET,18656.25,18626.82536977497,13.731494105013317,20.597241157519974,18676.84724115752,9.612045873509325,0.7000000000000003,rb,1,1,RB2-036055,18647.0,18652.75,NQU4
EP-79386,EP-79386-ENTRY_ON_DELAYED_DISPLACEMENT,ENTRY_ON_DELAYED_DISPLACEMENT,1,2024-09-11 11:37:00-04:00,2024-09-11 11:38:00-04:00,TARGET,18718.0,18679.65512235861,17.894276232648394,26.84141434897259,18744.84141434897,12.525993362853765,0.6999999999999937,rb,1,1,RB2-037310,18687.25,18694.5,NQU4
EP-79386,EP-79386-ENTRY_ON_NEW_FVG,ENTRY_ON_NEW_FVG,1,2024-09-11 11:38:00-04:00,2024-09-11 11:38:00-04:00,TARGET,18721.0,18682.935861307953,17.763264722954712,26.644897084432067,18747.644897084432,12.434285306067915,0.6999999999999784,rb,1,1,RB2-037310,18687.25,18694.5,NQU4
EP-00356,EP-00356-ENTRY_ON_TAP,ENTRY_ON_TAP,1,2024-09-12 09:33:00-04:00,2024-09-12 09:33:00-04:00,TARGET,19471.25,19449.240759943084,10.270978693226986,15.40646803984048,19486.65646803984,7.18968508525869,0.6999999999999804,rb,1,1,RB2-000137,19442.75,19448.25,NQZ4
EP-00368,EP-00368-ENTRY_ON_FIRST_CLOSE_OUTSIDE,ENTRY_ON_FIRST_CLOSE_OUTSIDE,1,2024-09-12 09:53:00-04:00,2024-09-12 09:54:00-04:00,TARGET,19464.0,19420.708956272247,20.20248707295112,30.30373060942668,19494.303730609427,14.141740951065497,0.6999999999999859,rb,1,1,RB2-000146,19418.25,19426.0,NQZ4
EP-00400,EP-00400-ENTRY_ON_DELAYED_DISPLACEMENT,ENTRY_ON_DELAYED_DISPLACEMENT,-1,2024-09-12 10:36:00-04:00,2024-09-12 10:55:00-04:00,STOP,19525.75,19567.516645141615,19.491101066087094,29.23665159913064,19567.516645141615,-19.491101066087094,-1.0,rb,3,3,RB2-037182,19577.75,19583.75,NQZ4
EP-02680,EP-02680-ENTRY_ON_FIRST_CLOSE_OUTSIDE,ENTRY_ON_FIRST_CLOSE_OUTSIDE,1,2024-09-16 09:38:00-04:00,2024-09-16 09:38:00-04:00,TARGET,19589.75,19565.823845114362,11.16553894663052,16.74830841994578,19606.498308419945,7.815877262641139,0.6999999999999799,rb,1,1,RB2-001224,19561.25,19569.0,NQZ4
EP-02680,EP-02680-ENTRY_ON_IMMEDIATE_DISPLACEMENT,ENTRY_ON_IMMEDIATE_DISPLACEMENT,1,2024-09-16 09:38:00-04:00,2024-09-16 09:38:00-04:00,TARGET,19589.75,19565.823845114362,11.16553894663052,16.74830841994578,19606.498308419945,7.815877262641139,0.6999999999999799,rb,1,1,RB2-001224,19561.25,19569.0,NQZ4
EP-02680,EP-02680-ENTRY_ON_NEW_IFVG,ENTRY_ON_NEW_IFVG,1,2024-09-16 09:38:00-04:00,2024-09-16 09:38:00-04:00,TARGET,19589.75,19565.823845114362,11.16553894663052,16.74830841994578,19606.498308419945,7.815877262641139,0.6999999999999799,rb,1,1,RB2-001224,19561.25,19569.0,NQZ4
EP-02687,EP-02687-ENTRY_ON_TAP,ENTRY_ON_TAP,1,2024-09-16 09:43:00-04:00,2024-09-16 09:44:00-04:00,TARGET,19602.0,19575.057113475126,12.573347044940554,18.86002056741083,19620.860020567412,8.801342931458016,0.6999999999999704,rb,3,1,RB2-037555,19587.0,19597.0,NQZ4
EP-02687,EP-02687-ENTRY_ON_FIRST_CLOSE_OUTSIDE,ENTRY_ON_FIRST_CLOSE_OUTSIDE,1,2024-09-16 09:44:00-04:00,2024-09-16 09:48:00-04:00,TARGET,19614.0,19586.327055175567,12.914040918068032,19.37106137710205,19633.371061377104,9.03982864264706,0.6999999999999565,rb,3,1,RB2-037555,19587.0,19597.0,NQZ4
EP-02687,EP-02687-ENTRY_ON_DELAYED_DISPLACEMENT,ENTRY_ON_DELAYED_DISPLACEMENT,1,2024-09-16 09:48:00-04:00,2024-09-16 09:49:00-04:00,TARGET,19626.0,19595.469300126635,14.24765994090313,21.371489911354693,19647.371489911355,9.973361958631834,0.699999999999975,rb,3,1,RB2-037555,19587.0,19597.0,NQZ4
EP-04003,EP-04003-ENTRY_ON_DELAYED_DISPLACEMENT,ENTRY_ON_DELAYED_DISPLACEMENT,1,2024-09-17 10:00:00-04:00,2024-09-17 10:04:00-04:00,TARGET,19760.75,19725.319452582604,16.534255461451544,24.801383192177315,19785.551383192178,11.573978823016084,0.7000000000000002,rb,3,3,RB2-037703,19724.0,19726.5,NQZ4
EP-05264,EP-05264-ENTRY_ON_TAP,ENTRY_ON_TAP,-1,2024-09-18 10:04:00-04:00,2024-09-18 10:06:00-04:00,TARGET,19708.25,19737.69216214914,13.739675669597974,20.60951350439696,19687.640486495602,9.617772968718649,0.7000000000000048,rb,3,1,RB2-037941,19708.25,19715.0,NQZ4
EP-05265,EP-05265-ENTRY_ON_FIRST_CLOSE_OUTSIDE,ENTRY_ON_FIRST_CLOSE_OUTSIDE,-1,2024-09-18 10:09:00-04:00,2024-09-18 10:11:00-04:00,TARGET,19688.0,19718.552678605953,14.257916682777845,21.386875024166766,19666.613124975833,9.98054167794444,0.6999999999999964,rb,3,3,RB2-037941,19708.25,19715.0,NQZ4
EP-09021,EP-09021-ENTRY_ON_FIRST_CLOSE_OUTSIDE,ENTRY_ON_FIRST_CLOSE_OUTSIDE,1,2024-09-23 09:39:00-04:00,2024-09-23 09:45:00-04:00,TARGET,20056.5,20033.00429861928,10.96466064433631,16.446990966504465,20072.946990966506,7.675262451035118,0.6999999999999726,rb,3,3,RB2-038512,20026.0,20037.75,NQZ4
EP-09015,EP-09015-ENTRY_ON_FIRST_CLOSE_OUTSIDE,ENTRY_ON_FIRST_CLOSE_OUTSIDE,1,2024-09-23 09:45:00-04:00,2024-09-23 09:48:00-04:00,TARGET,20060.25,20035.20307403962,11.68856544817826,17.53284817226739,20077.782848172268,8.181995813724944,0.7000000000000139,rb,5,5,RB2-050807,20026.0,20036.0,NQZ4
EP-10275,EP-10275-ENTRY_ON_FIRST_CLOSE_OUTSIDE,ENTRY_ON_FIRST_CLOSE_OUTSIDE,1,2024-09-24 09:43:00-04:00,2024-09-24 09:50:00-04:00,STOP,20109.5,20086.50251284727,10.732160671274892,16.09824100691234,20086.50251284727,-10.732160671274892,-1.0,rb,5,1,RB2-050939,20093.5,20096.25,NQZ4
EP-10330,EP-10330-ENTRY_ON_TAP,ENTRY_ON_TAP,1,2024-09-24 10:53:00-04:00,2024-09-24 10:57:00-04:00,TARGET,20044.75,20008.19903649975,17.057116300116178,25.585674450174267,20070.335674450173,11.939981410081291,0.6999999999999981,rb,1,1,RB2-004715,20027.25,20033.5,NQZ4
EP-11397,EP-11397-ENTRY_ON_TAP,ENTRY_ON_TAP,-1,2024-09-25 09:33:00-04:00,2024-09-25 09:33:00-04:00,STOP,20164.0,20176.980713266126,6.057666190859002,9.086499286288502,20176.980713266126,-6.057666190859002,-1.0,rb,1,1,RB2-005230,20169.5,20176.25,NQZ4
EP-11400,EP-11400-ENTRY_ON_FIRST_CLOSE_OUTSIDE,ENTRY_ON_FIRST_CLOSE_OUTSIDE,-1,2024-09-25 09:39:00-04:00,2024-09-25 09:41:00-04:00,TARGET,20184.25,20201.073625913068,7.851025426098316,11.776538139147473,20172.473461860853,5.495717798268729,0.6999999999999883,rb,1,1,RB2-005233,20201.25,20206.0,NQZ4
EP-11401,EP-11401-ENTRY_ON_TAP,ENTRY_ON_TAP,-1,2024-09-25 09:41:00-04:00,2024-09-25 09:41:00-04:00,TARGET,20185.25,20202.757226378,8.17003897639932,12.255058464598982,20172.994941535402,5.719027283479556,0.7000000000000038,rb,5,1,RB2-051052,20188.0,20206.0,NQZ4
EP-12604,EP-12604-ENTRY_ON_TAP,ENTRY_ON_TAP,1,2024-09-26 09:45:00-04:00,2024-09-26 09:48:00-04:00,STOP,20437.0,20410.4896199874,12.371510672547108,18.557266008820662,20410.4896199874,-12.371510672547108,-1.0,rb,5,5,RB2-051182,20424.0,20445.5,NQZ4
EP-15069,EP-15069-ENTRY_ON_FIRST_CLOSE_OUTSIDE,ENTRY_ON_FIRST_CLOSE_OUTSIDE,1,2024-09-30 09:47:00-04:00,2024-09-30 09:58:00-04:00,STOP,20244.5,20218.414681026436,12.173148854330462,18.259723281495692,20218.414681026436,-12.173148854330462,-1.0,rb,5,1,RB2-051427,20226.5,20242.0,NQZ4
EP-16360,EP-16360-ENTRY_ON_FIRST_CLOSE_OUTSIDE,ENTRY_ON_FIRST_CLOSE_OUTSIDE,-1,2024-10-01 10:03:00-04:00,2024-10-01 10:07:00-04:00,TARGET,20032.0,20082.413951712428,23.52651079913351,35.28976619870026,19996.7102338013,16.468557559393876,0.7000000000000178,rb,3,3,RB2-039752,20039.25,20068.0,NQZ4
EP-18893,EP-18893-ENTRY_ON_TAP,ENTRY_ON_TAP,1,2024-10-03 10:24:00-04:00,2024-10-03 10:33:00-04:00,TARGET,19974.75,19919.699782358453,25.690101566055198,38.53515234908279,20013.285152349083,17.98307109623871,0.7000000000000028,rb,3,3,RB2-040154,19933.25,19940.75,NQZ4
EP-18914,EP-18914-ENTRY_ON_TAP,ENTRY_ON_TAP,1,2024-10-03 10:41:00-04:00,2024-10-03 10:47:00-04:00,TARGET,19961.5,19906.989266384448,25.43834235392404,38.15751353088606,19999.657513530885,17.806839647746518,0.6999999999999879,rb,5,1,RB2-051801,19932.0,19961.75,NQZ4
EP-21349,EP-21349-ENTRY_ON_TAP,ENTRY_ON_TAP,-1,2024-10-07 10:07:00-04:00,2024-10-07 10:16:00-04:00,STOP,20133.25,20169.67755465492,16.99952550563046,25.499288258445688,20169.67755465492,-16.99952550563046,-1.0,rb,1,1,RB2-009878,20142.5,20151.5,NQZ4
EP-22538,EP-22538-ENTRY_ON_FIRST_CLOSE_OUTSIDE,ENTRY_ON_FIRST_CLOSE_OUTSIDE,-1,2024-10-08 11:12:00-04:00,2024-10-08 11:56:00-04:00,STOP,20228.0,20257.140242761372,13.598779955307464,20.398169932961196,20257.140242761372,-13.598779955307464,-1.0,rb,3,3,RB2-040765,20240.0,20253.5,NQZ4
EP-23687,EP-23687-ENTRY_ON_TAP,ENTRY_ON_TAP,1,2024-10-09 09:43:00-04:00,2024-10-09 09:48:00-04:00,TARGET,20258.25,20233.822863157835,11.39933052634288,17.09899578951432,20275.348995789514,7.979531368439447,0.6999999999999501,rb,5,1,RB2-052266,20242.75,20258.75,NQZ4
EP-24827,EP-24827-ENTRY_ON_STRONG_REJECTION,ENTRY_ON_STRONG_REJECTION,1,2024-10-10 09:35:00-04:00,2024-10-10 09:47:00-04:00,STOP,20375.25,20349.991761233392,11.787178091082975,17.68076713662446,20349.991761233392,-11.787178091082975,-1.0,rb,5,5,RB2-052389,20350.25,20361.0,NQZ4
EP-27267,EP-27267-ENTRY_ON_DELAYED_DISPLACEMENT,ENTRY_ON_DELAYED_DISPLACEMENT,-1,2024-10-14 09:40:00-04:00,2024-10-14 09:43:00-04:00,STOP,20583.0,20600.365012643695,8.103672567057794,12.155508850586692,20600.365012643695,-8.103672567057794,-1.0,rb,3,1,RB2-041537,20594.5,20600.25,NQZ4
EP-27303,EP-27303-ENTRY_ON_TAP,ENTRY_ON_TAP,1,2024-10-14 10:14:00-04:00,2024-10-14 10:17:00-04:00,STOP,20627.25,20603.74988977665,10.966718104230004,16.450077156345007,20603.74988977665,-10.966718104230004,-1.0,rb,3,1,RB2-041541,20617.5,20624.5,NQZ4
EP-27310,EP-27310-ENTRY_ON_TAP,ENTRY_ON_TAP,-1,2024-10-14 10:20:00-04:00,2024-10-14 10:25:00-04:00,STOP,20606.0,20631.06511466182,11.697053508847944,17.545580263271916,20631.06511466182,-11.697053508847944,-1.0,rb,1,1,RB2-012726,20610.5,20619.25,NQZ4
EP-27318,EP-27318-ENTRY_ON_NEW_IFVG,ENTRY_ON_NEW_IFVG,-1,2024-10-14 10:51:00-04:00,2024-10-14 10:51:00-04:00,TARGET,20606.0,20629.09759267701,10.778876582605992,16.16831487390899,20589.83168512609,7.545213607824613,0.7000000000000388,rb,3,3,RB2-041549,20637.0,20642.5,NQZ4
EP-27335,EP-27335-ENTRY_ON_NEW_FVG,ENTRY_ON_NEW_FVG,-1,2024-10-14 10:51:00-04:00,2024-10-14 10:51:00-04:00,TARGET,20606.0,20629.09759267701,10.778876582605992,16.16831487390899,20589.83168512609,7.545213607824613,0.7000000000000388,rb,1,1,RB2-012734,20637.0,20643.5,NQZ4
EP-27343,EP-27343-ENTRY_ON_NEW_FVG,ENTRY_ON_NEW_FVG,-1,2024-10-14 10:51:00-04:00,2024-10-14 10:51:00-04:00,TARGET,20606.0,20629.09759267701,10.778876582605992,16.16831487390899,20589.83168512609,7.545213607824613,0.7000000000000388,rb,1,1,RB2-012736,20634.0,20636.0,NQZ4
EP-28471,EP-28471-ENTRY_ON_FIRST_CLOSE_OUTSIDE,ENTRY_ON_FIRST_CLOSE_OUTSIDE,-1,2024-10-15 09:38:00-04:00,2024-10-15 09:39:00-04:00,TARGET,20637.5,20654.781637371067,8.064764106497636,12.097146159746455,20625.402853840253,5.645334874548265,0.6999999999999901,rb,3,1,RB2-041736,20644.75,20659.25,NQZ4
EP-29636,EP-29636-ENTRY_ON_TAP,ENTRY_ON_TAP,-1,2024-10-16 09:34:00-04:00,2024-10-16 09:34:00-04:00,TARGET,20326.0,20344.990038019845,8.86201774259434,13.29302661389151,20312.70697338611,6.203412419816014,0.6999999999999973,rb,1,1,RB2-013851,20311.75,20331.0,NQZ4
EP-29637,EP-29637-ENTRY_ON_TAP,ENTRY_ON_TAP,1,2024-10-16 09:34:00-04:00,2024-10-16 09:34:00-04:00,STOP,20326.0,20307.009961980155,8.86201774259434,13.29302661389151,20307.009961980155,-8.86201774259434,-1.0,rb,3,1,RB2-041925,20300.5,20311.75,NQZ4
EP-29640,EP-29640-ENTRY_ON_TAP,ENTRY_ON_TAP,-1,2024-10-16 09:41:00-04:00,2024-10-16 09:42:00-04:00,TARGET,20298.75,20324.40334296229,11.971560049068065,17.957340073602097,20280.7926599264,8.380092034347067,0.6999999999999517,rb,5,1,RB2-052868,20302.5,20309.25,NQZ4
EP-29640,EP-29640-ENTRY_ON_FIRST_CLOSE_OUTSIDE,ENTRY_ON_FIRST_CLOSE_OUTSIDE,-1,2024-10-16 09:42:00-04:00,2024-10-16 09:44:00-04:00,TARGET,20288.75,20314.98623938648,12.243578380356897,18.365367570535348,20270.384632429465,8.570504866249948,0.7000000000000098,rb,5,1,RB2-052868,20302.5,20309.25,NQZ4
EP-29762,EP-29762-ENTRY_ON_FIRST_CLOSE_OUTSIDE,ENTRY_ON_FIRST_CLOSE_OUTSIDE,1,2024-10-16 11:26:00-04:00,2024-10-16 11:38:00-04:00,TARGET,20300.75,20273.809303440667,12.57232506102277,18.858487591534157,20319.608487591533,8.800627542716287,0.7000000000000276,rb,3,1,RB2-041951,20287.25,20295.25,NQZ4
EP-30890,EP-30890-ENTRY_ON_TAP,ENTRY_ON_TAP,1,2024-10-17 09:57:00-04:00,2024-10-17 10:01:00-04:00,STOP,20448.0,20409.165598421154,18.12272073679495,27.184081105192426,20409.165598421154,-18.12272073679495,-1.0,rb,1,1,RB2-014438,20432.75,20442.75,NQZ4
EP-33288,EP-33288-ENTRY_ON_TAP,ENTRY_ON_TAP,-1,2024-10-21 09:40:00-04:00,2024-10-21 09:41:00-04:00,TARGET,20468.5,20489.65393206977,9.871834965892836,14.807752448839253,20453.69224755116,6.910284476125026,0.7000000000000042,rb,3,1,RB2-042523,20468.75,20488.25,NQZ4
EP-33288,EP-33288-ENTRY_ON_FIRST_CLOSE_OUTSIDE,ENTRY_ON_FIRST_CLOSE_OUTSIDE,-1,2024-10-21 09:41:00-04:00,2024-10-21 09:48:00-04:00,STOP,20465.75,20487.09394680496,9.960508508980634,14.940762763470952,20487.09394680496,-9.960508508980634,-1.0,rb,3,1,RB2-042523,20468.75,20488.25,NQZ4
EP-35731,EP-35731-ENTRY_ON_TAP,ENTRY_ON_TAP,1,2024-10-23 09:39:00-04:00,2024-10-23 09:51:00-04:00,STOP,20436.25,20411.41077118794,11.591640112294732,17.387460168442097,20411.41077118794,-11.591640112294732,-1.0,rb,3,3,RB2-042906,20414.0,20423.5,NQZ4
EP-36931,EP-36931-ENTRY_ON_TAP,ENTRY_ON_TAP,1,2024-10-24 09:36:00-04:00,2024-10-24 09:40:00-04:00,TARGET,20341.75,20317.13416609337,11.487389156427463,17.231083734641196,20358.98108373464,8.041172409498841,0.6999999999999666,rb,5,1,RB2-053592,20311.75,20326.25,NQZ4
EP-36932,EP-36932-ENTRY_ON_TAP,ENTRY_ON_TAP,1,2024-10-24 09:40:00-04:00,2024-10-24 09:46:00-04:00,STOP,20348.25,20321.23658280033,12.606261359844646,18.90939203976697,20321.23658280033,-12.606261359844646,-1.0,rb,5,5,RB2-053592,20311.75,20326.25,NQZ4
EP-36966,EP-36966-ENTRY_ON_FIRST_CLOSE_OUTSIDE,ENTRY_ON_FIRST_CLOSE_OUTSIDE,-1,2024-10-24 10:09:00-04:00,2024-10-24 10:36:00-04:00,STOP,20331.25,20369.269871548568,17.742606722664945,26.613910083997418,20369.269871548568,-17.742606722664945,-1.0,rb,1,1,RB2-017328,20342.5,20348.5,NQZ4
EP-38125,EP-38125-ENTRY_ON_FIRST_CLOSE_OUTSIDE,ENTRY_ON_FIRST_CLOSE_OUTSIDE,1,2024-10-25 09:32:00-04:00,2024-10-25 09:32:00-04:00,TARGET,20522.5,20507.994745798598,6.769118627320397,10.153677940980597,20532.65367794098,4.738383039123955,0.6999999999999523,rb,1,1,RB2-017898,20490.25,20491.25,NQZ4
EP-38128,EP-38128-ENTRY_ON_FIRST_CLOSE_OUTSIDE,ENTRY_ON_FIRST_CLOSE_OUTSIDE,-1,2024-10-25 09:35:00-04:00,2024-10-25 09:35:00-04:00,STOP,20535.75,20552.48849304604,7.811296754818235,11.716945132227352,20552.48849304604,-7.811296754818235,-1.0,rb,1,1,RB2-017900,20536.5,20543.5,NQZ4
EP-38128,EP-38128-ENTRY_ON_MINIMAL_WICK_REJECTION,ENTRY_ON_MINIMAL_WICK_REJECTION,-1,2024-10-25 09:35:00-04:00,2024-10-25 09:35:00-04:00,STOP,20535.75,20552.48849304604,7.811296754818235,11.716945132227352,20552.48849304604,-7.811296754818235,-1.0,rb,1,1,RB2-017900,20536.5,20543.5,NQZ4
EP-39377,EP-39377-ENTRY_ON_TAP,ENTRY_ON_TAP,-1,2024-10-28 09:35:00-04:00,2024-10-28 09:38:00-04:00,TARGET,20586.25,20609.693029762526,10.94008055584585,16.410120833768772,20569.839879166233,7.6580563890924145,0.7000000000000293,rb,1,1,RB2-018460,20590.25,20604.25,NQZ4
EP-40596,EP-40596-ENTRY_ON_FIRST_CLOSE_OUTSIDE,ENTRY_ON_FIRST_CLOSE_OUTSIDE,-1,2024-10-29 09:39:00-04:00,2024-10-29 09:42:00-04:00,STOP,20450.5,20474.06353020144,10.996314094006102,16.494471141009154,20474.06353020144,-10.996314094006102,-1.0,rb,1,1,RB2-019035,20456.75,20469.25,NQZ4
EP-40594,EP-40594-ENTRY_ON_FIRST_CLOSE_OUTSIDE,ENTRY_ON_FIRST_CLOSE_OUTSIDE,1,2024-10-29 09:42:00-04:00,2024-10-29 09:42:00-04:00,TARGET,20460.25,20434.471167599553,12.030121786875887,18.04518268031383,20478.295182680315,8.421085250813604,0.7000000000000403,rb,3,1,RB2-043689,20432.25,20455.5,NQZ4
EP-40594,EP-40594-ENTRY_ON_MINIMAL_WICK_REJECTION,ENTRY_ON_MINIMAL_WICK_REJECTION,1,2024-10-29 09:42:00-04:00,2024-10-29 09:42:00-04:00,TARGET,20460.25,20434.471167599553,12.030121786875887,18.04518268031383,20478.295182680315,8.421085250813604,0.7000000000000403,rb,3,1,RB2-043689,20432.25,20455.5,NQZ4
EP-40594,EP-40594-ENTRY_ON_DELAYED_DISPLACEMENT,ENTRY_ON_DELAYED_DISPLACEMENT,1,2024-10-29 09:42:00-04:00,2024-10-29 09:42:00-04:00,TARGET,20460.25,20434.471167599553,12.030121786875887,18.04518268031383,20478.295182680315,8.421085250813604,0.7000000000000403,rb,3,1,RB2-043689,20432.25,20455.5,NQZ4
EP-40595,EP-40595-ENTRY_ON_FIRST_CLOSE_OUTSIDE,ENTRY_ON_FIRST_CLOSE_OUTSIDE,1,2024-10-29 09:42:00-04:00,2024-10-29 09:42:00-04:00,TARGET,20460.25,20434.471167599553,12.030121786875887,18.04518268031383,20478.295182680315,8.421085250813604,0.7000000000000403,rb,3,3,RB2-043689,20432.25,20455.5,NQZ4
EP-40595,EP-40595-ENTRY_ON_MINIMAL_WICK_REJECTION,ENTRY_ON_MINIMAL_WICK_REJECTION,1,2024-10-29 09:42:00-04:00,2024-10-29 09:42:00-04:00,TARGET,20460.25,20434.471167599553,12.030121786875887,18.04518268031383,20478.295182680315,8.421085250813604,0.7000000000000403,rb,3,3,RB2-043689,20432.25,20455.5,NQZ4
EP-40595,EP-40595-ENTRY_ON_STRONG_REJECTION,ENTRY_ON_STRONG_REJECTION,1,2024-10-29 09:42:00-04:00,2024-10-29 09:42:00-04:00,TARGET,20460.25,20434.471167599553,12.030121786875887,18.04518268031383,20478.295182680315,8.421085250813604,0.7000000000000403,rb,3,3,RB2-043689,20432.25,20455.5,NQZ4
EP-40595,EP-40595-ENTRY_ON_IMMEDIATE_DISPLACEMENT,ENTRY_ON_IMMEDIATE_DISPLACEMENT,1,2024-10-29 09:42:00-04:00,2024-10-29 09:42:00-04:00,TARGET,20460.25,20434.471167599553,12.030121786875887,18.04518268031383,20478.295182680315,8.421085250813604,0.7000000000000403,rb,3,3,RB2-043689,20432.25,20455.5,NQZ4
EP-40597,EP-40597-ENTRY_ON_DELAYED_DISPLACEMENT,ENTRY_ON_DELAYED_DISPLACEMENT,1,2024-10-29 09:42:00-04:00,2024-10-29 09:42:00-04:00,TARGET,20460.25,20434.471167599553,12.030121786875887,18.04518268031383,20478.295182680315,8.421085250813604,0.7000000000000403,rb,1,1,RB2-019036,20444.5,20451.25,NQZ4
EP-40601,EP-40601-ENTRY_ON_TAP,ENTRY_ON_TAP,1,2024-10-29 09:42:00-04:00,2024-10-29 09:42:00-04:00,TARGET,20460.25,20434.471167599553,12.030121786875887,18.04518268031383,20478.295182680315,8.421085250813604,0.7000000000000403,rb,1,1,RB2-019037,20434.75,20449.5,NQZ4
EP-40640,EP-40640-ENTRY_ON_TAP,ENTRY_ON_TAP,1,2024-10-29 10:28:00-04:00,2024-10-29 10:32:00-04:00,TARGET,20542.0,20503.853992452467,17.801470188849716,26.702205283274573,20568.702205283276,12.461029132195367,0.7000000000000318,rb,3,1,RB2-043697,20537.0,20543.0,NQZ4
EP-42938,EP-42938-ENTRY_ON_TAP,ENTRY_ON_TAP,1,2024-10-31 09:35:00-04:00,2024-10-31 09:38:00-04:00,TARGET,20282.75,20253.01521414661,13.876233398248601,20.814350097372902,20303.564350097375,9.713363378773861,0.6999999999999885,rb,1,1,RB2-020165,20252.75,20258.75,NQZ4
EP-44217,EP-44217-ENTRY_ON_TAP,ENTRY_ON_TAP,-1,2024-11-01 09:37:00-04:00,2024-11-01 09:40:00-04:00,STOP,20098.0,20124.657253468067,12.440051618431038,18.660077427646556,20124.657253468067,-12.440051618431038,-1.0,rb,3,1,RB2-044271,20094.5,20118.25,NQZ4
EP-45416,EP-45416-ENTRY_ON_TAP,ENTRY_ON_TAP,-1,2024-11-04 09:44:00-05:00,2024-11-04 09:50:00-05:00,STOP,20100.5,20135.698897642695,16.426152233256833,24.63922834988525,20135.698897642695,-16.426152233256833,-1.0,rb,1,1,RB2-021355,20098.0,20115.75,NQZ4
EP-46660,EP-46660-ENTRY_ON_TAP,ENTRY_ON_TAP,-1,2024-11-05 09:36:00-05:00,2024-11-05 09:37:00-05:00,STOP,20203.5,20225.800452388205,10.406877781161329,15.610316671741995,20225.800452388205,-10.406877781161329,-1.0,rb,3,3,RB2-044647,20190.0,20211.0,NQZ4
EP-46735,EP-46735-ENTRY_ON_FIRST_CLOSE_OUTSIDE,ENTRY_ON_FIRST_CLOSE_OUTSIDE,-1,2024-11-05 11:01:00-05:00,2024-11-05 11:07:00-05:00,STOP,20245.0,20274.608310062096,13.817211362310868,20.7258170434663,20274.608310062096,-13.817211362310868,-1.0,rb,1,1,RB2-021983,20257.25,20262.75,NQZ4
EP-47864,EP-47864-ENTRY_ON_FIRST_CLOSE_OUTSIDE,ENTRY_ON_FIRST_CLOSE_OUTSIDE,-1,2024-11-06 09:44:00-05:00,2024-11-06 09:44:00-05:00,TARGET,20764.0,20803.97628959233,18.655601809754067,27.9834027146311,20736.01659728537,13.058921266827753,0.699999999999995,rb,3,1,RB2-044848,20787.0,20805.25,NQZ4
EP-47925,EP-47925-ENTRY_ON_TAP,ENTRY_ON_TAP,1,2024-11-06 10:38:00-05:00,2024-11-06 10:50:00-05:00,STOP,20768.0,20724.29178757363,20.39716579897135,30.595748698457026,20724.29178757363,-20.39716579897135,-1.0,rb,5,1,RB2-054687,20760.75,20773.25,NQZ4
EP-47939,EP-47939-ENTRY_ON_TAP,ENTRY_ON_TAP,1,2024-11-06 10:54:00-05:00,2024-11-06 11:10:00-05:00,TARGET,20711.5,20669.275772529167,19.704639486389265,29.556959229583896,20741.056959229583,13.793247640472766,0.7000000000000142,rb,5,1,RB2-054684,20698.25,20709.5,NQZ4
EP-50276,EP-50276-ENTRY_ON_TAP,ENTRY_ON_TAP,-1,2024-11-08 09:49:00-05:00,2024-11-08 10:04:00-05:00,TARGET,21210.25,21233.956825109628,11.063185051160183,16.594777576740274,21193.65522242326,7.744229535812452,0.7000000000000293,rb,1,1,RB2-023668,21211.75,21215.25,NQZ4
EP-53819,EP-53819-ENTRY_ON_NEW_FVG,ENTRY_ON_NEW_FVG,-1,2024-11-13 09:30:00-05:00,2024-11-13 09:30:00-05:00,STOP,21158.75,21178.072349597354,9.01709647876577,13.525644718148655,21178.072349597354,-9.01709647876577,-1.0,rb,3,3,RB2-045810,21187.5,21200.0,NQZ4
EP-53823,EP-53823-ENTRY_ON_FIRST_CLOSE_OUTSIDE,ENTRY_ON_FIRST_CLOSE_OUTSIDE,-1,2024-11-13 09:30:00-05:00,2024-11-13 09:30:00-05:00,STOP,21158.75,21178.072349597354,9.01709647876577,13.525644718148655,21178.072349597354,-9.01709647876577,-1.0,rb,5,5,RB2-055273,21178.0,21200.0,NQZ4
EP-53823,EP-53823-ENTRY_ON_DELAYED_DISPLACEMENT,ENTRY_ON_DELAYED_DISPLACEMENT,-1,2024-11-13 09:30:00-05:00,2024-11-13 09:30:00-05:00,STOP,21158.75,21178.072349597354,9.01709647876577,13.525644718148655,21178.072349597354,-9.01709647876577,-1.0,rb,5,5,RB2-055273,21178.0,21200.0,NQZ4
EP-53905,EP-53905-ENTRY_ON_TAP,ENTRY_ON_TAP,-1,2024-11-13 10:37:00-05:00,2024-11-13 10:39:00-05:00,TARGET,21135.75,21173.743609954552,17.730351312124526,26.59552696818679,21109.154473031813,12.411245918487323,0.7000000000000087,rb,1,1,RB2-025382,21132.0,21139.75,NQZ4
EP-60301,EP-60301-ENTRY_ON_TAP,ENTRY_ON_TAP,1,2024-11-20 10:42:00-05:00,2024-11-20 10:46:00-05:00,TARGET,20578.5,20539.180848862445,18.348937197525526,27.523405796288287,20606.023405796288,12.844256038267668,0.6999999999999891,rb,1,1,RB2-028396,20568.0,20578.25,NQZ4
EP-60313,EP-60313-ENTRY_ON_TAP,ENTRY_ON_TAP,1,2024-11-20 10:55:00-05:00,2024-11-20 11:00:00-05:00,TARGET,20616.75,20582.290940086452,16.080894626322575,24.121341939483862,20640.871341939484,11.256626238425888,0.7000000000000053,rb,3,1,RB2-046861,20606.25,20615.75,NQZ4
EP-62876,EP-62876-ENTRY_ON_TAP,ENTRY_ON_TAP,-1,2024-11-22 09:41:00-05:00,2024-11-22 09:42:00-05:00,STOP,20818.5,20849.230316358353,14.340814300564993,21.51122145084749,20849.230316358353,-14.340814300564993,-1.0,rb,1,1,RB2-029517,20830.25,20837.0,NQZ4
EP-62999,EP-62999-ENTRY_ON_TAP,ENTRY_ON_TAP,-1,2024-11-22 11:52:00-05:00,2024-11-22 12:35:00-05:00,STOP,20816.75,20851.37965983045,16.16050792087775,24.240761881316622,20816.75,-0.0,-0.0,rb,5,1,RB2-056163,20809.25,20824.75,NQZ4
EP-64029,EP-64029-ENTRY_ON_FIRST_CLOSE_OUTSIDE,ENTRY_ON_FIRST_CLOSE_OUTSIDE,-1,2024-11-25 09:47:00-05:00,2024-11-25 09:48:00-05:00,TARGET,21055.0,21091.60109809367,17.080512443712287,25.62076866556843,21029.37923133443,11.95635871059838,0.6999999999999871,rb,5,1,RB2-056266,21061.25,21081.0,NQZ4
EP-66514,EP-66514-ENTRY_ON_TAP,ENTRY_ON_TAP,1,2024-11-27 09:34:00-05:00,2024-11-27 09:35:00-05:00,STOP,20896.0,20876.609841273566,9.048740739002968,13.573111108504452,20876.609841273566,-9.048740739002968,-1.0,rb,3,1,RB2-047855,20868.75,20885.0,NQZ4
EP-66516,EP-66516-ENTRY_ON_TAP,ENTRY_ON_TAP,1,2024-11-27 09:35:00-05:00,2024-11-27 09:35:00-05:00,STOP,20887.5,20867.46687169669,9.348793208211179,14.023189812316769,20867.46687169669,-9.348793208211179,-1.0,rb,1,1,RB2-031299,20881.0,20885.0,NQZ4
EP-66515,EP-66515-ENTRY_ON_TAP,ENTRY_ON_TAP,1,2024-11-27 09:36:00-05:00,2024-11-27 09:39:00-05:00,STOP,20885.25,20863.685513947425,10.063426824535712,15.09514023680357,20863.685513947425,-10.063426824535712,-1.0,rb,3,3,RB2-047855,20868.75,20885.0,NQZ4
EP-66515,EP-66515-ENTRY_ON_FIRST_CLOSE_OUTSIDE,ENTRY_ON_FIRST_CLOSE_OUTSIDE,1,2024-11-27 09:48:00-05:00,2024-11-27 09:51:00-05:00,STOP,20891.75,20864.64104657374,12.650844932254847,18.97626739838227,20864.64104657374,-12.650844932254847,-1.0,rb,3,3,RB2-047855,20868.75,20885.0,NQZ4
EP-68790,EP-68790-ENTRY_ON_TAP,ENTRY_ON_TAP,1,2024-11-29 09:33:00-05:00,2024-11-29 09:36:00-05:00,TARGET,20826.75,20805.804580344935,9.774529172364305,14.661793758546459,20841.411793758547,6.842170420655444,0.700000000000044,rb,3,3,RB2-048226,20822.0,20830.5,NQZ4
EP-69887,EP-69887-ENTRY_ON_TAP,ENTRY_ON_TAP,1,2024-12-02 09:58:00-05:00,2024-12-02 10:00:00-05:00,TARGET,21139.75,21109.871975276717,13.94307820419807,20.914617306297103,21160.664617306298,9.760154742938322,0.6999999999999765,rb,1,1,RB2-032855,21138.5,21144.25,NQZ4
EP-69935,EP-69935-ENTRY_ON_TAP,ENTRY_ON_TAP,1,2024-12-02 10:51:00-05:00,2024-12-02 11:06:00-05:00,TARGET,21160.0,21135.51781499491,11.42501966904181,17.137529503562714,21177.13752950356,7.997513768329039,0.6999999999999801,rb,5,1,RB2-056872,21157.0,21164.0,NQZ4
EP-71098,EP-71098-ENTRY_ON_TAP,ENTRY_ON_TAP,-1,2024-12-03 10:37:00-05:00,2024-12-03 10:41:00-05:00,TARGET,21207.5,21234.425967323194,12.56545141749086,18.848177126236287,21188.651822873762,8.795815992243954,0.700000000000028,rb,5,1,RB2-056995,21214.25,21221.5,NQZ4
EP-71102,EP-71102-ENTRY_ON_TAP,ENTRY_ON_TAP,1,2024-12-03 10:43:00-05:00,2024-12-03 10:52:00-05:00,STOP,21192.5,21166.84836519641,11.97076290834199,17.956144362512987,21166.84836519641,-11.97076290834199,-1.0,rb,3,1,RB2-048600,21185.5,21194.25,NQZ4
EP-72243,EP-72243-ENTRY_ON_TAP,ENTRY_ON_TAP,1,2024-12-04 09:33:00-05:00,2024-12-04 09:33:00-05:00,TARGET,21415.5,21397.526531239793,8.38761875476309,12.581428132144634,21428.081428132144,5.871333128334122,0.6999999999999952,rb,3,3,RB2-048791,21415.0,21418.0,NQZ4
EP-72252,EP-72252-ENTRY_ON_TAP,ENTRY_ON_TAP,-1,2024-12-04 09:37:00-05:00,2024-12-04 09:37:00-05:00,TARGET,21423.0,21444.877545520936,10.209521243102749,15.314281864654124,21407.685718135344,7.146664870171387,0.6999999999999473,rb,3,1,RB2-048792,21415.5,21436.75,NQZ4
EP-72266,EP-72266-ENTRY_ON_TAP,ENTRY_ON_TAP,1,2024-12-04 09:59:00-05:00,2024-12-04 10:00:00-05:00,STOP,21418.25,21393.412168696676,11.590987941551656,17.386481912327483,21393.412168696676,-11.590987941551656,-1.0,rb,5,1,RB2-057113,21406.75,21416.0,NQZ4
EP-75817,EP-75817-ENTRY_ON_FIRST_CLOSE_OUTSIDE,ENTRY_ON_FIRST_CLOSE_OUTSIDE,1,2024-12-09 09:40:00-05:00,2024-12-09 09:44:00-05:00,TARGET,21611.5,21587.454192061454,11.22137703798739,16.832065556981085,21628.33206555698,7.854963926590585,0.6999999999999477,rb,3,1,RB2-049379,21587.5,21599.75,NQZ4
EP-78324,EP-78324-ENTRY_ON_TAP,ENTRY_ON_TAP,1,2024-12-11 10:25:00-05:00,2024-12-11 10:34:00-05:00,TARGET,21700.5,21674.171743528204,12.286519686837256,18.429779530255885,21718.929779530255,8.600563780785594,0.6999999999999604,rb,1,1,RB2-036795,21692.5,21698.25,NQZ4
EP-00195,EP-00195-ENTRY_ON_TAP,ENTRY_ON_TAP,-1,2024-12-12 09:33:00-05:00,2024-12-12 09:35:00-05:00,STOP,21936.75,21953.07484050803,7.618258903746655,11.427388355619982,21953.07484050803,-7.618258903746655,-1.0,rb,1,1,RB2-000046,21945.0,21955.5,NQH5
EP-02652,EP-02652-ENTRY_ON_NEW_FVG,ENTRY_ON_NEW_FVG,-1,2024-12-16 10:17:00-05:00,2024-12-16 10:21:00-05:00,TARGET,22247.25,22279.046673498462,14.838447632615997,22.257671448923997,22224.992328551078,10.386913342831463,0.7000000000000178,rb,1,1,RB2-001169,22278.75,22281.75,NQH5
EP-03942,EP-03942-ENTRY_ON_TAP,ENTRY_ON_TAP,1,2024-12-17 09:36:00-05:00,2024-12-17 09:37:00-05:00,STOP,22305.25,22281.392207246285,11.133636618400198,16.700454927600298,22281.392207246285,-11.133636618400198,-1.0,rb,3,3,RB2-007204,22295.5,22324.5,NQH5
EP-05181,EP-05181-ENTRY_ON_DELAYED_DISPLACEMENT,ENTRY_ON_DELAYED_DISPLACEMENT,-1,2024-12-18 09:33:00-05:00,2024-12-18 09:34:00-05:00,TARGET,22254.5,22276.931925835834,10.46823205672268,15.70234808508402,22238.797651914916,7.327762439706084,0.7000000000000198,rb,3,3,RB2-007404,22285.75,22292.0,NQH5
EP-05197,EP-05197-ENTRY_ON_TAP,ENTRY_ON_TAP,-1,2024-12-18 09:41:00-05:00,2024-12-18 09:54:00-05:00,STOP,22251.5,22280.608705782626,13.584062698558892,20.376094047838336,22280.608705782626,-13.584062698558892,-1.0,rb,3,1,RB2-007407,22254.5,22264.75,NQH5
EP-06476,EP-06476-ENTRY_ON_DELAYED_DISPLACEMENT,ENTRY_ON_DELAYED_DISPLACEMENT,1,2024-12-19 09:30:00-05:00,2024-12-19 09:30:00-05:00,STOP,21677.0,21655.419556226097,10.070873761154429,15.106310641731643,21655.419556226097,-10.070873761154429,-1.0,rb,5,5,RB2-009472,21636.0,21647.25,NQH5
EP-09079,EP-09079-ENTRY_ON_TAP,ENTRY_ON_TAP,1,2024-12-23 09:59:00-05:00,2024-12-23 10:02:00-05:00,STOP,21627.0,21575.244975572936,24.152344732630628,36.22851709894594,21575.244975572936,-24.152344732630628,-1.0,rb,1,1,RB2-004140,21616.25,21624.25,NQH5
EP-13476,EP-13476-ENTRY_ON_FIRST_CLOSE_OUTSIDE,ENTRY_ON_FIRST_CLOSE_OUTSIDE,1,2024-12-30 09:38:00-05:00,2024-12-30 09:42:00-05:00,STOP,21364.25,21324.580728880952,18.512326522222555,27.768489783333834,21324.580728880952,-18.512326522222555,-1.0,rb,3,1,RB2-008758,21330.5,21362.0,NQH5
EP-02138,EP-02138-ENTRY_ON_TAP,ENTRY_ON_TAP,-1,2025-01-03 09:36:00-05:00,2025-01-03 09:37:00-05:00,STOP,21329.0,21354.870951258024,12.07311058707728,18.10966588061592,21354.870951258024,-12.07311058707728,-1.0,rb,5,1,RB2-039523,21331.75,21362.75,NQH5
EP-02145,EP-02145-ENTRY_ON_FIRST_CLOSE_OUTSIDE,ENTRY_ON_FIRST_CLOSE_OUTSIDE,-1,2025-01-03 09:48:00-05:00,2025-01-03 09:48:00-05:00,TARGET,21372.5,21410.321428363277,17.64999990286313,26.474999854294694,21346.025000145706,12.354999932004581,0.7000000000000222,rb,3,3,RB2-029610,21407.0,21422.0,NQH5
EP-02145,EP-02145-ENTRY_ON_MINIMAL_WICK_REJECTION,ENTRY_ON_MINIMAL_WICK_REJECTION,-1,2025-01-03 09:48:00-05:00,2025-01-03 09:48:00-05:00,TARGET,21372.5,21410.321428363277,17.64999990286313,26.474999854294694,21346.025000145706,12.354999932004581,0.7000000000000222,rb,3,3,RB2-029610,21407.0,21422.0,NQH5
EP-02145,EP-02145-ENTRY_ON_IMMEDIATE_DISPLACEMENT,ENTRY_ON_IMMEDIATE_DISPLACEMENT,-1,2025-01-03 09:48:00-05:00,2025-01-03 09:48:00-05:00,TARGET,21372.5,21410.321428363277,17.64999990286313,26.474999854294694,21346.025000145706,12.354999932004581,0.7000000000000222,rb,3,3,RB2-029610,21407.0,21422.0,NQH5
EP-03400,EP-03400-ENTRY_ON_FIRST_CLOSE_OUTSIDE,ENTRY_ON_FIRST_CLOSE_OUTSIDE,-1,2025-01-06 09:36:00-05:00,2025-01-06 09:40:00-05:00,STOP,21762.25,21806.373192189705,20.590823021863123,30.886234532794685,21806.373192189705,-20.590823021863123,-1.0,rb,1,1,RB2-001604,21769.25,21784.25,NQH5
EP-03413,EP-03413-ENTRY_ON_FIRST_CLOSE_OUTSIDE,ENTRY_ON_FIRST_CLOSE_OUTSIDE,-1,2025-01-06 09:51:00-05:00,2025-01-06 10:18:00-05:00,STOP,21811.0,21861.019906346923,23.34262296189645,35.01393444284467,21861.019906346923,-23.34262296189645,-1.0,rb,3,1,RB2-029828,21819.75,21837.0,NQH5
EP-08021,EP-08021-ENTRY_ON_FIRST_CLOSE_OUTSIDE,ENTRY_ON_FIRST_CLOSE_OUTSIDE,1,2025-01-10 09:30:00-05:00,2025-01-10 09:31:00-05:00,STOP,21192.5,21148.760550842966,20.411742939949256,30.617614409923885,21148.760550842966,-20.411742939949256,-1.0,rb,5,5,RB2-040102,21137.0,21163.0,NQH5
EP-08056,EP-08056-ENTRY_ON_NEW_FVG,ENTRY_ON_NEW_FVG,1,2025-01-10 09:59:00-05:00,2025-01-10 10:00:00-05:00,STOP,21056.25,20994.060539795817,29.021748095284742,43.53262214292711,20994.060539795817,-29.021748095284742,-1.0,rb,5,1,RB2-040104,21010.0,21035.25,NQH5
EP-08057,EP-08057-ENTRY_ON_FIRST_CLOSE_OUTSIDE,ENTRY_ON_FIRST_CLOSE_OUTSIDE,1,2025-01-10 10:00:00-05:00,2025-01-10 10:00:00-05:00,STOP,21053.0,20991.638374447182,28.635425257981215,42.953137886971824,20991.638374447182,-28.635425257981215,-1.0,rb,5,5,RB2-040104,21010.0,21035.25,NQH5
EP-08057,EP-08057-ENTRY_ON_MINIMAL_WICK_REJECTION,ENTRY_ON_MINIMAL_WICK_REJECTION,1,2025-01-10 10:00:00-05:00,2025-01-10 10:00:00-05:00,STOP,21053.0,20991.638374447182,28.635425257981215,42.953137886971824,20991.638374447182,-28.635425257981215,-1.0,rb,5,5,RB2-040104,21010.0,21035.25,NQH5
EP-08091,EP-08091-ENTRY_ON_FIRST_CLOSE_OUTSIDE,ENTRY_ON_FIRST_CLOSE_OUTSIDE,1,2025-01-10 10:39:00-05:00,2025-01-10 10:47:00-05:00,TARGET,21061.5,21004.498448313163,26.600724120523314,39.90108618078497,21101.401086180784,18.620506884365874,0.6999999999999832,rb,3,3,RB2-030579,21006.5,21013.25,NQH5
EP-15591,EP-15591-ENTRY_ON_FIRST_CLOSE_OUTSIDE,ENTRY_ON_FIRST_CLOSE_OUTSIDE,-1,2025-01-20 09:49:00-05:00,2025-01-20 09:56:00-05:00,TARGET,21762.25,21788.665220956234,12.327103112909507,18.49065466936426,21743.759345330636,8.628972179036737,0.7000000000000066,rb,5,1,RB2-040849,21769.25,21778.75,NQH5
EP-17771,EP-17771-ENTRY_ON_TAP,ENTRY_ON_TAP,-1,2025-01-22 09:36:00-05:00,2025-01-22 09:36:00-05:00,TARGET,21946.75,21969.389781447593,10.565231342210659,15.847847013315988,21930.902152986684,7.395661939547836,0.7000000000000355,rb,5,1,RB2-041079,21960.5,21981.75,NQH5
EP-17771,EP-17771-ENTRY_ON_FIRST_CLOSE_OUTSIDE,ENTRY_ON_FIRST_CLOSE_OUTSIDE,-1,2025-01-22 09:37:00-05:00,2025-01-22 09:40:00-05:00,STOP,21945.25,21968.732171506326,10.958346702951882,16.43752005442782,21968.732171506326,-10.958346702951882,-1.0,rb,5,1,RB2-041079,21960.5,21981.75,NQH5
EP-17775,EP-17775-ENTRY_ON_TAP,ENTRY_ON_TAP,-1,2025-01-22 09:42:00-05:00,2025-01-22 09:45:00-05:00,STOP,21940.0,21968.79699285682,13.438596666515643,20.157894999773465,21968.79699285682,-13.438596666515643,-1.0,rb,3,3,RB2-032137,21946.75,21964.0,NQH5
EP-17809,EP-17809-ENTRY_ON_DELAYED_DISPLACEMENT,ENTRY_ON_DELAYED_DISPLACEMENT,-1,2025-01-22 10:23:00-05:00,2025-01-22 10:37:00-05:00,STOP,22007.75,22037.496288239203,13.881601178295092,20.82240176744264,22037.496288239203,-13.881601178295092,-1.0,rb,1,1,RB2-008525,22030.75,22035.25,NQH5
EP-22801,EP-22801-ENTRY_ON_TAP,ENTRY_ON_TAP,1,2025-01-28 09:34:00-05:00,2025-01-28 09:35:00-05:00,STOP,21273.75,21243.172493201295,14.269503172729062,21.404254759093593,21243.172493201295,-14.269503172729062,-1.0,rb,3,1,RB2-032958,21241.0,21265.25,NQH5
EP-24067,EP-24067-ENTRY_ON_FIRST_CLOSE_OUTSIDE,ENTRY_ON_FIRST_CLOSE_OUTSIDE,1,2025-01-29 09:40:00-05:00,2025-01-29 09:41:00-05:00,STOP,21545.0,21515.368009564212,13.828262203366922,20.742393305050385,21515.368009564212,-13.828262203366922,-1.0,rb,1,1,RB2-011438,21526.5,21532.0,NQH5
EP-26621,EP-26621-ENTRY_ON_DELAYED_DISPLACEMENT,ENTRY_ON_DELAYED_DISPLACEMENT,1,2025-01-31 09:42:00-05:00,2025-01-31 09:52:00-05:00,TARGET,21816.75,21782.978702596465,15.75993878831575,23.639908182473626,21840.389908182475,11.031957151820668,0.6999999999999773,rb,3,3,RB2-033579,21750.0,21755.5,NQH5
EP-29057,EP-29057-ENTRY_ON_FIRST_CLOSE_OUTSIDE,ENTRY_ON_FIRST_CLOSE_OUTSIDE,-1,2025-02-04 09:46:00-05:00,2025-02-04 09:50:00-05:00,STOP,21500.5,21534.688406464396,15.954589683384608,23.93188452507691,21534.688406464396,-15.954589683384608,-1.0,rb,3,1,RB2-033993,21505.25,21523.25,NQH5
EP-30309,EP-30309-ENTRY_ON_TAP,ENTRY_ON_TAP,1,2025-02-05 09:30:00-05:00,2025-02-05 09:31:00-05:00,STOP,21551.0,21534.05447700882,7.907910729217435,11.861866093826153,21534.05447700882,-7.907910729217435,-1.0,rb,5,5,RB2-042324,21530.75,21540.75,NQH5
EP-31528,EP-31528-ENTRY_ON_MINIMAL_WICK_REJECTION,ENTRY_ON_MINIMAL_WICK_REJECTION,-1,2025-02-06 09:40:00-05:00,2025-02-06 09:44:00-05:00,STOP,21763.75,21787.67304755014,11.164088856731812,16.74613328509772,21787.67304755014,-11.164088856731812,-1.0,rb,3,1,RB2-034410,21769.25,21777.25,NQH5
EP-31592,EP-31592-ENTRY_ON_FIRST_CLOSE_OUTSIDE,ENTRY_ON_FIRST_CLOSE_OUTSIDE,1,2025-02-06 10:41:00-05:00,2025-02-06 10:42:00-05:00,TARGET,21781.75,21743.883651923727,17.67096243559395,26.506443653390924,21808.25644365339,12.369673704915543,0.6999999999999875,rb,5,1,RB2-042451,21758.5,21763.75,NQH5
EP-32778,EP-32778-ENTRY_ON_DELAYED_DISPLACEMENT,ENTRY_ON_DELAYED_DISPLACEMENT,1,2025-02-07 11:00:00-05:00,2025-02-07 11:03:00-05:00,STOP,21721.5,21654.698982943228,31.17380795982707,46.7607119397406,21654.698982943228,-31.17380795982707,-1.0,rb,5,1,RB2-042568,21613.0,21647.25,NQH5
EP-32779,EP-32779-ENTRY_ON_FIRST_CLOSE_OUTSIDE,ENTRY_ON_FIRST_CLOSE_OUTSIDE,1,2025-02-07 11:10:00-05:00,2025-02-07 11:29:00-05:00,STOP,21716.0,21649.67928150863,30.949668629305872,46.42450294395881,21649.67928150863,-30.949668629305872,-1.0,rb,5,5,RB2-042568,21613.0,21647.25,NQH5
EP-33889,EP-33889-ENTRY_ON_TAP,ENTRY_ON_TAP,1,2025-02-10 09:41:00-05:00,2025-02-10 09:42:00-05:00,TARGET,21765.25,21743.860008135984,9.981996203207075,14.972994304810612,21780.22299430481,6.987397342244567,0.6999999999999614,rb,3,1,RB2-034794,21761.0,21766.5,NQH5
EP-33895,EP-33895-ENTRY_ON_FIRST_CLOSE_OUTSIDE,ENTRY_ON_FIRST_CLOSE_OUTSIDE,1,2025-02-10 09:51:00-05:00,2025-02-10 10:01:00-05:00,TARGET,21778.5,21751.51905279042,12.591108697803433,18.88666304670515,21797.386663046706,8.813776088461896,0.6999999999999598,rb,5,1,RB2-042689,21762.75,21776.5,NQH5
EP-38781,EP-38781-ENTRY_ON_FIRST_CLOSE_OUTSIDE,ENTRY_ON_FIRST_CLOSE_OUTSIDE,1,2025-02-14 09:39:00-05:00,2025-02-14 09:48:00-05:00,TARGET,22113.0,22090.665502527463,10.422765487183616,15.634148230775423,22128.634148230776,7.295935841028343,0.699999999999982,rb,3,3,RB2-035571,22094.25,22100.25,NQH5
EP-41077,EP-41077-ENTRY_ON_TAP,ENTRY_ON_TAP,1,2025-02-18 09:33:00-05:00,2025-02-18 09:33:00-05:00,TARGET,22245.75,22227.140647641496,8.684364433967875,13.026546650951813,22258.77654665095,6.079055103777016,0.6999999999999428,rb,1,1,RB2-019487,22223.25,22232.75,NQH5
EP-42315,EP-42315-ENTRY_ON_TAP,ENTRY_ON_TAP,1,2025-02-19 09:41:00-05:00,2025-02-19 09:49:00-05:00,STOP,22195.0,22172.68696514983,10.41274959674565,15.619124395118476,22172.68696514983,-10.41274959674565,-1.0,rb,1,1,RB2-020043,22176.75,22183.0,NQH5
EP-47308,EP-47308-ENTRY_ON_TAP,ENTRY_ON_TAP,1,2025-02-25 09:34:00-05:00,2025-02-25 09:36:00-05:00,TARGET,21361.0,21332.051809131124,13.509155738808133,20.2637336082122,21381.26373360821,9.456409017165283,0.6999999999999696,rb,3,1,RB2-036978,21332.25,21350.25,NQH5
EP-47377,EP-47377-ENTRY_ON_TAP,ENTRY_ON_TAP,-1,2025-02-25 10:40:00-05:00,2025-02-25 10:41:00-05:00,TARGET,21118.5,21179.161800554346,28.308840258695557,42.46326038804334,21076.03673961196,19.81618818108743,0.700000000000019,rb,3,1,RB2-036993,21108.75,21123.5,NQH5
EP-48476,EP-48476-ENTRY_ON_FIRST_CLOSE_OUTSIDE,ENTRY_ON_FIRST_CLOSE_OUTSIDE,-1,2025-02-26 09:33:00-05:00,2025-02-26 09:35:00-05:00,TARGET,21213.25,21246.0793180626,15.320348429212773,22.98052264381916,21190.26947735618,10.724243900448954,0.7000000000000008,rb,5,1,RB2-044164,21238.25,21247.0,NQH5
EP-48482,EP-48482-ENTRY_ON_FIRST_CLOSE_OUTSIDE,ENTRY_ON_FIRST_CLOSE_OUTSIDE,1,2025-02-26 09:36:00-05:00,2025-02-26 09:37:00-05:00,TARGET,21215.5,21180.821811548514,16.183154610693855,24.274731916040782,21239.77473191604,11.328208227486046,0.7000000000000215,rb,3,1,RB2-037166,21192.25,21213.75,NQH5
EP-48492,EP-48492-ENTRY_ON_TAP,ENTRY_ON_TAP,-1,2025-02-26 09:43:00-05:00,2025-02-26 09:47:00-05:00,STOP,21211.5,21254.42406740805,20.031231457090588,30.046847185635883,21254.42406740805,-20.031231457090588,-1.0,rb,1,1,RB2-022963,21247.75,21261.0,NQH5
EP-50938,EP-50938-ENTRY_ON_FIRST_CLOSE_OUTSIDE,ENTRY_ON_FIRST_CLOSE_OUTSIDE,-1,2025-02-28 09:41:00-05:00,2025-02-28 09:43:00-05:00,STOP,20540.75,20599.61223366246,27.469042375814688,41.20356356372203,20599.61223366246,-27.469042375814688,-1.0,rb,3,1,RB2-037567,20572.75,20608.0,NQH5
EP-50951,EP-50951-ENTRY_ON_NEW_FVG,ENTRY_ON_NEW_FVG,-1,2025-02-28 09:57:00-05:00,2025-02-28 10:00:00-05:00,STOP,20549.5,20620.340869126023,33.05907225881127,49.588608388216905,20620.340869126023,-33.05907225881127,-1.0,rb,1,1,RB2-024126,20617.5,20634.0,NQH5
EP-52244,EP-52244-ENTRY_ON_TAP,ENTRY_ON_TAP,1,2025-03-03 10:38:00-05:00,2025-03-03 10:39:00-05:00,TARGET,20887.5,20815.503650694263,33.59829634267641,50.39744451401462,20937.897444514016,23.518807439873008,0.6999999999999856,rb,3,1,RB2-037777,20880.0,20907.25,NQH5
EP-52228,EP-52228-ENTRY_ON_FIRST_CLOSE_OUTSIDE,ENTRY_ON_FIRST_CLOSE_OUTSIDE,-1,2025-03-03 10:40:00-05:00,2025-03-03 10:57:00-05:00,TARGET,20932.0,21003.23046415653,33.240883273048304,49.86132490957246,20882.138675090428,23.268618291133997,0.7000000000000055,rb,5,5,RB2-044543,20941.5,20963.5,NQH5
EP-53388,EP-53388-ENTRY_ON_FIRST_CLOSE_OUTSIDE,ENTRY_ON_FIRST_CLOSE_OUTSIDE,-1,2025-03-04 09:42:00-05:00,2025-03-04 09:42:00-05:00,TARGET,20338.5,20409.41769145143,33.09492267733293,49.6423840159994,20288.857615984,23.166445874132876,0.6999999999999946,rb,3,3,RB2-037961,20342.5,20364.25,NQH5
EP-53388,EP-53388-ENTRY_ON_MINIMAL_WICK_REJECTION,ENTRY_ON_MINIMAL_WICK_REJECTION,-1,2025-03-04 09:42:00-05:00,2025-03-04 09:42:00-05:00,TARGET,20338.5,20409.41769145143,33.09492267733293,49.6423840159994,20288.857615984,23.166445874132876,0.6999999999999946,rb,3,3,RB2-037961,20342.5,20364.25,NQH5
EP-53388,EP-53388-ENTRY_ON_IMMEDIATE_DISPLACEMENT,ENTRY_ON_IMMEDIATE_DISPLACEMENT,-1,2025-03-04 09:42:00-05:00,2025-03-04 09:42:00-05:00,TARGET,20338.5,20409.41769145143,33.09492267733293,49.6423840159994,20288.857615984,23.166445874132876,0.6999999999999946,rb,3,3,RB2-037961,20342.5,20364.25,NQH5
EP-53395,EP-53395-ENTRY_ON_TAP,ENTRY_ON_TAP,-1,2025-03-04 09:42:00-05:00,2025-03-04 09:42:00-05:00,TARGET,20338.5,20409.41769145143,33.09492267733293,49.6423840159994,20288.857615984,23.166445874132876,0.6999999999999946,rb,1,1,RB2-025292,20372.5,20403.0,NQH5
EP-53383,EP-53383-ENTRY_ON_FIRST_CLOSE_OUTSIDE,ENTRY_ON_FIRST_CLOSE_OUTSIDE,-1,2025-03-04 09:45:00-05:00,2025-03-04 09:48:00-05:00,STOP,20330.5,20408.180264790288,36.25079023546801,54.37618535320202,20408.180264790288,-36.25079023546801,-1.0,rb,5,5,RB2-044648,20413.0,20423.25,NQH5
EP-54598,EP-54598-ENTRY_ON_FIRST_CLOSE_OUTSIDE,ENTRY_ON_FIRST_CLOSE_OUTSIDE,-1,2025-03-05 09:40:00-05:00,2025-03-05 09:41:00-05:00,STOP,20376.25,20429.704084033074,24.94523921543448,37.41785882315172,20429.704084033074,-24.94523921543448,-1.0,rb,5,5,RB2-044786,20420.75,20450.75,NQH5
EP-54603,EP-54603-ENTRY_ON_FIRST_CLOSE_OUTSIDE,ENTRY_ON_FIRST_CLOSE_OUTSIDE,-1,2025-03-05 09:48:00-05:00,2025-03-05 09:54:00-05:00,TARGET,20376.0,20436.822209069353,28.38369756569701,42.575546348545515,20333.424453651456,19.86858829598732,0.6999999999999793,rb,3,3,RB2-038164,20407.5,20434.75,NQH5
EP-54633,EP-54633-ENTRY_ON_FIRST_CLOSE_OUTSIDE,ENTRY_ON_FIRST_CLOSE_OUTSIDE,-1,2025-03-05 10:18:00-05:00,2025-03-05 10:21:00-05:00,TARGET,20401.5,20485.4994099073,39.19972462340692,58.79958693511038,20342.70041306489,27.43980723638469,0.6999999999999961,rb,3,3,RB2-038169,20425.75,20467.25,NQH5
EP-57129,EP-57129-ENTRY_ON_TAP,ENTRY_ON_TAP,1,2025-03-07 09:57:00-05:00,2025-03-07 10:00:00-05:00,STOP,20178.0,20108.597568213805,32.38780150022486,48.58170225033729,20108.597568213805,-32.38780150022486,-1.0,rb,5,1,RB2-045032,20169.0,20194.5,NQH5
EP-58376,EP-58376-ENTRY_ON_TAP,ENTRY_ON_TAP,1,2025-03-10 09:35:00-04:00,2025-03-10 09:35:00-04:00,TARGET,19818.0,19778.837454994708,18.275854335802666,27.413781503704,19845.413781503703,12.79309803506152,0.6999999999999811,rb,1,1,RB2-027667,19787.5,19802.25,NQH5
EP-58383,EP-58383-ENTRY_ON_TAP,ENTRY_ON_TAP,-1,2025-03-10 09:42:00-04:00,2025-03-10 09:47:00-04:00,TARGET,19862.25,19912.34829510186,23.379204380867897,35.06880657130185,19827.1811934287,16.365443066607604,0.7000000000000033,rb,3,3,RB2-038802,19881.0,19897.5,NQH5
EP-59767,EP-59767-ENTRY_ON_FIRST_CLOSE_OUTSIDE,ENTRY_ON_FIRST_CLOSE_OUTSIDE,1,2025-03-11 10:10:00-04:00,2025-03-11 10:14:00-04:00,STOP,19526.0,19433.439363639052,43.19496363510828,64.79244545266242,19433.439363639052,-43.19496363510828,-1.0,rb,1,1,RB2-028294,19446.25,19467.0,NQH5
EP-00323,EP-00323-ENTRY_ON_TAP,ENTRY_ON_TAP,-1,2025-03-13 09:38:00-04:00,2025-03-13 09:43:00-04:00,TARGET,19742.5,19783.335439932656,19.056538635238873,28.58480795285831,19713.91519204714,13.339577044666697,0.6999999999999731,rb,1,1,RB2-000060,19745.5,19767.5,NQM5
EP-00328,EP-00328-ENTRY_ON_FIRST_CLOSE_OUTSIDE,ENTRY_ON_FIRST_CLOSE_OUTSIDE,1,2025-03-13 09:48:00-04:00,2025-03-13 09:51:00-04:00,STOP,19712.75,19664.044295524833,22.72932875507816,34.09399313261724,19664.044295524833,-22.72932875507816,-1.0,rb,5,1,RB2-050486,19671.5,19679.0,NQM5
EP-00359,EP-00359-ENTRY_ON_TAP,ENTRY_ON_TAP,-1,2025-03-13 10:13:00-04:00,2025-03-13 10:19:00-04:00,STOP,19665.25,19726.430361617473,28.55083542148669,42.826253132230036,19726.430361617473,-28.55083542148669,-1.0,rb,3,1,RB2-037387,19667.25,19679.75,NQM5
EP-01411,EP-01411-ENTRY_ON_DELAYED_DISPLACEMENT,ENTRY_ON_DELAYED_DISPLACEMENT,-1,2025-03-14 09:42:00-04:00,2025-03-14 09:49:00-04:00,STOP,19770.5,19803.44559467437,15.374610848038115,23.06191627205717,19803.44559467437,-15.374610848038115,-1.0,rb,3,1,RB2-037586,19777.0,19808.25,NQM5
EP-03903,EP-03903-ENTRY_ON_FIRST_CLOSE_OUTSIDE,ENTRY_ON_FIRST_CLOSE_OUTSIDE,1,2025-03-18 09:42:00-04:00,2025-03-18 09:44:00-04:00,STOP,19784.75,19742.990754781174,19.487647768785802,29.2314716531787,19742.990754781174,-19.487647768785802,-1.0,rb,1,1,RB2-001600,19767.0,19781.0,NQM5
EP-03908,EP-03908-ENTRY_ON_DELAYED_DISPLACEMENT,ENTRY_ON_DELAYED_DISPLACEMENT,1,2025-03-18 09:52:00-04:00,2025-03-18 09:53:00-04:00,STOP,19732.5,19682.19623235241,23.475091568876287,35.212637353314435,19682.19623235241,-23.475091568876287,-1.0,rb,1,1,RB2-001604,19688.0,19711.75,NQM5
EP-08861,EP-08861-ENTRY_ON_TAP,ENTRY_ON_TAP,1,2025-03-24 10:10:00-04:00,2025-03-24 10:12:00-04:00,TARGET,20281.75,20247.319078027045,16.067763587378202,24.101645381067303,20305.851645381066,11.247434511164242,0.6999999999999689,rb,1,1,RB2-003928,20268.75,20276.75,NQM5
EP-10012,EP-10012-ENTRY_ON_FIRST_CLOSE_OUTSIDE,ENTRY_ON_FIRST_CLOSE_OUTSIDE,-1,2025-03-25 10:01:00-04:00,2025-03-25 10:02:00-04:00,TARGET,20406.0,20439.0666654837,15.431110559061024,23.146665838591534,20382.85333416141,10.801777391343272,0.700000000000036,rb,3,1,RB2-038997,20410.5,20422.75,NQM5
EP-10023,EP-10023-ENTRY_ON_TAP,ENTRY_ON_TAP,1,2025-03-25 10:02:00-04:00,2025-03-25 10:07:00-04:00,TARGET,20390.75,20356.96289795907,15.767314285766814,23.65097142865022,20414.40097142865,11.03712000003663,0.6999999999999912,rb,1,1,RB2-004514,20381.0,20386.25,NQM5
EP-11266,EP-11266-ENTRY_ON_TAP,ENTRY_ON_TAP,-1,2025-03-26 09:35:00-04:00,2025-03-26 09:35:00-04:00,STOP,20428.75,20448.767472212123,9.34148703232479,14.012230548487185,20448.767472212123,-9.34148703232479,-1.0,rb,5,5,RB2-051645,20449.25,20457.0,NQM5
EP-11267,EP-11267-ENTRY_ON_FIRST_CLOSE_OUTSIDE,ENTRY_ON_FIRST_CLOSE_OUTSIDE,1,2025-03-26 09:40:00-04:00,2025-03-26 09:43:00-04:00,STOP,20458.0,20433.133104766337,11.604551109043259,17.40682666356489,20433.133104766337,-11.604551109043259,-1.0,rb,5,5,RB2-051628,20429.5,20432.75,NQM5
EP-11276,EP-11276-ENTRY_ON_DELAYED_DISPLACEMENT,ENTRY_ON_DELAYED_DISPLACEMENT,-1,2025-03-26 09:46:00-04:00,2025-03-26 09:47:00-04:00,TARGET,20435.75,20464.417555630433,13.378192627534776,20.067288941302166,20415.682711058696,9.364734839274032,0.6999999999999768,rb,1,1,RB2-005102,20459.75,20474.0,NQM5
EP-12506,EP-12506-ENTRY_ON_STRONG_REJECTION,ENTRY_ON_STRONG_REJECTION,-1,2025-03-27 09:35:00-04:00,2025-03-27 09:35:00-04:00,TARGET,19997.25,20028.912547574368,14.775855534704421,22.163783302056633,19975.086216697942,10.343098874292762,0.6999999999999775,rb,5,5,RB2-051760,20067.75,20073.25,NQM5
EP-12515,EP-12515-ENTRY_ON_MINIMAL_WICK_REJECTION,ENTRY_ON_MINIMAL_WICK_REJECTION,-1,2025-03-27 09:35:00-04:00,2025-03-27 09:35:00-04:00,TARGET,19997.25,20028.912547574368,14.775855534704421,22.163783302056633,19975.086216697942,10.343098874292762,0.6999999999999775,rb,5,5,RB2-051761,20068.75,20081.75,NQM5
EP-12515,EP-12515-ENTRY_ON_STRONG_REJECTION,ENTRY_ON_STRONG_REJECTION,-1,2025-03-27 09:35:00-04:00,2025-03-27 09:35:00-04:00,TARGET,19997.25,20028.912547574368,14.775855534704421,22.163783302056633,19975.086216697942,10.343098874292762,0.6999999999999775,rb,5,5,RB2-051761,20068.75,20081.75,NQM5
EP-12552,EP-12552-ENTRY_ON_DELAYED_DISPLACEMENT,ENTRY_ON_DELAYED_DISPLACEMENT,1,2025-03-27 09:44:00-04:00,2025-03-27 09:45:00-04:00,TARGET,19969.5,19930.348439060712,18.270728438334228,27.40609265750134,19996.9060926575,12.78950990683378,0.6999999999999902,rb,3,1,RB2-039397,19944.25,19960.75,NQM5
EP-12578,EP-12578-ENTRY_ON_TAP,ENTRY_ON_TAP,-1,2025-03-27 10:10:00-04:00,2025-03-27 10:29:00-04:00,STOP,20058.25,20108.081866500026,23.254871033344802,34.882306550017205,20108.081866500026,-23.254871033344802,-1.0,rb,5,5,RB2-051765,20078.25,20102.75,NQM5
EP-15104,EP-15104-ENTRY_ON_TAP,ENTRY_ON_TAP,1,2025-03-31 09:49:00-04:00,2025-03-31 09:51:00-04:00,TARGET,19014.5,18963.354444330158,23.867925979260008,35.80188896889001,19050.30188896889,16.707548185482292,0.7000000000000121,rb,3,1,RB2-039825,18976.75,19004.75,NQM5
EP-15139,EP-15139-ENTRY_ON_TAP,ENTRY_ON_TAP,1,2025-03-31 10:17:00-04:00,2025-03-31 10:27:00-04:00,STOP,19114.25,19059.42371528906,25.585599531772342,38.37839929765851,19059.42371528906,-25.585599531772342,-1.0,rb,5,1,RB2-052030,19102.5,19119.5,NQM5
EP-16420,EP-16420-ENTRY_ON_MINIMAL_WICK_REJECTION,ENTRY_ON_MINIMAL_WICK_REJECTION,-1,2025-04-01 09:43:00-04:00,2025-04-01 09:47:00-04:00,STOP,19381.25,19424.54585331101,20.204731545138387,30.30709731770758,19424.54585331101,-20.204731545138387,-1.0,rb,1,1,RB2-007408,19385.5,19394.5,NQM5
EP-17739,EP-17739-ENTRY_ON_DELAYED_DISPLACEMENT,ENTRY_ON_DELAYED_DISPLACEMENT,-1,2025-04-02 10:08:00-04:00,2025-04-02 10:09:00-04:00,TARGET,19572.75,19625.204757598283,24.478886879198175,36.718330318797264,19536.031669681204,17.135220815438228,0.6999999999999797,rb,1,1,RB2-008025,19612.25,19620.75,NQM5
EP-21635,EP-21635-ENTRY_ON_NEW_IFVG,ENTRY_ON_NEW_IFVG,-1,2025-04-07 10:23:00-04:00,2025-04-07 10:23:00-04:00,TARGET,17699.0,17978.91982832606,130.6292532188274,195.94387982824108,17503.056120171757,91.44047725317894,0.6999999999999983,rb,1,1,RB2-009848,18321.75,18361.5,NQM5
EP-21640,EP-21640-ENTRY_ON_TAP,ENTRY_ON_TAP,-1,2025-04-07 10:23:00-04:00,2025-04-07 10:23:00-04:00,TARGET,17699.0,17978.91982832606,130.6292532188274,195.94387982824108,17503.056120171757,91.44047725317894,0.6999999999999983,rb,1,1,RB2-009849,17800.25,17894.75,NQM5
EP-21640,EP-21640-ENTRY_ON_FIRST_CLOSE_OUTSIDE,ENTRY_ON_FIRST_CLOSE_OUTSIDE,-1,2025-04-07 10:24:00-04:00,2025-04-07 10:29:00-04:00,TARGET,17554.75,17843.58685928866,134.79053433470958,202.18580150206435,17352.564198497937,94.3533740342972,0.7000000000000037,rb,1,1,RB2-009849,17800.25,17894.75,NQM5
EP-26782,EP-26782-ENTRY_ON_DELAYED_DISPLACEMENT,ENTRY_ON_DELAYED_DISPLACEMENT,-1,2025-04-11 10:01:00-04:00,2025-04-11 10:03:00-04:00,TARGET,18519.0,18623.702637357077,48.86123076663577,73.29184614995366,18445.708153850046,34.20286153664491,0.6999999999999974,rb,1,1,RB2-012363,18616.0,18630.25,NQM5
EP-26807,EP-26807-ENTRY_ON_TAP,ENTRY_ON_TAP,1,2025-04-11 10:18:00-04:00,2025-04-11 10:21:00-04:00,STOP,18476.25,18358.087879618346,55.14232284477189,82.71348426715784,18358.087879618346,-55.14232284477189,-1.0,rb,3,3,RB2-041691,18463.25,18508.25,NQM5
EP-28076,EP-28076-ENTRY_ON_TAP,ENTRY_ON_TAP,-1,2025-04-14 10:10:00-04:00,2025-04-14 10:15:00-04:00,TARGET,19110.0,19184.09991185446,34.57995886541477,51.86993829812215,19058.13006170188,24.205971205790238,0.6999999999999972,rb,5,5,RB2-053288,19140.5,19161.75,NQM5
EP-29351,EP-29351-ENTRY_ON_TAP,ENTRY_ON_TAP,1,2025-04-15 09:46:00-04:00,2025-04-15 09:48:00-04:00,TARGET,19049.25,19002.854877912938,21.65105697396247,32.4765854609437,19081.726585460943,15.155739881773806,0.7000000000000036,rb,5,1,RB2-053416,19042.5,19059.0,NQM5
EP-29428,EP-29428-ENTRY_ON_TAP,ENTRY_ON_TAP,-1,2025-04-15 10:52:00-04:00,2025-04-15 11:27:00-04:00,STOP,19024.25,19094.176775133375,32.632495062242356,48.948742593363534,19024.25,-0.0,-0.0,rb,3,1,RB2-042117,19027.25,19039.5,NQM5
EP-30644,EP-30644-ENTRY_ON_TAP,ENTRY_ON_TAP,-1,2025-04-16 10:06:00-04:00,2025-04-16 10:25:00-04:00,STOP,18569.25,18621.161109825858,24.22518458539972,36.33777687809958,18621.161109825858,-24.22518458539972,-1.0,rb,3,3,RB2-042319,18553.0,18582.75,NQM5
EP-31956,EP-31956-ENTRY_ON_TAP,ENTRY_ON_TAP,1,2025-04-17 10:07:00-04:00,2025-04-17 10:21:00-04:00,STOP,18425.75,18360.33243567749,30.528196683838463,45.792295025757696,18360.33243567749,-30.528196683838463,-1.0,rb,3,1,RB2-042527,18411.75,18454.5,NQM5
EP-32012,EP-32012-ENTRY_ON_TAP,ENTRY_ON_TAP,-1,2025-04-17 11:07:00-04:00,2025-04-17 11:28:00-04:00,TARGET,18389.5,18445.706465687257,26.229683987385908,39.34452598107886,18350.15547401892,18.3607787911696,0.6999999999999796,rb,5,1,RB2-053678,18387.0,18403.25,NQM5
EP-33127,EP-33127-ENTRY_ON_TAP,ENTRY_ON_TAP,-1,2025-04-21 09:49:00-04:00,2025-04-21 09:52:00-04:00,TARGET,18099.75,18143.287162323795,20.31734241777092,30.476013626656382,18069.273986373344,14.222139692439523,0.6999999999999941,rb,5,1,RB2-053799,18113.0,18121.5,NQM5
EP-34396,EP-34396-ENTRY_ON_TAP,ENTRY_ON_TAP,1,2025-04-22 09:56:00-04:00,2025-04-22 09:58:00-04:00,TARGET,18204.5,18165.75058166367,18.08306189028784,27.124592835431763,18231.624592835433,12.65814332320166,0.7000000000000095,rb,5,1,RB2-053922,18199.0,18221.0,NQM5
EP-35759,EP-35759-ENTRY_ON_TAP,ENTRY_ON_TAP,1,2025-04-23 09:43:00-04:00,2025-04-23 09:44:00-04:00,TARGET,19003.0,18932.664149756634,32.823396780237935,49.2350951703569,19052.235095170356,22.976377746166975,0.7000000000000128,rb,3,1,RB2-043173,18966.0,19037.25,NQM5
EP-37019,EP-37019-ENTRY_ON_STRONG_REJECTION,ENTRY_ON_STRONG_REJECTION,1,2025-04-24 09:30:00-04:00,2025-04-24 09:30:00-04:00,STOP,18875.25,18849.312624129077,12.104108739763964,18.156163109645945,18849.312624129077,-12.104108739763964,-1.0,rb,5,5,RB2-054182,18822.5,18846.5,NQM5
EP-37047,EP-37047-ENTRY_ON_DELAYED_DISPLACEMENT,ENTRY_ON_DELAYED_DISPLACEMENT,1,2025-04-24 09:30:00-04:00,2025-04-24 09:30:00-04:00,STOP,18875.25,18849.312624129077,12.104108739763964,18.156163109645945,18849.312624129077,-12.104108739763964,-1.0,rb,3,1,RB2-043375,18837.0,18847.75,NQM5
EP-37048,EP-37048-ENTRY_ON_TAP,ENTRY_ON_TAP,1,2025-04-24 09:30:00-04:00,2025-04-24 09:30:00-04:00,STOP,18875.25,18849.312624129077,12.104108739763964,18.156163109645945,18849.312624129077,-12.104108739763964,-1.0,rb,3,3,RB2-043375,18837.0,18847.75,NQM5
EP-38430,EP-38430-ENTRY_ON_FIRST_CLOSE_OUTSIDE,ENTRY_ON_FIRST_CLOSE_OUTSIDE,-1,2025-04-25 10:04:00-04:00,2025-04-25 10:08:00-04:00,STOP,19308.0,19361.564854031152,24.996931881205146,37.49539782180772,19361.564854031152,-24.996931881205146,-1.0,rb,1,1,RB2-017785,19320.25,19343.25,NQM5
EP-39729,EP-39729-ENTRY_ON_FIRST_CLOSE_OUTSIDE,ENTRY_ON_FIRST_CLOSE_OUTSIDE,1,2025-04-28 09:39:00-04:00,2025-04-28 09:41:00-04:00,TARGET,19520.0,19486.552530687222,15.60881901263008,23.41322851894512,19543.413228518944,10.926173308841403,0.7000000000000222,rb,3,3,RB2-043813,19491.25,19495.25,NQM5
EP-42331,EP-42331-ENTRY_ON_TAP,ENTRY_ON_TAP,-1,2025-04-30 10:01:00-04:00,2025-04-30 10:10:00-04:00,STOP,19167.5,19226.092711226273,27.343265238927508,41.014897858391265,19226.092711226273,-27.343265238927508,-1.0,rb,3,1,RB2-044215,19159.25,19189.0,NQM5
EP-44918,EP-44918-ENTRY_ON_DELAYED_DISPLACEMENT,ENTRY_ON_DELAYED_DISPLACEMENT,-1,2025-05-02 09:48:00-04:00,2025-05-02 09:51:00-04:00,TARGET,20071.25,20115.38317321981,20.595480835910106,30.893221253865157,20040.356778746136,14.416836585136648,0.6999999999999793,rb,3,3,RB2-044622,20105.75,20125.0,NQM5
EP-46164,EP-46164-ENTRY_ON_MINIMAL_WICK_REJECTION,ENTRY_ON_MINIMAL_WICK_REJECTION,1,2025-05-05 10:06:00-04:00,2025-05-05 10:18:00-04:00,TARGET,20064.75,20023.47080668858,19.2636235453302,28.8954353179953,20093.645435317994,13.484536481731622,0.7000000000000249,rb,1,1,RB2-021365,20049.75,20054.5,NQM5
EP-48742,EP-48742-ENTRY_ON_FIRST_CLOSE_OUTSIDE,ENTRY_ON_FIRST_CLOSE_OUTSIDE,-1,2025-05-07 09:35:00-04:00,2025-05-07 09:35:00-04:00,TARGET,19895.25,19924.9238599763,13.847801322274357,20.771701983411536,19874.478298016587,9.693460925592383,0.700000000000024,rb,5,5,RB2-055311,19897.75,19907.75,NQM5
EP-48742,EP-48742-ENTRY_ON_MINIMAL_WICK_REJECTION,ENTRY_ON_MINIMAL_WICK_REJECTION,-1,2025-05-07 09:35:00-04:00,2025-05-07 09:35:00-04:00,TARGET,19895.25,19924.9238599763,13.847801322274357,20.771701983411536,19874.478298016587,9.693460925592383,0.700000000000024,rb,5,5,RB2-055311,19897.75,19907.75,NQM5
EP-48757,EP-48757-ENTRY_ON_FIRST_CLOSE_OUTSIDE,ENTRY_ON_FIRST_CLOSE_OUTSIDE,-1,2025-05-07 09:35:00-04:00,2025-05-07 09:35:00-04:00,TARGET,19895.25,19924.9238599763,13.847801322274357,20.771701983411536,19874.478298016587,9.693460925592383,0.700000000000024,rb,3,1,RB2-045243,19918.5,19921.75,NQM5
EP-61602,EP-61602-ENTRY_ON_TAP,ENTRY_ON_TAP,1,2025-05-21 10:11:00-04:00,2025-05-21 10:43:00-04:00,STOP,21392.75,21354.346944544413,17.921425879274388,26.88213881891158,21392.75,-0.0,-0.0,rb,5,1,RB2-056609,21383.5,21397.0,NQM5
EP-61627,EP-61627-ENTRY_ON_TAP,ENTRY_ON_TAP,1,2025-05-21 10:49:00-04:00,2025-05-21 10:50:00-04:00,TARGET,21388.0,21353.731232933405,15.992091297743546,23.98813694661532,21411.988136946617,11.194463908420063,0.6999999999999739,rb,5,1,RB2-056612,21372.0,21379.5,NQM5
EP-65316,EP-65316-ENTRY_ON_FIRST_CLOSE_OUTSIDE,ENTRY_ON_FIRST_CLOSE_OUTSIDE,1,2025-05-26 09:45:00-04:00,2025-05-26 09:50:00-04:00,STOP,21302.25,21288.233738958625,6.540921819308372,9.811382728962558,21288.233738958625,-6.540921819308372,-1.0,rb,5,5,RB2-056959,21248.5,21260.75,NQM5
EP-67541,EP-67541-ENTRY_ON_TAP,ENTRY_ON_TAP,1,2025-05-28 09:46:00-04:00,2025-05-28 09:48:00-04:00,STOP,21521.0,21495.978705614518,11.676604046558237,17.514906069837355,21495.978705614518,-11.676604046558237,-1.0,rb,5,1,RB2-057177,21510.75,21525.5,NQM5
EP-67629,EP-67629-ENTRY_ON_TAP,ENTRY_ON_TAP,-1,2025-05-28 11:07:00-04:00,2025-05-28 11:11:00-04:00,TARGET,21463.75,21489.09970717402,11.829863347876977,17.744795021815463,21446.005204978184,8.28090434351447,0.7000000000000496,rb,3,1,RB2-048353,21463.75,21469.25,NQM5
EP-71294,EP-71294-ENTRY_ON_FIRST_CLOSE_OUTSIDE,ENTRY_ON_FIRST_CLOSE_OUTSIDE,1,2025-06-02 10:36:00-04:00,2025-06-02 11:07:00-04:00,STOP,21384.0,21336.973526025922,21.94568785456913,32.918531781853694,21384.0,-0.0,-0.0,rb,3,3,RB2-048966,21364.0,21374.5,NQM5
EP-72488,EP-72488-ENTRY_ON_DELAYED_DISPLACEMENT,ENTRY_ON_DELAYED_DISPLACEMENT,1,2025-06-03 09:42:00-04:00,2025-06-03 09:42:00-04:00,TARGET,21558.75,21529.687475601513,13.562511385959816,20.343767078939724,21579.09376707894,9.49375797017137,0.699999999999963,rb,3,1,RB2-049169,21517.25,21524.5,NQM5
EP-72489,EP-72489-ENTRY_ON_TAP,ENTRY_ON_TAP,1,2025-06-03 09:42:00-04:00,2025-06-03 09:42:00-04:00,TARGET,21558.75,21529.687475601513,13.562511385959816,20.343767078939724,21579.09376707894,9.49375797017137,0.699999999999963,rb,3,3,RB2-049169,21517.25,21524.5,NQM5
EP-73664,EP-73664-ENTRY_ON_TAP,ENTRY_ON_TAP,-1,2025-06-04 09:50:00-04:00,2025-06-04 09:51:00-04:00,TARGET,21776.25,21803.417503697558,12.678168392192703,19.017252588289054,21757.232747411712,8.874717874534317,0.6999999999999547,rb,3,1,RB2-049365,21785.75,21793.25,NQM5
EP-74779,EP-74779-ENTRY_ON_TAP,ENTRY_ON_TAP,-1,2025-06-05 09:33:00-04:00,2025-06-05 09:39:00-04:00,TARGET,21792.0,21826.434193785342,16.069290433159303,24.103935649738954,21767.89606435026,11.248503303211187,0.6999999999999797,rb,3,3,RB2-049553,21817.75,21820.25,NQM5
EP-74798,EP-74798-ENTRY_ON_STRONG_REJECTION,ENTRY_ON_STRONG_REJECTION,1,2025-06-05 09:57:00-04:00,2025-06-05 10:23:00-04:00,TARGET,21740.25,21692.76458253463,22.159861483840142,33.23979222576021,21773.48979222576,15.511903038688626,0.7000000000000237,rb,5,1,RB2-057888,21691.5,21735.5,NQM5
EP-76031,EP-76031-ENTRY_ON_TAP,ENTRY_ON_TAP,1,2025-06-06 09:56:00-04:00,2025-06-06 10:00:00-04:00,TARGET,21822.5,21787.76498921658,16.209671698930574,24.31450754839586,21846.814507548395,11.346770189251984,0.7000000000000359,rb,3,1,RB2-049765,21813.25,21823.75,NQM5
EP-77236,EP-77236-ENTRY_ON_FIRST_CLOSE_OUTSIDE,ENTRY_ON_FIRST_CLOSE_OUTSIDE,1,2025-06-09 09:34:00-04:00,2025-06-09 09:34:00-04:00,STOP,21796.25,21778.28719579369,8.382641962944593,12.57396294441689,21778.28719579369,-8.382641962944593,-1.0,rb,3,1,RB2-049938,21774.0,21783.5,NQM5
EP-77236,EP-77236-ENTRY_ON_MINIMAL_WICK_REJECTION,ENTRY_ON_MINIMAL_WICK_REJECTION,1,2025-06-09 09:34:00-04:00,2025-06-09 09:34:00-04:00,STOP,21796.25,21778.28719579369,8.382641962944593,12.57396294441689,21778.28719579369,-8.382641962944593,-1.0,rb,3,1,RB2-049938,21774.0,21783.5,NQM5
EP-77236,EP-77236-ENTRY_ON_DELAYED_DISPLACEMENT,ENTRY_ON_DELAYED_DISPLACEMENT,1,2025-06-09 09:34:00-04:00,2025-06-09 09:34:00-04:00,STOP,21796.25,21778.28719579369,8.382641962944593,12.57396294441689,21778.28719579369,-8.382641962944593,-1.0,rb,3,1,RB2-049938,21774.0,21783.5,NQM5
EP-77247,EP-77247-ENTRY_ON_TAP,ENTRY_ON_TAP,1,2025-06-09 09:47:00-04:00,2025-06-09 09:50:00-04:00,TARGET,21785.5,21758.408938090608,12.642495557715558,18.963743336573337,21804.463743336575,8.849746890400391,0.6999999999999605,rb,3,1,RB2-049963,21778.0,21781.5,NQM5
EP-79698,EP-79698-ENTRY_ON_TAP,ENTRY_ON_TAP,1,2025-06-11 09:34:00-04:00,2025-06-11 09:39:00-04:00,TARGET,21979.0,21949.51063830282,13.761702125350658,20.642553188025985,21999.642553188027,9.633191487745933,0.7000000000000343,rb,3,1,RB2-050359,21966.25,21988.25,NQM5
EP-00327,EP-00327-ENTRY_ON_FIRST_CLOSE_OUTSIDE,ENTRY_ON_FIRST_CLOSE_OUTSIDE,-1,2025-06-12 09:42:00-04:00,2025-06-12 09:55:00-04:00,TARGET,22092.5,22117.2322128617,11.541699335460354,17.312549003190533,22075.18745099681,8.079189534821989,0.6999999999999775,rb,1,1,RB2-000075,22094.0,22102.25,NQU5
EP-00407,EP-00407-ENTRY_ON_NEW_FVG,ENTRY_ON_NEW_FVG,-1,2025-06-12 11:25:00-04:00,2025-06-12 11:30:00-04:00,STOP,22123.5,22145.048916381198,10.056160977892326,15.084241466838488,22145.048916381198,-10.056160977892326,-1.0,rb,5,5,RB2-049451,22192.5,22202.0,NQU5
EP-01331,EP-01331-ENTRY_ON_TAP,ENTRY_ON_TAP,-1,2025-06-13 09:34:00-04:00,2025-06-13 09:37:00-04:00,TARGET,21976.25,22002.31782563145,12.16498529467611,18.247477942014164,21958.002522057985,8.515489706273044,0.6999999999999807,rb,3,1,RB2-036924,21981.25,21998.0,NQU5
EP-01335,EP-01335-ENTRY_ON_TAP,ENTRY_ON_TAP,1,2025-06-13 09:41:00-04:00,2025-06-13 09:51:00-04:00,TARGET,21983.25,21951.61946816382,14.760914856883677,22.141372285325517,22005.391372285325,10.33264039981801,0.6999999999999618,rb,5,1,RB2-049567,21950.0,21985.0,NQU5
EP-01334,EP-01334-ENTRY_ON_MINIMAL_WICK_REJECTION,ENTRY_ON_MINIMAL_WICK_REJECTION,1,2025-06-13 09:51:00-04:00,2025-06-13 09:51:00-04:00,TARGET,21990.5,21955.644333168562,16.265977854670236,24.398966782005353,22014.898966782006,11.386184498268682,0.6999999999999702,rb,3,3,RB2-036925,21950.0,21972.5,NQU5
EP-02559,EP-02559-ENTRY_ON_FIRST_CLOSE_OUTSIDE,ENTRY_ON_FIRST_CLOSE_OUTSIDE,-1,2025-06-16 09:48:00-04:00,2025-06-16 09:49:00-04:00,STOP,22066.25,22097.953589829955,14.795008587311903,22.192512880967854,22097.953589829955,-14.795008587311903,-1.0,rb,3,3,RB2-037131,22067.0,22099.0,NQU5
EP-03856,EP-03856-ENTRY_ON_TAP,ENTRY_ON_TAP,-1,2025-06-17 09:33:00-04:00,2025-06-17 09:42:00-04:00,TARGET,22083.25,22108.000389527115,11.55018177932032,17.32527266898048,22065.92472733102,8.085127245524298,0.7000000000000064,rb,1,1,RB2-001648,22098.5,22110.0,NQU5
EP-05123,EP-05123-ENTRY_ON_TAP,ENTRY_ON_TAP,1,2025-06-18 09:36:00-04:00,2025-06-18 09:39:00-04:00,TARGET,21949.5,21927.54895200075,10.243822399650226,15.365733599475337,21964.865733599476,7.1706756797554565,0.7000000000000292,rb,1,1,RB2-002230,21926.25,21930.5,NQU5
EP-06360,EP-06360-ENTRY_ON_FIRST_CLOSE_OUTSIDE,ENTRY_ON_FIRST_CLOSE_OUTSIDE,1,2025-06-19 09:51:00-04:00,2025-06-19 09:57:00-04:00,TARGET,21683.5,21656.284900131002,12.700379938864966,19.050569908297447,21702.550569908297,8.890265957205056,0.6999999999999669,rb,1,1,RB2-002816,21651.25,21657.75,NQU5
EP-12255,EP-12255-ENTRY_ON_TAP,ENTRY_ON_TAP,1,2025-06-26 09:41:00-04:00,2025-06-26 09:48:00-04:00,STOP,22521.25,22494.899358368075,12.296966094897646,18.44544914234647,22494.899358368075,-12.296966094897646,-1.0,rb,1,1,RB2-005640,22500.75,22514.25,NQU5
EP-13580,EP-13580-ENTRY_ON_TAP,ENTRY_ON_TAP,1,2025-06-27 10:56:00-04:00,2025-06-27 11:06:00-04:00,TARGET,22758.25,22732.940471638103,11.811113235552066,17.7166698533281,22775.96666985333,8.2677792648866,0.7000000000000132,rb,5,1,RB2-050786,22752.0,22774.5,NQU5
EP-14762,EP-14762-ENTRY_ON_FIRST_CLOSE_OUTSIDE,ENTRY_ON_FIRST_CLOSE_OUTSIDE,1,2025-06-30 09:38:00-04:00,2025-06-30 09:44:00-04:00,STOP,22835.5,22816.44315550437,8.893194097961203,13.339791146941804,22816.44315550437,-8.893194097961203,-1.0,rb,3,1,RB2-039146,22815.75,22820.75,NQU5
EP-18415,EP-18415-ENTRY_ON_TAP,ENTRY_ON_TAP,-1,2025-07-03 09:33:00-04:00,2025-07-03 09:39:00-04:00,TARGET,22971.0,22990.78256763524,9.231864896445355,13.847797344668033,22957.152202655332,6.462305427511629,0.6999999999999871,rb,1,1,RB2-008530,22973.25,22985.75,NQU5
EP-20356,EP-20356-ENTRY_ON_TAP,ENTRY_ON_TAP,-1,2025-07-07 09:41:00-04:00,2025-07-07 09:46:00-04:00,TARGET,22942.5,22969.21784687354,12.468328540984613,18.70249281147692,22923.797507188523,8.727829978688689,0.6999999999999567,rb,5,1,RB2-051460,22926.75,22950.75,NQU5
EP-20384,EP-20384-ENTRY_ON_TAP,ENTRY_ON_TAP,-1,2025-07-07 10:07:00-04:00,2025-07-07 10:14:00-04:00,TARGET,22938.5,22968.254357916147,13.885367027534569,20.828050541301852,22917.671949458698,9.719756919273857,0.6999999999999754,rb,3,1,RB2-040031,22930.75,22941.75,NQU5
EP-21624,EP-21624-ENTRY_ON_TAP,ENTRY_ON_TAP,1,2025-07-08 09:36:00-04:00,2025-07-08 09:39:00-04:00,STOP,22910.75,22892.977453884407,8.29385485394283,12.440782280914245,22892.977453884407,-8.29385485394283,-1.0,rb,1,1,RB2-010039,22898.0,22902.25,NQU5
EP-22869,EP-22869-ENTRY_ON_DELAYED_DISPLACEMENT,ENTRY_ON_DELAYED_DISPLACEMENT,-1,2025-07-09 10:23:00-04:00,2025-07-09 10:27:00-04:00,TARGET,23072.0,23093.873499204983,10.207632962325825,15.311449443488737,23056.68855055651,7.145343073628346,0.7000000000000263,rb,1,1,RB2-010642,23082.25,23086.25,NQU5
EP-24100,EP-24100-ENTRY_ON_TAP,ENTRY_ON_TAP,1,2025-07-10 10:15:00-04:00,2025-07-10 10:18:00-04:00,TARGET,22942.0,22912.068434112327,13.968064080914484,20.952096121371724,22962.95209612137,9.77764485664041,0.7000000000000195,rb,3,3,RB2-040630,22918.0,22928.75,NQU5
EP-25462,EP-25462-ENTRY_ON_TAP,ENTRY_ON_TAP,1,2025-07-11 11:20:00-04:00,2025-07-11 11:21:00-04:00,TARGET,22936.25,22911.986916507547,11.322772296478488,16.984158444717732,22953.234158444717,7.925940607535234,0.7000000000000258,rb,1,1,RB2-011826,22921.25,22925.25,NQU5
EP-26568,EP-26568-ENTRY_ON_DELAYED_DISPLACEMENT,ENTRY_ON_DELAYED_DISPLACEMENT,-1,2025-07-14 09:38:00-04:00,2025-07-14 09:38:00-04:00,TARGET,22946.0,22969.39701747535,10.918608155162286,16.377912232743427,22929.622087767257,7.64302570861334,0.6999999999999762,rb,3,1,RB2-041034,22948.0,22979.25,NQU5
EP-26572,EP-26572-ENTRY_ON_FIRST_CLOSE_OUTSIDE,ENTRY_ON_FIRST_CLOSE_OUTSIDE,-1,2025-07-14 09:38:00-04:00,2025-07-14 09:38:00-04:00,TARGET,22946.0,22969.39701747535,10.918608155162286,16.377912232743427,22929.622087767257,7.64302570861334,0.6999999999999762,rb,1,1,RB2-012346,22949.0,22964.75,NQU5
EP-26572,EP-26572-ENTRY_ON_MINIMAL_WICK_REJECTION,ENTRY_ON_MINIMAL_WICK_REJECTION,-1,2025-07-14 09:38:00-04:00,2025-07-14 09:38:00-04:00,TARGET,22946.0,22969.39701747535,10.918608155162286,16.377912232743427,22929.622087767257,7.64302570861334,0.6999999999999762,rb,1,1,RB2-012346,22949.0,22964.75,NQU5
EP-26572,EP-26572-ENTRY_ON_DELAYED_DISPLACEMENT,ENTRY_ON_DELAYED_DISPLACEMENT,-1,2025-07-14 09:38:00-04:00,2025-07-14 09:38:00-04:00,TARGET,22946.0,22969.39701747535,10.918608155162286,16.377912232743427,22929.622087767257,7.64302570861334,0.6999999999999762,rb,1,1,RB2-012346,22949.0,22964.75,NQU5
EP-27719,EP-27719-ENTRY_ON_TAP,ENTRY_ON_TAP,-1,2025-07-15 09:43:00-04:00,2025-07-15 09:47:00-04:00,TARGET,23165.0,23194.299097628318,13.672912226547865,20.509368339821798,23144.490631660177,9.57103855858309,0.6999999999999696,rb,5,1,RB2-052167,23161.5,23185.5,NQU5
EP-31270,EP-31270-ENTRY_ON_FIRST_CLOSE_OUTSIDE,ENTRY_ON_FIRST_CLOSE_OUTSIDE,-1,2025-07-18 09:35:00-04:00,2025-07-18 09:36:00-04:00,TARGET,23291.5,23313.897004278588,10.451935330007686,15.677902995011529,23275.822097004988,7.316354731005444,0.7000000000000062,rb,5,5,RB2-052481,23296.5,23299.5,NQU5
EP-31278,EP-31278-ENTRY_ON_STRONG_REJECTION,ENTRY_ON_STRONG_REJECTION,-1,2025-07-18 09:36:00-04:00,2025-07-18 09:38:00-04:00,TARGET,23284.5,23307.392367195553,10.683104691257366,16.024657036886047,23268.475342963113,7.478173283879778,0.6999999999999647,rb,3,3,RB2-041762,23305.0,23307.25,NQU5
EP-31300,EP-31300-ENTRY_ON_FIRST_CLOSE_OUTSIDE,ENTRY_ON_FIRST_CLOSE_OUTSIDE,-1,2025-07-18 09:52:00-04:00,2025-07-18 09:52:00-04:00,TARGET,23286.25,23311.049293434495,11.5730036027641,17.359505404146148,23268.890494595853,8.101102521934784,0.6999999999999926,rb,5,1,RB2-052518,23287.0,23296.5,NQU5
EP-31300,EP-31300-ENTRY_ON_MINIMAL_WICK_REJECTION,ENTRY_ON_MINIMAL_WICK_REJECTION,-1,2025-07-18 09:52:00-04:00,2025-07-18 09:52:00-04:00,TARGET,23286.25,23311.049293434495,11.5730036027641,17.359505404146148,23268.890494595853,8.101102521934784,0.6999999999999926,rb,5,1,RB2-052518,23287.0,23296.5,NQU5
EP-31308,EP-31308-ENTRY_ON_FIRST_CLOSE_OUTSIDE,ENTRY_ON_FIRST_CLOSE_OUTSIDE,1,2025-07-18 10:03:00-04:00,2025-07-18 10:04:00-04:00,STOP,23268.75,23242.23318594144,12.37451322732761,18.561769840991413,23242.23318594144,-12.37451322732761,-1.0,rb,5,1,RB2-052519,23252.5,23257.5,NQU5
EP-32587,EP-32587-ENTRY_ON_FIRST_CLOSE_OUTSIDE,ENTRY_ON_FIRST_CLOSE_OUTSIDE,-1,2025-07-21 09:59:00-04:00,2025-07-21 10:00:00-04:00,STOP,23372.5,23393.84419042552,9.960622198575674,14.940933297863511,23393.84419042552,-9.960622198575674,-1.0,rb,3,1,RB2-042036,23389.5,23396.0,NQU5
EP-33678,EP-33678-ENTRY_ON_STRONG_REJECTION,ENTRY_ON_STRONG_REJECTION,1,2025-07-22 09:30:00-04:00,2025-07-22 09:30:00-04:00,STOP,23346.0,23336.242007865658,4.553729662693652,6.8305944940404775,23336.242007865658,-4.553729662693652,-1.0,rb,5,5,RB2-052770,23332.5,23334.75,NQU5
EP-33701,EP-33701-ENTRY_ON_FIRST_CLOSE_OUTSIDE,ENTRY_ON_FIRST_CLOSE_OUTSIDE,1,2025-07-22 09:30:00-04:00,2025-07-22 09:30:00-04:00,STOP,23346.0,23336.242007865658,4.553729662693652,6.8305944940404775,23336.242007865658,-4.553729662693652,-1.0,rb,5,5,RB2-052772,23336.25,23338.5,NQU5
EP-33701,EP-33701-ENTRY_ON_MINIMAL_WICK_REJECTION,ENTRY_ON_MINIMAL_WICK_REJECTION,1,2025-07-22 09:30:00-04:00,2025-07-22 09:30:00-04:00,STOP,23346.0,23336.242007865658,4.553729662693652,6.8305944940404775,23336.242007865658,-4.553729662693652,-1.0,rb,5,5,RB2-052772,23336.25,23338.5,NQU5
EP-33701,EP-33701-ENTRY_ON_STRONG_REJECTION,ENTRY_ON_STRONG_REJECTION,1,2025-07-22 09:30:00-04:00,2025-07-22 09:30:00-04:00,STOP,23346.0,23336.242007865658,4.553729662693652,6.8305944940404775,23336.242007865658,-4.553729662693652,-1.0,rb,5,5,RB2-052772,23336.25,23338.5,NQU5
EP-33701,EP-33701-ENTRY_ON_IMMEDIATE_DISPLACEMENT,ENTRY_ON_IMMEDIATE_DISPLACEMENT,1,2025-07-22 09:30:00-04:00,2025-07-22 09:30:00-04:00,STOP,23346.0,23336.242007865658,4.553729662693652,6.8305944940404775,23336.242007865658,-4.553729662693652,-1.0,rb,5,5,RB2-052772,23336.25,23338.5,NQU5
EP-33705,EP-33705-ENTRY_ON_STRONG_REJECTION,ENTRY_ON_STRONG_REJECTION,1,2025-07-22 09:30:00-04:00,2025-07-22 09:30:00-04:00,STOP,23346.0,23336.242007865658,4.553729662693652,6.8305944940404775,23336.242007865658,-4.553729662693652,-1.0,rb,3,3,RB2-042225,23336.25,23337.25,NQU5
EP-33705,EP-33705-ENTRY_ON_DELAYED_DISPLACEMENT,ENTRY_ON_DELAYED_DISPLACEMENT,1,2025-07-22 09:30:00-04:00,2025-07-22 09:30:00-04:00,STOP,23346.0,23336.242007865658,4.553729662693652,6.8305944940404775,23336.242007865658,-4.553729662693652,-1.0,rb,3,3,RB2-042225,23336.25,23337.25,NQU5
EP-33709,EP-33709-ENTRY_ON_TAP,ENTRY_ON_TAP,1,2025-07-22 09:30:00-04:00,2025-07-22 09:30:00-04:00,STOP,23346.0,23336.242007865658,4.553729662693652,6.8305944940404775,23336.242007865658,-4.553729662693652,-1.0,rb,3,3,RB2-042220,23328.25,23330.75,NQU5
EP-35009,EP-35009-ENTRY_ON_TAP,ENTRY_ON_TAP,1,2025-07-23 09:34:00-04:00,2025-07-23 09:35:00-04:00,TARGET,23206.5,23185.674239802134,9.718688092337993,14.578032138506991,23221.078032138506,6.803081664637047,0.7000000000000465,rb,3,1,RB2-042426,23183.0,23203.0,NQU5
EP-35022,EP-35022-ENTRY_ON_STRONG_REJECTION,ENTRY_ON_STRONG_REJECTION,-1,2025-07-23 09:51:00-04:00,2025-07-23 09:59:00-04:00,TARGET,23189.25,23219.092218500755,13.926368633684758,20.889552950527136,23168.360447049472,9.748458043578752,0.6999999999999584,rb,1,1,RB2-016261,23215.0,23222.25,NQU5
EP-35069,EP-35069-ENTRY_ON_TAP,ENTRY_ON_TAP,1,2025-07-23 10:32:00-04:00,2025-07-23 10:55:00-04:00,TARGET,23175.75,23149.123231107005,12.425825483398079,18.638738225097118,23194.388738225098,8.698077838379032,0.7000000000000303,rb,5,1,RB2-052898,23163.0,23167.0,NQU5
EP-36226,EP-36226-ENTRY_ON_FIRST_CLOSE_OUTSIDE,ENTRY_ON_FIRST_CLOSE_OUTSIDE,1,2025-07-24 09:44:00-04:00,2025-07-24 09:46:00-04:00,TARGET,23360.25,23334.75929287473,11.895663325125621,17.84349498768843,23378.09349498769,8.32696432758734,0.6999999999999501,rb,3,1,RB2-042622,23334.25,23348.5,NQU5
EP-36231,EP-36231-ENTRY_ON_DELAYED_DISPLACEMENT,ENTRY_ON_DELAYED_DISPLACEMENT,-1,2025-07-24 09:51:00-04:00,2025-07-24 09:54:00-04:00,TARGET,23379.0,23406.14954122306,12.669785904095576,19.004678856143364,23359.995321143855,8.868850132867038,0.7000000000000107,rb,3,1,RB2-042606,23400.25,23402.75,NQU5
EP-37362,EP-37362-ENTRY_ON_TAP,ENTRY_ON_TAP,-1,2025-07-25 09:32:00-04:00,2025-07-25 09:34:00-04:00,STOP,23354.25,23369.829862792154,7.270602636338383,10.905903954507576,23369.829862792154,-7.270602636338383,-1.0,rb,5,1,RB2-053138,23369.0,23373.5,NQU5
EP-37359,EP-37359-ENTRY_ON_FIRST_CLOSE_OUTSIDE,ENTRY_ON_FIRST_CLOSE_OUTSIDE,-1,2025-07-25 09:40:00-04:00,2025-07-25 09:45:00-04:00,STOP,23352.0,23373.350423089923,9.963530775296848,14.945296162945272,23373.350423089923,-9.963530775296848,-1.0,rb,5,5,RB2-053138,23369.0,23373.5,NQU5
EP-37402,EP-37402-ENTRY_ON_TAP,ENTRY_ON_TAP,1,2025-07-25 10:06:00-04:00,2025-07-25 10:11:00-04:00,TARGET,23391.75,23367.873550209817,11.142343235419132,16.713514853128697,23408.463514853127,7.799640264793684,0.7000000000000262,rb,3,3,RB2-042799,23382.75,23389.25,NQU5
EP-38536,EP-38536-ENTRY_ON_TAP,ENTRY_ON_TAP,1,2025-07-28 09:41:00-04:00,2025-07-28 09:45:00-04:00,TARGET,23483.25,23462.189476010888,9.828244528251812,14.742366792377718,23497.99236679238,6.879771169775959,0.6999999999999685,rb,5,1,RB2-053252,23464.75,23472.75,NQU5
EP-42196,EP-42196-ENTRY_ON_TAP,ENTRY_ON_TAP,1,2025-07-31 09:48:00-04:00,2025-07-31 09:49:00-04:00,TARGET,23636.5,23601.868451880226,16.16138912256195,24.242083683842925,23660.742083683843,11.312972385793765,0.7000000000000248,rb,3,3,RB2-043573,23620.25,23636.5,NQU5
EP-42241,EP-42241-ENTRY_ON_TAP,ENTRY_ON_TAP,-1,2025-07-31 10:29:00-04:00,2025-07-31 10:34:00-04:00,TARGET,23644.5,23679.52890775025,16.346823616783283,24.520235425174924,23619.979764574826,11.442776531748477,0.700000000000011,rb,3,1,RB2-043579,23649.75,23656.25,NQU5
EP-43368,EP-43368-ENTRY_ON_FIRST_CLOSE_OUTSIDE,ENTRY_ON_FIRST_CLOSE_OUTSIDE,1,2025-08-01 09:38:00-04:00,2025-08-01 09:40:00-04:00,STOP,23026.5,22978.85299405284,22.23526944200812,33.352904163012184,22978.85299405284,-22.23526944200812,-1.0,rb,3,1,RB2-043770,23000.25,23008.25,NQU5
EP-47115,EP-47115-ENTRY_ON_TAP,ENTRY_ON_TAP,1,2025-08-06 09:34:00-04:00,2025-08-06 09:34:00-04:00,TARGET,23197.75,23176.51754371123,9.908479601425542,14.862719402138314,23212.61271940214,6.935935720997639,0.6999999999999758,rb,1,1,RB2-021955,23192.0,23200.0,NQU5
EP-47137,EP-47137-ENTRY_ON_TAP,ENTRY_ON_TAP,1,2025-08-06 09:56:00-04:00,2025-08-06 10:02:00-04:00,TARGET,23215.75,23173.87364554059,19.5422987477259,29.313448121588852,23245.06344812159,13.679609123408593,0.7000000000000236,rb,5,1,RB2-054084,23173.75,23218.5,NQU5
EP-48339,EP-48339-ENTRY_ON_FIRST_CLOSE_OUTSIDE,ENTRY_ON_FIRST_CLOSE_OUTSIDE,1,2025-08-07 10:13:00-04:00,2025-08-07 10:24:00-04:00,STOP,23612.75,23571.758167369448,19.129521894257827,28.69428284138674,23571.758167369448,-19.129521894257827,-1.0,rb,1,1,RB2-022578,23580.0,23593.5,NQU5
EP-49547,EP-49547-ENTRY_ON_TAP,ENTRY_ON_TAP,-1,2025-08-08 09:36:00-04:00,2025-08-08 09:38:00-04:00,STOP,23559.5,23578.7294479083,8.973742357205575,13.460613535808363,23578.7294479083,-8.973742357205575,-1.0,rb,3,3,RB2-044780,23550.5,23575.25,NQU5
EP-50818,EP-50818-ENTRY_ON_TAP,ENTRY_ON_TAP,1,2025-08-11 09:54:00-04:00,2025-08-11 09:55:00-04:00,TARGET,23709.5,23683.724965467467,12.028349448515744,18.042524172773618,23727.542524172775,8.419844613961255,0.7000000000000194,rb,1,1,RB2-023736,23705.25,23709.0,NQU5
EP-51974,EP-51974-ENTRY_ON_STRONG_REJECTION,ENTRY_ON_STRONG_REJECTION,-1,2025-08-12 09:33:00-04:00,2025-08-12 09:33:00-04:00,STOP,23725.0,23752.854958014625,12.99898040682428,19.49847061023642,23752.854958014625,-12.99898040682428,-1.0,rb,3,3,RB2-045169,23737.5,23744.75,NQU5
EP-51982,EP-51982-ENTRY_ON_FIRST_CLOSE_OUTSIDE,ENTRY_ON_FIRST_CLOSE_OUTSIDE,-1,2025-08-12 09:33:00-04:00,2025-08-12 09:33:00-04:00,STOP,23725.0,23752.854958014625,12.99898040682428,19.49847061023642,23752.854958014625,-12.99898040682428,-1.0,rb,3,3,RB2-045170,23739.75,23742.5,NQU5
EP-51982,EP-51982-ENTRY_ON_MINIMAL_WICK_REJECTION,ENTRY_ON_MINIMAL_WICK_REJECTION,-1,2025-08-12 09:33:00-04:00,2025-08-12 09:33:00-04:00,STOP,23725.0,23752.854958014625,12.99898040682428,19.49847061023642,23752.854958014625,-12.99898040682428,-1.0,rb,3,3,RB2-045170,23739.75,23742.5,NQU5
EP-51982,EP-51982-ENTRY_ON_STRONG_REJECTION,ENTRY_ON_STRONG_REJECTION,-1,2025-08-12 09:33:00-04:00,2025-08-12 09:33:00-04:00,STOP,23725.0,23752.854958014625,12.99898040682428,19.49847061023642,23752.854958014625,-12.99898040682428,-1.0,rb,3,3,RB2-045170,23739.75,23742.5,NQU5
EP-52010,EP-52010-ENTRY_ON_TAP,ENTRY_ON_TAP,1,2025-08-12 09:46:00-04:00,2025-08-12 09:48:00-04:00,STOP,23745.5,23706.145289801938,18.36553142576155,27.548297138642326,23706.145289801938,-18.36553142576155,-1.0,rb,3,1,RB2-045172,23724.25,23737.0,NQU5
EP-52015,EP-52015-ENTRY_ON_DELAYED_DISPLACEMENT,ENTRY_ON_DELAYED_DISPLACEMENT,1,2025-08-12 09:54:00-04:00,2025-08-12 09:58:00-04:00,STOP,23709.25,23663.21448807917,21.48323889638649,32.22485834457973,23663.21448807917,-21.48323889638649,-1.0,rb,1,1,RB2-024320,23667.75,23675.75,NQU5
EP-53120,EP-53120-ENTRY_ON_TAP,ENTRY_ON_TAP,-1,2025-08-13 09:40:00-04:00,2025-08-13 09:42:00-04:00,TARGET,24051.0,24068.791194872203,8.302557607027552,12.453836410541328,24038.546163589457,5.81179032491891,0.6999999999999547,rb,1,1,RB2-024864,24061.25,24068.5,NQU5
EP-53129,EP-53129-ENTRY_ON_FIRST_CLOSE_OUTSIDE,ENTRY_ON_FIRST_CLOSE_OUTSIDE,-1,2025-08-13 09:52:00-04:00,2025-08-13 09:55:00-04:00,TARGET,24056.25,24078.567957458134,10.415046813795627,15.62257022069344,24040.627429779306,7.2905327696569,0.6999999999999963,rb,5,1,RB2-054694,24058.0,24068.5,NQU5
EP-53139,EP-53139-ENTRY_ON_FIRST_CLOSE_OUTSIDE,ENTRY_ON_FIRST_CLOSE_OUTSIDE,1,2025-08-13 09:58:00-04:00,2025-08-13 10:00:00-04:00,STOP,24031.25,24004.772835307012,12.356010190060319,18.53401528509048,24004.772835307012,-12.356010190060319,-1.0,rb,5,1,RB2-054689,24003.25,24005.5,NQU5
EP-54366,EP-54366-ENTRY_ON_TAP,ENTRY_ON_TAP,1,2025-08-14 09:41:00-04:00,2025-08-14 09:41:00-04:00,TARGET,23900.75,23869.97303308432,14.36258456065057,21.543876840975855,23922.293876840977,10.053809192455157,0.6999999999999832,rb,5,1,RB2-054814,23896.0,23902.75,NQU5
EP-54403,EP-54403-ENTRY_ON_FIRST_CLOSE_OUTSIDE,ENTRY_ON_FIRST_CLOSE_OUTSIDE,-1,2025-08-14 10:26:00-04:00,2025-08-14 10:30:00-04:00,STOP,23932.0,23962.20605960122,14.096161147236332,21.1442417208545,23962.20605960122,-14.096161147236332,-1.0,rb,1,1,RB2-025476,23939.0,23945.25,NQU5
EP-54449,EP-54449-ENTRY_ON_DELAYED_DISPLACEMENT,ENTRY_ON_DELAYED_DISPLACEMENT,-1,2025-08-14 11:14:00-04:00,2025-08-14 11:23:00-04:00,TARGET,23930.75,23955.127958097823,11.376380445650996,17.064570668476495,23913.685429331523,7.963466311956027,0.7000000000000289,rb,3,1,RB2-045579,23946.0,23955.5,NQU5
EP-55594,EP-55594-ENTRY_ON_TAP,ENTRY_ON_TAP,-1,2025-08-15 09:56:00-04:00,2025-08-15 10:00:00-04:00,TARGET,23801.5,23837.605142870278,16.849066672796738,25.273600009195107,23776.226399990806,11.794346670958074,0.7000000000000212,rb,5,1,RB2-054934,23785.5,23806.0,NQU5
EP-55595,EP-55595-ENTRY_ON_TAP,ENTRY_ON_TAP,-1,2025-08-15 10:00:00-04:00,2025-08-15 10:00:00-04:00,TARGET,23801.0,23835.767114818314,16.224653581880887,24.33698037282133,23776.66301962718,11.357257507317192,0.7000000000000351,rb,5,5,RB2-054934,23785.5,23806.0,NQU5
EP-55591,EP-55591-ENTRY_ON_STRONG_REJECTION,ENTRY_ON_STRONG_REJECTION,1,2025-08-15 10:03:00-04:00,2025-08-15 10:04:00-04:00,TARGET,23827.0,23787.286441261975,18.532994077744846,27.79949111661727,23854.799491116617,12.973095854421182,0.6999999999999886,rb,3,3,RB2-045747,23776.75,23796.75,NQU5
EP-56850,EP-56850-ENTRY_ON_FIRST_CLOSE_OUTSIDE,ENTRY_ON_FIRST_CLOSE_OUTSIDE,-1,2025-08-18 10:37:00-04:00,2025-08-18 10:44:00-04:00,TARGET,23774.0,23801.707071798584,12.92996683933892,19.394950259008382,23754.605049740992,9.050976787536928,0.6999999999999756,rb,1,1,RB2-026634,23782.75,23787.25,NQU5
EP-58057,EP-58057-ENTRY_ON_TAP,ENTRY_ON_TAP,1,2025-08-19 09:37:00-04:00,2025-08-19 09:37:00-04:00,TARGET,23677.5,23656.18390561544,9.947510712795218,14.921266069192827,23692.421266069192,6.963257498956568,0.6999999999999915,rb,3,1,RB2-046146,23660.0,23665.75,NQU5
EP-58057,EP-58057-ENTRY_ON_FIRST_CLOSE_OUTSIDE,ENTRY_ON_FIRST_CLOSE_OUTSIDE,1,2025-08-19 09:38:00-04:00,2025-08-19 09:40:00-04:00,TARGET,23698.5,23674.924754786225,11.001781099762084,16.502671649643126,23715.002671649643,7.701246769833782,0.7000000000000294,rb,3,1,RB2-046146,23660.0,23665.75,NQU5
EP-58074,EP-58074-ENTRY_ON_DELAYED_DISPLACEMENT,ENTRY_ON_DELAYED_DISPLACEMENT,1,2025-08-19 09:54:00-04:00,2025-08-19 10:04:00-04:00,TARGET,23690.25,23656.5457677345,15.72864172390019,23.592962585850284,23713.84296258585,11.01004920673035,0.7000000000000138,rb,5,1,RB2-055181,23638.5,23651.0,NQU5
EP-59370,EP-59370-ENTRY_ON_TAP,ENTRY_ON_TAP,1,2025-08-20 09:34:00-04:00,2025-08-20 09:34:00-04:00,STOP,23397.25,23374.896119054014,10.4318111081275,15.64771666219125,23374.896119054014,-10.4318111081275,-1.0,rb,1,1,RB2-027795,23362.5,23365.75,NQU5
EP-60735,EP-60735-ENTRY_ON_TAP,ENTRY_ON_TAP,1,2025-08-21 09:41:00-04:00,2025-08-21 09:45:00-04:00,STOP,23245.0,23208.2455044692,17.15209791437277,25.728146871559154,23208.2455044692,-17.15209791437277,-1.0,rb,3,1,RB2-046578,23241.0,23260.75,NQU5
EP-61987,EP-61987-ENTRY_ON_TAP,ENTRY_ON_TAP,1,2025-08-22 09:58:00-04:00,2025-08-22 10:00:00-04:00,TARGET,23257.5,23219.454111701234,17.75474787275662,26.63212180913493,23284.132121809136,12.428323510929063,0.6999999999999679,rb,1,1,RB2-028996,23249.0,23257.0,NQU5
EP-63176,EP-63176-ENTRY_ON_TAP,ENTRY_ON_TAP,1,2025-08-25 09:41:00-04:00,2025-08-25 09:41:00-04:00,TARGET,23478.5,23453.645681198082,11.598682107562269,17.398023161343403,23495.898023161342,8.119077475294112,0.7000000000000451,rb,3,1,RB2-046979,23474.0,23488.0,NQU5
EP-63174,EP-63174-ENTRY_ON_TAP,ENTRY_ON_TAP,1,2025-08-25 09:42:00-04:00,2025-08-25 09:43:00-04:00,TARGET,23482.75,23457.145563529113,11.948737019747176,17.923105529620763,23500.673105529622,8.364115913823003,0.6999999999999983,rb,3,3,RB2-046979,23474.0,23488.0,NQU5
EP-64393,EP-64393-ENTRY_ON_TAP,ENTRY_ON_TAP,-1,2025-08-26 09:35:00-04:00,2025-08-26 09:35:00-04:00,TARGET,23502.0,23518.949785093173,7.909899710148187,11.86484956522228,23490.135150434777,5.536929797104288,0.7000000000000705,rb,1,1,RB2-030149,23506.75,23514.75,NQU5
EP-64391,EP-64391-ENTRY_ON_FIRST_CLOSE_OUTSIDE,ENTRY_ON_FIRST_CLOSE_OUTSIDE,-1,2025-08-26 09:36:00-04:00,2025-08-26 09:36:00-04:00,TARGET,23497.75,23515.243544047626,8.163653888892012,12.245480833338018,23485.50451916666,5.714557722224448,0.7000000000000048,rb,3,1,RB2-047181,23499.5,23510.0,NQU5
EP-64391,EP-64391-ENTRY_ON_MINIMAL_WICK_REJECTION,ENTRY_ON_MINIMAL_WICK_REJECTION,-1,2025-08-26 09:36:00-04:00,2025-08-26 09:36:00-04:00,TARGET,23497.75,23515.243544047626,8.163653888892012,12.245480833338018,23485.50451916666,5.714557722224448,0.7000000000000048,rb,3,1,RB2-047181,23499.5,23510.0,NQU5
EP-64392,EP-64392-ENTRY_ON_TAP,ENTRY_ON_TAP,-1,2025-08-26 09:36:00-04:00,2025-08-26 09:36:00-04:00,TARGET,23497.75,23515.243544047626,8.163653888892012,12.245480833338018,23485.50451916666,5.714557722224448,0.7000000000000048,rb,3,3,RB2-047181,23499.5,23510.0,NQU5
EP-64393,EP-64393-ENTRY_ON_FIRST_CLOSE_OUTSIDE,ENTRY_ON_FIRST_CLOSE_OUTSIDE,-1,2025-08-26 09:36:00-04:00,2025-08-26 09:36:00-04:00,TARGET,23497.75,23515.243544047626,8.163653888892012,12.245480833338018,23485.50451916666,5.714557722224448,0.7000000000000048,rb,1,1,RB2-030149,23506.75,23514.75,NQU5
EP-64397,EP-64397-ENTRY_ON_TAP,ENTRY_ON_TAP,-1,2025-08-26 09:41:00-04:00,2025-08-26 09:45:00-04:00,TARGET,23498.25,23520.09922376419,10.196304423289721,15.294456634934582,23482.955543365064,7.1374130963031295,0.7000000000000318,rb,3,1,RB2-047182,23497.75,23508.0,NQU5
EP-64404,EP-64404-ENTRY_ON_FIRST_CLOSE_OUTSIDE,ENTRY_ON_FIRST_CLOSE_OUTSIDE,-1,2025-08-26 10:00:00-04:00,2025-08-26 10:10:00-04:00,STOP,23494.75,23527.238402229978,15.161254373988891,22.741881560983337,23527.238402229978,-15.161254373988891,-1.0,rb,5,5,RB2-055785,23497.5,23518.5,NQU5
EP-64417,EP-64417-ENTRY_ON_FIRST_CLOSE_OUTSIDE,ENTRY_ON_FIRST_CLOSE_OUTSIDE,-1,2025-08-26 10:12:00-04:00,2025-08-26 10:18:00-04:00,STOP,23491.5,23525.065923159866,15.664097474603174,23.49614621190476,23525.065923159866,-15.664097474603174,-1.0,rb,3,3,RB2-047185,23494.5,23506.75,NQU5
EP-65569,EP-65569-ENTRY_ON_DELAYED_DISPLACEMENT,ENTRY_ON_DELAYED_DISPLACEMENT,-1,2025-08-27 09:30:00-04:00,2025-08-27 09:30:00-04:00,STOP,23541.0,23554.958599651774,6.514013170827961,9.771019756241941,23554.958599651774,-6.514013170827961,-1.0,rb,3,3,RB2-047357,23569.0,23574.0,NQU5
EP-65574,EP-65574-ENTRY_ON_FIRST_CLOSE_OUTSIDE,ENTRY_ON_FIRST_CLOSE_OUTSIDE,-1,2025-08-27 09:30:00-04:00,2025-08-27 09:30:00-04:00,STOP,23541.0,23554.958599651774,6.514013170827961,9.771019756241941,23554.958599651774,-6.514013170827961,-1.0,rb,5,5,RB2-055896,23565.5,23574.0,NQU5
EP-65574,EP-65574-ENTRY_ON_DELAYED_DISPLACEMENT,ENTRY_ON_DELAYED_DISPLACEMENT,-1,2025-08-27 09:30:00-04:00,2025-08-27 09:30:00-04:00,STOP,23541.0,23554.958599651774,6.514013170827961,9.771019756241941,23554.958599651774,-6.514013170827961,-1.0,rb,5,5,RB2-055896,23565.5,23574.0,NQU5
EP-65578,EP-65578-ENTRY_ON_NEW_FVG,ENTRY_ON_NEW_FVG,-1,2025-08-27 09:30:00-04:00,2025-08-27 09:30:00-04:00,STOP,23541.0,23554.958599651774,6.514013170827961,9.771019756241941,23554.958599651774,-6.514013170827961,-1.0,rb,1,1,RB2-030684,23558.0,23559.0,NQU5
EP-65581,EP-65581-ENTRY_ON_NEW_FVG,ENTRY_ON_NEW_FVG,-1,2025-08-27 09:30:00-04:00,2025-08-27 09:30:00-04:00,STOP,23541.0,23554.958599651774,6.514013170827961,9.771019756241941,23554.958599651774,-6.514013170827961,-1.0,rb,3,1,RB2-047360,23557.75,23561.5,NQU5
EP-65582,EP-65582-ENTRY_ON_TAP,ENTRY_ON_TAP,-1,2025-08-27 09:30:00-04:00,2025-08-27 09:30:00-04:00,STOP,23541.0,23554.958599651774,6.514013170827961,9.771019756241941,23554.958599651774,-6.514013170827961,-1.0,rb,3,3,RB2-047360,23557.75,23561.5,NQU5
EP-65589,EP-65589-ENTRY_ON_TAP,ENTRY_ON_TAP,1,2025-08-27 09:34:00-04:00,2025-08-27 09:35:00-04:00,TARGET,23545.75,23526.22048604822,9.113773177498276,13.670659766247415,23559.42065976625,6.379641224249373,0.7000000000000637,rb,1,1,RB2-030691,23535.25,23552.25,NQU5
EP-66874,EP-66874-ENTRY_ON_TAP,ENTRY_ON_TAP,-1,2025-08-28 09:33:00-04:00,2025-08-28 09:33:00-04:00,STOP,23714.5,23736.584348926837,10.306029499190313,15.45904424878547,23736.584348926837,-10.306029499190313,-1.0,rb,1,1,RB2-031277,23721.5,23734.25,NQU5
EP-66875,EP-66875-ENTRY_ON_FIRST_CLOSE_OUTSIDE,ENTRY_ON_FIRST_CLOSE_OUTSIDE,-1,2025-08-28 09:36:00-04:00,2025-08-28 09:39:00-04:00,STOP,23694.0,23721.50665936828,12.836441038530712,19.25466155779607,23721.50665936828,-12.836441038530712,-1.0,rb,3,1,RB2-047563,23714.5,23734.25,NQU5
EP-66917,EP-66917-ENTRY_ON_TAP,ENTRY_ON_TAP,-1,2025-08-28 10:06:00-04:00,2025-08-28 10:40:00-04:00,STOP,23634.0,23685.432570498688,24.00186623272018,36.00279934908027,23685.432570498688,-24.00186623272018,-1.0,rb,5,1,RB2-056021,23609.0,23634.25,NQU5
EP-68135,EP-68135-ENTRY_ON_TAP,ENTRY_ON_TAP,-1,2025-08-29 10:30:00-04:00,2025-08-29 10:47:00-04:00,TARGET,23498.0,23543.585029546244,21.27301378824808,31.90952068237212,23466.090479317627,14.89110965177421,0.700000000000026,rb,5,5,RB2-056137,23486.25,23498.75,NQU5
EP-70393,EP-70393-ENTRY_ON_DELAYED_DISPLACEMENT,ENTRY_ON_DELAYED_DISPLACEMENT,-1,2025-09-02 11:07:00-04:00,2025-09-02 11:18:00-04:00,TARGET,23129.25,23167.14872687713,17.686072542660384,26.529108813990575,23102.72089118601,12.380250779861848,0.6999999999999762,rb,3,1,RB2-048146,23162.25,23179.5,NQU5
EP-71564,EP-71564-ENTRY_ON_TAP,ENTRY_ON_TAP,1,2025-09-03 09:35:00-04:00,2025-09-03 09:35:00-04:00,TARGET,23398.5,23374.66354305718,11.123679906649667,16.685519859974498,23415.185519859973,7.786575934655164,0.7000000000000357,rb,5,5,RB2-056450,23384.5,23388.75,NQU5
EP-71569,EP-71569-ENTRY_ON_TAP,ENTRY_ON_TAP,1,2025-09-03 09:36:00-04:00,2025-09-03 09:49:00-04:00,STOP,23396.0,23370.098693048843,12.087276577205932,18.130914865808897,23370.098693048843,-12.087276577205932,-1.0,rb,3,3,RB2-048323,23379.25,23394.0,NQU5
EP-74043,EP-74043-ENTRY_ON_TAP,ENTRY_ON_TAP,1,2025-09-05 09:47:00-04:00,2025-09-05 09:49:00-04:00,TARGET,23844.5,23804.130935010056,18.83889699530733,28.258345492960995,23872.758345492963,13.187227896715358,0.7000000000000121,rb,1,1,RB2-034656,23835.5,23842.0,NQU5
EP-74021,EP-74021-ENTRY_ON_MINIMAL_WICK_REJECTION,ENTRY_ON_MINIMAL_WICK_REJECTION,-1,2025-09-05 09:55:00-04:00,2025-09-05 09:55:00-04:00,TARGET,23863.0,23909.162288589236,21.542401341642556,32.31360201246383,23830.686397987538,15.079680939149252,0.6999999999999751,rb,5,5,RB2-056715,23882.75,23896.5,NQU5
EP-74052,EP-74052-ENTRY_ON_DELAYED_DISPLACEMENT,ENTRY_ON_DELAYED_DISPLACEMENT,1,2025-09-05 10:05:00-04:00,2025-09-05 10:07:00-04:00,STOP,23836.25,23787.836781020742,22.592835523654212,33.88925328548132,23787.836781020742,-22.592835523654212,-1.0,rb,5,1,RB2-056709,23793.5,23816.25,NQU5
EP-75253,EP-75253-ENTRY_ON_FIRST_CLOSE_OUTSIDE,ENTRY_ON_FIRST_CLOSE_OUTSIDE,1,2025-09-08 09:33:00-04:00,2025-09-08 09:33:00-04:00,TARGET,23792.0,23774.765738459533,8.042655385550535,12.063983078325803,23804.063983078326,5.629858769884917,0.6999999999999431,rb,3,3,RB2-048912,23777.0,23785.5,NQU5
EP-75253,EP-75253-ENTRY_ON_MINIMAL_WICK_REJECTION,ENTRY_ON_MINIMAL_WICK_REJECTION,1,2025-09-08 09:33:00-04:00,2025-09-08 09:33:00-04:00,TARGET,23792.0,23774.765738459533,8.042655385550535,12.063983078325803,23804.063983078326,5.629858769884917,0.6999999999999431,rb,3,3,RB2-048912,23777.0,23785.5,NQU5
EP-75268,EP-75268-ENTRY_ON_FIRST_CLOSE_OUTSIDE,ENTRY_ON_FIRST_CLOSE_OUTSIDE,1,2025-09-08 09:51:00-04:00,2025-09-08 09:51:00-04:00,TARGET,23833.0,23801.21172615869,14.834527792611333,22.251791688917,23855.251791688916,10.384169454827932,0.7,rb,3,3,RB2-048917,23821.0,23831.0,NQU5
EP-75268,EP-75268-ENTRY_ON_MINIMAL_WICK_REJECTION,ENTRY_ON_MINIMAL_WICK_REJECTION,1,2025-09-08 09:51:00-04:00,2025-09-08 09:51:00-04:00,TARGET,23833.0,23801.21172615869,14.834527792611333,22.251791688917,23855.251791688916,10.384169454827932,0.7,rb,3,3,RB2-048917,23821.0,23831.0,NQU5
EP-75270,EP-75270-ENTRY_ON_TAP,ENTRY_ON_TAP,1,2025-09-08 09:51:00-04:00,2025-09-08 09:51:00-04:00,TARGET,23833.0,23801.21172615869,14.834527792611333,22.251791688917,23855.251791688916,10.384169454827932,0.7,rb,5,1,RB2-056836,23813.75,23830.75,NQU5
EP-76513,EP-76513-ENTRY_ON_TAP,ENTRY_ON_TAP,-1,2025-09-09 10:53:00-04:00,2025-09-09 11:25:00-04:00,STOP,23775.5,23809.136951858323,15.69724420055018,23.54586630082527,23775.5,-0.0,-0.0,rb,3,1,RB2-049114,23771.75,23781.75,NQU5
EP-77579,EP-77579-ENTRY_ON_TAP,ENTRY_ON_TAP,-1,2025-09-10 09:37:00-04:00,2025-09-10 09:38:00-04:00,TARGET,23954.0,23980.308162026926,12.277142279232484,18.415713418848725,23935.58428658115,8.59399959546303,0.7000000000000237,rb,3,1,RB2-049290,23964.5,23973.0,NQU5
EP-00169,EP-00169-ENTRY_ON_TAP,ENTRY_ON_TAP,-1,2025-09-11 10:22:00-04:00,2025-09-11 10:32:00-04:00,STOP,24185.0,24213.495917502536,13.2980948345163,19.94714225177445,24213.495917502536,-13.2980948345163,-1.0,rb,5,1,RB2-049949,24190.25,24208.25,NQZ5
EP-01015,EP-01015-ENTRY_ON_TAP,ENTRY_ON_TAP,-1,2025-09-12 09:45:00-04:00,2025-09-12 09:56:00-04:00,STOP,24261.75,24279.827212492444,8.436032496474219,12.654048744711329,24279.827212492444,-8.436032496474219,-1.0,rb,3,3,RB2-037380,24265.75,24280.0,NQZ5
EP-02136,EP-02136-ENTRY_ON_FIRST_CLOSE_OUTSIDE,ENTRY_ON_FIRST_CLOSE_OUTSIDE,-1,2025-09-15 09:37:00-04:00,2025-09-15 09:37:00-04:00,STOP,24439.0,24456.473490735065,8.154295676362842,12.231443514544264,24456.473490735065,-8.154295676362842,-1.0,rb,5,1,RB2-050177,24442.75,24453.25,NQZ5
EP-02136,EP-02136-ENTRY_ON_MINIMAL_WICK_REJECTION,ENTRY_ON_MINIMAL_WICK_REJECTION,-1,2025-09-15 09:37:00-04:00,2025-09-15 09:37:00-04:00,STOP,24439.0,24456.473490735065,8.154295676362842,12.231443514544264,24456.473490735065,-8.154295676362842,-1.0,rb,5,1,RB2-050177,24442.75,24453.25,NQZ5
EP-02136,EP-02136-ENTRY_ON_IMMEDIATE_DISPLACEMENT,ENTRY_ON_IMMEDIATE_DISPLACEMENT,-1,2025-09-15 09:37:00-04:00,2025-09-15 09:37:00-04:00,STOP,24439.0,24456.473490735065,8.154295676362842,12.231443514544264,24456.473490735065,-8.154295676362842,-1.0,rb,5,1,RB2-050177,24442.75,24453.25,NQZ5
EP-07130,EP-07130-ENTRY_ON_TAP,ENTRY_ON_TAP,1,2025-09-19 09:40:00-04:00,2025-09-19 09:41:00-04:00,TARGET,24752.5,24729.67432301175,10.65198259451719,15.977973891775784,24768.477973891775,7.456387816162382,0.7000000000000328,rb,5,5,RB2-050669,24734.75,24738.25,NQZ5
EP-07125,EP-07125-ENTRY_ON_MINIMAL_WICK_REJECTION,ENTRY_ON_MINIMAL_WICK_REJECTION,-1,2025-09-19 09:45:00-04:00,2025-09-19 09:46:00-04:00,TARGET,24767.0,24792.988494458164,12.12796408047681,18.191946120715215,24748.808053879286,8.489574856333798,0.7000000000000026,rb,3,3,RB2-038352,24767.75,24783.25,NQZ5
EP-07140,EP-07140-ENTRY_ON_FIRST_CLOSE_OUTSIDE,ENTRY_ON_FIRST_CLOSE_OUTSIDE,-1,2025-09-19 09:49:00-04:00,2025-09-19 09:49:00-04:00,STOP,24767.0,24794.5958419638,12.878059583106406,19.31708937465961,24794.5958419638,-12.878059583106406,-1.0,rb,1,1,RB2-003123,24769.25,24774.5,NQZ5
EP-07140,EP-07140-ENTRY_ON_MINIMAL_WICK_REJECTION,ENTRY_ON_MINIMAL_WICK_REJECTION,-1,2025-09-19 09:49:00-04:00,2025-09-19 09:49:00-04:00,STOP,24767.0,24794.5958419638,12.878059583106406,19.31708937465961,24794.5958419638,-12.878059583106406,-1.0,rb,1,1,RB2-003123,24769.25,24774.5,NQZ5
EP-07174,EP-07174-ENTRY_ON_TAP,ENTRY_ON_TAP,-1,2025-09-19 10:20:00-04:00,2025-09-19 10:26:00-04:00,STOP,24766.75,24794.46977282496,12.935893984980353,19.40384097747053,24794.46977282496,-12.935893984980353,-1.0,rb,5,5,RB2-050676,24789.25,24801.0,NQZ5
EP-07202,EP-07202-ENTRY_ON_TAP,ENTRY_ON_TAP,-1,2025-09-19 10:54:00-04:00,2025-09-19 10:56:00-04:00,TARGET,24764.0,24788.982524737847,11.658511544329201,17.4877673164938,24746.512232683504,8.160958081030962,0.7000000000000448,rb,3,3,RB2-038363,24768.0,24774.25,NQZ5
EP-07207,EP-07207-ENTRY_ON_FIRST_CLOSE_OUTSIDE,ENTRY_ON_FIRST_CLOSE_OUTSIDE,-1,2025-09-19 10:59:00-04:00,2025-09-19 11:05:00-04:00,TARGET,24762.0,24787.29892470177,11.806164860825081,17.709247291237624,24744.290752708763,8.264315402577386,0.6999999999999855,rb,1,1,RB2-003159,24764.0,24767.25,NQZ5
EP-10791,EP-10791-ENTRY_ON_DELAYED_DISPLACEMENT,ENTRY_ON_DELAYED_DISPLACEMENT,-1,2025-09-24 09:42:00-04:00,2025-09-24 09:49:00-04:00,TARGET,24833.75,24855.544120112936,10.170589386036962,15.255884079055443,24818.494115920945,7.119412570225963,0.7000000000000088,rb,1,1,RB2-004828,24850.0,24856.5,NQZ5
EP-13291,EP-13291-ENTRY_ON_FIRST_CLOSE_OUTSIDE,ENTRY_ON_FIRST_CLOSE_OUTSIDE,-1,2025-09-26 09:45:00-04:00,2025-09-26 09:45:00-04:00,TARGET,24671.25,24710.363780250067,18.253097450031316,27.37964617504697,24643.870353824954,12.777168215021932,0.7000000000000006,rb,1,1,RB2-005990,24710.0,24714.75,NQZ5
EP-13291,EP-13291-ENTRY_ON_STRONG_REJECTION,ENTRY_ON_STRONG_REJECTION,-1,2025-09-26 09:45:00-04:00,2025-09-26 09:45:00-04:00,TARGET,24671.25,24710.363780250067,18.253097450031316,27.37964617504697,24643.870353824954,12.777168215021932,0.7000000000000006,rb,1,1,RB2-005990,24710.0,24714.75,NQZ5
EP-13290,EP-13290-ENTRY_ON_NEW_FVG,ENTRY_ON_NEW_FVG,-1,2025-09-26 09:46:00-04:00,2025-09-26 09:47:00-04:00,STOP,24661.5,24701.707253692028,18.76338505628001,28.145077584420015,24701.707253692028,-18.76338505628001,-1.0,rb,1,1,RB2-006010,24693.75,24702.0,NQZ5
EP-15911,EP-15911-ENTRY_ON_TAP,ENTRY_ON_TAP,-1,2025-09-30 10:19:00-04:00,2025-09-30 10:39:00-04:00,TARGET,24784.0,24819.26014661807,16.454735088432916,24.682102632649375,24759.31789736735,11.51831456190279,0.6999999999999847,rb,3,1,RB2-039732,24792.75,24799.0,NQZ5
EP-15927,EP-15927-ENTRY_ON_TAP,ENTRY_ON_TAP,1,2025-09-30 10:40:00-04:00,2025-09-30 10:41:00-04:00,TARGET,24757.0,24722.81959600417,15.950855198053649,23.926282797080475,24780.92628279708,11.16559863863741,0.699999999999991,rb,5,5,RB2-051518,24747.0,24756.5,NQZ5
EP-17119,EP-17119-ENTRY_ON_FIRST_CLOSE_OUTSIDE,ENTRY_ON_FIRST_CLOSE_OUTSIDE,1,2025-10-01 10:01:00-04:00,2025-10-01 10:03:00-04:00,TARGET,24785.25,24743.20057906284,19.623063104007738,29.434594656011605,24814.684594656013,13.736144172804936,0.6999999999999755,rb,3,1,RB2-039942,24767.25,24774.5,NQZ5
EP-19469,EP-19469-ENTRY_ON_TAP,ENTRY_ON_TAP,1,2025-10-03 09:33:00-04:00,2025-10-03 09:39:00-04:00,TARGET,25149.0,25131.37203063532,8.226385703516954,12.33957855527543,25161.339578555275,5.75846999246183,0.6999999999999954,rb,3,3,RB2-040329,25126.5,25132.0,NQZ5
EP-20749,EP-20749-ENTRY_ON_FIRST_CLOSE_OUTSIDE,ENTRY_ON_FIRST_CLOSE_OUTSIDE,-1,2025-10-06 09:55:00-04:00,2025-10-06 10:21:00-04:00,STOP,25149.25,25183.32636311948,15.902302789089914,23.85345418363487,25183.32636311948,-15.902302789089914,-1.0,rb,5,5,RB2-052031,25163.25,25194.25,NQZ5
EP-23139,EP-23139-ENTRY_ON_TAP,ENTRY_ON_TAP,-1,2025-10-08 09:39:00-04:00,2025-10-08 09:39:00-04:00,STOP,25126.75,25146.27083968751,9.10972518750506,13.66458778125759,25146.27083968751,-9.10972518750506,-1.0,rb,3,3,RB2-040891,25125.5,25135.0,NQZ5
EP-23176,EP-23176-ENTRY_ON_NEW_FVG,ENTRY_ON_NEW_FVG,-1,2025-10-08 10:23:00-04:00,2025-10-08 10:30:00-04:00,STOP,25195.25,25220.180613003864,11.634286068469445,17.451429102704168,25220.180613003864,-11.634286068469445,-1.0,rb,3,1,RB2-040899,25220.75,25223.0,NQZ5
EP-24365,EP-24365-ENTRY_ON_FIRST_CLOSE_OUTSIDE,ENTRY_ON_FIRST_CLOSE_OUTSIDE,1,2025-10-09 09:36:00-04:00,2025-10-09 09:38:00-04:00,STOP,25309.5,25292.240007683537,8.054663081016248,12.081994621524371,25292.240007683537,-8.054663081016248,-1.0,rb,1,1,RB2-011187,25297.0,25303.5,NQZ5
EP-25648,EP-25648-ENTRY_ON_DELAYED_DISPLACEMENT,ENTRY_ON_DELAYED_DISPLACEMENT,-1,2025-10-10 09:34:00-04:00,2025-10-10 09:35:00-04:00,STOP,25324.0,25341.499616959354,8.166487914364644,12.249731871546967,25341.499616959354,-8.166487914364644,-1.0,rb,3,1,RB2-041238,25345.25,25347.0,NQZ5
EP-28175,EP-28175-ENTRY_ON_TAP,ENTRY_ON_TAP,1,2025-10-14 09:59:00-04:00,2025-10-14 10:04:00-04:00,TARGET,24560.75,24504.880103575877,26.07261833125666,39.10892749688499,24599.858927496884,18.250832831879144,0.6999999999999801,rb,3,1,RB2-041698,24532.25,24543.0,NQZ5
EP-30682,EP-30682-ENTRY_ON_DELAYED_DISPLACEMENT,ENTRY_ON_DELAYED_DISPLACEMENT,-1,2025-10-16 09:30:00-04:00,2025-10-16 09:30:00-04:00,STOP,25045.25,25062.87397828611,8.224523200184212,12.336784800276318,25062.87397828611,-8.224523200184212,-1.0,rb,5,5,RB2-053017,25075.75,25078.0,NQZ5
EP-30682,EP-30682-ENTRY_ON_NEW_FVG,ENTRY_ON_NEW_FVG,-1,2025-10-16 09:30:00-04:00,2025-10-16 09:30:00-04:00,STOP,25045.25,25062.87397828611,8.224523200184212,12.336784800276318,25062.87397828611,-8.224523200184212,-1.0,rb,5,5,RB2-053017,25075.75,25078.0,NQZ5
EP-30682,EP-30682-ENTRY_ON_NEW_IFVG,ENTRY_ON_NEW_IFVG,-1,2025-10-16 09:30:00-04:00,2025-10-16 09:30:00-04:00,STOP,25045.25,25062.87397828611,8.224523200184212,12.336784800276318,25062.87397828611,-8.224523200184212,-1.0,rb,5,5,RB2-053017,25075.75,25078.0,NQZ5
EP-33203,EP-33203-ENTRY_ON_TAP,ENTRY_ON_TAP,-1,2025-10-20 09:35:00-04:00,2025-10-20 09:35:00-04:00,STOP,25186.5,25209.09490626862,10.544289592022894,15.816434388034342,25209.09490626862,-10.544289592022894,-1.0,rb,1,1,RB2-015406,25188.25,25199.75,NQZ5
EP-33209,EP-33209-ENTRY_ON_TAP,ENTRY_ON_TAP,-1,2025-10-20 09:42:00-04:00,2025-10-20 09:43:00-04:00,TARGET,25209.5,25236.892442105847,12.78313964939615,19.174709474094225,25190.325290525907,8.948197754577826,0.7000000000000408,rb,3,3,RB2-042490,25213.5,25225.0,NQZ5
EP-33218,EP-33218-ENTRY_ON_TAP,ENTRY_ON_TAP,-1,2025-10-20 09:47:00-04:00,2025-10-20 09:55:00-04:00,STOP,25208.0,25237.20696646081,13.629917681710626,20.44487652256594,25237.20696646081,-13.629917681710626,-1.0,rb,1,1,RB2-015411,25209.5,25215.0,NQZ5
EP-33219,EP-33219-ENTRY_ON_STRONG_REJECTION,ENTRY_ON_STRONG_REJECTION,1,2025-10-20 09:57:00-04:00,2025-10-20 10:04:00-04:00,TARGET,25218.25,25186.413497964753,14.85703428311577,22.285551424673656,25240.535551424673,10.3999239981815,0.700000000000031,rb,1,1,RB2-015414,25197.75,25208.0,NQZ5
EP-34363,EP-34363-ENTRY_ON_DELAYED_DISPLACEMENT,ENTRY_ON_DELAYED_DISPLACEMENT,1,2025-10-21 09:47:00-04:00,2025-10-21 09:48:00-04:00,STOP,25257.5,25229.01823258618,13.291491459782392,19.93723718967359,25229.01823258618,-13.291491459782392,-1.0,rb,1,1,RB2-015962,25234.0,25246.5,NQZ5
EP-34372,EP-34372-ENTRY_ON_TAP,ENTRY_ON_TAP,1,2025-10-21 09:55:00-04:00,2025-10-21 09:57:00-04:00,STOP,25254.0,25222.119751421575,14.877449336598081,22.31617400489712,25222.119751421575,-14.877449336598081,-1.0,rb,5,5,RB2-053385,25218.0,25241.25,NQZ5
EP-39407,EP-39407-ENTRY_ON_FIRST_CLOSE_OUTSIDE,ENTRY_ON_FIRST_CLOSE_OUTSIDE,-1,2025-10-27 09:49:00-04:00,2025-10-27 09:50:00-04:00,TARGET,25836.25,25864.79709057213,13.321975600327063,19.982963400490593,25816.26703659951,9.325382920228623,0.699999999999976,rb,1,1,RB2-018265,25838.75,25844.0,NQZ5
EP-39435,EP-39435-ENTRY_ON_DELAYED_DISPLACEMENT,ENTRY_ON_DELAYED_DISPLACEMENT,-1,2025-10-27 10:22:00-04:00,2025-10-27 10:28:00-04:00,STOP,25829.5,25858.293806954636,13.437109912163942,20.155664868245914,25858.293806954636,-13.437109912163942,-1.0,rb,1,1,RB2-018279,25846.75,25850.75,NQZ5
EP-40625,EP-40625-ENTRY_ON_FIRST_CLOSE_OUTSIDE,ENTRY_ON_FIRST_CLOSE_OUTSIDE,-1,2025-10-28 10:06:00-04:00,2025-10-28 10:27:00-04:00,TARGET,26059.75,26089.59851370645,13.929306396343076,20.893959594514612,26038.856040405484,9.750514477440294,0.7000000000000102,rb,1,1,RB2-018815,26065.0,26073.75,NQZ5
EP-40697,EP-40697-ENTRY_ON_TAP,ENTRY_ON_TAP,-1,2025-10-28 11:44:00-04:00,2025-10-28 11:56:00-04:00,STOP,26034.25,26054.111747148734,9.26881533607543,13.903223004113146,26054.111747148734,-9.26881533607543,-1.0,rb,1,1,RB2-018861,26040.25,26041.0,NQZ5
EP-43037,EP-43037-ENTRY_ON_FIRST_CLOSE_OUTSIDE,ENTRY_ON_FIRST_CLOSE_OUTSIDE,1,2025-10-30 09:32:00-04:00,2025-10-30 09:33:00-04:00,STOP,26091.5,26058.602242799956,15.35228669335423,23.028430040031346,26058.602242799956,-15.35228669335423,-1.0,rb,3,1,RB2-044078,26079.5,26091.0,NQZ5
EP-43095,EP-43095-ENTRY_ON_FIRST_CLOSE_OUTSIDE,ENTRY_ON_FIRST_CLOSE_OUTSIDE,-1,2025-10-30 10:30:00-04:00,2025-10-30 10:42:00-04:00,STOP,26019.5,26080.415045498845,28.427021232793535,42.6405318491903,26080.415045498845,-28.427021232793535,-1.0,rb,3,3,RB2-044088,26047.0,26084.0,NQZ5
EP-44528,EP-44528-ENTRY_ON_TAP,ENTRY_ON_TAP,-1,2025-10-31 11:46:00-04:00,2025-10-31 11:46:00-04:00,TARGET,26136.0,26168.577860512538,15.203001572517786,22.80450235877668,26113.195497641223,10.642101100762527,0.7000000000000051,rb,3,1,RB2-044302,26132.25,26138.25,NQZ5
EP-45691,EP-45691-ENTRY_ON_FIRST_CLOSE_OUTSIDE,ENTRY_ON_FIRST_CLOSE_OUTSIDE,1,2025-11-03 09:33:00-05:00,2025-11-03 09:33:00-05:00,TARGET,26249.75,26227.661274839917,10.308071741371478,15.462107612057217,26265.212107612057,7.215650218959487,0.6999999999999469,rb,3,3,RB2-044492,26208.25,26212.0,NQZ5
EP-46982,EP-46982-ENTRY_ON_FIRST_CLOSE_OUTSIDE,ENTRY_ON_FIRST_CLOSE_OUTSIDE,1,2025-11-04 09:40:00-05:00,2025-11-04 09:40:00-05:00,TARGET,25688.75,25649.01009429962,18.545289326844042,27.817933990266063,25716.567933990267,12.98170252879132,0.7000000000000265,rb,5,5,RB2-054584,25671.25,25683.25,NQZ5
EP-46982,EP-46982-ENTRY_ON_MINIMAL_WICK_REJECTION,ENTRY_ON_MINIMAL_WICK_REJECTION,1,2025-11-04 09:40:00-05:00,2025-11-04 09:40:00-05:00,TARGET,25688.75,25649.01009429962,18.545289326844042,27.817933990266063,25716.567933990267,12.98170252879132,0.7000000000000265,rb,5,5,RB2-054584,25671.25,25683.25,NQZ5
EP-46993,EP-46993-ENTRY_ON_TAP,ENTRY_ON_TAP,1,2025-11-04 09:40:00-05:00,2025-11-04 09:40:00-05:00,TARGET,25688.75,25649.01009429962,18.545289326844042,27.817933990266063,25716.567933990267,12.98170252879132,0.7000000000000265,rb,1,1,RB2-021839,25676.0,25686.75,NQZ5
EP-49576,EP-49576-ENTRY_ON_TAP,ENTRY_ON_TAP,-1,2025-11-06 09:46:00-05:00,2025-11-06 09:50:00-05:00,TARGET,25642.75,25684.117742320184,19.304946416086526,28.95741962412979,25613.79258037587,13.51346249126092,0.7000000000000183,rb,1,1,RB2-023064,25644.5,25651.75,NQZ5
EP-52061,EP-52061-ENTRY_ON_FIRST_CLOSE_OUTSIDE,ENTRY_ON_FIRST_CLOSE_OUTSIDE,-1,2025-11-10 09:35:00-05:00,2025-11-10 09:35:00-05:00,STOP,25570.0,25595.07508256598,11.70170519745874,17.55255779618811,25595.07508256598,-11.70170519745874,-1.0,rb,1,1,RB2-024286,25575.0,25584.75,NQZ5
EP-52061,EP-52061-ENTRY_ON_MINIMAL_WICK_REJECTION,ENTRY_ON_MINIMAL_WICK_REJECTION,-1,2025-11-10 09:35:00-05:00,2025-11-10 09:35:00-05:00,STOP,25570.0,25595.07508256598,11.70170519745874,17.55255779618811,25595.07508256598,-11.70170519745874,-1.0,rb,1,1,RB2-024286,25575.0,25584.75,NQZ5
EP-52061,EP-52061-ENTRY_ON_DELAYED_DISPLACEMENT,ENTRY_ON_DELAYED_DISPLACEMENT,-1,2025-11-10 09:35:00-05:00,2025-11-10 09:35:00-05:00,STOP,25570.0,25595.07508256598,11.70170519745874,17.55255779618811,25595.07508256598,-11.70170519745874,-1.0,rb,1,1,RB2-024286,25575.0,25584.75,NQZ5
EP-54530,EP-54530-ENTRY_ON_TAP,ENTRY_ON_TAP,-1,2025-11-12 09:33:00-05:00,2025-11-12 09:33:00-05:00,TARGET,25705.25,25725.133522314292,9.278977080003935,13.918465620005904,25691.331534379995,6.495283956003343,0.7000000000000633,rb,3,3,RB2-045946,25777.75,25786.5,NQZ5
EP-54534,EP-54534-ENTRY_ON_TAP,ENTRY_ON_TAP,1,2025-11-12 09:36:00-05:00,2025-11-12 09:40:00-05:00,STOP,25692.0,25667.6049550266,11.38435432092071,17.076531481381068,25667.6049550266,-11.38435432092071,-1.0,rb,3,3,RB2-045947,25684.25,25705.75,NQZ5
EP-54545,EP-54545-ENTRY_ON_FIRST_CLOSE_OUTSIDE,ENTRY_ON_FIRST_CLOSE_OUTSIDE,1,2025-11-12 09:54:00-05:00,2025-11-12 09:55:00-05:00,STOP,25612.75,25573.257309864097,18.429922063421447,27.644883095132172,25573.257309864097,-18.429922063421447,-1.0,rb,3,3,RB2-045951,25580.0,25598.0,NQZ5
EP-54551,EP-54551-ENTRY_ON_TAP,ENTRY_ON_TAP,1,2025-11-12 09:59:00-05:00,2025-11-12 10:01:00-05:00,TARGET,25596.75,25553.81872476152,20.03459511129098,30.051892666936467,25626.801892666936,14.02421657790409,0.7000000000000202,rb,1,1,RB2-025491,25561.5,25574.25,NQZ5
EP-54551,EP-54551-ENTRY_ON_FIRST_CLOSE_OUTSIDE,ENTRY_ON_FIRST_CLOSE_OUTSIDE,1,2025-11-12 10:01:00-05:00,2025-11-12 10:08:00-05:00,TARGET,25613.75,25569.706842210293,20.553473635196056,30.830210452794084,25644.580210452794,14.387431544636845,0.6999999999999809,rb,1,1,RB2-025491,25561.5,25574.25,NQZ5
EP-54568,EP-54568-ENTRY_ON_TAP,ENTRY_ON_TAP,1,2025-11-12 10:13:00-05:00,2025-11-12 10:35:00-05:00,STOP,25617.0,25570.22155129477,21.829942729106815,32.74491409366022,25570.22155129477,-21.829942729106815,-1.0,rb,5,1,RB2-055377,25594.5,25624.5,NQZ5
EP-62082,EP-62082-ENTRY_ON_TAP,ENTRY_ON_TAP,1,2025-11-20 09:35:00-05:00,2025-11-20 09:35:00-05:00,TARGET,25190.25,25142.94243205679,22.0768650401661,33.115297560249154,25223.36529756025,15.453805528116844,0.7000000000000259,rb,5,5,RB2-056106,25167.75,25180.5,NQZ5
EP-62083,EP-62083-ENTRY_ON_TAP,ENTRY_ON_TAP,1,2025-11-20 09:37:00-05:00,2025-11-20 09:37:00-05:00,TARGET,25189.25,25139.403788667234,23.261565288624773,34.892347932937156,25224.14234793294,16.2830957020378,0.7000000000000197,rb,3,1,RB2-047169,25151.25,25194.25,NQZ5
EP-64615,EP-64615-ENTRY_ON_TAP,ENTRY_ON_TAP,-1,2025-11-24 09:59:00-05:00,2025-11-24 10:00:00-05:00,STOP,24648.25,24714.610366615107,30.96817108705047,46.452256630575704,24714.610366615107,-30.96817108705047,-1.0,rb,1,1,RB2-030300,24667.0,24681.25,NQZ5
EP-65850,EP-65850-ENTRY_ON_TAP,ENTRY_ON_TAP,1,2025-11-25 09:38:00-05:00,2025-11-25 09:40:00-05:00,STOP,24842.5,24807.190656458282,16.477693652802017,24.716540479203026,24807.190656458282,-16.477693652802017,-1.0,rb,3,1,RB2-047778,24828.25,24844.25,NQZ5
EP-65880,EP-65880-ENTRY_ON_TAP,ENTRY_ON_TAP,1,2025-11-25 10:06:00-05:00,2025-11-25 10:08:00-05:00,TARGET,24731.25,24658.832976894268,33.79461078267498,50.69191617401247,24781.94191617401,23.656227547872398,0.6999999999999974,rb,5,1,RB2-056471,24655.5,24687.75,NQZ5
EP-67070,EP-67070-ENTRY_ON_TAP,ENTRY_ON_TAP,1,2025-11-26 09:35:00-05:00,2025-11-26 09:38:00-05:00,STOP,25240.5,25209.57730975703,14.43058878005281,21.645883170079216,25209.57730975703,-14.43058878005281,-1.0,rb,5,5,RB2-056574,25195.0,25208.25,NQZ5
EP-67093,EP-67093-ENTRY_ON_TAP,ENTRY_ON_TAP,1,2025-11-26 09:54:00-05:00,2025-11-26 09:56:00-05:00,STOP,25241.75,25198.36831702508,20.244785388294964,30.367178082442447,25198.36831702508,-20.244785388294964,-1.0,rb,3,3,RB2-047976,25193.75,25228.75,NQZ5
EP-68373,EP-68373-ENTRY_ON_TAP,ENTRY_ON_TAP,-1,2025-11-27 11:08:00-05:00,2025-11-27 11:25:00-05:00,STOP,25294.0,25300.672256466078,3.113719684169173,4.67057952625376,25300.672256466078,-3.113719684169173,-1.0,rb,1,1,RB2-032096,25293.75,25295.25,NQZ5
EP-68743,EP-68743-ENTRY_ON_FIRST_CLOSE_OUTSIDE,ENTRY_ON_FIRST_CLOSE_OUTSIDE,-1,2025-11-28 09:52:00-05:00,2025-11-28 09:52:00-05:00,TARGET,25387.0,25415.988282844773,13.52786532756106,20.29179799134159,25366.70820200866,9.469505729292809,0.700000000000005,rb,5,1,RB2-056726,25396.5,25422.0,NQZ5
EP-68746,EP-68746-ENTRY_ON_TAP,ENTRY_ON_TAP,-1,2025-11-28 09:52:00-05:00,2025-11-28 09:52:00-05:00,TARGET,25387.0,25415.988282844773,13.52786532756106,20.29179799134159,25366.70820200866,9.469505729292809,0.700000000000005,rb,1,1,RB2-032263,25393.0,25399.0,NQZ5
EP-68752,EP-68752-ENTRY_ON_FIRST_CLOSE_OUTSIDE,ENTRY_ON_FIRST_CLOSE_OUTSIDE,-1,2025-11-28 09:59:00-05:00,2025-11-28 10:05:00-05:00,TARGET,25378.5,25407.868778875927,13.705430142099782,20.558145213149672,25357.94185478685,9.593801099470177,0.700000000000024,rb,1,1,RB2-032267,25383.75,25391.0,NQZ5
EP-69825,EP-69825-ENTRY_ON_TAP,ENTRY_ON_TAP,-1,2025-12-01 10:39:00-05:00,2025-12-01 10:51:00-05:00,STOP,25327.0,25375.41035906663,22.591500897760508,33.88725134664076,25375.41035906663,-22.591500897760508,-1.0,rb,1,1,RB2-032738,25320.25,25329.5,NQZ5
EP-71016,EP-71016-ENTRY_ON_DELAYED_DISPLACEMENT,ENTRY_ON_DELAYED_DISPLACEMENT,-1,2025-12-02 09:54:00-05:00,2025-12-02 10:00:00-05:00,STOP,25573.5,25612.452611838977,18.177885524855945,27.266828287283918,25612.452611838977,-18.177885524855945,-1.0,rb,3,3,RB2-048617,25596.5,25613.0,NQZ5
EP-71024,EP-71024-ENTRY_ON_FIRST_CLOSE_OUTSIDE,ENTRY_ON_FIRST_CLOSE_OUTSIDE,1,2025-12-02 10:00:00-05:00,2025-12-02 10:01:00-05:00,TARGET,25598.5,25559.610786760226,18.14829951189395,27.222449267840922,25625.72244926784,12.703809658325321,0.6999999999999755,rb,3,3,RB2-048619,25566.75,25590.5,NQZ5
EP-73562,EP-73562-ENTRY_ON_FIRST_CLOSE_OUTSIDE,ENTRY_ON_FIRST_CLOSE_OUTSIDE,-1,2025-12-04 09:42:00-05:00,2025-12-04 09:47:00-05:00,TARGET,25608.0,25653.16063560492,21.07496328229517,31.61244492344275,25576.38755507656,14.752474297606147,0.6999999999999776,rb,5,1,RB2-057173,25617.0,25637.0,NQZ5
EP-74793,EP-74793-ENTRY_ON_TAP,ENTRY_ON_TAP,-1,2025-12-05 09:33:00-05:00,2025-12-05 09:39:00-05:00,TARGET,25758.0,25784.600871724047,12.413740137888391,18.620610206832588,25739.37938979317,8.689618096521576,0.699999999999976,rb,1,1,RB2-035083,25762.75,25773.0,NQZ5
EP-74882,EP-74882-ENTRY_ON_TAP,ENTRY_ON_TAP,1,2025-12-05 11:00:00-05:00,2025-12-05 11:15:00-05:00,STOP,25743.0,25704.233232928516,18.091157966691938,27.136736950037907,25704.233232928516,-18.091157966691938,-1.0,rb,5,5,RB2-057298,25741.0,25753.0,NQZ5
EP-75990,EP-75990-ENTRY_ON_FIRST_CLOSE_OUTSIDE,ENTRY_ON_FIRST_CLOSE_OUTSIDE,-1,2025-12-08 09:34:00-05:00,2025-12-08 09:35:00-05:00,TARGET,25832.0,25857.499910648614,11.899958302687187,17.84993745403078,25814.15006254597,8.329970811881529,0.7000000000000418,rb,1,1,RB2-035677,25837.25,25851.75,NQZ5
EP-77166,EP-77166-ENTRY_ON_FIRST_CLOSE_OUTSIDE,ENTRY_ON_FIRST_CLOSE_OUTSIDE,1,2025-12-09 09:34:00-05:00,2025-12-09 09:35:00-05:00,TARGET,25588.75,25561.886515260827,12.536292878281401,18.8044393174221,25607.55443931742,8.7754050147974,0.7000000000000335,rb,1,1,RB2-036256,25563.0,25583.0,NQZ5
EP-77147,EP-77147-ENTRY_ON_MINIMAL_WICK_REJECTION,ENTRY_ON_MINIMAL_WICK_REJECTION,-1,2025-12-09 09:35:00-05:00,2025-12-09 09:35:00-05:00,STOP,25580.25,25608.695065732187,13.27436400835301,19.911546012529513,25608.695065732187,-13.27436400835301,-1.0,rb,5,5,RB2-057535,25624.75,25639.25,NQZ5
EP-77155,EP-77155-ENTRY_ON_DELAYED_DISPLACEMENT,ENTRY_ON_DELAYED_DISPLACEMENT,-1,2025-12-09 09:35:00-05:00,2025-12-09 09:35:00-05:00,STOP,25580.25,25608.695065732187,13.27436400835301,19.911546012529513,25608.695065732187,-13.27436400835301,-1.0,rb,5,5,RB2-057537,25606.25,25618.25,NQZ5
EP-77173,EP-77173-ENTRY_ON_TAP,ENTRY_ON_TAP,1,2025-12-09 09:49:00-05:00,2025-12-09 10:00:00-05:00,TARGET,25612.75,25574.921049022363,17.65351045623114,26.48026568434671,25639.230265684346,12.357457319362224,0.7000000000000242,rb,3,1,RB2-049591,25589.25,25601.75,NQZ5
EP-78441,EP-78441-ENTRY_ON_TAP,ENTRY_ON_TAP,1,2025-12-10 09:30:00-05:00,2025-12-10 09:30:00-05:00,STOP,25647.25,25631.54982735718,7.326747233315569,10.990120849973353,25631.54982735718,-7.326747233315569,-1.0,rb,5,5,RB2-057652,25645.5,25648.0,NQZ5
EP-78451,EP-78451-ENTRY_ON_TAP,ENTRY_ON_TAP,-1,2025-12-10 09:38:00-05:00,2025-12-10 09:43:00-05:00,STOP,25623.25,25652.522896145805,13.660684868041827,20.49102730206274,25652.522896145805,-13.660684868041827,-1.0,rb,3,1,RB2-049793,25624.0,25636.25,NQZ5
EP-00168,EP-00168-ENTRY_ON_FIRST_CLOSE_OUTSIDE,ENTRY_ON_FIRST_CLOSE_OUTSIDE,1,2025-12-11 09:32:00-05:00,2025-12-11 09:32:00-05:00,TARGET,25858.75,25839.610816319524,8.931619050889148,13.397428576333724,25872.147428576332,6.252133335622655,0.700000000000028,rb,5,1,RB2-049062,25848.0,25848.75,NQH6
EP-00168,EP-00168-ENTRY_ON_MINIMAL_WICK_REJECTION,ENTRY_ON_MINIMAL_WICK_REJECTION,1,2025-12-11 09:32:00-05:00,2025-12-11 09:32:00-05:00,TARGET,25858.75,25839.610816319524,8.931619050889148,13.397428576333724,25872.147428576332,6.252133335622655,0.700000000000028,rb,5,1,RB2-049062,25848.0,25848.75,NQH6
EP-00175,EP-00175-ENTRY_ON_TAP,ENTRY_ON_TAP,1,2025-12-11 09:33:00-05:00,2025-12-11 09:33:00-05:00,STOP,25858.75,25837.88596087764,9.736551590435434,14.604827385653152,25837.88596087764,-9.736551590435434,-1.0,rb,1,1,RB2-000031,25833.5,25859.75,NQH6
EP-00177,EP-00177-ENTRY_ON_TAP,ENTRY_ON_TAP,1,2025-12-11 09:36:00-05:00,2025-12-11 09:38:00-05:00,TARGET,25858.75,25831.854403335685,12.55127844334693,18.826917665020396,25877.57691766502,8.785894910342725,0.69999999999999,rb,3,3,RB2-036527,25833.5,25861.25,NQH6
EP-01257,EP-01257-ENTRY_ON_TAP,ENTRY_ON_TAP,1,2025-12-12 09:33:00-05:00,2025-12-12 09:33:00-05:00,TARGET,25809.5,25785.602648485932,11.15209737323108,16.72814605984662,25826.228146059846,7.806468161261346,0.6999999999999633,rb,1,1,RB2-000389,25788.25,25808.25,NQH6
EP-01265,EP-01265-ENTRY_ON_NEW_FVG,ENTRY_ON_NEW_FVG,-1,2025-12-12 09:43:00-05:00,2025-12-12 09:44:00-05:00,TARGET,25835.0,25868.37601622584,15.575474238725324,23.363211358087987,25811.63678864191,10.90283196710758,0.6999999999999906,rb,5,1,RB2-049199,25860.0,25870.75,NQH6
EP-02585,EP-02585-ENTRY_ON_TAP,ENTRY_ON_TAP,-1,2025-12-15 10:36:00-05:00,2025-12-15 10:36:00-05:00,TARGET,25376.75,25436.81508810335,28.030374448229672,42.045561672344505,25334.704438327655,19.621262113760306,0.6999999999999834,rb,1,1,RB2-001017,25379.25,25388.0,NQH6
EP-03753,EP-03753-ENTRY_ON_TAP,ENTRY_ON_TAP,1,2025-12-16 10:20:00-05:00,2025-12-16 10:25:00-05:00,STOP,25277.0,25210.55904431461,31.005779319849395,46.50866897977409,25210.55904431461,-31.005779319849395,-1.0,rb,1,1,RB2-001626,25263.25,25275.25,NQH6
EP-05055,EP-05055-ENTRY_ON_TAP,ENTRY_ON_TAP,1,2025-12-17 09:50:00-05:00,2025-12-17 09:57:00-05:00,TARGET,25298.75,25245.078659522736,25.046625556055496,37.56993833408325,25336.319938334083,17.53263788923826,0.6999999999999765,rb,5,5,RB2-049570,25296.75,25316.5,NQH6
EP-05060,EP-05060-ENTRY_ON_DELAYED_DISPLACEMENT,ENTRY_ON_DELAYED_DISPLACEMENT,1,2025-12-17 09:57:00-05:00,2025-12-17 10:29:00-05:00,STOP,25315.25,25259.648383325562,25.94742111473761,38.92113167210642,25315.25,-0.0,-0.0,rb,1,1,RB2-002220,25283.0,25294.75,NQH6
EP-06257,EP-06257-ENTRY_ON_TAP,ENTRY_ON_TAP,-1,2025-12-18 09:33:00-05:00,2025-12-18 09:33:00-05:00,TARGET,25304.75,25335.779468669523,14.480418712443862,21.720628068665793,25283.029371931334,10.13629309871045,0.6999999999999824,rb,1,1,RB2-002817,25313.75,25329.5,NQH6
EP-07529,EP-07529-ENTRY_ON_TAP,ENTRY_ON_TAP,1,2025-12-19 09:37:00-05:00,2025-12-19 09:39:00-05:00,TARGET,25427.75,25389.794046739185,17.71277818838026,26.56916728257039,25454.31916728257,12.39894473186627,0.7000000000000051,rb,3,1,RB2-037742,25423.75,25444.5,NQH6
EP-07574,EP-07574-ENTRY_ON_TAP,ENTRY_ON_TAP,-1,2025-12-19 10:26:00-05:00,2025-12-19 10:27:00-05:00,TARGET,25498.25,25540.014574106015,19.490134582806327,29.23520187420949,25469.01479812579,13.643094207963937,0.6999999999999748,rb,1,1,RB2-003434,25513.25,25522.0,NQH6
EP-08679,EP-08679-ENTRY_ON_FIRST_CLOSE_OUTSIDE,ENTRY_ON_FIRST_CLOSE_OUTSIDE,1,2025-12-22 09:47:00-05:00,2025-12-22 09:51:00-05:00,TARGET,25709.25,25674.262483208928,16.327507835833632,24.49126175375045,25733.741261753752,11.429255485083479,0.6999999999999961,rb,5,1,RB2-049920,25678.25,25699.75,NQH6
EP-09879,EP-09879-ENTRY_ON_TAP,ENTRY_ON_TAP,-1,2025-12-23 09:33:00-05:00,2025-12-23 09:36:00-05:00,STOP,25701.0,25727.821282755136,12.516598619063362,18.774897928595045,25727.821282755136,-12.516598619063362,-1.0,rb,3,3,RB2-038091,25721.25,25724.0,NQH6
EP-11039,EP-11039-ENTRY_ON_TAP,ENTRY_ON_TAP,-1,2025-12-24 09:37:00-05:00,2025-12-24 09:37:00-05:00,TARGET,25808.0,25825.573687911176,8.201054358548646,12.301581537822969,25795.698418462176,5.7407380509841035,0.7000000000000063,rb,3,1,RB2-038313,25810.5,25822.25,NQH6
EP-11977,EP-11977-ENTRY_ON_FIRST_CLOSE_OUTSIDE,ENTRY_ON_FIRST_CLOSE_OUTSIDE,1,2025-12-26 09:32:00-05:00,2025-12-26 09:32:00-05:00,TARGET,25882.25,25867.237873158898,7.005659192514708,10.508488788772063,25892.75848878877,4.903961434760557,0.7000000000000374,rb,5,1,RB2-050246,25864.75,25866.0,NQH6
EP-11977,EP-11977-ENTRY_ON_MINIMAL_WICK_REJECTION,ENTRY_ON_MINIMAL_WICK_REJECTION,1,2025-12-26 09:32:00-05:00,2025-12-26 09:32:00-05:00,TARGET,25882.25,25867.237873158898,7.005659192514708,10.508488788772063,25892.75848878877,4.903961434760557,0.7000000000000374,rb,5,1,RB2-050246,25864.75,25866.0,NQH6
EP-11977,EP-11977-ENTRY_ON_STRONG_REJECTION,ENTRY_ON_STRONG_REJECTION,1,2025-12-26 09:32:00-05:00,2025-12-26 09:32:00-05:00,TARGET,25882.25,25867.237873158898,7.005659192514708,10.508488788772063,25892.75848878877,4.903961434760557,0.7000000000000374,rb,5,1,RB2-050246,25864.75,25866.0,NQH6
EP-11977,EP-11977-ENTRY_ON_IMMEDIATE_DISPLACEMENT,ENTRY_ON_IMMEDIATE_DISPLACEMENT,1,2025-12-26 09:32:00-05:00,2025-12-26 09:32:00-05:00,TARGET,25882.25,25867.237873158898,7.005659192514708,10.508488788772063,25892.75848878877,4.903961434760557,0.7000000000000374,rb,5,1,RB2-050246,25864.75,25866.0,NQH6
EP-11978,EP-11978-ENTRY_ON_FIRST_CLOSE_OUTSIDE,ENTRY_ON_FIRST_CLOSE_OUTSIDE,1,2025-12-26 09:32:00-05:00,2025-12-26 09:32:00-05:00,TARGET,25882.25,25867.237873158898,7.005659192514708,10.508488788772063,25892.75848878877,4.903961434760557,0.7000000000000374,rb,3,1,RB2-038448,25875.25,25877.25,NQH6
EP-11978,EP-11978-ENTRY_ON_MINIMAL_WICK_REJECTION,ENTRY_ON_MINIMAL_WICK_REJECTION,1,2025-12-26 09:32:00-05:00,2025-12-26 09:32:00-05:00,TARGET,25882.25,25867.237873158898,7.005659192514708,10.508488788772063,25892.75848878877,4.903961434760557,0.7000000000000374,rb,3,1,RB2-038448,25875.25,25877.25,NQH6
EP-11978,EP-11978-ENTRY_ON_STRONG_REJECTION,ENTRY_ON_STRONG_REJECTION,1,2025-12-26 09:32:00-05:00,2025-12-26 09:32:00-05:00,TARGET,25882.25,25867.237873158898,7.005659192514708,10.508488788772063,25892.75848878877,4.903961434760557,0.7000000000000374,rb,3,1,RB2-038448,25875.25,25877.25,NQH6
EP-11978,EP-11978-ENTRY_ON_IMMEDIATE_DISPLACEMENT,ENTRY_ON_IMMEDIATE_DISPLACEMENT,1,2025-12-26 09:32:00-05:00,2025-12-26 09:32:00-05:00,TARGET,25882.25,25867.237873158898,7.005659192514708,10.508488788772063,25892.75848878877,4.903961434760557,0.7000000000000374,rb,3,1,RB2-038448,25875.25,25877.25,NQH6
EP-11990,EP-11990-ENTRY_ON_FIRST_CLOSE_OUTSIDE,ENTRY_ON_FIRST_CLOSE_OUTSIDE,-1,2025-12-26 09:50:00-05:00,2025-12-26 09:50:00-05:00,TARGET,25915.0,25939.37094087102,11.373105739809537,17.059658609714305,25897.940341390287,7.961174017866773,0.7000000000000085,rb,5,5,RB2-050274,25917.25,25928.0,NQH6
EP-11990,EP-11990-ENTRY_ON_MINIMAL_WICK_REJECTION,ENTRY_ON_MINIMAL_WICK_REJECTION,-1,2025-12-26 09:50:00-05:00,2025-12-26 09:50:00-05:00,TARGET,25915.0,25939.37094087102,11.373105739809537,17.059658609714305,25897.940341390287,7.961174017866773,0.7000000000000085,rb,5,5,RB2-050274,25917.25,25928.0,NQH6
EP-11990,EP-11990-ENTRY_ON_IMMEDIATE_DISPLACEMENT,ENTRY_ON_IMMEDIATE_DISPLACEMENT,-1,2025-12-26 09:50:00-05:00,2025-12-26 09:50:00-05:00,TARGET,25915.0,25939.37094087102,11.373105739809537,17.059658609714305,25897.940341390287,7.961174017866773,0.7000000000000085,rb,5,5,RB2-050274,25917.25,25928.0,NQH6
EP-12056,EP-12056-ENTRY_ON_DELAYED_DISPLACEMENT,ENTRY_ON_DELAYED_DISPLACEMENT,1,2025-12-26 10:59:00-05:00,2025-12-26 11:11:00-05:00,STOP,25904.5,25885.14402353408,9.032789017428115,13.549183526142173,25885.14402353408,-9.032789017428115,-1.0,rb,1,1,RB2-005556,25882.25,25885.75,NQH6
EP-13230,EP-13230-ENTRY_ON_FIRST_CLOSE_OUTSIDE,ENTRY_ON_FIRST_CLOSE_OUTSIDE,-1,2025-12-29 09:42:00-05:00,2025-12-29 09:45:00-05:00,TARGET,25794.25,25829.68028820706,16.534134496627026,24.80120174494054,25769.44879825506,11.573894147638638,0.6999999999999831,rb,3,3,RB2-038608,25816.25,25822.75,NQH6
EP-13295,EP-13295-ENTRY_ON_FIRST_CLOSE_OUTSIDE,ENTRY_ON_FIRST_CLOSE_OUTSIDE,1,2025-12-29 10:36:00-05:00,2025-12-29 10:38:00-05:00,STOP,25771.0,25739.642481745348,14.633508518838177,21.950262778257265,25739.642481745348,-14.633508518838177,-1.0,rb,3,3,RB2-038692,25733.75,25743.75,NQH6
EP-14543,EP-14543-ENTRY_ON_TAP,ENTRY_ON_TAP,-1,2025-12-30 09:35:00-05:00,2025-12-30 09:35:00-05:00,TARGET,25720.5,25740.585077410913,9.373036125092955,14.059554187639433,25706.44044581236,6.561125287565201,0.700000000000014,rb,1,1,RB2-006684,25724.5,25732.5,NQH6
EP-17006,EP-17006-ENTRY_ON_TAP,ENTRY_ON_TAP,-1,2026-01-02 09:56:00-05:00,2026-01-02 10:08:00-05:00,TARGET,25739.5,25786.31575017318,21.847350080817222,32.77102512122583,25706.728974878773,15.293145056571888,0.6999999999999923,rb,1,1,RB2-007838,25745.25,25758.25,NQH6
EP-19437,EP-19437-ENTRY_ON_FIRST_CLOSE_OUTSIDE,ENTRY_ON_FIRST_CLOSE_OUTSIDE,-1,2026-01-06 09:36:00-05:00,2026-01-06 09:36:00-05:00,STOP,25651.0,25676.735623086322,12.009957440283099,18.014936160424647,25676.735623086322,-12.009957440283099,-1.0,rb,3,3,RB2-039615,25656.25,25657.75,NQH6
EP-19437,EP-19437-ENTRY_ON_MINIMAL_WICK_REJECTION,ENTRY_ON_MINIMAL_WICK_REJECTION,-1,2026-01-06 09:36:00-05:00,2026-01-06 09:36:00-05:00,STOP,25651.0,25676.735623086322,12.009957440283099,18.014936160424647,25676.735623086322,-12.009957440283099,-1.0,rb,3,3,RB2-039615,25656.25,25657.75,NQH6
EP-19520,EP-19520-ENTRY_ON_TAP,ENTRY_ON_TAP,1,2026-01-06 10:54:00-05:00,2026-01-06 11:04:00-05:00,STOP,25695.75,25665.317763998104,14.201710134217633,21.30256520132645,25665.317763998104,-14.201710134217633,-1.0,rb,3,3,RB2-039685,25685.25,25710.25,NQH6
EP-19556,EP-19556-ENTRY_ON_NEW_IFVG,ENTRY_ON_NEW_IFVG,1,2026-01-06 11:23:00-05:00,2026-01-06 11:43:00-05:00,STOP,25691.5,25663.12721199339,13.240634403084835,19.860951604627253,25663.12721199339,-13.240634403084835,-1.0,rb,1,1,RB2-009059,25658.75,25664.0,NQH6
EP-19585,EP-19585-ENTRY_ON_FIRST_CLOSE_OUTSIDE,ENTRY_ON_FIRST_CLOSE_OUTSIDE,1,2026-01-06 11:54:00-05:00,2026-01-06 11:55:00-05:00,STOP,25697.25,25672.89075857743,11.367645997200686,17.05146899580103,25672.89075857743,-11.367645997200686,-1.0,rb,1,1,RB2-009077,25689.0,25693.25,NQH6
EP-20645,EP-20645-ENTRY_ON_STRONG_REJECTION,ENTRY_ON_STRONG_REJECTION,1,2026-01-07 09:30:00-05:00,2026-01-07 09:30:00-05:00,STOP,25790.75,25776.914256667045,6.456680222046278,9.685020333069417,25776.914256667045,-6.456680222046278,-1.0,rb,3,3,RB2-039868,25766.0,25771.0,NQH6
EP-20663,EP-20663-ENTRY_ON_DELAYED_DISPLACEMENT,ENTRY_ON_DELAYED_DISPLACEMENT,1,2026-01-07 09:30:00-05:00,2026-01-07 09:30:00-05:00,STOP,25790.75,25776.914256667045,6.456680222046278,9.685020333069417,25776.914256667045,-6.456680222046278,-1.0,rb,5,1,RB2-051144,25763.25,25772.75,NQH6
EP-20664,EP-20664-ENTRY_ON_TAP,ENTRY_ON_TAP,1,2026-01-07 09:30:00-05:00,2026-01-07 09:30:00-05:00,STOP,25790.75,25776.914256667045,6.456680222046278,9.685020333069417,25776.914256667045,-6.456680222046278,-1.0,rb,5,5,RB2-051144,25763.25,25772.75,NQH6
EP-20665,EP-20665-ENTRY_ON_FIRST_CLOSE_OUTSIDE,ENTRY_ON_FIRST_CLOSE_OUTSIDE,1,2026-01-07 09:30:00-05:00,2026-01-07 09:30:00-05:00,STOP,25790.75,25776.914256667045,6.456680222046278,9.685020333069417,25776.914256667045,-6.456680222046278,-1.0,rb,1,1,RB2-009592,25779.75,25783.75,NQH6
EP-20665,EP-20665-ENTRY_ON_MINIMAL_WICK_REJECTION,ENTRY_ON_MINIMAL_WICK_REJECTION,1,2026-01-07 09:30:00-05:00,2026-01-07 09:30:00-05:00,STOP,25790.75,25776.914256667045,6.456680222046278,9.685020333069417,25776.914256667045,-6.456680222046278,-1.0,rb,1,1,RB2-009592,25779.75,25783.75,NQH6
EP-20665,EP-20665-ENTRY_ON_STRONG_REJECTION,ENTRY_ON_STRONG_REJECTION,1,2026-01-07 09:30:00-05:00,2026-01-07 09:30:00-05:00,STOP,25790.75,25776.914256667045,6.456680222046278,9.685020333069417,25776.914256667045,-6.456680222046278,-1.0,rb,1,1,RB2-009592,25779.75,25783.75,NQH6
EP-20665,EP-20665-ENTRY_ON_DELAYED_DISPLACEMENT,ENTRY_ON_DELAYED_DISPLACEMENT,1,2026-01-07 09:30:00-05:00,2026-01-07 09:30:00-05:00,STOP,25790.75,25776.914256667045,6.456680222046278,9.685020333069417,25776.914256667045,-6.456680222046278,-1.0,rb,1,1,RB2-009592,25779.75,25783.75,NQH6
EP-20736,EP-20736-ENTRY_ON_TAP,ENTRY_ON_TAP,1,2026-01-07 10:39:00-05:00,2026-01-07 10:40:00-05:00,TARGET,25832.5,25797.400920388558,16.37957048533979,24.569355728009686,25857.06935572801,11.46569933973799,0.7000000000000083,rb,1,1,RB2-009616,25827.75,25837.0,NQH6
EP-21891,EP-21891-ENTRY_ON_TAP,ENTRY_ON_TAP,-1,2026-01-08 09:49:00-05:00,2026-01-08 09:51:00-05:00,TARGET,25651.75,25696.6328919732,20.945349587493062,31.418024381239594,25620.33197561876,14.661744711244806,0.6999999999999839,rb,1,1,RB2-010208,25671.75,25676.25,NQH6
EP-21918,EP-21918-ENTRY_ON_TAP,ENTRY_ON_TAP,-1,2026-01-08 10:08:00-05:00,2026-01-08 10:28:00-05:00,STOP,25653.0,25704.995753754094,24.264685085243624,36.397027627865434,25704.995753754094,-24.264685085243624,-1.0,rb,1,1,RB2-010213,25652.25,25658.5,NQH6
EP-23227,EP-23227-ENTRY_ON_NEW_FVG,ENTRY_ON_NEW_FVG,1,2026-01-09 10:12:00-05:00,2026-01-09 10:12:00-05:00,TARGET,25675.5,25611.149043358044,30.030446432913205,45.045669649369806,25720.54566964937,21.02131250303948,0.7000000000000078,rb,3,1,RB2-040292,25615.5,25639.0,NQH6
EP-23228,EP-23228-ENTRY_ON_TAP,ENTRY_ON_TAP,1,2026-01-09 10:12:00-05:00,2026-01-09 10:12:00-05:00,TARGET,25675.5,25611.149043358044,30.030446432913205,45.045669649369806,25720.54566964937,21.02131250303948,0.7000000000000078,rb,3,3,RB2-040292,25615.5,25639.0,NQH6
EP-23229,EP-23229-ENTRY_ON_FIRST_CLOSE_OUTSIDE,ENTRY_ON_FIRST_CLOSE_OUTSIDE,1,2026-01-09 10:12:00-05:00,2026-01-09 10:12:00-05:00,TARGET,25675.5,25611.149043358044,30.030446432913205,45.045669649369806,25720.54566964937,21.02131250303948,0.7000000000000078,rb,5,1,RB2-051397,25615.5,25642.25,NQH6
EP-23229,EP-23229-ENTRY_ON_NEW_FVG,ENTRY_ON_NEW_FVG,1,2026-01-09 10:12:00-05:00,2026-01-09 10:12:00-05:00,TARGET,25675.5,25611.149043358044,30.030446432913205,45.045669649369806,25720.54566964937,21.02131250303948,0.7000000000000078,rb,5,1,RB2-051397,25615.5,25642.25,NQH6
EP-24402,EP-24402-ENTRY_ON_TAP,ENTRY_ON_TAP,1,2026-01-12 09:41:00-05:00,2026-01-12 09:43:00-05:00,TARGET,25862.5,25828.211322246058,16.001382951840057,24.002074427760085,25886.50207442776,11.200968066288208,0.7000000000000105,rb,5,1,RB2-051517,25846.0,25855.75,NQH6
EP-25664,EP-25664-ENTRY_ON_TAP,ENTRY_ON_TAP,-1,2026-01-13 09:34:00-05:00,2026-01-13 09:35:00-05:00,STOP,25960.25,25989.23325913651,13.525520930370392,20.28828139555559,25989.23325913651,-13.525520930370392,-1.0,rb,3,1,RB2-040679,25950.5,25977.75,NQH6
EP-25675,EP-25675-ENTRY_ON_TAP,ENTRY_ON_TAP,-1,2026-01-13 09:46:00-05:00,2026-01-13 09:51:00-05:00,TARGET,25976.75,26020.437531376658,20.387514642440966,30.58127196366145,25946.16872803634,14.271260249709167,0.700000000000024,rb,1,1,RB2-011983,25991.25,26008.5,NQH6
EP-25675,EP-25675-ENTRY_ON_STRONG_REJECTION,ENTRY_ON_STRONG_REJECTION,-1,2026-01-13 09:51:00-05:00,2026-01-13 10:02:00-05:00,TARGET,25965.5,26011.22018171745,21.336084801476552,32.00412720221483,25933.495872797786,14.935259361033498,0.6999999999999958,rb,1,1,RB2-011983,25991.25,26008.5,NQH6
EP-28132,EP-28132-ENTRY_ON_TAP,ENTRY_ON_TAP,-1,2026-01-15 09:40:00-05:00,2026-01-15 09:41:00-05:00,TARGET,25885.5,25921.195939252953,16.65810498471193,24.987157477067896,25860.51284252293,11.660673489298594,0.7000000000000146,rb,3,1,RB2-041093,25881.0,25895.75,NQH6
EP-29276,EP-29276-ENTRY_ON_TAP,ENTRY_ON_TAP,-1,2026-01-16 09:34:00-05:00,2026-01-16 09:41:00-05:00,TARGET,25866.0,25894.001553827813,13.067391786313589,19.601087679470382,25846.39891232053,9.147174250420099,0.7000000000000448,rb,1,1,RB2-013778,25865.25,25876.5,NQH6
EP-31634,EP-31634-ENTRY_ON_TAP,ENTRY_ON_TAP,1,2026-01-20 09:47:00-05:00,2026-01-20 09:50:00-05:00,TARGET,25294.25,25232.541978815618,28.79707655271162,43.19561482906743,25337.445614829066,20.15795358689807,0.6999999999999978,rb,1,1,RB2-014820,25278.75,25284.25,NQH6
EP-35367,EP-35367-ENTRY_ON_TAP,ENTRY_ON_TAP,-1,2026-01-23 09:37:00-05:00,2026-01-23 09:37:00-05:00,TARGET,25611.0,25645.942149654154,16.306336505272522,24.459504757908782,25586.54049524209,11.414435553691064,0.7000000000000183,rb,3,1,RB2-042236,25599.75,25614.0,NQH6
EP-35373,EP-35373-ENTRY_ON_TAP,ENTRY_ON_TAP,-1,2026-01-23 09:41:00-05:00,2026-01-23 09:56:00-05:00,STOP,25602.0,25642.3425897764,18.826541895652397,28.239812843478596,25642.3425897764,-18.826541895652397,-1.0,rb,5,1,RB2-052589,25592.5,25623.5,NQH6
EP-36672,EP-36672-ENTRY_ON_TAP,ENTRY_ON_TAP,1,2026-01-26 09:43:00-05:00,2026-01-26 09:44:00-05:00,TARGET,25794.75,25759.36734360245,16.511906318855658,24.767859478283487,25819.517859478285,11.558334423198582,0.6999999999999771,rb,3,1,RB2-042447,25768.5,25786.25,NQH6
EP-39119,EP-39119-ENTRY_ON_TAP,ENTRY_ON_TAP,1,2026-01-28 09:35:00-05:00,2026-01-28 09:36:00-05:00,STOP,26248.5,26222.825724975977,11.981328344543162,17.971992516814744,26222.825724975977,-11.981328344543162,-1.0,rb,5,5,RB2-052951,26243.5,26253.0,NQH6
EP-39141,EP-39141-ENTRY_ON_TAP,ENTRY_ON_TAP,1,2026-01-28 09:50:00-05:00,2026-01-28 09:51:00-05:00,TARGET,26250.75,26215.544616106494,16.42917915030372,24.64376872545558,26275.393768725455,11.500425405213175,0.7000000000000347,rb,1,1,RB2-018335,26230.5,26236.75,NQH6
EP-40409,EP-40409-ENTRY_ON_DELAYED_DISPLACEMENT,ENTRY_ON_DELAYED_DISPLACEMENT,-1,2026-01-29 09:30:00-05:00,2026-01-29 09:30:00-05:00,STOP,26133.5,26153.225033971947,9.20501585357488,13.80752378036232,26153.225033971947,-9.20501585357488,-1.0,rb,5,5,RB2-053080,26194.75,26196.25,NQH6
EP-40426,EP-40426-ENTRY_ON_FIRST_CLOSE_OUTSIDE,ENTRY_ON_FIRST_CLOSE_OUTSIDE,-1,2026-01-29 09:30:00-05:00,2026-01-29 09:30:00-05:00,STOP,26133.5,26153.225033971947,9.20501585357488,13.80752378036232,26153.225033971947,-9.20501585357488,-1.0,rb,5,5,RB2-053081,26162.25,26174.5,NQH6
EP-40426,EP-40426-ENTRY_ON_DELAYED_DISPLACEMENT,ENTRY_ON_DELAYED_DISPLACEMENT,-1,2026-01-29 09:30:00-05:00,2026-01-29 09:30:00-05:00,STOP,26133.5,26153.225033971947,9.20501585357488,13.80752378036232,26153.225033971947,-9.20501585357488,-1.0,rb,5,5,RB2-053081,26162.25,26174.5,NQH6
EP-40434,EP-40434-ENTRY_ON_FIRST_CLOSE_OUTSIDE,ENTRY_ON_FIRST_CLOSE_OUTSIDE,-1,2026-01-29 09:30:00-05:00,2026-01-29 09:30:00-05:00,STOP,26133.5,26153.225033971947,9.20501585357488,13.80752378036232,26153.225033971947,-9.20501585357488,-1.0,rb,5,5,RB2-053083,26152.0,26161.0,NQH6
EP-40434,EP-40434-ENTRY_ON_MINIMAL_WICK_REJECTION,ENTRY_ON_MINIMAL_WICK_REJECTION,-1,2026-01-29 09:30:00-05:00,2026-01-29 09:30:00-05:00,STOP,26133.5,26153.225033971947,9.20501585357488,13.80752378036232,26153.225033971947,-9.20501585357488,-1.0,rb,5,5,RB2-053083,26152.0,26161.0,NQH6
EP-40434,EP-40434-ENTRY_ON_IMMEDIATE_DISPLACEMENT,ENTRY_ON_IMMEDIATE_DISPLACEMENT,-1,2026-01-29 09:30:00-05:00,2026-01-29 09:30:00-05:00,STOP,26133.5,26153.225033971947,9.20501585357488,13.80752378036232,26153.225033971947,-9.20501585357488,-1.0,rb,5,5,RB2-053083,26152.0,26161.0,NQH6
EP-40436,EP-40436-ENTRY_ON_DELAYED_DISPLACEMENT,ENTRY_ON_DELAYED_DISPLACEMENT,-1,2026-01-29 09:30:00-05:00,2026-01-29 09:30:00-05:00,STOP,26133.5,26153.225033971947,9.20501585357488,13.80752378036232,26153.225033971947,-9.20501585357488,-1.0,rb,3,3,RB2-043062,26155.0,26161.0,NQH6
EP-40437,EP-40437-ENTRY_ON_TAP,ENTRY_ON_TAP,-1,2026-01-29 09:30:00-05:00,2026-01-29 09:30:00-05:00,STOP,26133.5,26153.225033971947,9.20501585357488,13.80752378036232,26153.225033971947,-9.20501585357488,-1.0,rb,1,1,RB2-018925,26146.75,26152.5,NQH6
EP-40448,EP-40448-ENTRY_ON_TAP,ENTRY_ON_TAP,-1,2026-01-29 09:49:00-05:00,2026-01-29 09:50:00-05:00,TARGET,26005.0,26059.27316928042,25.32747899752882,37.99121849629323,25967.008781503708,17.72923529827011,0.6999999999999974,rb,1,1,RB2-018934,25988.25,26011.75,NQH6
EP-41731,EP-41731-ENTRY_ON_FIRST_CLOSE_OUTSIDE,ENTRY_ON_FIRST_CLOSE_OUTSIDE,-1,2026-01-30 09:37:00-05:00,2026-01-30 09:37:00-05:00,TARGET,25883.25,25934.377957366338,23.859713437623572,35.78957015643536,25847.460429843566,16.701799406335986,0.6999999999999785,rb,5,1,RB2-053220,25890.0,25918.25,NQH6
EP-41731,EP-41731-ENTRY_ON_MINIMAL_WICK_REJECTION,ENTRY_ON_MINIMAL_WICK_REJECTION,-1,2026-01-30 09:37:00-05:00,2026-01-30 09:37:00-05:00,TARGET,25883.25,25934.377957366338,23.859713437623572,35.78957015643536,25847.460429843566,16.701799406335986,0.6999999999999785,rb,5,1,RB2-053220,25890.0,25918.25,NQH6
EP-41747,EP-41747-ENTRY_ON_FIRST_CLOSE_OUTSIDE,ENTRY_ON_FIRST_CLOSE_OUTSIDE,-1,2026-01-30 09:53:00-05:00,2026-01-30 09:58:00-05:00,TARGET,25888.25,25949.04055271906,28.368924602227512,42.55338690334127,25845.696613096658,19.858247221559036,0.6999999999999922,rb,5,1,RB2-053222,25918.75,25940.0,NQH6
EP-42975,EP-42975-ENTRY_ON_TAP,ENTRY_ON_TAP,-1,2026-02-02 09:34:00-05:00,2026-02-02 09:35:00-05:00,STOP,25621.0,25656.239997183184,16.445332018818522,24.667998028227785,25656.239997183184,-16.445332018818522,-1.0,rb,3,1,RB2-043463,25635.75,25668.75,NQH6
EP-44220,EP-44220-ENTRY_ON_TAP,ENTRY_ON_TAP,1,2026-02-03 09:37:00-05:00,2026-02-03 09:37:00-05:00,STOP,25867.25,25834.57641463616,15.247673169791241,22.871509754686862,25834.57641463616,-15.247673169791241,-1.0,rb,3,1,RB2-043665,25838.75,25868.75,NQH6
EP-44230,EP-44230-ENTRY_ON_FIRST_CLOSE_OUTSIDE,ENTRY_ON_FIRST_CLOSE_OUTSIDE,1,2026-02-03 09:54:00-05:00,2026-02-03 09:54:00-05:00,STOP,25770.5,25719.751471198382,23.682646774089076,35.52397016113361,25719.751471198382,-23.682646774089076,-1.0,rb,3,3,RB2-043668,25723.0,25752.75,NQH6
EP-44230,EP-44230-ENTRY_ON_MINIMAL_WICK_REJECTION,ENTRY_ON_MINIMAL_WICK_REJECTION,1,2026-02-03 09:54:00-05:00,2026-02-03 09:54:00-05:00,STOP,25770.5,25719.751471198382,23.682646774089076,35.52397016113361,25719.751471198382,-23.682646774089076,-1.0,rb,3,3,RB2-043668,25723.0,25752.75,NQH6
EP-44234,EP-44234-ENTRY_ON_TAP,ENTRY_ON_TAP,1,2026-02-03 09:54:00-05:00,2026-02-03 09:54:00-05:00,STOP,25770.5,25719.751471198382,23.682646774089076,35.52397016113361,25719.751471198382,-23.682646774089076,-1.0,rb,1,1,RB2-020682,25747.75,25756.25,NQH6
EP-45501,EP-45501-ENTRY_ON_FIRST_CLOSE_OUTSIDE,ENTRY_ON_FIRST_CLOSE_OUTSIDE,1,2026-02-04 09:35:00-05:00,2026-02-04 09:35:00-05:00,TARGET,25286.25,25242.91874219869,20.22125364061146,30.33188046091719,25316.58188046092,14.15487754842807,0.7000000000000023,rb,3,1,RB2-043868,25230.0,25267.5,NQH6
EP-45501,EP-45501-ENTRY_ON_MINIMAL_WICK_REJECTION,ENTRY_ON_MINIMAL_WICK_REJECTION,1,2026-02-04 09:35:00-05:00,2026-02-04 09:35:00-05:00,TARGET,25286.25,25242.91874219869,20.22125364061146,30.33188046091719,25316.58188046092,14.15487754842807,0.7000000000000023,rb,3,1,RB2-043868,25230.0,25267.5,NQH6
EP-45501,EP-45501-ENTRY_ON_IMMEDIATE_DISPLACEMENT,ENTRY_ON_IMMEDIATE_DISPLACEMENT,1,2026-02-04 09:35:00-05:00,2026-02-04 09:35:00-05:00,TARGET,25286.25,25242.91874219869,20.22125364061146,30.33188046091719,25316.58188046092,14.15487754842807,0.7000000000000023,rb,3,1,RB2-043868,25230.0,25267.5,NQH6
EP-45516,EP-45516-ENTRY_ON_TAP,ENTRY_ON_TAP,1,2026-02-04 09:51:00-05:00,2026-02-04 09:58:00-05:00,STOP,25294.0,25218.091184587392,35.42411385921602,53.13617078882403,25218.091184587392,-35.42411385921602,-1.0,rb,5,1,RB2-053614,25292.0,25333.75,NQH6
EP-46781,EP-46781-ENTRY_ON_TAP,ENTRY_ON_TAP,1,2026-02-05 09:52:00-05:00,2026-02-05 09:57:00-05:00,STOP,24884.5,24790.00408457803,44.09809386358527,66.14714079537791,24790.00408457803,-44.09809386358527,-1.0,rb,3,1,RB2-044069,24872.75,24904.75,NQH6
EP-48162,EP-48162-ENTRY_ON_TAP,ENTRY_ON_TAP,-1,2026-02-06 10:12:00-05:00,2026-02-06 10:12:00-05:00,TARGET,24847.0,24923.048589319722,35.48934168253686,53.23401252380529,24793.765987476196,24.84253917777577,0.6999999999999991,rb,3,3,RB2-044288,24816.25,24850.0,NQH6
EP-49401,EP-49401-ENTRY_ON_TAP,ENTRY_ON_TAP,-1,2026-02-09 10:00:00-05:00,2026-02-09 10:05:00-05:00,STOP,25112.25,25176.065687857015,29.78065433327425,44.67098149991138,25176.065687857015,-29.78065433327425,-1.0,rb,1,1,RB2-023209,25116.5,25145.0,NQH6
EP-51966,EP-51966-ENTRY_ON_TAP,ENTRY_ON_TAP,-1,2026-02-11 09:42:00-05:00,2026-02-11 09:46:00-05:00,STOP,25379.0,25430.220442241927,23.90287304623341,35.854309569350114,25430.220442241927,-23.90287304623341,-1.0,rb,3,3,RB2-044899,25389.0,25416.5,NQH6
EP-51973,EP-51973-ENTRY_ON_FIRST_CLOSE_OUTSIDE,ENTRY_ON_FIRST_CLOSE_OUTSIDE,-1,2026-02-11 09:53:00-05:00,2026-02-11 09:57:00-05:00,TARGET,25377.25,25439.919676141468,29.24584886601909,43.86877329902864,25333.38122670097,20.472094206213917,0.7000000000000189,rb,3,1,RB2-044901,25385.0,25415.0,NQH6
EP-53269,EP-53269-ENTRY_ON_TAP,ENTRY_ON_TAP,1,2026-02-12 10:25:00-05:00,2026-02-12 10:36:00-05:00,STOP,25226.0,25165.436786233768,28.262833090908813,42.39424963636322,25165.436786233768,-28.262833090908813,-1.0,rb,5,5,RB2-054385,25178.5,25194.0,NQH6
EP-55699,EP-55699-ENTRY_ON_FIRST_CLOSE_OUTSIDE,ENTRY_ON_FIRST_CLOSE_OUTSIDE,-1,2026-02-16 09:34:00-05:00,2026-02-16 09:36:00-05:00,TARGET,24762.5,24786.635676498237,11.263315699177998,16.894973548767,24745.605026451234,7.884320989424966,0.7000000000000326,rb,1,1,RB2-026168,24764.25,24770.25,NQH6
EP-59368,EP-59368-ENTRY_ON_TAP,ENTRY_ON_TAP,1,2026-02-19 09:38:00-05:00,2026-02-19 09:44:00-05:00,TARGET,24811.0,24771.43413022131,18.46407256338815,27.696108845082225,24838.69610884508,12.92485079437155,0.6999999999999915,rb,1,1,RB2-027905,24763.0,24795.0,NQH6
EP-61787,EP-61787-ENTRY_ON_FIRST_CLOSE_OUTSIDE,ENTRY_ON_FIRST_CLOSE_OUTSIDE,-1,2026-02-23 09:34:00-05:00,2026-02-23 09:35:00-05:00,TARGET,25011.75,25046.411169350456,16.17521236354702,24.262818545320528,24987.48718145468,11.322648654483377,0.7000000000000287,rb,1,1,RB2-029067,25013.25,25036.5,NQH6
EP-63055,EP-63055-ENTRY_ON_TAP,ENTRY_ON_TAP,1,2026-02-24 09:36:00-05:00,2026-02-24 09:36:00-05:00,STOP,24734.25,24699.0714698761,16.416647391152473,24.62497108672871,24699.0714698761,-16.416647391152473,-1.0,rb,5,1,RB2-055368,24708.75,24739.0,NQH6
EP-64341,EP-64341-ENTRY_ON_FIRST_CLOSE_OUTSIDE,ENTRY_ON_FIRST_CLOSE_OUTSIDE,-1,2026-02-25 10:20:00-05:00,2026-02-25 10:28:00-05:00,STOP,25297.0,25333.017976828258,16.808389186519552,25.21258377977933,25333.017976828258,-16.808389186519552,-1.0,rb,1,1,RB2-030259,25305.0,25309.25,NQH6
EP-64349,EP-64349-ENTRY_ON_FIRST_CLOSE_OUTSIDE,ENTRY_ON_FIRST_CLOSE_OUTSIDE,-1,2026-02-25 10:35:00-05:00,2026-02-25 10:55:00-05:00,TARGET,25297.0,25333.17938483913,16.883712924927497,25.325569387391248,25271.67443061261,11.818599047448819,0.6999999999999745,rb,5,5,RB2-055507,25318.0,25325.25,NQH6
EP-65467,EP-65467-ENTRY_ON_TAP,ENTRY_ON_TAP,1,2026-02-26 09:30:00-05:00,2026-02-26 09:30:00-05:00,STOP,25342.0,25322.95544104813,8.887460844207274,13.33119126631091,25322.95544104813,-8.887460844207274,-1.0,rb,3,3,RB2-047064,25339.5,25341.5,NQH6
EP-65468,EP-65468-ENTRY_ON_TAP,ENTRY_ON_TAP,1,2026-02-26 09:30:00-05:00,2026-02-26 09:30:00-05:00,STOP,25342.0,25322.95544104813,8.887460844207274,13.33119126631091,25322.95544104813,-8.887460844207274,-1.0,rb,3,1,RB2-047064,25339.5,25341.5,NQH6
EP-65480,EP-65480-ENTRY_ON_TAP,ENTRY_ON_TAP,-1,2026-02-26 09:39:00-05:00,2026-02-26 09:43:00-05:00,TARGET,25260.5,25299.320412250177,18.11619238341606,27.174288575124088,25233.325711424877,12.681334668391177,0.6999999999999964,rb,1,1,RB2-030781,25272.25,25291.0,NQH6
EP-65480,EP-65480-ENTRY_ON_STRONG_REJECTION,ENTRY_ON_STRONG_REJECTION,-1,2026-02-26 09:43:00-05:00,2026-02-26 09:43:00-05:00,TARGET,25265.0,25309.816511157922,20.91437187369652,31.37155781054478,25233.628442189456,14.640060311587298,0.6999999999999873,rb,1,1,RB2-030781,25272.25,25291.0,NQH6
EP-65485,EP-65485-ENTRY_ON_TAP,ENTRY_ON_TAP,-1,2026-02-26 09:43:00-05:00,2026-02-26 09:43:00-05:00,TARGET,25265.0,25309.816511157922,20.91437187369652,31.37155781054478,25233.628442189456,14.640060311587298,0.6999999999999873,rb,3,1,RB2-047130,25271.75,25295.75,NQH6
EP-65486,EP-65486-ENTRY_ON_TAP,ENTRY_ON_TAP,-1,2026-02-26 09:45:00-05:00,2026-02-26 09:45:00-05:00,TARGET,25265.25,25312.695880659172,22.141410974280316,33.21211646142047,25232.037883538578,15.498987681996267,0.7000000000000021,rb,3,3,RB2-047130,25271.75,25295.75,NQH6
EP-67971,EP-67971-ENTRY_ON_NEW_FVG,ENTRY_ON_NEW_FVG,1,2026-03-02 09:51:00-05:00,2026-03-02 10:00:00-05:00,STOP,24869.75,24805.210851109434,30.118269482264264,45.177404223396394,24805.210851109434,-30.118269482264264,-1.0,rb,3,3,RB2-047524,24795.5,24810.25,NQH6
EP-67971,EP-67971-ENTRY_ON_MINIMAL_WICK_REJECTION,ENTRY_ON_MINIMAL_WICK_REJECTION,1,2026-03-02 10:03:00-05:00,2026-03-02 10:08:00-05:00,TARGET,24873.5,24802.966849271204,32.91547034010492,49.373205510157376,24922.873205510157,23.04082923807366,0.7000000000000066,rb,3,3,RB2-047524,24795.5,24810.25,NQH6
EP-69154,EP-69154-ENTRY_ON_DELAYED_DISPLACEMENT,ENTRY_ON_DELAYED_DISPLACEMENT,-1,2026-03-03 09:42:00-05:00,2026-03-03 09:49:00-05:00,TARGET,24560.5,24632.49924418993,33.59964728863384,50.39947093295076,24510.10052906705,23.51975310204347,0.6999999999999935,rb,5,1,RB2-055970,24652.0,24662.0,NQH6
EP-74253,EP-74253-ENTRY_ON_FIRST_CLOSE_OUTSIDE,ENTRY_ON_FIRST_CLOSE_OUTSIDE,-1,2026-03-09 10:27:00-04:00,2026-03-09 10:38:00-04:00,STOP,24422.5,24502.53082977735,37.347720562763314,56.02158084414497,24502.53082977735,-37.347720562763314,-1.0,rb,1,1,RB2-034973,24453.0,24467.0,NQH6
EP-75516,EP-75516-ENTRY_ON_TAP,ENTRY_ON_TAP,-1,2026-03-10 09:35:00-04:00,2026-03-10 09:35:00-04:00,TARGET,25024.5,25067.39791068416,20.019024985942448,30.02853747891367,24994.471462521087,14.013317490159963,0.7000000000000125,rb,5,5,RB2-056616,25036.25,25043.0,NQH6
